target_id,training_defense,defense,record_id,membership,true_label,predicted_label,probability_0,probability_1
PETS_CREDIT_low_eff_su2_r1_d6_b03__none,none,none,619b46d6086e6aad3d84,1,0,0,0.8364940881729126,0.16350586712360382
PETS_CREDIT_low_eff_su2_r1_d6_b03__none,none,none,5e48c11768cb070aefe6,1,0,0,0.8338648080825806,0.16613523662090302
PETS_CREDIT_low_eff_su2_r1_d6_b03__none,none,none,7105743f10682ac4a1cc,1,0,0,0.7742246389389038,0.22577537596225739
PETS_CREDIT_low_eff_su2_r1_d6_b03__none,none,none,272c38b1ecd099be7890,1,0,0,0.8106278777122498,0.18937216699123383
PETS_CREDIT_low_eff_su2_r1_d6_b03__none,none,none,6f47824d3363865de61a,1,0,0,0.774716854095459,0.22528310120105743
PETS_CREDIT_low_eff_su2_r1_d6_b03__none,none,none,b0f47ae4b56b3aa4d111,1,1,1,0.2807524800300598,0.719247579574585
PETS_CREDIT_low_eff_su2_r1_d6_b03__none,none,none,f073d35785cf76f1409c,1,0,0,0.8241901993751526,0.1758098006248474
PETS_CREDIT_low_eff_su2_r1_d6_b03__none,none,none,01e7168ae2a624ff9916,1,1,1,0.32107487320899963,0.6789250373840332
PETS_CREDIT_low_eff_su2_r1_d6_b03__none,none,none,1c7eb9e50fc08e5f8cf0,1,1,0,0.9096581339836121,0.09034186601638794
PETS_CREDIT_low_eff_su2_r1_d6_b03__none,none,none,8f95586c1c6fb3f2a750,1,0,0,0.7944889068603516,0.20551103353500366
PETS_CREDIT_low_eff_su2_r1_d6_b03__none,none,none,2c2eb339de59d2b86f66,1,0,0,0.7480289936065674,0.251971036195755
PETS_CREDIT_low_eff_su2_r1_d6_b03__none,none,none,ab00e756b29c98fd6674,1,0,0,0.8552793264389038,0.14472068846225739
PETS_CREDIT_low_eff_su2_r1_d6_b03__none,none,none,70d271c728323ea28d90,1,0,0,0.81424880027771,0.185751274228096
PETS_CREDIT_low_eff_su2_r1_d6_b03__none,none,none,69ef03b5c6f4f7ecef33,1,0,0,0.9090763330459595,0.0909237191081047
PETS_CREDIT_low_eff_su2_r1_d6_b03__none,none,none,eb849709f12c60edd50b,1,0,0,0.9318682551383972,0.06813172996044159
PETS_CREDIT_low_eff_su2_r1_d6_b03__none,none,none,ab97fae957e08270ffce,1,1,0,0.8361197113990784,0.16388027369976044
PETS_CREDIT_low_eff_su2_r1_d6_b03__none,none,none,e07f107ec2deef516f4f,1,0,0,0.9821090698242188,0.0178909320384264
PETS_CREDIT_low_eff_su2_r1_d6_b03__none,none,none,88b1c0733571d25bdfa5,1,0,0,0.9140342473983765,0.08596576005220413
PETS_CREDIT_low_eff_su2_r1_d6_b03__none,none,none,b84ff32b3c14263b0dd5,1,0,0,0.6452490091323853,0.35475102066993713
PETS_CREDIT_low_eff_su2_r1_d6_b03__none,none,none,9fc5fbe55717fe6862a4,1,1,0,0.6109803915023804,0.3890196681022644
PETS_CREDIT_low_eff_su2_r1_d6_b03__none,none,none,9eb158e3cbe5bc901e26,1,0,0,0.874219536781311,0.12578056752681732
PETS_CREDIT_low_eff_su2_r1_d6_b03__none,none,none,09c28941e61886717e09,1,0,0,0.9000951647758484,0.099904865026474
PETS_CREDIT_low_eff_su2_r1_d6_b03__none,none,none,196d92dfff0523a23237,1,0,0,0.8634897470474243,0.1365102082490921
PETS_CREDIT_low_eff_su2_r1_d6_b03__none,none,none,0ffd3e39286157b02ad4,1,0,0,0.7781569957733154,0.22184307873249054
PETS_CREDIT_low_eff_su2_r1_d6_b03__none,none,none,25bed8f88a506c4cc366,1,0,0,0.5686306357383728,0.4313693940639496
PETS_CREDIT_low_eff_su2_r1_d6_b03__none,none,none,a62d80fa1349c54517ce,1,0,0,0.9794185757637024,0.020581478253006935
PETS_CREDIT_low_eff_su2_r1_d6_b03__none,none,none,08a6c27fcb32f81ff375,1,0,0,0.7813031673431396,0.21869678795337677
PETS_CREDIT_low_eff_su2_r1_d6_b03__none,none,none,26f8e0268dd95cba45fd,1,0,0,0.5618119835853577,0.4381880462169647
PETS_CREDIT_low_eff_su2_r1_d6_b03__none,none,none,f332cc500c7a62b19024,1,0,0,0.9823787808418274,0.01762120984494686
PETS_CREDIT_low_eff_su2_r1_d6_b03__none,none,none,bfa7b1aca5d187760a16,1,0,0,0.8969265818595886,0.10307348519563675
PETS_CREDIT_low_eff_su2_r1_d6_b03__none,none,none,d1d396dc69ac0aeade66,1,0,0,0.8629332184791565,0.1370667815208435
PETS_CREDIT_low_eff_su2_r1_d6_b03__none,none,none,092efc45ab978715a8fa,1,0,0,0.8139196634292603,0.18608036637306213
PETS_CREDIT_low_eff_su2_r1_d6_b03__none,none,none,d8e3c3c718aea110b2d9,1,1,1,0.42038896679878235,0.57961106300354
PETS_CREDIT_low_eff_su2_r1_d6_b03__none,none,none,2c3058336909d855b1f0,1,0,0,0.8549032211303711,0.1450968086719513
PETS_CREDIT_low_eff_su2_r1_d6_b03__none,none,none,006df97946d214e0111f,1,1,0,0.74664306640625,0.2533568739891052
PETS_CREDIT_low_eff_su2_r1_d6_b03__none,none,none,4b8fbfef25d81e60d4a6,1,0,0,0.667005181312561,0.3329947888851166
PETS_CREDIT_low_eff_su2_r1_d6_b03__none,none,none,5cb75d859aa2d3df94b0,1,0,0,0.9662174582481384,0.03378254920244217
PETS_CREDIT_low_eff_su2_r1_d6_b03__none,none,none,82d40bd4122f5c76cdfb,1,0,0,0.675605058670044,0.32439494132995605
PETS_CREDIT_low_eff_su2_r1_d6_b03__none,none,none,f05df67fe5ac7ed38643,1,1,1,0.35890039801597595,0.6410996317863464
PETS_CREDIT_low_eff_su2_r1_d6_b03__none,none,none,0772d1e68bccea98e68f,1,0,0,0.9512382745742798,0.0487617664039135
PETS_CREDIT_low_eff_su2_r1_d6_b03__none,none,none,a1b01a469dc7802f51d3,1,0,0,0.8727214336395264,0.12727855145931244
PETS_CREDIT_low_eff_su2_r1_d6_b03__none,none,none,108acbd92e651db6ac49,1,1,1,0.38517525792121887,0.6148247718811035
PETS_CREDIT_low_eff_su2_r1_d6_b03__none,none,none,c75c31af2389cc3a594f,1,0,1,0.4389041066169739,0.5610958933830261
PETS_CREDIT_low_eff_su2_r1_d6_b03__none,none,none,2379dd478643b9cc0bc1,1,0,0,0.8937569856643677,0.10624299943447113
PETS_CREDIT_low_eff_su2_r1_d6_b03__none,none,none,7673e8a0f0b037cc51e5,1,0,0,0.8688467144966125,0.13115334510803223
PETS_CREDIT_low_eff_su2_r1_d6_b03__none,none,none,7c7fe88dcec806be29da,1,0,0,0.5483704209327698,0.4516295790672302
PETS_CREDIT_low_eff_su2_r1_d6_b03__none,none,none,07d4d260e30d7cf5b71f,1,0,0,0.9399194717407227,0.06008056178689003
PETS_CREDIT_low_eff_su2_r1_d6_b03__none,none,none,d75c3e52dbcaf5a5ec2a,1,0,0,0.6749158501625061,0.3250841796398163
PETS_CREDIT_low_eff_su2_r1_d6_b03__none,none,none,d2c3d34fb102babfa194,1,1,0,0.6290982365608215,0.37090176343917847
PETS_CREDIT_low_eff_su2_r1_d6_b03__none,none,none,92516ca36411fad7d9c9,1,0,0,0.9653722047805786,0.03462787717580795
PETS_CREDIT_low_eff_su2_r1_d6_b03__none,none,none,1dd9f8371cdcaa1758b3,1,0,0,0.9171834588050842,0.08281665295362473
PETS_CREDIT_low_eff_su2_r1_d6_b03__none,none,none,8fe0ac3103b5acc00cdc,1,0,0,0.919499397277832,0.08050057291984558
PETS_CREDIT_low_eff_su2_r1_d6_b03__none,none,none,c3a59fc71e20658f6341,1,0,0,0.8428218960762024,0.15717813372612
PETS_CREDIT_low_eff_su2_r1_d6_b03__none,none,none,434123980ae7f6c38b02,1,0,0,0.774026095867157,0.225973978638649
PETS_CREDIT_low_eff_su2_r1_d6_b03__none,none,none,6bf07a3ff23f9e3249c5,1,1,0,0.5903558135032654,0.4096442759037018
PETS_CREDIT_low_eff_su2_r1_d6_b03__none,none,none,e030c0aa4ae0f1011f2f,1,1,1,0.42019549012184143,0.5798045992851257
PETS_CREDIT_low_eff_su2_r1_d6_b03__none,none,none,8120fa8a41158dba642d,1,0,0,0.8625262975692749,0.1374737173318863
PETS_CREDIT_low_eff_su2_r1_d6_b03__none,none,none,66fa33821884d4568b02,1,1,0,0.5335162281990051,0.4664837419986725
PETS_CREDIT_low_eff_su2_r1_d6_b03__none,none,none,ae1704e8283a10912765,1,0,0,0.923941433429718,0.0760585218667984
PETS_CREDIT_low_eff_su2_r1_d6_b03__none,none,none,72bf8a475d5aa5538cd3,1,0,0,0.7684979438781738,0.23150208592414856
PETS_CREDIT_low_eff_su2_r1_d6_b03__none,none,none,c4b2c9357254e51af6a9,1,1,0,0.5916004180908203,0.4083996117115021
PETS_CREDIT_low_eff_su2_r1_d6_b03__none,none,none,4def6ca8e27be84aeb54,1,1,0,0.853897750377655,0.14610224962234497
PETS_CREDIT_low_eff_su2_r1_d6_b03__none,none,none,a5b1091e7ec67f7a06ed,1,0,0,0.5393108129501343,0.46068915724754333
PETS_CREDIT_low_eff_su2_r1_d6_b03__none,none,none,daf2c33eb0f2b7518584,1,0,0,0.8876916170120239,0.11230841279029846
PETS_CREDIT_low_eff_su2_r1_d6_b03__none,none,none,6e144bf85d42e3ac6fae,1,0,0,0.86514812707901,0.13485193252563477
PETS_CREDIT_low_eff_su2_r1_d6_b03__none,none,none,f97851146238bb9a3754,1,0,0,0.9654464721679688,0.034553512930870056
PETS_CREDIT_low_eff_su2_r1_d6_b03__none,none,none,5d21e75cb6066696e6e2,1,0,0,0.9773769974708557,0.022623036056756973
PETS_CREDIT_low_eff_su2_r1_d6_b03__none,none,none,4aa64c627cb9b82d7f42,1,0,0,0.8781102299690247,0.12188974767923355
PETS_CREDIT_low_eff_su2_r1_d6_b03__none,none,none,c50e57ca37a497df3a13,1,0,0,0.8892210721969604,0.11077895760536194
PETS_CREDIT_low_eff_su2_r1_d6_b03__none,none,none,c0daa10532a8487ca803,1,1,1,0.46688270568847656,0.5331172943115234
PETS_CREDIT_low_eff_su2_r1_d6_b03__none,none,none,00405a37dd709b2d51a8,1,0,0,0.8798222541809082,0.12017779052257538
PETS_CREDIT_low_eff_su2_r1_d6_b03__none,none,none,5f9c02f5ec03a28e4f53,1,0,0,0.6821383833885193,0.3178616166114807
PETS_CREDIT_low_eff_su2_r1_d6_b03__none,none,none,ac5f40db5db91c18a83b,1,0,0,0.6318233013153076,0.36817678809165955
PETS_CREDIT_low_eff_su2_r1_d6_b03__none,none,none,5584930e99aa4007d628,1,0,0,0.8561815023422241,0.14381851255893707
PETS_CREDIT_low_eff_su2_r1_d6_b03__none,none,none,0674ce029ebb21d32e38,1,0,0,0.9679099917411804,0.0320899672806263
PETS_CREDIT_low_eff_su2_r1_d6_b03__none,none,none,6c0e663b6848864dc914,1,0,0,0.8434227108955383,0.15657734870910645
PETS_CREDIT_low_eff_su2_r1_d6_b03__none,none,none,7ce1135db7560daf7e70,1,0,0,0.8800902366638184,0.11990980058908463
PETS_CREDIT_low_eff_su2_r1_d6_b03__none,none,none,70e46e61db439dd8e308,1,0,0,0.8166233897209167,0.18337655067443848
PETS_CREDIT_low_eff_su2_r1_d6_b03__none,none,none,aaca4c9adb936209ae4f,1,1,1,0.4750795364379883,0.5249204635620117
PETS_CREDIT_low_eff_su2_r1_d6_b03__none,none,none,3ac7ac4bc65a6ffec899,1,0,0,0.9195439219474792,0.08045606315135956
PETS_CREDIT_low_eff_su2_r1_d6_b03__none,none,none,c536d8f2ff559c7756e7,1,1,0,0.6987215280532837,0.30127838253974915
PETS_CREDIT_low_eff_su2_r1_d6_b03__none,none,none,16e3ff8c6f696f231824,1,0,0,0.9892371296882629,0.010762865655124187
PETS_CREDIT_low_eff_su2_r1_d6_b03__none,none,none,dba69027df0122535f19,1,0,0,0.8350179195404053,0.1649821549654007
PETS_CREDIT_low_eff_su2_r1_d6_b03__none,none,none,973b363916938dbaaf31,1,0,0,0.9598256349563599,0.040174346417188644
PETS_CREDIT_low_eff_su2_r1_d6_b03__none,none,none,6ea2a519a69c09016323,1,1,1,0.21740321815013885,0.7825967669487
PETS_CREDIT_low_eff_su2_r1_d6_b03__none,none,none,26b6a5da65cdaeb8e184,1,0,0,0.7483419179916382,0.2516581118106842
PETS_CREDIT_low_eff_su2_r1_d6_b03__none,none,none,c053f623dd8f2bfb7915,1,0,0,0.9570534825325012,0.04294651746749878
PETS_CREDIT_low_eff_su2_r1_d6_b03__none,none,none,0a09121dee0e5db09dfe,1,0,0,0.8140181303024292,0.1859818547964096
PETS_CREDIT_low_eff_su2_r1_d6_b03__none,none,none,22730a71b34176a3ba37,1,0,0,0.8853750824928284,0.11462494730949402
PETS_CREDIT_low_eff_su2_r1_d6_b03__none,none,none,6af56a8b2e15acc1e086,1,1,0,0.5653582811355591,0.43464168906211853
PETS_CREDIT_low_eff_su2_r1_d6_b03__none,none,none,a6dfd0dc4ba32e6c00e6,1,0,0,0.9523876905441284,0.047612302005290985
PETS_CREDIT_low_eff_su2_r1_d6_b03__none,none,none,a5628044ec0880a52490,1,0,0,0.8814272880554199,0.1185726597905159
PETS_CREDIT_low_eff_su2_r1_d6_b03__none,none,none,4cfea97c73e6dbfbc698,1,0,0,0.8762380480766296,0.12376195192337036
PETS_CREDIT_low_eff_su2_r1_d6_b03__none,none,none,32babcc385bd70eddb90,1,0,0,0.8606215715408325,0.13937842845916748
PETS_CREDIT_low_eff_su2_r1_d6_b03__none,none,none,6093ce809aa33ce6693b,1,0,0,0.9096491932868958,0.09035080671310425
PETS_CREDIT_low_eff_su2_r1_d6_b03__none,none,none,78edbc6916b12b570866,1,1,0,0.6211094260215759,0.3788905441761017
PETS_CREDIT_low_eff_su2_r1_d6_b03__none,none,none,14865093b1485a5c3a41,1,1,0,0.889693558216095,0.1103065088391304
PETS_CREDIT_low_eff_su2_r1_d6_b03__none,none,none,46dbe6ca2f4531385a05,1,0,0,0.8462011218070984,0.15379895269870758
PETS_CREDIT_low_eff_su2_r1_d6_b03__none,none,none,c9e5785745f04cec0d37,1,0,0,0.7996485233306885,0.20035147666931152
PETS_CREDIT_low_eff_su2_r1_d6_b03__none,none,none,1313972ddf1c6e9eb2c9,1,0,0,0.7213894724845886,0.27861055731773376
PETS_CREDIT_low_eff_su2_r1_d6_b03__none,none,none,42e9f06773aa97fa92d4,0,0,0,0.8357607126235962,0.164239302277565
PETS_CREDIT_low_eff_su2_r1_d6_b03__none,none,none,7bfb843a13cff05233ad,0,0,0,0.7073780298233032,0.29262202978134155
PETS_CREDIT_low_eff_su2_r1_d6_b03__none,none,none,2218e6bd75832a43d007,0,0,0,0.8071230053901672,0.19287702441215515
PETS_CREDIT_low_eff_su2_r1_d6_b03__none,none,none,9bfd22e983b09efc4239,0,0,0,0.938633918762207,0.06136605888605118
PETS_CREDIT_low_eff_su2_r1_d6_b03__none,none,none,34bfadccd6d7f30d94a1,0,0,0,0.8162569999694824,0.1837429404258728
PETS_CREDIT_low_eff_su2_r1_d6_b03__none,none,none,5f861fea617a3ee7da16,0,1,0,0.8788855671882629,0.12111449986696243
PETS_CREDIT_low_eff_su2_r1_d6_b03__none,none,none,3b2a390113c4d06485dc,0,0,0,0.7795878052711487,0.22041215002536774
PETS_CREDIT_low_eff_su2_r1_d6_b03__none,none,none,f1d5fbea8d8fc197f689,0,1,0,0.6864320039749146,0.3135679364204407
PETS_CREDIT_low_eff_su2_r1_d6_b03__none,none,none,a55e7f353f00168e8f2a,0,1,0,0.8250059485435486,0.1749940812587738
PETS_CREDIT_low_eff_su2_r1_d6_b03__none,none,none,7b2b85015deb930a73bd,0,0,1,0.4238939583301544,0.576106071472168
PETS_CREDIT_low_eff_su2_r1_d6_b03__none,none,none,7990ceff4d0c77eeca8b,0,0,0,0.8654208779335022,0.13457916676998138
PETS_CREDIT_low_eff_su2_r1_d6_b03__none,none,none,4194c2831bd65263a55f,0,0,0,0.9200900793075562,0.07990988343954086
PETS_CREDIT_low_eff_su2_r1_d6_b03__none,none,none,89b5beeaae443f174906,0,0,0,0.9812580943107605,0.018741918727755547
PETS_CREDIT_low_eff_su2_r1_d6_b03__none,none,none,c9b90a5a5aabbbda656e,0,0,0,0.7995122671127319,0.20048774778842926
PETS_CREDIT_low_eff_su2_r1_d6_b03__none,none,none,45e249d80792feb4d2d2,0,0,0,0.7924703359603882,0.20752957463264465
PETS_CREDIT_low_eff_su2_r1_d6_b03__none,none,none,ac4bb9f68cc026f7ef87,0,1,0,0.9902607798576355,0.009739220142364502
PETS_CREDIT_low_eff_su2_r1_d6_b03__none,none,none,2f4ee8e91be4e65736a4,0,0,0,0.9690759181976318,0.03092406503856182
PETS_CREDIT_low_eff_su2_r1_d6_b03__none,none,none,48db4133c9bf431ebe79,0,0,1,0.4697178602218628,0.530282199382782
PETS_CREDIT_low_eff_su2_r1_d6_b03__none,none,none,25773551baf095668618,0,0,0,0.9897393584251404,0.010260673239827156
PETS_CREDIT_low_eff_su2_r1_d6_b03__none,none,none,a5648815fec59cd1c995,0,1,0,0.5317129492759705,0.46828708052635193
PETS_CREDIT_low_eff_su2_r1_d6_b03__none,none,none,d5e3f577c74cd5bde9ef,0,0,1,0.49501651525497437,0.5049834251403809
PETS_CREDIT_low_eff_su2_r1_d6_b03__none,none,none,90aa3dc827baf03a0b7f,0,0,0,0.7012489438056946,0.29875102639198303
PETS_CREDIT_low_eff_su2_r1_d6_b03__none,none,none,a4ed03b502889d9468c9,0,0,0,0.9402123093605042,0.05978775769472122
PETS_CREDIT_low_eff_su2_r1_d6_b03__none,none,none,72382fc3b364c3c36162,0,0,0,0.9452505707740784,0.054749444127082825
PETS_CREDIT_low_eff_su2_r1_d6_b03__none,none,none,9214bdad11cf5b0f5788,0,0,0,0.9688679575920105,0.0311320498585701
PETS_CREDIT_low_eff_su2_r1_d6_b03__none,none,none,b224dfc19404bbda9ee4,0,0,1,0.4988330006599426,0.5011670589447021
PETS_CREDIT_low_eff_su2_r1_d6_b03__none,none,none,150e2fdbb7bdebe9ab21,0,0,0,0.864311158657074,0.13568884134292603
PETS_CREDIT_low_eff_su2_r1_d6_b03__none,none,none,e81e235b5be50fce8ed4,0,0,0,0.9081023931503296,0.09189753234386444
PETS_CREDIT_low_eff_su2_r1_d6_b03__none,none,none,a6f8faff37efe9eca5fe,0,0,0,0.797572672367096,0.20242740213871002
PETS_CREDIT_low_eff_su2_r1_d6_b03__none,none,none,444967b541f184305a6c,0,0,0,0.7526124715805054,0.2473876029253006
PETS_CREDIT_low_eff_su2_r1_d6_b03__none,none,none,b3648943abce0512f994,0,0,0,0.859872043132782,0.1401280015707016
PETS_CREDIT_low_eff_su2_r1_d6_b03__none,none,none,f55dd0075c038f761436,0,0,0,0.8084234595298767,0.1915765106678009
PETS_CREDIT_low_eff_su2_r1_d6_b03__none,none,none,19eaeaae64289dba8ce8,0,1,0,0.5375080108642578,0.4624919891357422
PETS_CREDIT_low_eff_su2_r1_d6_b03__none,none,none,9af74acc6cc7a48f4fd9,0,0,0,0.8655450940132141,0.13445492088794708
PETS_CREDIT_low_eff_su2_r1_d6_b03__none,none,none,e26cf49baf1a8f2a6289,0,1,0,0.64952552318573,0.35047447681427
PETS_CREDIT_low_eff_su2_r1_d6_b03__none,none,none,4010d1d0fc60044b7e83,0,0,0,0.8545970320701599,0.14540302753448486
PETS_CREDIT_low_eff_su2_r1_d6_b03__none,none,none,6146ee4e50398bd2590b,0,0,0,0.539334774017334,0.46066519618034363
PETS_CREDIT_low_eff_su2_r1_d6_b03__none,none,none,17405c31370c8de7f8b8,0,0,0,0.9084315896034241,0.0915684625506401
PETS_CREDIT_low_eff_su2_r1_d6_b03__none,none,none,471df40f4bdddddc09ec,0,1,0,0.706558108329773,0.2934419512748718
PETS_CREDIT_low_eff_su2_r1_d6_b03__none,none,none,b38c56a4fffe98b7efc8,0,0,0,0.7493404150009155,0.2506595849990845
PETS_CREDIT_low_eff_su2_r1_d6_b03__none,none,none,69c16449e008d39bb994,0,0,0,0.8696860671043396,0.1303139328956604
PETS_CREDIT_low_eff_su2_r1_d6_b03__none,none,none,0748c8ca29b369b66e6f,0,1,0,0.9647238850593567,0.035276174545288086
PETS_CREDIT_low_eff_su2_r1_d6_b03__none,none,none,da3092a0e04488fc3d83,0,0,0,0.9941092729568481,0.005890762433409691
PETS_CREDIT_low_eff_su2_r1_d6_b03__none,none,none,74cb3d94d7d3fcb0963b,0,0,0,0.9743764996528625,0.025623556226491928
PETS_CREDIT_low_eff_su2_r1_d6_b03__none,none,none,3c4479d085b1b0ae10d8,0,0,1,0.46817606687545776,0.531823992729187
PETS_CREDIT_low_eff_su2_r1_d6_b03__none,none,none,5960e131d3cbd3ac2bd9,0,0,0,0.9214804768562317,0.07851949334144592
PETS_CREDIT_low_eff_su2_r1_d6_b03__none,none,none,3122b20f9c469ddb4810,0,0,0,0.8109451532363892,0.18905481696128845
PETS_CREDIT_low_eff_su2_r1_d6_b03__none,none,none,5f5253b7ee72fa683082,0,0,0,0.9680191278457642,0.03198083117604256
PETS_CREDIT_low_eff_su2_r1_d6_b03__none,none,none,2478313b949e4a19fec5,0,1,1,0.4728909730911255,0.5271090269088745
PETS_CREDIT_low_eff_su2_r1_d6_b03__none,none,none,6803403d6e57131ab879,0,0,0,0.9562987089157104,0.04370132461190224
PETS_CREDIT_low_eff_su2_r1_d6_b03__none,none,none,5628f53706485c5a34f9,0,0,0,0.7997835278511047,0.20021645724773407
PETS_CREDIT_low_eff_su2_r1_d6_b03__none,none,none,e3aa42e9baae40909b2c,0,0,0,0.6198819875717163,0.38011813163757324
PETS_CREDIT_low_eff_su2_r1_d6_b03__none,none,none,50a0be37bf2f275bd4d6,0,0,0,0.6911025643348694,0.3088974952697754
PETS_CREDIT_low_eff_su2_r1_d6_b03__none,none,none,87b361e38d3a033e0147,0,0,0,0.8686427474021912,0.13135722279548645
PETS_CREDIT_low_eff_su2_r1_d6_b03__none,none,none,10adaa08b0205f280a31,0,1,0,0.9136068224906921,0.08639317750930786
PETS_CREDIT_low_eff_su2_r1_d6_b03__none,none,none,9d233cff809c5f6dd546,0,1,0,0.6953955292701721,0.3046043813228607
PETS_CREDIT_low_eff_su2_r1_d6_b03__none,none,none,baf60f731977893683c9,0,0,0,0.746773898601532,0.253226101398468
PETS_CREDIT_low_eff_su2_r1_d6_b03__none,none,none,91f87ca67e3c04007486,0,1,0,0.9636454582214355,0.036354564130306244
PETS_CREDIT_low_eff_su2_r1_d6_b03__none,none,none,8273cd051f4f3c543c72,0,0,0,0.7086844444274902,0.2913155257701874
PETS_CREDIT_low_eff_su2_r1_d6_b03__none,none,none,01c60ffe9b042bc05cfc,0,0,0,0.7502155303955078,0.24978449940681458
PETS_CREDIT_low_eff_su2_r1_d6_b03__none,none,none,da5f5efb7790004fff98,0,1,0,0.7763911485671997,0.22360889613628387
PETS_CREDIT_low_eff_su2_r1_d6_b03__none,none,none,d545cdd659f37acdba6c,0,1,0,0.8303553462028503,0.16964462399482727
PETS_CREDIT_low_eff_su2_r1_d6_b03__none,none,none,3e5959b02df8356effc1,0,0,0,0.830882728099823,0.1691173017024994
PETS_CREDIT_low_eff_su2_r1_d6_b03__none,none,none,236eaf6e697017b75006,0,0,0,0.723380982875824,0.276619017124176
PETS_CREDIT_low_eff_su2_r1_d6_b03__none,none,none,2ca770f234439727c33f,0,0,0,0.9659705758094788,0.034029409289360046
PETS_CREDIT_low_eff_su2_r1_d6_b03__none,none,none,9fe9252c0b576d892b50,0,0,0,0.8652310967445374,0.13476890325546265
PETS_CREDIT_low_eff_su2_r1_d6_b03__none,none,none,f22d9a5133c174dae56c,0,0,1,0.41905057430267334,0.5809494256973267
PETS_CREDIT_low_eff_su2_r1_d6_b03__none,none,none,02d132ee580866ee41a8,0,0,0,0.9043135046958923,0.09568652510643005
PETS_CREDIT_low_eff_su2_r1_d6_b03__none,none,none,323bc2b7ded81007c10b,0,0,0,0.9679788947105408,0.032021090388298035
PETS_CREDIT_low_eff_su2_r1_d6_b03__none,none,none,7eb02391460879bfe425,0,1,1,0.44688674807548523,0.5531131625175476
PETS_CREDIT_low_eff_su2_r1_d6_b03__none,none,none,8023a2850646517888f6,0,0,0,0.9176021218299866,0.0823979601264
PETS_CREDIT_low_eff_su2_r1_d6_b03__none,none,none,c80e702330688e6c3640,0,0,0,0.656478762626648,0.34352120757102966
PETS_CREDIT_low_eff_su2_r1_d6_b03__none,none,none,3e01576c4964ce1df77e,0,0,0,0.7356667518615723,0.26433324813842773
PETS_CREDIT_low_eff_su2_r1_d6_b03__none,none,none,d8bd80969a4223b1746d,0,0,0,0.8984990119934082,0.10150095820426941
PETS_CREDIT_low_eff_su2_r1_d6_b03__none,none,none,c98e7a188d21f2d4c7c5,0,0,1,0.43114206194877625,0.5688579082489014
PETS_CREDIT_low_eff_su2_r1_d6_b03__none,none,none,a53b6f24d57097d0166f,0,0,0,0.717043399810791,0.28295662999153137
PETS_CREDIT_low_eff_su2_r1_d6_b03__none,none,none,8b702b29b3bba3c0c011,0,0,0,0.93645179271698,0.06354815512895584
PETS_CREDIT_low_eff_su2_r1_d6_b03__none,none,none,5808218040029ad54abc,0,0,0,0.8366786241531372,0.16332143545150757
PETS_CREDIT_low_eff_su2_r1_d6_b03__none,none,none,2cdf0f49b2642481ca8f,0,1,0,0.9826822280883789,0.017317811027169228
PETS_CREDIT_low_eff_su2_r1_d6_b03__none,none,none,d8141fe3b07ab69c0481,0,0,0,0.6927125453948975,0.3072873651981354
PETS_CREDIT_low_eff_su2_r1_d6_b03__none,none,none,a2d2d92e2ba800faa946,0,1,1,0.4438169300556183,0.5561830401420593
PETS_CREDIT_low_eff_su2_r1_d6_b03__none,none,none,657f767276025ad88617,0,0,0,0.9796210527420044,0.020378967747092247
PETS_CREDIT_low_eff_su2_r1_d6_b03__none,none,none,21cc40e171d11484f55e,0,0,0,0.9611014723777771,0.03889848664402962
PETS_CREDIT_low_eff_su2_r1_d6_b03__none,none,none,68458c3065d2ff08346a,0,0,0,0.9599117636680603,0.04008830338716507
PETS_CREDIT_low_eff_su2_r1_d6_b03__none,none,none,b690772de8eb14084d30,0,1,0,0.717893123626709,0.2821069359779358
PETS_CREDIT_low_eff_su2_r1_d6_b03__none,none,none,0f0ec6f2889f1d9d2876,0,0,0,0.9398346543312073,0.06016530841588974
PETS_CREDIT_low_eff_su2_r1_d6_b03__none,none,none,18bbbff1da0a4760b6ff,0,0,0,0.7065055966377258,0.2934943735599518
PETS_CREDIT_low_eff_su2_r1_d6_b03__none,none,none,5718ce19a4a1c640caac,0,0,0,0.8755724430084229,0.12442758679389954
PETS_CREDIT_low_eff_su2_r1_d6_b03__none,none,none,5c1eaee6580358b55afc,0,0,0,0.6292320489883423,0.3707680106163025
PETS_CREDIT_low_eff_su2_r1_d6_b03__none,none,none,0835edef9bf74dc85154,0,1,0,0.8512952923774719,0.1487046629190445
PETS_CREDIT_low_eff_su2_r1_d6_b03__none,none,none,05e7a2529d248075df48,0,0,0,0.6453293561935425,0.3546707034111023
PETS_CREDIT_low_eff_su2_r1_d6_b03__none,none,none,71f1648b8b8cb6d1277e,0,0,0,0.8728880286216736,0.12711206078529358
PETS_CREDIT_low_eff_su2_r1_d6_b03__none,none,none,cb39c23acaa500033ed0,0,0,0,0.9409952759742737,0.05900472775101662
PETS_CREDIT_low_eff_su2_r1_d6_b03__none,none,none,c55786a9941cc04c9348,0,0,0,0.5235017538070679,0.47649821639060974
PETS_CREDIT_low_eff_su2_r1_d6_b03__none,none,none,cc92f2b4b36f95de3e7f,0,0,0,0.7683782577514648,0.23162178695201874
PETS_CREDIT_low_eff_su2_r1_d6_b03__none,none,none,4c3cfe1fe9e491bb9c0e,0,1,0,0.5767541527748108,0.42324578762054443
PETS_CREDIT_low_eff_su2_r1_d6_b03__none,none,none,fa91758004730bf9cef8,0,1,0,0.6561052799224854,0.34389472007751465
PETS_CREDIT_low_eff_su2_r1_d6_b03__none,none,none,b78fcdfd9fe43578fef1,0,0,0,0.9542363882064819,0.045763593167066574
PETS_CREDIT_low_eff_su2_r1_d6_b03__none,none,none,27103d15734219f0d343,0,0,0,0.8785277605056763,0.1214723065495491
PETS_CREDIT_low_eff_su2_r1_d6_b03__none,none,none,36f760028306a12bff25,0,0,0,0.8282038569450378,0.17179615795612335
PETS_CREDIT_low_eff_su2_r1_d6_b03__none,none,dynanoise,619b46d6086e6aad3d84,1,0,0,0.5538488626480103,0.44615110754966736
PETS_CREDIT_low_eff_su2_r1_d6_b03__none,none,dynanoise,5e48c11768cb070aefe6,1,0,0,0.5506890416145325,0.44931095838546753
PETS_CREDIT_low_eff_su2_r1_d6_b03__none,none,dynanoise,7105743f10682ac4a1cc,1,0,0,0.5582916140556335,0.44170838594436646
PETS_CREDIT_low_eff_su2_r1_d6_b03__none,none,dynanoise,272c38b1ecd099be7890,1,0,1,0.4975459575653076,0.5024540424346924
PETS_CREDIT_low_eff_su2_r1_d6_b03__none,none,dynanoise,6f47824d3363865de61a,1,0,1,0.47044187784194946,0.5295581221580505
PETS_CREDIT_low_eff_su2_r1_d6_b03__none,none,dynanoise,b0f47ae4b56b3aa4d111,1,1,1,0.47197189927101135,0.528028130531311
PETS_CREDIT_low_eff_su2_r1_d6_b03__none,none,dynanoise,f073d35785cf76f1409c,1,0,0,0.5511629581451416,0.4488370418548584
PETS_CREDIT_low_eff_su2_r1_d6_b03__none,none,dynanoise,01e7168ae2a624ff9916,1,1,1,0.4596785008907318,0.5403215289115906
PETS_CREDIT_low_eff_su2_r1_d6_b03__none,none,dynanoise,1c7eb9e50fc08e5f8cf0,1,1,0,0.5582239627838135,0.4417760670185089
PETS_CREDIT_low_eff_su2_r1_d6_b03__none,none,dynanoise,8f95586c1c6fb3f2a750,1,0,0,0.5378567576408386,0.46214327216148376
PETS_CREDIT_low_eff_su2_r1_d6_b03__none,none,dynanoise,2c2eb339de59d2b86f66,1,0,0,0.5422457456588745,0.4577542841434479
PETS_CREDIT_low_eff_su2_r1_d6_b03__none,none,dynanoise,ab00e756b29c98fd6674,1,0,0,0.528984010219574,0.4710160493850708
PETS_CREDIT_low_eff_su2_r1_d6_b03__none,none,dynanoise,70d271c728323ea28d90,1,0,0,0.5684913396835327,0.4315086305141449
PETS_CREDIT_low_eff_su2_r1_d6_b03__none,none,dynanoise,69ef03b5c6f4f7ecef33,1,0,0,0.5195620656013489,0.4804379343986511
PETS_CREDIT_low_eff_su2_r1_d6_b03__none,none,dynanoise,eb849709f12c60edd50b,1,0,0,0.5470033288002014,0.45299670100212097
PETS_CREDIT_low_eff_su2_r1_d6_b03__none,none,dynanoise,ab97fae957e08270ffce,1,1,0,0.5401924848556519,0.45980751514434814
PETS_CREDIT_low_eff_su2_r1_d6_b03__none,none,dynanoise,e07f107ec2deef516f4f,1,0,0,0.6359877586364746,0.3640122711658478
PETS_CREDIT_low_eff_su2_r1_d6_b03__none,none,dynanoise,88b1c0733571d25bdfa5,1,0,0,0.5680795311927795,0.43192049860954285
PETS_CREDIT_low_eff_su2_r1_d6_b03__none,none,dynanoise,b84ff32b3c14263b0dd5,1,0,1,0.4752996861934662,0.5247003436088562
PETS_CREDIT_low_eff_su2_r1_d6_b03__none,none,dynanoise,9fc5fbe55717fe6862a4,1,1,0,0.5242820978164673,0.4757179319858551
PETS_CREDIT_low_eff_su2_r1_d6_b03__none,none,dynanoise,9eb158e3cbe5bc901e26,1,0,0,0.5314884185791016,0.4685116112232208
PETS_CREDIT_low_eff_su2_r1_d6_b03__none,none,dynanoise,09c28941e61886717e09,1,0,0,0.5026432275772095,0.4973568022251129
PETS_CREDIT_low_eff_su2_r1_d6_b03__none,none,dynanoise,196d92dfff0523a23237,1,0,0,0.5595654845237732,0.4404345154762268
PETS_CREDIT_low_eff_su2_r1_d6_b03__none,none,dynanoise,0ffd3e39286157b02ad4,1,0,0,0.5185827016830444,0.48141735792160034
PETS_CREDIT_low_eff_su2_r1_d6_b03__none,none,dynanoise,25bed8f88a506c4cc366,1,0,1,0.4657858610153198,0.5342141389846802
PETS_CREDIT_low_eff_su2_r1_d6_b03__none,none,dynanoise,a62d80fa1349c54517ce,1,0,0,0.5401362180709839,0.4598637521266937
PETS_CREDIT_low_eff_su2_r1_d6_b03__none,none,dynanoise,08a6c27fcb32f81ff375,1,0,0,0.5260294079780579,0.4739706218242645
PETS_CREDIT_low_eff_su2_r1_d6_b03__none,none,dynanoise,26f8e0268dd95cba45fd,1,0,0,0.5425580739974976,0.45744192600250244
PETS_CREDIT_low_eff_su2_r1_d6_b03__none,none,dynanoise,f332cc500c7a62b19024,1,0,0,0.6188928484916687,0.3811071813106537
PETS_CREDIT_low_eff_su2_r1_d6_b03__none,none,dynanoise,bfa7b1aca5d187760a16,1,0,0,0.5487881302833557,0.4512118697166443
PETS_CREDIT_low_eff_su2_r1_d6_b03__none,none,dynanoise,d1d396dc69ac0aeade66,1,0,0,0.5236705541610718,0.4763294756412506
PETS_CREDIT_low_eff_su2_r1_d6_b03__none,none,dynanoise,092efc45ab978715a8fa,1,0,0,0.5131531357765198,0.4868468940258026
PETS_CREDIT_low_eff_su2_r1_d6_b03__none,none,dynanoise,d8e3c3c718aea110b2d9,1,1,0,0.5127015709877014,0.4872983992099762
PETS_CREDIT_low_eff_su2_r1_d6_b03__none,none,dynanoise,2c3058336909d855b1f0,1,0,0,0.5445489883422852,0.4554510712623596
PETS_CREDIT_low_eff_su2_r1_d6_b03__none,none,dynanoise,006df97946d214e0111f,1,1,0,0.5245974659919739,0.4754025340080261
PETS_CREDIT_low_eff_su2_r1_d6_b03__none,none,dynanoise,4b8fbfef25d81e60d4a6,1,0,0,0.5113474726676941,0.4886524975299835
PETS_CREDIT_low_eff_su2_r1_d6_b03__none,none,dynanoise,5cb75d859aa2d3df94b0,1,0,0,0.5806408524513245,0.41935914754867554
PETS_CREDIT_low_eff_su2_r1_d6_b03__none,none,dynanoise,82d40bd4122f5c76cdfb,1,0,1,0.489876389503479,0.5101236701011658
PETS_CREDIT_low_eff_su2_r1_d6_b03__none,none,dynanoise,f05df67fe5ac7ed38643,1,1,0,0.5032719373703003,0.4967280328273773
PETS_CREDIT_low_eff_su2_r1_d6_b03__none,none,dynanoise,0772d1e68bccea98e68f,1,0,0,0.6007081866264343,0.3992918133735657
PETS_CREDIT_low_eff_su2_r1_d6_b03__none,none,dynanoise,a1b01a469dc7802f51d3,1,0,0,0.5843642354011536,0.41563576459884644
PETS_CREDIT_low_eff_su2_r1_d6_b03__none,none,dynanoise,108acbd92e651db6ac49,1,1,1,0.428412526845932,0.5715875029563904
PETS_CREDIT_low_eff_su2_r1_d6_b03__none,none,dynanoise,c75c31af2389cc3a594f,1,0,0,0.5182127952575684,0.48178717494010925
PETS_CREDIT_low_eff_su2_r1_d6_b03__none,none,dynanoise,2379dd478643b9cc0bc1,1,0,0,0.5249806642532349,0.47501933574676514
PETS_CREDIT_low_eff_su2_r1_d6_b03__none,none,dynanoise,7673e8a0f0b037cc51e5,1,0,0,0.5997744798660278,0.40022554993629456
PETS_CREDIT_low_eff_su2_r1_d6_b03__none,none,dynanoise,7c7fe88dcec806be29da,1,0,0,0.5271316170692444,0.4728683829307556
PETS_CREDIT_low_eff_su2_r1_d6_b03__none,none,dynanoise,07d4d260e30d7cf5b71f,1,0,0,0.5501287579536438,0.4498712718486786
PETS_CREDIT_low_eff_su2_r1_d6_b03__none,none,dynanoise,d75c3e52dbcaf5a5ec2a,1,0,0,0.525074303150177,0.4749257266521454
PETS_CREDIT_low_eff_su2_r1_d6_b03__none,none,dynanoise,d2c3d34fb102babfa194,1,1,1,0.49954912066459656,0.5004509091377258
PETS_CREDIT_low_eff_su2_r1_d6_b03__none,none,dynanoise,92516ca36411fad7d9c9,1,0,0,0.6090962886810303,0.3909037411212921
PETS_CREDIT_low_eff_su2_r1_d6_b03__none,none,dynanoise,1dd9f8371cdcaa1758b3,1,0,0,0.5530015230178833,0.4469984769821167
PETS_CREDIT_low_eff_su2_r1_d6_b03__none,none,dynanoise,8fe0ac3103b5acc00cdc,1,0,0,0.553823709487915,0.4461762607097626
PETS_CREDIT_low_eff_su2_r1_d6_b03__none,none,dynanoise,c3a59fc71e20658f6341,1,0,0,0.5537338852882385,0.4462661147117615
PETS_CREDIT_low_eff_su2_r1_d6_b03__none,none,dynanoise,434123980ae7f6c38b02,1,0,0,0.5284944772720337,0.4715055227279663
PETS_CREDIT_low_eff_su2_r1_d6_b03__none,none,dynanoise,6bf07a3ff23f9e3249c5,1,1,1,0.4869793951511383,0.5130206346511841
PETS_CREDIT_low_eff_su2_r1_d6_b03__none,none,dynanoise,e030c0aa4ae0f1011f2f,1,1,1,0.4976036250591278,0.5023963451385498
PETS_CREDIT_low_eff_su2_r1_d6_b03__none,none,dynanoise,8120fa8a41158dba642d,1,0,0,0.578300416469574,0.421699583530426
PETS_CREDIT_low_eff_su2_r1_d6_b03__none,none,dynanoise,66fa33821884d4568b02,1,1,1,0.48176345229148865,0.5182365775108337
PETS_CREDIT_low_eff_su2_r1_d6_b03__none,none,dynanoise,ae1704e8283a10912765,1,0,0,0.5537459850311279,0.44625407457351685
PETS_CREDIT_low_eff_su2_r1_d6_b03__none,none,dynanoise,72bf8a475d5aa5538cd3,1,0,0,0.5245705246925354,0.4754294753074646
PETS_CREDIT_low_eff_su2_r1_d6_b03__none,none,dynanoise,c4b2c9357254e51af6a9,1,1,0,0.5223349928855896,0.4776650071144104
PETS_CREDIT_low_eff_su2_r1_d6_b03__none,none,dynanoise,4def6ca8e27be84aeb54,1,1,0,0.5815709829330444,0.41842904686927795
PETS_CREDIT_low_eff_su2_r1_d6_b03__none,none,dynanoise,a5b1091e7ec67f7a06ed,1,0,0,0.5382773280143738,0.4617226719856262
PETS_CREDIT_low_eff_su2_r1_d6_b03__none,none,dynanoise,daf2c33eb0f2b7518584,1,0,0,0.6099482774734497,0.3900517523288727
PETS_CREDIT_low_eff_su2_r1_d6_b03__none,none,dynanoise,6e144bf85d42e3ac6fae,1,0,0,0.5755948424339294,0.42440512776374817
PETS_CREDIT_low_eff_su2_r1_d6_b03__none,none,dynanoise,f97851146238bb9a3754,1,0,0,0.5712657570838928,0.42873427271842957
PETS_CREDIT_low_eff_su2_r1_d6_b03__none,none,dynanoise,5d21e75cb6066696e6e2,1,0,0,0.6470043659210205,0.35299569368362427
PETS_CREDIT_low_eff_su2_r1_d6_b03__none,none,dynanoise,4aa64c627cb9b82d7f42,1,0,0,0.5624157786369324,0.4375842213630676
PETS_CREDIT_low_eff_su2_r1_d6_b03__none,none,dynanoise,c50e57ca37a497df3a13,1,0,0,0.6021707057952881,0.3978292644023895
PETS_CREDIT_low_eff_su2_r1_d6_b03__none,none,dynanoise,c0daa10532a8487ca803,1,1,1,0.4916835129261017,0.5083164572715759
PETS_CREDIT_low_eff_su2_r1_d6_b03__none,none,dynanoise,00405a37dd709b2d51a8,1,0,0,0.5244958400726318,0.47550415992736816
PETS_CREDIT_low_eff_su2_r1_d6_b03__none,none,dynanoise,5f9c02f5ec03a28e4f53,1,0,1,0.49563902616500854,0.5043609738349915
PETS_CREDIT_low_eff_su2_r1_d6_b03__none,none,dynanoise,ac5f40db5db91c18a83b,1,0,0,0.5499150156974792,0.45008495450019836
PETS_CREDIT_low_eff_su2_r1_d6_b03__none,none,dynanoise,5584930e99aa4007d628,1,0,0,0.52994704246521,0.47005292773246765
PETS_CREDIT_low_eff_su2_r1_d6_b03__none,none,dynanoise,0674ce029ebb21d32e38,1,0,0,0.5464590787887573,0.4535408914089203
PETS_CREDIT_low_eff_su2_r1_d6_b03__none,none,dynanoise,6c0e663b6848864dc914,1,0,0,0.5479893088340759,0.4520106911659241
PETS_CREDIT_low_eff_su2_r1_d6_b03__none,none,dynanoise,7ce1135db7560daf7e70,1,0,0,0.5769740343093872,0.4230259358882904
PETS_CREDIT_low_eff_su2_r1_d6_b03__none,none,dynanoise,70e46e61db439dd8e308,1,0,0,0.5308836698532104,0.46911633014678955
PETS_CREDIT_low_eff_su2_r1_d6_b03__none,none,dynanoise,aaca4c9adb936209ae4f,1,1,0,0.51948481798172,0.4805152118206024
PETS_CREDIT_low_eff_su2_r1_d6_b03__none,none,dynanoise,3ac7ac4bc65a6ffec899,1,0,0,0.5154338479042053,0.4845661520957947
PETS_CREDIT_low_eff_su2_r1_d6_b03__none,none,dynanoise,c536d8f2ff559c7756e7,1,1,0,0.5657141208648682,0.4342859089374542
PETS_CREDIT_low_eff_su2_r1_d6_b03__none,none,dynanoise,16e3ff8c6f696f231824,1,0,0,0.6758812665939331,0.3241187632083893
PETS_CREDIT_low_eff_su2_r1_d6_b03__none,none,dynanoise,dba69027df0122535f19,1,0,0,0.5373057126998901,0.46269431710243225
PETS_CREDIT_low_eff_su2_r1_d6_b03__none,none,dynanoise,973b363916938dbaaf31,1,0,0,0.564631462097168,0.43536850810050964
PETS_CREDIT_low_eff_su2_r1_d6_b03__none,none,dynanoise,6ea2a519a69c09016323,1,1,1,0.4577854871749878,0.5422145128250122
PETS_CREDIT_low_eff_su2_r1_d6_b03__none,none,dynanoise,26b6a5da65cdaeb8e184,1,0,0,0.5149260759353638,0.4850739538669586
PETS_CREDIT_low_eff_su2_r1_d6_b03__none,none,dynanoise,c053f623dd8f2bfb7915,1,0,0,0.6014467477798462,0.3985532522201538
PETS_CREDIT_low_eff_su2_r1_d6_b03__none,none,dynanoise,0a09121dee0e5db09dfe,1,0,0,0.505469560623169,0.49453040957450867
PETS_CREDIT_low_eff_su2_r1_d6_b03__none,none,dynanoise,22730a71b34176a3ba37,1,0,0,0.5948499441146851,0.4051501154899597
PETS_CREDIT_low_eff_su2_r1_d6_b03__none,none,dynanoise,6af56a8b2e15acc1e086,1,1,1,0.4930664002895355,0.5069336295127869
PETS_CREDIT_low_eff_su2_r1_d6_b03__none,none,dynanoise,a6dfd0dc4ba32e6c00e6,1,0,0,0.5998764038085938,0.40012362599372864
PETS_CREDIT_low_eff_su2_r1_d6_b03__none,none,dynanoise,a5628044ec0880a52490,1,0,0,0.5078327059745789,0.49216729402542114
PETS_CREDIT_low_eff_su2_r1_d6_b03__none,none,dynanoise,4cfea97c73e6dbfbc698,1,0,0,0.5558223128318787,0.44417768716812134
PETS_CREDIT_low_eff_su2_r1_d6_b03__none,none,dynanoise,32babcc385bd70eddb90,1,0,0,0.5640790462493896,0.43592095375061035
PETS_CREDIT_low_eff_su2_r1_d6_b03__none,none,dynanoise,6093ce809aa33ce6693b,1,0,0,0.5509664416313171,0.44903355836868286
PETS_CREDIT_low_eff_su2_r1_d6_b03__none,none,dynanoise,78edbc6916b12b570866,1,1,1,0.46528536081314087,0.5347146391868591
PETS_CREDIT_low_eff_su2_r1_d6_b03__none,none,dynanoise,14865093b1485a5c3a41,1,1,0,0.5695214867591858,0.4304785132408142
PETS_CREDIT_low_eff_su2_r1_d6_b03__none,none,dynanoise,46dbe6ca2f4531385a05,1,0,0,0.5187294483184814,0.48127055168151855
PETS_CREDIT_low_eff_su2_r1_d6_b03__none,none,dynanoise,c9e5785745f04cec0d37,1,0,0,0.5263433456420898,0.47365665435791016
PETS_CREDIT_low_eff_su2_r1_d6_b03__none,none,dynanoise,1313972ddf1c6e9eb2c9,1,0,0,0.5316299200057983,0.46837007999420166
PETS_CREDIT_low_eff_su2_r1_d6_b03__none,none,dynanoise,42e9f06773aa97fa92d4,0,0,0,0.5530547499656677,0.4469452500343323
PETS_CREDIT_low_eff_su2_r1_d6_b03__none,none,dynanoise,7bfb843a13cff05233ad,0,0,0,0.5129770636558533,0.4870229959487915
PETS_CREDIT_low_eff_su2_r1_d6_b03__none,none,dynanoise,2218e6bd75832a43d007,0,0,0,0.5341988801956177,0.4658011198043823
PETS_CREDIT_low_eff_su2_r1_d6_b03__none,none,dynanoise,9bfd22e983b09efc4239,0,0,0,0.5594085454940796,0.4405914843082428
PETS_CREDIT_low_eff_su2_r1_d6_b03__none,none,dynanoise,34bfadccd6d7f30d94a1,0,0,0,0.5384587049484253,0.4615412950515747
PETS_CREDIT_low_eff_su2_r1_d6_b03__none,none,dynanoise,5f861fea617a3ee7da16,0,1,0,0.5315499305725098,0.46845006942749023
PETS_CREDIT_low_eff_su2_r1_d6_b03__none,none,dynanoise,3b2a390113c4d06485dc,0,0,0,0.5091333985328674,0.4908665716648102
PETS_CREDIT_low_eff_su2_r1_d6_b03__none,none,dynanoise,f1d5fbea8d8fc197f689,0,1,1,0.4846441447734833,0.5153558254241943
PETS_CREDIT_low_eff_su2_r1_d6_b03__none,none,dynanoise,a55e7f353f00168e8f2a,0,1,0,0.5390520095825195,0.46094799041748047
PETS_CREDIT_low_eff_su2_r1_d6_b03__none,none,dynanoise,7b2b85015deb930a73bd,0,0,1,0.4922099709510803,0.5077900290489197
PETS_CREDIT_low_eff_su2_r1_d6_b03__none,none,dynanoise,7990ceff4d0c77eeca8b,0,0,0,0.5044458508491516,0.4955541789531708
PETS_CREDIT_low_eff_su2_r1_d6_b03__none,none,dynanoise,4194c2831bd65263a55f,0,0,0,0.5190092921257019,0.4809906780719757
PETS_CREDIT_low_eff_su2_r1_d6_b03__none,none,dynanoise,89b5beeaae443f174906,0,0,0,0.5806081295013428,0.4193918704986572
PETS_CREDIT_low_eff_su2_r1_d6_b03__none,none,dynanoise,c9b90a5a5aabbbda656e,0,0,0,0.5358960032463074,0.464104026556015
PETS_CREDIT_low_eff_su2_r1_d6_b03__none,none,dynanoise,45e249d80792feb4d2d2,0,0,1,0.4972951114177704,0.5027048587799072
PETS_CREDIT_low_eff_su2_r1_d6_b03__none,none,dynanoise,ac4bb9f68cc026f7ef87,0,1,0,0.6202908158302307,0.3797091543674469
PETS_CREDIT_low_eff_su2_r1_d6_b03__none,none,dynanoise,2f4ee8e91be4e65736a4,0,0,0,0.5848754048347473,0.4151246249675751
PETS_CREDIT_low_eff_su2_r1_d6_b03__none,none,dynanoise,48db4133c9bf431ebe79,0,0,0,0.5088942050933838,0.4911058247089386
PETS_CREDIT_low_eff_su2_r1_d6_b03__none,none,dynanoise,25773551baf095668618,0,0,0,0.6514580249786377,0.3485419750213623
PETS_CREDIT_low_eff_su2_r1_d6_b03__none,none,dynanoise,a5648815fec59cd1c995,0,1,0,0.5000486373901367,0.49995139241218567
PETS_CREDIT_low_eff_su2_r1_d6_b03__none,none,dynanoise,d5e3f577c74cd5bde9ef,0,0,1,0.4831133782863617,0.5168866515159607
PETS_CREDIT_low_eff_su2_r1_d6_b03__none,none,dynanoise,90aa3dc827baf03a0b7f,0,0,0,0.5254530310630798,0.4745469391345978
PETS_CREDIT_low_eff_su2_r1_d6_b03__none,none,dynanoise,a4ed03b502889d9468c9,0,0,0,0.5865246653556824,0.4134753942489624
PETS_CREDIT_low_eff_su2_r1_d6_b03__none,none,dynanoise,72382fc3b364c3c36162,0,0,0,0.5601679086685181,0.43983209133148193
PETS_CREDIT_low_eff_su2_r1_d6_b03__none,none,dynanoise,9214bdad11cf5b0f5788,0,0,0,0.5643041729927063,0.4356958866119385
PETS_CREDIT_low_eff_su2_r1_d6_b03__none,none,dynanoise,b224dfc19404bbda9ee4,0,0,1,0.48134130239486694,0.5186586976051331
PETS_CREDIT_low_eff_su2_r1_d6_b03__none,none,dynanoise,150e2fdbb7bdebe9ab21,0,0,0,0.5743984580039978,0.4256015121936798
PETS_CREDIT_low_eff_su2_r1_d6_b03__none,none,dynanoise,e81e235b5be50fce8ed4,0,0,0,0.5541388392448425,0.4458611309528351
PETS_CREDIT_low_eff_su2_r1_d6_b03__none,none,dynanoise,a6f8faff37efe9eca5fe,0,0,0,0.568888783454895,0.4311111867427826
PETS_CREDIT_low_eff_su2_r1_d6_b03__none,none,dynanoise,444967b541f184305a6c,0,0,0,0.5083910226821899,0.49160897731781006
PETS_CREDIT_low_eff_su2_r1_d6_b03__none,none,dynanoise,b3648943abce0512f994,0,0,0,0.5612853169441223,0.4387147128582001
PETS_CREDIT_low_eff_su2_r1_d6_b03__none,none,dynanoise,f55dd0075c038f761436,0,0,0,0.5345535278320312,0.46544650197029114
PETS_CREDIT_low_eff_su2_r1_d6_b03__none,none,dynanoise,19eaeaae64289dba8ce8,0,1,0,0.5049917697906494,0.4950082004070282
PETS_CREDIT_low_eff_su2_r1_d6_b03__none,none,dynanoise,9af74acc6cc7a48f4fd9,0,0,0,0.5506579875946045,0.4493420124053955
PETS_CREDIT_low_eff_su2_r1_d6_b03__none,none,dynanoise,e26cf49baf1a8f2a6289,0,1,1,0.4844411015510559,0.5155588984489441
PETS_CREDIT_low_eff_su2_r1_d6_b03__none,none,dynanoise,4010d1d0fc60044b7e83,0,0,0,0.5701917409896851,0.42980825901031494
PETS_CREDIT_low_eff_su2_r1_d6_b03__none,none,dynanoise,6146ee4e50398bd2590b,0,0,1,0.4805851876735687,0.5194148421287537
PETS_CREDIT_low_eff_su2_r1_d6_b03__none,none,dynanoise,17405c31370c8de7f8b8,0,0,0,0.5713809132575989,0.4286191165447235
PETS_CREDIT_low_eff_su2_r1_d6_b03__none,none,dynanoise,471df40f4bdddddc09ec,0,1,0,0.5473908185958862,0.45260921120643616
PETS_CREDIT_low_eff_su2_r1_d6_b03__none,none,dynanoise,b38c56a4fffe98b7efc8,0,0,0,0.5581852197647095,0.4418147802352905
PETS_CREDIT_low_eff_su2_r1_d6_b03__none,none,dynanoise,69c16449e008d39bb994,0,0,0,0.5391930937767029,0.4608069062232971
PETS_CREDIT_low_eff_su2_r1_d6_b03__none,none,dynanoise,0748c8ca29b369b66e6f,0,1,0,0.6408190727233887,0.35918092727661133
PETS_CREDIT_low_eff_su2_r1_d6_b03__none,none,dynanoise,da3092a0e04488fc3d83,0,0,0,0.6382739543914795,0.3617260754108429
PETS_CREDIT_low_eff_su2_r1_d6_b03__none,none,dynanoise,74cb3d94d7d3fcb0963b,0,0,0,0.5839167833328247,0.4160831868648529
PETS_CREDIT_low_eff_su2_r1_d6_b03__none,none,dynanoise,3c4479d085b1b0ae10d8,0,0,0,0.5110124349594116,0.48898759484291077
PETS_CREDIT_low_eff_su2_r1_d6_b03__none,none,dynanoise,5960e131d3cbd3ac2bd9,0,0,0,0.5533672571182251,0.4466327726840973
PETS_CREDIT_low_eff_su2_r1_d6_b03__none,none,dynanoise,3122b20f9c469ddb4810,0,0,0,0.5153680443763733,0.4846319556236267
PETS_CREDIT_low_eff_su2_r1_d6_b03__none,none,dynanoise,5f5253b7ee72fa683082,0,0,0,0.530176043510437,0.4698239862918854
PETS_CREDIT_low_eff_su2_r1_d6_b03__none,none,dynanoise,2478313b949e4a19fec5,0,1,0,0.5018032789230347,0.49819672107696533
PETS_CREDIT_low_eff_su2_r1_d6_b03__none,none,dynanoise,6803403d6e57131ab879,0,0,0,0.5959062576293945,0.40409374237060547
PETS_CREDIT_low_eff_su2_r1_d6_b03__none,none,dynanoise,5628f53706485c5a34f9,0,0,0,0.5264520645141602,0.4735479950904846
PETS_CREDIT_low_eff_su2_r1_d6_b03__none,none,dynanoise,e3aa42e9baae40909b2c,0,0,0,0.5038045048713684,0.496195524930954
PETS_CREDIT_low_eff_su2_r1_d6_b03__none,none,dynanoise,50a0be37bf2f275bd4d6,0,0,0,0.5318504571914673,0.4681495428085327
PETS_CREDIT_low_eff_su2_r1_d6_b03__none,none,dynanoise,87b361e38d3a033e0147,0,0,0,0.5654153227806091,0.4345846474170685
PETS_CREDIT_low_eff_su2_r1_d6_b03__none,none,dynanoise,10adaa08b0205f280a31,0,1,0,0.5209155678749084,0.47908443212509155
PETS_CREDIT_low_eff_su2_r1_d6_b03__none,none,dynanoise,9d233cff809c5f6dd546,0,1,0,0.5373573303222656,0.46264269948005676
PETS_CREDIT_low_eff_su2_r1_d6_b03__none,none,dynanoise,baf60f731977893683c9,0,0,0,0.5265934467315674,0.4734066128730774
PETS_CREDIT_low_eff_su2_r1_d6_b03__none,none,dynanoise,91f87ca67e3c04007486,0,1,0,0.5574427843093872,0.4425572454929352
PETS_CREDIT_low_eff_su2_r1_d6_b03__none,none,dynanoise,8273cd051f4f3c543c72,0,0,1,0.4907360076904297,0.5092639923095703
PETS_CREDIT_low_eff_su2_r1_d6_b03__none,none,dynanoise,01c60ffe9b042bc05cfc,0,0,0,0.5417157411575317,0.45828428864479065
PETS_CREDIT_low_eff_su2_r1_d6_b03__none,none,dynanoise,da5f5efb7790004fff98,0,1,0,0.5046219229698181,0.4953780472278595
PETS_CREDIT_low_eff_su2_r1_d6_b03__none,none,dynanoise,d545cdd659f37acdba6c,0,1,0,0.5423809885978699,0.4576190114021301
PETS_CREDIT_low_eff_su2_r1_d6_b03__none,none,dynanoise,3e5959b02df8356effc1,0,0,0,0.5626800060272217,0.4373200237751007
PETS_CREDIT_low_eff_su2_r1_d6_b03__none,none,dynanoise,236eaf6e697017b75006,0,0,0,0.5156702995300293,0.4843296706676483
PETS_CREDIT_low_eff_su2_r1_d6_b03__none,none,dynanoise,2ca770f234439727c33f,0,0,0,0.614120602607727,0.38587942719459534
PETS_CREDIT_low_eff_su2_r1_d6_b03__none,none,dynanoise,9fe9252c0b576d892b50,0,0,0,0.5222125053405762,0.47778746485710144
PETS_CREDIT_low_eff_su2_r1_d6_b03__none,none,dynanoise,f22d9a5133c174dae56c,0,0,0,0.5281745791435242,0.4718254506587982
PETS_CREDIT_low_eff_su2_r1_d6_b03__none,none,dynanoise,02d132ee580866ee41a8,0,0,0,0.5262262225151062,0.4737737774848938
PETS_CREDIT_low_eff_su2_r1_d6_b03__none,none,dynanoise,323bc2b7ded81007c10b,0,0,0,0.5849838852882385,0.4150161147117615
PETS_CREDIT_low_eff_su2_r1_d6_b03__none,none,dynanoise,7eb02391460879bfe425,0,1,0,0.5009244680404663,0.49907559156417847
PETS_CREDIT_low_eff_su2_r1_d6_b03__none,none,dynanoise,8023a2850646517888f6,0,0,0,0.5230273604393005,0.47697266936302185
PETS_CREDIT_low_eff_su2_r1_d6_b03__none,none,dynanoise,c80e702330688e6c3640,0,0,0,0.5224473476409912,0.4775526821613312
PETS_CREDIT_low_eff_su2_r1_d6_b03__none,none,dynanoise,3e01576c4964ce1df77e,0,0,0,0.5857389569282532,0.41426101326942444
PETS_CREDIT_low_eff_su2_r1_d6_b03__none,none,dynanoise,d8bd80969a4223b1746d,0,0,0,0.5380962491035461,0.46190381050109863
PETS_CREDIT_low_eff_su2_r1_d6_b03__none,none,dynanoise,c98e7a188d21f2d4c7c5,0,0,0,0.5044381022453308,0.4955619275569916
PETS_CREDIT_low_eff_su2_r1_d6_b03__none,none,dynanoise,a53b6f24d57097d0166f,0,0,0,0.5237591862678528,0.4762408137321472
PETS_CREDIT_low_eff_su2_r1_d6_b03__none,none,dynanoise,8b702b29b3bba3c0c011,0,0,0,0.5030763745307922,0.49692362546920776
PETS_CREDIT_low_eff_su2_r1_d6_b03__none,none,dynanoise,5808218040029ad54abc,0,0,0,0.5098515748977661,0.4901484251022339
PETS_CREDIT_low_eff_su2_r1_d6_b03__none,none,dynanoise,2cdf0f49b2642481ca8f,0,1,0,0.6021810173988342,0.39781898260116577
PETS_CREDIT_low_eff_su2_r1_d6_b03__none,none,dynanoise,d8141fe3b07ab69c0481,0,0,0,0.5460461378097534,0.4539538323879242
PETS_CREDIT_low_eff_su2_r1_d6_b03__none,none,dynanoise,a2d2d92e2ba800faa946,0,1,1,0.4988361895084381,0.5011638402938843
PETS_CREDIT_low_eff_su2_r1_d6_b03__none,none,dynanoise,657f767276025ad88617,0,0,0,0.5908116698265076,0.40918830037117004
PETS_CREDIT_low_eff_su2_r1_d6_b03__none,none,dynanoise,21cc40e171d11484f55e,0,0,0,0.5532240867614746,0.4467759132385254
PETS_CREDIT_low_eff_su2_r1_d6_b03__none,none,dynanoise,68458c3065d2ff08346a,0,0,0,0.5872677564620972,0.4127322733402252
PETS_CREDIT_low_eff_su2_r1_d6_b03__none,none,dynanoise,b690772de8eb14084d30,0,1,0,0.5261214971542358,0.47387853264808655
PETS_CREDIT_low_eff_su2_r1_d6_b03__none,none,dynanoise,0f0ec6f2889f1d9d2876,0,0,0,0.5954504013061523,0.40454956889152527
PETS_CREDIT_low_eff_su2_r1_d6_b03__none,none,dynanoise,18bbbff1da0a4760b6ff,0,0,1,0.4892752468585968,0.5107247233390808
PETS_CREDIT_low_eff_su2_r1_d6_b03__none,none,dynanoise,5718ce19a4a1c640caac,0,0,0,0.5217705965042114,0.47822943329811096
PETS_CREDIT_low_eff_su2_r1_d6_b03__none,none,dynanoise,5c1eaee6580358b55afc,0,0,0,0.5275216102600098,0.47247838973999023
PETS_CREDIT_low_eff_su2_r1_d6_b03__none,none,dynanoise,0835edef9bf74dc85154,0,1,0,0.5505635142326355,0.4494364559650421
PETS_CREDIT_low_eff_su2_r1_d6_b03__none,none,dynanoise,05e7a2529d248075df48,0,0,1,0.474897176027298,0.5251028537750244
PETS_CREDIT_low_eff_su2_r1_d6_b03__none,none,dynanoise,71f1648b8b8cb6d1277e,0,0,0,0.5463741421699524,0.4536258578300476
PETS_CREDIT_low_eff_su2_r1_d6_b03__none,none,dynanoise,cb39c23acaa500033ed0,0,0,0,0.5463589429855347,0.45364105701446533
PETS_CREDIT_low_eff_su2_r1_d6_b03__none,none,dynanoise,c55786a9941cc04c9348,0,0,0,0.5460838675498962,0.45391613245010376
PETS_CREDIT_low_eff_su2_r1_d6_b03__none,none,dynanoise,cc92f2b4b36f95de3e7f,0,0,1,0.492604523897171,0.5073955059051514
PETS_CREDIT_low_eff_su2_r1_d6_b03__none,none,dynanoise,4c3cfe1fe9e491bb9c0e,0,1,0,0.5130653381347656,0.48693469166755676
PETS_CREDIT_low_eff_su2_r1_d6_b03__none,none,dynanoise,fa91758004730bf9cef8,0,1,0,0.5477786064147949,0.45222142338752747
PETS_CREDIT_low_eff_su2_r1_d6_b03__none,none,dynanoise,b78fcdfd9fe43578fef1,0,0,0,0.6308165788650513,0.36918342113494873
PETS_CREDIT_low_eff_su2_r1_d6_b03__none,none,dynanoise,27103d15734219f0d343,0,0,0,0.5371522903442383,0.4628477394580841
PETS_CREDIT_low_eff_su2_r1_d6_b03__none,none,dynanoise,36f760028306a12bff25,0,0,0,0.5833641290664673,0.4166358411312103
PETS_CREDIT_low_eff_su2_r1_d6_b03__none,none,hamp_output,619b46d6086e6aad3d84,1,0,0,0.825688362121582,0.17431165277957916
PETS_CREDIT_low_eff_su2_r1_d6_b03__none,none,hamp_output,5e48c11768cb070aefe6,1,0,0,0.7741108536720276,0.2258891463279724
PETS_CREDIT_low_eff_su2_r1_d6_b03__none,none,hamp_output,7105743f10682ac4a1cc,1,0,0,0.876919150352478,0.12308086454868317
PETS_CREDIT_low_eff_su2_r1_d6_b03__none,none,hamp_output,272c38b1ecd099be7890,1,0,0,0.7783727049827576,0.221627339720726
PETS_CREDIT_low_eff_su2_r1_d6_b03__none,none,hamp_output,6f47824d3363865de61a,1,0,0,0.515171229839325,0.4848288297653198
PETS_CREDIT_low_eff_su2_r1_d6_b03__none,none,hamp_output,b0f47ae4b56b3aa4d111,1,1,1,0.44889673590660095,0.5511032342910767
PETS_CREDIT_low_eff_su2_r1_d6_b03__none,none,hamp_output,f073d35785cf76f1409c,1,0,0,0.8565620183944702,0.14343804121017456
PETS_CREDIT_low_eff_su2_r1_d6_b03__none,none,hamp_output,01e7168ae2a624ff9916,1,1,1,0.19436511397361755,0.8056348562240601
PETS_CREDIT_low_eff_su2_r1_d6_b03__none,none,hamp_output,1c7eb9e50fc08e5f8cf0,1,1,0,0.9663098454475403,0.0336902029812336
PETS_CREDIT_low_eff_su2_r1_d6_b03__none,none,hamp_output,8f95586c1c6fb3f2a750,1,0,0,0.6870008111000061,0.3129991590976715
PETS_CREDIT_low_eff_su2_r1_d6_b03__none,none,hamp_output,2c2eb339de59d2b86f66,1,0,0,0.5583848357200623,0.44161519408226013
PETS_CREDIT_low_eff_su2_r1_d6_b03__none,none,hamp_output,ab00e756b29c98fd6674,1,0,0,0.9202507138252258,0.07974928617477417
PETS_CREDIT_low_eff_su2_r1_d6_b03__none,none,hamp_output,70d271c728323ea28d90,1,0,0,0.8556103706359863,0.14438962936401367
PETS_CREDIT_low_eff_su2_r1_d6_b03__none,none,hamp_output,69ef03b5c6f4f7ecef33,1,0,0,0.7514668703079224,0.24853307008743286
PETS_CREDIT_low_eff_su2_r1_d6_b03__none,none,hamp_output,eb849709f12c60edd50b,1,0,0,0.7084522247314453,0.2915477752685547
PETS_CREDIT_low_eff_su2_r1_d6_b03__none,none,hamp_output,ab97fae957e08270ffce,1,1,0,0.7819578647613525,0.21804216504096985
PETS_CREDIT_low_eff_su2_r1_d6_b03__none,none,hamp_output,e07f107ec2deef516f4f,1,0,0,0.8339062333106995,0.16609372198581696
PETS_CREDIT_low_eff_su2_r1_d6_b03__none,none,hamp_output,88b1c0733571d25bdfa5,1,0,0,0.6529480218887329,0.3470519781112671
PETS_CREDIT_low_eff_su2_r1_d6_b03__none,none,hamp_output,b84ff32b3c14263b0dd5,1,0,0,0.6954433917999268,0.30455663800239563
PETS_CREDIT_low_eff_su2_r1_d6_b03__none,none,hamp_output,9fc5fbe55717fe6862a4,1,1,0,0.9587364196777344,0.0412636362016201
PETS_CREDIT_low_eff_su2_r1_d6_b03__none,none,hamp_output,9eb158e3cbe5bc901e26,1,0,0,0.9486221075057983,0.05137791857123375
PETS_CREDIT_low_eff_su2_r1_d6_b03__none,none,hamp_output,09c28941e61886717e09,1,0,0,0.5442492365837097,0.4557507336139679
PETS_CREDIT_low_eff_su2_r1_d6_b03__none,none,hamp_output,196d92dfff0523a23237,1,0,0,0.887948751449585,0.11205118894577026
PETS_CREDIT_low_eff_su2_r1_d6_b03__none,none,hamp_output,0ffd3e39286157b02ad4,1,0,0,0.9714582562446594,0.02854176238179207
PETS_CREDIT_low_eff_su2_r1_d6_b03__none,none,hamp_output,25bed8f88a506c4cc366,1,0,0,0.6826919913291931,0.3173079788684845
PETS_CREDIT_low_eff_su2_r1_d6_b03__none,none,hamp_output,a62d80fa1349c54517ce,1,0,0,0.6728962659835815,0.32710370421409607
PETS_CREDIT_low_eff_su2_r1_d6_b03__none,none,hamp_output,08a6c27fcb32f81ff375,1,0,0,0.8126658797264099,0.18733417987823486
PETS_CREDIT_low_eff_su2_r1_d6_b03__none,none,hamp_output,26f8e0268dd95cba45fd,1,0,0,0.9105046391487122,0.08949539065361023
PETS_CREDIT_low_eff_su2_r1_d6_b03__none,none,hamp_output,f332cc500c7a62b19024,1,0,0,0.8788102865219116,0.121189646422863
PETS_CREDIT_low_eff_su2_r1_d6_b03__none,none,hamp_output,bfa7b1aca5d187760a16,1,0,0,0.917853593826294,0.08214642107486725
PETS_CREDIT_low_eff_su2_r1_d6_b03__none,none,hamp_output,d1d396dc69ac0aeade66,1,0,0,0.5175195336341858,0.4824804663658142
PETS_CREDIT_low_eff_su2_r1_d6_b03__none,none,hamp_output,092efc45ab978715a8fa,1,0,0,0.9432087540626526,0.056791242212057114
PETS_CREDIT_low_eff_su2_r1_d6_b03__none,none,hamp_output,d8e3c3c718aea110b2d9,1,1,1,0.010897573083639145,0.9891024231910706
PETS_CREDIT_low_eff_su2_r1_d6_b03__none,none,hamp_output,2c3058336909d855b1f0,1,0,0,0.8098949193954468,0.19010500609874725
PETS_CREDIT_low_eff_su2_r1_d6_b03__none,none,hamp_output,006df97946d214e0111f,1,1,0,0.9530012011528015,0.04699879512190819
PETS_CREDIT_low_eff_su2_r1_d6_b03__none,none,hamp_output,4b8fbfef25d81e60d4a6,1,0,0,0.9235708117485046,0.07642921060323715
PETS_CREDIT_low_eff_su2_r1_d6_b03__none,none,hamp_output,5cb75d859aa2d3df94b0,1,0,0,0.840755045413971,0.15924501419067383
PETS_CREDIT_low_eff_su2_r1_d6_b03__none,none,hamp_output,82d40bd4122f5c76cdfb,1,0,0,0.8634226322174072,0.13657739758491516
PETS_CREDIT_low_eff_su2_r1_d6_b03__none,none,hamp_output,f05df67fe5ac7ed38643,1,1,1,0.2710719406604767,0.7289280891418457
PETS_CREDIT_low_eff_su2_r1_d6_b03__none,none,hamp_output,0772d1e68bccea98e68f,1,0,0,0.8487911820411682,0.15120883285999298
PETS_CREDIT_low_eff_su2_r1_d6_b03__none,none,hamp_output,a1b01a469dc7802f51d3,1,0,0,0.9242986440658569,0.07570134103298187
PETS_CREDIT_low_eff_su2_r1_d6_b03__none,none,hamp_output,108acbd92e651db6ac49,1,1,1,0.07943890243768692,0.9205610752105713
PETS_CREDIT_low_eff_su2_r1_d6_b03__none,none,hamp_output,c75c31af2389cc3a594f,1,0,1,0.018823448568582535,0.9811765551567078
PETS_CREDIT_low_eff_su2_r1_d6_b03__none,none,hamp_output,2379dd478643b9cc0bc1,1,0,0,0.7732176780700684,0.22678235173225403
PETS_CREDIT_low_eff_su2_r1_d6_b03__none,none,hamp_output,7673e8a0f0b037cc51e5,1,0,0,0.8357200026512146,0.1642800271511078
PETS_CREDIT_low_eff_su2_r1_d6_b03__none,none,hamp_output,7c7fe88dcec806be29da,1,0,0,0.6768919229507446,0.32310810685157776
PETS_CREDIT_low_eff_su2_r1_d6_b03__none,none,hamp_output,07d4d260e30d7cf5b71f,1,0,0,0.6886594891548157,0.3113405108451843
PETS_CREDIT_low_eff_su2_r1_d6_b03__none,none,hamp_output,d75c3e52dbcaf5a5ec2a,1,0,0,0.9846813678741455,0.015318628400564194
PETS_CREDIT_low_eff_su2_r1_d6_b03__none,none,hamp_output,d2c3d34fb102babfa194,1,1,0,0.661014199256897,0.33898577094078064
PETS_CREDIT_low_eff_su2_r1_d6_b03__none,none,hamp_output,92516ca36411fad7d9c9,1,0,0,0.5422089099884033,0.45779114961624146
PETS_CREDIT_low_eff_su2_r1_d6_b03__none,none,hamp_output,1dd9f8371cdcaa1758b3,1,0,0,0.685493528842926,0.314506471157074
PETS_CREDIT_low_eff_su2_r1_d6_b03__none,none,hamp_output,8fe0ac3103b5acc00cdc,1,0,0,0.5091792941093445,0.49082067608833313
PETS_CREDIT_low_eff_su2_r1_d6_b03__none,none,hamp_output,c3a59fc71e20658f6341,1,0,0,0.6080691814422607,0.39193084836006165
PETS_CREDIT_low_eff_su2_r1_d6_b03__none,none,hamp_output,434123980ae7f6c38b02,1,0,0,0.6832177042961121,0.3167823553085327
PETS_CREDIT_low_eff_su2_r1_d6_b03__none,none,hamp_output,6bf07a3ff23f9e3249c5,1,1,0,0.7570739984512329,0.24292601644992828
PETS_CREDIT_low_eff_su2_r1_d6_b03__none,none,hamp_output,e030c0aa4ae0f1011f2f,1,1,1,0.09554243087768555,0.9044575691223145
PETS_CREDIT_low_eff_su2_r1_d6_b03__none,none,hamp_output,8120fa8a41158dba642d,1,0,0,0.8804842829704285,0.11951574683189392
PETS_CREDIT_low_eff_su2_r1_d6_b03__none,none,hamp_output,66fa33821884d4568b02,1,1,0,0.7763432860374451,0.2236567586660385
PETS_CREDIT_low_eff_su2_r1_d6_b03__none,none,hamp_output,ae1704e8283a10912765,1,0,0,0.9009210467338562,0.09907899051904678
PETS_CREDIT_low_eff_su2_r1_d6_b03__none,none,hamp_output,72bf8a475d5aa5538cd3,1,0,0,0.8120601773262024,0.18793974816799164
PETS_CREDIT_low_eff_su2_r1_d6_b03__none,none,hamp_output,c4b2c9357254e51af6a9,1,1,0,0.9384565949440002,0.061543453484773636
PETS_CREDIT_low_eff_su2_r1_d6_b03__none,none,hamp_output,4def6ca8e27be84aeb54,1,1,0,0.612808346748352,0.38719168305397034
PETS_CREDIT_low_eff_su2_r1_d6_b03__none,none,hamp_output,a5b1091e7ec67f7a06ed,1,0,0,0.7464351654052734,0.25356486439704895
PETS_CREDIT_low_eff_su2_r1_d6_b03__none,none,hamp_output,daf2c33eb0f2b7518584,1,0,0,0.5904117822647095,0.4095882475376129
PETS_CREDIT_low_eff_su2_r1_d6_b03__none,none,hamp_output,6e144bf85d42e3ac6fae,1,0,0,0.7431870698928833,0.2568129301071167
PETS_CREDIT_low_eff_su2_r1_d6_b03__none,none,hamp_output,f97851146238bb9a3754,1,0,0,0.7224792838096619,0.27752068638801575
PETS_CREDIT_low_eff_su2_r1_d6_b03__none,none,hamp_output,5d21e75cb6066696e6e2,1,0,0,0.795417308807373,0.20458270609378815
PETS_CREDIT_low_eff_su2_r1_d6_b03__none,none,hamp_output,4aa64c627cb9b82d7f42,1,0,0,0.844437301158905,0.15556272864341736
PETS_CREDIT_low_eff_su2_r1_d6_b03__none,none,hamp_output,c50e57ca37a497df3a13,1,0,0,0.8252789378166199,0.17472107708454132
PETS_CREDIT_low_eff_su2_r1_d6_b03__none,none,hamp_output,c0daa10532a8487ca803,1,1,1,0.13307751715183258,0.8669224977493286
PETS_CREDIT_low_eff_su2_r1_d6_b03__none,none,hamp_output,00405a37dd709b2d51a8,1,0,0,0.8446456789970398,0.1553543657064438
PETS_CREDIT_low_eff_su2_r1_d6_b03__none,none,hamp_output,5f9c02f5ec03a28e4f53,1,0,0,0.8507641553878784,0.14923584461212158
PETS_CREDIT_low_eff_su2_r1_d6_b03__none,none,hamp_output,ac5f40db5db91c18a83b,1,0,0,0.7692511081695557,0.23074887692928314
PETS_CREDIT_low_eff_su2_r1_d6_b03__none,none,hamp_output,5584930e99aa4007d628,1,0,0,0.7149792909622192,0.28502070903778076
PETS_CREDIT_low_eff_su2_r1_d6_b03__none,none,hamp_output,0674ce029ebb21d32e38,1,0,0,0.5860865712165833,0.41391339898109436
PETS_CREDIT_low_eff_su2_r1_d6_b03__none,none,hamp_output,6c0e663b6848864dc914,1,0,0,0.7277479767799377,0.27225202322006226
PETS_CREDIT_low_eff_su2_r1_d6_b03__none,none,hamp_output,7ce1135db7560daf7e70,1,0,0,0.7161735892295837,0.28382644057273865
PETS_CREDIT_low_eff_su2_r1_d6_b03__none,none,hamp_output,70e46e61db439dd8e308,1,0,0,0.77638179063797,0.2236182689666748
PETS_CREDIT_low_eff_su2_r1_d6_b03__none,none,hamp_output,aaca4c9adb936209ae4f,1,1,1,0.09160982072353363,0.9083901643753052
PETS_CREDIT_low_eff_su2_r1_d6_b03__none,none,hamp_output,3ac7ac4bc65a6ffec899,1,0,0,0.829197347164154,0.17080262303352356
PETS_CREDIT_low_eff_su2_r1_d6_b03__none,none,hamp_output,c536d8f2ff559c7756e7,1,1,0,0.943474292755127,0.05652564391493797
PETS_CREDIT_low_eff_su2_r1_d6_b03__none,none,hamp_output,16e3ff8c6f696f231824,1,0,0,0.9915893077850342,0.008410711772739887
PETS_CREDIT_low_eff_su2_r1_d6_b03__none,none,hamp_output,dba69027df0122535f19,1,0,0,0.8254955410957336,0.17450442910194397
PETS_CREDIT_low_eff_su2_r1_d6_b03__none,none,hamp_output,973b363916938dbaaf31,1,0,0,0.8081220984458923,0.19187791645526886
PETS_CREDIT_low_eff_su2_r1_d6_b03__none,none,hamp_output,6ea2a519a69c09016323,1,1,1,0.011266927234828472,0.9887330532073975
PETS_CREDIT_low_eff_su2_r1_d6_b03__none,none,hamp_output,26b6a5da65cdaeb8e184,1,0,0,0.7619373202323914,0.23806270956993103
PETS_CREDIT_low_eff_su2_r1_d6_b03__none,none,hamp_output,c053f623dd8f2bfb7915,1,0,0,0.8058639764785767,0.19413596391677856
PETS_CREDIT_low_eff_su2_r1_d6_b03__none,none,hamp_output,0a09121dee0e5db09dfe,1,0,0,0.695968508720398,0.30403146147727966
PETS_CREDIT_low_eff_su2_r1_d6_b03__none,none,hamp_output,22730a71b34176a3ba37,1,0,0,0.872689425945282,0.1273106336593628
PETS_CREDIT_low_eff_su2_r1_d6_b03__none,none,hamp_output,6af56a8b2e15acc1e086,1,1,0,0.9597420692443848,0.04025794938206673
PETS_CREDIT_low_eff_su2_r1_d6_b03__none,none,hamp_output,a6dfd0dc4ba32e6c00e6,1,0,0,0.9479327201843262,0.05206723511219025
PETS_CREDIT_low_eff_su2_r1_d6_b03__none,none,hamp_output,a5628044ec0880a52490,1,0,0,0.8587040901184082,0.14129593968391418
PETS_CREDIT_low_eff_su2_r1_d6_b03__none,none,hamp_output,4cfea97c73e6dbfbc698,1,0,0,0.7820472717285156,0.21795274317264557
PETS_CREDIT_low_eff_su2_r1_d6_b03__none,none,hamp_output,32babcc385bd70eddb90,1,0,0,0.7801022529602051,0.21989773213863373
PETS_CREDIT_low_eff_su2_r1_d6_b03__none,none,hamp_output,6093ce809aa33ce6693b,1,0,0,0.5796067714691162,0.42039328813552856
PETS_CREDIT_low_eff_su2_r1_d6_b03__none,none,hamp_output,78edbc6916b12b570866,1,1,0,0.599267303943634,0.40073269605636597
PETS_CREDIT_low_eff_su2_r1_d6_b03__none,none,hamp_output,14865093b1485a5c3a41,1,1,0,0.7883985638618469,0.2116014063358307
PETS_CREDIT_low_eff_su2_r1_d6_b03__none,none,hamp_output,46dbe6ca2f4531385a05,1,0,0,0.7179979085922241,0.28200215101242065
PETS_CREDIT_low_eff_su2_r1_d6_b03__none,none,hamp_output,c9e5785745f04cec0d37,1,0,0,0.7894271016120911,0.21057291328907013
PETS_CREDIT_low_eff_su2_r1_d6_b03__none,none,hamp_output,1313972ddf1c6e9eb2c9,1,0,0,0.9524729251861572,0.047527115792036057
PETS_CREDIT_low_eff_su2_r1_d6_b03__none,none,hamp_output,42e9f06773aa97fa92d4,0,0,0,0.6724427938461304,0.32755720615386963
PETS_CREDIT_low_eff_su2_r1_d6_b03__none,none,hamp_output,7bfb843a13cff05233ad,0,0,0,0.8556522130966187,0.14434783160686493
PETS_CREDIT_low_eff_su2_r1_d6_b03__none,none,hamp_output,2218e6bd75832a43d007,0,0,0,0.8895337581634521,0.11046628654003143
PETS_CREDIT_low_eff_su2_r1_d6_b03__none,none,hamp_output,9bfd22e983b09efc4239,0,0,0,0.8622759580612183,0.13772405683994293
PETS_CREDIT_low_eff_su2_r1_d6_b03__none,none,hamp_output,34bfadccd6d7f30d94a1,0,0,0,0.6452389359474182,0.3547610640525818
PETS_CREDIT_low_eff_su2_r1_d6_b03__none,none,hamp_output,5f861fea617a3ee7da16,0,1,0,0.9305868744850159,0.06941315531730652
PETS_CREDIT_low_eff_su2_r1_d6_b03__none,none,hamp_output,3b2a390113c4d06485dc,0,0,0,0.734430193901062,0.2655698359012604
PETS_CREDIT_low_eff_su2_r1_d6_b03__none,none,hamp_output,f1d5fbea8d8fc197f689,0,1,0,0.66717928647995,0.33282071352005005
PETS_CREDIT_low_eff_su2_r1_d6_b03__none,none,hamp_output,a55e7f353f00168e8f2a,0,1,0,0.8866086006164551,0.11339140683412552
PETS_CREDIT_low_eff_su2_r1_d6_b03__none,none,hamp_output,7b2b85015deb930a73bd,0,0,1,0.16781413555145264,0.8321859240531921
PETS_CREDIT_low_eff_su2_r1_d6_b03__none,none,hamp_output,7990ceff4d0c77eeca8b,0,0,0,0.5173885822296143,0.48261138796806335
PETS_CREDIT_low_eff_su2_r1_d6_b03__none,none,hamp_output,4194c2831bd65263a55f,0,0,0,0.9491207599639893,0.050879254937171936
PETS_CREDIT_low_eff_su2_r1_d6_b03__none,none,hamp_output,89b5beeaae443f174906,0,0,0,0.9593507647514343,0.040649235248565674
PETS_CREDIT_low_eff_su2_r1_d6_b03__none,none,hamp_output,c9b90a5a5aabbbda656e,0,0,0,0.8308082818984985,0.16919173300266266
PETS_CREDIT_low_eff_su2_r1_d6_b03__none,none,hamp_output,45e249d80792feb4d2d2,0,0,0,0.9305433630943298,0.06945662945508957
PETS_CREDIT_low_eff_su2_r1_d6_b03__none,none,hamp_output,ac4bb9f68cc026f7ef87,0,1,0,0.9725262522697449,0.02747376635670662
PETS_CREDIT_low_eff_su2_r1_d6_b03__none,none,hamp_output,2f4ee8e91be4e65736a4,0,0,0,0.7721396088600159,0.22786037623882294
PETS_CREDIT_low_eff_su2_r1_d6_b03__none,none,hamp_output,48db4133c9bf431ebe79,0,0,1,0.20776130259037018,0.792238712310791
PETS_CREDIT_low_eff_su2_r1_d6_b03__none,none,hamp_output,25773551baf095668618,0,0,0,0.8568933606147766,0.14310666918754578
PETS_CREDIT_low_eff_su2_r1_d6_b03__none,none,hamp_output,a5648815fec59cd1c995,0,1,0,0.515953004360199,0.484046995639801
PETS_CREDIT_low_eff_su2_r1_d6_b03__none,none,hamp_output,d5e3f577c74cd5bde9ef,0,0,1,0.18622006475925446,0.8137799501419067
PETS_CREDIT_low_eff_su2_r1_d6_b03__none,none,hamp_output,90aa3dc827baf03a0b7f,0,0,0,0.8132145404815674,0.18678545951843262
PETS_CREDIT_low_eff_su2_r1_d6_b03__none,none,hamp_output,a4ed03b502889d9468c9,0,0,0,0.8145285844802856,0.18547140061855316
PETS_CREDIT_low_eff_su2_r1_d6_b03__none,none,hamp_output,72382fc3b364c3c36162,0,0,0,0.5493993759155273,0.45060065388679504
PETS_CREDIT_low_eff_su2_r1_d6_b03__none,none,hamp_output,9214bdad11cf5b0f5788,0,0,0,0.9259328246116638,0.07406719774007797
PETS_CREDIT_low_eff_su2_r1_d6_b03__none,none,hamp_output,b224dfc19404bbda9ee4,0,0,1,0.3842039108276367,0.6157960891723633
PETS_CREDIT_low_eff_su2_r1_d6_b03__none,none,hamp_output,150e2fdbb7bdebe9ab21,0,0,0,0.6986812949180603,0.3013186752796173
PETS_CREDIT_low_eff_su2_r1_d6_b03__none,none,hamp_output,e81e235b5be50fce8ed4,0,0,0,0.896216094493866,0.10378393530845642
PETS_CREDIT_low_eff_su2_r1_d6_b03__none,none,hamp_output,a6f8faff37efe9eca5fe,0,0,0,0.9374582171440125,0.06254175305366516
PETS_CREDIT_low_eff_su2_r1_d6_b03__none,none,hamp_output,444967b541f184305a6c,0,0,0,0.5549124479293823,0.44508758187294006
PETS_CREDIT_low_eff_su2_r1_d6_b03__none,none,hamp_output,b3648943abce0512f994,0,0,0,0.7006664872169495,0.2993335425853729
PETS_CREDIT_low_eff_su2_r1_d6_b03__none,none,hamp_output,f55dd0075c038f761436,0,0,0,0.914395272731781,0.08560474961996078
PETS_CREDIT_low_eff_su2_r1_d6_b03__none,none,hamp_output,19eaeaae64289dba8ce8,0,1,0,0.8336406350135803,0.16635936498641968
PETS_CREDIT_low_eff_su2_r1_d6_b03__none,none,hamp_output,9af74acc6cc7a48f4fd9,0,0,0,0.8381440043449402,0.16185598075389862
PETS_CREDIT_low_eff_su2_r1_d6_b03__none,none,hamp_output,e26cf49baf1a8f2a6289,0,1,0,0.5773851275444031,0.4226149320602417
PETS_CREDIT_low_eff_su2_r1_d6_b03__none,none,hamp_output,4010d1d0fc60044b7e83,0,0,0,0.8540798425674438,0.14592015743255615
PETS_CREDIT_low_eff_su2_r1_d6_b03__none,none,hamp_output,6146ee4e50398bd2590b,0,0,0,0.649227499961853,0.350772500038147
PETS_CREDIT_low_eff_su2_r1_d6_b03__none,none,hamp_output,17405c31370c8de7f8b8,0,0,0,0.9593876004219055,0.040612395852804184
PETS_CREDIT_low_eff_su2_r1_d6_b03__none,none,hamp_output,471df40f4bdddddc09ec,0,1,0,0.8967211842536926,0.10327881574630737
PETS_CREDIT_low_eff_su2_r1_d6_b03__none,none,hamp_output,b38c56a4fffe98b7efc8,0,0,0,0.9387996196746826,0.06120040640234947
PETS_CREDIT_low_eff_su2_r1_d6_b03__none,none,hamp_output,69c16449e008d39bb994,0,0,0,0.7795256972312927,0.22047436237335205
PETS_CREDIT_low_eff_su2_r1_d6_b03__none,none,hamp_output,0748c8ca29b369b66e6f,0,1,0,0.7814868092536926,0.21851322054862976
PETS_CREDIT_low_eff_su2_r1_d6_b03__none,none,hamp_output,da3092a0e04488fc3d83,0,0,0,0.9402878880500793,0.059712156653404236
PETS_CREDIT_low_eff_su2_r1_d6_b03__none,none,hamp_output,74cb3d94d7d3fcb0963b,0,0,0,0.8554435968399048,0.1445564329624176
PETS_CREDIT_low_eff_su2_r1_d6_b03__none,none,hamp_output,3c4479d085b1b0ae10d8,0,0,1,0.18711787462234497,0.8128820657730103
PETS_CREDIT_low_eff_su2_r1_d6_b03__none,none,hamp_output,5960e131d3cbd3ac2bd9,0,0,0,0.8993198275566101,0.10068019479513168
PETS_CREDIT_low_eff_su2_r1_d6_b03__none,none,hamp_output,3122b20f9c469ddb4810,0,0,0,0.6839980483055115,0.31600192189216614
PETS_CREDIT_low_eff_su2_r1_d6_b03__none,none,hamp_output,5f5253b7ee72fa683082,0,0,0,0.9076218008995056,0.09237822145223618
PETS_CREDIT_low_eff_su2_r1_d6_b03__none,none,hamp_output,2478313b949e4a19fec5,0,1,1,0.3980232775211334,0.6019766926765442
PETS_CREDIT_low_eff_su2_r1_d6_b03__none,none,hamp_output,6803403d6e57131ab879,0,0,0,0.9107738733291626,0.08922610431909561
PETS_CREDIT_low_eff_su2_r1_d6_b03__none,none,hamp_output,5628f53706485c5a34f9,0,0,0,0.8774031400680542,0.12259688973426819
PETS_CREDIT_low_eff_su2_r1_d6_b03__none,none,hamp_output,e3aa42e9baae40909b2c,0,0,0,0.7838563919067383,0.21614359319210052
PETS_CREDIT_low_eff_su2_r1_d6_b03__none,none,hamp_output,50a0be37bf2f275bd4d6,0,0,0,0.6113985180854797,0.3886014521121979
PETS_CREDIT_low_eff_su2_r1_d6_b03__none,none,hamp_output,87b361e38d3a033e0147,0,0,0,0.6986993551254272,0.30130064487457275
PETS_CREDIT_low_eff_su2_r1_d6_b03__none,none,hamp_output,10adaa08b0205f280a31,0,1,0,0.5510271787643433,0.44897279143333435
PETS_CREDIT_low_eff_su2_r1_d6_b03__none,none,hamp_output,9d233cff809c5f6dd546,0,1,0,0.815658688545227,0.18434129655361176
PETS_CREDIT_low_eff_su2_r1_d6_b03__none,none,hamp_output,baf60f731977893683c9,0,0,0,0.8241471648216248,0.17585285007953644
PETS_CREDIT_low_eff_su2_r1_d6_b03__none,none,hamp_output,91f87ca67e3c04007486,0,1,0,0.677881121635437,0.322118878364563
PETS_CREDIT_low_eff_su2_r1_d6_b03__none,none,hamp_output,8273cd051f4f3c543c72,0,0,0,0.92994624376297,0.07005380839109421
PETS_CREDIT_low_eff_su2_r1_d6_b03__none,none,hamp_output,01c60ffe9b042bc05cfc,0,0,0,0.8260818123817444,0.173918217420578
PETS_CREDIT_low_eff_su2_r1_d6_b03__none,none,hamp_output,da5f5efb7790004fff98,0,1,0,0.5026012659072876,0.4973987340927124
PETS_CREDIT_low_eff_su2_r1_d6_b03__none,none,hamp_output,d545cdd659f37acdba6c,0,1,0,0.5183519124984741,0.48164814710617065
PETS_CREDIT_low_eff_su2_r1_d6_b03__none,none,hamp_output,3e5959b02df8356effc1,0,0,0,0.7639549374580383,0.23604509234428406
PETS_CREDIT_low_eff_su2_r1_d6_b03__none,none,hamp_output,236eaf6e697017b75006,0,0,0,0.9830002188682556,0.016999779269099236
PETS_CREDIT_low_eff_su2_r1_d6_b03__none,none,hamp_output,2ca770f234439727c33f,0,0,0,0.6624871492385864,0.33751288056373596
PETS_CREDIT_low_eff_su2_r1_d6_b03__none,none,hamp_output,9fe9252c0b576d892b50,0,0,0,0.7411825060844421,0.25881749391555786
PETS_CREDIT_low_eff_su2_r1_d6_b03__none,none,hamp_output,f22d9a5133c174dae56c,0,0,1,0.3779982030391693,0.6220018267631531
PETS_CREDIT_low_eff_su2_r1_d6_b03__none,none,hamp_output,02d132ee580866ee41a8,0,0,0,0.8229901790618896,0.17700977623462677
PETS_CREDIT_low_eff_su2_r1_d6_b03__none,none,hamp_output,323bc2b7ded81007c10b,0,0,0,0.6939209699630737,0.30607903003692627
PETS_CREDIT_low_eff_su2_r1_d6_b03__none,none,hamp_output,7eb02391460879bfe425,0,1,1,0.1784677654504776,0.8215322494506836
PETS_CREDIT_low_eff_su2_r1_d6_b03__none,none,hamp_output,8023a2850646517888f6,0,0,0,0.7483819127082825,0.25161808729171753
PETS_CREDIT_low_eff_su2_r1_d6_b03__none,none,hamp_output,c80e702330688e6c3640,0,0,0,0.6354382634162903,0.3645617365837097
PETS_CREDIT_low_eff_su2_r1_d6_b03__none,none,hamp_output,3e01576c4964ce1df77e,0,0,0,0.6186286211013794,0.3813713490962982
PETS_CREDIT_low_eff_su2_r1_d6_b03__none,none,hamp_output,d8bd80969a4223b1746d,0,0,0,0.9768433570861816,0.023156622424721718
PETS_CREDIT_low_eff_su2_r1_d6_b03__none,none,hamp_output,c98e7a188d21f2d4c7c5,0,0,1,0.47854214906692505,0.521457850933075
PETS_CREDIT_low_eff_su2_r1_d6_b03__none,none,hamp_output,a53b6f24d57097d0166f,0,0,0,0.8103951215744019,0.18960484862327576
PETS_CREDIT_low_eff_su2_r1_d6_b03__none,none,hamp_output,8b702b29b3bba3c0c011,0,0,0,0.7653628587722778,0.23463718593120575
PETS_CREDIT_low_eff_su2_r1_d6_b03__none,none,hamp_output,5808218040029ad54abc,0,0,0,0.9862474203109741,0.013752576895058155
PETS_CREDIT_low_eff_su2_r1_d6_b03__none,none,hamp_output,2cdf0f49b2642481ca8f,0,1,0,0.6686573028564453,0.3313427269458771
PETS_CREDIT_low_eff_su2_r1_d6_b03__none,none,hamp_output,d8141fe3b07ab69c0481,0,0,0,0.876985490322113,0.12301452457904816
PETS_CREDIT_low_eff_su2_r1_d6_b03__none,none,hamp_output,a2d2d92e2ba800faa946,0,1,1,0.2780439853668213,0.7219560146331787
PETS_CREDIT_low_eff_su2_r1_d6_b03__none,none,hamp_output,657f767276025ad88617,0,0,0,0.5241705775260925,0.47582942247390747
PETS_CREDIT_low_eff_su2_r1_d6_b03__none,none,hamp_output,21cc40e171d11484f55e,0,0,0,0.5707083940505981,0.42929166555404663
PETS_CREDIT_low_eff_su2_r1_d6_b03__none,none,hamp_output,68458c3065d2ff08346a,0,0,0,0.8999554514884949,0.10004454851150513
PETS_CREDIT_low_eff_su2_r1_d6_b03__none,none,hamp_output,b690772de8eb14084d30,0,1,0,0.8052946925163269,0.1947053074836731
PETS_CREDIT_low_eff_su2_r1_d6_b03__none,none,hamp_output,0f0ec6f2889f1d9d2876,0,0,0,0.8050509691238403,0.19494903087615967
PETS_CREDIT_low_eff_su2_r1_d6_b03__none,none,hamp_output,18bbbff1da0a4760b6ff,0,0,0,0.9364182949066162,0.063581682741642
PETS_CREDIT_low_eff_su2_r1_d6_b03__none,none,hamp_output,5718ce19a4a1c640caac,0,0,0,0.7570173740386963,0.2429826557636261
PETS_CREDIT_low_eff_su2_r1_d6_b03__none,none,hamp_output,5c1eaee6580358b55afc,0,0,0,0.6864054799079895,0.3135944902896881
PETS_CREDIT_low_eff_su2_r1_d6_b03__none,none,hamp_output,0835edef9bf74dc85154,0,1,0,0.7583051919937134,0.24169482290744781
PETS_CREDIT_low_eff_su2_r1_d6_b03__none,none,hamp_output,05e7a2529d248075df48,0,0,0,0.8962103724479675,0.10378960520029068
PETS_CREDIT_low_eff_su2_r1_d6_b03__none,none,hamp_output,71f1648b8b8cb6d1277e,0,0,0,0.9482964873313904,0.05170353129506111
PETS_CREDIT_low_eff_su2_r1_d6_b03__none,none,hamp_output,cb39c23acaa500033ed0,0,0,0,0.7616021037101746,0.23839792609214783
PETS_CREDIT_low_eff_su2_r1_d6_b03__none,none,hamp_output,c55786a9941cc04c9348,0,0,0,0.6670199036598206,0.33298009634017944
PETS_CREDIT_low_eff_su2_r1_d6_b03__none,none,hamp_output,cc92f2b4b36f95de3e7f,0,0,0,0.8365477323532104,0.16345223784446716
PETS_CREDIT_low_eff_su2_r1_d6_b03__none,none,hamp_output,4c3cfe1fe9e491bb9c0e,0,1,0,0.8495059013366699,0.15049412846565247
PETS_CREDIT_low_eff_su2_r1_d6_b03__none,none,hamp_output,fa91758004730bf9cef8,0,1,0,0.6280041933059692,0.37199580669403076
PETS_CREDIT_low_eff_su2_r1_d6_b03__none,none,hamp_output,b78fcdfd9fe43578fef1,0,0,0,0.8965550661087036,0.103444904088974
PETS_CREDIT_low_eff_su2_r1_d6_b03__none,none,hamp_output,27103d15734219f0d343,0,0,0,0.5828306674957275,0.41716939210891724
PETS_CREDIT_low_eff_su2_r1_d6_b03__none,none,hamp_output,36f760028306a12bff25,0,0,0,0.8066533207893372,0.19334669411182404
PETS_CREDIT_low_eff_su2_r1_d6_b03__none,none,memguard,619b46d6086e6aad3d84,1,0,0,0.7940524220466614,0.20594754815101624
PETS_CREDIT_low_eff_su2_r1_d6_b03__none,none,memguard,5e48c11768cb070aefe6,1,0,0,0.7909111976623535,0.20908881723880768
PETS_CREDIT_low_eff_su2_r1_d6_b03__none,none,memguard,7105743f10682ac4a1cc,1,0,0,0.7742246389389038,0.2257753610610962
PETS_CREDIT_low_eff_su2_r1_d6_b03__none,none,memguard,272c38b1ecd099be7890,1,0,0,0.7879601716995239,0.21203982830047607
PETS_CREDIT_low_eff_su2_r1_d6_b03__none,none,memguard,6f47824d3363865de61a,1,0,0,0.7747169137001038,0.22528308629989624
PETS_CREDIT_low_eff_su2_r1_d6_b03__none,none,memguard,b0f47ae4b56b3aa4d111,1,1,1,0.2530986964702606,0.746901273727417
PETS_CREDIT_low_eff_su2_r1_d6_b03__none,none,memguard,f073d35785cf76f1409c,1,0,0,0.7793970108032227,0.22060295939445496
PETS_CREDIT_low_eff_su2_r1_d6_b03__none,none,memguard,01e7168ae2a624ff9916,1,1,1,0.23629501461982727,0.7637050151824951
PETS_CREDIT_low_eff_su2_r1_d6_b03__none,none,memguard,1c7eb9e50fc08e5f8cf0,1,1,0,0.7891016006469727,0.21089841425418854
PETS_CREDIT_low_eff_su2_r1_d6_b03__none,none,memguard,8f95586c1c6fb3f2a750,1,0,0,0.7704365849494934,0.22956344485282898
PETS_CREDIT_low_eff_su2_r1_d6_b03__none,none,memguard,2c2eb339de59d2b86f66,1,0,0,0.7480289936065674,0.251971036195755
PETS_CREDIT_low_eff_su2_r1_d6_b03__none,none,memguard,ab00e756b29c98fd6674,1,0,0,0.7945150136947632,0.2054850161075592
PETS_CREDIT_low_eff_su2_r1_d6_b03__none,none,memguard,70d271c728323ea28d90,1,0,0,0.7919032573699951,0.20809677243232727
PETS_CREDIT_low_eff_su2_r1_d6_b03__none,none,memguard,69ef03b5c6f4f7ecef33,1,0,0,0.7879243493080139,0.21207565069198608
PETS_CREDIT_low_eff_su2_r1_d6_b03__none,none,memguard,eb849709f12c60edd50b,1,0,0,0.7929757237434387,0.20702430605888367
PETS_CREDIT_low_eff_su2_r1_d6_b03__none,none,memguard,ab97fae957e08270ffce,1,1,0,0.7936047911643982,0.2063952088356018
PETS_CREDIT_low_eff_su2_r1_d6_b03__none,none,memguard,e07f107ec2deef516f4f,1,0,0,0.7889158725738525,0.21108412742614746
PETS_CREDIT_low_eff_su2_r1_d6_b03__none,none,memguard,88b1c0733571d25bdfa5,1,0,0,0.7742643356323242,0.22573567926883698
PETS_CREDIT_low_eff_su2_r1_d6_b03__none,none,memguard,b84ff32b3c14263b0dd5,1,0,0,0.7620415687561035,0.2379584014415741
PETS_CREDIT_low_eff_su2_r1_d6_b03__none,none,memguard,9fc5fbe55717fe6862a4,1,1,0,0.7610675692558289,0.23893235623836517
PETS_CREDIT_low_eff_su2_r1_d6_b03__none,none,memguard,9eb158e3cbe5bc901e26,1,0,0,0.7741135358810425,0.22588644921779633
PETS_CREDIT_low_eff_su2_r1_d6_b03__none,none,memguard,09c28941e61886717e09,1,0,0,0.7940894961357117,0.2059105485677719
PETS_CREDIT_low_eff_su2_r1_d6_b03__none,none,memguard,196d92dfff0523a23237,1,0,0,0.7822620272636414,0.21773798763751984
PETS_CREDIT_low_eff_su2_r1_d6_b03__none,none,memguard,0ffd3e39286157b02ad4,1,0,0,0.7781569361686707,0.22184309363365173
PETS_CREDIT_low_eff_su2_r1_d6_b03__none,none,memguard,25bed8f88a506c4cc366,1,0,0,0.754876971244812,0.24512304365634918
PETS_CREDIT_low_eff_su2_r1_d6_b03__none,none,memguard,a62d80fa1349c54517ce,1,0,0,0.7886794209480286,0.21132056415081024
PETS_CREDIT_low_eff_su2_r1_d6_b03__none,none,memguard,08a6c27fcb32f81ff375,1,0,0,0.7813032269477844,0.21869677305221558
PETS_CREDIT_low_eff_su2_r1_d6_b03__none,none,memguard,26f8e0268dd95cba45fd,1,0,0,0.7497064471244812,0.2502935528755188
PETS_CREDIT_low_eff_su2_r1_d6_b03__none,none,memguard,f332cc500c7a62b19024,1,0,0,0.7914798259735107,0.20852018892765045
PETS_CREDIT_low_eff_su2_r1_d6_b03__none,none,memguard,bfa7b1aca5d187760a16,1,0,0,0.7883492708206177,0.21165072917938232
PETS_CREDIT_low_eff_su2_r1_d6_b03__none,none,memguard,d1d396dc69ac0aeade66,1,0,0,0.7814580798149109,0.2185419499874115
PETS_CREDIT_low_eff_su2_r1_d6_b03__none,none,memguard,092efc45ab978715a8fa,1,0,0,0.7915447354316711,0.20845530927181244
PETS_CREDIT_low_eff_su2_r1_d6_b03__none,none,memguard,d8e3c3c718aea110b2d9,1,1,1,0.23690833151340485,0.7630916833877563
PETS_CREDIT_low_eff_su2_r1_d6_b03__none,none,memguard,2c3058336909d855b1f0,1,0,0,0.7940189242362976,0.20598104596138
PETS_CREDIT_low_eff_su2_r1_d6_b03__none,none,memguard,006df97946d214e0111f,1,1,0,0.74664306640625,0.2533569037914276
PETS_CREDIT_low_eff_su2_r1_d6_b03__none,none,memguard,4b8fbfef25d81e60d4a6,1,0,0,0.753791093826294,0.24620887637138367
PETS_CREDIT_low_eff_su2_r1_d6_b03__none,none,memguard,5cb75d859aa2d3df94b0,1,0,0,0.7741902470588684,0.2258097529411316
PETS_CREDIT_low_eff_su2_r1_d6_b03__none,none,memguard,82d40bd4122f5c76cdfb,1,0,0,0.760952889919281,0.2390470802783966
PETS_CREDIT_low_eff_su2_r1_d6_b03__none,none,memguard,f05df67fe5ac7ed38643,1,1,1,0.24125242233276367,0.7587475776672363
PETS_CREDIT_low_eff_su2_r1_d6_b03__none,none,memguard,0772d1e68bccea98e68f,1,0,0,0.7813860774040222,0.21861392259597778
PETS_CREDIT_low_eff_su2_r1_d6_b03__none,none,memguard,a1b01a469dc7802f51d3,1,0,0,0.7956870794296265,0.20431293547153473
PETS_CREDIT_low_eff_su2_r1_d6_b03__none,none,memguard,108acbd92e651db6ac49,1,1,1,0.235998272895813,0.7640017867088318
PETS_CREDIT_low_eff_su2_r1_d6_b03__none,none,memguard,c75c31af2389cc3a594f,1,0,1,0.2508396804332733,0.7491603493690491
PETS_CREDIT_low_eff_su2_r1_d6_b03__none,none,memguard,2379dd478643b9cc0bc1,1,0,0,0.7826501131057739,0.21734993159770966
PETS_CREDIT_low_eff_su2_r1_d6_b03__none,none,memguard,7673e8a0f0b037cc51e5,1,0,0,0.7900313138961792,0.2099686861038208
PETS_CREDIT_low_eff_su2_r1_d6_b03__none,none,memguard,7c7fe88dcec806be29da,1,0,0,0.7393546104431152,0.26064538955688477
PETS_CREDIT_low_eff_su2_r1_d6_b03__none,none,memguard,07d4d260e30d7cf5b71f,1,0,0,0.7918140292167664,0.20818600058555603
PETS_CREDIT_low_eff_su2_r1_d6_b03__none,none,memguard,d75c3e52dbcaf5a5ec2a,1,0,0,0.7603806853294373,0.23961932957172394
PETS_CREDIT_low_eff_su2_r1_d6_b03__none,none,memguard,d2c3d34fb102babfa194,1,1,0,0.7491409182548523,0.2508591115474701
PETS_CREDIT_low_eff_su2_r1_d6_b03__none,none,memguard,92516ca36411fad7d9c9,1,0,0,0.7937952876091003,0.20620472729206085
PETS_CREDIT_low_eff_su2_r1_d6_b03__none,none,memguard,1dd9f8371cdcaa1758b3,1,0,0,0.7813085317611694,0.21869152784347534
PETS_CREDIT_low_eff_su2_r1_d6_b03__none,none,memguard,8fe0ac3103b5acc00cdc,1,0,0,0.7865400910377502,0.21345992386341095
PETS_CREDIT_low_eff_su2_r1_d6_b03__none,none,memguard,c3a59fc71e20658f6341,1,0,0,0.7781835198402405,0.22181649506092072
PETS_CREDIT_low_eff_su2_r1_d6_b03__none,none,memguard,434123980ae7f6c38b02,1,0,0,0.7740260362625122,0.2259739637374878
PETS_CREDIT_low_eff_su2_r1_d6_b03__none,none,memguard,6bf07a3ff23f9e3249c5,1,1,0,0.7450802326202393,0.25491973757743835
PETS_CREDIT_low_eff_su2_r1_d6_b03__none,none,memguard,e030c0aa4ae0f1011f2f,1,1,1,0.23676477372646332,0.7632352709770203
PETS_CREDIT_low_eff_su2_r1_d6_b03__none,none,memguard,8120fa8a41158dba642d,1,0,0,0.7808706760406494,0.21912933886051178
PETS_CREDIT_low_eff_su2_r1_d6_b03__none,none,memguard,66fa33821884d4568b02,1,1,0,0.7547699213027954,0.24523012340068817
PETS_CREDIT_low_eff_su2_r1_d6_b03__none,none,memguard,ae1704e8283a10912765,1,0,0,0.7966967225074768,0.2033032774925232
PETS_CREDIT_low_eff_su2_r1_d6_b03__none,none,memguard,72bf8a475d5aa5538cd3,1,0,0,0.768497884273529,0.23150210082530975
PETS_CREDIT_low_eff_su2_r1_d6_b03__none,none,memguard,c4b2c9357254e51af6a9,1,1,0,0.7460569739341736,0.2539430260658264
PETS_CREDIT_low_eff_su2_r1_d6_b03__none,none,memguard,4def6ca8e27be84aeb54,1,1,0,0.7926939129829407,0.20730608701705933
PETS_CREDIT_low_eff_su2_r1_d6_b03__none,none,memguard,a5b1091e7ec67f7a06ed,1,0,0,0.7590572834014893,0.24094271659851074
PETS_CREDIT_low_eff_su2_r1_d6_b03__none,none,memguard,daf2c33eb0f2b7518584,1,0,0,0.795803427696228,0.20419658720493317
PETS_CREDIT_low_eff_su2_r1_d6_b03__none,none,memguard,6e144bf85d42e3ac6fae,1,0,0,0.7846609950065613,0.21533900499343872
PETS_CREDIT_low_eff_su2_r1_d6_b03__none,none,memguard,f97851146238bb9a3754,1,0,0,0.7941595315933228,0.20584048330783844
PETS_CREDIT_low_eff_su2_r1_d6_b03__none,none,memguard,5d21e75cb6066696e6e2,1,0,0,0.7960426211357117,0.2039574235677719
PETS_CREDIT_low_eff_su2_r1_d6_b03__none,none,memguard,4aa64c627cb9b82d7f42,1,0,0,0.7803228497505188,0.21967719495296478
PETS_CREDIT_low_eff_su2_r1_d6_b03__none,none,memguard,c50e57ca37a497df3a13,1,0,0,0.7745669484138489,0.22543305158615112
PETS_CREDIT_low_eff_su2_r1_d6_b03__none,none,memguard,c0daa10532a8487ca803,1,1,1,0.24552693963050842,0.754473090171814
PETS_CREDIT_low_eff_su2_r1_d6_b03__none,none,memguard,00405a37dd709b2d51a8,1,0,0,0.7830688953399658,0.21693108975887299
PETS_CREDIT_low_eff_su2_r1_d6_b03__none,none,memguard,5f9c02f5ec03a28e4f53,1,0,0,0.7400943040847778,0.2599056661128998
PETS_CREDIT_low_eff_su2_r1_d6_b03__none,none,memguard,ac5f40db5db91c18a83b,1,0,0,0.7513325810432434,0.24866743385791779
PETS_CREDIT_low_eff_su2_r1_d6_b03__none,none,memguard,5584930e99aa4007d628,1,0,0,0.7957054972648621,0.20429453253746033
PETS_CREDIT_low_eff_su2_r1_d6_b03__none,none,memguard,0674ce029ebb21d32e38,1,0,0,0.7833465337753296,0.2166534811258316
PETS_CREDIT_low_eff_su2_r1_d6_b03__none,none,memguard,6c0e663b6848864dc914,1,0,0,0.7789665460586548,0.22103342413902283
PETS_CREDIT_low_eff_su2_r1_d6_b03__none,none,memguard,7ce1135db7560daf7e70,1,0,0,0.783499538898468,0.21650046110153198
PETS_CREDIT_low_eff_su2_r1_d6_b03__none,none,memguard,70e46e61db439dd8e308,1,0,0,0.7944915294647217,0.20550848543643951
PETS_CREDIT_low_eff_su2_r1_d6_b03__none,none,memguard,aaca4c9adb936209ae4f,1,1,1,0.2516721189022064,0.7483278512954712
PETS_CREDIT_low_eff_su2_r1_d6_b03__none,none,memguard,3ac7ac4bc65a6ffec899,1,0,0,0.7866410613059998,0.21335899829864502
PETS_CREDIT_low_eff_su2_r1_d6_b03__none,none,memguard,c536d8f2ff559c7756e7,1,1,0,0.7547410726547241,0.24525891244411469
PETS_CREDIT_low_eff_su2_r1_d6_b03__none,none,memguard,16e3ff8c6f696f231824,1,0,0,0.7804244756698608,0.21957555413246155
PETS_CREDIT_low_eff_su2_r1_d6_b03__none,none,memguard,dba69027df0122535f19,1,0,0,0.7922881245613098,0.20771187543869019
PETS_CREDIT_low_eff_su2_r1_d6_b03__none,none,memguard,973b363916938dbaaf31,1,0,0,0.791674017906189,0.20832595229148865
PETS_CREDIT_low_eff_su2_r1_d6_b03__none,none,memguard,6ea2a519a69c09016323,1,1,1,0.21740321815013885,0.7825967669487
PETS_CREDIT_low_eff_su2_r1_d6_b03__none,none,memguard,26b6a5da65cdaeb8e184,1,0,0,0.7483419179916382,0.2516580820083618
PETS_CREDIT_low_eff_su2_r1_d6_b03__none,none,memguard,c053f623dd8f2bfb7915,1,0,0,0.7799588441848755,0.22004112601280212
PETS_CREDIT_low_eff_su2_r1_d6_b03__none,none,memguard,0a09121dee0e5db09dfe,1,0,0,0.7916520237922668,0.20834800601005554
PETS_CREDIT_low_eff_su2_r1_d6_b03__none,none,memguard,22730a71b34176a3ba37,1,0,0,0.7920355796813965,0.20796442031860352
PETS_CREDIT_low_eff_su2_r1_d6_b03__none,none,memguard,6af56a8b2e15acc1e086,1,1,0,0.7524023056030273,0.24759769439697266
PETS_CREDIT_low_eff_su2_r1_d6_b03__none,none,memguard,a6dfd0dc4ba32e6c00e6,1,0,0,0.7856371998786926,0.21436281502246857
PETS_CREDIT_low_eff_su2_r1_d6_b03__none,none,memguard,a5628044ec0880a52490,1,0,0,0.785651445388794,0.21434853971004486
PETS_CREDIT_low_eff_su2_r1_d6_b03__none,none,memguard,4cfea97c73e6dbfbc698,1,0,0,0.7773295044898987,0.2226705104112625
PETS_CREDIT_low_eff_su2_r1_d6_b03__none,none,memguard,32babcc385bd70eddb90,1,0,0,0.7781256437301636,0.22187435626983643
PETS_CREDIT_low_eff_su2_r1_d6_b03__none,none,memguard,6093ce809aa33ce6693b,1,0,0,0.7890834212303162,0.21091650426387787
PETS_CREDIT_low_eff_su2_r1_d6_b03__none,none,memguard,78edbc6916b12b570866,1,1,0,0.7426800727844238,0.2573198974132538
PETS_CREDIT_low_eff_su2_r1_d6_b03__none,none,memguard,14865093b1485a5c3a41,1,1,0,0.7754049301147461,0.2245950996875763
PETS_CREDIT_low_eff_su2_r1_d6_b03__none,none,memguard,46dbe6ca2f4531385a05,1,0,0,0.7825939059257507,0.21740612387657166
PETS_CREDIT_low_eff_su2_r1_d6_b03__none,none,memguard,c9e5785745f04cec0d37,1,0,0,0.7760297656059265,0.2239702194929123
PETS_CREDIT_low_eff_su2_r1_d6_b03__none,none,memguard,1313972ddf1c6e9eb2c9,1,0,0,0.7489058971405029,0.25109413266181946
PETS_CREDIT_low_eff_su2_r1_d6_b03__none,none,memguard,42e9f06773aa97fa92d4,0,0,0,0.7931756973266602,0.20682433247566223
PETS_CREDIT_low_eff_su2_r1_d6_b03__none,none,memguard,7bfb843a13cff05233ad,0,0,0,0.7623354196548462,0.2376646101474762
PETS_CREDIT_low_eff_su2_r1_d6_b03__none,none,memguard,2218e6bd75832a43d007,0,0,0,0.7841474413871765,0.21585248410701752
PETS_CREDIT_low_eff_su2_r1_d6_b03__none,none,memguard,9bfd22e983b09efc4239,0,0,0,0.7880740761756897,0.2119259238243103
PETS_CREDIT_low_eff_su2_r1_d6_b03__none,none,memguard,34bfadccd6d7f30d94a1,0,0,0,0.7940921187400818,0.205907940864563
PETS_CREDIT_low_eff_su2_r1_d6_b03__none,none,memguard,5f861fea617a3ee7da16,0,1,0,0.7815653085708618,0.21843472123146057
PETS_CREDIT_low_eff_su2_r1_d6_b03__none,none,memguard,3b2a390113c4d06485dc,0,0,0,0.7795878648757935,0.22041216492652893
PETS_CREDIT_low_eff_su2_r1_d6_b03__none,none,memguard,f1d5fbea8d8fc197f689,0,1,0,0.7438991069793701,0.2561008930206299
PETS_CREDIT_low_eff_su2_r1_d6_b03__none,none,memguard,a55e7f353f00168e8f2a,0,1,0,0.7803651690483093,0.21963483095169067
PETS_CREDIT_low_eff_su2_r1_d6_b03__none,none,memguard,7b2b85015deb930a73bd,0,0,1,0.23951570689678192,0.7604842782020569
PETS_CREDIT_low_eff_su2_r1_d6_b03__none,none,memguard,7990ceff4d0c77eeca8b,0,0,0,0.7850560545921326,0.21494391560554504
PETS_CREDIT_low_eff_su2_r1_d6_b03__none,none,memguard,4194c2831bd65263a55f,0,0,0,0.7878813147544861,0.2121187150478363
PETS_CREDIT_low_eff_su2_r1_d6_b03__none,none,memguard,89b5beeaae443f174906,0,0,0,0.780925452709198,0.219074547290802
PETS_CREDIT_low_eff_su2_r1_d6_b03__none,none,memguard,c9b90a5a5aabbbda656e,0,0,0,0.7758819460868835,0.22411805391311646
PETS_CREDIT_low_eff_su2_r1_d6_b03__none,none,memguard,45e249d80792feb4d2d2,0,0,0,0.7682507038116455,0.23174932599067688
PETS_CREDIT_low_eff_su2_r1_d6_b03__none,none,memguard,ac4bb9f68cc026f7ef87,0,1,0,0.7972374558448792,0.20276258885860443
PETS_CREDIT_low_eff_su2_r1_d6_b03__none,none,memguard,2f4ee8e91be4e65736a4,0,0,0,0.789761483669281,0.2102384865283966
PETS_CREDIT_low_eff_su2_r1_d6_b03__none,none,memguard,48db4133c9bf431ebe79,0,0,1,0.24764230847358704,0.7523577213287354
PETS_CREDIT_low_eff_su2_r1_d6_b03__none,none,memguard,25773551baf095668618,0,0,0,0.7885876297950745,0.21141240000724792
PETS_CREDIT_low_eff_su2_r1_d6_b03__none,none,memguard,a5648815fec59cd1c995,0,1,0,0.7534266114234924,0.24657344818115234
PETS_CREDIT_low_eff_su2_r1_d6_b03__none,none,memguard,d5e3f577c74cd5bde9ef,0,0,1,0.24025075137615204,0.7597492337226868
PETS_CREDIT_low_eff_su2_r1_d6_b03__none,none,memguard,90aa3dc827baf03a0b7f,0,0,0,0.7569620013237,0.24303801357746124
PETS_CREDIT_low_eff_su2_r1_d6_b03__none,none,memguard,a4ed03b502889d9468c9,0,0,0,0.792669415473938,0.2073306292295456
PETS_CREDIT_low_eff_su2_r1_d6_b03__none,none,memguard,72382fc3b364c3c36162,0,0,0,0.7846627235412598,0.21533732116222382
PETS_CREDIT_low_eff_su2_r1_d6_b03__none,none,memguard,9214bdad11cf5b0f5788,0,0,0,0.7886106371879578,0.21138940751552582
PETS_CREDIT_low_eff_su2_r1_d6_b03__none,none,memguard,b224dfc19404bbda9ee4,0,0,1,0.24304835498332977,0.7569516897201538
PETS_CREDIT_low_eff_su2_r1_d6_b03__none,none,memguard,150e2fdbb7bdebe9ab21,0,0,0,0.7834495902061462,0.21655042469501495
PETS_CREDIT_low_eff_su2_r1_d6_b03__none,none,memguard,e81e235b5be50fce8ed4,0,0,0,0.785958468914032,0.2140415608882904
PETS_CREDIT_low_eff_su2_r1_d6_b03__none,none,memguard,a6f8faff37efe9eca5fe,0,0,0,0.7737783789634705,0.22622165083885193
PETS_CREDIT_low_eff_su2_r1_d6_b03__none,none,memguard,444967b541f184305a6c,0,0,0,0.7526124715805054,0.2473875731229782
PETS_CREDIT_low_eff_su2_r1_d6_b03__none,none,memguard,b3648943abce0512f994,0,0,0,0.7770473957061768,0.22295261919498444
PETS_CREDIT_low_eff_su2_r1_d6_b03__none,none,memguard,f55dd0075c038f761436,0,0,0,0.785561740398407,0.21443822979927063
PETS_CREDIT_low_eff_su2_r1_d6_b03__none,none,memguard,19eaeaae64289dba8ce8,0,1,0,0.7577280402183533,0.24227192997932434
PETS_CREDIT_low_eff_su2_r1_d6_b03__none,none,memguard,9af74acc6cc7a48f4fd9,0,0,0,0.785236120223999,0.21476390957832336
PETS_CREDIT_low_eff_su2_r1_d6_b03__none,none,memguard,e26cf49baf1a8f2a6289,0,1,0,0.7390850186347961,0.26091504096984863
PETS_CREDIT_low_eff_su2_r1_d6_b03__none,none,memguard,4010d1d0fc60044b7e83,0,0,0,0.7936152815818787,0.20638473331928253
PETS_CREDIT_low_eff_su2_r1_d6_b03__none,none,memguard,6146ee4e50398bd2590b,0,0,0,0.7590749263763428,0.24092510342597961
PETS_CREDIT_low_eff_su2_r1_d6_b03__none,none,memguard,17405c31370c8de7f8b8,0,0,0,0.7866221070289612,0.21337787806987762
PETS_CREDIT_low_eff_su2_r1_d6_b03__none,none,memguard,471df40f4bdddddc09ec,0,1,0,0.7616175413131714,0.2383824735879898
PETS_CREDIT_low_eff_su2_r1_d6_b03__none,none,memguard,b38c56a4fffe98b7efc8,0,0,0,0.7493404150009155,0.25065961480140686
PETS_CREDIT_low_eff_su2_r1_d6_b03__none,none,memguard,69c16449e008d39bb994,0,0,0,0.7912539839744568,0.2087460458278656
PETS_CREDIT_low_eff_su2_r1_d6_b03__none,none,memguard,0748c8ca29b369b66e6f,0,1,0,0.7906314134597778,0.20936855673789978
PETS_CREDIT_low_eff_su2_r1_d6_b03__none,none,memguard,da3092a0e04488fc3d83,0,0,0,0.7875275611877441,0.21247240900993347
PETS_CREDIT_low_eff_su2_r1_d6_b03__none,none,memguard,74cb3d94d7d3fcb0963b,0,0,0,0.7745394110679626,0.22546061873435974
PETS_CREDIT_low_eff_su2_r1_d6_b03__none,none,memguard,3c4479d085b1b0ae10d8,0,0,1,0.24649061262607574,0.7535094022750854
PETS_CREDIT_low_eff_su2_r1_d6_b03__none,none,memguard,5960e131d3cbd3ac2bd9,0,0,0,0.7910496592521667,0.20895034074783325
PETS_CREDIT_low_eff_su2_r1_d6_b03__none,none,memguard,3122b20f9c469ddb4810,0,0,0,0.7883055806159973,0.21169441938400269
PETS_CREDIT_low_eff_su2_r1_d6_b03__none,none,memguard,5f5253b7ee72fa683082,0,0,0,0.783943235874176,0.21605674922466278
PETS_CREDIT_low_eff_su2_r1_d6_b03__none,none,memguard,2478313b949e4a19fec5,0,1,1,0.2500225603580475,0.7499774694442749
PETS_CREDIT_low_eff_su2_r1_d6_b03__none,none,memguard,6803403d6e57131ab879,0,0,0,0.7768173217773438,0.22318264842033386
PETS_CREDIT_low_eff_su2_r1_d6_b03__none,none,memguard,5628f53706485c5a34f9,0,0,0,0.7761762738227844,0.22382375597953796
PETS_CREDIT_low_eff_su2_r1_d6_b03__none,none,memguard,e3aa42e9baae40909b2c,0,0,0,0.7416826486587524,0.25831738114356995
PETS_CREDIT_low_eff_su2_r1_d6_b03__none,none,memguard,50a0be37bf2f275bd4d6,0,0,0,0.7480278015136719,0.2519721984863281
PETS_CREDIT_low_eff_su2_r1_d6_b03__none,none,memguard,87b361e38d3a033e0147,0,0,0,0.7897345423698425,0.21026545763015747
PETS_CREDIT_low_eff_su2_r1_d6_b03__none,none,memguard,10adaa08b0205f280a31,0,1,0,0.7971445322036743,0.2028554528951645
PETS_CREDIT_low_eff_su2_r1_d6_b03__none,none,memguard,9d233cff809c5f6dd546,0,1,0,0.7518138289451599,0.2481861561536789
PETS_CREDIT_low_eff_su2_r1_d6_b03__none,none,memguard,baf60f731977893683c9,0,0,0,0.746773898601532,0.253226101398468
PETS_CREDIT_low_eff_su2_r1_d6_b03__none,none,memguard,91f87ca67e3c04007486,0,1,0,0.7854148149490356,0.21458521485328674
PETS_CREDIT_low_eff_su2_r1_d6_b03__none,none,memguard,8273cd051f4f3c543c72,0,0,0,0.7634785771369934,0.23652145266532898
PETS_CREDIT_low_eff_su2_r1_d6_b03__none,none,memguard,01c60ffe9b042bc05cfc,0,0,0,0.7502155303955078,0.24978449940681458
PETS_CREDIT_low_eff_su2_r1_d6_b03__none,none,memguard,da5f5efb7790004fff98,0,1,0,0.7763911485671997,0.22360889613628387
PETS_CREDIT_low_eff_su2_r1_d6_b03__none,none,memguard,d545cdd659f37acdba6c,0,1,0,0.7867264747619629,0.2132735401391983
PETS_CREDIT_low_eff_su2_r1_d6_b03__none,none,memguard,3e5959b02df8356effc1,0,0,0,0.7873547077178955,0.2126452922821045
PETS_CREDIT_low_eff_su2_r1_d6_b03__none,none,memguard,236eaf6e697017b75006,0,0,0,0.7507686614990234,0.24923132359981537
PETS_CREDIT_low_eff_su2_r1_d6_b03__none,none,memguard,2ca770f234439727c33f,0,0,0,0.7967347502708435,0.20326529443264008
PETS_CREDIT_low_eff_su2_r1_d6_b03__none,none,memguard,9fe9252c0b576d892b50,0,0,0,0.7847812175750732,0.21521878242492676
PETS_CREDIT_low_eff_su2_r1_d6_b03__none,none,memguard,f22d9a5133c174dae56c,0,0,1,0.23591630160808563,0.7640836834907532
PETS_CREDIT_low_eff_su2_r1_d6_b03__none,none,memguard,02d132ee580866ee41a8,0,0,0,0.7783625721931458,0.22163747251033783
PETS_CREDIT_low_eff_su2_r1_d6_b03__none,none,memguard,323bc2b7ded81007c10b,0,0,0,0.7837230563163757,0.21627695858478546
PETS_CREDIT_low_eff_su2_r1_d6_b03__none,none,memguard,7eb02391460879bfe425,0,1,1,0.2569683790206909,0.7430316209793091
PETS_CREDIT_low_eff_su2_r1_d6_b03__none,none,memguard,8023a2850646517888f6,0,0,0,0.7822510004043579,0.21774901449680328
PETS_CREDIT_low_eff_su2_r1_d6_b03__none,none,memguard,c80e702330688e6c3640,0,0,0,0.7449591755867004,0.25504088401794434
PETS_CREDIT_low_eff_su2_r1_d6_b03__none,none,memguard,3e01576c4964ce1df77e,0,0,0,0.7622379064559937,0.23776212334632874
PETS_CREDIT_low_eff_su2_r1_d6_b03__none,none,memguard,d8bd80969a4223b1746d,0,0,0,0.7911926507949829,0.2088073492050171
PETS_CREDIT_low_eff_su2_r1_d6_b03__none,none,memguard,c98e7a188d21f2d4c7c5,0,0,1,0.24495160579681396,0.755048394203186
PETS_CREDIT_low_eff_su2_r1_d6_b03__none,none,memguard,a53b6f24d57097d0166f,0,0,0,0.74483722448349,0.25516277551651
PETS_CREDIT_low_eff_su2_r1_d6_b03__none,none,memguard,8b702b29b3bba3c0c011,0,0,0,0.7817829847335815,0.21821701526641846
PETS_CREDIT_low_eff_su2_r1_d6_b03__none,none,memguard,5808218040029ad54abc,0,0,0,0.7942730188369751,0.20572704076766968
PETS_CREDIT_low_eff_su2_r1_d6_b03__none,none,memguard,2cdf0f49b2642481ca8f,0,1,0,0.7943821549415588,0.20561783015727997
PETS_CREDIT_low_eff_su2_r1_d6_b03__none,none,memguard,d8141fe3b07ab69c0481,0,0,0,0.7494487762451172,0.2505512535572052
PETS_CREDIT_low_eff_su2_r1_d6_b03__none,none,memguard,a2d2d92e2ba800faa946,0,1,1,0.25460267066955566,0.7453973889350891
PETS_CREDIT_low_eff_su2_r1_d6_b03__none,none,memguard,657f767276025ad88617,0,0,0,0.7903569936752319,0.20964300632476807
PETS_CREDIT_low_eff_su2_r1_d6_b03__none,none,memguard,21cc40e171d11484f55e,0,0,0,0.7971615791320801,0.20283842086791992
PETS_CREDIT_low_eff_su2_r1_d6_b03__none,none,memguard,68458c3065d2ff08346a,0,0,0,0.7920422554016113,0.20795778930187225
PETS_CREDIT_low_eff_su2_r1_d6_b03__none,none,memguard,b690772de8eb14084d30,0,1,0,0.7456331253051758,0.254366934299469
PETS_CREDIT_low_eff_su2_r1_d6_b03__none,none,memguard,0f0ec6f2889f1d9d2876,0,0,0,0.7915666699409485,0.2084333300590515
PETS_CREDIT_low_eff_su2_r1_d6_b03__none,none,memguard,18bbbff1da0a4760b6ff,0,0,0,0.7615716457366943,0.23842838406562805
PETS_CREDIT_low_eff_su2_r1_d6_b03__none,none,memguard,5718ce19a4a1c640caac,0,0,0,0.7762677073478699,0.22373226284980774
PETS_CREDIT_low_eff_su2_r1_d6_b03__none,none,memguard,5c1eaee6580358b55afc,0,0,0,0.7492486238479614,0.2507513761520386
PETS_CREDIT_low_eff_su2_r1_d6_b03__none,none,memguard,0835edef9bf74dc85154,0,1,0,0.7892703413963318,0.21072964370250702
PETS_CREDIT_low_eff_su2_r1_d6_b03__none,none,memguard,05e7a2529d248075df48,0,0,0,0.7621052861213684,0.23789474368095398
PETS_CREDIT_low_eff_su2_r1_d6_b03__none,none,memguard,71f1648b8b8cb6d1277e,0,0,0,0.7959307432174683,0.20406924188137054
PETS_CREDIT_low_eff_su2_r1_d6_b03__none,none,memguard,cb39c23acaa500033ed0,0,0,0,0.7949633598327637,0.20503666996955872
PETS_CREDIT_low_eff_su2_r1_d6_b03__none,none,memguard,c55786a9941cc04c9348,0,0,0,0.7472550868988037,0.2527449131011963
PETS_CREDIT_low_eff_su2_r1_d6_b03__none,none,memguard,cc92f2b4b36f95de3e7f,0,0,0,0.7683782577514648,0.23162177205085754
PETS_CREDIT_low_eff_su2_r1_d6_b03__none,none,memguard,4c3cfe1fe9e491bb9c0e,0,1,0,0.7609675526618958,0.23903249204158783
PETS_CREDIT_low_eff_su2_r1_d6_b03__none,none,memguard,fa91758004730bf9cef8,0,1,0,0.7446444630622864,0.255355566740036
PETS_CREDIT_low_eff_su2_r1_d6_b03__none,none,memguard,b78fcdfd9fe43578fef1,0,0,0,0.792550265789032,0.20744970440864563
PETS_CREDIT_low_eff_su2_r1_d6_b03__none,none,memguard,27103d15734219f0d343,0,0,0,0.7809916138648987,0.21900838613510132
PETS_CREDIT_low_eff_su2_r1_d6_b03__none,none,memguard,36f760028306a12bff25,0,0,0,0.7841654419898987,0.21583452820777893
PETS_CREDIT_low_eff_su2_r1_d6_b03__none,none,logitguard_continuous,619b46d6086e6aad3d84,1,0,0,0.7774254679679871,0.22257451713085175
PETS_CREDIT_low_eff_su2_r1_d6_b03__none,none,logitguard_continuous,5e48c11768cb070aefe6,1,0,0,0.7721302509307861,0.22786974906921387
PETS_CREDIT_low_eff_su2_r1_d6_b03__none,none,logitguard_continuous,7105743f10682ac4a1cc,1,0,0,0.768113374710083,0.23188665509223938
PETS_CREDIT_low_eff_su2_r1_d6_b03__none,none,logitguard_continuous,272c38b1ecd099be7890,1,0,0,0.7639211416244507,0.2360788732767105
PETS_CREDIT_low_eff_su2_r1_d6_b03__none,none,logitguard_continuous,6f47824d3363865de61a,1,0,0,0.7686351537704468,0.23136486113071442
PETS_CREDIT_low_eff_su2_r1_d6_b03__none,none,logitguard_continuous,b0f47ae4b56b3aa4d111,1,1,1,0.2325434684753418,0.7674565315246582
PETS_CREDIT_low_eff_su2_r1_d6_b03__none,none,logitguard_continuous,f073d35785cf76f1409c,1,0,0,0.7689663171768188,0.23103372752666473
PETS_CREDIT_low_eff_su2_r1_d6_b03__none,none,logitguard_continuous,01e7168ae2a624ff9916,1,1,1,0.23233485221862793,0.7676651477813721
PETS_CREDIT_low_eff_su2_r1_d6_b03__none,none,logitguard_continuous,1c7eb9e50fc08e5f8cf0,1,1,0,0.7695291042327881,0.2304709404706955
PETS_CREDIT_low_eff_su2_r1_d6_b03__none,none,logitguard_continuous,8f95586c1c6fb3f2a750,1,0,0,0.7619946002960205,0.2380053848028183
PETS_CREDIT_low_eff_su2_r1_d6_b03__none,none,logitguard_continuous,2c2eb339de59d2b86f66,1,0,0,0.7665783762931824,0.23342165350914001
PETS_CREDIT_low_eff_su2_r1_d6_b03__none,none,logitguard_continuous,ab00e756b29c98fd6674,1,0,0,0.7804965376853943,0.2195034772157669
PETS_CREDIT_low_eff_su2_r1_d6_b03__none,none,logitguard_continuous,70d271c728323ea28d90,1,0,0,0.7692434191703796,0.23075658082962036
PETS_CREDIT_low_eff_su2_r1_d6_b03__none,none,logitguard_continuous,69ef03b5c6f4f7ecef33,1,0,0,0.7671679854393005,0.23283204436302185
PETS_CREDIT_low_eff_su2_r1_d6_b03__none,none,logitguard_continuous,eb849709f12c60edd50b,1,0,0,0.7586450576782227,0.24135491251945496
PETS_CREDIT_low_eff_su2_r1_d6_b03__none,none,logitguard_continuous,ab97fae957e08270ffce,1,1,0,0.7642526030540466,0.23574739694595337
PETS_CREDIT_low_eff_su2_r1_d6_b03__none,none,logitguard_continuous,e07f107ec2deef516f4f,1,0,0,0.7466097474098206,0.25339022278785706
PETS_CREDIT_low_eff_su2_r1_d6_b03__none,none,logitguard_continuous,88b1c0733571d25bdfa5,1,0,0,0.7620488405227661,0.2379511594772339
PETS_CREDIT_low_eff_su2_r1_d6_b03__none,none,logitguard_continuous,b84ff32b3c14263b0dd5,1,0,0,0.7804410457611084,0.2195589393377304
PETS_CREDIT_low_eff_su2_r1_d6_b03__none,none,logitguard_continuous,9fc5fbe55717fe6862a4,1,1,0,0.7776561379432678,0.22234387695789337
PETS_CREDIT_low_eff_su2_r1_d6_b03__none,none,logitguard_continuous,9eb158e3cbe5bc901e26,1,0,0,0.7765647172927856,0.22343526780605316
PETS_CREDIT_low_eff_su2_r1_d6_b03__none,none,logitguard_continuous,09c28941e61886717e09,1,0,0,0.7579154968261719,0.24208450317382812
PETS_CREDIT_low_eff_su2_r1_d6_b03__none,none,logitguard_continuous,196d92dfff0523a23237,1,0,0,0.7715063095092773,0.22849366068840027
PETS_CREDIT_low_eff_su2_r1_d6_b03__none,none,logitguard_continuous,0ffd3e39286157b02ad4,1,0,0,0.7744172215461731,0.2255827933549881
PETS_CREDIT_low_eff_su2_r1_d6_b03__none,none,logitguard_continuous,25bed8f88a506c4cc366,1,0,0,0.7469452619552612,0.25305476784706116
PETS_CREDIT_low_eff_su2_r1_d6_b03__none,none,logitguard_continuous,a62d80fa1349c54517ce,1,0,0,0.7492473125457764,0.25075268745422363
PETS_CREDIT_low_eff_su2_r1_d6_b03__none,none,logitguard_continuous,08a6c27fcb32f81ff375,1,0,0,0.7673289179801941,0.2326710969209671
PETS_CREDIT_low_eff_su2_r1_d6_b03__none,none,logitguard_continuous,26f8e0268dd95cba45fd,1,0,0,0.7606235146522522,0.23937645554542542
PETS_CREDIT_low_eff_su2_r1_d6_b03__none,none,logitguard_continuous,f332cc500c7a62b19024,1,0,0,0.7496531009674072,0.25034692883491516
PETS_CREDIT_low_eff_su2_r1_d6_b03__none,none,logitguard_continuous,bfa7b1aca5d187760a16,1,0,0,0.7679520845413208,0.232047900557518
PETS_CREDIT_low_eff_su2_r1_d6_b03__none,none,logitguard_continuous,d1d396dc69ac0aeade66,1,0,0,0.7783859968185425,0.22161400318145752
PETS_CREDIT_low_eff_su2_r1_d6_b03__none,none,logitguard_continuous,092efc45ab978715a8fa,1,0,0,0.7688376903533936,0.23116229474544525
PETS_CREDIT_low_eff_su2_r1_d6_b03__none,none,logitguard_continuous,d8e3c3c718aea110b2d9,1,1,1,0.2258719503879547,0.7741280794143677
PETS_CREDIT_low_eff_su2_r1_d6_b03__none,none,logitguard_continuous,2c3058336909d855b1f0,1,0,0,0.7802965641021729,0.21970345079898834
PETS_CREDIT_low_eff_su2_r1_d6_b03__none,none,logitguard_continuous,006df97946d214e0111f,1,1,0,0.7604910731315613,0.23950894176959991
PETS_CREDIT_low_eff_su2_r1_d6_b03__none,none,logitguard_continuous,4b8fbfef25d81e60d4a6,1,0,0,0.7668511867523193,0.23314887285232544
PETS_CREDIT_low_eff_su2_r1_d6_b03__none,none,logitguard_continuous,5cb75d859aa2d3df94b0,1,0,0,0.7824931144714355,0.21750691533088684
PETS_CREDIT_low_eff_su2_r1_d6_b03__none,none,logitguard_continuous,82d40bd4122f5c76cdfb,1,0,0,0.7651777863502502,0.23482224345207214
PETS_CREDIT_low_eff_su2_r1_d6_b03__none,none,logitguard_continuous,f05df67fe5ac7ed38643,1,1,1,0.23520438373088837,0.7647956013679504
PETS_CREDIT_low_eff_su2_r1_d6_b03__none,none,logitguard_continuous,0772d1e68bccea98e68f,1,0,0,0.7967234253883362,0.203276589512825
PETS_CREDIT_low_eff_su2_r1_d6_b03__none,none,logitguard_continuous,a1b01a469dc7802f51d3,1,0,0,0.7736076712608337,0.22639235854148865
PETS_CREDIT_low_eff_su2_r1_d6_b03__none,none,logitguard_continuous,108acbd92e651db6ac49,1,1,1,0.22504577040672302,0.7749541997909546
PETS_CREDIT_low_eff_su2_r1_d6_b03__none,none,logitguard_continuous,c75c31af2389cc3a594f,1,0,1,0.23975910246372223,0.760240912437439
PETS_CREDIT_low_eff_su2_r1_d6_b03__none,none,logitguard_continuous,2379dd478643b9cc0bc1,1,0,0,0.7540228366851807,0.24597717821598053
PETS_CREDIT_low_eff_su2_r1_d6_b03__none,none,logitguard_continuous,7673e8a0f0b037cc51e5,1,0,0,0.7667446732521057,0.23325535655021667
PETS_CREDIT_low_eff_su2_r1_d6_b03__none,none,logitguard_continuous,7c7fe88dcec806be29da,1,0,0,0.7538970112800598,0.24610298871994019
PETS_CREDIT_low_eff_su2_r1_d6_b03__none,none,logitguard_continuous,07d4d260e30d7cf5b71f,1,0,0,0.7971335649490356,0.20286640524864197
PETS_CREDIT_low_eff_su2_r1_d6_b03__none,none,logitguard_continuous,d75c3e52dbcaf5a5ec2a,1,0,0,0.7655270099639893,0.23447303473949432
PETS_CREDIT_low_eff_su2_r1_d6_b03__none,none,logitguard_continuous,d2c3d34fb102babfa194,1,1,0,0.7657840847969055,0.2342158854007721
PETS_CREDIT_low_eff_su2_r1_d6_b03__none,none,logitguard_continuous,92516ca36411fad7d9c9,1,0,0,0.777566134929657,0.2224338799715042
PETS_CREDIT_low_eff_su2_r1_d6_b03__none,none,logitguard_continuous,1dd9f8371cdcaa1758b3,1,0,0,0.7619421482086182,0.23805786669254303
PETS_CREDIT_low_eff_su2_r1_d6_b03__none,none,logitguard_continuous,8fe0ac3103b5acc00cdc,1,0,0,0.76239413022995,0.23760585486888885
PETS_CREDIT_low_eff_su2_r1_d6_b03__none,none,logitguard_continuous,c3a59fc71e20658f6341,1,0,0,0.769250750541687,0.23074926435947418
PETS_CREDIT_low_eff_su2_r1_d6_b03__none,none,logitguard_continuous,434123980ae7f6c38b02,1,0,0,0.7672457695007324,0.23275424540042877
PETS_CREDIT_low_eff_su2_r1_d6_b03__none,none,logitguard_continuous,6bf07a3ff23f9e3249c5,1,1,0,0.763125479221344,0.2368745356798172
PETS_CREDIT_low_eff_su2_r1_d6_b03__none,none,logitguard_continuous,e030c0aa4ae0f1011f2f,1,1,1,0.22741727530956268,0.7725827097892761
PETS_CREDIT_low_eff_su2_r1_d6_b03__none,none,logitguard_continuous,8120fa8a41158dba642d,1,0,0,0.7773926854133606,0.22260737419128418
PETS_CREDIT_low_eff_su2_r1_d6_b03__none,none,logitguard_continuous,66fa33821884d4568b02,1,1,0,0.7588009238243103,0.2411990761756897
PETS_CREDIT_low_eff_su2_r1_d6_b03__none,none,logitguard_continuous,ae1704e8283a10912765,1,0,0,0.7556251883506775,0.2443748414516449
PETS_CREDIT_low_eff_su2_r1_d6_b03__none,none,logitguard_continuous,72bf8a475d5aa5538cd3,1,0,0,0.7623492479324341,0.2376507967710495
PETS_CREDIT_low_eff_su2_r1_d6_b03__none,none,logitguard_continuous,c4b2c9357254e51af6a9,1,1,0,0.7641867399215698,0.23581328988075256
PETS_CREDIT_low_eff_su2_r1_d6_b03__none,none,logitguard_continuous,4def6ca8e27be84aeb54,1,1,0,0.7787995934486389,0.2212003767490387
PETS_CREDIT_low_eff_su2_r1_d6_b03__none,none,logitguard_continuous,a5b1091e7ec67f7a06ed,1,0,0,0.7451960444450378,0.25480392575263977
PETS_CREDIT_low_eff_su2_r1_d6_b03__none,none,logitguard_continuous,daf2c33eb0f2b7518584,1,0,0,0.7758654952049255,0.22413453459739685
PETS_CREDIT_low_eff_su2_r1_d6_b03__none,none,logitguard_continuous,6e144bf85d42e3ac6fae,1,0,0,0.7733737826347351,0.2266262173652649
PETS_CREDIT_low_eff_su2_r1_d6_b03__none,none,logitguard_continuous,f97851146238bb9a3754,1,0,0,0.7781513929367065,0.22184862196445465
PETS_CREDIT_low_eff_su2_r1_d6_b03__none,none,logitguard_continuous,5d21e75cb6066696e6e2,1,0,0,0.7645041346549988,0.23549586534500122
PETS_CREDIT_low_eff_su2_r1_d6_b03__none,none,logitguard_continuous,4aa64c627cb9b82d7f42,1,0,0,0.7644298076629639,0.23557020723819733
PETS_CREDIT_low_eff_su2_r1_d6_b03__none,none,logitguard_continuous,c50e57ca37a497df3a13,1,0,0,0.7642738819122314,0.23572616279125214
PETS_CREDIT_low_eff_su2_r1_d6_b03__none,none,logitguard_continuous,c0daa10532a8487ca803,1,1,1,0.2415360063314438,0.758463978767395
PETS_CREDIT_low_eff_su2_r1_d6_b03__none,none,logitguard_continuous,00405a37dd709b2d51a8,1,0,0,0.7724911570549011,0.22750888764858246
PETS_CREDIT_low_eff_su2_r1_d6_b03__none,none,logitguard_continuous,5f9c02f5ec03a28e4f53,1,0,0,0.7580990791320801,0.2419009506702423
PETS_CREDIT_low_eff_su2_r1_d6_b03__none,none,logitguard_continuous,ac5f40db5db91c18a83b,1,0,0,0.7722123861312866,0.22778761386871338
PETS_CREDIT_low_eff_su2_r1_d6_b03__none,none,logitguard_continuous,5584930e99aa4007d628,1,0,0,0.7673647403717041,0.2326352447271347
PETS_CREDIT_low_eff_su2_r1_d6_b03__none,none,logitguard_continuous,0674ce029ebb21d32e38,1,0,0,0.7835901379585266,0.21640990674495697
PETS_CREDIT_low_eff_su2_r1_d6_b03__none,none,logitguard_continuous,6c0e663b6848864dc914,1,0,0,0.771937906742096,0.22806212306022644
PETS_CREDIT_low_eff_su2_r1_d6_b03__none,none,logitguard_continuous,7ce1135db7560daf7e70,1,0,0,0.7727934718132019,0.22720657289028168
PETS_CREDIT_low_eff_su2_r1_d6_b03__none,none,logitguard_continuous,70e46e61db439dd8e308,1,0,0,0.7656687498092651,0.23433126509189606
PETS_CREDIT_low_eff_su2_r1_d6_b03__none,none,logitguard_continuous,aaca4c9adb936209ae4f,1,1,1,0.24604928493499756,0.7539507150650024
PETS_CREDIT_low_eff_su2_r1_d6_b03__none,none,logitguard_continuous,3ac7ac4bc65a6ffec899,1,0,0,0.7628055810928345,0.23719440400600433
PETS_CREDIT_low_eff_su2_r1_d6_b03__none,none,logitguard_continuous,c536d8f2ff559c7756e7,1,1,0,0.7692844271659851,0.23071561753749847
PETS_CREDIT_low_eff_su2_r1_d6_b03__none,none,logitguard_continuous,16e3ff8c6f696f231824,1,0,0,0.7642855048179626,0.23571446537971497
PETS_CREDIT_low_eff_su2_r1_d6_b03__none,none,logitguard_continuous,dba69027df0122535f19,1,0,0,0.7645066976547241,0.2354932725429535
PETS_CREDIT_low_eff_su2_r1_d6_b03__none,none,logitguard_continuous,973b363916938dbaaf31,1,0,0,0.7829951047897339,0.21700486540794373
PETS_CREDIT_low_eff_su2_r1_d6_b03__none,none,logitguard_continuous,6ea2a519a69c09016323,1,1,1,0.23464980721473694,0.7653502225875854
PETS_CREDIT_low_eff_su2_r1_d6_b03__none,none,logitguard_continuous,26b6a5da65cdaeb8e184,1,0,0,0.7733778953552246,0.2266220897436142
PETS_CREDIT_low_eff_su2_r1_d6_b03__none,none,logitguard_continuous,c053f623dd8f2bfb7915,1,0,0,0.785509467124939,0.21449050307273865
PETS_CREDIT_low_eff_su2_r1_d6_b03__none,none,logitguard_continuous,0a09121dee0e5db09dfe,1,0,0,0.7745194435119629,0.22548052668571472
PETS_CREDIT_low_eff_su2_r1_d6_b03__none,none,logitguard_continuous,22730a71b34176a3ba37,1,0,0,0.7718794345855713,0.22812055051326752
PETS_CREDIT_low_eff_su2_r1_d6_b03__none,none,logitguard_continuous,6af56a8b2e15acc1e086,1,1,0,0.7631356716156006,0.2368643432855606
PETS_CREDIT_low_eff_su2_r1_d6_b03__none,none,logitguard_continuous,a6dfd0dc4ba32e6c00e6,1,0,0,0.7865487337112427,0.2134512960910797
PETS_CREDIT_low_eff_su2_r1_d6_b03__none,none,logitguard_continuous,a5628044ec0880a52490,1,0,0,0.7544401288032532,0.24555988609790802
PETS_CREDIT_low_eff_su2_r1_d6_b03__none,none,logitguard_continuous,4cfea97c73e6dbfbc698,1,0,0,0.7708456516265869,0.22915434837341309
PETS_CREDIT_low_eff_su2_r1_d6_b03__none,none,logitguard_continuous,32babcc385bd70eddb90,1,0,0,0.7651190757751465,0.23488092422485352
PETS_CREDIT_low_eff_su2_r1_d6_b03__none,none,logitguard_continuous,6093ce809aa33ce6693b,1,0,0,0.7693570852279663,0.2306429147720337
PETS_CREDIT_low_eff_su2_r1_d6_b03__none,none,logitguard_continuous,78edbc6916b12b570866,1,1,0,0.767608106136322,0.23239187896251678
PETS_CREDIT_low_eff_su2_r1_d6_b03__none,none,logitguard_continuous,14865093b1485a5c3a41,1,1,0,0.7636541128158569,0.23634591698646545
PETS_CREDIT_low_eff_su2_r1_d6_b03__none,none,logitguard_continuous,46dbe6ca2f4531385a05,1,0,0,0.780200183391571,0.21979980170726776
PETS_CREDIT_low_eff_su2_r1_d6_b03__none,none,logitguard_continuous,c9e5785745f04cec0d37,1,0,0,0.7763015031814575,0.22369852662086487
PETS_CREDIT_low_eff_su2_r1_d6_b03__none,none,logitguard_continuous,1313972ddf1c6e9eb2c9,1,0,0,0.7661547660827637,0.23384520411491394
PETS_CREDIT_low_eff_su2_r1_d6_b03__none,none,logitguard_continuous,42e9f06773aa97fa92d4,0,0,0,0.777618944644928,0.22238102555274963
PETS_CREDIT_low_eff_su2_r1_d6_b03__none,none,logitguard_continuous,7bfb843a13cff05233ad,0,0,0,0.7738214135169983,0.2261786013841629
PETS_CREDIT_low_eff_su2_r1_d6_b03__none,none,logitguard_continuous,2218e6bd75832a43d007,0,0,0,0.7723318934440613,0.22766807675361633
PETS_CREDIT_low_eff_su2_r1_d6_b03__none,none,logitguard_continuous,9bfd22e983b09efc4239,0,0,0,0.7623522281646729,0.23764781653881073
PETS_CREDIT_low_eff_su2_r1_d6_b03__none,none,logitguard_continuous,34bfadccd6d7f30d94a1,0,0,0,0.7669825553894043,0.2330174595117569
PETS_CREDIT_low_eff_su2_r1_d6_b03__none,none,logitguard_continuous,5f861fea617a3ee7da16,0,1,0,0.7726662158966064,0.22733381390571594
PETS_CREDIT_low_eff_su2_r1_d6_b03__none,none,logitguard_continuous,3b2a390113c4d06485dc,0,0,0,0.764768123626709,0.23523184657096863
PETS_CREDIT_low_eff_su2_r1_d6_b03__none,none,logitguard_continuous,f1d5fbea8d8fc197f689,0,1,0,0.7695320844650269,0.23046788573265076
PETS_CREDIT_low_eff_su2_r1_d6_b03__none,none,logitguard_continuous,a55e7f353f00168e8f2a,0,1,0,0.7713363170623779,0.22866365313529968
PETS_CREDIT_low_eff_su2_r1_d6_b03__none,none,logitguard_continuous,7b2b85015deb930a73bd,0,0,1,0.2462046593427658,0.7537953853607178
PETS_CREDIT_low_eff_su2_r1_d6_b03__none,none,logitguard_continuous,7990ceff4d0c77eeca8b,0,0,0,0.7674378156661987,0.23256218433380127
PETS_CREDIT_low_eff_su2_r1_d6_b03__none,none,logitguard_continuous,4194c2831bd65263a55f,0,0,0,0.7644504308700562,0.23554958403110504
PETS_CREDIT_low_eff_su2_r1_d6_b03__none,none,logitguard_continuous,89b5beeaae443f174906,0,0,0,0.7369399666786194,0.2630600929260254
PETS_CREDIT_low_eff_su2_r1_d6_b03__none,none,logitguard_continuous,c9b90a5a5aabbbda656e,0,0,0,0.7681841254234314,0.231815904378891
PETS_CREDIT_low_eff_su2_r1_d6_b03__none,none,logitguard_continuous,45e249d80792feb4d2d2,0,0,0,0.7679330706596375,0.23206695914268494
PETS_CREDIT_low_eff_su2_r1_d6_b03__none,none,logitguard_continuous,ac4bb9f68cc026f7ef87,0,1,0,0.782027542591095,0.21797247231006622
PETS_CREDIT_low_eff_su2_r1_d6_b03__none,none,logitguard_continuous,2f4ee8e91be4e65736a4,0,0,0,0.7696834802627563,0.23031653463840485
PETS_CREDIT_low_eff_su2_r1_d6_b03__none,none,logitguard_continuous,48db4133c9bf431ebe79,0,0,1,0.2419205605983734,0.758079469203949
PETS_CREDIT_low_eff_su2_r1_d6_b03__none,none,logitguard_continuous,25773551baf095668618,0,0,0,0.7737032175064087,0.2262967973947525
PETS_CREDIT_low_eff_su2_r1_d6_b03__none,none,logitguard_continuous,a5648815fec59cd1c995,0,1,0,0.7568133473396301,0.24318662285804749
PETS_CREDIT_low_eff_su2_r1_d6_b03__none,none,logitguard_continuous,d5e3f577c74cd5bde9ef,0,0,1,0.256490021944046,0.7435100078582764
PETS_CREDIT_low_eff_su2_r1_d6_b03__none,none,logitguard_continuous,90aa3dc827baf03a0b7f,0,0,0,0.7638287544250488,0.23617124557495117
PETS_CREDIT_low_eff_su2_r1_d6_b03__none,none,logitguard_continuous,a4ed03b502889d9468c9,0,0,0,0.7786300182342529,0.22137001156806946
PETS_CREDIT_low_eff_su2_r1_d6_b03__none,none,logitguard_continuous,72382fc3b364c3c36162,0,0,0,0.7719020247459412,0.22809801995754242
PETS_CREDIT_low_eff_su2_r1_d6_b03__none,none,logitguard_continuous,9214bdad11cf5b0f5788,0,0,0,0.7683565020561218,0.23164354264736176
PETS_CREDIT_low_eff_su2_r1_d6_b03__none,none,logitguard_continuous,b224dfc19404bbda9ee4,0,0,1,0.24551977217197418,0.754480242729187
PETS_CREDIT_low_eff_su2_r1_d6_b03__none,none,logitguard_continuous,150e2fdbb7bdebe9ab21,0,0,0,0.7724930047988892,0.22750705480575562
PETS_CREDIT_low_eff_su2_r1_d6_b03__none,none,logitguard_continuous,e81e235b5be50fce8ed4,0,0,0,0.7647267580032349,0.23527324199676514
PETS_CREDIT_low_eff_su2_r1_d6_b03__none,none,logitguard_continuous,a6f8faff37efe9eca5fe,0,0,0,0.7667428255081177,0.23325718939304352
PETS_CREDIT_low_eff_su2_r1_d6_b03__none,none,logitguard_continuous,444967b541f184305a6c,0,0,0,0.7600382566452026,0.23996177315711975
PETS_CREDIT_low_eff_su2_r1_d6_b03__none,none,logitguard_continuous,b3648943abce0512f994,0,0,0,0.776599109172821,0.22340090572834015
PETS_CREDIT_low_eff_su2_r1_d6_b03__none,none,logitguard_continuous,f55dd0075c038f761436,0,0,0,0.7673951983451843,0.23260481655597687
PETS_CREDIT_low_eff_su2_r1_d6_b03__none,none,logitguard_continuous,19eaeaae64289dba8ce8,0,1,0,0.7441632151603699,0.2558368444442749
PETS_CREDIT_low_eff_su2_r1_d6_b03__none,none,logitguard_continuous,9af74acc6cc7a48f4fd9,0,0,0,0.7691836953163147,0.23081634938716888
PETS_CREDIT_low_eff_su2_r1_d6_b03__none,none,logitguard_continuous,e26cf49baf1a8f2a6289,0,1,0,0.7647834420204163,0.23521655797958374
PETS_CREDIT_low_eff_su2_r1_d6_b03__none,none,logitguard_continuous,4010d1d0fc60044b7e83,0,0,0,0.7798405289649963,0.22015945613384247
PETS_CREDIT_low_eff_su2_r1_d6_b03__none,none,logitguard_continuous,6146ee4e50398bd2590b,0,0,0,0.744895339012146,0.2551046907901764
PETS_CREDIT_low_eff_su2_r1_d6_b03__none,none,logitguard_continuous,17405c31370c8de7f8b8,0,0,0,0.7656389474868774,0.23436103761196136
PETS_CREDIT_low_eff_su2_r1_d6_b03__none,none,logitguard_continuous,471df40f4bdddddc09ec,0,1,0,0.7643762230873108,0.2356238067150116
PETS_CREDIT_low_eff_su2_r1_d6_b03__none,none,logitguard_continuous,b38c56a4fffe98b7efc8,0,0,0,0.7731320261955261,0.22686797380447388
PETS_CREDIT_low_eff_su2_r1_d6_b03__none,none,logitguard_continuous,69c16449e008d39bb994,0,0,0,0.7794150710105896,0.22058497369289398
PETS_CREDIT_low_eff_su2_r1_d6_b03__none,none,logitguard_continuous,0748c8ca29b369b66e6f,0,1,0,0.7785943746566772,0.22140559554100037
PETS_CREDIT_low_eff_su2_r1_d6_b03__none,none,logitguard_continuous,da3092a0e04488fc3d83,0,0,0,0.8569434881210327,0.14305654168128967
PETS_CREDIT_low_eff_su2_r1_d6_b03__none,none,logitguard_continuous,74cb3d94d7d3fcb0963b,0,0,0,0.77250736951828,0.22749261558055878
PETS_CREDIT_low_eff_su2_r1_d6_b03__none,none,logitguard_continuous,3c4479d085b1b0ae10d8,0,0,1,0.2416231334209442,0.7583768367767334
PETS_CREDIT_low_eff_su2_r1_d6_b03__none,none,logitguard_continuous,5960e131d3cbd3ac2bd9,0,0,0,0.767877995967865,0.2321220487356186
PETS_CREDIT_low_eff_su2_r1_d6_b03__none,none,logitguard_continuous,3122b20f9c469ddb4810,0,0,0,0.7685717344284058,0.23142826557159424
PETS_CREDIT_low_eff_su2_r1_d6_b03__none,none,logitguard_continuous,5f5253b7ee72fa683082,0,0,0,0.783991813659668,0.21600817143917084
PETS_CREDIT_low_eff_su2_r1_d6_b03__none,none,logitguard_continuous,2478313b949e4a19fec5,0,1,1,0.24582234025001526,0.7541776895523071
PETS_CREDIT_low_eff_su2_r1_d6_b03__none,none,logitguard_continuous,6803403d6e57131ab879,0,0,0,0.7936990857124329,0.20630091428756714
PETS_CREDIT_low_eff_su2_r1_d6_b03__none,none,logitguard_continuous,5628f53706485c5a34f9,0,0,0,0.7764540314674377,0.22354601323604584
PETS_CREDIT_low_eff_su2_r1_d6_b03__none,none,logitguard_continuous,e3aa42e9baae40909b2c,0,0,0,0.7791181802749634,0.22088180482387543
PETS_CREDIT_low_eff_su2_r1_d6_b03__none,none,logitguard_continuous,50a0be37bf2f275bd4d6,0,0,0,0.7717697024345398,0.22823026776313782
PETS_CREDIT_low_eff_su2_r1_d6_b03__none,none,logitguard_continuous,87b361e38d3a033e0147,0,0,0,0.7661699652671814,0.2338300347328186
PETS_CREDIT_low_eff_su2_r1_d6_b03__none,none,logitguard_continuous,10adaa08b0205f280a31,0,1,0,0.7609521746635437,0.23904787003993988
PETS_CREDIT_low_eff_su2_r1_d6_b03__none,none,logitguard_continuous,9d233cff809c5f6dd546,0,1,0,0.7668527364730835,0.2331472784280777
PETS_CREDIT_low_eff_su2_r1_d6_b03__none,none,logitguard_continuous,baf60f731977893683c9,0,0,0,0.7690712213516235,0.23092879354953766
PETS_CREDIT_low_eff_su2_r1_d6_b03__none,none,logitguard_continuous,91f87ca67e3c04007486,0,1,0,0.7815444469451904,0.21845555305480957
PETS_CREDIT_low_eff_su2_r1_d6_b03__none,none,logitguard_continuous,8273cd051f4f3c543c72,0,0,0,0.7742698788642883,0.22573010623455048
PETS_CREDIT_low_eff_su2_r1_d6_b03__none,none,logitguard_continuous,01c60ffe9b042bc05cfc,0,0,0,0.7698891162872314,0.23011091351509094
PETS_CREDIT_low_eff_su2_r1_d6_b03__none,none,logitguard_continuous,da5f5efb7790004fff98,0,1,0,0.7726749181747437,0.22732511162757874
PETS_CREDIT_low_eff_su2_r1_d6_b03__none,none,logitguard_continuous,d545cdd659f37acdba6c,0,1,0,0.7701981663703918,0.22980183362960815
PETS_CREDIT_low_eff_su2_r1_d6_b03__none,none,logitguard_continuous,3e5959b02df8356effc1,0,0,0,0.7619272470474243,0.2380727231502533
PETS_CREDIT_low_eff_su2_r1_d6_b03__none,none,logitguard_continuous,236eaf6e697017b75006,0,0,0,0.7745549082756042,0.22544509172439575
PETS_CREDIT_low_eff_su2_r1_d6_b03__none,none,logitguard_continuous,2ca770f234439727c33f,0,0,0,0.7809349298477173,0.21906505525112152
PETS_CREDIT_low_eff_su2_r1_d6_b03__none,none,logitguard_continuous,9fe9252c0b576d892b50,0,0,0,0.7671254873275757,0.23287448287010193
PETS_CREDIT_low_eff_su2_r1_d6_b03__none,none,logitguard_continuous,f22d9a5133c174dae56c,0,0,1,0.22660264372825623,0.7733973264694214
PETS_CREDIT_low_eff_su2_r1_d6_b03__none,none,logitguard_continuous,02d132ee580866ee41a8,0,0,0,0.7565636038780212,0.24343638122081757
PETS_CREDIT_low_eff_su2_r1_d6_b03__none,none,logitguard_continuous,323bc2b7ded81007c10b,0,0,0,0.7841007113456726,0.2158993035554886
PETS_CREDIT_low_eff_su2_r1_d6_b03__none,none,logitguard_continuous,7eb02391460879bfe425,0,1,1,0.2277330607175827,0.7722669839859009
PETS_CREDIT_low_eff_su2_r1_d6_b03__none,none,logitguard_continuous,8023a2850646517888f6,0,0,0,0.763080894947052,0.23691913485527039
PETS_CREDIT_low_eff_su2_r1_d6_b03__none,none,logitguard_continuous,c80e702330688e6c3640,0,0,0,0.7688910961151123,0.2311089038848877
PETS_CREDIT_low_eff_su2_r1_d6_b03__none,none,logitguard_continuous,3e01576c4964ce1df77e,0,0,0,0.7722412943840027,0.22775870561599731
PETS_CREDIT_low_eff_su2_r1_d6_b03__none,none,logitguard_continuous,d8bd80969a4223b1746d,0,0,0,0.771280825138092,0.22871920466423035
PETS_CREDIT_low_eff_su2_r1_d6_b03__none,none,logitguard_continuous,c98e7a188d21f2d4c7c5,0,0,1,0.2532583773136139,0.7467415928840637
PETS_CREDIT_low_eff_su2_r1_d6_b03__none,none,logitguard_continuous,a53b6f24d57097d0166f,0,0,0,0.7627491354942322,0.2372509241104126
PETS_CREDIT_low_eff_su2_r1_d6_b03__none,none,logitguard_continuous,8b702b29b3bba3c0c011,0,0,0,0.7826125621795654,0.21738746762275696
PETS_CREDIT_low_eff_su2_r1_d6_b03__none,none,logitguard_continuous,5808218040029ad54abc,0,0,0,0.764360249042511,0.2356397807598114
PETS_CREDIT_low_eff_su2_r1_d6_b03__none,none,logitguard_continuous,2cdf0f49b2642481ca8f,0,1,0,0.7246739864349365,0.27532604336738586
PETS_CREDIT_low_eff_su2_r1_d6_b03__none,none,logitguard_continuous,d8141fe3b07ab69c0481,0,0,0,0.7671685218811035,0.23283147811889648
PETS_CREDIT_low_eff_su2_r1_d6_b03__none,none,logitguard_continuous,a2d2d92e2ba800faa946,0,1,1,0.24282823503017426,0.7571718096733093
PETS_CREDIT_low_eff_su2_r1_d6_b03__none,none,logitguard_continuous,657f767276025ad88617,0,0,0,0.7525365948677063,0.2474634051322937
PETS_CREDIT_low_eff_su2_r1_d6_b03__none,none,logitguard_continuous,21cc40e171d11484f55e,0,0,0,0.7811903357505798,0.21880963444709778
PETS_CREDIT_low_eff_su2_r1_d6_b03__none,none,logitguard_continuous,68458c3065d2ff08346a,0,0,0,0.7826950550079346,0.21730497479438782
PETS_CREDIT_low_eff_su2_r1_d6_b03__none,none,logitguard_continuous,b690772de8eb14084d30,0,1,0,0.7635478973388672,0.2364521473646164
PETS_CREDIT_low_eff_su2_r1_d6_b03__none,none,logitguard_continuous,0f0ec6f2889f1d9d2876,0,0,0,0.797046959400177,0.202953040599823
PETS_CREDIT_low_eff_su2_r1_d6_b03__none,none,logitguard_continuous,18bbbff1da0a4760b6ff,0,0,0,0.7730316519737244,0.22696831822395325
PETS_CREDIT_low_eff_su2_r1_d6_b03__none,none,logitguard_continuous,5718ce19a4a1c640caac,0,0,0,0.7680709958076477,0.23192903399467468
PETS_CREDIT_low_eff_su2_r1_d6_b03__none,none,logitguard_continuous,5c1eaee6580358b55afc,0,0,0,0.7656896710395813,0.2343102991580963
PETS_CREDIT_low_eff_su2_r1_d6_b03__none,none,logitguard_continuous,0835edef9bf74dc85154,0,1,0,0.767566978931427,0.232433021068573
PETS_CREDIT_low_eff_su2_r1_d6_b03__none,none,logitguard_continuous,05e7a2529d248075df48,0,0,0,0.7802397608757019,0.2197602540254593
PETS_CREDIT_low_eff_su2_r1_d6_b03__none,none,logitguard_continuous,71f1648b8b8cb6d1277e,0,0,0,0.7740901112556458,0.22590985894203186
PETS_CREDIT_low_eff_su2_r1_d6_b03__none,none,logitguard_continuous,cb39c23acaa500033ed0,0,0,0,0.7805847525596619,0.21941521763801575
PETS_CREDIT_low_eff_su2_r1_d6_b03__none,none,logitguard_continuous,c55786a9941cc04c9348,0,0,0,0.7434589266777039,0.25654110312461853
PETS_CREDIT_low_eff_su2_r1_d6_b03__none,none,logitguard_continuous,cc92f2b4b36f95de3e7f,0,0,0,0.7660238742828369,0.2339760959148407
PETS_CREDIT_low_eff_su2_r1_d6_b03__none,none,logitguard_continuous,4c3cfe1fe9e491bb9c0e,0,1,0,0.7737884521484375,0.2262115627527237
PETS_CREDIT_low_eff_su2_r1_d6_b03__none,none,logitguard_continuous,fa91758004730bf9cef8,0,1,0,0.7694652676582336,0.23053476214408875
PETS_CREDIT_low_eff_su2_r1_d6_b03__none,none,logitguard_continuous,b78fcdfd9fe43578fef1,0,0,0,0.7757418155670166,0.22425822913646698
PETS_CREDIT_low_eff_su2_r1_d6_b03__none,none,logitguard_continuous,27103d15734219f0d343,0,0,0,0.7651880383491516,0.2348119616508484
PETS_CREDIT_low_eff_su2_r1_d6_b03__none,none,logitguard_continuous,36f760028306a12bff25,0,0,0,0.7668390870094299,0.23316094279289246
PETS_CREDIT_low_eff_su2_r1_d6_b03__none,none,logitguard_quantized,619b46d6086e6aad3d84,1,0,0,0.7790261507034302,0.2209739089012146
PETS_CREDIT_low_eff_su2_r1_d6_b03__none,none,logitguard_quantized,5e48c11768cb070aefe6,1,0,0,0.7720635533332825,0.22793644666671753
PETS_CREDIT_low_eff_su2_r1_d6_b03__none,none,logitguard_quantized,7105743f10682ac4a1cc,1,0,0,0.768524706363678,0.23147521913051605
PETS_CREDIT_low_eff_su2_r1_d6_b03__none,none,logitguard_quantized,272c38b1ecd099be7890,1,0,0,0.764947772026062,0.2350521981716156
PETS_CREDIT_low_eff_su2_r1_d6_b03__none,none,logitguard_quantized,6f47824d3363865de61a,1,0,0,0.768524706363678,0.23147521913051605
PETS_CREDIT_low_eff_su2_r1_d6_b03__none,none,logitguard_quantized,b0f47ae4b56b3aa4d111,1,1,1,0.23147521913051605,0.768524706363678
PETS_CREDIT_low_eff_su2_r1_d6_b03__none,none,logitguard_quantized,f073d35785cf76f1409c,1,0,0,0.768524706363678,0.23147521913051605
PETS_CREDIT_low_eff_su2_r1_d6_b03__none,none,logitguard_quantized,01e7168ae2a624ff9916,1,1,1,0.23147521913051605,0.768524706363678
PETS_CREDIT_low_eff_su2_r1_d6_b03__none,none,logitguard_quantized,1c7eb9e50fc08e5f8cf0,1,1,0,0.768524706363678,0.23147521913051605
PETS_CREDIT_low_eff_su2_r1_d6_b03__none,none,logitguard_quantized,8f95586c1c6fb3f2a750,1,0,0,0.7613326907157898,0.23866727948188782
PETS_CREDIT_low_eff_su2_r1_d6_b03__none,none,logitguard_quantized,2c2eb339de59d2b86f66,1,0,0,0.764947772026062,0.2350521981716156
PETS_CREDIT_low_eff_su2_r1_d6_b03__none,none,logitguard_quantized,ab00e756b29c98fd6674,1,0,0,0.7790261507034302,0.2209739089012146
PETS_CREDIT_low_eff_su2_r1_d6_b03__none,none,logitguard_quantized,70d271c728323ea28d90,1,0,0,0.768524706363678,0.23147521913051605
PETS_CREDIT_low_eff_su2_r1_d6_b03__none,none,logitguard_quantized,69ef03b5c6f4f7ecef33,1,0,0,0.768524706363678,0.23147521913051605
PETS_CREDIT_low_eff_su2_r1_d6_b03__none,none,logitguard_quantized,eb849709f12c60edd50b,1,0,0,0.7576796412467957,0.24232037365436554
PETS_CREDIT_low_eff_su2_r1_d6_b03__none,none,logitguard_quantized,ab97fae957e08270ffce,1,1,0,0.764947772026062,0.2350521981716156
PETS_CREDIT_low_eff_su2_r1_d6_b03__none,none,logitguard_quantized,e07f107ec2deef516f4f,1,0,0,0.7464939951896667,0.25350600481033325
PETS_CREDIT_low_eff_su2_r1_d6_b03__none,none,logitguard_quantized,88b1c0733571d25bdfa5,1,0,0,0.7613326907157898,0.23866727948188782
PETS_CREDIT_low_eff_su2_r1_d6_b03__none,none,logitguard_quantized,b84ff32b3c14263b0dd5,1,0,0,0.7790261507034302,0.2209739089012146
PETS_CREDIT_low_eff_su2_r1_d6_b03__none,none,logitguard_quantized,9fc5fbe55717fe6862a4,1,1,0,0.7790261507034302,0.2209739089012146
PETS_CREDIT_low_eff_su2_r1_d6_b03__none,none,logitguard_quantized,9eb158e3cbe5bc901e26,1,0,0,0.7755640149116516,0.2244359850883484
PETS_CREDIT_low_eff_su2_r1_d6_b03__none,none,logitguard_quantized,09c28941e61886717e09,1,0,0,0.7576796412467957,0.24232037365436554
PETS_CREDIT_low_eff_su2_r1_d6_b03__none,none,logitguard_quantized,196d92dfff0523a23237,1,0,0,0.7720635533332825,0.22793644666671753
PETS_CREDIT_low_eff_su2_r1_d6_b03__none,none,logitguard_quantized,0ffd3e39286157b02ad4,1,0,0,0.7755640149116516,0.2244359850883484
PETS_CREDIT_low_eff_su2_r1_d6_b03__none,none,logitguard_quantized,25bed8f88a506c4cc366,1,0,0,0.7464939951896667,0.25350600481033325
PETS_CREDIT_low_eff_su2_r1_d6_b03__none,none,logitguard_quantized,a62d80fa1349c54517ce,1,0,0,0.7502601146697998,0.2497398853302002
PETS_CREDIT_low_eff_su2_r1_d6_b03__none,none,logitguard_quantized,08a6c27fcb32f81ff375,1,0,0,0.768524706363678,0.23147521913051605
PETS_CREDIT_low_eff_su2_r1_d6_b03__none,none,logitguard_quantized,26f8e0268dd95cba45fd,1,0,0,0.7613326907157898,0.23866727948188782
PETS_CREDIT_low_eff_su2_r1_d6_b03__none,none,logitguard_quantized,f332cc500c7a62b19024,1,0,0,0.7502601146697998,0.2497398853302002
PETS_CREDIT_low_eff_su2_r1_d6_b03__none,none,logitguard_quantized,bfa7b1aca5d187760a16,1,0,0,0.768524706363678,0.23147521913051605
PETS_CREDIT_low_eff_su2_r1_d6_b03__none,none,logitguard_quantized,d1d396dc69ac0aeade66,1,0,0,0.7790261507034302,0.2209739089012146
PETS_CREDIT_low_eff_su2_r1_d6_b03__none,none,logitguard_quantized,092efc45ab978715a8fa,1,0,0,0.768524706363678,0.23147521913051605
PETS_CREDIT_low_eff_su2_r1_d6_b03__none,none,logitguard_quantized,d8e3c3c718aea110b2d9,1,1,1,0.2244359850883484,0.7755640149116516
PETS_CREDIT_low_eff_su2_r1_d6_b03__none,none,logitguard_quantized,2c3058336909d855b1f0,1,0,0,0.7790261507034302,0.2209739089012146
PETS_CREDIT_low_eff_su2_r1_d6_b03__none,none,logitguard_quantized,006df97946d214e0111f,1,1,0,0.7613326907157898,0.23866727948188782
PETS_CREDIT_low_eff_su2_r1_d6_b03__none,none,logitguard_quantized,4b8fbfef25d81e60d4a6,1,0,0,0.768524706363678,0.23147521913051605
PETS_CREDIT_low_eff_su2_r1_d6_b03__none,none,logitguard_quantized,5cb75d859aa2d3df94b0,1,0,0,0.7824497818946838,0.21755023300647736
PETS_CREDIT_low_eff_su2_r1_d6_b03__none,none,logitguard_quantized,82d40bd4122f5c76cdfb,1,0,0,0.764947772026062,0.2350521981716156
PETS_CREDIT_low_eff_su2_r1_d6_b03__none,none,logitguard_quantized,f05df67fe5ac7ed38643,1,1,1,0.2350521981716156,0.764947772026062
PETS_CREDIT_low_eff_su2_r1_d6_b03__none,none,logitguard_quantized,0772d1e68bccea98e68f,1,0,0,0.7957597374916077,0.20424030721187592
PETS_CREDIT_low_eff_su2_r1_d6_b03__none,none,logitguard_quantized,a1b01a469dc7802f51d3,1,0,0,0.7720635533332825,0.22793644666671753
PETS_CREDIT_low_eff_su2_r1_d6_b03__none,none,logitguard_quantized,108acbd92e651db6ac49,1,1,1,0.2244359850883484,0.7755640149116516
PETS_CREDIT_low_eff_su2_r1_d6_b03__none,none,logitguard_quantized,c75c31af2389cc3a594f,1,0,1,0.23866727948188782,0.7613326907157898
PETS_CREDIT_low_eff_su2_r1_d6_b03__none,none,logitguard_quantized,2379dd478643b9cc0bc1,1,0,0,0.7539887428283691,0.24601128697395325
PETS_CREDIT_low_eff_su2_r1_d6_b03__none,none,logitguard_quantized,7673e8a0f0b037cc51e5,1,0,0,0.768524706363678,0.23147521913051605
PETS_CREDIT_low_eff_su2_r1_d6_b03__none,none,logitguard_quantized,7c7fe88dcec806be29da,1,0,0,0.7539887428283691,0.24601128697395325
PETS_CREDIT_low_eff_su2_r1_d6_b03__none,none,logitguard_quantized,07d4d260e30d7cf5b71f,1,0,0,0.7957597374916077,0.20424030721187592
PETS_CREDIT_low_eff_su2_r1_d6_b03__none,none,logitguard_quantized,d75c3e52dbcaf5a5ec2a,1,0,0,0.764947772026062,0.2350521981716156
PETS_CREDIT_low_eff_su2_r1_d6_b03__none,none,logitguard_quantized,d2c3d34fb102babfa194,1,1,0,0.764947772026062,0.2350521981716156
PETS_CREDIT_low_eff_su2_r1_d6_b03__none,none,logitguard_quantized,92516ca36411fad7d9c9,1,0,0,0.7790261507034302,0.2209739089012146
PETS_CREDIT_low_eff_su2_r1_d6_b03__none,none,logitguard_quantized,1dd9f8371cdcaa1758b3,1,0,0,0.7613326907157898,0.23866727948188782
PETS_CREDIT_low_eff_su2_r1_d6_b03__none,none,logitguard_quantized,8fe0ac3103b5acc00cdc,1,0,0,0.7613326907157898,0.23866727948188782
PETS_CREDIT_low_eff_su2_r1_d6_b03__none,none,logitguard_quantized,c3a59fc71e20658f6341,1,0,0,0.768524706363678,0.23147521913051605
PETS_CREDIT_low_eff_su2_r1_d6_b03__none,none,logitguard_quantized,434123980ae7f6c38b02,1,0,0,0.768524706363678,0.23147521913051605
PETS_CREDIT_low_eff_su2_r1_d6_b03__none,none,logitguard_quantized,6bf07a3ff23f9e3249c5,1,1,0,0.7613326907157898,0.23866727948188782
PETS_CREDIT_low_eff_su2_r1_d6_b03__none,none,logitguard_quantized,e030c0aa4ae0f1011f2f,1,1,1,0.22793644666671753,0.7720635533332825
PETS_CREDIT_low_eff_su2_r1_d6_b03__none,none,logitguard_quantized,8120fa8a41158dba642d,1,0,0,0.7790261507034302,0.2209739089012146
PETS_CREDIT_low_eff_su2_r1_d6_b03__none,none,logitguard_quantized,66fa33821884d4568b02,1,1,0,0.7576796412467957,0.24232037365436554
PETS_CREDIT_low_eff_su2_r1_d6_b03__none,none,logitguard_quantized,ae1704e8283a10912765,1,0,0,0.7539887428283691,0.24601128697395325
PETS_CREDIT_low_eff_su2_r1_d6_b03__none,none,logitguard_quantized,72bf8a475d5aa5538cd3,1,0,0,0.7613326907157898,0.23866727948188782
PETS_CREDIT_low_eff_su2_r1_d6_b03__none,none,logitguard_quantized,c4b2c9357254e51af6a9,1,1,0,0.764947772026062,0.2350521981716156
PETS_CREDIT_low_eff_su2_r1_d6_b03__none,none,logitguard_quantized,4def6ca8e27be84aeb54,1,1,0,0.7790261507034302,0.2209739089012146
PETS_CREDIT_low_eff_su2_r1_d6_b03__none,none,logitguard_quantized,a5b1091e7ec67f7a06ed,1,0,0,0.7464939951896667,0.25350600481033325
PETS_CREDIT_low_eff_su2_r1_d6_b03__none,none,logitguard_quantized,daf2c33eb0f2b7518584,1,0,0,0.7755640149116516,0.2244359850883484
PETS_CREDIT_low_eff_su2_r1_d6_b03__none,none,logitguard_quantized,6e144bf85d42e3ac6fae,1,0,0,0.7720635533332825,0.22793644666671753
PETS_CREDIT_low_eff_su2_r1_d6_b03__none,none,logitguard_quantized,f97851146238bb9a3754,1,0,0,0.7790261507034302,0.2209739089012146
PETS_CREDIT_low_eff_su2_r1_d6_b03__none,none,logitguard_quantized,5d21e75cb6066696e6e2,1,0,0,0.764947772026062,0.2350521981716156
PETS_CREDIT_low_eff_su2_r1_d6_b03__none,none,logitguard_quantized,4aa64c627cb9b82d7f42,1,0,0,0.764947772026062,0.2350521981716156
PETS_CREDIT_low_eff_su2_r1_d6_b03__none,none,logitguard_quantized,c50e57ca37a497df3a13,1,0,0,0.764947772026062,0.2350521981716156
PETS_CREDIT_low_eff_su2_r1_d6_b03__none,none,logitguard_quantized,c0daa10532a8487ca803,1,1,1,0.24232037365436554,0.7576796412467957
PETS_CREDIT_low_eff_su2_r1_d6_b03__none,none,logitguard_quantized,00405a37dd709b2d51a8,1,0,0,0.7720635533332825,0.22793644666671753
PETS_CREDIT_low_eff_su2_r1_d6_b03__none,none,logitguard_quantized,5f9c02f5ec03a28e4f53,1,0,0,0.7576796412467957,0.24232037365436554
PETS_CREDIT_low_eff_su2_r1_d6_b03__none,none,logitguard_quantized,ac5f40db5db91c18a83b,1,0,0,0.7720635533332825,0.22793644666671753
PETS_CREDIT_low_eff_su2_r1_d6_b03__none,none,logitguard_quantized,5584930e99aa4007d628,1,0,0,0.768524706363678,0.23147521913051605
PETS_CREDIT_low_eff_su2_r1_d6_b03__none,none,logitguard_quantized,0674ce029ebb21d32e38,1,0,0,0.7824497818946838,0.21755023300647736
PETS_CREDIT_low_eff_su2_r1_d6_b03__none,none,logitguard_quantized,6c0e663b6848864dc914,1,0,0,0.7720635533332825,0.22793644666671753
PETS_CREDIT_low_eff_su2_r1_d6_b03__none,none,logitguard_quantized,7ce1135db7560daf7e70,1,0,0,0.7720635533332825,0.22793644666671753
PETS_CREDIT_low_eff_su2_r1_d6_b03__none,none,logitguard_quantized,70e46e61db439dd8e308,1,0,0,0.764947772026062,0.2350521981716156
PETS_CREDIT_low_eff_su2_r1_d6_b03__none,none,logitguard_quantized,aaca4c9adb936209ae4f,1,1,1,0.24601128697395325,0.7539887428283691
PETS_CREDIT_low_eff_su2_r1_d6_b03__none,none,logitguard_quantized,3ac7ac4bc65a6ffec899,1,0,0,0.7613326907157898,0.23866727948188782
PETS_CREDIT_low_eff_su2_r1_d6_b03__none,none,logitguard_quantized,c536d8f2ff559c7756e7,1,1,0,0.768524706363678,0.23147521913051605
PETS_CREDIT_low_eff_su2_r1_d6_b03__none,none,logitguard_quantized,16e3ff8c6f696f231824,1,0,0,0.764947772026062,0.2350521981716156
PETS_CREDIT_low_eff_su2_r1_d6_b03__none,none,logitguard_quantized,dba69027df0122535f19,1,0,0,0.764947772026062,0.2350521981716156
PETS_CREDIT_low_eff_su2_r1_d6_b03__none,none,logitguard_quantized,973b363916938dbaaf31,1,0,0,0.7824497818946838,0.21755023300647736
PETS_CREDIT_low_eff_su2_r1_d6_b03__none,none,logitguard_quantized,6ea2a519a69c09016323,1,1,1,0.2350521981716156,0.764947772026062
PETS_CREDIT_low_eff_su2_r1_d6_b03__none,none,logitguard_quantized,26b6a5da65cdaeb8e184,1,0,0,0.7720635533332825,0.22793644666671753
PETS_CREDIT_low_eff_su2_r1_d6_b03__none,none,logitguard_quantized,c053f623dd8f2bfb7915,1,0,0,0.7858350276947021,0.21416503190994263
PETS_CREDIT_low_eff_su2_r1_d6_b03__none,none,logitguard_quantized,0a09121dee0e5db09dfe,1,0,0,0.7755640149116516,0.2244359850883484
PETS_CREDIT_low_eff_su2_r1_d6_b03__none,none,logitguard_quantized,22730a71b34176a3ba37,1,0,0,0.7720635533332825,0.22793644666671753
PETS_CREDIT_low_eff_su2_r1_d6_b03__none,none,logitguard_quantized,6af56a8b2e15acc1e086,1,1,0,0.7613326907157898,0.23866727948188782
PETS_CREDIT_low_eff_su2_r1_d6_b03__none,none,logitguard_quantized,a6dfd0dc4ba32e6c00e6,1,0,0,0.7858350276947021,0.21416503190994263
PETS_CREDIT_low_eff_su2_r1_d6_b03__none,none,logitguard_quantized,a5628044ec0880a52490,1,0,0,0.7539887428283691,0.24601128697395325
PETS_CREDIT_low_eff_su2_r1_d6_b03__none,none,logitguard_quantized,4cfea97c73e6dbfbc698,1,0,0,0.7720635533332825,0.22793644666671753
PETS_CREDIT_low_eff_su2_r1_d6_b03__none,none,logitguard_quantized,32babcc385bd70eddb90,1,0,0,0.764947772026062,0.2350521981716156
PETS_CREDIT_low_eff_su2_r1_d6_b03__none,none,logitguard_quantized,6093ce809aa33ce6693b,1,0,0,0.768524706363678,0.23147521913051605
PETS_CREDIT_low_eff_su2_r1_d6_b03__none,none,logitguard_quantized,78edbc6916b12b570866,1,1,0,0.768524706363678,0.23147521913051605
PETS_CREDIT_low_eff_su2_r1_d6_b03__none,none,logitguard_quantized,14865093b1485a5c3a41,1,1,0,0.764947772026062,0.2350521981716156
PETS_CREDIT_low_eff_su2_r1_d6_b03__none,none,logitguard_quantized,46dbe6ca2f4531385a05,1,0,0,0.7790261507034302,0.2209739089012146
PETS_CREDIT_low_eff_su2_r1_d6_b03__none,none,logitguard_quantized,c9e5785745f04cec0d37,1,0,0,0.7755640149116516,0.2244359850883484
PETS_CREDIT_low_eff_su2_r1_d6_b03__none,none,logitguard_quantized,1313972ddf1c6e9eb2c9,1,0,0,0.764947772026062,0.2350521981716156
PETS_CREDIT_low_eff_su2_r1_d6_b03__none,none,logitguard_quantized,42e9f06773aa97fa92d4,0,0,0,0.7790261507034302,0.2209739089012146
PETS_CREDIT_low_eff_su2_r1_d6_b03__none,none,logitguard_quantized,7bfb843a13cff05233ad,0,0,0,0.7755640149116516,0.2244359850883484
PETS_CREDIT_low_eff_su2_r1_d6_b03__none,none,logitguard_quantized,2218e6bd75832a43d007,0,0,0,0.7720635533332825,0.22793644666671753
PETS_CREDIT_low_eff_su2_r1_d6_b03__none,none,logitguard_quantized,9bfd22e983b09efc4239,0,0,0,0.7613326907157898,0.23866727948188782
PETS_CREDIT_low_eff_su2_r1_d6_b03__none,none,logitguard_quantized,34bfadccd6d7f30d94a1,0,0,0,0.768524706363678,0.23147521913051605
PETS_CREDIT_low_eff_su2_r1_d6_b03__none,none,logitguard_quantized,5f861fea617a3ee7da16,0,1,0,0.7720635533332825,0.22793644666671753
PETS_CREDIT_low_eff_su2_r1_d6_b03__none,none,logitguard_quantized,3b2a390113c4d06485dc,0,0,0,0.764947772026062,0.2350521981716156
PETS_CREDIT_low_eff_su2_r1_d6_b03__none,none,logitguard_quantized,f1d5fbea8d8fc197f689,0,1,0,0.768524706363678,0.23147521913051605
PETS_CREDIT_low_eff_su2_r1_d6_b03__none,none,logitguard_quantized,a55e7f353f00168e8f2a,0,1,0,0.7720635533332825,0.22793644666671753
PETS_CREDIT_low_eff_su2_r1_d6_b03__none,none,logitguard_quantized,7b2b85015deb930a73bd,0,0,1,0.24601128697395325,0.7539887428283691
PETS_CREDIT_low_eff_su2_r1_d6_b03__none,none,logitguard_quantized,7990ceff4d0c77eeca8b,0,0,0,0.768524706363678,0.23147521913051605
PETS_CREDIT_low_eff_su2_r1_d6_b03__none,none,logitguard_quantized,4194c2831bd65263a55f,0,0,0,0.764947772026062,0.2350521981716156
PETS_CREDIT_low_eff_su2_r1_d6_b03__none,none,logitguard_quantized,89b5beeaae443f174906,0,0,0,0.7388499975204468,0.2611500024795532
PETS_CREDIT_low_eff_su2_r1_d6_b03__none,none,logitguard_quantized,c9b90a5a5aabbbda656e,0,0,0,0.768524706363678,0.23147521913051605
PETS_CREDIT_low_eff_su2_r1_d6_b03__none,none,logitguard_quantized,45e249d80792feb4d2d2,0,0,0,0.768524706363678,0.23147521913051605
PETS_CREDIT_low_eff_su2_r1_d6_b03__none,none,logitguard_quantized,ac4bb9f68cc026f7ef87,0,1,0,0.7824497818946838,0.21755023300647736
PETS_CREDIT_low_eff_su2_r1_d6_b03__none,none,logitguard_quantized,2f4ee8e91be4e65736a4,0,0,0,0.768524706363678,0.23147521913051605
PETS_CREDIT_low_eff_su2_r1_d6_b03__none,none,logitguard_quantized,48db4133c9bf431ebe79,0,0,1,0.24232037365436554,0.7576796412467957
PETS_CREDIT_low_eff_su2_r1_d6_b03__none,none,logitguard_quantized,25773551baf095668618,0,0,0,0.7720635533332825,0.22793644666671753
PETS_CREDIT_low_eff_su2_r1_d6_b03__none,none,logitguard_quantized,a5648815fec59cd1c995,0,1,0,0.7576796412467957,0.24232037365436554
PETS_CREDIT_low_eff_su2_r1_d6_b03__none,none,logitguard_quantized,d5e3f577c74cd5bde9ef,0,0,1,0.2573094666004181,0.7426905632019043
PETS_CREDIT_low_eff_su2_r1_d6_b03__none,none,logitguard_quantized,90aa3dc827baf03a0b7f,0,0,0,0.764947772026062,0.2350521981716156
PETS_CREDIT_low_eff_su2_r1_d6_b03__none,none,logitguard_quantized,a4ed03b502889d9468c9,0,0,0,0.7790261507034302,0.2209739089012146
PETS_CREDIT_low_eff_su2_r1_d6_b03__none,none,logitguard_quantized,72382fc3b364c3c36162,0,0,0,0.7720635533332825,0.22793644666671753
PETS_CREDIT_low_eff_su2_r1_d6_b03__none,none,logitguard_quantized,9214bdad11cf5b0f5788,0,0,0,0.768524706363678,0.23147521913051605
PETS_CREDIT_low_eff_su2_r1_d6_b03__none,none,logitguard_quantized,b224dfc19404bbda9ee4,0,0,1,0.24601128697395325,0.7539887428283691
PETS_CREDIT_low_eff_su2_r1_d6_b03__none,none,logitguard_quantized,150e2fdbb7bdebe9ab21,0,0,0,0.7720635533332825,0.22793644666671753
PETS_CREDIT_low_eff_su2_r1_d6_b03__none,none,logitguard_quantized,e81e235b5be50fce8ed4,0,0,0,0.764947772026062,0.2350521981716156
PETS_CREDIT_low_eff_su2_r1_d6_b03__none,none,logitguard_quantized,a6f8faff37efe9eca5fe,0,0,0,0.768524706363678,0.23147521913051605
PETS_CREDIT_low_eff_su2_r1_d6_b03__none,none,logitguard_quantized,444967b541f184305a6c,0,0,0,0.7613326907157898,0.23866727948188782
PETS_CREDIT_low_eff_su2_r1_d6_b03__none,none,logitguard_quantized,b3648943abce0512f994,0,0,0,0.7755640149116516,0.2244359850883484
PETS_CREDIT_low_eff_su2_r1_d6_b03__none,none,logitguard_quantized,f55dd0075c038f761436,0,0,0,0.768524706363678,0.23147521913051605
PETS_CREDIT_low_eff_su2_r1_d6_b03__none,none,logitguard_quantized,19eaeaae64289dba8ce8,0,1,0,0.7426905632019043,0.2573094666004181
PETS_CREDIT_low_eff_su2_r1_d6_b03__none,none,logitguard_quantized,9af74acc6cc7a48f4fd9,0,0,0,0.768524706363678,0.23147521913051605
PETS_CREDIT_low_eff_su2_r1_d6_b03__none,none,logitguard_quantized,e26cf49baf1a8f2a6289,0,1,0,0.764947772026062,0.2350521981716156
PETS_CREDIT_low_eff_su2_r1_d6_b03__none,none,logitguard_quantized,4010d1d0fc60044b7e83,0,0,0,0.7790261507034302,0.2209739089012146
PETS_CREDIT_low_eff_su2_r1_d6_b03__none,none,logitguard_quantized,6146ee4e50398bd2590b,0,0,0,0.7464939951896667,0.25350600481033325
PETS_CREDIT_low_eff_su2_r1_d6_b03__none,none,logitguard_quantized,17405c31370c8de7f8b8,0,0,0,0.764947772026062,0.2350521981716156
PETS_CREDIT_low_eff_su2_r1_d6_b03__none,none,logitguard_quantized,471df40f4bdddddc09ec,0,1,0,0.764947772026062,0.2350521981716156
PETS_CREDIT_low_eff_su2_r1_d6_b03__none,none,logitguard_quantized,b38c56a4fffe98b7efc8,0,0,0,0.7720635533332825,0.22793644666671753
PETS_CREDIT_low_eff_su2_r1_d6_b03__none,none,logitguard_quantized,69c16449e008d39bb994,0,0,0,0.7790261507034302,0.2209739089012146
PETS_CREDIT_low_eff_su2_r1_d6_b03__none,none,logitguard_quantized,0748c8ca29b369b66e6f,0,1,0,0.7790261507034302,0.2209739089012146
PETS_CREDIT_low_eff_su2_r1_d6_b03__none,none,logitguard_quantized,da3092a0e04488fc3d83,0,0,0,0.8581489324569702,0.14185109734535217
PETS_CREDIT_low_eff_su2_r1_d6_b03__none,none,logitguard_quantized,74cb3d94d7d3fcb0963b,0,0,0,0.7720635533332825,0.22793644666671753
PETS_CREDIT_low_eff_su2_r1_d6_b03__none,none,logitguard_quantized,3c4479d085b1b0ae10d8,0,0,1,0.24232037365436554,0.7576796412467957
PETS_CREDIT_low_eff_su2_r1_d6_b03__none,none,logitguard_quantized,5960e131d3cbd3ac2bd9,0,0,0,0.768524706363678,0.23147521913051605
PETS_CREDIT_low_eff_su2_r1_d6_b03__none,none,logitguard_quantized,3122b20f9c469ddb4810,0,0,0,0.768524706363678,0.23147521913051605
PETS_CREDIT_low_eff_su2_r1_d6_b03__none,none,logitguard_quantized,5f5253b7ee72fa683082,0,0,0,0.7824497818946838,0.21755023300647736
PETS_CREDIT_low_eff_su2_r1_d6_b03__none,none,logitguard_quantized,2478313b949e4a19fec5,0,1,1,0.24601128697395325,0.7539887428283691
PETS_CREDIT_low_eff_su2_r1_d6_b03__none,none,logitguard_quantized,6803403d6e57131ab879,0,0,0,0.7924899458885193,0.2075100541114807
PETS_CREDIT_low_eff_su2_r1_d6_b03__none,none,logitguard_quantized,5628f53706485c5a34f9,0,0,0,0.7755640149116516,0.2244359850883484
PETS_CREDIT_low_eff_su2_r1_d6_b03__none,none,logitguard_quantized,e3aa42e9baae40909b2c,0,0,0,0.7790261507034302,0.2209739089012146
PETS_CREDIT_low_eff_su2_r1_d6_b03__none,none,logitguard_quantized,50a0be37bf2f275bd4d6,0,0,0,0.7720635533332825,0.22793644666671753
PETS_CREDIT_low_eff_su2_r1_d6_b03__none,none,logitguard_quantized,87b361e38d3a033e0147,0,0,0,0.764947772026062,0.2350521981716156
PETS_CREDIT_low_eff_su2_r1_d6_b03__none,none,logitguard_quantized,10adaa08b0205f280a31,0,1,0,0.7613326907157898,0.23866727948188782
PETS_CREDIT_low_eff_su2_r1_d6_b03__none,none,logitguard_quantized,9d233cff809c5f6dd546,0,1,0,0.768524706363678,0.23147521913051605
PETS_CREDIT_low_eff_su2_r1_d6_b03__none,none,logitguard_quantized,baf60f731977893683c9,0,0,0,0.768524706363678,0.23147521913051605
PETS_CREDIT_low_eff_su2_r1_d6_b03__none,none,logitguard_quantized,91f87ca67e3c04007486,0,1,0,0.7824497818946838,0.21755023300647736
PETS_CREDIT_low_eff_su2_r1_d6_b03__none,none,logitguard_quantized,8273cd051f4f3c543c72,0,0,0,0.7755640149116516,0.2244359850883484
PETS_CREDIT_low_eff_su2_r1_d6_b03__none,none,logitguard_quantized,01c60ffe9b042bc05cfc,0,0,0,0.768524706363678,0.23147521913051605
PETS_CREDIT_low_eff_su2_r1_d6_b03__none,none,logitguard_quantized,da5f5efb7790004fff98,0,1,0,0.7720635533332825,0.22793644666671753
PETS_CREDIT_low_eff_su2_r1_d6_b03__none,none,logitguard_quantized,d545cdd659f37acdba6c,0,1,0,0.768524706363678,0.23147521913051605
PETS_CREDIT_low_eff_su2_r1_d6_b03__none,none,logitguard_quantized,3e5959b02df8356effc1,0,0,0,0.7613326907157898,0.23866727948188782
PETS_CREDIT_low_eff_su2_r1_d6_b03__none,none,logitguard_quantized,236eaf6e697017b75006,0,0,0,0.7755640149116516,0.2244359850883484
PETS_CREDIT_low_eff_su2_r1_d6_b03__none,none,logitguard_quantized,2ca770f234439727c33f,0,0,0,0.7824497818946838,0.21755023300647736
PETS_CREDIT_low_eff_su2_r1_d6_b03__none,none,logitguard_quantized,9fe9252c0b576d892b50,0,0,0,0.768524706363678,0.23147521913051605
PETS_CREDIT_low_eff_su2_r1_d6_b03__none,none,logitguard_quantized,f22d9a5133c174dae56c,0,0,1,0.22793644666671753,0.7720635533332825
PETS_CREDIT_low_eff_su2_r1_d6_b03__none,none,logitguard_quantized,02d132ee580866ee41a8,0,0,0,0.7576796412467957,0.24232037365436554
PETS_CREDIT_low_eff_su2_r1_d6_b03__none,none,logitguard_quantized,323bc2b7ded81007c10b,0,0,0,0.7824497818946838,0.21755023300647736
PETS_CREDIT_low_eff_su2_r1_d6_b03__none,none,logitguard_quantized,7eb02391460879bfe425,0,1,1,0.22793644666671753,0.7720635533332825
PETS_CREDIT_low_eff_su2_r1_d6_b03__none,none,logitguard_quantized,8023a2850646517888f6,0,0,0,0.7613326907157898,0.23866727948188782
PETS_CREDIT_low_eff_su2_r1_d6_b03__none,none,logitguard_quantized,c80e702330688e6c3640,0,0,0,0.768524706363678,0.23147521913051605
PETS_CREDIT_low_eff_su2_r1_d6_b03__none,none,logitguard_quantized,3e01576c4964ce1df77e,0,0,0,0.7720635533332825,0.22793644666671753
PETS_CREDIT_low_eff_su2_r1_d6_b03__none,none,logitguard_quantized,d8bd80969a4223b1746d,0,0,0,0.7720635533332825,0.22793644666671753
PETS_CREDIT_low_eff_su2_r1_d6_b03__none,none,logitguard_quantized,c98e7a188d21f2d4c7c5,0,0,1,0.25350600481033325,0.7464939951896667
PETS_CREDIT_low_eff_su2_r1_d6_b03__none,none,logitguard_quantized,a53b6f24d57097d0166f,0,0,0,0.7613326907157898,0.23866727948188782
PETS_CREDIT_low_eff_su2_r1_d6_b03__none,none,logitguard_quantized,8b702b29b3bba3c0c011,0,0,0,0.7824497818946838,0.21755023300647736
PETS_CREDIT_low_eff_su2_r1_d6_b03__none,none,logitguard_quantized,5808218040029ad54abc,0,0,0,0.764947772026062,0.2350521981716156
PETS_CREDIT_low_eff_su2_r1_d6_b03__none,none,logitguard_quantized,2cdf0f49b2642481ca8f,0,1,0,0.7231218218803406,0.2768782079219818
PETS_CREDIT_low_eff_su2_r1_d6_b03__none,none,logitguard_quantized,d8141fe3b07ab69c0481,0,0,0,0.768524706363678,0.23147521913051605
PETS_CREDIT_low_eff_su2_r1_d6_b03__none,none,logitguard_quantized,a2d2d92e2ba800faa946,0,1,1,0.24232037365436554,0.7576796412467957
PETS_CREDIT_low_eff_su2_r1_d6_b03__none,none,logitguard_quantized,657f767276025ad88617,0,0,0,0.7539887428283691,0.24601128697395325
PETS_CREDIT_low_eff_su2_r1_d6_b03__none,none,logitguard_quantized,21cc40e171d11484f55e,0,0,0,0.7824497818946838,0.21755023300647736
PETS_CREDIT_low_eff_su2_r1_d6_b03__none,none,logitguard_quantized,68458c3065d2ff08346a,0,0,0,0.7824497818946838,0.21755023300647736
PETS_CREDIT_low_eff_su2_r1_d6_b03__none,none,logitguard_quantized,b690772de8eb14084d30,0,1,0,0.764947772026062,0.2350521981716156
PETS_CREDIT_low_eff_su2_r1_d6_b03__none,none,logitguard_quantized,0f0ec6f2889f1d9d2876,0,0,0,0.7957597374916077,0.20424030721187592
PETS_CREDIT_low_eff_su2_r1_d6_b03__none,none,logitguard_quantized,18bbbff1da0a4760b6ff,0,0,0,0.7720635533332825,0.22793644666671753
PETS_CREDIT_low_eff_su2_r1_d6_b03__none,none,logitguard_quantized,5718ce19a4a1c640caac,0,0,0,0.768524706363678,0.23147521913051605
PETS_CREDIT_low_eff_su2_r1_d6_b03__none,none,logitguard_quantized,5c1eaee6580358b55afc,0,0,0,0.764947772026062,0.2350521981716156
PETS_CREDIT_low_eff_su2_r1_d6_b03__none,none,logitguard_quantized,0835edef9bf74dc85154,0,1,0,0.768524706363678,0.23147521913051605
PETS_CREDIT_low_eff_su2_r1_d6_b03__none,none,logitguard_quantized,05e7a2529d248075df48,0,0,0,0.7790261507034302,0.2209739089012146
PETS_CREDIT_low_eff_su2_r1_d6_b03__none,none,logitguard_quantized,71f1648b8b8cb6d1277e,0,0,0,0.7755640149116516,0.2244359850883484
PETS_CREDIT_low_eff_su2_r1_d6_b03__none,none,logitguard_quantized,cb39c23acaa500033ed0,0,0,0,0.7790261507034302,0.2209739089012146
PETS_CREDIT_low_eff_su2_r1_d6_b03__none,none,logitguard_quantized,c55786a9941cc04c9348,0,0,0,0.7426905632019043,0.2573094666004181
PETS_CREDIT_low_eff_su2_r1_d6_b03__none,none,logitguard_quantized,cc92f2b4b36f95de3e7f,0,0,0,0.764947772026062,0.2350521981716156
PETS_CREDIT_low_eff_su2_r1_d6_b03__none,none,logitguard_quantized,4c3cfe1fe9e491bb9c0e,0,1,0,0.7720635533332825,0.22793644666671753
PETS_CREDIT_low_eff_su2_r1_d6_b03__none,none,logitguard_quantized,fa91758004730bf9cef8,0,1,0,0.768524706363678,0.23147521913051605
PETS_CREDIT_low_eff_su2_r1_d6_b03__none,none,logitguard_quantized,b78fcdfd9fe43578fef1,0,0,0,0.7755640149116516,0.2244359850883484
PETS_CREDIT_low_eff_su2_r1_d6_b03__none,none,logitguard_quantized,27103d15734219f0d343,0,0,0,0.764947772026062,0.2350521981716156
PETS_CREDIT_low_eff_su2_r1_d6_b03__none,none,logitguard_quantized,36f760028306a12bff25,0,0,0,0.768524706363678,0.23147521913051605
PETS_CREDIT_low_eff_su2_r1_d6_b03__none,none,measurementguard_continuous,619b46d6086e6aad3d84,1,0,0,0.8364941477775574,0.16350586712360382
PETS_CREDIT_low_eff_su2_r1_d6_b03__none,none,measurementguard_continuous,5e48c11768cb070aefe6,1,0,0,0.8338648080825806,0.16613523662090302
PETS_CREDIT_low_eff_su2_r1_d6_b03__none,none,measurementguard_continuous,7105743f10682ac4a1cc,1,0,0,0.7742246389389038,0.2257753610610962
PETS_CREDIT_low_eff_su2_r1_d6_b03__none,none,measurementguard_continuous,272c38b1ecd099be7890,1,0,0,0.8106278777122498,0.18937216699123383
PETS_CREDIT_low_eff_su2_r1_d6_b03__none,none,measurementguard_continuous,6f47824d3363865de61a,1,0,0,0.7747169137001038,0.22528308629989624
PETS_CREDIT_low_eff_su2_r1_d6_b03__none,none,measurementguard_continuous,b0f47ae4b56b3aa4d111,1,1,1,0.2807524800300598,0.7192475199699402
PETS_CREDIT_low_eff_su2_r1_d6_b03__none,none,measurementguard_continuous,f073d35785cf76f1409c,1,0,0,0.8241901993751526,0.1758098006248474
PETS_CREDIT_low_eff_su2_r1_d6_b03__none,none,measurementguard_continuous,01e7168ae2a624ff9916,1,1,1,0.13997666537761688,0.8600233197212219
PETS_CREDIT_low_eff_su2_r1_d6_b03__none,none,measurementguard_continuous,1c7eb9e50fc08e5f8cf0,1,1,0,0.7760545611381531,0.22394545376300812
PETS_CREDIT_low_eff_su2_r1_d6_b03__none,none,measurementguard_continuous,8f95586c1c6fb3f2a750,1,0,0,0.7944889664649963,0.20551104843616486
PETS_CREDIT_low_eff_su2_r1_d6_b03__none,none,measurementguard_continuous,2c2eb339de59d2b86f66,1,0,0,0.7480289936065674,0.251971036195755
PETS_CREDIT_low_eff_su2_r1_d6_b03__none,none,measurementguard_continuous,ab00e756b29c98fd6674,1,0,0,0.8552793264389038,0.14472068846225739
PETS_CREDIT_low_eff_su2_r1_d6_b03__none,none,measurementguard_continuous,70d271c728323ea28d90,1,0,0,0.8142487406730652,0.185751274228096
PETS_CREDIT_low_eff_su2_r1_d6_b03__none,none,measurementguard_continuous,69ef03b5c6f4f7ecef33,1,0,0,0.7748252749443054,0.22517473995685577
PETS_CREDIT_low_eff_su2_r1_d6_b03__none,none,measurementguard_continuous,eb849709f12c60edd50b,1,0,0,0.8247838020324707,0.1752161681652069
PETS_CREDIT_low_eff_su2_r1_d6_b03__none,none,measurementguard_continuous,ab97fae957e08270ffce,1,1,0,0.8361197113990784,0.16388030350208282
PETS_CREDIT_low_eff_su2_r1_d6_b03__none,none,measurementguard_continuous,e07f107ec2deef516f4f,1,0,0,0.6911424994468689,0.3088575303554535
PETS_CREDIT_low_eff_su2_r1_d6_b03__none,none,measurementguard_continuous,88b1c0733571d25bdfa5,1,0,0,0.7853754758834839,0.2146245688199997
PETS_CREDIT_low_eff_su2_r1_d6_b03__none,none,measurementguard_continuous,b84ff32b3c14263b0dd5,1,0,0,0.8408902883529663,0.15910972654819489
PETS_CREDIT_low_eff_su2_r1_d6_b03__none,none,measurementguard_continuous,9fc5fbe55717fe6862a4,1,1,0,0.8202559351921082,0.17974407970905304
PETS_CREDIT_low_eff_su2_r1_d6_b03__none,none,measurementguard_continuous,9eb158e3cbe5bc901e26,1,0,0,0.7051919102668762,0.29480811953544617
PETS_CREDIT_low_eff_su2_r1_d6_b03__none,none,measurementguard_continuous,09c28941e61886717e09,1,0,0,0.7561405301094055,0.24385951459407806
PETS_CREDIT_low_eff_su2_r1_d6_b03__none,none,measurementguard_continuous,196d92dfff0523a23237,1,0,0,0.6852349638938904,0.31476500630378723
PETS_CREDIT_low_eff_su2_r1_d6_b03__none,none,measurementguard_continuous,0ffd3e39286157b02ad4,1,0,0,0.7781569361686707,0.22184309363365173
PETS_CREDIT_low_eff_su2_r1_d6_b03__none,none,measurementguard_continuous,25bed8f88a506c4cc366,1,0,0,0.7929686903953552,0.20703133940696716
PETS_CREDIT_low_eff_su2_r1_d6_b03__none,none,measurementguard_continuous,a62d80fa1349c54517ce,1,0,0,0.849319338798523,0.15068063139915466
PETS_CREDIT_low_eff_su2_r1_d6_b03__none,none,measurementguard_continuous,08a6c27fcb32f81ff375,1,0,0,0.7813032269477844,0.21869677305221558
PETS_CREDIT_low_eff_su2_r1_d6_b03__none,none,measurementguard_continuous,26f8e0268dd95cba45fd,1,0,0,0.7883764505386353,0.21162357926368713
PETS_CREDIT_low_eff_su2_r1_d6_b03__none,none,measurementguard_continuous,f332cc500c7a62b19024,1,0,0,0.6944339871406555,0.3055659830570221
PETS_CREDIT_low_eff_su2_r1_d6_b03__none,none,measurementguard_continuous,bfa7b1aca5d187760a16,1,0,0,0.7496758103370667,0.25032415986061096
PETS_CREDIT_low_eff_su2_r1_d6_b03__none,none,measurementguard_continuous,d1d396dc69ac0aeade66,1,0,0,0.6842173337936401,0.3157826364040375
PETS_CREDIT_low_eff_su2_r1_d6_b03__none,none,measurementguard_continuous,092efc45ab978715a8fa,1,0,0,0.8139196038246155,0.18608036637306213
PETS_CREDIT_low_eff_su2_r1_d6_b03__none,none,measurementguard_continuous,d8e3c3c718aea110b2d9,1,1,1,0.19975532591342926,0.8002446889877319
PETS_CREDIT_low_eff_su2_r1_d6_b03__none,none,measurementguard_continuous,2c3058336909d855b1f0,1,0,0,0.8549032211303711,0.1450968086719513
PETS_CREDIT_low_eff_su2_r1_d6_b03__none,none,measurementguard_continuous,006df97946d214e0111f,1,1,0,0.74664306640625,0.2533569037914276
PETS_CREDIT_low_eff_su2_r1_d6_b03__none,none,measurementguard_continuous,4b8fbfef25d81e60d4a6,1,0,0,0.853374719619751,0.14662529528141022
PETS_CREDIT_low_eff_su2_r1_d6_b03__none,none,measurementguard_continuous,5cb75d859aa2d3df94b0,1,0,0,0.7720898985862732,0.22791002690792084
PETS_CREDIT_low_eff_su2_r1_d6_b03__none,none,measurementguard_continuous,82d40bd4122f5c76cdfb,1,0,0,0.8581847548484802,0.14181526005268097
PETS_CREDIT_low_eff_su2_r1_d6_b03__none,none,measurementguard_continuous,f05df67fe5ac7ed38643,1,1,1,0.161543607711792,0.838456392288208
PETS_CREDIT_low_eff_su2_r1_d6_b03__none,none,measurementguard_continuous,0772d1e68bccea98e68f,1,0,0,0.6979433298110962,0.3020566999912262
PETS_CREDIT_low_eff_su2_r1_d6_b03__none,none,measurementguard_continuous,a1b01a469dc7802f51d3,1,0,0,0.7023661732673645,0.2976337969303131
PETS_CREDIT_low_eff_su2_r1_d6_b03__none,none,measurementguard_continuous,108acbd92e651db6ac49,1,1,1,0.17736738920211792,0.8226326704025269
PETS_CREDIT_low_eff_su2_r1_d6_b03__none,none,measurementguard_continuous,c75c31af2389cc3a594f,1,0,1,0.21210922300815582,0.7878907918930054
PETS_CREDIT_low_eff_su2_r1_d6_b03__none,none,measurementguard_continuous,2379dd478643b9cc0bc1,1,0,0,0.7432743906974792,0.25672557950019836
PETS_CREDIT_low_eff_su2_r1_d6_b03__none,none,measurementguard_continuous,7673e8a0f0b037cc51e5,1,0,0,0.6951169967651367,0.3048830032348633
PETS_CREDIT_low_eff_su2_r1_d6_b03__none,none,measurementguard_continuous,7c7fe88dcec806be29da,1,0,0,0.7791528105735779,0.2208472043275833
PETS_CREDIT_low_eff_su2_r1_d6_b03__none,none,measurementguard_continuous,07d4d260e30d7cf5b71f,1,0,0,0.8433622121810913,0.15663780272006989
PETS_CREDIT_low_eff_su2_r1_d6_b03__none,none,measurementguard_continuous,d75c3e52dbcaf5a5ec2a,1,0,0,0.8578017950057983,0.14219823479652405
PETS_CREDIT_low_eff_su2_r1_d6_b03__none,none,measurementguard_continuous,d2c3d34fb102babfa194,1,1,0,0.8313180804252625,0.16868193447589874
PETS_CREDIT_low_eff_su2_r1_d6_b03__none,none,measurementguard_continuous,92516ca36411fad7d9c9,1,0,0,0.7675556540489197,0.2324443906545639
PETS_CREDIT_low_eff_su2_r1_d6_b03__none,none,measurementguard_continuous,1dd9f8371cdcaa1758b3,1,0,0,0.792165994644165,0.20783402025699615
PETS_CREDIT_low_eff_su2_r1_d6_b03__none,none,measurementguard_continuous,8fe0ac3103b5acc00cdc,1,0,0,0.7972052693367004,0.20279476046562195
PETS_CREDIT_low_eff_su2_r1_d6_b03__none,none,measurementguard_continuous,c3a59fc71e20658f6341,1,0,0,0.8428218960762024,0.15717813372612
PETS_CREDIT_low_eff_su2_r1_d6_b03__none,none,measurementguard_continuous,434123980ae7f6c38b02,1,0,0,0.7740260362625122,0.2259739637374878
PETS_CREDIT_low_eff_su2_r1_d6_b03__none,none,measurementguard_continuous,6bf07a3ff23f9e3249c5,1,1,0,0.80722576379776,0.19277423620224
PETS_CREDIT_low_eff_su2_r1_d6_b03__none,none,measurementguard_continuous,e030c0aa4ae0f1011f2f,1,1,1,0.19962839782238007,0.8003715872764587
PETS_CREDIT_low_eff_su2_r1_d6_b03__none,none,measurementguard_continuous,8120fa8a41158dba642d,1,0,0,0.6834744811058044,0.31652554869651794
PETS_CREDIT_low_eff_su2_r1_d6_b03__none,none,measurementguard_continuous,66fa33821884d4568b02,1,1,0,0.7686873078346252,0.23131272196769714
PETS_CREDIT_low_eff_su2_r1_d6_b03__none,none,measurementguard_continuous,ae1704e8283a10912765,1,0,0,0.8069789409637451,0.1930210441350937
PETS_CREDIT_low_eff_su2_r1_d6_b03__none,none,measurementguard_continuous,72bf8a475d5aa5538cd3,1,0,0,0.768497884273529,0.23150210082530975
PETS_CREDIT_low_eff_su2_r1_d6_b03__none,none,measurementguard_continuous,c4b2c9357254e51af6a9,1,1,0,0.8080257773399353,0.19197425246238708
PETS_CREDIT_low_eff_su2_r1_d6_b03__none,none,measurementguard_continuous,4def6ca8e27be84aeb54,1,1,0,0.853897750377655,0.14610224962234497
PETS_CREDIT_low_eff_su2_r1_d6_b03__none,none,measurementguard_continuous,a5b1091e7ec67f7a06ed,1,0,0,0.7728046178817749,0.2271953672170639
PETS_CREDIT_low_eff_su2_r1_d6_b03__none,none,measurementguard_continuous,daf2c33eb0f2b7518584,1,0,0,0.731201708316803,0.26879826188087463
PETS_CREDIT_low_eff_su2_r1_d6_b03__none,none,measurementguard_continuous,6e144bf85d42e3ac6fae,1,0,0,0.6882769465446472,0.3117230534553528
PETS_CREDIT_low_eff_su2_r1_d6_b03__none,none,measurementguard_continuous,f97851146238bb9a3754,1,0,0,0.7679526805877686,0.23204733431339264
PETS_CREDIT_low_eff_su2_r1_d6_b03__none,none,measurementguard_continuous,5d21e75cb6066696e6e2,1,0,0,0.8365267515182495,0.1634732335805893
PETS_CREDIT_low_eff_su2_r1_d6_b03__none,none,measurementguard_continuous,4aa64c627cb9b82d7f42,1,0,0,0.7125923037528992,0.28740769624710083
PETS_CREDIT_low_eff_su2_r1_d6_b03__none,none,measurementguard_continuous,c50e57ca37a497df3a13,1,0,0,0.7342242002487183,0.26577579975128174
PETS_CREDIT_low_eff_su2_r1_d6_b03__none,none,measurementguard_continuous,c0daa10532a8487ca803,1,1,1,0.23159785568714142,0.7684021592140198
PETS_CREDIT_low_eff_su2_r1_d6_b03__none,none,measurementguard_continuous,00405a37dd709b2d51a8,1,0,0,0.7158768177032471,0.28412318229675293
PETS_CREDIT_low_eff_su2_r1_d6_b03__none,none,measurementguard_continuous,5f9c02f5ec03a28e4f53,1,0,0,0.6821383833885193,0.3178616464138031
PETS_CREDIT_low_eff_su2_r1_d6_b03__none,none,measurementguard_continuous,ac5f40db5db91c18a83b,1,0,0,0.8329519033432007,0.16704809665679932
PETS_CREDIT_low_eff_su2_r1_d6_b03__none,none,measurementguard_continuous,5584930e99aa4007d628,1,0,0,0.8561815023422241,0.14381851255893707
PETS_CREDIT_low_eff_su2_r1_d6_b03__none,none,measurementguard_continuous,0674ce029ebb21d32e38,1,0,0,0.7813073396682739,0.21869269013404846
PETS_CREDIT_low_eff_su2_r1_d6_b03__none,none,measurementguard_continuous,6c0e663b6848864dc914,1,0,0,0.8434227108955383,0.15657734870910645
PETS_CREDIT_low_eff_su2_r1_d6_b03__none,none,measurementguard_continuous,7ce1135db7560daf7e70,1,0,0,0.7163925170898438,0.28360745310783386
PETS_CREDIT_low_eff_su2_r1_d6_b03__none,none,measurementguard_continuous,70e46e61db439dd8e308,1,0,0,0.8166234493255615,0.18337656557559967
PETS_CREDIT_low_eff_su2_r1_d6_b03__none,none,measurementguard_continuous,aaca4c9adb936209ae4f,1,1,1,0.23750415444374084,0.7624958753585815
PETS_CREDIT_low_eff_su2_r1_d6_b03__none,none,measurementguard_continuous,3ac7ac4bc65a6ffec899,1,0,0,0.7973024845123291,0.2026975452899933
PETS_CREDIT_low_eff_su2_r1_d6_b03__none,none,measurementguard_continuous,c536d8f2ff559c7756e7,1,1,0,0.6987215876579285,0.30127838253974915
PETS_CREDIT_low_eff_su2_r1_d6_b03__none,none,measurementguard_continuous,16e3ff8c6f696f231824,1,0,0,0.7893297076225281,0.21067027747631073
PETS_CREDIT_low_eff_su2_r1_d6_b03__none,none,measurementguard_continuous,dba69027df0122535f19,1,0,0,0.8350178599357605,0.1649821400642395
PETS_CREDIT_low_eff_su2_r1_d6_b03__none,none,measurementguard_continuous,973b363916938dbaaf31,1,0,0,0.7388940453529358,0.2611059844493866
PETS_CREDIT_low_eff_su2_r1_d6_b03__none,none,measurementguard_continuous,6ea2a519a69c09016323,1,1,1,0.21740321815013885,0.7825967669487
PETS_CREDIT_low_eff_su2_r1_d6_b03__none,none,measurementguard_continuous,26b6a5da65cdaeb8e184,1,0,0,0.7483419179916382,0.2516580820083618
PETS_CREDIT_low_eff_su2_r1_d6_b03__none,none,measurementguard_continuous,c053f623dd8f2bfb7915,1,0,0,0.72524094581604,0.27475911378860474
PETS_CREDIT_low_eff_su2_r1_d6_b03__none,none,measurementguard_continuous,0a09121dee0e5db09dfe,1,0,0,0.8140181303024292,0.1859818547964096
PETS_CREDIT_low_eff_su2_r1_d6_b03__none,none,measurementguard_continuous,22730a71b34176a3ba37,1,0,0,0.7266513109207153,0.27334871888160706
PETS_CREDIT_low_eff_su2_r1_d6_b03__none,none,measurementguard_continuous,6af56a8b2e15acc1e086,1,1,0,0.7907719612121582,0.20922796428203583
PETS_CREDIT_low_eff_su2_r1_d6_b03__none,none,measurementguard_continuous,a6dfd0dc4ba32e6c00e6,1,0,0,0.7032007575035095,0.29679927229881287
PETS_CREDIT_low_eff_su2_r1_d6_b03__none,none,measurementguard_continuous,a5628044ec0880a52490,1,0,0,0.7189722061157227,0.28102782368659973
PETS_CREDIT_low_eff_su2_r1_d6_b03__none,none,measurementguard_continuous,4cfea97c73e6dbfbc698,1,0,0,0.7090202569961548,0.2909797728061676
PETS_CREDIT_low_eff_su2_r1_d6_b03__none,none,measurementguard_continuous,32babcc385bd70eddb90,1,0,0,0.8606215715408325,0.13937845826148987
PETS_CREDIT_low_eff_su2_r1_d6_b03__none,none,measurementguard_continuous,6093ce809aa33ce6693b,1,0,0,0.7760356664657593,0.22396433353424072
PETS_CREDIT_low_eff_su2_r1_d6_b03__none,none,measurementguard_continuous,78edbc6916b12b570866,1,1,0,0.8264834880828857,0.17351649701595306
PETS_CREDIT_low_eff_su2_r1_d6_b03__none,none,measurementguard_continuous,14865093b1485a5c3a41,1,1,0,0.7351608276367188,0.26483917236328125
PETS_CREDIT_low_eff_su2_r1_d6_b03__none,none,measurementguard_continuous,46dbe6ca2f4531385a05,1,0,0,0.8462010622024536,0.15379895269870758
PETS_CREDIT_low_eff_su2_r1_d6_b03__none,none,measurementguard_continuous,c9e5785745f04cec0d37,1,0,0,0.7996485829353333,0.20035146176815033
PETS_CREDIT_low_eff_su2_r1_d6_b03__none,none,measurementguard_continuous,1313972ddf1c6e9eb2c9,1,0,0,0.7213894724845886,0.27861058712005615
PETS_CREDIT_low_eff_su2_r1_d6_b03__none,none,measurementguard_continuous,42e9f06773aa97fa92d4,0,0,0,0.8357607126235962,0.1642393171787262
PETS_CREDIT_low_eff_su2_r1_d6_b03__none,none,measurementguard_continuous,7bfb843a13cff05233ad,0,0,0,0.7073779702186584,0.29262202978134155
PETS_CREDIT_low_eff_su2_r1_d6_b03__none,none,measurementguard_continuous,2218e6bd75832a43d007,0,0,0,0.8071229457855225,0.19287703931331635
PETS_CREDIT_low_eff_su2_r1_d6_b03__none,none,measurementguard_continuous,9bfd22e983b09efc4239,0,0,0,0.8403615951538086,0.15963837504386902
PETS_CREDIT_low_eff_su2_r1_d6_b03__none,none,measurementguard_continuous,34bfadccd6d7f30d94a1,0,0,0,0.8162570595741272,0.1837429702281952
PETS_CREDIT_low_eff_su2_r1_d6_b03__none,none,measurementguard_continuous,5f861fea617a3ee7da16,0,1,0,0.7140775322914124,0.28592249751091003
PETS_CREDIT_low_eff_su2_r1_d6_b03__none,none,measurementguard_continuous,3b2a390113c4d06485dc,0,0,0,0.7795878648757935,0.22041216492652893
PETS_CREDIT_low_eff_su2_r1_d6_b03__none,none,measurementguard_continuous,f1d5fbea8d8fc197f689,0,1,0,0.6864320635795593,0.31356796622276306
PETS_CREDIT_low_eff_su2_r1_d6_b03__none,none,measurementguard_continuous,a55e7f353f00168e8f2a,0,1,0,0.8250059485435486,0.1749940812587738
PETS_CREDIT_low_eff_su2_r1_d6_b03__none,none,measurementguard_continuous,7b2b85015deb930a73bd,0,0,1,0.20206208527088165,0.7979379296302795
PETS_CREDIT_low_eff_su2_r1_d6_b03__none,none,measurementguard_continuous,7990ceff4d0c77eeca8b,0,0,0,0.6887786984443665,0.31122127175331116
PETS_CREDIT_low_eff_su2_r1_d6_b03__none,none,measurementguard_continuous,4194c2831bd65263a55f,0,0,0,0.798496663570404,0.20150338113307953
PETS_CREDIT_low_eff_su2_r1_d6_b03__none,none,measurementguard_continuous,89b5beeaae443f174906,0,0,0,0.6809477210044861,0.3190523087978363
PETS_CREDIT_low_eff_su2_r1_d6_b03__none,none,measurementguard_continuous,c9b90a5a5aabbbda656e,0,0,0,0.7995122671127319,0.20048774778842926
PETS_CREDIT_low_eff_su2_r1_d6_b03__none,none,measurementguard_continuous,45e249d80792feb4d2d2,0,0,0,0.792470395565033,0.20752957463264465
PETS_CREDIT_low_eff_su2_r1_d6_b03__none,none,measurementguard_continuous,ac4bb9f68cc026f7ef87,0,1,0,0.805630624294281,0.1943693906068802
PETS_CREDIT_low_eff_su2_r1_d6_b03__none,none,measurementguard_continuous,2f4ee8e91be4e65736a4,0,0,0,0.7877662777900696,0.21223369240760803
PETS_CREDIT_low_eff_su2_r1_d6_b03__none,none,measurementguard_continuous,48db4133c9bf431ebe79,0,0,1,0.23363035917282104,0.766369640827179
PETS_CREDIT_low_eff_su2_r1_d6_b03__none,none,measurementguard_continuous,25773551baf095668618,0,0,0,0.7972478270530701,0.20275215804576874
PETS_CREDIT_low_eff_su2_r1_d6_b03__none,none,measurementguard_continuous,a5648815fec59cd1c995,0,1,0,0.7673966884613037,0.2326032966375351
PETS_CREDIT_low_eff_su2_r1_d6_b03__none,none,measurementguard_continuous,d5e3f577c74cd5bde9ef,0,0,1,0.2522624731063843,0.7477375268936157
PETS_CREDIT_low_eff_su2_r1_d6_b03__none,none,measurementguard_continuous,90aa3dc827baf03a0b7f,0,0,0,0.7012489438056946,0.2987510561943054
PETS_CREDIT_low_eff_su2_r1_d6_b03__none,none,measurementguard_continuous,a4ed03b502889d9468c9,0,0,0,0.844047486782074,0.15595248341560364
PETS_CREDIT_low_eff_su2_r1_d6_b03__none,none,measurementguard_continuous,72382fc3b364c3c36162,0,0,0,0.8559480309486389,0.14405199885368347
PETS_CREDIT_low_eff_su2_r1_d6_b03__none,none,measurementguard_continuous,9214bdad11cf5b0f5788,0,0,0,0.7866075038909912,0.21339254081249237
PETS_CREDIT_low_eff_su2_r1_d6_b03__none,none,measurementguard_continuous,b224dfc19404bbda9ee4,0,0,1,0.25515297055244446,0.7448469996452332
PETS_CREDIT_low_eff_su2_r1_d6_b03__none,none,measurementguard_continuous,150e2fdbb7bdebe9ab21,0,0,0,0.6867397427558899,0.3132602274417877
PETS_CREDIT_low_eff_su2_r1_d6_b03__none,none,measurementguard_continuous,e81e235b5be50fce8ed4,0,0,0,0.772773027420044,0.22722700238227844
PETS_CREDIT_low_eff_su2_r1_d6_b03__none,none,measurementguard_continuous,a6f8faff37efe9eca5fe,0,0,0,0.7975726127624512,0.20242738723754883
PETS_CREDIT_low_eff_su2_r1_d6_b03__none,none,measurementguard_continuous,444967b541f184305a6c,0,0,0,0.7526124715805054,0.24738755822181702
PETS_CREDIT_low_eff_su2_r1_d6_b03__none,none,measurementguard_continuous,b3648943abce0512f994,0,0,0,0.859872043132782,0.1401280015707016
PETS_CREDIT_low_eff_su2_r1_d6_b03__none,none,measurementguard_continuous,f55dd0075c038f761436,0,0,0,0.8084235191345215,0.1915765255689621
PETS_CREDIT_low_eff_su2_r1_d6_b03__none,none,measurementguard_continuous,19eaeaae64289dba8ce8,0,1,0,0.771528422832489,0.2284715622663498
PETS_CREDIT_low_eff_su2_r1_d6_b03__none,none,measurementguard_continuous,9af74acc6cc7a48f4fd9,0,0,0,0.6890074014663696,0.310992568731308
PETS_CREDIT_low_eff_su2_r1_d6_b03__none,none,measurementguard_continuous,e26cf49baf1a8f2a6289,0,1,0,0.843380868434906,0.1566191464662552
PETS_CREDIT_low_eff_su2_r1_d6_b03__none,none,measurementguard_continuous,4010d1d0fc60044b7e83,0,0,0,0.8545970320701599,0.14540302753448486
PETS_CREDIT_low_eff_su2_r1_d6_b03__none,none,measurementguard_continuous,6146ee4e50398bd2590b,0,0,0,0.7728215456008911,0.2271784543991089
PETS_CREDIT_low_eff_su2_r1_d6_b03__none,none,measurementguard_continuous,17405c31370c8de7f8b8,0,0,0,0.7734658122062683,0.22653423249721527
PETS_CREDIT_low_eff_su2_r1_d6_b03__none,none,measurementguard_continuous,471df40f4bdddddc09ec,0,1,0,0.706558108329773,0.2934419512748718
PETS_CREDIT_low_eff_su2_r1_d6_b03__none,none,measurementguard_continuous,b38c56a4fffe98b7efc8,0,0,0,0.7493404150009155,0.25065961480140686
PETS_CREDIT_low_eff_su2_r1_d6_b03__none,none,measurementguard_continuous,69c16449e008d39bb994,0,0,0,0.6966800689697266,0.30331990122795105
PETS_CREDIT_low_eff_su2_r1_d6_b03__none,none,measurementguard_continuous,0748c8ca29b369b66e6f,0,1,0,0.7641087770462036,0.2358912229537964
PETS_CREDIT_low_eff_su2_r1_d6_b03__none,none,measurementguard_continuous,da3092a0e04488fc3d83,0,0,0,0.703051745891571,0.29694825410842896
PETS_CREDIT_low_eff_su2_r1_d6_b03__none,none,measurementguard_continuous,74cb3d94d7d3fcb0963b,0,0,0,0.8183176517486572,0.18168233335018158
PETS_CREDIT_low_eff_su2_r1_d6_b03__none,none,measurementguard_continuous,3c4479d085b1b0ae10d8,0,0,1,0.23252370953559875,0.7674763202667236
PETS_CREDIT_low_eff_su2_r1_d6_b03__none,none,measurementguard_continuous,5960e131d3cbd3ac2bd9,0,0,0,0.8015463352203369,0.1984536349773407
PETS_CREDIT_low_eff_su2_r1_d6_b03__none,none,measurementguard_continuous,3122b20f9c469ddb4810,0,0,0,0.8109451532363892,0.18905483186244965
PETS_CREDIT_low_eff_su2_r1_d6_b03__none,none,measurementguard_continuous,5f5253b7ee72fa683082,0,0,0,0.7819080948829651,0.2180919200181961
PETS_CREDIT_low_eff_su2_r1_d6_b03__none,none,measurementguard_continuous,2478313b949e4a19fec5,0,1,1,0.23591816425323486,0.7640818357467651
PETS_CREDIT_low_eff_su2_r1_d6_b03__none,none,measurementguard_continuous,6803403d6e57131ab879,0,0,0,0.7215970158576965,0.2784029543399811
PETS_CREDIT_low_eff_su2_r1_d6_b03__none,none,measurementguard_continuous,5628f53706485c5a34f9,0,0,0,0.7997835278511047,0.20021644234657288
PETS_CREDIT_low_eff_su2_r1_d6_b03__none,none,measurementguard_continuous,e3aa42e9baae40909b2c,0,0,0,0.8257346749305725,0.17426535487174988
PETS_CREDIT_low_eff_su2_r1_d6_b03__none,none,measurementguard_continuous,50a0be37bf2f275bd4d6,0,0,0,0.6911025047302246,0.3088974952697754
PETS_CREDIT_low_eff_su2_r1_d6_b03__none,none,measurementguard_continuous,87b361e38d3a033e0147,0,0,0,0.6947379112243652,0.3052620589733124
PETS_CREDIT_low_eff_su2_r1_d6_b03__none,none,measurementguard_continuous,10adaa08b0205f280a31,0,1,0,0.7844591736793518,0.215540811419487
PETS_CREDIT_low_eff_su2_r1_d6_b03__none,none,measurementguard_continuous,9d233cff809c5f6dd546,0,1,0,0.6953955888748169,0.3046044409275055
PETS_CREDIT_low_eff_su2_r1_d6_b03__none,none,measurementguard_continuous,baf60f731977893683c9,0,0,0,0.746773898601532,0.253226101398468
PETS_CREDIT_low_eff_su2_r1_d6_b03__none,none,measurementguard_continuous,91f87ca67e3c04007486,0,1,0,0.7584332227706909,0.24156679213047028
PETS_CREDIT_low_eff_su2_r1_d6_b03__none,none,measurementguard_continuous,8273cd051f4f3c543c72,0,0,0,0.708684504032135,0.2913155257701874
PETS_CREDIT_low_eff_su2_r1_d6_b03__none,none,measurementguard_continuous,01c60ffe9b042bc05cfc,0,0,0,0.7502155303955078,0.24978449940681458
PETS_CREDIT_low_eff_su2_r1_d6_b03__none,none,measurementguard_continuous,da5f5efb7790004fff98,0,1,0,0.7763911485671997,0.22360889613628387
PETS_CREDIT_low_eff_su2_r1_d6_b03__none,none,measurementguard_continuous,d545cdd659f37acdba6c,0,1,0,0.8303553462028503,0.16964465379714966
PETS_CREDIT_low_eff_su2_r1_d6_b03__none,none,measurementguard_continuous,3e5959b02df8356effc1,0,0,0,0.830882728099823,0.1691173017024994
PETS_CREDIT_low_eff_su2_r1_d6_b03__none,none,measurementguard_continuous,236eaf6e697017b75006,0,0,0,0.723380982875824,0.276619017124176
PETS_CREDIT_low_eff_su2_r1_d6_b03__none,none,measurementguard_continuous,2ca770f234439727c33f,0,0,0,0.7707610726356506,0.22923894226551056
PETS_CREDIT_low_eff_su2_r1_d6_b03__none,none,measurementguard_continuous,9fe9252c0b576d892b50,0,0,0,0.688429594039917,0.3115704655647278
PETS_CREDIT_low_eff_su2_r1_d6_b03__none,none,measurementguard_continuous,f22d9a5133c174dae56c,0,0,1,0.19887833297252655,0.8011216521263123
PETS_CREDIT_low_eff_su2_r1_d6_b03__none,none,measurementguard_continuous,02d132ee580866ee41a8,0,0,0,0.7648491263389587,0.23515087366104126
PETS_CREDIT_low_eff_su2_r1_d6_b03__none,none,measurementguard_continuous,323bc2b7ded81007c10b,0,0,0,0.7816863656044006,0.21831361949443817
PETS_CREDIT_low_eff_su2_r1_d6_b03__none,none,measurementguard_continuous,7eb02391460879bfe425,0,1,1,0.2175663858652115,0.7824336290359497
PETS_CREDIT_low_eff_su2_r1_d6_b03__none,none,measurementguard_continuous,8023a2850646517888f6,0,0,0,0.7930740714073181,0.20692592859268188
PETS_CREDIT_low_eff_su2_r1_d6_b03__none,none,measurementguard_continuous,c80e702330688e6c3640,0,0,0,0.8473917245864868,0.152608260512352
PETS_CREDIT_low_eff_su2_r1_d6_b03__none,none,measurementguard_continuous,3e01576c4964ce1df77e,0,0,0,0.7356667518615723,0.26433324813842773
PETS_CREDIT_low_eff_su2_r1_d6_b03__none,none,measurementguard_continuous,d8bd80969a4223b1746d,0,0,0,0.7528759241104126,0.2471240758895874
PETS_CREDIT_low_eff_su2_r1_d6_b03__none,none,measurementguard_continuous,c98e7a188d21f2d4c7c5,0,0,1,0.20687921345233917,0.793120801448822
PETS_CREDIT_low_eff_su2_r1_d6_b03__none,none,measurementguard_continuous,a53b6f24d57097d0166f,0,0,0,0.717043399810791,0.28295665979385376
PETS_CREDIT_low_eff_su2_r1_d6_b03__none,none,measurementguard_continuous,8b702b29b3bba3c0c011,0,0,0,0.8352982997894287,0.16470171511173248
PETS_CREDIT_low_eff_su2_r1_d6_b03__none,none,measurementguard_continuous,5808218040029ad54abc,0,0,0,0.8366785645484924,0.16332143545150757
PETS_CREDIT_low_eff_su2_r1_d6_b03__none,none,measurementguard_continuous,2cdf0f49b2642481ca8f,0,1,0,0.6981720328330994,0.3018280267715454
PETS_CREDIT_low_eff_su2_r1_d6_b03__none,none,measurementguard_continuous,d8141fe3b07ab69c0481,0,0,0,0.6927126049995422,0.30728739500045776
PETS_CREDIT_low_eff_su2_r1_d6_b03__none,none,measurementguard_continuous,a2d2d92e2ba800faa946,0,1,1,0.21545825898647308,0.7845417857170105
PETS_CREDIT_low_eff_su2_r1_d6_b03__none,none,measurementguard_continuous,657f767276025ad88617,0,0,0,0.8506067395210266,0.14939327538013458
PETS_CREDIT_low_eff_su2_r1_d6_b03__none,none,measurementguard_continuous,21cc40e171d11484f55e,0,0,0,0.7453246712684631,0.25467538833618164
PETS_CREDIT_low_eff_su2_r1_d6_b03__none,none,measurementguard_continuous,68458c3065d2ff08346a,0,0,0,0.7393247485160828,0.26067525148391724
PETS_CREDIT_low_eff_su2_r1_d6_b03__none,none,measurementguard_continuous,b690772de8eb14084d30,0,1,0,0.7178930640220642,0.2821069359779358
PETS_CREDIT_low_eff_su2_r1_d6_b03__none,none,measurementguard_continuous,0f0ec6f2889f1d9d2876,0,0,0,0.8431639671325684,0.15683600306510925
PETS_CREDIT_low_eff_su2_r1_d6_b03__none,none,measurementguard_continuous,18bbbff1da0a4760b6ff,0,0,0,0.7065055966377258,0.29349440336227417
PETS_CREDIT_low_eff_su2_r1_d6_b03__none,none,measurementguard_continuous,5718ce19a4a1c640caac,0,0,0,0.7077552080154419,0.2922447621822357
PETS_CREDIT_low_eff_su2_r1_d6_b03__none,none,measurementguard_continuous,5c1eaee6580358b55afc,0,0,0,0.8313984274864197,0.16860154271125793
PETS_CREDIT_low_eff_su2_r1_d6_b03__none,none,measurementguard_continuous,0835edef9bf74dc85154,0,1,0,0.8512953519821167,0.1487046629190445
PETS_CREDIT_low_eff_su2_r1_d6_b03__none,none,measurementguard_continuous,05e7a2529d248075df48,0,0,0,0.8409372568130493,0.15906274318695068
PETS_CREDIT_low_eff_su2_r1_d6_b03__none,none,measurementguard_continuous,71f1648b8b8cb6d1277e,0,0,0,0.7026795744895935,0.2973203957080841
PETS_CREDIT_low_eff_su2_r1_d6_b03__none,none,measurementguard_continuous,cb39c23acaa500033ed0,0,0,0,0.8458835482597351,0.1541164666414261
PETS_CREDIT_low_eff_su2_r1_d6_b03__none,none,measurementguard_continuous,c55786a9941cc04c9348,0,0,0,0.7614641785621643,0.2385358363389969
PETS_CREDIT_low_eff_su2_r1_d6_b03__none,none,measurementguard_continuous,cc92f2b4b36f95de3e7f,0,0,0,0.7683782577514648,0.23162174224853516
PETS_CREDIT_low_eff_su2_r1_d6_b03__none,none,measurementguard_continuous,4c3cfe1fe9e491bb9c0e,0,1,0,0.7983655333518982,0.20163443684577942
PETS_CREDIT_low_eff_su2_r1_d6_b03__none,none,measurementguard_continuous,fa91758004730bf9cef8,0,1,0,0.8471775650978088,0.15282249450683594
PETS_CREDIT_low_eff_su2_r1_d6_b03__none,none,measurementguard_continuous,b78fcdfd9fe43578fef1,0,0,0,0.7117970585823059,0.2882029414176941
PETS_CREDIT_low_eff_su2_r1_d6_b03__none,none,measurementguard_continuous,27103d15734219f0d343,0,0,0,0.7133915424346924,0.28660842776298523
PETS_CREDIT_low_eff_su2_r1_d6_b03__none,none,measurementguard_continuous,36f760028306a12bff25,0,0,0,0.8282038569450378,0.17179617285728455
PETS_CREDIT_low_eff_su2_r1_d6_b03__none,none,lattice_round,619b46d6086e6aad3d84,1,0,0,0.83686763048172,0.16313239932060242
PETS_CREDIT_low_eff_su2_r1_d6_b03__none,none,lattice_round,5e48c11768cb070aefe6,1,0,0,0.8415542840957642,0.15844568610191345
PETS_CREDIT_low_eff_su2_r1_d6_b03__none,none,lattice_round,7105743f10682ac4a1cc,1,0,0,0.7771750092506409,0.22282497584819794
PETS_CREDIT_low_eff_su2_r1_d6_b03__none,none,lattice_round,272c38b1ecd099be7890,1,0,0,0.8034418225288391,0.19655819237232208
PETS_CREDIT_low_eff_su2_r1_d6_b03__none,none,lattice_round,6f47824d3363865de61a,1,0,0,0.7684818506240845,0.23151814937591553
PETS_CREDIT_low_eff_su2_r1_d6_b03__none,none,lattice_round,b0f47ae4b56b3aa4d111,1,1,1,0.2862430512905121,0.7137569189071655
PETS_CREDIT_low_eff_su2_r1_d6_b03__none,none,lattice_round,f073d35785cf76f1409c,1,0,0,0.8309171199798584,0.1690828800201416
PETS_CREDIT_low_eff_su2_r1_d6_b03__none,none,lattice_round,01e7168ae2a624ff9916,1,1,1,0.32433298230171204,0.6756669878959656
PETS_CREDIT_low_eff_su2_r1_d6_b03__none,none,lattice_round,1c7eb9e50fc08e5f8cf0,1,1,0,0.9079049825668335,0.09209504723548889
PETS_CREDIT_low_eff_su2_r1_d6_b03__none,none,lattice_round,8f95586c1c6fb3f2a750,1,0,0,0.7995298504829407,0.2004701942205429
PETS_CREDIT_low_eff_su2_r1_d6_b03__none,none,lattice_round,2c2eb339de59d2b86f66,1,0,0,0.7420899868011475,0.25791001319885254
PETS_CREDIT_low_eff_su2_r1_d6_b03__none,none,lattice_round,ab00e756b29c98fd6674,1,0,0,0.8486848473548889,0.1513151377439499
PETS_CREDIT_low_eff_su2_r1_d6_b03__none,none,lattice_round,70d271c728323ea28d90,1,0,0,0.8072468638420105,0.1927531659603119
PETS_CREDIT_low_eff_su2_r1_d6_b03__none,none,lattice_round,69ef03b5c6f4f7ecef33,1,0,0,0.910682737827301,0.08931728452444077
PETS_CREDIT_low_eff_su2_r1_d6_b03__none,none,lattice_round,eb849709f12c60edd50b,1,0,0,0.9332376718521118,0.06676235795021057
PETS_CREDIT_low_eff_su2_r1_d6_b03__none,none,lattice_round,ab97fae957e08270ffce,1,1,0,0.8432513475418091,0.1567486822605133
PETS_CREDIT_low_eff_su2_r1_d6_b03__none,none,lattice_round,e07f107ec2deef516f4f,1,0,0,0.9825612902641296,0.017438750714063644
PETS_CREDIT_low_eff_su2_r1_d6_b03__none,none,lattice_round,88b1c0733571d25bdfa5,1,0,0,0.9071276187896729,0.09287235885858536
PETS_CREDIT_low_eff_su2_r1_d6_b03__none,none,lattice_round,b84ff32b3c14263b0dd5,1,0,0,0.668096661567688,0.3319033086299896
PETS_CREDIT_low_eff_su2_r1_d6_b03__none,none,lattice_round,9fc5fbe55717fe6862a4,1,1,0,0.620948851108551,0.3790511190891266
PETS_CREDIT_low_eff_su2_r1_d6_b03__none,none,lattice_round,9eb158e3cbe5bc901e26,1,0,0,0.876655638217926,0.12334438413381577
PETS_CREDIT_low_eff_su2_r1_d6_b03__none,none,lattice_round,09c28941e61886717e09,1,0,0,0.9040592908859253,0.0959407165646553
PETS_CREDIT_low_eff_su2_r1_d6_b03__none,none,lattice_round,196d92dfff0523a23237,1,0,0,0.8625885248184204,0.13741150498390198
PETS_CREDIT_low_eff_su2_r1_d6_b03__none,none,lattice_round,0ffd3e39286157b02ad4,1,0,0,0.7896684408187866,0.21033155918121338
PETS_CREDIT_low_eff_su2_r1_d6_b03__none,none,lattice_round,25bed8f88a506c4cc366,1,0,0,0.5683144927024841,0.43168553709983826
PETS_CREDIT_low_eff_su2_r1_d6_b03__none,none,lattice_round,a62d80fa1349c54517ce,1,0,0,0.9799906611442566,0.02000933326780796
PETS_CREDIT_low_eff_su2_r1_d6_b03__none,none,lattice_round,08a6c27fcb32f81ff375,1,0,0,0.7877837419509888,0.2122163027524948
PETS_CREDIT_low_eff_su2_r1_d6_b03__none,none,lattice_round,26f8e0268dd95cba45fd,1,0,0,0.5399770736694336,0.4600229263305664
PETS_CREDIT_low_eff_su2_r1_d6_b03__none,none,lattice_round,f332cc500c7a62b19024,1,0,0,0.9819838404655457,0.018016189336776733
PETS_CREDIT_low_eff_su2_r1_d6_b03__none,none,lattice_round,bfa7b1aca5d187760a16,1,0,0,0.8960974216461182,0.10390262305736542
PETS_CREDIT_low_eff_su2_r1_d6_b03__none,none,lattice_round,d1d396dc69ac0aeade66,1,0,0,0.857150137424469,0.142849862575531
PETS_CREDIT_low_eff_su2_r1_d6_b03__none,none,lattice_round,092efc45ab978715a8fa,1,0,0,0.8132232427597046,0.1867767870426178
PETS_CREDIT_low_eff_su2_r1_d6_b03__none,none,lattice_round,d8e3c3c718aea110b2d9,1,1,1,0.4121658504009247,0.5878341794013977
PETS_CREDIT_low_eff_su2_r1_d6_b03__none,none,lattice_round,2c3058336909d855b1f0,1,0,0,0.8603676557540894,0.13963237404823303
PETS_CREDIT_low_eff_su2_r1_d6_b03__none,none,lattice_round,006df97946d214e0111f,1,1,0,0.7626421451568604,0.23735785484313965
PETS_CREDIT_low_eff_su2_r1_d6_b03__none,none,lattice_round,4b8fbfef25d81e60d4a6,1,0,0,0.6757658123970032,0.32423415780067444
PETS_CREDIT_low_eff_su2_r1_d6_b03__none,none,lattice_round,5cb75d859aa2d3df94b0,1,0,0,0.9649325609207153,0.03506745398044586
PETS_CREDIT_low_eff_su2_r1_d6_b03__none,none,lattice_round,82d40bd4122f5c76cdfb,1,0,0,0.6873473525047302,0.31265267729759216
PETS_CREDIT_low_eff_su2_r1_d6_b03__none,none,lattice_round,f05df67fe5ac7ed38643,1,1,1,0.37336888909339905,0.6266311407089233
PETS_CREDIT_low_eff_su2_r1_d6_b03__none,none,lattice_round,0772d1e68bccea98e68f,1,0,0,0.951672375202179,0.04832763224840164
PETS_CREDIT_low_eff_su2_r1_d6_b03__none,none,lattice_round,a1b01a469dc7802f51d3,1,0,0,0.8642728328704834,0.1357271373271942
PETS_CREDIT_low_eff_su2_r1_d6_b03__none,none,lattice_round,108acbd92e651db6ac49,1,1,1,0.3890880048274994,0.610912024974823
PETS_CREDIT_low_eff_su2_r1_d6_b03__none,none,lattice_round,c75c31af2389cc3a594f,1,0,1,0.4550342857837677,0.5449657440185547
PETS_CREDIT_low_eff_su2_r1_d6_b03__none,none,lattice_round,2379dd478643b9cc0bc1,1,0,0,0.8931427001953125,0.10685727000236511
PETS_CREDIT_low_eff_su2_r1_d6_b03__none,none,lattice_round,7673e8a0f0b037cc51e5,1,0,0,0.8617332577705383,0.13826678693294525
PETS_CREDIT_low_eff_su2_r1_d6_b03__none,none,lattice_round,7c7fe88dcec806be29da,1,0,0,0.5467966198921204,0.45320338010787964
PETS_CREDIT_low_eff_su2_r1_d6_b03__none,none,lattice_round,07d4d260e30d7cf5b71f,1,0,0,0.9373313188552856,0.06266871094703674
PETS_CREDIT_low_eff_su2_r1_d6_b03__none,none,lattice_round,d75c3e52dbcaf5a5ec2a,1,0,0,0.6718177795410156,0.32818228006362915
PETS_CREDIT_low_eff_su2_r1_d6_b03__none,none,lattice_round,d2c3d34fb102babfa194,1,1,0,0.6201127171516418,0.37988734245300293
PETS_CREDIT_low_eff_su2_r1_d6_b03__none,none,lattice_round,92516ca36411fad7d9c9,1,0,0,0.9652165174484253,0.03478347882628441
PETS_CREDIT_low_eff_su2_r1_d6_b03__none,none,lattice_round,1dd9f8371cdcaa1758b3,1,0,0,0.9165672063827515,0.08343278616666794
PETS_CREDIT_low_eff_su2_r1_d6_b03__none,none,lattice_round,8fe0ac3103b5acc00cdc,1,0,0,0.9216156005859375,0.0783843994140625
PETS_CREDIT_low_eff_su2_r1_d6_b03__none,none,lattice_round,c3a59fc71e20658f6341,1,0,0,0.8416446447372437,0.15835537016391754
PETS_CREDIT_low_eff_su2_r1_d6_b03__none,none,lattice_round,434123980ae7f6c38b02,1,0,0,0.7814804315567017,0.21851955354213715
PETS_CREDIT_low_eff_su2_r1_d6_b03__none,none,lattice_round,6bf07a3ff23f9e3249c5,1,1,0,0.5903361439704895,0.4096638560295105
PETS_CREDIT_low_eff_su2_r1_d6_b03__none,none,lattice_round,e030c0aa4ae0f1011f2f,1,1,1,0.4310832619667053,0.5689167380332947
PETS_CREDIT_low_eff_su2_r1_d6_b03__none,none,lattice_round,8120fa8a41158dba642d,1,0,0,0.8681924343109131,0.1318075805902481
PETS_CREDIT_low_eff_su2_r1_d6_b03__none,none,lattice_round,66fa33821884d4568b02,1,1,0,0.538401186466217,0.46159884333610535
PETS_CREDIT_low_eff_su2_r1_d6_b03__none,none,lattice_round,ae1704e8283a10912765,1,0,0,0.9246490001678467,0.0753510370850563
PETS_CREDIT_low_eff_su2_r1_d6_b03__none,none,lattice_round,72bf8a475d5aa5538cd3,1,0,0,0.7631992101669312,0.23680083453655243
PETS_CREDIT_low_eff_su2_r1_d6_b03__none,none,lattice_round,c4b2c9357254e51af6a9,1,1,0,0.5886209607124329,0.41137903928756714
PETS_CREDIT_low_eff_su2_r1_d6_b03__none,none,lattice_round,4def6ca8e27be84aeb54,1,1,0,0.8561451435089111,0.14385485649108887
PETS_CREDIT_low_eff_su2_r1_d6_b03__none,none,lattice_round,a5b1091e7ec67f7a06ed,1,0,0,0.5276308059692383,0.4723692238330841
PETS_CREDIT_low_eff_su2_r1_d6_b03__none,none,lattice_round,daf2c33eb0f2b7518584,1,0,0,0.8883867859840393,0.1116131991147995
PETS_CREDIT_low_eff_su2_r1_d6_b03__none,none,lattice_round,6e144bf85d42e3ac6fae,1,0,0,0.8679671883583069,0.1320328414440155
PETS_CREDIT_low_eff_su2_r1_d6_b03__none,none,lattice_round,f97851146238bb9a3754,1,0,0,0.9630016088485718,0.03699839487671852
PETS_CREDIT_low_eff_su2_r1_d6_b03__none,none,lattice_round,5d21e75cb6066696e6e2,1,0,0,0.9763387441635132,0.02366124466061592
PETS_CREDIT_low_eff_su2_r1_d6_b03__none,none,lattice_round,4aa64c627cb9b82d7f42,1,0,0,0.8791359663009644,0.12086408585309982
PETS_CREDIT_low_eff_su2_r1_d6_b03__none,none,lattice_round,c50e57ca37a497df3a13,1,0,0,0.893872082233429,0.10612791031599045
PETS_CREDIT_low_eff_su2_r1_d6_b03__none,none,lattice_round,c0daa10532a8487ca803,1,1,1,0.4762563407421112,0.5237436890602112
PETS_CREDIT_low_eff_su2_r1_d6_b03__none,none,lattice_round,00405a37dd709b2d51a8,1,0,0,0.8809716701507568,0.11902830004692078
PETS_CREDIT_low_eff_su2_r1_d6_b03__none,none,lattice_round,5f9c02f5ec03a28e4f53,1,0,0,0.6957001090049744,0.30429989099502563
PETS_CREDIT_low_eff_su2_r1_d6_b03__none,none,lattice_round,ac5f40db5db91c18a83b,1,0,0,0.6399922370910645,0.36000776290893555
PETS_CREDIT_low_eff_su2_r1_d6_b03__none,none,lattice_round,5584930e99aa4007d628,1,0,0,0.8560211062431335,0.14397890865802765
PETS_CREDIT_low_eff_su2_r1_d6_b03__none,none,lattice_round,0674ce029ebb21d32e38,1,0,0,0.9679042100906372,0.03209573030471802
PETS_CREDIT_low_eff_su2_r1_d6_b03__none,none,lattice_round,6c0e663b6848864dc914,1,0,0,0.8446458578109741,0.1553541123867035
PETS_CREDIT_low_eff_su2_r1_d6_b03__none,none,lattice_round,7ce1135db7560daf7e70,1,0,0,0.8784043192863464,0.12159568071365356
PETS_CREDIT_low_eff_su2_r1_d6_b03__none,none,lattice_round,70e46e61db439dd8e308,1,0,0,0.8133261203765869,0.18667387962341309
PETS_CREDIT_low_eff_su2_r1_d6_b03__none,none,lattice_round,aaca4c9adb936209ae4f,1,1,1,0.4820890724658966,0.5179109573364258
PETS_CREDIT_low_eff_su2_r1_d6_b03__none,none,lattice_round,3ac7ac4bc65a6ffec899,1,0,0,0.9245334267616272,0.0754665955901146
PETS_CREDIT_low_eff_su2_r1_d6_b03__none,none,lattice_round,c536d8f2ff559c7756e7,1,1,0,0.6910013556480408,0.30899861454963684
PETS_CREDIT_low_eff_su2_r1_d6_b03__none,none,lattice_round,16e3ff8c6f696f231824,1,0,0,0.9880744218826294,0.011925604194402695
PETS_CREDIT_low_eff_su2_r1_d6_b03__none,none,lattice_round,dba69027df0122535f19,1,0,0,0.8252995610237122,0.17470048367977142
PETS_CREDIT_low_eff_su2_r1_d6_b03__none,none,lattice_round,973b363916938dbaaf31,1,0,0,0.9589216113090515,0.04107841104269028
PETS_CREDIT_low_eff_su2_r1_d6_b03__none,none,lattice_round,6ea2a519a69c09016323,1,1,1,0.2149793654680252,0.785020649433136
PETS_CREDIT_low_eff_su2_r1_d6_b03__none,none,lattice_round,26b6a5da65cdaeb8e184,1,0,0,0.7394368648529053,0.2605631947517395
PETS_CREDIT_low_eff_su2_r1_d6_b03__none,none,lattice_round,c053f623dd8f2bfb7915,1,0,0,0.9551246762275696,0.04487532377243042
PETS_CREDIT_low_eff_su2_r1_d6_b03__none,none,lattice_round,0a09121dee0e5db09dfe,1,0,0,0.8092602491378784,0.19073975086212158
PETS_CREDIT_low_eff_su2_r1_d6_b03__none,none,lattice_round,22730a71b34176a3ba37,1,0,0,0.8811290860176086,0.11887092143297195
PETS_CREDIT_low_eff_su2_r1_d6_b03__none,none,lattice_round,6af56a8b2e15acc1e086,1,1,0,0.5574907064437866,0.44250935316085815
PETS_CREDIT_low_eff_su2_r1_d6_b03__none,none,lattice_round,a6dfd0dc4ba32e6c00e6,1,0,0,0.9530084133148193,0.04699161648750305
PETS_CREDIT_low_eff_su2_r1_d6_b03__none,none,lattice_round,a5628044ec0880a52490,1,0,0,0.8743475675582886,0.12565241754055023
PETS_CREDIT_low_eff_su2_r1_d6_b03__none,none,lattice_round,4cfea97c73e6dbfbc698,1,0,0,0.8768347501754761,0.12316527962684631
PETS_CREDIT_low_eff_su2_r1_d6_b03__none,none,lattice_round,32babcc385bd70eddb90,1,0,0,0.8692666292190552,0.13073334097862244
PETS_CREDIT_low_eff_su2_r1_d6_b03__none,none,lattice_round,6093ce809aa33ce6693b,1,0,0,0.9063370227813721,0.09366300702095032
PETS_CREDIT_low_eff_su2_r1_d6_b03__none,none,lattice_round,78edbc6916b12b570866,1,1,0,0.6181051731109619,0.3818948268890381
PETS_CREDIT_low_eff_su2_r1_d6_b03__none,none,lattice_round,14865093b1485a5c3a41,1,1,0,0.8867359161376953,0.11326408386230469
PETS_CREDIT_low_eff_su2_r1_d6_b03__none,none,lattice_round,46dbe6ca2f4531385a05,1,0,0,0.8461745381355286,0.15382549166679382
PETS_CREDIT_low_eff_su2_r1_d6_b03__none,none,lattice_round,c9e5785745f04cec0d37,1,0,0,0.8085237741470337,0.1914762258529663
PETS_CREDIT_low_eff_su2_r1_d6_b03__none,none,lattice_round,1313972ddf1c6e9eb2c9,1,0,0,0.7247532606124878,0.2752467393875122
PETS_CREDIT_low_eff_su2_r1_d6_b03__none,none,lattice_round,42e9f06773aa97fa92d4,0,0,0,0.8278335332870483,0.17216643691062927
PETS_CREDIT_low_eff_su2_r1_d6_b03__none,none,lattice_round,7bfb843a13cff05233ad,0,0,0,0.7097395062446594,0.2902604639530182
PETS_CREDIT_low_eff_su2_r1_d6_b03__none,none,lattice_round,2218e6bd75832a43d007,0,0,0,0.8057326078414917,0.1942673921585083
PETS_CREDIT_low_eff_su2_r1_d6_b03__none,none,lattice_round,9bfd22e983b09efc4239,0,0,0,0.9426140785217285,0.05738593265414238
PETS_CREDIT_low_eff_su2_r1_d6_b03__none,none,lattice_round,34bfadccd6d7f30d94a1,0,0,0,0.8078024983406067,0.1921975165605545
PETS_CREDIT_low_eff_su2_r1_d6_b03__none,none,lattice_round,5f861fea617a3ee7da16,0,1,0,0.8791359663009644,0.12086408585309982
PETS_CREDIT_low_eff_su2_r1_d6_b03__none,none,lattice_round,3b2a390113c4d06485dc,0,0,0,0.7787972092628479,0.2212028056383133
PETS_CREDIT_low_eff_su2_r1_d6_b03__none,none,lattice_round,f1d5fbea8d8fc197f689,0,1,0,0.6848104596138,0.31518951058387756
PETS_CREDIT_low_eff_su2_r1_d6_b03__none,none,lattice_round,a55e7f353f00168e8f2a,0,1,0,0.8233768939971924,0.17662307620048523
PETS_CREDIT_low_eff_su2_r1_d6_b03__none,none,lattice_round,7b2b85015deb930a73bd,0,0,1,0.4236925542354584,0.576307475566864
PETS_CREDIT_low_eff_su2_r1_d6_b03__none,none,lattice_round,7990ceff4d0c77eeca8b,0,0,0,0.86655193567276,0.13344809412956238
PETS_CREDIT_low_eff_su2_r1_d6_b03__none,none,lattice_round,4194c2831bd65263a55f,0,0,0,0.9157679080963135,0.08423209190368652
PETS_CREDIT_low_eff_su2_r1_d6_b03__none,none,lattice_round,89b5beeaae443f174906,0,0,0,0.9811171293258667,0.01888287253677845
PETS_CREDIT_low_eff_su2_r1_d6_b03__none,none,lattice_round,c9b90a5a5aabbbda656e,0,0,0,0.7972304821014404,0.20276953279972076
PETS_CREDIT_low_eff_su2_r1_d6_b03__none,none,lattice_round,45e249d80792feb4d2d2,0,0,0,0.7782730460166931,0.22172698378562927
PETS_CREDIT_low_eff_su2_r1_d6_b03__none,none,lattice_round,ac4bb9f68cc026f7ef87,0,1,0,0.9910059571266174,0.008994069881737232
PETS_CREDIT_low_eff_su2_r1_d6_b03__none,none,lattice_round,2f4ee8e91be4e65736a4,0,0,0,0.9703953862190247,0.02960461750626564
PETS_CREDIT_low_eff_su2_r1_d6_b03__none,none,lattice_round,48db4133c9bf431ebe79,0,0,1,0.4646894633769989,0.5353105068206787
PETS_CREDIT_low_eff_su2_r1_d6_b03__none,none,lattice_round,25773551baf095668618,0,0,0,0.9903755784034729,0.009624462574720383
PETS_CREDIT_low_eff_su2_r1_d6_b03__none,none,lattice_round,a5648815fec59cd1c995,0,1,0,0.5416933298110962,0.4583066701889038
PETS_CREDIT_low_eff_su2_r1_d6_b03__none,none,lattice_round,d5e3f577c74cd5bde9ef,0,0,1,0.4930633008480072,0.5069367289543152
PETS_CREDIT_low_eff_su2_r1_d6_b03__none,none,lattice_round,90aa3dc827baf03a0b7f,0,0,0,0.6813579797744751,0.3186420500278473
PETS_CREDIT_low_eff_su2_r1_d6_b03__none,none,lattice_round,a4ed03b502889d9468c9,0,0,0,0.9414228200912476,0.05857718363404274
PETS_CREDIT_low_eff_su2_r1_d6_b03__none,none,lattice_round,72382fc3b364c3c36162,0,0,0,0.941891610622406,0.0581083744764328
PETS_CREDIT_low_eff_su2_r1_d6_b03__none,none,lattice_round,9214bdad11cf5b0f5788,0,0,0,0.968672513961792,0.03132747486233711
PETS_CREDIT_low_eff_su2_r1_d6_b03__none,none,lattice_round,b224dfc19404bbda9ee4,0,0,0,0.5045071244239807,0.4954928755760193
PETS_CREDIT_low_eff_su2_r1_d6_b03__none,none,lattice_round,150e2fdbb7bdebe9ab21,0,0,0,0.8613535165786743,0.13864649832248688
PETS_CREDIT_low_eff_su2_r1_d6_b03__none,none,lattice_round,e81e235b5be50fce8ed4,0,0,0,0.9124394059181213,0.08756062388420105
PETS_CREDIT_low_eff_su2_r1_d6_b03__none,none,lattice_round,a6f8faff37efe9eca5fe,0,0,0,0.8028403520584106,0.19715964794158936
PETS_CREDIT_low_eff_su2_r1_d6_b03__none,none,lattice_round,444967b541f184305a6c,0,0,0,0.7547202706336975,0.2452797144651413
PETS_CREDIT_low_eff_su2_r1_d6_b03__none,none,lattice_round,b3648943abce0512f994,0,0,0,0.8596557378768921,0.1403442770242691
PETS_CREDIT_low_eff_su2_r1_d6_b03__none,none,lattice_round,f55dd0075c038f761436,0,0,0,0.8011883497238159,0.1988116204738617
PETS_CREDIT_low_eff_su2_r1_d6_b03__none,none,lattice_round,19eaeaae64289dba8ce8,0,1,0,0.5513977408409119,0.44860225915908813
PETS_CREDIT_low_eff_su2_r1_d6_b03__none,none,lattice_round,9af74acc6cc7a48f4fd9,0,0,0,0.8665542006492615,0.13344576954841614
PETS_CREDIT_low_eff_su2_r1_d6_b03__none,none,lattice_round,e26cf49baf1a8f2a6289,0,1,0,0.6463789939880371,0.3536210060119629
PETS_CREDIT_low_eff_su2_r1_d6_b03__none,none,lattice_round,4010d1d0fc60044b7e83,0,0,0,0.8539484739303589,0.1460515707731247
PETS_CREDIT_low_eff_su2_r1_d6_b03__none,none,lattice_round,6146ee4e50398bd2590b,0,0,0,0.5406718850135803,0.45932814478874207
PETS_CREDIT_low_eff_su2_r1_d6_b03__none,none,lattice_round,17405c31370c8de7f8b8,0,0,0,0.9037150144577026,0.09628500789403915
PETS_CREDIT_low_eff_su2_r1_d6_b03__none,none,lattice_round,471df40f4bdddddc09ec,0,1,0,0.710400402545929,0.28959959745407104
PETS_CREDIT_low_eff_su2_r1_d6_b03__none,none,lattice_round,b38c56a4fffe98b7efc8,0,0,0,0.7562928199768066,0.24370719492435455
PETS_CREDIT_low_eff_su2_r1_d6_b03__none,none,lattice_round,69c16449e008d39bb994,0,0,0,0.8693807125091553,0.13061931729316711
PETS_CREDIT_low_eff_su2_r1_d6_b03__none,none,lattice_round,0748c8ca29b369b66e6f,0,1,0,0.9645748138427734,0.03542512655258179
PETS_CREDIT_low_eff_su2_r1_d6_b03__none,none,lattice_round,da3092a0e04488fc3d83,0,0,0,0.994545578956604,0.005454435478895903
PETS_CREDIT_low_eff_su2_r1_d6_b03__none,none,lattice_round,74cb3d94d7d3fcb0963b,0,0,0,0.9733402729034424,0.026659751310944557
PETS_CREDIT_low_eff_su2_r1_d6_b03__none,none,lattice_round,3c4479d085b1b0ae10d8,0,0,1,0.4646894633769989,0.5353105068206787
PETS_CREDIT_low_eff_su2_r1_d6_b03__none,none,lattice_round,5960e131d3cbd3ac2bd9,0,0,0,0.9273714423179626,0.07262855023145676
PETS_CREDIT_low_eff_su2_r1_d6_b03__none,none,lattice_round,3122b20f9c469ddb4810,0,0,0,0.8100427389144897,0.18995730578899384
PETS_CREDIT_low_eff_su2_r1_d6_b03__none,none,lattice_round,5f5253b7ee72fa683082,0,0,0,0.9681107401847839,0.03188927099108696
PETS_CREDIT_low_eff_su2_r1_d6_b03__none,none,lattice_round,2478313b949e4a19fec5,0,1,1,0.46727246046066284,0.5327275395393372
PETS_CREDIT_low_eff_su2_r1_d6_b03__none,none,lattice_round,6803403d6e57131ab879,0,0,0,0.954483687877655,0.04551628977060318
PETS_CREDIT_low_eff_su2_r1_d6_b03__none,none,lattice_round,5628f53706485c5a34f9,0,0,0,0.7961849570274353,0.20381507277488708
PETS_CREDIT_low_eff_su2_r1_d6_b03__none,none,lattice_round,e3aa42e9baae40909b2c,0,0,0,0.6137961745262146,0.3862038552761078
PETS_CREDIT_low_eff_su2_r1_d6_b03__none,none,lattice_round,50a0be37bf2f275bd4d6,0,0,0,0.7053800821304321,0.2946198880672455
PETS_CREDIT_low_eff_su2_r1_d6_b03__none,none,lattice_round,87b361e38d3a033e0147,0,0,0,0.8728476762771606,0.12715230882167816
PETS_CREDIT_low_eff_su2_r1_d6_b03__none,none,lattice_round,10adaa08b0205f280a31,0,1,0,0.9123438000679016,0.08765623718500137
PETS_CREDIT_low_eff_su2_r1_d6_b03__none,none,lattice_round,9d233cff809c5f6dd546,0,1,0,0.6957001090049744,0.30429989099502563
PETS_CREDIT_low_eff_su2_r1_d6_b03__none,none,lattice_round,baf60f731977893683c9,0,0,0,0.7446230053901672,0.25537699460983276
PETS_CREDIT_low_eff_su2_r1_d6_b03__none,none,lattice_round,91f87ca67e3c04007486,0,1,0,0.9645370841026306,0.03546290472149849
PETS_CREDIT_low_eff_su2_r1_d6_b03__none,none,lattice_round,8273cd051f4f3c543c72,0,0,0,0.7073571085929871,0.29264289140701294
PETS_CREDIT_low_eff_su2_r1_d6_b03__none,none,lattice_round,01c60ffe9b042bc05cfc,0,0,0,0.7600467205047607,0.23995332419872284
PETS_CREDIT_low_eff_su2_r1_d6_b03__none,none,lattice_round,da5f5efb7790004fff98,0,1,0,0.7805027365684509,0.21949726343154907
PETS_CREDIT_low_eff_su2_r1_d6_b03__none,none,lattice_round,d545cdd659f37acdba6c,0,1,0,0.8278335332870483,0.17216643691062927
PETS_CREDIT_low_eff_su2_r1_d6_b03__none,none,lattice_round,3e5959b02df8356effc1,0,0,0,0.8342685699462891,0.16573145985603333
PETS_CREDIT_low_eff_su2_r1_d6_b03__none,none,lattice_round,236eaf6e697017b75006,0,0,0,0.737472414970398,0.26252755522727966
PETS_CREDIT_low_eff_su2_r1_d6_b03__none,none,lattice_round,2ca770f234439727c33f,0,0,0,0.9640171527862549,0.03598286211490631
PETS_CREDIT_low_eff_su2_r1_d6_b03__none,none,lattice_round,9fe9252c0b576d892b50,0,0,0,0.863447904586792,0.136552095413208
PETS_CREDIT_low_eff_su2_r1_d6_b03__none,none,lattice_round,f22d9a5133c174dae56c,0,0,1,0.42027586698532104,0.579724133014679
PETS_CREDIT_low_eff_su2_r1_d6_b03__none,none,lattice_round,02d132ee580866ee41a8,0,0,0,0.9019718170166016,0.09802821278572083
PETS_CREDIT_low_eff_su2_r1_d6_b03__none,none,lattice_round,323bc2b7ded81007c10b,0,0,0,0.9652693867683411,0.034730661660432816
PETS_CREDIT_low_eff_su2_r1_d6_b03__none,none,lattice_round,7eb02391460879bfe425,0,1,1,0.4531342089176178,0.5468658208847046
PETS_CREDIT_low_eff_su2_r1_d6_b03__none,none,lattice_round,8023a2850646517888f6,0,0,0,0.9184126853942871,0.08158733695745468
PETS_CREDIT_low_eff_su2_r1_d6_b03__none,none,lattice_round,c80e702330688e6c3640,0,0,0,0.663155198097229,0.3368448317050934
PETS_CREDIT_low_eff_su2_r1_d6_b03__none,none,lattice_round,3e01576c4964ce1df77e,0,0,0,0.7452977299690247,0.25470227003097534
PETS_CREDIT_low_eff_su2_r1_d6_b03__none,none,lattice_round,d8bd80969a4223b1746d,0,0,0,0.8994863629341125,0.10051368921995163
PETS_CREDIT_low_eff_su2_r1_d6_b03__none,none,lattice_round,c98e7a188d21f2d4c7c5,0,0,1,0.43041756749153137,0.569582462310791
PETS_CREDIT_low_eff_su2_r1_d6_b03__none,none,lattice_round,a53b6f24d57097d0166f,0,0,0,0.7225331664085388,0.2774668335914612
PETS_CREDIT_low_eff_su2_r1_d6_b03__none,none,lattice_round,8b702b29b3bba3c0c011,0,0,0,0.9341866374015808,0.06581336259841919
PETS_CREDIT_low_eff_su2_r1_d6_b03__none,none,lattice_round,5808218040029ad54abc,0,0,0,0.8432790040969849,0.15672104060649872
PETS_CREDIT_low_eff_su2_r1_d6_b03__none,none,lattice_round,2cdf0f49b2642481ca8f,0,1,0,0.9833422303199768,0.01665779948234558
PETS_CREDIT_low_eff_su2_r1_d6_b03__none,none,lattice_round,d8141fe3b07ab69c0481,0,0,0,0.6844869256019592,0.31551307439804077
PETS_CREDIT_low_eff_su2_r1_d6_b03__none,none,lattice_round,a2d2d92e2ba800faa946,0,1,1,0.4218220114707947,0.5781779885292053
PETS_CREDIT_low_eff_su2_r1_d6_b03__none,none,lattice_round,657f767276025ad88617,0,0,0,0.9795060157775879,0.02049398608505726
PETS_CREDIT_low_eff_su2_r1_d6_b03__none,none,lattice_round,21cc40e171d11484f55e,0,0,0,0.9599362015724182,0.040063824504613876
PETS_CREDIT_low_eff_su2_r1_d6_b03__none,none,lattice_round,68458c3065d2ff08346a,0,0,0,0.9588923454284668,0.0411076620221138
PETS_CREDIT_low_eff_su2_r1_d6_b03__none,none,lattice_round,b690772de8eb14084d30,0,1,0,0.7225331664085388,0.2774668335914612
PETS_CREDIT_low_eff_su2_r1_d6_b03__none,none,lattice_round,0f0ec6f2889f1d9d2876,0,0,0,0.939365804195404,0.06063425540924072
PETS_CREDIT_low_eff_su2_r1_d6_b03__none,none,lattice_round,18bbbff1da0a4760b6ff,0,0,0,0.697117030620575,0.30288296937942505
PETS_CREDIT_low_eff_su2_r1_d6_b03__none,none,lattice_round,5718ce19a4a1c640caac,0,0,0,0.879572331905365,0.12042765319347382
PETS_CREDIT_low_eff_su2_r1_d6_b03__none,none,lattice_round,5c1eaee6580358b55afc,0,0,0,0.6339628100395203,0.3660372197628021
PETS_CREDIT_low_eff_su2_r1_d6_b03__none,none,lattice_round,0835edef9bf74dc85154,0,1,0,0.8482282757759094,0.15177170932292938
PETS_CREDIT_low_eff_su2_r1_d6_b03__none,none,lattice_round,05e7a2529d248075df48,0,0,0,0.6528640985488892,0.34713587164878845
PETS_CREDIT_low_eff_su2_r1_d6_b03__none,none,lattice_round,71f1648b8b8cb6d1277e,0,0,0,0.8763193488121033,0.12368070334196091
PETS_CREDIT_low_eff_su2_r1_d6_b03__none,none,lattice_round,cb39c23acaa500033ed0,0,0,0,0.9396714568138123,0.060328561812639236
PETS_CREDIT_low_eff_su2_r1_d6_b03__none,none,lattice_round,c55786a9941cc04c9348,0,0,0,0.506345808506012,0.49365419149398804
PETS_CREDIT_low_eff_su2_r1_d6_b03__none,none,lattice_round,cc92f2b4b36f95de3e7f,0,0,0,0.7600467205047607,0.23995332419872284
PETS_CREDIT_low_eff_su2_r1_d6_b03__none,none,lattice_round,4c3cfe1fe9e491bb9c0e,0,1,0,0.5715688467025757,0.4284311532974243
PETS_CREDIT_low_eff_su2_r1_d6_b03__none,none,lattice_round,fa91758004730bf9cef8,0,1,0,0.6515951156616211,0.3484048545360565
PETS_CREDIT_low_eff_su2_r1_d6_b03__none,none,lattice_round,b78fcdfd9fe43578fef1,0,0,0,0.9531722068786621,0.046827804297208786
PETS_CREDIT_low_eff_su2_r1_d6_b03__none,none,lattice_round,27103d15734219f0d343,0,0,0,0.8773534297943115,0.12264660000801086
PETS_CREDIT_low_eff_su2_r1_d6_b03__none,none,lattice_round,36f760028306a12bff25,0,0,0,0.8279392123222351,0.1720607876777649
PETS_CREDIT_low_eff_su2_r1_d6_b03__none,none,memgq_lattice,619b46d6086e6aad3d84,1,0,0,0.83686763048172,0.16313239932060242
PETS_CREDIT_low_eff_su2_r1_d6_b03__none,none,memgq_lattice,5e48c11768cb070aefe6,1,0,0,0.8415542840957642,0.15844568610191345
PETS_CREDIT_low_eff_su2_r1_d6_b03__none,none,memgq_lattice,7105743f10682ac4a1cc,1,0,0,0.7771750092506409,0.22282497584819794
PETS_CREDIT_low_eff_su2_r1_d6_b03__none,none,memgq_lattice,272c38b1ecd099be7890,1,0,0,0.8034418225288391,0.19655819237232208
PETS_CREDIT_low_eff_su2_r1_d6_b03__none,none,memgq_lattice,6f47824d3363865de61a,1,0,0,0.7684818506240845,0.23151814937591553
PETS_CREDIT_low_eff_su2_r1_d6_b03__none,none,memgq_lattice,b0f47ae4b56b3aa4d111,1,1,1,0.2862430512905121,0.7137569189071655
PETS_CREDIT_low_eff_su2_r1_d6_b03__none,none,memgq_lattice,f073d35785cf76f1409c,1,0,0,0.8309171199798584,0.1690828800201416
PETS_CREDIT_low_eff_su2_r1_d6_b03__none,none,memgq_lattice,01e7168ae2a624ff9916,1,1,1,0.15008792281150818,0.8499121069908142
PETS_CREDIT_low_eff_su2_r1_d6_b03__none,none,memgq_lattice,1c7eb9e50fc08e5f8cf0,1,1,0,0.7838655710220337,0.2161344736814499
PETS_CREDIT_low_eff_su2_r1_d6_b03__none,none,memgq_lattice,8f95586c1c6fb3f2a750,1,0,0,0.7995298504829407,0.2004701942205429
PETS_CREDIT_low_eff_su2_r1_d6_b03__none,none,memgq_lattice,2c2eb339de59d2b86f66,1,0,0,0.7420899868011475,0.25791001319885254
PETS_CREDIT_low_eff_su2_r1_d6_b03__none,none,memgq_lattice,ab00e756b29c98fd6674,1,0,0,0.8486848473548889,0.1513151377439499
PETS_CREDIT_low_eff_su2_r1_d6_b03__none,none,memgq_lattice,70d271c728323ea28d90,1,0,0,0.8072468638420105,0.1927531659603119
PETS_CREDIT_low_eff_su2_r1_d6_b03__none,none,memgq_lattice,69ef03b5c6f4f7ecef33,1,0,0,0.7895172238349915,0.21048280596733093
PETS_CREDIT_low_eff_su2_r1_d6_b03__none,none,memgq_lattice,eb849709f12c60edd50b,1,0,0,0.8371996879577637,0.16280028223991394
PETS_CREDIT_low_eff_su2_r1_d6_b03__none,none,memgq_lattice,ab97fae957e08270ffce,1,1,0,0.8432513475418091,0.1567486822605133
PETS_CREDIT_low_eff_su2_r1_d6_b03__none,none,memgq_lattice,e07f107ec2deef516f4f,1,0,0,0.7372108697891235,0.26278916001319885
PETS_CREDIT_low_eff_su2_r1_d6_b03__none,none,memgq_lattice,88b1c0733571d25bdfa5,1,0,0,0.7822923064231873,0.21770769357681274
PETS_CREDIT_low_eff_su2_r1_d6_b03__none,none,memgq_lattice,b84ff32b3c14263b0dd5,1,0,0,0.8454787135124207,0.15452127158641815
PETS_CREDIT_low_eff_su2_r1_d6_b03__none,none,memgq_lattice,9fc5fbe55717fe6862a4,1,1,0,0.8166119456291199,0.18338805437088013
PETS_CREDIT_low_eff_su2_r1_d6_b03__none,none,memgq_lattice,9eb158e3cbe5bc901e26,1,0,0,0.7233524322509766,0.2766475975513458
PETS_CREDIT_low_eff_su2_r1_d6_b03__none,none,memgq_lattice,09c28941e61886717e09,1,0,0,0.7761175036430359,0.2238825261592865
PETS_CREDIT_low_eff_su2_r1_d6_b03__none,none,memgq_lattice,196d92dfff0523a23237,1,0,0,0.6978278756141663,0.30217215418815613
PETS_CREDIT_low_eff_su2_r1_d6_b03__none,none,memgq_lattice,0ffd3e39286157b02ad4,1,0,0,0.7896684408187866,0.21033155918121338
PETS_CREDIT_low_eff_su2_r1_d6_b03__none,none,memgq_lattice,25bed8f88a506c4cc366,1,0,0,0.7815905213356018,0.2184094488620758
PETS_CREDIT_low_eff_su2_r1_d6_b03__none,none,memgq_lattice,a62d80fa1349c54517ce,1,0,0,0.7091786861419678,0.2908213436603546
PETS_CREDIT_low_eff_su2_r1_d6_b03__none,none,memgq_lattice,08a6c27fcb32f81ff375,1,0,0,0.7877837419509888,0.2122163027524948
PETS_CREDIT_low_eff_su2_r1_d6_b03__none,none,memgq_lattice,26f8e0268dd95cba45fd,1,0,0,0.7613749504089355,0.23862504959106445
PETS_CREDIT_low_eff_su2_r1_d6_b03__none,none,memgq_lattice,f332cc500c7a62b19024,1,0,0,0.730735719203949,0.2692643105983734
PETS_CREDIT_low_eff_su2_r1_d6_b03__none,none,memgq_lattice,bfa7b1aca5d187760a16,1,0,0,0.7603524923324585,0.2396474927663803
PETS_CREDIT_low_eff_su2_r1_d6_b03__none,none,memgq_lattice,d1d396dc69ac0aeade66,1,0,0,0.6882256269454956,0.3117744028568268
PETS_CREDIT_low_eff_su2_r1_d6_b03__none,none,memgq_lattice,092efc45ab978715a8fa,1,0,0,0.8132232427597046,0.1867767870426178
PETS_CREDIT_low_eff_su2_r1_d6_b03__none,none,memgq_lattice,d8e3c3c718aea110b2d9,1,1,1,0.20505397021770477,0.7949460744857788
PETS_CREDIT_low_eff_su2_r1_d6_b03__none,none,memgq_lattice,2c3058336909d855b1f0,1,0,0,0.6938892006874084,0.30611085891723633
PETS_CREDIT_low_eff_su2_r1_d6_b03__none,none,memgq_lattice,006df97946d214e0111f,1,1,0,0.7626421451568604,0.23735785484313965
PETS_CREDIT_low_eff_su2_r1_d6_b03__none,none,memgq_lattice,4b8fbfef25d81e60d4a6,1,0,0,0.8499695658683777,0.15003041923046112
PETS_CREDIT_low_eff_su2_r1_d6_b03__none,none,memgq_lattice,5cb75d859aa2d3df94b0,1,0,0,0.7883186936378479,0.2116812765598297
PETS_CREDIT_low_eff_su2_r1_d6_b03__none,none,memgq_lattice,82d40bd4122f5c76cdfb,1,0,0,0.6873473525047302,0.31265267729759216
PETS_CREDIT_low_eff_su2_r1_d6_b03__none,none,memgq_lattice,f05df67fe5ac7ed38643,1,1,1,0.1797896772623062,0.820210337638855
PETS_CREDIT_low_eff_su2_r1_d6_b03__none,none,memgq_lattice,0772d1e68bccea98e68f,1,0,0,0.7271585464477539,0.2728414833545685
PETS_CREDIT_low_eff_su2_r1_d6_b03__none,none,memgq_lattice,a1b01a469dc7802f51d3,1,0,0,0.700831413269043,0.29916858673095703
PETS_CREDIT_low_eff_su2_r1_d6_b03__none,none,memgq_lattice,108acbd92e651db6ac49,1,1,1,0.1898277848958969,0.8101722002029419
PETS_CREDIT_low_eff_su2_r1_d6_b03__none,none,memgq_lattice,c75c31af2389cc3a594f,1,0,1,0.23499253392219543,0.765007495880127
PETS_CREDIT_low_eff_su2_r1_d6_b03__none,none,memgq_lattice,2379dd478643b9cc0bc1,1,0,0,0.7545948624610901,0.2454051524400711
PETS_CREDIT_low_eff_su2_r1_d6_b03__none,none,memgq_lattice,7673e8a0f0b037cc51e5,1,0,0,0.6963081359863281,0.3036918342113495
PETS_CREDIT_low_eff_su2_r1_d6_b03__none,none,memgq_lattice,7c7fe88dcec806be29da,1,0,0,0.7663326859474182,0.23366734385490417
PETS_CREDIT_low_eff_su2_r1_d6_b03__none,none,memgq_lattice,07d4d260e30d7cf5b71f,1,0,0,0.8462116718292236,0.15378829836845398
PETS_CREDIT_low_eff_su2_r1_d6_b03__none,none,memgq_lattice,d75c3e52dbcaf5a5ec2a,1,0,0,0.8476645350456238,0.15233546495437622
PETS_CREDIT_low_eff_su2_r1_d6_b03__none,none,memgq_lattice,d2c3d34fb102babfa194,1,1,0,0.8160795569419861,0.1839204579591751
PETS_CREDIT_low_eff_su2_r1_d6_b03__none,none,memgq_lattice,92516ca36411fad7d9c9,1,0,0,0.7897212505340576,0.21027871966362
PETS_CREDIT_low_eff_su2_r1_d6_b03__none,none,memgq_lattice,1dd9f8371cdcaa1758b3,1,0,0,0.8016457557678223,0.19835427403450012
PETS_CREDIT_low_eff_su2_r1_d6_b03__none,none,memgq_lattice,8fe0ac3103b5acc00cdc,1,0,0,0.8122231960296631,0.18777672946453094
PETS_CREDIT_low_eff_su2_r1_d6_b03__none,none,memgq_lattice,c3a59fc71e20658f6341,1,0,0,0.8416446447372437,0.15835537016391754
PETS_CREDIT_low_eff_su2_r1_d6_b03__none,none,memgq_lattice,434123980ae7f6c38b02,1,0,0,0.7814804315567017,0.21851955354213715
PETS_CREDIT_low_eff_su2_r1_d6_b03__none,none,memgq_lattice,6bf07a3ff23f9e3249c5,1,1,0,0.7966257333755493,0.20337429642677307
PETS_CREDIT_low_eff_su2_r1_d6_b03__none,none,memgq_lattice,e030c0aa4ae0f1011f2f,1,1,1,0.21799060702323914,0.7820094227790833
PETS_CREDIT_low_eff_su2_r1_d6_b03__none,none,memgq_lattice,8120fa8a41158dba642d,1,0,0,0.7078755497932434,0.292124480009079
PETS_CREDIT_low_eff_su2_r1_d6_b03__none,none,memgq_lattice,66fa33821884d4568b02,1,1,0,0.7602207064628601,0.23977932333946228
PETS_CREDIT_low_eff_su2_r1_d6_b03__none,none,memgq_lattice,ae1704e8283a10912765,1,0,0,0.8186569809913635,0.18134303390979767
PETS_CREDIT_low_eff_su2_r1_d6_b03__none,none,memgq_lattice,72bf8a475d5aa5538cd3,1,0,0,0.7631992101669312,0.23680083453655243
PETS_CREDIT_low_eff_su2_r1_d6_b03__none,none,memgq_lattice,c4b2c9357254e51af6a9,1,1,0,0.7954750061035156,0.20452499389648438
PETS_CREDIT_low_eff_su2_r1_d6_b03__none,none,memgq_lattice,4def6ca8e27be84aeb54,1,1,0,0.6864669322967529,0.31353309750556946
PETS_CREDIT_low_eff_su2_r1_d6_b03__none,none,memgq_lattice,a5b1091e7ec67f7a06ed,1,0,0,0.7522442936897278,0.2477557212114334
PETS_CREDIT_low_eff_su2_r1_d6_b03__none,none,memgq_lattice,daf2c33eb0f2b7518584,1,0,0,0.7454301714897156,0.2545698583126068
PETS_CREDIT_low_eff_su2_r1_d6_b03__none,none,memgq_lattice,6e144bf85d42e3ac6fae,1,0,0,0.7074686288833618,0.2925313711166382
PETS_CREDIT_low_eff_su2_r1_d6_b03__none,none,memgq_lattice,f97851146238bb9a3754,1,0,0,0.7788912653923035,0.22110873460769653
PETS_CREDIT_low_eff_su2_r1_d6_b03__none,none,memgq_lattice,5d21e75cb6066696e6e2,1,0,0,0.8481297492980957,0.1518702656030655
PETS_CREDIT_low_eff_su2_r1_d6_b03__none,none,memgq_lattice,4aa64c627cb9b82d7f42,1,0,0,0.7279587984085083,0.2720412313938141
PETS_CREDIT_low_eff_su2_r1_d6_b03__none,none,memgq_lattice,c50e57ca37a497df3a13,1,0,0,0.7560114860534668,0.2439885139465332
PETS_CREDIT_low_eff_su2_r1_d6_b03__none,none,memgq_lattice,c0daa10532a8487ca803,1,1,1,0.2506726384162903,0.7493273615837097
PETS_CREDIT_low_eff_su2_r1_d6_b03__none,none,memgq_lattice,00405a37dd709b2d51a8,1,0,0,0.7313891649246216,0.2686108350753784
PETS_CREDIT_low_eff_su2_r1_d6_b03__none,none,memgq_lattice,5f9c02f5ec03a28e4f53,1,0,0,0.6957001090049744,0.30429989099502563
PETS_CREDIT_low_eff_su2_r1_d6_b03__none,none,memgq_lattice,ac5f40db5db91c18a83b,1,0,0,0.8285396099090576,0.17146039009094238
PETS_CREDIT_low_eff_su2_r1_d6_b03__none,none,memgq_lattice,5584930e99aa4007d628,1,0,0,0.6862501502037048,0.31374984979629517
PETS_CREDIT_low_eff_su2_r1_d6_b03__none,none,memgq_lattice,0674ce029ebb21d32e38,1,0,0,0.8032048344612122,0.19679518043994904
PETS_CREDIT_low_eff_su2_r1_d6_b03__none,none,memgq_lattice,6c0e663b6848864dc914,1,0,0,0.8446458578109741,0.1553541123867035
PETS_CREDIT_low_eff_su2_r1_d6_b03__none,none,memgq_lattice,7ce1135db7560daf7e70,1,0,0,0.7265966534614563,0.2734033167362213
PETS_CREDIT_low_eff_su2_r1_d6_b03__none,none,memgq_lattice,70e46e61db439dd8e308,1,0,0,0.8133261203765869,0.18667387962341309
PETS_CREDIT_low_eff_su2_r1_d6_b03__none,none,memgq_lattice,aaca4c9adb936209ae4f,1,1,1,0.2550882399082184,0.744911789894104
PETS_CREDIT_low_eff_su2_r1_d6_b03__none,none,memgq_lattice,3ac7ac4bc65a6ffec899,1,0,0,0.8184107542037964,0.18158923089504242
PETS_CREDIT_low_eff_su2_r1_d6_b03__none,none,memgq_lattice,c536d8f2ff559c7756e7,1,1,0,0.6910013556480408,0.30899861454963684
PETS_CREDIT_low_eff_su2_r1_d6_b03__none,none,memgq_lattice,16e3ff8c6f696f231824,1,0,0,0.8048872947692871,0.1951126903295517
PETS_CREDIT_low_eff_su2_r1_d6_b03__none,none,memgq_lattice,dba69027df0122535f19,1,0,0,0.8252995610237122,0.17470048367977142
PETS_CREDIT_low_eff_su2_r1_d6_b03__none,none,memgq_lattice,973b363916938dbaaf31,1,0,0,0.759577214717865,0.24042284488677979
PETS_CREDIT_low_eff_su2_r1_d6_b03__none,none,memgq_lattice,6ea2a519a69c09016323,1,1,1,0.2149793654680252,0.785020649433136
PETS_CREDIT_low_eff_su2_r1_d6_b03__none,none,memgq_lattice,26b6a5da65cdaeb8e184,1,0,0,0.7394368648529053,0.2605631947517395
PETS_CREDIT_low_eff_su2_r1_d6_b03__none,none,memgq_lattice,c053f623dd8f2bfb7915,1,0,0,0.7423062324523926,0.25769373774528503
PETS_CREDIT_low_eff_su2_r1_d6_b03__none,none,memgq_lattice,0a09121dee0e5db09dfe,1,0,0,0.8092602491378784,0.19073975086212158
PETS_CREDIT_low_eff_su2_r1_d6_b03__none,none,memgq_lattice,22730a71b34176a3ba37,1,0,0,0.731684148311615,0.268315851688385
PETS_CREDIT_low_eff_su2_r1_d6_b03__none,none,memgq_lattice,6af56a8b2e15acc1e086,1,1,0,0.7739876508712769,0.22601239383220673
PETS_CREDIT_low_eff_su2_r1_d6_b03__none,none,memgq_lattice,a6dfd0dc4ba32e6c00e6,1,0,0,0.7329596281051636,0.2670403718948364
PETS_CREDIT_low_eff_su2_r1_d6_b03__none,none,memgq_lattice,a5628044ec0880a52490,1,0,0,0.7190949320793152,0.2809050381183624
PETS_CREDIT_low_eff_su2_r1_d6_b03__none,none,memgq_lattice,4cfea97c73e6dbfbc698,1,0,0,0.7236839532852173,0.2763160467147827
PETS_CREDIT_low_eff_su2_r1_d6_b03__none,none,memgq_lattice,32babcc385bd70eddb90,1,0,0,0.7098196744918823,0.29018035531044006
PETS_CREDIT_low_eff_su2_r1_d6_b03__none,none,memgq_lattice,6093ce809aa33ce6693b,1,0,0,0.7806958556175232,0.21930420398712158
PETS_CREDIT_low_eff_su2_r1_d6_b03__none,none,memgq_lattice,78edbc6916b12b570866,1,1,0,0.8147983551025391,0.1852017045021057
PETS_CREDIT_low_eff_su2_r1_d6_b03__none,none,memgq_lattice,14865093b1485a5c3a41,1,1,0,0.7422781586647034,0.257721871137619
PETS_CREDIT_low_eff_su2_r1_d6_b03__none,none,memgq_lattice,46dbe6ca2f4531385a05,1,0,0,0.8461745381355286,0.15382549166679382
PETS_CREDIT_low_eff_su2_r1_d6_b03__none,none,memgq_lattice,c9e5785745f04cec0d37,1,0,0,0.8085237741470337,0.1914762258529663
PETS_CREDIT_low_eff_su2_r1_d6_b03__none,none,memgq_lattice,1313972ddf1c6e9eb2c9,1,0,0,0.7247532606124878,0.2752467393875122
PETS_CREDIT_low_eff_su2_r1_d6_b03__none,none,memgq_lattice,42e9f06773aa97fa92d4,0,0,0,0.8278335332870483,0.17216643691062927
PETS_CREDIT_low_eff_su2_r1_d6_b03__none,none,memgq_lattice,7bfb843a13cff05233ad,0,0,0,0.7097395062446594,0.2902604639530182
PETS_CREDIT_low_eff_su2_r1_d6_b03__none,none,memgq_lattice,2218e6bd75832a43d007,0,0,0,0.8057326078414917,0.1942673921585083
PETS_CREDIT_low_eff_su2_r1_d6_b03__none,none,memgq_lattice,9bfd22e983b09efc4239,0,0,0,0.6897377967834473,0.31026217341423035
PETS_CREDIT_low_eff_su2_r1_d6_b03__none,none,memgq_lattice,34bfadccd6d7f30d94a1,0,0,0,0.8078024983406067,0.1921975165605545
PETS_CREDIT_low_eff_su2_r1_d6_b03__none,none,memgq_lattice,5f861fea617a3ee7da16,0,1,0,0.7279587984085083,0.2720412313938141
PETS_CREDIT_low_eff_su2_r1_d6_b03__none,none,memgq_lattice,3b2a390113c4d06485dc,0,0,0,0.7787972092628479,0.2212028056383133
PETS_CREDIT_low_eff_su2_r1_d6_b03__none,none,memgq_lattice,f1d5fbea8d8fc197f689,0,1,0,0.8551960587501526,0.1448039710521698
PETS_CREDIT_low_eff_su2_r1_d6_b03__none,none,memgq_lattice,a55e7f353f00168e8f2a,0,1,0,0.8233768939971924,0.17662307620048523
PETS_CREDIT_low_eff_su2_r1_d6_b03__none,none,memgq_lattice,7b2b85015deb930a73bd,0,0,1,0.21288618445396423,0.7871138453483582
PETS_CREDIT_low_eff_su2_r1_d6_b03__none,none,memgq_lattice,7990ceff4d0c77eeca8b,0,0,0,0.704917848110199,0.2950821816921234
PETS_CREDIT_low_eff_su2_r1_d6_b03__none,none,memgq_lattice,4194c2831bd65263a55f,0,0,0,0.7999857068061829,0.20001429319381714
PETS_CREDIT_low_eff_su2_r1_d6_b03__none,none,memgq_lattice,89b5beeaae443f174906,0,0,0,0.7212138175964355,0.27878618240356445
PETS_CREDIT_low_eff_su2_r1_d6_b03__none,none,memgq_lattice,c9b90a5a5aabbbda656e,0,0,0,0.7972304821014404,0.20276953279972076
PETS_CREDIT_low_eff_su2_r1_d6_b03__none,none,memgq_lattice,45e249d80792feb4d2d2,0,0,0,0.7782730460166931,0.22172698378562927
PETS_CREDIT_low_eff_su2_r1_d6_b03__none,none,memgq_lattice,ac4bb9f68cc026f7ef87,0,1,0,0.8458230495452881,0.1541769802570343
PETS_CREDIT_low_eff_su2_r1_d6_b03__none,none,memgq_lattice,2f4ee8e91be4e65736a4,0,0,0,0.8160496354103088,0.18395036458969116
PETS_CREDIT_low_eff_su2_r1_d6_b03__none,none,memgq_lattice,48db4133c9bf431ebe79,0,0,1,0.24205249547958374,0.7579475045204163
PETS_CREDIT_low_eff_su2_r1_d6_b03__none,none,memgq_lattice,25773551baf095668618,0,0,0,0.8366937041282654,0.16330629587173462
PETS_CREDIT_low_eff_su2_r1_d6_b03__none,none,memgq_lattice,a5648815fec59cd1c995,0,1,0,0.7626283168792725,0.23737169802188873
PETS_CREDIT_low_eff_su2_r1_d6_b03__none,none,memgq_lattice,d5e3f577c74cd5bde9ef,0,0,1,0.26352429389953613,0.7364757061004639
PETS_CREDIT_low_eff_su2_r1_d6_b03__none,none,memgq_lattice,90aa3dc827baf03a0b7f,0,0,0,0.8532098531723022,0.14679016172885895
PETS_CREDIT_low_eff_su2_r1_d6_b03__none,none,memgq_lattice,a4ed03b502889d9468c9,0,0,0,0.8553341031074524,0.1446659117937088
PETS_CREDIT_low_eff_su2_r1_d6_b03__none,none,memgq_lattice,72382fc3b364c3c36162,0,0,0,0.6868893504142761,0.31311067938804626
PETS_CREDIT_low_eff_su2_r1_d6_b03__none,none,memgq_lattice,9214bdad11cf5b0f5788,0,0,0,0.8071298599243164,0.19287016987800598
PETS_CREDIT_low_eff_su2_r1_d6_b03__none,none,memgq_lattice,b224dfc19404bbda9ee4,0,0,1,0.27250444889068604,0.727495551109314
PETS_CREDIT_low_eff_su2_r1_d6_b03__none,none,memgq_lattice,150e2fdbb7bdebe9ab21,0,0,0,0.695634663105011,0.3043653964996338
PETS_CREDIT_low_eff_su2_r1_d6_b03__none,none,memgq_lattice,e81e235b5be50fce8ed4,0,0,0,0.793115496635437,0.2068844884634018
PETS_CREDIT_low_eff_su2_r1_d6_b03__none,none,memgq_lattice,a6f8faff37efe9eca5fe,0,0,0,0.8028403520584106,0.19715964794158936
PETS_CREDIT_low_eff_su2_r1_d6_b03__none,none,memgq_lattice,444967b541f184305a6c,0,0,0,0.7547202706336975,0.2452797144651413
PETS_CREDIT_low_eff_su2_r1_d6_b03__none,none,memgq_lattice,b3648943abce0512f994,0,0,0,0.6926316618919373,0.30736833810806274
PETS_CREDIT_low_eff_su2_r1_d6_b03__none,none,memgq_lattice,f55dd0075c038f761436,0,0,0,0.8011883497238159,0.1988116204738617
PETS_CREDIT_low_eff_su2_r1_d6_b03__none,none,memgq_lattice,19eaeaae64289dba8ce8,0,1,0,0.7696439623832703,0.23035606741905212
PETS_CREDIT_low_eff_su2_r1_d6_b03__none,none,memgq_lattice,9af74acc6cc7a48f4fd9,0,0,0,0.7049220204353333,0.29507794976234436
PETS_CREDIT_low_eff_su2_r1_d6_b03__none,none,memgq_lattice,e26cf49baf1a8f2a6289,0,1,0,0.8324571251869202,0.16754290461540222
PETS_CREDIT_low_eff_su2_r1_d6_b03__none,none,memgq_lattice,4010d1d0fc60044b7e83,0,0,0,0.8539484739303589,0.1460515707731247
PETS_CREDIT_low_eff_su2_r1_d6_b03__none,none,memgq_lattice,6146ee4e50398bd2590b,0,0,0,0.7618827819824219,0.23811720311641693
PETS_CREDIT_low_eff_su2_r1_d6_b03__none,none,memgq_lattice,17405c31370c8de7f8b8,0,0,0,0.7754281163215637,0.22457188367843628
PETS_CREDIT_low_eff_su2_r1_d6_b03__none,none,memgq_lattice,471df40f4bdddddc09ec,0,1,0,0.710400402545929,0.28959959745407104
PETS_CREDIT_low_eff_su2_r1_d6_b03__none,none,memgq_lattice,b38c56a4fffe98b7efc8,0,0,0,0.7562928199768066,0.24370719492435455
PETS_CREDIT_low_eff_su2_r1_d6_b03__none,none,memgq_lattice,69c16449e008d39bb994,0,0,0,0.7100263833999634,0.2899736166000366
PETS_CREDIT_low_eff_su2_r1_d6_b03__none,none,memgq_lattice,0748c8ca29b369b66e6f,0,1,0,0.7865581512451172,0.2134418487548828
PETS_CREDIT_low_eff_su2_r1_d6_b03__none,none,memgq_lattice,da3092a0e04488fc3d83,0,0,0,0.7695779204368591,0.23042210936546326
PETS_CREDIT_low_eff_su2_r1_d6_b03__none,none,memgq_lattice,74cb3d94d7d3fcb0963b,0,0,0,0.8316847681999207,0.16831523180007935
PETS_CREDIT_low_eff_su2_r1_d6_b03__none,none,memgq_lattice,3c4479d085b1b0ae10d8,0,0,1,0.24205249547958374,0.7579475045204163
PETS_CREDIT_low_eff_su2_r1_d6_b03__none,none,memgq_lattice,5960e131d3cbd3ac2bd9,0,0,0,0.8244820833206177,0.17551790177822113
PETS_CREDIT_low_eff_su2_r1_d6_b03__none,none,memgq_lattice,3122b20f9c469ddb4810,0,0,0,0.8100427389144897,0.18995730578899384
PETS_CREDIT_low_eff_su2_r1_d6_b03__none,none,memgq_lattice,5f5253b7ee72fa683082,0,0,0,0.8042564392089844,0.19574354588985443
PETS_CREDIT_low_eff_su2_r1_d6_b03__none,none,memgq_lattice,2478313b949e4a19fec5,0,1,1,0.24396193027496338,0.7560380697250366
PETS_CREDIT_low_eff_su2_r1_d6_b03__none,none,memgq_lattice,6803403d6e57131ab879,0,0,0,0.7394547462463379,0.2605452537536621
PETS_CREDIT_low_eff_su2_r1_d6_b03__none,none,memgq_lattice,5628f53706485c5a34f9,0,0,0,0.7961849570274353,0.20381507277488708
PETS_CREDIT_low_eff_su2_r1_d6_b03__none,none,memgq_lattice,e3aa42e9baae40909b2c,0,0,0,0.8120337724685669,0.1879662573337555
PETS_CREDIT_low_eff_su2_r1_d6_b03__none,none,memgq_lattice,50a0be37bf2f275bd4d6,0,0,0,0.7053800821304321,0.2946198880672455
PETS_CREDIT_low_eff_su2_r1_d6_b03__none,none,memgq_lattice,87b361e38d3a033e0147,0,0,0,0.7163429856300354,0.2836569845676422
PETS_CREDIT_low_eff_su2_r1_d6_b03__none,none,memgq_lattice,10adaa08b0205f280a31,0,1,0,0.7929191589355469,0.20708082616329193
PETS_CREDIT_low_eff_su2_r1_d6_b03__none,none,memgq_lattice,9d233cff809c5f6dd546,0,1,0,0.6957001090049744,0.30429989099502563
PETS_CREDIT_low_eff_su2_r1_d6_b03__none,none,memgq_lattice,baf60f731977893683c9,0,0,0,0.7446230053901672,0.25537699460983276
PETS_CREDIT_low_eff_su2_r1_d6_b03__none,none,memgq_lattice,91f87ca67e3c04007486,0,1,0,0.7863725423812866,0.21362744271755219
PETS_CREDIT_low_eff_su2_r1_d6_b03__none,none,memgq_lattice,8273cd051f4f3c543c72,0,0,0,0.7073571085929871,0.29264289140701294
PETS_CREDIT_low_eff_su2_r1_d6_b03__none,none,memgq_lattice,01c60ffe9b042bc05cfc,0,0,0,0.7600467205047607,0.23995332419872284
PETS_CREDIT_low_eff_su2_r1_d6_b03__none,none,memgq_lattice,da5f5efb7790004fff98,0,1,0,0.7805027365684509,0.21949726343154907
PETS_CREDIT_low_eff_su2_r1_d6_b03__none,none,memgq_lattice,d545cdd659f37acdba6c,0,1,0,0.8278335332870483,0.17216643691062927
PETS_CREDIT_low_eff_su2_r1_d6_b03__none,none,memgq_lattice,3e5959b02df8356effc1,0,0,0,0.8342685699462891,0.16573145985603333
PETS_CREDIT_low_eff_su2_r1_d6_b03__none,none,memgq_lattice,236eaf6e697017b75006,0,0,0,0.737472414970398,0.26252755522727966
PETS_CREDIT_low_eff_su2_r1_d6_b03__none,none,memgq_lattice,2ca770f234439727c33f,0,0,0,0.7838258147239685,0.2161741703748703
PETS_CREDIT_low_eff_su2_r1_d6_b03__none,none,memgq_lattice,9fe9252c0b576d892b50,0,0,0,0.6993586421012878,0.30064138770103455
PETS_CREDIT_low_eff_su2_r1_d6_b03__none,none,memgq_lattice,f22d9a5133c174dae56c,0,0,1,0.21054841578006744,0.7894515991210938
PETS_CREDIT_low_eff_su2_r1_d6_b03__none,none,memgq_lattice,02d132ee580866ee41a8,0,0,0,0.7719484567642212,0.22805151343345642
PETS_CREDIT_low_eff_su2_r1_d6_b03__none,none,memgq_lattice,323bc2b7ded81007c10b,0,0,0,0.7899826169013977,0.2100173681974411
PETS_CREDIT_low_eff_su2_r1_d6_b03__none,none,memgq_lattice,7eb02391460879bfe425,0,1,1,0.23361733555793762,0.7663826942443848
PETS_CREDIT_low_eff_su2_r1_d6_b03__none,none,memgq_lattice,8023a2850646517888f6,0,0,0,0.8054937124252319,0.19450630247592926
PETS_CREDIT_low_eff_su2_r1_d6_b03__none,none,memgq_lattice,c80e702330688e6c3640,0,0,0,0.8425557613372803,0.15744420886039734
PETS_CREDIT_low_eff_su2_r1_d6_b03__none,none,memgq_lattice,3e01576c4964ce1df77e,0,0,0,0.7452977299690247,0.25470227003097534
PETS_CREDIT_low_eff_su2_r1_d6_b03__none,none,memgq_lattice,d8bd80969a4223b1746d,0,0,0,0.7670177817344666,0.23298220336437225
PETS_CREDIT_low_eff_su2_r1_d6_b03__none,none,memgq_lattice,c98e7a188d21f2d4c7c5,0,0,1,0.21752813458442688,0.7824718356132507
PETS_CREDIT_low_eff_su2_r1_d6_b03__none,none,memgq_lattice,a53b6f24d57097d0166f,0,0,0,0.7225331664085388,0.2774668335914612
PETS_CREDIT_low_eff_su2_r1_d6_b03__none,none,memgq_lattice,8b702b29b3bba3c0c011,0,0,0,0.8392787575721741,0.16072122752666473
PETS_CREDIT_low_eff_su2_r1_d6_b03__none,none,memgq_lattice,5808218040029ad54abc,0,0,0,0.8432790040969849,0.15672104060649872
PETS_CREDIT_low_eff_su2_r1_d6_b03__none,none,memgq_lattice,2cdf0f49b2642481ca8f,0,1,0,0.7461404800415039,0.2538595199584961
PETS_CREDIT_low_eff_su2_r1_d6_b03__none,none,memgq_lattice,d8141fe3b07ab69c0481,0,0,0,0.8550103306770325,0.14498963952064514
PETS_CREDIT_low_eff_su2_r1_d6_b03__none,none,memgq_lattice,a2d2d92e2ba800faa946,0,1,1,0.21160458028316498,0.7883954644203186
PETS_CREDIT_low_eff_su2_r1_d6_b03__none,none,memgq_lattice,657f767276025ad88617,0,0,0,0.7041150331497192,0.2958849370479584
PETS_CREDIT_low_eff_su2_r1_d6_b03__none,none,memgq_lattice,21cc40e171d11484f55e,0,0,0,0.7643051743507385,0.2356947958469391
PETS_CREDIT_low_eff_su2_r1_d6_b03__none,none,memgq_lattice,68458c3065d2ff08346a,0,0,0,0.7594414949417114,0.2405584305524826
PETS_CREDIT_low_eff_su2_r1_d6_b03__none,none,memgq_lattice,b690772de8eb14084d30,0,1,0,0.7225331664085388,0.2774668335914612
PETS_CREDIT_low_eff_su2_r1_d6_b03__none,none,memgq_lattice,0f0ec6f2889f1d9d2876,0,0,0,0.85073322057724,0.1492668092250824
PETS_CREDIT_low_eff_su2_r1_d6_b03__none,none,memgq_lattice,18bbbff1da0a4760b6ff,0,0,0,0.697117030620575,0.30288296937942505
PETS_CREDIT_low_eff_su2_r1_d6_b03__none,none,memgq_lattice,5718ce19a4a1c640caac,0,0,0,0.7287726998329163,0.27122730016708374
PETS_CREDIT_low_eff_su2_r1_d6_b03__none,none,memgq_lattice,5c1eaee6580358b55afc,0,0,0,0.8248035311698914,0.17519646883010864
PETS_CREDIT_low_eff_su2_r1_d6_b03__none,none,memgq_lattice,0835edef9bf74dc85154,0,1,0,0.8482282757759094,0.15177170932292938
PETS_CREDIT_low_eff_su2_r1_d6_b03__none,none,memgq_lattice,05e7a2529d248075df48,0,0,0,0.8363934755325317,0.16360655426979065
PETS_CREDIT_low_eff_su2_r1_d6_b03__none,none,memgq_lattice,71f1648b8b8cb6d1277e,0,0,0,0.722730278968811,0.27726975083351135
PETS_CREDIT_low_eff_su2_r1_d6_b03__none,none,memgq_lattice,cb39c23acaa500033ed0,0,0,0,0.8514150381088257,0.1485849767923355
PETS_CREDIT_low_eff_su2_r1_d6_b03__none,none,memgq_lattice,c55786a9941cc04c9348,0,0,0,0.7360166311264038,0.2639833986759186
PETS_CREDIT_low_eff_su2_r1_d6_b03__none,none,memgq_lattice,cc92f2b4b36f95de3e7f,0,0,0,0.7600467205047607,0.23995332419872284
PETS_CREDIT_low_eff_su2_r1_d6_b03__none,none,memgq_lattice,4c3cfe1fe9e491bb9c0e,0,1,0,0.7838486433029175,0.2161513864994049
PETS_CREDIT_low_eff_su2_r1_d6_b03__none,none,memgq_lattice,fa91758004730bf9cef8,0,1,0,0.8356264233589172,0.16437356173992157
PETS_CREDIT_low_eff_su2_r1_d6_b03__none,none,memgq_lattice,b78fcdfd9fe43578fef1,0,0,0,0.7336761355400085,0.26632383465766907
PETS_CREDIT_low_eff_su2_r1_d6_b03__none,none,memgq_lattice,27103d15734219f0d343,0,0,0,0.7246450781822205,0.27535495162010193
PETS_CREDIT_low_eff_su2_r1_d6_b03__none,none,memgq_lattice,36f760028306a12bff25,0,0,0,0.8279392123222351,0.1720607876777649
PETS_CREDIT_low_eff_su2_r1_d6_b03__none,none,memgq_lattice_sticky,619b46d6086e6aad3d84,1,0,0,0.8304694294929504,0.16953054070472717
PETS_CREDIT_low_eff_su2_r1_d6_b03__none,none,memgq_lattice_sticky,5e48c11768cb070aefe6,1,0,0,0.8415542840957642,0.15844568610191345
PETS_CREDIT_low_eff_su2_r1_d6_b03__none,none,memgq_lattice_sticky,7105743f10682ac4a1cc,1,0,0,0.7771750092506409,0.22282497584819794
PETS_CREDIT_low_eff_su2_r1_d6_b03__none,none,memgq_lattice_sticky,272c38b1ecd099be7890,1,0,0,0.814853847026825,0.18514615297317505
PETS_CREDIT_low_eff_su2_r1_d6_b03__none,none,memgq_lattice_sticky,6f47824d3363865de61a,1,0,0,0.7813712954521179,0.21862871944904327
PETS_CREDIT_low_eff_su2_r1_d6_b03__none,none,memgq_lattice_sticky,b0f47ae4b56b3aa4d111,1,1,1,0.3015802502632141,0.6984197497367859
PETS_CREDIT_low_eff_su2_r1_d6_b03__none,none,memgq_lattice_sticky,f073d35785cf76f1409c,1,0,0,0.8309171199798584,0.1690828800201416
PETS_CREDIT_low_eff_su2_r1_d6_b03__none,none,memgq_lattice_sticky,01e7168ae2a624ff9916,1,1,1,0.15008792281150818,0.8499121069908142
PETS_CREDIT_low_eff_su2_r1_d6_b03__none,none,memgq_lattice_sticky,1c7eb9e50fc08e5f8cf0,1,1,0,0.7838655710220337,0.2161344736814499
PETS_CREDIT_low_eff_su2_r1_d6_b03__none,none,memgq_lattice_sticky,8f95586c1c6fb3f2a750,1,0,0,0.7920311689376831,0.2079688161611557
PETS_CREDIT_low_eff_su2_r1_d6_b03__none,none,memgq_lattice_sticky,2c2eb339de59d2b86f66,1,0,0,0.7420899868011475,0.25791001319885254
PETS_CREDIT_low_eff_su2_r1_d6_b03__none,none,memgq_lattice_sticky,ab00e756b29c98fd6674,1,0,0,0.8486848473548889,0.1513151377439499
PETS_CREDIT_low_eff_su2_r1_d6_b03__none,none,memgq_lattice_sticky,70d271c728323ea28d90,1,0,0,0.8072468638420105,0.1927531659603119
PETS_CREDIT_low_eff_su2_r1_d6_b03__none,none,memgq_lattice_sticky,69ef03b5c6f4f7ecef33,1,0,0,0.7895172238349915,0.21048280596733093
PETS_CREDIT_low_eff_su2_r1_d6_b03__none,none,memgq_lattice_sticky,eb849709f12c60edd50b,1,0,0,0.8371996879577637,0.16280028223991394
PETS_CREDIT_low_eff_su2_r1_d6_b03__none,none,memgq_lattice_sticky,ab97fae957e08270ffce,1,1,0,0.8432513475418091,0.1567486822605133
PETS_CREDIT_low_eff_su2_r1_d6_b03__none,none,memgq_lattice_sticky,e07f107ec2deef516f4f,1,0,0,0.7295545935630798,0.27044543623924255
PETS_CREDIT_low_eff_su2_r1_d6_b03__none,none,memgq_lattice_sticky,88b1c0733571d25bdfa5,1,0,0,0.7822923064231873,0.21770769357681274
PETS_CREDIT_low_eff_su2_r1_d6_b03__none,none,memgq_lattice_sticky,b84ff32b3c14263b0dd5,1,0,0,0.8340029716491699,0.1659969985485077
PETS_CREDIT_low_eff_su2_r1_d6_b03__none,none,memgq_lattice_sticky,9fc5fbe55717fe6862a4,1,1,0,0.8166119456291199,0.18338805437088013
PETS_CREDIT_low_eff_su2_r1_d6_b03__none,none,memgq_lattice_sticky,9eb158e3cbe5bc901e26,1,0,0,0.7233524322509766,0.2766475975513458
PETS_CREDIT_low_eff_su2_r1_d6_b03__none,none,memgq_lattice_sticky,09c28941e61886717e09,1,0,0,0.7761175036430359,0.2238825261592865
PETS_CREDIT_low_eff_su2_r1_d6_b03__none,none,memgq_lattice_sticky,196d92dfff0523a23237,1,0,0,0.6978278756141663,0.30217215418815613
PETS_CREDIT_low_eff_su2_r1_d6_b03__none,none,memgq_lattice_sticky,0ffd3e39286157b02ad4,1,0,0,0.7896684408187866,0.21033155918121338
PETS_CREDIT_low_eff_su2_r1_d6_b03__none,none,memgq_lattice_sticky,25bed8f88a506c4cc366,1,0,0,0.793945848941803,0.20605412125587463
PETS_CREDIT_low_eff_su2_r1_d6_b03__none,none,memgq_lattice_sticky,a62d80fa1349c54517ce,1,0,0,0.7091786861419678,0.2908213436603546
PETS_CREDIT_low_eff_su2_r1_d6_b03__none,none,memgq_lattice_sticky,08a6c27fcb32f81ff375,1,0,0,0.7751635313034058,0.22483649849891663
PETS_CREDIT_low_eff_su2_r1_d6_b03__none,none,memgq_lattice_sticky,26f8e0268dd95cba45fd,1,0,0,0.7613749504089355,0.23862504959106445
PETS_CREDIT_low_eff_su2_r1_d6_b03__none,none,memgq_lattice_sticky,f332cc500c7a62b19024,1,0,0,0.730735719203949,0.2692643105983734
PETS_CREDIT_low_eff_su2_r1_d6_b03__none,none,memgq_lattice_sticky,bfa7b1aca5d187760a16,1,0,0,0.7603524923324585,0.2396474927663803
PETS_CREDIT_low_eff_su2_r1_d6_b03__none,none,memgq_lattice_sticky,d1d396dc69ac0aeade66,1,0,0,0.6882256269454956,0.3117744028568268
PETS_CREDIT_low_eff_su2_r1_d6_b03__none,none,memgq_lattice_sticky,092efc45ab978715a8fa,1,0,0,0.8252995610237122,0.17470048367977142
PETS_CREDIT_low_eff_su2_r1_d6_b03__none,none,memgq_lattice_sticky,d8e3c3c718aea110b2d9,1,1,1,0.19763422012329102,0.802365779876709
PETS_CREDIT_low_eff_su2_r1_d6_b03__none,none,memgq_lattice_sticky,2c3058336909d855b1f0,1,0,0,0.6938892006874084,0.30611085891723633
PETS_CREDIT_low_eff_su2_r1_d6_b03__none,none,memgq_lattice_sticky,006df97946d214e0111f,1,1,0,0.7449432015419006,0.25505679845809937
PETS_CREDIT_low_eff_su2_r1_d6_b03__none,none,memgq_lattice_sticky,4b8fbfef25d81e60d4a6,1,0,0,0.8499695658683777,0.15003041923046112
PETS_CREDIT_low_eff_su2_r1_d6_b03__none,none,memgq_lattice_sticky,5cb75d859aa2d3df94b0,1,0,0,0.7883186936378479,0.2116812765598297
PETS_CREDIT_low_eff_su2_r1_d6_b03__none,none,memgq_lattice_sticky,82d40bd4122f5c76cdfb,1,0,0,0.8504934310913086,0.1495065838098526
PETS_CREDIT_low_eff_su2_r1_d6_b03__none,none,memgq_lattice_sticky,f05df67fe5ac7ed38643,1,1,1,0.1797896772623062,0.820210337638855
PETS_CREDIT_low_eff_su2_r1_d6_b03__none,none,memgq_lattice_sticky,0772d1e68bccea98e68f,1,0,0,0.7271585464477539,0.2728414833545685
PETS_CREDIT_low_eff_su2_r1_d6_b03__none,none,memgq_lattice_sticky,a1b01a469dc7802f51d3,1,0,0,0.700831413269043,0.29916858673095703
PETS_CREDIT_low_eff_su2_r1_d6_b03__none,none,memgq_lattice_sticky,108acbd92e651db6ac49,1,1,1,0.1898277848958969,0.8101722002029419
PETS_CREDIT_low_eff_su2_r1_d6_b03__none,none,memgq_lattice_sticky,c75c31af2389cc3a594f,1,0,1,0.23499253392219543,0.765007495880127
PETS_CREDIT_low_eff_su2_r1_d6_b03__none,none,memgq_lattice_sticky,2379dd478643b9cc0bc1,1,0,0,0.7545948624610901,0.2454051524400711
PETS_CREDIT_low_eff_su2_r1_d6_b03__none,none,memgq_lattice_sticky,7673e8a0f0b037cc51e5,1,0,0,0.6963081359863281,0.3036918342113495
PETS_CREDIT_low_eff_su2_r1_d6_b03__none,none,memgq_lattice_sticky,7c7fe88dcec806be29da,1,0,0,0.7750362753868103,0.22496376931667328
PETS_CREDIT_low_eff_su2_r1_d6_b03__none,none,memgq_lattice_sticky,07d4d260e30d7cf5b71f,1,0,0,0.6854920983314514,0.31450796127319336
PETS_CREDIT_low_eff_su2_r1_d6_b03__none,none,memgq_lattice_sticky,d75c3e52dbcaf5a5ec2a,1,0,0,0.8476645350456238,0.15233546495437622
PETS_CREDIT_low_eff_su2_r1_d6_b03__none,none,memgq_lattice_sticky,d2c3d34fb102babfa194,1,1,0,0.8218843936920166,0.17811565101146698
PETS_CREDIT_low_eff_su2_r1_d6_b03__none,none,memgq_lattice_sticky,92516ca36411fad7d9c9,1,0,0,0.7897212505340576,0.21027871966362
PETS_CREDIT_low_eff_su2_r1_d6_b03__none,none,memgq_lattice_sticky,1dd9f8371cdcaa1758b3,1,0,0,0.8016457557678223,0.19835427403450012
PETS_CREDIT_low_eff_su2_r1_d6_b03__none,none,memgq_lattice_sticky,8fe0ac3103b5acc00cdc,1,0,0,0.8122231960296631,0.18777672946453094
PETS_CREDIT_low_eff_su2_r1_d6_b03__none,none,memgq_lattice_sticky,c3a59fc71e20658f6341,1,0,0,0.8416446447372437,0.15835537016391754
PETS_CREDIT_low_eff_su2_r1_d6_b03__none,none,memgq_lattice_sticky,434123980ae7f6c38b02,1,0,0,0.7814804315567017,0.21851955354213715
PETS_CREDIT_low_eff_su2_r1_d6_b03__none,none,memgq_lattice_sticky,6bf07a3ff23f9e3249c5,1,1,0,0.7830883264541626,0.21691171824932098
PETS_CREDIT_low_eff_su2_r1_d6_b03__none,none,memgq_lattice_sticky,e030c0aa4ae0f1011f2f,1,1,1,0.21799060702323914,0.7820094227790833
PETS_CREDIT_low_eff_su2_r1_d6_b03__none,none,memgq_lattice_sticky,8120fa8a41158dba642d,1,0,0,0.7078755497932434,0.292124480009079
PETS_CREDIT_low_eff_su2_r1_d6_b03__none,none,memgq_lattice_sticky,66fa33821884d4568b02,1,1,0,0.7602207064628601,0.23977932333946228
PETS_CREDIT_low_eff_su2_r1_d6_b03__none,none,memgq_lattice_sticky,ae1704e8283a10912765,1,0,0,0.8186569809913635,0.18134303390979767
PETS_CREDIT_low_eff_su2_r1_d6_b03__none,none,memgq_lattice_sticky,72bf8a475d5aa5538cd3,1,0,0,0.7631992101669312,0.23680083453655243
PETS_CREDIT_low_eff_su2_r1_d6_b03__none,none,memgq_lattice_sticky,c4b2c9357254e51af6a9,1,1,0,0.7954750061035156,0.20452499389648438
PETS_CREDIT_low_eff_su2_r1_d6_b03__none,none,memgq_lattice_sticky,4def6ca8e27be84aeb54,1,1,0,0.6864669322967529,0.31353309750556946
PETS_CREDIT_low_eff_su2_r1_d6_b03__none,none,memgq_lattice_sticky,a5b1091e7ec67f7a06ed,1,0,0,0.7594699859619141,0.24052999913692474
PETS_CREDIT_low_eff_su2_r1_d6_b03__none,none,memgq_lattice_sticky,daf2c33eb0f2b7518584,1,0,0,0.7296414375305176,0.2703585922718048
PETS_CREDIT_low_eff_su2_r1_d6_b03__none,none,memgq_lattice_sticky,6e144bf85d42e3ac6fae,1,0,0,0.7163429856300354,0.2836569845676422
PETS_CREDIT_low_eff_su2_r1_d6_b03__none,none,memgq_lattice_sticky,f97851146238bb9a3754,1,0,0,0.7788912653923035,0.22110873460769653
PETS_CREDIT_low_eff_su2_r1_d6_b03__none,none,memgq_lattice_sticky,5d21e75cb6066696e6e2,1,0,0,0.8481297492980957,0.1518702656030655
PETS_CREDIT_low_eff_su2_r1_d6_b03__none,none,memgq_lattice_sticky,4aa64c627cb9b82d7f42,1,0,0,0.7279587984085083,0.2720412313938141
PETS_CREDIT_low_eff_su2_r1_d6_b03__none,none,memgq_lattice_sticky,c50e57ca37a497df3a13,1,0,0,0.7560114860534668,0.2439885139465332
PETS_CREDIT_low_eff_su2_r1_d6_b03__none,none,memgq_lattice_sticky,c0daa10532a8487ca803,1,1,1,0.2506726384162903,0.7493273615837097
PETS_CREDIT_low_eff_su2_r1_d6_b03__none,none,memgq_lattice_sticky,00405a37dd709b2d51a8,1,0,0,0.7313891649246216,0.2686108350753784
PETS_CREDIT_low_eff_su2_r1_d6_b03__none,none,memgq_lattice_sticky,5f9c02f5ec03a28e4f53,1,0,0,0.6957001090049744,0.30429989099502563
PETS_CREDIT_low_eff_su2_r1_d6_b03__none,none,memgq_lattice_sticky,ac5f40db5db91c18a83b,1,0,0,0.8223046660423279,0.1776953637599945
PETS_CREDIT_low_eff_su2_r1_d6_b03__none,none,memgq_lattice_sticky,5584930e99aa4007d628,1,0,0,0.6862501502037048,0.31374984979629517
PETS_CREDIT_low_eff_su2_r1_d6_b03__none,none,memgq_lattice_sticky,0674ce029ebb21d32e38,1,0,0,0.8032048344612122,0.19679518043994904
PETS_CREDIT_low_eff_su2_r1_d6_b03__none,none,memgq_lattice_sticky,6c0e663b6848864dc914,1,0,0,0.8331205248832703,0.16687949001789093
PETS_CREDIT_low_eff_su2_r1_d6_b03__none,none,memgq_lattice_sticky,7ce1135db7560daf7e70,1,0,0,0.7265966534614563,0.2734033167362213
PETS_CREDIT_low_eff_su2_r1_d6_b03__none,none,memgq_lattice_sticky,70e46e61db439dd8e308,1,0,0,0.8133261203765869,0.18667387962341309
PETS_CREDIT_low_eff_su2_r1_d6_b03__none,none,memgq_lattice_sticky,aaca4c9adb936209ae4f,1,1,1,0.2633974850177765,0.7366025447845459
PETS_CREDIT_low_eff_su2_r1_d6_b03__none,none,memgq_lattice_sticky,3ac7ac4bc65a6ffec899,1,0,0,0.8184107542037964,0.18158923089504242
PETS_CREDIT_low_eff_su2_r1_d6_b03__none,none,memgq_lattice_sticky,c536d8f2ff559c7756e7,1,1,0,0.6910013556480408,0.30899861454963684
PETS_CREDIT_low_eff_su2_r1_d6_b03__none,none,memgq_lattice_sticky,16e3ff8c6f696f231824,1,0,0,0.822636604309082,0.17736336588859558
PETS_CREDIT_low_eff_su2_r1_d6_b03__none,none,memgq_lattice_sticky,dba69027df0122535f19,1,0,0,0.8252995610237122,0.17470048367977142
PETS_CREDIT_low_eff_su2_r1_d6_b03__none,none,memgq_lattice_sticky,973b363916938dbaaf31,1,0,0,0.759577214717865,0.24042284488677979
PETS_CREDIT_low_eff_su2_r1_d6_b03__none,none,memgq_lattice_sticky,6ea2a519a69c09016323,1,1,1,0.2149793654680252,0.785020649433136
PETS_CREDIT_low_eff_su2_r1_d6_b03__none,none,memgq_lattice_sticky,26b6a5da65cdaeb8e184,1,0,0,0.7534244656562805,0.24657553434371948
PETS_CREDIT_low_eff_su2_r1_d6_b03__none,none,memgq_lattice_sticky,c053f623dd8f2bfb7915,1,0,0,0.7423062324523926,0.25769373774528503
PETS_CREDIT_low_eff_su2_r1_d6_b03__none,none,memgq_lattice_sticky,0a09121dee0e5db09dfe,1,0,0,0.8092602491378784,0.19073975086212158
PETS_CREDIT_low_eff_su2_r1_d6_b03__none,none,memgq_lattice_sticky,22730a71b34176a3ba37,1,0,0,0.731684148311615,0.268315851688385
PETS_CREDIT_low_eff_su2_r1_d6_b03__none,none,memgq_lattice_sticky,6af56a8b2e15acc1e086,1,1,0,0.7824869751930237,0.21751302480697632
PETS_CREDIT_low_eff_su2_r1_d6_b03__none,none,memgq_lattice_sticky,a6dfd0dc4ba32e6c00e6,1,0,0,0.7424885630607605,0.2575114369392395
PETS_CREDIT_low_eff_su2_r1_d6_b03__none,none,memgq_lattice_sticky,a5628044ec0880a52490,1,0,0,0.7190949320793152,0.2809050381183624
PETS_CREDIT_low_eff_su2_r1_d6_b03__none,none,memgq_lattice_sticky,4cfea97c73e6dbfbc698,1,0,0,0.7236839532852173,0.2763160467147827
PETS_CREDIT_low_eff_su2_r1_d6_b03__none,none,memgq_lattice_sticky,32babcc385bd70eddb90,1,0,0,0.7098196744918823,0.29018035531044006
PETS_CREDIT_low_eff_su2_r1_d6_b03__none,none,memgq_lattice_sticky,6093ce809aa33ce6693b,1,0,0,0.7806958556175232,0.21930420398712158
PETS_CREDIT_low_eff_su2_r1_d6_b03__none,none,memgq_lattice_sticky,78edbc6916b12b570866,1,1,0,0.8147983551025391,0.1852017045021057
PETS_CREDIT_low_eff_su2_r1_d6_b03__none,none,memgq_lattice_sticky,14865093b1485a5c3a41,1,1,0,0.7422781586647034,0.257721871137619
PETS_CREDIT_low_eff_su2_r1_d6_b03__none,none,memgq_lattice_sticky,46dbe6ca2f4531385a05,1,0,0,0.8461745381355286,0.15382549166679382
PETS_CREDIT_low_eff_su2_r1_d6_b03__none,none,memgq_lattice_sticky,c9e5785745f04cec0d37,1,0,0,0.8085237741470337,0.1914762258529663
PETS_CREDIT_low_eff_su2_r1_d6_b03__none,none,memgq_lattice_sticky,1313972ddf1c6e9eb2c9,1,0,0,0.7247532606124878,0.2752467393875122
PETS_CREDIT_low_eff_su2_r1_d6_b03__none,none,memgq_lattice_sticky,42e9f06773aa97fa92d4,0,0,0,0.8278335332870483,0.17216643691062927
PETS_CREDIT_low_eff_su2_r1_d6_b03__none,none,memgq_lattice_sticky,7bfb843a13cff05233ad,0,0,0,0.7191532254219055,0.2808467745780945
PETS_CREDIT_low_eff_su2_r1_d6_b03__none,none,memgq_lattice_sticky,2218e6bd75832a43d007,0,0,0,0.8133261203765869,0.18667387962341309
PETS_CREDIT_low_eff_su2_r1_d6_b03__none,none,memgq_lattice_sticky,9bfd22e983b09efc4239,0,0,0,0.8468965888023376,0.15310338139533997
PETS_CREDIT_low_eff_su2_r1_d6_b03__none,none,memgq_lattice_sticky,34bfadccd6d7f30d94a1,0,0,0,0.8078024983406067,0.1921975165605545
PETS_CREDIT_low_eff_su2_r1_d6_b03__none,none,memgq_lattice_sticky,5f861fea617a3ee7da16,0,1,0,0.7187248468399048,0.2812751829624176
PETS_CREDIT_low_eff_su2_r1_d6_b03__none,none,memgq_lattice_sticky,3b2a390113c4d06485dc,0,0,0,0.7787972092628479,0.2212028056383133
PETS_CREDIT_low_eff_su2_r1_d6_b03__none,none,memgq_lattice_sticky,f1d5fbea8d8fc197f689,0,1,0,0.8502790927886963,0.14972089231014252
PETS_CREDIT_low_eff_su2_r1_d6_b03__none,none,memgq_lattice_sticky,a55e7f353f00168e8f2a,0,1,0,0.8165656328201294,0.1834343820810318
PETS_CREDIT_low_eff_su2_r1_d6_b03__none,none,memgq_lattice_sticky,7b2b85015deb930a73bd,0,0,1,0.19953593611717224,0.8004640936851501
PETS_CREDIT_low_eff_su2_r1_d6_b03__none,none,memgq_lattice_sticky,7990ceff4d0c77eeca8b,0,0,0,0.6893132328987122,0.31068676710128784
PETS_CREDIT_low_eff_su2_r1_d6_b03__none,none,memgq_lattice_sticky,4194c2831bd65263a55f,0,0,0,0.7999857068061829,0.20001429319381714
PETS_CREDIT_low_eff_su2_r1_d6_b03__none,none,memgq_lattice_sticky,89b5beeaae443f174906,0,0,0,0.7212138175964355,0.27878618240356445
PETS_CREDIT_low_eff_su2_r1_d6_b03__none,none,memgq_lattice_sticky,c9b90a5a5aabbbda656e,0,0,0,0.8041356801986694,0.19586434960365295
PETS_CREDIT_low_eff_su2_r1_d6_b03__none,none,memgq_lattice_sticky,45e249d80792feb4d2d2,0,0,0,0.8045300245285034,0.19547000527381897
PETS_CREDIT_low_eff_su2_r1_d6_b03__none,none,memgq_lattice_sticky,ac4bb9f68cc026f7ef87,0,1,0,0.8406471014022827,0.1593528836965561
PETS_CREDIT_low_eff_su2_r1_d6_b03__none,none,memgq_lattice_sticky,2f4ee8e91be4e65736a4,0,0,0,0.8160496354103088,0.18395036458969116
PETS_CREDIT_low_eff_su2_r1_d6_b03__none,none,memgq_lattice_sticky,48db4133c9bf431ebe79,0,0,1,0.25061899423599243,0.7493810057640076
PETS_CREDIT_low_eff_su2_r1_d6_b03__none,none,memgq_lattice_sticky,25773551baf095668618,0,0,0,0.826340913772583,0.1736590713262558
PETS_CREDIT_low_eff_su2_r1_d6_b03__none,none,memgq_lattice_sticky,a5648815fec59cd1c995,0,1,0,0.7708804607391357,0.22911956906318665
PETS_CREDIT_low_eff_su2_r1_d6_b03__none,none,memgq_lattice_sticky,d5e3f577c74cd5bde9ef,0,0,1,0.2781184911727905,0.7218815088272095
PETS_CREDIT_low_eff_su2_r1_d6_b03__none,none,memgq_lattice_sticky,90aa3dc827baf03a0b7f,0,0,0,0.7090663313865662,0.29093363881111145
PETS_CREDIT_low_eff_su2_r1_d6_b03__none,none,memgq_lattice_sticky,a4ed03b502889d9468c9,0,0,0,0.8553341031074524,0.1446659117937088
PETS_CREDIT_low_eff_su2_r1_d6_b03__none,none,memgq_lattice_sticky,72382fc3b364c3c36162,0,0,0,0.721618115901947,0.2783818542957306
PETS_CREDIT_low_eff_su2_r1_d6_b03__none,none,memgq_lattice_sticky,9214bdad11cf5b0f5788,0,0,0,0.8009606003761292,0.19903938472270966
PETS_CREDIT_low_eff_su2_r1_d6_b03__none,none,memgq_lattice_sticky,b224dfc19404bbda9ee4,0,0,0,0.7345849871635437,0.2654150426387787
PETS_CREDIT_low_eff_su2_r1_d6_b03__none,none,memgq_lattice_sticky,150e2fdbb7bdebe9ab21,0,0,0,0.695634663105011,0.3043653964996338
PETS_CREDIT_low_eff_su2_r1_d6_b03__none,none,memgq_lattice_sticky,e81e235b5be50fce8ed4,0,0,0,0.793115496635437,0.2068844884634018
PETS_CREDIT_low_eff_su2_r1_d6_b03__none,none,memgq_lattice_sticky,a6f8faff37efe9eca5fe,0,0,0,0.7949278354644775,0.20507213473320007
PETS_CREDIT_low_eff_su2_r1_d6_b03__none,none,memgq_lattice_sticky,444967b541f184305a6c,0,0,0,0.7547202706336975,0.2452797144651413
PETS_CREDIT_low_eff_su2_r1_d6_b03__none,none,memgq_lattice_sticky,b3648943abce0512f994,0,0,0,0.6926316618919373,0.30736833810806274
PETS_CREDIT_low_eff_su2_r1_d6_b03__none,none,memgq_lattice_sticky,f55dd0075c038f761436,0,0,0,0.8011883497238159,0.1988116204738617
PETS_CREDIT_low_eff_su2_r1_d6_b03__none,none,memgq_lattice_sticky,19eaeaae64289dba8ce8,0,1,0,0.7696439623832703,0.23035606741905212
PETS_CREDIT_low_eff_su2_r1_d6_b03__none,none,memgq_lattice_sticky,9af74acc6cc7a48f4fd9,0,0,0,0.7049220204353333,0.29507794976234436
PETS_CREDIT_low_eff_su2_r1_d6_b03__none,none,memgq_lattice_sticky,e26cf49baf1a8f2a6289,0,1,0,0.8324571251869202,0.16754290461540222
PETS_CREDIT_low_eff_su2_r1_d6_b03__none,none,memgq_lattice_sticky,4010d1d0fc60044b7e83,0,0,0,0.8539484739303589,0.1460515707731247
PETS_CREDIT_low_eff_su2_r1_d6_b03__none,none,memgq_lattice_sticky,6146ee4e50398bd2590b,0,0,0,0.7618827819824219,0.23811720311641693
PETS_CREDIT_low_eff_su2_r1_d6_b03__none,none,memgq_lattice_sticky,17405c31370c8de7f8b8,0,0,0,0.7821734547615051,0.21782654523849487
PETS_CREDIT_low_eff_su2_r1_d6_b03__none,none,memgq_lattice_sticky,471df40f4bdddddc09ec,0,1,0,0.710400402545929,0.28959959745407104
PETS_CREDIT_low_eff_su2_r1_d6_b03__none,none,memgq_lattice_sticky,b38c56a4fffe98b7efc8,0,0,0,0.7562928199768066,0.24370719492435455
PETS_CREDIT_low_eff_su2_r1_d6_b03__none,none,memgq_lattice_sticky,69c16449e008d39bb994,0,0,0,0.7100263833999634,0.2899736166000366
PETS_CREDIT_low_eff_su2_r1_d6_b03__none,none,memgq_lattice_sticky,0748c8ca29b369b66e6f,0,1,0,0.772541880607605,0.22745810449123383
PETS_CREDIT_low_eff_su2_r1_d6_b03__none,none,memgq_lattice_sticky,da3092a0e04488fc3d83,0,0,0,0.7695779204368591,0.23042210936546326
PETS_CREDIT_low_eff_su2_r1_d6_b03__none,none,memgq_lattice_sticky,74cb3d94d7d3fcb0963b,0,0,0,0.8251258134841919,0.1748741865158081
PETS_CREDIT_low_eff_su2_r1_d6_b03__none,none,memgq_lattice_sticky,3c4479d085b1b0ae10d8,0,0,1,0.24205249547958374,0.7579475045204163
PETS_CREDIT_low_eff_su2_r1_d6_b03__none,none,memgq_lattice_sticky,5960e131d3cbd3ac2bd9,0,0,0,0.8244820833206177,0.17551790177822113
PETS_CREDIT_low_eff_su2_r1_d6_b03__none,none,memgq_lattice_sticky,3122b20f9c469ddb4810,0,0,0,0.8100427389144897,0.18995730578899384
PETS_CREDIT_low_eff_su2_r1_d6_b03__none,none,memgq_lattice_sticky,5f5253b7ee72fa683082,0,0,0,0.8042564392089844,0.19574354588985443
PETS_CREDIT_low_eff_su2_r1_d6_b03__none,none,memgq_lattice_sticky,2478313b949e4a19fec5,0,1,1,0.25125664472579956,0.7487433552742004
PETS_CREDIT_low_eff_su2_r1_d6_b03__none,none,memgq_lattice_sticky,6803403d6e57131ab879,0,0,0,0.7394547462463379,0.2605452537536621
PETS_CREDIT_low_eff_su2_r1_d6_b03__none,none,memgq_lattice_sticky,5628f53706485c5a34f9,0,0,0,0.7961849570274353,0.20381507277488708
PETS_CREDIT_low_eff_su2_r1_d6_b03__none,none,memgq_lattice_sticky,e3aa42e9baae40909b2c,0,0,0,0.8194361329078674,0.18056388199329376
PETS_CREDIT_low_eff_su2_r1_d6_b03__none,none,memgq_lattice_sticky,50a0be37bf2f275bd4d6,0,0,0,0.7053800821304321,0.2946198880672455
PETS_CREDIT_low_eff_su2_r1_d6_b03__none,none,memgq_lattice_sticky,87b361e38d3a033e0147,0,0,0,0.7163429856300354,0.2836569845676422
PETS_CREDIT_low_eff_su2_r1_d6_b03__none,none,memgq_lattice_sticky,10adaa08b0205f280a31,0,1,0,0.7929191589355469,0.20708082616329193
PETS_CREDIT_low_eff_su2_r1_d6_b03__none,none,memgq_lattice_sticky,9d233cff809c5f6dd546,0,1,0,0.7053800821304321,0.2946198880672455
PETS_CREDIT_low_eff_su2_r1_d6_b03__none,none,memgq_lattice_sticky,baf60f731977893683c9,0,0,0,0.7446230053901672,0.25537699460983276
PETS_CREDIT_low_eff_su2_r1_d6_b03__none,none,memgq_lattice_sticky,91f87ca67e3c04007486,0,1,0,0.7863725423812866,0.21362744271755219
PETS_CREDIT_low_eff_su2_r1_d6_b03__none,none,memgq_lattice_sticky,8273cd051f4f3c543c72,0,0,0,0.7073571085929871,0.29264289140701294
PETS_CREDIT_low_eff_su2_r1_d6_b03__none,none,memgq_lattice_sticky,01c60ffe9b042bc05cfc,0,0,0,0.7600467205047607,0.23995332419872284
PETS_CREDIT_low_eff_su2_r1_d6_b03__none,none,memgq_lattice_sticky,da5f5efb7790004fff98,0,1,0,0.7888239622116089,0.2111760377883911
PETS_CREDIT_low_eff_su2_r1_d6_b03__none,none,memgq_lattice_sticky,d545cdd659f37acdba6c,0,1,0,0.8278335332870483,0.17216643691062927
PETS_CREDIT_low_eff_su2_r1_d6_b03__none,none,memgq_lattice_sticky,3e5959b02df8356effc1,0,0,0,0.8342685699462891,0.16573145985603333
PETS_CREDIT_low_eff_su2_r1_d6_b03__none,none,memgq_lattice_sticky,236eaf6e697017b75006,0,0,0,0.737472414970398,0.26252755522727966
PETS_CREDIT_low_eff_su2_r1_d6_b03__none,none,memgq_lattice_sticky,2ca770f234439727c33f,0,0,0,0.7838258147239685,0.2161741703748703
PETS_CREDIT_low_eff_su2_r1_d6_b03__none,none,memgq_lattice_sticky,9fe9252c0b576d892b50,0,0,0,0.8544963002204895,0.1455037146806717
PETS_CREDIT_low_eff_su2_r1_d6_b03__none,none,memgq_lattice_sticky,f22d9a5133c174dae56c,0,0,1,0.21054841578006744,0.7894515991210938
PETS_CREDIT_low_eff_su2_r1_d6_b03__none,none,memgq_lattice_sticky,02d132ee580866ee41a8,0,0,0,0.7719484567642212,0.22805151343345642
PETS_CREDIT_low_eff_su2_r1_d6_b03__none,none,memgq_lattice_sticky,323bc2b7ded81007c10b,0,0,0,0.7899826169013977,0.2100173681974411
PETS_CREDIT_low_eff_su2_r1_d6_b03__none,none,memgq_lattice_sticky,7eb02391460879bfe425,0,1,1,0.23361733555793762,0.7663826942443848
PETS_CREDIT_low_eff_su2_r1_d6_b03__none,none,memgq_lattice_sticky,8023a2850646517888f6,0,0,0,0.8054937124252319,0.19450630247592926
PETS_CREDIT_low_eff_su2_r1_d6_b03__none,none,memgq_lattice_sticky,c80e702330688e6c3640,0,0,0,0.8425557613372803,0.15744420886039734
PETS_CREDIT_low_eff_su2_r1_d6_b03__none,none,memgq_lattice_sticky,3e01576c4964ce1df77e,0,0,0,0.7310136556625366,0.2689863443374634
PETS_CREDIT_low_eff_su2_r1_d6_b03__none,none,memgq_lattice_sticky,d8bd80969a4223b1746d,0,0,0,0.7670177817344666,0.23298220336437225
PETS_CREDIT_low_eff_su2_r1_d6_b03__none,none,memgq_lattice_sticky,c98e7a188d21f2d4c7c5,0,0,1,0.20396223664283752,0.7960377931594849
PETS_CREDIT_low_eff_su2_r1_d6_b03__none,none,memgq_lattice_sticky,a53b6f24d57097d0166f,0,0,0,0.7225331664085388,0.2774668335914612
PETS_CREDIT_low_eff_su2_r1_d6_b03__none,none,memgq_lattice_sticky,8b702b29b3bba3c0c011,0,0,0,0.8392787575721741,0.16072122752666473
PETS_CREDIT_low_eff_su2_r1_d6_b03__none,none,memgq_lattice_sticky,5808218040029ad54abc,0,0,0,0.8332604765892029,0.16673950850963593
PETS_CREDIT_low_eff_su2_r1_d6_b03__none,none,memgq_lattice_sticky,2cdf0f49b2642481ca8f,0,1,0,0.7461404800415039,0.2538595199584961
PETS_CREDIT_low_eff_su2_r1_d6_b03__none,none,memgq_lattice_sticky,d8141fe3b07ab69c0481,0,0,0,0.7047181725502014,0.29528185725212097
PETS_CREDIT_low_eff_su2_r1_d6_b03__none,none,memgq_lattice_sticky,a2d2d92e2ba800faa946,0,1,1,0.22618553042411804,0.7738144397735596
PETS_CREDIT_low_eff_su2_r1_d6_b03__none,none,memgq_lattice_sticky,657f767276025ad88617,0,0,0,0.7136375308036804,0.28636249899864197
PETS_CREDIT_low_eff_su2_r1_d6_b03__none,none,memgq_lattice_sticky,21cc40e171d11484f55e,0,0,0,0.750730574131012,0.24926944077014923
PETS_CREDIT_low_eff_su2_r1_d6_b03__none,none,memgq_lattice_sticky,68458c3065d2ff08346a,0,0,0,0.7594414949417114,0.2405584305524826
PETS_CREDIT_low_eff_su2_r1_d6_b03__none,none,memgq_lattice_sticky,b690772de8eb14084d30,0,1,0,0.7074735164642334,0.2925264537334442
PETS_CREDIT_low_eff_su2_r1_d6_b03__none,none,memgq_lattice_sticky,0f0ec6f2889f1d9d2876,0,0,0,0.85073322057724,0.1492668092250824
PETS_CREDIT_low_eff_su2_r1_d6_b03__none,none,memgq_lattice_sticky,18bbbff1da0a4760b6ff,0,0,0,0.6879032254219055,0.31209680438041687
PETS_CREDIT_low_eff_su2_r1_d6_b03__none,none,memgq_lattice_sticky,5718ce19a4a1c640caac,0,0,0,0.712349534034729,0.287650465965271
PETS_CREDIT_low_eff_su2_r1_d6_b03__none,none,memgq_lattice_sticky,5c1eaee6580358b55afc,0,0,0,0.8180351257324219,0.1819649040699005
PETS_CREDIT_low_eff_su2_r1_d6_b03__none,none,memgq_lattice_sticky,0835edef9bf74dc85154,0,1,0,0.7016875743865967,0.2983124256134033
PETS_CREDIT_low_eff_su2_r1_d6_b03__none,none,memgq_lattice_sticky,05e7a2529d248075df48,0,0,0,0.8299804925918579,0.1700195074081421
PETS_CREDIT_low_eff_su2_r1_d6_b03__none,none,memgq_lattice_sticky,71f1648b8b8cb6d1277e,0,0,0,0.7133887410163879,0.28661128878593445
PETS_CREDIT_low_eff_su2_r1_d6_b03__none,none,memgq_lattice_sticky,cb39c23acaa500033ed0,0,0,0,0.6957927346229553,0.3042072355747223
PETS_CREDIT_low_eff_su2_r1_d6_b03__none,none,memgq_lattice_sticky,c55786a9941cc04c9348,0,0,0,0.7360166311264038,0.2639833986759186
PETS_CREDIT_low_eff_su2_r1_d6_b03__none,none,memgq_lattice_sticky,cc92f2b4b36f95de3e7f,0,0,0,0.7600467205047607,0.23995332419872284
PETS_CREDIT_low_eff_su2_r1_d6_b03__none,none,memgq_lattice_sticky,4c3cfe1fe9e491bb9c0e,0,1,0,0.7838486433029175,0.2161513864994049
PETS_CREDIT_low_eff_su2_r1_d6_b03__none,none,memgq_lattice_sticky,fa91758004730bf9cef8,0,1,0,0.8422802090644836,0.15771980583667755
PETS_CREDIT_low_eff_su2_r1_d6_b03__none,none,memgq_lattice_sticky,b78fcdfd9fe43578fef1,0,0,0,0.7336761355400085,0.26632383465766907
PETS_CREDIT_low_eff_su2_r1_d6_b03__none,none,memgq_lattice_sticky,27103d15734219f0d343,0,0,0,0.7246450781822205,0.27535495162010193
PETS_CREDIT_low_eff_su2_r1_d6_b03__none,none,memgq_lattice_sticky,36f760028306a12bff25,0,0,0,0.8279392123222351,0.1720607876777649
