target_id,attack,auc,auc_record_ci95_low,auc_record_ci95_high,valid_record_bootstrap_replicates,n_member,n_nonmember,fpr_resolution,membership_convention,source_file,ci_method,bootstrap_unit,bootstrap_replicates,experiment,dataset,architecture,model_type,run_id,model_seed,data_seed,seed,attack_feature_mode,learning_rate,weight_decay,n_wires,depth,ql_ent,ql_op,fm_kind,reps,fm_ent,fm_op,pad_mode,vector_train,vector_valid,vector_test,feature_angle_scale,source_run_id,ql_rev,batch_size,epochs,extra_feats,init_seed,split_seed,block_id,wdbc_data_path,wdbc_pca_components,role,structural_cell_id,risk_level,balanced_accuracy_crossfit,membership_advantage_crossfit,crossfit_tpr,crossfit_fpr,threshold_median,threshold_folds,tpr_at_requested_fpr_0p01,tpr_at_requested_fpr_0p01_record_ci95_low,tpr_at_requested_fpr_0p01_record_ci95_high,tpr_at_requested_fpr_0p01_valid_bootstrap_replicates,attained_fpr_0p01,expected_false_positives_0p01,resolvable_0p01,tpr_at_requested_fpr_0p05,tpr_at_requested_fpr_0p05_record_ci95_low,tpr_at_requested_fpr_0p05_record_ci95_high,tpr_at_requested_fpr_0p05_valid_bootstrap_replicates,attained_fpr_0p05,expected_false_positives_0p05,resolvable_0p05,tpr_at_requested_fpr_0p1,tpr_at_requested_fpr_0p1_record_ci95_low,tpr_at_requested_fpr_0p1_record_ci95_high,tpr_at_requested_fpr_0p1_valid_bootstrap_replicates,attained_fpr_0p1,expected_false_positives_0p1,resolvable_0p1
WDBC_QNN_eff_su2_r1_d2_b01,loss,0.5246200607902736,0.47199800531914893,0.5782679521276596,10000,160,329,0.00303951367781155,0=member,satml_runs/satml_wdbc_targeted/WDBC_QNN_eff_su2_r1_d2_b01/target_attack_data.pt,stratified percentile bootstrap over member/non-member records,records,10000,satml_wdbc_targeted,breast_cancer_wdbc,qnn,qnn,-1,90261,80261,90261,pv+stats,0.05,0.0,6,2,linear,crz,eff_su2,1,linear,cx,wrap,160,80,329,1.0,-1,False,16,100,False,90261,80261,wdbc_b01,data/wdbc/wdbc.csv.gz,6,eff_su2_r1_d2,eff_su2_r1_d2,,0.5428381458966566,0.08567629179331304,0.6875,0.601823708206687,-0.28425124287605286,5,0.01875,0.0,0.075,10000,0.0,3.29,True,0.0625,0.03125,0.10625,10000,0.0243161094224924,16.45,True,0.1125,0.04375,0.1625,10000,0.0911854103343465,32.9,True
WDBC_QNN_eff_su2_r1_d2_b01,entropy,0.5038943768996961,0.4493726253799392,0.5580181420972644,10000,160,329,0.00303951367781155,0=member,satml_runs/satml_wdbc_targeted/WDBC_QNN_eff_su2_r1_d2_b01/target_attack_data.pt,stratified percentile bootstrap over member/non-member records,records,10000,satml_wdbc_targeted,breast_cancer_wdbc,qnn,qnn,-1,90261,80261,90261,pv+stats,0.05,0.0,6,2,linear,crz,eff_su2,1,linear,cx,wrap,160,80,329,1.0,-1,False,16,100,False,90261,80261,wdbc_b01,data/wdbc/wdbc.csv.gz,6,eff_su2_r1_d2,eff_su2_r1_d2,,0.5260353343465045,0.05207066869300914,0.68125,0.6291793313069909,-0.5547083616256714,5,0.01875,0.0,0.0625,10000,0.0,3.29,True,0.0625,0.025,0.10625,10000,0.02735562310030395,16.45,True,0.1125,0.04375,0.1625,10000,0.09422492401215805,32.9,True
WDBC_QNN_eff_su2_r1_d2_b01,confidence,0.5038943768996961,0.4486322188449848,0.5591380129179331,10000,160,329,0.00303951367781155,0=member,satml_runs/satml_wdbc_targeted/WDBC_QNN_eff_su2_r1_d2_b01/target_attack_data.pt,stratified percentile bootstrap over member/non-member records,records,10000,satml_wdbc_targeted,breast_cancer_wdbc,qnn,qnn,-1,90261,80261,90261,pv+stats,0.05,0.0,6,2,linear,crz,eff_su2,1,linear,cx,wrap,160,80,329,1.0,-1,False,16,100,False,90261,80261,wdbc_b01,data/wdbc/wdbc.csv.gz,6,eff_su2_r1_d2,eff_su2_r1_d2,,0.5260353343465045,0.05207066869300914,0.68125,0.6291793313069909,0.7568283081054688,5,0.01875,0.0,0.0625,10000,0.0,3.29,True,0.0625,0.025,0.10625,10000,0.02735562310030395,16.45,True,0.1125,0.04375,0.1625,10000,0.09422492401215805,32.9,True
WDBC_QNN_eff_su2_r1_d2_b01,margin,0.5038943768996961,0.4501885448328268,0.5595934650455927,10000,160,329,0.00303951367781155,0=member,satml_runs/satml_wdbc_targeted/WDBC_QNN_eff_su2_r1_d2_b01/target_attack_data.pt,stratified percentile bootstrap over member/non-member records,records,10000,satml_wdbc_targeted,breast_cancer_wdbc,qnn,qnn,-1,90261,80261,90261,pv+stats,0.05,0.0,6,2,linear,crz,eff_su2,1,linear,cx,wrap,160,80,329,1.0,-1,False,16,100,False,90261,80261,wdbc_b01,data/wdbc/wdbc.csv.gz,6,eff_su2_r1_d2,eff_su2_r1_d2,,0.5260353343465045,0.05207066869300914,0.68125,0.6291793313069909,0.5136566162109375,5,0.01875,0.0,0.0625,10000,0.0,3.29,True,0.0625,0.03125,0.10625,10000,0.02735562310030395,16.45,True,0.1125,0.04375,0.1625,10000,0.09422492401215805,32.9,True
WDBC_QNN_eff_su2_r1_d2_b01,correctness,0.5156060030395136,0.4879084346504559,0.5419547872340426,10000,160,329,0.00303951367781155,0=member,satml_runs/satml_wdbc_targeted/WDBC_QNN_eff_su2_r1_d2_b01/target_attack_data.pt,stratified percentile bootstrap over member/non-member records,records,10000,satml_wdbc_targeted,breast_cancer_wdbc,qnn,qnn,-1,90261,80261,90261,pv+stats,0.05,0.0,6,2,linear,crz,eff_su2,1,linear,cx,wrap,160,80,329,1.0,-1,False,16,100,False,90261,80261,wdbc_b01,data/wdbc/wdbc.csv.gz,6,eff_su2_r1_d2,eff_su2_r1_d2,,0.5156060030395136,0.0312120060790273,0.91875,0.8875379939209727,1.0,5,0.0,0.0,0.0,10000,0.0,3.29,True,0.0,0.0,0.0,10000,0.0,16.45,True,0.0,0.0,0.0,10000,0.0,32.9,True
WDBC_QNN_eff_su2_r1_d2_b01,max_probability,0.5038943768996961,0.4501301291793313,0.5573898176291794,10000,160,329,0.00303951367781155,0=member,satml_runs/satml_wdbc_targeted/WDBC_QNN_eff_su2_r1_d2_b01/target_attack_data.pt,stratified percentile bootstrap over member/non-member records,records,10000,satml_wdbc_targeted,breast_cancer_wdbc,qnn,qnn,-1,90261,80261,90261,pv+stats,0.05,0.0,6,2,linear,crz,eff_su2,1,linear,cx,wrap,160,80,329,1.0,-1,False,16,100,False,90261,80261,wdbc_b01,data/wdbc/wdbc.csv.gz,6,eff_su2_r1_d2,eff_su2_r1_d2,,0.5260353343465045,0.05207066869300914,0.68125,0.6291793313069909,0.7568283081054688,5,0.01875,0.0,0.0625,10000,0.0,3.29,True,0.0625,0.025,0.1,10000,0.02735562310030395,16.45,True,0.1125,0.04375,0.1625,10000,0.09422492401215805,32.9,True
WDBC_QNN_eff_su2_r1_d2_b02,loss,0.5169452887537993,0.46272748860182367,0.5702930281155015,10000,160,329,0.00303951367781155,0=member,satml_runs/satml_wdbc_targeted/WDBC_QNN_eff_su2_r1_d2_b02/target_attack_data.pt,stratified percentile bootstrap over member/non-member records,records,10000,satml_wdbc_targeted,breast_cancer_wdbc,qnn,qnn,-1,90262,80262,90262,pv+stats,0.05,0.0,6,2,linear,crz,eff_su2,1,linear,cx,wrap,160,80,329,1.0,-1,False,16,100,False,90262,80262,wdbc_b02,data/wdbc/wdbc.csv.gz,6,eff_su2_r1_d2,eff_su2_r1_d2,,0.5039228723404255,0.007845744680850975,0.73125,0.723404255319149,-0.39783307909965515,5,0.00625,0.0,0.03125,10000,0.0,3.29,True,0.04375,0.0125,0.0875,10000,0.0425531914893617,16.45,True,0.10625,0.0375,0.16875,10000,0.0972644376899696,32.9,True
WDBC_QNN_eff_su2_r1_d2_b02,entropy,0.4948898176291794,0.4397026975683891,0.5485187120060789,10000,160,329,0.00303951367781155,0=member,satml_runs/satml_wdbc_targeted/WDBC_QNN_eff_su2_r1_d2_b02/target_attack_data.pt,stratified percentile bootstrap over member/non-member records,records,10000,satml_wdbc_targeted,breast_cancer_wdbc,qnn,qnn,-1,90262,80262,90262,pv+stats,0.05,0.0,6,2,linear,crz,eff_su2,1,linear,cx,wrap,160,80,329,1.0,-1,False,16,100,False,90262,80262,wdbc_b02,data/wdbc/wdbc.csv.gz,6,eff_su2_r1_d2,eff_su2_r1_d2,,0.4881553951367781,-0.023689209726443783,0.35625,0.3799392097264438,-0.21019451320171356,5,0.00625,0.0,0.03125,10000,0.0,3.29,True,0.04375,0.0125,0.08125,10000,0.0486322188449848,16.45,True,0.06875,0.03125,0.15625,10000,0.0911854103343465,32.9,True
WDBC_QNN_eff_su2_r1_d2_b02,confidence,0.4948898176291794,0.4392657674772037,0.5500379939209726,10000,160,329,0.00303951367781155,0=member,satml_runs/satml_wdbc_targeted/WDBC_QNN_eff_su2_r1_d2_b02/target_attack_data.pt,stratified percentile bootstrap over member/non-member records,records,10000,satml_wdbc_targeted,breast_cancer_wdbc,qnn,qnn,-1,90262,80262,90262,pv+stats,0.05,0.0,6,2,linear,crz,eff_su2,1,linear,cx,wrap,160,80,329,1.0,-1,False,16,100,False,90262,80262,wdbc_b02,data/wdbc/wdbc.csv.gz,6,eff_su2_r1_d2,eff_su2_r1_d2,,0.4881553951367781,-0.023689209726443783,0.35625,0.3799392097264438,0.945976972579956,5,0.00625,0.0,0.03125,10000,0.0,3.29,True,0.04375,0.0125,0.08125,10000,0.0486322188449848,16.45,True,0.06875,0.03125,0.15625,10000,0.0911854103343465,32.9,True
WDBC_QNN_eff_su2_r1_d2_b02,margin,0.4948898176291794,0.44002564589665655,0.5502697568389057,10000,160,329,0.00303951367781155,0=member,satml_runs/satml_wdbc_targeted/WDBC_QNN_eff_su2_r1_d2_b02/target_attack_data.pt,stratified percentile bootstrap over member/non-member records,records,10000,satml_wdbc_targeted,breast_cancer_wdbc,qnn,qnn,-1,90262,80262,90262,pv+stats,0.05,0.0,6,2,linear,crz,eff_su2,1,linear,cx,wrap,160,80,329,1.0,-1,False,16,100,False,90262,80262,wdbc_b02,data/wdbc/wdbc.csv.gz,6,eff_su2_r1_d2,eff_su2_r1_d2,,0.4881553951367781,-0.023689209726443783,0.35625,0.3799392097264438,0.8919540047645569,5,0.00625,0.0,0.03125,10000,0.0,3.29,True,0.04375,0.0125,0.08125,10000,0.0486322188449848,16.45,True,0.06875,0.03125,0.15625,10000,0.0911854103343465,32.9,True
WDBC_QNN_eff_su2_r1_d2_b02,correctness,0.529540273556231,0.5032748385258359,0.5543693009118541,10000,160,329,0.00303951367781155,0=member,satml_runs/satml_wdbc_targeted/WDBC_QNN_eff_su2_r1_d2_b02/target_attack_data.pt,stratified percentile bootstrap over member/non-member records,records,10000,satml_wdbc_targeted,breast_cancer_wdbc,qnn,qnn,-1,90262,80262,90262,pv+stats,0.05,0.0,6,2,linear,crz,eff_su2,1,linear,cx,wrap,160,80,329,1.0,-1,False,16,100,False,90262,80262,wdbc_b02,data/wdbc/wdbc.csv.gz,6,eff_su2_r1_d2,eff_su2_r1_d2,,0.529540273556231,0.05908054711246202,0.9375,0.878419452887538,1.0,5,0.0,0.0,0.0,10000,0.0,3.29,True,0.0,0.0,0.0,10000,0.0,16.45,True,0.0,0.0,0.0,10000,0.0,32.9,True
WDBC_QNN_eff_su2_r1_d2_b02,max_probability,0.4948898176291794,0.44042553191489364,0.5490340045592705,10000,160,329,0.00303951367781155,0=member,satml_runs/satml_wdbc_targeted/WDBC_QNN_eff_su2_r1_d2_b02/target_attack_data.pt,stratified percentile bootstrap over member/non-member records,records,10000,satml_wdbc_targeted,breast_cancer_wdbc,qnn,qnn,-1,90262,80262,90262,pv+stats,0.05,0.0,6,2,linear,crz,eff_su2,1,linear,cx,wrap,160,80,329,1.0,-1,False,16,100,False,90262,80262,wdbc_b02,data/wdbc/wdbc.csv.gz,6,eff_su2_r1_d2,eff_su2_r1_d2,,0.4881553951367781,-0.023689209726443783,0.35625,0.3799392097264438,0.945976972579956,5,0.00625,0.0,0.03125,10000,0.0,3.29,True,0.04375,0.0125,0.08125,10000,0.0486322188449848,16.45,True,0.06875,0.03125,0.1625,10000,0.0911854103343465,32.9,True
WDBC_QNN_eff_su2_r1_d2_b03,loss,0.5372340425531915,0.484726443768997,0.5925740881458966,10000,160,329,0.00303951367781155,0=member,satml_runs/satml_wdbc_targeted/WDBC_QNN_eff_su2_r1_d2_b03/target_attack_data.pt,stratified percentile bootstrap over member/non-member records,records,10000,satml_wdbc_targeted,breast_cancer_wdbc,qnn,qnn,-1,90263,80263,90263,pv+stats,0.05,0.0,6,2,linear,crz,eff_su2,1,linear,cx,wrap,160,80,329,1.0,-1,False,16,100,False,90263,80263,wdbc_b03,data/wdbc/wdbc.csv.gz,6,eff_su2_r1_d2,eff_su2_r1_d2,,0.48556231003039513,-0.028875379939209744,0.5,0.5288753799392097,-0.1112590953707695,5,0.0,0.0,0.01875,10000,0.00303951367781155,3.29,True,0.025,0.00625,0.075,10000,0.03951367781155015,16.45,True,0.09375,0.0375,0.15625,10000,0.08814589665653495,32.9,True
WDBC_QNN_eff_su2_r1_d2_b03,entropy,0.5221884498480244,0.4674957256838906,0.576634688449848,10000,160,329,0.00303951367781155,0=member,satml_runs/satml_wdbc_targeted/WDBC_QNN_eff_su2_r1_d2_b03/target_attack_data.pt,stratified percentile bootstrap over member/non-member records,records,10000,satml_wdbc_targeted,breast_cancer_wdbc,qnn,qnn,-1,90263,80263,90263,pv+stats,0.05,0.0,6,2,linear,crz,eff_su2,1,linear,cx,wrap,160,80,329,1.0,-1,False,16,100,False,90263,80263,wdbc_b03,data/wdbc/wdbc.csv.gz,6,eff_su2_r1_d2,eff_su2_r1_d2,,0.47499050151975686,-0.05001899696048634,0.39375,0.44376899696048633,-0.28464940190315247,5,0.0,0.0,0.0125,10000,0.00303951367781155,3.29,True,0.025,0.00625,0.075,10000,0.03951367781155015,16.45,True,0.09375,0.0375,0.15625,10000,0.08814589665653495,32.9,True
WDBC_QNN_eff_su2_r1_d2_b03,confidence,0.5221884498480244,0.46802811550151974,0.5765606003039514,10000,160,329,0.00303951367781155,0=member,satml_runs/satml_wdbc_targeted/WDBC_QNN_eff_su2_r1_d2_b03/target_attack_data.pt,stratified percentile bootstrap over member/non-member records,records,10000,satml_wdbc_targeted,breast_cancer_wdbc,qnn,qnn,-1,90263,80263,90263,pv+stats,0.05,0.0,6,2,linear,crz,eff_su2,1,linear,cx,wrap,160,80,329,1.0,-1,False,16,100,False,90263,80263,wdbc_b03,data/wdbc/wdbc.csv.gz,6,eff_su2_r1_d2,eff_su2_r1_d2,,0.47499050151975686,-0.05001899696048634,0.39375,0.44376899696048633,0.917576253414154,5,0.0,0.0,0.01875,10000,0.00303951367781155,3.29,True,0.025,0.00625,0.075,10000,0.03951367781155015,16.45,True,0.09375,0.0375,0.15625,10000,0.08814589665653495,32.9,True
WDBC_QNN_eff_su2_r1_d2_b03,margin,0.5221884498480244,0.46800911854103344,0.576234802431611,10000,160,329,0.00303951367781155,0=member,satml_runs/satml_wdbc_targeted/WDBC_QNN_eff_su2_r1_d2_b03/target_attack_data.pt,stratified percentile bootstrap over member/non-member records,records,10000,satml_wdbc_targeted,breast_cancer_wdbc,qnn,qnn,-1,90263,80263,90263,pv+stats,0.05,0.0,6,2,linear,crz,eff_su2,1,linear,cx,wrap,160,80,329,1.0,-1,False,16,100,False,90263,80263,wdbc_b03,data/wdbc/wdbc.csv.gz,6,eff_su2_r1_d2,eff_su2_r1_d2,,0.47499050151975686,-0.05001899696048634,0.39375,0.44376899696048633,0.8351525664329529,5,0.0,0.0,0.0125,10000,0.00303951367781155,3.29,True,0.025,0.0,0.075,10000,0.03951367781155015,16.45,True,0.09375,0.0375,0.15625,10000,0.08814589665653495,32.9,True
WDBC_QNN_eff_su2_r1_d2_b03,correctness,0.5141717325227964,0.4878229483282675,0.5404350303951367,10000,160,329,0.00303951367781155,0=member,satml_runs/satml_wdbc_targeted/WDBC_QNN_eff_su2_r1_d2_b03/target_attack_data.pt,stratified percentile bootstrap over member/non-member records,records,10000,satml_wdbc_targeted,breast_cancer_wdbc,qnn,qnn,-1,90263,80263,90263,pv+stats,0.05,0.0,6,2,linear,crz,eff_su2,1,linear,cx,wrap,160,80,329,1.0,-1,False,16,100,False,90263,80263,wdbc_b03,data/wdbc/wdbc.csv.gz,6,eff_su2_r1_d2,eff_su2_r1_d2,,0.5141717325227964,0.02834346504559271,0.925,0.8966565349544073,1.0,5,0.0,0.0,0.0,10000,0.0,3.29,True,0.0,0.0,0.0,10000,0.0,16.45,True,0.0,0.0,0.0,10000,0.0,32.9,True
WDBC_QNN_eff_su2_r1_d2_b03,max_probability,0.5221884498480244,0.4681986132218845,0.5776415273556231,10000,160,329,0.00303951367781155,0=member,satml_runs/satml_wdbc_targeted/WDBC_QNN_eff_su2_r1_d2_b03/target_attack_data.pt,stratified percentile bootstrap over member/non-member records,records,10000,satml_wdbc_targeted,breast_cancer_wdbc,qnn,qnn,-1,90263,80263,90263,pv+stats,0.05,0.0,6,2,linear,crz,eff_su2,1,linear,cx,wrap,160,80,329,1.0,-1,False,16,100,False,90263,80263,wdbc_b03,data/wdbc/wdbc.csv.gz,6,eff_su2_r1_d2,eff_su2_r1_d2,,0.47499050151975686,-0.05001899696048634,0.39375,0.44376899696048633,0.917576253414154,5,0.0,0.0,0.012656249999997727,10000,0.00303951367781155,3.29,True,0.025,0.00625,0.075,10000,0.03951367781155015,16.45,True,0.09375,0.0375,0.15625,10000,0.08814589665653495,32.9,True
WDBC_QNN_eff_su2_r1_d2_b04,loss,0.5035144376899696,0.44752992021276594,0.5589508928571428,10000,160,329,0.00303951367781155,0=member,satml_runs/satml_wdbc_targeted/WDBC_QNN_eff_su2_r1_d2_b04/target_attack_data.pt,stratified percentile bootstrap over member/non-member records,records,10000,satml_wdbc_targeted,breast_cancer_wdbc,qnn,qnn,-1,90264,80264,90264,pv+stats,0.05,0.0,6,2,linear,crz,eff_su2,1,linear,cx,wrap,160,80,329,1.0,-1,False,16,100,False,90264,80264,wdbc_b04,data/wdbc/wdbc.csv.gz,6,eff_su2_r1_d2,eff_su2_r1_d2,,0.48504939209726444,-0.029901215805471115,0.4625,0.49240121580547114,-0.0338202528655529,5,0.0,0.0,0.0375,10000,0.00303951367781155,3.29,True,0.05,0.01875,0.10625,10000,0.04559270516717325,16.45,True,0.125,0.05625,0.19375,10000,0.0972644376899696,32.9,True
WDBC_QNN_eff_su2_r1_d2_b04,entropy,0.4952697568389058,0.439513202887538,0.5501519756838906,10000,160,329,0.00303951367781155,0=member,satml_runs/satml_wdbc_targeted/WDBC_QNN_eff_su2_r1_d2_b04/target_attack_data.pt,stratified percentile bootstrap over member/non-member records,records,10000,satml_wdbc_targeted,breast_cancer_wdbc,qnn,qnn,-1,90264,80264,90264,pv+stats,0.05,0.0,6,2,linear,crz,eff_su2,1,linear,cx,wrap,160,80,329,1.0,-1,False,16,100,False,90264,80264,wdbc_b04,data/wdbc/wdbc.csv.gz,6,eff_su2_r1_d2,eff_su2_r1_d2,,0.49479483282674774,-0.010410334346504568,0.175,0.18541033434650456,-0.09684383869171143,5,0.0,0.0,0.03125,10000,0.00303951367781155,3.29,True,0.05,0.01875,0.10625,10000,0.04559270516717325,16.45,True,0.125,0.05625,0.19375,10000,0.0972644376899696,32.9,True
WDBC_QNN_eff_su2_r1_d2_b04,confidence,0.4952697568389058,0.43915273556231005,0.5516342135258359,10000,160,329,0.00303951367781155,0=member,satml_runs/satml_wdbc_targeted/WDBC_QNN_eff_su2_r1_d2_b04/target_attack_data.pt,stratified percentile bootstrap over member/non-member records,records,10000,satml_wdbc_targeted,breast_cancer_wdbc,qnn,qnn,-1,90264,80264,90264,pv+stats,0.05,0.0,6,2,linear,crz,eff_su2,1,linear,cx,wrap,160,80,329,1.0,-1,False,16,100,False,90264,80264,wdbc_b04,data/wdbc/wdbc.csv.gz,6,eff_su2_r1_d2,eff_su2_r1_d2,,0.49479483282674774,-0.010410334346504568,0.175,0.18541033434650456,0.9803065061569214,5,0.0,0.0,0.0375,10000,0.00303951367781155,3.29,True,0.05,0.01875,0.10625,10000,0.04559270516717325,16.45,True,0.125,0.05625,0.19375,10000,0.0972644376899696,32.9,True
WDBC_QNN_eff_su2_r1_d2_b04,margin,0.4952697568389058,0.4389432940729483,0.5512580737082067,10000,160,329,0.00303951367781155,0=member,satml_runs/satml_wdbc_targeted/WDBC_QNN_eff_su2_r1_d2_b04/target_attack_data.pt,stratified percentile bootstrap over member/non-member records,records,10000,satml_wdbc_targeted,breast_cancer_wdbc,qnn,qnn,-1,90264,80264,90264,pv+stats,0.05,0.0,6,2,linear,crz,eff_su2,1,linear,cx,wrap,160,80,329,1.0,-1,False,16,100,False,90264,80264,wdbc_b04,data/wdbc/wdbc.csv.gz,6,eff_su2_r1_d2,eff_su2_r1_d2,,0.49479483282674774,-0.010410334346504568,0.175,0.18541033434650456,0.9606130123138428,5,0.0,0.0,0.03125,10000,0.00303951367781155,3.29,True,0.05,0.01875,0.10625,10000,0.04559270516717325,16.45,True,0.125,0.05625,0.19375,10000,0.0972644376899696,32.9,True
WDBC_QNN_eff_su2_r1_d2_b04,correctness,0.5178096504559271,0.49905965045592704,0.5363031914893617,10000,160,329,0.00303951367781155,0=member,satml_runs/satml_wdbc_targeted/WDBC_QNN_eff_su2_r1_d2_b04/target_attack_data.pt,stratified percentile bootstrap over member/non-member records,records,10000,satml_wdbc_targeted,breast_cancer_wdbc,qnn,qnn,-1,90264,80264,90264,pv+stats,0.05,0.0,6,2,linear,crz,eff_su2,1,linear,cx,wrap,160,80,329,1.0,-1,False,16,100,False,90264,80264,wdbc_b04,data/wdbc/wdbc.csv.gz,6,eff_su2_r1_d2,eff_su2_r1_d2,,0.5178096504559271,0.03561930091185406,0.96875,0.9331306990881459,1.0,5,0.0,0.0,0.0,10000,0.0,3.29,True,0.0,0.0,0.0,10000,0.0,16.45,True,0.0,0.0,0.0,10000,0.0,32.9,True
WDBC_QNN_eff_su2_r1_d2_b04,max_probability,0.4952697568389058,0.43816489361702127,0.5511417173252279,10000,160,329,0.00303951367781155,0=member,satml_runs/satml_wdbc_targeted/WDBC_QNN_eff_su2_r1_d2_b04/target_attack_data.pt,stratified percentile bootstrap over member/non-member records,records,10000,satml_wdbc_targeted,breast_cancer_wdbc,qnn,qnn,-1,90264,80264,90264,pv+stats,0.05,0.0,6,2,linear,crz,eff_su2,1,linear,cx,wrap,160,80,329,1.0,-1,False,16,100,False,90264,80264,wdbc_b04,data/wdbc/wdbc.csv.gz,6,eff_su2_r1_d2,eff_su2_r1_d2,,0.49479483282674774,-0.010410334346504568,0.175,0.18541033434650456,0.9803065061569214,5,0.0,0.0,0.03125,10000,0.00303951367781155,3.29,True,0.05,0.01875,0.10625,10000,0.04559270516717325,16.45,True,0.125,0.05625,0.19375,10000,0.0972644376899696,32.9,True
WDBC_QNN_eff_su2_r1_d2_b05,loss,0.5057370820668694,0.4522221694528875,0.5592904635258359,10000,160,329,0.00303951367781155,0=member,satml_runs/satml_wdbc_targeted/WDBC_QNN_eff_su2_r1_d2_b05/target_attack_data.pt,stratified percentile bootstrap over member/non-member records,records,10000,satml_wdbc_targeted,breast_cancer_wdbc,qnn,qnn,-1,90265,80265,90265,pv+stats,0.05,0.0,6,2,linear,crz,eff_su2,1,linear,cx,wrap,160,80,329,1.0,-1,False,16,100,False,90265,80265,wdbc_b05,data/wdbc/wdbc.csv.gz,6,eff_su2_r1_d2,eff_su2_r1_d2,,0.4978438449848024,-0.004312310030395228,0.73125,0.7355623100303952,-0.6790986657142639,5,0.00625,0.0,0.03125,10000,0.0060790273556231,3.29,True,0.0375,0.0125,0.0875,10000,0.04559270516717325,16.45,True,0.09375,0.0375,0.15,10000,0.0911854103343465,32.9,True
WDBC_QNN_eff_su2_r1_d2_b05,entropy,0.5012158054711247,0.4482518047112462,0.5548252279635258,10000,160,329,0.00303951367781155,0=member,satml_runs/satml_wdbc_targeted/WDBC_QNN_eff_su2_r1_d2_b05/target_attack_data.pt,stratified percentile bootstrap over member/non-member records,records,10000,satml_wdbc_targeted,breast_cancer_wdbc,qnn,qnn,-1,90265,80265,90265,pv+stats,0.05,0.0,6,2,linear,crz,eff_su2,1,linear,cx,wrap,160,80,329,1.0,-1,False,16,100,False,90265,80265,wdbc_b05,data/wdbc/wdbc.csv.gz,6,eff_su2_r1_d2,eff_su2_r1_d2,,0.5094034954407295,0.018806990881458985,0.6875,0.668693009118541,-0.5364155769348145,5,0.00625,0.0,0.03125,10000,0.0060790273556231,3.29,True,0.0375,0.0125,0.08125,10000,0.04559270516717325,16.45,True,0.09375,0.0375,0.15,10000,0.09422492401215805,32.9,True
WDBC_QNN_eff_su2_r1_d2_b05,confidence,0.5012158054711247,0.4486274696048632,0.555225113981763,10000,160,329,0.00303951367781155,0=member,satml_runs/satml_wdbc_targeted/WDBC_QNN_eff_su2_r1_d2_b05/target_attack_data.pt,stratified percentile bootstrap over member/non-member records,records,10000,satml_wdbc_targeted,breast_cancer_wdbc,qnn,qnn,-1,90265,80265,90265,pv+stats,0.05,0.0,6,2,linear,crz,eff_su2,1,linear,cx,wrap,160,80,329,1.0,-1,False,16,100,False,90265,80265,wdbc_b05,data/wdbc/wdbc.csv.gz,6,eff_su2_r1_d2,eff_su2_r1_d2,,0.5094034954407295,0.018806990881458985,0.6875,0.668693009118541,0.7723546028137207,5,0.00625,0.0,0.03125,10000,0.0060790273556231,3.29,True,0.0375,0.0125,0.08125,10000,0.04559270516717325,16.45,True,0.09375,0.0375,0.15,10000,0.09422492401215805,32.9,True
WDBC_QNN_eff_su2_r1_d2_b05,margin,0.5012158054711247,0.44756743920972647,0.5547492401215806,10000,160,329,0.00303951367781155,0=member,satml_runs/satml_wdbc_targeted/WDBC_QNN_eff_su2_r1_d2_b05/target_attack_data.pt,stratified percentile bootstrap over member/non-member records,records,10000,satml_wdbc_targeted,breast_cancer_wdbc,qnn,qnn,-1,90265,80265,90265,pv+stats,0.05,0.0,6,2,linear,crz,eff_su2,1,linear,cx,wrap,160,80,329,1.0,-1,False,16,100,False,90265,80265,wdbc_b05,data/wdbc/wdbc.csv.gz,6,eff_su2_r1_d2,eff_su2_r1_d2,,0.5094034954407295,0.018806990881458985,0.6875,0.668693009118541,0.5447091460227966,5,0.00625,0.0,0.03125,10000,0.0060790273556231,3.29,True,0.0375,0.00625,0.08125,10000,0.04559270516717325,16.45,True,0.09375,0.0375,0.14375,10000,0.09422492401215805,32.9,True
WDBC_QNN_eff_su2_r1_d2_b05,correctness,0.5259878419452887,0.49507978723404256,0.5565539513677812,10000,160,329,0.00303951367781155,0=member,satml_runs/satml_wdbc_targeted/WDBC_QNN_eff_su2_r1_d2_b05/target_attack_data.pt,stratified percentile bootstrap over member/non-member records,records,10000,satml_wdbc_targeted,breast_cancer_wdbc,qnn,qnn,-1,90265,80265,90265,pv+stats,0.05,0.0,6,2,linear,crz,eff_su2,1,linear,cx,wrap,160,80,329,1.0,-1,False,16,100,False,90265,80265,wdbc_b05,data/wdbc/wdbc.csv.gz,6,eff_su2_r1_d2,eff_su2_r1_d2,,0.5259878419452888,0.051975683890577495,0.9,0.8480243161094225,1.0,5,0.0,0.0,0.0,10000,0.0,3.29,True,0.0,0.0,0.0,10000,0.0,16.45,True,0.0,0.0,0.0,10000,0.0,32.9,True
WDBC_QNN_eff_su2_r1_d2_b05,max_probability,0.5012158054711247,0.44764342705167176,0.5552056420972644,10000,160,329,0.00303951367781155,0=member,satml_runs/satml_wdbc_targeted/WDBC_QNN_eff_su2_r1_d2_b05/target_attack_data.pt,stratified percentile bootstrap over member/non-member records,records,10000,satml_wdbc_targeted,breast_cancer_wdbc,qnn,qnn,-1,90265,80265,90265,pv+stats,0.05,0.0,6,2,linear,crz,eff_su2,1,linear,cx,wrap,160,80,329,1.0,-1,False,16,100,False,90265,80265,wdbc_b05,data/wdbc/wdbc.csv.gz,6,eff_su2_r1_d2,eff_su2_r1_d2,,0.5094034954407295,0.018806990881458985,0.6875,0.668693009118541,0.7723546028137207,5,0.00625,0.0,0.03125,10000,0.0060790273556231,3.29,True,0.0375,0.00625,0.08125,10000,0.04559270516717325,16.45,True,0.09375,0.0375,0.15,10000,0.09422492401215805,32.9,True
WDBC_QNN_eff_su2_r5_d2_b01,loss,0.5303001519756839,0.476120820668693,0.5844039703647416,10000,160,329,0.00303951367781155,0=member,satml_runs/satml_wdbc_targeted/WDBC_QNN_eff_su2_r5_d2_b01/target_attack_data.pt,stratified percentile bootstrap over member/non-member records,records,10000,satml_wdbc_targeted,breast_cancer_wdbc,qnn,qnn,-1,90261,80261,90261,pv+stats,0.05,0.0,6,2,linear,crz,eff_su2,5,linear,cx,wrap,160,80,329,1.0,-1,False,16,100,False,90261,80261,wdbc_b01,data/wdbc/wdbc.csv.gz,6,eff_su2_r5_d2,eff_su2_r5_d2,,0.5087196048632219,0.01743920972644375,0.6375,0.6200607902735562,-0.09583847969770432,5,0.00625,0.0,0.025,10000,0.0,3.29,True,0.03125,0.00625,0.075,10000,0.0486322188449848,16.45,True,0.06875,0.03125,0.1375,10000,0.09422492401215805,32.9,True
WDBC_QNN_eff_su2_r5_d2_b01,entropy,0.5163563829787234,0.46265150075987843,0.570498670212766,10000,160,329,0.00303951367781155,0=member,satml_runs/satml_wdbc_targeted/WDBC_QNN_eff_su2_r5_d2_b01/target_attack_data.pt,stratified percentile bootstrap over member/non-member records,records,10000,satml_wdbc_targeted,breast_cancer_wdbc,qnn,qnn,-1,90261,80261,90261,pv+stats,0.05,0.0,6,2,linear,crz,eff_su2,5,linear,cx,wrap,160,80,329,1.0,-1,False,16,100,False,90261,80261,wdbc_b01,data/wdbc/wdbc.csv.gz,6,eff_su2_r5_d2,eff_su2_r5_d2,,0.49495630699088144,-0.01008738601823711,0.63125,0.6413373860182371,-0.30574026703834534,5,0.00625,0.0,0.025,10000,0.0,3.29,True,0.01875,0.0,0.0625,10000,0.03951367781155015,16.45,True,0.0625,0.025,0.125,10000,0.09422492401215805,32.9,True
WDBC_QNN_eff_su2_r5_d2_b01,confidence,0.5163563829787234,0.46322188449848023,0.5696238601823708,10000,160,329,0.00303951367781155,0=member,satml_runs/satml_wdbc_targeted/WDBC_QNN_eff_su2_r5_d2_b01/target_attack_data.pt,stratified percentile bootstrap over member/non-member records,records,10000,satml_wdbc_targeted,breast_cancer_wdbc,qnn,qnn,-1,90261,80261,90261,pv+stats,0.05,0.0,6,2,linear,crz,eff_su2,5,linear,cx,wrap,160,80,329,1.0,-1,False,16,100,False,90261,80261,wdbc_b01,data/wdbc/wdbc.csv.gz,6,eff_su2_r5_d2,eff_su2_r5_d2,,0.49495630699088144,-0.01008738601823711,0.63125,0.6413373860182371,0.9086107611656189,5,0.00625,0.0,0.025,10000,0.0,3.29,True,0.01875,0.0,0.0625,10000,0.03951367781155015,16.45,True,0.0625,0.025,0.125,10000,0.09422492401215805,32.9,True
WDBC_QNN_eff_su2_r5_d2_b01,margin,0.5163563829787234,0.4636773366261398,0.5710125379939209,10000,160,329,0.00303951367781155,0=member,satml_runs/satml_wdbc_targeted/WDBC_QNN_eff_su2_r5_d2_b01/target_attack_data.pt,stratified percentile bootstrap over member/non-member records,records,10000,satml_wdbc_targeted,breast_cancer_wdbc,qnn,qnn,-1,90261,80261,90261,pv+stats,0.05,0.0,6,2,linear,crz,eff_su2,5,linear,cx,wrap,160,80,329,1.0,-1,False,16,100,False,90261,80261,wdbc_b01,data/wdbc/wdbc.csv.gz,6,eff_su2_r5_d2,eff_su2_r5_d2,,0.49495630699088144,-0.01008738601823711,0.63125,0.6413373860182371,0.8172215223312378,5,0.00625,0.0,0.025,10000,0.0,3.29,True,0.01875,0.0,0.06875,10000,0.03951367781155015,16.45,True,0.0625,0.025,0.125,10000,0.09422492401215805,32.9,True
WDBC_QNN_eff_su2_r5_d2_b01,correctness,0.5111322188449848,0.4848689209726444,0.5370535714285715,10000,160,329,0.00303951367781155,0=member,satml_runs/satml_wdbc_targeted/WDBC_QNN_eff_su2_r5_d2_b01/target_attack_data.pt,stratified percentile bootstrap over member/non-member records,records,10000,satml_wdbc_targeted,breast_cancer_wdbc,qnn,qnn,-1,90261,80261,90261,pv+stats,0.05,0.0,6,2,linear,crz,eff_su2,5,linear,cx,wrap,160,80,329,1.0,-1,False,16,100,False,90261,80261,wdbc_b01,data/wdbc/wdbc.csv.gz,6,eff_su2_r5_d2,eff_su2_r5_d2,,0.5111322188449848,0.022264437689969663,0.925,0.9027355623100304,1.0,5,0.0,0.0,0.0,10000,0.0,3.29,True,0.0,0.0,0.0,10000,0.0,16.45,True,0.0,0.0,0.0,10000,0.0,32.9,True
WDBC_QNN_eff_su2_r5_d2_b01,max_probability,0.5163563829787234,0.4617201747720365,0.5710871010638298,10000,160,329,0.00303951367781155,0=member,satml_runs/satml_wdbc_targeted/WDBC_QNN_eff_su2_r5_d2_b01/target_attack_data.pt,stratified percentile bootstrap over member/non-member records,records,10000,satml_wdbc_targeted,breast_cancer_wdbc,qnn,qnn,-1,90261,80261,90261,pv+stats,0.05,0.0,6,2,linear,crz,eff_su2,5,linear,cx,wrap,160,80,329,1.0,-1,False,16,100,False,90261,80261,wdbc_b01,data/wdbc/wdbc.csv.gz,6,eff_su2_r5_d2,eff_su2_r5_d2,,0.49495630699088144,-0.01008738601823711,0.63125,0.6413373860182371,0.9086107611656189,5,0.00625,0.0,0.025,10000,0.0,3.29,True,0.01875,0.0,0.0625,10000,0.03951367781155015,16.45,True,0.0625,0.025,0.125,10000,0.09422492401215805,32.9,True
WDBC_QNN_eff_su2_r5_d2_b02,loss,0.5607712765957447,0.5065102583586627,0.6161668882978723,10000,160,329,0.00303951367781155,0=member,satml_runs/satml_wdbc_targeted/WDBC_QNN_eff_su2_r5_d2_b02/target_attack_data.pt,stratified percentile bootstrap over member/non-member records,records,10000,satml_wdbc_targeted,breast_cancer_wdbc,qnn,qnn,-1,90262,80262,90262,pv+stats,0.05,0.0,6,2,linear,crz,eff_su2,5,linear,cx,wrap,160,80,329,1.0,-1,False,16,100,False,90262,80262,wdbc_b02,data/wdbc/wdbc.csv.gz,6,eff_su2_r5_d2,eff_su2_r5_d2,,0.5802811550151976,0.16056231003039512,0.425,0.26443768996960487,-0.08676864951848984,5,0.025,0.0,0.05625,10000,0.00911854103343465,3.29,True,0.075,0.025,0.15625,10000,0.0486322188449848,16.45,True,0.14375,0.0875,0.20625,10000,0.08814589665653495,32.9,True
WDBC_QNN_eff_su2_r5_d2_b02,entropy,0.5460676291793313,0.49027355623100305,0.6006843655015197,10000,160,329,0.00303951367781155,0=member,satml_runs/satml_wdbc_targeted/WDBC_QNN_eff_su2_r5_d2_b02/target_attack_data.pt,stratified percentile bootstrap over member/non-member records,records,10000,satml_wdbc_targeted,breast_cancer_wdbc,qnn,qnn,-1,90262,80262,90262,pv+stats,0.05,0.0,6,2,linear,crz,eff_su2,5,linear,cx,wrap,160,80,329,1.0,-1,False,16,100,False,90262,80262,wdbc_b02,data/wdbc/wdbc.csv.gz,6,eff_su2_r5_d2,eff_su2_r5_d2,,0.5757218844984803,0.1514437689969605,0.425,0.2735562310030395,-0.2863020896911621,5,0.025,0.0,0.05625,10000,0.00911854103343465,3.29,True,0.075,0.025,0.15625,10000,0.0486322188449848,16.45,True,0.14375,0.0875,0.20625,10000,0.08814589665653495,32.9,True
WDBC_QNN_eff_su2_r5_d2_b02,confidence,0.5460676291793313,0.49110514817629175,0.6012917933130699,10000,160,329,0.00303951367781155,0=member,satml_runs/satml_wdbc_targeted/WDBC_QNN_eff_su2_r5_d2_b02/target_attack_data.pt,stratified percentile bootstrap over member/non-member records,records,10000,satml_wdbc_targeted,breast_cancer_wdbc,qnn,qnn,-1,90262,80262,90262,pv+stats,0.05,0.0,6,2,linear,crz,eff_su2,5,linear,cx,wrap,160,80,329,1.0,-1,False,16,100,False,90262,80262,wdbc_b02,data/wdbc/wdbc.csv.gz,6,eff_su2_r5_d2,eff_su2_r5_d2,,0.5757218844984803,0.1514437689969605,0.425,0.2735562310030395,0.9168891906738281,5,0.025,0.0,0.05625,10000,0.00911854103343465,3.29,True,0.075,0.025,0.15625,10000,0.0486322188449848,16.45,True,0.14375,0.0875,0.20625,10000,0.08814589665653495,32.9,True
WDBC_QNN_eff_su2_r5_d2_b02,margin,0.5460676291793313,0.4913364361702128,0.6021466565349544,10000,160,329,0.00303951367781155,0=member,satml_runs/satml_wdbc_targeted/WDBC_QNN_eff_su2_r5_d2_b02/target_attack_data.pt,stratified percentile bootstrap over member/non-member records,records,10000,satml_wdbc_targeted,breast_cancer_wdbc,qnn,qnn,-1,90262,80262,90262,pv+stats,0.05,0.0,6,2,linear,crz,eff_su2,5,linear,cx,wrap,160,80,329,1.0,-1,False,16,100,False,90262,80262,wdbc_b02,data/wdbc/wdbc.csv.gz,6,eff_su2_r5_d2,eff_su2_r5_d2,,0.5757218844984803,0.1514437689969605,0.425,0.2735562310030395,0.8337783813476562,5,0.025,0.0,0.05625,10000,0.00911854103343465,3.29,True,0.075,0.025,0.15625,10000,0.0486322188449848,16.45,True,0.14375,0.0875,0.20625,10000,0.08814589665653495,32.9,True
WDBC_QNN_eff_su2_r5_d2_b02,correctness,0.5123955167173253,0.4828362462006079,0.5401785714285714,10000,160,329,0.00303951367781155,0=member,satml_runs/satml_wdbc_targeted/WDBC_QNN_eff_su2_r5_d2_b02/target_attack_data.pt,stratified percentile bootstrap over member/non-member records,records,10000,satml_wdbc_targeted,breast_cancer_wdbc,qnn,qnn,-1,90262,80262,90262,pv+stats,0.05,0.0,6,2,linear,crz,eff_su2,5,linear,cx,wrap,160,80,329,1.0,-1,False,16,100,False,90262,80262,wdbc_b02,data/wdbc/wdbc.csv.gz,6,eff_su2_r5_d2,eff_su2_r5_d2,,0.5123955167173252,0.0247910334346505,0.90625,0.8814589665653495,1.0,5,0.0,0.0,0.0,10000,0.0,3.29,True,0.0,0.0,0.0,10000,0.0,16.45,True,0.0,0.0,0.0,10000,0.0,32.9,True
WDBC_QNN_eff_su2_r5_d2_b02,max_probability,0.5460676291793313,0.4887333776595745,0.6020516717325228,10000,160,329,0.00303951367781155,0=member,satml_runs/satml_wdbc_targeted/WDBC_QNN_eff_su2_r5_d2_b02/target_attack_data.pt,stratified percentile bootstrap over member/non-member records,records,10000,satml_wdbc_targeted,breast_cancer_wdbc,qnn,qnn,-1,90262,80262,90262,pv+stats,0.05,0.0,6,2,linear,crz,eff_su2,5,linear,cx,wrap,160,80,329,1.0,-1,False,16,100,False,90262,80262,wdbc_b02,data/wdbc/wdbc.csv.gz,6,eff_su2_r5_d2,eff_su2_r5_d2,,0.5757218844984803,0.1514437689969605,0.425,0.2735562310030395,0.9168891906738281,5,0.025,0.0,0.05625,10000,0.00911854103343465,3.29,True,0.075,0.025,0.15625,10000,0.0486322188449848,16.45,True,0.14375,0.0875,0.2125,10000,0.08814589665653495,32.9,True
WDBC_QNN_eff_su2_r5_d2_b03,loss,0.5503229483282674,0.4977179901215805,0.6018427051671732,10000,160,329,0.00303951367781155,0=member,satml_runs/satml_wdbc_targeted/WDBC_QNN_eff_su2_r5_d2_b03/target_attack_data.pt,stratified percentile bootstrap over member/non-member records,records,10000,satml_wdbc_targeted,breast_cancer_wdbc,qnn,qnn,-1,90263,80263,90263,pv+stats,0.05,0.0,6,2,linear,crz,eff_su2,5,linear,cx,wrap,160,80,329,1.0,-1,False,16,100,False,90263,80263,wdbc_b03,data/wdbc/wdbc.csv.gz,6,eff_su2_r5_d2,eff_su2_r5_d2,,0.5072853343465046,0.014570668693009159,0.64375,0.6291793313069909,-0.13417109847068787,5,0.025,0.0,0.05,10000,0.00911854103343465,3.29,True,0.0625,0.01875,0.10625,10000,0.04559270516717325,16.45,True,0.0875,0.04375,0.1375,10000,0.0911854103343465,32.9,True
WDBC_QNN_eff_su2_r5_d2_b03,entropy,0.514038753799392,0.4603310220364742,0.5675531914893617,10000,160,329,0.00303951367781155,0=member,satml_runs/satml_wdbc_targeted/WDBC_QNN_eff_su2_r5_d2_b03/target_attack_data.pt,stratified percentile bootstrap over member/non-member records,records,10000,satml_wdbc_targeted,breast_cancer_wdbc,qnn,qnn,-1,90263,80263,90263,pv+stats,0.05,0.0,6,2,linear,crz,eff_su2,5,linear,cx,wrap,160,80,329,1.0,-1,False,16,100,False,90263,80263,wdbc_b03,data/wdbc/wdbc.csv.gz,6,eff_su2_r5_d2,eff_su2_r5_d2,,0.5046542553191489,0.009308510638297851,0.5625,0.5531914893617021,-0.377580851316452,5,0.0125,0.0,0.05,10000,0.0060790273556231,3.29,True,0.0625,0.01875,0.10625,10000,0.0486322188449848,16.45,True,0.0875,0.04375,0.1375,10000,0.09422492401215805,32.9,True
WDBC_QNN_eff_su2_r5_d2_b03,confidence,0.514038753799392,0.4597064969604863,0.5679141337386018,10000,160,329,0.00303951367781155,0=member,satml_runs/satml_wdbc_targeted/WDBC_QNN_eff_su2_r5_d2_b03/target_attack_data.pt,stratified percentile bootstrap over member/non-member records,records,10000,satml_wdbc_targeted,breast_cancer_wdbc,qnn,qnn,-1,90263,80263,90263,pv+stats,0.05,0.0,6,2,linear,crz,eff_su2,5,linear,cx,wrap,160,80,329,1.0,-1,False,16,100,False,90263,80263,wdbc_b03,data/wdbc/wdbc.csv.gz,6,eff_su2_r5_d2,eff_su2_r5_d2,,0.5046542553191489,0.009308510638297851,0.5625,0.5531914893617021,0.8745829463005066,5,0.0125,0.0,0.05,10000,0.0060790273556231,3.29,True,0.0625,0.01875,0.10625,10000,0.0486322188449848,16.45,True,0.0875,0.04375,0.1375,10000,0.09422492401215805,32.9,True
WDBC_QNN_eff_su2_r5_d2_b03,margin,0.514038753799392,0.4614285714285714,0.5681245250759879,10000,160,329,0.00303951367781155,0=member,satml_runs/satml_wdbc_targeted/WDBC_QNN_eff_su2_r5_d2_b03/target_attack_data.pt,stratified percentile bootstrap over member/non-member records,records,10000,satml_wdbc_targeted,breast_cancer_wdbc,qnn,qnn,-1,90263,80263,90263,pv+stats,0.05,0.0,6,2,linear,crz,eff_su2,5,linear,cx,wrap,160,80,329,1.0,-1,False,16,100,False,90263,80263,wdbc_b03,data/wdbc/wdbc.csv.gz,6,eff_su2_r5_d2,eff_su2_r5_d2,,0.5046542553191489,0.009308510638297851,0.5625,0.5531914893617021,0.749165952205658,5,0.0125,0.0,0.05,10000,0.0060790273556231,3.29,True,0.0625,0.01875,0.10625,10000,0.0486322188449848,16.45,True,0.0875,0.04375,0.1375,10000,0.09422492401215805,32.9,True
WDBC_QNN_eff_su2_r5_d2_b03,correctness,0.5541983282674772,0.5297112462006079,0.5786854103343465,10000,160,329,0.00303951367781155,0=member,satml_runs/satml_wdbc_targeted/WDBC_QNN_eff_su2_r5_d2_b03/target_attack_data.pt,stratified percentile bootstrap over member/non-member records,records,10000,satml_wdbc_targeted,breast_cancer_wdbc,qnn,qnn,-1,90263,80263,90263,pv+stats,0.05,0.0,6,2,linear,crz,eff_su2,5,linear,cx,wrap,160,80,329,1.0,-1,False,16,100,False,90263,80263,wdbc_b03,data/wdbc/wdbc.csv.gz,6,eff_su2_r5_d2,eff_su2_r5_d2,,0.5541983282674772,0.10839665653495445,0.9625,0.8541033434650456,1.0,5,0.0,0.0,0.0,10000,0.0,3.29,True,0.0,0.0,0.0,10000,0.0,16.45,True,0.0,0.0,0.0,10000,0.0,32.9,True
WDBC_QNN_eff_su2_r5_d2_b03,max_probability,0.514038753799392,0.4601814209726444,0.5681834156534954,10000,160,329,0.00303951367781155,0=member,satml_runs/satml_wdbc_targeted/WDBC_QNN_eff_su2_r5_d2_b03/target_attack_data.pt,stratified percentile bootstrap over member/non-member records,records,10000,satml_wdbc_targeted,breast_cancer_wdbc,qnn,qnn,-1,90263,80263,90263,pv+stats,0.05,0.0,6,2,linear,crz,eff_su2,5,linear,cx,wrap,160,80,329,1.0,-1,False,16,100,False,90263,80263,wdbc_b03,data/wdbc/wdbc.csv.gz,6,eff_su2_r5_d2,eff_su2_r5_d2,,0.5046542553191489,0.009308510638297851,0.5625,0.5531914893617021,0.8745829463005066,5,0.0125,0.0,0.05,10000,0.0060790273556231,3.29,True,0.0625,0.01875,0.10625,10000,0.0486322188449848,16.45,True,0.0875,0.04375,0.1375,10000,0.09422492401215805,32.9,True
WDBC_QNN_eff_su2_r5_d2_b04,loss,0.5282769756838906,0.4734230148176292,0.5812898936170212,10000,160,329,0.00303951367781155,0=member,satml_runs/satml_wdbc_targeted/WDBC_QNN_eff_su2_r5_d2_b04/target_attack_data.pt,stratified percentile bootstrap over member/non-member records,records,10000,satml_wdbc_targeted,breast_cancer_wdbc,qnn,qnn,-1,90264,80264,90264,pv+stats,0.05,0.0,6,2,linear,crz,eff_su2,5,linear,cx,wrap,160,80,329,1.0,-1,False,16,100,False,90264,80264,wdbc_b04,data/wdbc/wdbc.csv.gz,6,eff_su2_r5_d2,eff_su2_r5_d2,,0.5372245440729483,0.07444908814589668,0.94375,0.8693009118541033,-0.4749809205532074,5,0.00625,0.0,0.03125,10000,0.00911854103343465,3.29,True,0.04375,0.012343750000000143,0.125,10000,0.0486322188449848,16.45,True,0.11875,0.0625,0.2125,10000,0.0911854103343465,32.9,True
WDBC_QNN_eff_su2_r5_d2_b04,entropy,0.5081686930091186,0.4523741451367781,0.5628428951367781,10000,160,329,0.00303951367781155,0=member,satml_runs/satml_wdbc_targeted/WDBC_QNN_eff_su2_r5_d2_b04/target_attack_data.pt,stratified percentile bootstrap over member/non-member records,records,10000,satml_wdbc_targeted,breast_cancer_wdbc,qnn,qnn,-1,90264,80264,90264,pv+stats,0.05,0.0,6,2,linear,crz,eff_su2,5,linear,cx,wrap,160,80,329,1.0,-1,False,16,100,False,90264,80264,wdbc_b04,data/wdbc/wdbc.csv.gz,6,eff_su2_r5_d2,eff_su2_r5_d2,,0.5272226443768997,0.05444528875379939,0.2125,0.1580547112462006,-0.026393519714474678,5,0.00625,0.0,0.03125,10000,0.00911854103343465,3.29,True,0.04375,0.0125,0.125,10000,0.0486322188449848,16.45,True,0.11875,0.0625,0.20625,10000,0.0911854103343465,32.9,True
WDBC_QNN_eff_su2_r5_d2_b04,confidence,0.5081781914893617,0.4535802146656535,0.5621326462765956,10000,160,329,0.00303951367781155,0=member,satml_runs/satml_wdbc_targeted/WDBC_QNN_eff_su2_r5_d2_b04/target_attack_data.pt,stratified percentile bootstrap over member/non-member records,records,10000,satml_wdbc_targeted,breast_cancer_wdbc,qnn,qnn,-1,90264,80264,90264,pv+stats,0.05,0.0,6,2,linear,crz,eff_su2,5,linear,cx,wrap,160,80,329,1.0,-1,False,16,100,False,90264,80264,wdbc_b04,data/wdbc/wdbc.csv.gz,6,eff_su2_r5_d2,eff_su2_r5_d2,,0.5272226443768997,0.05444528875379939,0.2125,0.1580547112462006,0.9959426522254944,5,0.00625,0.0,0.03125,10000,0.00911854103343465,3.29,True,0.04375,0.0125,0.11875,10000,0.0486322188449848,16.45,True,0.11875,0.0625,0.20625,10000,0.0911854103343465,32.9,True
WDBC_QNN_eff_su2_r5_d2_b04,margin,0.5081781914893617,0.4532765007598784,0.5625569908814589,10000,160,329,0.00303951367781155,0=member,satml_runs/satml_wdbc_targeted/WDBC_QNN_eff_su2_r5_d2_b04/target_attack_data.pt,stratified percentile bootstrap over member/non-member records,records,10000,satml_wdbc_targeted,breast_cancer_wdbc,qnn,qnn,-1,90264,80264,90264,pv+stats,0.05,0.0,6,2,linear,crz,eff_su2,5,linear,cx,wrap,160,80,329,1.0,-1,False,16,100,False,90264,80264,wdbc_b04,data/wdbc/wdbc.csv.gz,6,eff_su2_r5_d2,eff_su2_r5_d2,,0.5272226443768997,0.05444528875379939,0.2125,0.1580547112462006,0.9918853640556335,5,0.00625,0.0,0.03125,10000,0.00911854103343465,3.29,True,0.04375,0.00625,0.11875,10000,0.0486322188449848,16.45,True,0.11875,0.0625,0.20625,10000,0.0911854103343465,32.9,True
WDBC_QNN_eff_su2_r5_d2_b04,correctness,0.534612462006079,0.5145991641337386,0.554540273556231,10000,160,329,0.00303951367781155,0=member,satml_runs/satml_wdbc_targeted/WDBC_QNN_eff_su2_r5_d2_b04/target_attack_data.pt,stratified percentile bootstrap over member/non-member records,records,10000,satml_wdbc_targeted,breast_cancer_wdbc,qnn,qnn,-1,90264,80264,90264,pv+stats,0.05,0.0,6,2,linear,crz,eff_su2,5,linear,cx,wrap,160,80,329,1.0,-1,False,16,100,False,90264,80264,wdbc_b04,data/wdbc/wdbc.csv.gz,6,eff_su2_r5_d2,eff_su2_r5_d2,,0.534612462006079,0.06922492401215807,0.975,0.9057750759878419,1.0,5,0.0,0.0,0.0,10000,0.0,3.29,True,0.0,0.0,0.0,10000,0.0,16.45,True,0.0,0.0,0.0,10000,0.0,32.9,True
WDBC_QNN_eff_su2_r5_d2_b04,max_probability,0.5081781914893617,0.45444386398176295,0.5636212955927051,10000,160,329,0.00303951367781155,0=member,satml_runs/satml_wdbc_targeted/WDBC_QNN_eff_su2_r5_d2_b04/target_attack_data.pt,stratified percentile bootstrap over member/non-member records,records,10000,satml_wdbc_targeted,breast_cancer_wdbc,qnn,qnn,-1,90264,80264,90264,pv+stats,0.05,0.0,6,2,linear,crz,eff_su2,5,linear,cx,wrap,160,80,329,1.0,-1,False,16,100,False,90264,80264,wdbc_b04,data/wdbc/wdbc.csv.gz,6,eff_su2_r5_d2,eff_su2_r5_d2,,0.5272226443768997,0.05444528875379939,0.2125,0.1580547112462006,0.9959426522254944,5,0.00625,0.0,0.03125,10000,0.00911854103343465,3.29,True,0.04375,0.0125,0.125,10000,0.0486322188449848,16.45,True,0.11875,0.0625,0.20625,10000,0.0911854103343465,32.9,True
WDBC_QNN_eff_su2_r5_d2_b05,loss,0.46884498480243164,0.4172107712765957,0.5215045592705168,10000,160,329,0.00303951367781155,0=member,satml_runs/satml_wdbc_targeted/WDBC_QNN_eff_su2_r5_d2_b05/target_attack_data.pt,stratified percentile bootstrap over member/non-member records,records,10000,satml_wdbc_targeted,breast_cancer_wdbc,qnn,qnn,-1,90265,80265,90265,pv+stats,0.05,0.0,6,2,linear,crz,eff_su2,5,linear,cx,wrap,160,80,329,1.0,-1,False,16,100,False,90265,80265,wdbc_b05,data/wdbc/wdbc.csv.gz,6,eff_su2_r5_d2,eff_su2_r5_d2,,0.5165273556231003,0.03305471124620063,0.875,0.8419452887537994,-0.6053042411804199,5,0.0125,0.0,0.03125,10000,0.0060790273556231,3.29,True,0.025,0.00625,0.075,10000,0.03343465045592705,16.45,True,0.09375,0.0375,0.14375,10000,0.0972644376899696,32.9,True
WDBC_QNN_eff_su2_r5_d2_b05,entropy,0.44496580547112463,0.3917543693009119,0.49920212765957445,10000,160,329,0.00303951367781155,0=member,satml_runs/satml_wdbc_targeted/WDBC_QNN_eff_su2_r5_d2_b05/target_attack_data.pt,stratified percentile bootstrap over member/non-member records,records,10000,satml_wdbc_targeted,breast_cancer_wdbc,qnn,qnn,-1,90265,80265,90265,pv+stats,0.05,0.0,6,2,linear,crz,eff_su2,5,linear,cx,wrap,160,80,329,1.0,-1,False,16,100,False,90265,80265,wdbc_b05,data/wdbc/wdbc.csv.gz,6,eff_su2_r5_d2,eff_su2_r5_d2,,0.48525835866261396,-0.02948328267477207,0.7,0.729483282674772,-0.6028077602386475,5,0.0125,0.0,0.03125,10000,0.0060790273556231,3.29,True,0.025,0.00625,0.075,10000,0.03343465045592705,16.45,True,0.08125,0.0375,0.1375,10000,0.0972644376899696,32.9,True
WDBC_QNN_eff_su2_r5_d2_b05,confidence,0.44496580547112463,0.39011778115501516,0.4990515767477203,10000,160,329,0.00303951367781155,0=member,satml_runs/satml_wdbc_targeted/WDBC_QNN_eff_su2_r5_d2_b05/target_attack_data.pt,stratified percentile bootstrap over member/non-member records,records,10000,satml_wdbc_targeted,breast_cancer_wdbc,qnn,qnn,-1,90265,80265,90265,pv+stats,0.05,0.0,6,2,linear,crz,eff_su2,5,linear,cx,wrap,160,80,329,1.0,-1,False,16,100,False,90265,80265,wdbc_b05,data/wdbc/wdbc.csv.gz,6,eff_su2_r5_d2,eff_su2_r5_d2,,0.48525835866261396,-0.02948328267477207,0.7,0.729483282674772,0.7092658281326294,5,0.0125,0.0,0.03125,10000,0.0060790273556231,3.29,True,0.025,0.00625,0.075,10000,0.03343465045592705,16.45,True,0.08125,0.0375,0.1375,10000,0.0972644376899696,32.9,True
WDBC_QNN_eff_su2_r5_d2_b05,margin,0.44496580547112463,0.39232380319148935,0.49840900455927045,10000,160,329,0.00303951367781155,0=member,satml_runs/satml_wdbc_targeted/WDBC_QNN_eff_su2_r5_d2_b05/target_attack_data.pt,stratified percentile bootstrap over member/non-member records,records,10000,satml_wdbc_targeted,breast_cancer_wdbc,qnn,qnn,-1,90265,80265,90265,pv+stats,0.05,0.0,6,2,linear,crz,eff_su2,5,linear,cx,wrap,160,80,329,1.0,-1,False,16,100,False,90265,80265,wdbc_b05,data/wdbc/wdbc.csv.gz,6,eff_su2_r5_d2,eff_su2_r5_d2,,0.48525835866261396,-0.02948328267477207,0.7,0.729483282674772,0.4185316562652588,5,0.0125,0.0,0.0375,10000,0.0060790273556231,3.29,True,0.025,0.00625,0.075,10000,0.03343465045592705,16.45,True,0.08125,0.0375,0.1375,10000,0.0972644376899696,32.9,True
WDBC_QNN_eff_su2_r5_d2_b05,correctness,0.5280205167173253,0.5018427051671732,0.5526785714285715,10000,160,329,0.00303951367781155,0=member,satml_runs/satml_wdbc_targeted/WDBC_QNN_eff_su2_r5_d2_b05/target_attack_data.pt,stratified percentile bootstrap over member/non-member records,records,10000,satml_wdbc_targeted,breast_cancer_wdbc,qnn,qnn,-1,90265,80265,90265,pv+stats,0.05,0.0,6,2,linear,crz,eff_su2,5,linear,cx,wrap,160,80,329,1.0,-1,False,16,100,False,90265,80265,wdbc_b05,data/wdbc/wdbc.csv.gz,6,eff_su2_r5_d2,eff_su2_r5_d2,,0.5280205167173252,0.0560410334346505,0.9375,0.8814589665653495,1.0,5,0.0,0.0,0.0,10000,0.0,3.29,True,0.0,0.0,0.0,10000,0.0,16.45,True,0.0,0.0,0.0,10000,0.0,32.9,True
WDBC_QNN_eff_su2_r5_d2_b05,max_probability,0.44496580547112463,0.39139342705167174,0.49832921732522795,10000,160,329,0.00303951367781155,0=member,satml_runs/satml_wdbc_targeted/WDBC_QNN_eff_su2_r5_d2_b05/target_attack_data.pt,stratified percentile bootstrap over member/non-member records,records,10000,satml_wdbc_targeted,breast_cancer_wdbc,qnn,qnn,-1,90265,80265,90265,pv+stats,0.05,0.0,6,2,linear,crz,eff_su2,5,linear,cx,wrap,160,80,329,1.0,-1,False,16,100,False,90265,80265,wdbc_b05,data/wdbc/wdbc.csv.gz,6,eff_su2_r5_d2,eff_su2_r5_d2,,0.48525835866261396,-0.02948328267477207,0.7,0.729483282674772,0.7092658281326294,5,0.0125,0.0,0.03125,10000,0.0060790273556231,3.29,True,0.025,0.00625,0.075,10000,0.03343465045592705,16.45,True,0.08125,0.0375,0.1375,10000,0.0972644376899696,32.9,True
WDBC_QNN_z_r1_d2_b01,loss,0.5197568389057752,0.4640192819148936,0.5758643617021276,10000,160,329,0.00303951367781155,0=member,satml_runs/satml_wdbc_targeted/WDBC_QNN_z_r1_d2_b01/target_attack_data.pt,stratified percentile bootstrap over member/non-member records,records,10000,satml_wdbc_targeted,breast_cancer_wdbc,qnn,qnn,-1,90261,80261,90261,pv+stats,0.05,0.0,6,2,linear,crz,z,1,none,none,wrap,160,80,329,1.0,-1,False,16,100,False,90261,80261,wdbc_b01,data/wdbc/wdbc.csv.gz,6,z_r1_d2,z_r1_d2,,0.49583966565349546,-0.008320668693009126,0.3625,0.3708206686930091,-0.00017525300791021436,5,0.0125,0.0,0.0375,10000,0.00911854103343465,3.29,True,0.05625,0.00625,0.1125,10000,0.0486322188449848,16.45,True,0.1375,0.0625,0.21875,10000,0.0972644376899696,32.9,True
WDBC_QNN_z_r1_d2_b01,entropy,0.5184460486322189,0.46208111702127663,0.573518712006079,10000,160,329,0.00303951367781155,0=member,satml_runs/satml_wdbc_targeted/WDBC_QNN_z_r1_d2_b01/target_attack_data.pt,stratified percentile bootstrap over member/non-member records,records,10000,satml_wdbc_targeted,breast_cancer_wdbc,qnn,qnn,-1,90261,80261,90261,pv+stats,0.05,0.0,6,2,linear,crz,z,1,none,none,wrap,160,80,329,1.0,-1,False,16,100,False,90261,80261,wdbc_b01,data/wdbc/wdbc.csv.gz,6,z_r1_d2,z_r1_d2,,0.49583966565349546,-0.008320668693009126,0.3625,0.3708206686930091,-0.001690972363576293,5,0.01875,0.0,0.0375,10000,0.00911854103343465,3.29,True,0.05625,0.00625,0.1125,10000,0.0486322188449848,16.45,True,0.1375,0.0625,0.21875,10000,0.0972644376899696,32.9,True
WDBC_QNN_z_r1_d2_b01,confidence,0.5184460486322189,0.4632845744680851,0.5737853818389058,10000,160,329,0.00303951367781155,0=member,satml_runs/satml_wdbc_targeted/WDBC_QNN_z_r1_d2_b01/target_attack_data.pt,stratified percentile bootstrap over member/non-member records,records,10000,satml_wdbc_targeted,breast_cancer_wdbc,qnn,qnn,-1,90261,80261,90261,pv+stats,0.05,0.0,6,2,linear,crz,z,1,none,none,wrap,160,80,329,1.0,-1,False,16,100,False,90261,80261,wdbc_b01,data/wdbc/wdbc.csv.gz,6,z_r1_d2,z_r1_d2,,0.49583966565349546,-0.008320668693009126,0.3625,0.3708206686930091,0.9998247623443604,5,0.0125,0.0,0.0375,10000,0.00911854103343465,3.29,True,0.05625,0.00625,0.1125,10000,0.0486322188449848,16.45,True,0.1375,0.0625,0.21875,10000,0.0972644376899696,32.9,True
WDBC_QNN_z_r1_d2_b01,margin,0.5184460486322189,0.4641142667173252,0.5732532294832827,10000,160,329,0.00303951367781155,0=member,satml_runs/satml_wdbc_targeted/WDBC_QNN_z_r1_d2_b01/target_attack_data.pt,stratified percentile bootstrap over member/non-member records,records,10000,satml_wdbc_targeted,breast_cancer_wdbc,qnn,qnn,-1,90261,80261,90261,pv+stats,0.05,0.0,6,2,linear,crz,z,1,none,none,wrap,160,80,329,1.0,-1,False,16,100,False,90261,80261,wdbc_b01,data/wdbc/wdbc.csv.gz,6,z_r1_d2,z_r1_d2,,0.49583966565349546,-0.008320668693009126,0.3625,0.3708206686930091,0.9996495246887207,5,0.01875,0.0,0.0375,10000,0.00911854103343465,3.29,True,0.05625,0.00625,0.1125,10000,0.0486322188449848,16.45,True,0.1375,0.0625,0.21875,10000,0.0972644376899696,32.9,True
WDBC_QNN_z_r1_d2_b01,correctness,0.4934080547112462,0.4761756743920973,0.5090330547112462,10000,160,329,0.00303951367781155,0=member,satml_runs/satml_wdbc_targeted/WDBC_QNN_z_r1_d2_b01/target_attack_data.pt,stratified percentile bootstrap over member/non-member records,records,10000,satml_wdbc_targeted,breast_cancer_wdbc,qnn,qnn,-1,90261,80261,90261,pv+stats,0.05,0.0,6,2,linear,crz,z,1,none,none,wrap,160,80,329,1.0,-1,False,16,100,False,90261,80261,wdbc_b01,data/wdbc/wdbc.csv.gz,6,z_r1_d2,z_r1_d2,,0.4933605623100304,-0.013278875379939215,0.18125,0.1945288753799392,inf,5,0.0,0.0,0.0,10000,0.0,3.29,True,0.0,0.0,0.0,10000,0.0,16.45,True,0.0,0.0,0.0,10000,0.0,32.9,True
WDBC_QNN_z_r1_d2_b01,max_probability,0.5184460486322189,0.46186098974164136,0.5731677431610942,10000,160,329,0.00303951367781155,0=member,satml_runs/satml_wdbc_targeted/WDBC_QNN_z_r1_d2_b01/target_attack_data.pt,stratified percentile bootstrap over member/non-member records,records,10000,satml_wdbc_targeted,breast_cancer_wdbc,qnn,qnn,-1,90261,80261,90261,pv+stats,0.05,0.0,6,2,linear,crz,z,1,none,none,wrap,160,80,329,1.0,-1,False,16,100,False,90261,80261,wdbc_b01,data/wdbc/wdbc.csv.gz,6,z_r1_d2,z_r1_d2,,0.49583966565349546,-0.008320668693009126,0.3625,0.3708206686930091,0.9998247623443604,5,0.0125,0.0,0.0375,10000,0.00911854103343465,3.29,True,0.05625,0.00625,0.1125,10000,0.0486322188449848,16.45,True,0.1375,0.05625,0.21875,10000,0.0972644376899696,32.9,True
WDBC_QNN_z_r1_d2_b02,loss,0.521523556231003,0.46688806041033437,0.5765017097264438,10000,160,329,0.00303951367781155,0=member,satml_runs/satml_wdbc_targeted/WDBC_QNN_z_r1_d2_b02/target_attack_data.pt,stratified percentile bootstrap over member/non-member records,records,10000,satml_wdbc_targeted,breast_cancer_wdbc,qnn,qnn,-1,90262,80262,90262,pv+stats,0.05,0.0,6,2,linear,crz,z,1,none,none,wrap,160,80,329,1.0,-1,False,16,100,False,90262,80262,wdbc_b02,data/wdbc/wdbc.csv.gz,6,z_r1_d2,z_r1_d2,,0.49913563829787233,-0.001728723404255339,0.38125,0.3829787234042553,-2.4199778636102565e-05,5,0.03125,0.0,0.0625,10000,0.00911854103343465,3.29,True,0.06875,0.025,0.14375,10000,0.04559270516717325,16.45,True,0.125,0.075,0.18125,10000,0.0972644376899696,32.9,True
WDBC_QNN_z_r1_d2_b02,entropy,0.5188449848024317,0.46447473404255324,0.572532769756839,10000,160,329,0.00303951367781155,0=member,satml_runs/satml_wdbc_targeted/WDBC_QNN_z_r1_d2_b02/target_attack_data.pt,stratified percentile bootstrap over member/non-member records,records,10000,satml_wdbc_targeted,breast_cancer_wdbc,qnn,qnn,-1,90262,80262,90262,pv+stats,0.05,0.0,6,2,linear,crz,z,1,none,none,wrap,160,80,329,1.0,-1,False,16,100,False,90262,80262,wdbc_b02,data/wdbc/wdbc.csv.gz,6,z_r1_d2,z_r1_d2,,0.5039323708206687,0.00786474164133738,0.2875,0.2796352583586626,-0.00028182758251205087,5,0.03125,0.0,0.0625,10000,0.00911854103343465,3.29,True,0.08125,0.03125,0.14375,10000,0.04559270516717325,16.45,True,0.125,0.075,0.1875,10000,0.0972644376899696,32.9,True
WDBC_QNN_z_r1_d2_b02,confidence,0.5187689969604863,0.46364765387537993,0.573320431231003,10000,160,329,0.00303951367781155,0=member,satml_runs/satml_wdbc_targeted/WDBC_QNN_z_r1_d2_b02/target_attack_data.pt,stratified percentile bootstrap over member/non-member records,records,10000,satml_wdbc_targeted,breast_cancer_wdbc,qnn,qnn,-1,90262,80262,90262,pv+stats,0.05,0.0,6,2,linear,crz,z,1,none,none,wrap,160,80,329,1.0,-1,False,16,100,False,90262,80262,wdbc_b02,data/wdbc/wdbc.csv.gz,6,z_r1_d2,z_r1_d2,,0.5039323708206687,0.00786474164133738,0.2875,0.2796352583586626,0.9999758005142212,5,0.03125,0.0,0.0625,10000,0.00911854103343465,3.29,True,0.06875,0.025,0.14375,10000,0.04559270516717325,16.45,True,0.125,0.075,0.1875,10000,0.0972644376899696,32.9,True
WDBC_QNN_z_r1_d2_b02,margin,0.5187879939209727,0.4638283624620061,0.5736243825987841,10000,160,329,0.00303951367781155,0=member,satml_runs/satml_wdbc_targeted/WDBC_QNN_z_r1_d2_b02/target_attack_data.pt,stratified percentile bootstrap over member/non-member records,records,10000,satml_wdbc_targeted,breast_cancer_wdbc,qnn,qnn,-1,90262,80262,90262,pv+stats,0.05,0.0,6,2,linear,crz,z,1,none,none,wrap,160,80,329,1.0,-1,False,16,100,False,90262,80262,wdbc_b02,data/wdbc/wdbc.csv.gz,6,z_r1_d2,z_r1_d2,,0.5039323708206687,0.00786474164133738,0.2875,0.2796352583586626,0.9999515414237976,5,0.03125,0.0,0.0625,10000,0.00911854103343465,3.29,True,0.08125,0.03125,0.14375,10000,0.0486322188449848,16.45,True,0.125,0.06875,0.1875,10000,0.0972644376899696,32.9,True
WDBC_QNN_z_r1_d2_b02,correctness,0.5227963525835866,0.5121580547112462,0.5349544072948328,10000,160,329,0.00303951367781155,0=member,satml_runs/satml_wdbc_targeted/WDBC_QNN_z_r1_d2_b02/target_attack_data.pt,stratified percentile bootstrap over member/non-member records,records,10000,satml_wdbc_targeted,breast_cancer_wdbc,qnn,qnn,-1,90262,80262,90262,pv+stats,0.05,0.0,6,2,linear,crz,z,1,none,none,wrap,160,80,329,1.0,-1,False,16,100,False,90262,80262,wdbc_b02,data/wdbc/wdbc.csv.gz,6,z_r1_d2,z_r1_d2,,0.5227963525835866,0.045592705167173286,1.0,0.9544072948328267,1.0,5,0.0,0.0,0.0,10000,0.0,3.29,True,0.0,0.0,0.0,10000,0.0,16.45,True,0.0,0.0,0.0,10000,0.0,32.9,True
WDBC_QNN_z_r1_d2_b02,max_probability,0.5187689969604863,0.4624710296352583,0.5734899791033434,10000,160,329,0.00303951367781155,0=member,satml_runs/satml_wdbc_targeted/WDBC_QNN_z_r1_d2_b02/target_attack_data.pt,stratified percentile bootstrap over member/non-member records,records,10000,satml_wdbc_targeted,breast_cancer_wdbc,qnn,qnn,-1,90262,80262,90262,pv+stats,0.05,0.0,6,2,linear,crz,z,1,none,none,wrap,160,80,329,1.0,-1,False,16,100,False,90262,80262,wdbc_b02,data/wdbc/wdbc.csv.gz,6,z_r1_d2,z_r1_d2,,0.5039323708206687,0.00786474164133738,0.2875,0.2796352583586626,0.9999758005142212,5,0.03125,0.0,0.0625,10000,0.00911854103343465,3.29,True,0.06875,0.025,0.14375,10000,0.04559270516717325,16.45,True,0.125,0.06875,0.1875,10000,0.0972644376899696,32.9,True
WDBC_QNN_z_r1_d2_b03,loss,0.5365881458966566,0.4816952412613982,0.5918051861702128,10000,160,329,0.00303951367781155,0=member,satml_runs/satml_wdbc_targeted/WDBC_QNN_z_r1_d2_b03/target_attack_data.pt,stratified percentile bootstrap over member/non-member records,records,10000,satml_wdbc_targeted,breast_cancer_wdbc,qnn,qnn,-1,90263,80263,90263,pv+stats,0.05,0.0,6,2,linear,crz,z,1,none,none,wrap,160,80,329,1.0,-1,False,16,100,False,90263,80263,wdbc_b03,data/wdbc/wdbc.csv.gz,6,z_r1_d2,z_r1_d2,,0.48329217325227963,-0.033415653495440734,0.55625,0.5896656534954408,-4.136647839914076e-05,5,0.0,0.0,0.06875,10000,0.0,3.29,True,0.075,0.01875,0.13125,10000,0.04559270516717325,16.45,True,0.15625,0.06875,0.21875,10000,0.0972644376899696,32.9,True
WDBC_QNN_z_r1_d2_b03,entropy,0.5333396656534956,0.4796727773556231,0.5869495630699088,10000,160,329,0.00303951367781155,0=member,satml_runs/satml_wdbc_targeted/WDBC_QNN_z_r1_d2_b03/target_attack_data.pt,stratified percentile bootstrap over member/non-member records,records,10000,satml_wdbc_targeted,breast_cancer_wdbc,qnn,qnn,-1,90263,80263,90263,pv+stats,0.05,0.0,6,2,linear,crz,z,1,none,none,wrap,160,80,329,1.0,-1,False,16,100,False,90263,80263,wdbc_b03,data/wdbc/wdbc.csv.gz,6,z_r1_d2,z_r1_d2,,0.4809840425531915,-0.038031914893617014,0.3875,0.425531914893617,-0.00016913212311919779,5,0.04375,0.00625,0.075,10000,0.00911854103343465,3.29,True,0.08125,0.03125,0.14375,10000,0.04559270516717325,16.45,True,0.15625,0.0875,0.225,10000,0.0972644376899696,32.9,True
WDBC_QNN_z_r1_d2_b03,confidence,0.5336816109422493,0.4790822093465046,0.5890587006079028,10000,160,329,0.00303951367781155,0=member,satml_runs/satml_wdbc_targeted/WDBC_QNN_z_r1_d2_b03/target_attack_data.pt,stratified percentile bootstrap over member/non-member records,records,10000,satml_wdbc_targeted,breast_cancer_wdbc,qnn,qnn,-1,90263,80263,90263,pv+stats,0.05,0.0,6,2,linear,crz,z,1,none,none,wrap,160,80,329,1.0,-1,False,16,100,False,90263,80263,wdbc_b03,data/wdbc/wdbc.csv.gz,6,z_r1_d2,z_r1_d2,,0.4809840425531915,-0.038031914893617014,0.3875,0.425531914893617,0.9999861717224121,5,0.0,0.0,0.06875,10000,0.0,3.29,True,0.075,0.01875,0.13125,10000,0.04559270516717325,16.45,True,0.15625,0.075,0.21875,10000,0.0972644376899696,32.9,True
WDBC_QNN_z_r1_d2_b03,margin,0.5334346504559271,0.478010780775076,0.5876816584346505,10000,160,329,0.00303951367781155,0=member,satml_runs/satml_wdbc_targeted/WDBC_QNN_z_r1_d2_b03/target_attack_data.pt,stratified percentile bootstrap over member/non-member records,records,10000,satml_wdbc_targeted,breast_cancer_wdbc,qnn,qnn,-1,90263,80263,90263,pv+stats,0.05,0.0,6,2,linear,crz,z,1,none,none,wrap,160,80,329,1.0,-1,False,16,100,False,90263,80263,wdbc_b03,data/wdbc/wdbc.csv.gz,6,z_r1_d2,z_r1_d2,,0.4809840425531915,-0.038031914893617014,0.3875,0.425531914893617,0.9999722838401794,5,0.025,0.0,0.075,10000,0.00911854103343465,3.29,True,0.08125,0.03125,0.14375,10000,0.0486322188449848,16.45,True,0.15625,0.0875,0.21875,10000,0.0972644376899696,32.9,True
WDBC_QNN_z_r1_d2_b03,correctness,0.5227963525835866,0.5121580547112462,0.5349544072948328,10000,160,329,0.00303951367781155,0=member,satml_runs/satml_wdbc_targeted/WDBC_QNN_z_r1_d2_b03/target_attack_data.pt,stratified percentile bootstrap over member/non-member records,records,10000,satml_wdbc_targeted,breast_cancer_wdbc,qnn,qnn,-1,90263,80263,90263,pv+stats,0.05,0.0,6,2,linear,crz,z,1,none,none,wrap,160,80,329,1.0,-1,False,16,100,False,90263,80263,wdbc_b03,data/wdbc/wdbc.csv.gz,6,z_r1_d2,z_r1_d2,,0.5227963525835866,0.045592705167173286,1.0,0.9544072948328267,1.0,5,0.0,0.0,0.0,10000,0.0,3.29,True,0.0,0.0,0.0,10000,0.0,16.45,True,0.0,0.0,0.0,10000,0.0,32.9,True
WDBC_QNN_z_r1_d2_b03,max_probability,0.5336816109422493,0.47912186550151975,0.5898667838145897,10000,160,329,0.00303951367781155,0=member,satml_runs/satml_wdbc_targeted/WDBC_QNN_z_r1_d2_b03/target_attack_data.pt,stratified percentile bootstrap over member/non-member records,records,10000,satml_wdbc_targeted,breast_cancer_wdbc,qnn,qnn,-1,90263,80263,90263,pv+stats,0.05,0.0,6,2,linear,crz,z,1,none,none,wrap,160,80,329,1.0,-1,False,16,100,False,90263,80263,wdbc_b03,data/wdbc/wdbc.csv.gz,6,z_r1_d2,z_r1_d2,,0.4809840425531915,-0.038031914893617014,0.3875,0.425531914893617,0.9999861717224121,5,0.0,0.0,0.06875,10000,0.0,3.29,True,0.075,0.01875,0.1375,10000,0.04559270516717325,16.45,True,0.15625,0.075,0.21875,10000,0.0972644376899696,32.9,True
WDBC_QNN_z_r1_d2_b04,loss,0.5361892097264438,0.4821713525835866,0.5903609422492401,10000,160,329,0.00303951367781155,0=member,satml_runs/satml_wdbc_targeted/WDBC_QNN_z_r1_d2_b04/target_attack_data.pt,stratified percentile bootstrap over member/non-member records,records,10000,satml_wdbc_targeted,breast_cancer_wdbc,qnn,qnn,-1,90264,80264,90264,pv+stats,0.05,0.0,6,2,linear,crz,z,1,none,none,wrap,160,80,329,1.0,-1,False,16,100,False,90264,80264,wdbc_b04,data/wdbc/wdbc.csv.gz,6,z_r1_d2,z_r1_d2,,0.4787993920972644,-0.042401215805471126,0.45,0.49240121580547114,-0.00014920155808795244,5,0.0,0.0,0.0,10000,0.0,3.29,True,0.0,0.0,0.1125,10000,0.0,16.45,True,0.16875,0.05625,0.2375,10000,0.0972644376899696,32.9,True
WDBC_QNN_z_r1_d2_b04,entropy,0.5342705167173252,0.4796537803951368,0.5877469604863221,10000,160,329,0.00303951367781155,0=member,satml_runs/satml_wdbc_targeted/WDBC_QNN_z_r1_d2_b04/target_attack_data.pt,stratified percentile bootstrap over member/non-member records,records,10000,satml_wdbc_targeted,breast_cancer_wdbc,qnn,qnn,-1,90264,80264,90264,pv+stats,0.05,0.0,6,2,linear,crz,z,1,none,none,wrap,160,80,329,1.0,-1,False,16,100,False,90264,80264,wdbc_b04,data/wdbc/wdbc.csv.gz,6,z_r1_d2,z_r1_d2,,0.5025835866261398,0.005167173252279611,0.3,0.2948328267477204,-8.110131602734327e-06,5,0.01875,0.0,0.04375,10000,0.0060790273556231,3.29,True,0.06875,0.01875,0.15625,10000,0.04559270516717325,16.45,True,0.16875,0.1,0.24375,10000,0.0972644376899696,32.9,True
WDBC_QNN_z_r1_d2_b04,confidence,0.5339855623100305,0.47903685410334346,0.5885954122340425,10000,160,329,0.00303951367781155,0=member,satml_runs/satml_wdbc_targeted/WDBC_QNN_z_r1_d2_b04/target_attack_data.pt,stratified percentile bootstrap over member/non-member records,records,10000,satml_wdbc_targeted,breast_cancer_wdbc,qnn,qnn,-1,90264,80264,90264,pv+stats,0.05,0.0,6,2,linear,crz,z,1,none,none,wrap,160,80,329,1.0,-1,False,16,100,False,90264,80264,wdbc_b04,data/wdbc/wdbc.csv.gz,6,z_r1_d2,z_r1_d2,,0.4787993920972644,-0.042401215805471126,0.45,0.49240121580547114,0.9998508095741272,5,0.0,0.0,0.0,10000,0.0,3.29,True,0.0,0.0,0.1125,10000,0.0,16.45,True,0.16875,0.05625,0.2375,10000,0.0972644376899696,32.9,True
WDBC_QNN_z_r1_d2_b04,margin,0.5342800151975684,0.4797102963525836,0.5877569338905775,10000,160,329,0.00303951367781155,0=member,satml_runs/satml_wdbc_targeted/WDBC_QNN_z_r1_d2_b04/target_attack_data.pt,stratified percentile bootstrap over member/non-member records,records,10000,satml_wdbc_targeted,breast_cancer_wdbc,qnn,qnn,-1,90264,80264,90264,pv+stats,0.05,0.0,6,2,linear,crz,z,1,none,none,wrap,160,80,329,1.0,-1,False,16,100,False,90264,80264,wdbc_b04,data/wdbc/wdbc.csv.gz,6,z_r1_d2,z_r1_d2,,0.4842800151975684,-0.03143996960486323,0.40625,0.4376899696048632,0.9997015595436096,5,0.0,0.0,0.0,10000,0.0,3.29,True,0.05,0.0,0.1375,10000,0.03951367781155015,16.45,True,0.16875,0.08125,0.2375,10000,0.0972644376899696,32.9,True
WDBC_QNN_z_r1_d2_b04,correctness,0.5167173252279635,0.5075987841945289,0.5273556231003039,10000,160,329,0.00303951367781155,0=member,satml_runs/satml_wdbc_targeted/WDBC_QNN_z_r1_d2_b04/target_attack_data.pt,stratified percentile bootstrap over member/non-member records,records,10000,satml_wdbc_targeted,breast_cancer_wdbc,qnn,qnn,-1,90264,80264,90264,pv+stats,0.05,0.0,6,2,linear,crz,z,1,none,none,wrap,160,80,329,1.0,-1,False,16,100,False,90264,80264,wdbc_b04,data/wdbc/wdbc.csv.gz,6,z_r1_d2,z_r1_d2,,0.5167173252279635,0.033434650455927084,1.0,0.9665653495440729,1.0,5,0.0,0.0,0.0,10000,0.0,3.29,True,0.0,0.0,0.0,10000,0.0,16.45,True,0.0,0.0,0.0,10000,0.0,32.9,True
WDBC_QNN_z_r1_d2_b04,max_probability,0.5339855623100305,0.4793305946048632,0.5883643617021277,10000,160,329,0.00303951367781155,0=member,satml_runs/satml_wdbc_targeted/WDBC_QNN_z_r1_d2_b04/target_attack_data.pt,stratified percentile bootstrap over member/non-member records,records,10000,satml_wdbc_targeted,breast_cancer_wdbc,qnn,qnn,-1,90264,80264,90264,pv+stats,0.05,0.0,6,2,linear,crz,z,1,none,none,wrap,160,80,329,1.0,-1,False,16,100,False,90264,80264,wdbc_b04,data/wdbc/wdbc.csv.gz,6,z_r1_d2,z_r1_d2,,0.4787993920972644,-0.042401215805471126,0.45,0.49240121580547114,0.9998508095741272,5,0.0,0.0,0.0,10000,0.0,3.29,True,0.0,0.0,0.1125,10000,0.0,16.45,True,0.16875,0.05625,0.2375,10000,0.0972644376899696,32.9,True
WDBC_QNN_z_r1_d2_b05,loss,0.5103723404255318,0.45348238031914895,0.566622577887538,10000,160,329,0.00303951367781155,0=member,satml_runs/satml_wdbc_targeted/WDBC_QNN_z_r1_d2_b05/target_attack_data.pt,stratified percentile bootstrap over member/non-member records,records,10000,satml_wdbc_targeted,breast_cancer_wdbc,qnn,qnn,-1,90265,80265,90265,pv+stats,0.05,0.0,6,2,linear,crz,z,1,none,none,wrap,160,80,329,1.0,-1,False,16,100,False,90265,80265,wdbc_b05,data/wdbc/wdbc.csv.gz,6,z_r1_d2,z_r1_d2,,0.5362746960486322,0.07254939209726441,0.31875,0.24620060790273557,-0.00011373213055776432,5,0.01875,0.0,0.05,10000,0.00911854103343465,3.29,True,0.075,0.03125,0.13125,10000,0.0486322188449848,16.45,True,0.1375,0.0625,0.20625,10000,0.0972644376899696,32.9,True
WDBC_QNN_z_r1_d2_b05,entropy,0.5082066869300912,0.45132978723404255,0.5655024696048633,10000,160,329,0.00303951367781155,0=member,satml_runs/satml_wdbc_targeted/WDBC_QNN_z_r1_d2_b05/target_attack_data.pt,stratified percentile bootstrap over member/non-member records,records,10000,satml_wdbc_targeted,breast_cancer_wdbc,qnn,qnn,-1,90265,80265,90265,pv+stats,0.05,0.0,6,2,linear,crz,z,1,none,none,wrap,160,80,329,1.0,-1,False,16,100,False,90265,80265,wdbc_b05,data/wdbc/wdbc.csv.gz,6,z_r1_d2,z_r1_d2,,0.5362746960486322,0.07254939209726441,0.31875,0.24620060790273557,-0.001146409078501165,5,0.01875,0.0,0.05,10000,0.00911854103343465,3.29,True,0.075,0.03125,0.13125,10000,0.0486322188449848,16.45,True,0.1375,0.06875,0.20625,10000,0.0972644376899696,32.9,True
WDBC_QNN_z_r1_d2_b05,confidence,0.5082066869300913,0.4509686075227964,0.5660645421732523,10000,160,329,0.00303951367781155,0=member,satml_runs/satml_wdbc_targeted/WDBC_QNN_z_r1_d2_b05/target_attack_data.pt,stratified percentile bootstrap over member/non-member records,records,10000,satml_wdbc_targeted,breast_cancer_wdbc,qnn,qnn,-1,90265,80265,90265,pv+stats,0.05,0.0,6,2,linear,crz,z,1,none,none,wrap,160,80,329,1.0,-1,False,16,100,False,90265,80265,wdbc_b05,data/wdbc/wdbc.csv.gz,6,z_r1_d2,z_r1_d2,,0.5362746960486322,0.07254939209726441,0.31875,0.24620060790273557,0.9998862743377686,5,0.01875,0.0,0.04375,10000,0.00911854103343465,3.29,True,0.075,0.03125,0.13125,10000,0.0486322188449848,16.45,True,0.1375,0.0625,0.20625,10000,0.0972644376899696,32.9,True
WDBC_QNN_z_r1_d2_b05,margin,0.508187689969605,0.4508738601823708,0.5652566964285713,10000,160,329,0.00303951367781155,0=member,satml_runs/satml_wdbc_targeted/WDBC_QNN_z_r1_d2_b05/target_attack_data.pt,stratified percentile bootstrap over member/non-member records,records,10000,satml_wdbc_targeted,breast_cancer_wdbc,qnn,qnn,-1,90265,80265,90265,pv+stats,0.05,0.0,6,2,linear,crz,z,1,none,none,wrap,160,80,329,1.0,-1,False,16,100,False,90265,80265,wdbc_b05,data/wdbc/wdbc.csv.gz,6,z_r1_d2,z_r1_d2,,0.5362746960486322,0.07254939209726441,0.31875,0.24620060790273557,0.9997725486755371,5,0.01875,0.0,0.05,10000,0.00911854103343465,3.29,True,0.075,0.03125,0.13125,10000,0.0486322188449848,16.45,True,0.1375,0.0625,0.20625,10000,0.0972644376899696,32.9,True
WDBC_QNN_z_r1_d2_b05,correctness,0.5027830547112462,0.4888487841945289,0.5151975683890577,10000,160,329,0.00303951367781155,0=member,satml_runs/satml_wdbc_targeted/WDBC_QNN_z_r1_d2_b05/target_attack_data.pt,stratified percentile bootstrap over member/non-member records,records,10000,satml_wdbc_targeted,breast_cancer_wdbc,qnn,qnn,-1,90265,80265,90265,pv+stats,0.05,0.0,6,2,linear,crz,z,1,none,none,wrap,160,80,329,1.0,-1,False,16,100,False,90265,80265,wdbc_b05,data/wdbc/wdbc.csv.gz,6,z_r1_d2,z_r1_d2,,0.49852773556231,-0.0029445288753799925,0.78125,0.78419452887538,1.0,5,0.0,0.0,0.0,10000,0.0,3.29,True,0.0,0.0,0.0,10000,0.0,16.45,True,0.0,0.0,0.0,10000,0.0,32.9,True
WDBC_QNN_z_r1_d2_b05,max_probability,0.5082066869300913,0.45074824278115505,0.5660434080547112,10000,160,329,0.00303951367781155,0=member,satml_runs/satml_wdbc_targeted/WDBC_QNN_z_r1_d2_b05/target_attack_data.pt,stratified percentile bootstrap over member/non-member records,records,10000,satml_wdbc_targeted,breast_cancer_wdbc,qnn,qnn,-1,90265,80265,90265,pv+stats,0.05,0.0,6,2,linear,crz,z,1,none,none,wrap,160,80,329,1.0,-1,False,16,100,False,90265,80265,wdbc_b05,data/wdbc/wdbc.csv.gz,6,z_r1_d2,z_r1_d2,,0.5362746960486322,0.07254939209726441,0.31875,0.24620060790273557,0.9998862743377686,5,0.01875,0.0,0.04375,10000,0.00911854103343465,3.29,True,0.075,0.03125,0.13125,10000,0.0486322188449848,16.45,True,0.1375,0.0625,0.20625,10000,0.0972644376899696,32.9,True
WDBC_QNN_z_r5_d2_b01,loss,0.6102963525835866,0.5597824848024315,0.660183320668693,10000,160,329,0.00303951367781155,0=member,satml_runs/satml_wdbc_targeted/WDBC_QNN_z_r5_d2_b01/target_attack_data.pt,stratified percentile bootstrap over member/non-member records,records,10000,satml_wdbc_targeted,breast_cancer_wdbc,qnn,qnn,-1,90261,80261,90261,pv+stats,0.05,0.0,6,2,linear,crz,z,5,none,none,wrap,160,80,329,1.0,-1,False,16,100,False,90261,80261,wdbc_b01,data/wdbc/wdbc.csv.gz,6,z_r5_d2,z_r5_d2,,0.5953837386018237,0.1907674772036475,0.8625,0.6717325227963525,-0.9199660420417786,5,0.00625,0.0,0.05625,10000,0.00911854103343465,3.29,True,0.06875,0.03125,0.13125,10000,0.0425531914893617,16.45,True,0.15,0.075,0.2125,10000,0.0972644376899696,32.9,True
WDBC_QNN_z_r5_d2_b01,entropy,0.49561170212765954,0.4403106003039514,0.5504753989361701,10000,160,329,0.00303951367781155,0=member,satml_runs/satml_wdbc_targeted/WDBC_QNN_z_r5_d2_b01/target_attack_data.pt,stratified percentile bootstrap over member/non-member records,records,10000,satml_wdbc_targeted,breast_cancer_wdbc,qnn,qnn,-1,90261,80261,90261,pv+stats,0.05,0.0,6,2,linear,crz,z,5,none,none,wrap,160,80,329,1.0,-1,False,16,100,False,90261,80261,wdbc_b01,data/wdbc/wdbc.csv.gz,6,z_r5_d2,z_r5_d2,,0.4959061550151976,-0.008187689969604894,0.25625,0.26443768996960487,-0.15088923275470734,5,0.0,0.0,0.04375,10000,0.00303951367781155,3.29,True,0.0625,0.025,0.1125,10000,0.04559270516717325,16.45,True,0.13125,0.0625,0.2,10000,0.0972644376899696,32.9,True
WDBC_QNN_z_r5_d2_b01,confidence,0.49561170212765954,0.44135590805471125,0.5509498480243161,10000,160,329,0.00303951367781155,0=member,satml_runs/satml_wdbc_targeted/WDBC_QNN_z_r5_d2_b01/target_attack_data.pt,stratified percentile bootstrap over member/non-member records,records,10000,satml_wdbc_targeted,breast_cancer_wdbc,qnn,qnn,-1,90261,80261,90261,pv+stats,0.05,0.0,6,2,linear,crz,z,5,none,none,wrap,160,80,329,1.0,-1,False,16,100,False,90261,80261,wdbc_b01,data/wdbc/wdbc.csv.gz,6,z_r5_d2,z_r5_d2,,0.4959061550151976,-0.008187689969604894,0.25625,0.26443768996960487,0.9652485847473145,5,0.0,0.0,0.04375,10000,0.00303951367781155,3.29,True,0.0625,0.025,0.11875,10000,0.04559270516717325,16.45,True,0.13125,0.0625,0.19375,10000,0.0972644376899696,32.9,True
WDBC_QNN_z_r5_d2_b01,margin,0.49561170212765954,0.44082256838905776,0.5506287993920972,10000,160,329,0.00303951367781155,0=member,satml_runs/satml_wdbc_targeted/WDBC_QNN_z_r5_d2_b01/target_attack_data.pt,stratified percentile bootstrap over member/non-member records,records,10000,satml_wdbc_targeted,breast_cancer_wdbc,qnn,qnn,-1,90261,80261,90261,pv+stats,0.05,0.0,6,2,linear,crz,z,5,none,none,wrap,160,80,329,1.0,-1,False,16,100,False,90261,80261,wdbc_b01,data/wdbc/wdbc.csv.gz,6,z_r5_d2,z_r5_d2,,0.4959061550151976,-0.008187689969604894,0.25625,0.26443768996960487,0.9304971098899841,5,0.0,0.0,0.04375,10000,0.00303951367781155,3.29,True,0.0625,0.025,0.11875,10000,0.04559270516717325,16.45,True,0.13125,0.0625,0.2,10000,0.0972644376899696,32.9,True
WDBC_QNN_z_r5_d2_b01,correctness,0.5920022796352584,0.55340781724924,0.6290769851823708,10000,160,329,0.00303951367781155,0=member,satml_runs/satml_wdbc_targeted/WDBC_QNN_z_r5_d2_b01/target_attack_data.pt,stratified percentile bootstrap over member/non-member records,records,10000,satml_wdbc_targeted,breast_cancer_wdbc,qnn,qnn,-1,90261,80261,90261,pv+stats,0.05,0.0,6,2,linear,crz,z,5,none,none,wrap,160,80,329,1.0,-1,False,16,100,False,90261,80261,wdbc_b01,data/wdbc/wdbc.csv.gz,6,z_r5_d2,z_r5_d2,,0.5920022796352584,0.18400455927051673,0.8375,0.6534954407294833,1.0,5,0.0,0.0,0.0,10000,0.0,3.29,True,0.0,0.0,0.0,10000,0.0,16.45,True,0.0,0.0,0.0,10000,0.0,32.9,True
WDBC_QNN_z_r5_d2_b01,max_probability,0.49561170212765954,0.4405765577507599,0.5520336246200608,10000,160,329,0.00303951367781155,0=member,satml_runs/satml_wdbc_targeted/WDBC_QNN_z_r5_d2_b01/target_attack_data.pt,stratified percentile bootstrap over member/non-member records,records,10000,satml_wdbc_targeted,breast_cancer_wdbc,qnn,qnn,-1,90261,80261,90261,pv+stats,0.05,0.0,6,2,linear,crz,z,5,none,none,wrap,160,80,329,1.0,-1,False,16,100,False,90261,80261,wdbc_b01,data/wdbc/wdbc.csv.gz,6,z_r5_d2,z_r5_d2,,0.4959061550151976,-0.008187689969604894,0.25625,0.26443768996960487,0.9652485847473145,5,0.0,0.0,0.04375,10000,0.00303951367781155,3.29,True,0.0625,0.025,0.1125,10000,0.04559270516717325,16.45,True,0.13125,0.0625,0.2,10000,0.0972644376899696,32.9,True
WDBC_QNN_z_r5_d2_b02,loss,0.5780965045592705,0.526063354863222,0.6296176861702127,10000,160,329,0.00303951367781155,0=member,satml_runs/satml_wdbc_targeted/WDBC_QNN_z_r5_d2_b02/target_attack_data.pt,stratified percentile bootstrap over member/non-member records,records,10000,satml_wdbc_targeted,breast_cancer_wdbc,qnn,qnn,-1,90262,80262,90262,pv+stats,0.05,0.0,6,2,linear,crz,z,5,none,none,wrap,160,80,329,1.0,-1,False,16,100,False,90262,80262,wdbc_b02,data/wdbc/wdbc.csv.gz,6,z_r5_d2,z_r5_d2,,0.5684365501519757,0.1368731003039514,0.78125,0.6443768996960486,-0.4098171293735504,5,0.03125,0.0,0.06875,10000,0.00911854103343465,3.29,True,0.06875,0.025,0.1125,10000,0.0486322188449848,16.45,True,0.10625,0.05625,0.1875,10000,0.09422492401215805,32.9,True
WDBC_QNN_z_r5_d2_b02,entropy,0.4821238601823709,0.42589238221884496,0.5385871010638298,10000,160,329,0.00303951367781155,0=member,satml_runs/satml_wdbc_targeted/WDBC_QNN_z_r5_d2_b02/target_attack_data.pt,stratified percentile bootstrap over member/non-member records,records,10000,satml_wdbc_targeted,breast_cancer_wdbc,qnn,qnn,-1,90262,80262,90262,pv+stats,0.05,0.0,6,2,linear,crz,z,5,none,none,wrap,160,80,329,1.0,-1,False,16,100,False,90262,80262,wdbc_b02,data/wdbc/wdbc.csv.gz,6,z_r5_d2,z_r5_d2,,0.48583776595744677,-0.028324468085106358,0.63125,0.6595744680851063,-0.6385020017623901,5,0.03125,0.0,0.0625,10000,0.00911854103343465,3.29,True,0.05625,0.025,0.1,10000,0.0364741641337386,16.45,True,0.09375,0.04375,0.14375,10000,0.09422492401215805,32.9,True
WDBC_QNN_z_r5_d2_b02,confidence,0.4821238601823709,0.4267453457446808,0.5378994110942249,10000,160,329,0.00303951367781155,0=member,satml_runs/satml_wdbc_targeted/WDBC_QNN_z_r5_d2_b02/target_attack_data.pt,stratified percentile bootstrap over member/non-member records,records,10000,satml_wdbc_targeted,breast_cancer_wdbc,qnn,qnn,-1,90262,80262,90262,pv+stats,0.05,0.0,6,2,linear,crz,z,5,none,none,wrap,160,80,329,1.0,-1,False,16,100,False,90262,80262,wdbc_b02,data/wdbc/wdbc.csv.gz,6,z_r5_d2,z_r5_d2,,0.48583776595744677,-0.028324468085106358,0.63125,0.6595744680851063,0.6637716293334961,5,0.03125,0.0,0.0625,10000,0.00911854103343465,3.29,True,0.05625,0.025,0.1,10000,0.0364741641337386,16.45,True,0.09375,0.04375,0.14375,10000,0.09422492401215805,32.9,True
WDBC_QNN_z_r5_d2_b02,margin,0.4821238601823709,0.4258539133738602,0.5377878039513677,10000,160,329,0.00303951367781155,0=member,satml_runs/satml_wdbc_targeted/WDBC_QNN_z_r5_d2_b02/target_attack_data.pt,stratified percentile bootstrap over member/non-member records,records,10000,satml_wdbc_targeted,breast_cancer_wdbc,qnn,qnn,-1,90262,80262,90262,pv+stats,0.05,0.0,6,2,linear,crz,z,5,none,none,wrap,160,80,329,1.0,-1,False,16,100,False,90262,80262,wdbc_b02,data/wdbc/wdbc.csv.gz,6,z_r5_d2,z_r5_d2,,0.48583776595744677,-0.028324468085106358,0.63125,0.6595744680851063,0.3275431990623474,5,0.03125,0.0,0.06875,10000,0.00911854103343465,3.29,True,0.05625,0.025,0.1,10000,0.0364741641337386,16.45,True,0.09375,0.04375,0.14375,10000,0.09422492401215805,32.9,True
WDBC_QNN_z_r5_d2_b02,correctness,0.5754559270516717,0.5370345744680851,0.6122720364741642,10000,160,329,0.00303951367781155,0=member,satml_runs/satml_wdbc_targeted/WDBC_QNN_z_r5_d2_b02/target_attack_data.pt,stratified percentile bootstrap over member/non-member records,records,10000,satml_wdbc_targeted,breast_cancer_wdbc,qnn,qnn,-1,90262,80262,90262,pv+stats,0.05,0.0,6,2,linear,crz,z,5,none,none,wrap,160,80,329,1.0,-1,False,16,100,False,90262,80262,wdbc_b02,data/wdbc/wdbc.csv.gz,6,z_r5_d2,z_r5_d2,,0.5754559270516717,0.1509118541033434,0.85,0.6990881458966566,1.0,5,0.0,0.0,0.0,10000,0.0,3.29,True,0.0,0.0,0.0,10000,0.0,16.45,True,0.0,0.0,0.0,10000,0.0,32.9,True
WDBC_QNN_z_r5_d2_b02,max_probability,0.4821238601823709,0.4274121390577508,0.5366266147416413,10000,160,329,0.00303951367781155,0=member,satml_runs/satml_wdbc_targeted/WDBC_QNN_z_r5_d2_b02/target_attack_data.pt,stratified percentile bootstrap over member/non-member records,records,10000,satml_wdbc_targeted,breast_cancer_wdbc,qnn,qnn,-1,90262,80262,90262,pv+stats,0.05,0.0,6,2,linear,crz,z,5,none,none,wrap,160,80,329,1.0,-1,False,16,100,False,90262,80262,wdbc_b02,data/wdbc/wdbc.csv.gz,6,z_r5_d2,z_r5_d2,,0.48583776595744677,-0.028324468085106358,0.63125,0.6595744680851063,0.6637716293334961,5,0.03125,0.0,0.06875,10000,0.00911854103343465,3.29,True,0.05625,0.025,0.1,10000,0.0364741641337386,16.45,True,0.09375,0.04375,0.14375,10000,0.09422492401215805,32.9,True
WDBC_QNN_z_r5_d2_b03,loss,0.58290273556231,0.5313635068389058,0.6342325227963526,10000,160,329,0.00303951367781155,0=member,satml_runs/satml_wdbc_targeted/WDBC_QNN_z_r5_d2_b03/target_attack_data.pt,stratified percentile bootstrap over member/non-member records,records,10000,satml_wdbc_targeted,breast_cancer_wdbc,qnn,qnn,-1,90263,80263,90263,pv+stats,0.05,0.0,6,2,linear,crz,z,5,none,none,wrap,160,80,329,1.0,-1,False,16,100,False,90263,80263,wdbc_b03,data/wdbc/wdbc.csv.gz,6,z_r5_d2,z_r5_d2,,0.5801671732522796,0.16033434650455924,0.75,0.5896656534954408,-0.47791919112205505,5,0.0125,0.0,0.03125,10000,0.0060790273556231,3.29,True,0.0375,0.00625,0.08125,10000,0.0486322188449848,16.45,True,0.0875,0.0375,0.16875,10000,0.09422492401215805,32.9,True
WDBC_QNN_z_r5_d2_b03,entropy,0.5111512158054711,0.4587348024316109,0.5636801861702128,10000,160,329,0.00303951367781155,0=member,satml_runs/satml_wdbc_targeted/WDBC_QNN_z_r5_d2_b03/target_attack_data.pt,stratified percentile bootstrap over member/non-member records,records,10000,satml_wdbc_targeted,breast_cancer_wdbc,qnn,qnn,-1,90263,80263,90263,pv+stats,0.05,0.0,6,2,linear,crz,z,5,none,none,wrap,160,80,329,1.0,-1,False,16,100,False,90263,80263,wdbc_b03,data/wdbc/wdbc.csv.gz,6,z_r5_d2,z_r5_d2,,0.5140482522796352,0.028096504559270485,0.69375,0.6656534954407295,-0.5882213711738586,5,0.0125,0.0,0.03125,10000,0.00911854103343465,3.29,True,0.025,0.0,0.0625,10000,0.04559270516717325,16.45,True,0.0625,0.025,0.125,10000,0.0851063829787234,32.9,True
WDBC_QNN_z_r5_d2_b03,confidence,0.5111512158054711,0.45754131838905776,0.5651790463525835,10000,160,329,0.00303951367781155,0=member,satml_runs/satml_wdbc_targeted/WDBC_QNN_z_r5_d2_b03/target_attack_data.pt,stratified percentile bootstrap over member/non-member records,records,10000,satml_wdbc_targeted,breast_cancer_wdbc,qnn,qnn,-1,90263,80263,90263,pv+stats,0.05,0.0,6,2,linear,crz,z,5,none,none,wrap,160,80,329,1.0,-1,False,16,100,False,90263,80263,wdbc_b03,data/wdbc/wdbc.csv.gz,6,z_r5_d2,z_r5_d2,,0.5140482522796352,0.028096504559270485,0.69375,0.6656534954407295,0.7249457240104675,5,0.0125,0.0,0.03125,10000,0.00911854103343465,3.29,True,0.025,0.0,0.05625,10000,0.04559270516717325,16.45,True,0.0625,0.025,0.125,10000,0.0851063829787234,32.9,True
WDBC_QNN_z_r5_d2_b03,margin,0.5111512158054711,0.45778685410334347,0.5642301481762918,10000,160,329,0.00303951367781155,0=member,satml_runs/satml_wdbc_targeted/WDBC_QNN_z_r5_d2_b03/target_attack_data.pt,stratified percentile bootstrap over member/non-member records,records,10000,satml_wdbc_targeted,breast_cancer_wdbc,qnn,qnn,-1,90263,80263,90263,pv+stats,0.05,0.0,6,2,linear,crz,z,5,none,none,wrap,160,80,329,1.0,-1,False,16,100,False,90263,80263,wdbc_b03,data/wdbc/wdbc.csv.gz,6,z_r5_d2,z_r5_d2,,0.5140482522796352,0.028096504559270485,0.69375,0.6656534954407295,0.44989150762557983,5,0.0125,0.0,0.03125,10000,0.00911854103343465,3.29,True,0.025,0.0,0.0625,10000,0.04559270516717325,16.45,True,0.0625,0.025,0.125,10000,0.0851063829787234,32.9,True
WDBC_QNN_z_r5_d2_b03,correctness,0.5813639817629179,0.5430281155015197,0.6196998480243161,10000,160,329,0.00303951367781155,0=member,satml_runs/satml_wdbc_targeted/WDBC_QNN_z_r5_d2_b03/target_attack_data.pt,stratified percentile bootstrap over member/non-member records,records,10000,satml_wdbc_targeted,breast_cancer_wdbc,qnn,qnn,-1,90263,80263,90263,pv+stats,0.05,0.0,6,2,linear,crz,z,5,none,none,wrap,160,80,329,1.0,-1,False,16,100,False,90263,80263,wdbc_b03,data/wdbc/wdbc.csv.gz,6,z_r5_d2,z_r5_d2,,0.5813639817629179,0.16272796352583585,0.8375,0.6747720364741642,1.0,5,0.0,0.0,0.0,10000,0.0,3.29,True,0.0,0.0,0.0,10000,0.0,16.45,True,0.0,0.0,0.0,10000,0.0,32.9,True
WDBC_QNN_z_r5_d2_b03,max_probability,0.5111512158054711,0.4590606003039514,0.564780585106383,10000,160,329,0.00303951367781155,0=member,satml_runs/satml_wdbc_targeted/WDBC_QNN_z_r5_d2_b03/target_attack_data.pt,stratified percentile bootstrap over member/non-member records,records,10000,satml_wdbc_targeted,breast_cancer_wdbc,qnn,qnn,-1,90263,80263,90263,pv+stats,0.05,0.0,6,2,linear,crz,z,5,none,none,wrap,160,80,329,1.0,-1,False,16,100,False,90263,80263,wdbc_b03,data/wdbc/wdbc.csv.gz,6,z_r5_d2,z_r5_d2,,0.5140482522796352,0.028096504559270485,0.69375,0.6656534954407295,0.7249457240104675,5,0.0125,0.0,0.03125,10000,0.00911854103343465,3.29,True,0.025,0.0,0.0625,10000,0.04559270516717325,16.45,True,0.0625,0.025,0.125,10000,0.0851063829787234,32.9,True
WDBC_QNN_z_r5_d2_b04,loss,0.5103723404255319,0.4561735372340425,0.5630713335866261,10000,160,329,0.00303951367781155,0=member,satml_runs/satml_wdbc_targeted/WDBC_QNN_z_r5_d2_b04/target_attack_data.pt,stratified percentile bootstrap over member/non-member records,records,10000,satml_wdbc_targeted,breast_cancer_wdbc,qnn,qnn,-1,90264,80264,90264,pv+stats,0.05,0.0,6,2,linear,crz,z,5,none,none,wrap,160,80,329,1.0,-1,False,16,100,False,90264,80264,wdbc_b04,data/wdbc/wdbc.csv.gz,6,z_r5_d2,z_r5_d2,,0.49403495440729484,-0.01193009118541033,0.675,0.6869300911854104,-0.7299418449401855,5,0.00625,0.0,0.025,10000,0.00303951367781155,3.29,True,0.03125,0.00625,0.0625,10000,0.0425531914893617,16.45,True,0.06875,0.01875,0.11875,10000,0.09422492401215805,32.9,True
WDBC_QNN_z_r5_d2_b04,entropy,0.4746770516717325,0.42213145896656534,0.5287822948328267,10000,160,329,0.00303951367781155,0=member,satml_runs/satml_wdbc_targeted/WDBC_QNN_z_r5_d2_b04/target_attack_data.pt,stratified percentile bootstrap over member/non-member records,records,10000,satml_wdbc_targeted,breast_cancer_wdbc,qnn,qnn,-1,90264,80264,90264,pv+stats,0.05,0.0,6,2,linear,crz,z,5,none,none,wrap,160,80,329,1.0,-1,False,16,100,False,90264,80264,wdbc_b04,data/wdbc/wdbc.csv.gz,6,z_r5_d2,z_r5_d2,,0.4785619300911854,-0.04287613981762928,0.54375,0.5866261398176292,-0.44362545013427734,5,0.00625,0.0,0.025,10000,0.00303951367781155,3.29,True,0.03125,0.00625,0.0625,10000,0.0425531914893617,16.45,True,0.05,0.01875,0.10625,10000,0.09422492401215805,32.9,True
WDBC_QNN_z_r5_d2_b04,confidence,0.4746770516717325,0.4219600113981763,0.5287048822188449,10000,160,329,0.00303951367781155,0=member,satml_runs/satml_wdbc_targeted/WDBC_QNN_z_r5_d2_b04/target_attack_data.pt,stratified percentile bootstrap over member/non-member records,records,10000,satml_wdbc_targeted,breast_cancer_wdbc,qnn,qnn,-1,90264,80264,90264,pv+stats,0.05,0.0,6,2,linear,crz,z,5,none,none,wrap,160,80,329,1.0,-1,False,16,100,False,90264,80264,wdbc_b04,data/wdbc/wdbc.csv.gz,6,z_r5_d2,z_r5_d2,,0.4785619300911854,-0.04287613981762928,0.54375,0.5866261398176292,0.8376017212867737,5,0.00625,0.0,0.025,10000,0.00303951367781155,3.29,True,0.03125,0.00625,0.0625,10000,0.0425531914893617,16.45,True,0.05,0.01875,0.10625,10000,0.09422492401215805,32.9,True
WDBC_QNN_z_r5_d2_b04,margin,0.4746770516717325,0.4221680281155015,0.5288388107902735,10000,160,329,0.00303951367781155,0=member,satml_runs/satml_wdbc_targeted/WDBC_QNN_z_r5_d2_b04/target_attack_data.pt,stratified percentile bootstrap over member/non-member records,records,10000,satml_wdbc_targeted,breast_cancer_wdbc,qnn,qnn,-1,90264,80264,90264,pv+stats,0.05,0.0,6,2,linear,crz,z,5,none,none,wrap,160,80,329,1.0,-1,False,16,100,False,90264,80264,wdbc_b04,data/wdbc/wdbc.csv.gz,6,z_r5_d2,z_r5_d2,,0.4785619300911854,-0.04287613981762928,0.54375,0.5866261398176292,0.6752034425735474,5,0.00625,0.0,0.025,10000,0.00303951367781155,3.29,True,0.03125,0.00625,0.0625,10000,0.0425531914893617,16.45,True,0.05,0.01875,0.10625,10000,0.09422492401215805,32.9,True
WDBC_QNN_z_r5_d2_b04,correctness,0.5102583586626139,0.4686265197568389,0.5507978723404255,10000,160,329,0.00303951367781155,0=member,satml_runs/satml_wdbc_targeted/WDBC_QNN_z_r5_d2_b04/target_attack_data.pt,stratified percentile bootstrap over member/non-member records,records,10000,satml_wdbc_targeted,breast_cancer_wdbc,qnn,qnn,-1,90264,80264,90264,pv+stats,0.05,0.0,6,2,linear,crz,z,5,none,none,wrap,160,80,329,1.0,-1,False,16,100,False,90264,80264,wdbc_b04,data/wdbc/wdbc.csv.gz,6,z_r5_d2,z_r5_d2,,0.49883168693009117,-0.0023366261398175547,0.58125,0.5835866261398176,1.0,5,0.0,0.0,0.0,10000,0.0,3.29,True,0.0,0.0,0.0,10000,0.0,16.45,True,0.0,0.0,0.0,10000,0.0,32.9,True
WDBC_QNN_z_r5_d2_b04,max_probability,0.4746770516717325,0.42112462006079027,0.5282318579027355,10000,160,329,0.00303951367781155,0=member,satml_runs/satml_wdbc_targeted/WDBC_QNN_z_r5_d2_b04/target_attack_data.pt,stratified percentile bootstrap over member/non-member records,records,10000,satml_wdbc_targeted,breast_cancer_wdbc,qnn,qnn,-1,90264,80264,90264,pv+stats,0.05,0.0,6,2,linear,crz,z,5,none,none,wrap,160,80,329,1.0,-1,False,16,100,False,90264,80264,wdbc_b04,data/wdbc/wdbc.csv.gz,6,z_r5_d2,z_r5_d2,,0.4785619300911854,-0.04287613981762928,0.54375,0.5866261398176292,0.8376017212867737,5,0.00625,0.0,0.025,10000,0.00303951367781155,3.29,True,0.03125,0.00625,0.0625,10000,0.0425531914893617,16.45,True,0.05,0.01875,0.10625,10000,0.09422492401215805,32.9,True
WDBC_QNN_z_r5_d2_b05,loss,0.5392857142857143,0.48654872720364745,0.5923446998480243,10000,160,329,0.00303951367781155,0=member,satml_runs/satml_wdbc_targeted/WDBC_QNN_z_r5_d2_b05/target_attack_data.pt,stratified percentile bootstrap over member/non-member records,records,10000,satml_wdbc_targeted,breast_cancer_wdbc,qnn,qnn,-1,90265,80265,90265,pv+stats,0.05,0.0,6,2,linear,crz,z,5,none,none,wrap,160,80,329,1.0,-1,False,16,100,False,90265,80265,wdbc_b05,data/wdbc/wdbc.csv.gz,6,z_r5_d2,z_r5_d2,,0.5517857142857143,0.10357142857142865,0.675,0.5714285714285714,-0.4575192332267761,5,0.01875,0.0,0.05625,10000,0.00911854103343465,3.29,True,0.0625,0.025,0.125,10000,0.0425531914893617,16.45,True,0.0875,0.05,0.15625,10000,0.05167173252279635,32.9,True
WDBC_QNN_z_r5_d2_b05,entropy,0.4974354103343466,0.4433881079027356,0.5524890767477203,10000,160,329,0.00303951367781155,0=member,satml_runs/satml_wdbc_targeted/WDBC_QNN_z_r5_d2_b05/target_attack_data.pt,stratified percentile bootstrap over member/non-member records,records,10000,satml_wdbc_targeted,breast_cancer_wdbc,qnn,qnn,-1,90265,80265,90265,pv+stats,0.05,0.0,6,2,linear,crz,z,5,none,none,wrap,160,80,329,1.0,-1,False,16,100,False,90265,80265,wdbc_b05,data/wdbc/wdbc.csv.gz,6,z_r5_d2,z_r5_d2,,0.5449753039513678,0.08995060790273557,0.84375,0.7537993920972644,-0.6574205160140991,5,0.0125,0.0,0.04375,10000,0.00303951367781155,3.29,True,0.05,0.01875,0.10625,10000,0.03343465045592705,16.45,True,0.09375,0.05,0.14375,10000,0.06990881458966565,32.9,True
WDBC_QNN_z_r5_d2_b05,confidence,0.4974354103343466,0.44314019756838907,0.5509498480243161,10000,160,329,0.00303951367781155,0=member,satml_runs/satml_wdbc_targeted/WDBC_QNN_z_r5_d2_b05/target_attack_data.pt,stratified percentile bootstrap over member/non-member records,records,10000,satml_wdbc_targeted,breast_cancer_wdbc,qnn,qnn,-1,90265,80265,90265,pv+stats,0.05,0.0,6,2,linear,crz,z,5,none,none,wrap,160,80,329,1.0,-1,False,16,100,False,90265,80265,wdbc_b05,data/wdbc/wdbc.csv.gz,6,z_r5_d2,z_r5_d2,,0.5449753039513678,0.08995060790273557,0.84375,0.7537993920972644,0.6328516602516174,5,0.0125,0.0,0.04375,10000,0.00303951367781155,3.29,True,0.05,0.01875,0.10625,10000,0.03343465045592705,16.45,True,0.09375,0.05,0.14375,10000,0.06990881458966565,32.9,True
WDBC_QNN_z_r5_d2_b05,margin,0.4974354103343466,0.4449848024316109,0.5506667933130699,10000,160,329,0.00303951367781155,0=member,satml_runs/satml_wdbc_targeted/WDBC_QNN_z_r5_d2_b05/target_attack_data.pt,stratified percentile bootstrap over member/non-member records,records,10000,satml_wdbc_targeted,breast_cancer_wdbc,qnn,qnn,-1,90265,80265,90265,pv+stats,0.05,0.0,6,2,linear,crz,z,5,none,none,wrap,160,80,329,1.0,-1,False,16,100,False,90265,80265,wdbc_b05,data/wdbc/wdbc.csv.gz,6,z_r5_d2,z_r5_d2,,0.5449753039513678,0.08995060790273557,0.84375,0.7537993920972644,0.26570332050323486,5,0.0125,0.0,0.04375,10000,0.00303951367781155,3.29,True,0.05,0.01875,0.1125,10000,0.03343465045592705,16.45,True,0.09375,0.05,0.14375,10000,0.06990881458966565,32.9,True
WDBC_QNN_z_r5_d2_b05,correctness,0.5285809270516717,0.48795378989361704,0.5688661189209726,10000,160,329,0.00303951367781155,0=member,satml_runs/satml_wdbc_targeted/WDBC_QNN_z_r5_d2_b05/target_attack_data.pt,stratified percentile bootstrap over member/non-member records,records,10000,satml_wdbc_targeted,breast_cancer_wdbc,qnn,qnn,-1,90265,80265,90265,pv+stats,0.05,0.0,6,2,linear,crz,z,5,none,none,wrap,160,80,329,1.0,-1,False,16,100,False,90265,80265,wdbc_b05,data/wdbc/wdbc.csv.gz,6,z_r5_d2,z_r5_d2,,0.5285809270516717,0.0571618541033434,0.75625,0.6990881458966566,1.0,5,0.0,0.0,0.0,10000,0.0,3.29,True,0.0,0.0,0.0,10000,0.0,16.45,True,0.0,0.0,0.0,10000,0.0,32.9,True
WDBC_QNN_z_r5_d2_b05,max_probability,0.4974354103343466,0.44340425531914895,0.5510263107902735,10000,160,329,0.00303951367781155,0=member,satml_runs/satml_wdbc_targeted/WDBC_QNN_z_r5_d2_b05/target_attack_data.pt,stratified percentile bootstrap over member/non-member records,records,10000,satml_wdbc_targeted,breast_cancer_wdbc,qnn,qnn,-1,90265,80265,90265,pv+stats,0.05,0.0,6,2,linear,crz,z,5,none,none,wrap,160,80,329,1.0,-1,False,16,100,False,90265,80265,wdbc_b05,data/wdbc/wdbc.csv.gz,6,z_r5_d2,z_r5_d2,,0.5449753039513678,0.08995060790273557,0.84375,0.7537993920972644,0.6328516602516174,5,0.0125,0.0,0.04375,10000,0.00303951367781155,3.29,True,0.05,0.01875,0.1125,10000,0.03343465045592705,16.45,True,0.09375,0.05,0.14375,10000,0.06990881458966565,32.9,True
WDBC_QNN_zz_r1_d2_b01,loss,0.5078457446808511,0.45287685220364743,0.5634218275075987,10000,160,329,0.00303951367781155,0=member,satml_runs/satml_wdbc_targeted/WDBC_QNN_zz_r1_d2_b01/target_attack_data.pt,stratified percentile bootstrap over member/non-member records,records,10000,satml_wdbc_targeted,breast_cancer_wdbc,qnn,qnn,-1,90261,80261,90261,pv+stats,0.05,0.0,6,2,linear,crz,zz,1,linear,none,wrap,160,80,329,1.0,-1,False,16,100,False,90261,80261,wdbc_b01,data/wdbc/wdbc.csv.gz,6,zz_r1_d2,zz_r1_d2,,0.4940634498480243,-0.01187310030395139,0.34375,0.3556231003039514,-5.48973839613609e-05,5,0.03125,0.0,0.05625,10000,0.00911854103343465,3.29,True,0.04375,0.0125,0.0875,10000,0.0425531914893617,16.45,True,0.10625,0.04375,0.20625,10000,0.0972644376899696,32.9,True
WDBC_QNN_zz_r1_d2_b01,entropy,0.5048062310030395,0.44952507598784197,0.5601448518237082,10000,160,329,0.00303951367781155,0=member,satml_runs/satml_wdbc_targeted/WDBC_QNN_zz_r1_d2_b01/target_attack_data.pt,stratified percentile bootstrap over member/non-member records,records,10000,satml_wdbc_targeted,breast_cancer_wdbc,qnn,qnn,-1,90261,80261,90261,pv+stats,0.05,0.0,6,2,linear,crz,zz,1,linear,none,wrap,160,80,329,1.0,-1,False,16,100,False,90261,80261,wdbc_b01,data/wdbc/wdbc.csv.gz,6,zz_r1_d2,zz_r1_d2,,0.5217420212765957,0.043484042553191465,0.25625,0.2127659574468085,-0.00046039687003940344,5,0.03125,0.0,0.05625,10000,0.00911854103343465,3.29,True,0.04375,0.0125,0.09375,10000,0.0425531914893617,16.45,True,0.10625,0.04375,0.20625,10000,0.0972644376899696,32.9,True
WDBC_QNN_zz_r1_d2_b01,confidence,0.5048252279635259,0.4491354008358663,0.5597292933130699,10000,160,329,0.00303951367781155,0=member,satml_runs/satml_wdbc_targeted/WDBC_QNN_zz_r1_d2_b01/target_attack_data.pt,stratified percentile bootstrap over member/non-member records,records,10000,satml_wdbc_targeted,breast_cancer_wdbc,qnn,qnn,-1,90261,80261,90261,pv+stats,0.05,0.0,6,2,linear,crz,zz,1,linear,none,wrap,160,80,329,1.0,-1,False,16,100,False,90261,80261,wdbc_b01,data/wdbc/wdbc.csv.gz,6,zz_r1_d2,zz_r1_d2,,0.5217420212765957,0.043484042553191465,0.25625,0.2127659574468085,0.9999585747718811,5,0.03125,0.0,0.05625,10000,0.00911854103343465,3.29,True,0.04375,0.0125,0.0875,10000,0.0425531914893617,16.45,True,0.10625,0.04375,0.20625,10000,0.0972644376899696,32.9,True
WDBC_QNN_zz_r1_d2_b01,margin,0.5048347264437689,0.4494481382978724,0.5610766527355623,10000,160,329,0.00303951367781155,0=member,satml_runs/satml_wdbc_targeted/WDBC_QNN_zz_r1_d2_b01/target_attack_data.pt,stratified percentile bootstrap over member/non-member records,records,10000,satml_wdbc_targeted,breast_cancer_wdbc,qnn,qnn,-1,90261,80261,90261,pv+stats,0.05,0.0,6,2,linear,crz,zz,1,linear,none,wrap,160,80,329,1.0,-1,False,16,100,False,90261,80261,wdbc_b01,data/wdbc/wdbc.csv.gz,6,zz_r1_d2,zz_r1_d2,,0.5217420212765957,0.043484042553191465,0.25625,0.2127659574468085,0.9999170303344727,5,0.03125,0.0,0.05625,10000,0.00911854103343465,3.29,True,0.04375,0.0125,0.0875,10000,0.0425531914893617,16.45,True,0.10625,0.04375,0.20625,10000,0.0972644376899696,32.9,True
WDBC_QNN_zz_r1_d2_b01,correctness,0.5074278115501519,0.494927811550152,0.5196713525835867,10000,160,329,0.00303951367781155,0=member,satml_runs/satml_wdbc_targeted/WDBC_QNN_zz_r1_d2_b01/target_attack_data.pt,stratified percentile bootstrap over member/non-member records,records,10000,satml_wdbc_targeted,breast_cancer_wdbc,qnn,qnn,-1,90261,80261,90261,pv+stats,0.05,0.0,6,2,linear,crz,zz,1,linear,none,wrap,160,80,329,1.0,-1,False,16,100,False,90261,80261,wdbc_b01,data/wdbc/wdbc.csv.gz,6,zz_r1_d2,zz_r1_d2,,0.507427811550152,0.014855623100303972,0.9875,0.9726443768996961,1.0,5,0.0,0.0,0.0,10000,0.0,3.29,True,0.0,0.0,0.0,10000,0.0,16.45,True,0.0,0.0,0.0,10000,0.0,32.9,True
WDBC_QNN_zz_r1_d2_b01,max_probability,0.5048252279635259,0.4487443009118541,0.5610502944528875,10000,160,329,0.00303951367781155,0=member,satml_runs/satml_wdbc_targeted/WDBC_QNN_zz_r1_d2_b01/target_attack_data.pt,stratified percentile bootstrap over member/non-member records,records,10000,satml_wdbc_targeted,breast_cancer_wdbc,qnn,qnn,-1,90261,80261,90261,pv+stats,0.05,0.0,6,2,linear,crz,zz,1,linear,none,wrap,160,80,329,1.0,-1,False,16,100,False,90261,80261,wdbc_b01,data/wdbc/wdbc.csv.gz,6,zz_r1_d2,zz_r1_d2,,0.5217420212765957,0.043484042553191465,0.25625,0.2127659574468085,0.9999585747718811,5,0.03125,0.0,0.05625,10000,0.00911854103343465,3.29,True,0.04375,0.0125,0.09375,10000,0.0425531914893617,16.45,True,0.10625,0.04375,0.2,10000,0.0972644376899696,32.9,True
WDBC_QNN_zz_r1_d2_b02,loss,0.5121485562310031,0.4573990786474164,0.5675918977963526,10000,160,329,0.00303951367781155,0=member,satml_runs/satml_wdbc_targeted/WDBC_QNN_zz_r1_d2_b02/target_attack_data.pt,stratified percentile bootstrap over member/non-member records,records,10000,satml_wdbc_targeted,breast_cancer_wdbc,qnn,qnn,-1,90262,80262,90262,pv+stats,0.05,0.0,6,2,linear,crz,zz,1,linear,none,wrap,160,80,329,1.0,-1,False,16,100,False,90262,80262,wdbc_b02,data/wdbc/wdbc.csv.gz,6,zz_r1_d2,zz_r1_d2,,0.505423632218845,0.010847264437690018,0.61875,0.60790273556231,-0.00018520878802519292,5,0.00625,0.0,0.05625,10000,0.00303951367781155,3.29,True,0.0875,0.03125,0.1375,10000,0.0486322188449848,16.45,True,0.10625,0.0625,0.1875,10000,0.0972644376899696,32.9,True
WDBC_QNN_zz_r1_d2_b02,entropy,0.5094794832826748,0.4555271656534955,0.5636046732522796,10000,160,329,0.00303951367781155,0=member,satml_runs/satml_wdbc_targeted/WDBC_QNN_zz_r1_d2_b02/target_attack_data.pt,stratified percentile bootstrap over member/non-member records,records,10000,satml_wdbc_targeted,breast_cancer_wdbc,qnn,qnn,-1,90262,80262,90262,pv+stats,0.05,0.0,6,2,linear,crz,zz,1,linear,none,wrap,160,80,329,1.0,-1,False,16,100,False,90262,80262,wdbc_b02,data/wdbc/wdbc.csv.gz,6,zz_r1_d2,zz_r1_d2,,0.513326367781155,0.026652735562310015,0.41875,0.39209726443769,-0.001776497927494347,5,0.00625,0.0,0.0625,10000,0.0,3.29,True,0.0875,0.0375,0.1375,10000,0.0486322188449848,16.45,True,0.10625,0.0625,0.18125,10000,0.08206686930091185,32.9,True
WDBC_QNN_zz_r1_d2_b02,confidence,0.5094889817629179,0.45535595554711245,0.5626158814589665,10000,160,329,0.00303951367781155,0=member,satml_runs/satml_wdbc_targeted/WDBC_QNN_zz_r1_d2_b02/target_attack_data.pt,stratified percentile bootstrap over member/non-member records,records,10000,satml_wdbc_targeted,breast_cancer_wdbc,qnn,qnn,-1,90262,80262,90262,pv+stats,0.05,0.0,6,2,linear,crz,zz,1,linear,none,wrap,160,80,329,1.0,-1,False,16,100,False,90262,80262,wdbc_b02,data/wdbc/wdbc.csv.gz,6,zz_r1_d2,zz_r1_d2,,0.513326367781155,0.026652735562310015,0.41875,0.39209726443769,0.9998148083686829,5,0.00625,0.0,0.05625,10000,0.00303951367781155,3.29,True,0.0875,0.03125,0.13125,10000,0.0486322188449848,16.45,True,0.10625,0.0625,0.1875,10000,0.0972644376899696,32.9,True
WDBC_QNN_zz_r1_d2_b02,margin,0.5094699848024317,0.45502327127659575,0.5641539228723405,10000,160,329,0.00303951367781155,0=member,satml_runs/satml_wdbc_targeted/WDBC_QNN_zz_r1_d2_b02/target_attack_data.pt,stratified percentile bootstrap over member/non-member records,records,10000,satml_wdbc_targeted,breast_cancer_wdbc,qnn,qnn,-1,90262,80262,90262,pv+stats,0.05,0.0,6,2,linear,crz,zz,1,linear,none,wrap,160,80,329,1.0,-1,False,16,100,False,90262,80262,wdbc_b02,data/wdbc/wdbc.csv.gz,6,zz_r1_d2,zz_r1_d2,,0.513326367781155,0.026652735562310015,0.41875,0.39209726443769,0.9996296763420105,5,0.00625,0.0,0.05625,10000,0.0060790273556231,3.29,True,0.0875,0.03125,0.1375,10000,0.0486322188449848,16.45,True,0.10625,0.0625,0.1875,10000,0.08206686930091185,32.9,True
WDBC_QNN_zz_r1_d2_b02,correctness,0.5243161094224924,0.513677811550152,0.5364741641337386,10000,160,329,0.00303951367781155,0=member,satml_runs/satml_wdbc_targeted/WDBC_QNN_zz_r1_d2_b02/target_attack_data.pt,stratified percentile bootstrap over member/non-member records,records,10000,satml_wdbc_targeted,breast_cancer_wdbc,qnn,qnn,-1,90262,80262,90262,pv+stats,0.05,0.0,6,2,linear,crz,zz,1,linear,none,wrap,160,80,329,1.0,-1,False,16,100,False,90262,80262,wdbc_b02,data/wdbc/wdbc.csv.gz,6,zz_r1_d2,zz_r1_d2,,0.5243161094224924,0.04863221884498481,1.0,0.9513677811550152,1.0,5,0.0,0.0,0.0,10000,0.0,3.29,True,0.0,0.0,0.0,10000,0.0,16.45,True,0.0,0.0,0.0,10000,0.0,32.9,True
WDBC_QNN_zz_r1_d2_b02,max_probability,0.5094889817629179,0.4537032199848024,0.5641717325227964,10000,160,329,0.00303951367781155,0=member,satml_runs/satml_wdbc_targeted/WDBC_QNN_zz_r1_d2_b02/target_attack_data.pt,stratified percentile bootstrap over member/non-member records,records,10000,satml_wdbc_targeted,breast_cancer_wdbc,qnn,qnn,-1,90262,80262,90262,pv+stats,0.05,0.0,6,2,linear,crz,zz,1,linear,none,wrap,160,80,329,1.0,-1,False,16,100,False,90262,80262,wdbc_b02,data/wdbc/wdbc.csv.gz,6,zz_r1_d2,zz_r1_d2,,0.513326367781155,0.026652735562310015,0.41875,0.39209726443769,0.9998148083686829,5,0.00625,0.0,0.05625,10000,0.00303951367781155,3.29,True,0.0875,0.03125,0.13125,10000,0.0486322188449848,16.45,True,0.10625,0.0625,0.18125,10000,0.0972644376899696,32.9,True
WDBC_QNN_zz_r1_d2_b03,loss,0.5304616261398176,0.47509474734042556,0.5850125854863222,10000,160,329,0.00303951367781155,0=member,satml_runs/satml_wdbc_targeted/WDBC_QNN_zz_r1_d2_b03/target_attack_data.pt,stratified percentile bootstrap over member/non-member records,records,10000,satml_wdbc_targeted,breast_cancer_wdbc,qnn,qnn,-1,90263,80263,90263,pv+stats,0.05,0.0,6,2,linear,crz,zz,1,linear,none,wrap,160,80,329,1.0,-1,False,16,100,False,90263,80263,wdbc_b03,data/wdbc/wdbc.csv.gz,6,zz_r1_d2,zz_r1_d2,,0.47396466565349543,-0.05207066869300914,0.31875,0.3708206686930091,-0.00011140728747704998,5,0.0,0.0,0.0375,10000,0.0,3.29,True,0.05625,0.01875,0.1125,10000,0.030395136778115502,16.45,True,0.125,0.0625,0.2,10000,0.0972644376899696,32.9,True
WDBC_QNN_zz_r1_d2_b03,entropy,0.5269566869300912,0.471748670212766,0.5811939589665653,10000,160,329,0.00303951367781155,0=member,satml_runs/satml_wdbc_targeted/WDBC_QNN_zz_r1_d2_b03/target_attack_data.pt,stratified percentile bootstrap over member/non-member records,records,10000,satml_wdbc_targeted,breast_cancer_wdbc,qnn,qnn,-1,90263,80263,90263,pv+stats,0.05,0.0,6,2,linear,crz,zz,1,linear,none,wrap,160,80,329,1.0,-1,False,16,100,False,90263,80263,wdbc_b03,data/wdbc/wdbc.csv.gz,6,zz_r1_d2,zz_r1_d2,,0.47396466565349543,-0.05207066869300914,0.31875,0.3708206686930091,-0.001125951181165874,5,0.01875,0.0,0.05625,10000,0.0060790273556231,3.29,True,0.075,0.03125,0.125,10000,0.04559270516717325,16.45,True,0.125,0.06875,0.2,10000,0.0851063829787234,32.9,True
WDBC_QNN_zz_r1_d2_b03,confidence,0.5268332066869301,0.4713986512158055,0.5810320098784194,10000,160,329,0.00303951367781155,0=member,satml_runs/satml_wdbc_targeted/WDBC_QNN_zz_r1_d2_b03/target_attack_data.pt,stratified percentile bootstrap over member/non-member records,records,10000,satml_wdbc_targeted,breast_cancer_wdbc,qnn,qnn,-1,90263,80263,90263,pv+stats,0.05,0.0,6,2,linear,crz,zz,1,linear,none,wrap,160,80,329,1.0,-1,False,16,100,False,90263,80263,wdbc_b03,data/wdbc/wdbc.csv.gz,6,zz_r1_d2,zz_r1_d2,,0.47396466565349543,-0.05207066869300914,0.31875,0.3708206686930091,0.9998885989189148,5,0.0,0.0,0.0375,10000,0.0,3.29,True,0.05625,0.01875,0.10625,10000,0.030395136778115502,16.45,True,0.125,0.0625,0.2,10000,0.0972644376899696,32.9,True
WDBC_QNN_zz_r1_d2_b03,margin,0.5268142097264438,0.47193887727963524,0.5821457066869301,10000,160,329,0.00303951367781155,0=member,satml_runs/satml_wdbc_targeted/WDBC_QNN_zz_r1_d2_b03/target_attack_data.pt,stratified percentile bootstrap over member/non-member records,records,10000,satml_wdbc_targeted,breast_cancer_wdbc,qnn,qnn,-1,90263,80263,90263,pv+stats,0.05,0.0,6,2,linear,crz,zz,1,linear,none,wrap,160,80,329,1.0,-1,False,16,100,False,90263,80263,wdbc_b03,data/wdbc/wdbc.csv.gz,6,zz_r1_d2,zz_r1_d2,,0.47396466565349543,-0.05207066869300914,0.31875,0.3708206686930091,0.9997771382331848,5,0.0125,0.0,0.04375,10000,0.0060790273556231,3.29,True,0.06875,0.025,0.11875,10000,0.04559270516717325,16.45,True,0.125,0.06875,0.2,10000,0.0851063829787234,32.9,True
WDBC_QNN_zz_r1_d2_b03,correctness,0.5227963525835866,0.5121580547112462,0.5349544072948328,10000,160,329,0.00303951367781155,0=member,satml_runs/satml_wdbc_targeted/WDBC_QNN_zz_r1_d2_b03/target_attack_data.pt,stratified percentile bootstrap over member/non-member records,records,10000,satml_wdbc_targeted,breast_cancer_wdbc,qnn,qnn,-1,90263,80263,90263,pv+stats,0.05,0.0,6,2,linear,crz,zz,1,linear,none,wrap,160,80,329,1.0,-1,False,16,100,False,90263,80263,wdbc_b03,data/wdbc/wdbc.csv.gz,6,zz_r1_d2,zz_r1_d2,,0.5227963525835866,0.045592705167173286,1.0,0.9544072948328267,1.0,5,0.0,0.0,0.0,10000,0.0,3.29,True,0.0,0.0,0.0,10000,0.0,16.45,True,0.0,0.0,0.0,10000,0.0,32.9,True
WDBC_QNN_zz_r1_d2_b03,max_probability,0.5268332066869301,0.47124738791793314,0.5812120060790273,10000,160,329,0.00303951367781155,0=member,satml_runs/satml_wdbc_targeted/WDBC_QNN_zz_r1_d2_b03/target_attack_data.pt,stratified percentile bootstrap over member/non-member records,records,10000,satml_wdbc_targeted,breast_cancer_wdbc,qnn,qnn,-1,90263,80263,90263,pv+stats,0.05,0.0,6,2,linear,crz,zz,1,linear,none,wrap,160,80,329,1.0,-1,False,16,100,False,90263,80263,wdbc_b03,data/wdbc/wdbc.csv.gz,6,zz_r1_d2,zz_r1_d2,,0.47396466565349543,-0.05207066869300914,0.31875,0.3708206686930091,0.9998885989189148,5,0.0,0.0,0.0375,10000,0.0,3.29,True,0.05625,0.01875,0.1125,10000,0.030395136778115502,16.45,True,0.125,0.0625,0.2,10000,0.0972644376899696,32.9,True
WDBC_QNN_zz_r1_d2_b04,loss,0.5308700607902737,0.47576866451367783,0.5857916983282675,10000,160,329,0.00303951367781155,0=member,satml_runs/satml_wdbc_targeted/WDBC_QNN_zz_r1_d2_b04/target_attack_data.pt,stratified percentile bootstrap over member/non-member records,records,10000,satml_wdbc_targeted,breast_cancer_wdbc,qnn,qnn,-1,90264,80264,90264,pv+stats,0.05,0.0,6,2,linear,crz,zz,1,linear,none,wrap,160,80,329,1.0,-1,False,16,100,False,90264,80264,wdbc_b04,data/wdbc/wdbc.csv.gz,6,zz_r1_d2,zz_r1_d2,,0.5415368541033435,0.08307370820668691,0.48125,0.3981762917933131,-1.1563368389033712e-05,5,0.0,0.0,0.0,10000,0.0,3.29,True,0.04375,0.0,0.10625,10000,0.03343465045592705,16.45,True,0.1125,0.05,0.19375,10000,0.0972644376899696,32.9,True
WDBC_QNN_zz_r1_d2_b04,entropy,0.5293313069908815,0.4741042933130699,0.5842344224924012,10000,160,329,0.00303951367781155,0=member,satml_runs/satml_wdbc_targeted/WDBC_QNN_zz_r1_d2_b04/target_attack_data.pt,stratified percentile bootstrap over member/non-member records,records,10000,satml_wdbc_targeted,breast_cancer_wdbc,qnn,qnn,-1,90264,80264,90264,pv+stats,0.05,0.0,6,2,linear,crz,zz,1,linear,none,wrap,160,80,329,1.0,-1,False,16,100,False,90264,80264,wdbc_b04,data/wdbc/wdbc.csv.gz,6,zz_r1_d2,zz_r1_d2,,0.5492021276595744,0.09840425531914893,0.375,0.2765957446808511,-0.0001432085846317932,5,0.03125,0.00625,0.0625,10000,0.0060790273556231,3.29,True,0.06875,0.025,0.11875,10000,0.04559270516717325,16.45,True,0.11875,0.0625,0.2,10000,0.0972644376899696,32.9,True
WDBC_QNN_zz_r1_d2_b04,confidence,0.5287044072948328,0.47446666033434653,0.5835115881458967,10000,160,329,0.00303951367781155,0=member,satml_runs/satml_wdbc_targeted/WDBC_QNN_zz_r1_d2_b04/target_attack_data.pt,stratified percentile bootstrap over member/non-member records,records,10000,satml_wdbc_targeted,breast_cancer_wdbc,qnn,qnn,-1,90264,80264,90264,pv+stats,0.05,0.0,6,2,linear,crz,zz,1,linear,none,wrap,160,80,329,1.0,-1,False,16,100,False,90264,80264,wdbc_b04,data/wdbc/wdbc.csv.gz,6,zz_r1_d2,zz_r1_d2,,0.5552811550151976,0.11056231003039513,0.375,0.26443768996960487,0.9999884366989136,5,0.0,0.0,0.0,10000,0.0,3.29,True,0.04375,0.0,0.1,10000,0.03343465045592705,16.45,True,0.1125,0.05625,0.19375,10000,0.0972644376899696,32.9,True
WDBC_QNN_zz_r1_d2_b04,margin,0.5289418693009118,0.47343251329787234,0.5838350113981763,10000,160,329,0.00303951367781155,0=member,satml_runs/satml_wdbc_targeted/WDBC_QNN_zz_r1_d2_b04/target_attack_data.pt,stratified percentile bootstrap over member/non-member records,records,10000,satml_wdbc_targeted,breast_cancer_wdbc,qnn,qnn,-1,90264,80264,90264,pv+stats,0.05,0.0,6,2,linear,crz,zz,1,linear,none,wrap,160,80,329,1.0,-1,False,16,100,False,90264,80264,wdbc_b04,data/wdbc/wdbc.csv.gz,6,zz_r1_d2,zz_r1_d2,,0.5492021276595744,0.09840425531914893,0.375,0.2765957446808511,0.9999768733978271,5,0.0,0.0,0.0,10000,0.0,3.29,True,0.06875,0.01875,0.1125,10000,0.0486322188449848,16.45,True,0.1125,0.0625,0.19375,10000,0.0972644376899696,32.9,True
WDBC_QNN_zz_r1_d2_b04,correctness,0.5212765957446808,0.5106382978723404,0.5334346504559271,10000,160,329,0.00303951367781155,0=member,satml_runs/satml_wdbc_targeted/WDBC_QNN_zz_r1_d2_b04/target_attack_data.pt,stratified percentile bootstrap over member/non-member records,records,10000,satml_wdbc_targeted,breast_cancer_wdbc,qnn,qnn,-1,90264,80264,90264,pv+stats,0.05,0.0,6,2,linear,crz,zz,1,linear,none,wrap,160,80,329,1.0,-1,False,16,100,False,90264,80264,wdbc_b04,data/wdbc/wdbc.csv.gz,6,zz_r1_d2,zz_r1_d2,,0.5212765957446809,0.04255319148936165,1.0,0.9574468085106383,1.0,5,0.0,0.0,0.0,10000,0.0,3.29,True,0.0,0.0,0.0,10000,0.0,16.45,True,0.0,0.0,0.0,10000,0.0,32.9,True
WDBC_QNN_zz_r1_d2_b04,max_probability,0.5287044072948328,0.47434721694528875,0.5825987841945289,10000,160,329,0.00303951367781155,0=member,satml_runs/satml_wdbc_targeted/WDBC_QNN_zz_r1_d2_b04/target_attack_data.pt,stratified percentile bootstrap over member/non-member records,records,10000,satml_wdbc_targeted,breast_cancer_wdbc,qnn,qnn,-1,90264,80264,90264,pv+stats,0.05,0.0,6,2,linear,crz,zz,1,linear,none,wrap,160,80,329,1.0,-1,False,16,100,False,90264,80264,wdbc_b04,data/wdbc/wdbc.csv.gz,6,zz_r1_d2,zz_r1_d2,,0.5552811550151976,0.11056231003039513,0.375,0.26443768996960487,0.9999884366989136,5,0.0,0.0,0.0,10000,0.0,3.29,True,0.04375,0.0,0.1,10000,0.03343465045592705,16.45,True,0.1125,0.05625,0.19375,10000,0.0972644376899696,32.9,True
WDBC_QNN_zz_r1_d2_b05,loss,0.5046922492401216,0.44664466185410334,0.561123907674772,10000,160,329,0.00303951367781155,0=member,satml_runs/satml_wdbc_targeted/WDBC_QNN_zz_r1_d2_b05/target_attack_data.pt,stratified percentile bootstrap over member/non-member records,records,10000,satml_wdbc_targeted,breast_cancer_wdbc,qnn,qnn,-1,90265,80265,90265,pv+stats,0.05,0.0,6,2,linear,crz,zz,1,linear,none,wrap,160,80,329,1.0,-1,False,16,100,False,90265,80265,wdbc_b05,data/wdbc/wdbc.csv.gz,6,zz_r1_d2,zz_r1_d2,,0.5219984802431611,0.043996960486322206,0.275,0.23100303951367782,-8.798032649792731e-05,5,0.00625,0.0,0.04375,10000,0.00911854103343465,3.29,True,0.08125,0.03125,0.15625,10000,0.0486322188449848,16.45,True,0.15625,0.09375,0.23140624999999773,10000,0.0972644376899696,32.9,True
WDBC_QNN_zz_r1_d2_b05,entropy,0.5023556231003039,0.44536284194528875,0.55997577887538,10000,160,329,0.00303951367781155,0=member,satml_runs/satml_wdbc_targeted/WDBC_QNN_zz_r1_d2_b05/target_attack_data.pt,stratified percentile bootstrap over member/non-member records,records,10000,satml_wdbc_targeted,breast_cancer_wdbc,qnn,qnn,-1,90265,80265,90265,pv+stats,0.05,0.0,6,2,linear,crz,zz,1,linear,none,wrap,160,80,329,1.0,-1,False,16,100,False,90265,80265,wdbc_b05,data/wdbc/wdbc.csv.gz,6,zz_r1_d2,zz_r1_d2,,0.5219984802431611,0.043996960486322206,0.275,0.23100303951367782,-0.0009094554698094726,5,0.00625,0.0,0.04375,10000,0.0060790273556231,3.29,True,0.08125,0.03125,0.15625,10000,0.0486322188449848,16.45,True,0.16875,0.09375,0.23125,10000,0.0972644376899696,32.9,True
WDBC_QNN_zz_r1_d2_b05,confidence,0.5023176291793312,0.4462096314589665,0.5580927051671732,10000,160,329,0.00303951367781155,0=member,satml_runs/satml_wdbc_targeted/WDBC_QNN_zz_r1_d2_b05/target_attack_data.pt,stratified percentile bootstrap over member/non-member records,records,10000,satml_wdbc_targeted,breast_cancer_wdbc,qnn,qnn,-1,90265,80265,90265,pv+stats,0.05,0.0,6,2,linear,crz,zz,1,linear,none,wrap,160,80,329,1.0,-1,False,16,100,False,90265,80265,wdbc_b05,data/wdbc/wdbc.csv.gz,6,zz_r1_d2,zz_r1_d2,,0.5219984802431611,0.043996960486322206,0.275,0.23100303951367782,0.9999120235443115,5,0.00625,0.0,0.0375,10000,0.00911854103343465,3.29,True,0.08125,0.03125,0.15625,10000,0.0486322188449848,16.45,True,0.15625,0.09375,0.2375,10000,0.0972644376899696,32.9,True
WDBC_QNN_zz_r1_d2_b05,margin,0.5023461246200608,0.4443184840425532,0.5599850398936169,10000,160,329,0.00303951367781155,0=member,satml_runs/satml_wdbc_targeted/WDBC_QNN_zz_r1_d2_b05/target_attack_data.pt,stratified percentile bootstrap over member/non-member records,records,10000,satml_wdbc_targeted,breast_cancer_wdbc,qnn,qnn,-1,90265,80265,90265,pv+stats,0.05,0.0,6,2,linear,crz,zz,1,linear,none,wrap,160,80,329,1.0,-1,False,16,100,False,90265,80265,wdbc_b05,data/wdbc/wdbc.csv.gz,6,zz_r1_d2,zz_r1_d2,,0.5219984802431611,0.043996960486322206,0.275,0.23100303951367782,0.999824047088623,5,0.0,0.0,0.04375,10000,0.0060790273556231,3.29,True,0.08125,0.03125,0.15625,10000,0.0486322188449848,16.45,True,0.16875,0.09375,0.23125,10000,0.0972644376899696,32.9,True
WDBC_QNN_zz_r1_d2_b05,correctness,0.5027830547112462,0.4888487841945289,0.5151975683890577,10000,160,329,0.00303951367781155,0=member,satml_runs/satml_wdbc_targeted/WDBC_QNN_zz_r1_d2_b05/target_attack_data.pt,stratified percentile bootstrap over member/non-member records,records,10000,satml_wdbc_targeted,breast_cancer_wdbc,qnn,qnn,-1,90265,80265,90265,pv+stats,0.05,0.0,6,2,linear,crz,zz,1,linear,none,wrap,160,80,329,1.0,-1,False,16,100,False,90265,80265,wdbc_b05,data/wdbc/wdbc.csv.gz,6,zz_r1_d2,zz_r1_d2,,0.49852773556231,-0.0029445288753799925,0.78125,0.78419452887538,1.0,5,0.0,0.0,0.0,10000,0.0,3.29,True,0.0,0.0,0.0,10000,0.0,16.45,True,0.0,0.0,0.0,10000,0.0,32.9,True
WDBC_QNN_zz_r1_d2_b05,max_probability,0.5023176291793312,0.4449646181610942,0.5601075702887538,10000,160,329,0.00303951367781155,0=member,satml_runs/satml_wdbc_targeted/WDBC_QNN_zz_r1_d2_b05/target_attack_data.pt,stratified percentile bootstrap over member/non-member records,records,10000,satml_wdbc_targeted,breast_cancer_wdbc,qnn,qnn,-1,90265,80265,90265,pv+stats,0.05,0.0,6,2,linear,crz,zz,1,linear,none,wrap,160,80,329,1.0,-1,False,16,100,False,90265,80265,wdbc_b05,data/wdbc/wdbc.csv.gz,6,zz_r1_d2,zz_r1_d2,,0.5219984802431611,0.043996960486322206,0.275,0.23100303951367782,0.9999120235443115,5,0.00625,0.0,0.04375,10000,0.00911854103343465,3.29,True,0.08125,0.03125,0.15625,10000,0.0486322188449848,16.45,True,0.15625,0.09375,0.23125,10000,0.0972644376899696,32.9,True
WDBC_QNN_zz_r5_d2_b01,loss,0.5747530395136777,0.5230038943768998,0.6256458966565349,10000,160,329,0.00303951367781155,0=member,satml_runs/satml_wdbc_targeted/WDBC_QNN_zz_r5_d2_b01/target_attack_data.pt,stratified percentile bootstrap over member/non-member records,records,10000,satml_wdbc_targeted,breast_cancer_wdbc,qnn,qnn,-1,90261,80261,90261,pv+stats,0.05,0.0,6,2,linear,crz,zz,5,linear,none,wrap,160,80,329,1.0,-1,False,16,100,False,90261,80261,wdbc_b01,data/wdbc/wdbc.csv.gz,6,zz_r5_d2,zz_r5_d2,,0.5932845744680851,0.18656914893617027,0.93125,0.7446808510638298,-0.5262881517410278,5,0.0,0.0,0.03125,10000,0.00303951367781155,3.29,True,0.04375,0.0125,0.125,10000,0.0486322188449848,16.45,True,0.13125,0.06875,0.21875,10000,0.0911854103343465,32.9,True
WDBC_QNN_zz_r5_d2_b01,entropy,0.5082826747720365,0.4530580357142857,0.5642500949848025,10000,160,329,0.00303951367781155,0=member,satml_runs/satml_wdbc_targeted/WDBC_QNN_zz_r5_d2_b01/target_attack_data.pt,stratified percentile bootstrap over member/non-member records,records,10000,satml_wdbc_targeted,breast_cancer_wdbc,qnn,qnn,-1,90261,80261,90261,pv+stats,0.05,0.0,6,2,linear,crz,zz,5,linear,none,wrap,160,80,329,1.0,-1,False,16,100,False,90261,80261,wdbc_b01,data/wdbc/wdbc.csv.gz,6,zz_r5_d2,zz_r5_d2,,0.4891812310030395,-0.02163753799392093,0.43125,0.45288753799392095,-0.11740709096193314,5,0.0,0.0,0.03125,10000,0.00303951367781155,3.29,True,0.04375,0.0125,0.1125,10000,0.0486322188449848,16.45,True,0.13125,0.06875,0.19375,10000,0.0972644376899696,32.9,True
WDBC_QNN_zz_r5_d2_b01,confidence,0.5082826747720365,0.45322948328267476,0.5638687310030396,10000,160,329,0.00303951367781155,0=member,satml_runs/satml_wdbc_targeted/WDBC_QNN_zz_r5_d2_b01/target_attack_data.pt,stratified percentile bootstrap over member/non-member records,records,10000,satml_wdbc_targeted,breast_cancer_wdbc,qnn,qnn,-1,90261,80261,90261,pv+stats,0.05,0.0,6,2,linear,crz,zz,5,linear,none,wrap,160,80,329,1.0,-1,False,16,100,False,90261,80261,wdbc_b01,data/wdbc/wdbc.csv.gz,6,zz_r5_d2,zz_r5_d2,,0.4891812310030395,-0.02163753799392093,0.43125,0.45288753799392095,0.9748633503913879,5,0.0,0.0,0.03125,10000,0.00303951367781155,3.29,True,0.04375,0.0125,0.1125,10000,0.0486322188449848,16.45,True,0.13125,0.06875,0.19375,10000,0.0972644376899696,32.9,True
WDBC_QNN_zz_r5_d2_b01,margin,0.5082826747720365,0.45472929331306994,0.5618351063829787,10000,160,329,0.00303951367781155,0=member,satml_runs/satml_wdbc_targeted/WDBC_QNN_zz_r5_d2_b01/target_attack_data.pt,stratified percentile bootstrap over member/non-member records,records,10000,satml_wdbc_targeted,breast_cancer_wdbc,qnn,qnn,-1,90261,80261,90261,pv+stats,0.05,0.0,6,2,linear,crz,zz,5,linear,none,wrap,160,80,329,1.0,-1,False,16,100,False,90261,80261,wdbc_b01,data/wdbc/wdbc.csv.gz,6,zz_r5_d2,zz_r5_d2,,0.4891812310030395,-0.02163753799392093,0.43125,0.45288753799392095,0.9497267007827759,5,0.0,0.0,0.03125,10000,0.00303951367781155,3.29,True,0.04375,0.0125,0.11875,10000,0.0486322188449848,16.45,True,0.13125,0.06875,0.19375,10000,0.0972644376899696,32.9,True
WDBC_QNN_zz_r5_d2_b01,correctness,0.5874620060790273,0.5594224924012158,0.6151617116261398,10000,160,329,0.00303951367781155,0=member,satml_runs/satml_wdbc_targeted/WDBC_QNN_zz_r5_d2_b01/target_attack_data.pt,stratified percentile bootstrap over member/non-member records,records,10000,satml_wdbc_targeted,breast_cancer_wdbc,qnn,qnn,-1,90261,80261,90261,pv+stats,0.05,0.0,6,2,linear,crz,zz,5,linear,none,wrap,160,80,329,1.0,-1,False,16,100,False,90261,80261,wdbc_b01,data/wdbc/wdbc.csv.gz,6,zz_r5_d2,zz_r5_d2,,0.5874620060790273,0.17492401215805464,0.95,0.7750759878419453,1.0,5,0.0,0.0,0.0,10000,0.0,3.29,True,0.0,0.0,0.0,10000,0.0,16.45,True,0.0,0.0,0.0,10000,0.0,32.9,True
WDBC_QNN_zz_r5_d2_b01,max_probability,0.5082826747720365,0.4516318389057751,0.5627113411854103,10000,160,329,0.00303951367781155,0=member,satml_runs/satml_wdbc_targeted/WDBC_QNN_zz_r5_d2_b01/target_attack_data.pt,stratified percentile bootstrap over member/non-member records,records,10000,satml_wdbc_targeted,breast_cancer_wdbc,qnn,qnn,-1,90261,80261,90261,pv+stats,0.05,0.0,6,2,linear,crz,zz,5,linear,none,wrap,160,80,329,1.0,-1,False,16,100,False,90261,80261,wdbc_b01,data/wdbc/wdbc.csv.gz,6,zz_r5_d2,zz_r5_d2,,0.4891812310030395,-0.02163753799392093,0.43125,0.45288753799392095,0.9748633503913879,5,0.0,0.0,0.03125,10000,0.00303951367781155,3.29,True,0.04375,0.0125,0.1125,10000,0.0486322188449848,16.45,True,0.13125,0.06875,0.19375,10000,0.0972644376899696,32.9,True
WDBC_QNN_zz_r5_d2_b02,loss,0.5084536474164134,0.45569908814589666,0.5603177241641337,10000,160,329,0.00303951367781155,0=member,satml_runs/satml_wdbc_targeted/WDBC_QNN_zz_r5_d2_b02/target_attack_data.pt,stratified percentile bootstrap over member/non-member records,records,10000,satml_wdbc_targeted,breast_cancer_wdbc,qnn,qnn,-1,90262,80262,90262,pv+stats,0.05,0.0,6,2,linear,crz,zz,5,linear,none,wrap,160,80,329,1.0,-1,False,16,100,False,90262,80262,wdbc_b02,data/wdbc/wdbc.csv.gz,6,zz_r5_d2,zz_r5_d2,,0.5550341945288754,0.11006838905775074,0.9125,0.8024316109422492,-0.5490974187850952,5,0.0125,0.0,0.0375,10000,0.0060790273556231,3.29,True,0.0375,0.00625,0.08125,10000,0.04559270516717325,16.45,True,0.08125,0.0375,0.125,10000,0.09422492401215805,32.9,True
WDBC_QNN_zz_r5_d2_b02,entropy,0.45265957446808514,0.39806136018237087,0.5072193199088145,10000,160,329,0.00303951367781155,0=member,satml_runs/satml_wdbc_targeted/WDBC_QNN_zz_r5_d2_b02/target_attack_data.pt,stratified percentile bootstrap over member/non-member records,records,10000,satml_wdbc_targeted,breast_cancer_wdbc,qnn,qnn,-1,90262,80262,90262,pv+stats,0.05,0.0,6,2,linear,crz,zz,5,linear,none,wrap,160,80,329,1.0,-1,False,16,100,False,90262,80262,wdbc_b02,data/wdbc/wdbc.csv.gz,6,zz_r5_d2,zz_r5_d2,,0.5040463525835867,0.008092705167173309,0.9625,0.9544072948328267,-0.6810952425003052,5,0.0125,0.0,0.0375,10000,0.0060790273556231,3.29,True,0.0375,0.00625,0.075,10000,0.04559270516717325,16.45,True,0.075,0.03125,0.11875,10000,0.0972644376899696,32.9,True
WDBC_QNN_zz_r5_d2_b02,confidence,0.45265957446808514,0.3980585106382979,0.5073333016717325,10000,160,329,0.00303951367781155,0=member,satml_runs/satml_wdbc_targeted/WDBC_QNN_zz_r5_d2_b02/target_attack_data.pt,stratified percentile bootstrap over member/non-member records,records,10000,satml_wdbc_targeted,breast_cancer_wdbc,qnn,qnn,-1,90262,80262,90262,pv+stats,0.05,0.0,6,2,linear,crz,zz,5,linear,none,wrap,160,80,329,1.0,-1,False,16,100,False,90262,80262,wdbc_b02,data/wdbc/wdbc.csv.gz,6,zz_r5_d2,zz_r5_d2,,0.5040463525835867,0.008092705167173309,0.9625,0.9544072948328267,0.5774707794189453,5,0.0125,0.0,0.0375,10000,0.0060790273556231,3.29,True,0.0375,0.00625,0.075,10000,0.04559270516717325,16.45,True,0.075,0.03125,0.11875,10000,0.0972644376899696,32.9,True
WDBC_QNN_zz_r5_d2_b02,margin,0.45265957446808514,0.39886018237082066,0.5075826367781154,10000,160,329,0.00303951367781155,0=member,satml_runs/satml_wdbc_targeted/WDBC_QNN_zz_r5_d2_b02/target_attack_data.pt,stratified percentile bootstrap over member/non-member records,records,10000,satml_wdbc_targeted,breast_cancer_wdbc,qnn,qnn,-1,90262,80262,90262,pv+stats,0.05,0.0,6,2,linear,crz,zz,5,linear,none,wrap,160,80,329,1.0,-1,False,16,100,False,90262,80262,wdbc_b02,data/wdbc/wdbc.csv.gz,6,zz_r5_d2,zz_r5_d2,,0.5040463525835867,0.008092705167173309,0.9625,0.9544072948328267,0.15494155883789062,5,0.0125,0.0,0.0375,10000,0.0060790273556231,3.29,True,0.0375,0.00625,0.075,10000,0.04559270516717325,16.45,True,0.075,0.03125,0.11875,10000,0.0972644376899696,32.9,True
WDBC_QNN_zz_r5_d2_b02,correctness,0.5583301671732523,0.528770896656535,0.5862841945288754,10000,160,329,0.00303951367781155,0=member,satml_runs/satml_wdbc_targeted/WDBC_QNN_zz_r5_d2_b02/target_attack_data.pt,stratified percentile bootstrap over member/non-member records,records,10000,satml_wdbc_targeted,breast_cancer_wdbc,qnn,qnn,-1,90262,80262,90262,pv+stats,0.05,0.0,6,2,linear,crz,zz,5,linear,none,wrap,160,80,329,1.0,-1,False,16,100,False,90262,80262,wdbc_b02,data/wdbc/wdbc.csv.gz,6,zz_r5_d2,zz_r5_d2,,0.5583301671732523,0.11666033434650458,0.93125,0.8145896656534954,1.0,5,0.0,0.0,0.0,10000,0.0,3.29,True,0.0,0.0,0.0,10000,0.0,16.45,True,0.0,0.0,0.0,10000,0.0,32.9,True
WDBC_QNN_zz_r5_d2_b02,max_probability,0.45265957446808514,0.3986312689969605,0.5054901215805471,10000,160,329,0.00303951367781155,0=member,satml_runs/satml_wdbc_targeted/WDBC_QNN_zz_r5_d2_b02/target_attack_data.pt,stratified percentile bootstrap over member/non-member records,records,10000,satml_wdbc_targeted,breast_cancer_wdbc,qnn,qnn,-1,90262,80262,90262,pv+stats,0.05,0.0,6,2,linear,crz,zz,5,linear,none,wrap,160,80,329,1.0,-1,False,16,100,False,90262,80262,wdbc_b02,data/wdbc/wdbc.csv.gz,6,zz_r5_d2,zz_r5_d2,,0.5040463525835867,0.008092705167173309,0.9625,0.9544072948328267,0.5774707794189453,5,0.0125,0.0,0.0375,10000,0.0060790273556231,3.29,True,0.0375,0.00625,0.075,10000,0.04559270516717325,16.45,True,0.075,0.03125,0.125,10000,0.0972644376899696,32.9,True
WDBC_QNN_zz_r5_d2_b03,loss,0.5206401975683891,0.46962386018237084,0.571604768237082,10000,160,329,0.00303951367781155,0=member,satml_runs/satml_wdbc_targeted/WDBC_QNN_zz_r5_d2_b03/target_attack_data.pt,stratified percentile bootstrap over member/non-member records,records,10000,satml_wdbc_targeted,breast_cancer_wdbc,qnn,qnn,-1,90263,80263,90263,pv+stats,0.05,0.0,6,2,linear,crz,zz,5,linear,none,wrap,160,80,329,1.0,-1,False,16,100,False,90263,80263,wdbc_b03,data/wdbc/wdbc.csv.gz,6,zz_r5_d2,zz_r5_d2,,0.5725208966565349,0.14504179331306988,0.96875,0.8237082066869301,-0.8729990720748901,5,0.0,0.0,0.00625,10000,0.00303951367781155,3.29,True,0.01875,0.0,0.0625,10000,0.04559270516717325,16.45,True,0.075,0.025,0.125,10000,0.0972644376899696,32.9,True
WDBC_QNN_zz_r5_d2_b03,entropy,0.451709726443769,0.39711198708206685,0.5068398556231003,10000,160,329,0.00303951367781155,0=member,satml_runs/satml_wdbc_targeted/WDBC_QNN_zz_r5_d2_b03/target_attack_data.pt,stratified percentile bootstrap over member/non-member records,records,10000,satml_wdbc_targeted,breast_cancer_wdbc,qnn,qnn,-1,90263,80263,90263,pv+stats,0.05,0.0,6,2,linear,crz,zz,5,linear,none,wrap,160,80,329,1.0,-1,False,16,100,False,90263,80263,wdbc_b03,data/wdbc/wdbc.csv.gz,6,zz_r5_d2,zz_r5_d2,,0.46490311550151975,-0.0701937689969605,0.65625,0.7264437689969605,-0.6919106245040894,5,0.0,0.0,0.00625,10000,0.00303951367781155,3.29,True,0.01875,0.0,0.05625,10000,0.0486322188449848,16.45,True,0.06875,0.01875,0.11875,10000,0.0972644376899696,32.9,True
WDBC_QNN_zz_r5_d2_b03,confidence,0.4517192249240122,0.3973019566869301,0.5069545497720365,10000,160,329,0.00303951367781155,0=member,satml_runs/satml_wdbc_targeted/WDBC_QNN_zz_r5_d2_b03/target_attack_data.pt,stratified percentile bootstrap over member/non-member records,records,10000,satml_wdbc_targeted,breast_cancer_wdbc,qnn,qnn,-1,90263,80263,90263,pv+stats,0.05,0.0,6,2,linear,crz,zz,5,linear,none,wrap,160,80,329,1.0,-1,False,16,100,False,90263,80263,wdbc_b03,data/wdbc/wdbc.csv.gz,6,zz_r5_d2,zz_r5_d2,,0.46490311550151975,-0.0701937689969605,0.65625,0.7264437689969605,0.5248603820800781,5,0.0,0.0,0.00625,10000,0.00303951367781155,3.29,True,0.01875,0.0,0.05625,10000,0.0486322188449848,16.45,True,0.06875,0.025,0.11875,10000,0.0972644376899696,32.9,True
WDBC_QNN_zz_r5_d2_b03,margin,0.451709726443769,0.39883786094224927,0.5063449848024316,10000,160,329,0.00303951367781155,0=member,satml_runs/satml_wdbc_targeted/WDBC_QNN_zz_r5_d2_b03/target_attack_data.pt,stratified percentile bootstrap over member/non-member records,records,10000,satml_wdbc_targeted,breast_cancer_wdbc,qnn,qnn,-1,90263,80263,90263,pv+stats,0.05,0.0,6,2,linear,crz,zz,5,linear,none,wrap,160,80,329,1.0,-1,False,16,100,False,90263,80263,wdbc_b03,data/wdbc/wdbc.csv.gz,6,zz_r5_d2,zz_r5_d2,,0.46490311550151975,-0.0701937689969605,0.65625,0.7264437689969605,0.04972076416015625,5,0.0,0.0,0.00625,10000,0.00303951367781155,3.29,True,0.01875,0.0,0.05625,10000,0.0486322188449848,16.45,True,0.06875,0.01875,0.11875,10000,0.0972644376899696,32.9,True
WDBC_QNN_zz_r5_d2_b03,correctness,0.5551196808510639,0.5243825987841946,0.5847644376899696,10000,160,329,0.00303951367781155,0=member,satml_runs/satml_wdbc_targeted/WDBC_QNN_zz_r5_d2_b03/target_attack_data.pt,stratified percentile bootstrap over member/non-member records,records,10000,satml_wdbc_targeted,breast_cancer_wdbc,qnn,qnn,-1,90263,80263,90263,pv+stats,0.05,0.0,6,2,linear,crz,zz,5,linear,none,wrap,160,80,329,1.0,-1,False,16,100,False,90263,80263,wdbc_b03,data/wdbc/wdbc.csv.gz,6,zz_r5_d2,zz_r5_d2,,0.5551196808510638,0.11023936170212767,0.91875,0.8085106382978723,1.0,5,0.0,0.0,0.0,10000,0.0,3.29,True,0.0,0.0,0.0,10000,0.0,16.45,True,0.0,0.0,0.0,10000,0.0,32.9,True
WDBC_QNN_zz_r5_d2_b03,max_probability,0.4517192249240122,0.3974142762158055,0.5073541983282674,10000,160,329,0.00303951367781155,0=member,satml_runs/satml_wdbc_targeted/WDBC_QNN_zz_r5_d2_b03/target_attack_data.pt,stratified percentile bootstrap over member/non-member records,records,10000,satml_wdbc_targeted,breast_cancer_wdbc,qnn,qnn,-1,90263,80263,90263,pv+stats,0.05,0.0,6,2,linear,crz,zz,5,linear,none,wrap,160,80,329,1.0,-1,False,16,100,False,90263,80263,wdbc_b03,data/wdbc/wdbc.csv.gz,6,zz_r5_d2,zz_r5_d2,,0.46490311550151975,-0.0701937689969605,0.65625,0.7264437689969605,0.5248603820800781,5,0.0,0.0,0.00625,10000,0.00303951367781155,3.29,True,0.01875,0.0,0.05625,10000,0.0486322188449848,16.45,True,0.06875,0.025,0.11875,10000,0.0972644376899696,32.9,True
WDBC_QNN_zz_r5_d2_b04,loss,0.4995630699088146,0.44682703267477203,0.5524890767477203,10000,160,329,0.00303951367781155,0=member,satml_runs/satml_wdbc_targeted/WDBC_QNN_zz_r5_d2_b04/target_attack_data.pt,stratified percentile bootstrap over member/non-member records,records,10000,satml_wdbc_targeted,breast_cancer_wdbc,qnn,qnn,-1,90264,80264,90264,pv+stats,0.05,0.0,6,2,linear,crz,zz,5,linear,none,wrap,160,80,329,1.0,-1,False,16,100,False,90264,80264,wdbc_b04,data/wdbc/wdbc.csv.gz,6,zz_r5_d2,zz_r5_d2,,0.5226063829787234,0.04521276595744683,0.875,0.8297872340425532,-0.47298306226730347,5,0.0,0.0,0.025,10000,0.00303951367781155,3.29,True,0.01875,0.0,0.05625,10000,0.0486322188449848,16.45,True,0.05,0.0125,0.1125,10000,0.0972644376899696,32.9,True
WDBC_QNN_zz_r5_d2_b04,entropy,0.4730623100303951,0.4195469224924012,0.5267102013677811,10000,160,329,0.00303951367781155,0=member,satml_runs/satml_wdbc_targeted/WDBC_QNN_zz_r5_d2_b04/target_attack_data.pt,stratified percentile bootstrap over member/non-member records,records,10000,satml_wdbc_targeted,breast_cancer_wdbc,qnn,qnn,-1,90264,80264,90264,pv+stats,0.05,0.0,6,2,linear,crz,zz,5,linear,none,wrap,160,80,329,1.0,-1,False,16,100,False,90264,80264,wdbc_b04,data/wdbc/wdbc.csv.gz,6,zz_r5_d2,zz_r5_d2,,0.4611797112462006,-0.07764057750759878,0.60625,0.6838905775075987,-0.4329729676246643,5,0.0,0.0,0.025,10000,0.00303951367781155,3.29,True,0.01875,0.0,0.05625,10000,0.0486322188449848,16.45,True,0.05,0.0125,0.1125,10000,0.0972644376899696,32.9,True
WDBC_QNN_zz_r5_d2_b04,confidence,0.4730623100303951,0.4192814399696049,0.5268237082066869,10000,160,329,0.00303951367781155,0=member,satml_runs/satml_wdbc_targeted/WDBC_QNN_zz_r5_d2_b04/target_attack_data.pt,stratified percentile bootstrap over member/non-member records,records,10000,satml_wdbc_targeted,breast_cancer_wdbc,qnn,qnn,-1,90264,80264,90264,pv+stats,0.05,0.0,6,2,linear,crz,zz,5,linear,none,wrap,160,80,329,1.0,-1,False,16,100,False,90264,80264,wdbc_b04,data/wdbc/wdbc.csv.gz,6,zz_r5_d2,zz_r5_d2,,0.4611797112462006,-0.07764057750759878,0.60625,0.6838905775075987,0.8440024256706238,5,0.0,0.0,0.025,10000,0.00303951367781155,3.29,True,0.01875,0.0,0.05625,10000,0.0486322188449848,16.45,True,0.05,0.0125,0.1125,10000,0.0972644376899696,32.9,True
WDBC_QNN_zz_r5_d2_b04,margin,0.4730623100303951,0.4196988981762918,0.5265962196048631,10000,160,329,0.00303951367781155,0=member,satml_runs/satml_wdbc_targeted/WDBC_QNN_zz_r5_d2_b04/target_attack_data.pt,stratified percentile bootstrap over member/non-member records,records,10000,satml_wdbc_targeted,breast_cancer_wdbc,qnn,qnn,-1,90264,80264,90264,pv+stats,0.05,0.0,6,2,linear,crz,zz,5,linear,none,wrap,160,80,329,1.0,-1,False,16,100,False,90264,80264,wdbc_b04,data/wdbc/wdbc.csv.gz,6,zz_r5_d2,zz_r5_d2,,0.4611797112462006,-0.07764057750759878,0.60625,0.6838905775075987,0.6880048513412476,5,0.0,0.0,0.025,10000,0.00303951367781155,3.29,True,0.01875,0.0,0.05625,10000,0.0486322188449848,16.45,True,0.05,0.0125,0.1125,10000,0.0972644376899696,32.9,True
WDBC_QNN_zz_r5_d2_b04,correctness,0.5376519756838906,0.5175531914893617,0.557665273556231,10000,160,329,0.00303951367781155,0=member,satml_runs/satml_wdbc_targeted/WDBC_QNN_zz_r5_d2_b04/target_attack_data.pt,stratified percentile bootstrap over member/non-member records,records,10000,satml_wdbc_targeted,breast_cancer_wdbc,qnn,qnn,-1,90264,80264,90264,pv+stats,0.05,0.0,6,2,linear,crz,zz,5,linear,none,wrap,160,80,329,1.0,-1,False,16,100,False,90264,80264,wdbc_b04,data/wdbc/wdbc.csv.gz,6,zz_r5_d2,zz_r5_d2,,0.5376519756838906,0.07530395136778112,0.975,0.8996960486322189,1.0,5,0.0,0.0,0.0,10000,0.0,3.29,True,0.0,0.0,0.0,10000,0.0,16.45,True,0.0,0.0,0.0,10000,0.0,32.9,True
WDBC_QNN_zz_r5_d2_b04,max_probability,0.4730623100303951,0.4194144186930091,0.5269771086626139,10000,160,329,0.00303951367781155,0=member,satml_runs/satml_wdbc_targeted/WDBC_QNN_zz_r5_d2_b04/target_attack_data.pt,stratified percentile bootstrap over member/non-member records,records,10000,satml_wdbc_targeted,breast_cancer_wdbc,qnn,qnn,-1,90264,80264,90264,pv+stats,0.05,0.0,6,2,linear,crz,zz,5,linear,none,wrap,160,80,329,1.0,-1,False,16,100,False,90264,80264,wdbc_b04,data/wdbc/wdbc.csv.gz,6,zz_r5_d2,zz_r5_d2,,0.4611797112462006,-0.07764057750759878,0.60625,0.6838905775075987,0.8440024256706238,5,0.0,0.0,0.025,10000,0.00303951367781155,3.29,True,0.01875,0.0,0.05625,10000,0.0486322188449848,16.45,True,0.05,0.0125,0.1125,10000,0.0972644376899696,32.9,True
WDBC_QNN_zz_r5_d2_b05,loss,0.49367401215805473,0.4423632218844985,0.5453490691489361,10000,160,329,0.00303951367781155,0=member,satml_runs/satml_wdbc_targeted/WDBC_QNN_zz_r5_d2_b05/target_attack_data.pt,stratified percentile bootstrap over member/non-member records,records,10000,satml_wdbc_targeted,breast_cancer_wdbc,qnn,qnn,-1,90265,80265,90265,pv+stats,0.05,0.0,6,2,linear,crz,zz,5,linear,none,wrap,160,80,329,1.0,-1,False,16,100,False,90265,80265,wdbc_b05,data/wdbc/wdbc.csv.gz,6,zz_r5_d2,zz_r5_d2,,0.5165273556231003,0.03305471124620063,0.875,0.8419452887537994,-0.8527601361274719,5,0.0,0.0,0.025,10000,0.00303951367781155,3.29,True,0.04375,0.00625,0.08125,10000,0.04559270516717325,16.45,True,0.06875,0.025,0.11875,10000,0.0972644376899696,32.9,True
WDBC_QNN_zz_r5_d2_b05,entropy,0.44538373860182373,0.3914888867781155,0.4976063829787234,10000,160,329,0.00303951367781155,0=member,satml_runs/satml_wdbc_targeted/WDBC_QNN_zz_r5_d2_b05/target_attack_data.pt,stratified percentile bootstrap over member/non-member records,records,10000,satml_wdbc_targeted,breast_cancer_wdbc,qnn,qnn,-1,90265,80265,90265,pv+stats,0.05,0.0,6,2,linear,crz,zz,5,linear,none,wrap,160,80,329,1.0,-1,False,16,100,False,90265,80265,wdbc_b05,data/wdbc/wdbc.csv.gz,6,zz_r5_d2,zz_r5_d2,,0.4473974164133738,-0.10520516717325229,0.4875,0.5927051671732523,-0.5551157593727112,5,0.0,0.0,0.01875,10000,0.00303951367781155,3.29,True,0.0375,0.00625,0.075,10000,0.0486322188449848,16.45,True,0.0625,0.025,0.1125,10000,0.0972644376899696,32.9,True
WDBC_QNN_zz_r5_d2_b05,confidence,0.44538373860182373,0.3919058700607903,0.4996015387537994,10000,160,329,0.00303951367781155,0=member,satml_runs/satml_wdbc_targeted/WDBC_QNN_zz_r5_d2_b05/target_attack_data.pt,stratified percentile bootstrap over member/non-member records,records,10000,satml_wdbc_targeted,breast_cancer_wdbc,qnn,qnn,-1,90265,80265,90265,pv+stats,0.05,0.0,6,2,linear,crz,zz,5,linear,none,wrap,160,80,329,1.0,-1,False,16,100,False,90265,80265,wdbc_b05,data/wdbc/wdbc.csv.gz,6,zz_r5_d2,zz_r5_d2,,0.4473974164133738,-0.10520516717325229,0.4875,0.5927051671732523,0.756469190120697,5,0.0,0.0,0.01875,10000,0.00303951367781155,3.29,True,0.0375,0.00625,0.075,10000,0.0486322188449848,16.45,True,0.0625,0.025,0.1125,10000,0.0972644376899696,32.9,True
WDBC_QNN_zz_r5_d2_b05,margin,0.44538373860182373,0.39243683510638294,0.49846314589665647,10000,160,329,0.00303951367781155,0=member,satml_runs/satml_wdbc_targeted/WDBC_QNN_zz_r5_d2_b05/target_attack_data.pt,stratified percentile bootstrap over member/non-member records,records,10000,satml_wdbc_targeted,breast_cancer_wdbc,qnn,qnn,-1,90265,80265,90265,pv+stats,0.05,0.0,6,2,linear,crz,zz,5,linear,none,wrap,160,80,329,1.0,-1,False,16,100,False,90265,80265,wdbc_b05,data/wdbc/wdbc.csv.gz,6,zz_r5_d2,zz_r5_d2,,0.4473974164133738,-0.10520516717325229,0.4875,0.5927051671732523,0.512938380241394,5,0.0,0.0,0.01875,10000,0.00303951367781155,3.29,True,0.0375,0.00625,0.075,10000,0.0486322188449848,16.45,True,0.0625,0.025,0.1125,10000,0.0972644376899696,32.9,True
WDBC_QNN_zz_r5_d2_b05,correctness,0.5474354103343465,0.5169547872340425,0.5769946808510639,10000,160,329,0.00303951367781155,0=member,satml_runs/satml_wdbc_targeted/WDBC_QNN_zz_r5_d2_b05/target_attack_data.pt,stratified percentile bootstrap over member/non-member records,records,10000,satml_wdbc_targeted,breast_cancer_wdbc,qnn,qnn,-1,90265,80265,90265,pv+stats,0.05,0.0,6,2,linear,crz,zz,5,linear,none,wrap,160,80,329,1.0,-1,False,16,100,False,90265,80265,wdbc_b05,data/wdbc/wdbc.csv.gz,6,zz_r5_d2,zz_r5_d2,,0.5474354103343465,0.09487082066869301,0.9125,0.817629179331307,1.0,5,0.0,0.0,0.0,10000,0.0,3.29,True,0.0,0.0,0.0,10000,0.0,16.45,True,0.0,0.0,0.0,10000,0.0,32.9,True
WDBC_QNN_zz_r5_d2_b05,max_probability,0.44538373860182373,0.3927241641337386,0.4998494490881459,10000,160,329,0.00303951367781155,0=member,satml_runs/satml_wdbc_targeted/WDBC_QNN_zz_r5_d2_b05/target_attack_data.pt,stratified percentile bootstrap over member/non-member records,records,10000,satml_wdbc_targeted,breast_cancer_wdbc,qnn,qnn,-1,90265,80265,90265,pv+stats,0.05,0.0,6,2,linear,crz,zz,5,linear,none,wrap,160,80,329,1.0,-1,False,16,100,False,90265,80265,wdbc_b05,data/wdbc/wdbc.csv.gz,6,zz_r5_d2,zz_r5_d2,,0.4473974164133738,-0.10520516717325229,0.4875,0.5927051671732523,0.756469190120697,5,0.0,0.0,0.01875,10000,0.00303951367781155,3.29,True,0.0375,0.00625,0.075,10000,0.0486322188449848,16.45,True,0.0625,0.025,0.1125,10000,0.0972644376899696,32.9,True
