target_id,training_defense,defense,record_id,membership,true_label,predicted_label,probability_0,probability_1
PETS_CREDIT_high_eff_su2_r5_d6_b05__none,none,none,b95d8aa7591c7887c05c,1,0,0,0.931838870048523,0.06816115975379944
PETS_CREDIT_high_eff_su2_r5_d6_b05__none,none,none,aaca4c9adb936209ae4f,1,0,0,0.9298484325408936,0.07015155255794525
PETS_CREDIT_high_eff_su2_r5_d6_b05__none,none,none,f640cb068a6e0cafd8f7,1,0,0,0.6695241332054138,0.3304758369922638
PETS_CREDIT_high_eff_su2_r5_d6_b05__none,none,none,bf5a9031a45524933e21,1,0,0,0.8889735341072083,0.11102642118930817
PETS_CREDIT_high_eff_su2_r5_d6_b05__none,none,none,6ea2a519a69c09016323,1,0,0,0.8241252899169922,0.1758747100830078
PETS_CREDIT_high_eff_su2_r5_d6_b05__none,none,none,092efc45ab978715a8fa,1,1,0,0.6789738535881042,0.32102611660957336
PETS_CREDIT_high_eff_su2_r5_d6_b05__none,none,none,e0b33cacbadcac9f3d26,1,0,0,0.6867695450782776,0.3132304847240448
PETS_CREDIT_high_eff_su2_r5_d6_b05__none,none,none,69ef03b5c6f4f7ecef33,1,1,0,0.7535671591758728,0.2464328408241272
PETS_CREDIT_high_eff_su2_r5_d6_b05__none,none,none,4aa64c627cb9b82d7f42,1,1,1,0.4115518629550934,0.5884481072425842
PETS_CREDIT_high_eff_su2_r5_d6_b05__none,none,none,0772d1e68bccea98e68f,1,0,0,0.7793850302696228,0.22061502933502197
PETS_CREDIT_high_eff_su2_r5_d6_b05__none,none,none,85bbf6f61dd23b95b6e7,1,0,0,0.600508451461792,0.399491548538208
PETS_CREDIT_high_eff_su2_r5_d6_b05__none,none,none,1c7eb9e50fc08e5f8cf0,1,0,0,0.8498170971870422,0.15018297731876373
PETS_CREDIT_high_eff_su2_r5_d6_b05__none,none,none,c91e3b5a028c06ad1f92,1,0,0,0.9614933133125305,0.03850673884153366
PETS_CREDIT_high_eff_su2_r5_d6_b05__none,none,none,d606f1831b9734bb90e1,1,0,0,0.9192571043968201,0.08074290305376053
PETS_CREDIT_high_eff_su2_r5_d6_b05__none,none,none,5b7629cbd1fb6e879520,1,0,0,0.8347466588020325,0.1652533859014511
PETS_CREDIT_high_eff_su2_r5_d6_b05__none,none,none,00405a37dd709b2d51a8,1,1,0,0.5663658380508423,0.4336341321468353
PETS_CREDIT_high_eff_su2_r5_d6_b05__none,none,none,434123980ae7f6c38b02,1,0,0,0.8541758060455322,0.14582419395446777
PETS_CREDIT_high_eff_su2_r5_d6_b05__none,none,none,07d4d260e30d7cf5b71f,1,0,0,0.5822561979293823,0.4177437126636505
PETS_CREDIT_high_eff_su2_r5_d6_b05__none,none,none,d2c3d34fb102babfa194,1,0,0,0.9991398453712463,0.0008601490408182144
PETS_CREDIT_high_eff_su2_r5_d6_b05__none,none,none,ab97fae957e08270ffce,1,1,0,0.661481499671936,0.3385184705257416
PETS_CREDIT_high_eff_su2_r5_d6_b05__none,none,none,a5628044ec0880a52490,1,0,0,0.8412740230560303,0.1587260365486145
PETS_CREDIT_high_eff_su2_r5_d6_b05__none,none,none,4df4658f2eb41564da87,1,0,0,0.9059702157974243,0.09402983635663986
PETS_CREDIT_high_eff_su2_r5_d6_b05__none,none,none,c4b2c9357254e51af6a9,1,0,0,0.7896705269813538,0.21032945811748505
PETS_CREDIT_high_eff_su2_r5_d6_b05__none,none,none,dba69027df0122535f19,1,0,0,0.8432102799415588,0.15678970515727997
PETS_CREDIT_high_eff_su2_r5_d6_b05__none,none,none,e07f107ec2deef516f4f,1,0,0,0.9849360585212708,0.015063900500535965
PETS_CREDIT_high_eff_su2_r5_d6_b05__none,none,none,49b15e9ec4784be42cd2,1,0,0,0.8601698279380798,0.13983015716075897
PETS_CREDIT_high_eff_su2_r5_d6_b05__none,none,none,08a6c27fcb32f81ff375,1,0,0,0.9694334864616394,0.03056645579636097
PETS_CREDIT_high_eff_su2_r5_d6_b05__none,none,none,c536d8f2ff559c7756e7,1,0,0,0.8361843824386597,0.1638156771659851
PETS_CREDIT_high_eff_su2_r5_d6_b05__none,none,none,0ec364cc4624f409f87e,1,0,0,0.9091895222663879,0.09081050008535385
PETS_CREDIT_high_eff_su2_r5_d6_b05__none,none,none,46dbe6ca2f4531385a05,1,0,0,0.8384992480278015,0.16150079667568207
PETS_CREDIT_high_eff_su2_r5_d6_b05__none,none,none,c75c31af2389cc3a594f,1,0,0,0.8502285480499268,0.14977143704891205
PETS_CREDIT_high_eff_su2_r5_d6_b05__none,none,none,fb40711278aca2b43c69,1,0,0,0.7697168588638306,0.23028318583965302
PETS_CREDIT_high_eff_su2_r5_d6_b05__none,none,none,d9170d275d5e05922e82,1,1,0,0.5829780697822571,0.4170219302177429
PETS_CREDIT_high_eff_su2_r5_d6_b05__none,none,none,2c3058336909d855b1f0,1,0,0,0.664922833442688,0.3350771367549896
PETS_CREDIT_high_eff_su2_r5_d6_b05__none,none,none,df16a30c67111933fccc,1,1,0,0.8095429539680481,0.19045698642730713
PETS_CREDIT_high_eff_su2_r5_d6_b05__none,none,none,70d271c728323ea28d90,1,0,0,0.9831216931343079,0.016878260299563408
PETS_CREDIT_high_eff_su2_r5_d6_b05__none,none,none,e76cce60bc3507d0d7b2,1,0,0,0.9111698269844055,0.08883024007081985
PETS_CREDIT_high_eff_su2_r5_d6_b05__none,none,none,5cb75d859aa2d3df94b0,1,0,0,0.7247847318649292,0.2752152681350708
PETS_CREDIT_high_eff_su2_r5_d6_b05__none,none,none,26b6a5da65cdaeb8e184,1,1,1,0.4001377522945404,0.5998622179031372
PETS_CREDIT_high_eff_su2_r5_d6_b05__none,none,none,f073d35785cf76f1409c,1,0,0,0.8840842247009277,0.1159157082438469
PETS_CREDIT_high_eff_su2_r5_d6_b05__none,none,none,7311863aa70952806ffc,1,0,0,0.7151570916175842,0.28484290838241577
PETS_CREDIT_high_eff_su2_r5_d6_b05__none,none,none,073dbbd888ef767c75de,1,1,0,0.681934654712677,0.31806525588035583
PETS_CREDIT_high_eff_su2_r5_d6_b05__none,none,none,58cb80b3d0535cb4343a,1,0,0,0.8247069120407104,0.17529305815696716
PETS_CREDIT_high_eff_su2_r5_d6_b05__none,none,none,4b85b1f42c0154e0d47c,1,0,0,0.8812969923019409,0.1187029704451561
PETS_CREDIT_high_eff_su2_r5_d6_b05__none,none,none,9eb158e3cbe5bc901e26,1,0,1,0.43475112318992615,0.5652488470077515
PETS_CREDIT_high_eff_su2_r5_d6_b05__none,none,none,877b93e6aa8797d2cd0b,1,0,0,0.9753497242927551,0.024650171399116516
PETS_CREDIT_high_eff_su2_r5_d6_b05__none,none,none,988a4b4dcb53bafffb01,1,0,0,0.9851784110069275,0.014821597374975681
PETS_CREDIT_high_eff_su2_r5_d6_b05__none,none,none,d75c3e52dbcaf5a5ec2a,1,0,0,0.8533185720443726,0.14668148756027222
PETS_CREDIT_high_eff_su2_r5_d6_b05__none,none,none,01743ddf295d8f6b5a46,1,1,1,0.49362367391586304,0.5063762068748474
PETS_CREDIT_high_eff_su2_r5_d6_b05__none,none,none,39f8154e08ad72170108,1,0,0,0.9365407824516296,0.06345920264720917
PETS_CREDIT_high_eff_su2_r5_d6_b05__none,none,none,1dd9f8371cdcaa1758b3,1,0,0,0.6507469415664673,0.3492530286312103
PETS_CREDIT_high_eff_su2_r5_d6_b05__none,none,none,ae429a6a1d645aacb94e,1,0,0,0.5765380859375,0.4234619140625
PETS_CREDIT_high_eff_su2_r5_d6_b05__none,none,none,b91b8614dbf7826436cf,1,0,0,0.9663175940513611,0.033682409673929214
PETS_CREDIT_high_eff_su2_r5_d6_b05__none,none,none,4def6ca8e27be84aeb54,1,0,0,0.9858173727989197,0.014182589948177338
PETS_CREDIT_high_eff_su2_r5_d6_b05__none,none,none,8d5ec20ca179ede5da84,1,1,1,0.20260146260261536,0.797398567199707
PETS_CREDIT_high_eff_su2_r5_d6_b05__none,none,none,7ce1135db7560daf7e70,1,1,0,0.5772817134857178,0.4227182865142822
PETS_CREDIT_high_eff_su2_r5_d6_b05__none,none,none,8120fa8a41158dba642d,1,0,0,0.6335489153862,0.3664511740207672
PETS_CREDIT_high_eff_su2_r5_d6_b05__none,none,none,2f5a23022990244c47e8,1,1,0,0.9135822057723999,0.08641783893108368
PETS_CREDIT_high_eff_su2_r5_d6_b05__none,none,none,1819fe5c399a17316fee,1,0,0,0.7250357270240784,0.27496427297592163
PETS_CREDIT_high_eff_su2_r5_d6_b05__none,none,none,70e46e61db439dd8e308,1,0,0,0.9740840196609497,0.02591598965227604
PETS_CREDIT_high_eff_su2_r5_d6_b05__none,none,none,66fa33821884d4568b02,1,1,0,0.7661238312721252,0.23387625813484192
PETS_CREDIT_high_eff_su2_r5_d6_b05__none,none,none,cbd912351cdbc83a9184,1,1,0,0.5320855379104614,0.46791449189186096
PETS_CREDIT_high_eff_su2_r5_d6_b05__none,none,none,f3ca91dd8e5aba8d83d9,1,0,0,0.7196810841560364,0.2803189158439636
PETS_CREDIT_high_eff_su2_r5_d6_b05__none,none,none,6992a9babb7ae6302cb5,1,0,0,0.70355224609375,0.2964477837085724
PETS_CREDIT_high_eff_su2_r5_d6_b05__none,none,none,bf465d63c434358f77e4,1,0,0,0.8926826119422913,0.10731738805770874
PETS_CREDIT_high_eff_su2_r5_d6_b05__none,none,none,6a75db22a6087741eef2,1,0,0,0.8246611952781677,0.1753387749195099
PETS_CREDIT_high_eff_su2_r5_d6_b05__none,none,none,973b363916938dbaaf31,1,0,1,0.45457881689071655,0.5454212427139282
PETS_CREDIT_high_eff_su2_r5_d6_b05__none,none,none,072f10d00d9156aab9f2,1,0,0,0.775093674659729,0.224906325340271
PETS_CREDIT_high_eff_su2_r5_d6_b05__none,none,none,0acc109e58c1c7823ce7,1,0,0,0.7057086229324341,0.2942913770675659
PETS_CREDIT_high_eff_su2_r5_d6_b05__none,none,none,6c0e663b6848864dc914,1,1,0,0.5685786008834839,0.4314213991165161
PETS_CREDIT_high_eff_su2_r5_d6_b05__none,none,none,78edbc6916b12b570866,1,0,0,0.8634803295135498,0.13651970028877258
PETS_CREDIT_high_eff_su2_r5_d6_b05__none,none,none,5688d9df8bbfc61d89e9,1,0,0,0.8926717042922974,0.10732834041118622
PETS_CREDIT_high_eff_su2_r5_d6_b05__none,none,none,e030c0aa4ae0f1011f2f,1,0,0,0.9613312482833862,0.03866880014538765
PETS_CREDIT_high_eff_su2_r5_d6_b05__none,none,none,25282b20e9c64236ec4d,1,0,0,0.8224931955337524,0.17750683426856995
PETS_CREDIT_high_eff_su2_r5_d6_b05__none,none,none,14ee67db08b82edf07a3,1,0,0,0.940418004989624,0.059582047164440155
PETS_CREDIT_high_eff_su2_r5_d6_b05__none,none,none,d46f8b9f4d57f90db615,1,0,0,0.6200049519538879,0.37999507784843445
PETS_CREDIT_high_eff_su2_r5_d6_b05__none,none,none,83a947285ea3ca8494da,1,0,0,0.8145444393157959,0.1854555606842041
PETS_CREDIT_high_eff_su2_r5_d6_b05__none,none,none,4dde24d981dd8981f71f,1,0,0,0.8826160430908203,0.1173839196562767
PETS_CREDIT_high_eff_su2_r5_d6_b05__none,none,none,5e48c11768cb070aefe6,1,1,0,0.7708467841148376,0.22915326058864594
PETS_CREDIT_high_eff_su2_r5_d6_b05__none,none,none,6f47824d3363865de61a,1,0,0,0.9075853228569031,0.09241467714309692
PETS_CREDIT_high_eff_su2_r5_d6_b05__none,none,none,f332cc500c7a62b19024,1,1,1,0.4999554455280304,0.5000445246696472
PETS_CREDIT_high_eff_su2_r5_d6_b05__none,none,none,192395141a760795b97a,1,0,0,0.8957250714302063,0.1042749285697937
PETS_CREDIT_high_eff_su2_r5_d6_b05__none,none,none,9fc5fbe55717fe6862a4,1,0,0,0.7474923729896545,0.25250768661499023
PETS_CREDIT_high_eff_su2_r5_d6_b05__none,none,none,8fe0ac3103b5acc00cdc,1,0,0,0.686263382434845,0.31373655796051025
PETS_CREDIT_high_eff_su2_r5_d6_b05__none,none,none,2a9dbe944756407f3c68,1,1,0,0.5117958784103394,0.4882041811943054
PETS_CREDIT_high_eff_su2_r5_d6_b05__none,none,none,5f9c02f5ec03a28e4f53,1,0,0,0.6506229043006897,0.3493771255016327
PETS_CREDIT_high_eff_su2_r5_d6_b05__none,none,none,b84ff32b3c14263b0dd5,1,0,0,0.7894261479377747,0.21057380735874176
PETS_CREDIT_high_eff_su2_r5_d6_b05__none,none,none,7be2869c238aa35d440a,1,0,0,0.9404034614562988,0.05959663912653923
PETS_CREDIT_high_eff_su2_r5_d6_b05__none,none,none,11ccb38ba9653d61e950,1,0,0,0.8726108074188232,0.12738926708698273
PETS_CREDIT_high_eff_su2_r5_d6_b05__none,none,none,619b46d6086e6aad3d84,1,1,0,0.6002875566482544,0.3997125029563904
PETS_CREDIT_high_eff_su2_r5_d6_b05__none,none,none,526cee77dcfea7ee8138,1,0,0,0.8310918211936951,0.16890819370746613
PETS_CREDIT_high_eff_su2_r5_d6_b05__none,none,none,a1b01a469dc7802f51d3,1,0,0,0.9070429801940918,0.09295709431171417
PETS_CREDIT_high_eff_su2_r5_d6_b05__none,none,none,5383d08662564ec7ab0d,1,0,0,0.9634324312210083,0.03656762093305588
PETS_CREDIT_high_eff_su2_r5_d6_b05__none,none,none,006df97946d214e0111f,1,0,0,0.783557653427124,0.21644233167171478
PETS_CREDIT_high_eff_su2_r5_d6_b05__none,none,none,a55e4e1cd3465563efc4,1,0,0,0.8794812560081482,0.120518758893013
PETS_CREDIT_high_eff_su2_r5_d6_b05__none,none,none,24e13410bd96d58bb8a8,1,1,0,0.8151967525482178,0.18480323255062103
PETS_CREDIT_high_eff_su2_r5_d6_b05__none,none,none,4cfea97c73e6dbfbc698,1,1,1,0.4765152335166931,0.5234847664833069
PETS_CREDIT_high_eff_su2_r5_d6_b05__none,none,none,bd6c7e8fd4e7879e23df,1,0,0,0.6884691715240479,0.31153079867362976
PETS_CREDIT_high_eff_su2_r5_d6_b05__none,none,none,ab00e756b29c98fd6674,1,0,1,0.4986634850502014,0.5013365745544434
PETS_CREDIT_high_eff_su2_r5_d6_b05__none,none,none,d1d396dc69ac0aeade66,1,0,0,0.7949609756469727,0.20503902435302734
PETS_CREDIT_high_eff_su2_r5_d6_b05__none,none,none,47955bec8c8c8b0d6ecd,0,0,1,0.49006137251853943,0.509938657283783
PETS_CREDIT_high_eff_su2_r5_d6_b05__none,none,none,4870b03a707763215d98,0,0,0,0.6023709774017334,0.3976289629936218
PETS_CREDIT_high_eff_su2_r5_d6_b05__none,none,none,973b033623e52ecc534b,0,0,0,0.5644745230674744,0.43552547693252563
PETS_CREDIT_high_eff_su2_r5_d6_b05__none,none,none,4a7e26fbb5313c542529,0,0,0,0.6738659143447876,0.3261340856552124
PETS_CREDIT_high_eff_su2_r5_d6_b05__none,none,none,e0fbea9eec804256c1cb,0,0,0,0.6140002012252808,0.38599973917007446
PETS_CREDIT_high_eff_su2_r5_d6_b05__none,none,none,e1a1ee7cf7bc7087e5f2,0,1,0,0.6711875796318054,0.3288124203681946
PETS_CREDIT_high_eff_su2_r5_d6_b05__none,none,none,eba21bceeb2ef13343ed,0,0,0,0.7232874631881714,0.2767126262187958
PETS_CREDIT_high_eff_su2_r5_d6_b05__none,none,none,636ac12d78460625de40,0,1,1,0.3559844493865967,0.6440155506134033
PETS_CREDIT_high_eff_su2_r5_d6_b05__none,none,none,937e67166f6df199553e,0,1,0,0.9622147083282471,0.03778531029820442
PETS_CREDIT_high_eff_su2_r5_d6_b05__none,none,none,f6e997c880eee2e368a1,0,0,0,0.9358087778091431,0.06419118493795395
PETS_CREDIT_high_eff_su2_r5_d6_b05__none,none,none,236eaf6e697017b75006,0,0,0,0.7951042652130127,0.20489579439163208
PETS_CREDIT_high_eff_su2_r5_d6_b05__none,none,none,ae625b0f03d9312f7a56,0,0,0,0.890609622001648,0.10939046740531921
PETS_CREDIT_high_eff_su2_r5_d6_b05__none,none,none,46a774fc49ba1bf8ef50,0,0,0,0.5146163702011108,0.48538362979888916
PETS_CREDIT_high_eff_su2_r5_d6_b05__none,none,none,8bb5ffd15a60cfa78147,0,0,0,0.5865343809127808,0.41346558928489685
PETS_CREDIT_high_eff_su2_r5_d6_b05__none,none,none,d89024b6830b15f365f2,0,0,0,0.9500698447227478,0.04993009567260742
PETS_CREDIT_high_eff_su2_r5_d6_b05__none,none,none,21bbec3cf4631e34985a,0,1,0,0.9106355905532837,0.0893644466996193
PETS_CREDIT_high_eff_su2_r5_d6_b05__none,none,none,0640a9b8fe04a4c66235,0,0,0,0.5835021138191223,0.4164978861808777
PETS_CREDIT_high_eff_su2_r5_d6_b05__none,none,none,d84827a745d8252e9fdb,0,0,0,0.7060506939888,0.29394933581352234
PETS_CREDIT_high_eff_su2_r5_d6_b05__none,none,none,bf631b93f55e0e82f795,0,0,0,0.9901444911956787,0.00985548086464405
PETS_CREDIT_high_eff_su2_r5_d6_b05__none,none,none,ae877d0841e52284f9ab,0,1,0,0.7442045211791992,0.25579550862312317
PETS_CREDIT_high_eff_su2_r5_d6_b05__none,none,none,bb7f875f1115ea715160,0,0,0,0.9096968173980713,0.0903032124042511
PETS_CREDIT_high_eff_su2_r5_d6_b05__none,none,none,7ac291fce946af57066d,0,0,0,0.9194108247756958,0.080589160323143
PETS_CREDIT_high_eff_su2_r5_d6_b05__none,none,none,b4a42897a34004c35deb,0,0,0,0.7700133323669434,0.22998660802841187
PETS_CREDIT_high_eff_su2_r5_d6_b05__none,none,none,8dcf26c9f074a4b5de0e,0,0,0,0.9244120717048645,0.07558794319629669
PETS_CREDIT_high_eff_su2_r5_d6_b05__none,none,none,6732cf9cccc2b370e663,0,0,0,0.724300742149353,0.27569928765296936
PETS_CREDIT_high_eff_su2_r5_d6_b05__none,none,none,803f6dc8a9f94d6165d6,0,0,0,0.9180346727371216,0.08196533471345901
PETS_CREDIT_high_eff_su2_r5_d6_b05__none,none,none,bbf9af27413caa9a409b,0,0,0,0.9987525939941406,0.0012473901733756065
PETS_CREDIT_high_eff_su2_r5_d6_b05__none,none,none,5c7d8f33e88909bece76,0,0,0,0.5322765111923218,0.4677235186100006
PETS_CREDIT_high_eff_su2_r5_d6_b05__none,none,none,91005bada1d0884a288c,0,0,0,0.8413939476013184,0.15860606729984283
PETS_CREDIT_high_eff_su2_r5_d6_b05__none,none,none,83de8120182780af5f0a,0,0,0,0.7774823307991028,0.222517728805542
PETS_CREDIT_high_eff_su2_r5_d6_b05__none,none,none,da621ab9085bc819936a,0,0,0,0.81197190284729,0.18802815675735474
PETS_CREDIT_high_eff_su2_r5_d6_b05__none,none,none,d186b88534c1a687d1fd,0,0,0,0.9985559582710266,0.001444095280021429
PETS_CREDIT_high_eff_su2_r5_d6_b05__none,none,none,d1cde013445a8f9f3504,0,1,0,0.9307374954223633,0.06926248967647552
PETS_CREDIT_high_eff_su2_r5_d6_b05__none,none,none,53e30cae631c15e8b1d5,0,0,0,0.7893735766410828,0.21062643826007843
PETS_CREDIT_high_eff_su2_r5_d6_b05__none,none,none,a689473198564f121a85,0,1,0,0.6803411841392517,0.3196587562561035
PETS_CREDIT_high_eff_su2_r5_d6_b05__none,none,none,c10dfecdb29ac7d481e4,0,0,0,0.9700247645378113,0.029975296929478645
PETS_CREDIT_high_eff_su2_r5_d6_b05__none,none,none,43ee1b0713731f54ca85,0,0,0,0.5300320386886597,0.4699680507183075
PETS_CREDIT_high_eff_su2_r5_d6_b05__none,none,none,569a1dec78d4c5cb931c,0,0,0,0.8672787547111511,0.13272124528884888
PETS_CREDIT_high_eff_su2_r5_d6_b05__none,none,none,3692ecea3b8cc152ac74,0,1,0,0.9180365800857544,0.08196337521076202
PETS_CREDIT_high_eff_su2_r5_d6_b05__none,none,none,b491e0865758acb4579a,0,0,0,0.5856743454933167,0.4143257141113281
PETS_CREDIT_high_eff_su2_r5_d6_b05__none,none,none,e0ac38996eb0bdc23a98,0,0,1,0.3893445134162903,0.6106555461883545
PETS_CREDIT_high_eff_su2_r5_d6_b05__none,none,none,d5989943e0fb0da2a065,0,1,0,0.8581748008728027,0.14182516932487488
PETS_CREDIT_high_eff_su2_r5_d6_b05__none,none,none,27c6f10b367e05043c90,0,0,0,0.973793625831604,0.026206346228718758
PETS_CREDIT_high_eff_su2_r5_d6_b05__none,none,none,551fc490ff090636fc6c,0,0,0,0.8788194060325623,0.12118055671453476
PETS_CREDIT_high_eff_su2_r5_d6_b05__none,none,none,414e7f5b15c171415829,0,0,0,0.7971024513244629,0.2028975486755371
PETS_CREDIT_high_eff_su2_r5_d6_b05__none,none,none,11507b01792898120b8e,0,0,0,0.7777212858200073,0.22227874398231506
PETS_CREDIT_high_eff_su2_r5_d6_b05__none,none,none,d219a9acadf7d11fea78,0,0,0,0.6458824872970581,0.3541175127029419
PETS_CREDIT_high_eff_su2_r5_d6_b05__none,none,none,18057cb4cbc93a14717b,0,0,0,0.7785822153091431,0.22141776978969574
PETS_CREDIT_high_eff_su2_r5_d6_b05__none,none,none,56a32270ddad65bb2116,0,1,0,0.9230839014053345,0.0769161507487297
PETS_CREDIT_high_eff_su2_r5_d6_b05__none,none,none,fb9ae5bbd7f4003062af,0,0,0,0.9898367524147034,0.010163217782974243
PETS_CREDIT_high_eff_su2_r5_d6_b05__none,none,none,4a745272a6e280333278,0,0,0,0.6826283931732178,0.31737157702445984
PETS_CREDIT_high_eff_su2_r5_d6_b05__none,none,none,2cc5d410506194a74986,0,0,0,0.6309440732002258,0.36905598640441895
PETS_CREDIT_high_eff_su2_r5_d6_b05__none,none,none,afbdd16def46495289d4,0,0,0,0.8822723031044006,0.11772770434617996
PETS_CREDIT_high_eff_su2_r5_d6_b05__none,none,none,8438c71f237ca7ba0184,0,0,0,0.9568051099777222,0.04319486767053604
PETS_CREDIT_high_eff_su2_r5_d6_b05__none,none,none,cf06e4f28d94416e4731,0,1,0,0.5242511630058289,0.47574880719184875
PETS_CREDIT_high_eff_su2_r5_d6_b05__none,none,none,30264bd9cc543cb1bc1b,0,1,0,0.6357061862945557,0.3642938733100891
PETS_CREDIT_high_eff_su2_r5_d6_b05__none,none,none,330ffbdc46d820844534,0,0,0,0.869945228099823,0.1300547569990158
PETS_CREDIT_high_eff_su2_r5_d6_b05__none,none,none,c3a93d319be966c47e7e,0,1,0,0.5086144804954529,0.49138548970222473
PETS_CREDIT_high_eff_su2_r5_d6_b05__none,none,none,f54953944639c1b8b976,0,0,0,0.7695420384407043,0.23045794665813446
PETS_CREDIT_high_eff_su2_r5_d6_b05__none,none,none,dbf3024efa8e9fda1d7b,0,0,0,0.924287736415863,0.07571224868297577
PETS_CREDIT_high_eff_su2_r5_d6_b05__none,none,none,d927aacafee2577fc652,0,1,0,0.9851669669151306,0.014833057299256325
PETS_CREDIT_high_eff_su2_r5_d6_b05__none,none,none,96d7b0e605b9b663903a,0,1,1,0.43178558349609375,0.5682144165039062
PETS_CREDIT_high_eff_su2_r5_d6_b05__none,none,none,70a27e98ce00d39e949a,0,0,0,0.8201099038124084,0.17989009618759155
PETS_CREDIT_high_eff_su2_r5_d6_b05__none,none,none,12f413792494f36fcea9,0,0,0,0.6924435496330261,0.3075564205646515
PETS_CREDIT_high_eff_su2_r5_d6_b05__none,none,none,6877216a639061dee96a,0,0,0,0.6135616302490234,0.38643836975097656
PETS_CREDIT_high_eff_su2_r5_d6_b05__none,none,none,e034c7956deeea8c9ddc,0,0,0,0.5521997809410095,0.4478002190589905
PETS_CREDIT_high_eff_su2_r5_d6_b05__none,none,none,15c3301e2604322dfc7b,0,0,1,0.3917088508605957,0.6082910895347595
PETS_CREDIT_high_eff_su2_r5_d6_b05__none,none,none,c684bddcfbca03359777,0,0,0,0.9530366063117981,0.046963464468717575
PETS_CREDIT_high_eff_su2_r5_d6_b05__none,none,none,8226b41e21b5ecf3c52e,0,0,0,0.670799732208252,0.3292003571987152
PETS_CREDIT_high_eff_su2_r5_d6_b05__none,none,none,ada868403e0aacd584e1,0,1,0,0.8682767152786255,0.1317233145236969
PETS_CREDIT_high_eff_su2_r5_d6_b05__none,none,none,3ee271bb0627b25426f5,0,0,0,0.853031575679779,0.14696843922138214
PETS_CREDIT_high_eff_su2_r5_d6_b05__none,none,none,a36d92b052080609dee1,0,0,0,0.895498514175415,0.10450147837400436
PETS_CREDIT_high_eff_su2_r5_d6_b05__none,none,none,5c479147049976461a13,0,0,0,0.7958663105964661,0.20413358509540558
PETS_CREDIT_high_eff_su2_r5_d6_b05__none,none,none,9f0ccb4eb0a2a0319524,0,0,0,0.9268504977226257,0.07314948737621307
PETS_CREDIT_high_eff_su2_r5_d6_b05__none,none,none,c98e7a188d21f2d4c7c5,0,0,0,0.6294477581977844,0.3705521821975708
PETS_CREDIT_high_eff_su2_r5_d6_b05__none,none,none,5b2db4db5a42bc1bb4a0,0,0,1,0.4502055048942566,0.5497944951057434
PETS_CREDIT_high_eff_su2_r5_d6_b05__none,none,none,1858881e224796b84682,0,0,1,0.4885519742965698,0.511448085308075
PETS_CREDIT_high_eff_su2_r5_d6_b05__none,none,none,4f0ddef9065568908648,0,0,0,0.7868111729621887,0.21318882703781128
PETS_CREDIT_high_eff_su2_r5_d6_b05__none,none,none,183550075bfd51b6e0e9,0,1,0,0.5572631359100342,0.4427368640899658
PETS_CREDIT_high_eff_su2_r5_d6_b05__none,none,none,316a77ab3de3e27ff918,0,0,0,0.8927328586578369,0.10726717859506607
PETS_CREDIT_high_eff_su2_r5_d6_b05__none,none,none,97d45a0366e6e1aa81c9,0,1,0,0.9147722721099854,0.08522777259349823
PETS_CREDIT_high_eff_su2_r5_d6_b05__none,none,none,0bdd92075dfdd7271ec4,0,0,0,0.8911806344985962,0.10881944000720978
PETS_CREDIT_high_eff_su2_r5_d6_b05__none,none,none,3610e0e36736e57a4ac1,0,0,0,0.9576894640922546,0.042310502380132675
PETS_CREDIT_high_eff_su2_r5_d6_b05__none,none,none,49ac71e389f7c7ee906a,0,0,0,0.9426553845405579,0.05734467878937721
PETS_CREDIT_high_eff_su2_r5_d6_b05__none,none,none,0a64aa2e5b95fcf231dd,0,1,0,0.8928883075714111,0.10711171478033066
PETS_CREDIT_high_eff_su2_r5_d6_b05__none,none,none,89f73d583d37c6f94431,0,0,0,0.6682265996932983,0.33177340030670166
PETS_CREDIT_high_eff_su2_r5_d6_b05__none,none,none,34c0e5ef4812a33d78b4,0,0,0,0.7405776977539062,0.25942230224609375
PETS_CREDIT_high_eff_su2_r5_d6_b05__none,none,none,27a8bdb86da088cc0ec0,0,0,0,0.5851849913597107,0.4148149788379669
PETS_CREDIT_high_eff_su2_r5_d6_b05__none,none,none,c11b3ed277f799abf829,0,0,0,0.5337534546852112,0.4662465751171112
PETS_CREDIT_high_eff_su2_r5_d6_b05__none,none,none,53d98013cc132869d89f,0,1,0,0.7248063683509827,0.27519363164901733
PETS_CREDIT_high_eff_su2_r5_d6_b05__none,none,none,35f39fb3290dd3876c4e,0,0,0,0.626061737537384,0.37393832206726074
PETS_CREDIT_high_eff_su2_r5_d6_b05__none,none,none,add15bce63d585c10154,0,0,0,0.9453554749488831,0.05464455857872963
PETS_CREDIT_high_eff_su2_r5_d6_b05__none,none,none,c0386f52ee8eb9782e96,0,0,0,0.5916091203689575,0.40839090943336487
PETS_CREDIT_high_eff_su2_r5_d6_b05__none,none,none,201287d880b5985ef4a2,0,0,0,0.9196971654891968,0.08030292391777039
PETS_CREDIT_high_eff_su2_r5_d6_b05__none,none,none,54c071ac06a40c97bb56,0,0,0,0.7507328391075134,0.24926720559597015
PETS_CREDIT_high_eff_su2_r5_d6_b05__none,none,none,f8f44150ace4d5e110b6,0,1,0,0.9117364883422852,0.08826353400945663
PETS_CREDIT_high_eff_su2_r5_d6_b05__none,none,none,15e0146e9b8967882d3c,0,1,0,0.7172700762748718,0.2827298939228058
PETS_CREDIT_high_eff_su2_r5_d6_b05__none,none,none,a670309c70dd483bd34e,0,0,0,0.8451457023620605,0.15485431253910065
PETS_CREDIT_high_eff_su2_r5_d6_b05__none,none,none,3cb6ff56ab7911392172,0,0,0,0.693856418132782,0.30614352226257324
PETS_CREDIT_high_eff_su2_r5_d6_b05__none,none,none,4c3cfe1fe9e491bb9c0e,0,0,0,0.9184847474098206,0.08151517063379288
PETS_CREDIT_high_eff_su2_r5_d6_b05__none,none,dynanoise,b95d8aa7591c7887c05c,1,0,0,0.5799737572669983,0.4200262129306793
PETS_CREDIT_high_eff_su2_r5_d6_b05__none,none,dynanoise,aaca4c9adb936209ae4f,1,0,0,0.5761652588844299,0.42383477091789246
PETS_CREDIT_high_eff_su2_r5_d6_b05__none,none,dynanoise,f640cb068a6e0cafd8f7,1,0,0,0.542391300201416,0.457608699798584
PETS_CREDIT_high_eff_su2_r5_d6_b05__none,none,dynanoise,bf5a9031a45524933e21,1,0,0,0.5086807012557983,0.49131932854652405
PETS_CREDIT_high_eff_su2_r5_d6_b05__none,none,dynanoise,6ea2a519a69c09016323,1,0,1,0.4742075800895691,0.5257924199104309
PETS_CREDIT_high_eff_su2_r5_d6_b05__none,none,dynanoise,092efc45ab978715a8fa,1,1,0,0.5143596529960632,0.48564037680625916
PETS_CREDIT_high_eff_su2_r5_d6_b05__none,none,dynanoise,e0b33cacbadcac9f3d26,1,0,0,0.5304353833198547,0.46956464648246765
PETS_CREDIT_high_eff_su2_r5_d6_b05__none,none,dynanoise,69ef03b5c6f4f7ecef33,1,1,0,0.5045018792152405,0.49549809098243713
PETS_CREDIT_high_eff_su2_r5_d6_b05__none,none,dynanoise,4aa64c627cb9b82d7f42,1,1,1,0.49158984422683716,0.5084101557731628
PETS_CREDIT_high_eff_su2_r5_d6_b05__none,none,dynanoise,0772d1e68bccea98e68f,1,0,0,0.5355392098426819,0.4644608199596405
PETS_CREDIT_high_eff_su2_r5_d6_b05__none,none,dynanoise,85bbf6f61dd23b95b6e7,1,0,0,0.523478627204895,0.47652140259742737
PETS_CREDIT_high_eff_su2_r5_d6_b05__none,none,dynanoise,1c7eb9e50fc08e5f8cf0,1,0,0,0.5280190706253052,0.4719809889793396
PETS_CREDIT_high_eff_su2_r5_d6_b05__none,none,dynanoise,c91e3b5a028c06ad1f92,1,0,0,0.6181819438934326,0.3818180561065674
PETS_CREDIT_high_eff_su2_r5_d6_b05__none,none,dynanoise,d606f1831b9734bb90e1,1,0,0,0.5221871733665466,0.477812796831131
PETS_CREDIT_high_eff_su2_r5_d6_b05__none,none,dynanoise,5b7629cbd1fb6e879520,1,0,0,0.5246886610984802,0.47531136870384216
PETS_CREDIT_high_eff_su2_r5_d6_b05__none,none,dynanoise,00405a37dd709b2d51a8,1,1,0,0.5063185691833496,0.4936814308166504
PETS_CREDIT_high_eff_su2_r5_d6_b05__none,none,dynanoise,434123980ae7f6c38b02,1,0,0,0.5755210518836975,0.4244789481163025
PETS_CREDIT_high_eff_su2_r5_d6_b05__none,none,dynanoise,07d4d260e30d7cf5b71f,1,0,0,0.5148303508758545,0.4851696789264679
PETS_CREDIT_high_eff_su2_r5_d6_b05__none,none,dynanoise,d2c3d34fb102babfa194,1,0,0,0.609994113445282,0.3900059163570404
PETS_CREDIT_high_eff_su2_r5_d6_b05__none,none,dynanoise,ab97fae957e08270ffce,1,1,0,0.5302121043205261,0.4697878956794739
PETS_CREDIT_high_eff_su2_r5_d6_b05__none,none,dynanoise,a5628044ec0880a52490,1,0,0,0.5255082845687866,0.47449174523353577
PETS_CREDIT_high_eff_su2_r5_d6_b05__none,none,dynanoise,4df4658f2eb41564da87,1,0,0,0.5038434267044067,0.4961565434932709
PETS_CREDIT_high_eff_su2_r5_d6_b05__none,none,dynanoise,c4b2c9357254e51af6a9,1,0,0,0.5453811883926392,0.4546188712120056
PETS_CREDIT_high_eff_su2_r5_d6_b05__none,none,dynanoise,dba69027df0122535f19,1,0,0,0.5281075835227966,0.47189241647720337
PETS_CREDIT_high_eff_su2_r5_d6_b05__none,none,dynanoise,e07f107ec2deef516f4f,1,0,0,0.5367732048034668,0.4632268249988556
PETS_CREDIT_high_eff_su2_r5_d6_b05__none,none,dynanoise,49b15e9ec4784be42cd2,1,0,1,0.49909359216690063,0.5009064674377441
PETS_CREDIT_high_eff_su2_r5_d6_b05__none,none,dynanoise,08a6c27fcb32f81ff375,1,0,0,0.5781188011169434,0.42188119888305664
PETS_CREDIT_high_eff_su2_r5_d6_b05__none,none,dynanoise,c536d8f2ff559c7756e7,1,0,0,0.5870462656021118,0.4129537343978882
PETS_CREDIT_high_eff_su2_r5_d6_b05__none,none,dynanoise,0ec364cc4624f409f87e,1,0,0,0.5752124786376953,0.4247875511646271
PETS_CREDIT_high_eff_su2_r5_d6_b05__none,none,dynanoise,46dbe6ca2f4531385a05,1,0,0,0.5363867282867432,0.4636133015155792
PETS_CREDIT_high_eff_su2_r5_d6_b05__none,none,dynanoise,c75c31af2389cc3a594f,1,0,0,0.5214874148368835,0.47851255536079407
PETS_CREDIT_high_eff_su2_r5_d6_b05__none,none,dynanoise,fb40711278aca2b43c69,1,0,0,0.5077211260795593,0.4922788441181183
PETS_CREDIT_high_eff_su2_r5_d6_b05__none,none,dynanoise,d9170d275d5e05922e82,1,1,0,0.529107928276062,0.4708921015262604
PETS_CREDIT_high_eff_su2_r5_d6_b05__none,none,dynanoise,2c3058336909d855b1f0,1,0,0,0.5173884630203247,0.4826115667819977
PETS_CREDIT_high_eff_su2_r5_d6_b05__none,none,dynanoise,df16a30c67111933fccc,1,1,0,0.5335304737091064,0.46646952629089355
PETS_CREDIT_high_eff_su2_r5_d6_b05__none,none,dynanoise,70d271c728323ea28d90,1,0,0,0.5913276076316833,0.40867242217063904
PETS_CREDIT_high_eff_su2_r5_d6_b05__none,none,dynanoise,e76cce60bc3507d0d7b2,1,0,0,0.5557047724723816,0.4442952275276184
PETS_CREDIT_high_eff_su2_r5_d6_b05__none,none,dynanoise,5cb75d859aa2d3df94b0,1,0,1,0.49432608485221863,0.5056739449501038
PETS_CREDIT_high_eff_su2_r5_d6_b05__none,none,dynanoise,26b6a5da65cdaeb8e184,1,1,0,0.5071805715560913,0.49281948804855347
PETS_CREDIT_high_eff_su2_r5_d6_b05__none,none,dynanoise,f073d35785cf76f1409c,1,0,0,0.5752065777778625,0.42479342222213745
PETS_CREDIT_high_eff_su2_r5_d6_b05__none,none,dynanoise,7311863aa70952806ffc,1,0,0,0.5531725883483887,0.44682738184928894
PETS_CREDIT_high_eff_su2_r5_d6_b05__none,none,dynanoise,073dbbd888ef767c75de,1,1,1,0.4555510878562927,0.544448971748352
PETS_CREDIT_high_eff_su2_r5_d6_b05__none,none,dynanoise,58cb80b3d0535cb4343a,1,0,0,0.5693246126174927,0.4306753873825073
PETS_CREDIT_high_eff_su2_r5_d6_b05__none,none,dynanoise,4b85b1f42c0154e0d47c,1,0,0,0.5223864912986755,0.47761350870132446
PETS_CREDIT_high_eff_su2_r5_d6_b05__none,none,dynanoise,9eb158e3cbe5bc901e26,1,0,0,0.533164918422699,0.4668351113796234
PETS_CREDIT_high_eff_su2_r5_d6_b05__none,none,dynanoise,877b93e6aa8797d2cd0b,1,0,0,0.625397264957428,0.3746027648448944
PETS_CREDIT_high_eff_su2_r5_d6_b05__none,none,dynanoise,988a4b4dcb53bafffb01,1,0,0,0.5840268135070801,0.4159732162952423
PETS_CREDIT_high_eff_su2_r5_d6_b05__none,none,dynanoise,d75c3e52dbcaf5a5ec2a,1,0,0,0.5522609949111938,0.44773900508880615
PETS_CREDIT_high_eff_su2_r5_d6_b05__none,none,dynanoise,01743ddf295d8f6b5a46,1,1,1,0.48632413148880005,0.5136759281158447
PETS_CREDIT_high_eff_su2_r5_d6_b05__none,none,dynanoise,39f8154e08ad72170108,1,0,0,0.5925278067588806,0.40747225284576416
PETS_CREDIT_high_eff_su2_r5_d6_b05__none,none,dynanoise,1dd9f8371cdcaa1758b3,1,0,0,0.5105658769607544,0.489434152841568
PETS_CREDIT_high_eff_su2_r5_d6_b05__none,none,dynanoise,ae429a6a1d645aacb94e,1,0,0,0.503005862236023,0.49699416756629944
PETS_CREDIT_high_eff_su2_r5_d6_b05__none,none,dynanoise,b91b8614dbf7826436cf,1,0,0,0.597186267375946,0.40281373262405396
PETS_CREDIT_high_eff_su2_r5_d6_b05__none,none,dynanoise,4def6ca8e27be84aeb54,1,0,0,0.6014914512634277,0.3985085189342499
PETS_CREDIT_high_eff_su2_r5_d6_b05__none,none,dynanoise,8d5ec20ca179ede5da84,1,1,1,0.43912994861602783,0.5608700513839722
PETS_CREDIT_high_eff_su2_r5_d6_b05__none,none,dynanoise,7ce1135db7560daf7e70,1,1,0,0.5134339928627014,0.48656603693962097
PETS_CREDIT_high_eff_su2_r5_d6_b05__none,none,dynanoise,8120fa8a41158dba642d,1,0,0,0.539167046546936,0.4608329236507416
PETS_CREDIT_high_eff_su2_r5_d6_b05__none,none,dynanoise,2f5a23022990244c47e8,1,1,0,0.5273468494415283,0.4726531505584717
PETS_CREDIT_high_eff_su2_r5_d6_b05__none,none,dynanoise,1819fe5c399a17316fee,1,0,0,0.5177451968193054,0.4822547733783722
PETS_CREDIT_high_eff_su2_r5_d6_b05__none,none,dynanoise,70e46e61db439dd8e308,1,0,0,0.5825622081756592,0.4174378216266632
PETS_CREDIT_high_eff_su2_r5_d6_b05__none,none,dynanoise,66fa33821884d4568b02,1,1,0,0.544826328754425,0.45517370104789734
PETS_CREDIT_high_eff_su2_r5_d6_b05__none,none,dynanoise,cbd912351cdbc83a9184,1,1,0,0.5317041277885437,0.4682958424091339
PETS_CREDIT_high_eff_su2_r5_d6_b05__none,none,dynanoise,f3ca91dd8e5aba8d83d9,1,0,0,0.5621349811553955,0.4378650188446045
PETS_CREDIT_high_eff_su2_r5_d6_b05__none,none,dynanoise,6992a9babb7ae6302cb5,1,0,0,0.5687636137008667,0.4312363862991333
PETS_CREDIT_high_eff_su2_r5_d6_b05__none,none,dynanoise,bf465d63c434358f77e4,1,0,0,0.5831272602081299,0.4168727397918701
PETS_CREDIT_high_eff_su2_r5_d6_b05__none,none,dynanoise,6a75db22a6087741eef2,1,0,0,0.5294241309165955,0.47057586908340454
PETS_CREDIT_high_eff_su2_r5_d6_b05__none,none,dynanoise,973b363916938dbaaf31,1,0,0,0.530579686164856,0.46942034363746643
PETS_CREDIT_high_eff_su2_r5_d6_b05__none,none,dynanoise,072f10d00d9156aab9f2,1,0,0,0.5424707531929016,0.4575292766094208
PETS_CREDIT_high_eff_su2_r5_d6_b05__none,none,dynanoise,0acc109e58c1c7823ce7,1,0,0,0.5623726844787598,0.4376273453235626
PETS_CREDIT_high_eff_su2_r5_d6_b05__none,none,dynanoise,6c0e663b6848864dc914,1,1,0,0.5018490552902222,0.49815094470977783
PETS_CREDIT_high_eff_su2_r5_d6_b05__none,none,dynanoise,78edbc6916b12b570866,1,0,0,0.5214412212371826,0.47855880856513977
PETS_CREDIT_high_eff_su2_r5_d6_b05__none,none,dynanoise,5688d9df8bbfc61d89e9,1,0,0,0.5224915742874146,0.47750842571258545
PETS_CREDIT_high_eff_su2_r5_d6_b05__none,none,dynanoise,e030c0aa4ae0f1011f2f,1,0,0,0.6325072646141052,0.36749276518821716
PETS_CREDIT_high_eff_su2_r5_d6_b05__none,none,dynanoise,25282b20e9c64236ec4d,1,0,0,0.5243626832962036,0.4756373167037964
PETS_CREDIT_high_eff_su2_r5_d6_b05__none,none,dynanoise,14ee67db08b82edf07a3,1,0,0,0.532204270362854,0.4677956998348236
PETS_CREDIT_high_eff_su2_r5_d6_b05__none,none,dynanoise,d46f8b9f4d57f90db615,1,0,0,0.5169887542724609,0.48301127552986145
PETS_CREDIT_high_eff_su2_r5_d6_b05__none,none,dynanoise,83a947285ea3ca8494da,1,0,0,0.5619999766349792,0.43800005316734314
PETS_CREDIT_high_eff_su2_r5_d6_b05__none,none,dynanoise,4dde24d981dd8981f71f,1,0,0,0.5432858467102051,0.4567142128944397
PETS_CREDIT_high_eff_su2_r5_d6_b05__none,none,dynanoise,5e48c11768cb070aefe6,1,1,0,0.5564879775047302,0.4435119926929474
PETS_CREDIT_high_eff_su2_r5_d6_b05__none,none,dynanoise,6f47824d3363865de61a,1,0,0,0.5124964118003845,0.4875035881996155
PETS_CREDIT_high_eff_su2_r5_d6_b05__none,none,dynanoise,f332cc500c7a62b19024,1,1,0,0.540470540523529,0.45952945947647095
PETS_CREDIT_high_eff_su2_r5_d6_b05__none,none,dynanoise,192395141a760795b97a,1,0,0,0.6118205785751343,0.38817939162254333
PETS_CREDIT_high_eff_su2_r5_d6_b05__none,none,dynanoise,9fc5fbe55717fe6862a4,1,0,0,0.524278461933136,0.475721538066864
PETS_CREDIT_high_eff_su2_r5_d6_b05__none,none,dynanoise,8fe0ac3103b5acc00cdc,1,0,0,0.5096356272697449,0.4903644025325775
PETS_CREDIT_high_eff_su2_r5_d6_b05__none,none,dynanoise,2a9dbe944756407f3c68,1,1,1,0.49274176359176636,0.5072582364082336
PETS_CREDIT_high_eff_su2_r5_d6_b05__none,none,dynanoise,5f9c02f5ec03a28e4f53,1,0,0,0.5043548941612244,0.49564507603645325
PETS_CREDIT_high_eff_su2_r5_d6_b05__none,none,dynanoise,b84ff32b3c14263b0dd5,1,0,0,0.5525621771812439,0.4474378526210785
PETS_CREDIT_high_eff_su2_r5_d6_b05__none,none,dynanoise,7be2869c238aa35d440a,1,0,0,0.5310063362121582,0.4689936339855194
PETS_CREDIT_high_eff_su2_r5_d6_b05__none,none,dynanoise,11ccb38ba9653d61e950,1,0,0,0.5911409258842468,0.40885910391807556
PETS_CREDIT_high_eff_su2_r5_d6_b05__none,none,dynanoise,619b46d6086e6aad3d84,1,1,1,0.49643877148628235,0.50356125831604
PETS_CREDIT_high_eff_su2_r5_d6_b05__none,none,dynanoise,526cee77dcfea7ee8138,1,0,0,0.561407744884491,0.4385923147201538
PETS_CREDIT_high_eff_su2_r5_d6_b05__none,none,dynanoise,a1b01a469dc7802f51d3,1,0,0,0.5129503607749939,0.4870496690273285
PETS_CREDIT_high_eff_su2_r5_d6_b05__none,none,dynanoise,5383d08662564ec7ab0d,1,0,0,0.589030385017395,0.41096964478492737
PETS_CREDIT_high_eff_su2_r5_d6_b05__none,none,dynanoise,006df97946d214e0111f,1,0,0,0.5490719079971313,0.45092812180519104
PETS_CREDIT_high_eff_su2_r5_d6_b05__none,none,dynanoise,a55e4e1cd3465563efc4,1,0,0,0.5432854294776917,0.4567146301269531
PETS_CREDIT_high_eff_su2_r5_d6_b05__none,none,dynanoise,24e13410bd96d58bb8a8,1,1,1,0.47955915331840515,0.5204408764839172
PETS_CREDIT_high_eff_su2_r5_d6_b05__none,none,dynanoise,4cfea97c73e6dbfbc698,1,1,0,0.510249137878418,0.48975083231925964
PETS_CREDIT_high_eff_su2_r5_d6_b05__none,none,dynanoise,bd6c7e8fd4e7879e23df,1,0,0,0.5000233054161072,0.4999767243862152
PETS_CREDIT_high_eff_su2_r5_d6_b05__none,none,dynanoise,ab00e756b29c98fd6674,1,0,1,0.49326249957084656,0.506737470626831
PETS_CREDIT_high_eff_su2_r5_d6_b05__none,none,dynanoise,d1d396dc69ac0aeade66,1,0,0,0.5423738360404968,0.45762619376182556
PETS_CREDIT_high_eff_su2_r5_d6_b05__none,none,dynanoise,47955bec8c8c8b0d6ecd,0,0,0,0.508624255657196,0.49137574434280396
PETS_CREDIT_high_eff_su2_r5_d6_b05__none,none,dynanoise,4870b03a707763215d98,0,0,0,0.502031683921814,0.4979683458805084
PETS_CREDIT_high_eff_su2_r5_d6_b05__none,none,dynanoise,973b033623e52ecc534b,0,0,0,0.5052510499954224,0.4947490096092224
PETS_CREDIT_high_eff_su2_r5_d6_b05__none,none,dynanoise,4a7e26fbb5313c542529,0,0,0,0.5121029615402222,0.48789700865745544
PETS_CREDIT_high_eff_su2_r5_d6_b05__none,none,dynanoise,e0fbea9eec804256c1cb,0,0,0,0.5126228332519531,0.4873771667480469
PETS_CREDIT_high_eff_su2_r5_d6_b05__none,none,dynanoise,e1a1ee7cf7bc7087e5f2,0,1,0,0.5038606524467468,0.4961393475532532
PETS_CREDIT_high_eff_su2_r5_d6_b05__none,none,dynanoise,eba21bceeb2ef13343ed,0,0,0,0.5029847025871277,0.4970152676105499
PETS_CREDIT_high_eff_su2_r5_d6_b05__none,none,dynanoise,636ac12d78460625de40,0,1,1,0.4516240358352661,0.5483759641647339
PETS_CREDIT_high_eff_su2_r5_d6_b05__none,none,dynanoise,937e67166f6df199553e,0,1,0,0.5806735157966614,0.41932645440101624
PETS_CREDIT_high_eff_su2_r5_d6_b05__none,none,dynanoise,f6e997c880eee2e368a1,0,0,0,0.5664137005805969,0.4335862994194031
PETS_CREDIT_high_eff_su2_r5_d6_b05__none,none,dynanoise,236eaf6e697017b75006,0,0,1,0.4956522285938263,0.5043478012084961
PETS_CREDIT_high_eff_su2_r5_d6_b05__none,none,dynanoise,ae625b0f03d9312f7a56,0,0,0,0.5122365355491638,0.4877634346485138
PETS_CREDIT_high_eff_su2_r5_d6_b05__none,none,dynanoise,46a774fc49ba1bf8ef50,0,0,1,0.49078646302223206,0.5092135071754456
PETS_CREDIT_high_eff_su2_r5_d6_b05__none,none,dynanoise,8bb5ffd15a60cfa78147,0,0,0,0.5098680853843689,0.4901319146156311
PETS_CREDIT_high_eff_su2_r5_d6_b05__none,none,dynanoise,d89024b6830b15f365f2,0,0,0,0.5279638767242432,0.47203612327575684
PETS_CREDIT_high_eff_su2_r5_d6_b05__none,none,dynanoise,21bbec3cf4631e34985a,0,1,0,0.5638769268989563,0.4361230731010437
PETS_CREDIT_high_eff_su2_r5_d6_b05__none,none,dynanoise,0640a9b8fe04a4c66235,0,0,0,0.5081659555435181,0.4918341040611267
PETS_CREDIT_high_eff_su2_r5_d6_b05__none,none,dynanoise,d84827a745d8252e9fdb,0,0,0,0.5351616740226746,0.4648383557796478
PETS_CREDIT_high_eff_su2_r5_d6_b05__none,none,dynanoise,bf631b93f55e0e82f795,0,0,0,0.6524177193641663,0.34758225083351135
PETS_CREDIT_high_eff_su2_r5_d6_b05__none,none,dynanoise,ae877d0841e52284f9ab,0,1,0,0.5230469107627869,0.47695308923721313
PETS_CREDIT_high_eff_su2_r5_d6_b05__none,none,dynanoise,bb7f875f1115ea715160,0,0,0,0.5337991714477539,0.4662008285522461
PETS_CREDIT_high_eff_su2_r5_d6_b05__none,none,dynanoise,7ac291fce946af57066d,0,0,0,0.5659798979759216,0.43402013182640076
PETS_CREDIT_high_eff_su2_r5_d6_b05__none,none,dynanoise,b4a42897a34004c35deb,0,0,0,0.5446193814277649,0.4553806483745575
PETS_CREDIT_high_eff_su2_r5_d6_b05__none,none,dynanoise,8dcf26c9f074a4b5de0e,0,0,0,0.5520190000534058,0.44798097014427185
PETS_CREDIT_high_eff_su2_r5_d6_b05__none,none,dynanoise,6732cf9cccc2b370e663,0,0,0,0.5090898871421814,0.490910142660141
PETS_CREDIT_high_eff_su2_r5_d6_b05__none,none,dynanoise,803f6dc8a9f94d6165d6,0,0,0,0.5329493284225464,0.467050701379776
PETS_CREDIT_high_eff_su2_r5_d6_b05__none,none,dynanoise,bbf9af27413caa9a409b,0,0,0,0.6929008364677429,0.3070991635322571
PETS_CREDIT_high_eff_su2_r5_d6_b05__none,none,dynanoise,5c7d8f33e88909bece76,0,0,0,0.5012213587760925,0.4987786114215851
PETS_CREDIT_high_eff_su2_r5_d6_b05__none,none,dynanoise,91005bada1d0884a288c,0,0,0,0.5782257914543152,0.4217742383480072
PETS_CREDIT_high_eff_su2_r5_d6_b05__none,none,dynanoise,83de8120182780af5f0a,0,0,0,0.51126629114151,0.4887337386608124
PETS_CREDIT_high_eff_su2_r5_d6_b05__none,none,dynanoise,da621ab9085bc819936a,0,0,0,0.5515938997268677,0.4484061002731323
PETS_CREDIT_high_eff_su2_r5_d6_b05__none,none,dynanoise,d186b88534c1a687d1fd,0,0,0,0.6561777591705322,0.3438222408294678
PETS_CREDIT_high_eff_su2_r5_d6_b05__none,none,dynanoise,d1cde013445a8f9f3504,0,1,0,0.566410481929779,0.4335895776748657
PETS_CREDIT_high_eff_su2_r5_d6_b05__none,none,dynanoise,53e30cae631c15e8b1d5,0,0,0,0.5368225574493408,0.4631774425506592
PETS_CREDIT_high_eff_su2_r5_d6_b05__none,none,dynanoise,a689473198564f121a85,0,1,1,0.48707443475723267,0.5129255652427673
PETS_CREDIT_high_eff_su2_r5_d6_b05__none,none,dynanoise,c10dfecdb29ac7d481e4,0,0,0,0.6164883375167847,0.3835116922855377
PETS_CREDIT_high_eff_su2_r5_d6_b05__none,none,dynanoise,43ee1b0713731f54ca85,0,0,1,0.47969499230384827,0.5203049778938293
PETS_CREDIT_high_eff_su2_r5_d6_b05__none,none,dynanoise,569a1dec78d4c5cb931c,0,0,0,0.5602691173553467,0.4397309124469757
PETS_CREDIT_high_eff_su2_r5_d6_b05__none,none,dynanoise,3692ecea3b8cc152ac74,0,1,0,0.5930286049842834,0.40697142481803894
PETS_CREDIT_high_eff_su2_r5_d6_b05__none,none,dynanoise,b491e0865758acb4579a,0,0,0,0.535645604133606,0.46435439586639404
PETS_CREDIT_high_eff_su2_r5_d6_b05__none,none,dynanoise,e0ac38996eb0bdc23a98,0,0,1,0.48258543014526367,0.5174145698547363
PETS_CREDIT_high_eff_su2_r5_d6_b05__none,none,dynanoise,d5989943e0fb0da2a065,0,1,0,0.5961159467697144,0.40388405323028564
PETS_CREDIT_high_eff_su2_r5_d6_b05__none,none,dynanoise,27c6f10b367e05043c90,0,0,0,0.6020865440368652,0.39791345596313477
PETS_CREDIT_high_eff_su2_r5_d6_b05__none,none,dynanoise,551fc490ff090636fc6c,0,0,0,0.5440933108329773,0.4559067189693451
PETS_CREDIT_high_eff_su2_r5_d6_b05__none,none,dynanoise,414e7f5b15c171415829,0,0,0,0.551620364189148,0.44837960600852966
PETS_CREDIT_high_eff_su2_r5_d6_b05__none,none,dynanoise,11507b01792898120b8e,0,0,0,0.5247616767883301,0.4752383828163147
PETS_CREDIT_high_eff_su2_r5_d6_b05__none,none,dynanoise,d219a9acadf7d11fea78,0,0,1,0.49739816784858704,0.5026018023490906
PETS_CREDIT_high_eff_su2_r5_d6_b05__none,none,dynanoise,18057cb4cbc93a14717b,0,0,1,0.48992016911506653,0.5100798010826111
PETS_CREDIT_high_eff_su2_r5_d6_b05__none,none,dynanoise,56a32270ddad65bb2116,0,1,0,0.5684055089950562,0.43159449100494385
PETS_CREDIT_high_eff_su2_r5_d6_b05__none,none,dynanoise,fb9ae5bbd7f4003062af,0,0,0,0.6325690150260925,0.3674309551715851
PETS_CREDIT_high_eff_su2_r5_d6_b05__none,none,dynanoise,4a745272a6e280333278,0,0,0,0.5119975209236145,0.4880024790763855
PETS_CREDIT_high_eff_su2_r5_d6_b05__none,none,dynanoise,2cc5d410506194a74986,0,0,0,0.5049216151237488,0.4950784146785736
PETS_CREDIT_high_eff_su2_r5_d6_b05__none,none,dynanoise,afbdd16def46495289d4,0,0,0,0.5648948550224304,0.4351051449775696
PETS_CREDIT_high_eff_su2_r5_d6_b05__none,none,dynanoise,8438c71f237ca7ba0184,0,0,0,0.5975464582443237,0.40245354175567627
PETS_CREDIT_high_eff_su2_r5_d6_b05__none,none,dynanoise,cf06e4f28d94416e4731,0,1,1,0.47646939754486084,0.5235306024551392
PETS_CREDIT_high_eff_su2_r5_d6_b05__none,none,dynanoise,30264bd9cc543cb1bc1b,0,1,0,0.5298410654067993,0.4701589047908783
PETS_CREDIT_high_eff_su2_r5_d6_b05__none,none,dynanoise,330ffbdc46d820844534,0,0,0,0.5468824505805969,0.4531175494194031
PETS_CREDIT_high_eff_su2_r5_d6_b05__none,none,dynanoise,c3a93d319be966c47e7e,0,1,1,0.4856821596622467,0.5143178701400757
PETS_CREDIT_high_eff_su2_r5_d6_b05__none,none,dynanoise,f54953944639c1b8b976,0,0,1,0.49643993377685547,0.5035600662231445
PETS_CREDIT_high_eff_su2_r5_d6_b05__none,none,dynanoise,dbf3024efa8e9fda1d7b,0,0,0,0.5800562500953674,0.4199437201023102
PETS_CREDIT_high_eff_su2_r5_d6_b05__none,none,dynanoise,d927aacafee2577fc652,0,1,0,0.5680117607116699,0.4319882094860077
PETS_CREDIT_high_eff_su2_r5_d6_b05__none,none,dynanoise,96d7b0e605b9b663903a,0,1,1,0.49530479311943054,0.5046951770782471
PETS_CREDIT_high_eff_su2_r5_d6_b05__none,none,dynanoise,70a27e98ce00d39e949a,0,0,0,0.5605089068412781,0.4394911229610443
PETS_CREDIT_high_eff_su2_r5_d6_b05__none,none,dynanoise,12f413792494f36fcea9,0,0,0,0.5121883153915405,0.48781171441078186
PETS_CREDIT_high_eff_su2_r5_d6_b05__none,none,dynanoise,6877216a639061dee96a,0,0,0,0.532537579536438,0.4674623906612396
PETS_CREDIT_high_eff_su2_r5_d6_b05__none,none,dynanoise,e034c7956deeea8c9ddc,0,0,1,0.48731130361557007,0.5126887559890747
PETS_CREDIT_high_eff_su2_r5_d6_b05__none,none,dynanoise,15c3301e2604322dfc7b,0,0,0,0.5258706212043762,0.4741293787956238
PETS_CREDIT_high_eff_su2_r5_d6_b05__none,none,dynanoise,c684bddcfbca03359777,0,0,0,0.5427528619766235,0.45724716782569885
PETS_CREDIT_high_eff_su2_r5_d6_b05__none,none,dynanoise,8226b41e21b5ecf3c52e,0,0,0,0.5181881189346313,0.48181191086769104
PETS_CREDIT_high_eff_su2_r5_d6_b05__none,none,dynanoise,ada868403e0aacd584e1,0,1,0,0.5554153919219971,0.4445846378803253
PETS_CREDIT_high_eff_su2_r5_d6_b05__none,none,dynanoise,3ee271bb0627b25426f5,0,0,0,0.5101825594902039,0.4898175001144409
PETS_CREDIT_high_eff_su2_r5_d6_b05__none,none,dynanoise,a36d92b052080609dee1,0,0,0,0.561750590801239,0.4382493793964386
PETS_CREDIT_high_eff_su2_r5_d6_b05__none,none,dynanoise,5c479147049976461a13,0,0,0,0.5982729196548462,0.4017270505428314
PETS_CREDIT_high_eff_su2_r5_d6_b05__none,none,dynanoise,9f0ccb4eb0a2a0319524,0,0,0,0.546254575252533,0.45374542474746704
PETS_CREDIT_high_eff_su2_r5_d6_b05__none,none,dynanoise,c98e7a188d21f2d4c7c5,0,0,0,0.5249762535095215,0.4750237762928009
PETS_CREDIT_high_eff_su2_r5_d6_b05__none,none,dynanoise,5b2db4db5a42bc1bb4a0,0,0,1,0.495476633310318,0.5045233964920044
PETS_CREDIT_high_eff_su2_r5_d6_b05__none,none,dynanoise,1858881e224796b84682,0,0,1,0.45678526163101196,0.543214738368988
PETS_CREDIT_high_eff_su2_r5_d6_b05__none,none,dynanoise,4f0ddef9065568908648,0,0,0,0.5036202073097229,0.4963798522949219
PETS_CREDIT_high_eff_su2_r5_d6_b05__none,none,dynanoise,183550075bfd51b6e0e9,0,1,0,0.5073809027671814,0.492619127035141
PETS_CREDIT_high_eff_su2_r5_d6_b05__none,none,dynanoise,316a77ab3de3e27ff918,0,0,0,0.5853740572929382,0.41462597250938416
PETS_CREDIT_high_eff_su2_r5_d6_b05__none,none,dynanoise,97d45a0366e6e1aa81c9,0,1,0,0.5654770135879517,0.4345230162143707
PETS_CREDIT_high_eff_su2_r5_d6_b05__none,none,dynanoise,0bdd92075dfdd7271ec4,0,0,0,0.5481329560279846,0.451867014169693
PETS_CREDIT_high_eff_su2_r5_d6_b05__none,none,dynanoise,3610e0e36736e57a4ac1,0,0,0,0.551220715045929,0.44877931475639343
PETS_CREDIT_high_eff_su2_r5_d6_b05__none,none,dynanoise,49ac71e389f7c7ee906a,0,0,0,0.5778656601905823,0.4221343696117401
PETS_CREDIT_high_eff_su2_r5_d6_b05__none,none,dynanoise,0a64aa2e5b95fcf231dd,0,1,0,0.5562790632247925,0.4437209367752075
PETS_CREDIT_high_eff_su2_r5_d6_b05__none,none,dynanoise,89f73d583d37c6f94431,0,0,0,0.5371336936950684,0.46286630630493164
PETS_CREDIT_high_eff_su2_r5_d6_b05__none,none,dynanoise,34c0e5ef4812a33d78b4,0,0,1,0.4923253059387207,0.5076746940612793
PETS_CREDIT_high_eff_su2_r5_d6_b05__none,none,dynanoise,27a8bdb86da088cc0ec0,0,0,1,0.48869672417640686,0.5113032460212708
PETS_CREDIT_high_eff_su2_r5_d6_b05__none,none,dynanoise,c11b3ed277f799abf829,0,0,0,0.517094075679779,0.48290592432022095
PETS_CREDIT_high_eff_su2_r5_d6_b05__none,none,dynanoise,53d98013cc132869d89f,0,1,0,0.5302498936653137,0.46975016593933105
PETS_CREDIT_high_eff_su2_r5_d6_b05__none,none,dynanoise,35f39fb3290dd3876c4e,0,0,1,0.473376989364624,0.5266230702400208
PETS_CREDIT_high_eff_su2_r5_d6_b05__none,none,dynanoise,add15bce63d585c10154,0,0,0,0.5689640641212463,0.4310359060764313
PETS_CREDIT_high_eff_su2_r5_d6_b05__none,none,dynanoise,c0386f52ee8eb9782e96,0,0,1,0.4940843880176544,0.5059155821800232
PETS_CREDIT_high_eff_su2_r5_d6_b05__none,none,dynanoise,201287d880b5985ef4a2,0,0,0,0.6232261657714844,0.37677380442619324
PETS_CREDIT_high_eff_su2_r5_d6_b05__none,none,dynanoise,54c071ac06a40c97bb56,0,0,1,0.4909575879573822,0.5090423822402954
PETS_CREDIT_high_eff_su2_r5_d6_b05__none,none,dynanoise,f8f44150ace4d5e110b6,0,1,0,0.5656617283821106,0.4343382716178894
PETS_CREDIT_high_eff_su2_r5_d6_b05__none,none,dynanoise,15e0146e9b8967882d3c,0,1,0,0.5566773414611816,0.44332265853881836
PETS_CREDIT_high_eff_su2_r5_d6_b05__none,none,dynanoise,a670309c70dd483bd34e,0,0,0,0.5903865098953247,0.4096134603023529
PETS_CREDIT_high_eff_su2_r5_d6_b05__none,none,dynanoise,3cb6ff56ab7911392172,0,0,0,0.5107161402702332,0.48928385972976685
PETS_CREDIT_high_eff_su2_r5_d6_b05__none,none,dynanoise,4c3cfe1fe9e491bb9c0e,0,0,0,0.6099014282226562,0.39009860157966614
PETS_CREDIT_high_eff_su2_r5_d6_b05__none,none,hamp_output,b95d8aa7591c7887c05c,1,0,0,0.7275775671005249,0.2724224925041199
PETS_CREDIT_high_eff_su2_r5_d6_b05__none,none,hamp_output,aaca4c9adb936209ae4f,1,0,0,0.5703361630439758,0.4296638071537018
PETS_CREDIT_high_eff_su2_r5_d6_b05__none,none,hamp_output,f640cb068a6e0cafd8f7,1,0,0,0.8039379715919495,0.1960620880126953
PETS_CREDIT_high_eff_su2_r5_d6_b05__none,none,hamp_output,bf5a9031a45524933e21,1,0,0,0.8516931533813477,0.14830686151981354
PETS_CREDIT_high_eff_su2_r5_d6_b05__none,none,hamp_output,6ea2a519a69c09016323,1,0,0,0.9662520885467529,0.03374788910150528
PETS_CREDIT_high_eff_su2_r5_d6_b05__none,none,hamp_output,092efc45ab978715a8fa,1,1,0,0.7747026085853577,0.22529739141464233
PETS_CREDIT_high_eff_su2_r5_d6_b05__none,none,hamp_output,e0b33cacbadcac9f3d26,1,0,0,0.9236187934875488,0.07638119161128998
PETS_CREDIT_high_eff_su2_r5_d6_b05__none,none,hamp_output,69ef03b5c6f4f7ecef33,1,1,0,0.9357481598854065,0.06425181776285172
PETS_CREDIT_high_eff_su2_r5_d6_b05__none,none,hamp_output,4aa64c627cb9b82d7f42,1,1,1,0.3034578859806061,0.6965420842170715
PETS_CREDIT_high_eff_su2_r5_d6_b05__none,none,hamp_output,0772d1e68bccea98e68f,1,0,0,0.9796644449234009,0.020335538312792778
PETS_CREDIT_high_eff_su2_r5_d6_b05__none,none,hamp_output,85bbf6f61dd23b95b6e7,1,0,0,0.8637716770172119,0.13622835278511047
PETS_CREDIT_high_eff_su2_r5_d6_b05__none,none,hamp_output,1c7eb9e50fc08e5f8cf0,1,0,0,0.9110089540481567,0.08899109810590744
PETS_CREDIT_high_eff_su2_r5_d6_b05__none,none,hamp_output,c91e3b5a028c06ad1f92,1,0,0,0.9209326505661011,0.07906734943389893
PETS_CREDIT_high_eff_su2_r5_d6_b05__none,none,hamp_output,d606f1831b9734bb90e1,1,0,0,0.950464129447937,0.049535926431417465
PETS_CREDIT_high_eff_su2_r5_d6_b05__none,none,hamp_output,5b7629cbd1fb6e879520,1,0,0,0.9793932437896729,0.02060679905116558
PETS_CREDIT_high_eff_su2_r5_d6_b05__none,none,hamp_output,00405a37dd709b2d51a8,1,1,0,0.9781392216682434,0.021860769018530846
PETS_CREDIT_high_eff_su2_r5_d6_b05__none,none,hamp_output,434123980ae7f6c38b02,1,0,0,0.7905875444412231,0.20941244065761566
PETS_CREDIT_high_eff_su2_r5_d6_b05__none,none,hamp_output,07d4d260e30d7cf5b71f,1,0,0,0.7347496747970581,0.2652503550052643
PETS_CREDIT_high_eff_su2_r5_d6_b05__none,none,hamp_output,d2c3d34fb102babfa194,1,0,0,0.6742008924484253,0.3257991075515747
PETS_CREDIT_high_eff_su2_r5_d6_b05__none,none,hamp_output,ab97fae957e08270ffce,1,1,0,0.5433983206748962,0.45660173892974854
PETS_CREDIT_high_eff_su2_r5_d6_b05__none,none,hamp_output,a5628044ec0880a52490,1,0,0,0.6777380704879761,0.3222619295120239
PETS_CREDIT_high_eff_su2_r5_d6_b05__none,none,hamp_output,4df4658f2eb41564da87,1,0,0,0.5388500690460205,0.4611499309539795
PETS_CREDIT_high_eff_su2_r5_d6_b05__none,none,hamp_output,c4b2c9357254e51af6a9,1,0,0,0.7881719470024109,0.2118280827999115
PETS_CREDIT_high_eff_su2_r5_d6_b05__none,none,hamp_output,dba69027df0122535f19,1,0,0,0.8832756876945496,0.11672431975603104
PETS_CREDIT_high_eff_su2_r5_d6_b05__none,none,hamp_output,e07f107ec2deef516f4f,1,0,0,0.5703996419906616,0.429600328207016
PETS_CREDIT_high_eff_su2_r5_d6_b05__none,none,hamp_output,49b15e9ec4784be42cd2,1,0,0,0.6425413489341736,0.3574586808681488
PETS_CREDIT_high_eff_su2_r5_d6_b05__none,none,hamp_output,08a6c27fcb32f81ff375,1,0,0,0.7555958032608032,0.24440418183803558
PETS_CREDIT_high_eff_su2_r5_d6_b05__none,none,hamp_output,c536d8f2ff559c7756e7,1,0,0,0.8136413097381592,0.18635870516300201
PETS_CREDIT_high_eff_su2_r5_d6_b05__none,none,hamp_output,0ec364cc4624f409f87e,1,0,0,0.6591193079948425,0.34088072180747986
PETS_CREDIT_high_eff_su2_r5_d6_b05__none,none,hamp_output,46dbe6ca2f4531385a05,1,0,0,0.7789580821990967,0.22104190289974213
PETS_CREDIT_high_eff_su2_r5_d6_b05__none,none,hamp_output,c75c31af2389cc3a594f,1,0,0,0.8887490630149841,0.11125095933675766
PETS_CREDIT_high_eff_su2_r5_d6_b05__none,none,hamp_output,fb40711278aca2b43c69,1,0,0,0.9731923937797546,0.02680760808289051
PETS_CREDIT_high_eff_su2_r5_d6_b05__none,none,hamp_output,d9170d275d5e05922e82,1,1,0,0.746769905090332,0.25323009490966797
PETS_CREDIT_high_eff_su2_r5_d6_b05__none,none,hamp_output,2c3058336909d855b1f0,1,0,0,0.8329096436500549,0.16709035634994507
PETS_CREDIT_high_eff_su2_r5_d6_b05__none,none,hamp_output,df16a30c67111933fccc,1,1,0,0.994490385055542,0.005509654060006142
PETS_CREDIT_high_eff_su2_r5_d6_b05__none,none,hamp_output,70d271c728323ea28d90,1,0,0,0.6619173884391785,0.33808261156082153
PETS_CREDIT_high_eff_su2_r5_d6_b05__none,none,hamp_output,e76cce60bc3507d0d7b2,1,0,0,0.8866956830024719,0.11330430954694748
PETS_CREDIT_high_eff_su2_r5_d6_b05__none,none,hamp_output,5cb75d859aa2d3df94b0,1,0,0,0.9130613803863525,0.08693862706422806
PETS_CREDIT_high_eff_su2_r5_d6_b05__none,none,hamp_output,26b6a5da65cdaeb8e184,1,1,1,0.35209763050079346,0.6479023694992065
PETS_CREDIT_high_eff_su2_r5_d6_b05__none,none,hamp_output,f073d35785cf76f1409c,1,0,0,0.8042645454406738,0.19573543965816498
PETS_CREDIT_high_eff_su2_r5_d6_b05__none,none,hamp_output,7311863aa70952806ffc,1,0,0,0.7742371559143066,0.22576288878917694
PETS_CREDIT_high_eff_su2_r5_d6_b05__none,none,hamp_output,073dbbd888ef767c75de,1,1,0,0.7127705812454224,0.2872294485569
PETS_CREDIT_high_eff_su2_r5_d6_b05__none,none,hamp_output,58cb80b3d0535cb4343a,1,0,0,0.8832265734672546,0.11677344143390656
PETS_CREDIT_high_eff_su2_r5_d6_b05__none,none,hamp_output,4b85b1f42c0154e0d47c,1,0,0,0.9344685673713684,0.06553146988153458
PETS_CREDIT_high_eff_su2_r5_d6_b05__none,none,hamp_output,9eb158e3cbe5bc901e26,1,0,1,0.3799807131290436,0.6200193166732788
PETS_CREDIT_high_eff_su2_r5_d6_b05__none,none,hamp_output,877b93e6aa8797d2cd0b,1,0,0,0.8762186169624329,0.12378140538930893
PETS_CREDIT_high_eff_su2_r5_d6_b05__none,none,hamp_output,988a4b4dcb53bafffb01,1,0,0,0.6737790703773499,0.32622095942497253
PETS_CREDIT_high_eff_su2_r5_d6_b05__none,none,hamp_output,d75c3e52dbcaf5a5ec2a,1,0,0,0.9944457411766052,0.0055542816407978535
PETS_CREDIT_high_eff_su2_r5_d6_b05__none,none,hamp_output,01743ddf295d8f6b5a46,1,1,1,0.07955163717269897,0.920448362827301
PETS_CREDIT_high_eff_su2_r5_d6_b05__none,none,hamp_output,39f8154e08ad72170108,1,0,0,0.5133882761001587,0.4866117238998413
PETS_CREDIT_high_eff_su2_r5_d6_b05__none,none,hamp_output,1dd9f8371cdcaa1758b3,1,0,0,0.8578059077262878,0.14219410717487335
PETS_CREDIT_high_eff_su2_r5_d6_b05__none,none,hamp_output,ae429a6a1d645aacb94e,1,0,0,0.7523166537284851,0.24768339097499847
PETS_CREDIT_high_eff_su2_r5_d6_b05__none,none,hamp_output,b91b8614dbf7826436cf,1,0,0,0.6927552819252014,0.3072447180747986
PETS_CREDIT_high_eff_su2_r5_d6_b05__none,none,hamp_output,4def6ca8e27be84aeb54,1,0,0,0.8228979110717773,0.17710210382938385
PETS_CREDIT_high_eff_su2_r5_d6_b05__none,none,hamp_output,8d5ec20ca179ede5da84,1,1,1,0.03677080199122429,0.963229238986969
PETS_CREDIT_high_eff_su2_r5_d6_b05__none,none,hamp_output,7ce1135db7560daf7e70,1,1,0,0.7033904790878296,0.2966095805168152
PETS_CREDIT_high_eff_su2_r5_d6_b05__none,none,hamp_output,8120fa8a41158dba642d,1,0,0,0.9562438726425171,0.04375617578625679
PETS_CREDIT_high_eff_su2_r5_d6_b05__none,none,hamp_output,2f5a23022990244c47e8,1,1,0,0.9670609831809998,0.03293902426958084
PETS_CREDIT_high_eff_su2_r5_d6_b05__none,none,hamp_output,1819fe5c399a17316fee,1,0,0,0.7463600635528564,0.25363990664482117
PETS_CREDIT_high_eff_su2_r5_d6_b05__none,none,hamp_output,70e46e61db439dd8e308,1,0,0,0.7613517045974731,0.23864825069904327
PETS_CREDIT_high_eff_su2_r5_d6_b05__none,none,hamp_output,66fa33821884d4568b02,1,1,0,0.7156961560249329,0.2843038737773895
PETS_CREDIT_high_eff_su2_r5_d6_b05__none,none,hamp_output,cbd912351cdbc83a9184,1,1,0,0.5187245011329651,0.4812754988670349
PETS_CREDIT_high_eff_su2_r5_d6_b05__none,none,hamp_output,f3ca91dd8e5aba8d83d9,1,0,0,0.8041122555732727,0.1958877593278885
PETS_CREDIT_high_eff_su2_r5_d6_b05__none,none,hamp_output,6992a9babb7ae6302cb5,1,0,0,0.7036097049713135,0.2963902950286865
PETS_CREDIT_high_eff_su2_r5_d6_b05__none,none,hamp_output,bf465d63c434358f77e4,1,0,0,0.7138083577156067,0.2861917018890381
PETS_CREDIT_high_eff_su2_r5_d6_b05__none,none,hamp_output,6a75db22a6087741eef2,1,0,0,0.8080150485038757,0.1919848769903183
PETS_CREDIT_high_eff_su2_r5_d6_b05__none,none,hamp_output,973b363916938dbaaf31,1,0,1,0.32024040818214417,0.6797596216201782
PETS_CREDIT_high_eff_su2_r5_d6_b05__none,none,hamp_output,072f10d00d9156aab9f2,1,0,0,0.6886609792709351,0.3113390803337097
PETS_CREDIT_high_eff_su2_r5_d6_b05__none,none,hamp_output,0acc109e58c1c7823ce7,1,0,0,0.6368851661682129,0.3631148040294647
PETS_CREDIT_high_eff_su2_r5_d6_b05__none,none,hamp_output,6c0e663b6848864dc914,1,1,0,0.6249572038650513,0.37504279613494873
PETS_CREDIT_high_eff_su2_r5_d6_b05__none,none,hamp_output,78edbc6916b12b570866,1,0,0,0.9797361493110657,0.02026384510099888
PETS_CREDIT_high_eff_su2_r5_d6_b05__none,none,hamp_output,5688d9df8bbfc61d89e9,1,0,0,0.5155469179153442,0.48445311188697815
PETS_CREDIT_high_eff_su2_r5_d6_b05__none,none,hamp_output,e030c0aa4ae0f1011f2f,1,0,0,0.8149378895759583,0.18506208062171936
PETS_CREDIT_high_eff_su2_r5_d6_b05__none,none,hamp_output,25282b20e9c64236ec4d,1,0,0,0.9629006385803223,0.03709936887025833
PETS_CREDIT_high_eff_su2_r5_d6_b05__none,none,hamp_output,14ee67db08b82edf07a3,1,0,0,0.7607640027999878,0.239235982298851
PETS_CREDIT_high_eff_su2_r5_d6_b05__none,none,hamp_output,d46f8b9f4d57f90db615,1,0,0,0.9097428917884827,0.09025715291500092
PETS_CREDIT_high_eff_su2_r5_d6_b05__none,none,hamp_output,83a947285ea3ca8494da,1,0,0,0.5995869636535645,0.40041306614875793
PETS_CREDIT_high_eff_su2_r5_d6_b05__none,none,hamp_output,4dde24d981dd8981f71f,1,0,0,0.7643616199493408,0.23563838005065918
PETS_CREDIT_high_eff_su2_r5_d6_b05__none,none,hamp_output,5e48c11768cb070aefe6,1,1,0,0.8708003759384155,0.12919959425926208
PETS_CREDIT_high_eff_su2_r5_d6_b05__none,none,hamp_output,6f47824d3363865de61a,1,0,0,0.9899893403053284,0.010010662488639355
PETS_CREDIT_high_eff_su2_r5_d6_b05__none,none,hamp_output,f332cc500c7a62b19024,1,1,1,0.27402234077453613,0.7259776592254639
PETS_CREDIT_high_eff_su2_r5_d6_b05__none,none,hamp_output,192395141a760795b97a,1,0,0,0.5768938064575195,0.42310625314712524
PETS_CREDIT_high_eff_su2_r5_d6_b05__none,none,hamp_output,9fc5fbe55717fe6862a4,1,0,0,0.5570386648178101,0.44296133518218994
PETS_CREDIT_high_eff_su2_r5_d6_b05__none,none,hamp_output,8fe0ac3103b5acc00cdc,1,0,0,0.9344663023948669,0.06553371250629425
PETS_CREDIT_high_eff_su2_r5_d6_b05__none,none,hamp_output,2a9dbe944756407f3c68,1,1,0,0.5610477328300476,0.4389522969722748
PETS_CREDIT_high_eff_su2_r5_d6_b05__none,none,hamp_output,5f9c02f5ec03a28e4f53,1,0,0,0.5154742002487183,0.48452579975128174
PETS_CREDIT_high_eff_su2_r5_d6_b05__none,none,hamp_output,b84ff32b3c14263b0dd5,1,0,0,0.7360008955001831,0.26399916410446167
PETS_CREDIT_high_eff_su2_r5_d6_b05__none,none,hamp_output,7be2869c238aa35d440a,1,0,0,0.8897998929023743,0.11020009219646454
PETS_CREDIT_high_eff_su2_r5_d6_b05__none,none,hamp_output,11ccb38ba9653d61e950,1,0,0,0.9287518262863159,0.07124817371368408
PETS_CREDIT_high_eff_su2_r5_d6_b05__none,none,hamp_output,619b46d6086e6aad3d84,1,1,0,0.9756866693496704,0.02431335486471653
PETS_CREDIT_high_eff_su2_r5_d6_b05__none,none,hamp_output,526cee77dcfea7ee8138,1,0,0,0.9506681561470032,0.049331869930028915
PETS_CREDIT_high_eff_su2_r5_d6_b05__none,none,hamp_output,a1b01a469dc7802f51d3,1,0,0,0.8754557371139526,0.12454431504011154
PETS_CREDIT_high_eff_su2_r5_d6_b05__none,none,hamp_output,5383d08662564ec7ab0d,1,0,0,0.8792638182640076,0.12073618173599243
PETS_CREDIT_high_eff_su2_r5_d6_b05__none,none,hamp_output,006df97946d214e0111f,1,0,0,0.7693542838096619,0.23064573109149933
PETS_CREDIT_high_eff_su2_r5_d6_b05__none,none,hamp_output,a55e4e1cd3465563efc4,1,0,0,0.8833821415901184,0.11661788821220398
PETS_CREDIT_high_eff_su2_r5_d6_b05__none,none,hamp_output,24e13410bd96d58bb8a8,1,1,0,0.9640932679176331,0.035906754434108734
PETS_CREDIT_high_eff_su2_r5_d6_b05__none,none,hamp_output,4cfea97c73e6dbfbc698,1,1,1,0.03896099328994751,0.9610389471054077
PETS_CREDIT_high_eff_su2_r5_d6_b05__none,none,hamp_output,bd6c7e8fd4e7879e23df,1,0,0,0.9111832976341248,0.08881670981645584
PETS_CREDIT_high_eff_su2_r5_d6_b05__none,none,hamp_output,ab00e756b29c98fd6674,1,0,1,0.28552284836769104,0.7144771218299866
PETS_CREDIT_high_eff_su2_r5_d6_b05__none,none,hamp_output,d1d396dc69ac0aeade66,1,0,0,0.9005439877510071,0.09945598244667053
PETS_CREDIT_high_eff_su2_r5_d6_b05__none,none,hamp_output,47955bec8c8c8b0d6ecd,0,0,1,0.4705592691898346,0.529440701007843
PETS_CREDIT_high_eff_su2_r5_d6_b05__none,none,hamp_output,4870b03a707763215d98,0,0,0,0.959061861038208,0.04093817248940468
PETS_CREDIT_high_eff_su2_r5_d6_b05__none,none,hamp_output,973b033623e52ecc534b,0,0,0,0.8038479685783386,0.1961519569158554
PETS_CREDIT_high_eff_su2_r5_d6_b05__none,none,hamp_output,4a7e26fbb5313c542529,0,0,0,0.5298498868942261,0.4701501131057739
PETS_CREDIT_high_eff_su2_r5_d6_b05__none,none,hamp_output,e0fbea9eec804256c1cb,0,0,0,0.6318244338035583,0.36817556619644165
PETS_CREDIT_high_eff_su2_r5_d6_b05__none,none,hamp_output,e1a1ee7cf7bc7087e5f2,0,1,0,0.9874221682548523,0.012577853165566921
PETS_CREDIT_high_eff_su2_r5_d6_b05__none,none,hamp_output,eba21bceeb2ef13343ed,0,0,0,0.9374290704727173,0.06257091462612152
PETS_CREDIT_high_eff_su2_r5_d6_b05__none,none,hamp_output,636ac12d78460625de40,0,1,1,0.307327538728714,0.6926724314689636
PETS_CREDIT_high_eff_su2_r5_d6_b05__none,none,hamp_output,937e67166f6df199553e,0,1,0,0.9605958461761475,0.03940415009856224
PETS_CREDIT_high_eff_su2_r5_d6_b05__none,none,hamp_output,f6e997c880eee2e368a1,0,0,0,0.8952327370643616,0.1047673150897026
PETS_CREDIT_high_eff_su2_r5_d6_b05__none,none,hamp_output,236eaf6e697017b75006,0,0,0,0.6496438980102539,0.3503560721874237
PETS_CREDIT_high_eff_su2_r5_d6_b05__none,none,hamp_output,ae625b0f03d9312f7a56,0,0,0,0.9371772408485413,0.06282275170087814
PETS_CREDIT_high_eff_su2_r5_d6_b05__none,none,hamp_output,46a774fc49ba1bf8ef50,0,0,0,0.8854617476463318,0.11453823745250702
PETS_CREDIT_high_eff_su2_r5_d6_b05__none,none,hamp_output,8bb5ffd15a60cfa78147,0,0,0,0.5738008618354797,0.4261991083621979
PETS_CREDIT_high_eff_su2_r5_d6_b05__none,none,hamp_output,d89024b6830b15f365f2,0,0,0,0.764335036277771,0.2356649786233902
PETS_CREDIT_high_eff_su2_r5_d6_b05__none,none,hamp_output,21bbec3cf4631e34985a,0,1,0,0.8923590183258057,0.10764102637767792
PETS_CREDIT_high_eff_su2_r5_d6_b05__none,none,hamp_output,0640a9b8fe04a4c66235,0,0,0,0.9123305082321167,0.08766954392194748
PETS_CREDIT_high_eff_su2_r5_d6_b05__none,none,hamp_output,d84827a745d8252e9fdb,0,0,0,0.9019709229469299,0.09802907705307007
PETS_CREDIT_high_eff_su2_r5_d6_b05__none,none,hamp_output,bf631b93f55e0e82f795,0,0,0,0.8715469837188721,0.12845303118228912
PETS_CREDIT_high_eff_su2_r5_d6_b05__none,none,hamp_output,ae877d0841e52284f9ab,0,1,0,0.5947297811508179,0.40527021884918213
PETS_CREDIT_high_eff_su2_r5_d6_b05__none,none,hamp_output,bb7f875f1115ea715160,0,0,0,0.5269015431404114,0.473098486661911
PETS_CREDIT_high_eff_su2_r5_d6_b05__none,none,hamp_output,7ac291fce946af57066d,0,0,0,0.8762298226356506,0.12377018481492996
PETS_CREDIT_high_eff_su2_r5_d6_b05__none,none,hamp_output,b4a42897a34004c35deb,0,0,0,0.7651886343955994,0.23481130599975586
PETS_CREDIT_high_eff_su2_r5_d6_b05__none,none,hamp_output,8dcf26c9f074a4b5de0e,0,0,0,0.9133582711219788,0.08664173632860184
PETS_CREDIT_high_eff_su2_r5_d6_b05__none,none,hamp_output,6732cf9cccc2b370e663,0,0,0,0.938007652759552,0.061992283910512924
PETS_CREDIT_high_eff_su2_r5_d6_b05__none,none,hamp_output,803f6dc8a9f94d6165d6,0,0,0,0.7199798822402954,0.280020147562027
PETS_CREDIT_high_eff_su2_r5_d6_b05__none,none,hamp_output,bbf9af27413caa9a409b,0,0,0,0.9311181306838989,0.06888189911842346
PETS_CREDIT_high_eff_su2_r5_d6_b05__none,none,hamp_output,5c7d8f33e88909bece76,0,0,0,0.9307636022567749,0.06923642009496689
PETS_CREDIT_high_eff_su2_r5_d6_b05__none,none,hamp_output,91005bada1d0884a288c,0,0,0,0.9221118092536926,0.07788819074630737
PETS_CREDIT_high_eff_su2_r5_d6_b05__none,none,hamp_output,83de8120182780af5f0a,0,0,0,0.8617168068885803,0.13828317821025848
PETS_CREDIT_high_eff_su2_r5_d6_b05__none,none,hamp_output,da621ab9085bc819936a,0,0,0,0.5772109031677246,0.422789067029953
PETS_CREDIT_high_eff_su2_r5_d6_b05__none,none,hamp_output,d186b88534c1a687d1fd,0,0,0,0.7299537062644958,0.27004632353782654
PETS_CREDIT_high_eff_su2_r5_d6_b05__none,none,hamp_output,d1cde013445a8f9f3504,0,1,0,0.5867282152175903,0.41327181458473206
PETS_CREDIT_high_eff_su2_r5_d6_b05__none,none,hamp_output,53e30cae631c15e8b1d5,0,0,0,0.9330679774284363,0.06693199276924133
PETS_CREDIT_high_eff_su2_r5_d6_b05__none,none,hamp_output,a689473198564f121a85,0,1,0,0.8358185887336731,0.16418145596981049
PETS_CREDIT_high_eff_su2_r5_d6_b05__none,none,hamp_output,c10dfecdb29ac7d481e4,0,0,0,0.9656720757484436,0.03432793170213699
PETS_CREDIT_high_eff_su2_r5_d6_b05__none,none,hamp_output,43ee1b0713731f54ca85,0,0,0,0.7952714562416077,0.20472855865955353
PETS_CREDIT_high_eff_su2_r5_d6_b05__none,none,hamp_output,569a1dec78d4c5cb931c,0,0,0,0.9470393061637878,0.052960675209760666
PETS_CREDIT_high_eff_su2_r5_d6_b05__none,none,hamp_output,3692ecea3b8cc152ac74,0,1,0,0.8493415713310242,0.15065845847129822
PETS_CREDIT_high_eff_su2_r5_d6_b05__none,none,hamp_output,b491e0865758acb4579a,0,0,0,0.8819149136543274,0.11808507889509201
PETS_CREDIT_high_eff_su2_r5_d6_b05__none,none,hamp_output,e0ac38996eb0bdc23a98,0,0,1,0.01032223179936409,0.9896777868270874
PETS_CREDIT_high_eff_su2_r5_d6_b05__none,none,hamp_output,d5989943e0fb0da2a065,0,1,0,0.7981514930725098,0.20184852182865143
PETS_CREDIT_high_eff_su2_r5_d6_b05__none,none,hamp_output,27c6f10b367e05043c90,0,0,0,0.9502570629119873,0.04974290728569031
PETS_CREDIT_high_eff_su2_r5_d6_b05__none,none,hamp_output,551fc490ff090636fc6c,0,0,0,0.800701916217804,0.19929800927639008
PETS_CREDIT_high_eff_su2_r5_d6_b05__none,none,hamp_output,414e7f5b15c171415829,0,0,0,0.8779309988021851,0.12206903845071793
PETS_CREDIT_high_eff_su2_r5_d6_b05__none,none,hamp_output,11507b01792898120b8e,0,0,0,0.5138698220252991,0.48613014817237854
PETS_CREDIT_high_eff_su2_r5_d6_b05__none,none,hamp_output,d219a9acadf7d11fea78,0,0,0,0.9902583956718445,0.009741622023284435
PETS_CREDIT_high_eff_su2_r5_d6_b05__none,none,hamp_output,18057cb4cbc93a14717b,0,0,0,0.5345683693885803,0.46543166041374207
PETS_CREDIT_high_eff_su2_r5_d6_b05__none,none,hamp_output,56a32270ddad65bb2116,0,1,0,0.9893391132354736,0.010660827159881592
PETS_CREDIT_high_eff_su2_r5_d6_b05__none,none,hamp_output,fb9ae5bbd7f4003062af,0,0,0,0.5471400022506714,0.4528600573539734
PETS_CREDIT_high_eff_su2_r5_d6_b05__none,none,hamp_output,4a745272a6e280333278,0,0,0,0.8674680590629578,0.13253192603588104
PETS_CREDIT_high_eff_su2_r5_d6_b05__none,none,hamp_output,2cc5d410506194a74986,0,0,0,0.5667113661766052,0.43328866362571716
PETS_CREDIT_high_eff_su2_r5_d6_b05__none,none,hamp_output,afbdd16def46495289d4,0,0,0,0.8548312187194824,0.14516881108283997
PETS_CREDIT_high_eff_su2_r5_d6_b05__none,none,hamp_output,8438c71f237ca7ba0184,0,0,0,0.8825711607933044,0.11742884665727615
PETS_CREDIT_high_eff_su2_r5_d6_b05__none,none,hamp_output,cf06e4f28d94416e4731,0,1,0,0.8285918235778809,0.17140817642211914
PETS_CREDIT_high_eff_su2_r5_d6_b05__none,none,hamp_output,30264bd9cc543cb1bc1b,0,1,0,0.8740695714950562,0.12593038380146027
PETS_CREDIT_high_eff_su2_r5_d6_b05__none,none,hamp_output,330ffbdc46d820844534,0,0,0,0.7553064227104187,0.24469351768493652
PETS_CREDIT_high_eff_su2_r5_d6_b05__none,none,hamp_output,c3a93d319be966c47e7e,0,1,0,0.7630857229232788,0.23691430687904358
PETS_CREDIT_high_eff_su2_r5_d6_b05__none,none,hamp_output,f54953944639c1b8b976,0,0,0,0.8120835423469543,0.18791642785072327
PETS_CREDIT_high_eff_su2_r5_d6_b05__none,none,hamp_output,dbf3024efa8e9fda1d7b,0,0,0,0.7477322816848755,0.2522677183151245
PETS_CREDIT_high_eff_su2_r5_d6_b05__none,none,hamp_output,d927aacafee2577fc652,0,1,0,0.8626925349235535,0.13730747997760773
PETS_CREDIT_high_eff_su2_r5_d6_b05__none,none,hamp_output,96d7b0e605b9b663903a,0,1,1,0.04103415459394455,0.9589658379554749
PETS_CREDIT_high_eff_su2_r5_d6_b05__none,none,hamp_output,70a27e98ce00d39e949a,0,0,0,0.8843417167663574,0.11565832048654556
PETS_CREDIT_high_eff_su2_r5_d6_b05__none,none,hamp_output,12f413792494f36fcea9,0,0,0,0.7831061482429504,0.21689391136169434
PETS_CREDIT_high_eff_su2_r5_d6_b05__none,none,hamp_output,6877216a639061dee96a,0,0,0,0.7654922008514404,0.23450776934623718
PETS_CREDIT_high_eff_su2_r5_d6_b05__none,none,hamp_output,e034c7956deeea8c9ddc,0,0,0,0.9648911356925964,0.03510887548327446
PETS_CREDIT_high_eff_su2_r5_d6_b05__none,none,hamp_output,15c3301e2604322dfc7b,0,0,1,0.4354684352874756,0.5645315647125244
PETS_CREDIT_high_eff_su2_r5_d6_b05__none,none,hamp_output,c684bddcfbca03359777,0,0,0,0.9864475727081299,0.013552443124353886
PETS_CREDIT_high_eff_su2_r5_d6_b05__none,none,hamp_output,8226b41e21b5ecf3c52e,0,0,0,0.9490430355072021,0.050956983119249344
PETS_CREDIT_high_eff_su2_r5_d6_b05__none,none,hamp_output,ada868403e0aacd584e1,0,1,0,0.9784814119338989,0.021518617868423462
PETS_CREDIT_high_eff_su2_r5_d6_b05__none,none,hamp_output,3ee271bb0627b25426f5,0,0,0,0.6225020885467529,0.37749791145324707
PETS_CREDIT_high_eff_su2_r5_d6_b05__none,none,hamp_output,a36d92b052080609dee1,0,0,0,0.9182748198509216,0.08172518014907837
PETS_CREDIT_high_eff_su2_r5_d6_b05__none,none,hamp_output,5c479147049976461a13,0,0,0,0.952775776386261,0.0472242496907711
PETS_CREDIT_high_eff_su2_r5_d6_b05__none,none,hamp_output,9f0ccb4eb0a2a0319524,0,0,0,0.6119481325149536,0.38805192708969116
PETS_CREDIT_high_eff_su2_r5_d6_b05__none,none,hamp_output,c98e7a188d21f2d4c7c5,0,0,0,0.6485952138900757,0.35140475630760193
PETS_CREDIT_high_eff_su2_r5_d6_b05__none,none,hamp_output,5b2db4db5a42bc1bb4a0,0,0,1,0.2546292841434479,0.7453707456588745
PETS_CREDIT_high_eff_su2_r5_d6_b05__none,none,hamp_output,1858881e224796b84682,0,0,1,0.0611952506005764,0.9388048052787781
PETS_CREDIT_high_eff_su2_r5_d6_b05__none,none,hamp_output,4f0ddef9065568908648,0,0,0,0.9584026336669922,0.04159737378358841
PETS_CREDIT_high_eff_su2_r5_d6_b05__none,none,hamp_output,183550075bfd51b6e0e9,0,1,0,0.9833130240440369,0.016686975955963135
PETS_CREDIT_high_eff_su2_r5_d6_b05__none,none,hamp_output,316a77ab3de3e27ff918,0,0,0,0.9067071080207825,0.09329286217689514
PETS_CREDIT_high_eff_su2_r5_d6_b05__none,none,hamp_output,97d45a0366e6e1aa81c9,0,1,0,0.8898828625679016,0.11011718213558197
PETS_CREDIT_high_eff_su2_r5_d6_b05__none,none,hamp_output,0bdd92075dfdd7271ec4,0,0,0,0.8999000787734985,0.10009989887475967
PETS_CREDIT_high_eff_su2_r5_d6_b05__none,none,hamp_output,3610e0e36736e57a4ac1,0,0,0,0.6755012273788452,0.3244987726211548
PETS_CREDIT_high_eff_su2_r5_d6_b05__none,none,hamp_output,49ac71e389f7c7ee906a,0,0,0,0.9305524826049805,0.06944749504327774
PETS_CREDIT_high_eff_su2_r5_d6_b05__none,none,hamp_output,0a64aa2e5b95fcf231dd,0,1,0,0.8198770880699158,0.18012291193008423
PETS_CREDIT_high_eff_su2_r5_d6_b05__none,none,hamp_output,89f73d583d37c6f94431,0,0,0,0.7774453163146973,0.2225547432899475
PETS_CREDIT_high_eff_su2_r5_d6_b05__none,none,hamp_output,34c0e5ef4812a33d78b4,0,0,0,0.9420813322067261,0.05791865661740303
PETS_CREDIT_high_eff_su2_r5_d6_b05__none,none,hamp_output,27a8bdb86da088cc0ec0,0,0,0,0.6586264967918396,0.3413735330104828
PETS_CREDIT_high_eff_su2_r5_d6_b05__none,none,hamp_output,c11b3ed277f799abf829,0,0,0,0.9826447367668152,0.017355307936668396
PETS_CREDIT_high_eff_su2_r5_d6_b05__none,none,hamp_output,53d98013cc132869d89f,0,1,0,0.9343599677085876,0.06564003974199295
PETS_CREDIT_high_eff_su2_r5_d6_b05__none,none,hamp_output,35f39fb3290dd3876c4e,0,0,0,0.9753029346466064,0.02469705045223236
PETS_CREDIT_high_eff_su2_r5_d6_b05__none,none,hamp_output,add15bce63d585c10154,0,0,0,0.917726993560791,0.08227303624153137
PETS_CREDIT_high_eff_su2_r5_d6_b05__none,none,hamp_output,c0386f52ee8eb9782e96,0,0,0,0.6907197833061218,0.3092802166938782
PETS_CREDIT_high_eff_su2_r5_d6_b05__none,none,hamp_output,201287d880b5985ef4a2,0,0,0,0.9054323434829712,0.0945676788687706
PETS_CREDIT_high_eff_su2_r5_d6_b05__none,none,hamp_output,54c071ac06a40c97bb56,0,0,0,0.9370605945587158,0.06293939799070358
PETS_CREDIT_high_eff_su2_r5_d6_b05__none,none,hamp_output,f8f44150ace4d5e110b6,0,1,0,0.8952499628067017,0.10474999994039536
PETS_CREDIT_high_eff_su2_r5_d6_b05__none,none,hamp_output,15e0146e9b8967882d3c,0,1,0,0.9695813059806824,0.03041873686015606
PETS_CREDIT_high_eff_su2_r5_d6_b05__none,none,hamp_output,a670309c70dd483bd34e,0,0,0,0.9235677719116211,0.0764322355389595
PETS_CREDIT_high_eff_su2_r5_d6_b05__none,none,hamp_output,3cb6ff56ab7911392172,0,0,0,0.6366812586784363,0.3633187413215637
PETS_CREDIT_high_eff_su2_r5_d6_b05__none,none,hamp_output,4c3cfe1fe9e491bb9c0e,0,0,0,0.9836578965187073,0.01634209230542183
PETS_CREDIT_high_eff_su2_r5_d6_b05__none,none,memguard,b95d8aa7591c7887c05c,1,0,0,0.8151631355285645,0.18483690917491913
PETS_CREDIT_high_eff_su2_r5_d6_b05__none,none,memguard,aaca4c9adb936209ae4f,1,0,0,0.8104586601257324,0.18954135477542877
PETS_CREDIT_high_eff_su2_r5_d6_b05__none,none,memguard,f640cb068a6e0cafd8f7,1,0,0,0.804260790348053,0.19573922455310822
PETS_CREDIT_high_eff_su2_r5_d6_b05__none,none,memguard,bf5a9031a45524933e21,1,0,0,0.7978954911231995,0.20210450887680054
PETS_CREDIT_high_eff_su2_r5_d6_b05__none,none,memguard,6ea2a519a69c09016323,1,0,0,0.8026800155639648,0.19731998443603516
PETS_CREDIT_high_eff_su2_r5_d6_b05__none,none,memguard,092efc45ab978715a8fa,1,1,0,0.8109457492828369,0.18905428051948547
PETS_CREDIT_high_eff_su2_r5_d6_b05__none,none,memguard,e0b33cacbadcac9f3d26,1,0,0,0.7942513823509216,0.20574860274791718
PETS_CREDIT_high_eff_su2_r5_d6_b05__none,none,memguard,69ef03b5c6f4f7ecef33,1,1,0,0.8022745251655579,0.19772545993328094
PETS_CREDIT_high_eff_su2_r5_d6_b05__none,none,memguard,4aa64c627cb9b82d7f42,1,1,1,0.20627887547016144,0.7937211394309998
PETS_CREDIT_high_eff_su2_r5_d6_b05__none,none,memguard,0772d1e68bccea98e68f,1,0,0,0.8027398586273193,0.19726015627384186
PETS_CREDIT_high_eff_su2_r5_d6_b05__none,none,memguard,85bbf6f61dd23b95b6e7,1,0,0,0.8017922043800354,0.1982078105211258
PETS_CREDIT_high_eff_su2_r5_d6_b05__none,none,memguard,1c7eb9e50fc08e5f8cf0,1,0,0,0.8100482821464539,0.18995170295238495
PETS_CREDIT_high_eff_su2_r5_d6_b05__none,none,memguard,c91e3b5a028c06ad1f92,1,0,0,0.7988588213920593,0.20114117860794067
PETS_CREDIT_high_eff_su2_r5_d6_b05__none,none,memguard,d606f1831b9734bb90e1,1,0,0,0.8088178038597107,0.1911822110414505
PETS_CREDIT_high_eff_su2_r5_d6_b05__none,none,memguard,5b7629cbd1fb6e879520,1,0,0,0.8143046498298645,0.1856953650712967
PETS_CREDIT_high_eff_su2_r5_d6_b05__none,none,memguard,00405a37dd709b2d51a8,1,1,0,0.8019314408302307,0.19806857407093048
PETS_CREDIT_high_eff_su2_r5_d6_b05__none,none,memguard,434123980ae7f6c38b02,1,0,0,0.8153104186058044,0.18468955159187317
PETS_CREDIT_high_eff_su2_r5_d6_b05__none,none,memguard,07d4d260e30d7cf5b71f,1,0,0,0.8120541572570801,0.18794584274291992
PETS_CREDIT_high_eff_su2_r5_d6_b05__none,none,memguard,d2c3d34fb102babfa194,1,0,0,0.9991398453712463,0.0008601492154411972
PETS_CREDIT_high_eff_su2_r5_d6_b05__none,none,memguard,ab97fae957e08270ffce,1,1,0,0.7985103726387024,0.20148965716362
PETS_CREDIT_high_eff_su2_r5_d6_b05__none,none,memguard,a5628044ec0880a52490,1,0,0,0.7997760772705078,0.20022398233413696
PETS_CREDIT_high_eff_su2_r5_d6_b05__none,none,memguard,4df4658f2eb41564da87,1,0,0,0.8048467040061951,0.19515332579612732
PETS_CREDIT_high_eff_su2_r5_d6_b05__none,none,memguard,c4b2c9357254e51af6a9,1,0,0,0.8121989369392395,0.1878010630607605
PETS_CREDIT_high_eff_su2_r5_d6_b05__none,none,memguard,dba69027df0122535f19,1,0,0,0.8020995259284973,0.19790050387382507
PETS_CREDIT_high_eff_su2_r5_d6_b05__none,none,memguard,e07f107ec2deef516f4f,1,0,0,0.8165686130523682,0.18343137204647064
PETS_CREDIT_high_eff_su2_r5_d6_b05__none,none,memguard,49b15e9ec4784be42cd2,1,0,0,0.8009810447692871,0.1990189254283905
PETS_CREDIT_high_eff_su2_r5_d6_b05__none,none,memguard,08a6c27fcb32f81ff375,1,0,0,0.8141054511070251,0.18589456379413605
PETS_CREDIT_high_eff_su2_r5_d6_b05__none,none,memguard,c536d8f2ff559c7756e7,1,0,0,0.8158809542655945,0.1841190606355667
PETS_CREDIT_high_eff_su2_r5_d6_b05__none,none,memguard,0ec364cc4624f409f87e,1,0,0,0.8108052611351013,0.18919476866722107
PETS_CREDIT_high_eff_su2_r5_d6_b05__none,none,memguard,46dbe6ca2f4531385a05,1,0,0,0.7964513301849365,0.2035486400127411
PETS_CREDIT_high_eff_su2_r5_d6_b05__none,none,memguard,c75c31af2389cc3a594f,1,0,0,0.810544490814209,0.18945550918579102
PETS_CREDIT_high_eff_su2_r5_d6_b05__none,none,memguard,fb40711278aca2b43c69,1,0,0,0.7938244342803955,0.2061755657196045
PETS_CREDIT_high_eff_su2_r5_d6_b05__none,none,memguard,d9170d275d5e05922e82,1,1,0,0.8125067949295044,0.187493234872818
PETS_CREDIT_high_eff_su2_r5_d6_b05__none,none,memguard,2c3058336909d855b1f0,1,0,0,0.8009778261184692,0.19902218878269196
PETS_CREDIT_high_eff_su2_r5_d6_b05__none,none,memguard,df16a30c67111933fccc,1,1,0,0.8095430135726929,0.19045701622962952
PETS_CREDIT_high_eff_su2_r5_d6_b05__none,none,memguard,70d271c728323ea28d90,1,0,0,0.7986215353012085,0.20137843489646912
PETS_CREDIT_high_eff_su2_r5_d6_b05__none,none,memguard,e76cce60bc3507d0d7b2,1,0,0,0.8144931793212891,0.18550685048103333
PETS_CREDIT_high_eff_su2_r5_d6_b05__none,none,memguard,5cb75d859aa2d3df94b0,1,0,0,0.8010045886039734,0.19899538159370422
PETS_CREDIT_high_eff_su2_r5_d6_b05__none,none,memguard,26b6a5da65cdaeb8e184,1,1,1,0.19863609969615936,0.8013638854026794
PETS_CREDIT_high_eff_su2_r5_d6_b05__none,none,memguard,f073d35785cf76f1409c,1,0,0,0.8124492764472961,0.18755075335502625
PETS_CREDIT_high_eff_su2_r5_d6_b05__none,none,memguard,7311863aa70952806ffc,1,0,0,0.7932828664779663,0.20671716332435608
PETS_CREDIT_high_eff_su2_r5_d6_b05__none,none,memguard,073dbbd888ef767c75de,1,1,0,0.8130245208740234,0.18697546422481537
PETS_CREDIT_high_eff_su2_r5_d6_b05__none,none,memguard,58cb80b3d0535cb4343a,1,0,0,0.8033156394958496,0.1966843605041504
PETS_CREDIT_high_eff_su2_r5_d6_b05__none,none,memguard,4b85b1f42c0154e0d47c,1,0,0,0.8083128929138184,0.19168707728385925
PETS_CREDIT_high_eff_su2_r5_d6_b05__none,none,memguard,9eb158e3cbe5bc901e26,1,0,1,0.1987917721271515,0.8012082576751709
PETS_CREDIT_high_eff_su2_r5_d6_b05__none,none,memguard,877b93e6aa8797d2cd0b,1,0,0,0.8045960068702698,0.19540396332740784
PETS_CREDIT_high_eff_su2_r5_d6_b05__none,none,memguard,988a4b4dcb53bafffb01,1,0,0,0.7971071600914001,0.20289288461208344
PETS_CREDIT_high_eff_su2_r5_d6_b05__none,none,memguard,d75c3e52dbcaf5a5ec2a,1,0,0,0.8142743706703186,0.1857256442308426
PETS_CREDIT_high_eff_su2_r5_d6_b05__none,none,memguard,01743ddf295d8f6b5a46,1,1,1,0.19158872961997986,0.8084113001823425
PETS_CREDIT_high_eff_su2_r5_d6_b05__none,none,memguard,39f8154e08ad72170108,1,0,0,0.8051822185516357,0.19481778144836426
PETS_CREDIT_high_eff_su2_r5_d6_b05__none,none,memguard,1dd9f8371cdcaa1758b3,1,0,0,0.8131868839263916,0.1868131309747696
PETS_CREDIT_high_eff_su2_r5_d6_b05__none,none,memguard,ae429a6a1d645aacb94e,1,0,0,0.8084467053413391,0.19155332446098328
PETS_CREDIT_high_eff_su2_r5_d6_b05__none,none,memguard,b91b8614dbf7826436cf,1,0,0,0.7984473705291748,0.20155265927314758
PETS_CREDIT_high_eff_su2_r5_d6_b05__none,none,memguard,4def6ca8e27be84aeb54,1,0,0,0.8042433261871338,0.1957567036151886
PETS_CREDIT_high_eff_su2_r5_d6_b05__none,none,memguard,8d5ec20ca179ede5da84,1,1,1,0.20260144770145416,0.797398567199707
PETS_CREDIT_high_eff_su2_r5_d6_b05__none,none,memguard,7ce1135db7560daf7e70,1,1,0,0.8089180588722229,0.1910819709300995
PETS_CREDIT_high_eff_su2_r5_d6_b05__none,none,memguard,8120fa8a41158dba642d,1,0,0,0.801548421382904,0.19845162332057953
PETS_CREDIT_high_eff_su2_r5_d6_b05__none,none,memguard,2f5a23022990244c47e8,1,1,0,0.7970940470695496,0.20290599763393402
PETS_CREDIT_high_eff_su2_r5_d6_b05__none,none,memguard,1819fe5c399a17316fee,1,0,0,0.8012051582336426,0.19879485666751862
PETS_CREDIT_high_eff_su2_r5_d6_b05__none,none,memguard,70e46e61db439dd8e308,1,0,0,0.7963922023773193,0.20360779762268066
PETS_CREDIT_high_eff_su2_r5_d6_b05__none,none,memguard,66fa33821884d4568b02,1,1,0,0.8129652738571167,0.1870347112417221
PETS_CREDIT_high_eff_su2_r5_d6_b05__none,none,memguard,cbd912351cdbc83a9184,1,1,0,0.8023918271064758,0.19760818779468536
PETS_CREDIT_high_eff_su2_r5_d6_b05__none,none,memguard,f3ca91dd8e5aba8d83d9,1,0,0,0.7969183325767517,0.2030816525220871
PETS_CREDIT_high_eff_su2_r5_d6_b05__none,none,memguard,6992a9babb7ae6302cb5,1,0,0,0.8068945407867432,0.19310547411441803
PETS_CREDIT_high_eff_su2_r5_d6_b05__none,none,memguard,bf465d63c434358f77e4,1,0,0,0.8039762377738953,0.19602379202842712
PETS_CREDIT_high_eff_su2_r5_d6_b05__none,none,memguard,6a75db22a6087741eef2,1,0,0,0.8032656908035278,0.19673432409763336
PETS_CREDIT_high_eff_su2_r5_d6_b05__none,none,memguard,973b363916938dbaaf31,1,0,1,0.18923644721508026,0.8107635378837585
PETS_CREDIT_high_eff_su2_r5_d6_b05__none,none,memguard,072f10d00d9156aab9f2,1,0,0,0.7987855672836304,0.20121446251869202
PETS_CREDIT_high_eff_su2_r5_d6_b05__none,none,memguard,0acc109e58c1c7823ce7,1,0,0,0.8085038065910339,0.19149620831012726
PETS_CREDIT_high_eff_su2_r5_d6_b05__none,none,memguard,6c0e663b6848864dc914,1,1,0,0.8033594489097595,0.1966404765844345
PETS_CREDIT_high_eff_su2_r5_d6_b05__none,none,memguard,78edbc6916b12b570866,1,0,0,0.8053757548332214,0.19462427496910095
PETS_CREDIT_high_eff_su2_r5_d6_b05__none,none,memguard,5688d9df8bbfc61d89e9,1,0,0,0.8039582371711731,0.19604173302650452
PETS_CREDIT_high_eff_su2_r5_d6_b05__none,none,memguard,e030c0aa4ae0f1011f2f,1,0,0,0.7981559634208679,0.20184403657913208
PETS_CREDIT_high_eff_su2_r5_d6_b05__none,none,memguard,25282b20e9c64236ec4d,1,0,0,0.800896942615509,0.19910305738449097
PETS_CREDIT_high_eff_su2_r5_d6_b05__none,none,memguard,14ee67db08b82edf07a3,1,0,0,0.8155039548873901,0.18449606001377106
PETS_CREDIT_high_eff_su2_r5_d6_b05__none,none,memguard,d46f8b9f4d57f90db615,1,0,0,0.7921768426895142,0.20782318711280823
PETS_CREDIT_high_eff_su2_r5_d6_b05__none,none,memguard,83a947285ea3ca8494da,1,0,0,0.8145444393157959,0.1854555755853653
PETS_CREDIT_high_eff_su2_r5_d6_b05__none,none,memguard,4dde24d981dd8981f71f,1,0,0,0.8102684020996094,0.18973159790039062
PETS_CREDIT_high_eff_su2_r5_d6_b05__none,none,memguard,5e48c11768cb070aefe6,1,1,0,0.7948675751686096,0.20513242483139038
PETS_CREDIT_high_eff_su2_r5_d6_b05__none,none,memguard,6f47824d3363865de61a,1,0,0,0.8078303933143616,0.19216959178447723
PETS_CREDIT_high_eff_su2_r5_d6_b05__none,none,memguard,f332cc500c7a62b19024,1,1,1,0.19554229080677032,0.8044577240943909
PETS_CREDIT_high_eff_su2_r5_d6_b05__none,none,memguard,192395141a760795b97a,1,0,0,0.8089954257011414,0.19100455939769745
PETS_CREDIT_high_eff_su2_r5_d6_b05__none,none,memguard,9fc5fbe55717fe6862a4,1,0,0,0.7970770597457886,0.20292294025421143
PETS_CREDIT_high_eff_su2_r5_d6_b05__none,none,memguard,8fe0ac3103b5acc00cdc,1,0,0,0.7938668131828308,0.2061331868171692
PETS_CREDIT_high_eff_su2_r5_d6_b05__none,none,memguard,2a9dbe944756407f3c68,1,1,0,0.8117476105690002,0.18825243413448334
PETS_CREDIT_high_eff_su2_r5_d6_b05__none,none,memguard,5f9c02f5ec03a28e4f53,1,0,0,0.8131039142608643,0.18689608573913574
PETS_CREDIT_high_eff_su2_r5_d6_b05__none,none,memguard,b84ff32b3c14263b0dd5,1,0,0,0.8119744658470154,0.18802550435066223
PETS_CREDIT_high_eff_su2_r5_d6_b05__none,none,memguard,7be2869c238aa35d440a,1,0,0,0.8154647946357727,0.18453525006771088
PETS_CREDIT_high_eff_su2_r5_d6_b05__none,none,memguard,11ccb38ba9653d61e950,1,0,0,0.817571222782135,0.18242880702018738
PETS_CREDIT_high_eff_su2_r5_d6_b05__none,none,memguard,619b46d6086e6aad3d84,1,1,0,0.8016458749771118,0.19835415482521057
PETS_CREDIT_high_eff_su2_r5_d6_b05__none,none,memguard,526cee77dcfea7ee8138,1,0,0,0.8103004693984985,0.18969954550266266
PETS_CREDIT_high_eff_su2_r5_d6_b05__none,none,memguard,a1b01a469dc7802f51d3,1,0,0,0.8068271279335022,0.1931728720664978
PETS_CREDIT_high_eff_su2_r5_d6_b05__none,none,memguard,5383d08662564ec7ab0d,1,0,0,0.8073468804359436,0.19265314936637878
PETS_CREDIT_high_eff_su2_r5_d6_b05__none,none,memguard,006df97946d214e0111f,1,0,0,0.8065804243087769,0.19341956079006195
PETS_CREDIT_high_eff_su2_r5_d6_b05__none,none,memguard,a55e4e1cd3465563efc4,1,0,0,0.8056269288063049,0.19437304139137268
PETS_CREDIT_high_eff_su2_r5_d6_b05__none,none,memguard,24e13410bd96d58bb8a8,1,1,0,0.8151967525482178,0.18480324745178223
PETS_CREDIT_high_eff_su2_r5_d6_b05__none,none,memguard,4cfea97c73e6dbfbc698,1,1,1,0.20313729345798492,0.7968627214431763
PETS_CREDIT_high_eff_su2_r5_d6_b05__none,none,memguard,bd6c7e8fd4e7879e23df,1,0,0,0.7955414652824402,0.2044585645198822
PETS_CREDIT_high_eff_su2_r5_d6_b05__none,none,memguard,ab00e756b29c98fd6674,1,0,1,0.19473062455654144,0.8052693605422974
PETS_CREDIT_high_eff_su2_r5_d6_b05__none,none,memguard,d1d396dc69ac0aeade66,1,0,0,0.7949609756469727,0.20503903925418854
PETS_CREDIT_high_eff_su2_r5_d6_b05__none,none,memguard,47955bec8c8c8b0d6ecd,0,0,1,0.18939083814620972,0.8106091618537903
PETS_CREDIT_high_eff_su2_r5_d6_b05__none,none,memguard,4870b03a707763215d98,0,0,0,0.803024172782898,0.19697585701942444
PETS_CREDIT_high_eff_su2_r5_d6_b05__none,none,memguard,973b033623e52ecc534b,0,0,0,0.8007060289382935,0.19929401576519012
PETS_CREDIT_high_eff_su2_r5_d6_b05__none,none,memguard,4a7e26fbb5313c542529,0,0,0,0.8073417544364929,0.1926582306623459
PETS_CREDIT_high_eff_su2_r5_d6_b05__none,none,memguard,e0fbea9eec804256c1cb,0,0,0,0.8106298446655273,0.18937015533447266
PETS_CREDIT_high_eff_su2_r5_d6_b05__none,none,memguard,e1a1ee7cf7bc7087e5f2,0,1,0,0.8054431080818176,0.19455692172050476
PETS_CREDIT_high_eff_su2_r5_d6_b05__none,none,memguard,eba21bceeb2ef13343ed,0,0,0,0.7998074293136597,0.20019257068634033
PETS_CREDIT_high_eff_su2_r5_d6_b05__none,none,memguard,636ac12d78460625de40,0,1,1,0.19133420288562775,0.8086658120155334
PETS_CREDIT_high_eff_su2_r5_d6_b05__none,none,memguard,937e67166f6df199553e,0,1,0,0.8019997477531433,0.1980002373456955
PETS_CREDIT_high_eff_su2_r5_d6_b05__none,none,memguard,f6e997c880eee2e368a1,0,0,0,0.8032533526420593,0.19674663245677948
PETS_CREDIT_high_eff_su2_r5_d6_b05__none,none,memguard,236eaf6e697017b75006,0,0,0,0.7951042056083679,0.20489579439163208
PETS_CREDIT_high_eff_su2_r5_d6_b05__none,none,memguard,ae625b0f03d9312f7a56,0,0,0,0.800572395324707,0.19942758977413177
PETS_CREDIT_high_eff_su2_r5_d6_b05__none,none,memguard,46a774fc49ba1bf8ef50,0,0,0,0.8134667277336121,0.18653324246406555
PETS_CREDIT_high_eff_su2_r5_d6_b05__none,none,memguard,8bb5ffd15a60cfa78147,0,0,0,0.7924252152442932,0.20757479965686798
PETS_CREDIT_high_eff_su2_r5_d6_b05__none,none,memguard,d89024b6830b15f365f2,0,0,0,0.8006364703178406,0.19936351478099823
PETS_CREDIT_high_eff_su2_r5_d6_b05__none,none,memguard,21bbec3cf4631e34985a,0,1,0,0.8134965300559998,0.18650344014167786
PETS_CREDIT_high_eff_su2_r5_d6_b05__none,none,memguard,0640a9b8fe04a4c66235,0,0,0,0.8128349781036377,0.18716499209403992
PETS_CREDIT_high_eff_su2_r5_d6_b05__none,none,memguard,d84827a745d8252e9fdb,0,0,0,0.8087587356567383,0.19124124944210052
PETS_CREDIT_high_eff_su2_r5_d6_b05__none,none,memguard,bf631b93f55e0e82f795,0,0,0,0.8173587322235107,0.18264132738113403
PETS_CREDIT_high_eff_su2_r5_d6_b05__none,none,memguard,ae877d0841e52284f9ab,0,1,0,0.7942571640014648,0.20574283599853516
PETS_CREDIT_high_eff_su2_r5_d6_b05__none,none,memguard,bb7f875f1115ea715160,0,0,0,0.8117483258247375,0.18825165927410126
PETS_CREDIT_high_eff_su2_r5_d6_b05__none,none,memguard,7ac291fce946af57066d,0,0,0,0.8091381192207336,0.19086188077926636
PETS_CREDIT_high_eff_su2_r5_d6_b05__none,none,memguard,b4a42897a34004c35deb,0,0,0,0.7940982580184937,0.20590174198150635
PETS_CREDIT_high_eff_su2_r5_d6_b05__none,none,memguard,8dcf26c9f074a4b5de0e,0,0,0,0.797782301902771,0.20221775770187378
PETS_CREDIT_high_eff_su2_r5_d6_b05__none,none,memguard,6732cf9cccc2b370e663,0,0,0,0.8006178140640259,0.19938220083713531
PETS_CREDIT_high_eff_su2_r5_d6_b05__none,none,memguard,803f6dc8a9f94d6165d6,0,0,0,0.8062756657600403,0.19372431933879852
PETS_CREDIT_high_eff_su2_r5_d6_b05__none,none,memguard,bbf9af27413caa9a409b,0,0,0,0.9987525939941406,0.0012473904062062502
PETS_CREDIT_high_eff_su2_r5_d6_b05__none,none,memguard,5c7d8f33e88909bece76,0,0,0,0.8025134205818176,0.19748660922050476
PETS_CREDIT_high_eff_su2_r5_d6_b05__none,none,memguard,91005bada1d0884a288c,0,0,0,0.7999199032783508,0.20008012652397156
PETS_CREDIT_high_eff_su2_r5_d6_b05__none,none,memguard,83de8120182780af5f0a,0,0,0,0.8009871244430542,0.1990129053592682
PETS_CREDIT_high_eff_su2_r5_d6_b05__none,none,memguard,da621ab9085bc819936a,0,0,0,0.8119718432426453,0.18802815675735474
PETS_CREDIT_high_eff_su2_r5_d6_b05__none,none,memguard,d186b88534c1a687d1fd,0,0,0,0.9985559582710266,0.0014440956292673945
PETS_CREDIT_high_eff_su2_r5_d6_b05__none,none,memguard,d1cde013445a8f9f3504,0,1,0,0.8125557899475098,0.18744422495365143
PETS_CREDIT_high_eff_su2_r5_d6_b05__none,none,memguard,53e30cae631c15e8b1d5,0,0,0,0.8119261860847473,0.18807382881641388
PETS_CREDIT_high_eff_su2_r5_d6_b05__none,none,memguard,a689473198564f121a85,0,1,0,0.8119066953659058,0.18809333443641663
PETS_CREDIT_high_eff_su2_r5_d6_b05__none,none,memguard,c10dfecdb29ac7d481e4,0,0,0,0.8171340227127075,0.18286599218845367
PETS_CREDIT_high_eff_su2_r5_d6_b05__none,none,memguard,43ee1b0713731f54ca85,0,0,0,0.801081120967865,0.1989189088344574
PETS_CREDIT_high_eff_su2_r5_d6_b05__none,none,memguard,569a1dec78d4c5cb931c,0,0,0,0.810435950756073,0.1895640343427658
PETS_CREDIT_high_eff_su2_r5_d6_b05__none,none,memguard,3692ecea3b8cc152ac74,0,1,0,0.806279718875885,0.19372029602527618
PETS_CREDIT_high_eff_su2_r5_d6_b05__none,none,memguard,b491e0865758acb4579a,0,0,0,0.7918413877487183,0.20815858244895935
PETS_CREDIT_high_eff_su2_r5_d6_b05__none,none,memguard,e0ac38996eb0bdc23a98,0,0,1,0.1915425956249237,0.8084573745727539
PETS_CREDIT_high_eff_su2_r5_d6_b05__none,none,memguard,d5989943e0fb0da2a065,0,1,0,0.7983395457267761,0.20166043937206268
PETS_CREDIT_high_eff_su2_r5_d6_b05__none,none,memguard,27c6f10b367e05043c90,0,0,0,0.816659688949585,0.18334035575389862
PETS_CREDIT_high_eff_su2_r5_d6_b05__none,none,memguard,551fc490ff090636fc6c,0,0,0,0.8046496510505676,0.19535036385059357
PETS_CREDIT_high_eff_su2_r5_d6_b05__none,none,memguard,414e7f5b15c171415829,0,0,0,0.7971024513244629,0.20289753377437592
PETS_CREDIT_high_eff_su2_r5_d6_b05__none,none,memguard,11507b01792898120b8e,0,0,0,0.8012073636054993,0.19879266619682312
PETS_CREDIT_high_eff_su2_r5_d6_b05__none,none,memguard,d219a9acadf7d11fea78,0,0,0,0.8099240660667419,0.19007596373558044
PETS_CREDIT_high_eff_su2_r5_d6_b05__none,none,memguard,18057cb4cbc93a14717b,0,0,0,0.8020004630088806,0.197999507188797
PETS_CREDIT_high_eff_su2_r5_d6_b05__none,none,memguard,56a32270ddad65bb2116,0,1,0,0.8168358206748962,0.18316422402858734
PETS_CREDIT_high_eff_su2_r5_d6_b05__none,none,memguard,fb9ae5bbd7f4003062af,0,0,0,0.8126764297485352,0.18732351064682007
PETS_CREDIT_high_eff_su2_r5_d6_b05__none,none,memguard,4a745272a6e280333278,0,0,0,0.7910990118980408,0.20890100300312042
PETS_CREDIT_high_eff_su2_r5_d6_b05__none,none,memguard,2cc5d410506194a74986,0,0,0,0.7997602820396423,0.20023971796035767
PETS_CREDIT_high_eff_su2_r5_d6_b05__none,none,memguard,afbdd16def46495289d4,0,0,0,0.8097584247589111,0.19024163484573364
PETS_CREDIT_high_eff_su2_r5_d6_b05__none,none,memguard,8438c71f237ca7ba0184,0,0,0,0.802314281463623,0.19768568873405457
PETS_CREDIT_high_eff_su2_r5_d6_b05__none,none,memguard,cf06e4f28d94416e4731,0,1,0,0.7973596453666687,0.2026403397321701
PETS_CREDIT_high_eff_su2_r5_d6_b05__none,none,memguard,30264bd9cc543cb1bc1b,0,1,0,0.8030241131782532,0.19697587192058563
PETS_CREDIT_high_eff_su2_r5_d6_b05__none,none,memguard,330ffbdc46d820844534,0,0,0,0.8139995336532593,0.18600043654441833
PETS_CREDIT_high_eff_su2_r5_d6_b05__none,none,memguard,c3a93d319be966c47e7e,0,1,0,0.8097944259643555,0.19020558893680573
PETS_CREDIT_high_eff_su2_r5_d6_b05__none,none,memguard,f54953944639c1b8b976,0,0,0,0.7936630249023438,0.20633696019649506
PETS_CREDIT_high_eff_su2_r5_d6_b05__none,none,memguard,dbf3024efa8e9fda1d7b,0,0,0,0.7974953651428223,0.20250466465950012
PETS_CREDIT_high_eff_su2_r5_d6_b05__none,none,memguard,d927aacafee2577fc652,0,1,0,0.7969802021980286,0.20301976799964905
PETS_CREDIT_high_eff_su2_r5_d6_b05__none,none,memguard,96d7b0e605b9b663903a,0,1,1,0.19687511026859283,0.8031249046325684
PETS_CREDIT_high_eff_su2_r5_d6_b05__none,none,memguard,70a27e98ce00d39e949a,0,0,0,0.7982948422431946,0.2017051875591278
PETS_CREDIT_high_eff_su2_r5_d6_b05__none,none,memguard,12f413792494f36fcea9,0,0,0,0.7985495328903198,0.20145048201084137
PETS_CREDIT_high_eff_su2_r5_d6_b05__none,none,memguard,6877216a639061dee96a,0,0,0,0.8103456497192383,0.18965433537960052
PETS_CREDIT_high_eff_su2_r5_d6_b05__none,none,memguard,e034c7956deeea8c9ddc,0,0,0,0.7926433682441711,0.20735660195350647
PETS_CREDIT_high_eff_su2_r5_d6_b05__none,none,memguard,15c3301e2604322dfc7b,0,0,1,0.19308558106422424,0.8069144487380981
PETS_CREDIT_high_eff_su2_r5_d6_b05__none,none,memguard,c684bddcfbca03359777,0,0,0,0.8107128739356995,0.18928714096546173
PETS_CREDIT_high_eff_su2_r5_d6_b05__none,none,memguard,8226b41e21b5ecf3c52e,0,0,0,0.8051676154136658,0.19483239948749542
PETS_CREDIT_high_eff_su2_r5_d6_b05__none,none,memguard,ada868403e0aacd584e1,0,1,0,0.8117685317993164,0.1882314383983612
PETS_CREDIT_high_eff_su2_r5_d6_b05__none,none,memguard,3ee271bb0627b25426f5,0,0,0,0.8139276504516602,0.18607234954833984
PETS_CREDIT_high_eff_su2_r5_d6_b05__none,none,memguard,a36d92b052080609dee1,0,0,0,0.8086207509040833,0.19137929379940033
PETS_CREDIT_high_eff_su2_r5_d6_b05__none,none,memguard,5c479147049976461a13,0,0,0,0.7958663702011108,0.20413359999656677
PETS_CREDIT_high_eff_su2_r5_d6_b05__none,none,memguard,9f0ccb4eb0a2a0319524,0,0,0,0.8034371137619019,0.19656290113925934
PETS_CREDIT_high_eff_su2_r5_d6_b05__none,none,memguard,c98e7a188d21f2d4c7c5,0,0,0,0.7987301349639893,0.20126985013484955
PETS_CREDIT_high_eff_su2_r5_d6_b05__none,none,memguard,5b2db4db5a42bc1bb4a0,0,0,1,0.1865428239107132,0.813457190990448
PETS_CREDIT_high_eff_su2_r5_d6_b05__none,none,memguard,1858881e224796b84682,0,0,1,0.1884652078151703,0.8115348219871521
PETS_CREDIT_high_eff_su2_r5_d6_b05__none,none,memguard,4f0ddef9065568908648,0,0,0,0.8095720410346985,0.1904280185699463
PETS_CREDIT_high_eff_su2_r5_d6_b05__none,none,memguard,183550075bfd51b6e0e9,0,1,0,0.7959924936294556,0.20400755107402802
PETS_CREDIT_high_eff_su2_r5_d6_b05__none,none,memguard,316a77ab3de3e27ff918,0,0,0,0.8040587902069092,0.19594117999076843
PETS_CREDIT_high_eff_su2_r5_d6_b05__none,none,memguard,97d45a0366e6e1aa81c9,0,1,0,0.7995362877845764,0.20046374201774597
PETS_CREDIT_high_eff_su2_r5_d6_b05__none,none,memguard,0bdd92075dfdd7271ec4,0,0,0,0.8015086650848389,0.19849130511283875
PETS_CREDIT_high_eff_su2_r5_d6_b05__none,none,memguard,3610e0e36736e57a4ac1,0,0,0,0.8057194948196411,0.19428053498268127
PETS_CREDIT_high_eff_su2_r5_d6_b05__none,none,memguard,49ac71e389f7c7ee906a,0,0,0,0.799858033657074,0.20014193654060364
PETS_CREDIT_high_eff_su2_r5_d6_b05__none,none,memguard,0a64aa2e5b95fcf231dd,0,1,0,0.8043146133422852,0.19568538665771484
PETS_CREDIT_high_eff_su2_r5_d6_b05__none,none,memguard,89f73d583d37c6f94431,0,0,0,0.8033368587493896,0.19666312634944916
PETS_CREDIT_high_eff_su2_r5_d6_b05__none,none,memguard,34c0e5ef4812a33d78b4,0,0,0,0.7911408543586731,0.2088591307401657
PETS_CREDIT_high_eff_su2_r5_d6_b05__none,none,memguard,27a8bdb86da088cc0ec0,0,0,0,0.7915089130401611,0.20849108695983887
PETS_CREDIT_high_eff_su2_r5_d6_b05__none,none,memguard,c11b3ed277f799abf829,0,0,0,0.8034521341323853,0.19654788076877594
PETS_CREDIT_high_eff_su2_r5_d6_b05__none,none,memguard,53d98013cc132869d89f,0,1,0,0.801021933555603,0.19897809624671936
PETS_CREDIT_high_eff_su2_r5_d6_b05__none,none,memguard,35f39fb3290dd3876c4e,0,0,0,0.7963905930519104,0.203609436750412
PETS_CREDIT_high_eff_su2_r5_d6_b05__none,none,memguard,add15bce63d585c10154,0,0,0,0.8079118132591248,0.19208820164203644
PETS_CREDIT_high_eff_su2_r5_d6_b05__none,none,memguard,c0386f52ee8eb9782e96,0,0,0,0.7958523631095886,0.2041475623846054
PETS_CREDIT_high_eff_su2_r5_d6_b05__none,none,memguard,201287d880b5985ef4a2,0,0,0,0.8097350001335144,0.1902650147676468
PETS_CREDIT_high_eff_su2_r5_d6_b05__none,none,memguard,54c071ac06a40c97bb56,0,0,0,0.7998515963554382,0.20014840364456177
PETS_CREDIT_high_eff_su2_r5_d6_b05__none,none,memguard,f8f44150ace4d5e110b6,0,1,0,0.8155517578125,0.1844482570886612
PETS_CREDIT_high_eff_su2_r5_d6_b05__none,none,memguard,15e0146e9b8967882d3c,0,1,0,0.7949824333190918,0.2050175666809082
PETS_CREDIT_high_eff_su2_r5_d6_b05__none,none,memguard,a670309c70dd483bd34e,0,0,0,0.8044246435165405,0.19557532668113708
PETS_CREDIT_high_eff_su2_r5_d6_b05__none,none,memguard,3cb6ff56ab7911392172,0,0,0,0.7996160387992859,0.2003839612007141
PETS_CREDIT_high_eff_su2_r5_d6_b05__none,none,memguard,4c3cfe1fe9e491bb9c0e,0,0,0,0.8072107434272766,0.19278927147388458
PETS_CREDIT_high_eff_su2_r5_d6_b05__none,none,logitguard_continuous,b95d8aa7591c7887c05c,1,0,0,0.8071128726005554,0.19288715720176697
PETS_CREDIT_high_eff_su2_r5_d6_b05__none,none,logitguard_continuous,aaca4c9adb936209ae4f,1,0,0,0.7965005040168762,0.20349951088428497
PETS_CREDIT_high_eff_su2_r5_d6_b05__none,none,logitguard_continuous,f640cb068a6e0cafd8f7,1,0,0,0.8169981241226196,0.18300186097621918
PETS_CREDIT_high_eff_su2_r5_d6_b05__none,none,logitguard_continuous,bf5a9031a45524933e21,1,0,0,0.8114259839057922,0.18857403099536896
PETS_CREDIT_high_eff_su2_r5_d6_b05__none,none,logitguard_continuous,6ea2a519a69c09016323,1,0,0,0.8057312369346619,0.19426874816417694
PETS_CREDIT_high_eff_su2_r5_d6_b05__none,none,logitguard_continuous,092efc45ab978715a8fa,1,1,0,0.8008695244789124,0.19913050532341003
PETS_CREDIT_high_eff_su2_r5_d6_b05__none,none,logitguard_continuous,e0b33cacbadcac9f3d26,1,0,0,0.8155673146247864,0.1844327300786972
PETS_CREDIT_high_eff_su2_r5_d6_b05__none,none,logitguard_continuous,69ef03b5c6f4f7ecef33,1,1,0,0.8056159615516663,0.19438406825065613
PETS_CREDIT_high_eff_su2_r5_d6_b05__none,none,logitguard_continuous,4aa64c627cb9b82d7f42,1,1,1,0.19119319319725037,0.808806836605072
PETS_CREDIT_high_eff_su2_r5_d6_b05__none,none,logitguard_continuous,0772d1e68bccea98e68f,1,0,0,0.8046460151672363,0.19535399973392487
PETS_CREDIT_high_eff_su2_r5_d6_b05__none,none,logitguard_continuous,85bbf6f61dd23b95b6e7,1,0,0,0.7952409386634827,0.20475898683071136
PETS_CREDIT_high_eff_su2_r5_d6_b05__none,none,logitguard_continuous,1c7eb9e50fc08e5f8cf0,1,0,0,0.8028755784034729,0.1971243917942047
PETS_CREDIT_high_eff_su2_r5_d6_b05__none,none,logitguard_continuous,c91e3b5a028c06ad1f92,1,0,0,0.8264435529708862,0.173556387424469
PETS_CREDIT_high_eff_su2_r5_d6_b05__none,none,logitguard_continuous,d606f1831b9734bb90e1,1,0,0,0.7985028624534607,0.2014971524477005
PETS_CREDIT_high_eff_su2_r5_d6_b05__none,none,logitguard_continuous,5b7629cbd1fb6e879520,1,0,0,0.8071616291999817,0.1928384155035019
PETS_CREDIT_high_eff_su2_r5_d6_b05__none,none,logitguard_continuous,00405a37dd709b2d51a8,1,1,0,0.8083403706550598,0.19165964424610138
PETS_CREDIT_high_eff_su2_r5_d6_b05__none,none,logitguard_continuous,434123980ae7f6c38b02,1,0,0,0.8122061491012573,0.18779388070106506
PETS_CREDIT_high_eff_su2_r5_d6_b05__none,none,logitguard_continuous,07d4d260e30d7cf5b71f,1,0,0,0.7943792343139648,0.20562076568603516
PETS_CREDIT_high_eff_su2_r5_d6_b05__none,none,logitguard_continuous,d2c3d34fb102babfa194,1,0,0,0.9759975075721741,0.024002496153116226
PETS_CREDIT_high_eff_su2_r5_d6_b05__none,none,logitguard_continuous,ab97fae957e08270ffce,1,1,0,0.8007217049598694,0.199278324842453
PETS_CREDIT_high_eff_su2_r5_d6_b05__none,none,logitguard_continuous,a5628044ec0880a52490,1,0,0,0.803737998008728,0.19626197218894958
PETS_CREDIT_high_eff_su2_r5_d6_b05__none,none,logitguard_continuous,4df4658f2eb41564da87,1,0,0,0.7959385514259338,0.20406143367290497
PETS_CREDIT_high_eff_su2_r5_d6_b05__none,none,logitguard_continuous,c4b2c9357254e51af6a9,1,0,0,0.8045288324356079,0.19547119736671448
PETS_CREDIT_high_eff_su2_r5_d6_b05__none,none,logitguard_continuous,dba69027df0122535f19,1,0,0,0.8025797605514526,0.19742023944854736
PETS_CREDIT_high_eff_su2_r5_d6_b05__none,none,logitguard_continuous,e07f107ec2deef516f4f,1,0,0,0.7737957835197449,0.22620420157909393
PETS_CREDIT_high_eff_su2_r5_d6_b05__none,none,logitguard_continuous,49b15e9ec4784be42cd2,1,0,0,0.8123868703842163,0.1876131147146225
PETS_CREDIT_high_eff_su2_r5_d6_b05__none,none,logitguard_continuous,08a6c27fcb32f81ff375,1,0,0,0.8219642043113708,0.17803582549095154
PETS_CREDIT_high_eff_su2_r5_d6_b05__none,none,logitguard_continuous,c536d8f2ff559c7756e7,1,0,0,0.8055750727653503,0.19442491233348846
PETS_CREDIT_high_eff_su2_r5_d6_b05__none,none,logitguard_continuous,0ec364cc4624f409f87e,1,0,0,0.8099231123924255,0.19007687270641327
PETS_CREDIT_high_eff_su2_r5_d6_b05__none,none,logitguard_continuous,46dbe6ca2f4531385a05,1,0,0,0.8027392029762268,0.1972607970237732
PETS_CREDIT_high_eff_su2_r5_d6_b05__none,none,logitguard_continuous,c75c31af2389cc3a594f,1,0,0,0.8030552268028259,0.19694474339485168
PETS_CREDIT_high_eff_su2_r5_d6_b05__none,none,logitguard_continuous,fb40711278aca2b43c69,1,0,0,0.8032975196838379,0.19670245051383972
PETS_CREDIT_high_eff_su2_r5_d6_b05__none,none,logitguard_continuous,d9170d275d5e05922e82,1,1,0,0.7795761823654175,0.22042378783226013
PETS_CREDIT_high_eff_su2_r5_d6_b05__none,none,logitguard_continuous,2c3058336909d855b1f0,1,0,0,0.8138311505317688,0.1861688196659088
PETS_CREDIT_high_eff_su2_r5_d6_b05__none,none,logitguard_continuous,df16a30c67111933fccc,1,1,0,0.8056128621101379,0.19438712298870087
PETS_CREDIT_high_eff_su2_r5_d6_b05__none,none,logitguard_continuous,70d271c728323ea28d90,1,0,0,0.7808057069778442,0.21919426321983337
PETS_CREDIT_high_eff_su2_r5_d6_b05__none,none,logitguard_continuous,e76cce60bc3507d0d7b2,1,0,0,0.7961019277572632,0.2038981020450592
PETS_CREDIT_high_eff_su2_r5_d6_b05__none,none,logitguard_continuous,5cb75d859aa2d3df94b0,1,0,0,0.7990866303443909,0.20091339945793152
PETS_CREDIT_high_eff_su2_r5_d6_b05__none,none,logitguard_continuous,26b6a5da65cdaeb8e184,1,1,1,0.20948591828346252,0.7905141115188599
PETS_CREDIT_high_eff_su2_r5_d6_b05__none,none,logitguard_continuous,f073d35785cf76f1409c,1,0,0,0.8083717823028564,0.19162821769714355
PETS_CREDIT_high_eff_su2_r5_d6_b05__none,none,logitguard_continuous,7311863aa70952806ffc,1,0,0,0.8056919574737549,0.1943080574274063
PETS_CREDIT_high_eff_su2_r5_d6_b05__none,none,logitguard_continuous,073dbbd888ef767c75de,1,1,0,0.8049407005310059,0.19505931437015533
PETS_CREDIT_high_eff_su2_r5_d6_b05__none,none,logitguard_continuous,58cb80b3d0535cb4343a,1,0,0,0.8085220456123352,0.19147787988185883
PETS_CREDIT_high_eff_su2_r5_d6_b05__none,none,logitguard_continuous,4b85b1f42c0154e0d47c,1,0,0,0.8080698847770691,0.19193017482757568
PETS_CREDIT_high_eff_su2_r5_d6_b05__none,none,logitguard_continuous,9eb158e3cbe5bc901e26,1,0,1,0.20920036733150482,0.790799617767334
PETS_CREDIT_high_eff_su2_r5_d6_b05__none,none,logitguard_continuous,877b93e6aa8797d2cd0b,1,0,0,0.80296391248703,0.19703607261180878
PETS_CREDIT_high_eff_su2_r5_d6_b05__none,none,logitguard_continuous,988a4b4dcb53bafffb01,1,0,0,0.7768040895462036,0.22319592535495758
PETS_CREDIT_high_eff_su2_r5_d6_b05__none,none,logitguard_continuous,d75c3e52dbcaf5a5ec2a,1,0,0,0.7999978065490723,0.20000219345092773
PETS_CREDIT_high_eff_su2_r5_d6_b05__none,none,logitguard_continuous,01743ddf295d8f6b5a46,1,1,1,0.21604184806346893,0.7839581966400146
PETS_CREDIT_high_eff_su2_r5_d6_b05__none,none,logitguard_continuous,39f8154e08ad72170108,1,0,0,0.7966347932815552,0.2033652514219284
PETS_CREDIT_high_eff_su2_r5_d6_b05__none,none,logitguard_continuous,1dd9f8371cdcaa1758b3,1,0,0,0.8116668462753296,0.18833313882350922
PETS_CREDIT_high_eff_su2_r5_d6_b05__none,none,logitguard_continuous,ae429a6a1d645aacb94e,1,0,0,0.790530264377594,0.2094697654247284
PETS_CREDIT_high_eff_su2_r5_d6_b05__none,none,logitguard_continuous,b91b8614dbf7826436cf,1,0,0,0.8179513216018677,0.18204864859580994
PETS_CREDIT_high_eff_su2_r5_d6_b05__none,none,logitguard_continuous,4def6ca8e27be84aeb54,1,0,0,0.7852751612663269,0.21472486853599548
PETS_CREDIT_high_eff_su2_r5_d6_b05__none,none,logitguard_continuous,8d5ec20ca179ede5da84,1,1,1,0.19205932319164276,0.807940661907196
PETS_CREDIT_high_eff_su2_r5_d6_b05__none,none,logitguard_continuous,7ce1135db7560daf7e70,1,1,0,0.7958163619041443,0.2041836529970169
PETS_CREDIT_high_eff_su2_r5_d6_b05__none,none,logitguard_continuous,8120fa8a41158dba642d,1,0,0,0.808694064617157,0.19130593538284302
PETS_CREDIT_high_eff_su2_r5_d6_b05__none,none,logitguard_continuous,2f5a23022990244c47e8,1,1,0,0.8014032244682312,0.1985967755317688
PETS_CREDIT_high_eff_su2_r5_d6_b05__none,none,logitguard_continuous,1819fe5c399a17316fee,1,0,0,0.7987767457962036,0.20122328400611877
PETS_CREDIT_high_eff_su2_r5_d6_b05__none,none,logitguard_continuous,70e46e61db439dd8e308,1,0,0,0.8203741312026978,0.17962585389614105
PETS_CREDIT_high_eff_su2_r5_d6_b05__none,none,logitguard_continuous,66fa33821884d4568b02,1,1,0,0.8045839071273804,0.19541612267494202
PETS_CREDIT_high_eff_su2_r5_d6_b05__none,none,logitguard_continuous,cbd912351cdbc83a9184,1,1,0,0.7911157608032227,0.20888425409793854
PETS_CREDIT_high_eff_su2_r5_d6_b05__none,none,logitguard_continuous,f3ca91dd8e5aba8d83d9,1,0,0,0.8001663684844971,0.19983360171318054
PETS_CREDIT_high_eff_su2_r5_d6_b05__none,none,logitguard_continuous,6992a9babb7ae6302cb5,1,0,0,0.8144682049751282,0.18553180992603302
PETS_CREDIT_high_eff_su2_r5_d6_b05__none,none,logitguard_continuous,bf465d63c434358f77e4,1,0,0,0.8009502291679382,0.19904975593090057
PETS_CREDIT_high_eff_su2_r5_d6_b05__none,none,logitguard_continuous,6a75db22a6087741eef2,1,0,0,0.8010502457618713,0.19894972443580627
PETS_CREDIT_high_eff_su2_r5_d6_b05__none,none,logitguard_continuous,973b363916938dbaaf31,1,0,1,0.20968356728553772,0.7903164029121399
PETS_CREDIT_high_eff_su2_r5_d6_b05__none,none,logitguard_continuous,072f10d00d9156aab9f2,1,0,0,0.8082329034805298,0.19176706671714783
PETS_CREDIT_high_eff_su2_r5_d6_b05__none,none,logitguard_continuous,0acc109e58c1c7823ce7,1,0,0,0.8005431890487671,0.19945678114891052
PETS_CREDIT_high_eff_su2_r5_d6_b05__none,none,logitguard_continuous,6c0e663b6848864dc914,1,1,0,0.8062662482261658,0.19373375177383423
PETS_CREDIT_high_eff_su2_r5_d6_b05__none,none,logitguard_continuous,78edbc6916b12b570866,1,0,0,0.7992319464683533,0.2007680982351303
PETS_CREDIT_high_eff_su2_r5_d6_b05__none,none,logitguard_continuous,5688d9df8bbfc61d89e9,1,0,0,0.8007938265800476,0.1992061883211136
PETS_CREDIT_high_eff_su2_r5_d6_b05__none,none,logitguard_continuous,e030c0aa4ae0f1011f2f,1,0,0,0.8257617354393005,0.17423827946186066
PETS_CREDIT_high_eff_su2_r5_d6_b05__none,none,logitguard_continuous,25282b20e9c64236ec4d,1,0,0,0.8055731654167175,0.19442681968212128
PETS_CREDIT_high_eff_su2_r5_d6_b05__none,none,logitguard_continuous,14ee67db08b82edf07a3,1,0,0,0.816406786441803,0.18359322845935822
PETS_CREDIT_high_eff_su2_r5_d6_b05__none,none,logitguard_continuous,d46f8b9f4d57f90db615,1,0,0,0.7921563982963562,0.2078436017036438
PETS_CREDIT_high_eff_su2_r5_d6_b05__none,none,logitguard_continuous,83a947285ea3ca8494da,1,0,0,0.8073118925094604,0.19268812239170074
PETS_CREDIT_high_eff_su2_r5_d6_b05__none,none,logitguard_continuous,4dde24d981dd8981f71f,1,0,0,0.8103394508361816,0.18966060876846313
PETS_CREDIT_high_eff_su2_r5_d6_b05__none,none,logitguard_continuous,5e48c11768cb070aefe6,1,1,0,0.8022213578224182,0.19777868688106537
PETS_CREDIT_high_eff_su2_r5_d6_b05__none,none,logitguard_continuous,6f47824d3363865de61a,1,0,0,0.8065564632415771,0.19344356656074524
PETS_CREDIT_high_eff_su2_r5_d6_b05__none,none,logitguard_continuous,f332cc500c7a62b19024,1,1,1,0.2072942852973938,0.792705774307251
PETS_CREDIT_high_eff_su2_r5_d6_b05__none,none,logitguard_continuous,192395141a760795b97a,1,0,0,0.8013298511505127,0.1986701637506485
PETS_CREDIT_high_eff_su2_r5_d6_b05__none,none,logitguard_continuous,9fc5fbe55717fe6862a4,1,0,0,0.7950279116630554,0.20497213304042816
PETS_CREDIT_high_eff_su2_r5_d6_b05__none,none,logitguard_continuous,8fe0ac3103b5acc00cdc,1,0,0,0.8155415058135986,0.18445852398872375
PETS_CREDIT_high_eff_su2_r5_d6_b05__none,none,logitguard_continuous,2a9dbe944756407f3c68,1,1,0,0.7937756180763245,0.20622442662715912
PETS_CREDIT_high_eff_su2_r5_d6_b05__none,none,logitguard_continuous,5f9c02f5ec03a28e4f53,1,0,0,0.8125020265579224,0.18749800324440002
PETS_CREDIT_high_eff_su2_r5_d6_b05__none,none,logitguard_continuous,b84ff32b3c14263b0dd5,1,0,0,0.8040153384208679,0.19598466157913208
PETS_CREDIT_high_eff_su2_r5_d6_b05__none,none,logitguard_continuous,7be2869c238aa35d440a,1,0,0,0.8163767457008362,0.1836233139038086
PETS_CREDIT_high_eff_su2_r5_d6_b05__none,none,logitguard_continuous,11ccb38ba9653d61e950,1,0,0,0.8042956590652466,0.19570434093475342
PETS_CREDIT_high_eff_su2_r5_d6_b05__none,none,logitguard_continuous,619b46d6086e6aad3d84,1,1,0,0.7950728535652161,0.20492714643478394
PETS_CREDIT_high_eff_su2_r5_d6_b05__none,none,logitguard_continuous,526cee77dcfea7ee8138,1,0,0,0.8054474592208862,0.19455252587795258
PETS_CREDIT_high_eff_su2_r5_d6_b05__none,none,logitguard_continuous,a1b01a469dc7802f51d3,1,0,0,0.8040037751197815,0.1959962397813797
PETS_CREDIT_high_eff_su2_r5_d6_b05__none,none,logitguard_continuous,5383d08662564ec7ab0d,1,0,0,0.8216878175735474,0.17831221222877502
PETS_CREDIT_high_eff_su2_r5_d6_b05__none,none,logitguard_continuous,006df97946d214e0111f,1,0,0,0.8049929141998291,0.19500714540481567
PETS_CREDIT_high_eff_su2_r5_d6_b05__none,none,logitguard_continuous,a55e4e1cd3465563efc4,1,0,0,0.8045154213905334,0.19548462331295013
PETS_CREDIT_high_eff_su2_r5_d6_b05__none,none,logitguard_continuous,24e13410bd96d58bb8a8,1,1,0,0.800079882144928,0.19992011785507202
PETS_CREDIT_high_eff_su2_r5_d6_b05__none,none,logitguard_continuous,4cfea97c73e6dbfbc698,1,1,1,0.21301855146884918,0.786981463432312
PETS_CREDIT_high_eff_su2_r5_d6_b05__none,none,logitguard_continuous,bd6c7e8fd4e7879e23df,1,0,0,0.8086676597595215,0.19133231043815613
PETS_CREDIT_high_eff_su2_r5_d6_b05__none,none,logitguard_continuous,ab00e756b29c98fd6674,1,0,1,0.20947808027267456,0.7905219793319702
PETS_CREDIT_high_eff_su2_r5_d6_b05__none,none,logitguard_continuous,d1d396dc69ac0aeade66,1,0,0,0.8038806319236755,0.19611938297748566
PETS_CREDIT_high_eff_su2_r5_d6_b05__none,none,logitguard_continuous,47955bec8c8c8b0d6ecd,0,0,1,0.21206949651241302,0.7879305481910706
PETS_CREDIT_high_eff_su2_r5_d6_b05__none,none,logitguard_continuous,4870b03a707763215d98,0,0,0,0.796813428401947,0.20318661630153656
PETS_CREDIT_high_eff_su2_r5_d6_b05__none,none,logitguard_continuous,973b033623e52ecc534b,0,0,0,0.8033809065818787,0.19661907851696014
PETS_CREDIT_high_eff_su2_r5_d6_b05__none,none,logitguard_continuous,4a7e26fbb5313c542529,0,0,0,0.8116467595100403,0.1883532702922821
PETS_CREDIT_high_eff_su2_r5_d6_b05__none,none,logitguard_continuous,e0fbea9eec804256c1cb,0,0,0,0.803688108921051,0.19631190598011017
PETS_CREDIT_high_eff_su2_r5_d6_b05__none,none,logitguard_continuous,e1a1ee7cf7bc7087e5f2,0,1,0,0.8132592439651489,0.18674081563949585
PETS_CREDIT_high_eff_su2_r5_d6_b05__none,none,logitguard_continuous,eba21bceeb2ef13343ed,0,0,0,0.8044232726097107,0.1955767124891281
PETS_CREDIT_high_eff_su2_r5_d6_b05__none,none,logitguard_continuous,636ac12d78460625de40,0,1,1,0.1860608458518982,0.8139391541481018
PETS_CREDIT_high_eff_su2_r5_d6_b05__none,none,logitguard_continuous,937e67166f6df199553e,0,1,0,0.8159017562866211,0.1840982884168625
PETS_CREDIT_high_eff_su2_r5_d6_b05__none,none,logitguard_continuous,f6e997c880eee2e368a1,0,0,0,0.7944756746292114,0.20552431046962738
PETS_CREDIT_high_eff_su2_r5_d6_b05__none,none,logitguard_continuous,236eaf6e697017b75006,0,0,0,0.8040211796760559,0.19597883522510529
PETS_CREDIT_high_eff_su2_r5_d6_b05__none,none,logitguard_continuous,ae625b0f03d9312f7a56,0,0,0,0.8046435713768005,0.19535644352436066
PETS_CREDIT_high_eff_su2_r5_d6_b05__none,none,logitguard_continuous,46a774fc49ba1bf8ef50,0,0,0,0.7871017456054688,0.21289822459220886
PETS_CREDIT_high_eff_su2_r5_d6_b05__none,none,logitguard_continuous,8bb5ffd15a60cfa78147,0,0,0,0.8074595928192139,0.19254037737846375
PETS_CREDIT_high_eff_su2_r5_d6_b05__none,none,logitguard_continuous,d89024b6830b15f365f2,0,0,0,0.8122260570526123,0.1877739578485489
PETS_CREDIT_high_eff_su2_r5_d6_b05__none,none,logitguard_continuous,21bbec3cf4631e34985a,0,1,0,0.8049200773239136,0.1950799822807312
PETS_CREDIT_high_eff_su2_r5_d6_b05__none,none,logitguard_continuous,0640a9b8fe04a4c66235,0,0,0,0.7815298438072205,0.21847015619277954
PETS_CREDIT_high_eff_su2_r5_d6_b05__none,none,logitguard_continuous,d84827a745d8252e9fdb,0,0,0,0.8008316159248352,0.19916841387748718
PETS_CREDIT_high_eff_su2_r5_d6_b05__none,none,logitguard_continuous,bf631b93f55e0e82f795,0,0,0,0.7879524827003479,0.2120475322008133
PETS_CREDIT_high_eff_su2_r5_d6_b05__none,none,logitguard_continuous,ae877d0841e52284f9ab,0,1,0,0.8058421015739441,0.1941579133272171
PETS_CREDIT_high_eff_su2_r5_d6_b05__none,none,logitguard_continuous,bb7f875f1115ea715160,0,0,0,0.8109445571899414,0.1890554577112198
PETS_CREDIT_high_eff_su2_r5_d6_b05__none,none,logitguard_continuous,7ac291fce946af57066d,0,0,0,0.7994590401649475,0.20054088532924652
PETS_CREDIT_high_eff_su2_r5_d6_b05__none,none,logitguard_continuous,b4a42897a34004c35deb,0,0,0,0.8035793304443359,0.19642071425914764
PETS_CREDIT_high_eff_su2_r5_d6_b05__none,none,logitguard_continuous,8dcf26c9f074a4b5de0e,0,0,0,0.8073851466178894,0.19261488318443298
PETS_CREDIT_high_eff_su2_r5_d6_b05__none,none,logitguard_continuous,6732cf9cccc2b370e663,0,0,0,0.8050234913825989,0.19497647881507874
PETS_CREDIT_high_eff_su2_r5_d6_b05__none,none,logitguard_continuous,803f6dc8a9f94d6165d6,0,0,0,0.8082358837127686,0.19176411628723145
PETS_CREDIT_high_eff_su2_r5_d6_b05__none,none,logitguard_continuous,bbf9af27413caa9a409b,0,0,0,0.9655461311340332,0.0344538651406765
PETS_CREDIT_high_eff_su2_r5_d6_b05__none,none,logitguard_continuous,5c7d8f33e88909bece76,0,0,0,0.7959585785865784,0.20404145121574402
PETS_CREDIT_high_eff_su2_r5_d6_b05__none,none,logitguard_continuous,91005bada1d0884a288c,0,0,0,0.7951879501342773,0.20481207966804504
PETS_CREDIT_high_eff_su2_r5_d6_b05__none,none,logitguard_continuous,83de8120182780af5f0a,0,0,0,0.8028438687324524,0.1971561312675476
PETS_CREDIT_high_eff_su2_r5_d6_b05__none,none,logitguard_continuous,da621ab9085bc819936a,0,0,0,0.8073367476463318,0.1926632672548294
PETS_CREDIT_high_eff_su2_r5_d6_b05__none,none,logitguard_continuous,d186b88534c1a687d1fd,0,0,0,0.9603330492973328,0.03966692462563515
PETS_CREDIT_high_eff_su2_r5_d6_b05__none,none,logitguard_continuous,d1cde013445a8f9f3504,0,1,0,0.7989363670349121,0.20106367766857147
PETS_CREDIT_high_eff_su2_r5_d6_b05__none,none,logitguard_continuous,53e30cae631c15e8b1d5,0,0,0,0.8043139576911926,0.19568601250648499
PETS_CREDIT_high_eff_su2_r5_d6_b05__none,none,logitguard_continuous,a689473198564f121a85,0,1,0,0.7966121435165405,0.20338784158229828
PETS_CREDIT_high_eff_su2_r5_d6_b05__none,none,logitguard_continuous,c10dfecdb29ac7d481e4,0,0,0,0.8177371025085449,0.1822628676891327
PETS_CREDIT_high_eff_su2_r5_d6_b05__none,none,logitguard_continuous,43ee1b0713731f54ca85,0,0,0,0.7871216535568237,0.21287833154201508
PETS_CREDIT_high_eff_su2_r5_d6_b05__none,none,logitguard_continuous,569a1dec78d4c5cb931c,0,0,0,0.8070324063301086,0.19296757876873016
PETS_CREDIT_high_eff_su2_r5_d6_b05__none,none,logitguard_continuous,3692ecea3b8cc152ac74,0,1,0,0.8083273768424988,0.19167259335517883
PETS_CREDIT_high_eff_su2_r5_d6_b05__none,none,logitguard_continuous,b491e0865758acb4579a,0,0,0,0.8087502121925354,0.1912497580051422
PETS_CREDIT_high_eff_su2_r5_d6_b05__none,none,logitguard_continuous,e0ac38996eb0bdc23a98,0,0,1,0.1981326937675476,0.8018673062324524
PETS_CREDIT_high_eff_su2_r5_d6_b05__none,none,logitguard_continuous,d5989943e0fb0da2a065,0,1,0,0.8036378622055054,0.1963621973991394
PETS_CREDIT_high_eff_su2_r5_d6_b05__none,none,logitguard_continuous,27c6f10b367e05043c90,0,0,0,0.8181300163269043,0.1818699687719345
PETS_CREDIT_high_eff_su2_r5_d6_b05__none,none,logitguard_continuous,551fc490ff090636fc6c,0,0,0,0.798267126083374,0.20173290371894836
PETS_CREDIT_high_eff_su2_r5_d6_b05__none,none,logitguard_continuous,414e7f5b15c171415829,0,0,0,0.8076479434967041,0.19235210120677948
PETS_CREDIT_high_eff_su2_r5_d6_b05__none,none,logitguard_continuous,11507b01792898120b8e,0,0,0,0.8024082779884338,0.19759170711040497
PETS_CREDIT_high_eff_su2_r5_d6_b05__none,none,logitguard_continuous,d219a9acadf7d11fea78,0,0,0,0.8154431581497192,0.18455687165260315
PETS_CREDIT_high_eff_su2_r5_d6_b05__none,none,logitguard_continuous,18057cb4cbc93a14717b,0,0,0,0.8045477271080017,0.1954522579908371
PETS_CREDIT_high_eff_su2_r5_d6_b05__none,none,logitguard_continuous,56a32270ddad65bb2116,0,1,0,0.8002660274505615,0.19973397254943848
PETS_CREDIT_high_eff_su2_r5_d6_b05__none,none,logitguard_continuous,fb9ae5bbd7f4003062af,0,0,0,0.7825233340263367,0.21747665107250214
PETS_CREDIT_high_eff_su2_r5_d6_b05__none,none,logitguard_continuous,4a745272a6e280333278,0,0,0,0.80470210313797,0.19529792666435242
PETS_CREDIT_high_eff_su2_r5_d6_b05__none,none,logitguard_continuous,2cc5d410506194a74986,0,0,0,0.8105777502059937,0.18942226469516754
PETS_CREDIT_high_eff_su2_r5_d6_b05__none,none,logitguard_continuous,afbdd16def46495289d4,0,0,0,0.8097956776618958,0.19020424783229828
PETS_CREDIT_high_eff_su2_r5_d6_b05__none,none,logitguard_continuous,8438c71f237ca7ba0184,0,0,0,0.8254554867744446,0.17454451322555542
PETS_CREDIT_high_eff_su2_r5_d6_b05__none,none,logitguard_continuous,cf06e4f28d94416e4731,0,1,0,0.7885235548019409,0.21147644519805908
PETS_CREDIT_high_eff_su2_r5_d6_b05__none,none,logitguard_continuous,30264bd9cc543cb1bc1b,0,1,0,0.8120437860488892,0.18795619904994965
PETS_CREDIT_high_eff_su2_r5_d6_b05__none,none,logitguard_continuous,330ffbdc46d820844534,0,0,0,0.8054412603378296,0.1945587396621704
PETS_CREDIT_high_eff_su2_r5_d6_b05__none,none,logitguard_continuous,c3a93d319be966c47e7e,0,1,0,0.7904212474822998,0.20957879722118378
PETS_CREDIT_high_eff_su2_r5_d6_b05__none,none,logitguard_continuous,f54953944639c1b8b976,0,0,0,0.8020288944244385,0.19797107577323914
PETS_CREDIT_high_eff_su2_r5_d6_b05__none,none,logitguard_continuous,dbf3024efa8e9fda1d7b,0,0,0,0.7929679155349731,0.20703208446502686
PETS_CREDIT_high_eff_su2_r5_d6_b05__none,none,logitguard_continuous,d927aacafee2577fc652,0,1,0,0.7767128944396973,0.22328713536262512
PETS_CREDIT_high_eff_su2_r5_d6_b05__none,none,logitguard_continuous,96d7b0e605b9b663903a,0,1,1,0.20875756442546844,0.7912424206733704
PETS_CREDIT_high_eff_su2_r5_d6_b05__none,none,logitguard_continuous,70a27e98ce00d39e949a,0,0,0,0.7989447116851807,0.20105531811714172
PETS_CREDIT_high_eff_su2_r5_d6_b05__none,none,logitguard_continuous,12f413792494f36fcea9,0,0,0,0.8113092184066772,0.18869082629680634
PETS_CREDIT_high_eff_su2_r5_d6_b05__none,none,logitguard_continuous,6877216a639061dee96a,0,0,0,0.8043420314788818,0.19565798342227936
PETS_CREDIT_high_eff_su2_r5_d6_b05__none,none,logitguard_continuous,e034c7956deeea8c9ddc,0,0,0,0.7998494505882263,0.20015054941177368
PETS_CREDIT_high_eff_su2_r5_d6_b05__none,none,logitguard_continuous,15c3301e2604322dfc7b,0,0,1,0.18925324082374573,0.8107467889785767
PETS_CREDIT_high_eff_su2_r5_d6_b05__none,none,logitguard_continuous,c684bddcfbca03359777,0,0,0,0.8091417551040649,0.19085827469825745
PETS_CREDIT_high_eff_su2_r5_d6_b05__none,none,logitguard_continuous,8226b41e21b5ecf3c52e,0,0,0,0.8102744817733765,0.18972551822662354
PETS_CREDIT_high_eff_su2_r5_d6_b05__none,none,logitguard_continuous,ada868403e0aacd584e1,0,1,0,0.7990853190422058,0.20091471076011658
PETS_CREDIT_high_eff_su2_r5_d6_b05__none,none,logitguard_continuous,3ee271bb0627b25426f5,0,0,0,0.8006975054740906,0.1993025243282318
PETS_CREDIT_high_eff_su2_r5_d6_b05__none,none,logitguard_continuous,a36d92b052080609dee1,0,0,0,0.8012110590934753,0.19878897070884705
PETS_CREDIT_high_eff_su2_r5_d6_b05__none,none,logitguard_continuous,5c479147049976461a13,0,0,0,0.8044560551643372,0.19554395973682404
PETS_CREDIT_high_eff_su2_r5_d6_b05__none,none,logitguard_continuous,9f0ccb4eb0a2a0319524,0,0,0,0.8055995106697083,0.19440048933029175
PETS_CREDIT_high_eff_su2_r5_d6_b05__none,none,logitguard_continuous,c98e7a188d21f2d4c7c5,0,0,0,0.8094813823699951,0.1905186027288437
PETS_CREDIT_high_eff_su2_r5_d6_b05__none,none,logitguard_continuous,5b2db4db5a42bc1bb4a0,0,0,1,0.20469652116298676,0.795303463935852
PETS_CREDIT_high_eff_su2_r5_d6_b05__none,none,logitguard_continuous,1858881e224796b84682,0,0,1,0.20647528767585754,0.7935246825218201
PETS_CREDIT_high_eff_su2_r5_d6_b05__none,none,logitguard_continuous,4f0ddef9065568908648,0,0,0,0.800309419631958,0.19969062507152557
PETS_CREDIT_high_eff_su2_r5_d6_b05__none,none,logitguard_continuous,183550075bfd51b6e0e9,0,1,0,0.7864901423454285,0.21350987255573273
PETS_CREDIT_high_eff_su2_r5_d6_b05__none,none,logitguard_continuous,316a77ab3de3e27ff918,0,0,0,0.8009023666381836,0.19909760355949402
PETS_CREDIT_high_eff_su2_r5_d6_b05__none,none,logitguard_continuous,97d45a0366e6e1aa81c9,0,1,0,0.7912465333938599,0.20875351130962372
PETS_CREDIT_high_eff_su2_r5_d6_b05__none,none,logitguard_continuous,0bdd92075dfdd7271ec4,0,0,0,0.8018203973770142,0.19817964732646942
PETS_CREDIT_high_eff_su2_r5_d6_b05__none,none,logitguard_continuous,3610e0e36736e57a4ac1,0,0,0,0.8125931024551392,0.18740694224834442
PETS_CREDIT_high_eff_su2_r5_d6_b05__none,none,logitguard_continuous,49ac71e389f7c7ee906a,0,0,0,0.7995029091835022,0.2004970908164978
PETS_CREDIT_high_eff_su2_r5_d6_b05__none,none,logitguard_continuous,0a64aa2e5b95fcf231dd,0,1,0,0.8082590699195862,0.19174090027809143
PETS_CREDIT_high_eff_su2_r5_d6_b05__none,none,logitguard_continuous,89f73d583d37c6f94431,0,0,0,0.8159358501434326,0.18406416475772858
PETS_CREDIT_high_eff_su2_r5_d6_b05__none,none,logitguard_continuous,34c0e5ef4812a33d78b4,0,0,0,0.8076034784317017,0.19239650666713715
PETS_CREDIT_high_eff_su2_r5_d6_b05__none,none,logitguard_continuous,27a8bdb86da088cc0ec0,0,0,0,0.8084062933921814,0.1915936917066574
PETS_CREDIT_high_eff_su2_r5_d6_b05__none,none,logitguard_continuous,c11b3ed277f799abf829,0,0,0,0.7896540760993958,0.21034596860408783
PETS_CREDIT_high_eff_su2_r5_d6_b05__none,none,logitguard_continuous,53d98013cc132869d89f,0,1,0,0.7985759377479553,0.20142410695552826
PETS_CREDIT_high_eff_su2_r5_d6_b05__none,none,logitguard_continuous,35f39fb3290dd3876c4e,0,0,0,0.8083409070968628,0.191659078001976
PETS_CREDIT_high_eff_su2_r5_d6_b05__none,none,logitguard_continuous,add15bce63d585c10154,0,0,0,0.8034535050392151,0.1965464949607849
PETS_CREDIT_high_eff_su2_r5_d6_b05__none,none,logitguard_continuous,c0386f52ee8eb9782e96,0,0,0,0.8091340661048889,0.19086594879627228
PETS_CREDIT_high_eff_su2_r5_d6_b05__none,none,logitguard_continuous,201287d880b5985ef4a2,0,0,0,0.8001449704170227,0.1998550146818161
PETS_CREDIT_high_eff_su2_r5_d6_b05__none,none,logitguard_continuous,54c071ac06a40c97bb56,0,0,0,0.8101707100868225,0.18982931971549988
PETS_CREDIT_high_eff_su2_r5_d6_b05__none,none,logitguard_continuous,f8f44150ace4d5e110b6,0,1,0,0.7980226278305054,0.2019774168729782
PETS_CREDIT_high_eff_su2_r5_d6_b05__none,none,logitguard_continuous,15e0146e9b8967882d3c,0,1,0,0.798105001449585,0.20189502835273743
PETS_CREDIT_high_eff_su2_r5_d6_b05__none,none,logitguard_continuous,a670309c70dd483bd34e,0,0,0,0.810422420501709,0.18957756459712982
PETS_CREDIT_high_eff_su2_r5_d6_b05__none,none,logitguard_continuous,3cb6ff56ab7911392172,0,0,0,0.812679648399353,0.18732032179832458
PETS_CREDIT_high_eff_su2_r5_d6_b05__none,none,logitguard_continuous,4c3cfe1fe9e491bb9c0e,0,0,0,0.809166669845581,0.19083334505558014
PETS_CREDIT_high_eff_su2_r5_d6_b05__none,none,logitguard_quantized,b95d8aa7591c7887c05c,1,0,0,0.8084546327590942,0.19154536724090576
PETS_CREDIT_high_eff_su2_r5_d6_b05__none,none,logitguard_quantized,aaca4c9adb936209ae4f,1,0,0,0.7957597374916077,0.20424030721187592
PETS_CREDIT_high_eff_su2_r5_d6_b05__none,none,logitguard_quantized,f640cb068a6e0cafd8f7,1,0,0,0.8175745010375977,0.18242552876472473
PETS_CREDIT_high_eff_su2_r5_d6_b05__none,none,logitguard_quantized,bf5a9031a45524933e21,1,0,0,0.8115326762199402,0.188467338681221
PETS_CREDIT_high_eff_su2_r5_d6_b05__none,none,logitguard_quantized,6ea2a519a69c09016323,1,0,0,0.805338442325592,0.19466160237789154
PETS_CREDIT_high_eff_su2_r5_d6_b05__none,none,logitguard_quantized,092efc45ab978715a8fa,1,1,0,0.8021839261054993,0.1978161334991455
PETS_CREDIT_high_eff_su2_r5_d6_b05__none,none,logitguard_quantized,e0b33cacbadcac9f3d26,1,0,0,0.8145726323127747,0.18542742729187012
PETS_CREDIT_high_eff_su2_r5_d6_b05__none,none,logitguard_quantized,69ef03b5c6f4f7ecef33,1,1,0,0.805338442325592,0.19466160237789154
PETS_CREDIT_high_eff_su2_r5_d6_b05__none,none,logitguard_quantized,4aa64c627cb9b82d7f42,1,1,1,0.19154536724090576,0.8084546327590942
PETS_CREDIT_high_eff_su2_r5_d6_b05__none,none,logitguard_quantized,0772d1e68bccea98e68f,1,0,0,0.805338442325592,0.19466160237789154
PETS_CREDIT_high_eff_su2_r5_d6_b05__none,none,logitguard_quantized,85bbf6f61dd23b95b6e7,1,0,0,0.7957597374916077,0.20424030721187592
PETS_CREDIT_high_eff_su2_r5_d6_b05__none,none,logitguard_quantized,1c7eb9e50fc08e5f8cf0,1,0,0,0.8021839261054993,0.1978161334991455
PETS_CREDIT_high_eff_su2_r5_d6_b05__none,none,logitguard_quantized,c91e3b5a028c06ad1f92,1,0,0,0.8263533711433411,0.17364664375782013
PETS_CREDIT_high_eff_su2_r5_d6_b05__none,none,logitguard_quantized,d606f1831b9734bb90e1,1,0,0,0.7989909648895264,0.20100900530815125
PETS_CREDIT_high_eff_su2_r5_d6_b05__none,none,logitguard_quantized,5b7629cbd1fb6e879520,1,0,0,0.8084546327590942,0.19154536724090576
PETS_CREDIT_high_eff_su2_r5_d6_b05__none,none,logitguard_quantized,00405a37dd709b2d51a8,1,1,0,0.8084546327590942,0.19154536724090576
PETS_CREDIT_high_eff_su2_r5_d6_b05__none,none,logitguard_quantized,434123980ae7f6c38b02,1,0,0,0.8115326762199402,0.188467338681221
PETS_CREDIT_high_eff_su2_r5_d6_b05__none,none,logitguard_quantized,07d4d260e30d7cf5b71f,1,0,0,0.7957597374916077,0.20424030721187592
PETS_CREDIT_high_eff_su2_r5_d6_b05__none,none,logitguard_quantized,d2c3d34fb102babfa194,1,0,0,0.9758729934692383,0.02412702701985836
PETS_CREDIT_high_eff_su2_r5_d6_b05__none,none,logitguard_quantized,ab97fae957e08270ffce,1,1,0,0.8021839261054993,0.1978161334991455
PETS_CREDIT_high_eff_su2_r5_d6_b05__none,none,logitguard_quantized,a5628044ec0880a52490,1,0,0,0.8021839261054993,0.1978161334991455
PETS_CREDIT_high_eff_su2_r5_d6_b05__none,none,logitguard_quantized,4df4658f2eb41564da87,1,0,0,0.7957597374916077,0.20424030721187592
PETS_CREDIT_high_eff_su2_r5_d6_b05__none,none,logitguard_quantized,c4b2c9357254e51af6a9,1,0,0,0.805338442325592,0.19466160237789154
PETS_CREDIT_high_eff_su2_r5_d6_b05__none,none,logitguard_quantized,dba69027df0122535f19,1,0,0,0.8021839261054993,0.1978161334991455
PETS_CREDIT_high_eff_su2_r5_d6_b05__none,none,logitguard_quantized,e07f107ec2deef516f4f,1,0,0,0.7720635533332825,0.22793644666671753
PETS_CREDIT_high_eff_su2_r5_d6_b05__none,none,logitguard_quantized,49b15e9ec4784be42cd2,1,0,0,0.8115326762199402,0.188467338681221
PETS_CREDIT_high_eff_su2_r5_d6_b05__none,none,logitguard_quantized,08a6c27fcb32f81ff375,1,0,0,0.8205385208129883,0.1794615387916565
PETS_CREDIT_high_eff_su2_r5_d6_b05__none,none,logitguard_quantized,c536d8f2ff559c7756e7,1,0,0,0.805338442325592,0.19466160237789154
PETS_CREDIT_high_eff_su2_r5_d6_b05__none,none,logitguard_quantized,0ec364cc4624f409f87e,1,0,0,0.8084546327590942,0.19154536724090576
PETS_CREDIT_high_eff_su2_r5_d6_b05__none,none,logitguard_quantized,46dbe6ca2f4531385a05,1,0,0,0.8021839261054993,0.1978161334991455
PETS_CREDIT_high_eff_su2_r5_d6_b05__none,none,logitguard_quantized,c75c31af2389cc3a594f,1,0,0,0.8021839261054993,0.1978161334991455
PETS_CREDIT_high_eff_su2_r5_d6_b05__none,none,logitguard_quantized,fb40711278aca2b43c69,1,0,0,0.8021839261054993,0.1978161334991455
PETS_CREDIT_high_eff_su2_r5_d6_b05__none,none,logitguard_quantized,d9170d275d5e05922e82,1,1,0,0.7790261507034302,0.2209739089012146
PETS_CREDIT_high_eff_su2_r5_d6_b05__none,none,logitguard_quantized,2c3058336909d855b1f0,1,0,0,0.8145726323127747,0.18542742729187012
PETS_CREDIT_high_eff_su2_r5_d6_b05__none,none,logitguard_quantized,df16a30c67111933fccc,1,1,0,0.805338442325592,0.19466160237789154
PETS_CREDIT_high_eff_su2_r5_d6_b05__none,none,logitguard_quantized,70d271c728323ea28d90,1,0,0,0.7824497818946838,0.21755023300647736
PETS_CREDIT_high_eff_su2_r5_d6_b05__none,none,logitguard_quantized,e76cce60bc3507d0d7b2,1,0,0,0.7957597374916077,0.20424030721187592
PETS_CREDIT_high_eff_su2_r5_d6_b05__none,none,logitguard_quantized,5cb75d859aa2d3df94b0,1,0,0,0.7989909648895264,0.20100900530815125
PETS_CREDIT_high_eff_su2_r5_d6_b05__none,none,logitguard_quantized,26b6a5da65cdaeb8e184,1,1,1,0.2108183056116104,0.7891817092895508
PETS_CREDIT_high_eff_su2_r5_d6_b05__none,none,logitguard_quantized,f073d35785cf76f1409c,1,0,0,0.8084546327590942,0.19154536724090576
PETS_CREDIT_high_eff_su2_r5_d6_b05__none,none,logitguard_quantized,7311863aa70952806ffc,1,0,0,0.805338442325592,0.19466160237789154
PETS_CREDIT_high_eff_su2_r5_d6_b05__none,none,logitguard_quantized,073dbbd888ef767c75de,1,1,0,0.805338442325592,0.19466160237789154
PETS_CREDIT_high_eff_su2_r5_d6_b05__none,none,logitguard_quantized,58cb80b3d0535cb4343a,1,0,0,0.8084546327590942,0.19154536724090576
PETS_CREDIT_high_eff_su2_r5_d6_b05__none,none,logitguard_quantized,4b85b1f42c0154e0d47c,1,0,0,0.8084546327590942,0.19154536724090576
PETS_CREDIT_high_eff_su2_r5_d6_b05__none,none,logitguard_quantized,9eb158e3cbe5bc901e26,1,0,1,0.2108183056116104,0.7891817092895508
PETS_CREDIT_high_eff_su2_r5_d6_b05__none,none,logitguard_quantized,877b93e6aa8797d2cd0b,1,0,0,0.8021839261054993,0.1978161334991455
PETS_CREDIT_high_eff_su2_r5_d6_b05__none,none,logitguard_quantized,988a4b4dcb53bafffb01,1,0,0,0.7755640149116516,0.2244359850883484
PETS_CREDIT_high_eff_su2_r5_d6_b05__none,none,logitguard_quantized,d75c3e52dbcaf5a5ec2a,1,0,0,0.7989909648895264,0.20100900530815125
PETS_CREDIT_high_eff_su2_r5_d6_b05__none,none,logitguard_quantized,01743ddf295d8f6b5a46,1,1,1,0.21755023300647736,0.7824497818946838
PETS_CREDIT_high_eff_su2_r5_d6_b05__none,none,logitguard_quantized,39f8154e08ad72170108,1,0,0,0.7957597374916077,0.20424030721187592
PETS_CREDIT_high_eff_su2_r5_d6_b05__none,none,logitguard_quantized,1dd9f8371cdcaa1758b3,1,0,0,0.8115326762199402,0.188467338681221
PETS_CREDIT_high_eff_su2_r5_d6_b05__none,none,logitguard_quantized,ae429a6a1d645aacb94e,1,0,0,0.7891817092895508,0.2108183056116104
PETS_CREDIT_high_eff_su2_r5_d6_b05__none,none,logitguard_quantized,b91b8614dbf7826436cf,1,0,0,0.8175745010375977,0.18242552876472473
PETS_CREDIT_high_eff_su2_r5_d6_b05__none,none,logitguard_quantized,4def6ca8e27be84aeb54,1,0,0,0.7858350276947021,0.21416503190994263
PETS_CREDIT_high_eff_su2_r5_d6_b05__none,none,logitguard_quantized,8d5ec20ca179ede5da84,1,1,1,0.19154536724090576,0.8084546327590942
PETS_CREDIT_high_eff_su2_r5_d6_b05__none,none,logitguard_quantized,7ce1135db7560daf7e70,1,1,0,0.7957597374916077,0.20424030721187592
PETS_CREDIT_high_eff_su2_r5_d6_b05__none,none,logitguard_quantized,8120fa8a41158dba642d,1,0,0,0.8084546327590942,0.19154536724090576
PETS_CREDIT_high_eff_su2_r5_d6_b05__none,none,logitguard_quantized,2f5a23022990244c47e8,1,1,0,0.8021839261054993,0.1978161334991455
PETS_CREDIT_high_eff_su2_r5_d6_b05__none,none,logitguard_quantized,1819fe5c399a17316fee,1,0,0,0.7989909648895264,0.20100900530815125
PETS_CREDIT_high_eff_su2_r5_d6_b05__none,none,logitguard_quantized,70e46e61db439dd8e308,1,0,0,0.8205385208129883,0.1794615387916565
PETS_CREDIT_high_eff_su2_r5_d6_b05__none,none,logitguard_quantized,66fa33821884d4568b02,1,1,0,0.805338442325592,0.19466160237789154
PETS_CREDIT_high_eff_su2_r5_d6_b05__none,none,logitguard_quantized,cbd912351cdbc83a9184,1,1,0,0.7924899458885193,0.2075100541114807
PETS_CREDIT_high_eff_su2_r5_d6_b05__none,none,logitguard_quantized,f3ca91dd8e5aba8d83d9,1,0,0,0.7989909648895264,0.20100900530815125
PETS_CREDIT_high_eff_su2_r5_d6_b05__none,none,logitguard_quantized,6992a9babb7ae6302cb5,1,0,0,0.8145726323127747,0.18542742729187012
PETS_CREDIT_high_eff_su2_r5_d6_b05__none,none,logitguard_quantized,bf465d63c434358f77e4,1,0,0,0.8021839261054993,0.1978161334991455
PETS_CREDIT_high_eff_su2_r5_d6_b05__none,none,logitguard_quantized,6a75db22a6087741eef2,1,0,0,0.8021839261054993,0.1978161334991455
PETS_CREDIT_high_eff_su2_r5_d6_b05__none,none,logitguard_quantized,973b363916938dbaaf31,1,0,1,0.2108183056116104,0.7891817092895508
PETS_CREDIT_high_eff_su2_r5_d6_b05__none,none,logitguard_quantized,072f10d00d9156aab9f2,1,0,0,0.8084546327590942,0.19154536724090576
PETS_CREDIT_high_eff_su2_r5_d6_b05__none,none,logitguard_quantized,0acc109e58c1c7823ce7,1,0,0,0.7989909648895264,0.20100900530815125
PETS_CREDIT_high_eff_su2_r5_d6_b05__none,none,logitguard_quantized,6c0e663b6848864dc914,1,1,0,0.805338442325592,0.19466160237789154
PETS_CREDIT_high_eff_su2_r5_d6_b05__none,none,logitguard_quantized,78edbc6916b12b570866,1,0,0,0.7989909648895264,0.20100900530815125
PETS_CREDIT_high_eff_su2_r5_d6_b05__none,none,logitguard_quantized,5688d9df8bbfc61d89e9,1,0,0,0.8021839261054993,0.1978161334991455
PETS_CREDIT_high_eff_su2_r5_d6_b05__none,none,logitguard_quantized,e030c0aa4ae0f1011f2f,1,0,0,0.8263533711433411,0.17364664375782013
PETS_CREDIT_high_eff_su2_r5_d6_b05__none,none,logitguard_quantized,25282b20e9c64236ec4d,1,0,0,0.805338442325592,0.19466160237789154
PETS_CREDIT_high_eff_su2_r5_d6_b05__none,none,logitguard_quantized,14ee67db08b82edf07a3,1,0,0,0.8175745010375977,0.18242552876472473
PETS_CREDIT_high_eff_su2_r5_d6_b05__none,none,logitguard_quantized,d46f8b9f4d57f90db615,1,0,0,0.7924899458885193,0.2075100541114807
PETS_CREDIT_high_eff_su2_r5_d6_b05__none,none,logitguard_quantized,83a947285ea3ca8494da,1,0,0,0.8084546327590942,0.19154536724090576
PETS_CREDIT_high_eff_su2_r5_d6_b05__none,none,logitguard_quantized,4dde24d981dd8981f71f,1,0,0,0.8115326762199402,0.188467338681221
PETS_CREDIT_high_eff_su2_r5_d6_b05__none,none,logitguard_quantized,5e48c11768cb070aefe6,1,1,0,0.8021839261054993,0.1978161334991455
PETS_CREDIT_high_eff_su2_r5_d6_b05__none,none,logitguard_quantized,6f47824d3363865de61a,1,0,0,0.805338442325592,0.19466160237789154
PETS_CREDIT_high_eff_su2_r5_d6_b05__none,none,logitguard_quantized,f332cc500c7a62b19024,1,1,1,0.2075100541114807,0.7924899458885193
PETS_CREDIT_high_eff_su2_r5_d6_b05__none,none,logitguard_quantized,192395141a760795b97a,1,0,0,0.8021839261054993,0.1978161334991455
PETS_CREDIT_high_eff_su2_r5_d6_b05__none,none,logitguard_quantized,9fc5fbe55717fe6862a4,1,0,0,0.7957597374916077,0.20424030721187592
PETS_CREDIT_high_eff_su2_r5_d6_b05__none,none,logitguard_quantized,8fe0ac3103b5acc00cdc,1,0,0,0.8145726323127747,0.18542742729187012
PETS_CREDIT_high_eff_su2_r5_d6_b05__none,none,logitguard_quantized,2a9dbe944756407f3c68,1,1,0,0.7924899458885193,0.2075100541114807
PETS_CREDIT_high_eff_su2_r5_d6_b05__none,none,logitguard_quantized,5f9c02f5ec03a28e4f53,1,0,0,0.8115326762199402,0.188467338681221
PETS_CREDIT_high_eff_su2_r5_d6_b05__none,none,logitguard_quantized,b84ff32b3c14263b0dd5,1,0,0,0.805338442325592,0.19466160237789154
PETS_CREDIT_high_eff_su2_r5_d6_b05__none,none,logitguard_quantized,7be2869c238aa35d440a,1,0,0,0.8175745010375977,0.18242552876472473
PETS_CREDIT_high_eff_su2_r5_d6_b05__none,none,logitguard_quantized,11ccb38ba9653d61e950,1,0,0,0.805338442325592,0.19466160237789154
PETS_CREDIT_high_eff_su2_r5_d6_b05__none,none,logitguard_quantized,619b46d6086e6aad3d84,1,1,0,0.7957597374916077,0.20424030721187592
PETS_CREDIT_high_eff_su2_r5_d6_b05__none,none,logitguard_quantized,526cee77dcfea7ee8138,1,0,0,0.805338442325592,0.19466160237789154
PETS_CREDIT_high_eff_su2_r5_d6_b05__none,none,logitguard_quantized,a1b01a469dc7802f51d3,1,0,0,0.805338442325592,0.19466160237789154
PETS_CREDIT_high_eff_su2_r5_d6_b05__none,none,logitguard_quantized,5383d08662564ec7ab0d,1,0,0,0.8205385208129883,0.1794615387916565
PETS_CREDIT_high_eff_su2_r5_d6_b05__none,none,logitguard_quantized,006df97946d214e0111f,1,0,0,0.805338442325592,0.19466160237789154
PETS_CREDIT_high_eff_su2_r5_d6_b05__none,none,logitguard_quantized,a55e4e1cd3465563efc4,1,0,0,0.805338442325592,0.19466160237789154
PETS_CREDIT_high_eff_su2_r5_d6_b05__none,none,logitguard_quantized,24e13410bd96d58bb8a8,1,1,0,0.7989909648895264,0.20100900530815125
PETS_CREDIT_high_eff_su2_r5_d6_b05__none,none,logitguard_quantized,4cfea97c73e6dbfbc698,1,1,1,0.21416503190994263,0.7858350276947021
PETS_CREDIT_high_eff_su2_r5_d6_b05__none,none,logitguard_quantized,bd6c7e8fd4e7879e23df,1,0,0,0.8084546327590942,0.19154536724090576
PETS_CREDIT_high_eff_su2_r5_d6_b05__none,none,logitguard_quantized,ab00e756b29c98fd6674,1,0,1,0.2108183056116104,0.7891817092895508
PETS_CREDIT_high_eff_su2_r5_d6_b05__none,none,logitguard_quantized,d1d396dc69ac0aeade66,1,0,0,0.805338442325592,0.19466160237789154
PETS_CREDIT_high_eff_su2_r5_d6_b05__none,none,logitguard_quantized,47955bec8c8c8b0d6ecd,0,0,1,0.2108183056116104,0.7891817092895508
PETS_CREDIT_high_eff_su2_r5_d6_b05__none,none,logitguard_quantized,4870b03a707763215d98,0,0,0,0.7957597374916077,0.20424030721187592
PETS_CREDIT_high_eff_su2_r5_d6_b05__none,none,logitguard_quantized,973b033623e52ecc534b,0,0,0,0.8021839261054993,0.1978161334991455
PETS_CREDIT_high_eff_su2_r5_d6_b05__none,none,logitguard_quantized,4a7e26fbb5313c542529,0,0,0,0.8115326762199402,0.188467338681221
PETS_CREDIT_high_eff_su2_r5_d6_b05__none,none,logitguard_quantized,e0fbea9eec804256c1cb,0,0,0,0.8021839261054993,0.1978161334991455
PETS_CREDIT_high_eff_su2_r5_d6_b05__none,none,logitguard_quantized,e1a1ee7cf7bc7087e5f2,0,1,0,0.8145726323127747,0.18542742729187012
PETS_CREDIT_high_eff_su2_r5_d6_b05__none,none,logitguard_quantized,eba21bceeb2ef13343ed,0,0,0,0.805338442325592,0.19466160237789154
PETS_CREDIT_high_eff_su2_r5_d6_b05__none,none,logitguard_quantized,636ac12d78460625de40,0,1,1,0.18542742729187012,0.8145726323127747
PETS_CREDIT_high_eff_su2_r5_d6_b05__none,none,logitguard_quantized,937e67166f6df199553e,0,1,0,0.8145726323127747,0.18542742729187012
PETS_CREDIT_high_eff_su2_r5_d6_b05__none,none,logitguard_quantized,f6e997c880eee2e368a1,0,0,0,0.7957597374916077,0.20424030721187592
PETS_CREDIT_high_eff_su2_r5_d6_b05__none,none,logitguard_quantized,236eaf6e697017b75006,0,0,0,0.805338442325592,0.19466160237789154
PETS_CREDIT_high_eff_su2_r5_d6_b05__none,none,logitguard_quantized,ae625b0f03d9312f7a56,0,0,0,0.805338442325592,0.19466160237789154
PETS_CREDIT_high_eff_su2_r5_d6_b05__none,none,logitguard_quantized,46a774fc49ba1bf8ef50,0,0,0,0.7858350276947021,0.21416503190994263
PETS_CREDIT_high_eff_su2_r5_d6_b05__none,none,logitguard_quantized,8bb5ffd15a60cfa78147,0,0,0,0.8084546327590942,0.19154536724090576
PETS_CREDIT_high_eff_su2_r5_d6_b05__none,none,logitguard_quantized,d89024b6830b15f365f2,0,0,0,0.8115326762199402,0.188467338681221
PETS_CREDIT_high_eff_su2_r5_d6_b05__none,none,logitguard_quantized,21bbec3cf4631e34985a,0,1,0,0.805338442325592,0.19466160237789154
PETS_CREDIT_high_eff_su2_r5_d6_b05__none,none,logitguard_quantized,0640a9b8fe04a4c66235,0,0,0,0.7824497818946838,0.21755023300647736
PETS_CREDIT_high_eff_su2_r5_d6_b05__none,none,logitguard_quantized,d84827a745d8252e9fdb,0,0,0,0.8021839261054993,0.1978161334991455
PETS_CREDIT_high_eff_su2_r5_d6_b05__none,none,logitguard_quantized,bf631b93f55e0e82f795,0,0,0,0.7891817092895508,0.2108183056116104
PETS_CREDIT_high_eff_su2_r5_d6_b05__none,none,logitguard_quantized,ae877d0841e52284f9ab,0,1,0,0.805338442325592,0.19466160237789154
PETS_CREDIT_high_eff_su2_r5_d6_b05__none,none,logitguard_quantized,bb7f875f1115ea715160,0,0,0,0.8115326762199402,0.188467338681221
PETS_CREDIT_high_eff_su2_r5_d6_b05__none,none,logitguard_quantized,7ac291fce946af57066d,0,0,0,0.7989909648895264,0.20100900530815125
PETS_CREDIT_high_eff_su2_r5_d6_b05__none,none,logitguard_quantized,b4a42897a34004c35deb,0,0,0,0.8021839261054993,0.1978161334991455
PETS_CREDIT_high_eff_su2_r5_d6_b05__none,none,logitguard_quantized,8dcf26c9f074a4b5de0e,0,0,0,0.8084546327590942,0.19154536724090576
PETS_CREDIT_high_eff_su2_r5_d6_b05__none,none,logitguard_quantized,6732cf9cccc2b370e663,0,0,0,0.805338442325592,0.19466160237789154
PETS_CREDIT_high_eff_su2_r5_d6_b05__none,none,logitguard_quantized,803f6dc8a9f94d6165d6,0,0,0,0.8084546327590942,0.19154536724090576
PETS_CREDIT_high_eff_su2_r5_d6_b05__none,none,logitguard_quantized,bbf9af27413caa9a409b,0,0,0,0.9657758474349976,0.03422416374087334
PETS_CREDIT_high_eff_su2_r5_d6_b05__none,none,logitguard_quantized,5c7d8f33e88909bece76,0,0,0,0.7957597374916077,0.20424030721187592
PETS_CREDIT_high_eff_su2_r5_d6_b05__none,none,logitguard_quantized,91005bada1d0884a288c,0,0,0,0.7957597374916077,0.20424030721187592
PETS_CREDIT_high_eff_su2_r5_d6_b05__none,none,logitguard_quantized,83de8120182780af5f0a,0,0,0,0.8021839261054993,0.1978161334991455
PETS_CREDIT_high_eff_su2_r5_d6_b05__none,none,logitguard_quantized,da621ab9085bc819936a,0,0,0,0.8084546327590942,0.19154536724090576
PETS_CREDIT_high_eff_su2_r5_d6_b05__none,none,logitguard_quantized,d186b88534c1a687d1fd,0,0,0,0.9600746631622314,0.03992534056305885
PETS_CREDIT_high_eff_su2_r5_d6_b05__none,none,logitguard_quantized,d1cde013445a8f9f3504,0,1,0,0.7989909648895264,0.20100900530815125
PETS_CREDIT_high_eff_su2_r5_d6_b05__none,none,logitguard_quantized,53e30cae631c15e8b1d5,0,0,0,0.805338442325592,0.19466160237789154
PETS_CREDIT_high_eff_su2_r5_d6_b05__none,none,logitguard_quantized,a689473198564f121a85,0,1,0,0.7957597374916077,0.20424030721187592
PETS_CREDIT_high_eff_su2_r5_d6_b05__none,none,logitguard_quantized,c10dfecdb29ac7d481e4,0,0,0,0.8175745010375977,0.18242552876472473
PETS_CREDIT_high_eff_su2_r5_d6_b05__none,none,logitguard_quantized,43ee1b0713731f54ca85,0,0,0,0.7858350276947021,0.21416503190994263
PETS_CREDIT_high_eff_su2_r5_d6_b05__none,none,logitguard_quantized,569a1dec78d4c5cb931c,0,0,0,0.8084546327590942,0.19154536724090576
PETS_CREDIT_high_eff_su2_r5_d6_b05__none,none,logitguard_quantized,3692ecea3b8cc152ac74,0,1,0,0.8084546327590942,0.19154536724090576
PETS_CREDIT_high_eff_su2_r5_d6_b05__none,none,logitguard_quantized,b491e0865758acb4579a,0,0,0,0.8084546327590942,0.19154536724090576
PETS_CREDIT_high_eff_su2_r5_d6_b05__none,none,logitguard_quantized,e0ac38996eb0bdc23a98,0,0,1,0.1978161334991455,0.8021839261054993
PETS_CREDIT_high_eff_su2_r5_d6_b05__none,none,logitguard_quantized,d5989943e0fb0da2a065,0,1,0,0.8021839261054993,0.1978161334991455
PETS_CREDIT_high_eff_su2_r5_d6_b05__none,none,logitguard_quantized,27c6f10b367e05043c90,0,0,0,0.8175745010375977,0.18242552876472473
PETS_CREDIT_high_eff_su2_r5_d6_b05__none,none,logitguard_quantized,551fc490ff090636fc6c,0,0,0,0.7989909648895264,0.20100900530815125
PETS_CREDIT_high_eff_su2_r5_d6_b05__none,none,logitguard_quantized,414e7f5b15c171415829,0,0,0,0.8084546327590942,0.19154536724090576
PETS_CREDIT_high_eff_su2_r5_d6_b05__none,none,logitguard_quantized,11507b01792898120b8e,0,0,0,0.8021839261054993,0.1978161334991455
PETS_CREDIT_high_eff_su2_r5_d6_b05__none,none,logitguard_quantized,d219a9acadf7d11fea78,0,0,0,0.8145726323127747,0.18542742729187012
PETS_CREDIT_high_eff_su2_r5_d6_b05__none,none,logitguard_quantized,18057cb4cbc93a14717b,0,0,0,0.805338442325592,0.19466160237789154
PETS_CREDIT_high_eff_su2_r5_d6_b05__none,none,logitguard_quantized,56a32270ddad65bb2116,0,1,0,0.7989909648895264,0.20100900530815125
PETS_CREDIT_high_eff_su2_r5_d6_b05__none,none,logitguard_quantized,fb9ae5bbd7f4003062af,0,0,0,0.7824497818946838,0.21755023300647736
PETS_CREDIT_high_eff_su2_r5_d6_b05__none,none,logitguard_quantized,4a745272a6e280333278,0,0,0,0.805338442325592,0.19466160237789154
PETS_CREDIT_high_eff_su2_r5_d6_b05__none,none,logitguard_quantized,2cc5d410506194a74986,0,0,0,0.8115326762199402,0.188467338681221
PETS_CREDIT_high_eff_su2_r5_d6_b05__none,none,logitguard_quantized,afbdd16def46495289d4,0,0,0,0.8084546327590942,0.19154536724090576
PETS_CREDIT_high_eff_su2_r5_d6_b05__none,none,logitguard_quantized,8438c71f237ca7ba0184,0,0,0,0.8263533711433411,0.17364664375782013
PETS_CREDIT_high_eff_su2_r5_d6_b05__none,none,logitguard_quantized,cf06e4f28d94416e4731,0,1,0,0.7891817092895508,0.2108183056116104
PETS_CREDIT_high_eff_su2_r5_d6_b05__none,none,logitguard_quantized,30264bd9cc543cb1bc1b,0,1,0,0.8115326762199402,0.188467338681221
PETS_CREDIT_high_eff_su2_r5_d6_b05__none,none,logitguard_quantized,330ffbdc46d820844534,0,0,0,0.805338442325592,0.19466160237789154
PETS_CREDIT_high_eff_su2_r5_d6_b05__none,none,logitguard_quantized,c3a93d319be966c47e7e,0,1,0,0.7891817092895508,0.2108183056116104
PETS_CREDIT_high_eff_su2_r5_d6_b05__none,none,logitguard_quantized,f54953944639c1b8b976,0,0,0,0.8021839261054993,0.1978161334991455
PETS_CREDIT_high_eff_su2_r5_d6_b05__none,none,logitguard_quantized,dbf3024efa8e9fda1d7b,0,0,0,0.7924899458885193,0.2075100541114807
PETS_CREDIT_high_eff_su2_r5_d6_b05__none,none,logitguard_quantized,d927aacafee2577fc652,0,1,0,0.7755640149116516,0.2244359850883484
PETS_CREDIT_high_eff_su2_r5_d6_b05__none,none,logitguard_quantized,96d7b0e605b9b663903a,0,1,1,0.2075100541114807,0.7924899458885193
PETS_CREDIT_high_eff_su2_r5_d6_b05__none,none,logitguard_quantized,70a27e98ce00d39e949a,0,0,0,0.7989909648895264,0.20100900530815125
PETS_CREDIT_high_eff_su2_r5_d6_b05__none,none,logitguard_quantized,12f413792494f36fcea9,0,0,0,0.8115326762199402,0.188467338681221
PETS_CREDIT_high_eff_su2_r5_d6_b05__none,none,logitguard_quantized,6877216a639061dee96a,0,0,0,0.805338442325592,0.19466160237789154
PETS_CREDIT_high_eff_su2_r5_d6_b05__none,none,logitguard_quantized,e034c7956deeea8c9ddc,0,0,0,0.7989909648895264,0.20100900530815125
PETS_CREDIT_high_eff_su2_r5_d6_b05__none,none,logitguard_quantized,15c3301e2604322dfc7b,0,0,1,0.188467338681221,0.8115326762199402
PETS_CREDIT_high_eff_su2_r5_d6_b05__none,none,logitguard_quantized,c684bddcfbca03359777,0,0,0,0.8084546327590942,0.19154536724090576
PETS_CREDIT_high_eff_su2_r5_d6_b05__none,none,logitguard_quantized,8226b41e21b5ecf3c52e,0,0,0,0.8115326762199402,0.188467338681221
PETS_CREDIT_high_eff_su2_r5_d6_b05__none,none,logitguard_quantized,ada868403e0aacd584e1,0,1,0,0.7989909648895264,0.20100900530815125
PETS_CREDIT_high_eff_su2_r5_d6_b05__none,none,logitguard_quantized,3ee271bb0627b25426f5,0,0,0,0.8021839261054993,0.1978161334991455
PETS_CREDIT_high_eff_su2_r5_d6_b05__none,none,logitguard_quantized,a36d92b052080609dee1,0,0,0,0.8021839261054993,0.1978161334991455
PETS_CREDIT_high_eff_su2_r5_d6_b05__none,none,logitguard_quantized,5c479147049976461a13,0,0,0,0.805338442325592,0.19466160237789154
PETS_CREDIT_high_eff_su2_r5_d6_b05__none,none,logitguard_quantized,9f0ccb4eb0a2a0319524,0,0,0,0.805338442325592,0.19466160237789154
PETS_CREDIT_high_eff_su2_r5_d6_b05__none,none,logitguard_quantized,c98e7a188d21f2d4c7c5,0,0,0,0.8084546327590942,0.19154536724090576
PETS_CREDIT_high_eff_su2_r5_d6_b05__none,none,logitguard_quantized,5b2db4db5a42bc1bb4a0,0,0,1,0.20424030721187592,0.7957597374916077
PETS_CREDIT_high_eff_su2_r5_d6_b05__none,none,logitguard_quantized,1858881e224796b84682,0,0,1,0.2075100541114807,0.7924899458885193
PETS_CREDIT_high_eff_su2_r5_d6_b05__none,none,logitguard_quantized,4f0ddef9065568908648,0,0,0,0.7989909648895264,0.20100900530815125
PETS_CREDIT_high_eff_su2_r5_d6_b05__none,none,logitguard_quantized,183550075bfd51b6e0e9,0,1,0,0.7858350276947021,0.21416503190994263
PETS_CREDIT_high_eff_su2_r5_d6_b05__none,none,logitguard_quantized,316a77ab3de3e27ff918,0,0,0,0.8021839261054993,0.1978161334991455
PETS_CREDIT_high_eff_su2_r5_d6_b05__none,none,logitguard_quantized,97d45a0366e6e1aa81c9,0,1,0,0.7924899458885193,0.2075100541114807
PETS_CREDIT_high_eff_su2_r5_d6_b05__none,none,logitguard_quantized,0bdd92075dfdd7271ec4,0,0,0,0.8021839261054993,0.1978161334991455
PETS_CREDIT_high_eff_su2_r5_d6_b05__none,none,logitguard_quantized,3610e0e36736e57a4ac1,0,0,0,0.8115326762199402,0.188467338681221
PETS_CREDIT_high_eff_su2_r5_d6_b05__none,none,logitguard_quantized,49ac71e389f7c7ee906a,0,0,0,0.7989909648895264,0.20100900530815125
PETS_CREDIT_high_eff_su2_r5_d6_b05__none,none,logitguard_quantized,0a64aa2e5b95fcf231dd,0,1,0,0.8084546327590942,0.19154536724090576
PETS_CREDIT_high_eff_su2_r5_d6_b05__none,none,logitguard_quantized,89f73d583d37c6f94431,0,0,0,0.8145726323127747,0.18542742729187012
PETS_CREDIT_high_eff_su2_r5_d6_b05__none,none,logitguard_quantized,34c0e5ef4812a33d78b4,0,0,0,0.8084546327590942,0.19154536724090576
PETS_CREDIT_high_eff_su2_r5_d6_b05__none,none,logitguard_quantized,27a8bdb86da088cc0ec0,0,0,0,0.8084546327590942,0.19154536724090576
PETS_CREDIT_high_eff_su2_r5_d6_b05__none,none,logitguard_quantized,c11b3ed277f799abf829,0,0,0,0.7891817092895508,0.2108183056116104
PETS_CREDIT_high_eff_su2_r5_d6_b05__none,none,logitguard_quantized,53d98013cc132869d89f,0,1,0,0.7989909648895264,0.20100900530815125
PETS_CREDIT_high_eff_su2_r5_d6_b05__none,none,logitguard_quantized,35f39fb3290dd3876c4e,0,0,0,0.8084546327590942,0.19154536724090576
PETS_CREDIT_high_eff_su2_r5_d6_b05__none,none,logitguard_quantized,add15bce63d585c10154,0,0,0,0.8021839261054993,0.1978161334991455
PETS_CREDIT_high_eff_su2_r5_d6_b05__none,none,logitguard_quantized,c0386f52ee8eb9782e96,0,0,0,0.8084546327590942,0.19154536724090576
PETS_CREDIT_high_eff_su2_r5_d6_b05__none,none,logitguard_quantized,201287d880b5985ef4a2,0,0,0,0.7989909648895264,0.20100900530815125
PETS_CREDIT_high_eff_su2_r5_d6_b05__none,none,logitguard_quantized,54c071ac06a40c97bb56,0,0,0,0.8115326762199402,0.188467338681221
PETS_CREDIT_high_eff_su2_r5_d6_b05__none,none,logitguard_quantized,f8f44150ace4d5e110b6,0,1,0,0.7989909648895264,0.20100900530815125
PETS_CREDIT_high_eff_su2_r5_d6_b05__none,none,logitguard_quantized,15e0146e9b8967882d3c,0,1,0,0.7989909648895264,0.20100900530815125
PETS_CREDIT_high_eff_su2_r5_d6_b05__none,none,logitguard_quantized,a670309c70dd483bd34e,0,0,0,0.8115326762199402,0.188467338681221
PETS_CREDIT_high_eff_su2_r5_d6_b05__none,none,logitguard_quantized,3cb6ff56ab7911392172,0,0,0,0.8115326762199402,0.188467338681221
PETS_CREDIT_high_eff_su2_r5_d6_b05__none,none,logitguard_quantized,4c3cfe1fe9e491bb9c0e,0,0,0,0.8084546327590942,0.19154536724090576
PETS_CREDIT_high_eff_su2_r5_d6_b05__none,none,measurementguard_continuous,b95d8aa7591c7887c05c,1,0,0,0.8319879174232483,0.16801206767559052
PETS_CREDIT_high_eff_su2_r5_d6_b05__none,none,measurementguard_continuous,aaca4c9adb936209ae4f,1,0,0,0.8276211619377136,0.17237886786460876
PETS_CREDIT_high_eff_su2_r5_d6_b05__none,none,measurementguard_continuous,f640cb068a6e0cafd8f7,1,0,0,0.8483266234397888,0.15167336165905
PETS_CREDIT_high_eff_su2_r5_d6_b05__none,none,measurementguard_continuous,bf5a9031a45524933e21,1,0,0,0.7436060905456543,0.2563939392566681
PETS_CREDIT_high_eff_su2_r5_d6_b05__none,none,measurementguard_continuous,6ea2a519a69c09016323,1,0,0,0.8241252899169922,0.17587469518184662
PETS_CREDIT_high_eff_su2_r5_d6_b05__none,none,measurementguard_continuous,092efc45ab978715a8fa,1,1,0,0.8537802696228027,0.14621977508068085
PETS_CREDIT_high_eff_su2_r5_d6_b05__none,none,measurementguard_continuous,e0b33cacbadcac9f3d26,1,0,0,0.8582173585891724,0.14178262650966644
PETS_CREDIT_high_eff_su2_r5_d6_b05__none,none,measurementguard_continuous,69ef03b5c6f4f7ecef33,1,1,0,0.7535671591758728,0.246432825922966
PETS_CREDIT_high_eff_su2_r5_d6_b05__none,none,measurementguard_continuous,4aa64c627cb9b82d7f42,1,1,1,0.20212644338607788,0.7978735566139221
PETS_CREDIT_high_eff_su2_r5_d6_b05__none,none,measurementguard_continuous,0772d1e68bccea98e68f,1,0,0,0.779384970664978,0.22061499953269958
PETS_CREDIT_high_eff_su2_r5_d6_b05__none,none,measurementguard_continuous,85bbf6f61dd23b95b6e7,1,0,0,0.8058218955993652,0.19417813420295715
PETS_CREDIT_high_eff_su2_r5_d6_b05__none,none,measurementguard_continuous,1c7eb9e50fc08e5f8cf0,1,0,0,0.8498170375823975,0.15018297731876373
PETS_CREDIT_high_eff_su2_r5_d6_b05__none,none,measurementguard_continuous,c91e3b5a028c06ad1f92,1,0,0,0.7661411762237549,0.2338588386774063
PETS_CREDIT_high_eff_su2_r5_d6_b05__none,none,measurementguard_continuous,d606f1831b9734bb90e1,1,0,0,0.8048352003097534,0.19516481459140778
PETS_CREDIT_high_eff_su2_r5_d6_b05__none,none,measurementguard_continuous,5b7629cbd1fb6e879520,1,0,0,0.8347466588020325,0.1652533859014511
PETS_CREDIT_high_eff_su2_r5_d6_b05__none,none,measurementguard_continuous,00405a37dd709b2d51a8,1,1,0,0.7828821539878845,0.21711783111095428
PETS_CREDIT_high_eff_su2_r5_d6_b05__none,none,measurementguard_continuous,434123980ae7f6c38b02,1,0,0,0.8541758060455322,0.14582420885562897
PETS_CREDIT_high_eff_su2_r5_d6_b05__none,none,measurementguard_continuous,07d4d260e30d7cf5b71f,1,0,0,0.7937279939651489,0.2062719762325287
PETS_CREDIT_high_eff_su2_r5_d6_b05__none,none,measurementguard_continuous,d2c3d34fb102babfa194,1,0,0,0.8786842823028564,0.12131569534540176
PETS_CREDIT_high_eff_su2_r5_d6_b05__none,none,measurementguard_continuous,ab97fae957e08270ffce,1,1,0,0.8436190485954285,0.15638096630573273
PETS_CREDIT_high_eff_su2_r5_d6_b05__none,none,measurementguard_continuous,a5628044ec0880a52490,1,0,0,0.8412740230560303,0.1587260365486145
PETS_CREDIT_high_eff_su2_r5_d6_b05__none,none,measurementguard_continuous,4df4658f2eb41564da87,1,0,0,0.7772810459136963,0.22271892428398132
PETS_CREDIT_high_eff_su2_r5_d6_b05__none,none,measurementguard_continuous,c4b2c9357254e51af6a9,1,0,0,0.7896705865859985,0.21032945811748505
PETS_CREDIT_high_eff_su2_r5_d6_b05__none,none,measurementguard_continuous,dba69027df0122535f19,1,0,0,0.8432102799415588,0.15678972005844116
PETS_CREDIT_high_eff_su2_r5_d6_b05__none,none,measurementguard_continuous,e07f107ec2deef516f4f,1,0,0,0.7565334439277649,0.2434665560722351
PETS_CREDIT_high_eff_su2_r5_d6_b05__none,none,measurementguard_continuous,49b15e9ec4784be42cd2,1,0,0,0.8601698279380798,0.13983017206192017
PETS_CREDIT_high_eff_su2_r5_d6_b05__none,none,measurementguard_continuous,08a6c27fcb32f81ff375,1,0,0,0.8062465786933899,0.1937534362077713
PETS_CREDIT_high_eff_su2_r5_d6_b05__none,none,measurementguard_continuous,c536d8f2ff559c7756e7,1,0,0,0.8361843228340149,0.1638156771659851
PETS_CREDIT_high_eff_su2_r5_d6_b05__none,none,measurementguard_continuous,0ec364cc4624f409f87e,1,0,0,0.7838552594184875,0.21614477038383484
PETS_CREDIT_high_eff_su2_r5_d6_b05__none,none,measurementguard_continuous,46dbe6ca2f4531385a05,1,0,0,0.8384992480278015,0.16150076687335968
PETS_CREDIT_high_eff_su2_r5_d6_b05__none,none,measurementguard_continuous,c75c31af2389cc3a594f,1,0,0,0.8502285480499268,0.14977143704891205
PETS_CREDIT_high_eff_su2_r5_d6_b05__none,none,measurementguard_continuous,fb40711278aca2b43c69,1,0,0,0.769716739654541,0.23028318583965302
PETS_CREDIT_high_eff_su2_r5_d6_b05__none,none,measurementguard_continuous,d9170d275d5e05922e82,1,1,0,0.794213593006134,0.20578642189502716
PETS_CREDIT_high_eff_su2_r5_d6_b05__none,none,measurementguard_continuous,2c3058336909d855b1f0,1,0,0,0.8456408977508545,0.15435907244682312
PETS_CREDIT_high_eff_su2_r5_d6_b05__none,none,measurementguard_continuous,df16a30c67111933fccc,1,1,0,0.8095430135726929,0.19045701622962952
PETS_CREDIT_high_eff_su2_r5_d6_b05__none,none,measurementguard_continuous,70d271c728323ea28d90,1,0,0,0.7346214652061462,0.26537853479385376
PETS_CREDIT_high_eff_su2_r5_d6_b05__none,none,measurementguard_continuous,e76cce60bc3507d0d7b2,1,0,0,0.7879310846328735,0.21206893026828766
PETS_CREDIT_high_eff_su2_r5_d6_b05__none,none,measurementguard_continuous,5cb75d859aa2d3df94b0,1,0,0,0.8790882229804993,0.12091180682182312
PETS_CREDIT_high_eff_su2_r5_d6_b05__none,none,measurementguard_continuous,26b6a5da65cdaeb8e184,1,1,1,0.19459983706474304,0.8054001331329346
PETS_CREDIT_high_eff_su2_r5_d6_b05__none,none,measurementguard_continuous,f073d35785cf76f1409c,1,0,0,0.7342291474342346,0.26577088236808777
PETS_CREDIT_high_eff_su2_r5_d6_b05__none,none,measurementguard_continuous,7311863aa70952806ffc,1,0,0,0.8739194869995117,0.12608057260513306
PETS_CREDIT_high_eff_su2_r5_d6_b05__none,none,measurementguard_continuous,073dbbd888ef767c75de,1,1,0,0.8554720282554626,0.14452801644802094
PETS_CREDIT_high_eff_su2_r5_d6_b05__none,none,measurementguard_continuous,58cb80b3d0535cb4343a,1,0,0,0.8247069120407104,0.17529307305812836
PETS_CREDIT_high_eff_su2_r5_d6_b05__none,none,measurementguard_continuous,4b85b1f42c0154e0d47c,1,0,0,0.8812970519065857,0.1187029778957367
PETS_CREDIT_high_eff_su2_r5_d6_b05__none,none,measurementguard_continuous,9eb158e3cbe5bc901e26,1,0,1,0.21789169311523438,0.7821083068847656
PETS_CREDIT_high_eff_su2_r5_d6_b05__none,none,measurementguard_continuous,877b93e6aa8797d2cd0b,1,0,0,0.8384860754013062,0.16151392459869385
PETS_CREDIT_high_eff_su2_r5_d6_b05__none,none,measurementguard_continuous,988a4b4dcb53bafffb01,1,0,0,0.7595527172088623,0.2404472827911377
PETS_CREDIT_high_eff_su2_r5_d6_b05__none,none,measurementguard_continuous,d75c3e52dbcaf5a5ec2a,1,0,0,0.8533185720443726,0.14668147265911102
PETS_CREDIT_high_eff_su2_r5_d6_b05__none,none,measurementguard_continuous,01743ddf295d8f6b5a46,1,1,1,0.2609553039073944,0.739044725894928
PETS_CREDIT_high_eff_su2_r5_d6_b05__none,none,measurementguard_continuous,39f8154e08ad72170108,1,0,0,0.842413067817688,0.157586932182312
PETS_CREDIT_high_eff_su2_r5_d6_b05__none,none,measurementguard_continuous,1dd9f8371cdcaa1758b3,1,0,0,0.8372390866279602,0.16276095807552338
PETS_CREDIT_high_eff_su2_r5_d6_b05__none,none,measurementguard_continuous,ae429a6a1d645aacb94e,1,0,0,0.7898598313331604,0.210140198469162
PETS_CREDIT_high_eff_su2_r5_d6_b05__none,none,measurementguard_continuous,b91b8614dbf7826436cf,1,0,0,0.790097177028656,0.20990285277366638
PETS_CREDIT_high_eff_su2_r5_d6_b05__none,none,measurementguard_continuous,4def6ca8e27be84aeb54,1,0,0,0.7676247358322144,0.23237529397010803
PETS_CREDIT_high_eff_su2_r5_d6_b05__none,none,measurementguard_continuous,8d5ec20ca179ede5da84,1,1,1,0.20260144770145416,0.797398567199707
PETS_CREDIT_high_eff_su2_r5_d6_b05__none,none,measurementguard_continuous,7ce1135db7560daf7e70,1,1,0,0.7903650403022766,0.2096349447965622
PETS_CREDIT_high_eff_su2_r5_d6_b05__none,none,measurementguard_continuous,8120fa8a41158dba642d,1,0,0,0.826779842376709,0.1732201725244522
PETS_CREDIT_high_eff_su2_r5_d6_b05__none,none,measurementguard_continuous,2f5a23022990244c47e8,1,1,0,0.7929297089576721,0.2070702612400055
PETS_CREDIT_high_eff_su2_r5_d6_b05__none,none,measurementguard_continuous,1819fe5c399a17316fee,1,0,0,0.8792219161987305,0.12077809125185013
PETS_CREDIT_high_eff_su2_r5_d6_b05__none,none,measurementguard_continuous,70e46e61db439dd8e308,1,0,0,0.8314070105552673,0.16859301924705505
PETS_CREDIT_high_eff_su2_r5_d6_b05__none,none,measurementguard_continuous,66fa33821884d4568b02,1,1,0,0.7661237716674805,0.23387625813484192
PETS_CREDIT_high_eff_su2_r5_d6_b05__none,none,measurementguard_continuous,cbd912351cdbc83a9184,1,1,0,0.7584172487258911,0.24158276617527008
PETS_CREDIT_high_eff_su2_r5_d6_b05__none,none,measurementguard_continuous,f3ca91dd8e5aba8d83d9,1,0,0,0.8763578534126282,0.12364215403795242
PETS_CREDIT_high_eff_su2_r5_d6_b05__none,none,measurementguard_continuous,6992a9babb7ae6302cb5,1,0,0,0.8675851821899414,0.13241486251354218
PETS_CREDIT_high_eff_su2_r5_d6_b05__none,none,measurementguard_continuous,bf465d63c434358f77e4,1,0,0,0.7508101463317871,0.24918989837169647
PETS_CREDIT_high_eff_su2_r5_d6_b05__none,none,measurementguard_continuous,6a75db22a6087741eef2,1,0,0,0.8246611952781677,0.1753387749195099
PETS_CREDIT_high_eff_su2_r5_d6_b05__none,none,measurementguard_continuous,973b363916938dbaaf31,1,0,1,0.23188644647598267,0.7681135535240173
PETS_CREDIT_high_eff_su2_r5_d6_b05__none,none,measurementguard_continuous,072f10d00d9156aab9f2,1,0,0,0.775093674659729,0.2249063402414322
PETS_CREDIT_high_eff_su2_r5_d6_b05__none,none,measurementguard_continuous,0acc109e58c1c7823ce7,1,0,0,0.868770956993103,0.13122908771038055
PETS_CREDIT_high_eff_su2_r5_d6_b05__none,none,measurementguard_continuous,6c0e663b6848864dc914,1,1,0,0.7844106554985046,0.21558937430381775
PETS_CREDIT_high_eff_su2_r5_d6_b05__none,none,measurementguard_continuous,78edbc6916b12b570866,1,0,0,0.8634803295135498,0.13651970028877258
PETS_CREDIT_high_eff_su2_r5_d6_b05__none,none,measurementguard_continuous,5688d9df8bbfc61d89e9,1,0,0,0.7507887482643127,0.24921122193336487
PETS_CREDIT_high_eff_su2_r5_d6_b05__none,none,measurementguard_continuous,e030c0aa4ae0f1011f2f,1,0,0,0.7653575539588928,0.23464247584342957
PETS_CREDIT_high_eff_su2_r5_d6_b05__none,none,measurementguard_continuous,25282b20e9c64236ec4d,1,0,0,0.8224931955337524,0.17750684916973114
PETS_CREDIT_high_eff_su2_r5_d6_b05__none,none,measurementguard_continuous,14ee67db08b82edf07a3,1,0,0,0.8511269092559814,0.14887306094169617
PETS_CREDIT_high_eff_su2_r5_d6_b05__none,none,measurementguard_continuous,d46f8b9f4d57f90db615,1,0,0,0.8183297514915466,0.18167029321193695
PETS_CREDIT_high_eff_su2_r5_d6_b05__none,none,measurementguard_continuous,83a947285ea3ca8494da,1,0,0,0.8145444393157959,0.1854555755853653
PETS_CREDIT_high_eff_su2_r5_d6_b05__none,none,measurementguard_continuous,4dde24d981dd8981f71f,1,0,0,0.7314393520355225,0.2685606777667999
PETS_CREDIT_high_eff_su2_r5_d6_b05__none,none,measurementguard_continuous,5e48c11768cb070aefe6,1,1,0,0.7708467841148376,0.22915326058864594
PETS_CREDIT_high_eff_su2_r5_d6_b05__none,none,measurementguard_continuous,6f47824d3363865de61a,1,0,0,0.7805713415145874,0.2194286584854126
PETS_CREDIT_high_eff_su2_r5_d6_b05__none,none,measurementguard_continuous,f332cc500c7a62b19024,1,1,1,0.2658695578575134,0.7341304421424866
PETS_CREDIT_high_eff_su2_r5_d6_b05__none,none,measurementguard_continuous,192395141a760795b97a,1,0,0,0.7567787766456604,0.2432211935520172
PETS_CREDIT_high_eff_su2_r5_d6_b05__none,none,measurementguard_continuous,9fc5fbe55717fe6862a4,1,0,0,0.7474923729896545,0.25250768661499023
PETS_CREDIT_high_eff_su2_r5_d6_b05__none,none,measurementguard_continuous,8fe0ac3103b5acc00cdc,1,0,0,0.8579309582710266,0.1420690268278122
PETS_CREDIT_high_eff_su2_r5_d6_b05__none,none,measurementguard_continuous,2a9dbe944756407f3c68,1,1,0,0.7432052493095398,0.2567947804927826
PETS_CREDIT_high_eff_su2_r5_d6_b05__none,none,measurementguard_continuous,5f9c02f5ec03a28e4f53,1,0,0,0.8371646404266357,0.16283538937568665
PETS_CREDIT_high_eff_su2_r5_d6_b05__none,none,measurementguard_continuous,b84ff32b3c14263b0dd5,1,0,0,0.7894261479377747,0.21057383716106415
PETS_CREDIT_high_eff_su2_r5_d6_b05__none,none,measurementguard_continuous,7be2869c238aa35d440a,1,0,0,0.8510939478874207,0.14890606701374054
PETS_CREDIT_high_eff_su2_r5_d6_b05__none,none,measurementguard_continuous,11ccb38ba9653d61e950,1,0,0,0.8726107478141785,0.12738928198814392
PETS_CREDIT_high_eff_su2_r5_d6_b05__none,none,measurementguard_continuous,619b46d6086e6aad3d84,1,1,0,0.8056777715682983,0.19432222843170166
PETS_CREDIT_high_eff_su2_r5_d6_b05__none,none,measurementguard_continuous,526cee77dcfea7ee8138,1,0,0,0.8310918211936951,0.16890819370746613
PETS_CREDIT_high_eff_su2_r5_d6_b05__none,none,measurementguard_continuous,a1b01a469dc7802f51d3,1,0,0,0.779464602470398,0.22053541243076324
PETS_CREDIT_high_eff_su2_r5_d6_b05__none,none,measurementguard_continuous,5383d08662564ec7ab0d,1,0,0,0.7756220102310181,0.22437795996665955
PETS_CREDIT_high_eff_su2_r5_d6_b05__none,none,measurementguard_continuous,006df97946d214e0111f,1,0,0,0.7835577130317688,0.2164423167705536
PETS_CREDIT_high_eff_su2_r5_d6_b05__none,none,measurementguard_continuous,a55e4e1cd3465563efc4,1,0,0,0.8794812560081482,0.1205187439918518
PETS_CREDIT_high_eff_su2_r5_d6_b05__none,none,measurementguard_continuous,24e13410bd96d58bb8a8,1,1,0,0.8151967525482178,0.18480324745178223
PETS_CREDIT_high_eff_su2_r5_d6_b05__none,none,measurementguard_continuous,4cfea97c73e6dbfbc698,1,1,1,0.2479620724916458,0.7520379424095154
PETS_CREDIT_high_eff_su2_r5_d6_b05__none,none,measurementguard_continuous,bd6c7e8fd4e7879e23df,1,0,0,0.8591775298118591,0.14082252979278564
PETS_CREDIT_high_eff_su2_r5_d6_b05__none,none,measurementguard_continuous,ab00e756b29c98fd6674,1,0,1,0.264862060546875,0.735137939453125
PETS_CREDIT_high_eff_su2_r5_d6_b05__none,none,measurementguard_continuous,d1d396dc69ac0aeade66,1,0,0,0.7949609756469727,0.20503903925418854
PETS_CREDIT_high_eff_su2_r5_d6_b05__none,none,measurementguard_continuous,47955bec8c8c8b0d6ecd,0,0,1,0.2582158148288727,0.7417841553688049
PETS_CREDIT_high_eff_su2_r5_d6_b05__none,none,measurementguard_continuous,4870b03a707763215d98,0,0,0,0.8070347905158997,0.19296522438526154
PETS_CREDIT_high_eff_su2_r5_d6_b05__none,none,measurementguard_continuous,973b033623e52ecc534b,0,0,0,0.7815710306167603,0.21842902898788452
PETS_CREDIT_high_eff_su2_r5_d6_b05__none,none,measurementguard_continuous,4a7e26fbb5313c542529,0,0,0,0.8508426547050476,0.14915737509727478
PETS_CREDIT_high_eff_su2_r5_d6_b05__none,none,measurementguard_continuous,e0fbea9eec804256c1cb,0,0,0,0.8145214319229126,0.1854785978794098
PETS_CREDIT_high_eff_su2_r5_d6_b05__none,none,measurementguard_continuous,e1a1ee7cf7bc7087e5f2,0,1,0,0.8492926359176636,0.15070734918117523
PETS_CREDIT_high_eff_su2_r5_d6_b05__none,none,measurementguard_continuous,eba21bceeb2ef13343ed,0,0,0,0.8782894015312195,0.12171062082052231
PETS_CREDIT_high_eff_su2_r5_d6_b05__none,none,measurementguard_continuous,636ac12d78460625de40,0,1,1,0.16681940853595734,0.8331806063652039
PETS_CREDIT_high_eff_su2_r5_d6_b05__none,none,measurementguard_continuous,937e67166f6df199553e,0,1,0,0.769645631313324,0.23035433888435364
PETS_CREDIT_high_eff_su2_r5_d6_b05__none,none,measurementguard_continuous,f6e997c880eee2e368a1,0,0,0,0.8407799601554871,0.15922008454799652
PETS_CREDIT_high_eff_su2_r5_d6_b05__none,none,measurementguard_continuous,236eaf6e697017b75006,0,0,0,0.7951042056083679,0.20489579439163208
PETS_CREDIT_high_eff_su2_r5_d6_b05__none,none,measurementguard_continuous,ae625b0f03d9312f7a56,0,0,0,0.746773898601532,0.253226101398468
PETS_CREDIT_high_eff_su2_r5_d6_b05__none,none,measurementguard_continuous,46a774fc49ba1bf8ef50,0,0,0,0.7453540563583374,0.2546460032463074
PETS_CREDIT_high_eff_su2_r5_d6_b05__none,none,measurementguard_continuous,8bb5ffd15a60cfa78147,0,0,0,0.7965970039367676,0.20340299606323242
PETS_CREDIT_high_eff_su2_r5_d6_b05__none,none,measurementguard_continuous,d89024b6830b15f365f2,0,0,0,0.8732946515083313,0.1267053484916687
PETS_CREDIT_high_eff_su2_r5_d6_b05__none,none,measurementguard_continuous,21bbec3cf4631e34985a,0,1,0,0.7868291139602661,0.2131708562374115
PETS_CREDIT_high_eff_su2_r5_d6_b05__none,none,measurementguard_continuous,0640a9b8fe04a4c66235,0,0,0,0.794565737247467,0.20543429255485535
PETS_CREDIT_high_eff_su2_r5_d6_b05__none,none,measurementguard_continuous,d84827a745d8252e9fdb,0,0,0,0.8689586520195007,0.13104136288166046
PETS_CREDIT_high_eff_su2_r5_d6_b05__none,none,measurementguard_continuous,bf631b93f55e0e82f795,0,0,0,0.8268284201622009,0.17317159473896027
PETS_CREDIT_high_eff_su2_r5_d6_b05__none,none,measurementguard_continuous,ae877d0841e52284f9ab,0,1,0,0.7442044615745544,0.25579550862312317
PETS_CREDIT_high_eff_su2_r5_d6_b05__none,none,measurementguard_continuous,bb7f875f1115ea715160,0,0,0,0.7848970293998718,0.21510298550128937
PETS_CREDIT_high_eff_su2_r5_d6_b05__none,none,measurementguard_continuous,7ac291fce946af57066d,0,0,0,0.805160641670227,0.19483940303325653
PETS_CREDIT_high_eff_su2_r5_d6_b05__none,none,measurementguard_continuous,b4a42897a34004c35deb,0,0,0,0.7700133919715881,0.22998660802841187
PETS_CREDIT_high_eff_su2_r5_d6_b05__none,none,measurementguard_continuous,8dcf26c9f074a4b5de0e,0,0,0,0.81583172082901,0.18416827917099
PETS_CREDIT_high_eff_su2_r5_d6_b05__none,none,measurementguard_continuous,6732cf9cccc2b370e663,0,0,0,0.8788301944732666,0.1211697906255722
PETS_CREDIT_high_eff_su2_r5_d6_b05__none,none,measurementguard_continuous,803f6dc8a9f94d6165d6,0,0,0,0.8022530674934387,0.19774696230888367
PETS_CREDIT_high_eff_su2_r5_d6_b05__none,none,measurementguard_continuous,bbf9af27413caa9a409b,0,0,0,0.8331250548362732,0.1668749451637268
PETS_CREDIT_high_eff_su2_r5_d6_b05__none,none,measurementguard_continuous,5c7d8f33e88909bece76,0,0,0,0.7585577368736267,0.24144229292869568
PETS_CREDIT_high_eff_su2_r5_d6_b05__none,none,measurementguard_continuous,91005bada1d0884a288c,0,0,0,0.8413939476013184,0.15860608220100403
PETS_CREDIT_high_eff_su2_r5_d6_b05__none,none,measurementguard_continuous,83de8120182780af5f0a,0,0,0,0.7774822115898132,0.2225177139043808
PETS_CREDIT_high_eff_su2_r5_d6_b05__none,none,measurementguard_continuous,da621ab9085bc819936a,0,0,0,0.8119718432426453,0.18802815675735474
PETS_CREDIT_high_eff_su2_r5_d6_b05__none,none,measurementguard_continuous,d186b88534c1a687d1fd,0,0,0,0.8117333054542542,0.18826666474342346
PETS_CREDIT_high_eff_su2_r5_d6_b05__none,none,measurementguard_continuous,d1cde013445a8f9f3504,0,1,0,0.8295683264732361,0.1704317033290863
PETS_CREDIT_high_eff_su2_r5_d6_b05__none,none,measurementguard_continuous,53e30cae631c15e8b1d5,0,0,0,0.7893735766410828,0.21062642335891724
PETS_CREDIT_high_eff_su2_r5_d6_b05__none,none,measurementguard_continuous,a689473198564f121a85,0,1,0,0.854562520980835,0.14543750882148743
PETS_CREDIT_high_eff_su2_r5_d6_b05__none,none,measurementguard_continuous,c10dfecdb29ac7d481e4,0,0,0,0.8093731999397278,0.1906268298625946
PETS_CREDIT_high_eff_su2_r5_d6_b05__none,none,measurementguard_continuous,43ee1b0713731f54ca85,0,0,0,0.7569031715393066,0.24309679865837097
PETS_CREDIT_high_eff_su2_r5_d6_b05__none,none,measurementguard_continuous,569a1dec78d4c5cb931c,0,0,0,0.8672787547111511,0.13272124528884888
PETS_CREDIT_high_eff_su2_r5_d6_b05__none,none,measurementguard_continuous,3692ecea3b8cc152ac74,0,1,0,0.8022571802139282,0.19774284958839417
PETS_CREDIT_high_eff_su2_r5_d6_b05__none,none,measurementguard_continuous,b491e0865758acb4579a,0,0,0,0.7960219383239746,0.20397807657718658
PETS_CREDIT_high_eff_su2_r5_d6_b05__none,none,measurementguard_continuous,e0ac38996eb0bdc23a98,0,0,1,0.18761670589447021,0.8123832941055298
PETS_CREDIT_high_eff_su2_r5_d6_b05__none,none,measurementguard_continuous,d5989943e0fb0da2a065,0,1,0,0.8581748008728027,0.14182516932487488
PETS_CREDIT_high_eff_su2_r5_d6_b05__none,none,measurementguard_continuous,27c6f10b367e05043c90,0,0,0,0.8297974467277527,0.1702025830745697
PETS_CREDIT_high_eff_su2_r5_d6_b05__none,none,measurementguard_continuous,551fc490ff090636fc6c,0,0,0,0.8788194060325623,0.12118056416511536
PETS_CREDIT_high_eff_su2_r5_d6_b05__none,none,measurementguard_continuous,414e7f5b15c171415829,0,0,0,0.7971024513244629,0.20289753377437592
PETS_CREDIT_high_eff_su2_r5_d6_b05__none,none,measurementguard_continuous,11507b01792898120b8e,0,0,0,0.7777212858200073,0.22227874398231506
PETS_CREDIT_high_eff_su2_r5_d6_b05__none,none,measurementguard_continuous,d219a9acadf7d11fea78,0,0,0,0.8343107104301453,0.16568927466869354
PETS_CREDIT_high_eff_su2_r5_d6_b05__none,none,measurementguard_continuous,18057cb4cbc93a14717b,0,0,0,0.7785822153091431,0.22141778469085693
PETS_CREDIT_high_eff_su2_r5_d6_b05__none,none,measurementguard_continuous,56a32270ddad65bb2116,0,1,0,0.8129815459251404,0.18701842427253723
PETS_CREDIT_high_eff_su2_r5_d6_b05__none,none,measurementguard_continuous,fb9ae5bbd7f4003062af,0,0,0,0.8223361968994141,0.17766380310058594
PETS_CREDIT_high_eff_su2_r5_d6_b05__none,none,measurementguard_continuous,4a745272a6e280333278,0,0,0,0.8558672070503235,0.1441328078508377
PETS_CREDIT_high_eff_su2_r5_d6_b05__none,none,measurementguard_continuous,2cc5d410506194a74986,0,0,0,0.8251694440841675,0.17483052611351013
PETS_CREDIT_high_eff_su2_r5_d6_b05__none,none,measurementguard_continuous,afbdd16def46495289d4,0,0,0,0.7307878136634827,0.26921215653419495
PETS_CREDIT_high_eff_su2_r5_d6_b05__none,none,measurementguard_continuous,8438c71f237ca7ba0184,0,0,0,0.7440016269683838,0.2559983432292938
PETS_CREDIT_high_eff_su2_r5_d6_b05__none,none,measurementguard_continuous,cf06e4f28d94416e4731,0,1,0,0.7526105046272278,0.24738946557044983
PETS_CREDIT_high_eff_su2_r5_d6_b05__none,none,measurementguard_continuous,30264bd9cc543cb1bc1b,0,1,0,0.8281081914901733,0.17189183831214905
PETS_CREDIT_high_eff_su2_r5_d6_b05__none,none,measurementguard_continuous,330ffbdc46d820844534,0,0,0,0.869945228099823,0.1300547569990158
PETS_CREDIT_high_eff_su2_r5_d6_b05__none,none,measurementguard_continuous,c3a93d319be966c47e7e,0,1,0,0.7407680153846741,0.2592319846153259
PETS_CREDIT_high_eff_su2_r5_d6_b05__none,none,measurementguard_continuous,f54953944639c1b8b976,0,0,0,0.7695420384407043,0.23045799136161804
PETS_CREDIT_high_eff_su2_r5_d6_b05__none,none,measurementguard_continuous,dbf3024efa8e9fda1d7b,0,0,0,0.8155645132064819,0.18443551659584045
PETS_CREDIT_high_eff_su2_r5_d6_b05__none,none,measurementguard_continuous,d927aacafee2577fc652,0,1,0,0.7594094276428223,0.24059054255485535
PETS_CREDIT_high_eff_su2_r5_d6_b05__none,none,measurementguard_continuous,96d7b0e605b9b663903a,0,1,1,0.21584048867225647,0.7841594815254211
PETS_CREDIT_high_eff_su2_r5_d6_b05__none,none,measurementguard_continuous,70a27e98ce00d39e949a,0,0,0,0.8201099038124084,0.17989011108875275
PETS_CREDIT_high_eff_su2_r5_d6_b05__none,none,measurementguard_continuous,12f413792494f36fcea9,0,0,0,0.8614124059677124,0.1385875791311264
PETS_CREDIT_high_eff_su2_r5_d6_b05__none,none,measurementguard_continuous,6877216a639061dee96a,0,0,0,0.8142417073249817,0.18575827777385712
PETS_CREDIT_high_eff_su2_r5_d6_b05__none,none,measurementguard_continuous,e034c7956deeea8c9ddc,0,0,0,0.7729537487030029,0.22704623639583588
PETS_CREDIT_high_eff_su2_r5_d6_b05__none,none,measurementguard_continuous,15c3301e2604322dfc7b,0,0,1,0.18913547694683075,0.8108645677566528
PETS_CREDIT_high_eff_su2_r5_d6_b05__none,none,measurementguard_continuous,c684bddcfbca03359777,0,0,0,0.8802480101585388,0.11975201964378357
PETS_CREDIT_high_eff_su2_r5_d6_b05__none,none,measurementguard_continuous,8226b41e21b5ecf3c52e,0,0,0,0.8490676283836365,0.15093238651752472
PETS_CREDIT_high_eff_su2_r5_d6_b05__none,none,measurementguard_continuous,ada868403e0aacd584e1,0,1,0,0.8682767152786255,0.1317232847213745
PETS_CREDIT_high_eff_su2_r5_d6_b05__none,none,measurementguard_continuous,3ee271bb0627b25426f5,0,0,0,0.8530315160751343,0.14696845412254333
PETS_CREDIT_high_eff_su2_r5_d6_b05__none,none,measurementguard_continuous,a36d92b052080609dee1,0,0,0,0.7563324570655823,0.24366752803325653
PETS_CREDIT_high_eff_su2_r5_d6_b05__none,none,measurementguard_continuous,5c479147049976461a13,0,0,0,0.7958663702011108,0.20413362979888916
PETS_CREDIT_high_eff_su2_r5_d6_b05__none,none,measurementguard_continuous,9f0ccb4eb0a2a0319524,0,0,0,0.8210950493812561,0.17890498042106628
PETS_CREDIT_high_eff_su2_r5_d6_b05__none,none,measurementguard_continuous,c98e7a188d21f2d4c7c5,0,0,0,0.8242413401603699,0.1757587045431137
PETS_CREDIT_high_eff_su2_r5_d6_b05__none,none,measurementguard_continuous,5b2db4db5a42bc1bb4a0,0,0,1,0.22875700891017914,0.7712429761886597
PETS_CREDIT_high_eff_su2_r5_d6_b05__none,none,measurementguard_continuous,1858881e224796b84682,0,0,1,0.2570604979991913,0.7429395318031311
PETS_CREDIT_high_eff_su2_r5_d6_b05__none,none,measurementguard_continuous,4f0ddef9065568908648,0,0,0,0.7868111729621887,0.21318882703781128
PETS_CREDIT_high_eff_su2_r5_d6_b05__none,none,measurementguard_continuous,183550075bfd51b6e0e9,0,1,0,0.7765311598777771,0.2234688401222229
PETS_CREDIT_high_eff_su2_r5_d6_b05__none,none,measurementguard_continuous,316a77ab3de3e27ff918,0,0,0,0.7509081959724426,0.24909180402755737
PETS_CREDIT_high_eff_su2_r5_d6_b05__none,none,measurementguard_continuous,97d45a0366e6e1aa81c9,0,1,0,0.7954092621803284,0.20459076762199402
PETS_CREDIT_high_eff_su2_r5_d6_b05__none,none,measurementguard_continuous,0bdd92075dfdd7271ec4,0,0,0,0.7478832006454468,0.2521168291568756
PETS_CREDIT_high_eff_su2_r5_d6_b05__none,none,measurementguard_continuous,3610e0e36736e57a4ac1,0,0,0,0.7480958700180054,0.25190410017967224
PETS_CREDIT_high_eff_su2_r5_d6_b05__none,none,measurementguard_continuous,49ac71e389f7c7ee906a,0,0,0,0.8562045693397522,0.14379540085792542
PETS_CREDIT_high_eff_su2_r5_d6_b05__none,none,measurementguard_continuous,0a64aa2e5b95fcf231dd,0,1,0,0.7512118816375732,0.24878811836242676
PETS_CREDIT_high_eff_su2_r5_d6_b05__none,none,measurementguard_continuous,89f73d583d37c6f94431,0,0,0,0.8475713133811951,0.15242871642112732
PETS_CREDIT_high_eff_su2_r5_d6_b05__none,none,measurementguard_continuous,34c0e5ef4812a33d78b4,0,0,0,0.7405776977539062,0.25942227244377136
PETS_CREDIT_high_eff_su2_r5_d6_b05__none,none,measurementguard_continuous,27a8bdb86da088cc0ec0,0,0,0,0.7956944108009338,0.20430558919906616
PETS_CREDIT_high_eff_su2_r5_d6_b05__none,none,measurementguard_continuous,c11b3ed277f799abf829,0,0,0,0.7596428394317627,0.2403571903705597
PETS_CREDIT_high_eff_su2_r5_d6_b05__none,none,measurementguard_continuous,53d98013cc132869d89f,0,1,0,0.8790997266769409,0.12090028077363968
PETS_CREDIT_high_eff_su2_r5_d6_b05__none,none,measurementguard_continuous,35f39fb3290dd3876c4e,0,0,0,0.8221322298049927,0.17786775529384613
PETS_CREDIT_high_eff_su2_r5_d6_b05__none,none,measurementguard_continuous,add15bce63d585c10154,0,0,0,0.8623810410499573,0.13761895895004272
PETS_CREDIT_high_eff_su2_r5_d6_b05__none,none,measurementguard_continuous,c0386f52ee8eb9782e96,0,0,0,0.7999727129936218,0.20002728700637817
PETS_CREDIT_high_eff_su2_r5_d6_b05__none,none,measurementguard_continuous,201287d880b5985ef4a2,0,0,0,0.8057668805122375,0.19423308968544006
PETS_CREDIT_high_eff_su2_r5_d6_b05__none,none,measurementguard_continuous,54c071ac06a40c97bb56,0,0,0,0.7507328391075134,0.24926719069480896
PETS_CREDIT_high_eff_su2_r5_d6_b05__none,none,measurementguard_continuous,f8f44150ace4d5e110b6,0,1,0,0.7891020178794861,0.21089798212051392
PETS_CREDIT_high_eff_su2_r5_d6_b05__none,none,measurementguard_continuous,15e0146e9b8967882d3c,0,1,0,0.875060498714447,0.12493952363729477
PETS_CREDIT_high_eff_su2_r5_d6_b05__none,none,measurementguard_continuous,a670309c70dd483bd34e,0,0,0,0.8451457023620605,0.15485431253910065
PETS_CREDIT_high_eff_su2_r5_d6_b05__none,none,measurementguard_continuous,3cb6ff56ab7911392172,0,0,0,0.8622035980224609,0.13779644668102264
PETS_CREDIT_high_eff_su2_r5_d6_b05__none,none,measurementguard_continuous,4c3cfe1fe9e491bb9c0e,0,0,0,0.8032028079032898,0.1967972069978714
PETS_CREDIT_high_eff_su2_r5_d6_b05__none,none,lattice_round,b95d8aa7591c7887c05c,1,0,0,0.9380859732627869,0.06191399693489075
PETS_CREDIT_high_eff_su2_r5_d6_b05__none,none,lattice_round,aaca4c9adb936209ae4f,1,0,0,0.9369275569915771,0.06307246536016464
PETS_CREDIT_high_eff_su2_r5_d6_b05__none,none,lattice_round,f640cb068a6e0cafd8f7,1,0,0,0.6769706010818481,0.32302942872047424
PETS_CREDIT_high_eff_su2_r5_d6_b05__none,none,lattice_round,bf5a9031a45524933e21,1,0,0,0.890853226184845,0.10914674401283264
PETS_CREDIT_high_eff_su2_r5_d6_b05__none,none,lattice_round,6ea2a519a69c09016323,1,0,0,0.8215661644935608,0.1784338802099228
PETS_CREDIT_high_eff_su2_r5_d6_b05__none,none,lattice_round,092efc45ab978715a8fa,1,1,0,0.6623131036758423,0.3376868963241577
PETS_CREDIT_high_eff_su2_r5_d6_b05__none,none,lattice_round,e0b33cacbadcac9f3d26,1,0,0,0.6864134073257446,0.31358659267425537
PETS_CREDIT_high_eff_su2_r5_d6_b05__none,none,lattice_round,69ef03b5c6f4f7ecef33,1,1,0,0.7621968388557434,0.2378031611442566
PETS_CREDIT_high_eff_su2_r5_d6_b05__none,none,lattice_round,4aa64c627cb9b82d7f42,1,1,1,0.41115906834602356,0.5888409614562988
PETS_CREDIT_high_eff_su2_r5_d6_b05__none,none,lattice_round,0772d1e68bccea98e68f,1,0,0,0.7843738794326782,0.21562610566616058
PETS_CREDIT_high_eff_su2_r5_d6_b05__none,none,lattice_round,85bbf6f61dd23b95b6e7,1,0,0,0.6025923490524292,0.3974076807498932
PETS_CREDIT_high_eff_su2_r5_d6_b05__none,none,lattice_round,1c7eb9e50fc08e5f8cf0,1,0,0,0.8502135872840881,0.14978642761707306
PETS_CREDIT_high_eff_su2_r5_d6_b05__none,none,lattice_round,c91e3b5a028c06ad1f92,1,0,0,0.9633117318153381,0.03668830171227455
PETS_CREDIT_high_eff_su2_r5_d6_b05__none,none,lattice_round,d606f1831b9734bb90e1,1,0,0,0.9189707636833191,0.08102922886610031
PETS_CREDIT_high_eff_su2_r5_d6_b05__none,none,lattice_round,5b7629cbd1fb6e879520,1,0,0,0.8408149480819702,0.1591850370168686
PETS_CREDIT_high_eff_su2_r5_d6_b05__none,none,lattice_round,00405a37dd709b2d51a8,1,1,0,0.5769621729850769,0.4230378270149231
PETS_CREDIT_high_eff_su2_r5_d6_b05__none,none,lattice_round,434123980ae7f6c38b02,1,0,0,0.8554449677467346,0.14455503225326538
PETS_CREDIT_high_eff_su2_r5_d6_b05__none,none,lattice_round,07d4d260e30d7cf5b71f,1,0,0,0.5862909555435181,0.41370904445648193
PETS_CREDIT_high_eff_su2_r5_d6_b05__none,none,lattice_round,d2c3d34fb102babfa194,1,0,0,0.9991157054901123,0.0008843215182423592
PETS_CREDIT_high_eff_su2_r5_d6_b05__none,none,lattice_round,ab97fae957e08270ffce,1,1,0,0.6713050007820129,0.32869499921798706
PETS_CREDIT_high_eff_su2_r5_d6_b05__none,none,lattice_round,a5628044ec0880a52490,1,0,0,0.8475906252861023,0.1524093747138977
PETS_CREDIT_high_eff_su2_r5_d6_b05__none,none,lattice_round,4df4658f2eb41564da87,1,0,0,0.9032942056655884,0.09670577943325043
PETS_CREDIT_high_eff_su2_r5_d6_b05__none,none,lattice_round,c4b2c9357254e51af6a9,1,0,0,0.7984834313392639,0.2015165388584137
PETS_CREDIT_high_eff_su2_r5_d6_b05__none,none,lattice_round,dba69027df0122535f19,1,0,0,0.8426551222801208,0.15734484791755676
PETS_CREDIT_high_eff_su2_r5_d6_b05__none,none,lattice_round,e07f107ec2deef516f4f,1,0,0,0.9852203130722046,0.014779726974666119
PETS_CREDIT_high_eff_su2_r5_d6_b05__none,none,lattice_round,49b15e9ec4784be42cd2,1,0,0,0.8513645529747009,0.14863546192646027
PETS_CREDIT_high_eff_su2_r5_d6_b05__none,none,lattice_round,08a6c27fcb32f81ff375,1,0,0,0.9707080125808716,0.029292013496160507
PETS_CREDIT_high_eff_su2_r5_d6_b05__none,none,lattice_round,c536d8f2ff559c7756e7,1,0,0,0.8344215154647827,0.1655784696340561
PETS_CREDIT_high_eff_su2_r5_d6_b05__none,none,lattice_round,0ec364cc4624f409f87e,1,0,0,0.9078824520111084,0.09211752563714981
PETS_CREDIT_high_eff_su2_r5_d6_b05__none,none,lattice_round,46dbe6ca2f4531385a05,1,0,0,0.8376976251602173,0.1623023897409439
PETS_CREDIT_high_eff_su2_r5_d6_b05__none,none,lattice_round,c75c31af2389cc3a594f,1,0,0,0.848662257194519,0.15133771300315857
PETS_CREDIT_high_eff_su2_r5_d6_b05__none,none,lattice_round,fb40711278aca2b43c69,1,0,0,0.7863331437110901,0.2136669009923935
PETS_CREDIT_high_eff_su2_r5_d6_b05__none,none,lattice_round,d9170d275d5e05922e82,1,1,0,0.5842630863189697,0.41573694348335266
PETS_CREDIT_high_eff_su2_r5_d6_b05__none,none,lattice_round,2c3058336909d855b1f0,1,0,0,0.6604762077331543,0.3395237922668457
PETS_CREDIT_high_eff_su2_r5_d6_b05__none,none,lattice_round,df16a30c67111933fccc,1,1,0,0.8188602328300476,0.18113979697227478
PETS_CREDIT_high_eff_su2_r5_d6_b05__none,none,lattice_round,70d271c728323ea28d90,1,0,0,0.9844656586647034,0.015534324571490288
PETS_CREDIT_high_eff_su2_r5_d6_b05__none,none,lattice_round,e76cce60bc3507d0d7b2,1,0,0,0.910392701625824,0.08960728347301483
PETS_CREDIT_high_eff_su2_r5_d6_b05__none,none,lattice_round,5cb75d859aa2d3df94b0,1,0,0,0.7326092720031738,0.26739075779914856
PETS_CREDIT_high_eff_su2_r5_d6_b05__none,none,lattice_round,26b6a5da65cdaeb8e184,1,1,1,0.39809438586235046,0.6019056439399719
PETS_CREDIT_high_eff_su2_r5_d6_b05__none,none,lattice_round,f073d35785cf76f1409c,1,0,0,0.8855674862861633,0.1144324541091919
PETS_CREDIT_high_eff_su2_r5_d6_b05__none,none,lattice_round,7311863aa70952806ffc,1,0,0,0.7091525197029114,0.2908474802970886
PETS_CREDIT_high_eff_su2_r5_d6_b05__none,none,lattice_round,073dbbd888ef767c75de,1,1,0,0.6955987215042114,0.3044012784957886
PETS_CREDIT_high_eff_su2_r5_d6_b05__none,none,lattice_round,58cb80b3d0535cb4343a,1,0,0,0.8288217186927795,0.17117832601070404
PETS_CREDIT_high_eff_su2_r5_d6_b05__none,none,lattice_round,4b85b1f42c0154e0d47c,1,0,0,0.8843433260917664,0.11565668880939484
PETS_CREDIT_high_eff_su2_r5_d6_b05__none,none,lattice_round,9eb158e3cbe5bc901e26,1,0,1,0.44614139199256897,0.5538586378097534
PETS_CREDIT_high_eff_su2_r5_d6_b05__none,none,lattice_round,877b93e6aa8797d2cd0b,1,0,0,0.9741798639297485,0.02582019381225109
PETS_CREDIT_high_eff_su2_r5_d6_b05__none,none,lattice_round,988a4b4dcb53bafffb01,1,0,0,0.986257016658783,0.013743018731474876
PETS_CREDIT_high_eff_su2_r5_d6_b05__none,none,lattice_round,d75c3e52dbcaf5a5ec2a,1,0,0,0.8545929193496704,0.14540712535381317
PETS_CREDIT_high_eff_su2_r5_d6_b05__none,none,lattice_round,01743ddf295d8f6b5a46,1,1,0,0.5097838640213013,0.4902161657810211
PETS_CREDIT_high_eff_su2_r5_d6_b05__none,none,lattice_round,39f8154e08ad72170108,1,0,0,0.9322896599769592,0.06771033257246017
PETS_CREDIT_high_eff_su2_r5_d6_b05__none,none,lattice_round,1dd9f8371cdcaa1758b3,1,0,0,0.6418421268463135,0.3581579327583313
PETS_CREDIT_high_eff_su2_r5_d6_b05__none,none,lattice_round,ae429a6a1d645aacb94e,1,0,0,0.5927565693855286,0.4072434604167938
PETS_CREDIT_high_eff_su2_r5_d6_b05__none,none,lattice_round,b91b8614dbf7826436cf,1,0,0,0.965962290763855,0.03403770551085472
PETS_CREDIT_high_eff_su2_r5_d6_b05__none,none,lattice_round,4def6ca8e27be84aeb54,1,0,0,0.9853942394256592,0.0146057503297925
PETS_CREDIT_high_eff_su2_r5_d6_b05__none,none,lattice_round,8d5ec20ca179ede5da84,1,1,1,0.20530758798122406,0.79469233751297
PETS_CREDIT_high_eff_su2_r5_d6_b05__none,none,lattice_round,7ce1135db7560daf7e70,1,1,0,0.5522715449333191,0.4477285146713257
PETS_CREDIT_high_eff_su2_r5_d6_b05__none,none,lattice_round,8120fa8a41158dba642d,1,0,0,0.6435117721557617,0.35648825764656067
PETS_CREDIT_high_eff_su2_r5_d6_b05__none,none,lattice_round,2f5a23022990244c47e8,1,1,0,0.9148668646812439,0.0851331576704979
PETS_CREDIT_high_eff_su2_r5_d6_b05__none,none,lattice_round,1819fe5c399a17316fee,1,0,0,0.7300252318382263,0.2699747681617737
PETS_CREDIT_high_eff_su2_r5_d6_b05__none,none,lattice_round,70e46e61db439dd8e308,1,0,0,0.9720760583877563,0.02792389504611492
PETS_CREDIT_high_eff_su2_r5_d6_b05__none,none,lattice_round,66fa33821884d4568b02,1,1,0,0.7571770548820496,0.24282291531562805
PETS_CREDIT_high_eff_su2_r5_d6_b05__none,none,lattice_round,cbd912351cdbc83a9184,1,1,0,0.5510904788970947,0.44890955090522766
PETS_CREDIT_high_eff_su2_r5_d6_b05__none,none,lattice_round,f3ca91dd8e5aba8d83d9,1,0,0,0.7179969549179077,0.2820030748844147
PETS_CREDIT_high_eff_su2_r5_d6_b05__none,none,lattice_round,6992a9babb7ae6302cb5,1,0,0,0.704524040222168,0.29547595977783203
PETS_CREDIT_high_eff_su2_r5_d6_b05__none,none,lattice_round,bf465d63c434358f77e4,1,0,0,0.8974127769470215,0.10258722305297852
PETS_CREDIT_high_eff_su2_r5_d6_b05__none,none,lattice_round,6a75db22a6087741eef2,1,0,0,0.821632981300354,0.17836706340312958
PETS_CREDIT_high_eff_su2_r5_d6_b05__none,none,lattice_round,973b363916938dbaaf31,1,0,1,0.46030378341674805,0.539696216583252
PETS_CREDIT_high_eff_su2_r5_d6_b05__none,none,lattice_round,072f10d00d9156aab9f2,1,0,0,0.7609076499938965,0.23909233510494232
PETS_CREDIT_high_eff_su2_r5_d6_b05__none,none,lattice_round,0acc109e58c1c7823ce7,1,0,0,0.6947447657585144,0.3052552342414856
PETS_CREDIT_high_eff_su2_r5_d6_b05__none,none,lattice_round,6c0e663b6848864dc914,1,1,0,0.583942174911499,0.41605785489082336
PETS_CREDIT_high_eff_su2_r5_d6_b05__none,none,lattice_round,78edbc6916b12b570866,1,0,0,0.8677626848220825,0.13223733007907867
PETS_CREDIT_high_eff_su2_r5_d6_b05__none,none,lattice_round,5688d9df8bbfc61d89e9,1,0,0,0.8922299146652222,0.10777010768651962
PETS_CREDIT_high_eff_su2_r5_d6_b05__none,none,lattice_round,e030c0aa4ae0f1011f2f,1,0,0,0.9590749144554138,0.04092508181929588
PETS_CREDIT_high_eff_su2_r5_d6_b05__none,none,lattice_round,25282b20e9c64236ec4d,1,0,0,0.8344114422798157,0.1655885875225067
PETS_CREDIT_high_eff_su2_r5_d6_b05__none,none,lattice_round,14ee67db08b82edf07a3,1,0,0,0.9428404569625854,0.05715953931212425
PETS_CREDIT_high_eff_su2_r5_d6_b05__none,none,lattice_round,d46f8b9f4d57f90db615,1,0,0,0.6095440983772278,0.3904559314250946
PETS_CREDIT_high_eff_su2_r5_d6_b05__none,none,lattice_round,83a947285ea3ca8494da,1,0,0,0.8234086036682129,0.1765914112329483
PETS_CREDIT_high_eff_su2_r5_d6_b05__none,none,lattice_round,4dde24d981dd8981f71f,1,0,0,0.8902643322944641,0.10973567515611649
PETS_CREDIT_high_eff_su2_r5_d6_b05__none,none,lattice_round,5e48c11768cb070aefe6,1,1,0,0.7684862017631531,0.23151376843452454
PETS_CREDIT_high_eff_su2_r5_d6_b05__none,none,lattice_round,6f47824d3363865de61a,1,0,0,0.9065183401107788,0.09348167479038239
PETS_CREDIT_high_eff_su2_r5_d6_b05__none,none,lattice_round,f332cc500c7a62b19024,1,1,0,0.5050646662712097,0.49493536353111267
PETS_CREDIT_high_eff_su2_r5_d6_b05__none,none,lattice_round,192395141a760795b97a,1,0,0,0.9003265500068665,0.09967347979545593
PETS_CREDIT_high_eff_su2_r5_d6_b05__none,none,lattice_round,9fc5fbe55717fe6862a4,1,0,0,0.7589932084083557,0.24100671708583832
PETS_CREDIT_high_eff_su2_r5_d6_b05__none,none,lattice_round,8fe0ac3103b5acc00cdc,1,0,0,0.6872756481170654,0.31272438168525696
PETS_CREDIT_high_eff_su2_r5_d6_b05__none,none,lattice_round,2a9dbe944756407f3c68,1,1,1,0.4983070194721222,0.5016929507255554
PETS_CREDIT_high_eff_su2_r5_d6_b05__none,none,lattice_round,5f9c02f5ec03a28e4f53,1,0,0,0.646615207195282,0.353384792804718
PETS_CREDIT_high_eff_su2_r5_d6_b05__none,none,lattice_round,b84ff32b3c14263b0dd5,1,0,0,0.7935654520988464,0.20643456280231476
PETS_CREDIT_high_eff_su2_r5_d6_b05__none,none,lattice_round,7be2869c238aa35d440a,1,0,0,0.9394736289978027,0.06052640080451965
PETS_CREDIT_high_eff_su2_r5_d6_b05__none,none,lattice_round,11ccb38ba9653d61e950,1,0,0,0.8693698644638062,0.13063015043735504
PETS_CREDIT_high_eff_su2_r5_d6_b05__none,none,lattice_round,619b46d6086e6aad3d84,1,1,0,0.6031050682067871,0.3968949615955353
PETS_CREDIT_high_eff_su2_r5_d6_b05__none,none,lattice_round,526cee77dcfea7ee8138,1,0,0,0.8271140456199646,0.1728859394788742
PETS_CREDIT_high_eff_su2_r5_d6_b05__none,none,lattice_round,a1b01a469dc7802f51d3,1,0,0,0.9050859212875366,0.09491406381130219
PETS_CREDIT_high_eff_su2_r5_d6_b05__none,none,lattice_round,5383d08662564ec7ab0d,1,0,0,0.9623185396194458,0.03768148645758629
PETS_CREDIT_high_eff_su2_r5_d6_b05__none,none,lattice_round,006df97946d214e0111f,1,0,0,0.7949731945991516,0.20502685010433197
PETS_CREDIT_high_eff_su2_r5_d6_b05__none,none,lattice_round,a55e4e1cd3465563efc4,1,0,0,0.8748814463615417,0.12511855363845825
PETS_CREDIT_high_eff_su2_r5_d6_b05__none,none,lattice_round,24e13410bd96d58bb8a8,1,1,0,0.8191863298416138,0.18081367015838623
PETS_CREDIT_high_eff_su2_r5_d6_b05__none,none,lattice_round,4cfea97c73e6dbfbc698,1,1,1,0.48327362537384033,0.5167263746261597
PETS_CREDIT_high_eff_su2_r5_d6_b05__none,none,lattice_round,bd6c7e8fd4e7879e23df,1,0,0,0.6913679838180542,0.3086320161819458
PETS_CREDIT_high_eff_su2_r5_d6_b05__none,none,lattice_round,ab00e756b29c98fd6674,1,0,1,0.48661819100379944,0.513381838798523
PETS_CREDIT_high_eff_su2_r5_d6_b05__none,none,lattice_round,d1d396dc69ac0aeade66,1,0,0,0.8129197359085083,0.1870802938938141
PETS_CREDIT_high_eff_su2_r5_d6_b05__none,none,lattice_round,47955bec8c8c8b0d6ecd,0,0,1,0.4969906508922577,0.5030093789100647
PETS_CREDIT_high_eff_su2_r5_d6_b05__none,none,lattice_round,4870b03a707763215d98,0,0,0,0.6019455194473267,0.39805445075035095
PETS_CREDIT_high_eff_su2_r5_d6_b05__none,none,lattice_round,973b033623e52ecc534b,0,0,0,0.5508140325546265,0.44918596744537354
PETS_CREDIT_high_eff_su2_r5_d6_b05__none,none,lattice_round,4a7e26fbb5313c542529,0,0,0,0.6717150807380676,0.32828497886657715
PETS_CREDIT_high_eff_su2_r5_d6_b05__none,none,lattice_round,e0fbea9eec804256c1cb,0,0,0,0.6161295175552368,0.38387051224708557
PETS_CREDIT_high_eff_su2_r5_d6_b05__none,none,lattice_round,e1a1ee7cf7bc7087e5f2,0,1,0,0.6906208992004395,0.30937913060188293
PETS_CREDIT_high_eff_su2_r5_d6_b05__none,none,lattice_round,eba21bceeb2ef13343ed,0,0,0,0.7361013889312744,0.2638985812664032
PETS_CREDIT_high_eff_su2_r5_d6_b05__none,none,lattice_round,636ac12d78460625de40,0,1,1,0.33781012892723083,0.6621898412704468
PETS_CREDIT_high_eff_su2_r5_d6_b05__none,none,lattice_round,937e67166f6df199553e,0,1,0,0.9620156288146973,0.03798435628414154
PETS_CREDIT_high_eff_su2_r5_d6_b05__none,none,lattice_round,f6e997c880eee2e368a1,0,0,0,0.9321054816246033,0.06789450347423553
PETS_CREDIT_high_eff_su2_r5_d6_b05__none,none,lattice_round,236eaf6e697017b75006,0,0,0,0.7926461100578308,0.2073538601398468
PETS_CREDIT_high_eff_su2_r5_d6_b05__none,none,lattice_round,ae625b0f03d9312f7a56,0,0,0,0.8873023390769958,0.11269766092300415
PETS_CREDIT_high_eff_su2_r5_d6_b05__none,none,lattice_round,46a774fc49ba1bf8ef50,0,0,0,0.5073794722557068,0.4926205277442932
PETS_CREDIT_high_eff_su2_r5_d6_b05__none,none,lattice_round,8bb5ffd15a60cfa78147,0,0,0,0.5775197148323059,0.4224802851676941
PETS_CREDIT_high_eff_su2_r5_d6_b05__none,none,lattice_round,d89024b6830b15f365f2,0,0,0,0.950130820274353,0.04986920580267906
PETS_CREDIT_high_eff_su2_r5_d6_b05__none,none,lattice_round,21bbec3cf4631e34985a,0,1,0,0.9161044359207153,0.08389551192522049
PETS_CREDIT_high_eff_su2_r5_d6_b05__none,none,lattice_round,0640a9b8fe04a4c66235,0,0,0,0.5822299122810364,0.41777005791664124
PETS_CREDIT_high_eff_su2_r5_d6_b05__none,none,lattice_round,d84827a745d8252e9fdb,0,0,0,0.6967758536338806,0.303224116563797
PETS_CREDIT_high_eff_su2_r5_d6_b05__none,none,lattice_round,bf631b93f55e0e82f795,0,0,0,0.9902732372283936,0.00972678605467081
PETS_CREDIT_high_eff_su2_r5_d6_b05__none,none,lattice_round,ae877d0841e52284f9ab,0,1,0,0.7574355602264404,0.24256448447704315
PETS_CREDIT_high_eff_su2_r5_d6_b05__none,none,lattice_round,bb7f875f1115ea715160,0,0,0,0.9095731973648071,0.09042678773403168
PETS_CREDIT_high_eff_su2_r5_d6_b05__none,none,lattice_round,7ac291fce946af57066d,0,0,0,0.9207757115364075,0.07922431081533432
PETS_CREDIT_high_eff_su2_r5_d6_b05__none,none,lattice_round,b4a42897a34004c35deb,0,0,0,0.7685988545417786,0.23140117526054382
PETS_CREDIT_high_eff_su2_r5_d6_b05__none,none,lattice_round,8dcf26c9f074a4b5de0e,0,0,0,0.9262457489967346,0.07375426590442657
PETS_CREDIT_high_eff_su2_r5_d6_b05__none,none,lattice_round,6732cf9cccc2b370e663,0,0,0,0.7281062602996826,0.2718937397003174
PETS_CREDIT_high_eff_su2_r5_d6_b05__none,none,lattice_round,803f6dc8a9f94d6165d6,0,0,0,0.9185333847999573,0.08146657049655914
PETS_CREDIT_high_eff_su2_r5_d6_b05__none,none,lattice_round,bbf9af27413caa9a409b,0,0,0,0.998662531375885,0.0013374716509133577
PETS_CREDIT_high_eff_su2_r5_d6_b05__none,none,lattice_round,5c7d8f33e88909bece76,0,0,0,0.5331342816352844,0.46686574816703796
PETS_CREDIT_high_eff_su2_r5_d6_b05__none,none,lattice_round,91005bada1d0884a288c,0,0,0,0.8349944353103638,0.16500556468963623
PETS_CREDIT_high_eff_su2_r5_d6_b05__none,none,lattice_round,83de8120182780af5f0a,0,0,0,0.7677149772644043,0.2322850376367569
PETS_CREDIT_high_eff_su2_r5_d6_b05__none,none,lattice_round,da621ab9085bc819936a,0,0,0,0.8049662709236145,0.19503377377986908
PETS_CREDIT_high_eff_su2_r5_d6_b05__none,none,lattice_round,d186b88534c1a687d1fd,0,0,0,0.9985042810440063,0.0014957728562876582
PETS_CREDIT_high_eff_su2_r5_d6_b05__none,none,lattice_round,d1cde013445a8f9f3504,0,1,0,0.9328774213790894,0.06712257117033005
PETS_CREDIT_high_eff_su2_r5_d6_b05__none,none,lattice_round,53e30cae631c15e8b1d5,0,0,0,0.7806538939476013,0.21934610605239868
PETS_CREDIT_high_eff_su2_r5_d6_b05__none,none,lattice_round,a689473198564f121a85,0,1,0,0.6836376190185547,0.3163624405860901
PETS_CREDIT_high_eff_su2_r5_d6_b05__none,none,lattice_round,c10dfecdb29ac7d481e4,0,0,0,0.9691941738128662,0.030805815011262894
PETS_CREDIT_high_eff_su2_r5_d6_b05__none,none,lattice_round,43ee1b0713731f54ca85,0,0,0,0.5343945622444153,0.4656054377555847
PETS_CREDIT_high_eff_su2_r5_d6_b05__none,none,lattice_round,569a1dec78d4c5cb931c,0,0,0,0.8619382977485657,0.1380617320537567
PETS_CREDIT_high_eff_su2_r5_d6_b05__none,none,lattice_round,3692ecea3b8cc152ac74,0,1,0,0.9220492839813232,0.07795074582099915
PETS_CREDIT_high_eff_su2_r5_d6_b05__none,none,lattice_round,b491e0865758acb4579a,0,0,0,0.5833510160446167,0.4166490137577057
PETS_CREDIT_high_eff_su2_r5_d6_b05__none,none,lattice_round,e0ac38996eb0bdc23a98,0,0,1,0.3920721709728241,0.6079278588294983
PETS_CREDIT_high_eff_su2_r5_d6_b05__none,none,lattice_round,d5989943e0fb0da2a065,0,1,0,0.862942636013031,0.13705739378929138
PETS_CREDIT_high_eff_su2_r5_d6_b05__none,none,lattice_round,27c6f10b367e05043c90,0,0,0,0.9744506478309631,0.025549305602908134
PETS_CREDIT_high_eff_su2_r5_d6_b05__none,none,lattice_round,551fc490ff090636fc6c,0,0,0,0.8819323182106018,0.11806769669055939
PETS_CREDIT_high_eff_su2_r5_d6_b05__none,none,lattice_round,414e7f5b15c171415829,0,0,0,0.7927365899085999,0.20726333558559418
PETS_CREDIT_high_eff_su2_r5_d6_b05__none,none,lattice_round,11507b01792898120b8e,0,0,0,0.7793798446655273,0.22062017023563385
PETS_CREDIT_high_eff_su2_r5_d6_b05__none,none,lattice_round,d219a9acadf7d11fea78,0,0,0,0.6628051400184631,0.33719488978385925
PETS_CREDIT_high_eff_su2_r5_d6_b05__none,none,lattice_round,18057cb4cbc93a14717b,0,0,0,0.7724575400352478,0.2275424301624298
PETS_CREDIT_high_eff_su2_r5_d6_b05__none,none,lattice_round,56a32270ddad65bb2116,0,1,0,0.9245191812515259,0.07548080384731293
PETS_CREDIT_high_eff_su2_r5_d6_b05__none,none,lattice_round,fb9ae5bbd7f4003062af,0,0,0,0.9895802140235901,0.010419783182442188
PETS_CREDIT_high_eff_su2_r5_d6_b05__none,none,lattice_round,4a745272a6e280333278,0,0,0,0.6806246042251587,0.3193753659725189
PETS_CREDIT_high_eff_su2_r5_d6_b05__none,none,lattice_round,2cc5d410506194a74986,0,0,0,0.6310134530067444,0.368986576795578
PETS_CREDIT_high_eff_su2_r5_d6_b05__none,none,lattice_round,afbdd16def46495289d4,0,0,0,0.8765081167221069,0.12349187582731247
PETS_CREDIT_high_eff_su2_r5_d6_b05__none,none,lattice_round,8438c71f237ca7ba0184,0,0,0,0.9561706185340881,0.043829429894685745
PETS_CREDIT_high_eff_su2_r5_d6_b05__none,none,lattice_round,cf06e4f28d94416e4731,0,1,0,0.5242573618888855,0.4757426381111145
PETS_CREDIT_high_eff_su2_r5_d6_b05__none,none,lattice_round,30264bd9cc543cb1bc1b,0,1,0,0.6364673376083374,0.3635326623916626
PETS_CREDIT_high_eff_su2_r5_d6_b05__none,none,lattice_round,330ffbdc46d820844534,0,0,0,0.86602783203125,0.1339721828699112
PETS_CREDIT_high_eff_su2_r5_d6_b05__none,none,lattice_round,c3a93d319be966c47e7e,0,1,0,0.5172061324119568,0.4827938675880432
PETS_CREDIT_high_eff_su2_r5_d6_b05__none,none,lattice_round,f54953944639c1b8b976,0,0,0,0.7613776922225952,0.23862236738204956
PETS_CREDIT_high_eff_su2_r5_d6_b05__none,none,lattice_round,dbf3024efa8e9fda1d7b,0,0,0,0.9269376993179321,0.07306231558322906
PETS_CREDIT_high_eff_su2_r5_d6_b05__none,none,lattice_round,d927aacafee2577fc652,0,1,0,0.9859198331832886,0.01408017985522747
PETS_CREDIT_high_eff_su2_r5_d6_b05__none,none,lattice_round,96d7b0e605b9b663903a,0,1,1,0.4472115635871887,0.5527884364128113
PETS_CREDIT_high_eff_su2_r5_d6_b05__none,none,lattice_round,70a27e98ce00d39e949a,0,0,0,0.8279755711555481,0.1720244139432907
PETS_CREDIT_high_eff_su2_r5_d6_b05__none,none,lattice_round,12f413792494f36fcea9,0,0,0,0.6943536996841431,0.30564630031585693
PETS_CREDIT_high_eff_su2_r5_d6_b05__none,none,lattice_round,6877216a639061dee96a,0,0,0,0.6207676529884338,0.37923237681388855
PETS_CREDIT_high_eff_su2_r5_d6_b05__none,none,lattice_round,e034c7956deeea8c9ddc,0,0,0,0.5370784997940063,0.46292147040367126
PETS_CREDIT_high_eff_su2_r5_d6_b05__none,none,lattice_round,15c3301e2604322dfc7b,0,0,1,0.3850386142730713,0.6149613857269287
PETS_CREDIT_high_eff_su2_r5_d6_b05__none,none,lattice_round,c684bddcfbca03359777,0,0,0,0.9524065256118774,0.04759347066283226
PETS_CREDIT_high_eff_su2_r5_d6_b05__none,none,lattice_round,8226b41e21b5ecf3c52e,0,0,0,0.6722338199615479,0.32776618003845215
PETS_CREDIT_high_eff_su2_r5_d6_b05__none,none,lattice_round,ada868403e0aacd584e1,0,1,0,0.8671517968177795,0.13284818828105927
PETS_CREDIT_high_eff_su2_r5_d6_b05__none,none,lattice_round,3ee271bb0627b25426f5,0,0,0,0.8473802208900452,0.15261977910995483
PETS_CREDIT_high_eff_su2_r5_d6_b05__none,none,lattice_round,a36d92b052080609dee1,0,0,0,0.8981230854988098,0.1018768921494484
PETS_CREDIT_high_eff_su2_r5_d6_b05__none,none,lattice_round,5c479147049976461a13,0,0,0,0.8065208792686462,0.19347915053367615
PETS_CREDIT_high_eff_su2_r5_d6_b05__none,none,lattice_round,9f0ccb4eb0a2a0319524,0,0,0,0.9262016415596008,0.07379841804504395
PETS_CREDIT_high_eff_su2_r5_d6_b05__none,none,lattice_round,c98e7a188d21f2d4c7c5,0,0,0,0.6275575160980225,0.37244245409965515
PETS_CREDIT_high_eff_su2_r5_d6_b05__none,none,lattice_round,5b2db4db5a42bc1bb4a0,0,0,1,0.43754780292510986,0.5624521970748901
PETS_CREDIT_high_eff_su2_r5_d6_b05__none,none,lattice_round,1858881e224796b84682,0,0,0,0.5059467554092407,0.49405327439308167
PETS_CREDIT_high_eff_su2_r5_d6_b05__none,none,lattice_round,4f0ddef9065568908648,0,0,0,0.7959437370300293,0.2040562480688095
PETS_CREDIT_high_eff_su2_r5_d6_b05__none,none,lattice_round,183550075bfd51b6e0e9,0,1,0,0.5650857090950012,0.43491432070732117
PETS_CREDIT_high_eff_su2_r5_d6_b05__none,none,lattice_round,316a77ab3de3e27ff918,0,0,0,0.890853226184845,0.10914674401283264
PETS_CREDIT_high_eff_su2_r5_d6_b05__none,none,lattice_round,97d45a0366e6e1aa81c9,0,1,0,0.9187722206115723,0.08122774958610535
PETS_CREDIT_high_eff_su2_r5_d6_b05__none,none,lattice_round,0bdd92075dfdd7271ec4,0,0,0,0.8928903341293335,0.10710970312356949
PETS_CREDIT_high_eff_su2_r5_d6_b05__none,none,lattice_round,3610e0e36736e57a4ac1,0,0,0,0.957073450088501,0.04292657971382141
PETS_CREDIT_high_eff_su2_r5_d6_b05__none,none,lattice_round,49ac71e389f7c7ee906a,0,0,0,0.9449982643127441,0.05500171706080437
PETS_CREDIT_high_eff_su2_r5_d6_b05__none,none,lattice_round,0a64aa2e5b95fcf231dd,0,1,0,0.8900061249732971,0.10999389737844467
PETS_CREDIT_high_eff_su2_r5_d6_b05__none,none,lattice_round,89f73d583d37c6f94431,0,0,0,0.6555019021034241,0.3444981276988983
PETS_CREDIT_high_eff_su2_r5_d6_b05__none,none,lattice_round,34c0e5ef4812a33d78b4,0,0,0,0.7361665964126587,0.2638333737850189
PETS_CREDIT_high_eff_su2_r5_d6_b05__none,none,lattice_round,27a8bdb86da088cc0ec0,0,0,0,0.577801525592804,0.42219847440719604
PETS_CREDIT_high_eff_su2_r5_d6_b05__none,none,lattice_round,c11b3ed277f799abf829,0,0,0,0.5306779146194458,0.4693220853805542
PETS_CREDIT_high_eff_su2_r5_d6_b05__none,none,lattice_round,53d98013cc132869d89f,0,1,0,0.734103798866272,0.26589617133140564
PETS_CREDIT_high_eff_su2_r5_d6_b05__none,none,lattice_round,35f39fb3290dd3876c4e,0,0,0,0.6291860938072205,0.37081390619277954
PETS_CREDIT_high_eff_su2_r5_d6_b05__none,none,lattice_round,add15bce63d585c10154,0,0,0,0.9468638300895691,0.053136181086301804
PETS_CREDIT_high_eff_su2_r5_d6_b05__none,none,lattice_round,c0386f52ee8eb9782e96,0,0,0,0.6202295422554016,0.379770427942276
PETS_CREDIT_high_eff_su2_r5_d6_b05__none,none,lattice_round,201287d880b5985ef4a2,0,0,0,0.9264368414878845,0.07356318086385727
PETS_CREDIT_high_eff_su2_r5_d6_b05__none,none,lattice_round,54c071ac06a40c97bb56,0,0,0,0.7578372359275818,0.24216273427009583
PETS_CREDIT_high_eff_su2_r5_d6_b05__none,none,lattice_round,f8f44150ace4d5e110b6,0,1,0,0.9107378721237183,0.08926214277744293
PETS_CREDIT_high_eff_su2_r5_d6_b05__none,none,lattice_round,15e0146e9b8967882d3c,0,1,0,0.7156978249549866,0.28430214524269104
PETS_CREDIT_high_eff_su2_r5_d6_b05__none,none,lattice_round,a670309c70dd483bd34e,0,0,0,0.8487618565559387,0.1512381136417389
PETS_CREDIT_high_eff_su2_r5_d6_b05__none,none,lattice_round,3cb6ff56ab7911392172,0,0,0,0.6899980902671814,0.3100019097328186
PETS_CREDIT_high_eff_su2_r5_d6_b05__none,none,lattice_round,4c3cfe1fe9e491bb9c0e,0,0,0,0.9131883978843689,0.0868116170167923
PETS_CREDIT_high_eff_su2_r5_d6_b05__none,none,memgq_lattice,b95d8aa7591c7887c05c,1,0,0,0.8539671897888184,0.14603284001350403
PETS_CREDIT_high_eff_su2_r5_d6_b05__none,none,memgq_lattice,aaca4c9adb936209ae4f,1,0,0,0.8514840602874756,0.1485159993171692
PETS_CREDIT_high_eff_su2_r5_d6_b05__none,none,memgq_lattice,f640cb068a6e0cafd8f7,1,0,0,0.8444762825965881,0.15552373230457306
PETS_CREDIT_high_eff_su2_r5_d6_b05__none,none,memgq_lattice,bf5a9031a45524933e21,1,0,0,0.7590453028678894,0.24095472693443298
PETS_CREDIT_high_eff_su2_r5_d6_b05__none,none,memgq_lattice,6ea2a519a69c09016323,1,0,0,0.8215661644935608,0.1784338802099228
PETS_CREDIT_high_eff_su2_r5_d6_b05__none,none,memgq_lattice,092efc45ab978715a8fa,1,1,0,0.8355733156204224,0.16442669928073883
PETS_CREDIT_high_eff_su2_r5_d6_b05__none,none,memgq_lattice,e0b33cacbadcac9f3d26,1,0,0,0.8501067161560059,0.14989326894283295
PETS_CREDIT_high_eff_su2_r5_d6_b05__none,none,memgq_lattice,69ef03b5c6f4f7ecef33,1,1,0,0.7621968388557434,0.2378031611442566
PETS_CREDIT_high_eff_su2_r5_d6_b05__none,none,memgq_lattice,4aa64c627cb9b82d7f42,1,1,1,0.21228444576263428,0.7877155542373657
PETS_CREDIT_high_eff_su2_r5_d6_b05__none,none,memgq_lattice,0772d1e68bccea98e68f,1,0,0,0.7843738794326782,0.21562610566616058
PETS_CREDIT_high_eff_su2_r5_d6_b05__none,none,memgq_lattice,85bbf6f61dd23b95b6e7,1,0,0,0.7971073389053345,0.20289269089698792
PETS_CREDIT_high_eff_su2_r5_d6_b05__none,none,memgq_lattice,1c7eb9e50fc08e5f8cf0,1,0,0,0.8502135872840881,0.14978642761707306
PETS_CREDIT_high_eff_su2_r5_d6_b05__none,none,memgq_lattice,c91e3b5a028c06ad1f92,1,0,0,0.796384871006012,0.20361512899398804
PETS_CREDIT_high_eff_su2_r5_d6_b05__none,none,memgq_lattice,d606f1831b9734bb90e1,1,0,0,0.8140298128128052,0.1859702467918396
PETS_CREDIT_high_eff_su2_r5_d6_b05__none,none,memgq_lattice,5b7629cbd1fb6e879520,1,0,0,0.8408149480819702,0.1591850370168686
PETS_CREDIT_high_eff_su2_r5_d6_b05__none,none,memgq_lattice,00405a37dd709b2d51a8,1,1,0,0.7794302105903625,0.22056977450847626
PETS_CREDIT_high_eff_su2_r5_d6_b05__none,none,memgq_lattice,434123980ae7f6c38b02,1,0,0,0.8554449677467346,0.14455503225326538
PETS_CREDIT_high_eff_su2_r5_d6_b05__none,none,memgq_lattice,07d4d260e30d7cf5b71f,1,0,0,0.7859506607055664,0.21404936909675598
PETS_CREDIT_high_eff_su2_r5_d6_b05__none,none,memgq_lattice,d2c3d34fb102babfa194,1,0,0,0.7887824773788452,0.21121752262115479
PETS_CREDIT_high_eff_su2_r5_d6_b05__none,none,memgq_lattice,ab97fae957e08270ffce,1,1,0,0.8410588502883911,0.15894120931625366
PETS_CREDIT_high_eff_su2_r5_d6_b05__none,none,memgq_lattice,a5628044ec0880a52490,1,0,0,0.8475906252861023,0.1524093747138977
PETS_CREDIT_high_eff_su2_r5_d6_b05__none,none,memgq_lattice,4df4658f2eb41564da87,1,0,0,0.782848060131073,0.2171519696712494
PETS_CREDIT_high_eff_su2_r5_d6_b05__none,none,memgq_lattice,c4b2c9357254e51af6a9,1,0,0,0.7984834313392639,0.2015165388584137
PETS_CREDIT_high_eff_su2_r5_d6_b05__none,none,memgq_lattice,dba69027df0122535f19,1,0,0,0.8426551222801208,0.15734484791755676
PETS_CREDIT_high_eff_su2_r5_d6_b05__none,none,memgq_lattice,e07f107ec2deef516f4f,1,0,0,0.7930660843849182,0.20693394541740417
PETS_CREDIT_high_eff_su2_r5_d6_b05__none,none,memgq_lattice,49b15e9ec4784be42cd2,1,0,0,0.8513645529747009,0.14863546192646027
PETS_CREDIT_high_eff_su2_r5_d6_b05__none,none,memgq_lattice,08a6c27fcb32f81ff375,1,0,0,0.8315486907958984,0.16845133900642395
PETS_CREDIT_high_eff_su2_r5_d6_b05__none,none,memgq_lattice,c536d8f2ff559c7756e7,1,0,0,0.8344215154647827,0.1655784696340561
PETS_CREDIT_high_eff_su2_r5_d6_b05__none,none,memgq_lattice,0ec364cc4624f409f87e,1,0,0,0.7918339371681213,0.20816603302955627
PETS_CREDIT_high_eff_su2_r5_d6_b05__none,none,memgq_lattice,46dbe6ca2f4531385a05,1,0,0,0.8376976251602173,0.1623023897409439
PETS_CREDIT_high_eff_su2_r5_d6_b05__none,none,memgq_lattice,c75c31af2389cc3a594f,1,0,0,0.848662257194519,0.15133771300315857
PETS_CREDIT_high_eff_su2_r5_d6_b05__none,none,memgq_lattice,fb40711278aca2b43c69,1,0,0,0.7863331437110901,0.2136669009923935
PETS_CREDIT_high_eff_su2_r5_d6_b05__none,none,memgq_lattice,d9170d275d5e05922e82,1,1,0,0.7845417857170105,0.21545825898647308
PETS_CREDIT_high_eff_su2_r5_d6_b05__none,none,memgq_lattice,2c3058336909d855b1f0,1,0,0,0.8344433307647705,0.16555669903755188
PETS_CREDIT_high_eff_su2_r5_d6_b05__none,none,memgq_lattice,df16a30c67111933fccc,1,1,0,0.8188602328300476,0.18113979697227478
PETS_CREDIT_high_eff_su2_r5_d6_b05__none,none,memgq_lattice,70d271c728323ea28d90,1,0,0,0.7846453785896301,0.21535465121269226
PETS_CREDIT_high_eff_su2_r5_d6_b05__none,none,memgq_lattice,e76cce60bc3507d0d7b2,1,0,0,0.7967987656593323,0.20320120453834534
PETS_CREDIT_high_eff_su2_r5_d6_b05__none,none,memgq_lattice,5cb75d859aa2d3df94b0,1,0,0,0.8765259981155396,0.12347405403852463
PETS_CREDIT_high_eff_su2_r5_d6_b05__none,none,memgq_lattice,26b6a5da65cdaeb8e184,1,1,1,0.20335666835308075,0.7966433167457581
PETS_CREDIT_high_eff_su2_r5_d6_b05__none,none,memgq_lattice,f073d35785cf76f1409c,1,0,0,0.7491737008094788,0.25082629919052124
PETS_CREDIT_high_eff_su2_r5_d6_b05__none,none,memgq_lattice,7311863aa70952806ffc,1,0,0,0.8633392453193665,0.13666081428527832
PETS_CREDIT_high_eff_su2_r5_d6_b05__none,none,memgq_lattice,073dbbd888ef767c75de,1,1,0,0.8555066585540771,0.14449338614940643
PETS_CREDIT_high_eff_su2_r5_d6_b05__none,none,memgq_lattice,58cb80b3d0535cb4343a,1,0,0,0.8288217186927795,0.17117832601070404
PETS_CREDIT_high_eff_su2_r5_d6_b05__none,none,memgq_lattice,4b85b1f42c0154e0d47c,1,0,0,0.7469072937965393,0.2530927062034607
PETS_CREDIT_high_eff_su2_r5_d6_b05__none,none,memgq_lattice,9eb158e3cbe5bc901e26,1,0,1,0.2371610403060913,0.7628390192985535
PETS_CREDIT_high_eff_su2_r5_d6_b05__none,none,memgq_lattice,877b93e6aa8797d2cd0b,1,0,0,0.8489476442337036,0.1510523408651352
PETS_CREDIT_high_eff_su2_r5_d6_b05__none,none,memgq_lattice,988a4b4dcb53bafffb01,1,0,0,0.8049123287200928,0.19508764147758484
PETS_CREDIT_high_eff_su2_r5_d6_b05__none,none,memgq_lattice,d75c3e52dbcaf5a5ec2a,1,0,0,0.8545929193496704,0.14540712535381317
PETS_CREDIT_high_eff_su2_r5_d6_b05__none,none,memgq_lattice,01743ddf295d8f6b5a46,1,1,1,0.13412974774837494,0.8658702373504639
PETS_CREDIT_high_eff_su2_r5_d6_b05__none,none,memgq_lattice,39f8154e08ad72170108,1,0,0,0.8416252732276917,0.15837475657463074
PETS_CREDIT_high_eff_su2_r5_d6_b05__none,none,memgq_lattice,1dd9f8371cdcaa1758b3,1,0,0,0.8227953314781189,0.1772046685218811
PETS_CREDIT_high_eff_su2_r5_d6_b05__none,none,memgq_lattice,ae429a6a1d645aacb94e,1,0,0,0.7904113531112671,0.2095886766910553
PETS_CREDIT_high_eff_su2_r5_d6_b05__none,none,memgq_lattice,b91b8614dbf7826436cf,1,0,0,0.8087005019187927,0.19129952788352966
PETS_CREDIT_high_eff_su2_r5_d6_b05__none,none,memgq_lattice,4def6ca8e27be84aeb54,1,0,0,0.7950314283370972,0.20496857166290283
PETS_CREDIT_high_eff_su2_r5_d6_b05__none,none,memgq_lattice,8d5ec20ca179ede5da84,1,1,1,0.20530758798122406,0.79469233751297
PETS_CREDIT_high_eff_su2_r5_d6_b05__none,none,memgq_lattice,7ce1135db7560daf7e70,1,1,0,0.7616753578186035,0.23832464218139648
PETS_CREDIT_high_eff_su2_r5_d6_b05__none,none,memgq_lattice,8120fa8a41158dba642d,1,0,0,0.8238530158996582,0.17614704370498657
PETS_CREDIT_high_eff_su2_r5_d6_b05__none,none,memgq_lattice,2f5a23022990244c47e8,1,1,0,0.8057344555854797,0.19426557421684265
PETS_CREDIT_high_eff_su2_r5_d6_b05__none,none,memgq_lattice,1819fe5c399a17316fee,1,0,0,0.8750956058502197,0.12490440160036087
PETS_CREDIT_high_eff_su2_r5_d6_b05__none,none,memgq_lattice,70e46e61db439dd8e308,1,0,0,0.8383339047431946,0.16166609525680542
PETS_CREDIT_high_eff_su2_r5_d6_b05__none,none,memgq_lattice,66fa33821884d4568b02,1,1,0,0.7571770548820496,0.24282291531562805
PETS_CREDIT_high_eff_su2_r5_d6_b05__none,none,memgq_lattice,cbd912351cdbc83a9184,1,1,0,0.760807454586029,0.23919254541397095
PETS_CREDIT_high_eff_su2_r5_d6_b05__none,none,memgq_lattice,f3ca91dd8e5aba8d83d9,1,0,0,0.8683652281761169,0.13163475692272186
PETS_CREDIT_high_eff_su2_r5_d6_b05__none,none,memgq_lattice,6992a9babb7ae6302cb5,1,0,0,0.8606823682785034,0.13931766152381897
PETS_CREDIT_high_eff_su2_r5_d6_b05__none,none,memgq_lattice,bf465d63c434358f77e4,1,0,0,0.7714943885803223,0.22850559651851654
PETS_CREDIT_high_eff_su2_r5_d6_b05__none,none,memgq_lattice,6a75db22a6087741eef2,1,0,0,0.821632981300354,0.17836706340312958
PETS_CREDIT_high_eff_su2_r5_d6_b05__none,none,memgq_lattice,973b363916938dbaaf31,1,0,1,0.24765583872795105,0.7523441314697266
PETS_CREDIT_high_eff_su2_r5_d6_b05__none,none,memgq_lattice,072f10d00d9156aab9f2,1,0,0,0.7609076499938965,0.23909233510494232
PETS_CREDIT_high_eff_su2_r5_d6_b05__none,none,memgq_lattice,0acc109e58c1c7823ce7,1,0,0,0.8550077676773071,0.14499224722385406
PETS_CREDIT_high_eff_su2_r5_d6_b05__none,none,memgq_lattice,6c0e663b6848864dc914,1,1,0,0.7843183875083923,0.21568164229393005
PETS_CREDIT_high_eff_su2_r5_d6_b05__none,none,memgq_lattice,78edbc6916b12b570866,1,0,0,0.8677626848220825,0.13223733007907867
PETS_CREDIT_high_eff_su2_r5_d6_b05__none,none,memgq_lattice,5688d9df8bbfc61d89e9,1,0,0,0.7616395950317383,0.2383604347705841
PETS_CREDIT_high_eff_su2_r5_d6_b05__none,none,memgq_lattice,e030c0aa4ae0f1011f2f,1,0,0,0.7773272395133972,0.22267276048660278
PETS_CREDIT_high_eff_su2_r5_d6_b05__none,none,memgq_lattice,25282b20e9c64236ec4d,1,0,0,0.8344114422798157,0.1655885875225067
PETS_CREDIT_high_eff_su2_r5_d6_b05__none,none,memgq_lattice,14ee67db08b82edf07a3,1,0,0,0.8642464280128479,0.1357535868883133
PETS_CREDIT_high_eff_su2_r5_d6_b05__none,none,memgq_lattice,d46f8b9f4d57f90db615,1,0,0,0.8017758131027222,0.1982242316007614
PETS_CREDIT_high_eff_su2_r5_d6_b05__none,none,memgq_lattice,83a947285ea3ca8494da,1,0,0,0.8234086036682129,0.1765914112329483
PETS_CREDIT_high_eff_su2_r5_d6_b05__none,none,memgq_lattice,4dde24d981dd8981f71f,1,0,0,0.7579384446144104,0.24206160008907318
PETS_CREDIT_high_eff_su2_r5_d6_b05__none,none,memgq_lattice,5e48c11768cb070aefe6,1,1,0,0.7684862017631531,0.23151376843452454
PETS_CREDIT_high_eff_su2_r5_d6_b05__none,none,memgq_lattice,6f47824d3363865de61a,1,0,0,0.7891504764556885,0.2108495682477951
PETS_CREDIT_high_eff_su2_r5_d6_b05__none,none,memgq_lattice,f332cc500c7a62b19024,1,1,1,0.13195204734802246,0.8680479526519775
PETS_CREDIT_high_eff_su2_r5_d6_b05__none,none,memgq_lattice,192395141a760795b97a,1,0,0,0.7770962715148926,0.222903773188591
PETS_CREDIT_high_eff_su2_r5_d6_b05__none,none,memgq_lattice,9fc5fbe55717fe6862a4,1,0,0,0.7589932084083557,0.24100671708583832
PETS_CREDIT_high_eff_su2_r5_d6_b05__none,none,memgq_lattice,8fe0ac3103b5acc00cdc,1,0,0,0.8506168127059937,0.14938317239284515
PETS_CREDIT_high_eff_su2_r5_d6_b05__none,none,memgq_lattice,2a9dbe944756407f3c68,1,1,0,0.8695851564407349,0.13041482865810394
PETS_CREDIT_high_eff_su2_r5_d6_b05__none,none,memgq_lattice,5f9c02f5ec03a28e4f53,1,0,0,0.8258113861083984,0.17418858408927917
PETS_CREDIT_high_eff_su2_r5_d6_b05__none,none,memgq_lattice,b84ff32b3c14263b0dd5,1,0,0,0.7935654520988464,0.20643456280231476
PETS_CREDIT_high_eff_su2_r5_d6_b05__none,none,memgq_lattice,7be2869c238aa35d440a,1,0,0,0.8569525480270386,0.14304745197296143
PETS_CREDIT_high_eff_su2_r5_d6_b05__none,none,memgq_lattice,11ccb38ba9653d61e950,1,0,0,0.8693698644638062,0.13063015043735504
PETS_CREDIT_high_eff_su2_r5_d6_b05__none,none,memgq_lattice,619b46d6086e6aad3d84,1,1,0,0.7974534630775452,0.20254656672477722
PETS_CREDIT_high_eff_su2_r5_d6_b05__none,none,memgq_lattice,526cee77dcfea7ee8138,1,0,0,0.8271140456199646,0.1728859394788742
PETS_CREDIT_high_eff_su2_r5_d6_b05__none,none,memgq_lattice,a1b01a469dc7802f51d3,1,0,0,0.786343514919281,0.213656485080719
PETS_CREDIT_high_eff_su2_r5_d6_b05__none,none,memgq_lattice,5383d08662564ec7ab0d,1,0,0,0.7918493747711182,0.20815065503120422
PETS_CREDIT_high_eff_su2_r5_d6_b05__none,none,memgq_lattice,006df97946d214e0111f,1,0,0,0.7949731945991516,0.20502685010433197
PETS_CREDIT_high_eff_su2_r5_d6_b05__none,none,memgq_lattice,a55e4e1cd3465563efc4,1,0,0,0.8748814463615417,0.12511855363845825
PETS_CREDIT_high_eff_su2_r5_d6_b05__none,none,memgq_lattice,24e13410bd96d58bb8a8,1,1,0,0.8191863298416138,0.18081367015838623
PETS_CREDIT_high_eff_su2_r5_d6_b05__none,none,memgq_lattice,4cfea97c73e6dbfbc698,1,1,1,0.265229195356369,0.7347708344459534
PETS_CREDIT_high_eff_su2_r5_d6_b05__none,none,memgq_lattice,bd6c7e8fd4e7879e23df,1,0,0,0.8530287742614746,0.146971195936203
PETS_CREDIT_high_eff_su2_r5_d6_b05__none,none,memgq_lattice,ab00e756b29c98fd6674,1,0,1,0.12372615933418274,0.8762738108634949
PETS_CREDIT_high_eff_su2_r5_d6_b05__none,none,memgq_lattice,d1d396dc69ac0aeade66,1,0,0,0.8129197359085083,0.1870802938938141
PETS_CREDIT_high_eff_su2_r5_d6_b05__none,none,memgq_lattice,47955bec8c8c8b0d6ecd,0,0,1,0.12829649448394775,0.871703565120697
PETS_CREDIT_high_eff_su2_r5_d6_b05__none,none,memgq_lattice,4870b03a707763215d98,0,0,0,0.7966703176498413,0.20332971215248108
PETS_CREDIT_high_eff_su2_r5_d6_b05__none,none,memgq_lattice,973b033623e52ecc534b,0,0,0,0.7606040835380554,0.23939593136310577
PETS_CREDIT_high_eff_su2_r5_d6_b05__none,none,memgq_lattice,4a7e26fbb5313c542529,0,0,0,0.8413071632385254,0.158692866563797
PETS_CREDIT_high_eff_su2_r5_d6_b05__none,none,memgq_lattice,e0fbea9eec804256c1cb,0,0,0,0.8061501383781433,0.19384992122650146
PETS_CREDIT_high_eff_su2_r5_d6_b05__none,none,memgq_lattice,e1a1ee7cf7bc7087e5f2,0,1,0,0.8525895476341248,0.14741045236587524
PETS_CREDIT_high_eff_su2_r5_d6_b05__none,none,memgq_lattice,eba21bceeb2ef13343ed,0,0,0,0.7361013889312744,0.2638985812664032
PETS_CREDIT_high_eff_su2_r5_d6_b05__none,none,memgq_lattice,636ac12d78460625de40,0,1,1,0.16450241208076477,0.8354976177215576
PETS_CREDIT_high_eff_su2_r5_d6_b05__none,none,memgq_lattice,937e67166f6df199553e,0,1,0,0.7904745936393738,0.2095254361629486
PETS_CREDIT_high_eff_su2_r5_d6_b05__none,none,memgq_lattice,f6e997c880eee2e368a1,0,0,0,0.8412364721298218,0.15876354277133942
PETS_CREDIT_high_eff_su2_r5_d6_b05__none,none,memgq_lattice,236eaf6e697017b75006,0,0,0,0.7926461100578308,0.2073538601398468
PETS_CREDIT_high_eff_su2_r5_d6_b05__none,none,memgq_lattice,ae625b0f03d9312f7a56,0,0,0,0.7523980736732483,0.24760191142559052
PETS_CREDIT_high_eff_su2_r5_d6_b05__none,none,memgq_lattice,46a774fc49ba1bf8ef50,0,0,0,0.8736460208892822,0.12635400891304016
PETS_CREDIT_high_eff_su2_r5_d6_b05__none,none,memgq_lattice,8bb5ffd15a60cfa78147,0,0,0,0.7798227667808533,0.22017721831798553
PETS_CREDIT_high_eff_su2_r5_d6_b05__none,none,memgq_lattice,d89024b6830b15f365f2,0,0,0,0.739453136920929,0.26054689288139343
PETS_CREDIT_high_eff_su2_r5_d6_b05__none,none,memgq_lattice,21bbec3cf4631e34985a,0,1,0,0.8082260489463806,0.19177398085594177
PETS_CREDIT_high_eff_su2_r5_d6_b05__none,none,memgq_lattice,0640a9b8fe04a4c66235,0,0,0,0.7831245064735413,0.21687550842761993
PETS_CREDIT_high_eff_su2_r5_d6_b05__none,none,memgq_lattice,d84827a745d8252e9fdb,0,0,0,0.8561932444572449,0.14380677044391632
PETS_CREDIT_high_eff_su2_r5_d6_b05__none,none,memgq_lattice,bf631b93f55e0e82f795,0,0,0,0.8540836572647095,0.14591634273529053
PETS_CREDIT_high_eff_su2_r5_d6_b05__none,none,memgq_lattice,ae877d0841e52284f9ab,0,1,0,0.7574355602264404,0.24256448447704315
PETS_CREDIT_high_eff_su2_r5_d6_b05__none,none,memgq_lattice,bb7f875f1115ea715160,0,0,0,0.7951741814613342,0.20482583343982697
PETS_CREDIT_high_eff_su2_r5_d6_b05__none,none,memgq_lattice,7ac291fce946af57066d,0,0,0,0.8177086114883423,0.1822914183139801
PETS_CREDIT_high_eff_su2_r5_d6_b05__none,none,memgq_lattice,b4a42897a34004c35deb,0,0,0,0.7685988545417786,0.23140117526054382
PETS_CREDIT_high_eff_su2_r5_d6_b05__none,none,memgq_lattice,8dcf26c9f074a4b5de0e,0,0,0,0.828973114490509,0.17102691531181335
PETS_CREDIT_high_eff_su2_r5_d6_b05__none,none,memgq_lattice,6732cf9cccc2b370e663,0,0,0,0.8740298748016357,0.12597015500068665
PETS_CREDIT_high_eff_su2_r5_d6_b05__none,none,memgq_lattice,803f6dc8a9f94d6165d6,0,0,0,0.8131412267684937,0.18685881793498993
PETS_CREDIT_high_eff_su2_r5_d6_b05__none,none,memgq_lattice,bbf9af27413caa9a409b,0,0,0,0.8647676110267639,0.13523238897323608
PETS_CREDIT_high_eff_su2_r5_d6_b05__none,none,memgq_lattice,5c7d8f33e88909bece76,0,0,0,0.7473947405815125,0.25260528922080994
PETS_CREDIT_high_eff_su2_r5_d6_b05__none,none,memgq_lattice,91005bada1d0884a288c,0,0,0,0.8349944353103638,0.16500556468963623
PETS_CREDIT_high_eff_su2_r5_d6_b05__none,none,memgq_lattice,83de8120182780af5f0a,0,0,0,0.7677149772644043,0.2322850376367569
PETS_CREDIT_high_eff_su2_r5_d6_b05__none,none,memgq_lattice,da621ab9085bc819936a,0,0,0,0.8049662709236145,0.19503377377986908
PETS_CREDIT_high_eff_su2_r5_d6_b05__none,none,memgq_lattice,d186b88534c1a687d1fd,0,0,0,0.8511242270469666,0.14887575805187225
PETS_CREDIT_high_eff_su2_r5_d6_b05__none,none,memgq_lattice,d1cde013445a8f9f3504,0,1,0,0.8428674340248108,0.1571325957775116
PETS_CREDIT_high_eff_su2_r5_d6_b05__none,none,memgq_lattice,53e30cae631c15e8b1d5,0,0,0,0.7806538939476013,0.21934610605239868
PETS_CREDIT_high_eff_su2_r5_d6_b05__none,none,memgq_lattice,a689473198564f121a85,0,1,0,0.8484600186347961,0.15153999626636505
PETS_CREDIT_high_eff_su2_r5_d6_b05__none,none,memgq_lattice,c10dfecdb29ac7d481e4,0,0,0,0.824146032333374,0.17585399746894836
PETS_CREDIT_high_eff_su2_r5_d6_b05__none,none,memgq_lattice,43ee1b0713731f54ca85,0,0,0,0.7483497262001038,0.251650333404541
PETS_CREDIT_high_eff_su2_r5_d6_b05__none,none,memgq_lattice,569a1dec78d4c5cb931c,0,0,0,0.8619382977485657,0.1380617320537567
PETS_CREDIT_high_eff_su2_r5_d6_b05__none,none,memgq_lattice,3692ecea3b8cc152ac74,0,1,0,0.8203156590461731,0.1796843707561493
PETS_CREDIT_high_eff_su2_r5_d6_b05__none,none,memgq_lattice,b491e0865758acb4579a,0,0,0,0.7839065194129944,0.21609348058700562
PETS_CREDIT_high_eff_su2_r5_d6_b05__none,none,memgq_lattice,e0ac38996eb0bdc23a98,0,0,1,0.1993049681186676,0.8006950616836548
PETS_CREDIT_high_eff_su2_r5_d6_b05__none,none,memgq_lattice,d5989943e0fb0da2a065,0,1,0,0.862942636013031,0.13705739378929138
PETS_CREDIT_high_eff_su2_r5_d6_b05__none,none,memgq_lattice,27c6f10b367e05043c90,0,0,0,0.8503305912017822,0.14966945350170135
PETS_CREDIT_high_eff_su2_r5_d6_b05__none,none,memgq_lattice,551fc490ff090636fc6c,0,0,0,0.742465615272522,0.25753435492515564
PETS_CREDIT_high_eff_su2_r5_d6_b05__none,none,memgq_lattice,414e7f5b15c171415829,0,0,0,0.7927365899085999,0.20726333558559418
PETS_CREDIT_high_eff_su2_r5_d6_b05__none,none,memgq_lattice,11507b01792898120b8e,0,0,0,0.7793798446655273,0.22062017023563385
PETS_CREDIT_high_eff_su2_r5_d6_b05__none,none,memgq_lattice,d219a9acadf7d11fea78,0,0,0,0.835875391960144,0.16412459313869476
PETS_CREDIT_high_eff_su2_r5_d6_b05__none,none,memgq_lattice,18057cb4cbc93a14717b,0,0,0,0.7724575400352478,0.2275424301624298
PETS_CREDIT_high_eff_su2_r5_d6_b05__none,none,memgq_lattice,56a32270ddad65bb2116,0,1,0,0.8253986835479736,0.17460133135318756
PETS_CREDIT_high_eff_su2_r5_d6_b05__none,none,memgq_lattice,fb9ae5bbd7f4003062af,0,0,0,0.8452043533325195,0.15479566156864166
PETS_CREDIT_high_eff_su2_r5_d6_b05__none,none,memgq_lattice,4a745272a6e280333278,0,0,0,0.8466647267341614,0.153335303068161
PETS_CREDIT_high_eff_su2_r5_d6_b05__none,none,memgq_lattice,2cc5d410506194a74986,0,0,0,0.8158681392669678,0.18413183093070984
PETS_CREDIT_high_eff_su2_r5_d6_b05__none,none,memgq_lattice,afbdd16def46495289d4,0,0,0,0.8765081167221069,0.12349187582731247
PETS_CREDIT_high_eff_su2_r5_d6_b05__none,none,memgq_lattice,8438c71f237ca7ba0184,0,0,0,0.7646893262863159,0.23531067371368408
PETS_CREDIT_high_eff_su2_r5_d6_b05__none,none,memgq_lattice,cf06e4f28d94416e4731,0,1,0,0.7406096458435059,0.25939038395881653
PETS_CREDIT_high_eff_su2_r5_d6_b05__none,none,memgq_lattice,30264bd9cc543cb1bc1b,0,1,0,0.8193718791007996,0.18062810599803925
PETS_CREDIT_high_eff_su2_r5_d6_b05__none,none,memgq_lattice,330ffbdc46d820844534,0,0,0,0.86602783203125,0.1339721828699112
PETS_CREDIT_high_eff_su2_r5_d6_b05__none,none,memgq_lattice,c3a93d319be966c47e7e,0,1,0,0.735145092010498,0.26485493779182434
PETS_CREDIT_high_eff_su2_r5_d6_b05__none,none,memgq_lattice,f54953944639c1b8b976,0,0,0,0.7613776922225952,0.23862236738204956
PETS_CREDIT_high_eff_su2_r5_d6_b05__none,none,memgq_lattice,dbf3024efa8e9fda1d7b,0,0,0,0.8304105401039124,0.16958947479724884
PETS_CREDIT_high_eff_su2_r5_d6_b05__none,none,memgq_lattice,d927aacafee2577fc652,0,1,0,0.8010237812995911,0.19897620379924774
PETS_CREDIT_high_eff_su2_r5_d6_b05__none,none,memgq_lattice,96d7b0e605b9b663903a,0,1,1,0.2379452884197235,0.7620547413825989
PETS_CREDIT_high_eff_su2_r5_d6_b05__none,none,memgq_lattice,70a27e98ce00d39e949a,0,0,0,0.8279755711555481,0.1720244139432907
PETS_CREDIT_high_eff_su2_r5_d6_b05__none,none,memgq_lattice,12f413792494f36fcea9,0,0,0,0.8547791242599487,0.14522090554237366
PETS_CREDIT_high_eff_su2_r5_d6_b05__none,none,memgq_lattice,6877216a639061dee96a,0,0,0,0.8092032670974731,0.19079671800136566
PETS_CREDIT_high_eff_su2_r5_d6_b05__none,none,memgq_lattice,e034c7956deeea8c9ddc,0,0,0,0.7503764033317566,0.24962356686592102
PETS_CREDIT_high_eff_su2_r5_d6_b05__none,none,memgq_lattice,15c3301e2604322dfc7b,0,0,1,0.1946224868297577,0.8053775429725647
PETS_CREDIT_high_eff_su2_r5_d6_b05__none,none,memgq_lattice,c684bddcfbca03359777,0,0,0,0.7488011717796326,0.2511988580226898
PETS_CREDIT_high_eff_su2_r5_d6_b05__none,none,memgq_lattice,8226b41e21b5ecf3c52e,0,0,0,0.8416211009025574,0.15837892889976501
PETS_CREDIT_high_eff_su2_r5_d6_b05__none,none,memgq_lattice,ada868403e0aacd584e1,0,1,0,0.8671517968177795,0.13284818828105927
PETS_CREDIT_high_eff_su2_r5_d6_b05__none,none,memgq_lattice,3ee271bb0627b25426f5,0,0,0,0.8473802208900452,0.15261977910995483
PETS_CREDIT_high_eff_su2_r5_d6_b05__none,none,memgq_lattice,a36d92b052080609dee1,0,0,0,0.7728559374809265,0.22714409232139587
PETS_CREDIT_high_eff_su2_r5_d6_b05__none,none,memgq_lattice,5c479147049976461a13,0,0,0,0.8065208792686462,0.19347915053367615
PETS_CREDIT_high_eff_su2_r5_d6_b05__none,none,memgq_lattice,9f0ccb4eb0a2a0319524,0,0,0,0.8288815021514893,0.17111854255199432
PETS_CREDIT_high_eff_su2_r5_d6_b05__none,none,memgq_lattice,c98e7a188d21f2d4c7c5,0,0,0,0.8136322498321533,0.18636773526668549
PETS_CREDIT_high_eff_su2_r5_d6_b05__none,none,memgq_lattice,5b2db4db5a42bc1bb4a0,0,0,1,0.23091459274291992,0.7690854072570801
PETS_CREDIT_high_eff_su2_r5_d6_b05__none,none,memgq_lattice,1858881e224796b84682,0,0,1,0.13235674798488617,0.8676432371139526
PETS_CREDIT_high_eff_su2_r5_d6_b05__none,none,memgq_lattice,4f0ddef9065568908648,0,0,0,0.7959437370300293,0.2040562480688095
PETS_CREDIT_high_eff_su2_r5_d6_b05__none,none,memgq_lattice,183550075bfd51b6e0e9,0,1,0,0.7709816694259644,0.22901837527751923
PETS_CREDIT_high_eff_su2_r5_d6_b05__none,none,memgq_lattice,316a77ab3de3e27ff918,0,0,0,0.7590453028678894,0.24095472693443298
PETS_CREDIT_high_eff_su2_r5_d6_b05__none,none,memgq_lattice,97d45a0366e6e1aa81c9,0,1,0,0.8136263489723206,0.18637368083000183
PETS_CREDIT_high_eff_su2_r5_d6_b05__none,none,memgq_lattice,0bdd92075dfdd7271ec4,0,0,0,0.7628875970840454,0.2371123880147934
PETS_CREDIT_high_eff_su2_r5_d6_b05__none,none,memgq_lattice,3610e0e36736e57a4ac1,0,0,0,0.7685819268226624,0.23141807317733765
PETS_CREDIT_high_eff_su2_r5_d6_b05__none,none,memgq_lattice,49ac71e389f7c7ee906a,0,0,0,0.8689588308334351,0.13104110956192017
PETS_CREDIT_high_eff_su2_r5_d6_b05__none,none,memgq_lattice,0a64aa2e5b95fcf231dd,0,1,0,0.7574536204338074,0.24254634976387024
PETS_CREDIT_high_eff_su2_r5_d6_b05__none,none,memgq_lattice,89f73d583d37c6f94431,0,0,0,0.8313669562339783,0.16863302886486053
PETS_CREDIT_high_eff_su2_r5_d6_b05__none,none,memgq_lattice,34c0e5ef4812a33d78b4,0,0,0,0.7361665964126587,0.2638333737850189
PETS_CREDIT_high_eff_su2_r5_d6_b05__none,none,memgq_lattice,27a8bdb86da088cc0ec0,0,0,0,0.7800210118293762,0.21997898817062378
PETS_CREDIT_high_eff_su2_r5_d6_b05__none,none,memgq_lattice,c11b3ed277f799abf829,0,0,0,0.7455276250839233,0.2544723451137543
PETS_CREDIT_high_eff_su2_r5_d6_b05__none,none,memgq_lattice,53d98013cc132869d89f,0,1,0,0.734103798866272,0.26589617133140564
PETS_CREDIT_high_eff_su2_r5_d6_b05__none,none,memgq_lattice,35f39fb3290dd3876c4e,0,0,0,0.8146874308586121,0.18531258404254913
PETS_CREDIT_high_eff_su2_r5_d6_b05__none,none,memgq_lattice,add15bce63d585c10154,0,0,0,0.8730570673942566,0.1269429475069046
PETS_CREDIT_high_eff_su2_r5_d6_b05__none,none,memgq_lattice,c0386f52ee8eb9782e96,0,0,0,0.8088502883911133,0.1911497414112091
PETS_CREDIT_high_eff_su2_r5_d6_b05__none,none,memgq_lattice,201287d880b5985ef4a2,0,0,0,0.829369843006134,0.17063018679618835
PETS_CREDIT_high_eff_su2_r5_d6_b05__none,none,memgq_lattice,54c071ac06a40c97bb56,0,0,0,0.7578372359275818,0.24216273427009583
PETS_CREDIT_high_eff_su2_r5_d6_b05__none,none,memgq_lattice,f8f44150ace4d5e110b6,0,1,0,0.7974841594696045,0.2025158703327179
PETS_CREDIT_high_eff_su2_r5_d6_b05__none,none,memgq_lattice,15e0146e9b8967882d3c,0,1,0,0.8670650720596313,0.13293494284152985
PETS_CREDIT_high_eff_su2_r5_d6_b05__none,none,memgq_lattice,a670309c70dd483bd34e,0,0,0,0.8487618565559387,0.1512381136417389
PETS_CREDIT_high_eff_su2_r5_d6_b05__none,none,memgq_lattice,3cb6ff56ab7911392172,0,0,0,0.8522230386734009,0.14777694642543793
PETS_CREDIT_high_eff_su2_r5_d6_b05__none,none,memgq_lattice,4c3cfe1fe9e491bb9c0e,0,0,0,0.802369236946106,0.19763082265853882
PETS_CREDIT_high_eff_su2_r5_d6_b05__none,none,memgq_lattice_sticky,b95d8aa7591c7887c05c,1,0,0,0.8288588523864746,0.1711411476135254
PETS_CREDIT_high_eff_su2_r5_d6_b05__none,none,memgq_lattice_sticky,aaca4c9adb936209ae4f,1,0,0,0.8514840602874756,0.1485159993171692
PETS_CREDIT_high_eff_su2_r5_d6_b05__none,none,memgq_lattice_sticky,f640cb068a6e0cafd8f7,1,0,0,0.8444762825965881,0.15552373230457306
PETS_CREDIT_high_eff_su2_r5_d6_b05__none,none,memgq_lattice_sticky,bf5a9031a45524933e21,1,0,0,0.7590453028678894,0.24095472693443298
PETS_CREDIT_high_eff_su2_r5_d6_b05__none,none,memgq_lattice_sticky,6ea2a519a69c09016323,1,0,0,0.8220951557159424,0.17790482938289642
PETS_CREDIT_high_eff_su2_r5_d6_b05__none,none,memgq_lattice_sticky,092efc45ab978715a8fa,1,1,0,0.8619101643562317,0.1380898356437683
PETS_CREDIT_high_eff_su2_r5_d6_b05__none,none,memgq_lattice_sticky,e0b33cacbadcac9f3d26,1,0,0,0.8501067161560059,0.14989326894283295
PETS_CREDIT_high_eff_su2_r5_d6_b05__none,none,memgq_lattice_sticky,69ef03b5c6f4f7ecef33,1,1,0,0.7621968388557434,0.2378031611442566
PETS_CREDIT_high_eff_su2_r5_d6_b05__none,none,memgq_lattice_sticky,4aa64c627cb9b82d7f42,1,1,1,0.21228444576263428,0.7877155542373657
PETS_CREDIT_high_eff_su2_r5_d6_b05__none,none,memgq_lattice_sticky,0772d1e68bccea98e68f,1,0,0,0.7892103791236877,0.21078959107398987
PETS_CREDIT_high_eff_su2_r5_d6_b05__none,none,memgq_lattice_sticky,85bbf6f61dd23b95b6e7,1,0,0,0.8044335842132568,0.19556644558906555
PETS_CREDIT_high_eff_su2_r5_d6_b05__none,none,memgq_lattice_sticky,1c7eb9e50fc08e5f8cf0,1,0,0,0.8608336448669434,0.13916638493537903
PETS_CREDIT_high_eff_su2_r5_d6_b05__none,none,memgq_lattice_sticky,c91e3b5a028c06ad1f92,1,0,0,0.796384871006012,0.20361512899398804
PETS_CREDIT_high_eff_su2_r5_d6_b05__none,none,memgq_lattice_sticky,d606f1831b9734bb90e1,1,0,0,0.8140298128128052,0.1859702467918396
PETS_CREDIT_high_eff_su2_r5_d6_b05__none,none,memgq_lattice_sticky,5b7629cbd1fb6e879520,1,0,0,0.8369178175926208,0.16308218240737915
PETS_CREDIT_high_eff_su2_r5_d6_b05__none,none,memgq_lattice_sticky,00405a37dd709b2d51a8,1,1,0,0.7767795324325562,0.22322046756744385
PETS_CREDIT_high_eff_su2_r5_d6_b05__none,none,memgq_lattice_sticky,434123980ae7f6c38b02,1,0,0,0.8549976348876953,0.14500238001346588
PETS_CREDIT_high_eff_su2_r5_d6_b05__none,none,memgq_lattice_sticky,07d4d260e30d7cf5b71f,1,0,0,0.7859506607055664,0.21404936909675598
PETS_CREDIT_high_eff_su2_r5_d6_b05__none,none,memgq_lattice_sticky,d2c3d34fb102babfa194,1,0,0,0.7887824773788452,0.21121752262115479
PETS_CREDIT_high_eff_su2_r5_d6_b05__none,none,memgq_lattice_sticky,ab97fae957e08270ffce,1,1,0,0.826866626739502,0.17313335835933685
PETS_CREDIT_high_eff_su2_r5_d6_b05__none,none,memgq_lattice_sticky,a5628044ec0880a52490,1,0,0,0.8512780666351318,0.14872193336486816
PETS_CREDIT_high_eff_su2_r5_d6_b05__none,none,memgq_lattice_sticky,4df4658f2eb41564da87,1,0,0,0.782848060131073,0.2171519696712494
PETS_CREDIT_high_eff_su2_r5_d6_b05__none,none,memgq_lattice_sticky,c4b2c9357254e51af6a9,1,0,0,0.7984834313392639,0.2015165388584137
PETS_CREDIT_high_eff_su2_r5_d6_b05__none,none,memgq_lattice_sticky,dba69027df0122535f19,1,0,0,0.8422523140907288,0.15774773061275482
PETS_CREDIT_high_eff_su2_r5_d6_b05__none,none,memgq_lattice_sticky,e07f107ec2deef516f4f,1,0,0,0.7786045670509338,0.22139546275138855
PETS_CREDIT_high_eff_su2_r5_d6_b05__none,none,memgq_lattice_sticky,49b15e9ec4784be42cd2,1,0,0,0.8513645529747009,0.14863546192646027
PETS_CREDIT_high_eff_su2_r5_d6_b05__none,none,memgq_lattice_sticky,08a6c27fcb32f81ff375,1,0,0,0.8315486907958984,0.16845133900642395
PETS_CREDIT_high_eff_su2_r5_d6_b05__none,none,memgq_lattice_sticky,c536d8f2ff559c7756e7,1,0,0,0.8344215154647827,0.1655784696340561
PETS_CREDIT_high_eff_su2_r5_d6_b05__none,none,memgq_lattice_sticky,0ec364cc4624f409f87e,1,0,0,0.7744252681732178,0.22557471692562103
PETS_CREDIT_high_eff_su2_r5_d6_b05__none,none,memgq_lattice_sticky,46dbe6ca2f4531385a05,1,0,0,0.8256695866584778,0.1743304431438446
PETS_CREDIT_high_eff_su2_r5_d6_b05__none,none,memgq_lattice_sticky,c75c31af2389cc3a594f,1,0,0,0.848662257194519,0.15133771300315857
PETS_CREDIT_high_eff_su2_r5_d6_b05__none,none,memgq_lattice_sticky,fb40711278aca2b43c69,1,0,0,0.7715365886688232,0.22846338152885437
PETS_CREDIT_high_eff_su2_r5_d6_b05__none,none,memgq_lattice_sticky,d9170d275d5e05922e82,1,1,0,0.8033112287521362,0.19668881595134735
PETS_CREDIT_high_eff_su2_r5_d6_b05__none,none,memgq_lattice_sticky,2c3058336909d855b1f0,1,0,0,0.8388770818710327,0.1611229032278061
PETS_CREDIT_high_eff_su2_r5_d6_b05__none,none,memgq_lattice_sticky,df16a30c67111933fccc,1,1,0,0.8188602328300476,0.18113979697227478
PETS_CREDIT_high_eff_su2_r5_d6_b05__none,none,memgq_lattice_sticky,70d271c728323ea28d90,1,0,0,0.7846453785896301,0.21535465121269226
PETS_CREDIT_high_eff_su2_r5_d6_b05__none,none,memgq_lattice_sticky,e76cce60bc3507d0d7b2,1,0,0,0.7967987656593323,0.20320120453834534
PETS_CREDIT_high_eff_su2_r5_d6_b05__none,none,memgq_lattice_sticky,5cb75d859aa2d3df94b0,1,0,0,0.8746640086174011,0.1253359615802765
PETS_CREDIT_high_eff_su2_r5_d6_b05__none,none,memgq_lattice_sticky,26b6a5da65cdaeb8e184,1,1,1,0.20277199149131775,0.7972280383110046
PETS_CREDIT_high_eff_su2_r5_d6_b05__none,none,memgq_lattice_sticky,f073d35785cf76f1409c,1,0,0,0.7491737008094788,0.25082629919052124
PETS_CREDIT_high_eff_su2_r5_d6_b05__none,none,memgq_lattice_sticky,7311863aa70952806ffc,1,0,0,0.8633392453193665,0.13666081428527832
PETS_CREDIT_high_eff_su2_r5_d6_b05__none,none,memgq_lattice_sticky,073dbbd888ef767c75de,1,1,0,0.8555066585540771,0.14449338614940643
PETS_CREDIT_high_eff_su2_r5_d6_b05__none,none,memgq_lattice_sticky,58cb80b3d0535cb4343a,1,0,0,0.8288217186927795,0.17117832601070404
PETS_CREDIT_high_eff_su2_r5_d6_b05__none,none,memgq_lattice_sticky,4b85b1f42c0154e0d47c,1,0,0,0.7628085613250732,0.23719146847724915
PETS_CREDIT_high_eff_su2_r5_d6_b05__none,none,memgq_lattice_sticky,9eb158e3cbe5bc901e26,1,0,1,0.2371610403060913,0.7628390192985535
PETS_CREDIT_high_eff_su2_r5_d6_b05__none,none,memgq_lattice_sticky,877b93e6aa8797d2cd0b,1,0,0,0.8489476442337036,0.1510523408651352
PETS_CREDIT_high_eff_su2_r5_d6_b05__none,none,memgq_lattice_sticky,988a4b4dcb53bafffb01,1,0,0,0.8049123287200928,0.19508764147758484
PETS_CREDIT_high_eff_su2_r5_d6_b05__none,none,memgq_lattice_sticky,d75c3e52dbcaf5a5ec2a,1,0,0,0.8505144715309143,0.1494854986667633
PETS_CREDIT_high_eff_su2_r5_d6_b05__none,none,memgq_lattice_sticky,01743ddf295d8f6b5a46,1,1,0,0.8711047768592834,0.12889522314071655
PETS_CREDIT_high_eff_su2_r5_d6_b05__none,none,memgq_lattice_sticky,39f8154e08ad72170108,1,0,0,0.8527488112449646,0.1472512185573578
PETS_CREDIT_high_eff_su2_r5_d6_b05__none,none,memgq_lattice_sticky,1dd9f8371cdcaa1758b3,1,0,0,0.8274765610694885,0.17252342402935028
PETS_CREDIT_high_eff_su2_r5_d6_b05__none,none,memgq_lattice_sticky,ae429a6a1d645aacb94e,1,0,0,0.7521428465843201,0.24785713851451874
PETS_CREDIT_high_eff_su2_r5_d6_b05__none,none,memgq_lattice_sticky,b91b8614dbf7826436cf,1,0,0,0.8087005019187927,0.19129952788352966
PETS_CREDIT_high_eff_su2_r5_d6_b05__none,none,memgq_lattice_sticky,4def6ca8e27be84aeb54,1,0,0,0.7922319173812866,0.20776806771755219
PETS_CREDIT_high_eff_su2_r5_d6_b05__none,none,memgq_lattice_sticky,8d5ec20ca179ede5da84,1,1,1,0.1916382759809494,0.8083617091178894
PETS_CREDIT_high_eff_su2_r5_d6_b05__none,none,memgq_lattice_sticky,7ce1135db7560daf7e70,1,1,0,0.7988656163215637,0.20113438367843628
PETS_CREDIT_high_eff_su2_r5_d6_b05__none,none,memgq_lattice_sticky,8120fa8a41158dba642d,1,0,0,0.8110303282737732,0.188969686627388
PETS_CREDIT_high_eff_su2_r5_d6_b05__none,none,memgq_lattice_sticky,2f5a23022990244c47e8,1,1,0,0.8057344555854797,0.19426557421684265
PETS_CREDIT_high_eff_su2_r5_d6_b05__none,none,memgq_lattice_sticky,1819fe5c399a17316fee,1,0,0,0.8719098567962646,0.12809012830257416
PETS_CREDIT_high_eff_su2_r5_d6_b05__none,none,memgq_lattice_sticky,70e46e61db439dd8e308,1,0,0,0.8496473431587219,0.15035268664360046
PETS_CREDIT_high_eff_su2_r5_d6_b05__none,none,memgq_lattice_sticky,66fa33821884d4568b02,1,1,0,0.7603060007095337,0.23969398438930511
PETS_CREDIT_high_eff_su2_r5_d6_b05__none,none,memgq_lattice_sticky,cbd912351cdbc83a9184,1,1,0,0.760807454586029,0.23919254541397095
PETS_CREDIT_high_eff_su2_r5_d6_b05__none,none,memgq_lattice_sticky,f3ca91dd8e5aba8d83d9,1,0,0,0.7382887601852417,0.2617112100124359
PETS_CREDIT_high_eff_su2_r5_d6_b05__none,none,memgq_lattice_sticky,6992a9babb7ae6302cb5,1,0,0,0.8545193672180176,0.145480677485466
PETS_CREDIT_high_eff_su2_r5_d6_b05__none,none,memgq_lattice_sticky,bf465d63c434358f77e4,1,0,0,0.7663717269897461,0.2336283028125763
PETS_CREDIT_high_eff_su2_r5_d6_b05__none,none,memgq_lattice_sticky,6a75db22a6087741eef2,1,0,0,0.821632981300354,0.17836706340312958
PETS_CREDIT_high_eff_su2_r5_d6_b05__none,none,memgq_lattice_sticky,973b363916938dbaaf31,1,0,1,0.23199012875556946,0.7680099010467529
PETS_CREDIT_high_eff_su2_r5_d6_b05__none,none,memgq_lattice_sticky,072f10d00d9156aab9f2,1,0,0,0.7699688673019409,0.23003117740154266
PETS_CREDIT_high_eff_su2_r5_d6_b05__none,none,memgq_lattice_sticky,0acc109e58c1c7823ce7,1,0,0,0.8550077676773071,0.14499224722385406
PETS_CREDIT_high_eff_su2_r5_d6_b05__none,none,memgq_lattice_sticky,6c0e663b6848864dc914,1,1,0,0.7664665579795837,0.23353345692157745
PETS_CREDIT_high_eff_su2_r5_d6_b05__none,none,memgq_lattice_sticky,78edbc6916b12b570866,1,0,0,0.8677626848220825,0.13223733007907867
PETS_CREDIT_high_eff_su2_r5_d6_b05__none,none,memgq_lattice_sticky,5688d9df8bbfc61d89e9,1,0,0,0.7706813812255859,0.22931864857673645
PETS_CREDIT_high_eff_su2_r5_d6_b05__none,none,memgq_lattice_sticky,e030c0aa4ae0f1011f2f,1,0,0,0.7773272395133972,0.22267276048660278
PETS_CREDIT_high_eff_su2_r5_d6_b05__none,none,memgq_lattice_sticky,25282b20e9c64236ec4d,1,0,0,0.8273194432258606,0.1726805716753006
PETS_CREDIT_high_eff_su2_r5_d6_b05__none,none,memgq_lattice_sticky,14ee67db08b82edf07a3,1,0,0,0.8538426160812378,0.1461574137210846
PETS_CREDIT_high_eff_su2_r5_d6_b05__none,none,memgq_lattice_sticky,d46f8b9f4d57f90db615,1,0,0,0.8101428747177124,0.18985718488693237
PETS_CREDIT_high_eff_su2_r5_d6_b05__none,none,memgq_lattice_sticky,83a947285ea3ca8494da,1,0,0,0.8234086036682129,0.1765914112329483
PETS_CREDIT_high_eff_su2_r5_d6_b05__none,none,memgq_lattice_sticky,4dde24d981dd8981f71f,1,0,0,0.7362606525421143,0.26373934745788574
PETS_CREDIT_high_eff_su2_r5_d6_b05__none,none,memgq_lattice_sticky,5e48c11768cb070aefe6,1,1,0,0.763316810131073,0.236683189868927
PETS_CREDIT_high_eff_su2_r5_d6_b05__none,none,memgq_lattice_sticky,6f47824d3363865de61a,1,0,0,0.7939079999923706,0.20609204471111298
PETS_CREDIT_high_eff_su2_r5_d6_b05__none,none,memgq_lattice_sticky,f332cc500c7a62b19024,1,1,0,0.876183271408081,0.12381675839424133
PETS_CREDIT_high_eff_su2_r5_d6_b05__none,none,memgq_lattice_sticky,192395141a760795b97a,1,0,0,0.7770962715148926,0.222903773188591
PETS_CREDIT_high_eff_su2_r5_d6_b05__none,none,memgq_lattice_sticky,9fc5fbe55717fe6862a4,1,0,0,0.7530084848403931,0.24699154496192932
PETS_CREDIT_high_eff_su2_r5_d6_b05__none,none,memgq_lattice_sticky,8fe0ac3103b5acc00cdc,1,0,0,0.8569175004959106,0.14308252930641174
PETS_CREDIT_high_eff_su2_r5_d6_b05__none,none,memgq_lattice_sticky,2a9dbe944756407f3c68,1,1,0,0.737151563167572,0.2628484070301056
PETS_CREDIT_high_eff_su2_r5_d6_b05__none,none,memgq_lattice_sticky,5f9c02f5ec03a28e4f53,1,0,0,0.8258113861083984,0.17418858408927917
PETS_CREDIT_high_eff_su2_r5_d6_b05__none,none,memgq_lattice_sticky,b84ff32b3c14263b0dd5,1,0,0,0.7881996035575867,0.21180041134357452
PETS_CREDIT_high_eff_su2_r5_d6_b05__none,none,memgq_lattice_sticky,7be2869c238aa35d440a,1,0,0,0.8569525480270386,0.14304745197296143
PETS_CREDIT_high_eff_su2_r5_d6_b05__none,none,memgq_lattice_sticky,11ccb38ba9653d61e950,1,0,0,0.8693698644638062,0.13063015043735504
PETS_CREDIT_high_eff_su2_r5_d6_b05__none,none,memgq_lattice_sticky,619b46d6086e6aad3d84,1,1,0,0.7974534630775452,0.20254656672477722
PETS_CREDIT_high_eff_su2_r5_d6_b05__none,none,memgq_lattice_sticky,526cee77dcfea7ee8138,1,0,0,0.8271140456199646,0.1728859394788742
PETS_CREDIT_high_eff_su2_r5_d6_b05__none,none,memgq_lattice_sticky,a1b01a469dc7802f51d3,1,0,0,0.786343514919281,0.213656485080719
PETS_CREDIT_high_eff_su2_r5_d6_b05__none,none,memgq_lattice_sticky,5383d08662564ec7ab0d,1,0,0,0.7773267030715942,0.22267331182956696
PETS_CREDIT_high_eff_su2_r5_d6_b05__none,none,memgq_lattice_sticky,006df97946d214e0111f,1,0,0,0.7949731945991516,0.20502685010433197
PETS_CREDIT_high_eff_su2_r5_d6_b05__none,none,memgq_lattice_sticky,a55e4e1cd3465563efc4,1,0,0,0.8748814463615417,0.12511855363845825
PETS_CREDIT_high_eff_su2_r5_d6_b05__none,none,memgq_lattice_sticky,24e13410bd96d58bb8a8,1,1,0,0.8166406750679016,0.18335936963558197
PETS_CREDIT_high_eff_su2_r5_d6_b05__none,none,memgq_lattice_sticky,4cfea97c73e6dbfbc698,1,1,1,0.2488194704055786,0.7511805295944214
PETS_CREDIT_high_eff_su2_r5_d6_b05__none,none,memgq_lattice_sticky,bd6c7e8fd4e7879e23df,1,0,0,0.8551588654518127,0.14484111964702606
PETS_CREDIT_high_eff_su2_r5_d6_b05__none,none,memgq_lattice_sticky,ab00e756b29c98fd6674,1,0,0,0.8641890287399292,0.1358109414577484
PETS_CREDIT_high_eff_su2_r5_d6_b05__none,none,memgq_lattice_sticky,d1d396dc69ac0aeade66,1,0,0,0.8129197359085083,0.1870802938938141
PETS_CREDIT_high_eff_su2_r5_d6_b05__none,none,memgq_lattice_sticky,47955bec8c8c8b0d6ecd,0,0,1,0.25280439853668213,0.7471956014633179
PETS_CREDIT_high_eff_su2_r5_d6_b05__none,none,memgq_lattice_sticky,4870b03a707763215d98,0,0,0,0.7966703176498413,0.20332971215248108
PETS_CREDIT_high_eff_su2_r5_d6_b05__none,none,memgq_lattice_sticky,973b033623e52ecc534b,0,0,0,0.793228030204773,0.20677193999290466
PETS_CREDIT_high_eff_su2_r5_d6_b05__none,none,memgq_lattice_sticky,4a7e26fbb5313c542529,0,0,0,0.8413071632385254,0.158692866563797
PETS_CREDIT_high_eff_su2_r5_d6_b05__none,none,memgq_lattice_sticky,e0fbea9eec804256c1cb,0,0,0,0.8061501383781433,0.19384992122650146
PETS_CREDIT_high_eff_su2_r5_d6_b05__none,none,memgq_lattice_sticky,e1a1ee7cf7bc7087e5f2,0,1,0,0.8414562940597534,0.15854375064373016
PETS_CREDIT_high_eff_su2_r5_d6_b05__none,none,memgq_lattice_sticky,eba21bceeb2ef13343ed,0,0,0,0.7361013889312744,0.2638985812664032
PETS_CREDIT_high_eff_su2_r5_d6_b05__none,none,memgq_lattice_sticky,636ac12d78460625de40,0,1,1,0.1790854036808014,0.820914626121521
PETS_CREDIT_high_eff_su2_r5_d6_b05__none,none,memgq_lattice_sticky,937e67166f6df199553e,0,1,0,0.8069533705711365,0.19304659962654114
PETS_CREDIT_high_eff_su2_r5_d6_b05__none,none,memgq_lattice_sticky,f6e997c880eee2e368a1,0,0,0,0.8373476266860962,0.16265235841274261
PETS_CREDIT_high_eff_su2_r5_d6_b05__none,none,memgq_lattice_sticky,236eaf6e697017b75006,0,0,0,0.7926461100578308,0.2073538601398468
PETS_CREDIT_high_eff_su2_r5_d6_b05__none,none,memgq_lattice_sticky,ae625b0f03d9312f7a56,0,0,0,0.773158073425293,0.22684195637702942
PETS_CREDIT_high_eff_su2_r5_d6_b05__none,none,memgq_lattice_sticky,46a774fc49ba1bf8ef50,0,0,0,0.8736460208892822,0.12635400891304016
PETS_CREDIT_high_eff_su2_r5_d6_b05__none,none,memgq_lattice_sticky,8bb5ffd15a60cfa78147,0,0,0,0.7798227667808533,0.22017721831798553
PETS_CREDIT_high_eff_su2_r5_d6_b05__none,none,memgq_lattice_sticky,d89024b6830b15f365f2,0,0,0,0.8689964413642883,0.13100352883338928
PETS_CREDIT_high_eff_su2_r5_d6_b05__none,none,memgq_lattice_sticky,21bbec3cf4631e34985a,0,1,0,0.8082260489463806,0.19177398085594177
PETS_CREDIT_high_eff_su2_r5_d6_b05__none,none,memgq_lattice_sticky,0640a9b8fe04a4c66235,0,0,0,0.7915742993354797,0.20842568576335907
PETS_CREDIT_high_eff_su2_r5_d6_b05__none,none,memgq_lattice_sticky,d84827a745d8252e9fdb,0,0,0,0.8521519899368286,0.14784803986549377
PETS_CREDIT_high_eff_su2_r5_d6_b05__none,none,memgq_lattice_sticky,bf631b93f55e0e82f795,0,0,0,0.8540836572647095,0.14591634273529053
PETS_CREDIT_high_eff_su2_r5_d6_b05__none,none,memgq_lattice_sticky,ae877d0841e52284f9ab,0,1,0,0.8681970834732056,0.13180285692214966
PETS_CREDIT_high_eff_su2_r5_d6_b05__none,none,memgq_lattice_sticky,bb7f875f1115ea715160,0,0,0,0.7898390293121338,0.2101609855890274
PETS_CREDIT_high_eff_su2_r5_d6_b05__none,none,memgq_lattice_sticky,7ac291fce946af57066d,0,0,0,0.8177086114883423,0.1822914183139801
PETS_CREDIT_high_eff_su2_r5_d6_b05__none,none,memgq_lattice_sticky,b4a42897a34004c35deb,0,0,0,0.7685988545417786,0.23140117526054382
PETS_CREDIT_high_eff_su2_r5_d6_b05__none,none,memgq_lattice_sticky,8dcf26c9f074a4b5de0e,0,0,0,0.8335241675376892,0.16647587716579437
PETS_CREDIT_high_eff_su2_r5_d6_b05__none,none,memgq_lattice_sticky,6732cf9cccc2b370e663,0,0,0,0.7385690212249756,0.2614309787750244
PETS_CREDIT_high_eff_su2_r5_d6_b05__none,none,memgq_lattice_sticky,803f6dc8a9f94d6165d6,0,0,0,0.7997283339500427,0.20027166604995728
PETS_CREDIT_high_eff_su2_r5_d6_b05__none,none,memgq_lattice_sticky,bbf9af27413caa9a409b,0,0,0,0.8763176798820496,0.12368231266736984
PETS_CREDIT_high_eff_su2_r5_d6_b05__none,none,memgq_lattice_sticky,5c7d8f33e88909bece76,0,0,0,0.7473947405815125,0.25260528922080994
PETS_CREDIT_high_eff_su2_r5_d6_b05__none,none,memgq_lattice_sticky,91005bada1d0884a288c,0,0,0,0.8486422896385193,0.1513577103614807
PETS_CREDIT_high_eff_su2_r5_d6_b05__none,none,memgq_lattice_sticky,83de8120182780af5f0a,0,0,0,0.7677149772644043,0.2322850376367569
PETS_CREDIT_high_eff_su2_r5_d6_b05__none,none,memgq_lattice_sticky,da621ab9085bc819936a,0,0,0,0.8049662709236145,0.19503377377986908
PETS_CREDIT_high_eff_su2_r5_d6_b05__none,none,memgq_lattice_sticky,d186b88534c1a687d1fd,0,0,0,0.8511242270469666,0.14887575805187225
PETS_CREDIT_high_eff_su2_r5_d6_b05__none,none,memgq_lattice_sticky,d1cde013445a8f9f3504,0,1,0,0.8580708503723145,0.14192911982536316
PETS_CREDIT_high_eff_su2_r5_d6_b05__none,none,memgq_lattice_sticky,53e30cae631c15e8b1d5,0,0,0,0.7806538939476013,0.21934610605239868
PETS_CREDIT_high_eff_su2_r5_d6_b05__none,none,memgq_lattice_sticky,a689473198564f121a85,0,1,0,0.8521300554275513,0.14786994457244873
PETS_CREDIT_high_eff_su2_r5_d6_b05__none,none,memgq_lattice_sticky,c10dfecdb29ac7d481e4,0,0,0,0.824146032333374,0.17585399746894836
PETS_CREDIT_high_eff_su2_r5_d6_b05__none,none,memgq_lattice_sticky,43ee1b0713731f54ca85,0,0,0,0.7483497262001038,0.251650333404541
PETS_CREDIT_high_eff_su2_r5_d6_b05__none,none,memgq_lattice_sticky,569a1dec78d4c5cb931c,0,0,0,0.8657541871070862,0.134245827794075
PETS_CREDIT_high_eff_su2_r5_d6_b05__none,none,memgq_lattice_sticky,3692ecea3b8cc152ac74,0,1,0,0.8203156590461731,0.1796843707561493
PETS_CREDIT_high_eff_su2_r5_d6_b05__none,none,memgq_lattice_sticky,b491e0865758acb4579a,0,0,0,0.781911313533783,0.21808868646621704
PETS_CREDIT_high_eff_su2_r5_d6_b05__none,none,memgq_lattice_sticky,e0ac38996eb0bdc23a98,0,0,1,0.19417767226696014,0.8058223128318787
PETS_CREDIT_high_eff_su2_r5_d6_b05__none,none,memgq_lattice_sticky,d5989943e0fb0da2a065,0,1,0,0.862942636013031,0.13705739378929138
PETS_CREDIT_high_eff_su2_r5_d6_b05__none,none,memgq_lattice_sticky,27c6f10b367e05043c90,0,0,0,0.8544130921363831,0.14558692276477814
PETS_CREDIT_high_eff_su2_r5_d6_b05__none,none,memgq_lattice_sticky,551fc490ff090636fc6c,0,0,0,0.8765745162963867,0.1234254539012909
PETS_CREDIT_high_eff_su2_r5_d6_b05__none,none,memgq_lattice_sticky,414e7f5b15c171415829,0,0,0,0.7927365899085999,0.20726333558559418
PETS_CREDIT_high_eff_su2_r5_d6_b05__none,none,memgq_lattice_sticky,11507b01792898120b8e,0,0,0,0.7938041090965271,0.2061958909034729
PETS_CREDIT_high_eff_su2_r5_d6_b05__none,none,memgq_lattice_sticky,d219a9acadf7d11fea78,0,0,0,0.8038480877876282,0.19615188241004944
PETS_CREDIT_high_eff_su2_r5_d6_b05__none,none,memgq_lattice_sticky,18057cb4cbc93a14717b,0,0,0,0.7812068462371826,0.21879315376281738
PETS_CREDIT_high_eff_su2_r5_d6_b05__none,none,memgq_lattice_sticky,56a32270ddad65bb2116,0,1,0,0.8374418020248413,0.16255822777748108
PETS_CREDIT_high_eff_su2_r5_d6_b05__none,none,memgq_lattice_sticky,fb9ae5bbd7f4003062af,0,0,0,0.8494019508361816,0.15059804916381836
PETS_CREDIT_high_eff_su2_r5_d6_b05__none,none,memgq_lattice_sticky,4a745272a6e280333278,0,0,0,0.8466647267341614,0.153335303068161
PETS_CREDIT_high_eff_su2_r5_d6_b05__none,none,memgq_lattice_sticky,2cc5d410506194a74986,0,0,0,0.8158681392669678,0.18413183093070984
PETS_CREDIT_high_eff_su2_r5_d6_b05__none,none,memgq_lattice_sticky,afbdd16def46495289d4,0,0,0,0.738885223865509,0.26111480593681335
PETS_CREDIT_high_eff_su2_r5_d6_b05__none,none,memgq_lattice_sticky,8438c71f237ca7ba0184,0,0,0,0.7646893262863159,0.23531067371368408
PETS_CREDIT_high_eff_su2_r5_d6_b05__none,none,memgq_lattice_sticky,cf06e4f28d94416e4731,0,1,0,0.735032320022583,0.2649676501750946
PETS_CREDIT_high_eff_su2_r5_d6_b05__none,none,memgq_lattice_sticky,30264bd9cc543cb1bc1b,0,1,0,0.8340551257133484,0.1659448891878128
PETS_CREDIT_high_eff_su2_r5_d6_b05__none,none,memgq_lattice_sticky,330ffbdc46d820844534,0,0,0,0.86602783203125,0.1339721828699112
PETS_CREDIT_high_eff_su2_r5_d6_b05__none,none,memgq_lattice_sticky,c3a93d319be966c47e7e,0,1,0,0.735145092010498,0.26485493779182434
PETS_CREDIT_high_eff_su2_r5_d6_b05__none,none,memgq_lattice_sticky,f54953944639c1b8b976,0,0,0,0.7672223448753357,0.2327776402235031
PETS_CREDIT_high_eff_su2_r5_d6_b05__none,none,memgq_lattice_sticky,dbf3024efa8e9fda1d7b,0,0,0,0.8263112902641296,0.17368869483470917
PETS_CREDIT_high_eff_su2_r5_d6_b05__none,none,memgq_lattice_sticky,d927aacafee2577fc652,0,1,0,0.789820671081543,0.2101793736219406
PETS_CREDIT_high_eff_su2_r5_d6_b05__none,none,memgq_lattice_sticky,96d7b0e605b9b663903a,0,1,1,0.2379452884197235,0.7620547413825989
PETS_CREDIT_high_eff_su2_r5_d6_b05__none,none,memgq_lattice_sticky,70a27e98ce00d39e949a,0,0,0,0.8206672072410583,0.17933282256126404
PETS_CREDIT_high_eff_su2_r5_d6_b05__none,none,memgq_lattice_sticky,12f413792494f36fcea9,0,0,0,0.8574447631835938,0.14255526661872864
PETS_CREDIT_high_eff_su2_r5_d6_b05__none,none,memgq_lattice_sticky,6877216a639061dee96a,0,0,0,0.8092032670974731,0.19079671800136566
PETS_CREDIT_high_eff_su2_r5_d6_b05__none,none,memgq_lattice_sticky,e034c7956deeea8c9ddc,0,0,0,0.7503764033317566,0.24962356686592102
PETS_CREDIT_high_eff_su2_r5_d6_b05__none,none,memgq_lattice_sticky,15c3301e2604322dfc7b,0,0,1,0.1946224868297577,0.8053775429725647
PETS_CREDIT_high_eff_su2_r5_d6_b05__none,none,memgq_lattice_sticky,c684bddcfbca03359777,0,0,0,0.7733317017555237,0.2266683131456375
PETS_CREDIT_high_eff_su2_r5_d6_b05__none,none,memgq_lattice_sticky,8226b41e21b5ecf3c52e,0,0,0,0.8416211009025574,0.15837892889976501
PETS_CREDIT_high_eff_su2_r5_d6_b05__none,none,memgq_lattice_sticky,ada868403e0aacd584e1,0,1,0,0.870438277721405,0.12956169247627258
PETS_CREDIT_high_eff_su2_r5_d6_b05__none,none,memgq_lattice_sticky,3ee271bb0627b25426f5,0,0,0,0.8473802208900452,0.15261977910995483
PETS_CREDIT_high_eff_su2_r5_d6_b05__none,none,memgq_lattice_sticky,a36d92b052080609dee1,0,0,0,0.7450574636459351,0.25494253635406494
PETS_CREDIT_high_eff_su2_r5_d6_b05__none,none,memgq_lattice_sticky,5c479147049976461a13,0,0,0,0.7985227704048157,0.20147721469402313
PETS_CREDIT_high_eff_su2_r5_d6_b05__none,none,memgq_lattice_sticky,9f0ccb4eb0a2a0319524,0,0,0,0.8288815021514893,0.17111854255199432
PETS_CREDIT_high_eff_su2_r5_d6_b05__none,none,memgq_lattice_sticky,c98e7a188d21f2d4c7c5,0,0,0,0.80073082447052,0.19926920533180237
PETS_CREDIT_high_eff_su2_r5_d6_b05__none,none,memgq_lattice_sticky,5b2db4db5a42bc1bb4a0,0,0,1,0.26186564564704895,0.7381343841552734
PETS_CREDIT_high_eff_su2_r5_d6_b05__none,none,memgq_lattice_sticky,1858881e224796b84682,0,0,1,0.1286749541759491,0.8713250756263733
PETS_CREDIT_high_eff_su2_r5_d6_b05__none,none,memgq_lattice_sticky,4f0ddef9065568908648,0,0,0,0.7959437370300293,0.2040562480688095
PETS_CREDIT_high_eff_su2_r5_d6_b05__none,none,memgq_lattice_sticky,183550075bfd51b6e0e9,0,1,0,0.7709816694259644,0.22901837527751923
PETS_CREDIT_high_eff_su2_r5_d6_b05__none,none,memgq_lattice_sticky,316a77ab3de3e27ff918,0,0,0,0.7590453028678894,0.24095472693443298
PETS_CREDIT_high_eff_su2_r5_d6_b05__none,none,memgq_lattice_sticky,97d45a0366e6e1aa81c9,0,1,0,0.8136263489723206,0.18637368083000183
PETS_CREDIT_high_eff_su2_r5_d6_b05__none,none,memgq_lattice_sticky,0bdd92075dfdd7271ec4,0,0,0,0.7482443451881409,0.25175562500953674
PETS_CREDIT_high_eff_su2_r5_d6_b05__none,none,memgq_lattice_sticky,3610e0e36736e57a4ac1,0,0,0,0.7863171696662903,0.2136828601360321
PETS_CREDIT_high_eff_su2_r5_d6_b05__none,none,memgq_lattice_sticky,49ac71e389f7c7ee906a,0,0,0,0.8689588308334351,0.13104110956192017
PETS_CREDIT_high_eff_su2_r5_d6_b05__none,none,memgq_lattice_sticky,0a64aa2e5b95fcf231dd,0,1,0,0.7728937268257141,0.2271062433719635
PETS_CREDIT_high_eff_su2_r5_d6_b05__none,none,memgq_lattice_sticky,89f73d583d37c6f94431,0,0,0,0.8596853613853455,0.14031466841697693
PETS_CREDIT_high_eff_su2_r5_d6_b05__none,none,memgq_lattice_sticky,34c0e5ef4812a33d78b4,0,0,0,0.742419958114624,0.25758010149002075
PETS_CREDIT_high_eff_su2_r5_d6_b05__none,none,memgq_lattice_sticky,27a8bdb86da088cc0ec0,0,0,0,0.7976015210151672,0.20239853858947754
PETS_CREDIT_high_eff_su2_r5_d6_b05__none,none,memgq_lattice_sticky,c11b3ed277f799abf829,0,0,0,0.7614878416061401,0.23851217329502106
PETS_CREDIT_high_eff_su2_r5_d6_b05__none,none,memgq_lattice_sticky,53d98013cc132869d89f,0,1,0,0.734103798866272,0.26589617133140564
PETS_CREDIT_high_eff_su2_r5_d6_b05__none,none,memgq_lattice_sticky,35f39fb3290dd3876c4e,0,0,0,0.8146874308586121,0.18531258404254913
PETS_CREDIT_high_eff_su2_r5_d6_b05__none,none,memgq_lattice_sticky,add15bce63d585c10154,0,0,0,0.8711504936218262,0.12884949147701263
PETS_CREDIT_high_eff_su2_r5_d6_b05__none,none,memgq_lattice_sticky,c0386f52ee8eb9782e96,0,0,0,0.7780013084411621,0.22199870645999908
PETS_CREDIT_high_eff_su2_r5_d6_b05__none,none,memgq_lattice_sticky,201287d880b5985ef4a2,0,0,0,0.8195943236351013,0.18040570616722107
PETS_CREDIT_high_eff_su2_r5_d6_b05__none,none,memgq_lattice_sticky,54c071ac06a40c97bb56,0,0,0,0.7762432098388672,0.2237568199634552
PETS_CREDIT_high_eff_su2_r5_d6_b05__none,none,memgq_lattice_sticky,f8f44150ace4d5e110b6,0,1,0,0.7974841594696045,0.2025158703327179
PETS_CREDIT_high_eff_su2_r5_d6_b05__none,none,memgq_lattice_sticky,15e0146e9b8967882d3c,0,1,0,0.8670650720596313,0.13293494284152985
PETS_CREDIT_high_eff_su2_r5_d6_b05__none,none,memgq_lattice_sticky,a670309c70dd483bd34e,0,0,0,0.8487618565559387,0.1512381136417389
PETS_CREDIT_high_eff_su2_r5_d6_b05__none,none,memgq_lattice_sticky,3cb6ff56ab7911392172,0,0,0,0.855817437171936,0.14418254792690277
PETS_CREDIT_high_eff_su2_r5_d6_b05__none,none,memgq_lattice_sticky,4c3cfe1fe9e491bb9c0e,0,0,0,0.802369236946106,0.19763082265853882
