target_id,mode,aggregation,attack,simulator_seed,contrast,treatment_queries,treatment_shots,baseline_queries,baseline_shots,auc_difference
MNIST_QNN_eff_su2_r1_d6_s43,ideal_shot,mean_api_probabilities,confidence,0,single_shot_512_minus_128,1,512,1,128,-0.058150000000000035
MNIST_QNN_eff_su2_r1_d6_s43,ideal_shot,mean_api_probabilities,confidence,0,single_shot_2560_minus_128,1,2560,1,128,-0.06420000000000003
MNIST_QNN_eff_su2_r1_d6_s43,ideal_shot,mean_api_probabilities,confidence,0,repeat_5x128_minus_1x128,5,128,1,128,-0.03265000000000007
MNIST_QNN_eff_su2_r1_d6_s43,ideal_shot,mean_api_probabilities,confidence,0,repeat_20x128_minus_1x128,20,128,1,128,-0.039449999999999985
MNIST_QNN_eff_su2_r1_d6_s43,ideal_shot,mean_api_probabilities,confidence,0,equal_total_5x512_minus_1x2560,5,512,1,2560,0.016125000000000056
MNIST_QNN_eff_su2_r1_d6_s43,ideal_shot,mean_api_probabilities,confidence,0,equal_total_20x128_minus_1x2560,20,128,1,2560,0.02475000000000005
MNIST_QNN_eff_su2_r1_d6_s43,ideal_shot,mean_api_probabilities,confidence,1,single_shot_512_minus_128,1,512,1,128,-0.038825
MNIST_QNN_eff_su2_r1_d6_s43,ideal_shot,mean_api_probabilities,confidence,1,single_shot_2560_minus_128,1,2560,1,128,-0.02022500000000005
MNIST_QNN_eff_su2_r1_d6_s43,ideal_shot,mean_api_probabilities,confidence,1,repeat_5x128_minus_1x128,5,128,1,128,0.0018500000000000183
MNIST_QNN_eff_su2_r1_d6_s43,ideal_shot,mean_api_probabilities,confidence,1,repeat_20x128_minus_1x128,20,128,1,128,-0.011724999999999985
MNIST_QNN_eff_su2_r1_d6_s43,ideal_shot,mean_api_probabilities,confidence,1,equal_total_5x512_minus_1x2560,5,512,1,2560,0.004775000000000085
MNIST_QNN_eff_su2_r1_d6_s43,ideal_shot,mean_api_probabilities,confidence,1,equal_total_20x128_minus_1x2560,20,128,1,2560,0.008500000000000063
MNIST_QNN_eff_su2_r1_d6_s43,ideal_shot,mean_api_probabilities,confidence,2,single_shot_512_minus_128,1,512,1,128,0.023175000000000112
MNIST_QNN_eff_su2_r1_d6_s43,ideal_shot,mean_api_probabilities,confidence,2,single_shot_2560_minus_128,1,2560,1,128,0.014725000000000155
MNIST_QNN_eff_su2_r1_d6_s43,ideal_shot,mean_api_probabilities,confidence,2,repeat_5x128_minus_1x128,5,128,1,128,0.031025000000000136
MNIST_QNN_eff_su2_r1_d6_s43,ideal_shot,mean_api_probabilities,confidence,2,repeat_20x128_minus_1x128,20,128,1,128,0.016725000000000045
MNIST_QNN_eff_su2_r1_d6_s43,ideal_shot,mean_api_probabilities,confidence,2,equal_total_5x512_minus_1x2560,5,512,1,2560,0.004049999999999998
MNIST_QNN_eff_su2_r1_d6_s43,ideal_shot,mean_api_probabilities,confidence,2,equal_total_20x128_minus_1x2560,20,128,1,2560,0.0019999999999998908
MNIST_QNN_eff_su2_r1_d6_s43,ideal_shot,mean_api_probabilities,confidence,3,single_shot_512_minus_128,1,512,1,128,-0.04579999999999995
MNIST_QNN_eff_su2_r1_d6_s43,ideal_shot,mean_api_probabilities,confidence,3,single_shot_2560_minus_128,1,2560,1,128,-0.015349999999999975
MNIST_QNN_eff_su2_r1_d6_s43,ideal_shot,mean_api_probabilities,confidence,3,repeat_5x128_minus_1x128,5,128,1,128,-0.0009999999999998899
MNIST_QNN_eff_su2_r1_d6_s43,ideal_shot,mean_api_probabilities,confidence,3,repeat_20x128_minus_1x128,20,128,1,128,-0.0068749999999998535
MNIST_QNN_eff_su2_r1_d6_s43,ideal_shot,mean_api_probabilities,confidence,3,equal_total_5x512_minus_1x2560,5,512,1,2560,-0.01617499999999994
MNIST_QNN_eff_su2_r1_d6_s43,ideal_shot,mean_api_probabilities,confidence,3,equal_total_20x128_minus_1x2560,20,128,1,2560,0.008475000000000121
MNIST_QNN_eff_su2_r1_d6_s43,ideal_shot,mean_api_probabilities,confidence,4,single_shot_512_minus_128,1,512,1,128,0.008575
MNIST_QNN_eff_su2_r1_d6_s43,ideal_shot,mean_api_probabilities,confidence,4,single_shot_2560_minus_128,1,2560,1,128,0.022299999999999986
MNIST_QNN_eff_su2_r1_d6_s43,ideal_shot,mean_api_probabilities,confidence,4,repeat_5x128_minus_1x128,5,128,1,128,0.004425000000000012
MNIST_QNN_eff_su2_r1_d6_s43,ideal_shot,mean_api_probabilities,confidence,4,repeat_20x128_minus_1x128,20,128,1,128,0.022400000000000087
MNIST_QNN_eff_su2_r1_d6_s43,ideal_shot,mean_api_probabilities,confidence,4,equal_total_5x512_minus_1x2560,5,512,1,2560,-0.011450000000000071
MNIST_QNN_eff_su2_r1_d6_s43,ideal_shot,mean_api_probabilities,confidence,4,equal_total_20x128_minus_1x2560,20,128,1,2560,0.00010000000000010001
MNIST_QNN_eff_su2_r1_d6_s43,ideal_shot,mean_api_probabilities,confidence,5,single_shot_512_minus_128,1,512,1,128,0.02234999999999998
MNIST_QNN_eff_su2_r1_d6_s43,ideal_shot,mean_api_probabilities,confidence,5,single_shot_2560_minus_128,1,2560,1,128,0.016650000000000054
MNIST_QNN_eff_su2_r1_d6_s43,ideal_shot,mean_api_probabilities,confidence,5,repeat_5x128_minus_1x128,5,128,1,128,0.020525000000000126
MNIST_QNN_eff_su2_r1_d6_s43,ideal_shot,mean_api_probabilities,confidence,5,repeat_20x128_minus_1x128,20,128,1,128,0.012025000000000063
MNIST_QNN_eff_su2_r1_d6_s43,ideal_shot,mean_api_probabilities,confidence,5,equal_total_5x512_minus_1x2560,5,512,1,2560,0.0019000000000000128
MNIST_QNN_eff_su2_r1_d6_s43,ideal_shot,mean_api_probabilities,confidence,5,equal_total_20x128_minus_1x2560,20,128,1,2560,-0.00462499999999999
MNIST_QNN_eff_su2_r1_d6_s43,ideal_shot,mean_api_probabilities,confidence,6,single_shot_512_minus_128,1,512,1,128,0.013974999999999849
MNIST_QNN_eff_su2_r1_d6_s43,ideal_shot,mean_api_probabilities,confidence,6,single_shot_2560_minus_128,1,2560,1,128,0.009749999999999925
MNIST_QNN_eff_su2_r1_d6_s43,ideal_shot,mean_api_probabilities,confidence,6,repeat_5x128_minus_1x128,5,128,1,128,-0.013825000000000087
MNIST_QNN_eff_su2_r1_d6_s43,ideal_shot,mean_api_probabilities,confidence,6,repeat_20x128_minus_1x128,20,128,1,128,0.00024999999999986144
MNIST_QNN_eff_su2_r1_d6_s43,ideal_shot,mean_api_probabilities,confidence,6,equal_total_5x512_minus_1x2560,5,512,1,2560,-0.008425000000000016
MNIST_QNN_eff_su2_r1_d6_s43,ideal_shot,mean_api_probabilities,confidence,6,equal_total_20x128_minus_1x2560,20,128,1,2560,-0.009500000000000064
MNIST_QNN_eff_su2_r1_d6_s43,ideal_shot,mean_api_probabilities,confidence,7,single_shot_512_minus_128,1,512,1,128,-0.0010499999999998844
MNIST_QNN_eff_su2_r1_d6_s43,ideal_shot,mean_api_probabilities,confidence,7,single_shot_2560_minus_128,1,2560,1,128,0.007650000000000046
MNIST_QNN_eff_su2_r1_d6_s43,ideal_shot,mean_api_probabilities,confidence,7,repeat_5x128_minus_1x128,5,128,1,128,0.006450000000000067
MNIST_QNN_eff_su2_r1_d6_s43,ideal_shot,mean_api_probabilities,confidence,7,repeat_20x128_minus_1x128,20,128,1,128,0.008775000000000088
MNIST_QNN_eff_su2_r1_d6_s43,ideal_shot,mean_api_probabilities,confidence,7,equal_total_5x512_minus_1x2560,5,512,1,2560,-0.01597499999999996
MNIST_QNN_eff_su2_r1_d6_s43,ideal_shot,mean_api_probabilities,confidence,7,equal_total_20x128_minus_1x2560,20,128,1,2560,0.0011250000000000426
MNIST_QNN_eff_su2_r1_d6_s43,ideal_shot,mean_api_probabilities,confidence,8,single_shot_512_minus_128,1,512,1,128,0.010099999999999998
MNIST_QNN_eff_su2_r1_d6_s43,ideal_shot,mean_api_probabilities,confidence,8,single_shot_2560_minus_128,1,2560,1,128,0.04337500000000005
MNIST_QNN_eff_su2_r1_d6_s43,ideal_shot,mean_api_probabilities,confidence,8,repeat_5x128_minus_1x128,5,128,1,128,0.05257500000000004
MNIST_QNN_eff_su2_r1_d6_s43,ideal_shot,mean_api_probabilities,confidence,8,repeat_20x128_minus_1x128,20,128,1,128,0.04432500000000006
MNIST_QNN_eff_su2_r1_d6_s43,ideal_shot,mean_api_probabilities,confidence,8,equal_total_5x512_minus_1x2560,5,512,1,2560,-0.0038000000000000256
MNIST_QNN_eff_su2_r1_d6_s43,ideal_shot,mean_api_probabilities,confidence,8,equal_total_20x128_minus_1x2560,20,128,1,2560,0.0009500000000000064
MNIST_QNN_eff_su2_r1_d6_s43,ideal_shot,mean_api_probabilities,confidence,9,single_shot_512_minus_128,1,512,1,128,-0.010249999999999981
MNIST_QNN_eff_su2_r1_d6_s43,ideal_shot,mean_api_probabilities,confidence,9,single_shot_2560_minus_128,1,2560,1,128,-0.020050000000000012
MNIST_QNN_eff_su2_r1_d6_s43,ideal_shot,mean_api_probabilities,confidence,9,repeat_5x128_minus_1x128,5,128,1,128,-0.015499999999999958
MNIST_QNN_eff_su2_r1_d6_s43,ideal_shot,mean_api_probabilities,confidence,9,repeat_20x128_minus_1x128,20,128,1,128,-0.02429999999999999
MNIST_QNN_eff_su2_r1_d6_s43,ideal_shot,mean_api_probabilities,confidence,9,equal_total_5x512_minus_1x2560,5,512,1,2560,0.0050000000000000044
MNIST_QNN_eff_su2_r1_d6_s43,ideal_shot,mean_api_probabilities,confidence,9,equal_total_20x128_minus_1x2560,20,128,1,2560,-0.004249999999999976
MNIST_QNN_eff_su2_r1_d6_s43,ideal_shot,mean_api_probabilities,correctness,0,single_shot_512_minus_128,1,512,1,128,-0.022499999999999964
MNIST_QNN_eff_su2_r1_d6_s43,ideal_shot,mean_api_probabilities,correctness,0,single_shot_2560_minus_128,1,2560,1,128,-0.029999999999999916
MNIST_QNN_eff_su2_r1_d6_s43,ideal_shot,mean_api_probabilities,correctness,0,repeat_5x128_minus_1x128,5,128,1,128,-0.01749999999999985
MNIST_QNN_eff_su2_r1_d6_s43,ideal_shot,mean_api_probabilities,correctness,0,repeat_20x128_minus_1x128,20,128,1,128,-0.007499999999999951
MNIST_QNN_eff_su2_r1_d6_s43,ideal_shot,mean_api_probabilities,correctness,0,equal_total_5x512_minus_1x2560,5,512,1,2560,0.0
MNIST_QNN_eff_su2_r1_d6_s43,ideal_shot,mean_api_probabilities,correctness,0,equal_total_20x128_minus_1x2560,20,128,1,2560,0.022499999999999964
MNIST_QNN_eff_su2_r1_d6_s43,ideal_shot,mean_api_probabilities,correctness,1,single_shot_512_minus_128,1,512,1,128,-0.00749999999999984
MNIST_QNN_eff_su2_r1_d6_s43,ideal_shot,mean_api_probabilities,correctness,1,single_shot_2560_minus_128,1,2560,1,128,-0.02499999999999991
MNIST_QNN_eff_su2_r1_d6_s43,ideal_shot,mean_api_probabilities,correctness,1,repeat_5x128_minus_1x128,5,128,1,128,-0.02749999999999997
MNIST_QNN_eff_su2_r1_d6_s43,ideal_shot,mean_api_probabilities,correctness,1,repeat_20x128_minus_1x128,20,128,1,128,-0.03499999999999992
MNIST_QNN_eff_su2_r1_d6_s43,ideal_shot,mean_api_probabilities,correctness,1,equal_total_5x512_minus_1x2560,5,512,1,2560,0.007499999999999951
MNIST_QNN_eff_su2_r1_d6_s43,ideal_shot,mean_api_probabilities,correctness,1,equal_total_20x128_minus_1x2560,20,128,1,2560,-0.010000000000000009
MNIST_QNN_eff_su2_r1_d6_s43,ideal_shot,mean_api_probabilities,correctness,2,single_shot_512_minus_128,1,512,1,128,0.01750000000000007
MNIST_QNN_eff_su2_r1_d6_s43,ideal_shot,mean_api_probabilities,correctness,2,single_shot_2560_minus_128,1,2560,1,128,0.0025000000000001688
MNIST_QNN_eff_su2_r1_d6_s43,ideal_shot,mean_api_probabilities,correctness,2,repeat_5x128_minus_1x128,5,128,1,128,0.02750000000000019
MNIST_QNN_eff_su2_r1_d6_s43,ideal_shot,mean_api_probabilities,correctness,2,repeat_20x128_minus_1x128,20,128,1,128,0.032500000000000084
MNIST_QNN_eff_su2_r1_d6_s43,ideal_shot,mean_api_probabilities,correctness,2,equal_total_5x512_minus_1x2560,5,512,1,2560,0.004999999999999893
MNIST_QNN_eff_su2_r1_d6_s43,ideal_shot,mean_api_probabilities,correctness,2,equal_total_20x128_minus_1x2560,20,128,1,2560,0.029999999999999916
MNIST_QNN_eff_su2_r1_d6_s43,ideal_shot,mean_api_probabilities,correctness,3,single_shot_512_minus_128,1,512,1,128,0.007500000000000062
MNIST_QNN_eff_su2_r1_d6_s43,ideal_shot,mean_api_probabilities,correctness,3,single_shot_2560_minus_128,1,2560,1,128,-0.0024999999999999467
MNIST_QNN_eff_su2_r1_d6_s43,ideal_shot,mean_api_probabilities,correctness,3,repeat_5x128_minus_1x128,5,128,1,128,-0.014999999999999902
MNIST_QNN_eff_su2_r1_d6_s43,ideal_shot,mean_api_probabilities,correctness,3,repeat_20x128_minus_1x128,20,128,1,128,-0.014999999999999902
MNIST_QNN_eff_su2_r1_d6_s43,ideal_shot,mean_api_probabilities,correctness,3,equal_total_5x512_minus_1x2560,5,512,1,2560,0.0
MNIST_QNN_eff_su2_r1_d6_s43,ideal_shot,mean_api_probabilities,correctness,3,equal_total_20x128_minus_1x2560,20,128,1,2560,-0.012499999999999956
MNIST_QNN_eff_su2_r1_d6_s43,ideal_shot,mean_api_probabilities,correctness,4,single_shot_512_minus_128,1,512,1,128,0.010000000000000009
MNIST_QNN_eff_su2_r1_d6_s43,ideal_shot,mean_api_probabilities,correctness,4,single_shot_2560_minus_128,1,2560,1,128,-0.004999999999999893
MNIST_QNN_eff_su2_r1_d6_s43,ideal_shot,mean_api_probabilities,correctness,4,repeat_5x128_minus_1x128,5,128,1,128,0.007500000000000062
MNIST_QNN_eff_su2_r1_d6_s43,ideal_shot,mean_api_probabilities,correctness,4,repeat_20x128_minus_1x128,20,128,1,128,0.0
MNIST_QNN_eff_su2_r1_d6_s43,ideal_shot,mean_api_probabilities,correctness,4,equal_total_5x512_minus_1x2560,5,512,1,2560,-0.015000000000000013
MNIST_QNN_eff_su2_r1_d6_s43,ideal_shot,mean_api_probabilities,correctness,4,equal_total_20x128_minus_1x2560,20,128,1,2560,0.004999999999999893
MNIST_QNN_eff_su2_r1_d6_s43,ideal_shot,mean_api_probabilities,correctness,5,single_shot_512_minus_128,1,512,1,128,-0.004999999999999893
MNIST_QNN_eff_su2_r1_d6_s43,ideal_shot,mean_api_probabilities,correctness,5,single_shot_2560_minus_128,1,2560,1,128,-0.0024999999999998357
MNIST_QNN_eff_su2_r1_d6_s43,ideal_shot,mean_api_probabilities,correctness,5,repeat_5x128_minus_1x128,5,128,1,128,-0.012499999999999956
MNIST_QNN_eff_su2_r1_d6_s43,ideal_shot,mean_api_probabilities,correctness,5,repeat_20x128_minus_1x128,20,128,1,128,-0.007499999999999951
MNIST_QNN_eff_su2_r1_d6_s43,ideal_shot,mean_api_probabilities,correctness,5,equal_total_5x512_minus_1x2560,5,512,1,2560,-0.02000000000000013
MNIST_QNN_eff_su2_r1_d6_s43,ideal_shot,mean_api_probabilities,correctness,5,equal_total_20x128_minus_1x2560,20,128,1,2560,-0.0050000000000001155
MNIST_QNN_eff_su2_r1_d6_s43,ideal_shot,mean_api_probabilities,correctness,6,single_shot_512_minus_128,1,512,1,128,0.02499999999999991
MNIST_QNN_eff_su2_r1_d6_s43,ideal_shot,mean_api_probabilities,correctness,6,single_shot_2560_minus_128,1,2560,1,128,-0.01749999999999996
MNIST_QNN_eff_su2_r1_d6_s43,ideal_shot,mean_api_probabilities,correctness,6,repeat_5x128_minus_1x128,5,128,1,128,-0.007500000000000062
MNIST_QNN_eff_su2_r1_d6_s43,ideal_shot,mean_api_probabilities,correctness,6,repeat_20x128_minus_1x128,20,128,1,128,0.0
MNIST_QNN_eff_su2_r1_d6_s43,ideal_shot,mean_api_probabilities,correctness,6,equal_total_5x512_minus_1x2560,5,512,1,2560,0.019999999999999907
MNIST_QNN_eff_su2_r1_d6_s43,ideal_shot,mean_api_probabilities,correctness,6,equal_total_20x128_minus_1x2560,20,128,1,2560,0.01749999999999996
MNIST_QNN_eff_su2_r1_d6_s43,ideal_shot,mean_api_probabilities,correctness,7,single_shot_512_minus_128,1,512,1,128,-0.022500000000000075
MNIST_QNN_eff_su2_r1_d6_s43,ideal_shot,mean_api_probabilities,correctness,7,single_shot_2560_minus_128,1,2560,1,128,-0.010000000000000009
MNIST_QNN_eff_su2_r1_d6_s43,ideal_shot,mean_api_probabilities,correctness,7,repeat_5x128_minus_1x128,5,128,1,128,0.014999999999999902
MNIST_QNN_eff_su2_r1_d6_s43,ideal_shot,mean_api_probabilities,correctness,7,repeat_20x128_minus_1x128,20,128,1,128,-0.0050000000000001155
MNIST_QNN_eff_su2_r1_d6_s43,ideal_shot,mean_api_probabilities,correctness,7,equal_total_5x512_minus_1x2560,5,512,1,2560,0.004999999999999893
MNIST_QNN_eff_su2_r1_d6_s43,ideal_shot,mean_api_probabilities,correctness,7,equal_total_20x128_minus_1x2560,20,128,1,2560,0.004999999999999893
MNIST_QNN_eff_su2_r1_d6_s43,ideal_shot,mean_api_probabilities,correctness,8,single_shot_512_minus_128,1,512,1,128,-0.0050000000000000044
MNIST_QNN_eff_su2_r1_d6_s43,ideal_shot,mean_api_probabilities,correctness,8,single_shot_2560_minus_128,1,2560,1,128,0.0025000000000000577
MNIST_QNN_eff_su2_r1_d6_s43,ideal_shot,mean_api_probabilities,correctness,8,repeat_5x128_minus_1x128,5,128,1,128,0.030000000000000027
MNIST_QNN_eff_su2_r1_d6_s43,ideal_shot,mean_api_probabilities,correctness,8,repeat_20x128_minus_1x128,20,128,1,128,0.0
MNIST_QNN_eff_su2_r1_d6_s43,ideal_shot,mean_api_probabilities,correctness,8,equal_total_5x512_minus_1x2560,5,512,1,2560,-0.0025000000000000577
MNIST_QNN_eff_su2_r1_d6_s43,ideal_shot,mean_api_probabilities,correctness,8,equal_total_20x128_minus_1x2560,20,128,1,2560,-0.0025000000000000577
MNIST_QNN_eff_su2_r1_d6_s43,ideal_shot,mean_api_probabilities,correctness,9,single_shot_512_minus_128,1,512,1,128,0.007499999999999951
MNIST_QNN_eff_su2_r1_d6_s43,ideal_shot,mean_api_probabilities,correctness,9,single_shot_2560_minus_128,1,2560,1,128,0.0024999999999999467
MNIST_QNN_eff_su2_r1_d6_s43,ideal_shot,mean_api_probabilities,correctness,9,repeat_5x128_minus_1x128,5,128,1,128,-0.007499999999999951
MNIST_QNN_eff_su2_r1_d6_s43,ideal_shot,mean_api_probabilities,correctness,9,repeat_20x128_minus_1x128,20,128,1,128,0.0025000000000000577
MNIST_QNN_eff_su2_r1_d6_s43,ideal_shot,mean_api_probabilities,correctness,9,equal_total_5x512_minus_1x2560,5,512,1,2560,-0.007499999999999951
MNIST_QNN_eff_su2_r1_d6_s43,ideal_shot,mean_api_probabilities,correctness,9,equal_total_20x128_minus_1x2560,20,128,1,2560,1.1102230246251565e-16
MNIST_QNN_eff_su2_r1_d6_s43,ideal_shot,mean_api_probabilities,entropy,0,single_shot_512_minus_128,1,512,1,128,-0.053649999999999975
MNIST_QNN_eff_su2_r1_d6_s43,ideal_shot,mean_api_probabilities,entropy,0,single_shot_2560_minus_128,1,2560,1,128,-0.05777499999999991
MNIST_QNN_eff_su2_r1_d6_s43,ideal_shot,mean_api_probabilities,entropy,0,repeat_5x128_minus_1x128,5,128,1,128,-0.03412499999999996
MNIST_QNN_eff_su2_r1_d6_s43,ideal_shot,mean_api_probabilities,entropy,0,repeat_20x128_minus_1x128,20,128,1,128,-0.04067500000000002
MNIST_QNN_eff_su2_r1_d6_s43,ideal_shot,mean_api_probabilities,entropy,0,equal_total_5x512_minus_1x2560,5,512,1,2560,0.011749999999999927
MNIST_QNN_eff_su2_r1_d6_s43,ideal_shot,mean_api_probabilities,entropy,0,equal_total_20x128_minus_1x2560,20,128,1,2560,0.017099999999999893
MNIST_QNN_eff_su2_r1_d6_s43,ideal_shot,mean_api_probabilities,entropy,1,single_shot_512_minus_128,1,512,1,128,-0.04080000000000006
MNIST_QNN_eff_su2_r1_d6_s43,ideal_shot,mean_api_probabilities,entropy,1,single_shot_2560_minus_128,1,2560,1,128,-0.027350000000000096
MNIST_QNN_eff_su2_r1_d6_s43,ideal_shot,mean_api_probabilities,entropy,1,repeat_5x128_minus_1x128,5,128,1,128,-0.005775000000000086
MNIST_QNN_eff_su2_r1_d6_s43,ideal_shot,mean_api_probabilities,entropy,1,repeat_20x128_minus_1x128,20,128,1,128,-0.017900000000000027
MNIST_QNN_eff_su2_r1_d6_s43,ideal_shot,mean_api_probabilities,entropy,1,equal_total_5x512_minus_1x2560,5,512,1,2560,0.01090000000000002
MNIST_QNN_eff_su2_r1_d6_s43,ideal_shot,mean_api_probabilities,entropy,1,equal_total_20x128_minus_1x2560,20,128,1,2560,0.00945000000000007
MNIST_QNN_eff_su2_r1_d6_s43,ideal_shot,mean_api_probabilities,entropy,2,single_shot_512_minus_128,1,512,1,128,0.02820000000000006
MNIST_QNN_eff_su2_r1_d6_s43,ideal_shot,mean_api_probabilities,entropy,2,single_shot_2560_minus_128,1,2560,1,128,0.01877500000000004
MNIST_QNN_eff_su2_r1_d6_s43,ideal_shot,mean_api_probabilities,entropy,2,repeat_5x128_minus_1x128,5,128,1,128,0.031799999999999995
MNIST_QNN_eff_su2_r1_d6_s43,ideal_shot,mean_api_probabilities,entropy,2,repeat_20x128_minus_1x128,20,128,1,128,0.023999999999999966
MNIST_QNN_eff_su2_r1_d6_s43,ideal_shot,mean_api_probabilities,entropy,2,equal_total_5x512_minus_1x2560,5,512,1,2560,0.0038999999999999035
MNIST_QNN_eff_su2_r1_d6_s43,ideal_shot,mean_api_probabilities,entropy,2,equal_total_20x128_minus_1x2560,20,128,1,2560,0.005224999999999924
MNIST_QNN_eff_su2_r1_d6_s43,ideal_shot,mean_api_probabilities,entropy,3,single_shot_512_minus_128,1,512,1,128,-0.05840000000000012
MNIST_QNN_eff_su2_r1_d6_s43,ideal_shot,mean_api_probabilities,entropy,3,single_shot_2560_minus_128,1,2560,1,128,-0.02354999999999996
MNIST_QNN_eff_su2_r1_d6_s43,ideal_shot,mean_api_probabilities,entropy,3,repeat_5x128_minus_1x128,5,128,1,128,-0.020675
MNIST_QNN_eff_su2_r1_d6_s43,ideal_shot,mean_api_probabilities,entropy,3,repeat_20x128_minus_1x128,20,128,1,128,-0.029574999999999907
MNIST_QNN_eff_su2_r1_d6_s43,ideal_shot,mean_api_probabilities,entropy,3,equal_total_5x512_minus_1x2560,5,512,1,2560,-0.01737500000000003
MNIST_QNN_eff_su2_r1_d6_s43,ideal_shot,mean_api_probabilities,entropy,3,equal_total_20x128_minus_1x2560,20,128,1,2560,-0.006024999999999947
MNIST_QNN_eff_su2_r1_d6_s43,ideal_shot,mean_api_probabilities,entropy,4,single_shot_512_minus_128,1,512,1,128,0.005024999999999835
MNIST_QNN_eff_su2_r1_d6_s43,ideal_shot,mean_api_probabilities,entropy,4,single_shot_2560_minus_128,1,2560,1,128,0.012174999999999936
MNIST_QNN_eff_su2_r1_d6_s43,ideal_shot,mean_api_probabilities,entropy,4,repeat_5x128_minus_1x128,5,128,1,128,0.00014999999999987246
MNIST_QNN_eff_su2_r1_d6_s43,ideal_shot,mean_api_probabilities,entropy,4,repeat_20x128_minus_1x128,20,128,1,128,0.015424999999999911
MNIST_QNN_eff_su2_r1_d6_s43,ideal_shot,mean_api_probabilities,entropy,4,equal_total_5x512_minus_1x2560,5,512,1,2560,-0.0017249999999999766
MNIST_QNN_eff_su2_r1_d6_s43,ideal_shot,mean_api_probabilities,entropy,4,equal_total_20x128_minus_1x2560,20,128,1,2560,0.003249999999999975
MNIST_QNN_eff_su2_r1_d6_s43,ideal_shot,mean_api_probabilities,entropy,5,single_shot_512_minus_128,1,512,1,128,0.002175000000000038
MNIST_QNN_eff_su2_r1_d6_s43,ideal_shot,mean_api_probabilities,entropy,5,single_shot_2560_minus_128,1,2560,1,128,0.014500000000000068
MNIST_QNN_eff_su2_r1_d6_s43,ideal_shot,mean_api_probabilities,entropy,5,repeat_5x128_minus_1x128,5,128,1,128,0.010224999999999929
MNIST_QNN_eff_su2_r1_d6_s43,ideal_shot,mean_api_probabilities,entropy,5,repeat_20x128_minus_1x128,20,128,1,128,0.008849999999999913
MNIST_QNN_eff_su2_r1_d6_s43,ideal_shot,mean_api_probabilities,entropy,5,equal_total_5x512_minus_1x2560,5,512,1,2560,-0.005925000000000069
MNIST_QNN_eff_su2_r1_d6_s43,ideal_shot,mean_api_probabilities,entropy,5,equal_total_20x128_minus_1x2560,20,128,1,2560,-0.005650000000000155
MNIST_QNN_eff_su2_r1_d6_s43,ideal_shot,mean_api_probabilities,entropy,6,single_shot_512_minus_128,1,512,1,128,0.0048000000000000265
MNIST_QNN_eff_su2_r1_d6_s43,ideal_shot,mean_api_probabilities,entropy,6,single_shot_2560_minus_128,1,2560,1,128,0.010874999999999968
MNIST_QNN_eff_su2_r1_d6_s43,ideal_shot,mean_api_probabilities,entropy,6,repeat_5x128_minus_1x128,5,128,1,128,-0.0021999999999999797
MNIST_QNN_eff_su2_r1_d6_s43,ideal_shot,mean_api_probabilities,entropy,6,repeat_20x128_minus_1x128,20,128,1,128,0.008424999999999905
MNIST_QNN_eff_su2_r1_d6_s43,ideal_shot,mean_api_probabilities,entropy,6,equal_total_5x512_minus_1x2560,5,512,1,2560,-0.0024250000000000105
MNIST_QNN_eff_su2_r1_d6_s43,ideal_shot,mean_api_probabilities,entropy,6,equal_total_20x128_minus_1x2560,20,128,1,2560,-0.0024500000000000632
MNIST_QNN_eff_su2_r1_d6_s43,ideal_shot,mean_api_probabilities,entropy,7,single_shot_512_minus_128,1,512,1,128,-0.006950000000000123
MNIST_QNN_eff_su2_r1_d6_s43,ideal_shot,mean_api_probabilities,entropy,7,single_shot_2560_minus_128,1,2560,1,128,-0.005375000000000019
MNIST_QNN_eff_su2_r1_d6_s43,ideal_shot,mean_api_probabilities,entropy,7,repeat_5x128_minus_1x128,5,128,1,128,-0.014175000000000049
MNIST_QNN_eff_su2_r1_d6_s43,ideal_shot,mean_api_probabilities,entropy,7,repeat_20x128_minus_1x128,20,128,1,128,0.00017499999999992522
MNIST_QNN_eff_su2_r1_d6_s43,ideal_shot,mean_api_probabilities,entropy,7,equal_total_5x512_minus_1x2560,5,512,1,2560,-0.008225000000000038
MNIST_QNN_eff_su2_r1_d6_s43,ideal_shot,mean_api_probabilities,entropy,7,equal_total_20x128_minus_1x2560,20,128,1,2560,0.005549999999999944
MNIST_QNN_eff_su2_r1_d6_s43,ideal_shot,mean_api_probabilities,entropy,8,single_shot_512_minus_128,1,512,1,128,0.0273250000000001
MNIST_QNN_eff_su2_r1_d6_s43,ideal_shot,mean_api_probabilities,entropy,8,single_shot_2560_minus_128,1,2560,1,128,0.05492500000000006
MNIST_QNN_eff_su2_r1_d6_s43,ideal_shot,mean_api_probabilities,entropy,8,repeat_5x128_minus_1x128,5,128,1,128,0.05722500000000014
MNIST_QNN_eff_su2_r1_d6_s43,ideal_shot,mean_api_probabilities,entropy,8,repeat_20x128_minus_1x128,20,128,1,128,0.05845000000000006
MNIST_QNN_eff_su2_r1_d6_s43,ideal_shot,mean_api_probabilities,entropy,8,equal_total_5x512_minus_1x2560,5,512,1,2560,0.001000000000000112
MNIST_QNN_eff_su2_r1_d6_s43,ideal_shot,mean_api_probabilities,entropy,8,equal_total_20x128_minus_1x2560,20,128,1,2560,0.0035250000000000004
MNIST_QNN_eff_su2_r1_d6_s43,ideal_shot,mean_api_probabilities,entropy,9,single_shot_512_minus_128,1,512,1,128,-0.014175000000000049
MNIST_QNN_eff_su2_r1_d6_s43,ideal_shot,mean_api_probabilities,entropy,9,single_shot_2560_minus_128,1,2560,1,128,-0.005824999999999969
MNIST_QNN_eff_su2_r1_d6_s43,ideal_shot,mean_api_probabilities,entropy,9,repeat_5x128_minus_1x128,5,128,1,128,-0.015750000000000042
MNIST_QNN_eff_su2_r1_d6_s43,ideal_shot,mean_api_probabilities,entropy,9,repeat_20x128_minus_1x128,20,128,1,128,-0.01770000000000016
MNIST_QNN_eff_su2_r1_d6_s43,ideal_shot,mean_api_probabilities,entropy,9,equal_total_5x512_minus_1x2560,5,512,1,2560,0.0011999999999999789
MNIST_QNN_eff_su2_r1_d6_s43,ideal_shot,mean_api_probabilities,entropy,9,equal_total_20x128_minus_1x2560,20,128,1,2560,-0.011875000000000191
MNIST_QNN_eff_su2_r1_d6_s43,ideal_shot,mean_api_probabilities,learned_mlp_pv,0,single_shot_512_minus_128,1,512,1,128,-0.06682500000000002
MNIST_QNN_eff_su2_r1_d6_s43,ideal_shot,mean_api_probabilities,learned_mlp_pv,0,single_shot_2560_minus_128,1,2560,1,128,-0.018850000000000033
MNIST_QNN_eff_su2_r1_d6_s43,ideal_shot,mean_api_probabilities,learned_mlp_pv,0,repeat_5x128_minus_1x128,5,128,1,128,-0.026650000000000063
MNIST_QNN_eff_su2_r1_d6_s43,ideal_shot,mean_api_probabilities,learned_mlp_pv,0,repeat_20x128_minus_1x128,20,128,1,128,-0.02034999999999998
MNIST_QNN_eff_su2_r1_d6_s43,ideal_shot,mean_api_probabilities,learned_mlp_pv,0,equal_total_5x512_minus_1x2560,5,512,1,2560,-0.007874999999999965
MNIST_QNN_eff_su2_r1_d6_s43,ideal_shot,mean_api_probabilities,learned_mlp_pv,0,equal_total_20x128_minus_1x2560,20,128,1,2560,-0.0014999999999999458
MNIST_QNN_eff_su2_r1_d6_s43,ideal_shot,mean_api_probabilities,learned_mlp_pv,1,single_shot_512_minus_128,1,512,1,128,-0.02024999999999999
MNIST_QNN_eff_su2_r1_d6_s43,ideal_shot,mean_api_probabilities,learned_mlp_pv,1,single_shot_2560_minus_128,1,2560,1,128,-0.0044999999999999485
MNIST_QNN_eff_su2_r1_d6_s43,ideal_shot,mean_api_probabilities,learned_mlp_pv,1,repeat_5x128_minus_1x128,5,128,1,128,0.07145000000000001
MNIST_QNN_eff_su2_r1_d6_s43,ideal_shot,mean_api_probabilities,learned_mlp_pv,1,repeat_20x128_minus_1x128,20,128,1,128,0.06797500000000001
MNIST_QNN_eff_su2_r1_d6_s43,ideal_shot,mean_api_probabilities,learned_mlp_pv,1,equal_total_5x512_minus_1x2560,5,512,1,2560,0.04984999999999995
MNIST_QNN_eff_su2_r1_d6_s43,ideal_shot,mean_api_probabilities,learned_mlp_pv,1,equal_total_20x128_minus_1x2560,20,128,1,2560,0.07247499999999996
MNIST_QNN_eff_su2_r1_d6_s43,ideal_shot,mean_api_probabilities,learned_mlp_pv,2,single_shot_512_minus_128,1,512,1,128,0.04577500000000001
MNIST_QNN_eff_su2_r1_d6_s43,ideal_shot,mean_api_probabilities,learned_mlp_pv,2,single_shot_2560_minus_128,1,2560,1,128,0.048924999999999996
MNIST_QNN_eff_su2_r1_d6_s43,ideal_shot,mean_api_probabilities,learned_mlp_pv,2,repeat_5x128_minus_1x128,5,128,1,128,0.05677500000000002
MNIST_QNN_eff_su2_r1_d6_s43,ideal_shot,mean_api_probabilities,learned_mlp_pv,2,repeat_20x128_minus_1x128,20,128,1,128,0.05632500000000007
MNIST_QNN_eff_su2_r1_d6_s43,ideal_shot,mean_api_probabilities,learned_mlp_pv,2,equal_total_5x512_minus_1x2560,5,512,1,2560,-0.003449999999999953
MNIST_QNN_eff_su2_r1_d6_s43,ideal_shot,mean_api_probabilities,learned_mlp_pv,2,equal_total_20x128_minus_1x2560,20,128,1,2560,0.007400000000000073
MNIST_QNN_eff_su2_r1_d6_s43,ideal_shot,mean_api_probabilities,learned_mlp_pv,3,single_shot_512_minus_128,1,512,1,128,-0.01982499999999998
MNIST_QNN_eff_su2_r1_d6_s43,ideal_shot,mean_api_probabilities,learned_mlp_pv,3,single_shot_2560_minus_128,1,2560,1,128,-0.0027249999999998664
MNIST_QNN_eff_su2_r1_d6_s43,ideal_shot,mean_api_probabilities,learned_mlp_pv,3,repeat_5x128_minus_1x128,5,128,1,128,0.0011750000000001481
MNIST_QNN_eff_su2_r1_d6_s43,ideal_shot,mean_api_probabilities,learned_mlp_pv,3,repeat_20x128_minus_1x128,20,128,1,128,0.038450000000000095
MNIST_QNN_eff_su2_r1_d6_s43,ideal_shot,mean_api_probabilities,learned_mlp_pv,3,equal_total_5x512_minus_1x2560,5,512,1,2560,0.010650000000000048
MNIST_QNN_eff_su2_r1_d6_s43,ideal_shot,mean_api_probabilities,learned_mlp_pv,3,equal_total_20x128_minus_1x2560,20,128,1,2560,0.04117499999999996
MNIST_QNN_eff_su2_r1_d6_s43,ideal_shot,mean_api_probabilities,learned_mlp_pv,4,single_shot_512_minus_128,1,512,1,128,-0.0028000000000000247
MNIST_QNN_eff_su2_r1_d6_s43,ideal_shot,mean_api_probabilities,learned_mlp_pv,4,single_shot_2560_minus_128,1,2560,1,128,0.0014250000000000096
MNIST_QNN_eff_su2_r1_d6_s43,ideal_shot,mean_api_probabilities,learned_mlp_pv,4,repeat_5x128_minus_1x128,5,128,1,128,0.013124999999999942
MNIST_QNN_eff_su2_r1_d6_s43,ideal_shot,mean_api_probabilities,learned_mlp_pv,4,repeat_20x128_minus_1x128,20,128,1,128,0.02597499999999997
MNIST_QNN_eff_su2_r1_d6_s43,ideal_shot,mean_api_probabilities,learned_mlp_pv,4,equal_total_5x512_minus_1x2560,5,512,1,2560,0.015674999999999994
MNIST_QNN_eff_su2_r1_d6_s43,ideal_shot,mean_api_probabilities,learned_mlp_pv,4,equal_total_20x128_minus_1x2560,20,128,1,2560,0.02454999999999996
MNIST_QNN_eff_su2_r1_d6_s43,ideal_shot,mean_api_probabilities,learned_mlp_pv,5,single_shot_512_minus_128,1,512,1,128,-0.009774999999999978
MNIST_QNN_eff_su2_r1_d6_s43,ideal_shot,mean_api_probabilities,learned_mlp_pv,5,single_shot_2560_minus_128,1,2560,1,128,-0.013900000000000023
MNIST_QNN_eff_su2_r1_d6_s43,ideal_shot,mean_api_probabilities,learned_mlp_pv,5,repeat_5x128_minus_1x128,5,128,1,128,-0.021075000000000066
MNIST_QNN_eff_su2_r1_d6_s43,ideal_shot,mean_api_probabilities,learned_mlp_pv,5,repeat_20x128_minus_1x128,20,128,1,128,-0.03199999999999992
MNIST_QNN_eff_su2_r1_d6_s43,ideal_shot,mean_api_probabilities,learned_mlp_pv,5,equal_total_5x512_minus_1x2560,5,512,1,2560,-0.005349999999999966
MNIST_QNN_eff_su2_r1_d6_s43,ideal_shot,mean_api_probabilities,learned_mlp_pv,5,equal_total_20x128_minus_1x2560,20,128,1,2560,-0.018099999999999894
MNIST_QNN_eff_su2_r1_d6_s43,ideal_shot,mean_api_probabilities,learned_mlp_pv,6,single_shot_512_minus_128,1,512,1,128,0.0023999999999999577
MNIST_QNN_eff_su2_r1_d6_s43,ideal_shot,mean_api_probabilities,learned_mlp_pv,6,single_shot_2560_minus_128,1,2560,1,128,-0.004425000000000012
MNIST_QNN_eff_su2_r1_d6_s43,ideal_shot,mean_api_probabilities,learned_mlp_pv,6,repeat_5x128_minus_1x128,5,128,1,128,-0.027700000000000058
MNIST_QNN_eff_su2_r1_d6_s43,ideal_shot,mean_api_probabilities,learned_mlp_pv,6,repeat_20x128_minus_1x128,20,128,1,128,-0.010650000000000048
MNIST_QNN_eff_su2_r1_d6_s43,ideal_shot,mean_api_probabilities,learned_mlp_pv,6,equal_total_5x512_minus_1x2560,5,512,1,2560,-0.002275000000000027
MNIST_QNN_eff_su2_r1_d6_s43,ideal_shot,mean_api_probabilities,learned_mlp_pv,6,equal_total_20x128_minus_1x2560,20,128,1,2560,-0.006225000000000036
MNIST_QNN_eff_su2_r1_d6_s43,ideal_shot,mean_api_probabilities,learned_mlp_pv,7,single_shot_512_minus_128,1,512,1,128,-0.009425000000000017
MNIST_QNN_eff_su2_r1_d6_s43,ideal_shot,mean_api_probabilities,learned_mlp_pv,7,single_shot_2560_minus_128,1,2560,1,128,0.014674999999999994
MNIST_QNN_eff_su2_r1_d6_s43,ideal_shot,mean_api_probabilities,learned_mlp_pv,7,repeat_5x128_minus_1x128,5,128,1,128,-0.005175000000000041
MNIST_QNN_eff_su2_r1_d6_s43,ideal_shot,mean_api_probabilities,learned_mlp_pv,7,repeat_20x128_minus_1x128,20,128,1,128,0.044524999999999926
MNIST_QNN_eff_su2_r1_d6_s43,ideal_shot,mean_api_probabilities,learned_mlp_pv,7,equal_total_5x512_minus_1x2560,5,512,1,2560,-0.012900000000000023
MNIST_QNN_eff_su2_r1_d6_s43,ideal_shot,mean_api_probabilities,learned_mlp_pv,7,equal_total_20x128_minus_1x2560,20,128,1,2560,0.029849999999999932
MNIST_QNN_eff_su2_r1_d6_s43,ideal_shot,mean_api_probabilities,learned_mlp_pv,8,single_shot_512_minus_128,1,512,1,128,-0.0852250000000001
MNIST_QNN_eff_su2_r1_d6_s43,ideal_shot,mean_api_probabilities,learned_mlp_pv,8,single_shot_2560_minus_128,1,2560,1,128,-0.06489999999999996
MNIST_QNN_eff_su2_r1_d6_s43,ideal_shot,mean_api_probabilities,learned_mlp_pv,8,repeat_5x128_minus_1x128,5,128,1,128,-0.02627500000000005
MNIST_QNN_eff_su2_r1_d6_s43,ideal_shot,mean_api_probabilities,learned_mlp_pv,8,repeat_20x128_minus_1x128,20,128,1,128,-0.06379999999999997
MNIST_QNN_eff_su2_r1_d6_s43,ideal_shot,mean_api_probabilities,learned_mlp_pv,8,equal_total_5x512_minus_1x2560,5,512,1,2560,0.04849999999999999
MNIST_QNN_eff_su2_r1_d6_s43,ideal_shot,mean_api_probabilities,learned_mlp_pv,8,equal_total_20x128_minus_1x2560,20,128,1,2560,0.0010999999999999899
MNIST_QNN_eff_su2_r1_d6_s43,ideal_shot,mean_api_probabilities,learned_mlp_pv,9,single_shot_512_minus_128,1,512,1,128,0.011674999999999991
MNIST_QNN_eff_su2_r1_d6_s43,ideal_shot,mean_api_probabilities,learned_mlp_pv,9,single_shot_2560_minus_128,1,2560,1,128,0.0019500000000000073
MNIST_QNN_eff_su2_r1_d6_s43,ideal_shot,mean_api_probabilities,learned_mlp_pv,9,repeat_5x128_minus_1x128,5,128,1,128,0.03987499999999988
MNIST_QNN_eff_su2_r1_d6_s43,ideal_shot,mean_api_probabilities,learned_mlp_pv,9,repeat_20x128_minus_1x128,20,128,1,128,0.02144999999999997
MNIST_QNN_eff_su2_r1_d6_s43,ideal_shot,mean_api_probabilities,learned_mlp_pv,9,equal_total_5x512_minus_1x2560,5,512,1,2560,-0.005900000000000127
MNIST_QNN_eff_su2_r1_d6_s43,ideal_shot,mean_api_probabilities,learned_mlp_pv,9,equal_total_20x128_minus_1x2560,20,128,1,2560,0.019499999999999962
MNIST_QNN_eff_su2_r1_d6_s43,ideal_shot,mean_api_probabilities,learned_mlp_pv_mean_std,0,single_shot_512_minus_128,1,512,1,128,-0.06804999999999994
MNIST_QNN_eff_su2_r1_d6_s43,ideal_shot,mean_api_probabilities,learned_mlp_pv_mean_std,0,single_shot_2560_minus_128,1,2560,1,128,-0.04695000000000005
MNIST_QNN_eff_su2_r1_d6_s43,ideal_shot,mean_api_probabilities,learned_mlp_pv_mean_std,0,repeat_5x128_minus_1x128,5,128,1,128,-0.04127499999999995
MNIST_QNN_eff_su2_r1_d6_s43,ideal_shot,mean_api_probabilities,learned_mlp_pv_mean_std,0,repeat_20x128_minus_1x128,20,128,1,128,0.0011750000000001481
MNIST_QNN_eff_su2_r1_d6_s43,ideal_shot,mean_api_probabilities,learned_mlp_pv_mean_std,0,equal_total_5x512_minus_1x2560,5,512,1,2560,0.04167500000000013
MNIST_QNN_eff_su2_r1_d6_s43,ideal_shot,mean_api_probabilities,learned_mlp_pv_mean_std,0,equal_total_20x128_minus_1x2560,20,128,1,2560,0.048125000000000195
MNIST_QNN_eff_su2_r1_d6_s43,ideal_shot,mean_api_probabilities,learned_mlp_pv_mean_std,1,single_shot_512_minus_128,1,512,1,128,-0.023799999999999932
MNIST_QNN_eff_su2_r1_d6_s43,ideal_shot,mean_api_probabilities,learned_mlp_pv_mean_std,1,single_shot_2560_minus_128,1,2560,1,128,-0.027699999999999836
MNIST_QNN_eff_su2_r1_d6_s43,ideal_shot,mean_api_probabilities,learned_mlp_pv_mean_std,1,repeat_5x128_minus_1x128,5,128,1,128,0.053850000000000064
MNIST_QNN_eff_su2_r1_d6_s43,ideal_shot,mean_api_probabilities,learned_mlp_pv_mean_std,1,repeat_20x128_minus_1x128,20,128,1,128,0.04942500000000005
MNIST_QNN_eff_su2_r1_d6_s43,ideal_shot,mean_api_probabilities,learned_mlp_pv_mean_std,1,equal_total_5x512_minus_1x2560,5,512,1,2560,0.07074999999999998
MNIST_QNN_eff_su2_r1_d6_s43,ideal_shot,mean_api_probabilities,learned_mlp_pv_mean_std,1,equal_total_20x128_minus_1x2560,20,128,1,2560,0.07712499999999989
MNIST_QNN_eff_su2_r1_d6_s43,ideal_shot,mean_api_probabilities,learned_mlp_pv_mean_std,2,single_shot_512_minus_128,1,512,1,128,0.024299999999999933
MNIST_QNN_eff_su2_r1_d6_s43,ideal_shot,mean_api_probabilities,learned_mlp_pv_mean_std,2,single_shot_2560_minus_128,1,2560,1,128,0.04327500000000001
MNIST_QNN_eff_su2_r1_d6_s43,ideal_shot,mean_api_probabilities,learned_mlp_pv_mean_std,2,repeat_5x128_minus_1x128,5,128,1,128,0.016974999999999907
MNIST_QNN_eff_su2_r1_d6_s43,ideal_shot,mean_api_probabilities,learned_mlp_pv_mean_std,2,repeat_20x128_minus_1x128,20,128,1,128,0.07090000000000002
MNIST_QNN_eff_su2_r1_d6_s43,ideal_shot,mean_api_probabilities,learned_mlp_pv_mean_std,2,equal_total_5x512_minus_1x2560,5,512,1,2560,-0.04270000000000007
MNIST_QNN_eff_su2_r1_d6_s43,ideal_shot,mean_api_probabilities,learned_mlp_pv_mean_std,2,equal_total_20x128_minus_1x2560,20,128,1,2560,0.02762500000000001
MNIST_QNN_eff_su2_r1_d6_s43,ideal_shot,mean_api_probabilities,learned_mlp_pv_mean_std,3,single_shot_512_minus_128,1,512,1,128,-0.02152499999999996
MNIST_QNN_eff_su2_r1_d6_s43,ideal_shot,mean_api_probabilities,learned_mlp_pv_mean_std,3,single_shot_2560_minus_128,1,2560,1,128,0.03212499999999996
MNIST_QNN_eff_su2_r1_d6_s43,ideal_shot,mean_api_probabilities,learned_mlp_pv_mean_std,3,repeat_5x128_minus_1x128,5,128,1,128,0.049350000000000005
MNIST_QNN_eff_su2_r1_d6_s43,ideal_shot,mean_api_probabilities,learned_mlp_pv_mean_std,3,repeat_20x128_minus_1x128,20,128,1,128,0.05130000000000001
MNIST_QNN_eff_su2_r1_d6_s43,ideal_shot,mean_api_probabilities,learned_mlp_pv_mean_std,3,equal_total_5x512_minus_1x2560,5,512,1,2560,-0.053199999999999914
MNIST_QNN_eff_su2_r1_d6_s43,ideal_shot,mean_api_probabilities,learned_mlp_pv_mean_std,3,equal_total_20x128_minus_1x2560,20,128,1,2560,0.019175000000000053
MNIST_QNN_eff_su2_r1_d6_s43,ideal_shot,mean_api_probabilities,learned_mlp_pv_mean_std,4,single_shot_512_minus_128,1,512,1,128,0.011100000000000054
MNIST_QNN_eff_su2_r1_d6_s43,ideal_shot,mean_api_probabilities,learned_mlp_pv_mean_std,4,single_shot_2560_minus_128,1,2560,1,128,0.020550000000000013
MNIST_QNN_eff_su2_r1_d6_s43,ideal_shot,mean_api_probabilities,learned_mlp_pv_mean_std,4,repeat_5x128_minus_1x128,5,128,1,128,0.058300000000000074
MNIST_QNN_eff_su2_r1_d6_s43,ideal_shot,mean_api_probabilities,learned_mlp_pv_mean_std,4,repeat_20x128_minus_1x128,20,128,1,128,0.0782000000000001
MNIST_QNN_eff_su2_r1_d6_s43,ideal_shot,mean_api_probabilities,learned_mlp_pv_mean_std,4,equal_total_5x512_minus_1x2560,5,512,1,2560,0.029974999999999974
MNIST_QNN_eff_su2_r1_d6_s43,ideal_shot,mean_api_probabilities,learned_mlp_pv_mean_std,4,equal_total_20x128_minus_1x2560,20,128,1,2560,0.05765000000000009
MNIST_QNN_eff_su2_r1_d6_s43,ideal_shot,mean_api_probabilities,learned_mlp_pv_mean_std,5,single_shot_512_minus_128,1,512,1,128,0.01640000000000008
MNIST_QNN_eff_su2_r1_d6_s43,ideal_shot,mean_api_probabilities,learned_mlp_pv_mean_std,5,single_shot_2560_minus_128,1,2560,1,128,0.006350000000000078
MNIST_QNN_eff_su2_r1_d6_s43,ideal_shot,mean_api_probabilities,learned_mlp_pv_mean_std,5,repeat_5x128_minus_1x128,5,128,1,128,-0.017399999999999916
MNIST_QNN_eff_su2_r1_d6_s43,ideal_shot,mean_api_probabilities,learned_mlp_pv_mean_std,5,repeat_20x128_minus_1x128,20,128,1,128,-0.015874999999999917
MNIST_QNN_eff_su2_r1_d6_s43,ideal_shot,mean_api_probabilities,learned_mlp_pv_mean_std,5,equal_total_5x512_minus_1x2560,5,512,1,2560,0.056950000000000056
MNIST_QNN_eff_su2_r1_d6_s43,ideal_shot,mean_api_probabilities,learned_mlp_pv_mean_std,5,equal_total_20x128_minus_1x2560,20,128,1,2560,-0.022224999999999995
MNIST_QNN_eff_su2_r1_d6_s43,ideal_shot,mean_api_probabilities,learned_mlp_pv_mean_std,6,single_shot_512_minus_128,1,512,1,128,0.01034999999999997
MNIST_QNN_eff_su2_r1_d6_s43,ideal_shot,mean_api_probabilities,learned_mlp_pv_mean_std,6,single_shot_2560_minus_128,1,2560,1,128,-0.02949999999999997
MNIST_QNN_eff_su2_r1_d6_s43,ideal_shot,mean_api_probabilities,learned_mlp_pv_mean_std,6,repeat_5x128_minus_1x128,5,128,1,128,0.004124999999999934
MNIST_QNN_eff_su2_r1_d6_s43,ideal_shot,mean_api_probabilities,learned_mlp_pv_mean_std,6,repeat_20x128_minus_1x128,20,128,1,128,-0.0009749999999999481
MNIST_QNN_eff_su2_r1_d6_s43,ideal_shot,mean_api_probabilities,learned_mlp_pv_mean_std,6,equal_total_5x512_minus_1x2560,5,512,1,2560,0.04017499999999996
MNIST_QNN_eff_su2_r1_d6_s43,ideal_shot,mean_api_probabilities,learned_mlp_pv_mean_std,6,equal_total_20x128_minus_1x2560,20,128,1,2560,0.028525000000000023
MNIST_QNN_eff_su2_r1_d6_s43,ideal_shot,mean_api_probabilities,learned_mlp_pv_mean_std,7,single_shot_512_minus_128,1,512,1,128,-0.02227499999999999
MNIST_QNN_eff_su2_r1_d6_s43,ideal_shot,mean_api_probabilities,learned_mlp_pv_mean_std,7,single_shot_2560_minus_128,1,2560,1,128,-0.0010999999999999899
MNIST_QNN_eff_su2_r1_d6_s43,ideal_shot,mean_api_probabilities,learned_mlp_pv_mean_std,7,repeat_5x128_minus_1x128,5,128,1,128,-0.024724999999999997
MNIST_QNN_eff_su2_r1_d6_s43,ideal_shot,mean_api_probabilities,learned_mlp_pv_mean_std,7,repeat_20x128_minus_1x128,20,128,1,128,0.023375000000000146
MNIST_QNN_eff_su2_r1_d6_s43,ideal_shot,mean_api_probabilities,learned_mlp_pv_mean_std,7,equal_total_5x512_minus_1x2560,5,512,1,2560,0.03742500000000004
MNIST_QNN_eff_su2_r1_d6_s43,ideal_shot,mean_api_probabilities,learned_mlp_pv_mean_std,7,equal_total_20x128_minus_1x2560,20,128,1,2560,0.024475000000000136
MNIST_QNN_eff_su2_r1_d6_s43,ideal_shot,mean_api_probabilities,learned_mlp_pv_mean_std,8,single_shot_512_minus_128,1,512,1,128,-0.06095000000000006
MNIST_QNN_eff_su2_r1_d6_s43,ideal_shot,mean_api_probabilities,learned_mlp_pv_mean_std,8,single_shot_2560_minus_128,1,2560,1,128,-0.06527500000000008
MNIST_QNN_eff_su2_r1_d6_s43,ideal_shot,mean_api_probabilities,learned_mlp_pv_mean_std,8,repeat_5x128_minus_1x128,5,128,1,128,-0.059475000000000056
MNIST_QNN_eff_su2_r1_d6_s43,ideal_shot,mean_api_probabilities,learned_mlp_pv_mean_std,8,repeat_20x128_minus_1x128,20,128,1,128,-0.03759999999999997
MNIST_QNN_eff_su2_r1_d6_s43,ideal_shot,mean_api_probabilities,learned_mlp_pv_mean_std,8,equal_total_5x512_minus_1x2560,5,512,1,2560,0.06527500000000008
MNIST_QNN_eff_su2_r1_d6_s43,ideal_shot,mean_api_probabilities,learned_mlp_pv_mean_std,8,equal_total_20x128_minus_1x2560,20,128,1,2560,0.027675000000000116
MNIST_QNN_eff_su2_r1_d6_s43,ideal_shot,mean_api_probabilities,learned_mlp_pv_mean_std,9,single_shot_512_minus_128,1,512,1,128,-0.00824999999999998
MNIST_QNN_eff_su2_r1_d6_s43,ideal_shot,mean_api_probabilities,learned_mlp_pv_mean_std,9,single_shot_2560_minus_128,1,2560,1,128,0.008450000000000069
MNIST_QNN_eff_su2_r1_d6_s43,ideal_shot,mean_api_probabilities,learned_mlp_pv_mean_std,9,repeat_5x128_minus_1x128,5,128,1,128,0.07965
MNIST_QNN_eff_su2_r1_d6_s43,ideal_shot,mean_api_probabilities,learned_mlp_pv_mean_std,9,repeat_20x128_minus_1x128,20,128,1,128,0.02290000000000003
MNIST_QNN_eff_su2_r1_d6_s43,ideal_shot,mean_api_probabilities,learned_mlp_pv_mean_std,9,equal_total_5x512_minus_1x2560,5,512,1,2560,0.0016499999999999293
MNIST_QNN_eff_su2_r1_d6_s43,ideal_shot,mean_api_probabilities,learned_mlp_pv_mean_std,9,equal_total_20x128_minus_1x2560,20,128,1,2560,0.014449999999999963
MNIST_QNN_eff_su2_r1_d6_s43,ideal_shot,mean_api_probabilities,loss,0,single_shot_512_minus_128,1,512,1,128,-0.040000000000000036
MNIST_QNN_eff_su2_r1_d6_s43,ideal_shot,mean_api_probabilities,loss,0,single_shot_2560_minus_128,1,2560,1,128,-0.0452499999999999
MNIST_QNN_eff_su2_r1_d6_s43,ideal_shot,mean_api_probabilities,loss,0,repeat_5x128_minus_1x128,5,128,1,128,-0.03182499999999999
MNIST_QNN_eff_su2_r1_d6_s43,ideal_shot,mean_api_probabilities,loss,0,repeat_20x128_minus_1x128,20,128,1,128,-0.028099999999999903
MNIST_QNN_eff_su2_r1_d6_s43,ideal_shot,mean_api_probabilities,loss,0,equal_total_5x512_minus_1x2560,5,512,1,2560,0.006299999999999861
MNIST_QNN_eff_su2_r1_d6_s43,ideal_shot,mean_api_probabilities,loss,0,equal_total_20x128_minus_1x2560,20,128,1,2560,0.01715
MNIST_QNN_eff_su2_r1_d6_s43,ideal_shot,mean_api_probabilities,loss,1,single_shot_512_minus_128,1,512,1,128,-0.022199999999999998
MNIST_QNN_eff_su2_r1_d6_s43,ideal_shot,mean_api_probabilities,loss,1,single_shot_2560_minus_128,1,2560,1,128,-0.02134999999999998
MNIST_QNN_eff_su2_r1_d6_s43,ideal_shot,mean_api_probabilities,loss,1,repeat_5x128_minus_1x128,5,128,1,128,-0.0032999999999998586
MNIST_QNN_eff_su2_r1_d6_s43,ideal_shot,mean_api_probabilities,loss,1,repeat_20x128_minus_1x128,20,128,1,128,-0.010399999999999965
MNIST_QNN_eff_su2_r1_d6_s43,ideal_shot,mean_api_probabilities,loss,1,equal_total_5x512_minus_1x2560,5,512,1,2560,0.00857500000000011
MNIST_QNN_eff_su2_r1_d6_s43,ideal_shot,mean_api_probabilities,loss,1,equal_total_20x128_minus_1x2560,20,128,1,2560,0.010950000000000015
MNIST_QNN_eff_su2_r1_d6_s43,ideal_shot,mean_api_probabilities,loss,2,single_shot_512_minus_128,1,512,1,128,0.033499999999999974
MNIST_QNN_eff_su2_r1_d6_s43,ideal_shot,mean_api_probabilities,loss,2,single_shot_2560_minus_128,1,2560,1,128,0.030174999999999952
MNIST_QNN_eff_su2_r1_d6_s43,ideal_shot,mean_api_probabilities,loss,2,repeat_5x128_minus_1x128,5,128,1,128,0.045399999999999885
MNIST_QNN_eff_su2_r1_d6_s43,ideal_shot,mean_api_probabilities,loss,2,repeat_20x128_minus_1x128,20,128,1,128,0.04564999999999997
MNIST_QNN_eff_su2_r1_d6_s43,ideal_shot,mean_api_probabilities,loss,2,equal_total_5x512_minus_1x2560,5,512,1,2560,0.0049000000000000155
MNIST_QNN_eff_su2_r1_d6_s43,ideal_shot,mean_api_probabilities,loss,2,equal_total_20x128_minus_1x2560,20,128,1,2560,0.015475000000000017
MNIST_QNN_eff_su2_r1_d6_s43,ideal_shot,mean_api_probabilities,loss,3,single_shot_512_minus_128,1,512,1,128,-0.04522499999999996
MNIST_QNN_eff_su2_r1_d6_s43,ideal_shot,mean_api_probabilities,loss,3,single_shot_2560_minus_128,1,2560,1,128,-0.026349999999999985
MNIST_QNN_eff_su2_r1_d6_s43,ideal_shot,mean_api_probabilities,loss,3,repeat_5x128_minus_1x128,5,128,1,128,-0.009549999999999947
MNIST_QNN_eff_su2_r1_d6_s43,ideal_shot,mean_api_probabilities,loss,3,repeat_20x128_minus_1x128,20,128,1,128,-0.022499999999999964
MNIST_QNN_eff_su2_r1_d6_s43,ideal_shot,mean_api_probabilities,loss,3,equal_total_5x512_minus_1x2560,5,512,1,2560,-0.012199999999999989
MNIST_QNN_eff_su2_r1_d6_s43,ideal_shot,mean_api_probabilities,loss,3,equal_total_20x128_minus_1x2560,20,128,1,2560,0.00385000000000002
MNIST_QNN_eff_su2_r1_d6_s43,ideal_shot,mean_api_probabilities,loss,4,single_shot_512_minus_128,1,512,1,128,-0.0039000000000001256
MNIST_QNN_eff_su2_r1_d6_s43,ideal_shot,mean_api_probabilities,loss,4,single_shot_2560_minus_128,1,2560,1,128,0.001574999999999882
MNIST_QNN_eff_su2_r1_d6_s43,ideal_shot,mean_api_probabilities,loss,4,repeat_5x128_minus_1x128,5,128,1,128,0.0009999999999998899
MNIST_QNN_eff_su2_r1_d6_s43,ideal_shot,mean_api_probabilities,loss,4,repeat_20x128_minus_1x128,20,128,1,128,0.007849999999999913
MNIST_QNN_eff_su2_r1_d6_s43,ideal_shot,mean_api_probabilities,loss,4,equal_total_5x512_minus_1x2560,5,512,1,2560,-0.004224999999999923
MNIST_QNN_eff_su2_r1_d6_s43,ideal_shot,mean_api_probabilities,loss,4,equal_total_20x128_minus_1x2560,20,128,1,2560,0.0062750000000000306
MNIST_QNN_eff_su2_r1_d6_s43,ideal_shot,mean_api_probabilities,loss,5,single_shot_512_minus_128,1,512,1,128,-0.017224999999999935
MNIST_QNN_eff_su2_r1_d6_s43,ideal_shot,mean_api_probabilities,loss,5,single_shot_2560_minus_128,1,2560,1,128,-0.004774999999999974
MNIST_QNN_eff_su2_r1_d6_s43,ideal_shot,mean_api_probabilities,loss,5,repeat_5x128_minus_1x128,5,128,1,128,-0.016249999999999987
MNIST_QNN_eff_su2_r1_d6_s43,ideal_shot,mean_api_probabilities,loss,5,repeat_20x128_minus_1x128,20,128,1,128,-0.009749999999999814
MNIST_QNN_eff_su2_r1_d6_s43,ideal_shot,mean_api_probabilities,loss,5,equal_total_5x512_minus_1x2560,5,512,1,2560,-0.008075000000000054
MNIST_QNN_eff_su2_r1_d6_s43,ideal_shot,mean_api_probabilities,loss,5,equal_total_20x128_minus_1x2560,20,128,1,2560,-0.004974999999999841
MNIST_QNN_eff_su2_r1_d6_s43,ideal_shot,mean_api_probabilities,loss,6,single_shot_512_minus_128,1,512,1,128,-0.007574999999999998
MNIST_QNN_eff_su2_r1_d6_s43,ideal_shot,mean_api_probabilities,loss,6,single_shot_2560_minus_128,1,2560,1,128,-0.010675000000000101
MNIST_QNN_eff_su2_r1_d6_s43,ideal_shot,mean_api_probabilities,loss,6,repeat_5x128_minus_1x128,5,128,1,128,-0.00835000000000008
MNIST_QNN_eff_su2_r1_d6_s43,ideal_shot,mean_api_probabilities,loss,6,repeat_20x128_minus_1x128,20,128,1,128,-0.0037250000000000894
MNIST_QNN_eff_su2_r1_d6_s43,ideal_shot,mean_api_probabilities,loss,6,equal_total_5x512_minus_1x2560,5,512,1,2560,0.00044999999999995044
MNIST_QNN_eff_su2_r1_d6_s43,ideal_shot,mean_api_probabilities,loss,6,equal_total_20x128_minus_1x2560,20,128,1,2560,0.006950000000000012
MNIST_QNN_eff_su2_r1_d6_s43,ideal_shot,mean_api_probabilities,loss,7,single_shot_512_minus_128,1,512,1,128,0.005075000000000052
MNIST_QNN_eff_su2_r1_d6_s43,ideal_shot,mean_api_probabilities,loss,7,single_shot_2560_minus_128,1,2560,1,128,0.010249999999999981
MNIST_QNN_eff_su2_r1_d6_s43,ideal_shot,mean_api_probabilities,loss,7,repeat_5x128_minus_1x128,5,128,1,128,0.020175000000000054
MNIST_QNN_eff_su2_r1_d6_s43,ideal_shot,mean_api_probabilities,loss,7,repeat_20x128_minus_1x128,20,128,1,128,0.023924999999999974
MNIST_QNN_eff_su2_r1_d6_s43,ideal_shot,mean_api_probabilities,loss,7,equal_total_5x512_minus_1x2560,5,512,1,2560,0.0046000000000000485
MNIST_QNN_eff_su2_r1_d6_s43,ideal_shot,mean_api_probabilities,loss,7,equal_total_20x128_minus_1x2560,20,128,1,2560,0.013674999999999993
MNIST_QNN_eff_su2_r1_d6_s43,ideal_shot,mean_api_probabilities,loss,8,single_shot_512_minus_128,1,512,1,128,0.010975000000000068
MNIST_QNN_eff_su2_r1_d6_s43,ideal_shot,mean_api_probabilities,loss,8,single_shot_2560_minus_128,1,2560,1,128,0.03027499999999994
MNIST_QNN_eff_su2_r1_d6_s43,ideal_shot,mean_api_probabilities,loss,8,repeat_5x128_minus_1x128,5,128,1,128,0.039349999999999996
MNIST_QNN_eff_su2_r1_d6_s43,ideal_shot,mean_api_probabilities,loss,8,repeat_20x128_minus_1x128,20,128,1,128,0.04349999999999998
MNIST_QNN_eff_su2_r1_d6_s43,ideal_shot,mean_api_probabilities,loss,8,equal_total_5x512_minus_1x2560,5,512,1,2560,0.004525000000000112
MNIST_QNN_eff_su2_r1_d6_s43,ideal_shot,mean_api_probabilities,loss,8,equal_total_20x128_minus_1x2560,20,128,1,2560,0.013225000000000042
MNIST_QNN_eff_su2_r1_d6_s43,ideal_shot,mean_api_probabilities,loss,9,single_shot_512_minus_128,1,512,1,128,0.01165000000000005
MNIST_QNN_eff_su2_r1_d6_s43,ideal_shot,mean_api_probabilities,loss,9,single_shot_2560_minus_128,1,2560,1,128,0.004924999999999957
MNIST_QNN_eff_su2_r1_d6_s43,ideal_shot,mean_api_probabilities,loss,9,repeat_5x128_minus_1x128,5,128,1,128,0.006225000000000036
MNIST_QNN_eff_su2_r1_d6_s43,ideal_shot,mean_api_probabilities,loss,9,repeat_20x128_minus_1x128,20,128,1,128,0.004724999999999979
MNIST_QNN_eff_su2_r1_d6_s43,ideal_shot,mean_api_probabilities,loss,9,equal_total_5x512_minus_1x2560,5,512,1,2560,0.00714999999999999
MNIST_QNN_eff_su2_r1_d6_s43,ideal_shot,mean_api_probabilities,loss,9,equal_total_20x128_minus_1x2560,20,128,1,2560,-0.00019999999999997797
MNIST_QNN_eff_su2_r1_d6_s43,ideal_shot,mean_api_probabilities,margin,0,single_shot_512_minus_128,1,512,1,128,-0.05337499999999995
MNIST_QNN_eff_su2_r1_d6_s43,ideal_shot,mean_api_probabilities,margin,0,single_shot_2560_minus_128,1,2560,1,128,-0.060124999999999984
MNIST_QNN_eff_su2_r1_d6_s43,ideal_shot,mean_api_probabilities,margin,0,repeat_5x128_minus_1x128,5,128,1,128,-0.02507499999999996
MNIST_QNN_eff_su2_r1_d6_s43,ideal_shot,mean_api_probabilities,margin,0,repeat_20x128_minus_1x128,20,128,1,128,-0.027574999999999905
MNIST_QNN_eff_su2_r1_d6_s43,ideal_shot,mean_api_probabilities,margin,0,equal_total_5x512_minus_1x2560,5,512,1,2560,0.014624999999999999
MNIST_QNN_eff_su2_r1_d6_s43,ideal_shot,mean_api_probabilities,margin,0,equal_total_20x128_minus_1x2560,20,128,1,2560,0.03255000000000008
MNIST_QNN_eff_su2_r1_d6_s43,ideal_shot,mean_api_probabilities,margin,1,single_shot_512_minus_128,1,512,1,128,-0.03332500000000005
MNIST_QNN_eff_su2_r1_d6_s43,ideal_shot,mean_api_probabilities,margin,1,single_shot_2560_minus_128,1,2560,1,128,-0.018750000000000044
MNIST_QNN_eff_su2_r1_d6_s43,ideal_shot,mean_api_probabilities,margin,1,repeat_5x128_minus_1x128,5,128,1,128,0.0030250000000000554
MNIST_QNN_eff_su2_r1_d6_s43,ideal_shot,mean_api_probabilities,margin,1,repeat_20x128_minus_1x128,20,128,1,128,-0.003149999999999986
MNIST_QNN_eff_su2_r1_d6_s43,ideal_shot,mean_api_probabilities,margin,1,equal_total_5x512_minus_1x2560,5,512,1,2560,0.0040999999999999925
MNIST_QNN_eff_su2_r1_d6_s43,ideal_shot,mean_api_probabilities,margin,1,equal_total_20x128_minus_1x2560,20,128,1,2560,0.015600000000000058
MNIST_QNN_eff_su2_r1_d6_s43,ideal_shot,mean_api_probabilities,margin,2,single_shot_512_minus_128,1,512,1,128,0.01872499999999999
MNIST_QNN_eff_su2_r1_d6_s43,ideal_shot,mean_api_probabilities,margin,2,single_shot_2560_minus_128,1,2560,1,128,0.012025000000000063
MNIST_QNN_eff_su2_r1_d6_s43,ideal_shot,mean_api_probabilities,margin,2,repeat_5x128_minus_1x128,5,128,1,128,0.03144999999999998
MNIST_QNN_eff_su2_r1_d6_s43,ideal_shot,mean_api_probabilities,margin,2,repeat_20x128_minus_1x128,20,128,1,128,0.01607500000000006
MNIST_QNN_eff_su2_r1_d6_s43,ideal_shot,mean_api_probabilities,margin,2,equal_total_5x512_minus_1x2560,5,512,1,2560,0.00727499999999992
MNIST_QNN_eff_su2_r1_d6_s43,ideal_shot,mean_api_probabilities,margin,2,equal_total_20x128_minus_1x2560,20,128,1,2560,0.004049999999999998
MNIST_QNN_eff_su2_r1_d6_s43,ideal_shot,mean_api_probabilities,margin,3,single_shot_512_minus_128,1,512,1,128,-0.03987500000000005
MNIST_QNN_eff_su2_r1_d6_s43,ideal_shot,mean_api_probabilities,margin,3,single_shot_2560_minus_128,1,2560,1,128,-0.010099999999999998
MNIST_QNN_eff_su2_r1_d6_s43,ideal_shot,mean_api_probabilities,margin,3,repeat_5x128_minus_1x128,5,128,1,128,0.01067499999999999
MNIST_QNN_eff_su2_r1_d6_s43,ideal_shot,mean_api_probabilities,margin,3,repeat_20x128_minus_1x128,20,128,1,128,0.005324999999999913
MNIST_QNN_eff_su2_r1_d6_s43,ideal_shot,mean_api_probabilities,margin,3,equal_total_5x512_minus_1x2560,5,512,1,2560,-0.017000000000000015
MNIST_QNN_eff_su2_r1_d6_s43,ideal_shot,mean_api_probabilities,margin,3,equal_total_20x128_minus_1x2560,20,128,1,2560,0.015424999999999911
MNIST_QNN_eff_su2_r1_d6_s43,ideal_shot,mean_api_probabilities,margin,4,single_shot_512_minus_128,1,512,1,128,0.008350000000000024
MNIST_QNN_eff_su2_r1_d6_s43,ideal_shot,mean_api_probabilities,margin,4,single_shot_2560_minus_128,1,2560,1,128,0.026650000000000007
MNIST_QNN_eff_su2_r1_d6_s43,ideal_shot,mean_api_probabilities,margin,4,repeat_5x128_minus_1x128,5,128,1,128,0.007624999999999937
MNIST_QNN_eff_su2_r1_d6_s43,ideal_shot,mean_api_probabilities,margin,4,repeat_20x128_minus_1x128,20,128,1,128,0.02537499999999998
MNIST_QNN_eff_su2_r1_d6_s43,ideal_shot,mean_api_probabilities,margin,4,equal_total_5x512_minus_1x2560,5,512,1,2560,-0.01872499999999999
MNIST_QNN_eff_su2_r1_d6_s43,ideal_shot,mean_api_probabilities,margin,4,equal_total_20x128_minus_1x2560,20,128,1,2560,-0.0012750000000000261
MNIST_QNN_eff_su2_r1_d6_s43,ideal_shot,mean_api_probabilities,margin,5,single_shot_512_minus_128,1,512,1,128,0.032749999999999946
MNIST_QNN_eff_su2_r1_d6_s43,ideal_shot,mean_api_probabilities,margin,5,single_shot_2560_minus_128,1,2560,1,128,0.016199999999999992
MNIST_QNN_eff_su2_r1_d6_s43,ideal_shot,mean_api_probabilities,margin,5,repeat_5x128_minus_1x128,5,128,1,128,0.02517500000000006
MNIST_QNN_eff_su2_r1_d6_s43,ideal_shot,mean_api_probabilities,margin,5,repeat_20x128_minus_1x128,20,128,1,128,0.01835000000000009
MNIST_QNN_eff_su2_r1_d6_s43,ideal_shot,mean_api_probabilities,margin,5,equal_total_5x512_minus_1x2560,5,512,1,2560,0.008900000000000019
MNIST_QNN_eff_su2_r1_d6_s43,ideal_shot,mean_api_probabilities,margin,5,equal_total_20x128_minus_1x2560,20,128,1,2560,0.0021500000000000963
MNIST_QNN_eff_su2_r1_d6_s43,ideal_shot,mean_api_probabilities,margin,6,single_shot_512_minus_128,1,512,1,128,0.02729999999999999
MNIST_QNN_eff_su2_r1_d6_s43,ideal_shot,mean_api_probabilities,margin,6,single_shot_2560_minus_128,1,2560,1,128,0.013949999999999907
MNIST_QNN_eff_su2_r1_d6_s43,ideal_shot,mean_api_probabilities,margin,6,repeat_5x128_minus_1x128,5,128,1,128,-0.011075000000000057
MNIST_QNN_eff_su2_r1_d6_s43,ideal_shot,mean_api_probabilities,margin,6,repeat_20x128_minus_1x128,20,128,1,128,0.0025249999999999995
MNIST_QNN_eff_su2_r1_d6_s43,ideal_shot,mean_api_probabilities,margin,6,equal_total_5x512_minus_1x2560,5,512,1,2560,-0.00914999999999988
MNIST_QNN_eff_su2_r1_d6_s43,ideal_shot,mean_api_probabilities,margin,6,equal_total_20x128_minus_1x2560,20,128,1,2560,-0.011424999999999907
MNIST_QNN_eff_su2_r1_d6_s43,ideal_shot,mean_api_probabilities,margin,7,single_shot_512_minus_128,1,512,1,128,0.006750000000000034
MNIST_QNN_eff_su2_r1_d6_s43,ideal_shot,mean_api_probabilities,margin,7,single_shot_2560_minus_128,1,2560,1,128,0.015975000000000072
MNIST_QNN_eff_su2_r1_d6_s43,ideal_shot,mean_api_probabilities,margin,7,repeat_5x128_minus_1x128,5,128,1,128,0.020950000000000024
MNIST_QNN_eff_su2_r1_d6_s43,ideal_shot,mean_api_probabilities,margin,7,repeat_20x128_minus_1x128,20,128,1,128,0.01550000000000007
MNIST_QNN_eff_su2_r1_d6_s43,ideal_shot,mean_api_probabilities,margin,7,equal_total_5x512_minus_1x2560,5,512,1,2560,-0.020499999999999963
MNIST_QNN_eff_su2_r1_d6_s43,ideal_shot,mean_api_probabilities,margin,7,equal_total_20x128_minus_1x2560,20,128,1,2560,-0.0004750000000000032
MNIST_QNN_eff_su2_r1_d6_s43,ideal_shot,mean_api_probabilities,margin,8,single_shot_512_minus_128,1,512,1,128,0.00012499999999998623
MNIST_QNN_eff_su2_r1_d6_s43,ideal_shot,mean_api_probabilities,margin,8,single_shot_2560_minus_128,1,2560,1,128,0.038775000000000004
MNIST_QNN_eff_su2_r1_d6_s43,ideal_shot,mean_api_probabilities,margin,8,repeat_5x128_minus_1x128,5,128,1,128,0.049800000000000066
MNIST_QNN_eff_su2_r1_d6_s43,ideal_shot,mean_api_probabilities,margin,8,repeat_20x128_minus_1x128,20,128,1,128,0.04137499999999994
MNIST_QNN_eff_su2_r1_d6_s43,ideal_shot,mean_api_probabilities,margin,8,equal_total_5x512_minus_1x2560,5,512,1,2560,-0.005624999999999991
MNIST_QNN_eff_su2_r1_d6_s43,ideal_shot,mean_api_probabilities,margin,8,equal_total_20x128_minus_1x2560,20,128,1,2560,0.0025999999999999357
MNIST_QNN_eff_su2_r1_d6_s43,ideal_shot,mean_api_probabilities,margin,9,single_shot_512_minus_128,1,512,1,128,-0.009399999999999964
MNIST_QNN_eff_su2_r1_d6_s43,ideal_shot,mean_api_probabilities,margin,9,single_shot_2560_minus_128,1,2560,1,128,-0.03160000000000007
MNIST_QNN_eff_su2_r1_d6_s43,ideal_shot,mean_api_probabilities,margin,9,repeat_5x128_minus_1x128,5,128,1,128,-0.021850000000000036
MNIST_QNN_eff_su2_r1_d6_s43,ideal_shot,mean_api_probabilities,margin,9,repeat_20x128_minus_1x128,20,128,1,128,-0.037924999999999986
MNIST_QNN_eff_su2_r1_d6_s43,ideal_shot,mean_api_probabilities,margin,9,equal_total_5x512_minus_1x2560,5,512,1,2560,0.0065749999999999975
MNIST_QNN_eff_su2_r1_d6_s43,ideal_shot,mean_api_probabilities,margin,9,equal_total_20x128_minus_1x2560,20,128,1,2560,-0.006324999999999914
MNIST_QNN_eff_su2_r1_d6_s43,noisy_shot,mean_api_probabilities,confidence,0,single_shot_512_minus_128,1,512,1,128,0.01132500000000003
MNIST_QNN_eff_su2_r1_d6_s43,noisy_shot,mean_api_probabilities,confidence,0,single_shot_2560_minus_128,1,2560,1,128,0.010925000000000074
MNIST_QNN_eff_su2_r1_d6_s43,noisy_shot,mean_api_probabilities,confidence,0,repeat_5x128_minus_1x128,5,128,1,128,0.01750000000000007
MNIST_QNN_eff_su2_r1_d6_s43,noisy_shot,mean_api_probabilities,confidence,0,repeat_20x128_minus_1x128,20,128,1,128,0.02892499999999998
MNIST_QNN_eff_su2_r1_d6_s43,noisy_shot,mean_api_probabilities,confidence,0,equal_total_5x512_minus_1x2560,5,512,1,2560,0.012475000000000014
MNIST_QNN_eff_su2_r1_d6_s43,noisy_shot,mean_api_probabilities,confidence,0,equal_total_20x128_minus_1x2560,20,128,1,2560,0.017999999999999905
MNIST_QNN_eff_su2_r1_d6_s43,noisy_shot,mean_api_probabilities,confidence,1,single_shot_512_minus_128,1,512,1,128,-0.0006000000000000449
MNIST_QNN_eff_su2_r1_d6_s43,noisy_shot,mean_api_probabilities,confidence,1,single_shot_2560_minus_128,1,2560,1,128,-0.0019500000000001183
MNIST_QNN_eff_su2_r1_d6_s43,noisy_shot,mean_api_probabilities,confidence,1,repeat_5x128_minus_1x128,5,128,1,128,0.014900000000000024
MNIST_QNN_eff_su2_r1_d6_s43,noisy_shot,mean_api_probabilities,confidence,1,repeat_20x128_minus_1x128,20,128,1,128,0.004249999999999976
MNIST_QNN_eff_su2_r1_d6_s43,noisy_shot,mean_api_probabilities,confidence,1,equal_total_5x512_minus_1x2560,5,512,1,2560,0.010900000000000132
MNIST_QNN_eff_su2_r1_d6_s43,noisy_shot,mean_api_probabilities,confidence,1,equal_total_20x128_minus_1x2560,20,128,1,2560,0.006200000000000094
MNIST_QNN_eff_su2_r1_d6_s43,noisy_shot,mean_api_probabilities,confidence,2,single_shot_512_minus_128,1,512,1,128,0.03239999999999993
MNIST_QNN_eff_su2_r1_d6_s43,noisy_shot,mean_api_probabilities,confidence,2,single_shot_2560_minus_128,1,2560,1,128,0.07535000000000003
MNIST_QNN_eff_su2_r1_d6_s43,noisy_shot,mean_api_probabilities,confidence,2,repeat_5x128_minus_1x128,5,128,1,128,0.04597499999999999
MNIST_QNN_eff_su2_r1_d6_s43,noisy_shot,mean_api_probabilities,confidence,2,repeat_20x128_minus_1x128,20,128,1,128,0.06535000000000002
MNIST_QNN_eff_su2_r1_d6_s43,noisy_shot,mean_api_probabilities,confidence,2,equal_total_5x512_minus_1x2560,5,512,1,2560,-0.015000000000000013
MNIST_QNN_eff_su2_r1_d6_s43,noisy_shot,mean_api_probabilities,confidence,2,equal_total_20x128_minus_1x2560,20,128,1,2560,-0.010000000000000009
MNIST_QNN_eff_su2_r1_d6_s43,noisy_shot,mean_api_probabilities,confidence,3,single_shot_512_minus_128,1,512,1,128,-0.03037499999999993
MNIST_QNN_eff_su2_r1_d6_s43,noisy_shot,mean_api_probabilities,confidence,3,single_shot_2560_minus_128,1,2560,1,128,0.003275000000000028
MNIST_QNN_eff_su2_r1_d6_s43,noisy_shot,mean_api_probabilities,confidence,3,repeat_5x128_minus_1x128,5,128,1,128,-0.01364999999999994
MNIST_QNN_eff_su2_r1_d6_s43,noisy_shot,mean_api_probabilities,confidence,3,repeat_20x128_minus_1x128,20,128,1,128,-0.00017499999999992522
MNIST_QNN_eff_su2_r1_d6_s43,noisy_shot,mean_api_probabilities,confidence,3,equal_total_5x512_minus_1x2560,5,512,1,2560,-0.016224999999999934
MNIST_QNN_eff_su2_r1_d6_s43,noisy_shot,mean_api_probabilities,confidence,3,equal_total_20x128_minus_1x2560,20,128,1,2560,-0.003449999999999953
MNIST_QNN_eff_su2_r1_d6_s43,noisy_shot,mean_api_probabilities,confidence,4,single_shot_512_minus_128,1,512,1,128,-0.002575000000000105
MNIST_QNN_eff_su2_r1_d6_s43,noisy_shot,mean_api_probabilities,confidence,4,single_shot_2560_minus_128,1,2560,1,128,0.0038999999999999035
MNIST_QNN_eff_su2_r1_d6_s43,noisy_shot,mean_api_probabilities,confidence,4,repeat_5x128_minus_1x128,5,128,1,128,0.011649999999999827
MNIST_QNN_eff_su2_r1_d6_s43,noisy_shot,mean_api_probabilities,confidence,4,repeat_20x128_minus_1x128,20,128,1,128,0.01814999999999989
MNIST_QNN_eff_su2_r1_d6_s43,noisy_shot,mean_api_probabilities,confidence,4,equal_total_5x512_minus_1x2560,5,512,1,2560,-0.0070749999999999424
MNIST_QNN_eff_su2_r1_d6_s43,noisy_shot,mean_api_probabilities,confidence,4,equal_total_20x128_minus_1x2560,20,128,1,2560,0.014249999999999985
MNIST_QNN_eff_su2_r1_d6_s43,noisy_shot,mean_api_probabilities,confidence,5,single_shot_512_minus_128,1,512,1,128,0.0039000000000000146
MNIST_QNN_eff_su2_r1_d6_s43,noisy_shot,mean_api_probabilities,confidence,5,single_shot_2560_minus_128,1,2560,1,128,0.03554999999999997
MNIST_QNN_eff_su2_r1_d6_s43,noisy_shot,mean_api_probabilities,confidence,5,repeat_5x128_minus_1x128,5,128,1,128,0.028549999999999964
MNIST_QNN_eff_su2_r1_d6_s43,noisy_shot,mean_api_probabilities,confidence,5,repeat_20x128_minus_1x128,20,128,1,128,0.015924999999999967
MNIST_QNN_eff_su2_r1_d6_s43,noisy_shot,mean_api_probabilities,confidence,5,equal_total_5x512_minus_1x2560,5,512,1,2560,-0.011399999999999966
MNIST_QNN_eff_su2_r1_d6_s43,noisy_shot,mean_api_probabilities,confidence,5,equal_total_20x128_minus_1x2560,20,128,1,2560,-0.019625000000000004
MNIST_QNN_eff_su2_r1_d6_s43,noisy_shot,mean_api_probabilities,confidence,6,single_shot_512_minus_128,1,512,1,128,0.03477500000000011
MNIST_QNN_eff_su2_r1_d6_s43,noisy_shot,mean_api_probabilities,confidence,6,single_shot_2560_minus_128,1,2560,1,128,0.049900000000000055
MNIST_QNN_eff_su2_r1_d6_s43,noisy_shot,mean_api_probabilities,confidence,6,repeat_5x128_minus_1x128,5,128,1,128,0.014325000000000032
MNIST_QNN_eff_su2_r1_d6_s43,noisy_shot,mean_api_probabilities,confidence,6,repeat_20x128_minus_1x128,20,128,1,128,0.037225000000000064
MNIST_QNN_eff_su2_r1_d6_s43,noisy_shot,mean_api_probabilities,confidence,6,equal_total_5x512_minus_1x2560,5,512,1,2560,-0.020449999999999968
MNIST_QNN_eff_su2_r1_d6_s43,noisy_shot,mean_api_probabilities,confidence,6,equal_total_20x128_minus_1x2560,20,128,1,2560,-0.012674999999999992
MNIST_QNN_eff_su2_r1_d6_s43,noisy_shot,mean_api_probabilities,confidence,7,single_shot_512_minus_128,1,512,1,128,-0.020424999999999915
MNIST_QNN_eff_su2_r1_d6_s43,noisy_shot,mean_api_probabilities,confidence,7,single_shot_2560_minus_128,1,2560,1,128,-0.00017500000000003624
MNIST_QNN_eff_su2_r1_d6_s43,noisy_shot,mean_api_probabilities,confidence,7,repeat_5x128_minus_1x128,5,128,1,128,-0.0025249999999999995
MNIST_QNN_eff_su2_r1_d6_s43,noisy_shot,mean_api_probabilities,confidence,7,repeat_20x128_minus_1x128,20,128,1,128,-0.008125000000000049
MNIST_QNN_eff_su2_r1_d6_s43,noisy_shot,mean_api_probabilities,confidence,7,equal_total_5x512_minus_1x2560,5,512,1,2560,-0.02497499999999997
MNIST_QNN_eff_su2_r1_d6_s43,noisy_shot,mean_api_probabilities,confidence,7,equal_total_20x128_minus_1x2560,20,128,1,2560,-0.007950000000000013
MNIST_QNN_eff_su2_r1_d6_s43,noisy_shot,mean_api_probabilities,confidence,8,single_shot_512_minus_128,1,512,1,128,0.019074999999999953
MNIST_QNN_eff_su2_r1_d6_s43,noisy_shot,mean_api_probabilities,confidence,8,single_shot_2560_minus_128,1,2560,1,128,0.06159999999999988
MNIST_QNN_eff_su2_r1_d6_s43,noisy_shot,mean_api_probabilities,confidence,8,repeat_5x128_minus_1x128,5,128,1,128,0.038574999999999915
MNIST_QNN_eff_su2_r1_d6_s43,noisy_shot,mean_api_probabilities,confidence,8,repeat_20x128_minus_1x128,20,128,1,128,0.05019999999999991
MNIST_QNN_eff_su2_r1_d6_s43,noisy_shot,mean_api_probabilities,confidence,8,equal_total_5x512_minus_1x2560,5,512,1,2560,0.0022000000000000908
MNIST_QNN_eff_su2_r1_d6_s43,noisy_shot,mean_api_probabilities,confidence,8,equal_total_20x128_minus_1x2560,20,128,1,2560,-0.011399999999999966
MNIST_QNN_eff_su2_r1_d6_s43,noisy_shot,mean_api_probabilities,confidence,9,single_shot_512_minus_128,1,512,1,128,0.015775000000000095
MNIST_QNN_eff_su2_r1_d6_s43,noisy_shot,mean_api_probabilities,confidence,9,single_shot_2560_minus_128,1,2560,1,128,0.023150000000000115
MNIST_QNN_eff_su2_r1_d6_s43,noisy_shot,mean_api_probabilities,confidence,9,repeat_5x128_minus_1x128,5,128,1,128,0.01407500000000006
MNIST_QNN_eff_su2_r1_d6_s43,noisy_shot,mean_api_probabilities,confidence,9,repeat_20x128_minus_1x128,20,128,1,128,0.015225000000000044
MNIST_QNN_eff_su2_r1_d6_s43,noisy_shot,mean_api_probabilities,confidence,9,equal_total_5x512_minus_1x2560,5,512,1,2560,0.006749999999999923
MNIST_QNN_eff_su2_r1_d6_s43,noisy_shot,mean_api_probabilities,confidence,9,equal_total_20x128_minus_1x2560,20,128,1,2560,-0.007925000000000071
MNIST_QNN_eff_su2_r1_d6_s43,noisy_shot,mean_api_probabilities,correctness,0,single_shot_512_minus_128,1,512,1,128,0.012499999999999956
MNIST_QNN_eff_su2_r1_d6_s43,noisy_shot,mean_api_probabilities,correctness,0,single_shot_2560_minus_128,1,2560,1,128,0.0050000000000000044
MNIST_QNN_eff_su2_r1_d6_s43,noisy_shot,mean_api_probabilities,correctness,0,repeat_5x128_minus_1x128,5,128,1,128,0.019999999999999907
MNIST_QNN_eff_su2_r1_d6_s43,noisy_shot,mean_api_probabilities,correctness,0,repeat_20x128_minus_1x128,20,128,1,128,0.015000000000000013
MNIST_QNN_eff_su2_r1_d6_s43,noisy_shot,mean_api_probabilities,correctness,0,equal_total_5x512_minus_1x2560,5,512,1,2560,0.010000000000000009
MNIST_QNN_eff_su2_r1_d6_s43,noisy_shot,mean_api_probabilities,correctness,0,equal_total_20x128_minus_1x2560,20,128,1,2560,0.010000000000000009
MNIST_QNN_eff_su2_r1_d6_s43,noisy_shot,mean_api_probabilities,correctness,1,single_shot_512_minus_128,1,512,1,128,0.012499999999999956
MNIST_QNN_eff_su2_r1_d6_s43,noisy_shot,mean_api_probabilities,correctness,1,single_shot_2560_minus_128,1,2560,1,128,0.0050000000000000044
MNIST_QNN_eff_su2_r1_d6_s43,noisy_shot,mean_api_probabilities,correctness,1,repeat_5x128_minus_1x128,5,128,1,128,0.02499999999999991
MNIST_QNN_eff_su2_r1_d6_s43,noisy_shot,mean_api_probabilities,correctness,1,repeat_20x128_minus_1x128,20,128,1,128,-0.0050000000000000044
MNIST_QNN_eff_su2_r1_d6_s43,noisy_shot,mean_api_probabilities,correctness,1,equal_total_5x512_minus_1x2560,5,512,1,2560,-0.012500000000000067
MNIST_QNN_eff_su2_r1_d6_s43,noisy_shot,mean_api_probabilities,correctness,1,equal_total_20x128_minus_1x2560,20,128,1,2560,-0.010000000000000009
MNIST_QNN_eff_su2_r1_d6_s43,noisy_shot,mean_api_probabilities,correctness,2,single_shot_512_minus_128,1,512,1,128,0.03500000000000003
MNIST_QNN_eff_su2_r1_d6_s43,noisy_shot,mean_api_probabilities,correctness,2,single_shot_2560_minus_128,1,2560,1,128,0.030000000000000027
MNIST_QNN_eff_su2_r1_d6_s43,noisy_shot,mean_api_probabilities,correctness,2,repeat_5x128_minus_1x128,5,128,1,128,0.0625
MNIST_QNN_eff_su2_r1_d6_s43,noisy_shot,mean_api_probabilities,correctness,2,repeat_20x128_minus_1x128,20,128,1,128,0.04250000000000009
MNIST_QNN_eff_su2_r1_d6_s43,noisy_shot,mean_api_probabilities,correctness,2,equal_total_5x512_minus_1x2560,5,512,1,2560,0.007499999999999951
MNIST_QNN_eff_su2_r1_d6_s43,noisy_shot,mean_api_probabilities,correctness,2,equal_total_20x128_minus_1x2560,20,128,1,2560,0.012500000000000067
MNIST_QNN_eff_su2_r1_d6_s43,noisy_shot,mean_api_probabilities,correctness,3,single_shot_512_minus_128,1,512,1,128,-0.02749999999999997
MNIST_QNN_eff_su2_r1_d6_s43,noisy_shot,mean_api_probabilities,correctness,3,single_shot_2560_minus_128,1,2560,1,128,-0.03249999999999997
MNIST_QNN_eff_su2_r1_d6_s43,noisy_shot,mean_api_probabilities,correctness,3,repeat_5x128_minus_1x128,5,128,1,128,-0.019999999999999907
MNIST_QNN_eff_su2_r1_d6_s43,noisy_shot,mean_api_probabilities,correctness,3,repeat_20x128_minus_1x128,20,128,1,128,-0.01749999999999996
MNIST_QNN_eff_su2_r1_d6_s43,noisy_shot,mean_api_probabilities,correctness,3,equal_total_5x512_minus_1x2560,5,512,1,2560,0.012500000000000067
MNIST_QNN_eff_su2_r1_d6_s43,noisy_shot,mean_api_probabilities,correctness,3,equal_total_20x128_minus_1x2560,20,128,1,2560,0.015000000000000013
MNIST_QNN_eff_su2_r1_d6_s43,noisy_shot,mean_api_probabilities,correctness,4,single_shot_512_minus_128,1,512,1,128,-0.0050000000000000044
MNIST_QNN_eff_su2_r1_d6_s43,noisy_shot,mean_api_probabilities,correctness,4,single_shot_2560_minus_128,1,2560,1,128,-0.010000000000000009
MNIST_QNN_eff_su2_r1_d6_s43,noisy_shot,mean_api_probabilities,correctness,4,repeat_5x128_minus_1x128,5,128,1,128,-0.012499999999999956
MNIST_QNN_eff_su2_r1_d6_s43,noisy_shot,mean_api_probabilities,correctness,4,repeat_20x128_minus_1x128,20,128,1,128,-0.030000000000000027
MNIST_QNN_eff_su2_r1_d6_s43,noisy_shot,mean_api_probabilities,correctness,4,equal_total_5x512_minus_1x2560,5,512,1,2560,0.015000000000000124
MNIST_QNN_eff_su2_r1_d6_s43,noisy_shot,mean_api_probabilities,correctness,4,equal_total_20x128_minus_1x2560,20,128,1,2560,-0.020000000000000018
MNIST_QNN_eff_su2_r1_d6_s43,noisy_shot,mean_api_probabilities,correctness,5,single_shot_512_minus_128,1,512,1,128,-0.015000000000000013
MNIST_QNN_eff_su2_r1_d6_s43,noisy_shot,mean_api_probabilities,correctness,5,single_shot_2560_minus_128,1,2560,1,128,-0.030000000000000027
MNIST_QNN_eff_su2_r1_d6_s43,noisy_shot,mean_api_probabilities,correctness,5,repeat_5x128_minus_1x128,5,128,1,128,0.0
MNIST_QNN_eff_su2_r1_d6_s43,noisy_shot,mean_api_probabilities,correctness,5,repeat_20x128_minus_1x128,20,128,1,128,-0.030000000000000027
MNIST_QNN_eff_su2_r1_d6_s43,noisy_shot,mean_api_probabilities,correctness,5,equal_total_5x512_minus_1x2560,5,512,1,2560,0.02750000000000008
MNIST_QNN_eff_su2_r1_d6_s43,noisy_shot,mean_api_probabilities,correctness,5,equal_total_20x128_minus_1x2560,20,128,1,2560,0.0
MNIST_QNN_eff_su2_r1_d6_s43,noisy_shot,mean_api_probabilities,correctness,6,single_shot_512_minus_128,1,512,1,128,-0.025000000000000022
MNIST_QNN_eff_su2_r1_d6_s43,noisy_shot,mean_api_probabilities,correctness,6,single_shot_2560_minus_128,1,2560,1,128,-0.007500000000000062
MNIST_QNN_eff_su2_r1_d6_s43,noisy_shot,mean_api_probabilities,correctness,6,repeat_5x128_minus_1x128,5,128,1,128,-0.03750000000000009
MNIST_QNN_eff_su2_r1_d6_s43,noisy_shot,mean_api_probabilities,correctness,6,repeat_20x128_minus_1x128,20,128,1,128,-0.0025000000000000577
MNIST_QNN_eff_su2_r1_d6_s43,noisy_shot,mean_api_probabilities,correctness,6,equal_total_5x512_minus_1x2560,5,512,1,2560,-0.015000000000000013
MNIST_QNN_eff_su2_r1_d6_s43,noisy_shot,mean_api_probabilities,correctness,6,equal_total_20x128_minus_1x2560,20,128,1,2560,0.0050000000000000044
MNIST_QNN_eff_su2_r1_d6_s43,noisy_shot,mean_api_probabilities,correctness,7,single_shot_512_minus_128,1,512,1,128,0.0
MNIST_QNN_eff_su2_r1_d6_s43,noisy_shot,mean_api_probabilities,correctness,7,single_shot_2560_minus_128,1,2560,1,128,-0.025000000000000022
MNIST_QNN_eff_su2_r1_d6_s43,noisy_shot,mean_api_probabilities,correctness,7,repeat_5x128_minus_1x128,5,128,1,128,-0.02749999999999997
MNIST_QNN_eff_su2_r1_d6_s43,noisy_shot,mean_api_probabilities,correctness,7,repeat_20x128_minus_1x128,20,128,1,128,-0.020000000000000018
MNIST_QNN_eff_su2_r1_d6_s43,noisy_shot,mean_api_probabilities,correctness,7,equal_total_5x512_minus_1x2560,5,512,1,2560,0.007499999999999951
MNIST_QNN_eff_su2_r1_d6_s43,noisy_shot,mean_api_probabilities,correctness,7,equal_total_20x128_minus_1x2560,20,128,1,2560,0.0050000000000000044
MNIST_QNN_eff_su2_r1_d6_s43,noisy_shot,mean_api_probabilities,correctness,8,single_shot_512_minus_128,1,512,1,128,-0.01000000000000012
MNIST_QNN_eff_su2_r1_d6_s43,noisy_shot,mean_api_probabilities,correctness,8,single_shot_2560_minus_128,1,2560,1,128,-0.01749999999999996
MNIST_QNN_eff_su2_r1_d6_s43,noisy_shot,mean_api_probabilities,correctness,8,repeat_5x128_minus_1x128,5,128,1,128,-0.022499999999999964
MNIST_QNN_eff_su2_r1_d6_s43,noisy_shot,mean_api_probabilities,correctness,8,repeat_20x128_minus_1x128,20,128,1,128,-0.025000000000000022
MNIST_QNN_eff_su2_r1_d6_s43,noisy_shot,mean_api_probabilities,correctness,8,equal_total_5x512_minus_1x2560,5,512,1,2560,0.004999999999999893
MNIST_QNN_eff_su2_r1_d6_s43,noisy_shot,mean_api_probabilities,correctness,8,equal_total_20x128_minus_1x2560,20,128,1,2560,-0.007500000000000062
MNIST_QNN_eff_su2_r1_d6_s43,noisy_shot,mean_api_probabilities,correctness,9,single_shot_512_minus_128,1,512,1,128,0.0
MNIST_QNN_eff_su2_r1_d6_s43,noisy_shot,mean_api_probabilities,correctness,9,single_shot_2560_minus_128,1,2560,1,128,0.007500000000000062
MNIST_QNN_eff_su2_r1_d6_s43,noisy_shot,mean_api_probabilities,correctness,9,repeat_5x128_minus_1x128,5,128,1,128,-0.014999999999999902
MNIST_QNN_eff_su2_r1_d6_s43,noisy_shot,mean_api_probabilities,correctness,9,repeat_20x128_minus_1x128,20,128,1,128,-0.007499999999999951
MNIST_QNN_eff_su2_r1_d6_s43,noisy_shot,mean_api_probabilities,correctness,9,equal_total_5x512_minus_1x2560,5,512,1,2560,-0.007499999999999951
MNIST_QNN_eff_su2_r1_d6_s43,noisy_shot,mean_api_probabilities,correctness,9,equal_total_20x128_minus_1x2560,20,128,1,2560,-0.015000000000000013
MNIST_QNN_eff_su2_r1_d6_s43,noisy_shot,mean_api_probabilities,entropy,0,single_shot_512_minus_128,1,512,1,128,-0.005662500000000015
MNIST_QNN_eff_su2_r1_d6_s43,noisy_shot,mean_api_probabilities,entropy,0,single_shot_2560_minus_128,1,2560,1,128,0.0007625000000001103
MNIST_QNN_eff_su2_r1_d6_s43,noisy_shot,mean_api_probabilities,entropy,0,repeat_5x128_minus_1x128,5,128,1,128,0.011862500000000109
MNIST_QNN_eff_su2_r1_d6_s43,noisy_shot,mean_api_probabilities,entropy,0,repeat_20x128_minus_1x128,20,128,1,128,0.009187500000000015
MNIST_QNN_eff_su2_r1_d6_s43,noisy_shot,mean_api_probabilities,entropy,0,equal_total_5x512_minus_1x2560,5,512,1,2560,0.002774999999999972
MNIST_QNN_eff_su2_r1_d6_s43,noisy_shot,mean_api_probabilities,entropy,0,equal_total_20x128_minus_1x2560,20,128,1,2560,0.008424999999999905
MNIST_QNN_eff_su2_r1_d6_s43,noisy_shot,mean_api_probabilities,entropy,1,single_shot_512_minus_128,1,512,1,128,-0.0020250000000000545
MNIST_QNN_eff_su2_r1_d6_s43,noisy_shot,mean_api_probabilities,entropy,1,single_shot_2560_minus_128,1,2560,1,128,0.00837499999999991
MNIST_QNN_eff_su2_r1_d6_s43,noisy_shot,mean_api_probabilities,entropy,1,repeat_5x128_minus_1x128,5,128,1,128,0.015549999999999953
MNIST_QNN_eff_su2_r1_d6_s43,noisy_shot,mean_api_probabilities,entropy,1,repeat_20x128_minus_1x128,20,128,1,128,0.013174999999999937
MNIST_QNN_eff_su2_r1_d6_s43,noisy_shot,mean_api_probabilities,entropy,1,equal_total_5x512_minus_1x2560,5,512,1,2560,0.012375000000000025
MNIST_QNN_eff_su2_r1_d6_s43,noisy_shot,mean_api_probabilities,entropy,1,equal_total_20x128_minus_1x2560,20,128,1,2560,0.0048000000000000265
MNIST_QNN_eff_su2_r1_d6_s43,noisy_shot,mean_api_probabilities,entropy,2,single_shot_512_minus_128,1,512,1,128,0.020824999999999982
MNIST_QNN_eff_su2_r1_d6_s43,noisy_shot,mean_api_probabilities,entropy,2,single_shot_2560_minus_128,1,2560,1,128,0.06817500000000004
MNIST_QNN_eff_su2_r1_d6_s43,noisy_shot,mean_api_probabilities,entropy,2,repeat_5x128_minus_1x128,5,128,1,128,0.036825
MNIST_QNN_eff_su2_r1_d6_s43,noisy_shot,mean_api_probabilities,entropy,2,repeat_20x128_minus_1x128,20,128,1,128,0.05450000000000005
MNIST_QNN_eff_su2_r1_d6_s43,noisy_shot,mean_api_probabilities,entropy,2,equal_total_5x512_minus_1x2560,5,512,1,2560,-0.015549999999999953
MNIST_QNN_eff_su2_r1_d6_s43,noisy_shot,mean_api_probabilities,entropy,2,equal_total_20x128_minus_1x2560,20,128,1,2560,-0.013674999999999993
MNIST_QNN_eff_su2_r1_d6_s43,noisy_shot,mean_api_probabilities,entropy,3,single_shot_512_minus_128,1,512,1,128,-0.02584999999999993
MNIST_QNN_eff_su2_r1_d6_s43,noisy_shot,mean_api_probabilities,entropy,3,single_shot_2560_minus_128,1,2560,1,128,-0.006024999999999947
MNIST_QNN_eff_su2_r1_d6_s43,noisy_shot,mean_api_probabilities,entropy,3,repeat_5x128_minus_1x128,5,128,1,128,-0.02177499999999999
MNIST_QNN_eff_su2_r1_d6_s43,noisy_shot,mean_api_probabilities,entropy,3,repeat_20x128_minus_1x128,20,128,1,128,-0.0007999999999999119
MNIST_QNN_eff_su2_r1_d6_s43,noisy_shot,mean_api_probabilities,entropy,3,equal_total_5x512_minus_1x2560,5,512,1,2560,-0.002850000000000019
MNIST_QNN_eff_su2_r1_d6_s43,noisy_shot,mean_api_probabilities,entropy,3,equal_total_20x128_minus_1x2560,20,128,1,2560,0.005225000000000035
MNIST_QNN_eff_su2_r1_d6_s43,noisy_shot,mean_api_probabilities,entropy,4,single_shot_512_minus_128,1,512,1,128,0.0018500000000000183
MNIST_QNN_eff_su2_r1_d6_s43,noisy_shot,mean_api_probabilities,entropy,4,single_shot_2560_minus_128,1,2560,1,128,-0.0019500000000000073
MNIST_QNN_eff_su2_r1_d6_s43,noisy_shot,mean_api_probabilities,entropy,4,repeat_5x128_minus_1x128,5,128,1,128,0.0025500000000000522
MNIST_QNN_eff_su2_r1_d6_s43,noisy_shot,mean_api_probabilities,entropy,4,repeat_20x128_minus_1x128,20,128,1,128,0.01595000000000002
MNIST_QNN_eff_su2_r1_d6_s43,noisy_shot,mean_api_probabilities,entropy,4,equal_total_5x512_minus_1x2560,5,512,1,2560,-0.0016999999999998128
MNIST_QNN_eff_su2_r1_d6_s43,noisy_shot,mean_api_probabilities,entropy,4,equal_total_20x128_minus_1x2560,20,128,1,2560,0.017900000000000027
MNIST_QNN_eff_su2_r1_d6_s43,noisy_shot,mean_api_probabilities,entropy,5,single_shot_512_minus_128,1,512,1,128,0.0002249999999999197
MNIST_QNN_eff_su2_r1_d6_s43,noisy_shot,mean_api_probabilities,entropy,5,single_shot_2560_minus_128,1,2560,1,128,0.025050000000000017
MNIST_QNN_eff_su2_r1_d6_s43,noisy_shot,mean_api_probabilities,entropy,5,repeat_5x128_minus_1x128,5,128,1,128,0.007849999999999913
MNIST_QNN_eff_su2_r1_d6_s43,noisy_shot,mean_api_probabilities,entropy,5,repeat_20x128_minus_1x128,20,128,1,128,0.005774999999999975
MNIST_QNN_eff_su2_r1_d6_s43,noisy_shot,mean_api_probabilities,entropy,5,equal_total_5x512_minus_1x2560,5,512,1,2560,-0.012175000000000047
MNIST_QNN_eff_su2_r1_d6_s43,noisy_shot,mean_api_probabilities,entropy,5,equal_total_20x128_minus_1x2560,20,128,1,2560,-0.019275000000000042
MNIST_QNN_eff_su2_r1_d6_s43,noisy_shot,mean_api_probabilities,entropy,6,single_shot_512_minus_128,1,512,1,128,0.03144999999999992
MNIST_QNN_eff_su2_r1_d6_s43,noisy_shot,mean_api_probabilities,entropy,6,single_shot_2560_minus_128,1,2560,1,128,0.04299999999999987
MNIST_QNN_eff_su2_r1_d6_s43,noisy_shot,mean_api_probabilities,entropy,6,repeat_5x128_minus_1x128,5,128,1,128,0.015324999999999978
MNIST_QNN_eff_su2_r1_d6_s43,noisy_shot,mean_api_probabilities,entropy,6,repeat_20x128_minus_1x128,20,128,1,128,0.030349999999999933
MNIST_QNN_eff_su2_r1_d6_s43,noisy_shot,mean_api_probabilities,entropy,6,equal_total_5x512_minus_1x2560,5,512,1,2560,-0.01617499999999994
MNIST_QNN_eff_su2_r1_d6_s43,noisy_shot,mean_api_probabilities,entropy,6,equal_total_20x128_minus_1x2560,20,128,1,2560,-0.012649999999999939
MNIST_QNN_eff_su2_r1_d6_s43,noisy_shot,mean_api_probabilities,entropy,7,single_shot_512_minus_128,1,512,1,128,-0.024600000000000066
MNIST_QNN_eff_su2_r1_d6_s43,noisy_shot,mean_api_probabilities,entropy,7,single_shot_2560_minus_128,1,2560,1,128,-0.015800000000000036
MNIST_QNN_eff_su2_r1_d6_s43,noisy_shot,mean_api_probabilities,entropy,7,repeat_5x128_minus_1x128,5,128,1,128,-0.02552500000000002
MNIST_QNN_eff_su2_r1_d6_s43,noisy_shot,mean_api_probabilities,entropy,7,repeat_20x128_minus_1x128,20,128,1,128,-0.029550000000000076
MNIST_QNN_eff_su2_r1_d6_s43,noisy_shot,mean_api_probabilities,entropy,7,equal_total_5x512_minus_1x2560,5,512,1,2560,-0.020675
MNIST_QNN_eff_su2_r1_d6_s43,noisy_shot,mean_api_probabilities,entropy,7,equal_total_20x128_minus_1x2560,20,128,1,2560,-0.01375000000000004
MNIST_QNN_eff_su2_r1_d6_s43,noisy_shot,mean_api_probabilities,entropy,8,single_shot_512_minus_128,1,512,1,128,0.020274999999999876
MNIST_QNN_eff_su2_r1_d6_s43,noisy_shot,mean_api_probabilities,entropy,8,single_shot_2560_minus_128,1,2560,1,128,0.06425000000000003
MNIST_QNN_eff_su2_r1_d6_s43,noisy_shot,mean_api_probabilities,entropy,8,repeat_5x128_minus_1x128,5,128,1,128,0.030174999999999952
MNIST_QNN_eff_su2_r1_d6_s43,noisy_shot,mean_api_probabilities,entropy,8,repeat_20x128_minus_1x128,20,128,1,128,0.04457500000000003
MNIST_QNN_eff_su2_r1_d6_s43,noisy_shot,mean_api_probabilities,entropy,8,equal_total_5x512_minus_1x2560,5,512,1,2560,0.0005999999999999339
MNIST_QNN_eff_su2_r1_d6_s43,noisy_shot,mean_api_probabilities,entropy,8,equal_total_20x128_minus_1x2560,20,128,1,2560,-0.019674999999999998
MNIST_QNN_eff_su2_r1_d6_s43,noisy_shot,mean_api_probabilities,entropy,9,single_shot_512_minus_128,1,512,1,128,0.004850000000000021
MNIST_QNN_eff_su2_r1_d6_s43,noisy_shot,mean_api_probabilities,entropy,9,single_shot_2560_minus_128,1,2560,1,128,0.014349999999999974
MNIST_QNN_eff_su2_r1_d6_s43,noisy_shot,mean_api_probabilities,entropy,9,repeat_5x128_minus_1x128,5,128,1,128,0.02287500000000009
MNIST_QNN_eff_su2_r1_d6_s43,noisy_shot,mean_api_probabilities,entropy,9,repeat_20x128_minus_1x128,20,128,1,128,0.015874999999999972
MNIST_QNN_eff_su2_r1_d6_s43,noisy_shot,mean_api_probabilities,entropy,9,equal_total_5x512_minus_1x2560,5,512,1,2560,0.007775000000000087
MNIST_QNN_eff_su2_r1_d6_s43,noisy_shot,mean_api_probabilities,entropy,9,equal_total_20x128_minus_1x2560,20,128,1,2560,0.0015249999999999986
MNIST_QNN_eff_su2_r1_d6_s43,noisy_shot,mean_api_probabilities,learned_mlp_pv,0,single_shot_512_minus_128,1,512,1,128,0.007349999999999968
MNIST_QNN_eff_su2_r1_d6_s43,noisy_shot,mean_api_probabilities,learned_mlp_pv,0,single_shot_2560_minus_128,1,2560,1,128,0.039124999999999854
MNIST_QNN_eff_su2_r1_d6_s43,noisy_shot,mean_api_probabilities,learned_mlp_pv,0,repeat_5x128_minus_1x128,5,128,1,128,-0.0014250000000000096
MNIST_QNN_eff_su2_r1_d6_s43,noisy_shot,mean_api_probabilities,learned_mlp_pv,0,repeat_20x128_minus_1x128,20,128,1,128,0.028349999999999875
MNIST_QNN_eff_su2_r1_d6_s43,noisy_shot,mean_api_probabilities,learned_mlp_pv,0,equal_total_5x512_minus_1x2560,5,512,1,2560,-0.0065749999999999975
MNIST_QNN_eff_su2_r1_d6_s43,noisy_shot,mean_api_probabilities,learned_mlp_pv,0,equal_total_20x128_minus_1x2560,20,128,1,2560,-0.010774999999999979
MNIST_QNN_eff_su2_r1_d6_s43,noisy_shot,mean_api_probabilities,learned_mlp_pv,1,single_shot_512_minus_128,1,512,1,128,0.025675000000000003
MNIST_QNN_eff_su2_r1_d6_s43,noisy_shot,mean_api_probabilities,learned_mlp_pv,1,single_shot_2560_minus_128,1,2560,1,128,-0.017625000000000113
MNIST_QNN_eff_su2_r1_d6_s43,noisy_shot,mean_api_probabilities,learned_mlp_pv,1,repeat_5x128_minus_1x128,5,128,1,128,0.08184999999999987
MNIST_QNN_eff_su2_r1_d6_s43,noisy_shot,mean_api_probabilities,learned_mlp_pv,1,repeat_20x128_minus_1x128,20,128,1,128,0.05567499999999992
MNIST_QNN_eff_su2_r1_d6_s43,noisy_shot,mean_api_probabilities,learned_mlp_pv,1,equal_total_5x512_minus_1x2560,5,512,1,2560,0.0404000000000001
MNIST_QNN_eff_su2_r1_d6_s43,noisy_shot,mean_api_probabilities,learned_mlp_pv,1,equal_total_20x128_minus_1x2560,20,128,1,2560,0.07330000000000003
MNIST_QNN_eff_su2_r1_d6_s43,noisy_shot,mean_api_probabilities,learned_mlp_pv,2,single_shot_512_minus_128,1,512,1,128,0.05130000000000012
MNIST_QNN_eff_su2_r1_d6_s43,noisy_shot,mean_api_probabilities,learned_mlp_pv,2,single_shot_2560_minus_128,1,2560,1,128,0.024550000000000072
MNIST_QNN_eff_su2_r1_d6_s43,noisy_shot,mean_api_probabilities,learned_mlp_pv,2,repeat_5x128_minus_1x128,5,128,1,128,0.012275000000000036
MNIST_QNN_eff_su2_r1_d6_s43,noisy_shot,mean_api_probabilities,learned_mlp_pv,2,repeat_20x128_minus_1x128,20,128,1,128,0.04797499999999999
MNIST_QNN_eff_su2_r1_d6_s43,noisy_shot,mean_api_probabilities,learned_mlp_pv,2,equal_total_5x512_minus_1x2560,5,512,1,2560,0.015199999999999991
MNIST_QNN_eff_su2_r1_d6_s43,noisy_shot,mean_api_probabilities,learned_mlp_pv,2,equal_total_20x128_minus_1x2560,20,128,1,2560,0.023424999999999918
MNIST_QNN_eff_su2_r1_d6_s43,noisy_shot,mean_api_probabilities,learned_mlp_pv,3,single_shot_512_minus_128,1,512,1,128,-0.044175000000000075
MNIST_QNN_eff_su2_r1_d6_s43,noisy_shot,mean_api_probabilities,learned_mlp_pv,3,single_shot_2560_minus_128,1,2560,1,128,-0.00649999999999995
MNIST_QNN_eff_su2_r1_d6_s43,noisy_shot,mean_api_probabilities,learned_mlp_pv,3,repeat_5x128_minus_1x128,5,128,1,128,-0.04920000000000002
MNIST_QNN_eff_su2_r1_d6_s43,noisy_shot,mean_api_probabilities,learned_mlp_pv,3,repeat_20x128_minus_1x128,20,128,1,128,-0.004425000000000012
MNIST_QNN_eff_su2_r1_d6_s43,noisy_shot,mean_api_probabilities,learned_mlp_pv,3,equal_total_5x512_minus_1x2560,5,512,1,2560,-0.029275000000000162
MNIST_QNN_eff_su2_r1_d6_s43,noisy_shot,mean_api_probabilities,learned_mlp_pv,3,equal_total_20x128_minus_1x2560,20,128,1,2560,0.002074999999999938
MNIST_QNN_eff_su2_r1_d6_s43,noisy_shot,mean_api_probabilities,learned_mlp_pv,4,single_shot_512_minus_128,1,512,1,128,0.024724999999999997
MNIST_QNN_eff_su2_r1_d6_s43,noisy_shot,mean_api_probabilities,learned_mlp_pv,4,single_shot_2560_minus_128,1,2560,1,128,0.06170000000000003
MNIST_QNN_eff_su2_r1_d6_s43,noisy_shot,mean_api_probabilities,learned_mlp_pv,4,repeat_5x128_minus_1x128,5,128,1,128,0.03175
MNIST_QNN_eff_su2_r1_d6_s43,noisy_shot,mean_api_probabilities,learned_mlp_pv,4,repeat_20x128_minus_1x128,20,128,1,128,0.11712500000000009
MNIST_QNN_eff_su2_r1_d6_s43,noisy_shot,mean_api_probabilities,learned_mlp_pv,4,equal_total_5x512_minus_1x2560,5,512,1,2560,0.0605
MNIST_QNN_eff_su2_r1_d6_s43,noisy_shot,mean_api_probabilities,learned_mlp_pv,4,equal_total_20x128_minus_1x2560,20,128,1,2560,0.05542500000000006
MNIST_QNN_eff_su2_r1_d6_s43,noisy_shot,mean_api_probabilities,learned_mlp_pv,5,single_shot_512_minus_128,1,512,1,128,-0.018825000000000147
MNIST_QNN_eff_su2_r1_d6_s43,noisy_shot,mean_api_probabilities,learned_mlp_pv,5,single_shot_2560_minus_128,1,2560,1,128,0.06217499999999998
MNIST_QNN_eff_su2_r1_d6_s43,noisy_shot,mean_api_probabilities,learned_mlp_pv,5,repeat_5x128_minus_1x128,5,128,1,128,-0.010399999999999965
MNIST_QNN_eff_su2_r1_d6_s43,noisy_shot,mean_api_probabilities,learned_mlp_pv,5,repeat_20x128_minus_1x128,20,128,1,128,-0.016575000000000062
MNIST_QNN_eff_su2_r1_d6_s43,noisy_shot,mean_api_probabilities,learned_mlp_pv,5,equal_total_5x512_minus_1x2560,5,512,1,2560,-0.04842500000000005
MNIST_QNN_eff_su2_r1_d6_s43,noisy_shot,mean_api_probabilities,learned_mlp_pv,5,equal_total_20x128_minus_1x2560,20,128,1,2560,-0.07875000000000004
MNIST_QNN_eff_su2_r1_d6_s43,noisy_shot,mean_api_probabilities,learned_mlp_pv,6,single_shot_512_minus_128,1,512,1,128,0.013125000000000053
MNIST_QNN_eff_su2_r1_d6_s43,noisy_shot,mean_api_probabilities,learned_mlp_pv,6,single_shot_2560_minus_128,1,2560,1,128,0.01650000000000007
MNIST_QNN_eff_su2_r1_d6_s43,noisy_shot,mean_api_probabilities,learned_mlp_pv,6,repeat_5x128_minus_1x128,5,128,1,128,-0.025724999999999998
MNIST_QNN_eff_su2_r1_d6_s43,noisy_shot,mean_api_probabilities,learned_mlp_pv,6,repeat_20x128_minus_1x128,20,128,1,128,0.06955
MNIST_QNN_eff_su2_r1_d6_s43,noisy_shot,mean_api_probabilities,learned_mlp_pv,6,equal_total_5x512_minus_1x2560,5,512,1,2560,0.015575000000000006
MNIST_QNN_eff_su2_r1_d6_s43,noisy_shot,mean_api_probabilities,learned_mlp_pv,6,equal_total_20x128_minus_1x2560,20,128,1,2560,0.05304999999999993
MNIST_QNN_eff_su2_r1_d6_s43,noisy_shot,mean_api_probabilities,learned_mlp_pv,7,single_shot_512_minus_128,1,512,1,128,-0.044249999999999956
MNIST_QNN_eff_su2_r1_d6_s43,noisy_shot,mean_api_probabilities,learned_mlp_pv,7,single_shot_2560_minus_128,1,2560,1,128,0.0020500000000001073
MNIST_QNN_eff_su2_r1_d6_s43,noisy_shot,mean_api_probabilities,learned_mlp_pv,7,repeat_5x128_minus_1x128,5,128,1,128,-0.051724999999999965
MNIST_QNN_eff_su2_r1_d6_s43,noisy_shot,mean_api_probabilities,learned_mlp_pv,7,repeat_20x128_minus_1x128,20,128,1,128,-0.015374999999999917
MNIST_QNN_eff_su2_r1_d6_s43,noisy_shot,mean_api_probabilities,learned_mlp_pv,7,equal_total_5x512_minus_1x2560,5,512,1,2560,-0.035800000000000054
MNIST_QNN_eff_su2_r1_d6_s43,noisy_shot,mean_api_probabilities,learned_mlp_pv,7,equal_total_20x128_minus_1x2560,20,128,1,2560,-0.017425000000000024
MNIST_QNN_eff_su2_r1_d6_s43,noisy_shot,mean_api_probabilities,learned_mlp_pv,8,single_shot_512_minus_128,1,512,1,128,-0.03642500000000015
MNIST_QNN_eff_su2_r1_d6_s43,noisy_shot,mean_api_probabilities,learned_mlp_pv,8,single_shot_2560_minus_128,1,2560,1,128,0.0367249999999999
MNIST_QNN_eff_su2_r1_d6_s43,noisy_shot,mean_api_probabilities,learned_mlp_pv,8,repeat_5x128_minus_1x128,5,128,1,128,-0.011800000000000033
MNIST_QNN_eff_su2_r1_d6_s43,noisy_shot,mean_api_probabilities,learned_mlp_pv,8,repeat_20x128_minus_1x128,20,128,1,128,0.0067749999999999755
MNIST_QNN_eff_su2_r1_d6_s43,noisy_shot,mean_api_probabilities,learned_mlp_pv,8,equal_total_5x512_minus_1x2560,5,512,1,2560,-0.04564999999999997
MNIST_QNN_eff_su2_r1_d6_s43,noisy_shot,mean_api_probabilities,learned_mlp_pv,8,equal_total_20x128_minus_1x2560,20,128,1,2560,-0.02994999999999992
MNIST_QNN_eff_su2_r1_d6_s43,noisy_shot,mean_api_probabilities,learned_mlp_pv,9,single_shot_512_minus_128,1,512,1,128,0.011375000000000135
MNIST_QNN_eff_su2_r1_d6_s43,noisy_shot,mean_api_probabilities,learned_mlp_pv,9,single_shot_2560_minus_128,1,2560,1,128,0.020750000000000046
MNIST_QNN_eff_su2_r1_d6_s43,noisy_shot,mean_api_probabilities,learned_mlp_pv,9,repeat_5x128_minus_1x128,5,128,1,128,0.032275000000000054
MNIST_QNN_eff_su2_r1_d6_s43,noisy_shot,mean_api_probabilities,learned_mlp_pv,9,repeat_20x128_minus_1x128,20,128,1,128,0.021250000000000102
MNIST_QNN_eff_su2_r1_d6_s43,noisy_shot,mean_api_probabilities,learned_mlp_pv,9,equal_total_5x512_minus_1x2560,5,512,1,2560,0.07704999999999995
MNIST_QNN_eff_su2_r1_d6_s43,noisy_shot,mean_api_probabilities,learned_mlp_pv,9,equal_total_20x128_minus_1x2560,20,128,1,2560,0.000500000000000056
MNIST_QNN_eff_su2_r1_d6_s43,noisy_shot,mean_api_probabilities,learned_mlp_pv_mean_std,0,single_shot_512_minus_128,1,512,1,128,0.051925
MNIST_QNN_eff_su2_r1_d6_s43,noisy_shot,mean_api_probabilities,learned_mlp_pv_mean_std,0,single_shot_2560_minus_128,1,2560,1,128,0.04195000000000004
MNIST_QNN_eff_su2_r1_d6_s43,noisy_shot,mean_api_probabilities,learned_mlp_pv_mean_std,0,repeat_5x128_minus_1x128,5,128,1,128,0.0026249999999999885
MNIST_QNN_eff_su2_r1_d6_s43,noisy_shot,mean_api_probabilities,learned_mlp_pv_mean_std,0,repeat_20x128_minus_1x128,20,128,1,128,0.04167499999999991
MNIST_QNN_eff_su2_r1_d6_s43,noisy_shot,mean_api_probabilities,learned_mlp_pv_mean_std,0,equal_total_5x512_minus_1x2560,5,512,1,2560,0.004124999999999934
MNIST_QNN_eff_su2_r1_d6_s43,noisy_shot,mean_api_probabilities,learned_mlp_pv_mean_std,0,equal_total_20x128_minus_1x2560,20,128,1,2560,-0.00027500000000013625
MNIST_QNN_eff_su2_r1_d6_s43,noisy_shot,mean_api_probabilities,learned_mlp_pv_mean_std,1,single_shot_512_minus_128,1,512,1,128,0.019325000000000037
MNIST_QNN_eff_su2_r1_d6_s43,noisy_shot,mean_api_probabilities,learned_mlp_pv_mean_std,1,single_shot_2560_minus_128,1,2560,1,128,-0.04334999999999989
MNIST_QNN_eff_su2_r1_d6_s43,noisy_shot,mean_api_probabilities,learned_mlp_pv_mean_std,1,repeat_5x128_minus_1x128,5,128,1,128,-0.04364999999999997
MNIST_QNN_eff_su2_r1_d6_s43,noisy_shot,mean_api_probabilities,learned_mlp_pv_mean_std,1,repeat_20x128_minus_1x128,20,128,1,128,0.008874999999999966
MNIST_QNN_eff_su2_r1_d6_s43,noisy_shot,mean_api_probabilities,learned_mlp_pv_mean_std,1,equal_total_5x512_minus_1x2560,5,512,1,2560,0.10024999999999995
MNIST_QNN_eff_su2_r1_d6_s43,noisy_shot,mean_api_probabilities,learned_mlp_pv_mean_std,1,equal_total_20x128_minus_1x2560,20,128,1,2560,0.052224999999999855
MNIST_QNN_eff_su2_r1_d6_s43,noisy_shot,mean_api_probabilities,learned_mlp_pv_mean_std,2,single_shot_512_minus_128,1,512,1,128,0.032075000000000076
MNIST_QNN_eff_su2_r1_d6_s43,noisy_shot,mean_api_probabilities,learned_mlp_pv_mean_std,2,single_shot_2560_minus_128,1,2560,1,128,-0.015549999999999953
MNIST_QNN_eff_su2_r1_d6_s43,noisy_shot,mean_api_probabilities,learned_mlp_pv_mean_std,2,repeat_5x128_minus_1x128,5,128,1,128,0.010725000000000096
MNIST_QNN_eff_su2_r1_d6_s43,noisy_shot,mean_api_probabilities,learned_mlp_pv_mean_std,2,repeat_20x128_minus_1x128,20,128,1,128,0.008750000000000036
MNIST_QNN_eff_su2_r1_d6_s43,noisy_shot,mean_api_probabilities,learned_mlp_pv_mean_std,2,equal_total_5x512_minus_1x2560,5,512,1,2560,0.04754999999999998
MNIST_QNN_eff_su2_r1_d6_s43,noisy_shot,mean_api_probabilities,learned_mlp_pv_mean_std,2,equal_total_20x128_minus_1x2560,20,128,1,2560,0.02429999999999999
MNIST_QNN_eff_su2_r1_d6_s43,noisy_shot,mean_api_probabilities,learned_mlp_pv_mean_std,3,single_shot_512_minus_128,1,512,1,128,-0.09440000000000004
MNIST_QNN_eff_su2_r1_d6_s43,noisy_shot,mean_api_probabilities,learned_mlp_pv_mean_std,3,single_shot_2560_minus_128,1,2560,1,128,0.021074999999999955
MNIST_QNN_eff_su2_r1_d6_s43,noisy_shot,mean_api_probabilities,learned_mlp_pv_mean_std,3,repeat_5x128_minus_1x128,5,128,1,128,-0.03827499999999995
MNIST_QNN_eff_su2_r1_d6_s43,noisy_shot,mean_api_probabilities,learned_mlp_pv_mean_std,3,repeat_20x128_minus_1x128,20,128,1,128,-0.008425000000000016
MNIST_QNN_eff_su2_r1_d6_s43,noisy_shot,mean_api_probabilities,learned_mlp_pv_mean_std,3,equal_total_5x512_minus_1x2560,5,512,1,2560,-0.04302499999999998
MNIST_QNN_eff_su2_r1_d6_s43,noisy_shot,mean_api_probabilities,learned_mlp_pv_mean_std,3,equal_total_20x128_minus_1x2560,20,128,1,2560,-0.02949999999999997
MNIST_QNN_eff_su2_r1_d6_s43,noisy_shot,mean_api_probabilities,learned_mlp_pv_mean_std,4,single_shot_512_minus_128,1,512,1,128,-0.01849999999999996
MNIST_QNN_eff_su2_r1_d6_s43,noisy_shot,mean_api_probabilities,learned_mlp_pv_mean_std,4,single_shot_2560_minus_128,1,2560,1,128,0.049775000000000014
MNIST_QNN_eff_su2_r1_d6_s43,noisy_shot,mean_api_probabilities,learned_mlp_pv_mean_std,4,repeat_5x128_minus_1x128,5,128,1,128,0.010325000000000029
MNIST_QNN_eff_su2_r1_d6_s43,noisy_shot,mean_api_probabilities,learned_mlp_pv_mean_std,4,repeat_20x128_minus_1x128,20,128,1,128,-0.011699999999999988
MNIST_QNN_eff_su2_r1_d6_s43,noisy_shot,mean_api_probabilities,learned_mlp_pv_mean_std,4,equal_total_5x512_minus_1x2560,5,512,1,2560,-0.025325000000000042
MNIST_QNN_eff_su2_r1_d6_s43,noisy_shot,mean_api_probabilities,learned_mlp_pv_mean_std,4,equal_total_20x128_minus_1x2560,20,128,1,2560,-0.061475
MNIST_QNN_eff_su2_r1_d6_s43,noisy_shot,mean_api_probabilities,learned_mlp_pv_mean_std,5,single_shot_512_minus_128,1,512,1,128,-0.028749999999999942
MNIST_QNN_eff_su2_r1_d6_s43,noisy_shot,mean_api_probabilities,learned_mlp_pv_mean_std,5,single_shot_2560_minus_128,1,2560,1,128,-0.015324999999999922
MNIST_QNN_eff_su2_r1_d6_s43,noisy_shot,mean_api_probabilities,learned_mlp_pv_mean_std,5,repeat_5x128_minus_1x128,5,128,1,128,-0.048350000000000004
MNIST_QNN_eff_su2_r1_d6_s43,noisy_shot,mean_api_probabilities,learned_mlp_pv_mean_std,5,repeat_20x128_minus_1x128,20,128,1,128,-0.02597499999999997
MNIST_QNN_eff_su2_r1_d6_s43,noisy_shot,mean_api_probabilities,learned_mlp_pv_mean_std,5,equal_total_5x512_minus_1x2560,5,512,1,2560,-0.028725000000000056
MNIST_QNN_eff_su2_r1_d6_s43,noisy_shot,mean_api_probabilities,learned_mlp_pv_mean_std,5,equal_total_20x128_minus_1x2560,20,128,1,2560,-0.010650000000000048
MNIST_QNN_eff_su2_r1_d6_s43,noisy_shot,mean_api_probabilities,learned_mlp_pv_mean_std,6,single_shot_512_minus_128,1,512,1,128,0.07447500000000001
MNIST_QNN_eff_su2_r1_d6_s43,noisy_shot,mean_api_probabilities,learned_mlp_pv_mean_std,6,single_shot_2560_minus_128,1,2560,1,128,0.068575
MNIST_QNN_eff_su2_r1_d6_s43,noisy_shot,mean_api_probabilities,learned_mlp_pv_mean_std,6,repeat_5x128_minus_1x128,5,128,1,128,0.02657499999999996
MNIST_QNN_eff_su2_r1_d6_s43,noisy_shot,mean_api_probabilities,learned_mlp_pv_mean_std,6,repeat_20x128_minus_1x128,20,128,1,128,0.11677500000000002
MNIST_QNN_eff_su2_r1_d6_s43,noisy_shot,mean_api_probabilities,learned_mlp_pv_mean_std,6,equal_total_5x512_minus_1x2560,5,512,1,2560,0.006900000000000017
MNIST_QNN_eff_su2_r1_d6_s43,noisy_shot,mean_api_probabilities,learned_mlp_pv_mean_std,6,equal_total_20x128_minus_1x2560,20,128,1,2560,0.04820000000000002
MNIST_QNN_eff_su2_r1_d6_s43,noisy_shot,mean_api_probabilities,learned_mlp_pv_mean_std,7,single_shot_512_minus_128,1,512,1,128,-0.049175000000000024
MNIST_QNN_eff_su2_r1_d6_s43,noisy_shot,mean_api_probabilities,learned_mlp_pv_mean_std,7,single_shot_2560_minus_128,1,2560,1,128,-0.028349999999999986
MNIST_QNN_eff_su2_r1_d6_s43,noisy_shot,mean_api_probabilities,learned_mlp_pv_mean_std,7,repeat_5x128_minus_1x128,5,128,1,128,-0.03137499999999993
MNIST_QNN_eff_su2_r1_d6_s43,noisy_shot,mean_api_probabilities,learned_mlp_pv_mean_std,7,repeat_20x128_minus_1x128,20,128,1,128,-0.01947500000000002
MNIST_QNN_eff_su2_r1_d6_s43,noisy_shot,mean_api_probabilities,learned_mlp_pv_mean_std,7,equal_total_5x512_minus_1x2560,5,512,1,2560,-0.06722500000000003
MNIST_QNN_eff_su2_r1_d6_s43,noisy_shot,mean_api_probabilities,learned_mlp_pv_mean_std,7,equal_total_20x128_minus_1x2560,20,128,1,2560,0.008874999999999966
MNIST_QNN_eff_su2_r1_d6_s43,noisy_shot,mean_api_probabilities,learned_mlp_pv_mean_std,8,single_shot_512_minus_128,1,512,1,128,-0.006149999999999989
MNIST_QNN_eff_su2_r1_d6_s43,noisy_shot,mean_api_probabilities,learned_mlp_pv_mean_std,8,single_shot_2560_minus_128,1,2560,1,128,0.058800000000000074
MNIST_QNN_eff_su2_r1_d6_s43,noisy_shot,mean_api_probabilities,learned_mlp_pv_mean_std,8,repeat_5x128_minus_1x128,5,128,1,128,-0.026499999999999968
MNIST_QNN_eff_su2_r1_d6_s43,noisy_shot,mean_api_probabilities,learned_mlp_pv_mean_std,8,repeat_20x128_minus_1x128,20,128,1,128,0.014250000000000096
MNIST_QNN_eff_su2_r1_d6_s43,noisy_shot,mean_api_probabilities,learned_mlp_pv_mean_std,8,equal_total_5x512_minus_1x2560,5,512,1,2560,-0.08332499999999998
MNIST_QNN_eff_su2_r1_d6_s43,noisy_shot,mean_api_probabilities,learned_mlp_pv_mean_std,8,equal_total_20x128_minus_1x2560,20,128,1,2560,-0.04454999999999998
MNIST_QNN_eff_su2_r1_d6_s43,noisy_shot,mean_api_probabilities,learned_mlp_pv_mean_std,9,single_shot_512_minus_128,1,512,1,128,0.027974999999999972
MNIST_QNN_eff_su2_r1_d6_s43,noisy_shot,mean_api_probabilities,learned_mlp_pv_mean_std,9,single_shot_2560_minus_128,1,2560,1,128,0.03787499999999999
MNIST_QNN_eff_su2_r1_d6_s43,noisy_shot,mean_api_probabilities,learned_mlp_pv_mean_std,9,repeat_5x128_minus_1x128,5,128,1,128,0.04035
MNIST_QNN_eff_su2_r1_d6_s43,noisy_shot,mean_api_probabilities,learned_mlp_pv_mean_std,9,repeat_20x128_minus_1x128,20,128,1,128,0.10509999999999997
MNIST_QNN_eff_su2_r1_d6_s43,noisy_shot,mean_api_probabilities,learned_mlp_pv_mean_std,9,equal_total_5x512_minus_1x2560,5,512,1,2560,0.033725000000000116
MNIST_QNN_eff_su2_r1_d6_s43,noisy_shot,mean_api_probabilities,learned_mlp_pv_mean_std,9,equal_total_20x128_minus_1x2560,20,128,1,2560,0.06722499999999998
MNIST_QNN_eff_su2_r1_d6_s43,noisy_shot,mean_api_probabilities,loss,0,single_shot_512_minus_128,1,512,1,128,0.011175000000000046
MNIST_QNN_eff_su2_r1_d6_s43,noisy_shot,mean_api_probabilities,loss,0,single_shot_2560_minus_128,1,2560,1,128,0.021475000000000022
MNIST_QNN_eff_su2_r1_d6_s43,noisy_shot,mean_api_probabilities,loss,0,repeat_5x128_minus_1x128,5,128,1,128,0.023725000000000107
MNIST_QNN_eff_su2_r1_d6_s43,noisy_shot,mean_api_probabilities,loss,0,repeat_20x128_minus_1x128,20,128,1,128,0.028525000000000134
MNIST_QNN_eff_su2_r1_d6_s43,noisy_shot,mean_api_probabilities,loss,0,equal_total_5x512_minus_1x2560,5,512,1,2560,0.0019000000000000128
MNIST_QNN_eff_su2_r1_d6_s43,noisy_shot,mean_api_probabilities,loss,0,equal_total_20x128_minus_1x2560,20,128,1,2560,0.007050000000000112
MNIST_QNN_eff_su2_r1_d6_s43,noisy_shot,mean_api_probabilities,loss,1,single_shot_512_minus_128,1,512,1,128,0.0005749999999999922
MNIST_QNN_eff_su2_r1_d6_s43,noisy_shot,mean_api_probabilities,loss,1,single_shot_2560_minus_128,1,2560,1,128,-0.0066749999999998755
MNIST_QNN_eff_su2_r1_d6_s43,noisy_shot,mean_api_probabilities,loss,1,repeat_5x128_minus_1x128,5,128,1,128,0.01967500000000011
MNIST_QNN_eff_su2_r1_d6_s43,noisy_shot,mean_api_probabilities,loss,1,repeat_20x128_minus_1x128,20,128,1,128,0.009200000000000097
MNIST_QNN_eff_su2_r1_d6_s43,noisy_shot,mean_api_probabilities,loss,1,equal_total_5x512_minus_1x2560,5,512,1,2560,0.019349999999999867
MNIST_QNN_eff_su2_r1_d6_s43,noisy_shot,mean_api_probabilities,loss,1,equal_total_20x128_minus_1x2560,20,128,1,2560,0.015874999999999972
MNIST_QNN_eff_su2_r1_d6_s43,noisy_shot,mean_api_probabilities,loss,2,single_shot_512_minus_128,1,512,1,128,0.014724999999999988
MNIST_QNN_eff_su2_r1_d6_s43,noisy_shot,mean_api_probabilities,loss,2,single_shot_2560_minus_128,1,2560,1,128,0.052775000000000016
MNIST_QNN_eff_su2_r1_d6_s43,noisy_shot,mean_api_probabilities,loss,2,repeat_5x128_minus_1x128,5,128,1,128,0.039874999999999994
MNIST_QNN_eff_su2_r1_d6_s43,noisy_shot,mean_api_probabilities,loss,2,repeat_20x128_minus_1x128,20,128,1,128,0.055925000000000114
MNIST_QNN_eff_su2_r1_d6_s43,noisy_shot,mean_api_probabilities,loss,2,equal_total_5x512_minus_1x2560,5,512,1,2560,-0.008074999999999943
MNIST_QNN_eff_su2_r1_d6_s43,noisy_shot,mean_api_probabilities,loss,2,equal_total_20x128_minus_1x2560,20,128,1,2560,0.003150000000000097
MNIST_QNN_eff_su2_r1_d6_s43,noisy_shot,mean_api_probabilities,loss,3,single_shot_512_minus_128,1,512,1,128,-0.01540000000000008
MNIST_QNN_eff_su2_r1_d6_s43,noisy_shot,mean_api_probabilities,loss,3,single_shot_2560_minus_128,1,2560,1,128,0.007449999999999957
MNIST_QNN_eff_su2_r1_d6_s43,noisy_shot,mean_api_probabilities,loss,3,repeat_5x128_minus_1x128,5,128,1,128,0.003849999999999909
MNIST_QNN_eff_su2_r1_d6_s43,noisy_shot,mean_api_probabilities,loss,3,repeat_20x128_minus_1x128,20,128,1,128,0.01572499999999999
MNIST_QNN_eff_su2_r1_d6_s43,noisy_shot,mean_api_probabilities,loss,3,equal_total_5x512_minus_1x2560,5,512,1,2560,-0.0025999999999999357
MNIST_QNN_eff_su2_r1_d6_s43,noisy_shot,mean_api_probabilities,loss,3,equal_total_20x128_minus_1x2560,20,128,1,2560,0.008275000000000032
MNIST_QNN_eff_su2_r1_d6_s43,noisy_shot,mean_api_probabilities,loss,4,single_shot_512_minus_128,1,512,1,128,-0.0002749999999999142
MNIST_QNN_eff_su2_r1_d6_s43,noisy_shot,mean_api_probabilities,loss,4,single_shot_2560_minus_128,1,2560,1,128,0.007549999999999946
MNIST_QNN_eff_su2_r1_d6_s43,noisy_shot,mean_api_probabilities,loss,4,repeat_5x128_minus_1x128,5,128,1,128,0.013225000000000042
MNIST_QNN_eff_su2_r1_d6_s43,noisy_shot,mean_api_probabilities,loss,4,repeat_20x128_minus_1x128,20,128,1,128,0.00802500000000006
MNIST_QNN_eff_su2_r1_d6_s43,noisy_shot,mean_api_probabilities,loss,4,equal_total_5x512_minus_1x2560,5,512,1,2560,-0.006049999999999889
MNIST_QNN_eff_su2_r1_d6_s43,noisy_shot,mean_api_probabilities,loss,4,equal_total_20x128_minus_1x2560,20,128,1,2560,0.0004750000000001142
MNIST_QNN_eff_su2_r1_d6_s43,noisy_shot,mean_api_probabilities,loss,5,single_shot_512_minus_128,1,512,1,128,-0.011874999999999969
MNIST_QNN_eff_su2_r1_d6_s43,noisy_shot,mean_api_probabilities,loss,5,single_shot_2560_minus_128,1,2560,1,128,0.003149999999999986
MNIST_QNN_eff_su2_r1_d6_s43,noisy_shot,mean_api_probabilities,loss,5,repeat_5x128_minus_1x128,5,128,1,128,0.003049999999999997
MNIST_QNN_eff_su2_r1_d6_s43,noisy_shot,mean_api_probabilities,loss,5,repeat_20x128_minus_1x128,20,128,1,128,-0.007650000000000046
MNIST_QNN_eff_su2_r1_d6_s43,noisy_shot,mean_api_probabilities,loss,5,equal_total_5x512_minus_1x2560,5,512,1,2560,0.0015249999999999986
MNIST_QNN_eff_su2_r1_d6_s43,noisy_shot,mean_api_probabilities,loss,5,equal_total_20x128_minus_1x2560,20,128,1,2560,-0.010800000000000032
MNIST_QNN_eff_su2_r1_d6_s43,noisy_shot,mean_api_probabilities,loss,6,single_shot_512_minus_128,1,512,1,128,0.0048000000000000265
MNIST_QNN_eff_su2_r1_d6_s43,noisy_shot,mean_api_probabilities,loss,6,single_shot_2560_minus_128,1,2560,1,128,0.02554999999999996
MNIST_QNN_eff_su2_r1_d6_s43,noisy_shot,mean_api_probabilities,loss,6,repeat_5x128_minus_1x128,5,128,1,128,-0.0023999999999999577
MNIST_QNN_eff_su2_r1_d6_s43,noisy_shot,mean_api_probabilities,loss,6,repeat_20x128_minus_1x128,20,128,1,128,0.01594999999999991
MNIST_QNN_eff_su2_r1_d6_s43,noisy_shot,mean_api_probabilities,loss,6,equal_total_5x512_minus_1x2560,5,512,1,2560,-0.014324999999999921
MNIST_QNN_eff_su2_r1_d6_s43,noisy_shot,mean_api_probabilities,loss,6,equal_total_20x128_minus_1x2560,20,128,1,2560,-0.009600000000000053
MNIST_QNN_eff_su2_r1_d6_s43,noisy_shot,mean_api_probabilities,loss,7,single_shot_512_minus_128,1,512,1,128,0.006075000000000053
MNIST_QNN_eff_su2_r1_d6_s43,noisy_shot,mean_api_probabilities,loss,7,single_shot_2560_minus_128,1,2560,1,128,0.005850000000000133
MNIST_QNN_eff_su2_r1_d6_s43,noisy_shot,mean_api_probabilities,loss,7,repeat_5x128_minus_1x128,5,128,1,128,0.012925000000000075
MNIST_QNN_eff_su2_r1_d6_s43,noisy_shot,mean_api_probabilities,loss,7,repeat_20x128_minus_1x128,20,128,1,128,0.011025000000000063
MNIST_QNN_eff_su2_r1_d6_s43,noisy_shot,mean_api_probabilities,loss,7,equal_total_5x512_minus_1x2560,5,512,1,2560,-0.010149999999999992
MNIST_QNN_eff_su2_r1_d6_s43,noisy_shot,mean_api_probabilities,loss,7,equal_total_20x128_minus_1x2560,20,128,1,2560,0.00517499999999993
MNIST_QNN_eff_su2_r1_d6_s43,noisy_shot,mean_api_probabilities,loss,8,single_shot_512_minus_128,1,512,1,128,0.00825000000000009
MNIST_QNN_eff_su2_r1_d6_s43,noisy_shot,mean_api_probabilities,loss,8,single_shot_2560_minus_128,1,2560,1,128,0.03565000000000007
MNIST_QNN_eff_su2_r1_d6_s43,noisy_shot,mean_api_probabilities,loss,8,repeat_5x128_minus_1x128,5,128,1,128,0.010750000000000037
MNIST_QNN_eff_su2_r1_d6_s43,noisy_shot,mean_api_probabilities,loss,8,repeat_20x128_minus_1x128,20,128,1,128,0.02575000000000005
MNIST_QNN_eff_su2_r1_d6_s43,noisy_shot,mean_api_probabilities,loss,8,equal_total_5x512_minus_1x2560,5,512,1,2560,0.003474999999999895
MNIST_QNN_eff_su2_r1_d6_s43,noisy_shot,mean_api_probabilities,loss,8,equal_total_20x128_minus_1x2560,20,128,1,2560,-0.00990000000000002
MNIST_QNN_eff_su2_r1_d6_s43,noisy_shot,mean_api_probabilities,loss,9,single_shot_512_minus_128,1,512,1,128,0.04927499999999996
MNIST_QNN_eff_su2_r1_d6_s43,noisy_shot,mean_api_probabilities,loss,9,single_shot_2560_minus_128,1,2560,1,128,0.04409999999999992
MNIST_QNN_eff_su2_r1_d6_s43,noisy_shot,mean_api_probabilities,loss,9,repeat_5x128_minus_1x128,5,128,1,128,0.027874999999999983
MNIST_QNN_eff_su2_r1_d6_s43,noisy_shot,mean_api_probabilities,loss,9,repeat_20x128_minus_1x128,20,128,1,128,0.037475000000000036
MNIST_QNN_eff_su2_r1_d6_s43,noisy_shot,mean_api_probabilities,loss,9,equal_total_5x512_minus_1x2560,5,512,1,2560,0.009325000000000028
MNIST_QNN_eff_su2_r1_d6_s43,noisy_shot,mean_api_probabilities,loss,9,equal_total_20x128_minus_1x2560,20,128,1,2560,-0.006624999999999881
MNIST_QNN_eff_su2_r1_d6_s43,noisy_shot,mean_api_probabilities,margin,0,single_shot_512_minus_128,1,512,1,128,0.022399999999999975
MNIST_QNN_eff_su2_r1_d6_s43,noisy_shot,mean_api_probabilities,margin,0,single_shot_2560_minus_128,1,2560,1,128,0.017325000000000035
MNIST_QNN_eff_su2_r1_d6_s43,noisy_shot,mean_api_probabilities,margin,0,repeat_5x128_minus_1x128,5,128,1,128,0.026499999999999968
MNIST_QNN_eff_su2_r1_d6_s43,noisy_shot,mean_api_probabilities,margin,0,repeat_20x128_minus_1x128,20,128,1,128,0.04565000000000008
MNIST_QNN_eff_su2_r1_d6_s43,noisy_shot,mean_api_probabilities,margin,0,equal_total_5x512_minus_1x2560,5,512,1,2560,0.016474999999999906
MNIST_QNN_eff_su2_r1_d6_s43,noisy_shot,mean_api_probabilities,margin,0,equal_total_20x128_minus_1x2560,20,128,1,2560,0.028325000000000045
MNIST_QNN_eff_su2_r1_d6_s43,noisy_shot,mean_api_probabilities,margin,1,single_shot_512_minus_128,1,512,1,128,-0.0015000000000000568
MNIST_QNN_eff_su2_r1_d6_s43,noisy_shot,mean_api_probabilities,margin,1,single_shot_2560_minus_128,1,2560,1,128,-0.009500000000000064
MNIST_QNN_eff_su2_r1_d6_s43,noisy_shot,mean_api_probabilities,margin,1,repeat_5x128_minus_1x128,5,128,1,128,0.009225000000000039
MNIST_QNN_eff_su2_r1_d6_s43,noisy_shot,mean_api_probabilities,margin,1,repeat_20x128_minus_1x128,20,128,1,128,-0.00550000000000006
MNIST_QNN_eff_su2_r1_d6_s43,noisy_shot,mean_api_probabilities,margin,1,equal_total_5x512_minus_1x2560,5,512,1,2560,0.014450000000000074
MNIST_QNN_eff_su2_r1_d6_s43,noisy_shot,mean_api_probabilities,margin,1,equal_total_20x128_minus_1x2560,20,128,1,2560,0.0040000000000000036
MNIST_QNN_eff_su2_r1_d6_s43,noisy_shot,mean_api_probabilities,margin,2,single_shot_512_minus_128,1,512,1,128,0.03359999999999991
MNIST_QNN_eff_su2_r1_d6_s43,noisy_shot,mean_api_probabilities,margin,2,single_shot_2560_minus_128,1,2560,1,128,0.06887499999999996
MNIST_QNN_eff_su2_r1_d6_s43,noisy_shot,mean_api_probabilities,margin,2,repeat_5x128_minus_1x128,5,128,1,128,0.04645000000000005
MNIST_QNN_eff_su2_r1_d6_s43,noisy_shot,mean_api_probabilities,margin,2,repeat_20x128_minus_1x128,20,128,1,128,0.06632500000000002
MNIST_QNN_eff_su2_r1_d6_s43,noisy_shot,mean_api_probabilities,margin,2,equal_total_5x512_minus_1x2560,5,512,1,2560,-0.007549999999999946
MNIST_QNN_eff_su2_r1_d6_s43,noisy_shot,mean_api_probabilities,margin,2,equal_total_20x128_minus_1x2560,20,128,1,2560,-0.002549999999999941
MNIST_QNN_eff_su2_r1_d6_s43,noisy_shot,mean_api_probabilities,margin,3,single_shot_512_minus_128,1,512,1,128,-0.029974999999999974
MNIST_QNN_eff_su2_r1_d6_s43,noisy_shot,mean_api_probabilities,margin,3,single_shot_2560_minus_128,1,2560,1,128,0.008950000000000014
MNIST_QNN_eff_su2_r1_d6_s43,noisy_shot,mean_api_probabilities,margin,3,repeat_5x128_minus_1x128,5,128,1,128,-0.0048000000000000265
MNIST_QNN_eff_su2_r1_d6_s43,noisy_shot,mean_api_probabilities,margin,3,repeat_20x128_minus_1x128,20,128,1,128,0.005299999999999971
MNIST_QNN_eff_su2_r1_d6_s43,noisy_shot,mean_api_probabilities,margin,3,equal_total_5x512_minus_1x2560,5,512,1,2560,-0.02322500000000005
MNIST_QNN_eff_su2_r1_d6_s43,noisy_shot,mean_api_probabilities,margin,3,equal_total_20x128_minus_1x2560,20,128,1,2560,-0.003650000000000042
MNIST_QNN_eff_su2_r1_d6_s43,noisy_shot,mean_api_probabilities,margin,4,single_shot_512_minus_128,1,512,1,128,-0.00802500000000006
MNIST_QNN_eff_su2_r1_d6_s43,noisy_shot,mean_api_probabilities,margin,4,single_shot_2560_minus_128,1,2560,1,128,0.00967499999999999
MNIST_QNN_eff_su2_r1_d6_s43,noisy_shot,mean_api_probabilities,margin,4,repeat_5x128_minus_1x128,5,128,1,128,0.023524999999999907
MNIST_QNN_eff_su2_r1_d6_s43,noisy_shot,mean_api_probabilities,margin,4,repeat_20x128_minus_1x128,20,128,1,128,0.02697499999999986
MNIST_QNN_eff_su2_r1_d6_s43,noisy_shot,mean_api_probabilities,margin,4,equal_total_5x512_minus_1x2560,5,512,1,2560,-0.005349999999999966
MNIST_QNN_eff_su2_r1_d6_s43,noisy_shot,mean_api_probabilities,margin,4,equal_total_20x128_minus_1x2560,20,128,1,2560,0.01729999999999987
MNIST_QNN_eff_su2_r1_d6_s43,noisy_shot,mean_api_probabilities,margin,5,single_shot_512_minus_128,1,512,1,128,0.01655000000000001
MNIST_QNN_eff_su2_r1_d6_s43,noisy_shot,mean_api_probabilities,margin,5,single_shot_2560_minus_128,1,2560,1,128,0.0479
MNIST_QNN_eff_su2_r1_d6_s43,noisy_shot,mean_api_probabilities,margin,5,repeat_5x128_minus_1x128,5,128,1,128,0.052700000000000025
MNIST_QNN_eff_su2_r1_d6_s43,noisy_shot,mean_api_probabilities,margin,5,repeat_20x128_minus_1x128,20,128,1,128,0.03535000000000005
MNIST_QNN_eff_su2_r1_d6_s43,noisy_shot,mean_api_probabilities,margin,5,equal_total_5x512_minus_1x2560,5,512,1,2560,-0.007874999999999965
MNIST_QNN_eff_su2_r1_d6_s43,noisy_shot,mean_api_probabilities,margin,5,equal_total_20x128_minus_1x2560,20,128,1,2560,-0.01254999999999995
MNIST_QNN_eff_su2_r1_d6_s43,noisy_shot,mean_api_probabilities,margin,6,single_shot_512_minus_128,1,512,1,128,0.041874999999999996
MNIST_QNN_eff_su2_r1_d6_s43,noisy_shot,mean_api_probabilities,margin,6,single_shot_2560_minus_128,1,2560,1,128,0.057699999999999974
MNIST_QNN_eff_su2_r1_d6_s43,noisy_shot,mean_api_probabilities,margin,6,repeat_5x128_minus_1x128,5,128,1,128,0.01585000000000003
MNIST_QNN_eff_su2_r1_d6_s43,noisy_shot,mean_api_probabilities,margin,6,repeat_20x128_minus_1x128,20,128,1,128,0.04312499999999997
MNIST_QNN_eff_su2_r1_d6_s43,noisy_shot,mean_api_probabilities,margin,6,equal_total_5x512_minus_1x2560,5,512,1,2560,-0.020399999999999974
MNIST_QNN_eff_su2_r1_d6_s43,noisy_shot,mean_api_probabilities,margin,6,equal_total_20x128_minus_1x2560,20,128,1,2560,-0.014575000000000005
MNIST_QNN_eff_su2_r1_d6_s43,noisy_shot,mean_api_probabilities,margin,7,single_shot_512_minus_128,1,512,1,128,-0.012725000000000097
MNIST_QNN_eff_su2_r1_d6_s43,noisy_shot,mean_api_probabilities,margin,7,single_shot_2560_minus_128,1,2560,1,128,0.018249999999999877
MNIST_QNN_eff_su2_r1_d6_s43,noisy_shot,mean_api_probabilities,margin,7,repeat_5x128_minus_1x128,5,128,1,128,0.02279999999999993
MNIST_QNN_eff_su2_r1_d6_s43,noisy_shot,mean_api_probabilities,margin,7,repeat_20x128_minus_1x128,20,128,1,128,0.008399999999999963
MNIST_QNN_eff_su2_r1_d6_s43,noisy_shot,mean_api_probabilities,margin,7,equal_total_5x512_minus_1x2560,5,512,1,2560,-0.027924999999999978
MNIST_QNN_eff_su2_r1_d6_s43,noisy_shot,mean_api_probabilities,margin,7,equal_total_20x128_minus_1x2560,20,128,1,2560,-0.009849999999999914
MNIST_QNN_eff_su2_r1_d6_s43,noisy_shot,mean_api_probabilities,margin,8,single_shot_512_minus_128,1,512,1,128,0.02667500000000006
MNIST_QNN_eff_su2_r1_d6_s43,noisy_shot,mean_api_probabilities,margin,8,single_shot_2560_minus_128,1,2560,1,128,0.06774999999999992
MNIST_QNN_eff_su2_r1_d6_s43,noisy_shot,mean_api_probabilities,margin,8,repeat_5x128_minus_1x128,5,128,1,128,0.05009999999999998
MNIST_QNN_eff_su2_r1_d6_s43,noisy_shot,mean_api_probabilities,margin,8,repeat_20x128_minus_1x128,20,128,1,128,0.06327500000000003
MNIST_QNN_eff_su2_r1_d6_s43,noisy_shot,mean_api_probabilities,margin,8,equal_total_5x512_minus_1x2560,5,512,1,2560,-0.0034999999999998366
MNIST_QNN_eff_su2_r1_d6_s43,noisy_shot,mean_api_probabilities,margin,8,equal_total_20x128_minus_1x2560,20,128,1,2560,-0.004474999999999896
MNIST_QNN_eff_su2_r1_d6_s43,noisy_shot,mean_api_probabilities,margin,9,single_shot_512_minus_128,1,512,1,128,0.019874999999999976
MNIST_QNN_eff_su2_r1_d6_s43,noisy_shot,mean_api_probabilities,margin,9,single_shot_2560_minus_128,1,2560,1,128,0.023125000000000062
MNIST_QNN_eff_su2_r1_d6_s43,noisy_shot,mean_api_probabilities,margin,9,repeat_5x128_minus_1x128,5,128,1,128,0.013850000000000029
MNIST_QNN_eff_su2_r1_d6_s43,noisy_shot,mean_api_probabilities,margin,9,repeat_20x128_minus_1x128,20,128,1,128,0.02090000000000003
MNIST_QNN_eff_su2_r1_d6_s43,noisy_shot,mean_api_probabilities,margin,9,equal_total_5x512_minus_1x2560,5,512,1,2560,0.01044999999999996
MNIST_QNN_eff_su2_r1_d6_s43,noisy_shot,mean_api_probabilities,margin,9,equal_total_20x128_minus_1x2560,20,128,1,2560,-0.0022250000000000325
MNIST_QNN_eff_su2_r5_d6_s43,ideal_shot,mean_api_probabilities,confidence,0,single_shot_512_minus_128,1,512,1,128,-0.0030250000000000554
MNIST_QNN_eff_su2_r5_d6_s43,ideal_shot,mean_api_probabilities,confidence,0,single_shot_2560_minus_128,1,2560,1,128,-0.008674999999999988
MNIST_QNN_eff_su2_r5_d6_s43,ideal_shot,mean_api_probabilities,confidence,0,repeat_5x128_minus_1x128,5,128,1,128,-0.008825000000000083
MNIST_QNN_eff_su2_r5_d6_s43,ideal_shot,mean_api_probabilities,confidence,0,repeat_20x128_minus_1x128,20,128,1,128,0.005049999999999999
MNIST_QNN_eff_su2_r5_d6_s43,ideal_shot,mean_api_probabilities,confidence,0,equal_total_5x512_minus_1x2560,5,512,1,2560,-0.0041999999999999815
MNIST_QNN_eff_su2_r5_d6_s43,ideal_shot,mean_api_probabilities,confidence,0,equal_total_20x128_minus_1x2560,20,128,1,2560,0.013724999999999987
MNIST_QNN_eff_su2_r5_d6_s43,ideal_shot,mean_api_probabilities,confidence,1,single_shot_512_minus_128,1,512,1,128,0.014125000000000054
MNIST_QNN_eff_su2_r5_d6_s43,ideal_shot,mean_api_probabilities,confidence,1,single_shot_2560_minus_128,1,2560,1,128,0.006800000000000028
MNIST_QNN_eff_su2_r5_d6_s43,ideal_shot,mean_api_probabilities,confidence,1,repeat_5x128_minus_1x128,5,128,1,128,-0.003950000000000009
MNIST_QNN_eff_su2_r5_d6_s43,ideal_shot,mean_api_probabilities,confidence,1,repeat_20x128_minus_1x128,20,128,1,128,0.006125000000000047
MNIST_QNN_eff_su2_r5_d6_s43,ideal_shot,mean_api_probabilities,confidence,1,equal_total_5x512_minus_1x2560,5,512,1,2560,0.005224999999999924
MNIST_QNN_eff_su2_r5_d6_s43,ideal_shot,mean_api_probabilities,confidence,1,equal_total_20x128_minus_1x2560,20,128,1,2560,-0.0006749999999999812
MNIST_QNN_eff_su2_r5_d6_s43,ideal_shot,mean_api_probabilities,confidence,2,single_shot_512_minus_128,1,512,1,128,-0.008550000000000058
MNIST_QNN_eff_su2_r5_d6_s43,ideal_shot,mean_api_probabilities,confidence,2,single_shot_2560_minus_128,1,2560,1,128,-0.001674999999999982
MNIST_QNN_eff_su2_r5_d6_s43,ideal_shot,mean_api_probabilities,confidence,2,repeat_5x128_minus_1x128,5,128,1,128,0.00902499999999995
MNIST_QNN_eff_su2_r5_d6_s43,ideal_shot,mean_api_probabilities,confidence,2,repeat_20x128_minus_1x128,20,128,1,128,0.011099999999999888
MNIST_QNN_eff_su2_r5_d6_s43,ideal_shot,mean_api_probabilities,confidence,2,equal_total_5x512_minus_1x2560,5,512,1,2560,-0.0022250000000000325
MNIST_QNN_eff_su2_r5_d6_s43,ideal_shot,mean_api_probabilities,confidence,2,equal_total_20x128_minus_1x2560,20,128,1,2560,0.01277499999999987
MNIST_QNN_eff_su2_r5_d6_s43,ideal_shot,mean_api_probabilities,confidence,3,single_shot_512_minus_128,1,512,1,128,0.01782500000000009
MNIST_QNN_eff_su2_r5_d6_s43,ideal_shot,mean_api_probabilities,confidence,3,single_shot_2560_minus_128,1,2560,1,128,0.021750000000000047
MNIST_QNN_eff_su2_r5_d6_s43,ideal_shot,mean_api_probabilities,confidence,3,repeat_5x128_minus_1x128,5,128,1,128,0.012299999999999978
MNIST_QNN_eff_su2_r5_d6_s43,ideal_shot,mean_api_probabilities,confidence,3,repeat_20x128_minus_1x128,20,128,1,128,0.018349999999999977
MNIST_QNN_eff_su2_r5_d6_s43,ideal_shot,mean_api_probabilities,confidence,3,equal_total_5x512_minus_1x2560,5,512,1,2560,-0.008125000000000049
MNIST_QNN_eff_su2_r5_d6_s43,ideal_shot,mean_api_probabilities,confidence,3,equal_total_20x128_minus_1x2560,20,128,1,2560,-0.0034000000000000696
MNIST_QNN_eff_su2_r5_d6_s43,ideal_shot,mean_api_probabilities,confidence,4,single_shot_512_minus_128,1,512,1,128,-0.01364999999999994
MNIST_QNN_eff_su2_r5_d6_s43,ideal_shot,mean_api_probabilities,confidence,4,single_shot_2560_minus_128,1,2560,1,128,-0.006725000000000092
MNIST_QNN_eff_su2_r5_d6_s43,ideal_shot,mean_api_probabilities,confidence,4,repeat_5x128_minus_1x128,5,128,1,128,-0.00605
MNIST_QNN_eff_su2_r5_d6_s43,ideal_shot,mean_api_probabilities,confidence,4,repeat_20x128_minus_1x128,20,128,1,128,0.0017499999999999183
MNIST_QNN_eff_su2_r5_d6_s43,ideal_shot,mean_api_probabilities,confidence,4,equal_total_5x512_minus_1x2560,5,512,1,2560,-0.008249999999999869
MNIST_QNN_eff_su2_r5_d6_s43,ideal_shot,mean_api_probabilities,confidence,4,equal_total_20x128_minus_1x2560,20,128,1,2560,0.00847500000000001
MNIST_QNN_eff_su2_r5_d6_s43,ideal_shot,mean_api_probabilities,confidence,5,single_shot_512_minus_128,1,512,1,128,0.038349999999999995
MNIST_QNN_eff_su2_r5_d6_s43,ideal_shot,mean_api_probabilities,confidence,5,single_shot_2560_minus_128,1,2560,1,128,0.05307499999999998
MNIST_QNN_eff_su2_r5_d6_s43,ideal_shot,mean_api_probabilities,confidence,5,repeat_5x128_minus_1x128,5,128,1,128,0.029449999999999976
MNIST_QNN_eff_su2_r5_d6_s43,ideal_shot,mean_api_probabilities,confidence,5,repeat_20x128_minus_1x128,20,128,1,128,0.04149999999999998
MNIST_QNN_eff_su2_r5_d6_s43,ideal_shot,mean_api_probabilities,confidence,5,equal_total_5x512_minus_1x2560,5,512,1,2560,-0.003924999999999956
MNIST_QNN_eff_su2_r5_d6_s43,ideal_shot,mean_api_probabilities,confidence,5,equal_total_20x128_minus_1x2560,20,128,1,2560,-0.011575000000000002
MNIST_QNN_eff_su2_r5_d6_s43,ideal_shot,mean_api_probabilities,confidence,6,single_shot_512_minus_128,1,512,1,128,0.032275000000000054
MNIST_QNN_eff_su2_r5_d6_s43,ideal_shot,mean_api_probabilities,confidence,6,single_shot_2560_minus_128,1,2560,1,128,0.0348750000000001
MNIST_QNN_eff_su2_r5_d6_s43,ideal_shot,mean_api_probabilities,confidence,6,repeat_5x128_minus_1x128,5,128,1,128,0.024375000000000147
MNIST_QNN_eff_su2_r5_d6_s43,ideal_shot,mean_api_probabilities,confidence,6,repeat_20x128_minus_1x128,20,128,1,128,0.03874999999999995
MNIST_QNN_eff_su2_r5_d6_s43,ideal_shot,mean_api_probabilities,confidence,6,equal_total_5x512_minus_1x2560,5,512,1,2560,-0.005500000000000171
MNIST_QNN_eff_su2_r5_d6_s43,ideal_shot,mean_api_probabilities,confidence,6,equal_total_20x128_minus_1x2560,20,128,1,2560,0.003874999999999851
MNIST_QNN_eff_su2_r5_d6_s43,ideal_shot,mean_api_probabilities,confidence,7,single_shot_512_minus_128,1,512,1,128,0.00539999999999996
MNIST_QNN_eff_su2_r5_d6_s43,ideal_shot,mean_api_probabilities,confidence,7,single_shot_2560_minus_128,1,2560,1,128,0.01022500000000004
MNIST_QNN_eff_su2_r5_d6_s43,ideal_shot,mean_api_probabilities,confidence,7,repeat_5x128_minus_1x128,5,128,1,128,-0.0012499999999998623
MNIST_QNN_eff_su2_r5_d6_s43,ideal_shot,mean_api_probabilities,confidence,7,repeat_20x128_minus_1x128,20,128,1,128,-0.0044999999999999485
MNIST_QNN_eff_su2_r5_d6_s43,ideal_shot,mean_api_probabilities,confidence,7,equal_total_5x512_minus_1x2560,5,512,1,2560,0.005675000000000097
MNIST_QNN_eff_su2_r5_d6_s43,ideal_shot,mean_api_probabilities,confidence,7,equal_total_20x128_minus_1x2560,20,128,1,2560,-0.014724999999999988
MNIST_QNN_eff_su2_r5_d6_s43,ideal_shot,mean_api_probabilities,confidence,8,single_shot_512_minus_128,1,512,1,128,0.07259999999999989
MNIST_QNN_eff_su2_r5_d6_s43,ideal_shot,mean_api_probabilities,confidence,8,single_shot_2560_minus_128,1,2560,1,128,0.06689999999999996
MNIST_QNN_eff_su2_r5_d6_s43,ideal_shot,mean_api_probabilities,confidence,8,repeat_5x128_minus_1x128,5,128,1,128,0.03880000000000006
MNIST_QNN_eff_su2_r5_d6_s43,ideal_shot,mean_api_probabilities,confidence,8,repeat_20x128_minus_1x128,20,128,1,128,0.05840000000000001
MNIST_QNN_eff_su2_r5_d6_s43,ideal_shot,mean_api_probabilities,confidence,8,equal_total_5x512_minus_1x2560,5,512,1,2560,-0.007974999999999954
MNIST_QNN_eff_su2_r5_d6_s43,ideal_shot,mean_api_probabilities,confidence,8,equal_total_20x128_minus_1x2560,20,128,1,2560,-0.008499999999999952
MNIST_QNN_eff_su2_r5_d6_s43,ideal_shot,mean_api_probabilities,confidence,9,single_shot_512_minus_128,1,512,1,128,0.02465000000000006
MNIST_QNN_eff_su2_r5_d6_s43,ideal_shot,mean_api_probabilities,confidence,9,single_shot_2560_minus_128,1,2560,1,128,0.03825000000000012
MNIST_QNN_eff_su2_r5_d6_s43,ideal_shot,mean_api_probabilities,confidence,9,repeat_5x128_minus_1x128,5,128,1,128,0.02685000000000004
MNIST_QNN_eff_su2_r5_d6_s43,ideal_shot,mean_api_probabilities,confidence,9,repeat_20x128_minus_1x128,20,128,1,128,0.04310000000000003
MNIST_QNN_eff_su2_r5_d6_s43,ideal_shot,mean_api_probabilities,confidence,9,equal_total_5x512_minus_1x2560,5,512,1,2560,-0.0021500000000000963
MNIST_QNN_eff_su2_r5_d6_s43,ideal_shot,mean_api_probabilities,confidence,9,equal_total_20x128_minus_1x2560,20,128,1,2560,0.00484999999999991
MNIST_QNN_eff_su2_r5_d6_s43,ideal_shot,mean_api_probabilities,correctness,0,single_shot_512_minus_128,1,512,1,128,0.022500000000000075
MNIST_QNN_eff_su2_r5_d6_s43,ideal_shot,mean_api_probabilities,correctness,0,single_shot_2560_minus_128,1,2560,1,128,0.025000000000000022
MNIST_QNN_eff_su2_r5_d6_s43,ideal_shot,mean_api_probabilities,correctness,0,repeat_5x128_minus_1x128,5,128,1,128,0.0025000000000000577
MNIST_QNN_eff_su2_r5_d6_s43,ideal_shot,mean_api_probabilities,correctness,0,repeat_20x128_minus_1x128,20,128,1,128,0.022500000000000075
MNIST_QNN_eff_su2_r5_d6_s43,ideal_shot,mean_api_probabilities,correctness,0,equal_total_5x512_minus_1x2560,5,512,1,2560,-0.007499999999999951
MNIST_QNN_eff_su2_r5_d6_s43,ideal_shot,mean_api_probabilities,correctness,0,equal_total_20x128_minus_1x2560,20,128,1,2560,-0.0024999999999999467
MNIST_QNN_eff_su2_r5_d6_s43,ideal_shot,mean_api_probabilities,correctness,1,single_shot_512_minus_128,1,512,1,128,0.007499999999999951
MNIST_QNN_eff_su2_r5_d6_s43,ideal_shot,mean_api_probabilities,correctness,1,single_shot_2560_minus_128,1,2560,1,128,0.007499999999999951
MNIST_QNN_eff_su2_r5_d6_s43,ideal_shot,mean_api_probabilities,correctness,1,repeat_5x128_minus_1x128,5,128,1,128,0.0025000000000000577
MNIST_QNN_eff_su2_r5_d6_s43,ideal_shot,mean_api_probabilities,correctness,1,repeat_20x128_minus_1x128,20,128,1,128,0.020000000000000018
MNIST_QNN_eff_su2_r5_d6_s43,ideal_shot,mean_api_probabilities,correctness,1,equal_total_5x512_minus_1x2560,5,512,1,2560,0.0050000000000000044
MNIST_QNN_eff_su2_r5_d6_s43,ideal_shot,mean_api_probabilities,correctness,1,equal_total_20x128_minus_1x2560,20,128,1,2560,0.012500000000000067
MNIST_QNN_eff_su2_r5_d6_s43,ideal_shot,mean_api_probabilities,correctness,2,single_shot_512_minus_128,1,512,1,128,0.007499999999999951
MNIST_QNN_eff_su2_r5_d6_s43,ideal_shot,mean_api_probabilities,correctness,2,single_shot_2560_minus_128,1,2560,1,128,0.02499999999999991
MNIST_QNN_eff_su2_r5_d6_s43,ideal_shot,mean_api_probabilities,correctness,2,repeat_5x128_minus_1x128,5,128,1,128,0.01749999999999996
MNIST_QNN_eff_su2_r5_d6_s43,ideal_shot,mean_api_probabilities,correctness,2,repeat_20x128_minus_1x128,20,128,1,128,0.022499999999999853
MNIST_QNN_eff_su2_r5_d6_s43,ideal_shot,mean_api_probabilities,correctness,2,equal_total_5x512_minus_1x2560,5,512,1,2560,-0.007500000000000062
MNIST_QNN_eff_su2_r5_d6_s43,ideal_shot,mean_api_probabilities,correctness,2,equal_total_20x128_minus_1x2560,20,128,1,2560,-0.0025000000000000577
MNIST_QNN_eff_su2_r5_d6_s43,ideal_shot,mean_api_probabilities,correctness,3,single_shot_512_minus_128,1,512,1,128,0.012499999999999956
MNIST_QNN_eff_su2_r5_d6_s43,ideal_shot,mean_api_probabilities,correctness,3,single_shot_2560_minus_128,1,2560,1,128,0.01749999999999996
MNIST_QNN_eff_su2_r5_d6_s43,ideal_shot,mean_api_probabilities,correctness,3,repeat_5x128_minus_1x128,5,128,1,128,0.007499999999999951
MNIST_QNN_eff_su2_r5_d6_s43,ideal_shot,mean_api_probabilities,correctness,3,repeat_20x128_minus_1x128,20,128,1,128,0.004999999999999893
MNIST_QNN_eff_su2_r5_d6_s43,ideal_shot,mean_api_probabilities,correctness,3,equal_total_5x512_minus_1x2560,5,512,1,2560,-0.0025000000000000577
MNIST_QNN_eff_su2_r5_d6_s43,ideal_shot,mean_api_probabilities,correctness,3,equal_total_20x128_minus_1x2560,20,128,1,2560,-0.012500000000000067
MNIST_QNN_eff_su2_r5_d6_s43,ideal_shot,mean_api_probabilities,correctness,4,single_shot_512_minus_128,1,512,1,128,0.03500000000000003
MNIST_QNN_eff_su2_r5_d6_s43,ideal_shot,mean_api_probabilities,correctness,4,single_shot_2560_minus_128,1,2560,1,128,0.05249999999999999
MNIST_QNN_eff_su2_r5_d6_s43,ideal_shot,mean_api_probabilities,correctness,4,repeat_5x128_minus_1x128,5,128,1,128,0.01750000000000007
MNIST_QNN_eff_su2_r5_d6_s43,ideal_shot,mean_api_probabilities,correctness,4,repeat_20x128_minus_1x128,20,128,1,128,0.030000000000000027
MNIST_QNN_eff_su2_r5_d6_s43,ideal_shot,mean_api_probabilities,correctness,4,equal_total_5x512_minus_1x2560,5,512,1,2560,-0.015000000000000013
MNIST_QNN_eff_su2_r5_d6_s43,ideal_shot,mean_api_probabilities,correctness,4,equal_total_20x128_minus_1x2560,20,128,1,2560,-0.022499999999999964
MNIST_QNN_eff_su2_r5_d6_s43,ideal_shot,mean_api_probabilities,correctness,5,single_shot_512_minus_128,1,512,1,128,0.05249999999999999
MNIST_QNN_eff_su2_r5_d6_s43,ideal_shot,mean_api_probabilities,correctness,5,single_shot_2560_minus_128,1,2560,1,128,0.04249999999999998
MNIST_QNN_eff_su2_r5_d6_s43,ideal_shot,mean_api_probabilities,correctness,5,repeat_5x128_minus_1x128,5,128,1,128,0.022500000000000075
MNIST_QNN_eff_su2_r5_d6_s43,ideal_shot,mean_api_probabilities,correctness,5,repeat_20x128_minus_1x128,20,128,1,128,0.04249999999999998
MNIST_QNN_eff_su2_r5_d6_s43,ideal_shot,mean_api_probabilities,correctness,5,equal_total_5x512_minus_1x2560,5,512,1,2560,-0.0050000000000000044
MNIST_QNN_eff_su2_r5_d6_s43,ideal_shot,mean_api_probabilities,correctness,5,equal_total_20x128_minus_1x2560,20,128,1,2560,0.0
MNIST_QNN_eff_su2_r5_d6_s43,ideal_shot,mean_api_probabilities,correctness,6,single_shot_512_minus_128,1,512,1,128,0.04499999999999993
MNIST_QNN_eff_su2_r5_d6_s43,ideal_shot,mean_api_probabilities,correctness,6,single_shot_2560_minus_128,1,2560,1,128,0.04499999999999993
MNIST_QNN_eff_su2_r5_d6_s43,ideal_shot,mean_api_probabilities,correctness,6,repeat_5x128_minus_1x128,5,128,1,128,0.04249999999999998
MNIST_QNN_eff_su2_r5_d6_s43,ideal_shot,mean_api_probabilities,correctness,6,repeat_20x128_minus_1x128,20,128,1,128,0.04749999999999999
MNIST_QNN_eff_su2_r5_d6_s43,ideal_shot,mean_api_probabilities,correctness,6,equal_total_5x512_minus_1x2560,5,512,1,2560,0.0050000000000000044
MNIST_QNN_eff_su2_r5_d6_s43,ideal_shot,mean_api_probabilities,correctness,6,equal_total_20x128_minus_1x2560,20,128,1,2560,0.0025000000000000577
MNIST_QNN_eff_su2_r5_d6_s43,ideal_shot,mean_api_probabilities,correctness,7,single_shot_512_minus_128,1,512,1,128,0.015000000000000013
MNIST_QNN_eff_su2_r5_d6_s43,ideal_shot,mean_api_probabilities,correctness,7,single_shot_2560_minus_128,1,2560,1,128,0.014999999999999902
MNIST_QNN_eff_su2_r5_d6_s43,ideal_shot,mean_api_probabilities,correctness,7,repeat_5x128_minus_1x128,5,128,1,128,0.010000000000000009
MNIST_QNN_eff_su2_r5_d6_s43,ideal_shot,mean_api_probabilities,correctness,7,repeat_20x128_minus_1x128,20,128,1,128,0.03499999999999992
MNIST_QNN_eff_su2_r5_d6_s43,ideal_shot,mean_api_probabilities,correctness,7,equal_total_5x512_minus_1x2560,5,512,1,2560,0.015000000000000124
MNIST_QNN_eff_su2_r5_d6_s43,ideal_shot,mean_api_probabilities,correctness,7,equal_total_20x128_minus_1x2560,20,128,1,2560,0.020000000000000018
MNIST_QNN_eff_su2_r5_d6_s43,ideal_shot,mean_api_probabilities,correctness,8,single_shot_512_minus_128,1,512,1,128,0.02499999999999991
MNIST_QNN_eff_su2_r5_d6_s43,ideal_shot,mean_api_probabilities,correctness,8,single_shot_2560_minus_128,1,2560,1,128,0.03749999999999998
MNIST_QNN_eff_su2_r5_d6_s43,ideal_shot,mean_api_probabilities,correctness,8,repeat_5x128_minus_1x128,5,128,1,128,0.022499999999999964
MNIST_QNN_eff_su2_r5_d6_s43,ideal_shot,mean_api_probabilities,correctness,8,repeat_20x128_minus_1x128,20,128,1,128,0.022499999999999964
MNIST_QNN_eff_su2_r5_d6_s43,ideal_shot,mean_api_probabilities,correctness,8,equal_total_5x512_minus_1x2560,5,512,1,2560,0.0025000000000000577
MNIST_QNN_eff_su2_r5_d6_s43,ideal_shot,mean_api_probabilities,correctness,8,equal_total_20x128_minus_1x2560,20,128,1,2560,-0.015000000000000013
MNIST_QNN_eff_su2_r5_d6_s43,ideal_shot,mean_api_probabilities,correctness,9,single_shot_512_minus_128,1,512,1,128,0.007500000000000062
MNIST_QNN_eff_su2_r5_d6_s43,ideal_shot,mean_api_probabilities,correctness,9,single_shot_2560_minus_128,1,2560,1,128,0.03499999999999992
MNIST_QNN_eff_su2_r5_d6_s43,ideal_shot,mean_api_probabilities,correctness,9,repeat_5x128_minus_1x128,5,128,1,128,0.03499999999999992
MNIST_QNN_eff_su2_r5_d6_s43,ideal_shot,mean_api_probabilities,correctness,9,repeat_20x128_minus_1x128,20,128,1,128,0.02749999999999997
MNIST_QNN_eff_su2_r5_d6_s43,ideal_shot,mean_api_probabilities,correctness,9,equal_total_5x512_minus_1x2560,5,512,1,2560,0.0
MNIST_QNN_eff_su2_r5_d6_s43,ideal_shot,mean_api_probabilities,correctness,9,equal_total_20x128_minus_1x2560,20,128,1,2560,-0.007499999999999951
MNIST_QNN_eff_su2_r5_d6_s43,ideal_shot,mean_api_probabilities,entropy,0,single_shot_512_minus_128,1,512,1,128,-0.0012499999999999734
MNIST_QNN_eff_su2_r5_d6_s43,ideal_shot,mean_api_probabilities,entropy,0,single_shot_2560_minus_128,1,2560,1,128,-0.0068749999999999645
MNIST_QNN_eff_su2_r5_d6_s43,ideal_shot,mean_api_probabilities,entropy,0,repeat_5x128_minus_1x128,5,128,1,128,-0.010924999999999963
MNIST_QNN_eff_su2_r5_d6_s43,ideal_shot,mean_api_probabilities,entropy,0,repeat_20x128_minus_1x128,20,128,1,128,0.0007499999999999174
MNIST_QNN_eff_su2_r5_d6_s43,ideal_shot,mean_api_probabilities,entropy,0,equal_total_5x512_minus_1x2560,5,512,1,2560,-0.005650000000000044
MNIST_QNN_eff_su2_r5_d6_s43,ideal_shot,mean_api_probabilities,entropy,0,equal_total_20x128_minus_1x2560,20,128,1,2560,0.007624999999999882
MNIST_QNN_eff_su2_r5_d6_s43,ideal_shot,mean_api_probabilities,entropy,1,single_shot_512_minus_128,1,512,1,128,0.016424999999999912
MNIST_QNN_eff_su2_r5_d6_s43,ideal_shot,mean_api_probabilities,entropy,1,single_shot_2560_minus_128,1,2560,1,128,0.011649999999999938
MNIST_QNN_eff_su2_r5_d6_s43,ideal_shot,mean_api_probabilities,entropy,1,repeat_5x128_minus_1x128,5,128,1,128,-0.006750000000000034
MNIST_QNN_eff_su2_r5_d6_s43,ideal_shot,mean_api_probabilities,entropy,1,repeat_20x128_minus_1x128,20,128,1,128,0.005799999999999916
MNIST_QNN_eff_su2_r5_d6_s43,ideal_shot,mean_api_probabilities,entropy,1,equal_total_5x512_minus_1x2560,5,512,1,2560,0.006075000000000053
MNIST_QNN_eff_su2_r5_d6_s43,ideal_shot,mean_api_probabilities,entropy,1,equal_total_20x128_minus_1x2560,20,128,1,2560,-0.005850000000000022
MNIST_QNN_eff_su2_r5_d6_s43,ideal_shot,mean_api_probabilities,entropy,2,single_shot_512_minus_128,1,512,1,128,-0.010400000000000076
MNIST_QNN_eff_su2_r5_d6_s43,ideal_shot,mean_api_probabilities,entropy,2,single_shot_2560_minus_128,1,2560,1,128,-0.007500000000000062
MNIST_QNN_eff_su2_r5_d6_s43,ideal_shot,mean_api_probabilities,entropy,2,repeat_5x128_minus_1x128,5,128,1,128,0.0042999999999998595
MNIST_QNN_eff_su2_r5_d6_s43,ideal_shot,mean_api_probabilities,entropy,2,repeat_20x128_minus_1x128,20,128,1,128,0.00539999999999996
MNIST_QNN_eff_su2_r5_d6_s43,ideal_shot,mean_api_probabilities,entropy,2,equal_total_5x512_minus_1x2560,5,512,1,2560,-0.0023999999999999577
MNIST_QNN_eff_su2_r5_d6_s43,ideal_shot,mean_api_probabilities,entropy,2,equal_total_20x128_minus_1x2560,20,128,1,2560,0.012900000000000023
MNIST_QNN_eff_su2_r5_d6_s43,ideal_shot,mean_api_probabilities,entropy,3,single_shot_512_minus_128,1,512,1,128,0.016900000000000137
MNIST_QNN_eff_su2_r5_d6_s43,ideal_shot,mean_api_probabilities,entropy,3,single_shot_2560_minus_128,1,2560,1,128,0.018550000000000177
MNIST_QNN_eff_su2_r5_d6_s43,ideal_shot,mean_api_probabilities,entropy,3,repeat_5x128_minus_1x128,5,128,1,128,0.010975000000000179
MNIST_QNN_eff_su2_r5_d6_s43,ideal_shot,mean_api_probabilities,entropy,3,repeat_20x128_minus_1x128,20,128,1,128,0.015325000000000144
MNIST_QNN_eff_su2_r5_d6_s43,ideal_shot,mean_api_probabilities,entropy,3,equal_total_5x512_minus_1x2560,5,512,1,2560,-0.008625000000000105
MNIST_QNN_eff_su2_r5_d6_s43,ideal_shot,mean_api_probabilities,entropy,3,equal_total_20x128_minus_1x2560,20,128,1,2560,-0.0032250000000000334
MNIST_QNN_eff_su2_r5_d6_s43,ideal_shot,mean_api_probabilities,entropy,4,single_shot_512_minus_128,1,512,1,128,-0.010000000000000009
MNIST_QNN_eff_su2_r5_d6_s43,ideal_shot,mean_api_probabilities,entropy,4,single_shot_2560_minus_128,1,2560,1,128,-0.005499999999999949
MNIST_QNN_eff_su2_r5_d6_s43,ideal_shot,mean_api_probabilities,entropy,4,repeat_5x128_minus_1x128,5,128,1,128,-0.011149999999999993
MNIST_QNN_eff_su2_r5_d6_s43,ideal_shot,mean_api_probabilities,entropy,4,repeat_20x128_minus_1x128,20,128,1,128,-0.0011999999999998678
MNIST_QNN_eff_su2_r5_d6_s43,ideal_shot,mean_api_probabilities,entropy,4,equal_total_5x512_minus_1x2560,5,512,1,2560,-0.009175000000000044
MNIST_QNN_eff_su2_r5_d6_s43,ideal_shot,mean_api_probabilities,entropy,4,equal_total_20x128_minus_1x2560,20,128,1,2560,0.0043000000000000815
MNIST_QNN_eff_su2_r5_d6_s43,ideal_shot,mean_api_probabilities,entropy,5,single_shot_512_minus_128,1,512,1,128,0.037475000000000036
MNIST_QNN_eff_su2_r5_d6_s43,ideal_shot,mean_api_probabilities,entropy,5,single_shot_2560_minus_128,1,2560,1,128,0.051550000000000096
MNIST_QNN_eff_su2_r5_d6_s43,ideal_shot,mean_api_probabilities,entropy,5,repeat_5x128_minus_1x128,5,128,1,128,0.025225000000000053
MNIST_QNN_eff_su2_r5_d6_s43,ideal_shot,mean_api_probabilities,entropy,5,repeat_20x128_minus_1x128,20,128,1,128,0.035900000000000154
MNIST_QNN_eff_su2_r5_d6_s43,ideal_shot,mean_api_probabilities,entropy,5,equal_total_5x512_minus_1x2560,5,512,1,2560,-0.004349999999999965
MNIST_QNN_eff_su2_r5_d6_s43,ideal_shot,mean_api_probabilities,entropy,5,equal_total_20x128_minus_1x2560,20,128,1,2560,-0.015649999999999942
MNIST_QNN_eff_su2_r5_d6_s43,ideal_shot,mean_api_probabilities,entropy,6,single_shot_512_minus_128,1,512,1,128,0.029575000000000018
MNIST_QNN_eff_su2_r5_d6_s43,ideal_shot,mean_api_probabilities,entropy,6,single_shot_2560_minus_128,1,2560,1,128,0.032625000000000015
MNIST_QNN_eff_su2_r5_d6_s43,ideal_shot,mean_api_probabilities,entropy,6,repeat_5x128_minus_1x128,5,128,1,128,0.022800000000000042
MNIST_QNN_eff_su2_r5_d6_s43,ideal_shot,mean_api_probabilities,entropy,6,repeat_20x128_minus_1x128,20,128,1,128,0.03157500000000002
MNIST_QNN_eff_su2_r5_d6_s43,ideal_shot,mean_api_probabilities,entropy,6,equal_total_5x512_minus_1x2560,5,512,1,2560,-0.005325000000000024
MNIST_QNN_eff_su2_r5_d6_s43,ideal_shot,mean_api_probabilities,entropy,6,equal_total_20x128_minus_1x2560,20,128,1,2560,-0.0010499999999999954
MNIST_QNN_eff_su2_r5_d6_s43,ideal_shot,mean_api_probabilities,entropy,7,single_shot_512_minus_128,1,512,1,128,-0.0018249999999999655
MNIST_QNN_eff_su2_r5_d6_s43,ideal_shot,mean_api_probabilities,entropy,7,single_shot_2560_minus_128,1,2560,1,128,0.003675000000000095
MNIST_QNN_eff_su2_r5_d6_s43,ideal_shot,mean_api_probabilities,entropy,7,repeat_5x128_minus_1x128,5,128,1,128,-0.005099999999999993
MNIST_QNN_eff_su2_r5_d6_s43,ideal_shot,mean_api_probabilities,entropy,7,repeat_20x128_minus_1x128,20,128,1,128,-0.01770000000000005
MNIST_QNN_eff_su2_r5_d6_s43,ideal_shot,mean_api_probabilities,entropy,7,equal_total_5x512_minus_1x2560,5,512,1,2560,0.003574999999999995
MNIST_QNN_eff_su2_r5_d6_s43,ideal_shot,mean_api_probabilities,entropy,7,equal_total_20x128_minus_1x2560,20,128,1,2560,-0.021375000000000144
MNIST_QNN_eff_su2_r5_d6_s43,ideal_shot,mean_api_probabilities,entropy,8,single_shot_512_minus_128,1,512,1,128,0.072025
MNIST_QNN_eff_su2_r5_d6_s43,ideal_shot,mean_api_probabilities,entropy,8,single_shot_2560_minus_128,1,2560,1,128,0.06935000000000002
MNIST_QNN_eff_su2_r5_d6_s43,ideal_shot,mean_api_probabilities,entropy,8,repeat_5x128_minus_1x128,5,128,1,128,0.03765000000000007
MNIST_QNN_eff_su2_r5_d6_s43,ideal_shot,mean_api_probabilities,entropy,8,repeat_20x128_minus_1x128,20,128,1,128,0.05435000000000001
MNIST_QNN_eff_su2_r5_d6_s43,ideal_shot,mean_api_probabilities,entropy,8,equal_total_5x512_minus_1x2560,5,512,1,2560,-0.00892499999999996
MNIST_QNN_eff_su2_r5_d6_s43,ideal_shot,mean_api_probabilities,entropy,8,equal_total_20x128_minus_1x2560,20,128,1,2560,-0.015000000000000013
MNIST_QNN_eff_su2_r5_d6_s43,ideal_shot,mean_api_probabilities,entropy,9,single_shot_512_minus_128,1,512,1,128,0.027975000000000083
MNIST_QNN_eff_su2_r5_d6_s43,ideal_shot,mean_api_probabilities,entropy,9,single_shot_2560_minus_128,1,2560,1,128,0.038000000000000034
MNIST_QNN_eff_su2_r5_d6_s43,ideal_shot,mean_api_probabilities,entropy,9,repeat_5x128_minus_1x128,5,128,1,128,0.017625000000000113
MNIST_QNN_eff_su2_r5_d6_s43,ideal_shot,mean_api_probabilities,entropy,9,repeat_20x128_minus_1x128,20,128,1,128,0.03675000000000006
MNIST_QNN_eff_su2_r5_d6_s43,ideal_shot,mean_api_probabilities,entropy,9,equal_total_5x512_minus_1x2560,5,512,1,2560,-0.008324999999999916
MNIST_QNN_eff_su2_r5_d6_s43,ideal_shot,mean_api_probabilities,entropy,9,equal_total_20x128_minus_1x2560,20,128,1,2560,-0.0012499999999999734
MNIST_QNN_eff_su2_r5_d6_s43,ideal_shot,mean_api_probabilities,learned_mlp_pv,0,single_shot_512_minus_128,1,512,1,128,0.017350000000000032
MNIST_QNN_eff_su2_r5_d6_s43,ideal_shot,mean_api_probabilities,learned_mlp_pv,0,single_shot_2560_minus_128,1,2560,1,128,0.08410000000000001
MNIST_QNN_eff_su2_r5_d6_s43,ideal_shot,mean_api_probabilities,learned_mlp_pv,0,repeat_5x128_minus_1x128,5,128,1,128,0.05592500000000006
MNIST_QNN_eff_su2_r5_d6_s43,ideal_shot,mean_api_probabilities,learned_mlp_pv,0,repeat_20x128_minus_1x128,20,128,1,128,0.07237500000000002
MNIST_QNN_eff_su2_r5_d6_s43,ideal_shot,mean_api_probabilities,learned_mlp_pv,0,equal_total_5x512_minus_1x2560,5,512,1,2560,-0.04294999999999993
MNIST_QNN_eff_su2_r5_d6_s43,ideal_shot,mean_api_probabilities,learned_mlp_pv,0,equal_total_20x128_minus_1x2560,20,128,1,2560,-0.011724999999999985
MNIST_QNN_eff_su2_r5_d6_s43,ideal_shot,mean_api_probabilities,learned_mlp_pv,1,single_shot_512_minus_128,1,512,1,128,-0.03544999999999998
MNIST_QNN_eff_su2_r5_d6_s43,ideal_shot,mean_api_probabilities,learned_mlp_pv,1,single_shot_2560_minus_128,1,2560,1,128,-0.026150000000000118
MNIST_QNN_eff_su2_r5_d6_s43,ideal_shot,mean_api_probabilities,learned_mlp_pv,1,repeat_5x128_minus_1x128,5,128,1,128,-0.03465000000000007
MNIST_QNN_eff_su2_r5_d6_s43,ideal_shot,mean_api_probabilities,learned_mlp_pv,1,repeat_20x128_minus_1x128,20,128,1,128,-0.06690000000000013
MNIST_QNN_eff_su2_r5_d6_s43,ideal_shot,mean_api_probabilities,learned_mlp_pv,1,equal_total_5x512_minus_1x2560,5,512,1,2560,0.007100000000000106
MNIST_QNN_eff_su2_r5_d6_s43,ideal_shot,mean_api_probabilities,learned_mlp_pv,1,equal_total_20x128_minus_1x2560,20,128,1,2560,-0.04075000000000001
MNIST_QNN_eff_su2_r5_d6_s43,ideal_shot,mean_api_probabilities,learned_mlp_pv,2,single_shot_512_minus_128,1,512,1,128,-0.006599999999999995
MNIST_QNN_eff_su2_r5_d6_s43,ideal_shot,mean_api_probabilities,learned_mlp_pv,2,single_shot_2560_minus_128,1,2560,1,128,0.026725000000000054
MNIST_QNN_eff_su2_r5_d6_s43,ideal_shot,mean_api_probabilities,learned_mlp_pv,2,repeat_5x128_minus_1x128,5,128,1,128,0.039400000000000046
MNIST_QNN_eff_su2_r5_d6_s43,ideal_shot,mean_api_probabilities,learned_mlp_pv,2,repeat_20x128_minus_1x128,20,128,1,128,0.05377500000000007
MNIST_QNN_eff_su2_r5_d6_s43,ideal_shot,mean_api_probabilities,learned_mlp_pv,2,equal_total_5x512_minus_1x2560,5,512,1,2560,-0.0018500000000000183
MNIST_QNN_eff_su2_r5_d6_s43,ideal_shot,mean_api_probabilities,learned_mlp_pv,2,equal_total_20x128_minus_1x2560,20,128,1,2560,0.02705000000000002
MNIST_QNN_eff_su2_r5_d6_s43,ideal_shot,mean_api_probabilities,learned_mlp_pv,3,single_shot_512_minus_128,1,512,1,128,-0.005699999999999927
MNIST_QNN_eff_su2_r5_d6_s43,ideal_shot,mean_api_probabilities,learned_mlp_pv,3,single_shot_2560_minus_128,1,2560,1,128,-0.01287499999999997
MNIST_QNN_eff_su2_r5_d6_s43,ideal_shot,mean_api_probabilities,learned_mlp_pv,3,repeat_5x128_minus_1x128,5,128,1,128,0.013000000000000012
MNIST_QNN_eff_su2_r5_d6_s43,ideal_shot,mean_api_probabilities,learned_mlp_pv,3,repeat_20x128_minus_1x128,20,128,1,128,0.032775
MNIST_QNN_eff_su2_r5_d6_s43,ideal_shot,mean_api_probabilities,learned_mlp_pv,3,equal_total_5x512_minus_1x2560,5,512,1,2560,0.010199999999999987
MNIST_QNN_eff_su2_r5_d6_s43,ideal_shot,mean_api_probabilities,learned_mlp_pv,3,equal_total_20x128_minus_1x2560,20,128,1,2560,0.04564999999999997
MNIST_QNN_eff_su2_r5_d6_s43,ideal_shot,mean_api_probabilities,learned_mlp_pv,4,single_shot_512_minus_128,1,512,1,128,-0.00824999999999998
MNIST_QNN_eff_su2_r5_d6_s43,ideal_shot,mean_api_probabilities,learned_mlp_pv,4,single_shot_2560_minus_128,1,2560,1,128,0.01497499999999996
MNIST_QNN_eff_su2_r5_d6_s43,ideal_shot,mean_api_probabilities,learned_mlp_pv,4,repeat_5x128_minus_1x128,5,128,1,128,0.05559999999999998
MNIST_QNN_eff_su2_r5_d6_s43,ideal_shot,mean_api_probabilities,learned_mlp_pv,4,repeat_20x128_minus_1x128,20,128,1,128,0.01232499999999992
MNIST_QNN_eff_su2_r5_d6_s43,ideal_shot,mean_api_probabilities,learned_mlp_pv,4,equal_total_5x512_minus_1x2560,5,512,1,2560,0.03347500000000003
MNIST_QNN_eff_su2_r5_d6_s43,ideal_shot,mean_api_probabilities,learned_mlp_pv,4,equal_total_20x128_minus_1x2560,20,128,1,2560,-0.002650000000000041
MNIST_QNN_eff_su2_r5_d6_s43,ideal_shot,mean_api_probabilities,learned_mlp_pv,5,single_shot_512_minus_128,1,512,1,128,0.02164999999999989
MNIST_QNN_eff_su2_r5_d6_s43,ideal_shot,mean_api_probabilities,learned_mlp_pv,5,single_shot_2560_minus_128,1,2560,1,128,0.030274999999999885
MNIST_QNN_eff_su2_r5_d6_s43,ideal_shot,mean_api_probabilities,learned_mlp_pv,5,repeat_5x128_minus_1x128,5,128,1,128,0.023649999999999893
MNIST_QNN_eff_su2_r5_d6_s43,ideal_shot,mean_api_probabilities,learned_mlp_pv,5,repeat_20x128_minus_1x128,20,128,1,128,0.05714999999999987
MNIST_QNN_eff_su2_r5_d6_s43,ideal_shot,mean_api_probabilities,learned_mlp_pv,5,equal_total_5x512_minus_1x2560,5,512,1,2560,0.02607500000000007
MNIST_QNN_eff_su2_r5_d6_s43,ideal_shot,mean_api_probabilities,learned_mlp_pv,5,equal_total_20x128_minus_1x2560,20,128,1,2560,0.026874999999999982
MNIST_QNN_eff_su2_r5_d6_s43,ideal_shot,mean_api_probabilities,learned_mlp_pv,6,single_shot_512_minus_128,1,512,1,128,0.029799999999999938
MNIST_QNN_eff_su2_r5_d6_s43,ideal_shot,mean_api_probabilities,learned_mlp_pv,6,single_shot_2560_minus_128,1,2560,1,128,0.028675000000000117
MNIST_QNN_eff_su2_r5_d6_s43,ideal_shot,mean_api_probabilities,learned_mlp_pv,6,repeat_5x128_minus_1x128,5,128,1,128,0.012124999999999941
MNIST_QNN_eff_su2_r5_d6_s43,ideal_shot,mean_api_probabilities,learned_mlp_pv,6,repeat_20x128_minus_1x128,20,128,1,128,0.06657500000000005
MNIST_QNN_eff_su2_r5_d6_s43,ideal_shot,mean_api_probabilities,learned_mlp_pv,6,equal_total_5x512_minus_1x2560,5,512,1,2560,-0.020500000000000185
MNIST_QNN_eff_su2_r5_d6_s43,ideal_shot,mean_api_probabilities,learned_mlp_pv,6,equal_total_20x128_minus_1x2560,20,128,1,2560,0.037899999999999934
MNIST_QNN_eff_su2_r5_d6_s43,ideal_shot,mean_api_probabilities,learned_mlp_pv,7,single_shot_512_minus_128,1,512,1,128,0.01772499999999988
MNIST_QNN_eff_su2_r5_d6_s43,ideal_shot,mean_api_probabilities,learned_mlp_pv,7,single_shot_2560_minus_128,1,2560,1,128,0.011724999999999874
MNIST_QNN_eff_su2_r5_d6_s43,ideal_shot,mean_api_probabilities,learned_mlp_pv,7,repeat_5x128_minus_1x128,5,128,1,128,-0.04162500000000008
MNIST_QNN_eff_su2_r5_d6_s43,ideal_shot,mean_api_probabilities,learned_mlp_pv,7,repeat_20x128_minus_1x128,20,128,1,128,0.0019499999999998963
MNIST_QNN_eff_su2_r5_d6_s43,ideal_shot,mean_api_probabilities,learned_mlp_pv,7,equal_total_5x512_minus_1x2560,5,512,1,2560,-0.01682499999999998
MNIST_QNN_eff_su2_r5_d6_s43,ideal_shot,mean_api_probabilities,learned_mlp_pv,7,equal_total_20x128_minus_1x2560,20,128,1,2560,-0.009774999999999978
MNIST_QNN_eff_su2_r5_d6_s43,ideal_shot,mean_api_probabilities,learned_mlp_pv,8,single_shot_512_minus_128,1,512,1,128,0.022175000000000056
MNIST_QNN_eff_su2_r5_d6_s43,ideal_shot,mean_api_probabilities,learned_mlp_pv,8,single_shot_2560_minus_128,1,2560,1,128,0.044299999999999895
MNIST_QNN_eff_su2_r5_d6_s43,ideal_shot,mean_api_probabilities,learned_mlp_pv,8,repeat_5x128_minus_1x128,5,128,1,128,-0.031175000000000064
MNIST_QNN_eff_su2_r5_d6_s43,ideal_shot,mean_api_probabilities,learned_mlp_pv,8,repeat_20x128_minus_1x128,20,128,1,128,0.025150000000000006
MNIST_QNN_eff_su2_r5_d6_s43,ideal_shot,mean_api_probabilities,learned_mlp_pv,8,equal_total_5x512_minus_1x2560,5,512,1,2560,0.0022500000000000853
MNIST_QNN_eff_su2_r5_d6_s43,ideal_shot,mean_api_probabilities,learned_mlp_pv,8,equal_total_20x128_minus_1x2560,20,128,1,2560,-0.01914999999999989
MNIST_QNN_eff_su2_r5_d6_s43,ideal_shot,mean_api_probabilities,learned_mlp_pv,9,single_shot_512_minus_128,1,512,1,128,0.051925000000000054
MNIST_QNN_eff_su2_r5_d6_s43,ideal_shot,mean_api_probabilities,learned_mlp_pv,9,single_shot_2560_minus_128,1,2560,1,128,0.05847500000000011
MNIST_QNN_eff_su2_r5_d6_s43,ideal_shot,mean_api_probabilities,learned_mlp_pv,9,repeat_5x128_minus_1x128,5,128,1,128,0.0027500000000001967
MNIST_QNN_eff_su2_r5_d6_s43,ideal_shot,mean_api_probabilities,learned_mlp_pv,9,repeat_20x128_minus_1x128,20,128,1,128,0.03600000000000009
MNIST_QNN_eff_su2_r5_d6_s43,ideal_shot,mean_api_probabilities,learned_mlp_pv,9,equal_total_5x512_minus_1x2560,5,512,1,2560,-0.041974999999999985
MNIST_QNN_eff_su2_r5_d6_s43,ideal_shot,mean_api_probabilities,learned_mlp_pv,9,equal_total_20x128_minus_1x2560,20,128,1,2560,-0.022475000000000023
MNIST_QNN_eff_su2_r5_d6_s43,ideal_shot,mean_api_probabilities,learned_mlp_pv_mean_std,0,single_shot_512_minus_128,1,512,1,128,0.028374999999999928
MNIST_QNN_eff_su2_r5_d6_s43,ideal_shot,mean_api_probabilities,learned_mlp_pv_mean_std,0,single_shot_2560_minus_128,1,2560,1,128,0.06589999999999996
MNIST_QNN_eff_su2_r5_d6_s43,ideal_shot,mean_api_probabilities,learned_mlp_pv_mean_std,0,repeat_5x128_minus_1x128,5,128,1,128,-0.018925000000000025
MNIST_QNN_eff_su2_r5_d6_s43,ideal_shot,mean_api_probabilities,learned_mlp_pv_mean_std,0,repeat_20x128_minus_1x128,20,128,1,128,0.06287500000000001
MNIST_QNN_eff_su2_r5_d6_s43,ideal_shot,mean_api_probabilities,learned_mlp_pv_mean_std,0,equal_total_5x512_minus_1x2560,5,512,1,2560,-0.10072499999999995
MNIST_QNN_eff_su2_r5_d6_s43,ideal_shot,mean_api_probabilities,learned_mlp_pv_mean_std,0,equal_total_20x128_minus_1x2560,20,128,1,2560,-0.0030249999999999444
MNIST_QNN_eff_su2_r5_d6_s43,ideal_shot,mean_api_probabilities,learned_mlp_pv_mean_std,1,single_shot_512_minus_128,1,512,1,128,-0.049024999999999985
MNIST_QNN_eff_su2_r5_d6_s43,ideal_shot,mean_api_probabilities,learned_mlp_pv_mean_std,1,single_shot_2560_minus_128,1,2560,1,128,-0.04250000000000009
MNIST_QNN_eff_su2_r5_d6_s43,ideal_shot,mean_api_probabilities,learned_mlp_pv_mean_std,1,repeat_5x128_minus_1x128,5,128,1,128,-0.020299999999999985
MNIST_QNN_eff_su2_r5_d6_s43,ideal_shot,mean_api_probabilities,learned_mlp_pv_mean_std,1,repeat_20x128_minus_1x128,20,128,1,128,-0.007325000000000026
MNIST_QNN_eff_su2_r5_d6_s43,ideal_shot,mean_api_probabilities,learned_mlp_pv_mean_std,1,equal_total_5x512_minus_1x2560,5,512,1,2560,0.021200000000000108
MNIST_QNN_eff_su2_r5_d6_s43,ideal_shot,mean_api_probabilities,learned_mlp_pv_mean_std,1,equal_total_20x128_minus_1x2560,20,128,1,2560,0.03517500000000007
MNIST_QNN_eff_su2_r5_d6_s43,ideal_shot,mean_api_probabilities,learned_mlp_pv_mean_std,2,single_shot_512_minus_128,1,512,1,128,0.059575000000000045
MNIST_QNN_eff_su2_r5_d6_s43,ideal_shot,mean_api_probabilities,learned_mlp_pv_mean_std,2,single_shot_2560_minus_128,1,2560,1,128,0.04772500000000002
MNIST_QNN_eff_su2_r5_d6_s43,ideal_shot,mean_api_probabilities,learned_mlp_pv_mean_std,2,repeat_5x128_minus_1x128,5,128,1,128,0.04255000000000009
MNIST_QNN_eff_su2_r5_d6_s43,ideal_shot,mean_api_probabilities,learned_mlp_pv_mean_std,2,repeat_20x128_minus_1x128,20,128,1,128,0.09072500000000006
MNIST_QNN_eff_su2_r5_d6_s43,ideal_shot,mean_api_probabilities,learned_mlp_pv_mean_std,2,equal_total_5x512_minus_1x2560,5,512,1,2560,0.0026250000000000995
MNIST_QNN_eff_su2_r5_d6_s43,ideal_shot,mean_api_probabilities,learned_mlp_pv_mean_std,2,equal_total_20x128_minus_1x2560,20,128,1,2560,0.04300000000000004
MNIST_QNN_eff_su2_r5_d6_s43,ideal_shot,mean_api_probabilities,learned_mlp_pv_mean_std,3,single_shot_512_minus_128,1,512,1,128,0.007350000000000023
MNIST_QNN_eff_su2_r5_d6_s43,ideal_shot,mean_api_probabilities,learned_mlp_pv_mean_std,3,single_shot_2560_minus_128,1,2560,1,128,0.004300000000000026
MNIST_QNN_eff_su2_r5_d6_s43,ideal_shot,mean_api_probabilities,learned_mlp_pv_mean_std,3,repeat_5x128_minus_1x128,5,128,1,128,0.012649999999999995
MNIST_QNN_eff_su2_r5_d6_s43,ideal_shot,mean_api_probabilities,learned_mlp_pv_mean_std,3,repeat_20x128_minus_1x128,20,128,1,128,0.012099999999999944
MNIST_QNN_eff_su2_r5_d6_s43,ideal_shot,mean_api_probabilities,learned_mlp_pv_mean_std,3,equal_total_5x512_minus_1x2560,5,512,1,2560,-0.012100000000000055
MNIST_QNN_eff_su2_r5_d6_s43,ideal_shot,mean_api_probabilities,learned_mlp_pv_mean_std,3,equal_total_20x128_minus_1x2560,20,128,1,2560,0.007799999999999918
MNIST_QNN_eff_su2_r5_d6_s43,ideal_shot,mean_api_probabilities,learned_mlp_pv_mean_std,4,single_shot_512_minus_128,1,512,1,128,-0.019374999999999976
MNIST_QNN_eff_su2_r5_d6_s43,ideal_shot,mean_api_probabilities,learned_mlp_pv_mean_std,4,single_shot_2560_minus_128,1,2560,1,128,-0.010975000000000068
MNIST_QNN_eff_su2_r5_d6_s43,ideal_shot,mean_api_probabilities,learned_mlp_pv_mean_std,4,repeat_5x128_minus_1x128,5,128,1,128,-0.020224999999999937
MNIST_QNN_eff_su2_r5_d6_s43,ideal_shot,mean_api_probabilities,learned_mlp_pv_mean_std,4,repeat_20x128_minus_1x128,20,128,1,128,0.038775000000000004
MNIST_QNN_eff_su2_r5_d6_s43,ideal_shot,mean_api_probabilities,learned_mlp_pv_mean_std,4,equal_total_5x512_minus_1x2560,5,512,1,2560,0.04665000000000008
MNIST_QNN_eff_su2_r5_d6_s43,ideal_shot,mean_api_probabilities,learned_mlp_pv_mean_std,4,equal_total_20x128_minus_1x2560,20,128,1,2560,0.04975000000000007
MNIST_QNN_eff_su2_r5_d6_s43,ideal_shot,mean_api_probabilities,learned_mlp_pv_mean_std,5,single_shot_512_minus_128,1,512,1,128,0.04315000000000013
MNIST_QNN_eff_su2_r5_d6_s43,ideal_shot,mean_api_probabilities,learned_mlp_pv_mean_std,5,single_shot_2560_minus_128,1,2560,1,128,0.055375000000000174
MNIST_QNN_eff_su2_r5_d6_s43,ideal_shot,mean_api_probabilities,learned_mlp_pv_mean_std,5,repeat_5x128_minus_1x128,5,128,1,128,0.003025
MNIST_QNN_eff_su2_r5_d6_s43,ideal_shot,mean_api_probabilities,learned_mlp_pv_mean_std,5,repeat_20x128_minus_1x128,20,128,1,128,0.0066500000000001
MNIST_QNN_eff_su2_r5_d6_s43,ideal_shot,mean_api_probabilities,learned_mlp_pv_mean_std,5,equal_total_5x512_minus_1x2560,5,512,1,2560,-0.003549999999999942
MNIST_QNN_eff_su2_r5_d6_s43,ideal_shot,mean_api_probabilities,learned_mlp_pv_mean_std,5,equal_total_20x128_minus_1x2560,20,128,1,2560,-0.048725000000000074
MNIST_QNN_eff_su2_r5_d6_s43,ideal_shot,mean_api_probabilities,learned_mlp_pv_mean_std,6,single_shot_512_minus_128,1,512,1,128,0.014249999999999985
MNIST_QNN_eff_su2_r5_d6_s43,ideal_shot,mean_api_probabilities,learned_mlp_pv_mean_std,6,single_shot_2560_minus_128,1,2560,1,128,0.002475000000000005
MNIST_QNN_eff_su2_r5_d6_s43,ideal_shot,mean_api_probabilities,learned_mlp_pv_mean_std,6,repeat_5x128_minus_1x128,5,128,1,128,-0.00545000000000001
MNIST_QNN_eff_su2_r5_d6_s43,ideal_shot,mean_api_probabilities,learned_mlp_pv_mean_std,6,repeat_20x128_minus_1x128,20,128,1,128,0.0596000000000001
MNIST_QNN_eff_su2_r5_d6_s43,ideal_shot,mean_api_probabilities,learned_mlp_pv_mean_std,6,equal_total_5x512_minus_1x2560,5,512,1,2560,0.010750000000000037
MNIST_QNN_eff_su2_r5_d6_s43,ideal_shot,mean_api_probabilities,learned_mlp_pv_mean_std,6,equal_total_20x128_minus_1x2560,20,128,1,2560,0.05712500000000009
MNIST_QNN_eff_su2_r5_d6_s43,ideal_shot,mean_api_probabilities,learned_mlp_pv_mean_std,7,single_shot_512_minus_128,1,512,1,128,0.03945000000000015
MNIST_QNN_eff_su2_r5_d6_s43,ideal_shot,mean_api_probabilities,learned_mlp_pv_mean_std,7,single_shot_2560_minus_128,1,2560,1,128,0.047850000000000004
MNIST_QNN_eff_su2_r5_d6_s43,ideal_shot,mean_api_probabilities,learned_mlp_pv_mean_std,7,repeat_5x128_minus_1x128,5,128,1,128,0.036950000000000094
MNIST_QNN_eff_su2_r5_d6_s43,ideal_shot,mean_api_probabilities,learned_mlp_pv_mean_std,7,repeat_20x128_minus_1x128,20,128,1,128,-0.018724999999999936
MNIST_QNN_eff_su2_r5_d6_s43,ideal_shot,mean_api_probabilities,learned_mlp_pv_mean_std,7,equal_total_5x512_minus_1x2560,5,512,1,2560,-0.027099999999999902
MNIST_QNN_eff_su2_r5_d6_s43,ideal_shot,mean_api_probabilities,learned_mlp_pv_mean_std,7,equal_total_20x128_minus_1x2560,20,128,1,2560,-0.06657499999999994
MNIST_QNN_eff_su2_r5_d6_s43,ideal_shot,mean_api_probabilities,learned_mlp_pv_mean_std,8,single_shot_512_minus_128,1,512,1,128,0.037149999999999905
MNIST_QNN_eff_su2_r5_d6_s43,ideal_shot,mean_api_probabilities,learned_mlp_pv_mean_std,8,single_shot_2560_minus_128,1,2560,1,128,0.029525000000000023
MNIST_QNN_eff_su2_r5_d6_s43,ideal_shot,mean_api_probabilities,learned_mlp_pv_mean_std,8,repeat_5x128_minus_1x128,5,128,1,128,0.0010499999999999954
MNIST_QNN_eff_su2_r5_d6_s43,ideal_shot,mean_api_probabilities,learned_mlp_pv_mean_std,8,repeat_20x128_minus_1x128,20,128,1,128,0.029124999999999956
MNIST_QNN_eff_su2_r5_d6_s43,ideal_shot,mean_api_probabilities,learned_mlp_pv_mean_std,8,equal_total_5x512_minus_1x2560,5,512,1,2560,0.0017999999999999128
MNIST_QNN_eff_su2_r5_d6_s43,ideal_shot,mean_api_probabilities,learned_mlp_pv_mean_std,8,equal_total_20x128_minus_1x2560,20,128,1,2560,-0.00040000000000006697
MNIST_QNN_eff_su2_r5_d6_s43,ideal_shot,mean_api_probabilities,learned_mlp_pv_mean_std,9,single_shot_512_minus_128,1,512,1,128,0.013024999999999953
MNIST_QNN_eff_su2_r5_d6_s43,ideal_shot,mean_api_probabilities,learned_mlp_pv_mean_std,9,single_shot_2560_minus_128,1,2560,1,128,0.008299999999999974
MNIST_QNN_eff_su2_r5_d6_s43,ideal_shot,mean_api_probabilities,learned_mlp_pv_mean_std,9,repeat_5x128_minus_1x128,5,128,1,128,-0.014725000000000044
MNIST_QNN_eff_su2_r5_d6_s43,ideal_shot,mean_api_probabilities,learned_mlp_pv_mean_std,9,repeat_20x128_minus_1x128,20,128,1,128,0.02134999999999998
MNIST_QNN_eff_su2_r5_d6_s43,ideal_shot,mean_api_probabilities,learned_mlp_pv_mean_std,9,equal_total_5x512_minus_1x2560,5,512,1,2560,0.01012499999999994
MNIST_QNN_eff_su2_r5_d6_s43,ideal_shot,mean_api_probabilities,learned_mlp_pv_mean_std,9,equal_total_20x128_minus_1x2560,20,128,1,2560,0.013050000000000006
MNIST_QNN_eff_su2_r5_d6_s43,ideal_shot,mean_api_probabilities,loss,0,single_shot_512_minus_128,1,512,1,128,-0.00012499999999993072
MNIST_QNN_eff_su2_r5_d6_s43,ideal_shot,mean_api_probabilities,loss,0,single_shot_2560_minus_128,1,2560,1,128,-0.011374999999999913
MNIST_QNN_eff_su2_r5_d6_s43,ideal_shot,mean_api_probabilities,loss,0,repeat_5x128_minus_1x128,5,128,1,128,-0.00847500000000001
MNIST_QNN_eff_su2_r5_d6_s43,ideal_shot,mean_api_probabilities,loss,0,repeat_20x128_minus_1x128,20,128,1,128,0.004875000000000074
MNIST_QNN_eff_su2_r5_d6_s43,ideal_shot,mean_api_probabilities,loss,0,equal_total_5x512_minus_1x2560,5,512,1,2560,-0.0010500000000001064
MNIST_QNN_eff_su2_r5_d6_s43,ideal_shot,mean_api_probabilities,loss,0,equal_total_20x128_minus_1x2560,20,128,1,2560,0.016249999999999987
MNIST_QNN_eff_su2_r5_d6_s43,ideal_shot,mean_api_probabilities,loss,1,single_shot_512_minus_128,1,512,1,128,0.009800000000000031
MNIST_QNN_eff_su2_r5_d6_s43,ideal_shot,mean_api_probabilities,loss,1,single_shot_2560_minus_128,1,2560,1,128,-0.003925000000000067
MNIST_QNN_eff_su2_r5_d6_s43,ideal_shot,mean_api_probabilities,loss,1,repeat_5x128_minus_1x128,5,128,1,128,-0.007650000000000046
MNIST_QNN_eff_su2_r5_d6_s43,ideal_shot,mean_api_probabilities,loss,1,repeat_20x128_minus_1x128,20,128,1,128,-0.0022499999999999742
MNIST_QNN_eff_su2_r5_d6_s43,ideal_shot,mean_api_probabilities,loss,1,equal_total_5x512_minus_1x2560,5,512,1,2560,0.002175000000000038
MNIST_QNN_eff_su2_r5_d6_s43,ideal_shot,mean_api_probabilities,loss,1,equal_total_20x128_minus_1x2560,20,128,1,2560,0.001675000000000093
MNIST_QNN_eff_su2_r5_d6_s43,ideal_shot,mean_api_probabilities,loss,2,single_shot_512_minus_128,1,512,1,128,-0.02132500000000004
MNIST_QNN_eff_su2_r5_d6_s43,ideal_shot,mean_api_probabilities,loss,2,single_shot_2560_minus_128,1,2560,1,128,-0.01517500000000005
MNIST_QNN_eff_su2_r5_d6_s43,ideal_shot,mean_api_probabilities,loss,2,repeat_5x128_minus_1x128,5,128,1,128,-0.00034999999999996145
MNIST_QNN_eff_su2_r5_d6_s43,ideal_shot,mean_api_probabilities,loss,2,repeat_20x128_minus_1x128,20,128,1,128,-0.0017249999999999766
MNIST_QNN_eff_su2_r5_d6_s43,ideal_shot,mean_api_probabilities,loss,2,equal_total_5x512_minus_1x2560,5,512,1,2560,-0.0032999999999999696
MNIST_QNN_eff_su2_r5_d6_s43,ideal_shot,mean_api_probabilities,loss,2,equal_total_20x128_minus_1x2560,20,128,1,2560,0.013450000000000073
MNIST_QNN_eff_su2_r5_d6_s43,ideal_shot,mean_api_probabilities,loss,3,single_shot_512_minus_128,1,512,1,128,0.0004750000000000032
MNIST_QNN_eff_su2_r5_d6_s43,ideal_shot,mean_api_probabilities,loss,3,single_shot_2560_minus_128,1,2560,1,128,0.009800000000000031
MNIST_QNN_eff_su2_r5_d6_s43,ideal_shot,mean_api_probabilities,loss,3,repeat_5x128_minus_1x128,5,128,1,128,-0.003925000000000067
MNIST_QNN_eff_su2_r5_d6_s43,ideal_shot,mean_api_probabilities,loss,3,repeat_20x128_minus_1x128,20,128,1,128,0.0027999999999999137
MNIST_QNN_eff_su2_r5_d6_s43,ideal_shot,mean_api_probabilities,loss,3,equal_total_5x512_minus_1x2560,5,512,1,2560,-0.012475000000000125
MNIST_QNN_eff_su2_r5_d6_s43,ideal_shot,mean_api_probabilities,loss,3,equal_total_20x128_minus_1x2560,20,128,1,2560,-0.007000000000000117
MNIST_QNN_eff_su2_r5_d6_s43,ideal_shot,mean_api_probabilities,loss,4,single_shot_512_minus_128,1,512,1,128,0.0024250000000000105
MNIST_QNN_eff_su2_r5_d6_s43,ideal_shot,mean_api_probabilities,loss,4,single_shot_2560_minus_128,1,2560,1,128,0.008449999999999958
MNIST_QNN_eff_su2_r5_d6_s43,ideal_shot,mean_api_probabilities,loss,4,repeat_5x128_minus_1x128,5,128,1,128,0.0003750000000000142
MNIST_QNN_eff_su2_r5_d6_s43,ideal_shot,mean_api_probabilities,loss,4,repeat_20x128_minus_1x128,20,128,1,128,0.010575000000000001
MNIST_QNN_eff_su2_r5_d6_s43,ideal_shot,mean_api_probabilities,loss,4,equal_total_5x512_minus_1x2560,5,512,1,2560,-0.012274999999999925
MNIST_QNN_eff_su2_r5_d6_s43,ideal_shot,mean_api_probabilities,loss,4,equal_total_20x128_minus_1x2560,20,128,1,2560,0.0021250000000000435
MNIST_QNN_eff_su2_r5_d6_s43,ideal_shot,mean_api_probabilities,loss,5,single_shot_512_minus_128,1,512,1,128,0.03952500000000003
MNIST_QNN_eff_su2_r5_d6_s43,ideal_shot,mean_api_probabilities,loss,5,single_shot_2560_minus_128,1,2560,1,128,0.04502499999999998
MNIST_QNN_eff_su2_r5_d6_s43,ideal_shot,mean_api_probabilities,loss,5,repeat_5x128_minus_1x128,5,128,1,128,0.02982499999999999
MNIST_QNN_eff_su2_r5_d6_s43,ideal_shot,mean_api_probabilities,loss,5,repeat_20x128_minus_1x128,20,128,1,128,0.0407249999999999
MNIST_QNN_eff_su2_r5_d6_s43,ideal_shot,mean_api_probabilities,loss,5,equal_total_5x512_minus_1x2560,5,512,1,2560,-0.0033000000000000806
MNIST_QNN_eff_su2_r5_d6_s43,ideal_shot,mean_api_probabilities,loss,5,equal_total_20x128_minus_1x2560,20,128,1,2560,-0.0043000000000000815
MNIST_QNN_eff_su2_r5_d6_s43,ideal_shot,mean_api_probabilities,loss,6,single_shot_512_minus_128,1,512,1,128,0.030449999999999977
MNIST_QNN_eff_su2_r5_d6_s43,ideal_shot,mean_api_probabilities,loss,6,single_shot_2560_minus_128,1,2560,1,128,0.028224999999999945
MNIST_QNN_eff_su2_r5_d6_s43,ideal_shot,mean_api_probabilities,loss,6,repeat_5x128_minus_1x128,5,128,1,128,0.017224999999999824
MNIST_QNN_eff_su2_r5_d6_s43,ideal_shot,mean_api_probabilities,loss,6,repeat_20x128_minus_1x128,20,128,1,128,0.028099999999999903
MNIST_QNN_eff_su2_r5_d6_s43,ideal_shot,mean_api_probabilities,loss,6,equal_total_5x512_minus_1x2560,5,512,1,2560,-0.008224999999999927
MNIST_QNN_eff_su2_r5_d6_s43,ideal_shot,mean_api_probabilities,loss,6,equal_total_20x128_minus_1x2560,20,128,1,2560,-0.00012500000000004174
MNIST_QNN_eff_su2_r5_d6_s43,ideal_shot,mean_api_probabilities,loss,7,single_shot_512_minus_128,1,512,1,128,0.008525000000000005
MNIST_QNN_eff_su2_r5_d6_s43,ideal_shot,mean_api_probabilities,loss,7,single_shot_2560_minus_128,1,2560,1,128,0.010599999999999943
MNIST_QNN_eff_su2_r5_d6_s43,ideal_shot,mean_api_probabilities,loss,7,repeat_5x128_minus_1x128,5,128,1,128,0.014224999999999932
MNIST_QNN_eff_su2_r5_d6_s43,ideal_shot,mean_api_probabilities,loss,7,repeat_20x128_minus_1x128,20,128,1,128,0.0005999999999999339
MNIST_QNN_eff_su2_r5_d6_s43,ideal_shot,mean_api_probabilities,loss,7,equal_total_5x512_minus_1x2560,5,512,1,2560,0.008399999999999963
MNIST_QNN_eff_su2_r5_d6_s43,ideal_shot,mean_api_probabilities,loss,7,equal_total_20x128_minus_1x2560,20,128,1,2560,-0.010000000000000009
MNIST_QNN_eff_su2_r5_d6_s43,ideal_shot,mean_api_probabilities,loss,8,single_shot_512_minus_128,1,512,1,128,0.03492499999999987
MNIST_QNN_eff_su2_r5_d6_s43,ideal_shot,mean_api_probabilities,loss,8,single_shot_2560_minus_128,1,2560,1,128,0.03287499999999988
MNIST_QNN_eff_su2_r5_d6_s43,ideal_shot,mean_api_probabilities,loss,8,repeat_5x128_minus_1x128,5,128,1,128,0.01132500000000003
MNIST_QNN_eff_su2_r5_d6_s43,ideal_shot,mean_api_probabilities,loss,8,repeat_20x128_minus_1x128,20,128,1,128,0.02662500000000001
MNIST_QNN_eff_su2_r5_d6_s43,ideal_shot,mean_api_probabilities,loss,8,equal_total_5x512_minus_1x2560,5,512,1,2560,-0.010224999999999929
MNIST_QNN_eff_su2_r5_d6_s43,ideal_shot,mean_api_probabilities,loss,8,equal_total_20x128_minus_1x2560,20,128,1,2560,-0.006249999999999867
MNIST_QNN_eff_su2_r5_d6_s43,ideal_shot,mean_api_probabilities,loss,9,single_shot_512_minus_128,1,512,1,128,0.018100000000000005
MNIST_QNN_eff_su2_r5_d6_s43,ideal_shot,mean_api_probabilities,loss,9,single_shot_2560_minus_128,1,2560,1,128,0.03259999999999996
MNIST_QNN_eff_su2_r5_d6_s43,ideal_shot,mean_api_probabilities,loss,9,repeat_5x128_minus_1x128,5,128,1,128,0.018549999999999955
MNIST_QNN_eff_su2_r5_d6_s43,ideal_shot,mean_api_probabilities,loss,9,repeat_20x128_minus_1x128,20,128,1,128,0.029574999999999907
MNIST_QNN_eff_su2_r5_d6_s43,ideal_shot,mean_api_probabilities,loss,9,equal_total_5x512_minus_1x2560,5,512,1,2560,-0.005074999999999941
MNIST_QNN_eff_su2_r5_d6_s43,ideal_shot,mean_api_probabilities,loss,9,equal_total_20x128_minus_1x2560,20,128,1,2560,-0.0030250000000000554
MNIST_QNN_eff_su2_r5_d6_s43,ideal_shot,mean_api_probabilities,margin,0,single_shot_512_minus_128,1,512,1,128,-0.0026999999999999247
MNIST_QNN_eff_su2_r5_d6_s43,ideal_shot,mean_api_probabilities,margin,0,single_shot_2560_minus_128,1,2560,1,128,-0.010199999999999987
MNIST_QNN_eff_su2_r5_d6_s43,ideal_shot,mean_api_probabilities,margin,0,repeat_5x128_minus_1x128,5,128,1,128,-0.009525000000000006
MNIST_QNN_eff_su2_r5_d6_s43,ideal_shot,mean_api_probabilities,margin,0,repeat_20x128_minus_1x128,20,128,1,128,0.004075000000000051
MNIST_QNN_eff_su2_r5_d6_s43,ideal_shot,mean_api_probabilities,margin,0,equal_total_5x512_minus_1x2560,5,512,1,2560,-0.005124999999999935
MNIST_QNN_eff_su2_r5_d6_s43,ideal_shot,mean_api_probabilities,margin,0,equal_total_20x128_minus_1x2560,20,128,1,2560,0.014275000000000038
MNIST_QNN_eff_su2_r5_d6_s43,ideal_shot,mean_api_probabilities,margin,1,single_shot_512_minus_128,1,512,1,128,0.011099999999999888
MNIST_QNN_eff_su2_r5_d6_s43,ideal_shot,mean_api_probabilities,margin,1,single_shot_2560_minus_128,1,2560,1,128,0.004125000000000045
MNIST_QNN_eff_su2_r5_d6_s43,ideal_shot,mean_api_probabilities,margin,1,repeat_5x128_minus_1x128,5,128,1,128,-0.002375000000000016
MNIST_QNN_eff_su2_r5_d6_s43,ideal_shot,mean_api_probabilities,margin,1,repeat_20x128_minus_1x128,20,128,1,128,0.006000000000000005
MNIST_QNN_eff_su2_r5_d6_s43,ideal_shot,mean_api_probabilities,margin,1,equal_total_5x512_minus_1x2560,5,512,1,2560,0.007849999999999913
MNIST_QNN_eff_su2_r5_d6_s43,ideal_shot,mean_api_probabilities,margin,1,equal_total_20x128_minus_1x2560,20,128,1,2560,0.00187499999999996
MNIST_QNN_eff_su2_r5_d6_s43,ideal_shot,mean_api_probabilities,margin,2,single_shot_512_minus_128,1,512,1,128,-0.005725000000000091
MNIST_QNN_eff_su2_r5_d6_s43,ideal_shot,mean_api_probabilities,margin,2,single_shot_2560_minus_128,1,2560,1,128,0.0014250000000000096
MNIST_QNN_eff_su2_r5_d6_s43,ideal_shot,mean_api_probabilities,margin,2,repeat_5x128_minus_1x128,5,128,1,128,0.014449999999999963
MNIST_QNN_eff_su2_r5_d6_s43,ideal_shot,mean_api_probabilities,margin,2,repeat_20x128_minus_1x128,20,128,1,128,0.013600000000000056
MNIST_QNN_eff_su2_r5_d6_s43,ideal_shot,mean_api_probabilities,margin,2,equal_total_5x512_minus_1x2560,5,512,1,2560,-0.0008250000000000757
MNIST_QNN_eff_su2_r5_d6_s43,ideal_shot,mean_api_probabilities,margin,2,equal_total_20x128_minus_1x2560,20,128,1,2560,0.012175000000000047
MNIST_QNN_eff_su2_r5_d6_s43,ideal_shot,mean_api_probabilities,margin,3,single_shot_512_minus_128,1,512,1,128,0.018124999999999947
MNIST_QNN_eff_su2_r5_d6_s43,ideal_shot,mean_api_probabilities,margin,3,single_shot_2560_minus_128,1,2560,1,128,0.02354999999999996
MNIST_QNN_eff_su2_r5_d6_s43,ideal_shot,mean_api_probabilities,margin,3,repeat_5x128_minus_1x128,5,128,1,128,0.013475000000000126
MNIST_QNN_eff_su2_r5_d6_s43,ideal_shot,mean_api_probabilities,margin,3,repeat_20x128_minus_1x128,20,128,1,128,0.018000000000000016
MNIST_QNN_eff_su2_r5_d6_s43,ideal_shot,mean_api_probabilities,margin,3,equal_total_5x512_minus_1x2560,5,512,1,2560,-0.010824999999999974
MNIST_QNN_eff_su2_r5_d6_s43,ideal_shot,mean_api_probabilities,margin,3,equal_total_20x128_minus_1x2560,20,128,1,2560,-0.005549999999999944
MNIST_QNN_eff_su2_r5_d6_s43,ideal_shot,mean_api_probabilities,margin,4,single_shot_512_minus_128,1,512,1,128,-0.013624999999999998
MNIST_QNN_eff_su2_r5_d6_s43,ideal_shot,mean_api_probabilities,margin,4,single_shot_2560_minus_128,1,2560,1,128,-0.005874999999999964
MNIST_QNN_eff_su2_r5_d6_s43,ideal_shot,mean_api_probabilities,margin,4,repeat_5x128_minus_1x128,5,128,1,128,-0.0005749999999999922
MNIST_QNN_eff_su2_r5_d6_s43,ideal_shot,mean_api_probabilities,margin,4,repeat_20x128_minus_1x128,20,128,1,128,0.004974999999999952
MNIST_QNN_eff_su2_r5_d6_s43,ideal_shot,mean_api_probabilities,margin,4,equal_total_5x512_minus_1x2560,5,512,1,2560,-0.00967499999999999
MNIST_QNN_eff_su2_r5_d6_s43,ideal_shot,mean_api_probabilities,margin,4,equal_total_20x128_minus_1x2560,20,128,1,2560,0.010849999999999915
MNIST_QNN_eff_su2_r5_d6_s43,ideal_shot,mean_api_probabilities,margin,5,single_shot_512_minus_128,1,512,1,128,0.03739999999999999
MNIST_QNN_eff_su2_r5_d6_s43,ideal_shot,mean_api_probabilities,margin,5,single_shot_2560_minus_128,1,2560,1,128,0.050675000000000026
MNIST_QNN_eff_su2_r5_d6_s43,ideal_shot,mean_api_probabilities,margin,5,repeat_5x128_minus_1x128,5,128,1,128,0.02894999999999992
MNIST_QNN_eff_su2_r5_d6_s43,ideal_shot,mean_api_probabilities,margin,5,repeat_20x128_minus_1x128,20,128,1,128,0.04179999999999995
MNIST_QNN_eff_su2_r5_d6_s43,ideal_shot,mean_api_probabilities,margin,5,equal_total_5x512_minus_1x2560,5,512,1,2560,-0.0040000000000000036
MNIST_QNN_eff_su2_r5_d6_s43,ideal_shot,mean_api_probabilities,margin,5,equal_total_20x128_minus_1x2560,20,128,1,2560,-0.008875000000000077
MNIST_QNN_eff_su2_r5_d6_s43,ideal_shot,mean_api_probabilities,margin,6,single_shot_512_minus_128,1,512,1,128,0.0318250000000001
MNIST_QNN_eff_su2_r5_d6_s43,ideal_shot,mean_api_probabilities,margin,6,single_shot_2560_minus_128,1,2560,1,128,0.033275000000000055
MNIST_QNN_eff_su2_r5_d6_s43,ideal_shot,mean_api_probabilities,margin,6,repeat_5x128_minus_1x128,5,128,1,128,0.02872500000000011
MNIST_QNN_eff_su2_r5_d6_s43,ideal_shot,mean_api_probabilities,margin,6,repeat_20x128_minus_1x128,20,128,1,128,0.0415000000000002
MNIST_QNN_eff_su2_r5_d6_s43,ideal_shot,mean_api_probabilities,margin,6,equal_total_5x512_minus_1x2560,5,512,1,2560,-0.005449999999999844
MNIST_QNN_eff_su2_r5_d6_s43,ideal_shot,mean_api_probabilities,margin,6,equal_total_20x128_minus_1x2560,20,128,1,2560,0.008225000000000149
MNIST_QNN_eff_su2_r5_d6_s43,ideal_shot,mean_api_probabilities,margin,7,single_shot_512_minus_128,1,512,1,128,0.010075000000000056
MNIST_QNN_eff_su2_r5_d6_s43,ideal_shot,mean_api_probabilities,margin,7,single_shot_2560_minus_128,1,2560,1,128,0.012024999999999952
MNIST_QNN_eff_su2_r5_d6_s43,ideal_shot,mean_api_probabilities,margin,7,repeat_5x128_minus_1x128,5,128,1,128,-0.005249999999999977
MNIST_QNN_eff_su2_r5_d6_s43,ideal_shot,mean_api_probabilities,margin,7,repeat_20x128_minus_1x128,20,128,1,128,-0.0014499999999999513
MNIST_QNN_eff_su2_r5_d6_s43,ideal_shot,mean_api_probabilities,margin,7,equal_total_5x512_minus_1x2560,5,512,1,2560,0.00495000000000001
MNIST_QNN_eff_su2_r5_d6_s43,ideal_shot,mean_api_probabilities,margin,7,equal_total_20x128_minus_1x2560,20,128,1,2560,-0.013474999999999904
MNIST_QNN_eff_su2_r5_d6_s43,ideal_shot,mean_api_probabilities,margin,8,single_shot_512_minus_128,1,512,1,128,0.07220000000000004
MNIST_QNN_eff_su2_r5_d6_s43,ideal_shot,mean_api_probabilities,margin,8,single_shot_2560_minus_128,1,2560,1,128,0.06410000000000005
MNIST_QNN_eff_su2_r5_d6_s43,ideal_shot,mean_api_probabilities,margin,8,repeat_5x128_minus_1x128,5,128,1,128,0.03752500000000003
MNIST_QNN_eff_su2_r5_d6_s43,ideal_shot,mean_api_probabilities,margin,8,repeat_20x128_minus_1x128,20,128,1,128,0.05800000000000005
MNIST_QNN_eff_su2_r5_d6_s43,ideal_shot,mean_api_probabilities,margin,8,equal_total_5x512_minus_1x2560,5,512,1,2560,-0.007425000000000015
MNIST_QNN_eff_su2_r5_d6_s43,ideal_shot,mean_api_probabilities,margin,8,equal_total_20x128_minus_1x2560,20,128,1,2560,-0.006099999999999994
MNIST_QNN_eff_su2_r5_d6_s43,ideal_shot,mean_api_probabilities,margin,9,single_shot_512_minus_128,1,512,1,128,0.02585000000000015
MNIST_QNN_eff_su2_r5_d6_s43,ideal_shot,mean_api_probabilities,margin,9,single_shot_2560_minus_128,1,2560,1,128,0.03842500000000004
MNIST_QNN_eff_su2_r5_d6_s43,ideal_shot,mean_api_probabilities,margin,9,repeat_5x128_minus_1x128,5,128,1,128,0.025449999999999973
MNIST_QNN_eff_su2_r5_d6_s43,ideal_shot,mean_api_probabilities,margin,9,repeat_20x128_minus_1x128,20,128,1,128,0.045599999999999974
MNIST_QNN_eff_su2_r5_d6_s43,ideal_shot,mean_api_probabilities,margin,9,equal_total_5x512_minus_1x2560,5,512,1,2560,0.00014999999999998348
MNIST_QNN_eff_su2_r5_d6_s43,ideal_shot,mean_api_probabilities,margin,9,equal_total_20x128_minus_1x2560,20,128,1,2560,0.007174999999999931
MNIST_QNN_eff_su2_r5_d6_s43,noisy_shot,mean_api_probabilities,confidence,0,single_shot_512_minus_128,1,512,1,128,0.05194999999999994
MNIST_QNN_eff_su2_r5_d6_s43,noisy_shot,mean_api_probabilities,confidence,0,single_shot_2560_minus_128,1,2560,1,128,0.029324999999999934
MNIST_QNN_eff_su2_r5_d6_s43,noisy_shot,mean_api_probabilities,confidence,0,repeat_5x128_minus_1x128,5,128,1,128,0.03804999999999992
MNIST_QNN_eff_su2_r5_d6_s43,noisy_shot,mean_api_probabilities,confidence,0,repeat_20x128_minus_1x128,20,128,1,128,0.03762499999999991
MNIST_QNN_eff_su2_r5_d6_s43,noisy_shot,mean_api_probabilities,confidence,0,equal_total_5x512_minus_1x2560,5,512,1,2560,0.008899999999999908
MNIST_QNN_eff_su2_r5_d6_s43,noisy_shot,mean_api_probabilities,confidence,0,equal_total_20x128_minus_1x2560,20,128,1,2560,0.008299999999999974
MNIST_QNN_eff_su2_r5_d6_s43,noisy_shot,mean_api_probabilities,confidence,1,single_shot_512_minus_128,1,512,1,128,0.1059000000000001
MNIST_QNN_eff_su2_r5_d6_s43,noisy_shot,mean_api_probabilities,confidence,1,single_shot_2560_minus_128,1,2560,1,128,0.12224999999999997
MNIST_QNN_eff_su2_r5_d6_s43,noisy_shot,mean_api_probabilities,confidence,1,repeat_5x128_minus_1x128,5,128,1,128,0.06420000000000003
MNIST_QNN_eff_su2_r5_d6_s43,noisy_shot,mean_api_probabilities,confidence,1,repeat_20x128_minus_1x128,20,128,1,128,0.11007500000000003
MNIST_QNN_eff_su2_r5_d6_s43,noisy_shot,mean_api_probabilities,confidence,1,equal_total_5x512_minus_1x2560,5,512,1,2560,-0.01497499999999996
MNIST_QNN_eff_su2_r5_d6_s43,noisy_shot,mean_api_probabilities,confidence,1,equal_total_20x128_minus_1x2560,20,128,1,2560,-0.012174999999999936
MNIST_QNN_eff_su2_r5_d6_s43,noisy_shot,mean_api_probabilities,confidence,2,single_shot_512_minus_128,1,512,1,128,0.09797500000000009
MNIST_QNN_eff_su2_r5_d6_s43,noisy_shot,mean_api_probabilities,confidence,2,single_shot_2560_minus_128,1,2560,1,128,0.11705000000000004
MNIST_QNN_eff_su2_r5_d6_s43,noisy_shot,mean_api_probabilities,confidence,2,repeat_5x128_minus_1x128,5,128,1,128,0.07222500000000004
MNIST_QNN_eff_su2_r5_d6_s43,noisy_shot,mean_api_probabilities,confidence,2,repeat_20x128_minus_1x128,20,128,1,128,0.08507499999999996
MNIST_QNN_eff_su2_r5_d6_s43,noisy_shot,mean_api_probabilities,confidence,2,equal_total_5x512_minus_1x2560,5,512,1,2560,0.004049999999999998
MNIST_QNN_eff_su2_r5_d6_s43,noisy_shot,mean_api_probabilities,confidence,2,equal_total_20x128_minus_1x2560,20,128,1,2560,-0.03197500000000009
MNIST_QNN_eff_su2_r5_d6_s43,noisy_shot,mean_api_probabilities,confidence,3,single_shot_512_minus_128,1,512,1,128,0.050775000000000126
MNIST_QNN_eff_su2_r5_d6_s43,noisy_shot,mean_api_probabilities,confidence,3,single_shot_2560_minus_128,1,2560,1,128,0.057600000000000096
MNIST_QNN_eff_su2_r5_d6_s43,noisy_shot,mean_api_probabilities,confidence,3,repeat_5x128_minus_1x128,5,128,1,128,0.014675000000000105
MNIST_QNN_eff_su2_r5_d6_s43,noisy_shot,mean_api_probabilities,confidence,3,repeat_20x128_minus_1x128,20,128,1,128,0.036800000000000055
MNIST_QNN_eff_su2_r5_d6_s43,noisy_shot,mean_api_probabilities,confidence,3,equal_total_5x512_minus_1x2560,5,512,1,2560,-0.007174999999999931
MNIST_QNN_eff_su2_r5_d6_s43,noisy_shot,mean_api_probabilities,confidence,3,equal_total_20x128_minus_1x2560,20,128,1,2560,-0.02080000000000004
MNIST_QNN_eff_su2_r5_d6_s43,noisy_shot,mean_api_probabilities,confidence,4,single_shot_512_minus_128,1,512,1,128,0.06092500000000012
MNIST_QNN_eff_su2_r5_d6_s43,noisy_shot,mean_api_probabilities,confidence,4,single_shot_2560_minus_128,1,2560,1,128,0.09117500000000012
MNIST_QNN_eff_su2_r5_d6_s43,noisy_shot,mean_api_probabilities,confidence,4,repeat_5x128_minus_1x128,5,128,1,128,0.05710000000000015
MNIST_QNN_eff_su2_r5_d6_s43,noisy_shot,mean_api_probabilities,confidence,4,repeat_20x128_minus_1x128,20,128,1,128,0.07965000000000011
MNIST_QNN_eff_su2_r5_d6_s43,noisy_shot,mean_api_probabilities,confidence,4,equal_total_5x512_minus_1x2560,5,512,1,2560,0.012824999999999975
MNIST_QNN_eff_su2_r5_d6_s43,noisy_shot,mean_api_probabilities,confidence,4,equal_total_20x128_minus_1x2560,20,128,1,2560,-0.011525000000000007
MNIST_QNN_eff_su2_r5_d6_s43,noisy_shot,mean_api_probabilities,confidence,5,single_shot_512_minus_128,1,512,1,128,-0.03182499999999988
MNIST_QNN_eff_su2_r5_d6_s43,noisy_shot,mean_api_probabilities,confidence,5,single_shot_2560_minus_128,1,2560,1,128,-0.007199999999999873
MNIST_QNN_eff_su2_r5_d6_s43,noisy_shot,mean_api_probabilities,confidence,5,repeat_5x128_minus_1x128,5,128,1,128,0.009575000000000111
MNIST_QNN_eff_su2_r5_d6_s43,noisy_shot,mean_api_probabilities,confidence,5,repeat_20x128_minus_1x128,20,128,1,128,0.004150000000000098
MNIST_QNN_eff_su2_r5_d6_s43,noisy_shot,mean_api_probabilities,confidence,5,equal_total_5x512_minus_1x2560,5,512,1,2560,0.011824999999999974
MNIST_QNN_eff_su2_r5_d6_s43,noisy_shot,mean_api_probabilities,confidence,5,equal_total_20x128_minus_1x2560,20,128,1,2560,0.011349999999999971
MNIST_QNN_eff_su2_r5_d6_s43,noisy_shot,mean_api_probabilities,confidence,6,single_shot_512_minus_128,1,512,1,128,0.02800000000000008
MNIST_QNN_eff_su2_r5_d6_s43,noisy_shot,mean_api_probabilities,confidence,6,single_shot_2560_minus_128,1,2560,1,128,0.06780000000000003
MNIST_QNN_eff_su2_r5_d6_s43,noisy_shot,mean_api_probabilities,confidence,6,repeat_5x128_minus_1x128,5,128,1,128,0.039175000000000015
MNIST_QNN_eff_su2_r5_d6_s43,noisy_shot,mean_api_probabilities,confidence,6,repeat_20x128_minus_1x128,20,128,1,128,0.06405
MNIST_QNN_eff_su2_r5_d6_s43,noisy_shot,mean_api_probabilities,confidence,6,equal_total_5x512_minus_1x2560,5,512,1,2560,-0.009800000000000031
MNIST_QNN_eff_su2_r5_d6_s43,noisy_shot,mean_api_probabilities,confidence,6,equal_total_20x128_minus_1x2560,20,128,1,2560,-0.003750000000000031
MNIST_QNN_eff_su2_r5_d6_s43,noisy_shot,mean_api_probabilities,confidence,7,single_shot_512_minus_128,1,512,1,128,0.04600000000000004
MNIST_QNN_eff_su2_r5_d6_s43,noisy_shot,mean_api_probabilities,confidence,7,single_shot_2560_minus_128,1,2560,1,128,0.059350000000000125
MNIST_QNN_eff_su2_r5_d6_s43,noisy_shot,mean_api_probabilities,confidence,7,repeat_5x128_minus_1x128,5,128,1,128,0.009225000000000039
MNIST_QNN_eff_su2_r5_d6_s43,noisy_shot,mean_api_probabilities,confidence,7,repeat_20x128_minus_1x128,20,128,1,128,0.029450000000000087
MNIST_QNN_eff_su2_r5_d6_s43,noisy_shot,mean_api_probabilities,confidence,7,equal_total_5x512_minus_1x2560,5,512,1,2560,-0.02750000000000008
MNIST_QNN_eff_su2_r5_d6_s43,noisy_shot,mean_api_probabilities,confidence,7,equal_total_20x128_minus_1x2560,20,128,1,2560,-0.029900000000000038
MNIST_QNN_eff_su2_r5_d6_s43,noisy_shot,mean_api_probabilities,confidence,8,single_shot_512_minus_128,1,512,1,128,0.04235
MNIST_QNN_eff_su2_r5_d6_s43,noisy_shot,mean_api_probabilities,confidence,8,single_shot_2560_minus_128,1,2560,1,128,0.07359999999999989
MNIST_QNN_eff_su2_r5_d6_s43,noisy_shot,mean_api_probabilities,confidence,8,repeat_5x128_minus_1x128,5,128,1,128,0.028200000000000003
MNIST_QNN_eff_su2_r5_d6_s43,noisy_shot,mean_api_probabilities,confidence,8,repeat_20x128_minus_1x128,20,128,1,128,0.029675000000000007
MNIST_QNN_eff_su2_r5_d6_s43,noisy_shot,mean_api_probabilities,confidence,8,equal_total_5x512_minus_1x2560,5,512,1,2560,-0.017749999999999932
MNIST_QNN_eff_su2_r5_d6_s43,noisy_shot,mean_api_probabilities,confidence,8,equal_total_20x128_minus_1x2560,20,128,1,2560,-0.04392499999999988
MNIST_QNN_eff_su2_r5_d6_s43,noisy_shot,mean_api_probabilities,confidence,9,single_shot_512_minus_128,1,512,1,128,0.021399999999999975
MNIST_QNN_eff_su2_r5_d6_s43,noisy_shot,mean_api_probabilities,confidence,9,single_shot_2560_minus_128,1,2560,1,128,0.07317499999999999
MNIST_QNN_eff_su2_r5_d6_s43,noisy_shot,mean_api_probabilities,confidence,9,repeat_5x128_minus_1x128,5,128,1,128,0.03402499999999997
MNIST_QNN_eff_su2_r5_d6_s43,noisy_shot,mean_api_probabilities,confidence,9,repeat_20x128_minus_1x128,20,128,1,128,0.058374999999999955
MNIST_QNN_eff_su2_r5_d6_s43,noisy_shot,mean_api_probabilities,confidence,9,equal_total_5x512_minus_1x2560,5,512,1,2560,-0.013349999999999973
MNIST_QNN_eff_su2_r5_d6_s43,noisy_shot,mean_api_probabilities,confidence,9,equal_total_20x128_minus_1x2560,20,128,1,2560,-0.014800000000000035
MNIST_QNN_eff_su2_r5_d6_s43,noisy_shot,mean_api_probabilities,correctness,0,single_shot_512_minus_128,1,512,1,128,-0.012499999999999956
MNIST_QNN_eff_su2_r5_d6_s43,noisy_shot,mean_api_probabilities,correctness,0,single_shot_2560_minus_128,1,2560,1,128,0.0
MNIST_QNN_eff_su2_r5_d6_s43,noisy_shot,mean_api_probabilities,correctness,0,repeat_5x128_minus_1x128,5,128,1,128,-1.1102230246251565e-16
MNIST_QNN_eff_su2_r5_d6_s43,noisy_shot,mean_api_probabilities,correctness,0,repeat_20x128_minus_1x128,20,128,1,128,0.010000000000000009
MNIST_QNN_eff_su2_r5_d6_s43,noisy_shot,mean_api_probabilities,correctness,0,equal_total_5x512_minus_1x2560,5,512,1,2560,0.0025000000000000577
MNIST_QNN_eff_su2_r5_d6_s43,noisy_shot,mean_api_probabilities,correctness,0,equal_total_20x128_minus_1x2560,20,128,1,2560,0.010000000000000009
MNIST_QNN_eff_su2_r5_d6_s43,noisy_shot,mean_api_probabilities,correctness,1,single_shot_512_minus_128,1,512,1,128,0.04500000000000004
MNIST_QNN_eff_su2_r5_d6_s43,noisy_shot,mean_api_probabilities,correctness,1,single_shot_2560_minus_128,1,2560,1,128,0.04999999999999993
MNIST_QNN_eff_su2_r5_d6_s43,noisy_shot,mean_api_probabilities,correctness,1,repeat_5x128_minus_1x128,5,128,1,128,0.025000000000000022
MNIST_QNN_eff_su2_r5_d6_s43,noisy_shot,mean_api_probabilities,correctness,1,repeat_20x128_minus_1x128,20,128,1,128,0.04500000000000004
MNIST_QNN_eff_su2_r5_d6_s43,noisy_shot,mean_api_probabilities,correctness,1,equal_total_5x512_minus_1x2560,5,512,1,2560,-0.0024999999999999467
MNIST_QNN_eff_su2_r5_d6_s43,noisy_shot,mean_api_probabilities,correctness,1,equal_total_20x128_minus_1x2560,20,128,1,2560,-0.004999999999999893
MNIST_QNN_eff_su2_r5_d6_s43,noisy_shot,mean_api_probabilities,correctness,2,single_shot_512_minus_128,1,512,1,128,0.05499999999999994
MNIST_QNN_eff_su2_r5_d6_s43,noisy_shot,mean_api_probabilities,correctness,2,single_shot_2560_minus_128,1,2560,1,128,0.04499999999999993
MNIST_QNN_eff_su2_r5_d6_s43,noisy_shot,mean_api_probabilities,correctness,2,repeat_5x128_minus_1x128,5,128,1,128,0.027499999999999858
MNIST_QNN_eff_su2_r5_d6_s43,noisy_shot,mean_api_probabilities,correctness,2,repeat_20x128_minus_1x128,20,128,1,128,0.04249999999999987
MNIST_QNN_eff_su2_r5_d6_s43,noisy_shot,mean_api_probabilities,correctness,2,equal_total_5x512_minus_1x2560,5,512,1,2560,0.0050000000000000044
MNIST_QNN_eff_su2_r5_d6_s43,noisy_shot,mean_api_probabilities,correctness,2,equal_total_20x128_minus_1x2560,20,128,1,2560,-0.0025000000000000577
MNIST_QNN_eff_su2_r5_d6_s43,noisy_shot,mean_api_probabilities,correctness,3,single_shot_512_minus_128,1,512,1,128,0.012500000000000067
MNIST_QNN_eff_su2_r5_d6_s43,noisy_shot,mean_api_probabilities,correctness,3,single_shot_2560_minus_128,1,2560,1,128,0.03500000000000003
MNIST_QNN_eff_su2_r5_d6_s43,noisy_shot,mean_api_probabilities,correctness,3,repeat_5x128_minus_1x128,5,128,1,128,0.020000000000000018
MNIST_QNN_eff_su2_r5_d6_s43,noisy_shot,mean_api_probabilities,correctness,3,repeat_20x128_minus_1x128,20,128,1,128,0.020000000000000018
MNIST_QNN_eff_su2_r5_d6_s43,noisy_shot,mean_api_probabilities,correctness,3,equal_total_5x512_minus_1x2560,5,512,1,2560,-0.010000000000000009
MNIST_QNN_eff_su2_r5_d6_s43,noisy_shot,mean_api_probabilities,correctness,3,equal_total_20x128_minus_1x2560,20,128,1,2560,-0.015000000000000013
MNIST_QNN_eff_su2_r5_d6_s43,noisy_shot,mean_api_probabilities,correctness,4,single_shot_512_minus_128,1,512,1,128,0.009999999999999898
MNIST_QNN_eff_su2_r5_d6_s43,noisy_shot,mean_api_probabilities,correctness,4,single_shot_2560_minus_128,1,2560,1,128,-0.012500000000000067
MNIST_QNN_eff_su2_r5_d6_s43,noisy_shot,mean_api_probabilities,correctness,4,repeat_5x128_minus_1x128,5,128,1,128,0.007499999999999951
MNIST_QNN_eff_su2_r5_d6_s43,noisy_shot,mean_api_probabilities,correctness,4,repeat_20x128_minus_1x128,20,128,1,128,0.01749999999999996
MNIST_QNN_eff_su2_r5_d6_s43,noisy_shot,mean_api_probabilities,correctness,4,equal_total_5x512_minus_1x2560,5,512,1,2560,0.025000000000000133
MNIST_QNN_eff_su2_r5_d6_s43,noisy_shot,mean_api_probabilities,correctness,4,equal_total_20x128_minus_1x2560,20,128,1,2560,0.030000000000000027
MNIST_QNN_eff_su2_r5_d6_s43,noisy_shot,mean_api_probabilities,correctness,5,single_shot_512_minus_128,1,512,1,128,0.050000000000000044
MNIST_QNN_eff_su2_r5_d6_s43,noisy_shot,mean_api_probabilities,correctness,5,single_shot_2560_minus_128,1,2560,1,128,0.05249999999999999
MNIST_QNN_eff_su2_r5_d6_s43,noisy_shot,mean_api_probabilities,correctness,5,repeat_5x128_minus_1x128,5,128,1,128,0.03249999999999997
MNIST_QNN_eff_su2_r5_d6_s43,noisy_shot,mean_api_probabilities,correctness,5,repeat_20x128_minus_1x128,20,128,1,128,0.0475000000000001
MNIST_QNN_eff_su2_r5_d6_s43,noisy_shot,mean_api_probabilities,correctness,5,equal_total_5x512_minus_1x2560,5,512,1,2560,0.0025000000000000577
MNIST_QNN_eff_su2_r5_d6_s43,noisy_shot,mean_api_probabilities,correctness,5,equal_total_20x128_minus_1x2560,20,128,1,2560,-0.004999999999999893
MNIST_QNN_eff_su2_r5_d6_s43,noisy_shot,mean_api_probabilities,correctness,6,single_shot_512_minus_128,1,512,1,128,0.012500000000000067
MNIST_QNN_eff_su2_r5_d6_s43,noisy_shot,mean_api_probabilities,correctness,6,single_shot_2560_minus_128,1,2560,1,128,0.015000000000000013
MNIST_QNN_eff_su2_r5_d6_s43,noisy_shot,mean_api_probabilities,correctness,6,repeat_5x128_minus_1x128,5,128,1,128,0.007499999999999951
MNIST_QNN_eff_su2_r5_d6_s43,noisy_shot,mean_api_probabilities,correctness,6,repeat_20x128_minus_1x128,20,128,1,128,0.01749999999999996
MNIST_QNN_eff_su2_r5_d6_s43,noisy_shot,mean_api_probabilities,correctness,6,equal_total_5x512_minus_1x2560,5,512,1,2560,0.0024999999999999467
MNIST_QNN_eff_su2_r5_d6_s43,noisy_shot,mean_api_probabilities,correctness,6,equal_total_20x128_minus_1x2560,20,128,1,2560,0.0024999999999999467
MNIST_QNN_eff_su2_r5_d6_s43,noisy_shot,mean_api_probabilities,correctness,7,single_shot_512_minus_128,1,512,1,128,0.022500000000000075
MNIST_QNN_eff_su2_r5_d6_s43,noisy_shot,mean_api_probabilities,correctness,7,single_shot_2560_minus_128,1,2560,1,128,0.029999999999999916
MNIST_QNN_eff_su2_r5_d6_s43,noisy_shot,mean_api_probabilities,correctness,7,repeat_5x128_minus_1x128,5,128,1,128,0.02749999999999997
MNIST_QNN_eff_su2_r5_d6_s43,noisy_shot,mean_api_probabilities,correctness,7,repeat_20x128_minus_1x128,20,128,1,128,0.022500000000000075
MNIST_QNN_eff_su2_r5_d6_s43,noisy_shot,mean_api_probabilities,correctness,7,equal_total_5x512_minus_1x2560,5,512,1,2560,0.0050000000000001155
MNIST_QNN_eff_su2_r5_d6_s43,noisy_shot,mean_api_probabilities,correctness,7,equal_total_20x128_minus_1x2560,20,128,1,2560,-0.00749999999999984
MNIST_QNN_eff_su2_r5_d6_s43,noisy_shot,mean_api_probabilities,correctness,8,single_shot_512_minus_128,1,512,1,128,0.03499999999999992
MNIST_QNN_eff_su2_r5_d6_s43,noisy_shot,mean_api_probabilities,correctness,8,single_shot_2560_minus_128,1,2560,1,128,0.04249999999999998
MNIST_QNN_eff_su2_r5_d6_s43,noisy_shot,mean_api_probabilities,correctness,8,repeat_5x128_minus_1x128,5,128,1,128,0.027499999999999858
MNIST_QNN_eff_su2_r5_d6_s43,noisy_shot,mean_api_probabilities,correctness,8,repeat_20x128_minus_1x128,20,128,1,128,0.04499999999999993
MNIST_QNN_eff_su2_r5_d6_s43,noisy_shot,mean_api_probabilities,correctness,8,equal_total_5x512_minus_1x2560,5,512,1,2560,0.0024999999999999467
MNIST_QNN_eff_su2_r5_d6_s43,noisy_shot,mean_api_probabilities,correctness,8,equal_total_20x128_minus_1x2560,20,128,1,2560,0.0024999999999999467
MNIST_QNN_eff_su2_r5_d6_s43,noisy_shot,mean_api_probabilities,correctness,9,single_shot_512_minus_128,1,512,1,128,0.0625
MNIST_QNN_eff_su2_r5_d6_s43,noisy_shot,mean_api_probabilities,correctness,9,single_shot_2560_minus_128,1,2560,1,128,0.08000000000000007
MNIST_QNN_eff_su2_r5_d6_s43,noisy_shot,mean_api_probabilities,correctness,9,repeat_5x128_minus_1x128,5,128,1,128,0.057499999999999996
MNIST_QNN_eff_su2_r5_d6_s43,noisy_shot,mean_api_probabilities,correctness,9,repeat_20x128_minus_1x128,20,128,1,128,0.06000000000000005
MNIST_QNN_eff_su2_r5_d6_s43,noisy_shot,mean_api_probabilities,correctness,9,equal_total_5x512_minus_1x2560,5,512,1,2560,0.004999999999999893
MNIST_QNN_eff_su2_r5_d6_s43,noisy_shot,mean_api_probabilities,correctness,9,equal_total_20x128_minus_1x2560,20,128,1,2560,-0.020000000000000018
MNIST_QNN_eff_su2_r5_d6_s43,noisy_shot,mean_api_probabilities,entropy,0,single_shot_512_minus_128,1,512,1,128,0.051899999999999946
MNIST_QNN_eff_su2_r5_d6_s43,noisy_shot,mean_api_probabilities,entropy,0,single_shot_2560_minus_128,1,2560,1,128,0.0227750000000001
MNIST_QNN_eff_su2_r5_d6_s43,noisy_shot,mean_api_probabilities,entropy,0,repeat_5x128_minus_1x128,5,128,1,128,0.02575000000000005
MNIST_QNN_eff_su2_r5_d6_s43,noisy_shot,mean_api_probabilities,entropy,0,repeat_20x128_minus_1x128,20,128,1,128,0.023675
MNIST_QNN_eff_su2_r5_d6_s43,noisy_shot,mean_api_probabilities,entropy,0,equal_total_5x512_minus_1x2560,5,512,1,2560,-0.0008500000000000174
MNIST_QNN_eff_su2_r5_d6_s43,noisy_shot,mean_api_probabilities,entropy,0,equal_total_20x128_minus_1x2560,20,128,1,2560,0.0008999999999999009
MNIST_QNN_eff_su2_r5_d6_s43,noisy_shot,mean_api_probabilities,entropy,1,single_shot_512_minus_128,1,512,1,128,0.0862500000000001
MNIST_QNN_eff_su2_r5_d6_s43,noisy_shot,mean_api_probabilities,entropy,1,single_shot_2560_minus_128,1,2560,1,128,0.1038750000000001
MNIST_QNN_eff_su2_r5_d6_s43,noisy_shot,mean_api_probabilities,entropy,1,repeat_5x128_minus_1x128,5,128,1,128,0.03775000000000012
MNIST_QNN_eff_su2_r5_d6_s43,noisy_shot,mean_api_probabilities,entropy,1,repeat_20x128_minus_1x128,20,128,1,128,0.08075000000000015
MNIST_QNN_eff_su2_r5_d6_s43,noisy_shot,mean_api_probabilities,entropy,1,equal_total_5x512_minus_1x2560,5,512,1,2560,-0.01682499999999998
MNIST_QNN_eff_su2_r5_d6_s43,noisy_shot,mean_api_probabilities,entropy,1,equal_total_20x128_minus_1x2560,20,128,1,2560,-0.02312499999999995
MNIST_QNN_eff_su2_r5_d6_s43,noisy_shot,mean_api_probabilities,entropy,2,single_shot_512_minus_128,1,512,1,128,0.08727499999999994
MNIST_QNN_eff_su2_r5_d6_s43,noisy_shot,mean_api_probabilities,entropy,2,single_shot_2560_minus_128,1,2560,1,128,0.10237500000000005
MNIST_QNN_eff_su2_r5_d6_s43,noisy_shot,mean_api_probabilities,entropy,2,repeat_5x128_minus_1x128,5,128,1,128,0.06109999999999999
MNIST_QNN_eff_su2_r5_d6_s43,noisy_shot,mean_api_probabilities,entropy,2,repeat_20x128_minus_1x128,20,128,1,128,0.0812
MNIST_QNN_eff_su2_r5_d6_s43,noisy_shot,mean_api_probabilities,entropy,2,equal_total_5x512_minus_1x2560,5,512,1,2560,0.006749999999999923
MNIST_QNN_eff_su2_r5_d6_s43,noisy_shot,mean_api_probabilities,entropy,2,equal_total_20x128_minus_1x2560,20,128,1,2560,-0.021175000000000055
MNIST_QNN_eff_su2_r5_d6_s43,noisy_shot,mean_api_probabilities,entropy,3,single_shot_512_minus_128,1,512,1,128,0.03005000000000002
MNIST_QNN_eff_su2_r5_d6_s43,noisy_shot,mean_api_probabilities,entropy,3,single_shot_2560_minus_128,1,2560,1,128,0.03465000000000007
MNIST_QNN_eff_su2_r5_d6_s43,noisy_shot,mean_api_probabilities,entropy,3,repeat_5x128_minus_1x128,5,128,1,128,-0.0018249999999999655
MNIST_QNN_eff_su2_r5_d6_s43,noisy_shot,mean_api_probabilities,entropy,3,repeat_20x128_minus_1x128,20,128,1,128,0.02190000000000014
MNIST_QNN_eff_su2_r5_d6_s43,noisy_shot,mean_api_probabilities,entropy,3,equal_total_5x512_minus_1x2560,5,512,1,2560,-0.0026249999999999885
MNIST_QNN_eff_su2_r5_d6_s43,noisy_shot,mean_api_probabilities,entropy,3,equal_total_20x128_minus_1x2560,20,128,1,2560,-0.012749999999999928
MNIST_QNN_eff_su2_r5_d6_s43,noisy_shot,mean_api_probabilities,entropy,4,single_shot_512_minus_128,1,512,1,128,0.06507500000000005
MNIST_QNN_eff_su2_r5_d6_s43,noisy_shot,mean_api_probabilities,entropy,4,single_shot_2560_minus_128,1,2560,1,128,0.08787500000000009
MNIST_QNN_eff_su2_r5_d6_s43,noisy_shot,mean_api_probabilities,entropy,4,repeat_5x128_minus_1x128,5,128,1,128,0.045775000000000066
MNIST_QNN_eff_su2_r5_d6_s43,noisy_shot,mean_api_probabilities,entropy,4,repeat_20x128_minus_1x128,20,128,1,128,0.064
MNIST_QNN_eff_su2_r5_d6_s43,noisy_shot,mean_api_probabilities,entropy,4,equal_total_5x512_minus_1x2560,5,512,1,2560,-0.006350000000000078
MNIST_QNN_eff_su2_r5_d6_s43,noisy_shot,mean_api_probabilities,entropy,4,equal_total_20x128_minus_1x2560,20,128,1,2560,-0.02387500000000009
MNIST_QNN_eff_su2_r5_d6_s43,noisy_shot,mean_api_probabilities,entropy,5,single_shot_512_minus_128,1,512,1,128,-0.022174999999999945
MNIST_QNN_eff_su2_r5_d6_s43,noisy_shot,mean_api_probabilities,entropy,5,single_shot_2560_minus_128,1,2560,1,128,-0.00017500000000003624
MNIST_QNN_eff_su2_r5_d6_s43,noisy_shot,mean_api_probabilities,entropy,5,repeat_5x128_minus_1x128,5,128,1,128,0.017875000000000085
MNIST_QNN_eff_su2_r5_d6_s43,noisy_shot,mean_api_probabilities,entropy,5,repeat_20x128_minus_1x128,20,128,1,128,0.0022250000000001435
MNIST_QNN_eff_su2_r5_d6_s43,noisy_shot,mean_api_probabilities,entropy,5,equal_total_5x512_minus_1x2560,5,512,1,2560,0.007725000000000093
MNIST_QNN_eff_su2_r5_d6_s43,noisy_shot,mean_api_probabilities,entropy,5,equal_total_20x128_minus_1x2560,20,128,1,2560,0.0024000000000001798
MNIST_QNN_eff_su2_r5_d6_s43,noisy_shot,mean_api_probabilities,entropy,6,single_shot_512_minus_128,1,512,1,128,0.03497499999999992
MNIST_QNN_eff_su2_r5_d6_s43,noisy_shot,mean_api_probabilities,entropy,6,single_shot_2560_minus_128,1,2560,1,128,0.0727250000000001
MNIST_QNN_eff_su2_r5_d6_s43,noisy_shot,mean_api_probabilities,entropy,6,repeat_5x128_minus_1x128,5,128,1,128,0.05087500000000006
MNIST_QNN_eff_su2_r5_d6_s43,noisy_shot,mean_api_probabilities,entropy,6,repeat_20x128_minus_1x128,20,128,1,128,0.0721500000000001
MNIST_QNN_eff_su2_r5_d6_s43,noisy_shot,mean_api_probabilities,entropy,6,equal_total_5x512_minus_1x2560,5,512,1,2560,-0.009525000000000117
MNIST_QNN_eff_su2_r5_d6_s43,noisy_shot,mean_api_probabilities,entropy,6,equal_total_20x128_minus_1x2560,20,128,1,2560,-0.0005749999999999922
MNIST_QNN_eff_su2_r5_d6_s43,noisy_shot,mean_api_probabilities,entropy,7,single_shot_512_minus_128,1,512,1,128,0.03337499999999993
MNIST_QNN_eff_su2_r5_d6_s43,noisy_shot,mean_api_probabilities,entropy,7,single_shot_2560_minus_128,1,2560,1,128,0.04664999999999986
MNIST_QNN_eff_su2_r5_d6_s43,noisy_shot,mean_api_probabilities,entropy,7,repeat_5x128_minus_1x128,5,128,1,128,-0.01142500000000013
MNIST_QNN_eff_su2_r5_d6_s43,noisy_shot,mean_api_probabilities,entropy,7,repeat_20x128_minus_1x128,20,128,1,128,0.01342499999999991
MNIST_QNN_eff_su2_r5_d6_s43,noisy_shot,mean_api_probabilities,entropy,7,equal_total_5x512_minus_1x2560,5,512,1,2560,-0.029200000000000004
MNIST_QNN_eff_su2_r5_d6_s43,noisy_shot,mean_api_probabilities,entropy,7,equal_total_20x128_minus_1x2560,20,128,1,2560,-0.03322499999999995
MNIST_QNN_eff_su2_r5_d6_s43,noisy_shot,mean_api_probabilities,entropy,8,single_shot_512_minus_128,1,512,1,128,0.030574999999999908
MNIST_QNN_eff_su2_r5_d6_s43,noisy_shot,mean_api_probabilities,entropy,8,single_shot_2560_minus_128,1,2560,1,128,0.06352500000000005
MNIST_QNN_eff_su2_r5_d6_s43,noisy_shot,mean_api_probabilities,entropy,8,repeat_5x128_minus_1x128,5,128,1,128,0.020099999999999896
MNIST_QNN_eff_su2_r5_d6_s43,noisy_shot,mean_api_probabilities,entropy,8,repeat_20x128_minus_1x128,20,128,1,128,0.02114999999999989
MNIST_QNN_eff_su2_r5_d6_s43,noisy_shot,mean_api_probabilities,entropy,8,equal_total_5x512_minus_1x2560,5,512,1,2560,-0.01827500000000004
MNIST_QNN_eff_su2_r5_d6_s43,noisy_shot,mean_api_probabilities,entropy,8,equal_total_20x128_minus_1x2560,20,128,1,2560,-0.04237500000000016
MNIST_QNN_eff_su2_r5_d6_s43,noisy_shot,mean_api_probabilities,entropy,9,single_shot_512_minus_128,1,512,1,128,0.009200000000000097
MNIST_QNN_eff_su2_r5_d6_s43,noisy_shot,mean_api_probabilities,entropy,9,single_shot_2560_minus_128,1,2560,1,128,0.06277500000000003
MNIST_QNN_eff_su2_r5_d6_s43,noisy_shot,mean_api_probabilities,entropy,9,repeat_5x128_minus_1x128,5,128,1,128,0.017125000000000057
MNIST_QNN_eff_su2_r5_d6_s43,noisy_shot,mean_api_probabilities,entropy,9,repeat_20x128_minus_1x128,20,128,1,128,0.03310000000000002
MNIST_QNN_eff_su2_r5_d6_s43,noisy_shot,mean_api_probabilities,entropy,9,equal_total_5x512_minus_1x2560,5,512,1,2560,-0.017850000000000033
MNIST_QNN_eff_su2_r5_d6_s43,noisy_shot,mean_api_probabilities,entropy,9,equal_total_20x128_minus_1x2560,20,128,1,2560,-0.029675000000000007
MNIST_QNN_eff_su2_r5_d6_s43,noisy_shot,mean_api_probabilities,learned_mlp_pv,0,single_shot_512_minus_128,1,512,1,128,0.06327499999999991
MNIST_QNN_eff_su2_r5_d6_s43,noisy_shot,mean_api_probabilities,learned_mlp_pv,0,single_shot_2560_minus_128,1,2560,1,128,0.05740000000000006
MNIST_QNN_eff_su2_r5_d6_s43,noisy_shot,mean_api_probabilities,learned_mlp_pv,0,repeat_5x128_minus_1x128,5,128,1,128,0.011849999999999972
MNIST_QNN_eff_su2_r5_d6_s43,noisy_shot,mean_api_probabilities,learned_mlp_pv,0,repeat_20x128_minus_1x128,20,128,1,128,0.032799999999999996
MNIST_QNN_eff_su2_r5_d6_s43,noisy_shot,mean_api_probabilities,learned_mlp_pv,0,equal_total_5x512_minus_1x2560,5,512,1,2560,0.013249999999999984
MNIST_QNN_eff_su2_r5_d6_s43,noisy_shot,mean_api_probabilities,learned_mlp_pv,0,equal_total_20x128_minus_1x2560,20,128,1,2560,-0.024600000000000066
MNIST_QNN_eff_su2_r5_d6_s43,noisy_shot,mean_api_probabilities,learned_mlp_pv,1,single_shot_512_minus_128,1,512,1,128,0.028475000000000028
MNIST_QNN_eff_su2_r5_d6_s43,noisy_shot,mean_api_probabilities,learned_mlp_pv,1,single_shot_2560_minus_128,1,2560,1,128,0.020299999999999985
MNIST_QNN_eff_su2_r5_d6_s43,noisy_shot,mean_api_probabilities,learned_mlp_pv,1,repeat_5x128_minus_1x128,5,128,1,128,0.00605
MNIST_QNN_eff_su2_r5_d6_s43,noisy_shot,mean_api_probabilities,learned_mlp_pv,1,repeat_20x128_minus_1x128,20,128,1,128,-0.0040000000000000036
MNIST_QNN_eff_su2_r5_d6_s43,noisy_shot,mean_api_probabilities,learned_mlp_pv,1,equal_total_5x512_minus_1x2560,5,512,1,2560,0.017349999999999977
MNIST_QNN_eff_su2_r5_d6_s43,noisy_shot,mean_api_probabilities,learned_mlp_pv,1,equal_total_20x128_minus_1x2560,20,128,1,2560,-0.02429999999999999
MNIST_QNN_eff_su2_r5_d6_s43,noisy_shot,mean_api_probabilities,learned_mlp_pv,2,single_shot_512_minus_128,1,512,1,128,0.012649999999999939
MNIST_QNN_eff_su2_r5_d6_s43,noisy_shot,mean_api_probabilities,learned_mlp_pv,2,single_shot_2560_minus_128,1,2560,1,128,0.07169999999999987
MNIST_QNN_eff_su2_r5_d6_s43,noisy_shot,mean_api_probabilities,learned_mlp_pv,2,repeat_5x128_minus_1x128,5,128,1,128,0.002949999999999897
MNIST_QNN_eff_su2_r5_d6_s43,noisy_shot,mean_api_probabilities,learned_mlp_pv,2,repeat_20x128_minus_1x128,20,128,1,128,-0.024925000000000086
MNIST_QNN_eff_su2_r5_d6_s43,noisy_shot,mean_api_probabilities,learned_mlp_pv,2,equal_total_5x512_minus_1x2560,5,512,1,2560,-0.014024999999999954
MNIST_QNN_eff_su2_r5_d6_s43,noisy_shot,mean_api_probabilities,learned_mlp_pv,2,equal_total_20x128_minus_1x2560,20,128,1,2560,-0.09662499999999996
MNIST_QNN_eff_su2_r5_d6_s43,noisy_shot,mean_api_probabilities,learned_mlp_pv,3,single_shot_512_minus_128,1,512,1,128,0.023025000000000018
MNIST_QNN_eff_su2_r5_d6_s43,noisy_shot,mean_api_probabilities,learned_mlp_pv,3,single_shot_2560_minus_128,1,2560,1,128,0.03722500000000001
MNIST_QNN_eff_su2_r5_d6_s43,noisy_shot,mean_api_probabilities,learned_mlp_pv,3,repeat_5x128_minus_1x128,5,128,1,128,0.040925000000000045
MNIST_QNN_eff_su2_r5_d6_s43,noisy_shot,mean_api_probabilities,learned_mlp_pv,3,repeat_20x128_minus_1x128,20,128,1,128,0.05404999999999999
MNIST_QNN_eff_su2_r5_d6_s43,noisy_shot,mean_api_probabilities,learned_mlp_pv,3,equal_total_5x512_minus_1x2560,5,512,1,2560,0.07132500000000008
MNIST_QNN_eff_su2_r5_d6_s43,noisy_shot,mean_api_probabilities,learned_mlp_pv,3,equal_total_20x128_minus_1x2560,20,128,1,2560,0.01682499999999998
MNIST_QNN_eff_su2_r5_d6_s43,noisy_shot,mean_api_probabilities,learned_mlp_pv,4,single_shot_512_minus_128,1,512,1,128,-0.025349999999999984
MNIST_QNN_eff_su2_r5_d6_s43,noisy_shot,mean_api_probabilities,learned_mlp_pv,4,single_shot_2560_minus_128,1,2560,1,128,-0.0008000000000000229
MNIST_QNN_eff_su2_r5_d6_s43,noisy_shot,mean_api_probabilities,learned_mlp_pv,4,repeat_5x128_minus_1x128,5,128,1,128,-0.066975
MNIST_QNN_eff_su2_r5_d6_s43,noisy_shot,mean_api_probabilities,learned_mlp_pv,4,repeat_20x128_minus_1x128,20,128,1,128,0.019649999999999945
MNIST_QNN_eff_su2_r5_d6_s43,noisy_shot,mean_api_probabilities,learned_mlp_pv,4,equal_total_5x512_minus_1x2560,5,512,1,2560,0.015275000000000039
MNIST_QNN_eff_su2_r5_d6_s43,noisy_shot,mean_api_probabilities,learned_mlp_pv,4,equal_total_20x128_minus_1x2560,20,128,1,2560,0.020449999999999968
MNIST_QNN_eff_su2_r5_d6_s43,noisy_shot,mean_api_probabilities,learned_mlp_pv,5,single_shot_512_minus_128,1,512,1,128,-0.03354999999999997
MNIST_QNN_eff_su2_r5_d6_s43,noisy_shot,mean_api_probabilities,learned_mlp_pv,5,single_shot_2560_minus_128,1,2560,1,128,0.012300000000000089
MNIST_QNN_eff_su2_r5_d6_s43,noisy_shot,mean_api_probabilities,learned_mlp_pv,5,repeat_5x128_minus_1x128,5,128,1,128,0.018524999999999903
MNIST_QNN_eff_su2_r5_d6_s43,noisy_shot,mean_api_probabilities,learned_mlp_pv,5,repeat_20x128_minus_1x128,20,128,1,128,0.03842500000000004
MNIST_QNN_eff_su2_r5_d6_s43,noisy_shot,mean_api_probabilities,learned_mlp_pv,5,equal_total_5x512_minus_1x2560,5,512,1,2560,-0.03637500000000016
MNIST_QNN_eff_su2_r5_d6_s43,noisy_shot,mean_api_probabilities,learned_mlp_pv,5,equal_total_20x128_minus_1x2560,20,128,1,2560,0.026124999999999954
MNIST_QNN_eff_su2_r5_d6_s43,noisy_shot,mean_api_probabilities,learned_mlp_pv,6,single_shot_512_minus_128,1,512,1,128,0.045074999999999976
MNIST_QNN_eff_su2_r5_d6_s43,noisy_shot,mean_api_probabilities,learned_mlp_pv,6,single_shot_2560_minus_128,1,2560,1,128,0.013500000000000012
MNIST_QNN_eff_su2_r5_d6_s43,noisy_shot,mean_api_probabilities,learned_mlp_pv,6,repeat_5x128_minus_1x128,5,128,1,128,-0.0019750000000000045
MNIST_QNN_eff_su2_r5_d6_s43,noisy_shot,mean_api_probabilities,learned_mlp_pv,6,repeat_20x128_minus_1x128,20,128,1,128,0.06912499999999999
MNIST_QNN_eff_su2_r5_d6_s43,noisy_shot,mean_api_probabilities,learned_mlp_pv,6,equal_total_5x512_minus_1x2560,5,512,1,2560,0.029899999999999982
MNIST_QNN_eff_su2_r5_d6_s43,noisy_shot,mean_api_probabilities,learned_mlp_pv,6,equal_total_20x128_minus_1x2560,20,128,1,2560,0.05562499999999998
MNIST_QNN_eff_su2_r5_d6_s43,noisy_shot,mean_api_probabilities,learned_mlp_pv,7,single_shot_512_minus_128,1,512,1,128,-0.005649999999999933
MNIST_QNN_eff_su2_r5_d6_s43,noisy_shot,mean_api_probabilities,learned_mlp_pv,7,single_shot_2560_minus_128,1,2560,1,128,0.050225000000000075
MNIST_QNN_eff_su2_r5_d6_s43,noisy_shot,mean_api_probabilities,learned_mlp_pv,7,repeat_5x128_minus_1x128,5,128,1,128,0.033600000000000074
MNIST_QNN_eff_su2_r5_d6_s43,noisy_shot,mean_api_probabilities,learned_mlp_pv,7,repeat_20x128_minus_1x128,20,128,1,128,0.02420000000000011
MNIST_QNN_eff_su2_r5_d6_s43,noisy_shot,mean_api_probabilities,learned_mlp_pv,7,equal_total_5x512_minus_1x2560,5,512,1,2560,-0.05924999999999997
MNIST_QNN_eff_su2_r5_d6_s43,noisy_shot,mean_api_probabilities,learned_mlp_pv,7,equal_total_20x128_minus_1x2560,20,128,1,2560,-0.026024999999999965
MNIST_QNN_eff_su2_r5_d6_s43,noisy_shot,mean_api_probabilities,learned_mlp_pv,8,single_shot_512_minus_128,1,512,1,128,0.1003750000000001
MNIST_QNN_eff_su2_r5_d6_s43,noisy_shot,mean_api_probabilities,learned_mlp_pv,8,single_shot_2560_minus_128,1,2560,1,128,0.120475
MNIST_QNN_eff_su2_r5_d6_s43,noisy_shot,mean_api_probabilities,learned_mlp_pv,8,repeat_5x128_minus_1x128,5,128,1,128,0.04157499999999997
MNIST_QNN_eff_su2_r5_d6_s43,noisy_shot,mean_api_probabilities,learned_mlp_pv,8,repeat_20x128_minus_1x128,20,128,1,128,0.08482500000000004
MNIST_QNN_eff_su2_r5_d6_s43,noisy_shot,mean_api_probabilities,learned_mlp_pv,8,equal_total_5x512_minus_1x2560,5,512,1,2560,-0.0019500000000000073
MNIST_QNN_eff_su2_r5_d6_s43,noisy_shot,mean_api_probabilities,learned_mlp_pv,8,equal_total_20x128_minus_1x2560,20,128,1,2560,-0.03564999999999996
MNIST_QNN_eff_su2_r5_d6_s43,noisy_shot,mean_api_probabilities,learned_mlp_pv,9,single_shot_512_minus_128,1,512,1,128,0.004374999999999962
MNIST_QNN_eff_su2_r5_d6_s43,noisy_shot,mean_api_probabilities,learned_mlp_pv,9,single_shot_2560_minus_128,1,2560,1,128,0.02020000000000005
MNIST_QNN_eff_su2_r5_d6_s43,noisy_shot,mean_api_probabilities,learned_mlp_pv,9,repeat_5x128_minus_1x128,5,128,1,128,0.009099999999999941
MNIST_QNN_eff_su2_r5_d6_s43,noisy_shot,mean_api_probabilities,learned_mlp_pv,9,repeat_20x128_minus_1x128,20,128,1,128,0.028749999999999998
MNIST_QNN_eff_su2_r5_d6_s43,noisy_shot,mean_api_probabilities,learned_mlp_pv,9,equal_total_5x512_minus_1x2560,5,512,1,2560,0.015724999999999878
MNIST_QNN_eff_su2_r5_d6_s43,noisy_shot,mean_api_probabilities,learned_mlp_pv,9,equal_total_20x128_minus_1x2560,20,128,1,2560,0.008549999999999947
MNIST_QNN_eff_su2_r5_d6_s43,noisy_shot,mean_api_probabilities,learned_mlp_pv_mean_std,0,single_shot_512_minus_128,1,512,1,128,-0.0060749999999999416
MNIST_QNN_eff_su2_r5_d6_s43,noisy_shot,mean_api_probabilities,learned_mlp_pv_mean_std,0,single_shot_2560_minus_128,1,2560,1,128,0.03057500000000002
MNIST_QNN_eff_su2_r5_d6_s43,noisy_shot,mean_api_probabilities,learned_mlp_pv_mean_std,0,repeat_5x128_minus_1x128,5,128,1,128,-0.05895
MNIST_QNN_eff_su2_r5_d6_s43,noisy_shot,mean_api_probabilities,learned_mlp_pv_mean_std,0,repeat_20x128_minus_1x128,20,128,1,128,0.01860000000000006
MNIST_QNN_eff_su2_r5_d6_s43,noisy_shot,mean_api_probabilities,learned_mlp_pv_mean_std,0,equal_total_5x512_minus_1x2560,5,512,1,2560,-0.041075000000000084
MNIST_QNN_eff_su2_r5_d6_s43,noisy_shot,mean_api_probabilities,learned_mlp_pv_mean_std,0,equal_total_20x128_minus_1x2560,20,128,1,2560,-0.011974999999999958
MNIST_QNN_eff_su2_r5_d6_s43,noisy_shot,mean_api_probabilities,learned_mlp_pv_mean_std,1,single_shot_512_minus_128,1,512,1,128,0.0237750000000001
MNIST_QNN_eff_su2_r5_d6_s43,noisy_shot,mean_api_probabilities,learned_mlp_pv_mean_std,1,single_shot_2560_minus_128,1,2560,1,128,0.003575000000000106
MNIST_QNN_eff_su2_r5_d6_s43,noisy_shot,mean_api_probabilities,learned_mlp_pv_mean_std,1,repeat_5x128_minus_1x128,5,128,1,128,0.0038000000000000256
MNIST_QNN_eff_su2_r5_d6_s43,noisy_shot,mean_api_probabilities,learned_mlp_pv_mean_std,1,repeat_20x128_minus_1x128,20,128,1,128,0.02300000000000002
MNIST_QNN_eff_su2_r5_d6_s43,noisy_shot,mean_api_probabilities,learned_mlp_pv_mean_std,1,equal_total_5x512_minus_1x2560,5,512,1,2560,-0.023475000000000024
MNIST_QNN_eff_su2_r5_d6_s43,noisy_shot,mean_api_probabilities,learned_mlp_pv_mean_std,1,equal_total_20x128_minus_1x2560,20,128,1,2560,0.019424999999999915
MNIST_QNN_eff_su2_r5_d6_s43,noisy_shot,mean_api_probabilities,learned_mlp_pv_mean_std,2,single_shot_512_minus_128,1,512,1,128,0.04290000000000005
MNIST_QNN_eff_su2_r5_d6_s43,noisy_shot,mean_api_probabilities,learned_mlp_pv_mean_std,2,single_shot_2560_minus_128,1,2560,1,128,0.08167500000000016
MNIST_QNN_eff_su2_r5_d6_s43,noisy_shot,mean_api_probabilities,learned_mlp_pv_mean_std,2,repeat_5x128_minus_1x128,5,128,1,128,0.014375000000000082
MNIST_QNN_eff_su2_r5_d6_s43,noisy_shot,mean_api_probabilities,learned_mlp_pv_mean_std,2,repeat_20x128_minus_1x128,20,128,1,128,0.036125000000000074
MNIST_QNN_eff_su2_r5_d6_s43,noisy_shot,mean_api_probabilities,learned_mlp_pv_mean_std,2,equal_total_5x512_minus_1x2560,5,512,1,2560,-0.009300000000000086
MNIST_QNN_eff_su2_r5_d6_s43,noisy_shot,mean_api_probabilities,learned_mlp_pv_mean_std,2,equal_total_20x128_minus_1x2560,20,128,1,2560,-0.04555000000000009
MNIST_QNN_eff_su2_r5_d6_s43,noisy_shot,mean_api_probabilities,learned_mlp_pv_mean_std,3,single_shot_512_minus_128,1,512,1,128,0.04440000000000016
MNIST_QNN_eff_su2_r5_d6_s43,noisy_shot,mean_api_probabilities,learned_mlp_pv_mean_std,3,single_shot_2560_minus_128,1,2560,1,128,0.027800000000000102
MNIST_QNN_eff_su2_r5_d6_s43,noisy_shot,mean_api_probabilities,learned_mlp_pv_mean_std,3,repeat_5x128_minus_1x128,5,128,1,128,0.0021750000000000935
MNIST_QNN_eff_su2_r5_d6_s43,noisy_shot,mean_api_probabilities,learned_mlp_pv_mean_std,3,repeat_20x128_minus_1x128,20,128,1,128,0.03270000000000012
MNIST_QNN_eff_su2_r5_d6_s43,noisy_shot,mean_api_probabilities,learned_mlp_pv_mean_std,3,equal_total_5x512_minus_1x2560,5,512,1,2560,-0.020199999999999996
MNIST_QNN_eff_su2_r5_d6_s43,noisy_shot,mean_api_probabilities,learned_mlp_pv_mean_std,3,equal_total_20x128_minus_1x2560,20,128,1,2560,0.0049000000000000155
MNIST_QNN_eff_su2_r5_d6_s43,noisy_shot,mean_api_probabilities,learned_mlp_pv_mean_std,4,single_shot_512_minus_128,1,512,1,128,-0.022850000000000037
MNIST_QNN_eff_su2_r5_d6_s43,noisy_shot,mean_api_probabilities,learned_mlp_pv_mean_std,4,single_shot_2560_minus_128,1,2560,1,128,0.033400000000000096
MNIST_QNN_eff_su2_r5_d6_s43,noisy_shot,mean_api_probabilities,learned_mlp_pv_mean_std,4,repeat_5x128_minus_1x128,5,128,1,128,-0.07447500000000001
MNIST_QNN_eff_su2_r5_d6_s43,noisy_shot,mean_api_probabilities,learned_mlp_pv_mean_std,4,repeat_20x128_minus_1x128,20,128,1,128,0.06647500000000006
MNIST_QNN_eff_su2_r5_d6_s43,noisy_shot,mean_api_probabilities,learned_mlp_pv_mean_std,4,equal_total_5x512_minus_1x2560,5,512,1,2560,-0.023525000000000018
MNIST_QNN_eff_su2_r5_d6_s43,noisy_shot,mean_api_probabilities,learned_mlp_pv_mean_std,4,equal_total_20x128_minus_1x2560,20,128,1,2560,0.033074999999999966
MNIST_QNN_eff_su2_r5_d6_s43,noisy_shot,mean_api_probabilities,learned_mlp_pv_mean_std,5,single_shot_512_minus_128,1,512,1,128,-0.01845000000000019
MNIST_QNN_eff_su2_r5_d6_s43,noisy_shot,mean_api_probabilities,learned_mlp_pv_mean_std,5,single_shot_2560_minus_128,1,2560,1,128,-0.013375000000000137
MNIST_QNN_eff_su2_r5_d6_s43,noisy_shot,mean_api_probabilities,learned_mlp_pv_mean_std,5,repeat_5x128_minus_1x128,5,128,1,128,0.0039999999999998925
MNIST_QNN_eff_su2_r5_d6_s43,noisy_shot,mean_api_probabilities,learned_mlp_pv_mean_std,5,repeat_20x128_minus_1x128,20,128,1,128,-0.008325000000000027
MNIST_QNN_eff_su2_r5_d6_s43,noisy_shot,mean_api_probabilities,learned_mlp_pv_mean_std,5,equal_total_5x512_minus_1x2560,5,512,1,2560,0.017625000000000002
MNIST_QNN_eff_su2_r5_d6_s43,noisy_shot,mean_api_probabilities,learned_mlp_pv_mean_std,5,equal_total_20x128_minus_1x2560,20,128,1,2560,0.00505000000000011
MNIST_QNN_eff_su2_r5_d6_s43,noisy_shot,mean_api_probabilities,learned_mlp_pv_mean_std,6,single_shot_512_minus_128,1,512,1,128,0.03452499999999997
MNIST_QNN_eff_su2_r5_d6_s43,noisy_shot,mean_api_probabilities,learned_mlp_pv_mean_std,6,single_shot_2560_minus_128,1,2560,1,128,0.03967500000000007
MNIST_QNN_eff_su2_r5_d6_s43,noisy_shot,mean_api_probabilities,learned_mlp_pv_mean_std,6,repeat_5x128_minus_1x128,5,128,1,128,0.0067250000000000365
MNIST_QNN_eff_su2_r5_d6_s43,noisy_shot,mean_api_probabilities,learned_mlp_pv_mean_std,6,repeat_20x128_minus_1x128,20,128,1,128,0.05867499999999998
MNIST_QNN_eff_su2_r5_d6_s43,noisy_shot,mean_api_probabilities,learned_mlp_pv_mean_std,6,equal_total_5x512_minus_1x2560,5,512,1,2560,-0.0007749999999999702
MNIST_QNN_eff_su2_r5_d6_s43,noisy_shot,mean_api_probabilities,learned_mlp_pv_mean_std,6,equal_total_20x128_minus_1x2560,20,128,1,2560,0.018999999999999906
MNIST_QNN_eff_su2_r5_d6_s43,noisy_shot,mean_api_probabilities,learned_mlp_pv_mean_std,7,single_shot_512_minus_128,1,512,1,128,-0.022499999999999964
MNIST_QNN_eff_su2_r5_d6_s43,noisy_shot,mean_api_probabilities,learned_mlp_pv_mean_std,7,single_shot_2560_minus_128,1,2560,1,128,-0.004050000000000109
MNIST_QNN_eff_su2_r5_d6_s43,noisy_shot,mean_api_probabilities,learned_mlp_pv_mean_std,7,repeat_5x128_minus_1x128,5,128,1,128,0.015149999999999886
MNIST_QNN_eff_su2_r5_d6_s43,noisy_shot,mean_api_probabilities,learned_mlp_pv_mean_std,7,repeat_20x128_minus_1x128,20,128,1,128,0.028424999999999923
MNIST_QNN_eff_su2_r5_d6_s43,noisy_shot,mean_api_probabilities,learned_mlp_pv_mean_std,7,equal_total_5x512_minus_1x2560,5,512,1,2560,-0.0018999999999999018
MNIST_QNN_eff_su2_r5_d6_s43,noisy_shot,mean_api_probabilities,learned_mlp_pv_mean_std,7,equal_total_20x128_minus_1x2560,20,128,1,2560,0.03247500000000003
MNIST_QNN_eff_su2_r5_d6_s43,noisy_shot,mean_api_probabilities,learned_mlp_pv_mean_std,8,single_shot_512_minus_128,1,512,1,128,0.06230000000000002
MNIST_QNN_eff_su2_r5_d6_s43,noisy_shot,mean_api_probabilities,learned_mlp_pv_mean_std,8,single_shot_2560_minus_128,1,2560,1,128,0.08082500000000004
MNIST_QNN_eff_su2_r5_d6_s43,noisy_shot,mean_api_probabilities,learned_mlp_pv_mean_std,8,repeat_5x128_minus_1x128,5,128,1,128,0.00269999999999998
MNIST_QNN_eff_su2_r5_d6_s43,noisy_shot,mean_api_probabilities,learned_mlp_pv_mean_std,8,repeat_20x128_minus_1x128,20,128,1,128,0.06577500000000003
MNIST_QNN_eff_su2_r5_d6_s43,noisy_shot,mean_api_probabilities,learned_mlp_pv_mean_std,8,equal_total_5x512_minus_1x2560,5,512,1,2560,-0.07592499999999996
MNIST_QNN_eff_su2_r5_d6_s43,noisy_shot,mean_api_probabilities,learned_mlp_pv_mean_std,8,equal_total_20x128_minus_1x2560,20,128,1,2560,-0.015050000000000008
MNIST_QNN_eff_su2_r5_d6_s43,noisy_shot,mean_api_probabilities,learned_mlp_pv_mean_std,9,single_shot_512_minus_128,1,512,1,128,0.02410000000000012
MNIST_QNN_eff_su2_r5_d6_s43,noisy_shot,mean_api_probabilities,learned_mlp_pv_mean_std,9,single_shot_2560_minus_128,1,2560,1,128,0.05975000000000008
MNIST_QNN_eff_su2_r5_d6_s43,noisy_shot,mean_api_probabilities,learned_mlp_pv_mean_std,9,repeat_5x128_minus_1x128,5,128,1,128,0.0038250000000000783
MNIST_QNN_eff_su2_r5_d6_s43,noisy_shot,mean_api_probabilities,learned_mlp_pv_mean_std,9,repeat_20x128_minus_1x128,20,128,1,128,0.03832500000000005
MNIST_QNN_eff_su2_r5_d6_s43,noisy_shot,mean_api_probabilities,learned_mlp_pv_mean_std,9,equal_total_5x512_minus_1x2560,5,512,1,2560,-0.033950000000000036
MNIST_QNN_eff_su2_r5_d6_s43,noisy_shot,mean_api_probabilities,learned_mlp_pv_mean_std,9,equal_total_20x128_minus_1x2560,20,128,1,2560,-0.021425000000000027
MNIST_QNN_eff_su2_r5_d6_s43,noisy_shot,mean_api_probabilities,loss,0,single_shot_512_minus_128,1,512,1,128,0.01287499999999997
MNIST_QNN_eff_su2_r5_d6_s43,noisy_shot,mean_api_probabilities,loss,0,single_shot_2560_minus_128,1,2560,1,128,0.004999999999999893
MNIST_QNN_eff_su2_r5_d6_s43,noisy_shot,mean_api_probabilities,loss,0,repeat_5x128_minus_1x128,5,128,1,128,0.014499999999999957
MNIST_QNN_eff_su2_r5_d6_s43,noisy_shot,mean_api_probabilities,loss,0,repeat_20x128_minus_1x128,20,128,1,128,0.016249999999999987
MNIST_QNN_eff_su2_r5_d6_s43,noisy_shot,mean_api_probabilities,loss,0,equal_total_5x512_minus_1x2560,5,512,1,2560,0.002950000000000008
MNIST_QNN_eff_su2_r5_d6_s43,noisy_shot,mean_api_probabilities,loss,0,equal_total_20x128_minus_1x2560,20,128,1,2560,0.011250000000000093
MNIST_QNN_eff_su2_r5_d6_s43,noisy_shot,mean_api_probabilities,loss,1,single_shot_512_minus_128,1,512,1,128,0.0625500000000001
MNIST_QNN_eff_su2_r5_d6_s43,noisy_shot,mean_api_probabilities,loss,1,single_shot_2560_minus_128,1,2560,1,128,0.07225000000000004
MNIST_QNN_eff_su2_r5_d6_s43,noisy_shot,mean_api_probabilities,loss,1,repeat_5x128_minus_1x128,5,128,1,128,0.027200000000000002
MNIST_QNN_eff_su2_r5_d6_s43,noisy_shot,mean_api_probabilities,loss,1,repeat_20x128_minus_1x128,20,128,1,128,0.058050000000000046
MNIST_QNN_eff_su2_r5_d6_s43,noisy_shot,mean_api_probabilities,loss,1,equal_total_5x512_minus_1x2560,5,512,1,2560,-0.013050000000000006
MNIST_QNN_eff_su2_r5_d6_s43,noisy_shot,mean_api_probabilities,loss,1,equal_total_20x128_minus_1x2560,20,128,1,2560,-0.01419999999999999
MNIST_QNN_eff_su2_r5_d6_s43,noisy_shot,mean_api_probabilities,loss,2,single_shot_512_minus_128,1,512,1,128,0.054624999999999924
MNIST_QNN_eff_su2_r5_d6_s43,noisy_shot,mean_api_probabilities,loss,2,single_shot_2560_minus_128,1,2560,1,128,0.06572499999999981
MNIST_QNN_eff_su2_r5_d6_s43,noisy_shot,mean_api_probabilities,loss,2,repeat_5x128_minus_1x128,5,128,1,128,0.03794999999999993
MNIST_QNN_eff_su2_r5_d6_s43,noisy_shot,mean_api_probabilities,loss,2,repeat_20x128_minus_1x128,20,128,1,128,0.04312499999999986
MNIST_QNN_eff_su2_r5_d6_s43,noisy_shot,mean_api_probabilities,loss,2,equal_total_5x512_minus_1x2560,5,512,1,2560,0.0061500000000001
MNIST_QNN_eff_su2_r5_d6_s43,noisy_shot,mean_api_probabilities,loss,2,equal_total_20x128_minus_1x2560,20,128,1,2560,-0.022599999999999953
MNIST_QNN_eff_su2_r5_d6_s43,noisy_shot,mean_api_probabilities,loss,3,single_shot_512_minus_128,1,512,1,128,0.0242
MNIST_QNN_eff_su2_r5_d6_s43,noisy_shot,mean_api_probabilities,loss,3,single_shot_2560_minus_128,1,2560,1,128,0.041424999999999934
MNIST_QNN_eff_su2_r5_d6_s43,noisy_shot,mean_api_probabilities,loss,3,repeat_5x128_minus_1x128,5,128,1,128,0.008274999999999921
MNIST_QNN_eff_su2_r5_d6_s43,noisy_shot,mean_api_probabilities,loss,3,repeat_20x128_minus_1x128,20,128,1,128,0.033974999999999866
MNIST_QNN_eff_su2_r5_d6_s43,noisy_shot,mean_api_probabilities,loss,3,equal_total_5x512_minus_1x2560,5,512,1,2560,-0.010549999999999948
MNIST_QNN_eff_su2_r5_d6_s43,noisy_shot,mean_api_probabilities,loss,3,equal_total_20x128_minus_1x2560,20,128,1,2560,-0.007450000000000068
MNIST_QNN_eff_su2_r5_d6_s43,noisy_shot,mean_api_probabilities,loss,4,single_shot_512_minus_128,1,512,1,128,0.025500000000000078
MNIST_QNN_eff_su2_r5_d6_s43,noisy_shot,mean_api_probabilities,loss,4,single_shot_2560_minus_128,1,2560,1,128,0.022050000000000014
MNIST_QNN_eff_su2_r5_d6_s43,noisy_shot,mean_api_probabilities,loss,4,repeat_5x128_minus_1x128,5,128,1,128,0.02232500000000015
MNIST_QNN_eff_su2_r5_d6_s43,noisy_shot,mean_api_probabilities,loss,4,repeat_20x128_minus_1x128,20,128,1,128,0.016974999999999962
MNIST_QNN_eff_su2_r5_d6_s43,noisy_shot,mean_api_probabilities,loss,4,equal_total_5x512_minus_1x2560,5,512,1,2560,0.0008750000000000702
MNIST_QNN_eff_su2_r5_d6_s43,noisy_shot,mean_api_probabilities,loss,4,equal_total_20x128_minus_1x2560,20,128,1,2560,-0.005075000000000052
MNIST_QNN_eff_su2_r5_d6_s43,noisy_shot,mean_api_probabilities,loss,5,single_shot_512_minus_128,1,512,1,128,0.028850000000000042
MNIST_QNN_eff_su2_r5_d6_s43,noisy_shot,mean_api_probabilities,loss,5,single_shot_2560_minus_128,1,2560,1,128,0.049149999999999916
MNIST_QNN_eff_su2_r5_d6_s43,noisy_shot,mean_api_probabilities,loss,5,repeat_5x128_minus_1x128,5,128,1,128,0.04457500000000003
MNIST_QNN_eff_su2_r5_d6_s43,noisy_shot,mean_api_probabilities,loss,5,repeat_20x128_minus_1x128,20,128,1,128,0.05010000000000003
MNIST_QNN_eff_su2_r5_d6_s43,noisy_shot,mean_api_probabilities,loss,5,equal_total_5x512_minus_1x2560,5,512,1,2560,0.006375000000000242
MNIST_QNN_eff_su2_r5_d6_s43,noisy_shot,mean_api_probabilities,loss,5,equal_total_20x128_minus_1x2560,20,128,1,2560,0.0009500000000001174
MNIST_QNN_eff_su2_r5_d6_s43,noisy_shot,mean_api_probabilities,loss,6,single_shot_512_minus_128,1,512,1,128,0.03607499999999997
MNIST_QNN_eff_su2_r5_d6_s43,noisy_shot,mean_api_probabilities,loss,6,single_shot_2560_minus_128,1,2560,1,128,0.06119999999999992
MNIST_QNN_eff_su2_r5_d6_s43,noisy_shot,mean_api_probabilities,loss,6,repeat_5x128_minus_1x128,5,128,1,128,0.02982499999999999
MNIST_QNN_eff_su2_r5_d6_s43,noisy_shot,mean_api_probabilities,loss,6,repeat_20x128_minus_1x128,20,128,1,128,0.06455
MNIST_QNN_eff_su2_r5_d6_s43,noisy_shot,mean_api_probabilities,loss,6,equal_total_5x512_minus_1x2560,5,512,1,2560,0.0022500000000000853
MNIST_QNN_eff_su2_r5_d6_s43,noisy_shot,mean_api_probabilities,loss,6,equal_total_20x128_minus_1x2560,20,128,1,2560,0.003350000000000075
MNIST_QNN_eff_su2_r5_d6_s43,noisy_shot,mean_api_probabilities,loss,7,single_shot_512_minus_128,1,512,1,128,0.04157499999999992
MNIST_QNN_eff_su2_r5_d6_s43,noisy_shot,mean_api_probabilities,loss,7,single_shot_2560_minus_128,1,2560,1,128,0.05292500000000011
MNIST_QNN_eff_su2_r5_d6_s43,noisy_shot,mean_api_probabilities,loss,7,repeat_5x128_minus_1x128,5,128,1,128,0.01617499999999994
MNIST_QNN_eff_su2_r5_d6_s43,noisy_shot,mean_api_probabilities,loss,7,repeat_20x128_minus_1x128,20,128,1,128,0.023575000000000013
MNIST_QNN_eff_su2_r5_d6_s43,noisy_shot,mean_api_probabilities,loss,7,equal_total_5x512_minus_1x2560,5,512,1,2560,-0.015250000000000208
MNIST_QNN_eff_su2_r5_d6_s43,noisy_shot,mean_api_probabilities,loss,7,equal_total_20x128_minus_1x2560,20,128,1,2560,-0.029350000000000098
MNIST_QNN_eff_su2_r5_d6_s43,noisy_shot,mean_api_probabilities,loss,8,single_shot_512_minus_128,1,512,1,128,0.035475000000000034
MNIST_QNN_eff_su2_r5_d6_s43,noisy_shot,mean_api_probabilities,loss,8,single_shot_2560_minus_128,1,2560,1,128,0.06780000000000008
MNIST_QNN_eff_su2_r5_d6_s43,noisy_shot,mean_api_probabilities,loss,8,repeat_5x128_minus_1x128,5,128,1,128,0.035599999999999965
MNIST_QNN_eff_su2_r5_d6_s43,noisy_shot,mean_api_probabilities,loss,8,repeat_20x128_minus_1x128,20,128,1,128,0.04112500000000008
MNIST_QNN_eff_su2_r5_d6_s43,noisy_shot,mean_api_probabilities,loss,8,equal_total_5x512_minus_1x2560,5,512,1,2560,-0.01637500000000003
MNIST_QNN_eff_su2_r5_d6_s43,noisy_shot,mean_api_probabilities,loss,8,equal_total_20x128_minus_1x2560,20,128,1,2560,-0.026675000000000004
MNIST_QNN_eff_su2_r5_d6_s43,noisy_shot,mean_api_probabilities,loss,9,single_shot_512_minus_128,1,512,1,128,0.03807499999999997
MNIST_QNN_eff_su2_r5_d6_s43,noisy_shot,mean_api_probabilities,loss,9,single_shot_2560_minus_128,1,2560,1,128,0.09167499999999995
MNIST_QNN_eff_su2_r5_d6_s43,noisy_shot,mean_api_probabilities,loss,9,repeat_5x128_minus_1x128,5,128,1,128,0.04227499999999995
MNIST_QNN_eff_su2_r5_d6_s43,noisy_shot,mean_api_probabilities,loss,9,repeat_20x128_minus_1x128,20,128,1,128,0.06205000000000005
MNIST_QNN_eff_su2_r5_d6_s43,noisy_shot,mean_api_probabilities,loss,9,equal_total_5x512_minus_1x2560,5,512,1,2560,-0.01915000000000011
MNIST_QNN_eff_su2_r5_d6_s43,noisy_shot,mean_api_probabilities,loss,9,equal_total_20x128_minus_1x2560,20,128,1,2560,-0.0296249999999999
MNIST_QNN_eff_su2_r5_d6_s43,noisy_shot,mean_api_probabilities,margin,0,single_shot_512_minus_128,1,512,1,128,0.04754999999999998
MNIST_QNN_eff_su2_r5_d6_s43,noisy_shot,mean_api_probabilities,margin,0,single_shot_2560_minus_128,1,2560,1,128,0.03269999999999995
MNIST_QNN_eff_su2_r5_d6_s43,noisy_shot,mean_api_probabilities,margin,0,repeat_5x128_minus_1x128,5,128,1,128,0.041425000000000045
MNIST_QNN_eff_su2_r5_d6_s43,noisy_shot,mean_api_probabilities,margin,0,repeat_20x128_minus_1x128,20,128,1,128,0.04620000000000002
MNIST_QNN_eff_su2_r5_d6_s43,noisy_shot,mean_api_probabilities,margin,0,equal_total_5x512_minus_1x2560,5,512,1,2560,0.010725000000000096
MNIST_QNN_eff_su2_r5_d6_s43,noisy_shot,mean_api_probabilities,margin,0,equal_total_20x128_minus_1x2560,20,128,1,2560,0.013500000000000068
MNIST_QNN_eff_su2_r5_d6_s43,noisy_shot,mean_api_probabilities,margin,1,single_shot_512_minus_128,1,512,1,128,0.11477500000000007
MNIST_QNN_eff_su2_r5_d6_s43,noisy_shot,mean_api_probabilities,margin,1,single_shot_2560_minus_128,1,2560,1,128,0.13090000000000002
MNIST_QNN_eff_su2_r5_d6_s43,noisy_shot,mean_api_probabilities,margin,1,repeat_5x128_minus_1x128,5,128,1,128,0.07967500000000005
MNIST_QNN_eff_su2_r5_d6_s43,noisy_shot,mean_api_probabilities,margin,1,repeat_20x128_minus_1x128,20,128,1,128,0.12103750000000002
MNIST_QNN_eff_su2_r5_d6_s43,noisy_shot,mean_api_probabilities,margin,1,equal_total_5x512_minus_1x2560,5,512,1,2560,-0.012024999999999952
MNIST_QNN_eff_su2_r5_d6_s43,noisy_shot,mean_api_probabilities,margin,1,equal_total_20x128_minus_1x2560,20,128,1,2560,-0.009862499999999996
MNIST_QNN_eff_su2_r5_d6_s43,noisy_shot,mean_api_probabilities,margin,2,single_shot_512_minus_128,1,512,1,128,0.10032500000000005
MNIST_QNN_eff_su2_r5_d6_s43,noisy_shot,mean_api_probabilities,margin,2,single_shot_2560_minus_128,1,2560,1,128,0.11790000000000006
MNIST_QNN_eff_su2_r5_d6_s43,noisy_shot,mean_api_probabilities,margin,2,repeat_5x128_minus_1x128,5,128,1,128,0.0777250000000001
MNIST_QNN_eff_su2_r5_d6_s43,noisy_shot,mean_api_probabilities,margin,2,repeat_20x128_minus_1x128,20,128,1,128,0.0832
MNIST_QNN_eff_su2_r5_d6_s43,noisy_shot,mean_api_probabilities,margin,2,equal_total_5x512_minus_1x2560,5,512,1,2560,0.0016500000000000403
MNIST_QNN_eff_su2_r5_d6_s43,noisy_shot,mean_api_probabilities,margin,2,equal_total_20x128_minus_1x2560,20,128,1,2560,-0.034700000000000064
MNIST_QNN_eff_su2_r5_d6_s43,noisy_shot,mean_api_probabilities,margin,3,single_shot_512_minus_128,1,512,1,128,0.0648999999999999
MNIST_QNN_eff_su2_r5_d6_s43,noisy_shot,mean_api_probabilities,margin,3,single_shot_2560_minus_128,1,2560,1,128,0.06947500000000001
MNIST_QNN_eff_su2_r5_d6_s43,noisy_shot,mean_api_probabilities,margin,3,repeat_5x128_minus_1x128,5,128,1,128,0.024524999999999963
MNIST_QNN_eff_su2_r5_d6_s43,noisy_shot,mean_api_probabilities,margin,3,repeat_20x128_minus_1x128,20,128,1,128,0.04997500000000005
MNIST_QNN_eff_su2_r5_d6_s43,noisy_shot,mean_api_probabilities,margin,3,equal_total_5x512_minus_1x2560,5,512,1,2560,-0.007225000000000037
MNIST_QNN_eff_su2_r5_d6_s43,noisy_shot,mean_api_probabilities,margin,3,equal_total_20x128_minus_1x2560,20,128,1,2560,-0.019499999999999962
MNIST_QNN_eff_su2_r5_d6_s43,noisy_shot,mean_api_probabilities,margin,4,single_shot_512_minus_128,1,512,1,128,0.06092500000000006
MNIST_QNN_eff_su2_r5_d6_s43,noisy_shot,mean_api_probabilities,margin,4,single_shot_2560_minus_128,1,2560,1,128,0.09344999999999998
MNIST_QNN_eff_su2_r5_d6_s43,noisy_shot,mean_api_probabilities,margin,4,repeat_5x128_minus_1x128,5,128,1,128,0.07127500000000003
MNIST_QNN_eff_su2_r5_d6_s43,noisy_shot,mean_api_probabilities,margin,4,repeat_20x128_minus_1x128,20,128,1,128,0.08940000000000009
MNIST_QNN_eff_su2_r5_d6_s43,noisy_shot,mean_api_probabilities,margin,4,equal_total_5x512_minus_1x2560,5,512,1,2560,0.01912500000000006
MNIST_QNN_eff_su2_r5_d6_s43,noisy_shot,mean_api_probabilities,margin,4,equal_total_20x128_minus_1x2560,20,128,1,2560,-0.004049999999999887
MNIST_QNN_eff_su2_r5_d6_s43,noisy_shot,mean_api_probabilities,margin,5,single_shot_512_minus_128,1,512,1,128,-0.034775
MNIST_QNN_eff_su2_r5_d6_s43,noisy_shot,mean_api_probabilities,margin,5,single_shot_2560_minus_128,1,2560,1,128,-0.00990000000000002
MNIST_QNN_eff_su2_r5_d6_s43,noisy_shot,mean_api_probabilities,margin,5,repeat_5x128_minus_1x128,5,128,1,128,0.004875000000000074
MNIST_QNN_eff_su2_r5_d6_s43,noisy_shot,mean_api_probabilities,margin,5,repeat_20x128_minus_1x128,20,128,1,128,0.0049000000000000155
MNIST_QNN_eff_su2_r5_d6_s43,noisy_shot,mean_api_probabilities,margin,5,equal_total_5x512_minus_1x2560,5,512,1,2560,0.012775000000000092
MNIST_QNN_eff_su2_r5_d6_s43,noisy_shot,mean_api_probabilities,margin,5,equal_total_20x128_minus_1x2560,20,128,1,2560,0.014800000000000035
MNIST_QNN_eff_su2_r5_d6_s43,noisy_shot,mean_api_probabilities,margin,6,single_shot_512_minus_128,1,512,1,128,0.021174999999999944
MNIST_QNN_eff_su2_r5_d6_s43,noisy_shot,mean_api_probabilities,margin,6,single_shot_2560_minus_128,1,2560,1,128,0.06362499999999993
MNIST_QNN_eff_su2_r5_d6_s43,noisy_shot,mean_api_probabilities,margin,6,repeat_5x128_minus_1x128,5,128,1,128,0.032950000000000035
MNIST_QNN_eff_su2_r5_d6_s43,noisy_shot,mean_api_probabilities,margin,6,repeat_20x128_minus_1x128,20,128,1,128,0.056599999999999984
MNIST_QNN_eff_su2_r5_d6_s43,noisy_shot,mean_api_probabilities,margin,6,equal_total_5x512_minus_1x2560,5,512,1,2560,-0.013125000000000053
MNIST_QNN_eff_su2_r5_d6_s43,noisy_shot,mean_api_probabilities,margin,6,equal_total_20x128_minus_1x2560,20,128,1,2560,-0.007024999999999948
MNIST_QNN_eff_su2_r5_d6_s43,noisy_shot,mean_api_probabilities,margin,7,single_shot_512_minus_128,1,512,1,128,0.055499999999999994
MNIST_QNN_eff_su2_r5_d6_s43,noisy_shot,mean_api_probabilities,margin,7,single_shot_2560_minus_128,1,2560,1,128,0.06669999999999998
MNIST_QNN_eff_su2_r5_d6_s43,noisy_shot,mean_api_probabilities,margin,7,repeat_5x128_minus_1x128,5,128,1,128,0.027000000000000024
MNIST_QNN_eff_su2_r5_d6_s43,noisy_shot,mean_api_probabilities,margin,7,repeat_20x128_minus_1x128,20,128,1,128,0.03907499999999997
MNIST_QNN_eff_su2_r5_d6_s43,noisy_shot,mean_api_probabilities,margin,7,equal_total_5x512_minus_1x2560,5,512,1,2560,-0.02529999999999999
MNIST_QNN_eff_su2_r5_d6_s43,noisy_shot,mean_api_probabilities,margin,7,equal_total_20x128_minus_1x2560,20,128,1,2560,-0.02762500000000001
MNIST_QNN_eff_su2_r5_d6_s43,noisy_shot,mean_api_probabilities,margin,8,single_shot_512_minus_128,1,512,1,128,0.04642500000000005
MNIST_QNN_eff_su2_r5_d6_s43,noisy_shot,mean_api_probabilities,margin,8,single_shot_2560_minus_128,1,2560,1,128,0.07305000000000006
MNIST_QNN_eff_su2_r5_d6_s43,noisy_shot,mean_api_probabilities,margin,8,repeat_5x128_minus_1x128,5,128,1,128,0.02727500000000005
MNIST_QNN_eff_su2_r5_d6_s43,noisy_shot,mean_api_probabilities,margin,8,repeat_20x128_minus_1x128,20,128,1,128,0.039775000000000005
MNIST_QNN_eff_su2_r5_d6_s43,noisy_shot,mean_api_probabilities,margin,8,equal_total_5x512_minus_1x2560,5,512,1,2560,-0.017000000000000015
MNIST_QNN_eff_su2_r5_d6_s43,noisy_shot,mean_api_probabilities,margin,8,equal_total_20x128_minus_1x2560,20,128,1,2560,-0.033275000000000055
MNIST_QNN_eff_su2_r5_d6_s43,noisy_shot,mean_api_probabilities,margin,9,single_shot_512_minus_128,1,512,1,128,0.025024999999999964
MNIST_QNN_eff_su2_r5_d6_s43,noisy_shot,mean_api_probabilities,margin,9,single_shot_2560_minus_128,1,2560,1,128,0.07567499999999994
MNIST_QNN_eff_su2_r5_d6_s43,noisy_shot,mean_api_probabilities,margin,9,repeat_5x128_minus_1x128,5,128,1,128,0.040425000000000044
MNIST_QNN_eff_su2_r5_d6_s43,noisy_shot,mean_api_probabilities,margin,9,repeat_20x128_minus_1x128,20,128,1,128,0.07035000000000002
MNIST_QNN_eff_su2_r5_d6_s43,noisy_shot,mean_api_probabilities,margin,9,equal_total_5x512_minus_1x2560,5,512,1,2560,-0.013249999999999984
MNIST_QNN_eff_su2_r5_d6_s43,noisy_shot,mean_api_probabilities,margin,9,equal_total_20x128_minus_1x2560,20,128,1,2560,-0.005324999999999913
MNIST_QNN_z_r1_d6_s43,ideal_shot,mean_api_probabilities,confidence,0,single_shot_512_minus_128,1,512,1,128,0.00017500000000003624
MNIST_QNN_z_r1_d6_s43,ideal_shot,mean_api_probabilities,confidence,0,single_shot_2560_minus_128,1,2560,1,128,-0.01629999999999998
MNIST_QNN_z_r1_d6_s43,ideal_shot,mean_api_probabilities,confidence,0,repeat_5x128_minus_1x128,5,128,1,128,-0.007474999999999898
MNIST_QNN_z_r1_d6_s43,ideal_shot,mean_api_probabilities,confidence,0,repeat_20x128_minus_1x128,20,128,1,128,-0.02112499999999995
MNIST_QNN_z_r1_d6_s43,ideal_shot,mean_api_probabilities,confidence,0,equal_total_5x512_minus_1x2560,5,512,1,2560,0.0025000000000000577
MNIST_QNN_z_r1_d6_s43,ideal_shot,mean_api_probabilities,confidence,0,equal_total_20x128_minus_1x2560,20,128,1,2560,-0.004824999999999968
MNIST_QNN_z_r1_d6_s43,ideal_shot,mean_api_probabilities,confidence,1,single_shot_512_minus_128,1,512,1,128,2.5000000000052758e-05
MNIST_QNN_z_r1_d6_s43,ideal_shot,mean_api_probabilities,confidence,1,single_shot_2560_minus_128,1,2560,1,128,0.005349999999999966
MNIST_QNN_z_r1_d6_s43,ideal_shot,mean_api_probabilities,confidence,1,repeat_5x128_minus_1x128,5,128,1,128,0.011525000000000007
MNIST_QNN_z_r1_d6_s43,ideal_shot,mean_api_probabilities,confidence,1,repeat_20x128_minus_1x128,20,128,1,128,0.013400000000000079
MNIST_QNN_z_r1_d6_s43,ideal_shot,mean_api_probabilities,confidence,1,equal_total_5x512_minus_1x2560,5,512,1,2560,0.006725000000000092
MNIST_QNN_z_r1_d6_s43,ideal_shot,mean_api_probabilities,confidence,1,equal_total_20x128_minus_1x2560,20,128,1,2560,0.008050000000000113
MNIST_QNN_z_r1_d6_s43,ideal_shot,mean_api_probabilities,confidence,2,single_shot_512_minus_128,1,512,1,128,0.010050000000000003
MNIST_QNN_z_r1_d6_s43,ideal_shot,mean_api_probabilities,confidence,2,single_shot_2560_minus_128,1,2560,1,128,0.01837499999999992
MNIST_QNN_z_r1_d6_s43,ideal_shot,mean_api_probabilities,confidence,2,repeat_5x128_minus_1x128,5,128,1,128,0.008562499999999917
MNIST_QNN_z_r1_d6_s43,ideal_shot,mean_api_probabilities,confidence,2,repeat_20x128_minus_1x128,20,128,1,128,0.009550000000000058
MNIST_QNN_z_r1_d6_s43,ideal_shot,mean_api_probabilities,confidence,2,equal_total_5x512_minus_1x2560,5,512,1,2560,-0.0020999999999999908
MNIST_QNN_z_r1_d6_s43,ideal_shot,mean_api_probabilities,confidence,2,equal_total_20x128_minus_1x2560,20,128,1,2560,-0.00882499999999986
MNIST_QNN_z_r1_d6_s43,ideal_shot,mean_api_probabilities,confidence,3,single_shot_512_minus_128,1,512,1,128,0.016425000000000023
MNIST_QNN_z_r1_d6_s43,ideal_shot,mean_api_probabilities,confidence,3,single_shot_2560_minus_128,1,2560,1,128,0.021425000000000027
MNIST_QNN_z_r1_d6_s43,ideal_shot,mean_api_probabilities,confidence,3,repeat_5x128_minus_1x128,5,128,1,128,0.009325000000000028
MNIST_QNN_z_r1_d6_s43,ideal_shot,mean_api_probabilities,confidence,3,repeat_20x128_minus_1x128,20,128,1,128,0.019074999999999953
MNIST_QNN_z_r1_d6_s43,ideal_shot,mean_api_probabilities,confidence,3,equal_total_5x512_minus_1x2560,5,512,1,2560,-0.003574999999999995
MNIST_QNN_z_r1_d6_s43,ideal_shot,mean_api_probabilities,confidence,3,equal_total_20x128_minus_1x2560,20,128,1,2560,-0.0023500000000000743
MNIST_QNN_z_r1_d6_s43,ideal_shot,mean_api_probabilities,confidence,4,single_shot_512_minus_128,1,512,1,128,0.02342500000000003
MNIST_QNN_z_r1_d6_s43,ideal_shot,mean_api_probabilities,confidence,4,single_shot_2560_minus_128,1,2560,1,128,0.02301249999999999
MNIST_QNN_z_r1_d6_s43,ideal_shot,mean_api_probabilities,confidence,4,repeat_5x128_minus_1x128,5,128,1,128,0.022425000000000028
MNIST_QNN_z_r1_d6_s43,ideal_shot,mean_api_probabilities,confidence,4,repeat_20x128_minus_1x128,20,128,1,128,0.021525000000000016
MNIST_QNN_z_r1_d6_s43,ideal_shot,mean_api_probabilities,confidence,4,equal_total_5x512_minus_1x2560,5,512,1,2560,-0.0006624999999998993
MNIST_QNN_z_r1_d6_s43,ideal_shot,mean_api_probabilities,confidence,4,equal_total_20x128_minus_1x2560,20,128,1,2560,-0.001487499999999975
MNIST_QNN_z_r1_d6_s43,ideal_shot,mean_api_probabilities,confidence,5,single_shot_512_minus_128,1,512,1,128,-0.006225000000000036
MNIST_QNN_z_r1_d6_s43,ideal_shot,mean_api_probabilities,confidence,5,single_shot_2560_minus_128,1,2560,1,128,-0.005474999999999897
MNIST_QNN_z_r1_d6_s43,ideal_shot,mean_api_probabilities,confidence,5,repeat_5x128_minus_1x128,5,128,1,128,-0.01332499999999992
MNIST_QNN_z_r1_d6_s43,ideal_shot,mean_api_probabilities,confidence,5,repeat_20x128_minus_1x128,20,128,1,128,-0.014499999999999957
MNIST_QNN_z_r1_d6_s43,ideal_shot,mean_api_probabilities,confidence,5,equal_total_5x512_minus_1x2560,5,512,1,2560,-0.0014000000000000679
MNIST_QNN_z_r1_d6_s43,ideal_shot,mean_api_probabilities,confidence,5,equal_total_20x128_minus_1x2560,20,128,1,2560,-0.00902500000000006
MNIST_QNN_z_r1_d6_s43,ideal_shot,mean_api_probabilities,confidence,6,single_shot_512_minus_128,1,512,1,128,0.012937500000000046
MNIST_QNN_z_r1_d6_s43,ideal_shot,mean_api_probabilities,confidence,6,single_shot_2560_minus_128,1,2560,1,128,0.012599999999999945
MNIST_QNN_z_r1_d6_s43,ideal_shot,mean_api_probabilities,confidence,6,repeat_5x128_minus_1x128,5,128,1,128,0.016799999999999926
MNIST_QNN_z_r1_d6_s43,ideal_shot,mean_api_probabilities,confidence,6,repeat_20x128_minus_1x128,20,128,1,128,0.016574999999999895
MNIST_QNN_z_r1_d6_s43,ideal_shot,mean_api_probabilities,confidence,6,equal_total_5x512_minus_1x2560,5,512,1,2560,0.008825000000000083
MNIST_QNN_z_r1_d6_s43,ideal_shot,mean_api_probabilities,confidence,6,equal_total_20x128_minus_1x2560,20,128,1,2560,0.003974999999999951
MNIST_QNN_z_r1_d6_s43,ideal_shot,mean_api_probabilities,confidence,7,single_shot_512_minus_128,1,512,1,128,0.02492500000000003
MNIST_QNN_z_r1_d6_s43,ideal_shot,mean_api_probabilities,confidence,7,single_shot_2560_minus_128,1,2560,1,128,0.02702500000000002
MNIST_QNN_z_r1_d6_s43,ideal_shot,mean_api_probabilities,confidence,7,repeat_5x128_minus_1x128,5,128,1,128,0.02137500000000009
MNIST_QNN_z_r1_d6_s43,ideal_shot,mean_api_probabilities,confidence,7,repeat_20x128_minus_1x128,20,128,1,128,0.028374999999999984
MNIST_QNN_z_r1_d6_s43,ideal_shot,mean_api_probabilities,confidence,7,equal_total_5x512_minus_1x2560,5,512,1,2560,0.007587499999999969
MNIST_QNN_z_r1_d6_s43,ideal_shot,mean_api_probabilities,confidence,7,equal_total_20x128_minus_1x2560,20,128,1,2560,0.0013499999999999623
MNIST_QNN_z_r1_d6_s43,ideal_shot,mean_api_probabilities,confidence,8,single_shot_512_minus_128,1,512,1,128,0.007574999999999998
MNIST_QNN_z_r1_d6_s43,ideal_shot,mean_api_probabilities,confidence,8,single_shot_2560_minus_128,1,2560,1,128,0.012724999999999986
MNIST_QNN_z_r1_d6_s43,ideal_shot,mean_api_probabilities,confidence,8,repeat_5x128_minus_1x128,5,128,1,128,0.001974999999999949
MNIST_QNN_z_r1_d6_s43,ideal_shot,mean_api_probabilities,confidence,8,repeat_20x128_minus_1x128,20,128,1,128,0.009649999999999936
MNIST_QNN_z_r1_d6_s43,ideal_shot,mean_api_probabilities,confidence,8,equal_total_5x512_minus_1x2560,5,512,1,2560,-0.008500000000000063
MNIST_QNN_z_r1_d6_s43,ideal_shot,mean_api_probabilities,confidence,8,equal_total_20x128_minus_1x2560,20,128,1,2560,-0.00307500000000005
MNIST_QNN_z_r1_d6_s43,ideal_shot,mean_api_probabilities,confidence,9,single_shot_512_minus_128,1,512,1,128,0.018225000000000047
MNIST_QNN_z_r1_d6_s43,ideal_shot,mean_api_probabilities,confidence,9,single_shot_2560_minus_128,1,2560,1,128,0.020200000000000107
MNIST_QNN_z_r1_d6_s43,ideal_shot,mean_api_probabilities,confidence,9,repeat_5x128_minus_1x128,5,128,1,128,0.03067500000000012
MNIST_QNN_z_r1_d6_s43,ideal_shot,mean_api_probabilities,confidence,9,repeat_20x128_minus_1x128,20,128,1,128,0.020375000000000032
MNIST_QNN_z_r1_d6_s43,ideal_shot,mean_api_probabilities,confidence,9,equal_total_5x512_minus_1x2560,5,512,1,2560,0.004224999999999923
MNIST_QNN_z_r1_d6_s43,ideal_shot,mean_api_probabilities,confidence,9,equal_total_20x128_minus_1x2560,20,128,1,2560,0.00017499999999992522
MNIST_QNN_z_r1_d6_s43,ideal_shot,mean_api_probabilities,correctness,0,single_shot_512_minus_128,1,512,1,128,-0.010000000000000009
MNIST_QNN_z_r1_d6_s43,ideal_shot,mean_api_probabilities,correctness,0,single_shot_2560_minus_128,1,2560,1,128,0.0050000000000000044
MNIST_QNN_z_r1_d6_s43,ideal_shot,mean_api_probabilities,correctness,0,repeat_5x128_minus_1x128,5,128,1,128,-0.007500000000000062
MNIST_QNN_z_r1_d6_s43,ideal_shot,mean_api_probabilities,correctness,0,repeat_20x128_minus_1x128,20,128,1,128,0.012499999999999956
MNIST_QNN_z_r1_d6_s43,ideal_shot,mean_api_probabilities,correctness,0,equal_total_5x512_minus_1x2560,5,512,1,2560,0.0025000000000000577
MNIST_QNN_z_r1_d6_s43,ideal_shot,mean_api_probabilities,correctness,0,equal_total_20x128_minus_1x2560,20,128,1,2560,0.007499999999999951
MNIST_QNN_z_r1_d6_s43,ideal_shot,mean_api_probabilities,correctness,1,single_shot_512_minus_128,1,512,1,128,-0.015000000000000013
MNIST_QNN_z_r1_d6_s43,ideal_shot,mean_api_probabilities,correctness,1,single_shot_2560_minus_128,1,2560,1,128,0.0025000000000000577
MNIST_QNN_z_r1_d6_s43,ideal_shot,mean_api_probabilities,correctness,1,repeat_5x128_minus_1x128,5,128,1,128,0.0025000000000000577
MNIST_QNN_z_r1_d6_s43,ideal_shot,mean_api_probabilities,correctness,1,repeat_20x128_minus_1x128,20,128,1,128,-0.007499999999999951
MNIST_QNN_z_r1_d6_s43,ideal_shot,mean_api_probabilities,correctness,1,equal_total_5x512_minus_1x2560,5,512,1,2560,-0.007500000000000062
MNIST_QNN_z_r1_d6_s43,ideal_shot,mean_api_probabilities,correctness,1,equal_total_20x128_minus_1x2560,20,128,1,2560,-0.010000000000000009
MNIST_QNN_z_r1_d6_s43,ideal_shot,mean_api_probabilities,correctness,2,single_shot_512_minus_128,1,512,1,128,0.007499999999999951
MNIST_QNN_z_r1_d6_s43,ideal_shot,mean_api_probabilities,correctness,2,single_shot_2560_minus_128,1,2560,1,128,0.01749999999999996
MNIST_QNN_z_r1_d6_s43,ideal_shot,mean_api_probabilities,correctness,2,repeat_5x128_minus_1x128,5,128,1,128,0.0024999999999999467
MNIST_QNN_z_r1_d6_s43,ideal_shot,mean_api_probabilities,correctness,2,repeat_20x128_minus_1x128,20,128,1,128,0.01749999999999996
MNIST_QNN_z_r1_d6_s43,ideal_shot,mean_api_probabilities,correctness,2,equal_total_5x512_minus_1x2560,5,512,1,2560,0.0050000000000000044
MNIST_QNN_z_r1_d6_s43,ideal_shot,mean_api_probabilities,correctness,2,equal_total_20x128_minus_1x2560,20,128,1,2560,0.0
MNIST_QNN_z_r1_d6_s43,ideal_shot,mean_api_probabilities,correctness,3,single_shot_512_minus_128,1,512,1,128,-0.020000000000000018
MNIST_QNN_z_r1_d6_s43,ideal_shot,mean_api_probabilities,correctness,3,single_shot_2560_minus_128,1,2560,1,128,-0.025000000000000022
MNIST_QNN_z_r1_d6_s43,ideal_shot,mean_api_probabilities,correctness,3,repeat_5x128_minus_1x128,5,128,1,128,-0.025000000000000022
MNIST_QNN_z_r1_d6_s43,ideal_shot,mean_api_probabilities,correctness,3,repeat_20x128_minus_1x128,20,128,1,128,-0.022499999999999964
MNIST_QNN_z_r1_d6_s43,ideal_shot,mean_api_probabilities,correctness,3,equal_total_5x512_minus_1x2560,5,512,1,2560,0.0050000000000000044
MNIST_QNN_z_r1_d6_s43,ideal_shot,mean_api_probabilities,correctness,3,equal_total_20x128_minus_1x2560,20,128,1,2560,0.0025000000000000577
MNIST_QNN_z_r1_d6_s43,ideal_shot,mean_api_probabilities,correctness,4,single_shot_512_minus_128,1,512,1,128,0.025000000000000022
MNIST_QNN_z_r1_d6_s43,ideal_shot,mean_api_probabilities,correctness,4,single_shot_2560_minus_128,1,2560,1,128,0.020000000000000018
MNIST_QNN_z_r1_d6_s43,ideal_shot,mean_api_probabilities,correctness,4,repeat_5x128_minus_1x128,5,128,1,128,0.010000000000000009
MNIST_QNN_z_r1_d6_s43,ideal_shot,mean_api_probabilities,correctness,4,repeat_20x128_minus_1x128,20,128,1,128,0.022500000000000075
MNIST_QNN_z_r1_d6_s43,ideal_shot,mean_api_probabilities,correctness,4,equal_total_5x512_minus_1x2560,5,512,1,2560,0.0
MNIST_QNN_z_r1_d6_s43,ideal_shot,mean_api_probabilities,correctness,4,equal_total_20x128_minus_1x2560,20,128,1,2560,0.0025000000000000577
MNIST_QNN_z_r1_d6_s43,ideal_shot,mean_api_probabilities,correctness,5,single_shot_512_minus_128,1,512,1,128,0.022499999999999964
MNIST_QNN_z_r1_d6_s43,ideal_shot,mean_api_probabilities,correctness,5,single_shot_2560_minus_128,1,2560,1,128,0.009999999999999898
MNIST_QNN_z_r1_d6_s43,ideal_shot,mean_api_probabilities,correctness,5,repeat_5x128_minus_1x128,5,128,1,128,0.030000000000000027
MNIST_QNN_z_r1_d6_s43,ideal_shot,mean_api_probabilities,correctness,5,repeat_20x128_minus_1x128,20,128,1,128,0.027499999999999858
MNIST_QNN_z_r1_d6_s43,ideal_shot,mean_api_probabilities,correctness,5,equal_total_5x512_minus_1x2560,5,512,1,2560,0.022500000000000075
MNIST_QNN_z_r1_d6_s43,ideal_shot,mean_api_probabilities,correctness,5,equal_total_20x128_minus_1x2560,20,128,1,2560,0.01749999999999996
MNIST_QNN_z_r1_d6_s43,ideal_shot,mean_api_probabilities,correctness,6,single_shot_512_minus_128,1,512,1,128,0.0050000000000000044
MNIST_QNN_z_r1_d6_s43,ideal_shot,mean_api_probabilities,correctness,6,single_shot_2560_minus_128,1,2560,1,128,0.0
MNIST_QNN_z_r1_d6_s43,ideal_shot,mean_api_probabilities,correctness,6,repeat_5x128_minus_1x128,5,128,1,128,-0.007500000000000062
MNIST_QNN_z_r1_d6_s43,ideal_shot,mean_api_probabilities,correctness,6,repeat_20x128_minus_1x128,20,128,1,128,-0.010000000000000009
MNIST_QNN_z_r1_d6_s43,ideal_shot,mean_api_probabilities,correctness,6,equal_total_5x512_minus_1x2560,5,512,1,2560,-0.012499999999999956
MNIST_QNN_z_r1_d6_s43,ideal_shot,mean_api_probabilities,correctness,6,equal_total_20x128_minus_1x2560,20,128,1,2560,-0.010000000000000009
MNIST_QNN_z_r1_d6_s43,ideal_shot,mean_api_probabilities,correctness,7,single_shot_512_minus_128,1,512,1,128,-0.0050000000000000044
MNIST_QNN_z_r1_d6_s43,ideal_shot,mean_api_probabilities,correctness,7,single_shot_2560_minus_128,1,2560,1,128,0.0050000000000000044
MNIST_QNN_z_r1_d6_s43,ideal_shot,mean_api_probabilities,correctness,7,repeat_5x128_minus_1x128,5,128,1,128,0.0050000000000000044
MNIST_QNN_z_r1_d6_s43,ideal_shot,mean_api_probabilities,correctness,7,repeat_20x128_minus_1x128,20,128,1,128,0.007500000000000062
MNIST_QNN_z_r1_d6_s43,ideal_shot,mean_api_probabilities,correctness,7,equal_total_5x512_minus_1x2560,5,512,1,2560,-0.0025000000000000577
MNIST_QNN_z_r1_d6_s43,ideal_shot,mean_api_probabilities,correctness,7,equal_total_20x128_minus_1x2560,20,128,1,2560,0.0025000000000000577
MNIST_QNN_z_r1_d6_s43,ideal_shot,mean_api_probabilities,correctness,8,single_shot_512_minus_128,1,512,1,128,0.022500000000000187
MNIST_QNN_z_r1_d6_s43,ideal_shot,mean_api_probabilities,correctness,8,single_shot_2560_minus_128,1,2560,1,128,0.020000000000000018
MNIST_QNN_z_r1_d6_s43,ideal_shot,mean_api_probabilities,correctness,8,repeat_5x128_minus_1x128,5,128,1,128,0.025000000000000133
MNIST_QNN_z_r1_d6_s43,ideal_shot,mean_api_probabilities,correctness,8,repeat_20x128_minus_1x128,20,128,1,128,0.02750000000000008
MNIST_QNN_z_r1_d6_s43,ideal_shot,mean_api_probabilities,correctness,8,equal_total_5x512_minus_1x2560,5,512,1,2560,0.007500000000000062
MNIST_QNN_z_r1_d6_s43,ideal_shot,mean_api_probabilities,correctness,8,equal_total_20x128_minus_1x2560,20,128,1,2560,0.007500000000000062
MNIST_QNN_z_r1_d6_s43,ideal_shot,mean_api_probabilities,correctness,9,single_shot_512_minus_128,1,512,1,128,0.012499999999999956
MNIST_QNN_z_r1_d6_s43,ideal_shot,mean_api_probabilities,correctness,9,single_shot_2560_minus_128,1,2560,1,128,0.004999999999999893
MNIST_QNN_z_r1_d6_s43,ideal_shot,mean_api_probabilities,correctness,9,repeat_5x128_minus_1x128,5,128,1,128,0.004999999999999893
MNIST_QNN_z_r1_d6_s43,ideal_shot,mean_api_probabilities,correctness,9,repeat_20x128_minus_1x128,20,128,1,128,0.0024999999999999467
MNIST_QNN_z_r1_d6_s43,ideal_shot,mean_api_probabilities,correctness,9,equal_total_5x512_minus_1x2560,5,512,1,2560,0.0
MNIST_QNN_z_r1_d6_s43,ideal_shot,mean_api_probabilities,correctness,9,equal_total_20x128_minus_1x2560,20,128,1,2560,-0.0024999999999999467
MNIST_QNN_z_r1_d6_s43,ideal_shot,mean_api_probabilities,entropy,0,single_shot_512_minus_128,1,512,1,128,-0.002850000000000019
MNIST_QNN_z_r1_d6_s43,ideal_shot,mean_api_probabilities,entropy,0,single_shot_2560_minus_128,1,2560,1,128,-0.01937499999999992
MNIST_QNN_z_r1_d6_s43,ideal_shot,mean_api_probabilities,entropy,0,repeat_5x128_minus_1x128,5,128,1,128,-0.011724999999999985
MNIST_QNN_z_r1_d6_s43,ideal_shot,mean_api_probabilities,entropy,0,repeat_20x128_minus_1x128,20,128,1,128,-0.024699999999999944
MNIST_QNN_z_r1_d6_s43,ideal_shot,mean_api_probabilities,entropy,0,equal_total_5x512_minus_1x2560,5,512,1,2560,0.002574999999999994
MNIST_QNN_z_r1_d6_s43,ideal_shot,mean_api_probabilities,entropy,0,equal_total_20x128_minus_1x2560,20,128,1,2560,-0.005325000000000024
MNIST_QNN_z_r1_d6_s43,ideal_shot,mean_api_probabilities,entropy,1,single_shot_512_minus_128,1,512,1,128,0.005625000000000102
MNIST_QNN_z_r1_d6_s43,ideal_shot,mean_api_probabilities,entropy,1,single_shot_2560_minus_128,1,2560,1,128,0.008774999999999977
MNIST_QNN_z_r1_d6_s43,ideal_shot,mean_api_probabilities,entropy,1,repeat_5x128_minus_1x128,5,128,1,128,0.008550000000000058
MNIST_QNN_z_r1_d6_s43,ideal_shot,mean_api_probabilities,entropy,1,repeat_20x128_minus_1x128,20,128,1,128,0.0132000000000001
MNIST_QNN_z_r1_d6_s43,ideal_shot,mean_api_probabilities,entropy,1,equal_total_5x512_minus_1x2560,5,512,1,2560,0.0050000000000001155
MNIST_QNN_z_r1_d6_s43,ideal_shot,mean_api_probabilities,entropy,1,equal_total_20x128_minus_1x2560,20,128,1,2560,0.004425000000000123
MNIST_QNN_z_r1_d6_s43,ideal_shot,mean_api_probabilities,entropy,2,single_shot_512_minus_128,1,512,1,128,0.010874999999999968
MNIST_QNN_z_r1_d6_s43,ideal_shot,mean_api_probabilities,entropy,2,single_shot_2560_minus_128,1,2560,1,128,0.020824999999999982
MNIST_QNN_z_r1_d6_s43,ideal_shot,mean_api_probabilities,entropy,2,repeat_5x128_minus_1x128,5,128,1,128,0.006175000000000042
MNIST_QNN_z_r1_d6_s43,ideal_shot,mean_api_probabilities,entropy,2,repeat_20x128_minus_1x128,20,128,1,128,0.009425000000000017
MNIST_QNN_z_r1_d6_s43,ideal_shot,mean_api_probabilities,entropy,2,equal_total_5x512_minus_1x2560,5,512,1,2560,-0.0049000000000000155
MNIST_QNN_z_r1_d6_s43,ideal_shot,mean_api_probabilities,entropy,2,equal_total_20x128_minus_1x2560,20,128,1,2560,-0.011399999999999966
MNIST_QNN_z_r1_d6_s43,ideal_shot,mean_api_probabilities,entropy,3,single_shot_512_minus_128,1,512,1,128,0.01089999999999991
MNIST_QNN_z_r1_d6_s43,ideal_shot,mean_api_probabilities,entropy,3,single_shot_2560_minus_128,1,2560,1,128,0.01739999999999997
MNIST_QNN_z_r1_d6_s43,ideal_shot,mean_api_probabilities,entropy,3,repeat_5x128_minus_1x128,5,128,1,128,0.00517499999999993
MNIST_QNN_z_r1_d6_s43,ideal_shot,mean_api_probabilities,entropy,3,repeat_20x128_minus_1x128,20,128,1,128,0.015424999999999911
MNIST_QNN_z_r1_d6_s43,ideal_shot,mean_api_probabilities,entropy,3,equal_total_5x512_minus_1x2560,5,512,1,2560,-0.003150000000000097
MNIST_QNN_z_r1_d6_s43,ideal_shot,mean_api_probabilities,entropy,3,equal_total_20x128_minus_1x2560,20,128,1,2560,-0.00197500000000006
MNIST_QNN_z_r1_d6_s43,ideal_shot,mean_api_probabilities,entropy,4,single_shot_512_minus_128,1,512,1,128,0.02024999999999999
MNIST_QNN_z_r1_d6_s43,ideal_shot,mean_api_probabilities,entropy,4,single_shot_2560_minus_128,1,2560,1,128,0.021675
MNIST_QNN_z_r1_d6_s43,ideal_shot,mean_api_probabilities,entropy,4,repeat_5x128_minus_1x128,5,128,1,128,0.01817499999999994
MNIST_QNN_z_r1_d6_s43,ideal_shot,mean_api_probabilities,entropy,4,repeat_20x128_minus_1x128,20,128,1,128,0.01947499999999991
MNIST_QNN_z_r1_d6_s43,ideal_shot,mean_api_probabilities,entropy,4,equal_total_5x512_minus_1x2560,5,512,1,2560,-0.0009500000000000064
MNIST_QNN_z_r1_d6_s43,ideal_shot,mean_api_probabilities,entropy,4,equal_total_20x128_minus_1x2560,20,128,1,2560,-0.0022000000000000908
MNIST_QNN_z_r1_d6_s43,ideal_shot,mean_api_probabilities,entropy,5,single_shot_512_minus_128,1,512,1,128,-0.00017500000000003624
MNIST_QNN_z_r1_d6_s43,ideal_shot,mean_api_probabilities,entropy,5,single_shot_2560_minus_128,1,2560,1,128,-0.0016500000000000403
MNIST_QNN_z_r1_d6_s43,ideal_shot,mean_api_probabilities,entropy,5,repeat_5x128_minus_1x128,5,128,1,128,-0.010700000000000043
MNIST_QNN_z_r1_d6_s43,ideal_shot,mean_api_probabilities,entropy,5,repeat_20x128_minus_1x128,20,128,1,128,-0.008525000000000005
MNIST_QNN_z_r1_d6_s43,ideal_shot,mean_api_probabilities,entropy,5,equal_total_5x512_minus_1x2560,5,512,1,2560,-0.0029000000000000137
MNIST_QNN_z_r1_d6_s43,ideal_shot,mean_api_probabilities,entropy,5,equal_total_20x128_minus_1x2560,20,128,1,2560,-0.0068749999999999645
MNIST_QNN_z_r1_d6_s43,ideal_shot,mean_api_probabilities,entropy,6,single_shot_512_minus_128,1,512,1,128,0.012050000000000005
MNIST_QNN_z_r1_d6_s43,ideal_shot,mean_api_probabilities,entropy,6,single_shot_2560_minus_128,1,2560,1,128,0.015149999999999997
MNIST_QNN_z_r1_d6_s43,ideal_shot,mean_api_probabilities,entropy,6,repeat_5x128_minus_1x128,5,128,1,128,0.016025000000000067
MNIST_QNN_z_r1_d6_s43,ideal_shot,mean_api_probabilities,entropy,6,repeat_20x128_minus_1x128,20,128,1,128,0.016125000000000056
MNIST_QNN_z_r1_d6_s43,ideal_shot,mean_api_probabilities,entropy,6,equal_total_5x512_minus_1x2560,5,512,1,2560,0.006225000000000036
MNIST_QNN_z_r1_d6_s43,ideal_shot,mean_api_probabilities,entropy,6,equal_total_20x128_minus_1x2560,20,128,1,2560,0.0009750000000000592
MNIST_QNN_z_r1_d6_s43,ideal_shot,mean_api_probabilities,entropy,7,single_shot_512_minus_128,1,512,1,128,0.02092499999999997
MNIST_QNN_z_r1_d6_s43,ideal_shot,mean_api_probabilities,entropy,7,single_shot_2560_minus_128,1,2560,1,128,0.026049999999999907
MNIST_QNN_z_r1_d6_s43,ideal_shot,mean_api_probabilities,entropy,7,repeat_5x128_minus_1x128,5,128,1,128,0.01792499999999997
MNIST_QNN_z_r1_d6_s43,ideal_shot,mean_api_probabilities,entropy,7,repeat_20x128_minus_1x128,20,128,1,128,0.027700000000000058
MNIST_QNN_z_r1_d6_s43,ideal_shot,mean_api_probabilities,entropy,7,equal_total_5x512_minus_1x2560,5,512,1,2560,0.005075000000000163
MNIST_QNN_z_r1_d6_s43,ideal_shot,mean_api_probabilities,entropy,7,equal_total_20x128_minus_1x2560,20,128,1,2560,0.0016500000000001513
MNIST_QNN_z_r1_d6_s43,ideal_shot,mean_api_probabilities,entropy,8,single_shot_512_minus_128,1,512,1,128,0.013050000000000006
MNIST_QNN_z_r1_d6_s43,ideal_shot,mean_api_probabilities,entropy,8,single_shot_2560_minus_128,1,2560,1,128,0.01705000000000012
MNIST_QNN_z_r1_d6_s43,ideal_shot,mean_api_probabilities,entropy,8,repeat_5x128_minus_1x128,5,128,1,128,0.007350000000000079
MNIST_QNN_z_r1_d6_s43,ideal_shot,mean_api_probabilities,entropy,8,repeat_20x128_minus_1x128,20,128,1,128,0.01077500000000009
MNIST_QNN_z_r1_d6_s43,ideal_shot,mean_api_probabilities,entropy,8,equal_total_5x512_minus_1x2560,5,512,1,2560,-0.007549999999999946
MNIST_QNN_z_r1_d6_s43,ideal_shot,mean_api_probabilities,entropy,8,equal_total_20x128_minus_1x2560,20,128,1,2560,-0.0062750000000000306
MNIST_QNN_z_r1_d6_s43,ideal_shot,mean_api_probabilities,entropy,9,single_shot_512_minus_128,1,512,1,128,0.021449999999999914
MNIST_QNN_z_r1_d6_s43,ideal_shot,mean_api_probabilities,entropy,9,single_shot_2560_minus_128,1,2560,1,128,0.025999999999999968
MNIST_QNN_z_r1_d6_s43,ideal_shot,mean_api_probabilities,entropy,9,repeat_5x128_minus_1x128,5,128,1,128,0.027749999999999997
MNIST_QNN_z_r1_d6_s43,ideal_shot,mean_api_probabilities,entropy,9,repeat_20x128_minus_1x128,20,128,1,128,0.022374999999999978
MNIST_QNN_z_r1_d6_s43,ideal_shot,mean_api_probabilities,entropy,9,equal_total_5x512_minus_1x2560,5,512,1,2560,-0.00043749999999997957
MNIST_QNN_z_r1_d6_s43,ideal_shot,mean_api_probabilities,entropy,9,equal_total_20x128_minus_1x2560,20,128,1,2560,-0.0036249999999999893
MNIST_QNN_z_r1_d6_s43,ideal_shot,mean_api_probabilities,learned_mlp_pv,0,single_shot_512_minus_128,1,512,1,128,-0.02400000000000002
MNIST_QNN_z_r1_d6_s43,ideal_shot,mean_api_probabilities,learned_mlp_pv,0,single_shot_2560_minus_128,1,2560,1,128,-0.028600000000000125
MNIST_QNN_z_r1_d6_s43,ideal_shot,mean_api_probabilities,learned_mlp_pv,0,repeat_5x128_minus_1x128,5,128,1,128,-0.006624999999999992
MNIST_QNN_z_r1_d6_s43,ideal_shot,mean_api_probabilities,learned_mlp_pv,0,repeat_20x128_minus_1x128,20,128,1,128,-0.01160000000000011
MNIST_QNN_z_r1_d6_s43,ideal_shot,mean_api_probabilities,learned_mlp_pv,0,equal_total_5x512_minus_1x2560,5,512,1,2560,4.999999999999449e-05
MNIST_QNN_z_r1_d6_s43,ideal_shot,mean_api_probabilities,learned_mlp_pv,0,equal_total_20x128_minus_1x2560,20,128,1,2560,0.017000000000000015
MNIST_QNN_z_r1_d6_s43,ideal_shot,mean_api_probabilities,learned_mlp_pv,1,single_shot_512_minus_128,1,512,1,128,-0.017374999999999863
MNIST_QNN_z_r1_d6_s43,ideal_shot,mean_api_probabilities,learned_mlp_pv,1,single_shot_2560_minus_128,1,2560,1,128,-0.0009499999999999509
MNIST_QNN_z_r1_d6_s43,ideal_shot,mean_api_probabilities,learned_mlp_pv,1,repeat_5x128_minus_1x128,5,128,1,128,-0.0005999999999999894
MNIST_QNN_z_r1_d6_s43,ideal_shot,mean_api_probabilities,learned_mlp_pv,1,repeat_20x128_minus_1x128,20,128,1,128,0.015375000000000083
MNIST_QNN_z_r1_d6_s43,ideal_shot,mean_api_probabilities,learned_mlp_pv,1,equal_total_5x512_minus_1x2560,5,512,1,2560,0.016900000000000026
MNIST_QNN_z_r1_d6_s43,ideal_shot,mean_api_probabilities,learned_mlp_pv,1,equal_total_20x128_minus_1x2560,20,128,1,2560,0.016325000000000034
MNIST_QNN_z_r1_d6_s43,ideal_shot,mean_api_probabilities,learned_mlp_pv,2,single_shot_512_minus_128,1,512,1,128,0.08919999999999995
MNIST_QNN_z_r1_d6_s43,ideal_shot,mean_api_probabilities,learned_mlp_pv,2,single_shot_2560_minus_128,1,2560,1,128,0.059424999999999895
MNIST_QNN_z_r1_d6_s43,ideal_shot,mean_api_probabilities,learned_mlp_pv,2,repeat_5x128_minus_1x128,5,128,1,128,0.09054999999999991
MNIST_QNN_z_r1_d6_s43,ideal_shot,mean_api_probabilities,learned_mlp_pv,2,repeat_20x128_minus_1x128,20,128,1,128,0.05257499999999993
MNIST_QNN_z_r1_d6_s43,ideal_shot,mean_api_probabilities,learned_mlp_pv,2,equal_total_5x512_minus_1x2560,5,512,1,2560,0.02437500000000009
MNIST_QNN_z_r1_d6_s43,ideal_shot,mean_api_probabilities,learned_mlp_pv,2,equal_total_20x128_minus_1x2560,20,128,1,2560,-0.006849999999999967
MNIST_QNN_z_r1_d6_s43,ideal_shot,mean_api_probabilities,learned_mlp_pv,3,single_shot_512_minus_128,1,512,1,128,-0.015324999999999978
MNIST_QNN_z_r1_d6_s43,ideal_shot,mean_api_probabilities,learned_mlp_pv,3,single_shot_2560_minus_128,1,2560,1,128,-0.0010249999999999426
MNIST_QNN_z_r1_d6_s43,ideal_shot,mean_api_probabilities,learned_mlp_pv,3,repeat_5x128_minus_1x128,5,128,1,128,-0.030700000000000116
MNIST_QNN_z_r1_d6_s43,ideal_shot,mean_api_probabilities,learned_mlp_pv,3,repeat_20x128_minus_1x128,20,128,1,128,-0.0008000000000000229
MNIST_QNN_z_r1_d6_s43,ideal_shot,mean_api_probabilities,learned_mlp_pv,3,equal_total_5x512_minus_1x2560,5,512,1,2560,-0.030375000000000152
MNIST_QNN_z_r1_d6_s43,ideal_shot,mean_api_probabilities,learned_mlp_pv,3,equal_total_20x128_minus_1x2560,20,128,1,2560,0.0002249999999999197
MNIST_QNN_z_r1_d6_s43,ideal_shot,mean_api_probabilities,learned_mlp_pv,4,single_shot_512_minus_128,1,512,1,128,-0.02074999999999999
MNIST_QNN_z_r1_d6_s43,ideal_shot,mean_api_probabilities,learned_mlp_pv,4,single_shot_2560_minus_128,1,2560,1,128,-0.034924999999999984
MNIST_QNN_z_r1_d6_s43,ideal_shot,mean_api_probabilities,learned_mlp_pv,4,repeat_5x128_minus_1x128,5,128,1,128,0.014425000000000077
MNIST_QNN_z_r1_d6_s43,ideal_shot,mean_api_probabilities,learned_mlp_pv,4,repeat_20x128_minus_1x128,20,128,1,128,0.03767500000000007
MNIST_QNN_z_r1_d6_s43,ideal_shot,mean_api_probabilities,learned_mlp_pv,4,equal_total_5x512_minus_1x2560,5,512,1,2560,0.035424999999999984
MNIST_QNN_z_r1_d6_s43,ideal_shot,mean_api_probabilities,learned_mlp_pv,4,equal_total_20x128_minus_1x2560,20,128,1,2560,0.07260000000000005
MNIST_QNN_z_r1_d6_s43,ideal_shot,mean_api_probabilities,learned_mlp_pv,5,single_shot_512_minus_128,1,512,1,128,0.03075
MNIST_QNN_z_r1_d6_s43,ideal_shot,mean_api_probabilities,learned_mlp_pv,5,single_shot_2560_minus_128,1,2560,1,128,0.04460000000000003
MNIST_QNN_z_r1_d6_s43,ideal_shot,mean_api_probabilities,learned_mlp_pv,5,repeat_5x128_minus_1x128,5,128,1,128,0.008575
MNIST_QNN_z_r1_d6_s43,ideal_shot,mean_api_probabilities,learned_mlp_pv,5,repeat_20x128_minus_1x128,20,128,1,128,0.01679999999999998
MNIST_QNN_z_r1_d6_s43,ideal_shot,mean_api_probabilities,learned_mlp_pv,5,equal_total_5x512_minus_1x2560,5,512,1,2560,-0.009275000000000033
MNIST_QNN_z_r1_d6_s43,ideal_shot,mean_api_probabilities,learned_mlp_pv,5,equal_total_20x128_minus_1x2560,20,128,1,2560,-0.027800000000000047
MNIST_QNN_z_r1_d6_s43,ideal_shot,mean_api_probabilities,learned_mlp_pv,6,single_shot_512_minus_128,1,512,1,128,0.054925
MNIST_QNN_z_r1_d6_s43,ideal_shot,mean_api_probabilities,learned_mlp_pv,6,single_shot_2560_minus_128,1,2560,1,128,0.03225
MNIST_QNN_z_r1_d6_s43,ideal_shot,mean_api_probabilities,learned_mlp_pv,6,repeat_5x128_minus_1x128,5,128,1,128,0.057750000000000024
MNIST_QNN_z_r1_d6_s43,ideal_shot,mean_api_probabilities,learned_mlp_pv,6,repeat_20x128_minus_1x128,20,128,1,128,0.08554999999999996
MNIST_QNN_z_r1_d6_s43,ideal_shot,mean_api_probabilities,learned_mlp_pv,6,equal_total_5x512_minus_1x2560,5,512,1,2560,0.06687500000000007
MNIST_QNN_z_r1_d6_s43,ideal_shot,mean_api_probabilities,learned_mlp_pv,6,equal_total_20x128_minus_1x2560,20,128,1,2560,0.05329999999999996
MNIST_QNN_z_r1_d6_s43,ideal_shot,mean_api_probabilities,learned_mlp_pv,7,single_shot_512_minus_128,1,512,1,128,0.04229999999999995
MNIST_QNN_z_r1_d6_s43,ideal_shot,mean_api_probabilities,learned_mlp_pv,7,single_shot_2560_minus_128,1,2560,1,128,0.02999999999999997
MNIST_QNN_z_r1_d6_s43,ideal_shot,mean_api_probabilities,learned_mlp_pv,7,repeat_5x128_minus_1x128,5,128,1,128,0.051724999999999965
MNIST_QNN_z_r1_d6_s43,ideal_shot,mean_api_probabilities,learned_mlp_pv,7,repeat_20x128_minus_1x128,20,128,1,128,0.025175000000000003
MNIST_QNN_z_r1_d6_s43,ideal_shot,mean_api_probabilities,learned_mlp_pv,7,equal_total_5x512_minus_1x2560,5,512,1,2560,0.011724999999999985
MNIST_QNN_z_r1_d6_s43,ideal_shot,mean_api_probabilities,learned_mlp_pv,7,equal_total_20x128_minus_1x2560,20,128,1,2560,-0.004824999999999968
MNIST_QNN_z_r1_d6_s43,ideal_shot,mean_api_probabilities,learned_mlp_pv,8,single_shot_512_minus_128,1,512,1,128,-0.03770000000000007
MNIST_QNN_z_r1_d6_s43,ideal_shot,mean_api_probabilities,learned_mlp_pv,8,single_shot_2560_minus_128,1,2560,1,128,-0.06672500000000009
MNIST_QNN_z_r1_d6_s43,ideal_shot,mean_api_probabilities,learned_mlp_pv,8,repeat_5x128_minus_1x128,5,128,1,128,-0.057000000000000106
MNIST_QNN_z_r1_d6_s43,ideal_shot,mean_api_probabilities,learned_mlp_pv,8,repeat_20x128_minus_1x128,20,128,1,128,-0.03720000000000012
MNIST_QNN_z_r1_d6_s43,ideal_shot,mean_api_probabilities,learned_mlp_pv,8,equal_total_5x512_minus_1x2560,5,512,1,2560,0.0631000000000001
MNIST_QNN_z_r1_d6_s43,ideal_shot,mean_api_probabilities,learned_mlp_pv,8,equal_total_20x128_minus_1x2560,20,128,1,2560,0.029524999999999968
MNIST_QNN_z_r1_d6_s43,ideal_shot,mean_api_probabilities,learned_mlp_pv,9,single_shot_512_minus_128,1,512,1,128,0.034275
MNIST_QNN_z_r1_d6_s43,ideal_shot,mean_api_probabilities,learned_mlp_pv,9,single_shot_2560_minus_128,1,2560,1,128,0.05735000000000007
MNIST_QNN_z_r1_d6_s43,ideal_shot,mean_api_probabilities,learned_mlp_pv,9,repeat_5x128_minus_1x128,5,128,1,128,0.005025000000000002
MNIST_QNN_z_r1_d6_s43,ideal_shot,mean_api_probabilities,learned_mlp_pv,9,repeat_20x128_minus_1x128,20,128,1,128,-0.0020499999999999963
MNIST_QNN_z_r1_d6_s43,ideal_shot,mean_api_probabilities,learned_mlp_pv,9,equal_total_5x512_minus_1x2560,5,512,1,2560,-0.06979999999999997
MNIST_QNN_z_r1_d6_s43,ideal_shot,mean_api_probabilities,learned_mlp_pv,9,equal_total_20x128_minus_1x2560,20,128,1,2560,-0.059400000000000064
MNIST_QNN_z_r1_d6_s43,ideal_shot,mean_api_probabilities,learned_mlp_pv_mean_std,0,single_shot_512_minus_128,1,512,1,128,-0.06182500000000002
MNIST_QNN_z_r1_d6_s43,ideal_shot,mean_api_probabilities,learned_mlp_pv_mean_std,0,single_shot_2560_minus_128,1,2560,1,128,-0.037775
MNIST_QNN_z_r1_d6_s43,ideal_shot,mean_api_probabilities,learned_mlp_pv_mean_std,0,repeat_5x128_minus_1x128,5,128,1,128,-0.017900000000000027
MNIST_QNN_z_r1_d6_s43,ideal_shot,mean_api_probabilities,learned_mlp_pv_mean_std,0,repeat_20x128_minus_1x128,20,128,1,128,0.0011499999999999844
MNIST_QNN_z_r1_d6_s43,ideal_shot,mean_api_probabilities,learned_mlp_pv_mean_std,0,equal_total_5x512_minus_1x2560,5,512,1,2560,0.02629999999999999
MNIST_QNN_z_r1_d6_s43,ideal_shot,mean_api_probabilities,learned_mlp_pv_mean_std,0,equal_total_20x128_minus_1x2560,20,128,1,2560,0.03892499999999999
MNIST_QNN_z_r1_d6_s43,ideal_shot,mean_api_probabilities,learned_mlp_pv_mean_std,1,single_shot_512_minus_128,1,512,1,128,-0.0026249999999998774
MNIST_QNN_z_r1_d6_s43,ideal_shot,mean_api_probabilities,learned_mlp_pv_mean_std,1,single_shot_2560_minus_128,1,2560,1,128,-0.012924999999999964
MNIST_QNN_z_r1_d6_s43,ideal_shot,mean_api_probabilities,learned_mlp_pv_mean_std,1,repeat_5x128_minus_1x128,5,128,1,128,-0.010249999999999981
MNIST_QNN_z_r1_d6_s43,ideal_shot,mean_api_probabilities,learned_mlp_pv_mean_std,1,repeat_20x128_minus_1x128,20,128,1,128,-0.025499999999999967
MNIST_QNN_z_r1_d6_s43,ideal_shot,mean_api_probabilities,learned_mlp_pv_mean_std,1,equal_total_5x512_minus_1x2560,5,512,1,2560,0.014100000000000001
MNIST_QNN_z_r1_d6_s43,ideal_shot,mean_api_probabilities,learned_mlp_pv_mean_std,1,equal_total_20x128_minus_1x2560,20,128,1,2560,-0.012575000000000003
MNIST_QNN_z_r1_d6_s43,ideal_shot,mean_api_probabilities,learned_mlp_pv_mean_std,2,single_shot_512_minus_128,1,512,1,128,0.025500000000000023
MNIST_QNN_z_r1_d6_s43,ideal_shot,mean_api_probabilities,learned_mlp_pv_mean_std,2,single_shot_2560_minus_128,1,2560,1,128,0.05185000000000001
MNIST_QNN_z_r1_d6_s43,ideal_shot,mean_api_probabilities,learned_mlp_pv_mean_std,2,repeat_5x128_minus_1x128,5,128,1,128,-0.014749999999999985
MNIST_QNN_z_r1_d6_s43,ideal_shot,mean_api_probabilities,learned_mlp_pv_mean_std,2,repeat_20x128_minus_1x128,20,128,1,128,-0.0065749999999999975
MNIST_QNN_z_r1_d6_s43,ideal_shot,mean_api_probabilities,learned_mlp_pv_mean_std,2,equal_total_5x512_minus_1x2560,5,512,1,2560,0.03302500000000008
MNIST_QNN_z_r1_d6_s43,ideal_shot,mean_api_probabilities,learned_mlp_pv_mean_std,2,equal_total_20x128_minus_1x2560,20,128,1,2560,-0.058425000000000005
MNIST_QNN_z_r1_d6_s43,ideal_shot,mean_api_probabilities,learned_mlp_pv_mean_std,3,single_shot_512_minus_128,1,512,1,128,0.003924999999999901
MNIST_QNN_z_r1_d6_s43,ideal_shot,mean_api_probabilities,learned_mlp_pv_mean_std,3,single_shot_2560_minus_128,1,2560,1,128,0.02709999999999979
MNIST_QNN_z_r1_d6_s43,ideal_shot,mean_api_probabilities,learned_mlp_pv_mean_std,3,repeat_5x128_minus_1x128,5,128,1,128,0.023299999999999932
MNIST_QNN_z_r1_d6_s43,ideal_shot,mean_api_probabilities,learned_mlp_pv_mean_std,3,repeat_20x128_minus_1x128,20,128,1,128,0.037924999999999986
MNIST_QNN_z_r1_d6_s43,ideal_shot,mean_api_probabilities,learned_mlp_pv_mean_std,3,equal_total_5x512_minus_1x2560,5,512,1,2560,-0.029774999999999885
MNIST_QNN_z_r1_d6_s43,ideal_shot,mean_api_probabilities,learned_mlp_pv_mean_std,3,equal_total_20x128_minus_1x2560,20,128,1,2560,0.010825000000000196
MNIST_QNN_z_r1_d6_s43,ideal_shot,mean_api_probabilities,learned_mlp_pv_mean_std,4,single_shot_512_minus_128,1,512,1,128,0.04760000000000003
MNIST_QNN_z_r1_d6_s43,ideal_shot,mean_api_probabilities,learned_mlp_pv_mean_std,4,single_shot_2560_minus_128,1,2560,1,128,-0.020550000000000068
MNIST_QNN_z_r1_d6_s43,ideal_shot,mean_api_probabilities,learned_mlp_pv_mean_std,4,repeat_5x128_minus_1x128,5,128,1,128,-0.009975000000000067
MNIST_QNN_z_r1_d6_s43,ideal_shot,mean_api_probabilities,learned_mlp_pv_mean_std,4,repeat_20x128_minus_1x128,20,128,1,128,0.03570000000000001
MNIST_QNN_z_r1_d6_s43,ideal_shot,mean_api_probabilities,learned_mlp_pv_mean_std,4,equal_total_5x512_minus_1x2560,5,512,1,2560,0.0197500000000001
MNIST_QNN_z_r1_d6_s43,ideal_shot,mean_api_probabilities,learned_mlp_pv_mean_std,4,equal_total_20x128_minus_1x2560,20,128,1,2560,0.05625000000000008
MNIST_QNN_z_r1_d6_s43,ideal_shot,mean_api_probabilities,learned_mlp_pv_mean_std,5,single_shot_512_minus_128,1,512,1,128,-0.037349999999999994
MNIST_QNN_z_r1_d6_s43,ideal_shot,mean_api_probabilities,learned_mlp_pv_mean_std,5,single_shot_2560_minus_128,1,2560,1,128,-0.029450000000000087
MNIST_QNN_z_r1_d6_s43,ideal_shot,mean_api_probabilities,learned_mlp_pv_mean_std,5,repeat_5x128_minus_1x128,5,128,1,128,-0.04662499999999997
MNIST_QNN_z_r1_d6_s43,ideal_shot,mean_api_probabilities,learned_mlp_pv_mean_std,5,repeat_20x128_minus_1x128,20,128,1,128,-0.022974999999999968
MNIST_QNN_z_r1_d6_s43,ideal_shot,mean_api_probabilities,learned_mlp_pv_mean_std,5,equal_total_5x512_minus_1x2560,5,512,1,2560,0.004325000000000134
MNIST_QNN_z_r1_d6_s43,ideal_shot,mean_api_probabilities,learned_mlp_pv_mean_std,5,equal_total_20x128_minus_1x2560,20,128,1,2560,0.0064750000000001195
MNIST_QNN_z_r1_d6_s43,ideal_shot,mean_api_probabilities,learned_mlp_pv_mean_std,6,single_shot_512_minus_128,1,512,1,128,-0.016975000000000018
MNIST_QNN_z_r1_d6_s43,ideal_shot,mean_api_probabilities,learned_mlp_pv_mean_std,6,single_shot_2560_minus_128,1,2560,1,128,0.008499999999999897
MNIST_QNN_z_r1_d6_s43,ideal_shot,mean_api_probabilities,learned_mlp_pv_mean_std,6,repeat_5x128_minus_1x128,5,128,1,128,0.007574999999999998
MNIST_QNN_z_r1_d6_s43,ideal_shot,mean_api_probabilities,learned_mlp_pv_mean_std,6,repeat_20x128_minus_1x128,20,128,1,128,-0.0010499999999999954
MNIST_QNN_z_r1_d6_s43,ideal_shot,mean_api_probabilities,learned_mlp_pv_mean_std,6,equal_total_5x512_minus_1x2560,5,512,1,2560,0.0198500000000002
MNIST_QNN_z_r1_d6_s43,ideal_shot,mean_api_probabilities,learned_mlp_pv_mean_std,6,equal_total_20x128_minus_1x2560,20,128,1,2560,-0.009549999999999892
MNIST_QNN_z_r1_d6_s43,ideal_shot,mean_api_probabilities,learned_mlp_pv_mean_std,7,single_shot_512_minus_128,1,512,1,128,0.01707499999999995
MNIST_QNN_z_r1_d6_s43,ideal_shot,mean_api_probabilities,learned_mlp_pv_mean_std,7,single_shot_2560_minus_128,1,2560,1,128,-0.03412499999999996
MNIST_QNN_z_r1_d6_s43,ideal_shot,mean_api_probabilities,learned_mlp_pv_mean_std,7,repeat_5x128_minus_1x128,5,128,1,128,-0.02679999999999999
MNIST_QNN_z_r1_d6_s43,ideal_shot,mean_api_probabilities,learned_mlp_pv_mean_std,7,repeat_20x128_minus_1x128,20,128,1,128,-0.047699999999999965
MNIST_QNN_z_r1_d6_s43,ideal_shot,mean_api_probabilities,learned_mlp_pv_mean_std,7,equal_total_5x512_minus_1x2560,5,512,1,2560,0.03815000000000002
MNIST_QNN_z_r1_d6_s43,ideal_shot,mean_api_probabilities,learned_mlp_pv_mean_std,7,equal_total_20x128_minus_1x2560,20,128,1,2560,-0.013575000000000004
MNIST_QNN_z_r1_d6_s43,ideal_shot,mean_api_probabilities,learned_mlp_pv_mean_std,8,single_shot_512_minus_128,1,512,1,128,-0.013724999999999876
MNIST_QNN_z_r1_d6_s43,ideal_shot,mean_api_probabilities,learned_mlp_pv_mean_std,8,single_shot_2560_minus_128,1,2560,1,128,0.002875000000000072
MNIST_QNN_z_r1_d6_s43,ideal_shot,mean_api_probabilities,learned_mlp_pv_mean_std,8,repeat_5x128_minus_1x128,5,128,1,128,-0.007249999999999979
MNIST_QNN_z_r1_d6_s43,ideal_shot,mean_api_probabilities,learned_mlp_pv_mean_std,8,repeat_20x128_minus_1x128,20,128,1,128,0.02629999999999999
MNIST_QNN_z_r1_d6_s43,ideal_shot,mean_api_probabilities,learned_mlp_pv_mean_std,8,equal_total_5x512_minus_1x2560,5,512,1,2560,0.021399999999999975
MNIST_QNN_z_r1_d6_s43,ideal_shot,mean_api_probabilities,learned_mlp_pv_mean_std,8,equal_total_20x128_minus_1x2560,20,128,1,2560,0.023424999999999918
MNIST_QNN_z_r1_d6_s43,ideal_shot,mean_api_probabilities,learned_mlp_pv_mean_std,9,single_shot_512_minus_128,1,512,1,128,0.013575000000000004
MNIST_QNN_z_r1_d6_s43,ideal_shot,mean_api_probabilities,learned_mlp_pv_mean_std,9,single_shot_2560_minus_128,1,2560,1,128,0.015624999999999889
MNIST_QNN_z_r1_d6_s43,ideal_shot,mean_api_probabilities,learned_mlp_pv_mean_std,9,repeat_5x128_minus_1x128,5,128,1,128,0.04677500000000001
MNIST_QNN_z_r1_d6_s43,ideal_shot,mean_api_probabilities,learned_mlp_pv_mean_std,9,repeat_20x128_minus_1x128,20,128,1,128,0.00192500000000001
MNIST_QNN_z_r1_d6_s43,ideal_shot,mean_api_probabilities,learned_mlp_pv_mean_std,9,equal_total_5x512_minus_1x2560,5,512,1,2560,-0.0017999999999999128
MNIST_QNN_z_r1_d6_s43,ideal_shot,mean_api_probabilities,learned_mlp_pv_mean_std,9,equal_total_20x128_minus_1x2560,20,128,1,2560,-0.013699999999999879
MNIST_QNN_z_r1_d6_s43,ideal_shot,mean_api_probabilities,loss,0,single_shot_512_minus_128,1,512,1,128,-0.002375000000000127
MNIST_QNN_z_r1_d6_s43,ideal_shot,mean_api_probabilities,loss,0,single_shot_2560_minus_128,1,2560,1,128,-0.012325000000000141
MNIST_QNN_z_r1_d6_s43,ideal_shot,mean_api_probabilities,loss,0,repeat_5x128_minus_1x128,5,128,1,128,-0.009200000000000097
MNIST_QNN_z_r1_d6_s43,ideal_shot,mean_api_probabilities,loss,0,repeat_20x128_minus_1x128,20,128,1,128,-0.013700000000000156
MNIST_QNN_z_r1_d6_s43,ideal_shot,mean_api_probabilities,loss,0,equal_total_5x512_minus_1x2560,5,512,1,2560,0.0012249999999999206
MNIST_QNN_z_r1_d6_s43,ideal_shot,mean_api_probabilities,loss,0,equal_total_20x128_minus_1x2560,20,128,1,2560,-0.001375000000000015
MNIST_QNN_z_r1_d6_s43,ideal_shot,mean_api_probabilities,loss,1,single_shot_512_minus_128,1,512,1,128,-0.004475000000000007
MNIST_QNN_z_r1_d6_s43,ideal_shot,mean_api_probabilities,loss,1,single_shot_2560_minus_128,1,2560,1,128,-0.0047999999999999154
MNIST_QNN_z_r1_d6_s43,ideal_shot,mean_api_probabilities,loss,1,repeat_5x128_minus_1x128,5,128,1,128,0.0022499999999999742
MNIST_QNN_z_r1_d6_s43,ideal_shot,mean_api_probabilities,loss,1,repeat_20x128_minus_1x128,20,128,1,128,-0.0016000000000000458
MNIST_QNN_z_r1_d6_s43,ideal_shot,mean_api_probabilities,loss,1,equal_total_5x512_minus_1x2560,5,512,1,2560,0.005599999999999938
MNIST_QNN_z_r1_d6_s43,ideal_shot,mean_api_probabilities,loss,1,equal_total_20x128_minus_1x2560,20,128,1,2560,0.0031999999999998696
MNIST_QNN_z_r1_d6_s43,ideal_shot,mean_api_probabilities,loss,2,single_shot_512_minus_128,1,512,1,128,0.010150000000000103
MNIST_QNN_z_r1_d6_s43,ideal_shot,mean_api_probabilities,loss,2,single_shot_2560_minus_128,1,2560,1,128,0.020150000000000112
MNIST_QNN_z_r1_d6_s43,ideal_shot,mean_api_probabilities,loss,2,repeat_5x128_minus_1x128,5,128,1,128,0.010312500000000058
MNIST_QNN_z_r1_d6_s43,ideal_shot,mean_api_probabilities,loss,2,repeat_20x128_minus_1x128,20,128,1,128,0.014350000000000085
MNIST_QNN_z_r1_d6_s43,ideal_shot,mean_api_probabilities,loss,2,equal_total_5x512_minus_1x2560,5,512,1,2560,-0.0027250000000000885
MNIST_QNN_z_r1_d6_s43,ideal_shot,mean_api_probabilities,loss,2,equal_total_20x128_minus_1x2560,20,128,1,2560,-0.005800000000000027
MNIST_QNN_z_r1_d6_s43,ideal_shot,mean_api_probabilities,loss,3,single_shot_512_minus_128,1,512,1,128,0.005049999999999999
MNIST_QNN_z_r1_d6_s43,ideal_shot,mean_api_probabilities,loss,3,single_shot_2560_minus_128,1,2560,1,128,0.008175000000000043
MNIST_QNN_z_r1_d6_s43,ideal_shot,mean_api_probabilities,loss,3,repeat_5x128_minus_1x128,5,128,1,128,-0.0023499999999999632
MNIST_QNN_z_r1_d6_s43,ideal_shot,mean_api_probabilities,loss,3,repeat_20x128_minus_1x128,20,128,1,128,0.005024999999999946
MNIST_QNN_z_r1_d6_s43,ideal_shot,mean_api_probabilities,loss,3,equal_total_5x512_minus_1x2560,5,512,1,2560,-0.0035250000000001114
MNIST_QNN_z_r1_d6_s43,ideal_shot,mean_api_probabilities,loss,3,equal_total_20x128_minus_1x2560,20,128,1,2560,-0.003150000000000097
MNIST_QNN_z_r1_d6_s43,ideal_shot,mean_api_probabilities,loss,4,single_shot_512_minus_128,1,512,1,128,0.014924999999999966
MNIST_QNN_z_r1_d6_s43,ideal_shot,mean_api_probabilities,loss,4,single_shot_2560_minus_128,1,2560,1,128,0.011812500000000004
MNIST_QNN_z_r1_d6_s43,ideal_shot,mean_api_probabilities,loss,4,repeat_5x128_minus_1x128,5,128,1,128,0.013549999999999951
MNIST_QNN_z_r1_d6_s43,ideal_shot,mean_api_probabilities,loss,4,repeat_20x128_minus_1x128,20,128,1,128,0.01519999999999988
MNIST_QNN_z_r1_d6_s43,ideal_shot,mean_api_probabilities,loss,4,equal_total_5x512_minus_1x2560,5,512,1,2560,0.0012375000000000025
MNIST_QNN_z_r1_d6_s43,ideal_shot,mean_api_probabilities,loss,4,equal_total_20x128_minus_1x2560,20,128,1,2560,0.0033874999999998767
MNIST_QNN_z_r1_d6_s43,ideal_shot,mean_api_probabilities,loss,5,single_shot_512_minus_128,1,512,1,128,0.009324999999999917
MNIST_QNN_z_r1_d6_s43,ideal_shot,mean_api_probabilities,loss,5,single_shot_2560_minus_128,1,2560,1,128,0.007825000000000082
MNIST_QNN_z_r1_d6_s43,ideal_shot,mean_api_probabilities,loss,5,repeat_5x128_minus_1x128,5,128,1,128,-0.001100000000000101
MNIST_QNN_z_r1_d6_s43,ideal_shot,mean_api_probabilities,loss,5,repeat_20x128_minus_1x128,20,128,1,128,0.001274999999999804
MNIST_QNN_z_r1_d6_s43,ideal_shot,mean_api_probabilities,loss,5,equal_total_5x512_minus_1x2560,5,512,1,2560,-0.0016250000000002096
MNIST_QNN_z_r1_d6_s43,ideal_shot,mean_api_probabilities,loss,5,equal_total_20x128_minus_1x2560,20,128,1,2560,-0.006550000000000278
MNIST_QNN_z_r1_d6_s43,ideal_shot,mean_api_probabilities,loss,6,single_shot_512_minus_128,1,512,1,128,0.013637499999999969
MNIST_QNN_z_r1_d6_s43,ideal_shot,mean_api_probabilities,loss,6,single_shot_2560_minus_128,1,2560,1,128,0.011824999999999974
MNIST_QNN_z_r1_d6_s43,ideal_shot,mean_api_probabilities,loss,6,repeat_5x128_minus_1x128,5,128,1,128,0.009749999999999925
MNIST_QNN_z_r1_d6_s43,ideal_shot,mean_api_probabilities,loss,6,repeat_20x128_minus_1x128,20,128,1,128,0.010149999999999992
MNIST_QNN_z_r1_d6_s43,ideal_shot,mean_api_probabilities,loss,6,equal_total_5x512_minus_1x2560,5,512,1,2560,0.0021250000000000435
MNIST_QNN_z_r1_d6_s43,ideal_shot,mean_api_probabilities,loss,6,equal_total_20x128_minus_1x2560,20,128,1,2560,-0.001674999999999982
MNIST_QNN_z_r1_d6_s43,ideal_shot,mean_api_probabilities,loss,7,single_shot_512_minus_128,1,512,1,128,0.015499999999999958
MNIST_QNN_z_r1_d6_s43,ideal_shot,mean_api_probabilities,loss,7,single_shot_2560_minus_128,1,2560,1,128,0.020224999999999937
MNIST_QNN_z_r1_d6_s43,ideal_shot,mean_api_probabilities,loss,7,repeat_5x128_minus_1x128,5,128,1,128,0.013900000000000023
MNIST_QNN_z_r1_d6_s43,ideal_shot,mean_api_probabilities,loss,7,repeat_20x128_minus_1x128,20,128,1,128,0.017549999999999844
MNIST_QNN_z_r1_d6_s43,ideal_shot,mean_api_probabilities,loss,7,equal_total_5x512_minus_1x2560,5,512,1,2560,0.0016625000000000112
MNIST_QNN_z_r1_d6_s43,ideal_shot,mean_api_probabilities,loss,7,equal_total_20x128_minus_1x2560,20,128,1,2560,-0.002675000000000094
MNIST_QNN_z_r1_d6_s43,ideal_shot,mean_api_probabilities,loss,8,single_shot_512_minus_128,1,512,1,128,0.009124999999999939
MNIST_QNN_z_r1_d6_s43,ideal_shot,mean_api_probabilities,loss,8,single_shot_2560_minus_128,1,2560,1,128,0.013674999999999993
MNIST_QNN_z_r1_d6_s43,ideal_shot,mean_api_probabilities,loss,8,repeat_5x128_minus_1x128,5,128,1,128,0.012249999999999983
MNIST_QNN_z_r1_d6_s43,ideal_shot,mean_api_probabilities,loss,8,repeat_20x128_minus_1x128,20,128,1,128,0.015274999999999817
MNIST_QNN_z_r1_d6_s43,ideal_shot,mean_api_probabilities,loss,8,equal_total_5x512_minus_1x2560,5,512,1,2560,-0.0014000000000000679
MNIST_QNN_z_r1_d6_s43,ideal_shot,mean_api_probabilities,loss,8,equal_total_20x128_minus_1x2560,20,128,1,2560,0.0015999999999998238
MNIST_QNN_z_r1_d6_s43,ideal_shot,mean_api_probabilities,loss,9,single_shot_512_minus_128,1,512,1,128,0.01682499999999998
MNIST_QNN_z_r1_d6_s43,ideal_shot,mean_api_probabilities,loss,9,single_shot_2560_minus_128,1,2560,1,128,0.01684999999999992
MNIST_QNN_z_r1_d6_s43,ideal_shot,mean_api_probabilities,loss,9,repeat_5x128_minus_1x128,5,128,1,128,0.020274999999999932
MNIST_QNN_z_r1_d6_s43,ideal_shot,mean_api_probabilities,loss,9,repeat_20x128_minus_1x128,20,128,1,128,0.016799999999999926
MNIST_QNN_z_r1_d6_s43,ideal_shot,mean_api_probabilities,loss,9,equal_total_5x512_minus_1x2560,5,512,1,2560,0.0033250000000001334
MNIST_QNN_z_r1_d6_s43,ideal_shot,mean_api_probabilities,loss,9,equal_total_20x128_minus_1x2560,20,128,1,2560,-4.999999999999449e-05
MNIST_QNN_z_r1_d6_s43,ideal_shot,mean_api_probabilities,margin,0,single_shot_512_minus_128,1,512,1,128,7.500000000004725e-05
MNIST_QNN_z_r1_d6_s43,ideal_shot,mean_api_probabilities,margin,0,single_shot_2560_minus_128,1,2560,1,128,-0.015125000000000055
MNIST_QNN_z_r1_d6_s43,ideal_shot,mean_api_probabilities,margin,0,repeat_5x128_minus_1x128,5,128,1,128,-0.004974999999999952
MNIST_QNN_z_r1_d6_s43,ideal_shot,mean_api_probabilities,margin,0,repeat_20x128_minus_1x128,20,128,1,128,-0.019749999999999934
MNIST_QNN_z_r1_d6_s43,ideal_shot,mean_api_probabilities,margin,0,equal_total_5x512_minus_1x2560,5,512,1,2560,0.001000000000000112
MNIST_QNN_z_r1_d6_s43,ideal_shot,mean_api_probabilities,margin,0,equal_total_20x128_minus_1x2560,20,128,1,2560,-0.004624999999999879
MNIST_QNN_z_r1_d6_s43,ideal_shot,mean_api_probabilities,margin,1,single_shot_512_minus_128,1,512,1,128,-0.0018249999999999655
MNIST_QNN_z_r1_d6_s43,ideal_shot,mean_api_probabilities,margin,1,single_shot_2560_minus_128,1,2560,1,128,0.004449999999999954
MNIST_QNN_z_r1_d6_s43,ideal_shot,mean_api_probabilities,margin,1,repeat_5x128_minus_1x128,5,128,1,128,0.011950000000000016
MNIST_QNN_z_r1_d6_s43,ideal_shot,mean_api_probabilities,margin,1,repeat_20x128_minus_1x128,20,128,1,128,0.013674999999999882
MNIST_QNN_z_r1_d6_s43,ideal_shot,mean_api_probabilities,margin,1,equal_total_5x512_minus_1x2560,5,512,1,2560,0.005300000000000082
MNIST_QNN_z_r1_d6_s43,ideal_shot,mean_api_probabilities,margin,1,equal_total_20x128_minus_1x2560,20,128,1,2560,0.009224999999999928
MNIST_QNN_z_r1_d6_s43,ideal_shot,mean_api_probabilities,margin,2,single_shot_512_minus_128,1,512,1,128,0.011050000000000004
MNIST_QNN_z_r1_d6_s43,ideal_shot,mean_api_probabilities,margin,2,single_shot_2560_minus_128,1,2560,1,128,0.01869999999999994
MNIST_QNN_z_r1_d6_s43,ideal_shot,mean_api_probabilities,margin,2,repeat_5x128_minus_1x128,5,128,1,128,0.009624999999999995
MNIST_QNN_z_r1_d6_s43,ideal_shot,mean_api_probabilities,margin,2,repeat_20x128_minus_1x128,20,128,1,128,0.010650000000000048
MNIST_QNN_z_r1_d6_s43,ideal_shot,mean_api_probabilities,margin,2,equal_total_5x512_minus_1x2560,5,512,1,2560,-0.0009000000000000119
MNIST_QNN_z_r1_d6_s43,ideal_shot,mean_api_probabilities,margin,2,equal_total_20x128_minus_1x2560,20,128,1,2560,-0.00804999999999989
MNIST_QNN_z_r1_d6_s43,ideal_shot,mean_api_probabilities,margin,3,single_shot_512_minus_128,1,512,1,128,0.01760000000000006
MNIST_QNN_z_r1_d6_s43,ideal_shot,mean_api_probabilities,margin,3,single_shot_2560_minus_128,1,2560,1,128,0.023050000000000015
MNIST_QNN_z_r1_d6_s43,ideal_shot,mean_api_probabilities,margin,3,repeat_5x128_minus_1x128,5,128,1,128,0.011275000000000035
MNIST_QNN_z_r1_d6_s43,ideal_shot,mean_api_probabilities,margin,3,repeat_20x128_minus_1x128,20,128,1,128,0.02089999999999992
MNIST_QNN_z_r1_d6_s43,ideal_shot,mean_api_probabilities,margin,3,equal_total_5x512_minus_1x2560,5,512,1,2560,-0.0047000000000000375
MNIST_QNN_z_r1_d6_s43,ideal_shot,mean_api_probabilities,margin,3,equal_total_20x128_minus_1x2560,20,128,1,2560,-0.0021500000000000963
MNIST_QNN_z_r1_d6_s43,ideal_shot,mean_api_probabilities,margin,4,single_shot_512_minus_128,1,512,1,128,0.024825000000000097
MNIST_QNN_z_r1_d6_s43,ideal_shot,mean_api_probabilities,margin,4,single_shot_2560_minus_128,1,2560,1,128,0.023150000000000004
MNIST_QNN_z_r1_d6_s43,ideal_shot,mean_api_probabilities,margin,4,repeat_5x128_minus_1x128,5,128,1,128,0.024824999999999986
MNIST_QNN_z_r1_d6_s43,ideal_shot,mean_api_probabilities,margin,4,repeat_20x128_minus_1x128,20,128,1,128,0.023625000000000007
MNIST_QNN_z_r1_d6_s43,ideal_shot,mean_api_probabilities,margin,4,equal_total_5x512_minus_1x2560,5,512,1,2560,-0.00045000000000006146
MNIST_QNN_z_r1_d6_s43,ideal_shot,mean_api_probabilities,margin,4,equal_total_20x128_minus_1x2560,20,128,1,2560,0.0004750000000000032
MNIST_QNN_z_r1_d6_s43,ideal_shot,mean_api_probabilities,margin,5,single_shot_512_minus_128,1,512,1,128,-0.006099999999999994
MNIST_QNN_z_r1_d6_s43,ideal_shot,mean_api_probabilities,margin,5,single_shot_2560_minus_128,1,2560,1,128,-0.005574999999999997
MNIST_QNN_z_r1_d6_s43,ideal_shot,mean_api_probabilities,margin,5,repeat_5x128_minus_1x128,5,128,1,128,-0.015325000000000033
MNIST_QNN_z_r1_d6_s43,ideal_shot,mean_api_probabilities,margin,5,repeat_20x128_minus_1x128,20,128,1,128,-0.016024999999999845
MNIST_QNN_z_r1_d6_s43,ideal_shot,mean_api_probabilities,margin,5,equal_total_5x512_minus_1x2560,5,512,1,2560,-0.0024250000000000105
MNIST_QNN_z_r1_d6_s43,ideal_shot,mean_api_probabilities,margin,5,equal_total_20x128_minus_1x2560,20,128,1,2560,-0.010449999999999848
MNIST_QNN_z_r1_d6_s43,ideal_shot,mean_api_probabilities,margin,6,single_shot_512_minus_128,1,512,1,128,0.012974999999999959
MNIST_QNN_z_r1_d6_s43,ideal_shot,mean_api_probabilities,margin,6,single_shot_2560_minus_128,1,2560,1,128,0.013375000000000026
MNIST_QNN_z_r1_d6_s43,ideal_shot,mean_api_probabilities,margin,6,repeat_5x128_minus_1x128,5,128,1,128,0.01869999999999994
MNIST_QNN_z_r1_d6_s43,ideal_shot,mean_api_probabilities,margin,6,repeat_20x128_minus_1x128,20,128,1,128,0.017575000000000007
MNIST_QNN_z_r1_d6_s43,ideal_shot,mean_api_probabilities,margin,6,equal_total_5x512_minus_1x2560,5,512,1,2560,0.009399999999999964
MNIST_QNN_z_r1_d6_s43,ideal_shot,mean_api_probabilities,margin,6,equal_total_20x128_minus_1x2560,20,128,1,2560,0.0041999999999999815
MNIST_QNN_z_r1_d6_s43,ideal_shot,mean_api_probabilities,margin,7,single_shot_512_minus_128,1,512,1,128,0.026925000000000032
MNIST_QNN_z_r1_d6_s43,ideal_shot,mean_api_probabilities,margin,7,single_shot_2560_minus_128,1,2560,1,128,0.028400000000000036
MNIST_QNN_z_r1_d6_s43,ideal_shot,mean_api_probabilities,margin,7,repeat_5x128_minus_1x128,5,128,1,128,0.027650000000000008
MNIST_QNN_z_r1_d6_s43,ideal_shot,mean_api_probabilities,margin,7,repeat_20x128_minus_1x128,20,128,1,128,0.030949999999999978
MNIST_QNN_z_r1_d6_s43,ideal_shot,mean_api_probabilities,margin,7,equal_total_5x512_minus_1x2560,5,512,1,2560,0.008974999999999955
MNIST_QNN_z_r1_d6_s43,ideal_shot,mean_api_probabilities,margin,7,equal_total_20x128_minus_1x2560,20,128,1,2560,0.002549999999999941
MNIST_QNN_z_r1_d6_s43,ideal_shot,mean_api_probabilities,margin,8,single_shot_512_minus_128,1,512,1,128,0.009175000000000044
MNIST_QNN_z_r1_d6_s43,ideal_shot,mean_api_probabilities,margin,8,single_shot_2560_minus_128,1,2560,1,128,0.014774999999999983
MNIST_QNN_z_r1_d6_s43,ideal_shot,mean_api_probabilities,margin,8,repeat_5x128_minus_1x128,5,128,1,128,0.0017500000000000293
MNIST_QNN_z_r1_d6_s43,ideal_shot,mean_api_probabilities,margin,8,repeat_20x128_minus_1x128,20,128,1,128,0.01397499999999996
MNIST_QNN_z_r1_d6_s43,ideal_shot,mean_api_probabilities,margin,8,equal_total_5x512_minus_1x2560,5,512,1,2560,-0.009449999999999958
MNIST_QNN_z_r1_d6_s43,ideal_shot,mean_api_probabilities,margin,8,equal_total_20x128_minus_1x2560,20,128,1,2560,-0.0008000000000000229
MNIST_QNN_z_r1_d6_s43,ideal_shot,mean_api_probabilities,margin,9,single_shot_512_minus_128,1,512,1,128,0.015025000000000177
MNIST_QNN_z_r1_d6_s43,ideal_shot,mean_api_probabilities,margin,9,single_shot_2560_minus_128,1,2560,1,128,0.017300000000000093
MNIST_QNN_z_r1_d6_s43,ideal_shot,mean_api_probabilities,margin,9,repeat_5x128_minus_1x128,5,128,1,128,0.03225000000000011
MNIST_QNN_z_r1_d6_s43,ideal_shot,mean_api_probabilities,margin,9,repeat_20x128_minus_1x128,20,128,1,128,0.017850000000000033
MNIST_QNN_z_r1_d6_s43,ideal_shot,mean_api_probabilities,margin,9,equal_total_5x512_minus_1x2560,5,512,1,2560,0.005874999999999964
MNIST_QNN_z_r1_d6_s43,ideal_shot,mean_api_probabilities,margin,9,equal_total_20x128_minus_1x2560,20,128,1,2560,0.0005499999999999394
MNIST_QNN_z_r1_d6_s43,noisy_shot,mean_api_probabilities,confidence,0,single_shot_512_minus_128,1,512,1,128,0.026599999999999957
MNIST_QNN_z_r1_d6_s43,noisy_shot,mean_api_probabilities,confidence,0,single_shot_2560_minus_128,1,2560,1,128,0.009524999999999895
MNIST_QNN_z_r1_d6_s43,noisy_shot,mean_api_probabilities,confidence,0,repeat_5x128_minus_1x128,5,128,1,128,0.019974999999999854
MNIST_QNN_z_r1_d6_s43,noisy_shot,mean_api_probabilities,confidence,0,repeat_20x128_minus_1x128,20,128,1,128,0.0043999999999999595
MNIST_QNN_z_r1_d6_s43,noisy_shot,mean_api_probabilities,confidence,0,equal_total_5x512_minus_1x2560,5,512,1,2560,0.006950000000000123
MNIST_QNN_z_r1_d6_s43,noisy_shot,mean_api_probabilities,confidence,0,equal_total_20x128_minus_1x2560,20,128,1,2560,-0.005124999999999935
MNIST_QNN_z_r1_d6_s43,noisy_shot,mean_api_probabilities,confidence,1,single_shot_512_minus_128,1,512,1,128,0.009824999999999862
MNIST_QNN_z_r1_d6_s43,noisy_shot,mean_api_probabilities,confidence,1,single_shot_2560_minus_128,1,2560,1,128,0.009949999999999903
MNIST_QNN_z_r1_d6_s43,noisy_shot,mean_api_probabilities,confidence,1,repeat_5x128_minus_1x128,5,128,1,128,0.0059499999999999
MNIST_QNN_z_r1_d6_s43,noisy_shot,mean_api_probabilities,confidence,1,repeat_20x128_minus_1x128,20,128,1,128,0.014474999999999905
MNIST_QNN_z_r1_d6_s43,noisy_shot,mean_api_probabilities,confidence,1,equal_total_5x512_minus_1x2560,5,512,1,2560,0.0027000000000000357
MNIST_QNN_z_r1_d6_s43,noisy_shot,mean_api_probabilities,confidence,1,equal_total_20x128_minus_1x2560,20,128,1,2560,0.004525000000000001
MNIST_QNN_z_r1_d6_s43,noisy_shot,mean_api_probabilities,confidence,2,single_shot_512_minus_128,1,512,1,128,0.015149999999999886
MNIST_QNN_z_r1_d6_s43,noisy_shot,mean_api_probabilities,confidence,2,single_shot_2560_minus_128,1,2560,1,128,0.007024999999999837
MNIST_QNN_z_r1_d6_s43,noisy_shot,mean_api_probabilities,confidence,2,repeat_5x128_minus_1x128,5,128,1,128,0.002074999999999938
MNIST_QNN_z_r1_d6_s43,noisy_shot,mean_api_probabilities,confidence,2,repeat_20x128_minus_1x128,20,128,1,128,0.0012250000000000316
MNIST_QNN_z_r1_d6_s43,noisy_shot,mean_api_probabilities,confidence,2,equal_total_5x512_minus_1x2560,5,512,1,2560,0.002275000000000138
MNIST_QNN_z_r1_d6_s43,noisy_shot,mean_api_probabilities,confidence,2,equal_total_20x128_minus_1x2560,20,128,1,2560,-0.005799999999999805
MNIST_QNN_z_r1_d6_s43,noisy_shot,mean_api_probabilities,confidence,3,single_shot_512_minus_128,1,512,1,128,0.016674999999999884
MNIST_QNN_z_r1_d6_s43,noisy_shot,mean_api_probabilities,confidence,3,single_shot_2560_minus_128,1,2560,1,128,0.03205000000000002
MNIST_QNN_z_r1_d6_s43,noisy_shot,mean_api_probabilities,confidence,3,repeat_5x128_minus_1x128,5,128,1,128,0.029850000000000043
MNIST_QNN_z_r1_d6_s43,noisy_shot,mean_api_probabilities,confidence,3,repeat_20x128_minus_1x128,20,128,1,128,0.030574999999999908
MNIST_QNN_z_r1_d6_s43,noisy_shot,mean_api_probabilities,confidence,3,equal_total_5x512_minus_1x2560,5,512,1,2560,-0.007624999999999993
MNIST_QNN_z_r1_d6_s43,noisy_shot,mean_api_probabilities,confidence,3,equal_total_20x128_minus_1x2560,20,128,1,2560,-0.001475000000000115
MNIST_QNN_z_r1_d6_s43,noisy_shot,mean_api_probabilities,confidence,4,single_shot_512_minus_128,1,512,1,128,0.0004750000000000032
MNIST_QNN_z_r1_d6_s43,noisy_shot,mean_api_probabilities,confidence,4,single_shot_2560_minus_128,1,2560,1,128,0.01639999999999997
MNIST_QNN_z_r1_d6_s43,noisy_shot,mean_api_probabilities,confidence,4,repeat_5x128_minus_1x128,5,128,1,128,0.030249999999999888
MNIST_QNN_z_r1_d6_s43,noisy_shot,mean_api_probabilities,confidence,4,repeat_20x128_minus_1x128,20,128,1,128,0.017349999999999977
MNIST_QNN_z_r1_d6_s43,noisy_shot,mean_api_probabilities,confidence,4,equal_total_5x512_minus_1x2560,5,512,1,2560,0.0020499999999998852
MNIST_QNN_z_r1_d6_s43,noisy_shot,mean_api_probabilities,confidence,4,equal_total_20x128_minus_1x2560,20,128,1,2560,0.0009500000000000064
MNIST_QNN_z_r1_d6_s43,noisy_shot,mean_api_probabilities,confidence,5,single_shot_512_minus_128,1,512,1,128,0.019725000000000048
MNIST_QNN_z_r1_d6_s43,noisy_shot,mean_api_probabilities,confidence,5,single_shot_2560_minus_128,1,2560,1,128,0.026400000000000035
MNIST_QNN_z_r1_d6_s43,noisy_shot,mean_api_probabilities,confidence,5,repeat_5x128_minus_1x128,5,128,1,128,0.01172499999999993
MNIST_QNN_z_r1_d6_s43,noisy_shot,mean_api_probabilities,confidence,5,repeat_20x128_minus_1x128,20,128,1,128,0.016424999999999967
MNIST_QNN_z_r1_d6_s43,noisy_shot,mean_api_probabilities,confidence,5,equal_total_5x512_minus_1x2560,5,512,1,2560,0.0015499999999999403
MNIST_QNN_z_r1_d6_s43,noisy_shot,mean_api_probabilities,confidence,5,equal_total_20x128_minus_1x2560,20,128,1,2560,-0.009975000000000067
MNIST_QNN_z_r1_d6_s43,noisy_shot,mean_api_probabilities,confidence,6,single_shot_512_minus_128,1,512,1,128,-0.016125000000000056
MNIST_QNN_z_r1_d6_s43,noisy_shot,mean_api_probabilities,confidence,6,single_shot_2560_minus_128,1,2560,1,128,-0.016750000000000043
MNIST_QNN_z_r1_d6_s43,noisy_shot,mean_api_probabilities,confidence,6,repeat_5x128_minus_1x128,5,128,1,128,-0.011200000000000099
MNIST_QNN_z_r1_d6_s43,noisy_shot,mean_api_probabilities,confidence,6,repeat_20x128_minus_1x128,20,128,1,128,-0.01882499999999998
MNIST_QNN_z_r1_d6_s43,noisy_shot,mean_api_probabilities,confidence,6,equal_total_5x512_minus_1x2560,5,512,1,2560,-0.0008749999999999591
MNIST_QNN_z_r1_d6_s43,noisy_shot,mean_api_probabilities,confidence,6,equal_total_20x128_minus_1x2560,20,128,1,2560,-0.002074999999999938
MNIST_QNN_z_r1_d6_s43,noisy_shot,mean_api_probabilities,confidence,7,single_shot_512_minus_128,1,512,1,128,0.035225000000000006
MNIST_QNN_z_r1_d6_s43,noisy_shot,mean_api_probabilities,confidence,7,single_shot_2560_minus_128,1,2560,1,128,0.04634999999999995
MNIST_QNN_z_r1_d6_s43,noisy_shot,mean_api_probabilities,confidence,7,repeat_5x128_minus_1x128,5,128,1,128,0.03667499999999996
MNIST_QNN_z_r1_d6_s43,noisy_shot,mean_api_probabilities,confidence,7,repeat_20x128_minus_1x128,20,128,1,128,0.053499999999999936
MNIST_QNN_z_r1_d6_s43,noisy_shot,mean_api_probabilities,confidence,7,equal_total_5x512_minus_1x2560,5,512,1,2560,0.00880000000000003
MNIST_QNN_z_r1_d6_s43,noisy_shot,mean_api_probabilities,confidence,7,equal_total_20x128_minus_1x2560,20,128,1,2560,0.00714999999999999
MNIST_QNN_z_r1_d6_s43,noisy_shot,mean_api_probabilities,confidence,8,single_shot_512_minus_128,1,512,1,128,0.0046999999999999265
MNIST_QNN_z_r1_d6_s43,noisy_shot,mean_api_probabilities,confidence,8,single_shot_2560_minus_128,1,2560,1,128,0.021700000000000053
MNIST_QNN_z_r1_d6_s43,noisy_shot,mean_api_probabilities,confidence,8,repeat_5x128_minus_1x128,5,128,1,128,0.006149999999999989
MNIST_QNN_z_r1_d6_s43,noisy_shot,mean_api_probabilities,confidence,8,repeat_20x128_minus_1x128,20,128,1,128,0.02587499999999998
MNIST_QNN_z_r1_d6_s43,noisy_shot,mean_api_probabilities,confidence,8,equal_total_5x512_minus_1x2560,5,512,1,2560,-0.0034250000000000114
MNIST_QNN_z_r1_d6_s43,noisy_shot,mean_api_probabilities,confidence,8,equal_total_20x128_minus_1x2560,20,128,1,2560,0.004174999999999929
MNIST_QNN_z_r1_d6_s43,noisy_shot,mean_api_probabilities,confidence,9,single_shot_512_minus_128,1,512,1,128,0.008824999999999972
MNIST_QNN_z_r1_d6_s43,noisy_shot,mean_api_probabilities,confidence,9,single_shot_2560_minus_128,1,2560,1,128,0.016024999999999956
MNIST_QNN_z_r1_d6_s43,noisy_shot,mean_api_probabilities,confidence,9,repeat_5x128_minus_1x128,5,128,1,128,0.023350000000000093
MNIST_QNN_z_r1_d6_s43,noisy_shot,mean_api_probabilities,confidence,9,repeat_20x128_minus_1x128,20,128,1,128,0.03104999999999991
MNIST_QNN_z_r1_d6_s43,noisy_shot,mean_api_probabilities,confidence,9,equal_total_5x512_minus_1x2560,5,512,1,2560,0.005400000000000071
MNIST_QNN_z_r1_d6_s43,noisy_shot,mean_api_probabilities,confidence,9,equal_total_20x128_minus_1x2560,20,128,1,2560,0.015024999999999955
MNIST_QNN_z_r1_d6_s43,noisy_shot,mean_api_probabilities,correctness,0,single_shot_512_minus_128,1,512,1,128,0.020000000000000018
MNIST_QNN_z_r1_d6_s43,noisy_shot,mean_api_probabilities,correctness,0,single_shot_2560_minus_128,1,2560,1,128,0.015000000000000013
MNIST_QNN_z_r1_d6_s43,noisy_shot,mean_api_probabilities,correctness,0,repeat_5x128_minus_1x128,5,128,1,128,0.01749999999999996
MNIST_QNN_z_r1_d6_s43,noisy_shot,mean_api_probabilities,correctness,0,repeat_20x128_minus_1x128,20,128,1,128,0.01750000000000007
MNIST_QNN_z_r1_d6_s43,noisy_shot,mean_api_probabilities,correctness,0,equal_total_5x512_minus_1x2560,5,512,1,2560,-0.007499999999999951
MNIST_QNN_z_r1_d6_s43,noisy_shot,mean_api_probabilities,correctness,0,equal_total_20x128_minus_1x2560,20,128,1,2560,0.0025000000000000577
MNIST_QNN_z_r1_d6_s43,noisy_shot,mean_api_probabilities,correctness,1,single_shot_512_minus_128,1,512,1,128,0.012499999999999956
MNIST_QNN_z_r1_d6_s43,noisy_shot,mean_api_probabilities,correctness,1,single_shot_2560_minus_128,1,2560,1,128,0.022499999999999964
MNIST_QNN_z_r1_d6_s43,noisy_shot,mean_api_probabilities,correctness,1,repeat_5x128_minus_1x128,5,128,1,128,0.022499999999999964
MNIST_QNN_z_r1_d6_s43,noisy_shot,mean_api_probabilities,correctness,1,repeat_20x128_minus_1x128,20,128,1,128,0.03249999999999986
MNIST_QNN_z_r1_d6_s43,noisy_shot,mean_api_probabilities,correctness,1,equal_total_5x512_minus_1x2560,5,512,1,2560,0.0050000000000000044
MNIST_QNN_z_r1_d6_s43,noisy_shot,mean_api_probabilities,correctness,1,equal_total_20x128_minus_1x2560,20,128,1,2560,0.009999999999999898
MNIST_QNN_z_r1_d6_s43,noisy_shot,mean_api_probabilities,correctness,2,single_shot_512_minus_128,1,512,1,128,0.02750000000000008
MNIST_QNN_z_r1_d6_s43,noisy_shot,mean_api_probabilities,correctness,2,single_shot_2560_minus_128,1,2560,1,128,0.015000000000000124
MNIST_QNN_z_r1_d6_s43,noisy_shot,mean_api_probabilities,correctness,2,repeat_5x128_minus_1x128,5,128,1,128,0.010000000000000231
MNIST_QNN_z_r1_d6_s43,noisy_shot,mean_api_probabilities,correctness,2,repeat_20x128_minus_1x128,20,128,1,128,0.032500000000000195
MNIST_QNN_z_r1_d6_s43,noisy_shot,mean_api_probabilities,correctness,2,equal_total_5x512_minus_1x2560,5,512,1,2560,0.007500000000000062
MNIST_QNN_z_r1_d6_s43,noisy_shot,mean_api_probabilities,correctness,2,equal_total_20x128_minus_1x2560,20,128,1,2560,0.01750000000000007
MNIST_QNN_z_r1_d6_s43,noisy_shot,mean_api_probabilities,correctness,3,single_shot_512_minus_128,1,512,1,128,0.0
MNIST_QNN_z_r1_d6_s43,noisy_shot,mean_api_probabilities,correctness,3,single_shot_2560_minus_128,1,2560,1,128,0.007500000000000062
MNIST_QNN_z_r1_d6_s43,noisy_shot,mean_api_probabilities,correctness,3,repeat_5x128_minus_1x128,5,128,1,128,0.007500000000000062
MNIST_QNN_z_r1_d6_s43,noisy_shot,mean_api_probabilities,correctness,3,repeat_20x128_minus_1x128,20,128,1,128,0.012500000000000067
MNIST_QNN_z_r1_d6_s43,noisy_shot,mean_api_probabilities,correctness,3,equal_total_5x512_minus_1x2560,5,512,1,2560,-0.010000000000000009
MNIST_QNN_z_r1_d6_s43,noisy_shot,mean_api_probabilities,correctness,3,equal_total_20x128_minus_1x2560,20,128,1,2560,0.0050000000000000044
MNIST_QNN_z_r1_d6_s43,noisy_shot,mean_api_probabilities,correctness,4,single_shot_512_minus_128,1,512,1,128,0.04249999999999998
MNIST_QNN_z_r1_d6_s43,noisy_shot,mean_api_probabilities,correctness,4,single_shot_2560_minus_128,1,2560,1,128,0.040000000000000036
MNIST_QNN_z_r1_d6_s43,noisy_shot,mean_api_probabilities,correctness,4,repeat_5x128_minus_1x128,5,128,1,128,0.02749999999999997
MNIST_QNN_z_r1_d6_s43,noisy_shot,mean_api_probabilities,correctness,4,repeat_20x128_minus_1x128,20,128,1,128,0.02749999999999997
MNIST_QNN_z_r1_d6_s43,noisy_shot,mean_api_probabilities,correctness,4,equal_total_5x512_minus_1x2560,5,512,1,2560,-0.007500000000000062
MNIST_QNN_z_r1_d6_s43,noisy_shot,mean_api_probabilities,correctness,4,equal_total_20x128_minus_1x2560,20,128,1,2560,-0.012500000000000067
MNIST_QNN_z_r1_d6_s43,noisy_shot,mean_api_probabilities,correctness,5,single_shot_512_minus_128,1,512,1,128,0.03499999999999992
MNIST_QNN_z_r1_d6_s43,noisy_shot,mean_api_probabilities,correctness,5,single_shot_2560_minus_128,1,2560,1,128,0.03499999999999992
MNIST_QNN_z_r1_d6_s43,noisy_shot,mean_api_probabilities,correctness,5,repeat_5x128_minus_1x128,5,128,1,128,0.040000000000000036
MNIST_QNN_z_r1_d6_s43,noisy_shot,mean_api_probabilities,correctness,5,repeat_20x128_minus_1x128,20,128,1,128,0.05500000000000005
MNIST_QNN_z_r1_d6_s43,noisy_shot,mean_api_probabilities,correctness,5,equal_total_5x512_minus_1x2560,5,512,1,2560,0.0025000000000000577
MNIST_QNN_z_r1_d6_s43,noisy_shot,mean_api_probabilities,correctness,5,equal_total_20x128_minus_1x2560,20,128,1,2560,0.02000000000000013
MNIST_QNN_z_r1_d6_s43,noisy_shot,mean_api_probabilities,correctness,6,single_shot_512_minus_128,1,512,1,128,0.01750000000000007
MNIST_QNN_z_r1_d6_s43,noisy_shot,mean_api_probabilities,correctness,6,single_shot_2560_minus_128,1,2560,1,128,0.007500000000000062
MNIST_QNN_z_r1_d6_s43,noisy_shot,mean_api_probabilities,correctness,6,repeat_5x128_minus_1x128,5,128,1,128,0.007500000000000062
MNIST_QNN_z_r1_d6_s43,noisy_shot,mean_api_probabilities,correctness,6,repeat_20x128_minus_1x128,20,128,1,128,0.0025000000000001688
MNIST_QNN_z_r1_d6_s43,noisy_shot,mean_api_probabilities,correctness,6,equal_total_5x512_minus_1x2560,5,512,1,2560,-0.010000000000000009
MNIST_QNN_z_r1_d6_s43,noisy_shot,mean_api_probabilities,correctness,6,equal_total_20x128_minus_1x2560,20,128,1,2560,-0.004999999999999893
MNIST_QNN_z_r1_d6_s43,noisy_shot,mean_api_probabilities,correctness,7,single_shot_512_minus_128,1,512,1,128,0.02749999999999997
MNIST_QNN_z_r1_d6_s43,noisy_shot,mean_api_probabilities,correctness,7,single_shot_2560_minus_128,1,2560,1,128,0.032500000000000084
MNIST_QNN_z_r1_d6_s43,noisy_shot,mean_api_probabilities,correctness,7,repeat_5x128_minus_1x128,5,128,1,128,0.03500000000000003
MNIST_QNN_z_r1_d6_s43,noisy_shot,mean_api_probabilities,correctness,7,repeat_20x128_minus_1x128,20,128,1,128,0.020000000000000018
MNIST_QNN_z_r1_d6_s43,noisy_shot,mean_api_probabilities,correctness,7,equal_total_5x512_minus_1x2560,5,512,1,2560,-0.012500000000000067
MNIST_QNN_z_r1_d6_s43,noisy_shot,mean_api_probabilities,correctness,7,equal_total_20x128_minus_1x2560,20,128,1,2560,-0.012500000000000067
MNIST_QNN_z_r1_d6_s43,noisy_shot,mean_api_probabilities,correctness,8,single_shot_512_minus_128,1,512,1,128,0.05499999999999994
MNIST_QNN_z_r1_d6_s43,noisy_shot,mean_api_probabilities,correctness,8,single_shot_2560_minus_128,1,2560,1,128,0.04749999999999999
MNIST_QNN_z_r1_d6_s43,noisy_shot,mean_api_probabilities,correctness,8,repeat_5x128_minus_1x128,5,128,1,128,0.04249999999999998
MNIST_QNN_z_r1_d6_s43,noisy_shot,mean_api_probabilities,correctness,8,repeat_20x128_minus_1x128,20,128,1,128,0.06000000000000005
MNIST_QNN_z_r1_d6_s43,noisy_shot,mean_api_probabilities,correctness,8,equal_total_5x512_minus_1x2560,5,512,1,2560,0.0025000000000000577
MNIST_QNN_z_r1_d6_s43,noisy_shot,mean_api_probabilities,correctness,8,equal_total_20x128_minus_1x2560,20,128,1,2560,0.012500000000000067
MNIST_QNN_z_r1_d6_s43,noisy_shot,mean_api_probabilities,correctness,9,single_shot_512_minus_128,1,512,1,128,0.025000000000000022
MNIST_QNN_z_r1_d6_s43,noisy_shot,mean_api_probabilities,correctness,9,single_shot_2560_minus_128,1,2560,1,128,0.025000000000000133
MNIST_QNN_z_r1_d6_s43,noisy_shot,mean_api_probabilities,correctness,9,repeat_5x128_minus_1x128,5,128,1,128,0.02000000000000013
MNIST_QNN_z_r1_d6_s43,noisy_shot,mean_api_probabilities,correctness,9,repeat_20x128_minus_1x128,20,128,1,128,0.01000000000000012
MNIST_QNN_z_r1_d6_s43,noisy_shot,mean_api_probabilities,correctness,9,equal_total_5x512_minus_1x2560,5,512,1,2560,-0.0025000000000000577
MNIST_QNN_z_r1_d6_s43,noisy_shot,mean_api_probabilities,correctness,9,equal_total_20x128_minus_1x2560,20,128,1,2560,-0.015000000000000013
MNIST_QNN_z_r1_d6_s43,noisy_shot,mean_api_probabilities,entropy,0,single_shot_512_minus_128,1,512,1,128,0.021324999999999927
MNIST_QNN_z_r1_d6_s43,noisy_shot,mean_api_probabilities,entropy,0,single_shot_2560_minus_128,1,2560,1,128,0.0066749999999999865
MNIST_QNN_z_r1_d6_s43,noisy_shot,mean_api_probabilities,entropy,0,repeat_5x128_minus_1x128,5,128,1,128,0.01364999999999994
MNIST_QNN_z_r1_d6_s43,noisy_shot,mean_api_probabilities,entropy,0,repeat_20x128_minus_1x128,20,128,1,128,0.0005499999999999394
MNIST_QNN_z_r1_d6_s43,noisy_shot,mean_api_probabilities,entropy,0,equal_total_5x512_minus_1x2560,5,512,1,2560,0.008275000000000032
MNIST_QNN_z_r1_d6_s43,noisy_shot,mean_api_probabilities,entropy,0,equal_total_20x128_minus_1x2560,20,128,1,2560,-0.006125000000000047
MNIST_QNN_z_r1_d6_s43,noisy_shot,mean_api_probabilities,entropy,1,single_shot_512_minus_128,1,512,1,128,0.011375000000000024
MNIST_QNN_z_r1_d6_s43,noisy_shot,mean_api_probabilities,entropy,1,single_shot_2560_minus_128,1,2560,1,128,0.012150000000000105
MNIST_QNN_z_r1_d6_s43,noisy_shot,mean_api_probabilities,entropy,1,repeat_5x128_minus_1x128,5,128,1,128,0.009650000000000047
MNIST_QNN_z_r1_d6_s43,noisy_shot,mean_api_probabilities,entropy,1,repeat_20x128_minus_1x128,20,128,1,128,0.00835000000000008
MNIST_QNN_z_r1_d6_s43,noisy_shot,mean_api_probabilities,entropy,1,equal_total_5x512_minus_1x2560,5,512,1,2560,0.0003249999999999087
MNIST_QNN_z_r1_d6_s43,noisy_shot,mean_api_probabilities,entropy,1,equal_total_20x128_minus_1x2560,20,128,1,2560,-0.0038000000000000256
MNIST_QNN_z_r1_d6_s43,noisy_shot,mean_api_probabilities,entropy,2,single_shot_512_minus_128,1,512,1,128,0.012199999999999989
MNIST_QNN_z_r1_d6_s43,noisy_shot,mean_api_probabilities,entropy,2,single_shot_2560_minus_128,1,2560,1,128,0.005225000000000035
MNIST_QNN_z_r1_d6_s43,noisy_shot,mean_api_probabilities,entropy,2,repeat_5x128_minus_1x128,5,128,1,128,-0.0019249999999999545
MNIST_QNN_z_r1_d6_s43,noisy_shot,mean_api_probabilities,entropy,2,repeat_20x128_minus_1x128,20,128,1,128,-0.007525000000000004
MNIST_QNN_z_r1_d6_s43,noisy_shot,mean_api_probabilities,entropy,2,equal_total_5x512_minus_1x2560,5,512,1,2560,-0.003675000000000095
MNIST_QNN_z_r1_d6_s43,noisy_shot,mean_api_probabilities,entropy,2,equal_total_20x128_minus_1x2560,20,128,1,2560,-0.012750000000000039
MNIST_QNN_z_r1_d6_s43,noisy_shot,mean_api_probabilities,entropy,3,single_shot_512_minus_128,1,512,1,128,0.01972500000000016
MNIST_QNN_z_r1_d6_s43,noisy_shot,mean_api_probabilities,entropy,3,single_shot_2560_minus_128,1,2560,1,128,0.02865000000000012
MNIST_QNN_z_r1_d6_s43,noisy_shot,mean_api_probabilities,entropy,3,repeat_5x128_minus_1x128,5,128,1,128,0.027175000000000227
MNIST_QNN_z_r1_d6_s43,noisy_shot,mean_api_probabilities,entropy,3,repeat_20x128_minus_1x128,20,128,1,128,0.023900000000000088
MNIST_QNN_z_r1_d6_s43,noisy_shot,mean_api_probabilities,entropy,3,equal_total_5x512_minus_1x2560,5,512,1,2560,-0.007399999999999962
MNIST_QNN_z_r1_d6_s43,noisy_shot,mean_api_probabilities,entropy,3,equal_total_20x128_minus_1x2560,20,128,1,2560,-0.004750000000000032
MNIST_QNN_z_r1_d6_s43,noisy_shot,mean_api_probabilities,entropy,4,single_shot_512_minus_128,1,512,1,128,0.0005749999999998812
MNIST_QNN_z_r1_d6_s43,noisy_shot,mean_api_probabilities,entropy,4,single_shot_2560_minus_128,1,2560,1,128,0.015799999999999925
MNIST_QNN_z_r1_d6_s43,noisy_shot,mean_api_probabilities,entropy,4,repeat_5x128_minus_1x128,5,128,1,128,0.0225749999999999
MNIST_QNN_z_r1_d6_s43,noisy_shot,mean_api_probabilities,entropy,4,repeat_20x128_minus_1x128,20,128,1,128,0.013599999999999945
MNIST_QNN_z_r1_d6_s43,noisy_shot,mean_api_probabilities,entropy,4,equal_total_5x512_minus_1x2560,5,512,1,2560,0.0
MNIST_QNN_z_r1_d6_s43,noisy_shot,mean_api_probabilities,entropy,4,equal_total_20x128_minus_1x2560,20,128,1,2560,-0.0021999999999999797
MNIST_QNN_z_r1_d6_s43,noisy_shot,mean_api_probabilities,entropy,5,single_shot_512_minus_128,1,512,1,128,0.022050000000000014
MNIST_QNN_z_r1_d6_s43,noisy_shot,mean_api_probabilities,entropy,5,single_shot_2560_minus_128,1,2560,1,128,0.030300000000000105
MNIST_QNN_z_r1_d6_s43,noisy_shot,mean_api_probabilities,entropy,5,repeat_5x128_minus_1x128,5,128,1,128,0.010499999999999954
MNIST_QNN_z_r1_d6_s43,noisy_shot,mean_api_probabilities,entropy,5,repeat_20x128_minus_1x128,20,128,1,128,0.014175000000000049
MNIST_QNN_z_r1_d6_s43,noisy_shot,mean_api_probabilities,entropy,5,equal_total_5x512_minus_1x2560,5,512,1,2560,-0.0007500000000001394
MNIST_QNN_z_r1_d6_s43,noisy_shot,mean_api_probabilities,entropy,5,equal_total_20x128_minus_1x2560,20,128,1,2560,-0.016125000000000056
MNIST_QNN_z_r1_d6_s43,noisy_shot,mean_api_probabilities,entropy,6,single_shot_512_minus_128,1,512,1,128,-0.017549999999999955
MNIST_QNN_z_r1_d6_s43,noisy_shot,mean_api_probabilities,entropy,6,single_shot_2560_minus_128,1,2560,1,128,-0.017099999999999893
MNIST_QNN_z_r1_d6_s43,noisy_shot,mean_api_probabilities,entropy,6,repeat_5x128_minus_1x128,5,128,1,128,-0.011374999999999913
MNIST_QNN_z_r1_d6_s43,noisy_shot,mean_api_probabilities,entropy,6,repeat_20x128_minus_1x128,20,128,1,128,-0.01817499999999994
MNIST_QNN_z_r1_d6_s43,noisy_shot,mean_api_probabilities,entropy,6,equal_total_5x512_minus_1x2560,5,512,1,2560,0.005124999999999935
MNIST_QNN_z_r1_d6_s43,noisy_shot,mean_api_probabilities,entropy,6,equal_total_20x128_minus_1x2560,20,128,1,2560,-0.0010750000000000481
MNIST_QNN_z_r1_d6_s43,noisy_shot,mean_api_probabilities,entropy,7,single_shot_512_minus_128,1,512,1,128,0.030874999999999986
MNIST_QNN_z_r1_d6_s43,noisy_shot,mean_api_probabilities,entropy,7,single_shot_2560_minus_128,1,2560,1,128,0.04302500000000009
MNIST_QNN_z_r1_d6_s43,noisy_shot,mean_api_probabilities,entropy,7,repeat_5x128_minus_1x128,5,128,1,128,0.026925000000000088
MNIST_QNN_z_r1_d6_s43,noisy_shot,mean_api_probabilities,entropy,7,repeat_20x128_minus_1x128,20,128,1,128,0.04822500000000007
MNIST_QNN_z_r1_d6_s43,noisy_shot,mean_api_probabilities,entropy,7,equal_total_5x512_minus_1x2560,5,512,1,2560,0.007574999999999998
MNIST_QNN_z_r1_d6_s43,noisy_shot,mean_api_probabilities,entropy,7,equal_total_20x128_minus_1x2560,20,128,1,2560,0.005199999999999982
MNIST_QNN_z_r1_d6_s43,noisy_shot,mean_api_probabilities,entropy,8,single_shot_512_minus_128,1,512,1,128,0.0121
MNIST_QNN_z_r1_d6_s43,noisy_shot,mean_api_probabilities,entropy,8,single_shot_2560_minus_128,1,2560,1,128,0.021425000000000027
MNIST_QNN_z_r1_d6_s43,noisy_shot,mean_api_probabilities,entropy,8,repeat_5x128_minus_1x128,5,128,1,128,0.009425000000000128
MNIST_QNN_z_r1_d6_s43,noisy_shot,mean_api_probabilities,entropy,8,repeat_20x128_minus_1x128,20,128,1,128,0.01980000000000004
MNIST_QNN_z_r1_d6_s43,noisy_shot,mean_api_probabilities,entropy,8,equal_total_5x512_minus_1x2560,5,512,1,2560,-0.0015249999999998876
MNIST_QNN_z_r1_d6_s43,noisy_shot,mean_api_probabilities,entropy,8,equal_total_20x128_minus_1x2560,20,128,1,2560,-0.0016249999999999876
MNIST_QNN_z_r1_d6_s43,noisy_shot,mean_api_probabilities,entropy,9,single_shot_512_minus_128,1,512,1,128,0.012225000000000041
MNIST_QNN_z_r1_d6_s43,noisy_shot,mean_api_probabilities,entropy,9,single_shot_2560_minus_128,1,2560,1,128,0.021974999999999967
MNIST_QNN_z_r1_d6_s43,noisy_shot,mean_api_probabilities,entropy,9,repeat_5x128_minus_1x128,5,128,1,128,0.019674999999999998
MNIST_QNN_z_r1_d6_s43,noisy_shot,mean_api_probabilities,entropy,9,repeat_20x128_minus_1x128,20,128,1,128,0.027550000000000074
MNIST_QNN_z_r1_d6_s43,noisy_shot,mean_api_probabilities,entropy,9,equal_total_5x512_minus_1x2560,5,512,1,2560,-0.0010499999999999954
MNIST_QNN_z_r1_d6_s43,noisy_shot,mean_api_probabilities,entropy,9,equal_total_20x128_minus_1x2560,20,128,1,2560,0.005575000000000108
MNIST_QNN_z_r1_d6_s43,noisy_shot,mean_api_probabilities,learned_mlp_pv,0,single_shot_512_minus_128,1,512,1,128,0.005699999999999983
MNIST_QNN_z_r1_d6_s43,noisy_shot,mean_api_probabilities,learned_mlp_pv,0,single_shot_2560_minus_128,1,2560,1,128,0.004500000000000004
MNIST_QNN_z_r1_d6_s43,noisy_shot,mean_api_probabilities,learned_mlp_pv,0,repeat_5x128_minus_1x128,5,128,1,128,-0.010000000000000009
MNIST_QNN_z_r1_d6_s43,noisy_shot,mean_api_probabilities,learned_mlp_pv,0,repeat_20x128_minus_1x128,20,128,1,128,0.017025000000000012
MNIST_QNN_z_r1_d6_s43,noisy_shot,mean_api_probabilities,learned_mlp_pv,0,equal_total_5x512_minus_1x2560,5,512,1,2560,-0.0028000000000000247
MNIST_QNN_z_r1_d6_s43,noisy_shot,mean_api_probabilities,learned_mlp_pv,0,equal_total_20x128_minus_1x2560,20,128,1,2560,0.012525000000000008
MNIST_QNN_z_r1_d6_s43,noisy_shot,mean_api_probabilities,learned_mlp_pv,1,single_shot_512_minus_128,1,512,1,128,0.021825000000000094
MNIST_QNN_z_r1_d6_s43,noisy_shot,mean_api_probabilities,learned_mlp_pv,1,single_shot_2560_minus_128,1,2560,1,128,0.0038750000000001283
MNIST_QNN_z_r1_d6_s43,noisy_shot,mean_api_probabilities,learned_mlp_pv,1,repeat_5x128_minus_1x128,5,128,1,128,0.031550000000000133
MNIST_QNN_z_r1_d6_s43,noisy_shot,mean_api_probabilities,learned_mlp_pv,1,repeat_20x128_minus_1x128,20,128,1,128,0.06827500000000014
MNIST_QNN_z_r1_d6_s43,noisy_shot,mean_api_probabilities,learned_mlp_pv,1,equal_total_5x512_minus_1x2560,5,512,1,2560,0.0472499999999999
MNIST_QNN_z_r1_d6_s43,noisy_shot,mean_api_probabilities,learned_mlp_pv,1,equal_total_20x128_minus_1x2560,20,128,1,2560,0.06440000000000001
MNIST_QNN_z_r1_d6_s43,noisy_shot,mean_api_probabilities,learned_mlp_pv,2,single_shot_512_minus_128,1,512,1,128,0.008024999999999949
MNIST_QNN_z_r1_d6_s43,noisy_shot,mean_api_probabilities,learned_mlp_pv,2,single_shot_2560_minus_128,1,2560,1,128,-0.027375000000000038
MNIST_QNN_z_r1_d6_s43,noisy_shot,mean_api_probabilities,learned_mlp_pv,2,repeat_5x128_minus_1x128,5,128,1,128,0.017349999999999977
MNIST_QNN_z_r1_d6_s43,noisy_shot,mean_api_probabilities,learned_mlp_pv,2,repeat_20x128_minus_1x128,20,128,1,128,0.003424999999999956
MNIST_QNN_z_r1_d6_s43,noisy_shot,mean_api_probabilities,learned_mlp_pv,2,equal_total_5x512_minus_1x2560,5,512,1,2560,0.03652500000000003
MNIST_QNN_z_r1_d6_s43,noisy_shot,mean_api_probabilities,learned_mlp_pv,2,equal_total_20x128_minus_1x2560,20,128,1,2560,0.030799999999999994
MNIST_QNN_z_r1_d6_s43,noisy_shot,mean_api_probabilities,learned_mlp_pv,3,single_shot_512_minus_128,1,512,1,128,0.012225000000000041
MNIST_QNN_z_r1_d6_s43,noisy_shot,mean_api_probabilities,learned_mlp_pv,3,single_shot_2560_minus_128,1,2560,1,128,-0.028974999999999973
MNIST_QNN_z_r1_d6_s43,noisy_shot,mean_api_probabilities,learned_mlp_pv,3,repeat_5x128_minus_1x128,5,128,1,128,-0.05202500000000004
MNIST_QNN_z_r1_d6_s43,noisy_shot,mean_api_probabilities,learned_mlp_pv,3,repeat_20x128_minus_1x128,20,128,1,128,-0.007274999999999976
MNIST_QNN_z_r1_d6_s43,noisy_shot,mean_api_probabilities,learned_mlp_pv,3,equal_total_5x512_minus_1x2560,5,512,1,2560,0.027500000000000024
MNIST_QNN_z_r1_d6_s43,noisy_shot,mean_api_probabilities,learned_mlp_pv,3,equal_total_20x128_minus_1x2560,20,128,1,2560,0.021699999999999997
MNIST_QNN_z_r1_d6_s43,noisy_shot,mean_api_probabilities,learned_mlp_pv,4,single_shot_512_minus_128,1,512,1,128,-0.025924999999999976
MNIST_QNN_z_r1_d6_s43,noisy_shot,mean_api_probabilities,learned_mlp_pv,4,single_shot_2560_minus_128,1,2560,1,128,-0.014325000000000088
MNIST_QNN_z_r1_d6_s43,noisy_shot,mean_api_probabilities,learned_mlp_pv,4,repeat_5x128_minus_1x128,5,128,1,128,0.02244999999999997
MNIST_QNN_z_r1_d6_s43,noisy_shot,mean_api_probabilities,learned_mlp_pv,4,repeat_20x128_minus_1x128,20,128,1,128,-0.0014250000000000096
MNIST_QNN_z_r1_d6_s43,noisy_shot,mean_api_probabilities,learned_mlp_pv,4,equal_total_5x512_minus_1x2560,5,512,1,2560,0.011699999999999988
MNIST_QNN_z_r1_d6_s43,noisy_shot,mean_api_probabilities,learned_mlp_pv,4,equal_total_20x128_minus_1x2560,20,128,1,2560,0.012900000000000078
MNIST_QNN_z_r1_d6_s43,noisy_shot,mean_api_probabilities,learned_mlp_pv,5,single_shot_512_minus_128,1,512,1,128,-0.006225000000000092
MNIST_QNN_z_r1_d6_s43,noisy_shot,mean_api_probabilities,learned_mlp_pv,5,single_shot_2560_minus_128,1,2560,1,128,0.06755000000000005
MNIST_QNN_z_r1_d6_s43,noisy_shot,mean_api_probabilities,learned_mlp_pv,5,repeat_5x128_minus_1x128,5,128,1,128,0.025250000000000106
MNIST_QNN_z_r1_d6_s43,noisy_shot,mean_api_probabilities,learned_mlp_pv,5,repeat_20x128_minus_1x128,20,128,1,128,0.0484
MNIST_QNN_z_r1_d6_s43,noisy_shot,mean_api_probabilities,learned_mlp_pv,5,equal_total_5x512_minus_1x2560,5,512,1,2560,-0.01997500000000013
MNIST_QNN_z_r1_d6_s43,noisy_shot,mean_api_probabilities,learned_mlp_pv,5,equal_total_20x128_minus_1x2560,20,128,1,2560,-0.019150000000000056
MNIST_QNN_z_r1_d6_s43,noisy_shot,mean_api_probabilities,learned_mlp_pv,6,single_shot_512_minus_128,1,512,1,128,0.07972500000000005
MNIST_QNN_z_r1_d6_s43,noisy_shot,mean_api_probabilities,learned_mlp_pv,6,single_shot_2560_minus_128,1,2560,1,128,0.057174999999999976
MNIST_QNN_z_r1_d6_s43,noisy_shot,mean_api_probabilities,learned_mlp_pv,6,repeat_5x128_minus_1x128,5,128,1,128,0.07730000000000004
MNIST_QNN_z_r1_d6_s43,noisy_shot,mean_api_probabilities,learned_mlp_pv,6,repeat_20x128_minus_1x128,20,128,1,128,0.04294999999999999
MNIST_QNN_z_r1_d6_s43,noisy_shot,mean_api_probabilities,learned_mlp_pv,6,equal_total_5x512_minus_1x2560,5,512,1,2560,0.015449999999999964
MNIST_QNN_z_r1_d6_s43,noisy_shot,mean_api_probabilities,learned_mlp_pv,6,equal_total_20x128_minus_1x2560,20,128,1,2560,-0.014224999999999988
MNIST_QNN_z_r1_d6_s43,noisy_shot,mean_api_probabilities,learned_mlp_pv,7,single_shot_512_minus_128,1,512,1,128,0.03182500000000005
MNIST_QNN_z_r1_d6_s43,noisy_shot,mean_api_probabilities,learned_mlp_pv,7,single_shot_2560_minus_128,1,2560,1,128,0.04557500000000009
MNIST_QNN_z_r1_d6_s43,noisy_shot,mean_api_probabilities,learned_mlp_pv,7,repeat_5x128_minus_1x128,5,128,1,128,0.05645000000000017
MNIST_QNN_z_r1_d6_s43,noisy_shot,mean_api_probabilities,learned_mlp_pv,7,repeat_20x128_minus_1x128,20,128,1,128,0.08832500000000015
MNIST_QNN_z_r1_d6_s43,noisy_shot,mean_api_probabilities,learned_mlp_pv,7,equal_total_5x512_minus_1x2560,5,512,1,2560,-0.024500000000000077
MNIST_QNN_z_r1_d6_s43,noisy_shot,mean_api_probabilities,learned_mlp_pv,7,equal_total_20x128_minus_1x2560,20,128,1,2560,0.042750000000000066
MNIST_QNN_z_r1_d6_s43,noisy_shot,mean_api_probabilities,learned_mlp_pv,8,single_shot_512_minus_128,1,512,1,128,-0.0025249999999999995
MNIST_QNN_z_r1_d6_s43,noisy_shot,mean_api_probabilities,learned_mlp_pv,8,single_shot_2560_minus_128,1,2560,1,128,-0.01160000000000011
MNIST_QNN_z_r1_d6_s43,noisy_shot,mean_api_probabilities,learned_mlp_pv,8,repeat_5x128_minus_1x128,5,128,1,128,0.004024999999999945
MNIST_QNN_z_r1_d6_s43,noisy_shot,mean_api_probabilities,learned_mlp_pv,8,repeat_20x128_minus_1x128,20,128,1,128,0.026325000000000043
MNIST_QNN_z_r1_d6_s43,noisy_shot,mean_api_probabilities,learned_mlp_pv,8,equal_total_5x512_minus_1x2560,5,512,1,2560,-0.008274999999999921
MNIST_QNN_z_r1_d6_s43,noisy_shot,mean_api_probabilities,learned_mlp_pv,8,equal_total_20x128_minus_1x2560,20,128,1,2560,0.03792500000000015
MNIST_QNN_z_r1_d6_s43,noisy_shot,mean_api_probabilities,learned_mlp_pv,9,single_shot_512_minus_128,1,512,1,128,0.03132499999999999
MNIST_QNN_z_r1_d6_s43,noisy_shot,mean_api_probabilities,learned_mlp_pv,9,single_shot_2560_minus_128,1,2560,1,128,0.01649999999999996
MNIST_QNN_z_r1_d6_s43,noisy_shot,mean_api_probabilities,learned_mlp_pv,9,repeat_5x128_minus_1x128,5,128,1,128,0.002424999999999955
MNIST_QNN_z_r1_d6_s43,noisy_shot,mean_api_probabilities,learned_mlp_pv,9,repeat_20x128_minus_1x128,20,128,1,128,0.05917500000000003
MNIST_QNN_z_r1_d6_s43,noisy_shot,mean_api_probabilities,learned_mlp_pv,9,equal_total_5x512_minus_1x2560,5,512,1,2560,0.018450000000000022
MNIST_QNN_z_r1_d6_s43,noisy_shot,mean_api_probabilities,learned_mlp_pv,9,equal_total_20x128_minus_1x2560,20,128,1,2560,0.042675000000000074
MNIST_QNN_z_r1_d6_s43,noisy_shot,mean_api_probabilities,learned_mlp_pv_mean_std,0,single_shot_512_minus_128,1,512,1,128,0.008775000000000088
MNIST_QNN_z_r1_d6_s43,noisy_shot,mean_api_probabilities,learned_mlp_pv_mean_std,0,single_shot_2560_minus_128,1,2560,1,128,0.015425000000000022
MNIST_QNN_z_r1_d6_s43,noisy_shot,mean_api_probabilities,learned_mlp_pv_mean_std,0,repeat_5x128_minus_1x128,5,128,1,128,0.04717499999999997
MNIST_QNN_z_r1_d6_s43,noisy_shot,mean_api_probabilities,learned_mlp_pv_mean_std,0,repeat_20x128_minus_1x128,20,128,1,128,0.062025
MNIST_QNN_z_r1_d6_s43,noisy_shot,mean_api_probabilities,learned_mlp_pv_mean_std,0,equal_total_5x512_minus_1x2560,5,512,1,2560,0.016774999999999984
MNIST_QNN_z_r1_d6_s43,noisy_shot,mean_api_probabilities,learned_mlp_pv_mean_std,0,equal_total_20x128_minus_1x2560,20,128,1,2560,0.046599999999999975
MNIST_QNN_z_r1_d6_s43,noisy_shot,mean_api_probabilities,learned_mlp_pv_mean_std,1,single_shot_512_minus_128,1,512,1,128,-0.032374999999999876
MNIST_QNN_z_r1_d6_s43,noisy_shot,mean_api_probabilities,learned_mlp_pv_mean_std,1,single_shot_2560_minus_128,1,2560,1,128,-0.001374999999999904
MNIST_QNN_z_r1_d6_s43,noisy_shot,mean_api_probabilities,learned_mlp_pv_mean_std,1,repeat_5x128_minus_1x128,5,128,1,128,0.011725000000000152
MNIST_QNN_z_r1_d6_s43,noisy_shot,mean_api_probabilities,learned_mlp_pv_mean_std,1,repeat_20x128_minus_1x128,20,128,1,128,0.0004750000000001142
MNIST_QNN_z_r1_d6_s43,noisy_shot,mean_api_probabilities,learned_mlp_pv_mean_std,1,equal_total_5x512_minus_1x2560,5,512,1,2560,-0.056074999999999986
MNIST_QNN_z_r1_d6_s43,noisy_shot,mean_api_probabilities,learned_mlp_pv_mean_std,1,equal_total_20x128_minus_1x2560,20,128,1,2560,0.0018500000000000183
MNIST_QNN_z_r1_d6_s43,noisy_shot,mean_api_probabilities,learned_mlp_pv_mean_std,2,single_shot_512_minus_128,1,512,1,128,-0.0012499999999999734
MNIST_QNN_z_r1_d6_s43,noisy_shot,mean_api_probabilities,learned_mlp_pv_mean_std,2,single_shot_2560_minus_128,1,2560,1,128,0.023650000000000004
MNIST_QNN_z_r1_d6_s43,noisy_shot,mean_api_probabilities,learned_mlp_pv_mean_std,2,repeat_5x128_minus_1x128,5,128,1,128,0.023575000000000068
MNIST_QNN_z_r1_d6_s43,noisy_shot,mean_api_probabilities,learned_mlp_pv_mean_std,2,repeat_20x128_minus_1x128,20,128,1,128,0.030175000000000007
MNIST_QNN_z_r1_d6_s43,noisy_shot,mean_api_probabilities,learned_mlp_pv_mean_std,2,equal_total_5x512_minus_1x2560,5,512,1,2560,-0.05432500000000007
MNIST_QNN_z_r1_d6_s43,noisy_shot,mean_api_probabilities,learned_mlp_pv_mean_std,2,equal_total_20x128_minus_1x2560,20,128,1,2560,0.006525000000000003
MNIST_QNN_z_r1_d6_s43,noisy_shot,mean_api_probabilities,learned_mlp_pv_mean_std,3,single_shot_512_minus_128,1,512,1,128,0.025425000000000086
MNIST_QNN_z_r1_d6_s43,noisy_shot,mean_api_probabilities,learned_mlp_pv_mean_std,3,single_shot_2560_minus_128,1,2560,1,128,0.01765
MNIST_QNN_z_r1_d6_s43,noisy_shot,mean_api_probabilities,learned_mlp_pv_mean_std,3,repeat_5x128_minus_1x128,5,128,1,128,0.023750000000000104
MNIST_QNN_z_r1_d6_s43,noisy_shot,mean_api_probabilities,learned_mlp_pv_mean_std,3,repeat_20x128_minus_1x128,20,128,1,128,0.019000000000000072
MNIST_QNN_z_r1_d6_s43,noisy_shot,mean_api_probabilities,learned_mlp_pv_mean_std,3,equal_total_5x512_minus_1x2560,5,512,1,2560,-0.014600000000000002
MNIST_QNN_z_r1_d6_s43,noisy_shot,mean_api_probabilities,learned_mlp_pv_mean_std,3,equal_total_20x128_minus_1x2560,20,128,1,2560,0.0013500000000000734
MNIST_QNN_z_r1_d6_s43,noisy_shot,mean_api_probabilities,learned_mlp_pv_mean_std,4,single_shot_512_minus_128,1,512,1,128,0.014375000000000027
MNIST_QNN_z_r1_d6_s43,noisy_shot,mean_api_probabilities,learned_mlp_pv_mean_std,4,single_shot_2560_minus_128,1,2560,1,128,-0.0131
MNIST_QNN_z_r1_d6_s43,noisy_shot,mean_api_probabilities,learned_mlp_pv_mean_std,4,repeat_5x128_minus_1x128,5,128,1,128,0.04765000000000008
MNIST_QNN_z_r1_d6_s43,noisy_shot,mean_api_probabilities,learned_mlp_pv_mean_std,4,repeat_20x128_minus_1x128,20,128,1,128,0.016674999999999995
MNIST_QNN_z_r1_d6_s43,noisy_shot,mean_api_probabilities,learned_mlp_pv_mean_std,4,equal_total_5x512_minus_1x2560,5,512,1,2560,0.057599999999999985
MNIST_QNN_z_r1_d6_s43,noisy_shot,mean_api_probabilities,learned_mlp_pv_mean_std,4,equal_total_20x128_minus_1x2560,20,128,1,2560,0.029774999999999996
MNIST_QNN_z_r1_d6_s43,noisy_shot,mean_api_probabilities,learned_mlp_pv_mean_std,5,single_shot_512_minus_128,1,512,1,128,0.04139999999999999
MNIST_QNN_z_r1_d6_s43,noisy_shot,mean_api_probabilities,learned_mlp_pv_mean_std,5,single_shot_2560_minus_128,1,2560,1,128,0.028299999999999992
MNIST_QNN_z_r1_d6_s43,noisy_shot,mean_api_probabilities,learned_mlp_pv_mean_std,5,repeat_5x128_minus_1x128,5,128,1,128,0.02564999999999995
MNIST_QNN_z_r1_d6_s43,noisy_shot,mean_api_probabilities,learned_mlp_pv_mean_std,5,repeat_20x128_minus_1x128,20,128,1,128,0.0658749999999999
MNIST_QNN_z_r1_d6_s43,noisy_shot,mean_api_probabilities,learned_mlp_pv_mean_std,5,equal_total_5x512_minus_1x2560,5,512,1,2560,-0.0002750000000000252
MNIST_QNN_z_r1_d6_s43,noisy_shot,mean_api_probabilities,learned_mlp_pv_mean_std,5,equal_total_20x128_minus_1x2560,20,128,1,2560,0.037574999999999914
MNIST_QNN_z_r1_d6_s43,noisy_shot,mean_api_probabilities,learned_mlp_pv_mean_std,6,single_shot_512_minus_128,1,512,1,128,0.045450000000000046
MNIST_QNN_z_r1_d6_s43,noisy_shot,mean_api_probabilities,learned_mlp_pv_mean_std,6,single_shot_2560_minus_128,1,2560,1,128,0.042575000000000085
MNIST_QNN_z_r1_d6_s43,noisy_shot,mean_api_probabilities,learned_mlp_pv_mean_std,6,repeat_5x128_minus_1x128,5,128,1,128,-0.0007499999999998619
MNIST_QNN_z_r1_d6_s43,noisy_shot,mean_api_probabilities,learned_mlp_pv_mean_std,6,repeat_20x128_minus_1x128,20,128,1,128,0.040350000000000164
MNIST_QNN_z_r1_d6_s43,noisy_shot,mean_api_probabilities,learned_mlp_pv_mean_std,6,equal_total_5x512_minus_1x2560,5,512,1,2560,-0.0030249999999999444
MNIST_QNN_z_r1_d6_s43,noisy_shot,mean_api_probabilities,learned_mlp_pv_mean_std,6,equal_total_20x128_minus_1x2560,20,128,1,2560,-0.0022249999999999215
MNIST_QNN_z_r1_d6_s43,noisy_shot,mean_api_probabilities,learned_mlp_pv_mean_std,7,single_shot_512_minus_128,1,512,1,128,0.05687500000000001
MNIST_QNN_z_r1_d6_s43,noisy_shot,mean_api_probabilities,learned_mlp_pv_mean_std,7,single_shot_2560_minus_128,1,2560,1,128,0.03125
MNIST_QNN_z_r1_d6_s43,noisy_shot,mean_api_probabilities,learned_mlp_pv_mean_std,7,repeat_5x128_minus_1x128,5,128,1,128,0.046924999999999994
MNIST_QNN_z_r1_d6_s43,noisy_shot,mean_api_probabilities,learned_mlp_pv_mean_std,7,repeat_20x128_minus_1x128,20,128,1,128,0.065075
MNIST_QNN_z_r1_d6_s43,noisy_shot,mean_api_probabilities,learned_mlp_pv_mean_std,7,equal_total_5x512_minus_1x2560,5,512,1,2560,0.025925000000000087
MNIST_QNN_z_r1_d6_s43,noisy_shot,mean_api_probabilities,learned_mlp_pv_mean_std,7,equal_total_20x128_minus_1x2560,20,128,1,2560,0.033824999999999994
MNIST_QNN_z_r1_d6_s43,noisy_shot,mean_api_probabilities,learned_mlp_pv_mean_std,8,single_shot_512_minus_128,1,512,1,128,0.018674999999999997
MNIST_QNN_z_r1_d6_s43,noisy_shot,mean_api_probabilities,learned_mlp_pv_mean_std,8,single_shot_2560_minus_128,1,2560,1,128,0.027249999999999996
MNIST_QNN_z_r1_d6_s43,noisy_shot,mean_api_probabilities,learned_mlp_pv_mean_std,8,repeat_5x128_minus_1x128,5,128,1,128,0.022949999999999915
MNIST_QNN_z_r1_d6_s43,noisy_shot,mean_api_probabilities,learned_mlp_pv_mean_std,8,repeat_20x128_minus_1x128,20,128,1,128,0.11457499999999998
MNIST_QNN_z_r1_d6_s43,noisy_shot,mean_api_probabilities,learned_mlp_pv_mean_std,8,equal_total_5x512_minus_1x2560,5,512,1,2560,-0.0037250000000000894
MNIST_QNN_z_r1_d6_s43,noisy_shot,mean_api_probabilities,learned_mlp_pv_mean_std,8,equal_total_20x128_minus_1x2560,20,128,1,2560,0.08732499999999999
MNIST_QNN_z_r1_d6_s43,noisy_shot,mean_api_probabilities,learned_mlp_pv_mean_std,9,single_shot_512_minus_128,1,512,1,128,0.023325000000000096
MNIST_QNN_z_r1_d6_s43,noisy_shot,mean_api_probabilities,learned_mlp_pv_mean_std,9,single_shot_2560_minus_128,1,2560,1,128,0.02965000000000001
MNIST_QNN_z_r1_d6_s43,noisy_shot,mean_api_probabilities,learned_mlp_pv_mean_std,9,repeat_5x128_minus_1x128,5,128,1,128,0.044275000000000064
MNIST_QNN_z_r1_d6_s43,noisy_shot,mean_api_probabilities,learned_mlp_pv_mean_std,9,repeat_20x128_minus_1x128,20,128,1,128,0.07277500000000015
MNIST_QNN_z_r1_d6_s43,noisy_shot,mean_api_probabilities,learned_mlp_pv_mean_std,9,equal_total_5x512_minus_1x2560,5,512,1,2560,0.05817500000000003
MNIST_QNN_z_r1_d6_s43,noisy_shot,mean_api_probabilities,learned_mlp_pv_mean_std,9,equal_total_20x128_minus_1x2560,20,128,1,2560,0.043125000000000135
MNIST_QNN_z_r1_d6_s43,noisy_shot,mean_api_probabilities,loss,0,single_shot_512_minus_128,1,512,1,128,0.009949999999999903
MNIST_QNN_z_r1_d6_s43,noisy_shot,mean_api_probabilities,loss,0,single_shot_2560_minus_128,1,2560,1,128,0.003274999999999917
MNIST_QNN_z_r1_d6_s43,noisy_shot,mean_api_probabilities,loss,0,repeat_5x128_minus_1x128,5,128,1,128,0.009000000000000008
MNIST_QNN_z_r1_d6_s43,noisy_shot,mean_api_probabilities,loss,0,repeat_20x128_minus_1x128,20,128,1,128,0.001375000000000015
MNIST_QNN_z_r1_d6_s43,noisy_shot,mean_api_probabilities,loss,0,equal_total_5x512_minus_1x2560,5,512,1,2560,0.005150000000000099
MNIST_QNN_z_r1_d6_s43,noisy_shot,mean_api_probabilities,loss,0,equal_total_20x128_minus_1x2560,20,128,1,2560,-0.0018999999999999018
MNIST_QNN_z_r1_d6_s43,noisy_shot,mean_api_probabilities,loss,1,single_shot_512_minus_128,1,512,1,128,-0.00505000000000011
MNIST_QNN_z_r1_d6_s43,noisy_shot,mean_api_probabilities,loss,1,single_shot_2560_minus_128,1,2560,1,128,-0.008325000000000138
MNIST_QNN_z_r1_d6_s43,noisy_shot,mean_api_probabilities,loss,1,repeat_5x128_minus_1x128,5,128,1,128,-0.0037000000000000366
MNIST_QNN_z_r1_d6_s43,noisy_shot,mean_api_probabilities,loss,1,repeat_20x128_minus_1x128,20,128,1,128,-0.011025000000000063
MNIST_QNN_z_r1_d6_s43,noisy_shot,mean_api_probabilities,loss,1,equal_total_5x512_minus_1x2560,5,512,1,2560,0.0014500000000000624
MNIST_QNN_z_r1_d6_s43,noisy_shot,mean_api_probabilities,loss,1,equal_total_20x128_minus_1x2560,20,128,1,2560,-0.0026999999999999247
MNIST_QNN_z_r1_d6_s43,noisy_shot,mean_api_probabilities,loss,2,single_shot_512_minus_128,1,512,1,128,0.015699999999999936
MNIST_QNN_z_r1_d6_s43,noisy_shot,mean_api_probabilities,loss,2,single_shot_2560_minus_128,1,2560,1,128,0.009825000000000084
MNIST_QNN_z_r1_d6_s43,noisy_shot,mean_api_probabilities,loss,2,repeat_5x128_minus_1x128,5,128,1,128,0.009649999999999936
MNIST_QNN_z_r1_d6_s43,noisy_shot,mean_api_probabilities,loss,2,repeat_20x128_minus_1x128,20,128,1,128,0.009124999999999939
MNIST_QNN_z_r1_d6_s43,noisy_shot,mean_api_probabilities,loss,2,equal_total_5x512_minus_1x2560,5,512,1,2560,0.005475000000000008
MNIST_QNN_z_r1_d6_s43,noisy_shot,mean_api_probabilities,loss,2,equal_total_20x128_minus_1x2560,20,128,1,2560,-0.000700000000000145
MNIST_QNN_z_r1_d6_s43,noisy_shot,mean_api_probabilities,loss,3,single_shot_512_minus_128,1,512,1,128,0.0009000000000000119
MNIST_QNN_z_r1_d6_s43,noisy_shot,mean_api_probabilities,loss,3,single_shot_2560_minus_128,1,2560,1,128,0.012675000000000103
MNIST_QNN_z_r1_d6_s43,noisy_shot,mean_api_probabilities,loss,3,repeat_5x128_minus_1x128,5,128,1,128,0.014125000000000054
MNIST_QNN_z_r1_d6_s43,noisy_shot,mean_api_probabilities,loss,3,repeat_20x128_minus_1x128,20,128,1,128,0.014149999999999996
MNIST_QNN_z_r1_d6_s43,noisy_shot,mean_api_probabilities,loss,3,equal_total_5x512_minus_1x2560,5,512,1,2560,-0.005475000000000119
MNIST_QNN_z_r1_d6_s43,noisy_shot,mean_api_probabilities,loss,3,equal_total_20x128_minus_1x2560,20,128,1,2560,0.001474999999999893
MNIST_QNN_z_r1_d6_s43,noisy_shot,mean_api_probabilities,loss,4,single_shot_512_minus_128,1,512,1,128,0.011850000000000027
MNIST_QNN_z_r1_d6_s43,noisy_shot,mean_api_probabilities,loss,4,single_shot_2560_minus_128,1,2560,1,128,0.019075000000000064
MNIST_QNN_z_r1_d6_s43,noisy_shot,mean_api_probabilities,loss,4,repeat_5x128_minus_1x128,5,128,1,128,0.023024999999999962
MNIST_QNN_z_r1_d6_s43,noisy_shot,mean_api_probabilities,loss,4,repeat_20x128_minus_1x128,20,128,1,128,0.023024999999999962
MNIST_QNN_z_r1_d6_s43,noisy_shot,mean_api_probabilities,loss,4,equal_total_5x512_minus_1x2560,5,512,1,2560,0.0024999999999999467
MNIST_QNN_z_r1_d6_s43,noisy_shot,mean_api_probabilities,loss,4,equal_total_20x128_minus_1x2560,20,128,1,2560,0.003949999999999898
MNIST_QNN_z_r1_d6_s43,noisy_shot,mean_api_probabilities,loss,5,single_shot_512_minus_128,1,512,1,128,0.017449999999999966
MNIST_QNN_z_r1_d6_s43,noisy_shot,mean_api_probabilities,loss,5,single_shot_2560_minus_128,1,2560,1,128,0.024699999999999944
MNIST_QNN_z_r1_d6_s43,noisy_shot,mean_api_probabilities,loss,5,repeat_5x128_minus_1x128,5,128,1,128,0.01594999999999991
MNIST_QNN_z_r1_d6_s43,noisy_shot,mean_api_probabilities,loss,5,repeat_20x128_minus_1x128,20,128,1,128,0.018124999999999947
MNIST_QNN_z_r1_d6_s43,noisy_shot,mean_api_probabilities,loss,5,equal_total_5x512_minus_1x2560,5,512,1,2560,0.00022500000000003073
MNIST_QNN_z_r1_d6_s43,noisy_shot,mean_api_probabilities,loss,5,equal_total_20x128_minus_1x2560,20,128,1,2560,-0.0065749999999999975
MNIST_QNN_z_r1_d6_s43,noisy_shot,mean_api_probabilities,loss,6,single_shot_512_minus_128,1,512,1,128,-0.00649999999999995
MNIST_QNN_z_r1_d6_s43,noisy_shot,mean_api_probabilities,loss,6,single_shot_2560_minus_128,1,2560,1,128,-0.008175000000000043
MNIST_QNN_z_r1_d6_s43,noisy_shot,mean_api_probabilities,loss,6,repeat_5x128_minus_1x128,5,128,1,128,-0.003675000000000095
MNIST_QNN_z_r1_d6_s43,noisy_shot,mean_api_probabilities,loss,6,repeat_20x128_minus_1x128,20,128,1,128,-0.011575000000000002
MNIST_QNN_z_r1_d6_s43,noisy_shot,mean_api_probabilities,loss,6,equal_total_5x512_minus_1x2560,5,512,1,2560,0.0008250000000000757
MNIST_QNN_z_r1_d6_s43,noisy_shot,mean_api_probabilities,loss,6,equal_total_20x128_minus_1x2560,20,128,1,2560,-0.0033999999999999586
MNIST_QNN_z_r1_d6_s43,noisy_shot,mean_api_probabilities,loss,7,single_shot_512_minus_128,1,512,1,128,0.029075000000000073
MNIST_QNN_z_r1_d6_s43,noisy_shot,mean_api_probabilities,loss,7,single_shot_2560_minus_128,1,2560,1,128,0.03770000000000007
MNIST_QNN_z_r1_d6_s43,noisy_shot,mean_api_probabilities,loss,7,repeat_5x128_minus_1x128,5,128,1,128,0.03310000000000013
MNIST_QNN_z_r1_d6_s43,noisy_shot,mean_api_probabilities,loss,7,repeat_20x128_minus_1x128,20,128,1,128,0.03970000000000007
MNIST_QNN_z_r1_d6_s43,noisy_shot,mean_api_probabilities,loss,7,equal_total_5x512_minus_1x2560,5,512,1,2560,0.0031000000000001027
MNIST_QNN_z_r1_d6_s43,noisy_shot,mean_api_probabilities,loss,7,equal_total_20x128_minus_1x2560,20,128,1,2560,0.0020000000000000018
MNIST_QNN_z_r1_d6_s43,noisy_shot,mean_api_probabilities,loss,8,single_shot_512_minus_128,1,512,1,128,0.023250000000000104
MNIST_QNN_z_r1_d6_s43,noisy_shot,mean_api_probabilities,loss,8,single_shot_2560_minus_128,1,2560,1,128,0.030399999999999983
MNIST_QNN_z_r1_d6_s43,noisy_shot,mean_api_probabilities,loss,8,repeat_5x128_minus_1x128,5,128,1,128,0.02300000000000013
MNIST_QNN_z_r1_d6_s43,noisy_shot,mean_api_probabilities,loss,8,repeat_20x128_minus_1x128,20,128,1,128,0.03742500000000015
MNIST_QNN_z_r1_d6_s43,noisy_shot,mean_api_probabilities,loss,8,equal_total_5x512_minus_1x2560,5,512,1,2560,0.002100000000000102
MNIST_QNN_z_r1_d6_s43,noisy_shot,mean_api_probabilities,loss,8,equal_total_20x128_minus_1x2560,20,128,1,2560,0.00702500000000017
MNIST_QNN_z_r1_d6_s43,noisy_shot,mean_api_probabilities,loss,9,single_shot_512_minus_128,1,512,1,128,0.019400000000000084
MNIST_QNN_z_r1_d6_s43,noisy_shot,mean_api_probabilities,loss,9,single_shot_2560_minus_128,1,2560,1,128,0.016750000000000043
MNIST_QNN_z_r1_d6_s43,noisy_shot,mean_api_probabilities,loss,9,repeat_5x128_minus_1x128,5,128,1,128,0.019325000000000037
MNIST_QNN_z_r1_d6_s43,noisy_shot,mean_api_probabilities,loss,9,repeat_20x128_minus_1x128,20,128,1,128,0.022824999999999984
MNIST_QNN_z_r1_d6_s43,noisy_shot,mean_api_probabilities,loss,9,equal_total_5x512_minus_1x2560,5,512,1,2560,0.0021499999999999853
MNIST_QNN_z_r1_d6_s43,noisy_shot,mean_api_probabilities,loss,9,equal_total_20x128_minus_1x2560,20,128,1,2560,0.0060749999999999416
MNIST_QNN_z_r1_d6_s43,noisy_shot,mean_api_probabilities,margin,0,single_shot_512_minus_128,1,512,1,128,0.02817499999999995
MNIST_QNN_z_r1_d6_s43,noisy_shot,mean_api_probabilities,margin,0,single_shot_2560_minus_128,1,2560,1,128,0.010749999999999926
MNIST_QNN_z_r1_d6_s43,noisy_shot,mean_api_probabilities,margin,0,repeat_5x128_minus_1x128,5,128,1,128,0.024349999999999983
MNIST_QNN_z_r1_d6_s43,noisy_shot,mean_api_probabilities,margin,0,repeat_20x128_minus_1x128,20,128,1,128,0.007499999999999951
MNIST_QNN_z_r1_d6_s43,noisy_shot,mean_api_probabilities,margin,0,equal_total_5x512_minus_1x2560,5,512,1,2560,0.009149999999999991
MNIST_QNN_z_r1_d6_s43,noisy_shot,mean_api_probabilities,margin,0,equal_total_20x128_minus_1x2560,20,128,1,2560,-0.003249999999999975
MNIST_QNN_z_r1_d6_s43,noisy_shot,mean_api_probabilities,margin,1,single_shot_512_minus_128,1,512,1,128,0.011749999999999927
MNIST_QNN_z_r1_d6_s43,noisy_shot,mean_api_probabilities,margin,1,single_shot_2560_minus_128,1,2560,1,128,0.01265000000000005
MNIST_QNN_z_r1_d6_s43,noisy_shot,mean_api_probabilities,margin,1,repeat_5x128_minus_1x128,5,128,1,128,0.008050000000000002
MNIST_QNN_z_r1_d6_s43,noisy_shot,mean_api_probabilities,margin,1,repeat_20x128_minus_1x128,20,128,1,128,0.019299999999999984
MNIST_QNN_z_r1_d6_s43,noisy_shot,mean_api_probabilities,margin,1,equal_total_5x512_minus_1x2560,5,512,1,2560,0.0010249999999999426
MNIST_QNN_z_r1_d6_s43,noisy_shot,mean_api_probabilities,margin,1,equal_total_20x128_minus_1x2560,20,128,1,2560,0.006649999999999934
MNIST_QNN_z_r1_d6_s43,noisy_shot,mean_api_probabilities,margin,2,single_shot_512_minus_128,1,512,1,128,0.012850000000000028
MNIST_QNN_z_r1_d6_s43,noisy_shot,mean_api_probabilities,margin,2,single_shot_2560_minus_128,1,2560,1,128,0.005900000000000016
MNIST_QNN_z_r1_d6_s43,noisy_shot,mean_api_probabilities,margin,2,repeat_5x128_minus_1x128,5,128,1,128,0.001675000000000093
MNIST_QNN_z_r1_d6_s43,noisy_shot,mean_api_probabilities,margin,2,repeat_20x128_minus_1x128,20,128,1,128,0.00495000000000001
MNIST_QNN_z_r1_d6_s43,noisy_shot,mean_api_probabilities,margin,2,equal_total_5x512_minus_1x2560,5,512,1,2560,0.0029249999999999554
MNIST_QNN_z_r1_d6_s43,noisy_shot,mean_api_probabilities,margin,2,equal_total_20x128_minus_1x2560,20,128,1,2560,-0.0009500000000000064
MNIST_QNN_z_r1_d6_s43,noisy_shot,mean_api_probabilities,margin,3,single_shot_512_minus_128,1,512,1,128,0.012025000000000008
MNIST_QNN_z_r1_d6_s43,noisy_shot,mean_api_probabilities,margin,3,single_shot_2560_minus_128,1,2560,1,128,0.03142499999999998
MNIST_QNN_z_r1_d6_s43,noisy_shot,mean_api_probabilities,margin,3,repeat_5x128_minus_1x128,5,128,1,128,0.028524999999999967
MNIST_QNN_z_r1_d6_s43,noisy_shot,mean_api_probabilities,margin,3,repeat_20x128_minus_1x128,20,128,1,128,0.032149999999999956
MNIST_QNN_z_r1_d6_s43,noisy_shot,mean_api_probabilities,margin,3,equal_total_5x512_minus_1x2560,5,512,1,2560,-0.008224999999999927
MNIST_QNN_z_r1_d6_s43,noisy_shot,mean_api_probabilities,margin,3,equal_total_20x128_minus_1x2560,20,128,1,2560,0.0007249999999999757
MNIST_QNN_z_r1_d6_s43,noisy_shot,mean_api_probabilities,margin,4,single_shot_512_minus_128,1,512,1,128,0.0036249999999999893
MNIST_QNN_z_r1_d6_s43,noisy_shot,mean_api_probabilities,margin,4,single_shot_2560_minus_128,1,2560,1,128,0.02024999999999999
MNIST_QNN_z_r1_d6_s43,noisy_shot,mean_api_probabilities,margin,4,repeat_5x128_minus_1x128,5,128,1,128,0.03389999999999993
MNIST_QNN_z_r1_d6_s43,noisy_shot,mean_api_probabilities,margin,4,repeat_20x128_minus_1x128,20,128,1,128,0.023399999999999865
MNIST_QNN_z_r1_d6_s43,noisy_shot,mean_api_probabilities,margin,4,equal_total_5x512_minus_1x2560,5,512,1,2560,0.00012499999999993072
MNIST_QNN_z_r1_d6_s43,noisy_shot,mean_api_probabilities,margin,4,equal_total_20x128_minus_1x2560,20,128,1,2560,0.003149999999999875
MNIST_QNN_z_r1_d6_s43,noisy_shot,mean_api_probabilities,margin,5,single_shot_512_minus_128,1,512,1,128,0.018750000000000044
MNIST_QNN_z_r1_d6_s43,noisy_shot,mean_api_probabilities,margin,5,single_shot_2560_minus_128,1,2560,1,128,0.023450000000000082
MNIST_QNN_z_r1_d6_s43,noisy_shot,mean_api_probabilities,margin,5,repeat_5x128_minus_1x128,5,128,1,128,0.009650000000000047
MNIST_QNN_z_r1_d6_s43,noisy_shot,mean_api_probabilities,margin,5,repeat_20x128_minus_1x128,20,128,1,128,0.018225000000000047
MNIST_QNN_z_r1_d6_s43,noisy_shot,mean_api_probabilities,margin,5,equal_total_5x512_minus_1x2560,5,512,1,2560,0.0024249999999998995
MNIST_QNN_z_r1_d6_s43,noisy_shot,mean_api_probabilities,margin,5,equal_total_20x128_minus_1x2560,20,128,1,2560,-0.005225000000000035
MNIST_QNN_z_r1_d6_s43,noisy_shot,mean_api_probabilities,margin,6,single_shot_512_minus_128,1,512,1,128,-0.01242500000000013
MNIST_QNN_z_r1_d6_s43,noisy_shot,mean_api_probabilities,margin,6,single_shot_2560_minus_128,1,2560,1,128,-0.011525000000000118
MNIST_QNN_z_r1_d6_s43,noisy_shot,mean_api_probabilities,margin,6,repeat_5x128_minus_1x128,5,128,1,128,-0.005250000000000088
MNIST_QNN_z_r1_d6_s43,noisy_shot,mean_api_probabilities,margin,6,repeat_20x128_minus_1x128,20,128,1,128,-0.014100000000000112
MNIST_QNN_z_r1_d6_s43,noisy_shot,mean_api_probabilities,margin,6,equal_total_5x512_minus_1x2560,5,512,1,2560,-0.0003249999999999087
MNIST_QNN_z_r1_d6_s43,noisy_shot,mean_api_probabilities,margin,6,equal_total_20x128_minus_1x2560,20,128,1,2560,-0.002574999999999994
MNIST_QNN_z_r1_d6_s43,noisy_shot,mean_api_probabilities,margin,7,single_shot_512_minus_128,1,512,1,128,0.032775
MNIST_QNN_z_r1_d6_s43,noisy_shot,mean_api_probabilities,margin,7,single_shot_2560_minus_128,1,2560,1,128,0.045174999999999965
MNIST_QNN_z_r1_d6_s43,noisy_shot,mean_api_probabilities,margin,7,repeat_5x128_minus_1x128,5,128,1,128,0.03952500000000003
MNIST_QNN_z_r1_d6_s43,noisy_shot,mean_api_probabilities,margin,7,repeat_20x128_minus_1x128,20,128,1,128,0.05447499999999994
MNIST_QNN_z_r1_d6_s43,noisy_shot,mean_api_probabilities,margin,7,equal_total_5x512_minus_1x2560,5,512,1,2560,0.008700000000000041
MNIST_QNN_z_r1_d6_s43,noisy_shot,mean_api_probabilities,margin,7,equal_total_20x128_minus_1x2560,20,128,1,2560,0.009299999999999975
MNIST_QNN_z_r1_d6_s43,noisy_shot,mean_api_probabilities,margin,8,single_shot_512_minus_128,1,512,1,128,0.0016999999999999238
MNIST_QNN_z_r1_d6_s43,noisy_shot,mean_api_probabilities,margin,8,single_shot_2560_minus_128,1,2560,1,128,0.022700000000000053
MNIST_QNN_z_r1_d6_s43,noisy_shot,mean_api_probabilities,margin,8,repeat_5x128_minus_1x128,5,128,1,128,0.0040999999999999925
MNIST_QNN_z_r1_d6_s43,noisy_shot,mean_api_probabilities,margin,8,repeat_20x128_minus_1x128,20,128,1,128,0.024950000000000028
MNIST_QNN_z_r1_d6_s43,noisy_shot,mean_api_probabilities,margin,8,equal_total_5x512_minus_1x2560,5,512,1,2560,-0.005900000000000016
MNIST_QNN_z_r1_d6_s43,noisy_shot,mean_api_probabilities,margin,8,equal_total_20x128_minus_1x2560,20,128,1,2560,0.0022499999999999742
MNIST_QNN_z_r1_d6_s43,noisy_shot,mean_api_probabilities,margin,9,single_shot_512_minus_128,1,512,1,128,0.009425000000000017
MNIST_QNN_z_r1_d6_s43,noisy_shot,mean_api_probabilities,margin,9,single_shot_2560_minus_128,1,2560,1,128,0.018550000000000066
MNIST_QNN_z_r1_d6_s43,noisy_shot,mean_api_probabilities,margin,9,repeat_5x128_minus_1x128,5,128,1,128,0.028425000000000034
MNIST_QNN_z_r1_d6_s43,noisy_shot,mean_api_probabilities,margin,9,repeat_20x128_minus_1x128,20,128,1,128,0.036599999999999966
MNIST_QNN_z_r1_d6_s43,noisy_shot,mean_api_probabilities,margin,9,equal_total_5x512_minus_1x2560,5,512,1,2560,0.005224999999999924
MNIST_QNN_z_r1_d6_s43,noisy_shot,mean_api_probabilities,margin,9,equal_total_20x128_minus_1x2560,20,128,1,2560,0.0180499999999999
MNIST_QNN_z_r5_d6_s43,ideal_shot,mean_api_probabilities,confidence,0,single_shot_512_minus_128,1,512,1,128,-0.004049999999999887
MNIST_QNN_z_r5_d6_s43,ideal_shot,mean_api_probabilities,confidence,0,single_shot_2560_minus_128,1,2560,1,128,-0.010575000000000001
MNIST_QNN_z_r5_d6_s43,ideal_shot,mean_api_probabilities,confidence,0,repeat_5x128_minus_1x128,5,128,1,128,-0.0019000000000000128
MNIST_QNN_z_r5_d6_s43,ideal_shot,mean_api_probabilities,confidence,0,repeat_20x128_minus_1x128,20,128,1,128,-0.002175000000000038
MNIST_QNN_z_r5_d6_s43,ideal_shot,mean_api_probabilities,confidence,0,equal_total_5x512_minus_1x2560,5,512,1,2560,0.015599999999999947
MNIST_QNN_z_r5_d6_s43,ideal_shot,mean_api_probabilities,confidence,0,equal_total_20x128_minus_1x2560,20,128,1,2560,0.008399999999999963
MNIST_QNN_z_r5_d6_s43,ideal_shot,mean_api_probabilities,confidence,1,single_shot_512_minus_128,1,512,1,128,-0.0021250000000000435
MNIST_QNN_z_r5_d6_s43,ideal_shot,mean_api_probabilities,confidence,1,single_shot_2560_minus_128,1,2560,1,128,0.001774999999999971
MNIST_QNN_z_r5_d6_s43,ideal_shot,mean_api_probabilities,confidence,1,repeat_5x128_minus_1x128,5,128,1,128,0.008974999999999955
MNIST_QNN_z_r5_d6_s43,ideal_shot,mean_api_probabilities,confidence,1,repeat_20x128_minus_1x128,20,128,1,128,0.007225000000000037
MNIST_QNN_z_r5_d6_s43,ideal_shot,mean_api_probabilities,confidence,1,equal_total_5x512_minus_1x2560,5,512,1,2560,0.002100000000000102
MNIST_QNN_z_r5_d6_s43,ideal_shot,mean_api_probabilities,confidence,1,equal_total_20x128_minus_1x2560,20,128,1,2560,0.005450000000000066
MNIST_QNN_z_r5_d6_s43,ideal_shot,mean_api_probabilities,confidence,2,single_shot_512_minus_128,1,512,1,128,-0.006649999999999989
MNIST_QNN_z_r5_d6_s43,ideal_shot,mean_api_probabilities,confidence,2,single_shot_2560_minus_128,1,2560,1,128,0.008274999999999921
MNIST_QNN_z_r5_d6_s43,ideal_shot,mean_api_probabilities,confidence,2,repeat_5x128_minus_1x128,5,128,1,128,0.024474999999999913
MNIST_QNN_z_r5_d6_s43,ideal_shot,mean_api_probabilities,confidence,2,repeat_20x128_minus_1x128,20,128,1,128,0.014324999999999921
MNIST_QNN_z_r5_d6_s43,ideal_shot,mean_api_probabilities,confidence,2,equal_total_5x512_minus_1x2560,5,512,1,2560,0.009899999999999909
MNIST_QNN_z_r5_d6_s43,ideal_shot,mean_api_probabilities,confidence,2,equal_total_20x128_minus_1x2560,20,128,1,2560,0.00605
MNIST_QNN_z_r5_d6_s43,ideal_shot,mean_api_probabilities,confidence,3,single_shot_512_minus_128,1,512,1,128,0.05437500000000001
MNIST_QNN_z_r5_d6_s43,ideal_shot,mean_api_probabilities,confidence,3,single_shot_2560_minus_128,1,2560,1,128,0.06032500000000002
MNIST_QNN_z_r5_d6_s43,ideal_shot,mean_api_probabilities,confidence,3,repeat_5x128_minus_1x128,5,128,1,128,0.050425
MNIST_QNN_z_r5_d6_s43,ideal_shot,mean_api_probabilities,confidence,3,repeat_20x128_minus_1x128,20,128,1,128,0.05232500000000001
MNIST_QNN_z_r5_d6_s43,ideal_shot,mean_api_probabilities,confidence,3,equal_total_5x512_minus_1x2560,5,512,1,2560,0.002375000000000016
MNIST_QNN_z_r5_d6_s43,ideal_shot,mean_api_probabilities,confidence,3,equal_total_20x128_minus_1x2560,20,128,1,2560,-0.008000000000000007
MNIST_QNN_z_r5_d6_s43,ideal_shot,mean_api_probabilities,confidence,4,single_shot_512_minus_128,1,512,1,128,0.029649999999999954
MNIST_QNN_z_r5_d6_s43,ideal_shot,mean_api_probabilities,confidence,4,single_shot_2560_minus_128,1,2560,1,128,0.035600000000000076
MNIST_QNN_z_r5_d6_s43,ideal_shot,mean_api_probabilities,confidence,4,repeat_5x128_minus_1x128,5,128,1,128,0.030500000000000083
MNIST_QNN_z_r5_d6_s43,ideal_shot,mean_api_probabilities,confidence,4,repeat_20x128_minus_1x128,20,128,1,128,0.025899999999999923
MNIST_QNN_z_r5_d6_s43,ideal_shot,mean_api_probabilities,confidence,4,equal_total_5x512_minus_1x2560,5,512,1,2560,0.0030999999999998806
MNIST_QNN_z_r5_d6_s43,ideal_shot,mean_api_probabilities,confidence,4,equal_total_20x128_minus_1x2560,20,128,1,2560,-0.009700000000000153
MNIST_QNN_z_r5_d6_s43,ideal_shot,mean_api_probabilities,confidence,5,single_shot_512_minus_128,1,512,1,128,-0.002749999999999919
MNIST_QNN_z_r5_d6_s43,ideal_shot,mean_api_probabilities,confidence,5,single_shot_2560_minus_128,1,2560,1,128,0.007574999999999998
MNIST_QNN_z_r5_d6_s43,ideal_shot,mean_api_probabilities,confidence,5,repeat_5x128_minus_1x128,5,128,1,128,0.01122500000000004
MNIST_QNN_z_r5_d6_s43,ideal_shot,mean_api_probabilities,confidence,5,repeat_20x128_minus_1x128,20,128,1,128,0.012825000000000086
MNIST_QNN_z_r5_d6_s43,ideal_shot,mean_api_probabilities,confidence,5,equal_total_5x512_minus_1x2560,5,512,1,2560,-0.00012499999999993072
MNIST_QNN_z_r5_d6_s43,ideal_shot,mean_api_probabilities,confidence,5,equal_total_20x128_minus_1x2560,20,128,1,2560,0.005250000000000088
MNIST_QNN_z_r5_d6_s43,ideal_shot,mean_api_probabilities,confidence,6,single_shot_512_minus_128,1,512,1,128,0.012950000000000128
MNIST_QNN_z_r5_d6_s43,ideal_shot,mean_api_probabilities,confidence,6,single_shot_2560_minus_128,1,2560,1,128,0.01992500000000008
MNIST_QNN_z_r5_d6_s43,ideal_shot,mean_api_probabilities,confidence,6,repeat_5x128_minus_1x128,5,128,1,128,0.005275000000000141
MNIST_QNN_z_r5_d6_s43,ideal_shot,mean_api_probabilities,confidence,6,repeat_20x128_minus_1x128,20,128,1,128,0.0013250000000000206
MNIST_QNN_z_r5_d6_s43,ideal_shot,mean_api_probabilities,confidence,6,equal_total_5x512_minus_1x2560,5,512,1,2560,-0.017124999999999946
MNIST_QNN_z_r5_d6_s43,ideal_shot,mean_api_probabilities,confidence,6,equal_total_20x128_minus_1x2560,20,128,1,2560,-0.01860000000000006
MNIST_QNN_z_r5_d6_s43,ideal_shot,mean_api_probabilities,confidence,7,single_shot_512_minus_128,1,512,1,128,0.00045000000000006146
MNIST_QNN_z_r5_d6_s43,ideal_shot,mean_api_probabilities,confidence,7,single_shot_2560_minus_128,1,2560,1,128,-0.00814999999999988
MNIST_QNN_z_r5_d6_s43,ideal_shot,mean_api_probabilities,confidence,7,repeat_5x128_minus_1x128,5,128,1,128,0.00027500000000013625
MNIST_QNN_z_r5_d6_s43,ideal_shot,mean_api_probabilities,confidence,7,repeat_20x128_minus_1x128,20,128,1,128,0.0009250000000000647
MNIST_QNN_z_r5_d6_s43,ideal_shot,mean_api_probabilities,confidence,7,equal_total_5x512_minus_1x2560,5,512,1,2560,0.002475000000000005
MNIST_QNN_z_r5_d6_s43,ideal_shot,mean_api_probabilities,confidence,7,equal_total_20x128_minus_1x2560,20,128,1,2560,0.009074999999999944
MNIST_QNN_z_r5_d6_s43,ideal_shot,mean_api_probabilities,confidence,8,single_shot_512_minus_128,1,512,1,128,0.01497499999999996
MNIST_QNN_z_r5_d6_s43,ideal_shot,mean_api_probabilities,confidence,8,single_shot_2560_minus_128,1,2560,1,128,-0.006350000000000078
MNIST_QNN_z_r5_d6_s43,ideal_shot,mean_api_probabilities,confidence,8,repeat_5x128_minus_1x128,5,128,1,128,-0.009824999999999973
MNIST_QNN_z_r5_d6_s43,ideal_shot,mean_api_probabilities,confidence,8,repeat_20x128_minus_1x128,20,128,1,128,-0.008224999999999927
MNIST_QNN_z_r5_d6_s43,ideal_shot,mean_api_probabilities,confidence,8,equal_total_5x512_minus_1x2560,5,512,1,2560,0.005149999999999988
MNIST_QNN_z_r5_d6_s43,ideal_shot,mean_api_probabilities,confidence,8,equal_total_20x128_minus_1x2560,20,128,1,2560,-0.001874999999999849
MNIST_QNN_z_r5_d6_s43,ideal_shot,mean_api_probabilities,confidence,9,single_shot_512_minus_128,1,512,1,128,0.001774999999999971
MNIST_QNN_z_r5_d6_s43,ideal_shot,mean_api_probabilities,confidence,9,single_shot_2560_minus_128,1,2560,1,128,0.003475000000000006
MNIST_QNN_z_r5_d6_s43,ideal_shot,mean_api_probabilities,confidence,9,repeat_5x128_minus_1x128,5,128,1,128,-0.013225000000000042
MNIST_QNN_z_r5_d6_s43,ideal_shot,mean_api_probabilities,confidence,9,repeat_20x128_minus_1x128,20,128,1,128,-0.003774999999999973
MNIST_QNN_z_r5_d6_s43,ideal_shot,mean_api_probabilities,confidence,9,equal_total_5x512_minus_1x2560,5,512,1,2560,-0.013800000000000034
MNIST_QNN_z_r5_d6_s43,ideal_shot,mean_api_probabilities,confidence,9,equal_total_20x128_minus_1x2560,20,128,1,2560,-0.007249999999999979
MNIST_QNN_z_r5_d6_s43,ideal_shot,mean_api_probabilities,correctness,0,single_shot_512_minus_128,1,512,1,128,0.032500000000000084
MNIST_QNN_z_r5_d6_s43,ideal_shot,mean_api_probabilities,correctness,0,single_shot_2560_minus_128,1,2560,1,128,0.032500000000000084
MNIST_QNN_z_r5_d6_s43,ideal_shot,mean_api_probabilities,correctness,0,repeat_5x128_minus_1x128,5,128,1,128,0.04500000000000015
MNIST_QNN_z_r5_d6_s43,ideal_shot,mean_api_probabilities,correctness,0,repeat_20x128_minus_1x128,20,128,1,128,0.032500000000000084
MNIST_QNN_z_r5_d6_s43,ideal_shot,mean_api_probabilities,correctness,0,equal_total_5x512_minus_1x2560,5,512,1,2560,0.0050000000000001155
MNIST_QNN_z_r5_d6_s43,ideal_shot,mean_api_probabilities,correctness,0,equal_total_20x128_minus_1x2560,20,128,1,2560,0.0
MNIST_QNN_z_r5_d6_s43,ideal_shot,mean_api_probabilities,correctness,1,single_shot_512_minus_128,1,512,1,128,0.04499999999999993
MNIST_QNN_z_r5_d6_s43,ideal_shot,mean_api_probabilities,correctness,1,single_shot_2560_minus_128,1,2560,1,128,0.047499999999999876
MNIST_QNN_z_r5_d6_s43,ideal_shot,mean_api_probabilities,correctness,1,repeat_5x128_minus_1x128,5,128,1,128,0.004999999999999893
MNIST_QNN_z_r5_d6_s43,ideal_shot,mean_api_probabilities,correctness,1,repeat_20x128_minus_1x128,20,128,1,128,0.03249999999999997
MNIST_QNN_z_r5_d6_s43,ideal_shot,mean_api_probabilities,correctness,1,equal_total_5x512_minus_1x2560,5,512,1,2560,-0.03249999999999997
MNIST_QNN_z_r5_d6_s43,ideal_shot,mean_api_probabilities,correctness,1,equal_total_20x128_minus_1x2560,20,128,1,2560,-0.014999999999999902
MNIST_QNN_z_r5_d6_s43,ideal_shot,mean_api_probabilities,correctness,2,single_shot_512_minus_128,1,512,1,128,0.0025000000000001688
MNIST_QNN_z_r5_d6_s43,ideal_shot,mean_api_probabilities,correctness,2,single_shot_2560_minus_128,1,2560,1,128,0.03750000000000009
MNIST_QNN_z_r5_d6_s43,ideal_shot,mean_api_probabilities,correctness,2,repeat_5x128_minus_1x128,5,128,1,128,0.04250000000000009
MNIST_QNN_z_r5_d6_s43,ideal_shot,mean_api_probabilities,correctness,2,repeat_20x128_minus_1x128,20,128,1,128,0.025000000000000133
MNIST_QNN_z_r5_d6_s43,ideal_shot,mean_api_probabilities,correctness,2,equal_total_5x512_minus_1x2560,5,512,1,2560,-0.032500000000000084
MNIST_QNN_z_r5_d6_s43,ideal_shot,mean_api_probabilities,correctness,2,equal_total_20x128_minus_1x2560,20,128,1,2560,-0.012499999999999956
MNIST_QNN_z_r5_d6_s43,ideal_shot,mean_api_probabilities,correctness,3,single_shot_512_minus_128,1,512,1,128,0.019999999999999907
MNIST_QNN_z_r5_d6_s43,ideal_shot,mean_api_probabilities,correctness,3,single_shot_2560_minus_128,1,2560,1,128,0.03749999999999987
MNIST_QNN_z_r5_d6_s43,ideal_shot,mean_api_probabilities,correctness,3,repeat_5x128_minus_1x128,5,128,1,128,0.039999999999999925
MNIST_QNN_z_r5_d6_s43,ideal_shot,mean_api_probabilities,correctness,3,repeat_20x128_minus_1x128,20,128,1,128,0.022500000000000075
MNIST_QNN_z_r5_d6_s43,ideal_shot,mean_api_probabilities,correctness,3,equal_total_5x512_minus_1x2560,5,512,1,2560,-0.014999999999999902
MNIST_QNN_z_r5_d6_s43,ideal_shot,mean_api_probabilities,correctness,3,equal_total_20x128_minus_1x2560,20,128,1,2560,-0.014999999999999791
MNIST_QNN_z_r5_d6_s43,ideal_shot,mean_api_probabilities,correctness,4,single_shot_512_minus_128,1,512,1,128,0.020000000000000018
MNIST_QNN_z_r5_d6_s43,ideal_shot,mean_api_probabilities,correctness,4,single_shot_2560_minus_128,1,2560,1,128,-0.007499999999999951
MNIST_QNN_z_r5_d6_s43,ideal_shot,mean_api_probabilities,correctness,4,repeat_5x128_minus_1x128,5,128,1,128,0.0
MNIST_QNN_z_r5_d6_s43,ideal_shot,mean_api_probabilities,correctness,4,repeat_20x128_minus_1x128,20,128,1,128,0.010000000000000009
MNIST_QNN_z_r5_d6_s43,ideal_shot,mean_api_probabilities,correctness,4,equal_total_5x512_minus_1x2560,5,512,1,2560,0.007499999999999951
MNIST_QNN_z_r5_d6_s43,ideal_shot,mean_api_probabilities,correctness,4,equal_total_20x128_minus_1x2560,20,128,1,2560,0.01749999999999996
MNIST_QNN_z_r5_d6_s43,ideal_shot,mean_api_probabilities,correctness,5,single_shot_512_minus_128,1,512,1,128,0.029999999999999805
MNIST_QNN_z_r5_d6_s43,ideal_shot,mean_api_probabilities,correctness,5,single_shot_2560_minus_128,1,2560,1,128,0.03499999999999981
MNIST_QNN_z_r5_d6_s43,ideal_shot,mean_api_probabilities,correctness,5,repeat_5x128_minus_1x128,5,128,1,128,0.02499999999999991
MNIST_QNN_z_r5_d6_s43,ideal_shot,mean_api_probabilities,correctness,5,repeat_20x128_minus_1x128,20,128,1,128,0.04499999999999971
MNIST_QNN_z_r5_d6_s43,ideal_shot,mean_api_probabilities,correctness,5,equal_total_5x512_minus_1x2560,5,512,1,2560,-0.019999999999999907
MNIST_QNN_z_r5_d6_s43,ideal_shot,mean_api_probabilities,correctness,5,equal_total_20x128_minus_1x2560,20,128,1,2560,0.009999999999999898
MNIST_QNN_z_r5_d6_s43,ideal_shot,mean_api_probabilities,correctness,6,single_shot_512_minus_128,1,512,1,128,-0.007499999999999951
MNIST_QNN_z_r5_d6_s43,ideal_shot,mean_api_probabilities,correctness,6,single_shot_2560_minus_128,1,2560,1,128,0.007500000000000062
MNIST_QNN_z_r5_d6_s43,ideal_shot,mean_api_probabilities,correctness,6,repeat_5x128_minus_1x128,5,128,1,128,0.032500000000000084
MNIST_QNN_z_r5_d6_s43,ideal_shot,mean_api_probabilities,correctness,6,repeat_20x128_minus_1x128,20,128,1,128,0.012500000000000067
MNIST_QNN_z_r5_d6_s43,ideal_shot,mean_api_probabilities,correctness,6,equal_total_5x512_minus_1x2560,5,512,1,2560,-0.01000000000000012
MNIST_QNN_z_r5_d6_s43,ideal_shot,mean_api_probabilities,correctness,6,equal_total_20x128_minus_1x2560,20,128,1,2560,0.0050000000000000044
MNIST_QNN_z_r5_d6_s43,ideal_shot,mean_api_probabilities,correctness,7,single_shot_512_minus_128,1,512,1,128,0.01749999999999996
MNIST_QNN_z_r5_d6_s43,ideal_shot,mean_api_probabilities,correctness,7,single_shot_2560_minus_128,1,2560,1,128,0.03249999999999986
MNIST_QNN_z_r5_d6_s43,ideal_shot,mean_api_probabilities,correctness,7,repeat_5x128_minus_1x128,5,128,1,128,0.0024999999999998357
MNIST_QNN_z_r5_d6_s43,ideal_shot,mean_api_probabilities,correctness,7,repeat_20x128_minus_1x128,20,128,1,128,0.0249999999999998
MNIST_QNN_z_r5_d6_s43,ideal_shot,mean_api_probabilities,correctness,7,equal_total_5x512_minus_1x2560,5,512,1,2560,-0.015000000000000124
MNIST_QNN_z_r5_d6_s43,ideal_shot,mean_api_probabilities,correctness,7,equal_total_20x128_minus_1x2560,20,128,1,2560,-0.007500000000000062
MNIST_QNN_z_r5_d6_s43,ideal_shot,mean_api_probabilities,correctness,8,single_shot_512_minus_128,1,512,1,128,0.03749999999999998
MNIST_QNN_z_r5_d6_s43,ideal_shot,mean_api_probabilities,correctness,8,single_shot_2560_minus_128,1,2560,1,128,0.04499999999999993
MNIST_QNN_z_r5_d6_s43,ideal_shot,mean_api_probabilities,correctness,8,repeat_5x128_minus_1x128,5,128,1,128,0.04499999999999993
MNIST_QNN_z_r5_d6_s43,ideal_shot,mean_api_probabilities,correctness,8,repeat_20x128_minus_1x128,20,128,1,128,0.04749999999999999
MNIST_QNN_z_r5_d6_s43,ideal_shot,mean_api_probabilities,correctness,8,equal_total_5x512_minus_1x2560,5,512,1,2560,0.0
MNIST_QNN_z_r5_d6_s43,ideal_shot,mean_api_probabilities,correctness,8,equal_total_20x128_minus_1x2560,20,128,1,2560,0.0025000000000000577
MNIST_QNN_z_r5_d6_s43,ideal_shot,mean_api_probabilities,correctness,9,single_shot_512_minus_128,1,512,1,128,0.05249999999999988
MNIST_QNN_z_r5_d6_s43,ideal_shot,mean_api_probabilities,correctness,9,single_shot_2560_minus_128,1,2560,1,128,0.0675
MNIST_QNN_z_r5_d6_s43,ideal_shot,mean_api_probabilities,correctness,9,repeat_5x128_minus_1x128,5,128,1,128,0.02499999999999991
MNIST_QNN_z_r5_d6_s43,ideal_shot,mean_api_probabilities,correctness,9,repeat_20x128_minus_1x128,20,128,1,128,0.04249999999999998
MNIST_QNN_z_r5_d6_s43,ideal_shot,mean_api_probabilities,correctness,9,equal_total_5x512_minus_1x2560,5,512,1,2560,-0.020000000000000018
MNIST_QNN_z_r5_d6_s43,ideal_shot,mean_api_probabilities,correctness,9,equal_total_20x128_minus_1x2560,20,128,1,2560,-0.025000000000000022
MNIST_QNN_z_r5_d6_s43,ideal_shot,mean_api_probabilities,entropy,0,single_shot_512_minus_128,1,512,1,128,-0.006149999999999989
MNIST_QNN_z_r5_d6_s43,ideal_shot,mean_api_probabilities,entropy,0,single_shot_2560_minus_128,1,2560,1,128,-0.008950000000000125
MNIST_QNN_z_r5_d6_s43,ideal_shot,mean_api_probabilities,entropy,0,repeat_5x128_minus_1x128,5,128,1,128,-0.0070749999999999424
MNIST_QNN_z_r5_d6_s43,ideal_shot,mean_api_probabilities,entropy,0,repeat_20x128_minus_1x128,20,128,1,128,-0.0037249999999999783
MNIST_QNN_z_r5_d6_s43,ideal_shot,mean_api_probabilities,entropy,0,equal_total_5x512_minus_1x2560,5,512,1,2560,0.010025000000000173
MNIST_QNN_z_r5_d6_s43,ideal_shot,mean_api_probabilities,entropy,0,equal_total_20x128_minus_1x2560,20,128,1,2560,0.005225000000000146
MNIST_QNN_z_r5_d6_s43,ideal_shot,mean_api_probabilities,entropy,1,single_shot_512_minus_128,1,512,1,128,-0.016775000000000095
MNIST_QNN_z_r5_d6_s43,ideal_shot,mean_api_probabilities,entropy,1,single_shot_2560_minus_128,1,2560,1,128,-0.004450000000000065
MNIST_QNN_z_r5_d6_s43,ideal_shot,mean_api_probabilities,entropy,1,repeat_5x128_minus_1x128,5,128,1,128,-0.008800000000000141
MNIST_QNN_z_r5_d6_s43,ideal_shot,mean_api_probabilities,entropy,1,repeat_20x128_minus_1x128,20,128,1,128,-0.011725000000000207
MNIST_QNN_z_r5_d6_s43,ideal_shot,mean_api_probabilities,entropy,1,equal_total_5x512_minus_1x2560,5,512,1,2560,-0.0019250000000000655
MNIST_QNN_z_r5_d6_s43,ideal_shot,mean_api_probabilities,entropy,1,equal_total_20x128_minus_1x2560,20,128,1,2560,-0.0072750000000001425
MNIST_QNN_z_r5_d6_s43,ideal_shot,mean_api_probabilities,entropy,2,single_shot_512_minus_128,1,512,1,128,0.0004999999999999449
MNIST_QNN_z_r5_d6_s43,ideal_shot,mean_api_probabilities,entropy,2,single_shot_2560_minus_128,1,2560,1,128,0.00759999999999994
MNIST_QNN_z_r5_d6_s43,ideal_shot,mean_api_probabilities,entropy,2,repeat_5x128_minus_1x128,5,128,1,128,0.023025000000000073
MNIST_QNN_z_r5_d6_s43,ideal_shot,mean_api_probabilities,entropy,2,repeat_20x128_minus_1x128,20,128,1,128,0.00934999999999997
MNIST_QNN_z_r5_d6_s43,ideal_shot,mean_api_probabilities,entropy,2,equal_total_5x512_minus_1x2560,5,512,1,2560,0.004350000000000076
MNIST_QNN_z_r5_d6_s43,ideal_shot,mean_api_probabilities,entropy,2,equal_total_20x128_minus_1x2560,20,128,1,2560,0.0017500000000000293
MNIST_QNN_z_r5_d6_s43,ideal_shot,mean_api_probabilities,entropy,3,single_shot_512_minus_128,1,512,1,128,0.038000000000000034
MNIST_QNN_z_r5_d6_s43,ideal_shot,mean_api_probabilities,entropy,3,single_shot_2560_minus_128,1,2560,1,128,0.0475000000000001
MNIST_QNN_z_r5_d6_s43,ideal_shot,mean_api_probabilities,entropy,3,repeat_5x128_minus_1x128,5,128,1,128,0.04265000000000008
MNIST_QNN_z_r5_d6_s43,ideal_shot,mean_api_probabilities,entropy,3,repeat_20x128_minus_1x128,20,128,1,128,0.03939999999999999
MNIST_QNN_z_r5_d6_s43,ideal_shot,mean_api_probabilities,entropy,3,equal_total_5x512_minus_1x2560,5,512,1,2560,0.0016999999999998128
MNIST_QNN_z_r5_d6_s43,ideal_shot,mean_api_probabilities,entropy,3,equal_total_20x128_minus_1x2560,20,128,1,2560,-0.008100000000000107
MNIST_QNN_z_r5_d6_s43,ideal_shot,mean_api_probabilities,entropy,4,single_shot_512_minus_128,1,512,1,128,0.03137500000000004
MNIST_QNN_z_r5_d6_s43,ideal_shot,mean_api_probabilities,entropy,4,single_shot_2560_minus_128,1,2560,1,128,0.027100000000000013
MNIST_QNN_z_r5_d6_s43,ideal_shot,mean_api_probabilities,entropy,4,repeat_5x128_minus_1x128,5,128,1,128,0.02762500000000001
MNIST_QNN_z_r5_d6_s43,ideal_shot,mean_api_probabilities,entropy,4,repeat_20x128_minus_1x128,20,128,1,128,0.023349999999999982
MNIST_QNN_z_r5_d6_s43,ideal_shot,mean_api_probabilities,entropy,4,equal_total_5x512_minus_1x2560,5,512,1,2560,0.008449999999999958
MNIST_QNN_z_r5_d6_s43,ideal_shot,mean_api_probabilities,entropy,4,equal_total_20x128_minus_1x2560,20,128,1,2560,-0.003750000000000031
MNIST_QNN_z_r5_d6_s43,ideal_shot,mean_api_probabilities,entropy,5,single_shot_512_minus_128,1,512,1,128,-0.005550000000000055
MNIST_QNN_z_r5_d6_s43,ideal_shot,mean_api_probabilities,entropy,5,single_shot_2560_minus_128,1,2560,1,128,0.0007999999999999119
MNIST_QNN_z_r5_d6_s43,ideal_shot,mean_api_probabilities,entropy,5,repeat_5x128_minus_1x128,5,128,1,128,0.005574999999999886
MNIST_QNN_z_r5_d6_s43,ideal_shot,mean_api_probabilities,entropy,5,repeat_20x128_minus_1x128,20,128,1,128,-0.0016250000000000986
MNIST_QNN_z_r5_d6_s43,ideal_shot,mean_api_probabilities,entropy,5,equal_total_5x512_minus_1x2560,5,512,1,2560,-0.0002749999999999142
MNIST_QNN_z_r5_d6_s43,ideal_shot,mean_api_probabilities,entropy,5,equal_total_20x128_minus_1x2560,20,128,1,2560,-0.0024250000000000105
MNIST_QNN_z_r5_d6_s43,ideal_shot,mean_api_probabilities,entropy,6,single_shot_512_minus_128,1,512,1,128,0.0063749999999999085
MNIST_QNN_z_r5_d6_s43,ideal_shot,mean_api_probabilities,entropy,6,single_shot_2560_minus_128,1,2560,1,128,0.012799999999999923
MNIST_QNN_z_r5_d6_s43,ideal_shot,mean_api_probabilities,entropy,6,repeat_5x128_minus_1x128,5,128,1,128,-0.0032999999999999696
MNIST_QNN_z_r5_d6_s43,ideal_shot,mean_api_probabilities,entropy,6,repeat_20x128_minus_1x128,20,128,1,128,0.0009000000000000119
MNIST_QNN_z_r5_d6_s43,ideal_shot,mean_api_probabilities,entropy,6,equal_total_5x512_minus_1x2560,5,512,1,2560,-0.014174999999999938
MNIST_QNN_z_r5_d6_s43,ideal_shot,mean_api_probabilities,entropy,6,equal_total_20x128_minus_1x2560,20,128,1,2560,-0.01189999999999991
MNIST_QNN_z_r5_d6_s43,ideal_shot,mean_api_probabilities,entropy,7,single_shot_512_minus_128,1,512,1,128,-0.008199999999999985
MNIST_QNN_z_r5_d6_s43,ideal_shot,mean_api_probabilities,entropy,7,single_shot_2560_minus_128,1,2560,1,128,-0.009124999999999939
MNIST_QNN_z_r5_d6_s43,ideal_shot,mean_api_probabilities,entropy,7,repeat_5x128_minus_1x128,5,128,1,128,-0.015050000000000008
MNIST_QNN_z_r5_d6_s43,ideal_shot,mean_api_probabilities,entropy,7,repeat_20x128_minus_1x128,20,128,1,128,0.0004750000000000032
MNIST_QNN_z_r5_d6_s43,ideal_shot,mean_api_probabilities,entropy,7,equal_total_5x512_minus_1x2560,5,512,1,2560,-0.00407499999999994
MNIST_QNN_z_r5_d6_s43,ideal_shot,mean_api_probabilities,entropy,7,equal_total_20x128_minus_1x2560,20,128,1,2560,0.009599999999999942
MNIST_QNN_z_r5_d6_s43,ideal_shot,mean_api_probabilities,entropy,8,single_shot_512_minus_128,1,512,1,128,0.01232500000000003
MNIST_QNN_z_r5_d6_s43,ideal_shot,mean_api_probabilities,entropy,8,single_shot_2560_minus_128,1,2560,1,128,1.1102230246251565e-16
MNIST_QNN_z_r5_d6_s43,ideal_shot,mean_api_probabilities,entropy,8,repeat_5x128_minus_1x128,5,128,1,128,-0.00484999999999991
MNIST_QNN_z_r5_d6_s43,ideal_shot,mean_api_probabilities,entropy,8,repeat_20x128_minus_1x128,20,128,1,128,-0.00044999999999995044
MNIST_QNN_z_r5_d6_s43,ideal_shot,mean_api_probabilities,entropy,8,equal_total_5x512_minus_1x2560,5,512,1,2560,-0.0020499999999999963
MNIST_QNN_z_r5_d6_s43,ideal_shot,mean_api_probabilities,entropy,8,equal_total_20x128_minus_1x2560,20,128,1,2560,-0.00045000000000006146
MNIST_QNN_z_r5_d6_s43,ideal_shot,mean_api_probabilities,entropy,9,single_shot_512_minus_128,1,512,1,128,-0.009375000000000022
MNIST_QNN_z_r5_d6_s43,ideal_shot,mean_api_probabilities,entropy,9,single_shot_2560_minus_128,1,2560,1,128,-0.003375000000000017
MNIST_QNN_z_r5_d6_s43,ideal_shot,mean_api_probabilities,entropy,9,repeat_5x128_minus_1x128,5,128,1,128,-0.0060749999999999416
MNIST_QNN_z_r5_d6_s43,ideal_shot,mean_api_probabilities,entropy,9,repeat_20x128_minus_1x128,20,128,1,128,-0.013624999999999998
MNIST_QNN_z_r5_d6_s43,ideal_shot,mean_api_probabilities,entropy,9,equal_total_5x512_minus_1x2560,5,512,1,2560,-0.012149999999999994
MNIST_QNN_z_r5_d6_s43,ideal_shot,mean_api_probabilities,entropy,9,equal_total_20x128_minus_1x2560,20,128,1,2560,-0.010249999999999981
MNIST_QNN_z_r5_d6_s43,ideal_shot,mean_api_probabilities,learned_mlp_pv,0,single_shot_512_minus_128,1,512,1,128,0.028199999999999947
MNIST_QNN_z_r5_d6_s43,ideal_shot,mean_api_probabilities,learned_mlp_pv,0,single_shot_2560_minus_128,1,2560,1,128,0.05572499999999997
MNIST_QNN_z_r5_d6_s43,ideal_shot,mean_api_probabilities,learned_mlp_pv,0,repeat_5x128_minus_1x128,5,128,1,128,0.015400000000000025
MNIST_QNN_z_r5_d6_s43,ideal_shot,mean_api_probabilities,learned_mlp_pv,0,repeat_20x128_minus_1x128,20,128,1,128,0.025274999999999992
MNIST_QNN_z_r5_d6_s43,ideal_shot,mean_api_probabilities,learned_mlp_pv,0,equal_total_5x512_minus_1x2560,5,512,1,2560,-0.041825
MNIST_QNN_z_r5_d6_s43,ideal_shot,mean_api_probabilities,learned_mlp_pv,0,equal_total_20x128_minus_1x2560,20,128,1,2560,-0.030449999999999977
MNIST_QNN_z_r5_d6_s43,ideal_shot,mean_api_probabilities,learned_mlp_pv,1,single_shot_512_minus_128,1,512,1,128,-0.05119999999999991
MNIST_QNN_z_r5_d6_s43,ideal_shot,mean_api_probabilities,learned_mlp_pv,1,single_shot_2560_minus_128,1,2560,1,128,-0.018325000000000036
MNIST_QNN_z_r5_d6_s43,ideal_shot,mean_api_probabilities,learned_mlp_pv,1,repeat_5x128_minus_1x128,5,128,1,128,-0.013174999999999937
MNIST_QNN_z_r5_d6_s43,ideal_shot,mean_api_probabilities,learned_mlp_pv,1,repeat_20x128_minus_1x128,20,128,1,128,-0.025899999999999923
MNIST_QNN_z_r5_d6_s43,ideal_shot,mean_api_probabilities,learned_mlp_pv,1,equal_total_5x512_minus_1x2560,5,512,1,2560,-0.016999999999999904
MNIST_QNN_z_r5_d6_s43,ideal_shot,mean_api_probabilities,learned_mlp_pv,1,equal_total_20x128_minus_1x2560,20,128,1,2560,-0.007574999999999887
MNIST_QNN_z_r5_d6_s43,ideal_shot,mean_api_probabilities,learned_mlp_pv,2,single_shot_512_minus_128,1,512,1,128,-0.03587499999999999
MNIST_QNN_z_r5_d6_s43,ideal_shot,mean_api_probabilities,learned_mlp_pv,2,single_shot_2560_minus_128,1,2560,1,128,0.021700000000000053
MNIST_QNN_z_r5_d6_s43,ideal_shot,mean_api_probabilities,learned_mlp_pv,2,repeat_5x128_minus_1x128,5,128,1,128,0.027550000000000074
MNIST_QNN_z_r5_d6_s43,ideal_shot,mean_api_probabilities,learned_mlp_pv,2,repeat_20x128_minus_1x128,20,128,1,128,0.00022500000000003073
MNIST_QNN_z_r5_d6_s43,ideal_shot,mean_api_probabilities,learned_mlp_pv,2,equal_total_5x512_minus_1x2560,5,512,1,2560,-0.014174999999999938
MNIST_QNN_z_r5_d6_s43,ideal_shot,mean_api_probabilities,learned_mlp_pv,2,equal_total_20x128_minus_1x2560,20,128,1,2560,-0.021475000000000022
MNIST_QNN_z_r5_d6_s43,ideal_shot,mean_api_probabilities,learned_mlp_pv,3,single_shot_512_minus_128,1,512,1,128,0.015874999999999972
MNIST_QNN_z_r5_d6_s43,ideal_shot,mean_api_probabilities,learned_mlp_pv,3,single_shot_2560_minus_128,1,2560,1,128,0.021424999999999972
MNIST_QNN_z_r5_d6_s43,ideal_shot,mean_api_probabilities,learned_mlp_pv,3,repeat_5x128_minus_1x128,5,128,1,128,0.0043999999999999595
MNIST_QNN_z_r5_d6_s43,ideal_shot,mean_api_probabilities,learned_mlp_pv,3,repeat_20x128_minus_1x128,20,128,1,128,0.0017249999999999766
MNIST_QNN_z_r5_d6_s43,ideal_shot,mean_api_probabilities,learned_mlp_pv,3,equal_total_5x512_minus_1x2560,5,512,1,2560,-0.016800000000000093
MNIST_QNN_z_r5_d6_s43,ideal_shot,mean_api_probabilities,learned_mlp_pv,3,equal_total_20x128_minus_1x2560,20,128,1,2560,-0.019699999999999995
MNIST_QNN_z_r5_d6_s43,ideal_shot,mean_api_probabilities,learned_mlp_pv,4,single_shot_512_minus_128,1,512,1,128,-0.021250000000000047
MNIST_QNN_z_r5_d6_s43,ideal_shot,mean_api_probabilities,learned_mlp_pv,4,single_shot_2560_minus_128,1,2560,1,128,-0.03472500000000006
MNIST_QNN_z_r5_d6_s43,ideal_shot,mean_api_probabilities,learned_mlp_pv,4,repeat_5x128_minus_1x128,5,128,1,128,0.010099999999999998
MNIST_QNN_z_r5_d6_s43,ideal_shot,mean_api_probabilities,learned_mlp_pv,4,repeat_20x128_minus_1x128,20,128,1,128,-0.05565000000000003
MNIST_QNN_z_r5_d6_s43,ideal_shot,mean_api_probabilities,learned_mlp_pv,4,equal_total_5x512_minus_1x2560,5,512,1,2560,-0.015699999999999992
MNIST_QNN_z_r5_d6_s43,ideal_shot,mean_api_probabilities,learned_mlp_pv,4,equal_total_20x128_minus_1x2560,20,128,1,2560,-0.02092499999999997
MNIST_QNN_z_r5_d6_s43,ideal_shot,mean_api_probabilities,learned_mlp_pv,5,single_shot_512_minus_128,1,512,1,128,0.001775000000000082
MNIST_QNN_z_r5_d6_s43,ideal_shot,mean_api_probabilities,learned_mlp_pv,5,single_shot_2560_minus_128,1,2560,1,128,-0.020074999999999954
MNIST_QNN_z_r5_d6_s43,ideal_shot,mean_api_probabilities,learned_mlp_pv,5,repeat_5x128_minus_1x128,5,128,1,128,-0.0031250000000000444
MNIST_QNN_z_r5_d6_s43,ideal_shot,mean_api_probabilities,learned_mlp_pv,5,repeat_20x128_minus_1x128,20,128,1,128,-0.02277499999999988
MNIST_QNN_z_r5_d6_s43,ideal_shot,mean_api_probabilities,learned_mlp_pv,5,equal_total_5x512_minus_1x2560,5,512,1,2560,0.01937500000000003
MNIST_QNN_z_r5_d6_s43,ideal_shot,mean_api_probabilities,learned_mlp_pv,5,equal_total_20x128_minus_1x2560,20,128,1,2560,-0.0026999999999999247
MNIST_QNN_z_r5_d6_s43,ideal_shot,mean_api_probabilities,learned_mlp_pv,6,single_shot_512_minus_128,1,512,1,128,0.029274999999999995
MNIST_QNN_z_r5_d6_s43,ideal_shot,mean_api_probabilities,learned_mlp_pv,6,single_shot_2560_minus_128,1,2560,1,128,0.03842500000000004
MNIST_QNN_z_r5_d6_s43,ideal_shot,mean_api_probabilities,learned_mlp_pv,6,repeat_5x128_minus_1x128,5,128,1,128,0.016274999999999984
MNIST_QNN_z_r5_d6_s43,ideal_shot,mean_api_probabilities,learned_mlp_pv,6,repeat_20x128_minus_1x128,20,128,1,128,0.009149999999999991
MNIST_QNN_z_r5_d6_s43,ideal_shot,mean_api_probabilities,learned_mlp_pv,6,equal_total_5x512_minus_1x2560,5,512,1,2560,-0.014175000000000049
MNIST_QNN_z_r5_d6_s43,ideal_shot,mean_api_probabilities,learned_mlp_pv,6,equal_total_20x128_minus_1x2560,20,128,1,2560,-0.02927500000000005
MNIST_QNN_z_r5_d6_s43,ideal_shot,mean_api_probabilities,learned_mlp_pv,7,single_shot_512_minus_128,1,512,1,128,0.05967499999999998
MNIST_QNN_z_r5_d6_s43,ideal_shot,mean_api_probabilities,learned_mlp_pv,7,single_shot_2560_minus_128,1,2560,1,128,0.046975000000000044
MNIST_QNN_z_r5_d6_s43,ideal_shot,mean_api_probabilities,learned_mlp_pv,7,repeat_5x128_minus_1x128,5,128,1,128,0.08890000000000003
MNIST_QNN_z_r5_d6_s43,ideal_shot,mean_api_probabilities,learned_mlp_pv,7,repeat_20x128_minus_1x128,20,128,1,128,0.046550000000000036
MNIST_QNN_z_r5_d6_s43,ideal_shot,mean_api_probabilities,learned_mlp_pv,7,equal_total_5x512_minus_1x2560,5,512,1,2560,-0.035025000000000084
MNIST_QNN_z_r5_d6_s43,ideal_shot,mean_api_probabilities,learned_mlp_pv,7,equal_total_20x128_minus_1x2560,20,128,1,2560,-0.0004250000000000087
MNIST_QNN_z_r5_d6_s43,ideal_shot,mean_api_probabilities,learned_mlp_pv,8,single_shot_512_minus_128,1,512,1,128,-0.01237500000000008
MNIST_QNN_z_r5_d6_s43,ideal_shot,mean_api_probabilities,learned_mlp_pv,8,single_shot_2560_minus_128,1,2560,1,128,0.003175000000000039
MNIST_QNN_z_r5_d6_s43,ideal_shot,mean_api_probabilities,learned_mlp_pv,8,repeat_5x128_minus_1x128,5,128,1,128,0.004275000000000029
MNIST_QNN_z_r5_d6_s43,ideal_shot,mean_api_probabilities,learned_mlp_pv,8,repeat_20x128_minus_1x128,20,128,1,128,0.03140000000000004
MNIST_QNN_z_r5_d6_s43,ideal_shot,mean_api_probabilities,learned_mlp_pv,8,equal_total_5x512_minus_1x2560,5,512,1,2560,0.025550000000000017
MNIST_QNN_z_r5_d6_s43,ideal_shot,mean_api_probabilities,learned_mlp_pv,8,equal_total_20x128_minus_1x2560,20,128,1,2560,0.028225
MNIST_QNN_z_r5_d6_s43,ideal_shot,mean_api_probabilities,learned_mlp_pv,9,single_shot_512_minus_128,1,512,1,128,-0.0023999999999999577
MNIST_QNN_z_r5_d6_s43,ideal_shot,mean_api_probabilities,learned_mlp_pv,9,single_shot_2560_minus_128,1,2560,1,128,0.00022500000000003073
MNIST_QNN_z_r5_d6_s43,ideal_shot,mean_api_probabilities,learned_mlp_pv,9,repeat_5x128_minus_1x128,5,128,1,128,-0.01970000000000005
MNIST_QNN_z_r5_d6_s43,ideal_shot,mean_api_probabilities,learned_mlp_pv,9,repeat_20x128_minus_1x128,20,128,1,128,-0.049575000000000036
MNIST_QNN_z_r5_d6_s43,ideal_shot,mean_api_probabilities,learned_mlp_pv,9,equal_total_5x512_minus_1x2560,5,512,1,2560,0.0021499999999999853
MNIST_QNN_z_r5_d6_s43,ideal_shot,mean_api_probabilities,learned_mlp_pv,9,equal_total_20x128_minus_1x2560,20,128,1,2560,-0.049800000000000066
MNIST_QNN_z_r5_d6_s43,ideal_shot,mean_api_probabilities,learned_mlp_pv_mean_std,0,single_shot_512_minus_128,1,512,1,128,0.007824999999999971
MNIST_QNN_z_r5_d6_s43,ideal_shot,mean_api_probabilities,learned_mlp_pv_mean_std,0,single_shot_2560_minus_128,1,2560,1,128,-0.020249999999999935
MNIST_QNN_z_r5_d6_s43,ideal_shot,mean_api_probabilities,learned_mlp_pv_mean_std,0,repeat_5x128_minus_1x128,5,128,1,128,-0.028549999999999964
MNIST_QNN_z_r5_d6_s43,ideal_shot,mean_api_probabilities,learned_mlp_pv_mean_std,0,repeat_20x128_minus_1x128,20,128,1,128,0.02617500000000006
MNIST_QNN_z_r5_d6_s43,ideal_shot,mean_api_probabilities,learned_mlp_pv_mean_std,0,equal_total_5x512_minus_1x2560,5,512,1,2560,0.0022999999999999687
MNIST_QNN_z_r5_d6_s43,ideal_shot,mean_api_probabilities,learned_mlp_pv_mean_std,0,equal_total_20x128_minus_1x2560,20,128,1,2560,0.046424999999999994
MNIST_QNN_z_r5_d6_s43,ideal_shot,mean_api_probabilities,learned_mlp_pv_mean_std,1,single_shot_512_minus_128,1,512,1,128,0.03210000000000007
MNIST_QNN_z_r5_d6_s43,ideal_shot,mean_api_probabilities,learned_mlp_pv_mean_std,1,single_shot_2560_minus_128,1,2560,1,128,-0.03255000000000008
MNIST_QNN_z_r5_d6_s43,ideal_shot,mean_api_probabilities,learned_mlp_pv_mean_std,1,repeat_5x128_minus_1x128,5,128,1,128,0.03935000000000005
MNIST_QNN_z_r5_d6_s43,ideal_shot,mean_api_probabilities,learned_mlp_pv_mean_std,1,repeat_20x128_minus_1x128,20,128,1,128,0.02017500000000011
MNIST_QNN_z_r5_d6_s43,ideal_shot,mean_api_probabilities,learned_mlp_pv_mean_std,1,equal_total_5x512_minus_1x2560,5,512,1,2560,0.05337500000000012
MNIST_QNN_z_r5_d6_s43,ideal_shot,mean_api_probabilities,learned_mlp_pv_mean_std,1,equal_total_20x128_minus_1x2560,20,128,1,2560,0.05272500000000019
MNIST_QNN_z_r5_d6_s43,ideal_shot,mean_api_probabilities,learned_mlp_pv_mean_std,2,single_shot_512_minus_128,1,512,1,128,-0.011250000000000038
MNIST_QNN_z_r5_d6_s43,ideal_shot,mean_api_probabilities,learned_mlp_pv_mean_std,2,single_shot_2560_minus_128,1,2560,1,128,-0.02080000000000015
MNIST_QNN_z_r5_d6_s43,ideal_shot,mean_api_probabilities,learned_mlp_pv_mean_std,2,repeat_5x128_minus_1x128,5,128,1,128,0.07277500000000003
MNIST_QNN_z_r5_d6_s43,ideal_shot,mean_api_probabilities,learned_mlp_pv_mean_std,2,repeat_20x128_minus_1x128,20,128,1,128,-0.0067250000000000365
MNIST_QNN_z_r5_d6_s43,ideal_shot,mean_api_probabilities,learned_mlp_pv_mean_std,2,equal_total_5x512_minus_1x2560,5,512,1,2560,0.03200000000000014
MNIST_QNN_z_r5_d6_s43,ideal_shot,mean_api_probabilities,learned_mlp_pv_mean_std,2,equal_total_20x128_minus_1x2560,20,128,1,2560,0.014075000000000115
MNIST_QNN_z_r5_d6_s43,ideal_shot,mean_api_probabilities,learned_mlp_pv_mean_std,3,single_shot_512_minus_128,1,512,1,128,-0.024475000000000025
MNIST_QNN_z_r5_d6_s43,ideal_shot,mean_api_probabilities,learned_mlp_pv_mean_std,3,single_shot_2560_minus_128,1,2560,1,128,-0.042300000000000004
MNIST_QNN_z_r5_d6_s43,ideal_shot,mean_api_probabilities,learned_mlp_pv_mean_std,3,repeat_5x128_minus_1x128,5,128,1,128,0.013225000000000042
MNIST_QNN_z_r5_d6_s43,ideal_shot,mean_api_probabilities,learned_mlp_pv_mean_std,3,repeat_20x128_minus_1x128,20,128,1,128,-0.0016249999999999876
MNIST_QNN_z_r5_d6_s43,ideal_shot,mean_api_probabilities,learned_mlp_pv_mean_std,3,equal_total_5x512_minus_1x2560,5,512,1,2560,0.08247499999999997
MNIST_QNN_z_r5_d6_s43,ideal_shot,mean_api_probabilities,learned_mlp_pv_mean_std,3,equal_total_20x128_minus_1x2560,20,128,1,2560,0.04067500000000002
MNIST_QNN_z_r5_d6_s43,ideal_shot,mean_api_probabilities,learned_mlp_pv_mean_std,4,single_shot_512_minus_128,1,512,1,128,-0.05520000000000003
MNIST_QNN_z_r5_d6_s43,ideal_shot,mean_api_probabilities,learned_mlp_pv_mean_std,4,single_shot_2560_minus_128,1,2560,1,128,-0.05025000000000002
MNIST_QNN_z_r5_d6_s43,ideal_shot,mean_api_probabilities,learned_mlp_pv_mean_std,4,repeat_5x128_minus_1x128,5,128,1,128,-0.03582500000000011
MNIST_QNN_z_r5_d6_s43,ideal_shot,mean_api_probabilities,learned_mlp_pv_mean_std,4,repeat_20x128_minus_1x128,20,128,1,128,-0.004649999999999932
MNIST_QNN_z_r5_d6_s43,ideal_shot,mean_api_probabilities,learned_mlp_pv_mean_std,4,equal_total_5x512_minus_1x2560,5,512,1,2560,0.05395000000000005
MNIST_QNN_z_r5_d6_s43,ideal_shot,mean_api_probabilities,learned_mlp_pv_mean_std,4,equal_total_20x128_minus_1x2560,20,128,1,2560,0.045600000000000085
MNIST_QNN_z_r5_d6_s43,ideal_shot,mean_api_probabilities,learned_mlp_pv_mean_std,5,single_shot_512_minus_128,1,512,1,128,-0.00177499999999986
MNIST_QNN_z_r5_d6_s43,ideal_shot,mean_api_probabilities,learned_mlp_pv_mean_std,5,single_shot_2560_minus_128,1,2560,1,128,-0.002774999999999972
MNIST_QNN_z_r5_d6_s43,ideal_shot,mean_api_probabilities,learned_mlp_pv_mean_std,5,repeat_5x128_minus_1x128,5,128,1,128,0.008425000000000016
MNIST_QNN_z_r5_d6_s43,ideal_shot,mean_api_probabilities,learned_mlp_pv_mean_std,5,repeat_20x128_minus_1x128,20,128,1,128,0.008824999999999972
MNIST_QNN_z_r5_d6_s43,ideal_shot,mean_api_probabilities,learned_mlp_pv_mean_std,5,equal_total_5x512_minus_1x2560,5,512,1,2560,0.012475000000000014
MNIST_QNN_z_r5_d6_s43,ideal_shot,mean_api_probabilities,learned_mlp_pv_mean_std,5,equal_total_20x128_minus_1x2560,20,128,1,2560,0.011599999999999944
MNIST_QNN_z_r5_d6_s43,ideal_shot,mean_api_probabilities,learned_mlp_pv_mean_std,6,single_shot_512_minus_128,1,512,1,128,0.01539999999999997
MNIST_QNN_z_r5_d6_s43,ideal_shot,mean_api_probabilities,learned_mlp_pv_mean_std,6,single_shot_2560_minus_128,1,2560,1,128,0.005850000000000022
MNIST_QNN_z_r5_d6_s43,ideal_shot,mean_api_probabilities,learned_mlp_pv_mean_std,6,repeat_5x128_minus_1x128,5,128,1,128,0.010950000000000015
MNIST_QNN_z_r5_d6_s43,ideal_shot,mean_api_probabilities,learned_mlp_pv_mean_std,6,repeat_20x128_minus_1x128,20,128,1,128,-0.011324999999999918
MNIST_QNN_z_r5_d6_s43,ideal_shot,mean_api_probabilities,learned_mlp_pv_mean_std,6,equal_total_5x512_minus_1x2560,5,512,1,2560,0.00802500000000006
MNIST_QNN_z_r5_d6_s43,ideal_shot,mean_api_probabilities,learned_mlp_pv_mean_std,6,equal_total_20x128_minus_1x2560,20,128,1,2560,-0.01717499999999994
MNIST_QNN_z_r5_d6_s43,ideal_shot,mean_api_probabilities,learned_mlp_pv_mean_std,7,single_shot_512_minus_128,1,512,1,128,0.04505000000000009
MNIST_QNN_z_r5_d6_s43,ideal_shot,mean_api_probabilities,learned_mlp_pv_mean_std,7,single_shot_2560_minus_128,1,2560,1,128,0.03520000000000001
MNIST_QNN_z_r5_d6_s43,ideal_shot,mean_api_probabilities,learned_mlp_pv_mean_std,7,repeat_5x128_minus_1x128,5,128,1,128,0.04185
MNIST_QNN_z_r5_d6_s43,ideal_shot,mean_api_probabilities,learned_mlp_pv_mean_std,7,repeat_20x128_minus_1x128,20,128,1,128,0.0838000000000001
MNIST_QNN_z_r5_d6_s43,ideal_shot,mean_api_probabilities,learned_mlp_pv_mean_std,7,equal_total_5x512_minus_1x2560,5,512,1,2560,-0.015050000000000008
MNIST_QNN_z_r5_d6_s43,ideal_shot,mean_api_probabilities,learned_mlp_pv_mean_std,7,equal_total_20x128_minus_1x2560,20,128,1,2560,0.04860000000000009
MNIST_QNN_z_r5_d6_s43,ideal_shot,mean_api_probabilities,learned_mlp_pv_mean_std,8,single_shot_512_minus_128,1,512,1,128,-0.04040000000000005
MNIST_QNN_z_r5_d6_s43,ideal_shot,mean_api_probabilities,learned_mlp_pv_mean_std,8,single_shot_2560_minus_128,1,2560,1,128,-0.03492500000000004
MNIST_QNN_z_r5_d6_s43,ideal_shot,mean_api_probabilities,learned_mlp_pv_mean_std,8,repeat_5x128_minus_1x128,5,128,1,128,0.0066749999999999865
MNIST_QNN_z_r5_d6_s43,ideal_shot,mean_api_probabilities,learned_mlp_pv_mean_std,8,repeat_20x128_minus_1x128,20,128,1,128,0.004049999999999998
MNIST_QNN_z_r5_d6_s43,ideal_shot,mean_api_probabilities,learned_mlp_pv_mean_std,8,equal_total_5x512_minus_1x2560,5,512,1,2560,0.01887500000000003
MNIST_QNN_z_r5_d6_s43,ideal_shot,mean_api_probabilities,learned_mlp_pv_mean_std,8,equal_total_20x128_minus_1x2560,20,128,1,2560,0.03897500000000004
MNIST_QNN_z_r5_d6_s43,ideal_shot,mean_api_probabilities,learned_mlp_pv_mean_std,9,single_shot_512_minus_128,1,512,1,128,-0.016975000000000018
MNIST_QNN_z_r5_d6_s43,ideal_shot,mean_api_probabilities,learned_mlp_pv_mean_std,9,single_shot_2560_minus_128,1,2560,1,128,-0.011200000000000043
MNIST_QNN_z_r5_d6_s43,ideal_shot,mean_api_probabilities,learned_mlp_pv_mean_std,9,repeat_5x128_minus_1x128,5,128,1,128,0.012149999999999994
MNIST_QNN_z_r5_d6_s43,ideal_shot,mean_api_probabilities,learned_mlp_pv_mean_std,9,repeat_20x128_minus_1x128,20,128,1,128,-0.01645000000000002
MNIST_QNN_z_r5_d6_s43,ideal_shot,mean_api_probabilities,learned_mlp_pv_mean_std,9,equal_total_5x512_minus_1x2560,5,512,1,2560,0.060850000000000015
MNIST_QNN_z_r5_d6_s43,ideal_shot,mean_api_probabilities,learned_mlp_pv_mean_std,9,equal_total_20x128_minus_1x2560,20,128,1,2560,-0.005249999999999977
MNIST_QNN_z_r5_d6_s43,ideal_shot,mean_api_probabilities,loss,0,single_shot_512_minus_128,1,512,1,128,0.0084749999999999
MNIST_QNN_z_r5_d6_s43,ideal_shot,mean_api_probabilities,loss,0,single_shot_2560_minus_128,1,2560,1,128,0.004824999999999857
MNIST_QNN_z_r5_d6_s43,ideal_shot,mean_api_probabilities,loss,0,repeat_5x128_minus_1x128,5,128,1,128,0.010824999999999974
MNIST_QNN_z_r5_d6_s43,ideal_shot,mean_api_probabilities,loss,0,repeat_20x128_minus_1x128,20,128,1,128,0.0009999999999998899
MNIST_QNN_z_r5_d6_s43,ideal_shot,mean_api_probabilities,loss,0,equal_total_5x512_minus_1x2560,5,512,1,2560,0.007550000000000057
MNIST_QNN_z_r5_d6_s43,ideal_shot,mean_api_probabilities,loss,0,equal_total_20x128_minus_1x2560,20,128,1,2560,-0.0038249999999999673
MNIST_QNN_z_r5_d6_s43,ideal_shot,mean_api_probabilities,loss,1,single_shot_512_minus_128,1,512,1,128,0.023749999999999938
MNIST_QNN_z_r5_d6_s43,ideal_shot,mean_api_probabilities,loss,1,single_shot_2560_minus_128,1,2560,1,128,0.024475000000000025
MNIST_QNN_z_r5_d6_s43,ideal_shot,mean_api_probabilities,loss,1,repeat_5x128_minus_1x128,5,128,1,128,0.01277499999999998
MNIST_QNN_z_r5_d6_s43,ideal_shot,mean_api_probabilities,loss,1,repeat_20x128_minus_1x128,20,128,1,128,0.018875000000000086
MNIST_QNN_z_r5_d6_s43,ideal_shot,mean_api_probabilities,loss,1,equal_total_5x512_minus_1x2560,5,512,1,2560,-0.002275000000000027
MNIST_QNN_z_r5_d6_s43,ideal_shot,mean_api_probabilities,loss,1,equal_total_20x128_minus_1x2560,20,128,1,2560,-0.005599999999999938
MNIST_QNN_z_r5_d6_s43,ideal_shot,mean_api_probabilities,loss,2,single_shot_512_minus_128,1,512,1,128,0.015325000000000033
MNIST_QNN_z_r5_d6_s43,ideal_shot,mean_api_probabilities,loss,2,single_shot_2560_minus_128,1,2560,1,128,0.027974999999999972
MNIST_QNN_z_r5_d6_s43,ideal_shot,mean_api_probabilities,loss,2,repeat_5x128_minus_1x128,5,128,1,128,0.03334999999999999
MNIST_QNN_z_r5_d6_s43,ideal_shot,mean_api_probabilities,loss,2,repeat_20x128_minus_1x128,20,128,1,128,0.02687499999999987
MNIST_QNN_z_r5_d6_s43,ideal_shot,mean_api_probabilities,loss,2,equal_total_5x512_minus_1x2560,5,512,1,2560,-0.004550000000000054
MNIST_QNN_z_r5_d6_s43,ideal_shot,mean_api_probabilities,loss,2,equal_total_20x128_minus_1x2560,20,128,1,2560,-0.001100000000000101
MNIST_QNN_z_r5_d6_s43,ideal_shot,mean_api_probabilities,loss,3,single_shot_512_minus_128,1,512,1,128,0.019324999999999926
MNIST_QNN_z_r5_d6_s43,ideal_shot,mean_api_probabilities,loss,3,single_shot_2560_minus_128,1,2560,1,128,0.03487499999999999
MNIST_QNN_z_r5_d6_s43,ideal_shot,mean_api_probabilities,loss,3,repeat_5x128_minus_1x128,5,128,1,128,0.033600000000000074
MNIST_QNN_z_r5_d6_s43,ideal_shot,mean_api_probabilities,loss,3,repeat_20x128_minus_1x128,20,128,1,128,0.03202499999999997
MNIST_QNN_z_r5_d6_s43,ideal_shot,mean_api_probabilities,loss,3,equal_total_5x512_minus_1x2560,5,512,1,2560,-0.003374999999999906
MNIST_QNN_z_r5_d6_s43,ideal_shot,mean_api_probabilities,loss,3,equal_total_20x128_minus_1x2560,20,128,1,2560,-0.002850000000000019
MNIST_QNN_z_r5_d6_s43,ideal_shot,mean_api_probabilities,loss,4,single_shot_512_minus_128,1,512,1,128,0.0250999999999999
MNIST_QNN_z_r5_d6_s43,ideal_shot,mean_api_probabilities,loss,4,single_shot_2560_minus_128,1,2560,1,128,0.015799999999999814
MNIST_QNN_z_r5_d6_s43,ideal_shot,mean_api_probabilities,loss,4,repeat_5x128_minus_1x128,5,128,1,128,0.00749999999999984
MNIST_QNN_z_r5_d6_s43,ideal_shot,mean_api_probabilities,loss,4,repeat_20x128_minus_1x128,20,128,1,128,0.008524999999999894
MNIST_QNN_z_r5_d6_s43,ideal_shot,mean_api_probabilities,loss,4,equal_total_5x512_minus_1x2560,5,512,1,2560,-0.0033250000000000224
MNIST_QNN_z_r5_d6_s43,ideal_shot,mean_api_probabilities,loss,4,equal_total_20x128_minus_1x2560,20,128,1,2560,-0.00727499999999992
MNIST_QNN_z_r5_d6_s43,ideal_shot,mean_api_probabilities,loss,5,single_shot_512_minus_128,1,512,1,128,0.017850000000000033
MNIST_QNN_z_r5_d6_s43,ideal_shot,mean_api_probabilities,loss,5,single_shot_2560_minus_128,1,2560,1,128,0.022600000000000064
MNIST_QNN_z_r5_d6_s43,ideal_shot,mean_api_probabilities,loss,5,repeat_5x128_minus_1x128,5,128,1,128,0.00902500000000006
MNIST_QNN_z_r5_d6_s43,ideal_shot,mean_api_probabilities,loss,5,repeat_20x128_minus_1x128,20,128,1,128,0.016100000000000114
MNIST_QNN_z_r5_d6_s43,ideal_shot,mean_api_probabilities,loss,5,equal_total_5x512_minus_1x2560,5,512,1,2560,-0.004249999999999976
MNIST_QNN_z_r5_d6_s43,ideal_shot,mean_api_probabilities,loss,5,equal_total_20x128_minus_1x2560,20,128,1,2560,-0.00649999999999995
MNIST_QNN_z_r5_d6_s43,ideal_shot,mean_api_probabilities,loss,6,single_shot_512_minus_128,1,512,1,128,-0.011900000000000022
MNIST_QNN_z_r5_d6_s43,ideal_shot,mean_api_probabilities,loss,6,single_shot_2560_minus_128,1,2560,1,128,0.0028000000000000247
MNIST_QNN_z_r5_d6_s43,ideal_shot,mean_api_probabilities,loss,6,repeat_5x128_minus_1x128,5,128,1,128,-0.0023250000000000215
MNIST_QNN_z_r5_d6_s43,ideal_shot,mean_api_probabilities,loss,6,repeat_20x128_minus_1x128,20,128,1,128,0.004024999999999834
MNIST_QNN_z_r5_d6_s43,ideal_shot,mean_api_probabilities,loss,6,equal_total_5x512_minus_1x2560,5,512,1,2560,-0.009000000000000119
MNIST_QNN_z_r5_d6_s43,ideal_shot,mean_api_probabilities,loss,6,equal_total_20x128_minus_1x2560,20,128,1,2560,0.0012249999999998096
MNIST_QNN_z_r5_d6_s43,ideal_shot,mean_api_probabilities,loss,7,single_shot_512_minus_128,1,512,1,128,0.021650000000000058
MNIST_QNN_z_r5_d6_s43,ideal_shot,mean_api_probabilities,loss,7,single_shot_2560_minus_128,1,2560,1,128,0.027100000000000013
MNIST_QNN_z_r5_d6_s43,ideal_shot,mean_api_probabilities,loss,7,repeat_5x128_minus_1x128,5,128,1,128,0.0016500000000000403
MNIST_QNN_z_r5_d6_s43,ideal_shot,mean_api_probabilities,loss,7,repeat_20x128_minus_1x128,20,128,1,128,0.020425000000000026
MNIST_QNN_z_r5_d6_s43,ideal_shot,mean_api_probabilities,loss,7,equal_total_5x512_minus_1x2560,5,512,1,2560,-0.007699999999999929
MNIST_QNN_z_r5_d6_s43,ideal_shot,mean_api_probabilities,loss,7,equal_total_20x128_minus_1x2560,20,128,1,2560,-0.0066749999999999865
MNIST_QNN_z_r5_d6_s43,ideal_shot,mean_api_probabilities,loss,8,single_shot_512_minus_128,1,512,1,128,0.027924999999999978
MNIST_QNN_z_r5_d6_s43,ideal_shot,mean_api_probabilities,loss,8,single_shot_2560_minus_128,1,2560,1,128,0.034299999999999886
MNIST_QNN_z_r5_d6_s43,ideal_shot,mean_api_probabilities,loss,8,repeat_5x128_minus_1x128,5,128,1,128,0.02554999999999996
MNIST_QNN_z_r5_d6_s43,ideal_shot,mean_api_probabilities,loss,8,repeat_20x128_minus_1x128,20,128,1,128,0.029349999999999876
MNIST_QNN_z_r5_d6_s43,ideal_shot,mean_api_probabilities,loss,8,equal_total_5x512_minus_1x2560,5,512,1,2560,0.0024000000000000687
MNIST_QNN_z_r5_d6_s43,ideal_shot,mean_api_probabilities,loss,8,equal_total_20x128_minus_1x2560,20,128,1,2560,-0.00495000000000001
MNIST_QNN_z_r5_d6_s43,ideal_shot,mean_api_probabilities,loss,9,single_shot_512_minus_128,1,512,1,128,0.04189999999999994
MNIST_QNN_z_r5_d6_s43,ideal_shot,mean_api_probabilities,loss,9,single_shot_2560_minus_128,1,2560,1,128,0.05169999999999997
MNIST_QNN_z_r5_d6_s43,ideal_shot,mean_api_probabilities,loss,9,repeat_5x128_minus_1x128,5,128,1,128,0.02717500000000006
MNIST_QNN_z_r5_d6_s43,ideal_shot,mean_api_probabilities,loss,9,repeat_20x128_minus_1x128,20,128,1,128,0.04202500000000009
MNIST_QNN_z_r5_d6_s43,ideal_shot,mean_api_probabilities,loss,9,equal_total_5x512_minus_1x2560,5,512,1,2560,-0.009199999999999875
MNIST_QNN_z_r5_d6_s43,ideal_shot,mean_api_probabilities,loss,9,equal_total_20x128_minus_1x2560,20,128,1,2560,-0.009674999999999878
MNIST_QNN_z_r5_d6_s43,ideal_shot,mean_api_probabilities,margin,0,single_shot_512_minus_128,1,512,1,128,-0.0016249999999998765
MNIST_QNN_z_r5_d6_s43,ideal_shot,mean_api_probabilities,margin,0,single_shot_2560_minus_128,1,2560,1,128,-0.008325000000000027
MNIST_QNN_z_r5_d6_s43,ideal_shot,mean_api_probabilities,margin,0,repeat_5x128_minus_1x128,5,128,1,128,0.005675000000000097
MNIST_QNN_z_r5_d6_s43,ideal_shot,mean_api_probabilities,margin,0,repeat_20x128_minus_1x128,20,128,1,128,0.01055000000000006
MNIST_QNN_z_r5_d6_s43,ideal_shot,mean_api_probabilities,margin,0,equal_total_5x512_minus_1x2560,5,512,1,2560,0.021275000000000044
MNIST_QNN_z_r5_d6_s43,ideal_shot,mean_api_probabilities,margin,0,equal_total_20x128_minus_1x2560,20,128,1,2560,0.018875000000000086
MNIST_QNN_z_r5_d6_s43,ideal_shot,mean_api_probabilities,margin,1,single_shot_512_minus_128,1,512,1,128,0.01024999999999987
MNIST_QNN_z_r5_d6_s43,ideal_shot,mean_api_probabilities,margin,1,single_shot_2560_minus_128,1,2560,1,128,0.0077624999999998945
MNIST_QNN_z_r5_d6_s43,ideal_shot,mean_api_probabilities,margin,1,repeat_5x128_minus_1x128,5,128,1,128,0.02774999999999994
MNIST_QNN_z_r5_d6_s43,ideal_shot,mean_api_probabilities,margin,1,repeat_20x128_minus_1x128,20,128,1,128,0.02397499999999997
MNIST_QNN_z_r5_d6_s43,ideal_shot,mean_api_probabilities,margin,1,equal_total_5x512_minus_1x2560,5,512,1,2560,0.0058875000000000455
MNIST_QNN_z_r5_d6_s43,ideal_shot,mean_api_probabilities,margin,1,equal_total_20x128_minus_1x2560,20,128,1,2560,0.016212500000000074
MNIST_QNN_z_r5_d6_s43,ideal_shot,mean_api_probabilities,margin,2,single_shot_512_minus_128,1,512,1,128,-0.003049999999999997
MNIST_QNN_z_r5_d6_s43,ideal_shot,mean_api_probabilities,margin,2,single_shot_2560_minus_128,1,2560,1,128,0.013724999999999987
MNIST_QNN_z_r5_d6_s43,ideal_shot,mean_api_probabilities,margin,2,repeat_5x128_minus_1x128,5,128,1,128,0.029074999999999962
MNIST_QNN_z_r5_d6_s43,ideal_shot,mean_api_probabilities,margin,2,repeat_20x128_minus_1x128,20,128,1,128,0.022149999999999892
MNIST_QNN_z_r5_d6_s43,ideal_shot,mean_api_probabilities,margin,2,equal_total_5x512_minus_1x2560,5,512,1,2560,0.011950000000000016
MNIST_QNN_z_r5_d6_s43,ideal_shot,mean_api_probabilities,margin,2,equal_total_20x128_minus_1x2560,20,128,1,2560,0.008424999999999905
MNIST_QNN_z_r5_d6_s43,ideal_shot,mean_api_probabilities,margin,3,single_shot_512_minus_128,1,512,1,128,0.059675000000000034
MNIST_QNN_z_r5_d6_s43,ideal_shot,mean_api_probabilities,margin,3,single_shot_2560_minus_128,1,2560,1,128,0.06109999999999993
MNIST_QNN_z_r5_d6_s43,ideal_shot,mean_api_probabilities,margin,3,repeat_5x128_minus_1x128,5,128,1,128,0.053649999999999975
MNIST_QNN_z_r5_d6_s43,ideal_shot,mean_api_probabilities,margin,3,repeat_20x128_minus_1x128,20,128,1,128,0.05564999999999998
MNIST_QNN_z_r5_d6_s43,ideal_shot,mean_api_probabilities,margin,3,equal_total_5x512_minus_1x2560,5,512,1,2560,0.0050000000000000044
MNIST_QNN_z_r5_d6_s43,ideal_shot,mean_api_probabilities,margin,3,equal_total_20x128_minus_1x2560,20,128,1,2560,-0.005449999999999955
MNIST_QNN_z_r5_d6_s43,ideal_shot,mean_api_probabilities,margin,4,single_shot_512_minus_128,1,512,1,128,0.024899999999999978
MNIST_QNN_z_r5_d6_s43,ideal_shot,mean_api_probabilities,margin,4,single_shot_2560_minus_128,1,2560,1,128,0.03342499999999998
MNIST_QNN_z_r5_d6_s43,ideal_shot,mean_api_probabilities,margin,4,repeat_5x128_minus_1x128,5,128,1,128,0.03372499999999995
MNIST_QNN_z_r5_d6_s43,ideal_shot,mean_api_probabilities,margin,4,repeat_20x128_minus_1x128,20,128,1,128,0.025749999999999995
MNIST_QNN_z_r5_d6_s43,ideal_shot,mean_api_probabilities,margin,4,equal_total_5x512_minus_1x2560,5,512,1,2560,0.0018500000000000183
MNIST_QNN_z_r5_d6_s43,ideal_shot,mean_api_probabilities,margin,4,equal_total_20x128_minus_1x2560,20,128,1,2560,-0.007674999999999987
MNIST_QNN_z_r5_d6_s43,ideal_shot,mean_api_probabilities,margin,5,single_shot_512_minus_128,1,512,1,128,-0.0038250000000000783
MNIST_QNN_z_r5_d6_s43,ideal_shot,mean_api_probabilities,margin,5,single_shot_2560_minus_128,1,2560,1,128,0.012624999999999886
MNIST_QNN_z_r5_d6_s43,ideal_shot,mean_api_probabilities,margin,5,repeat_5x128_minus_1x128,5,128,1,128,0.017299999999999982
MNIST_QNN_z_r5_d6_s43,ideal_shot,mean_api_probabilities,margin,5,repeat_20x128_minus_1x128,20,128,1,128,0.02487499999999987
MNIST_QNN_z_r5_d6_s43,ideal_shot,mean_api_probabilities,margin,5,equal_total_5x512_minus_1x2560,5,512,1,2560,-0.0019000000000000128
MNIST_QNN_z_r5_d6_s43,ideal_shot,mean_api_probabilities,margin,5,equal_total_20x128_minus_1x2560,20,128,1,2560,0.012249999999999983
MNIST_QNN_z_r5_d6_s43,ideal_shot,mean_api_probabilities,margin,6,single_shot_512_minus_128,1,512,1,128,0.021250000000000102
MNIST_QNN_z_r5_d6_s43,ideal_shot,mean_api_probabilities,margin,6,single_shot_2560_minus_128,1,2560,1,128,0.02365000000000006
MNIST_QNN_z_r5_d6_s43,ideal_shot,mean_api_probabilities,margin,6,repeat_5x128_minus_1x128,5,128,1,128,0.01817499999999994
MNIST_QNN_z_r5_d6_s43,ideal_shot,mean_api_probabilities,margin,6,repeat_20x128_minus_1x128,20,128,1,128,0.011375000000000024
MNIST_QNN_z_r5_d6_s43,ideal_shot,mean_api_probabilities,margin,6,equal_total_5x512_minus_1x2560,5,512,1,2560,-0.01747500000000002
MNIST_QNN_z_r5_d6_s43,ideal_shot,mean_api_probabilities,margin,6,equal_total_20x128_minus_1x2560,20,128,1,2560,-0.012275000000000036
MNIST_QNN_z_r5_d6_s43,ideal_shot,mean_api_probabilities,margin,7,single_shot_512_minus_128,1,512,1,128,0.003925000000000067
MNIST_QNN_z_r5_d6_s43,ideal_shot,mean_api_probabilities,margin,7,single_shot_2560_minus_128,1,2560,1,128,-0.007525000000000004
MNIST_QNN_z_r5_d6_s43,ideal_shot,mean_api_probabilities,margin,7,repeat_5x128_minus_1x128,5,128,1,128,0.009800000000000031
MNIST_QNN_z_r5_d6_s43,ideal_shot,mean_api_probabilities,margin,7,repeat_20x128_minus_1x128,20,128,1,128,0.003750000000000031
MNIST_QNN_z_r5_d6_s43,ideal_shot,mean_api_probabilities,margin,7,equal_total_5x512_minus_1x2560,5,512,1,2560,0.007725000000000093
MNIST_QNN_z_r5_d6_s43,ideal_shot,mean_api_probabilities,margin,7,equal_total_20x128_minus_1x2560,20,128,1,2560,0.011275000000000035
MNIST_QNN_z_r5_d6_s43,ideal_shot,mean_api_probabilities,margin,8,single_shot_512_minus_128,1,512,1,128,0.018900000000000028
MNIST_QNN_z_r5_d6_s43,ideal_shot,mean_api_probabilities,margin,8,single_shot_2560_minus_128,1,2560,1,128,-0.005224999999999924
MNIST_QNN_z_r5_d6_s43,ideal_shot,mean_api_probabilities,margin,8,repeat_5x128_minus_1x128,5,128,1,128,-0.01067499999999999
MNIST_QNN_z_r5_d6_s43,ideal_shot,mean_api_probabilities,margin,8,repeat_20x128_minus_1x128,20,128,1,128,-0.011924999999999963
MNIST_QNN_z_r5_d6_s43,ideal_shot,mean_api_probabilities,margin,8,equal_total_5x512_minus_1x2560,5,512,1,2560,0.0030250000000000554
MNIST_QNN_z_r5_d6_s43,ideal_shot,mean_api_probabilities,margin,8,equal_total_20x128_minus_1x2560,20,128,1,2560,-0.006700000000000039
MNIST_QNN_z_r5_d6_s43,ideal_shot,mean_api_probabilities,margin,9,single_shot_512_minus_128,1,512,1,128,0.006850000000000023
MNIST_QNN_z_r5_d6_s43,ideal_shot,mean_api_probabilities,margin,9,single_shot_2560_minus_128,1,2560,1,128,0.008375000000000021
MNIST_QNN_z_r5_d6_s43,ideal_shot,mean_api_probabilities,margin,9,repeat_5x128_minus_1x128,5,128,1,128,-0.010724999999999985
MNIST_QNN_z_r5_d6_s43,ideal_shot,mean_api_probabilities,margin,9,repeat_20x128_minus_1x128,20,128,1,128,0.007025000000000059
MNIST_QNN_z_r5_d6_s43,ideal_shot,mean_api_probabilities,margin,9,equal_total_5x512_minus_1x2560,5,512,1,2560,-0.012275000000000036
MNIST_QNN_z_r5_d6_s43,ideal_shot,mean_api_probabilities,margin,9,equal_total_20x128_minus_1x2560,20,128,1,2560,-0.0013499999999999623
MNIST_QNN_z_r5_d6_s43,noisy_shot,mean_api_probabilities,confidence,0,single_shot_512_minus_128,1,512,1,128,-0.020724999999999938
MNIST_QNN_z_r5_d6_s43,noisy_shot,mean_api_probabilities,confidence,0,single_shot_2560_minus_128,1,2560,1,128,-0.016649999999999943
MNIST_QNN_z_r5_d6_s43,noisy_shot,mean_api_probabilities,confidence,0,repeat_5x128_minus_1x128,5,128,1,128,-0.004374999999999907
MNIST_QNN_z_r5_d6_s43,noisy_shot,mean_api_probabilities,confidence,0,repeat_20x128_minus_1x128,20,128,1,128,-0.007749999999999924
MNIST_QNN_z_r5_d6_s43,noisy_shot,mean_api_probabilities,confidence,0,equal_total_5x512_minus_1x2560,5,512,1,2560,0.0018750000000000155
MNIST_QNN_z_r5_d6_s43,noisy_shot,mean_api_probabilities,confidence,0,equal_total_20x128_minus_1x2560,20,128,1,2560,0.008900000000000019
MNIST_QNN_z_r5_d6_s43,noisy_shot,mean_api_probabilities,confidence,1,single_shot_512_minus_128,1,512,1,128,-0.0007249999999999757
MNIST_QNN_z_r5_d6_s43,noisy_shot,mean_api_probabilities,confidence,1,single_shot_2560_minus_128,1,2560,1,128,-0.022050000000000014
MNIST_QNN_z_r5_d6_s43,noisy_shot,mean_api_probabilities,confidence,1,repeat_5x128_minus_1x128,5,128,1,128,-0.013125000000000053
MNIST_QNN_z_r5_d6_s43,noisy_shot,mean_api_probabilities,confidence,1,repeat_20x128_minus_1x128,20,128,1,128,-0.025600000000000123
MNIST_QNN_z_r5_d6_s43,noisy_shot,mean_api_probabilities,confidence,1,equal_total_5x512_minus_1x2560,5,512,1,2560,-0.005125000000000102
MNIST_QNN_z_r5_d6_s43,noisy_shot,mean_api_probabilities,confidence,1,equal_total_20x128_minus_1x2560,20,128,1,2560,-0.0035500000000001086
MNIST_QNN_z_r5_d6_s43,noisy_shot,mean_api_probabilities,confidence,2,single_shot_512_minus_128,1,512,1,128,0.01782500000000009
MNIST_QNN_z_r5_d6_s43,noisy_shot,mean_api_probabilities,confidence,2,single_shot_2560_minus_128,1,2560,1,128,0.014174999999999993
MNIST_QNN_z_r5_d6_s43,noisy_shot,mean_api_probabilities,confidence,2,repeat_5x128_minus_1x128,5,128,1,128,0.027774999999999994
MNIST_QNN_z_r5_d6_s43,noisy_shot,mean_api_probabilities,confidence,2,repeat_20x128_minus_1x128,20,128,1,128,0.018525000000000014
MNIST_QNN_z_r5_d6_s43,noisy_shot,mean_api_probabilities,confidence,2,equal_total_5x512_minus_1x2560,5,512,1,2560,0.010475000000000012
MNIST_QNN_z_r5_d6_s43,noisy_shot,mean_api_probabilities,confidence,2,equal_total_20x128_minus_1x2560,20,128,1,2560,0.0043500000000000205
MNIST_QNN_z_r5_d6_s43,noisy_shot,mean_api_probabilities,confidence,3,single_shot_512_minus_128,1,512,1,128,0.004150000000000098
MNIST_QNN_z_r5_d6_s43,noisy_shot,mean_api_probabilities,confidence,3,single_shot_2560_minus_128,1,2560,1,128,-0.004324999999999968
MNIST_QNN_z_r5_d6_s43,noisy_shot,mean_api_probabilities,confidence,3,repeat_5x128_minus_1x128,5,128,1,128,-0.024650000000000005
MNIST_QNN_z_r5_d6_s43,noisy_shot,mean_api_probabilities,confidence,3,repeat_20x128_minus_1x128,20,128,1,128,-0.02707499999999996
MNIST_QNN_z_r5_d6_s43,noisy_shot,mean_api_probabilities,confidence,3,equal_total_5x512_minus_1x2560,5,512,1,2560,-0.0033250000000000224
MNIST_QNN_z_r5_d6_s43,noisy_shot,mean_api_probabilities,confidence,3,equal_total_20x128_minus_1x2560,20,128,1,2560,-0.022749999999999992
MNIST_QNN_z_r5_d6_s43,noisy_shot,mean_api_probabilities,confidence,4,single_shot_512_minus_128,1,512,1,128,0.01924999999999999
MNIST_QNN_z_r5_d6_s43,noisy_shot,mean_api_probabilities,confidence,4,single_shot_2560_minus_128,1,2560,1,128,0.031100000000000017
MNIST_QNN_z_r5_d6_s43,noisy_shot,mean_api_probabilities,confidence,4,repeat_5x128_minus_1x128,5,128,1,128,0.05281250000000004
MNIST_QNN_z_r5_d6_s43,noisy_shot,mean_api_probabilities,confidence,4,repeat_20x128_minus_1x128,20,128,1,128,0.038149999999999906
MNIST_QNN_z_r5_d6_s43,noisy_shot,mean_api_probabilities,confidence,4,equal_total_5x512_minus_1x2560,5,512,1,2560,0.0027249999999999774
MNIST_QNN_z_r5_d6_s43,noisy_shot,mean_api_probabilities,confidence,4,equal_total_20x128_minus_1x2560,20,128,1,2560,0.00704999999999989
MNIST_QNN_z_r5_d6_s43,noisy_shot,mean_api_probabilities,confidence,5,single_shot_512_minus_128,1,512,1,128,-0.0002624999999998323
MNIST_QNN_z_r5_d6_s43,noisy_shot,mean_api_probabilities,confidence,5,single_shot_2560_minus_128,1,2560,1,128,0.002362500000000045
MNIST_QNN_z_r5_d6_s43,noisy_shot,mean_api_probabilities,confidence,5,repeat_5x128_minus_1x128,5,128,1,128,-0.019787499999999902
MNIST_QNN_z_r5_d6_s43,noisy_shot,mean_api_probabilities,confidence,5,repeat_20x128_minus_1x128,20,128,1,128,-0.010437499999999988
MNIST_QNN_z_r5_d6_s43,noisy_shot,mean_api_probabilities,confidence,5,equal_total_5x512_minus_1x2560,5,512,1,2560,-0.007424999999999959
MNIST_QNN_z_r5_d6_s43,noisy_shot,mean_api_probabilities,confidence,5,equal_total_20x128_minus_1x2560,20,128,1,2560,-0.012800000000000034
MNIST_QNN_z_r5_d6_s43,noisy_shot,mean_api_probabilities,confidence,6,single_shot_512_minus_128,1,512,1,128,-0.06552499999999994
MNIST_QNN_z_r5_d6_s43,noisy_shot,mean_api_probabilities,confidence,6,single_shot_2560_minus_128,1,2560,1,128,-0.04920000000000002
MNIST_QNN_z_r5_d6_s43,noisy_shot,mean_api_probabilities,confidence,6,repeat_5x128_minus_1x128,5,128,1,128,-0.04730000000000001
MNIST_QNN_z_r5_d6_s43,noisy_shot,mean_api_probabilities,confidence,6,repeat_20x128_minus_1x128,20,128,1,128,-0.06120000000000003
MNIST_QNN_z_r5_d6_s43,noisy_shot,mean_api_probabilities,confidence,6,equal_total_5x512_minus_1x2560,5,512,1,2560,-0.007799999999999974
MNIST_QNN_z_r5_d6_s43,noisy_shot,mean_api_probabilities,confidence,6,equal_total_20x128_minus_1x2560,20,128,1,2560,-0.01200000000000001
MNIST_QNN_z_r5_d6_s43,noisy_shot,mean_api_probabilities,confidence,7,single_shot_512_minus_128,1,512,1,128,0.025049999999999906
MNIST_QNN_z_r5_d6_s43,noisy_shot,mean_api_probabilities,confidence,7,single_shot_2560_minus_128,1,2560,1,128,0.011949999999999905
MNIST_QNN_z_r5_d6_s43,noisy_shot,mean_api_probabilities,confidence,7,repeat_5x128_minus_1x128,5,128,1,128,0.021724999999999994
MNIST_QNN_z_r5_d6_s43,noisy_shot,mean_api_probabilities,confidence,7,repeat_20x128_minus_1x128,20,128,1,128,0.02586250000000001
MNIST_QNN_z_r5_d6_s43,noisy_shot,mean_api_probabilities,confidence,7,equal_total_5x512_minus_1x2560,5,512,1,2560,0.020625000000000115
MNIST_QNN_z_r5_d6_s43,noisy_shot,mean_api_probabilities,confidence,7,equal_total_20x128_minus_1x2560,20,128,1,2560,0.013912500000000105
MNIST_QNN_z_r5_d6_s43,noisy_shot,mean_api_probabilities,confidence,8,single_shot_512_minus_128,1,512,1,128,-0.017500000000000016
MNIST_QNN_z_r5_d6_s43,noisy_shot,mean_api_probabilities,confidence,8,single_shot_2560_minus_128,1,2560,1,128,-0.009174999999999989
MNIST_QNN_z_r5_d6_s43,noisy_shot,mean_api_probabilities,confidence,8,repeat_5x128_minus_1x128,5,128,1,128,-0.024224999999999997
MNIST_QNN_z_r5_d6_s43,noisy_shot,mean_api_probabilities,confidence,8,repeat_20x128_minus_1x128,20,128,1,128,-0.01905000000000001
MNIST_QNN_z_r5_d6_s43,noisy_shot,mean_api_probabilities,confidence,8,equal_total_5x512_minus_1x2560,5,512,1,2560,-0.01200000000000001
MNIST_QNN_z_r5_d6_s43,noisy_shot,mean_api_probabilities,confidence,8,equal_total_20x128_minus_1x2560,20,128,1,2560,-0.009875000000000023
MNIST_QNN_z_r5_d6_s43,noisy_shot,mean_api_probabilities,confidence,9,single_shot_512_minus_128,1,512,1,128,0.03600000000000009
MNIST_QNN_z_r5_d6_s43,noisy_shot,mean_api_probabilities,confidence,9,single_shot_2560_minus_128,1,2560,1,128,0.01902500000000007
MNIST_QNN_z_r5_d6_s43,noisy_shot,mean_api_probabilities,confidence,9,repeat_5x128_minus_1x128,5,128,1,128,0.03230000000000005
MNIST_QNN_z_r5_d6_s43,noisy_shot,mean_api_probabilities,confidence,9,repeat_20x128_minus_1x128,20,128,1,128,0.015050000000000063
MNIST_QNN_z_r5_d6_s43,noisy_shot,mean_api_probabilities,confidence,9,equal_total_5x512_minus_1x2560,5,512,1,2560,-0.006699999999999984
MNIST_QNN_z_r5_d6_s43,noisy_shot,mean_api_probabilities,confidence,9,equal_total_20x128_minus_1x2560,20,128,1,2560,-0.003975000000000006
MNIST_QNN_z_r5_d6_s43,noisy_shot,mean_api_probabilities,correctness,0,single_shot_512_minus_128,1,512,1,128,0.012500000000000067
MNIST_QNN_z_r5_d6_s43,noisy_shot,mean_api_probabilities,correctness,0,single_shot_2560_minus_128,1,2560,1,128,0.02750000000000019
MNIST_QNN_z_r5_d6_s43,noisy_shot,mean_api_probabilities,correctness,0,repeat_5x128_minus_1x128,5,128,1,128,0.030000000000000138
MNIST_QNN_z_r5_d6_s43,noisy_shot,mean_api_probabilities,correctness,0,repeat_20x128_minus_1x128,20,128,1,128,0.03500000000000003
MNIST_QNN_z_r5_d6_s43,noisy_shot,mean_api_probabilities,correctness,0,equal_total_5x512_minus_1x2560,5,512,1,2560,0.00749999999999984
MNIST_QNN_z_r5_d6_s43,noisy_shot,mean_api_probabilities,correctness,0,equal_total_20x128_minus_1x2560,20,128,1,2560,0.00749999999999984
MNIST_QNN_z_r5_d6_s43,noisy_shot,mean_api_probabilities,correctness,1,single_shot_512_minus_128,1,512,1,128,0.01750000000000007
MNIST_QNN_z_r5_d6_s43,noisy_shot,mean_api_probabilities,correctness,1,single_shot_2560_minus_128,1,2560,1,128,0.032500000000000084
MNIST_QNN_z_r5_d6_s43,noisy_shot,mean_api_probabilities,correctness,1,repeat_5x128_minus_1x128,5,128,1,128,0.0525000000000001
MNIST_QNN_z_r5_d6_s43,noisy_shot,mean_api_probabilities,correctness,1,repeat_20x128_minus_1x128,20,128,1,128,0.030000000000000138
MNIST_QNN_z_r5_d6_s43,noisy_shot,mean_api_probabilities,correctness,1,equal_total_5x512_minus_1x2560,5,512,1,2560,0.01750000000000007
MNIST_QNN_z_r5_d6_s43,noisy_shot,mean_api_probabilities,correctness,1,equal_total_20x128_minus_1x2560,20,128,1,2560,-0.0024999999999999467
MNIST_QNN_z_r5_d6_s43,noisy_shot,mean_api_probabilities,correctness,2,single_shot_512_minus_128,1,512,1,128,-0.015000000000000013
MNIST_QNN_z_r5_d6_s43,noisy_shot,mean_api_probabilities,correctness,2,single_shot_2560_minus_128,1,2560,1,128,-0.020000000000000018
MNIST_QNN_z_r5_d6_s43,noisy_shot,mean_api_probabilities,correctness,2,repeat_5x128_minus_1x128,5,128,1,128,-0.015000000000000013
MNIST_QNN_z_r5_d6_s43,noisy_shot,mean_api_probabilities,correctness,2,repeat_20x128_minus_1x128,20,128,1,128,-0.02000000000000013
MNIST_QNN_z_r5_d6_s43,noisy_shot,mean_api_probabilities,correctness,2,equal_total_5x512_minus_1x2560,5,512,1,2560,-0.0024999999999999467
MNIST_QNN_z_r5_d6_s43,noisy_shot,mean_api_probabilities,correctness,2,equal_total_20x128_minus_1x2560,20,128,1,2560,-1.1102230246251565e-16
MNIST_QNN_z_r5_d6_s43,noisy_shot,mean_api_probabilities,correctness,3,single_shot_512_minus_128,1,512,1,128,-1.1102230246251565e-16
MNIST_QNN_z_r5_d6_s43,noisy_shot,mean_api_probabilities,correctness,3,single_shot_2560_minus_128,1,2560,1,128,0.03499999999999992
MNIST_QNN_z_r5_d6_s43,noisy_shot,mean_api_probabilities,correctness,3,repeat_5x128_minus_1x128,5,128,1,128,0.025000000000000022
MNIST_QNN_z_r5_d6_s43,noisy_shot,mean_api_probabilities,correctness,3,repeat_20x128_minus_1x128,20,128,1,128,0.015000000000000013
MNIST_QNN_z_r5_d6_s43,noisy_shot,mean_api_probabilities,correctness,3,equal_total_5x512_minus_1x2560,5,512,1,2560,-0.012499999999999956
MNIST_QNN_z_r5_d6_s43,noisy_shot,mean_api_probabilities,correctness,3,equal_total_20x128_minus_1x2560,20,128,1,2560,-0.019999999999999907
MNIST_QNN_z_r5_d6_s43,noisy_shot,mean_api_probabilities,correctness,4,single_shot_512_minus_128,1,512,1,128,0.03749999999999987
MNIST_QNN_z_r5_d6_s43,noisy_shot,mean_api_probabilities,correctness,4,single_shot_2560_minus_128,1,2560,1,128,0.019999999999999907
MNIST_QNN_z_r5_d6_s43,noisy_shot,mean_api_probabilities,correctness,4,repeat_5x128_minus_1x128,5,128,1,128,0.027499999999999858
MNIST_QNN_z_r5_d6_s43,noisy_shot,mean_api_probabilities,correctness,4,repeat_20x128_minus_1x128,20,128,1,128,0.039999999999999925
MNIST_QNN_z_r5_d6_s43,noisy_shot,mean_api_probabilities,correctness,4,equal_total_5x512_minus_1x2560,5,512,1,2560,0.012499999999999956
MNIST_QNN_z_r5_d6_s43,noisy_shot,mean_api_probabilities,correctness,4,equal_total_20x128_minus_1x2560,20,128,1,2560,0.020000000000000018
MNIST_QNN_z_r5_d6_s43,noisy_shot,mean_api_probabilities,correctness,5,single_shot_512_minus_128,1,512,1,128,0.06750000000000012
MNIST_QNN_z_r5_d6_s43,noisy_shot,mean_api_probabilities,correctness,5,single_shot_2560_minus_128,1,2560,1,128,0.08499999999999996
MNIST_QNN_z_r5_d6_s43,noisy_shot,mean_api_probabilities,correctness,5,repeat_5x128_minus_1x128,5,128,1,128,0.030000000000000027
MNIST_QNN_z_r5_d6_s43,noisy_shot,mean_api_probabilities,correctness,5,repeat_20x128_minus_1x128,20,128,1,128,0.050000000000000044
MNIST_QNN_z_r5_d6_s43,noisy_shot,mean_api_probabilities,correctness,5,equal_total_5x512_minus_1x2560,5,512,1,2560,-0.01749999999999996
MNIST_QNN_z_r5_d6_s43,noisy_shot,mean_api_probabilities,correctness,5,equal_total_20x128_minus_1x2560,20,128,1,2560,-0.03499999999999992
MNIST_QNN_z_r5_d6_s43,noisy_shot,mean_api_probabilities,correctness,6,single_shot_512_minus_128,1,512,1,128,-0.012500000000000067
MNIST_QNN_z_r5_d6_s43,noisy_shot,mean_api_probabilities,correctness,6,single_shot_2560_minus_128,1,2560,1,128,0.0024999999999999467
MNIST_QNN_z_r5_d6_s43,noisy_shot,mean_api_probabilities,correctness,6,repeat_5x128_minus_1x128,5,128,1,128,0.007500000000000062
MNIST_QNN_z_r5_d6_s43,noisy_shot,mean_api_probabilities,correctness,6,repeat_20x128_minus_1x128,20,128,1,128,-0.0025000000000000577
MNIST_QNN_z_r5_d6_s43,noisy_shot,mean_api_probabilities,correctness,6,equal_total_5x512_minus_1x2560,5,512,1,2560,0.0050000000000000044
MNIST_QNN_z_r5_d6_s43,noisy_shot,mean_api_probabilities,correctness,6,equal_total_20x128_minus_1x2560,20,128,1,2560,-0.0050000000000000044
MNIST_QNN_z_r5_d6_s43,noisy_shot,mean_api_probabilities,correctness,7,single_shot_512_minus_128,1,512,1,128,0.040000000000000036
MNIST_QNN_z_r5_d6_s43,noisy_shot,mean_api_probabilities,correctness,7,single_shot_2560_minus_128,1,2560,1,128,0.03749999999999998
MNIST_QNN_z_r5_d6_s43,noisy_shot,mean_api_probabilities,correctness,7,repeat_5x128_minus_1x128,5,128,1,128,0.05249999999999999
MNIST_QNN_z_r5_d6_s43,noisy_shot,mean_api_probabilities,correctness,7,repeat_20x128_minus_1x128,20,128,1,128,0.022499999999999964
MNIST_QNN_z_r5_d6_s43,noisy_shot,mean_api_probabilities,correctness,7,equal_total_5x512_minus_1x2560,5,512,1,2560,0.012500000000000067
MNIST_QNN_z_r5_d6_s43,noisy_shot,mean_api_probabilities,correctness,7,equal_total_20x128_minus_1x2560,20,128,1,2560,-0.015000000000000013
MNIST_QNN_z_r5_d6_s43,noisy_shot,mean_api_probabilities,correctness,8,single_shot_512_minus_128,1,512,1,128,0.04749999999999999
MNIST_QNN_z_r5_d6_s43,noisy_shot,mean_api_probabilities,correctness,8,single_shot_2560_minus_128,1,2560,1,128,0.04249999999999998
MNIST_QNN_z_r5_d6_s43,noisy_shot,mean_api_probabilities,correctness,8,repeat_5x128_minus_1x128,5,128,1,128,0.025000000000000022
MNIST_QNN_z_r5_d6_s43,noisy_shot,mean_api_probabilities,correctness,8,repeat_20x128_minus_1x128,20,128,1,128,0.03750000000000009
MNIST_QNN_z_r5_d6_s43,noisy_shot,mean_api_probabilities,correctness,8,equal_total_5x512_minus_1x2560,5,512,1,2560,0.030000000000000027
MNIST_QNN_z_r5_d6_s43,noisy_shot,mean_api_probabilities,correctness,8,equal_total_20x128_minus_1x2560,20,128,1,2560,-0.004999999999999893
MNIST_QNN_z_r5_d6_s43,noisy_shot,mean_api_probabilities,correctness,9,single_shot_512_minus_128,1,512,1,128,0.040000000000000036
MNIST_QNN_z_r5_d6_s43,noisy_shot,mean_api_probabilities,correctness,9,single_shot_2560_minus_128,1,2560,1,128,0.03499999999999992
MNIST_QNN_z_r5_d6_s43,noisy_shot,mean_api_probabilities,correctness,9,repeat_5x128_minus_1x128,5,128,1,128,0.01750000000000007
MNIST_QNN_z_r5_d6_s43,noisy_shot,mean_api_probabilities,correctness,9,repeat_20x128_minus_1x128,20,128,1,128,0.020000000000000018
MNIST_QNN_z_r5_d6_s43,noisy_shot,mean_api_probabilities,correctness,9,equal_total_5x512_minus_1x2560,5,512,1,2560,0.0050000000000001155
MNIST_QNN_z_r5_d6_s43,noisy_shot,mean_api_probabilities,correctness,9,equal_total_20x128_minus_1x2560,20,128,1,2560,-0.014999999999999902
MNIST_QNN_z_r5_d6_s43,noisy_shot,mean_api_probabilities,entropy,0,single_shot_512_minus_128,1,512,1,128,-0.006050000000000111
MNIST_QNN_z_r5_d6_s43,noisy_shot,mean_api_probabilities,entropy,0,single_shot_2560_minus_128,1,2560,1,128,-0.018125000000000058
MNIST_QNN_z_r5_d6_s43,noisy_shot,mean_api_probabilities,entropy,0,repeat_5x128_minus_1x128,5,128,1,128,-0.004049999999999998
MNIST_QNN_z_r5_d6_s43,noisy_shot,mean_api_probabilities,entropy,0,repeat_20x128_minus_1x128,20,128,1,128,-0.009375000000000022
MNIST_QNN_z_r5_d6_s43,noisy_shot,mean_api_probabilities,entropy,0,equal_total_5x512_minus_1x2560,5,512,1,2560,0.005475000000000008
MNIST_QNN_z_r5_d6_s43,noisy_shot,mean_api_probabilities,entropy,0,equal_total_20x128_minus_1x2560,20,128,1,2560,0.008750000000000036
MNIST_QNN_z_r5_d6_s43,noisy_shot,mean_api_probabilities,entropy,1,single_shot_512_minus_128,1,512,1,128,-0.010075000000000056
MNIST_QNN_z_r5_d6_s43,noisy_shot,mean_api_probabilities,entropy,1,single_shot_2560_minus_128,1,2560,1,128,-0.019825000000000093
MNIST_QNN_z_r5_d6_s43,noisy_shot,mean_api_probabilities,entropy,1,repeat_5x128_minus_1x128,5,128,1,128,-0.009375000000000133
MNIST_QNN_z_r5_d6_s43,noisy_shot,mean_api_probabilities,entropy,1,repeat_20x128_minus_1x128,20,128,1,128,-0.0227750000000001
MNIST_QNN_z_r5_d6_s43,noisy_shot,mean_api_probabilities,entropy,1,equal_total_5x512_minus_1x2560,5,512,1,2560,0.0029250000000000664
MNIST_QNN_z_r5_d6_s43,noisy_shot,mean_api_probabilities,entropy,1,equal_total_20x128_minus_1x2560,20,128,1,2560,-0.002950000000000008
MNIST_QNN_z_r5_d6_s43,noisy_shot,mean_api_probabilities,entropy,2,single_shot_512_minus_128,1,512,1,128,0.01512500000000011
MNIST_QNN_z_r5_d6_s43,noisy_shot,mean_api_probabilities,entropy,2,single_shot_2560_minus_128,1,2560,1,128,0.008599999999999997
MNIST_QNN_z_r5_d6_s43,noisy_shot,mean_api_probabilities,entropy,2,repeat_5x128_minus_1x128,5,128,1,128,0.01535000000000003
MNIST_QNN_z_r5_d6_s43,noisy_shot,mean_api_probabilities,entropy,2,repeat_20x128_minus_1x128,20,128,1,128,0.005900000000000016
MNIST_QNN_z_r5_d6_s43,noisy_shot,mean_api_probabilities,entropy,2,equal_total_5x512_minus_1x2560,5,512,1,2560,0.004525000000000001
MNIST_QNN_z_r5_d6_s43,noisy_shot,mean_api_probabilities,entropy,2,equal_total_20x128_minus_1x2560,20,128,1,2560,-0.00269999999999998
MNIST_QNN_z_r5_d6_s43,noisy_shot,mean_api_probabilities,entropy,3,single_shot_512_minus_128,1,512,1,128,0.012850000000000028
MNIST_QNN_z_r5_d6_s43,noisy_shot,mean_api_probabilities,entropy,3,single_shot_2560_minus_128,1,2560,1,128,-0.0033250000000000224
MNIST_QNN_z_r5_d6_s43,noisy_shot,mean_api_probabilities,entropy,3,repeat_5x128_minus_1x128,5,128,1,128,-0.010774999999999979
MNIST_QNN_z_r5_d6_s43,noisy_shot,mean_api_probabilities,entropy,3,repeat_20x128_minus_1x128,20,128,1,128,-0.020224999999999993
MNIST_QNN_z_r5_d6_s43,noisy_shot,mean_api_probabilities,entropy,3,equal_total_5x512_minus_1x2560,5,512,1,2560,0.0014000000000000679
MNIST_QNN_z_r5_d6_s43,noisy_shot,mean_api_probabilities,entropy,3,equal_total_20x128_minus_1x2560,20,128,1,2560,-0.01689999999999997
MNIST_QNN_z_r5_d6_s43,noisy_shot,mean_api_probabilities,entropy,4,single_shot_512_minus_128,1,512,1,128,0.004375000000000018
MNIST_QNN_z_r5_d6_s43,noisy_shot,mean_api_probabilities,entropy,4,single_shot_2560_minus_128,1,2560,1,128,0.028200000000000003
MNIST_QNN_z_r5_d6_s43,noisy_shot,mean_api_probabilities,entropy,4,repeat_5x128_minus_1x128,5,128,1,128,0.03489999999999999
MNIST_QNN_z_r5_d6_s43,noisy_shot,mean_api_probabilities,entropy,4,repeat_20x128_minus_1x128,20,128,1,128,0.037849999999999995
MNIST_QNN_z_r5_d6_s43,noisy_shot,mean_api_probabilities,entropy,4,equal_total_5x512_minus_1x2560,5,512,1,2560,0.004699999999999982
MNIST_QNN_z_r5_d6_s43,noisy_shot,mean_api_probabilities,entropy,4,equal_total_20x128_minus_1x2560,20,128,1,2560,0.009649999999999992
MNIST_QNN_z_r5_d6_s43,noisy_shot,mean_api_probabilities,entropy,5,single_shot_512_minus_128,1,512,1,128,0.0018000000000000238
MNIST_QNN_z_r5_d6_s43,noisy_shot,mean_api_probabilities,entropy,5,single_shot_2560_minus_128,1,2560,1,128,0.00924999999999998
MNIST_QNN_z_r5_d6_s43,noisy_shot,mean_api_probabilities,entropy,5,repeat_5x128_minus_1x128,5,128,1,128,0.010624999999999996
MNIST_QNN_z_r5_d6_s43,noisy_shot,mean_api_probabilities,entropy,5,repeat_20x128_minus_1x128,20,128,1,128,0.013500000000000068
MNIST_QNN_z_r5_d6_s43,noisy_shot,mean_api_probabilities,entropy,5,equal_total_5x512_minus_1x2560,5,512,1,2560,-0.0008250000000000757
MNIST_QNN_z_r5_d6_s43,noisy_shot,mean_api_probabilities,entropy,5,equal_total_20x128_minus_1x2560,20,128,1,2560,0.004250000000000087
MNIST_QNN_z_r5_d6_s43,noisy_shot,mean_api_probabilities,entropy,6,single_shot_512_minus_128,1,512,1,128,-0.038575000000000026
MNIST_QNN_z_r5_d6_s43,noisy_shot,mean_api_probabilities,entropy,6,single_shot_2560_minus_128,1,2560,1,128,-0.028549999999999964
MNIST_QNN_z_r5_d6_s43,noisy_shot,mean_api_probabilities,entropy,6,repeat_5x128_minus_1x128,5,128,1,128,-0.02452500000000002
MNIST_QNN_z_r5_d6_s43,noisy_shot,mean_api_probabilities,entropy,6,repeat_20x128_minus_1x128,20,128,1,128,-0.033175000000000066
MNIST_QNN_z_r5_d6_s43,noisy_shot,mean_api_probabilities,entropy,6,equal_total_5x512_minus_1x2560,5,512,1,2560,-0.011400000000000077
MNIST_QNN_z_r5_d6_s43,noisy_shot,mean_api_probabilities,entropy,6,equal_total_20x128_minus_1x2560,20,128,1,2560,-0.004625000000000101
MNIST_QNN_z_r5_d6_s43,noisy_shot,mean_api_probabilities,entropy,7,single_shot_512_minus_128,1,512,1,128,0.020324999999999982
MNIST_QNN_z_r5_d6_s43,noisy_shot,mean_api_probabilities,entropy,7,single_shot_2560_minus_128,1,2560,1,128,0.011624999999999996
MNIST_QNN_z_r5_d6_s43,noisy_shot,mean_api_probabilities,entropy,7,repeat_5x128_minus_1x128,5,128,1,128,0.03015000000000001
MNIST_QNN_z_r5_d6_s43,noisy_shot,mean_api_probabilities,entropy,7,repeat_20x128_minus_1x128,20,128,1,128,0.025875000000000092
MNIST_QNN_z_r5_d6_s43,noisy_shot,mean_api_probabilities,entropy,7,equal_total_5x512_minus_1x2560,5,512,1,2560,0.020075000000000065
MNIST_QNN_z_r5_d6_s43,noisy_shot,mean_api_probabilities,entropy,7,equal_total_20x128_minus_1x2560,20,128,1,2560,0.014250000000000096
MNIST_QNN_z_r5_d6_s43,noisy_shot,mean_api_probabilities,entropy,8,single_shot_512_minus_128,1,512,1,128,-0.013962499999999989
MNIST_QNN_z_r5_d6_s43,noisy_shot,mean_api_probabilities,entropy,8,single_shot_2560_minus_128,1,2560,1,128,-0.024674999999999947
MNIST_QNN_z_r5_d6_s43,noisy_shot,mean_api_probabilities,entropy,8,repeat_5x128_minus_1x128,5,128,1,128,-0.029224999999999945
MNIST_QNN_z_r5_d6_s43,noisy_shot,mean_api_probabilities,entropy,8,repeat_20x128_minus_1x128,20,128,1,128,-0.024449999999999916
MNIST_QNN_z_r5_d6_s43,noisy_shot,mean_api_probabilities,entropy,8,equal_total_5x512_minus_1x2560,5,512,1,2560,-0.007349999999999968
MNIST_QNN_z_r5_d6_s43,noisy_shot,mean_api_probabilities,entropy,8,equal_total_20x128_minus_1x2560,20,128,1,2560,0.00022500000000003073
MNIST_QNN_z_r5_d6_s43,noisy_shot,mean_api_probabilities,entropy,9,single_shot_512_minus_128,1,512,1,128,0.033675000000000066
MNIST_QNN_z_r5_d6_s43,noisy_shot,mean_api_probabilities,entropy,9,single_shot_2560_minus_128,1,2560,1,128,0.016749999999999987
MNIST_QNN_z_r5_d6_s43,noisy_shot,mean_api_probabilities,entropy,9,repeat_5x128_minus_1x128,5,128,1,128,0.019550000000000012
MNIST_QNN_z_r5_d6_s43,noisy_shot,mean_api_probabilities,entropy,9,repeat_20x128_minus_1x128,20,128,1,128,0.017125
MNIST_QNN_z_r5_d6_s43,noisy_shot,mean_api_probabilities,entropy,9,equal_total_5x512_minus_1x2560,5,512,1,2560,-0.0012500000000000289
MNIST_QNN_z_r5_d6_s43,noisy_shot,mean_api_probabilities,entropy,9,equal_total_20x128_minus_1x2560,20,128,1,2560,0.0003750000000000142
MNIST_QNN_z_r5_d6_s43,noisy_shot,mean_api_probabilities,learned_mlp_pv,0,single_shot_512_minus_128,1,512,1,128,-0.06374999999999997
MNIST_QNN_z_r5_d6_s43,noisy_shot,mean_api_probabilities,learned_mlp_pv,0,single_shot_2560_minus_128,1,2560,1,128,-0.01497499999999996
MNIST_QNN_z_r5_d6_s43,noisy_shot,mean_api_probabilities,learned_mlp_pv,0,repeat_5x128_minus_1x128,5,128,1,128,-0.025724999999999998
MNIST_QNN_z_r5_d6_s43,noisy_shot,mean_api_probabilities,learned_mlp_pv,0,repeat_20x128_minus_1x128,20,128,1,128,-0.02234999999999998
MNIST_QNN_z_r5_d6_s43,noisy_shot,mean_api_probabilities,learned_mlp_pv,0,equal_total_5x512_minus_1x2560,5,512,1,2560,0.015024999999999955
MNIST_QNN_z_r5_d6_s43,noisy_shot,mean_api_probabilities,learned_mlp_pv,0,equal_total_20x128_minus_1x2560,20,128,1,2560,-0.00737500000000002
MNIST_QNN_z_r5_d6_s43,noisy_shot,mean_api_probabilities,learned_mlp_pv,1,single_shot_512_minus_128,1,512,1,128,-0.01947499999999991
MNIST_QNN_z_r5_d6_s43,noisy_shot,mean_api_probabilities,learned_mlp_pv,1,single_shot_2560_minus_128,1,2560,1,128,-0.009000000000000008
MNIST_QNN_z_r5_d6_s43,noisy_shot,mean_api_probabilities,learned_mlp_pv,1,repeat_5x128_minus_1x128,5,128,1,128,-0.06389999999999996
MNIST_QNN_z_r5_d6_s43,noisy_shot,mean_api_probabilities,learned_mlp_pv,1,repeat_20x128_minus_1x128,20,128,1,128,-0.05030000000000007
MNIST_QNN_z_r5_d6_s43,noisy_shot,mean_api_probabilities,learned_mlp_pv,1,equal_total_5x512_minus_1x2560,5,512,1,2560,0.00045000000000006146
MNIST_QNN_z_r5_d6_s43,noisy_shot,mean_api_probabilities,learned_mlp_pv,1,equal_total_20x128_minus_1x2560,20,128,1,2560,-0.04130000000000006
MNIST_QNN_z_r5_d6_s43,noisy_shot,mean_api_probabilities,learned_mlp_pv,2,single_shot_512_minus_128,1,512,1,128,0.016900000000000137
MNIST_QNN_z_r5_d6_s43,noisy_shot,mean_api_probabilities,learned_mlp_pv,2,single_shot_2560_minus_128,1,2560,1,128,0.009100000000000108
MNIST_QNN_z_r5_d6_s43,noisy_shot,mean_api_probabilities,learned_mlp_pv,2,repeat_5x128_minus_1x128,5,128,1,128,0.032725000000000115
MNIST_QNN_z_r5_d6_s43,noisy_shot,mean_api_probabilities,learned_mlp_pv,2,repeat_20x128_minus_1x128,20,128,1,128,0.05762500000000004
MNIST_QNN_z_r5_d6_s43,noisy_shot,mean_api_probabilities,learned_mlp_pv,2,equal_total_5x512_minus_1x2560,5,512,1,2560,0.012674999999999992
MNIST_QNN_z_r5_d6_s43,noisy_shot,mean_api_probabilities,learned_mlp_pv,2,equal_total_20x128_minus_1x2560,20,128,1,2560,0.04852499999999993
MNIST_QNN_z_r5_d6_s43,noisy_shot,mean_api_probabilities,learned_mlp_pv,3,single_shot_512_minus_128,1,512,1,128,0.01459999999999989
MNIST_QNN_z_r5_d6_s43,noisy_shot,mean_api_probabilities,learned_mlp_pv,3,single_shot_2560_minus_128,1,2560,1,128,0.06592500000000001
MNIST_QNN_z_r5_d6_s43,noisy_shot,mean_api_probabilities,learned_mlp_pv,3,repeat_5x128_minus_1x128,5,128,1,128,0.05807499999999999
MNIST_QNN_z_r5_d6_s43,noisy_shot,mean_api_probabilities,learned_mlp_pv,3,repeat_20x128_minus_1x128,20,128,1,128,0.06634999999999991
MNIST_QNN_z_r5_d6_s43,noisy_shot,mean_api_probabilities,learned_mlp_pv,3,equal_total_5x512_minus_1x2560,5,512,1,2560,0.017575000000000007
MNIST_QNN_z_r5_d6_s43,noisy_shot,mean_api_probabilities,learned_mlp_pv,3,equal_total_20x128_minus_1x2560,20,128,1,2560,0.0004249999999998977
MNIST_QNN_z_r5_d6_s43,noisy_shot,mean_api_probabilities,learned_mlp_pv,4,single_shot_512_minus_128,1,512,1,128,-0.061600000000000044
MNIST_QNN_z_r5_d6_s43,noisy_shot,mean_api_probabilities,learned_mlp_pv,4,single_shot_2560_minus_128,1,2560,1,128,-0.03412500000000013
MNIST_QNN_z_r5_d6_s43,noisy_shot,mean_api_probabilities,learned_mlp_pv,4,repeat_5x128_minus_1x128,5,128,1,128,0.011424999999999907
MNIST_QNN_z_r5_d6_s43,noisy_shot,mean_api_probabilities,learned_mlp_pv,4,repeat_20x128_minus_1x128,20,128,1,128,-0.0074750000000001204
MNIST_QNN_z_r5_d6_s43,noisy_shot,mean_api_probabilities,learned_mlp_pv,4,equal_total_5x512_minus_1x2560,5,512,1,2560,0.027274999999999994
MNIST_QNN_z_r5_d6_s43,noisy_shot,mean_api_probabilities,learned_mlp_pv,4,equal_total_20x128_minus_1x2560,20,128,1,2560,0.026650000000000007
MNIST_QNN_z_r5_d6_s43,noisy_shot,mean_api_probabilities,learned_mlp_pv,5,single_shot_512_minus_128,1,512,1,128,-0.024324999999999986
MNIST_QNN_z_r5_d6_s43,noisy_shot,mean_api_probabilities,learned_mlp_pv,5,single_shot_2560_minus_128,1,2560,1,128,0.014775000000000094
MNIST_QNN_z_r5_d6_s43,noisy_shot,mean_api_probabilities,learned_mlp_pv,5,repeat_5x128_minus_1x128,5,128,1,128,-0.01715
MNIST_QNN_z_r5_d6_s43,noisy_shot,mean_api_probabilities,learned_mlp_pv,5,repeat_20x128_minus_1x128,20,128,1,128,0.0047000000000000375
MNIST_QNN_z_r5_d6_s43,noisy_shot,mean_api_probabilities,learned_mlp_pv,5,equal_total_5x512_minus_1x2560,5,512,1,2560,-0.01629999999999998
MNIST_QNN_z_r5_d6_s43,noisy_shot,mean_api_probabilities,learned_mlp_pv,5,equal_total_20x128_minus_1x2560,20,128,1,2560,-0.010075000000000056
MNIST_QNN_z_r5_d6_s43,noisy_shot,mean_api_probabilities,learned_mlp_pv,6,single_shot_512_minus_128,1,512,1,128,0.026975000000000027
MNIST_QNN_z_r5_d6_s43,noisy_shot,mean_api_probabilities,learned_mlp_pv,6,single_shot_2560_minus_128,1,2560,1,128,0.0010999999999999899
MNIST_QNN_z_r5_d6_s43,noisy_shot,mean_api_probabilities,learned_mlp_pv,6,repeat_5x128_minus_1x128,5,128,1,128,-0.006274999999999975
MNIST_QNN_z_r5_d6_s43,noisy_shot,mean_api_probabilities,learned_mlp_pv,6,repeat_20x128_minus_1x128,20,128,1,128,-0.0009250000000000091
MNIST_QNN_z_r5_d6_s43,noisy_shot,mean_api_probabilities,learned_mlp_pv,6,equal_total_5x512_minus_1x2560,5,512,1,2560,-0.02194999999999997
MNIST_QNN_z_r5_d6_s43,noisy_shot,mean_api_probabilities,learned_mlp_pv,6,equal_total_20x128_minus_1x2560,20,128,1,2560,-0.002024999999999999
MNIST_QNN_z_r5_d6_s43,noisy_shot,mean_api_probabilities,learned_mlp_pv,7,single_shot_512_minus_128,1,512,1,128,-0.020700000000000107
MNIST_QNN_z_r5_d6_s43,noisy_shot,mean_api_probabilities,learned_mlp_pv,7,single_shot_2560_minus_128,1,2560,1,128,-0.01715000000000011
MNIST_QNN_z_r5_d6_s43,noisy_shot,mean_api_probabilities,learned_mlp_pv,7,repeat_5x128_minus_1x128,5,128,1,128,0.02607499999999985
MNIST_QNN_z_r5_d6_s43,noisy_shot,mean_api_probabilities,learned_mlp_pv,7,repeat_20x128_minus_1x128,20,128,1,128,0.026049999999999907
MNIST_QNN_z_r5_d6_s43,noisy_shot,mean_api_probabilities,learned_mlp_pv,7,equal_total_5x512_minus_1x2560,5,512,1,2560,0.027675000000000005
MNIST_QNN_z_r5_d6_s43,noisy_shot,mean_api_probabilities,learned_mlp_pv,7,equal_total_20x128_minus_1x2560,20,128,1,2560,0.043200000000000016
MNIST_QNN_z_r5_d6_s43,noisy_shot,mean_api_probabilities,learned_mlp_pv,8,single_shot_512_minus_128,1,512,1,128,-0.05654999999999999
MNIST_QNN_z_r5_d6_s43,noisy_shot,mean_api_probabilities,learned_mlp_pv,8,single_shot_2560_minus_128,1,2560,1,128,-0.03872500000000001
MNIST_QNN_z_r5_d6_s43,noisy_shot,mean_api_probabilities,learned_mlp_pv,8,repeat_5x128_minus_1x128,5,128,1,128,0.02817499999999995
MNIST_QNN_z_r5_d6_s43,noisy_shot,mean_api_probabilities,learned_mlp_pv,8,repeat_20x128_minus_1x128,20,128,1,128,-0.027725
MNIST_QNN_z_r5_d6_s43,noisy_shot,mean_api_probabilities,learned_mlp_pv,8,equal_total_5x512_minus_1x2560,5,512,1,2560,0.007774999999999921
MNIST_QNN_z_r5_d6_s43,noisy_shot,mean_api_probabilities,learned_mlp_pv,8,equal_total_20x128_minus_1x2560,20,128,1,2560,0.01100000000000001
MNIST_QNN_z_r5_d6_s43,noisy_shot,mean_api_probabilities,learned_mlp_pv,9,single_shot_512_minus_128,1,512,1,128,-0.024725000000000108
MNIST_QNN_z_r5_d6_s43,noisy_shot,mean_api_probabilities,learned_mlp_pv,9,single_shot_2560_minus_128,1,2560,1,128,0.005225000000000035
MNIST_QNN_z_r5_d6_s43,noisy_shot,mean_api_probabilities,learned_mlp_pv,9,repeat_5x128_minus_1x128,5,128,1,128,-0.037675000000000014
MNIST_QNN_z_r5_d6_s43,noisy_shot,mean_api_probabilities,learned_mlp_pv,9,repeat_20x128_minus_1x128,20,128,1,128,-0.0024999999999999467
MNIST_QNN_z_r5_d6_s43,noisy_shot,mean_api_probabilities,learned_mlp_pv,9,equal_total_5x512_minus_1x2560,5,512,1,2560,-0.033550000000000135
MNIST_QNN_z_r5_d6_s43,noisy_shot,mean_api_probabilities,learned_mlp_pv,9,equal_total_20x128_minus_1x2560,20,128,1,2560,-0.007724999999999982
MNIST_QNN_z_r5_d6_s43,noisy_shot,mean_api_probabilities,learned_mlp_pv_mean_std,0,single_shot_512_minus_128,1,512,1,128,-0.060525000000000106
MNIST_QNN_z_r5_d6_s43,noisy_shot,mean_api_probabilities,learned_mlp_pv_mean_std,0,single_shot_2560_minus_128,1,2560,1,128,-0.025249999999999995
MNIST_QNN_z_r5_d6_s43,noisy_shot,mean_api_probabilities,learned_mlp_pv_mean_std,0,repeat_5x128_minus_1x128,5,128,1,128,-0.039349999999999996
MNIST_QNN_z_r5_d6_s43,noisy_shot,mean_api_probabilities,learned_mlp_pv_mean_std,0,repeat_20x128_minus_1x128,20,128,1,128,-0.022150000000000003
MNIST_QNN_z_r5_d6_s43,noisy_shot,mean_api_probabilities,learned_mlp_pv_mean_std,0,equal_total_5x512_minus_1x2560,5,512,1,2560,0.022150000000000003
MNIST_QNN_z_r5_d6_s43,noisy_shot,mean_api_probabilities,learned_mlp_pv_mean_std,0,equal_total_20x128_minus_1x2560,20,128,1,2560,0.0030999999999999917
MNIST_QNN_z_r5_d6_s43,noisy_shot,mean_api_probabilities,learned_mlp_pv_mean_std,1,single_shot_512_minus_128,1,512,1,128,-0.04915000000000003
MNIST_QNN_z_r5_d6_s43,noisy_shot,mean_api_probabilities,learned_mlp_pv_mean_std,1,single_shot_2560_minus_128,1,2560,1,128,-0.04807500000000009
MNIST_QNN_z_r5_d6_s43,noisy_shot,mean_api_probabilities,learned_mlp_pv_mean_std,1,repeat_5x128_minus_1x128,5,128,1,128,-0.06480000000000002
MNIST_QNN_z_r5_d6_s43,noisy_shot,mean_api_probabilities,learned_mlp_pv_mean_std,1,repeat_20x128_minus_1x128,20,128,1,128,-0.03937500000000005
MNIST_QNN_z_r5_d6_s43,noisy_shot,mean_api_probabilities,learned_mlp_pv_mean_std,1,equal_total_5x512_minus_1x2560,5,512,1,2560,0.0303500000000001
MNIST_QNN_z_r5_d6_s43,noisy_shot,mean_api_probabilities,learned_mlp_pv_mean_std,1,equal_total_20x128_minus_1x2560,20,128,1,2560,0.008700000000000041
MNIST_QNN_z_r5_d6_s43,noisy_shot,mean_api_probabilities,learned_mlp_pv_mean_std,2,single_shot_512_minus_128,1,512,1,128,0.034275
MNIST_QNN_z_r5_d6_s43,noisy_shot,mean_api_probabilities,learned_mlp_pv_mean_std,2,single_shot_2560_minus_128,1,2560,1,128,0.05512499999999998
MNIST_QNN_z_r5_d6_s43,noisy_shot,mean_api_probabilities,learned_mlp_pv_mean_std,2,repeat_5x128_minus_1x128,5,128,1,128,0.05987500000000001
MNIST_QNN_z_r5_d6_s43,noisy_shot,mean_api_probabilities,learned_mlp_pv_mean_std,2,repeat_20x128_minus_1x128,20,128,1,128,0.032474999999999976
MNIST_QNN_z_r5_d6_s43,noisy_shot,mean_api_probabilities,learned_mlp_pv_mean_std,2,equal_total_5x512_minus_1x2560,5,512,1,2560,-0.007775000000000087
MNIST_QNN_z_r5_d6_s43,noisy_shot,mean_api_probabilities,learned_mlp_pv_mean_std,2,equal_total_20x128_minus_1x2560,20,128,1,2560,-0.022650000000000003
MNIST_QNN_z_r5_d6_s43,noisy_shot,mean_api_probabilities,learned_mlp_pv_mean_std,3,single_shot_512_minus_128,1,512,1,128,-0.004824999999999968
MNIST_QNN_z_r5_d6_s43,noisy_shot,mean_api_probabilities,learned_mlp_pv_mean_std,3,single_shot_2560_minus_128,1,2560,1,128,-0.00039999999999995595
MNIST_QNN_z_r5_d6_s43,noisy_shot,mean_api_probabilities,learned_mlp_pv_mean_std,3,repeat_5x128_minus_1x128,5,128,1,128,0.009649999999999992
MNIST_QNN_z_r5_d6_s43,noisy_shot,mean_api_probabilities,learned_mlp_pv_mean_std,3,repeat_20x128_minus_1x128,20,128,1,128,0.042750000000000066
MNIST_QNN_z_r5_d6_s43,noisy_shot,mean_api_probabilities,learned_mlp_pv_mean_std,3,equal_total_5x512_minus_1x2560,5,512,1,2560,0.03469999999999995
MNIST_QNN_z_r5_d6_s43,noisy_shot,mean_api_probabilities,learned_mlp_pv_mean_std,3,equal_total_20x128_minus_1x2560,20,128,1,2560,0.04315000000000002
MNIST_QNN_z_r5_d6_s43,noisy_shot,mean_api_probabilities,learned_mlp_pv_mean_std,4,single_shot_512_minus_128,1,512,1,128,0.0393
MNIST_QNN_z_r5_d6_s43,noisy_shot,mean_api_probabilities,learned_mlp_pv_mean_std,4,single_shot_2560_minus_128,1,2560,1,128,0.033399999999999985
MNIST_QNN_z_r5_d6_s43,noisy_shot,mean_api_probabilities,learned_mlp_pv_mean_std,4,repeat_5x128_minus_1x128,5,128,1,128,0.06837500000000002
MNIST_QNN_z_r5_d6_s43,noisy_shot,mean_api_probabilities,learned_mlp_pv_mean_std,4,repeat_20x128_minus_1x128,20,128,1,128,0.047850000000000004
MNIST_QNN_z_r5_d6_s43,noisy_shot,mean_api_probabilities,learned_mlp_pv_mean_std,4,equal_total_5x512_minus_1x2560,5,512,1,2560,0.042800000000000005
MNIST_QNN_z_r5_d6_s43,noisy_shot,mean_api_probabilities,learned_mlp_pv_mean_std,4,equal_total_20x128_minus_1x2560,20,128,1,2560,0.014450000000000018
MNIST_QNN_z_r5_d6_s43,noisy_shot,mean_api_probabilities,learned_mlp_pv_mean_std,5,single_shot_512_minus_128,1,512,1,128,-0.031124999999999903
MNIST_QNN_z_r5_d6_s43,noisy_shot,mean_api_probabilities,learned_mlp_pv_mean_std,5,single_shot_2560_minus_128,1,2560,1,128,0.02420000000000011
MNIST_QNN_z_r5_d6_s43,noisy_shot,mean_api_probabilities,learned_mlp_pv_mean_std,5,repeat_5x128_minus_1x128,5,128,1,128,0.012075000000000002
MNIST_QNN_z_r5_d6_s43,noisy_shot,mean_api_probabilities,learned_mlp_pv_mean_std,5,repeat_20x128_minus_1x128,20,128,1,128,0.00379999999999997
MNIST_QNN_z_r5_d6_s43,noisy_shot,mean_api_probabilities,learned_mlp_pv_mean_std,5,equal_total_5x512_minus_1x2560,5,512,1,2560,-0.018425000000000025
MNIST_QNN_z_r5_d6_s43,noisy_shot,mean_api_probabilities,learned_mlp_pv_mean_std,5,equal_total_20x128_minus_1x2560,20,128,1,2560,-0.02040000000000014
MNIST_QNN_z_r5_d6_s43,noisy_shot,mean_api_probabilities,learned_mlp_pv_mean_std,6,single_shot_512_minus_128,1,512,1,128,-0.056700000000000084
MNIST_QNN_z_r5_d6_s43,noisy_shot,mean_api_probabilities,learned_mlp_pv_mean_std,6,single_shot_2560_minus_128,1,2560,1,128,-0.03727500000000006
MNIST_QNN_z_r5_d6_s43,noisy_shot,mean_api_probabilities,learned_mlp_pv_mean_std,6,repeat_5x128_minus_1x128,5,128,1,128,-0.0021250000000000435
MNIST_QNN_z_r5_d6_s43,noisy_shot,mean_api_probabilities,learned_mlp_pv_mean_std,6,repeat_20x128_minus_1x128,20,128,1,128,-0.026224999999999943
MNIST_QNN_z_r5_d6_s43,noisy_shot,mean_api_probabilities,learned_mlp_pv_mean_std,6,equal_total_5x512_minus_1x2560,5,512,1,2560,0.004225000000000034
MNIST_QNN_z_r5_d6_s43,noisy_shot,mean_api_probabilities,learned_mlp_pv_mean_std,6,equal_total_20x128_minus_1x2560,20,128,1,2560,0.011050000000000115
MNIST_QNN_z_r5_d6_s43,noisy_shot,mean_api_probabilities,learned_mlp_pv_mean_std,7,single_shot_512_minus_128,1,512,1,128,-0.010649999999999993
MNIST_QNN_z_r5_d6_s43,noisy_shot,mean_api_probabilities,learned_mlp_pv_mean_std,7,single_shot_2560_minus_128,1,2560,1,128,-0.0009750000000000036
MNIST_QNN_z_r5_d6_s43,noisy_shot,mean_api_probabilities,learned_mlp_pv_mean_std,7,repeat_5x128_minus_1x128,5,128,1,128,0.04045000000000004
MNIST_QNN_z_r5_d6_s43,noisy_shot,mean_api_probabilities,learned_mlp_pv_mean_std,7,repeat_20x128_minus_1x128,20,128,1,128,0.016600000000000115
MNIST_QNN_z_r5_d6_s43,noisy_shot,mean_api_probabilities,learned_mlp_pv_mean_std,7,equal_total_5x512_minus_1x2560,5,512,1,2560,0.014174999999999882
MNIST_QNN_z_r5_d6_s43,noisy_shot,mean_api_probabilities,learned_mlp_pv_mean_std,7,equal_total_20x128_minus_1x2560,20,128,1,2560,0.01757500000000012
MNIST_QNN_z_r5_d6_s43,noisy_shot,mean_api_probabilities,learned_mlp_pv_mean_std,8,single_shot_512_minus_128,1,512,1,128,-0.04640000000000005
MNIST_QNN_z_r5_d6_s43,noisy_shot,mean_api_probabilities,learned_mlp_pv_mean_std,8,single_shot_2560_minus_128,1,2560,1,128,0.00824999999999998
MNIST_QNN_z_r5_d6_s43,noisy_shot,mean_api_probabilities,learned_mlp_pv_mean_std,8,repeat_5x128_minus_1x128,5,128,1,128,-0.005650000000000044
MNIST_QNN_z_r5_d6_s43,noisy_shot,mean_api_probabilities,learned_mlp_pv_mean_std,8,repeat_20x128_minus_1x128,20,128,1,128,-0.002950000000000008
MNIST_QNN_z_r5_d6_s43,noisy_shot,mean_api_probabilities,learned_mlp_pv_mean_std,8,equal_total_5x512_minus_1x2560,5,512,1,2560,0.018324999999999925
MNIST_QNN_z_r5_d6_s43,noisy_shot,mean_api_probabilities,learned_mlp_pv_mean_std,8,equal_total_20x128_minus_1x2560,20,128,1,2560,-0.011199999999999988
MNIST_QNN_z_r5_d6_s43,noisy_shot,mean_api_probabilities,learned_mlp_pv_mean_std,9,single_shot_512_minus_128,1,512,1,128,-0.019299999999999984
MNIST_QNN_z_r5_d6_s43,noisy_shot,mean_api_probabilities,learned_mlp_pv_mean_std,9,single_shot_2560_minus_128,1,2560,1,128,-0.01815
MNIST_QNN_z_r5_d6_s43,noisy_shot,mean_api_probabilities,learned_mlp_pv_mean_std,9,repeat_5x128_minus_1x128,5,128,1,128,-0.037250000000000116
MNIST_QNN_z_r5_d6_s43,noisy_shot,mean_api_probabilities,learned_mlp_pv_mean_std,9,repeat_20x128_minus_1x128,20,128,1,128,-0.026449999999999974
MNIST_QNN_z_r5_d6_s43,noisy_shot,mean_api_probabilities,learned_mlp_pv_mean_std,9,equal_total_5x512_minus_1x2560,5,512,1,2560,-0.012649999999999995
MNIST_QNN_z_r5_d6_s43,noisy_shot,mean_api_probabilities,learned_mlp_pv_mean_std,9,equal_total_20x128_minus_1x2560,20,128,1,2560,-0.008299999999999974
MNIST_QNN_z_r5_d6_s43,noisy_shot,mean_api_probabilities,loss,0,single_shot_512_minus_128,1,512,1,128,0.029000000000000026
MNIST_QNN_z_r5_d6_s43,noisy_shot,mean_api_probabilities,loss,0,single_shot_2560_minus_128,1,2560,1,128,0.0311499999999999
MNIST_QNN_z_r5_d6_s43,noisy_shot,mean_api_probabilities,loss,0,repeat_5x128_minus_1x128,5,128,1,128,0.036900000000000044
MNIST_QNN_z_r5_d6_s43,noisy_shot,mean_api_probabilities,loss,0,repeat_20x128_minus_1x128,20,128,1,128,0.032200000000000006
MNIST_QNN_z_r5_d6_s43,noisy_shot,mean_api_probabilities,loss,0,equal_total_5x512_minus_1x2560,5,512,1,2560,0.009100000000000108
MNIST_QNN_z_r5_d6_s43,noisy_shot,mean_api_probabilities,loss,0,equal_total_20x128_minus_1x2560,20,128,1,2560,0.0010500000000001064
MNIST_QNN_z_r5_d6_s43,noisy_shot,mean_api_probabilities,loss,1,single_shot_512_minus_128,1,512,1,128,0.04347500000000004
MNIST_QNN_z_r5_d6_s43,noisy_shot,mean_api_probabilities,loss,1,single_shot_2560_minus_128,1,2560,1,128,0.04357499999999992
MNIST_QNN_z_r5_d6_s43,noisy_shot,mean_api_probabilities,loss,1,repeat_5x128_minus_1x128,5,128,1,128,0.03487499999999988
MNIST_QNN_z_r5_d6_s43,noisy_shot,mean_api_probabilities,loss,1,repeat_20x128_minus_1x128,20,128,1,128,0.03564999999999985
MNIST_QNN_z_r5_d6_s43,noisy_shot,mean_api_probabilities,loss,1,equal_total_5x512_minus_1x2560,5,512,1,2560,0.006325000000000025
MNIST_QNN_z_r5_d6_s43,noisy_shot,mean_api_probabilities,loss,1,equal_total_20x128_minus_1x2560,20,128,1,2560,-0.007925000000000071
MNIST_QNN_z_r5_d6_s43,noisy_shot,mean_api_probabilities,loss,2,single_shot_512_minus_128,1,512,1,128,-9.999999999998899e-05
MNIST_QNN_z_r5_d6_s43,noisy_shot,mean_api_probabilities,loss,2,single_shot_2560_minus_128,1,2560,1,128,0.004124999999999934
MNIST_QNN_z_r5_d6_s43,noisy_shot,mean_api_probabilities,loss,2,repeat_5x128_minus_1x128,5,128,1,128,0.011174999999999935
MNIST_QNN_z_r5_d6_s43,noisy_shot,mean_api_probabilities,loss,2,repeat_20x128_minus_1x128,20,128,1,128,-0.0026500000000001522
MNIST_QNN_z_r5_d6_s43,noisy_shot,mean_api_probabilities,loss,2,equal_total_5x512_minus_1x2560,5,512,1,2560,-0.00539999999999996
MNIST_QNN_z_r5_d6_s43,noisy_shot,mean_api_probabilities,loss,2,equal_total_20x128_minus_1x2560,20,128,1,2560,-0.0067750000000000865
MNIST_QNN_z_r5_d6_s43,noisy_shot,mean_api_probabilities,loss,3,single_shot_512_minus_128,1,512,1,128,0.008749999999999813
MNIST_QNN_z_r5_d6_s43,noisy_shot,mean_api_probabilities,loss,3,single_shot_2560_minus_128,1,2560,1,128,0.013949999999999907
MNIST_QNN_z_r5_d6_s43,noisy_shot,mean_api_probabilities,loss,3,repeat_5x128_minus_1x128,5,128,1,128,0.0025999999999999357
MNIST_QNN_z_r5_d6_s43,noisy_shot,mean_api_probabilities,loss,3,repeat_20x128_minus_1x128,20,128,1,128,0.00804999999999989
MNIST_QNN_z_r5_d6_s43,noisy_shot,mean_api_probabilities,loss,3,equal_total_5x512_minus_1x2560,5,512,1,2560,0.0008749999999999591
MNIST_QNN_z_r5_d6_s43,noisy_shot,mean_api_probabilities,loss,3,equal_total_20x128_minus_1x2560,20,128,1,2560,-0.005900000000000016
MNIST_QNN_z_r5_d6_s43,noisy_shot,mean_api_probabilities,loss,4,single_shot_512_minus_128,1,512,1,128,0.02762500000000001
MNIST_QNN_z_r5_d6_s43,noisy_shot,mean_api_probabilities,loss,4,single_shot_2560_minus_128,1,2560,1,128,0.02255000000000007
MNIST_QNN_z_r5_d6_s43,noisy_shot,mean_api_probabilities,loss,4,repeat_5x128_minus_1x128,5,128,1,128,0.02222500000000016
MNIST_QNN_z_r5_d6_s43,noisy_shot,mean_api_probabilities,loss,4,repeat_20x128_minus_1x128,20,128,1,128,0.01990000000000003
MNIST_QNN_z_r5_d6_s43,noisy_shot,mean_api_probabilities,loss,4,equal_total_5x512_minus_1x2560,5,512,1,2560,-0.0006749999999999812
MNIST_QNN_z_r5_d6_s43,noisy_shot,mean_api_probabilities,loss,4,equal_total_20x128_minus_1x2560,20,128,1,2560,-0.002650000000000041
MNIST_QNN_z_r5_d6_s43,noisy_shot,mean_api_probabilities,loss,5,single_shot_512_minus_128,1,512,1,128,0.05709999999999993
MNIST_QNN_z_r5_d6_s43,noisy_shot,mean_api_probabilities,loss,5,single_shot_2560_minus_128,1,2560,1,128,0.06467499999999982
MNIST_QNN_z_r5_d6_s43,noisy_shot,mean_api_probabilities,loss,5,repeat_5x128_minus_1x128,5,128,1,128,0.03877499999999989
MNIST_QNN_z_r5_d6_s43,noisy_shot,mean_api_probabilities,loss,5,repeat_20x128_minus_1x128,20,128,1,128,0.05622499999999986
MNIST_QNN_z_r5_d6_s43,noisy_shot,mean_api_probabilities,loss,5,equal_total_5x512_minus_1x2560,5,512,1,2560,-0.00947499999999979
MNIST_QNN_z_r5_d6_s43,noisy_shot,mean_api_probabilities,loss,5,equal_total_20x128_minus_1x2560,20,128,1,2560,-0.008449999999999958
MNIST_QNN_z_r5_d6_s43,noisy_shot,mean_api_probabilities,loss,6,single_shot_512_minus_128,1,512,1,128,-0.008925000000000183
MNIST_QNN_z_r5_d6_s43,noisy_shot,mean_api_probabilities,loss,6,single_shot_2560_minus_128,1,2560,1,128,0.013149999999999884
MNIST_QNN_z_r5_d6_s43,noisy_shot,mean_api_probabilities,loss,6,repeat_5x128_minus_1x128,5,128,1,128,0.00672499999999987
MNIST_QNN_z_r5_d6_s43,noisy_shot,mean_api_probabilities,loss,6,repeat_20x128_minus_1x128,20,128,1,128,0.014149999999999774
MNIST_QNN_z_r5_d6_s43,noisy_shot,mean_api_probabilities,loss,6,equal_total_5x512_minus_1x2560,5,512,1,2560,-0.008199999999999985
MNIST_QNN_z_r5_d6_s43,noisy_shot,mean_api_probabilities,loss,6,equal_total_20x128_minus_1x2560,20,128,1,2560,0.0009999999999998899
MNIST_QNN_z_r5_d6_s43,noisy_shot,mean_api_probabilities,loss,7,single_shot_512_minus_128,1,512,1,128,0.04577500000000001
MNIST_QNN_z_r5_d6_s43,noisy_shot,mean_api_probabilities,loss,7,single_shot_2560_minus_128,1,2560,1,128,0.03807499999999997
MNIST_QNN_z_r5_d6_s43,noisy_shot,mean_api_probabilities,loss,7,repeat_5x128_minus_1x128,5,128,1,128,0.026474999999999915
MNIST_QNN_z_r5_d6_s43,noisy_shot,mean_api_probabilities,loss,7,repeat_20x128_minus_1x128,20,128,1,128,0.028312499999999963
MNIST_QNN_z_r5_d6_s43,noisy_shot,mean_api_probabilities,loss,7,equal_total_5x512_minus_1x2560,5,512,1,2560,-0.0009750000000000592
MNIST_QNN_z_r5_d6_s43,noisy_shot,mean_api_probabilities,loss,7,equal_total_20x128_minus_1x2560,20,128,1,2560,-0.009762500000000007
MNIST_QNN_z_r5_d6_s43,noisy_shot,mean_api_probabilities,loss,8,single_shot_512_minus_128,1,512,1,128,0.038350000000000106
MNIST_QNN_z_r5_d6_s43,noisy_shot,mean_api_probabilities,loss,8,single_shot_2560_minus_128,1,2560,1,128,0.05905000000000005
MNIST_QNN_z_r5_d6_s43,noisy_shot,mean_api_probabilities,loss,8,repeat_5x128_minus_1x128,5,128,1,128,0.030850000000000155
MNIST_QNN_z_r5_d6_s43,noisy_shot,mean_api_probabilities,loss,8,repeat_20x128_minus_1x128,20,128,1,128,0.05202499999999999
MNIST_QNN_z_r5_d6_s43,noisy_shot,mean_api_probabilities,loss,8,equal_total_5x512_minus_1x2560,5,512,1,2560,-0.007349999999999968
MNIST_QNN_z_r5_d6_s43,noisy_shot,mean_api_probabilities,loss,8,equal_total_20x128_minus_1x2560,20,128,1,2560,-0.007025000000000059
MNIST_QNN_z_r5_d6_s43,noisy_shot,mean_api_probabilities,loss,9,single_shot_512_minus_128,1,512,1,128,0.04752500000000015
MNIST_QNN_z_r5_d6_s43,noisy_shot,mean_api_probabilities,loss,9,single_shot_2560_minus_128,1,2560,1,128,0.04862500000000014
MNIST_QNN_z_r5_d6_s43,noisy_shot,mean_api_probabilities,loss,9,repeat_5x128_minus_1x128,5,128,1,128,0.028125000000000067
MNIST_QNN_z_r5_d6_s43,noisy_shot,mean_api_probabilities,loss,9,repeat_20x128_minus_1x128,20,128,1,128,0.04007500000000008
MNIST_QNN_z_r5_d6_s43,noisy_shot,mean_api_probabilities,loss,9,equal_total_5x512_minus_1x2560,5,512,1,2560,-0.007500000000000173
MNIST_QNN_z_r5_d6_s43,noisy_shot,mean_api_probabilities,loss,9,equal_total_20x128_minus_1x2560,20,128,1,2560,-0.008550000000000058
MNIST_QNN_z_r5_d6_s43,noisy_shot,mean_api_probabilities,margin,0,single_shot_512_minus_128,1,512,1,128,-0.028675000000000006
MNIST_QNN_z_r5_d6_s43,noisy_shot,mean_api_probabilities,margin,0,single_shot_2560_minus_128,1,2560,1,128,-0.008425000000000016
MNIST_QNN_z_r5_d6_s43,noisy_shot,mean_api_probabilities,margin,0,repeat_5x128_minus_1x128,5,128,1,128,0.006599999999999939
MNIST_QNN_z_r5_d6_s43,noisy_shot,mean_api_probabilities,margin,0,repeat_20x128_minus_1x128,20,128,1,128,0.011399999999999966
MNIST_QNN_z_r5_d6_s43,noisy_shot,mean_api_probabilities,margin,0,equal_total_5x512_minus_1x2560,5,512,1,2560,0.0023250000000000215
MNIST_QNN_z_r5_d6_s43,noisy_shot,mean_api_probabilities,margin,0,equal_total_20x128_minus_1x2560,20,128,1,2560,0.01982499999999998
MNIST_QNN_z_r5_d6_s43,noisy_shot,mean_api_probabilities,margin,1,single_shot_512_minus_128,1,512,1,128,0.0071750000000000425
MNIST_QNN_z_r5_d6_s43,noisy_shot,mean_api_probabilities,margin,1,single_shot_2560_minus_128,1,2560,1,128,-0.01747500000000002
MNIST_QNN_z_r5_d6_s43,noisy_shot,mean_api_probabilities,margin,1,repeat_5x128_minus_1x128,5,128,1,128,-0.014999999999999902
MNIST_QNN_z_r5_d6_s43,noisy_shot,mean_api_probabilities,margin,1,repeat_20x128_minus_1x128,20,128,1,128,-0.01662499999999989
MNIST_QNN_z_r5_d6_s43,noisy_shot,mean_api_probabilities,margin,1,equal_total_5x512_minus_1x2560,5,512,1,2560,-0.011974999999999958
MNIST_QNN_z_r5_d6_s43,noisy_shot,mean_api_probabilities,margin,1,equal_total_20x128_minus_1x2560,20,128,1,2560,0.0008500000000001284
MNIST_QNN_z_r5_d6_s43,noisy_shot,mean_api_probabilities,margin,2,single_shot_512_minus_128,1,512,1,128,0.019199999999999884
MNIST_QNN_z_r5_d6_s43,noisy_shot,mean_api_probabilities,margin,2,single_shot_2560_minus_128,1,2560,1,128,0.02647499999999997
MNIST_QNN_z_r5_d6_s43,noisy_shot,mean_api_probabilities,margin,2,repeat_5x128_minus_1x128,5,128,1,128,0.04015000000000002
MNIST_QNN_z_r5_d6_s43,noisy_shot,mean_api_probabilities,margin,2,repeat_20x128_minus_1x128,20,128,1,128,0.032149999999999956
MNIST_QNN_z_r5_d6_s43,noisy_shot,mean_api_probabilities,margin,2,equal_total_5x512_minus_1x2560,5,512,1,2560,0.0063750000000000195
MNIST_QNN_z_r5_d6_s43,noisy_shot,mean_api_probabilities,margin,2,equal_total_20x128_minus_1x2560,20,128,1,2560,0.005674999999999986
MNIST_QNN_z_r5_d6_s43,noisy_shot,mean_api_probabilities,margin,3,single_shot_512_minus_128,1,512,1,128,0.0027250000000000885
MNIST_QNN_z_r5_d6_s43,noisy_shot,mean_api_probabilities,margin,3,single_shot_2560_minus_128,1,2560,1,128,0.007475000000000009
MNIST_QNN_z_r5_d6_s43,noisy_shot,mean_api_probabilities,margin,3,repeat_5x128_minus_1x128,5,128,1,128,-0.028124999999999956
MNIST_QNN_z_r5_d6_s43,noisy_shot,mean_api_probabilities,margin,3,repeat_20x128_minus_1x128,20,128,1,128,-0.019075000000000064
MNIST_QNN_z_r5_d6_s43,noisy_shot,mean_api_probabilities,margin,3,equal_total_5x512_minus_1x2560,5,512,1,2560,-0.009050000000000002
MNIST_QNN_z_r5_d6_s43,noisy_shot,mean_api_probabilities,margin,3,equal_total_20x128_minus_1x2560,20,128,1,2560,-0.026550000000000074
MNIST_QNN_z_r5_d6_s43,noisy_shot,mean_api_probabilities,margin,4,single_shot_512_minus_128,1,512,1,128,0.02865000000000012
MNIST_QNN_z_r5_d6_s43,noisy_shot,mean_api_probabilities,margin,4,single_shot_2560_minus_128,1,2560,1,128,0.041575000000000084
MNIST_QNN_z_r5_d6_s43,noisy_shot,mean_api_probabilities,margin,4,repeat_5x128_minus_1x128,5,128,1,128,0.06287500000000007
MNIST_QNN_z_r5_d6_s43,noisy_shot,mean_api_probabilities,margin,4,repeat_20x128_minus_1x128,20,128,1,128,0.04122500000000012
MNIST_QNN_z_r5_d6_s43,noisy_shot,mean_api_probabilities,margin,4,equal_total_5x512_minus_1x2560,5,512,1,2560,-0.0013499999999999623
MNIST_QNN_z_r5_d6_s43,noisy_shot,mean_api_probabilities,margin,4,equal_total_20x128_minus_1x2560,20,128,1,2560,-0.00034999999999996145
MNIST_QNN_z_r5_d6_s43,noisy_shot,mean_api_probabilities,margin,5,single_shot_512_minus_128,1,512,1,128,0.004924999999999846
MNIST_QNN_z_r5_d6_s43,noisy_shot,mean_api_probabilities,margin,5,single_shot_2560_minus_128,1,2560,1,128,0.008674999999999988
MNIST_QNN_z_r5_d6_s43,noisy_shot,mean_api_probabilities,margin,5,repeat_5x128_minus_1x128,5,128,1,128,-0.02842500000000009
MNIST_QNN_z_r5_d6_s43,noisy_shot,mean_api_probabilities,margin,5,repeat_20x128_minus_1x128,20,128,1,128,-0.015850000000000142
MNIST_QNN_z_r5_d6_s43,noisy_shot,mean_api_probabilities,margin,5,equal_total_5x512_minus_1x2560,5,512,1,2560,-0.01815000000000011
MNIST_QNN_z_r5_d6_s43,noisy_shot,mean_api_probabilities,margin,5,equal_total_20x128_minus_1x2560,20,128,1,2560,-0.02452500000000013
MNIST_QNN_z_r5_d6_s43,noisy_shot,mean_api_probabilities,margin,6,single_shot_512_minus_128,1,512,1,128,-0.07602499999999995
MNIST_QNN_z_r5_d6_s43,noisy_shot,mean_api_probabilities,margin,6,single_shot_2560_minus_128,1,2560,1,128,-0.05257499999999993
MNIST_QNN_z_r5_d6_s43,noisy_shot,mean_api_probabilities,margin,6,repeat_5x128_minus_1x128,5,128,1,128,-0.0512999999999999
MNIST_QNN_z_r5_d6_s43,noisy_shot,mean_api_probabilities,margin,6,repeat_20x128_minus_1x128,20,128,1,128,-0.06809999999999994
MNIST_QNN_z_r5_d6_s43,noisy_shot,mean_api_probabilities,margin,6,equal_total_5x512_minus_1x2560,5,512,1,2560,-0.006275000000000086
MNIST_QNN_z_r5_d6_s43,noisy_shot,mean_api_probabilities,margin,6,equal_total_20x128_minus_1x2560,20,128,1,2560,-0.015525000000000011
MNIST_QNN_z_r5_d6_s43,noisy_shot,mean_api_probabilities,margin,7,single_shot_512_minus_128,1,512,1,128,0.027700000000000058
MNIST_QNN_z_r5_d6_s43,noisy_shot,mean_api_probabilities,margin,7,single_shot_2560_minus_128,1,2560,1,128,0.016424999999999967
MNIST_QNN_z_r5_d6_s43,noisy_shot,mean_api_probabilities,margin,7,repeat_5x128_minus_1x128,5,128,1,128,0.010475000000000012
MNIST_QNN_z_r5_d6_s43,noisy_shot,mean_api_probabilities,margin,7,repeat_20x128_minus_1x128,20,128,1,128,0.023175
MNIST_QNN_z_r5_d6_s43,noisy_shot,mean_api_probabilities,margin,7,equal_total_5x512_minus_1x2560,5,512,1,2560,0.01767499999999994
MNIST_QNN_z_r5_d6_s43,noisy_shot,mean_api_probabilities,margin,7,equal_total_20x128_minus_1x2560,20,128,1,2560,0.006750000000000034
MNIST_QNN_z_r5_d6_s43,noisy_shot,mean_api_probabilities,margin,8,single_shot_512_minus_128,1,512,1,128,-0.023424999999999974
MNIST_QNN_z_r5_d6_s43,noisy_shot,mean_api_probabilities,margin,8,single_shot_2560_minus_128,1,2560,1,128,0.0019000000000000128
MNIST_QNN_z_r5_d6_s43,noisy_shot,mean_api_probabilities,margin,8,repeat_5x128_minus_1x128,5,128,1,128,-0.01567499999999994
MNIST_QNN_z_r5_d6_s43,noisy_shot,mean_api_probabilities,margin,8,repeat_20x128_minus_1x128,20,128,1,128,-0.012124999999999941
MNIST_QNN_z_r5_d6_s43,noisy_shot,mean_api_probabilities,margin,8,equal_total_5x512_minus_1x2560,5,512,1,2560,-0.011824999999999974
MNIST_QNN_z_r5_d6_s43,noisy_shot,mean_api_probabilities,margin,8,equal_total_20x128_minus_1x2560,20,128,1,2560,-0.014024999999999954
MNIST_QNN_z_r5_d6_s43,noisy_shot,mean_api_probabilities,margin,9,single_shot_512_minus_128,1,512,1,128,0.038524999999999976
MNIST_QNN_z_r5_d6_s43,noisy_shot,mean_api_probabilities,margin,9,single_shot_2560_minus_128,1,2560,1,128,0.02392500000000003
MNIST_QNN_z_r5_d6_s43,noisy_shot,mean_api_probabilities,margin,9,repeat_5x128_minus_1x128,5,128,1,128,0.050824999999999954
MNIST_QNN_z_r5_d6_s43,noisy_shot,mean_api_probabilities,margin,9,repeat_20x128_minus_1x128,20,128,1,128,0.029849999999999988
MNIST_QNN_z_r5_d6_s43,noisy_shot,mean_api_probabilities,margin,9,equal_total_5x512_minus_1x2560,5,512,1,2560,-0.0034250000000000114
MNIST_QNN_z_r5_d6_s43,noisy_shot,mean_api_probabilities,margin,9,equal_total_20x128_minus_1x2560,20,128,1,2560,0.005924999999999958
MNIST_QNN_zz_r1_d6_s43,ideal_shot,mean_api_probabilities,confidence,0,single_shot_512_minus_128,1,512,1,128,0.009549999999999947
MNIST_QNN_zz_r1_d6_s43,ideal_shot,mean_api_probabilities,confidence,0,single_shot_2560_minus_128,1,2560,1,128,0.01012499999999994
MNIST_QNN_zz_r1_d6_s43,ideal_shot,mean_api_probabilities,confidence,0,repeat_5x128_minus_1x128,5,128,1,128,0.0011499999999999844
MNIST_QNN_zz_r1_d6_s43,ideal_shot,mean_api_probabilities,confidence,0,repeat_20x128_minus_1x128,20,128,1,128,-0.010250000000000092
MNIST_QNN_zz_r1_d6_s43,ideal_shot,mean_api_probabilities,confidence,0,equal_total_5x512_minus_1x2560,5,512,1,2560,-0.0064749999999998975
MNIST_QNN_zz_r1_d6_s43,ideal_shot,mean_api_probabilities,confidence,0,equal_total_20x128_minus_1x2560,20,128,1,2560,-0.020375000000000032
MNIST_QNN_zz_r1_d6_s43,ideal_shot,mean_api_probabilities,confidence,1,single_shot_512_minus_128,1,512,1,128,0.02473750000000008
MNIST_QNN_zz_r1_d6_s43,ideal_shot,mean_api_probabilities,confidence,1,single_shot_2560_minus_128,1,2560,1,128,0.03133750000000002
MNIST_QNN_zz_r1_d6_s43,ideal_shot,mean_api_probabilities,confidence,1,repeat_5x128_minus_1x128,5,128,1,128,0.024062500000000098
MNIST_QNN_zz_r1_d6_s43,ideal_shot,mean_api_probabilities,confidence,1,repeat_20x128_minus_1x128,20,128,1,128,0.018637500000000085
MNIST_QNN_zz_r1_d6_s43,ideal_shot,mean_api_probabilities,confidence,1,equal_total_5x512_minus_1x2560,5,512,1,2560,-0.005349999999999966
MNIST_QNN_zz_r1_d6_s43,ideal_shot,mean_api_probabilities,confidence,1,equal_total_20x128_minus_1x2560,20,128,1,2560,-0.012699999999999934
MNIST_QNN_zz_r1_d6_s43,ideal_shot,mean_api_probabilities,confidence,2,single_shot_512_minus_128,1,512,1,128,0.04222500000000007
MNIST_QNN_zz_r1_d6_s43,ideal_shot,mean_api_probabilities,confidence,2,single_shot_2560_minus_128,1,2560,1,128,0.04139999999999999
MNIST_QNN_zz_r1_d6_s43,ideal_shot,mean_api_probabilities,confidence,2,repeat_5x128_minus_1x128,5,128,1,128,0.02080000000000004
MNIST_QNN_zz_r1_d6_s43,ideal_shot,mean_api_probabilities,confidence,2,repeat_20x128_minus_1x128,20,128,1,128,0.035375000000000156
MNIST_QNN_zz_r1_d6_s43,ideal_shot,mean_api_probabilities,confidence,2,equal_total_5x512_minus_1x2560,5,512,1,2560,0.0001500000000000945
MNIST_QNN_zz_r1_d6_s43,ideal_shot,mean_api_probabilities,confidence,2,equal_total_20x128_minus_1x2560,20,128,1,2560,-0.006024999999999836
MNIST_QNN_zz_r1_d6_s43,ideal_shot,mean_api_probabilities,confidence,3,single_shot_512_minus_128,1,512,1,128,-0.0021499999999999853
MNIST_QNN_zz_r1_d6_s43,ideal_shot,mean_api_probabilities,confidence,3,single_shot_2560_minus_128,1,2560,1,128,0.0026500000000001522
MNIST_QNN_zz_r1_d6_s43,ideal_shot,mean_api_probabilities,confidence,3,repeat_5x128_minus_1x128,5,128,1,128,0.004150000000000098
MNIST_QNN_zz_r1_d6_s43,ideal_shot,mean_api_probabilities,confidence,3,repeat_20x128_minus_1x128,20,128,1,128,-0.011249999999999871
MNIST_QNN_zz_r1_d6_s43,ideal_shot,mean_api_probabilities,confidence,3,equal_total_5x512_minus_1x2560,5,512,1,2560,-0.0027000000000000357
MNIST_QNN_zz_r1_d6_s43,ideal_shot,mean_api_probabilities,confidence,3,equal_total_20x128_minus_1x2560,20,128,1,2560,-0.013900000000000023
MNIST_QNN_zz_r1_d6_s43,ideal_shot,mean_api_probabilities,confidence,4,single_shot_512_minus_128,1,512,1,128,0.0022500000000000853
MNIST_QNN_zz_r1_d6_s43,ideal_shot,mean_api_probabilities,confidence,4,single_shot_2560_minus_128,1,2560,1,128,0.020550000000000068
MNIST_QNN_zz_r1_d6_s43,ideal_shot,mean_api_probabilities,confidence,4,repeat_5x128_minus_1x128,5,128,1,128,0.009149999999999991
MNIST_QNN_zz_r1_d6_s43,ideal_shot,mean_api_probabilities,confidence,4,repeat_20x128_minus_1x128,20,128,1,128,0.007475000000000009
MNIST_QNN_zz_r1_d6_s43,ideal_shot,mean_api_probabilities,confidence,4,equal_total_5x512_minus_1x2560,5,512,1,2560,-0.013125000000000053
MNIST_QNN_zz_r1_d6_s43,ideal_shot,mean_api_probabilities,confidence,4,equal_total_20x128_minus_1x2560,20,128,1,2560,-0.013075000000000059
MNIST_QNN_zz_r1_d6_s43,ideal_shot,mean_api_probabilities,confidence,5,single_shot_512_minus_128,1,512,1,128,0.014924999999999966
MNIST_QNN_zz_r1_d6_s43,ideal_shot,mean_api_probabilities,confidence,5,single_shot_2560_minus_128,1,2560,1,128,-7.499999999993623e-05
MNIST_QNN_zz_r1_d6_s43,ideal_shot,mean_api_probabilities,confidence,5,repeat_5x128_minus_1x128,5,128,1,128,-0.030324999999999935
MNIST_QNN_zz_r1_d6_s43,ideal_shot,mean_api_probabilities,confidence,5,repeat_20x128_minus_1x128,20,128,1,128,-0.020649999999999946
MNIST_QNN_zz_r1_d6_s43,ideal_shot,mean_api_probabilities,confidence,5,equal_total_5x512_minus_1x2560,5,512,1,2560,-0.006950000000000123
MNIST_QNN_zz_r1_d6_s43,ideal_shot,mean_api_probabilities,confidence,5,equal_total_20x128_minus_1x2560,20,128,1,2560,-0.02057500000000001
MNIST_QNN_zz_r1_d6_s43,ideal_shot,mean_api_probabilities,confidence,6,single_shot_512_minus_128,1,512,1,128,0.0119999999999999
MNIST_QNN_zz_r1_d6_s43,ideal_shot,mean_api_probabilities,confidence,6,single_shot_2560_minus_128,1,2560,1,128,0.014324999999999921
MNIST_QNN_zz_r1_d6_s43,ideal_shot,mean_api_probabilities,confidence,6,repeat_5x128_minus_1x128,5,128,1,128,0.01200000000000001
MNIST_QNN_zz_r1_d6_s43,ideal_shot,mean_api_probabilities,confidence,6,repeat_20x128_minus_1x128,20,128,1,128,0.008599999999999941
MNIST_QNN_zz_r1_d6_s43,ideal_shot,mean_api_probabilities,confidence,6,equal_total_5x512_minus_1x2560,5,512,1,2560,-0.0008749999999999591
MNIST_QNN_zz_r1_d6_s43,ideal_shot,mean_api_probabilities,confidence,6,equal_total_20x128_minus_1x2560,20,128,1,2560,-0.00572499999999998
MNIST_QNN_zz_r1_d6_s43,ideal_shot,mean_api_probabilities,confidence,7,single_shot_512_minus_128,1,512,1,128,0.019287500000000124
MNIST_QNN_zz_r1_d6_s43,ideal_shot,mean_api_probabilities,confidence,7,single_shot_2560_minus_128,1,2560,1,128,0.026587500000000097
MNIST_QNN_zz_r1_d6_s43,ideal_shot,mean_api_probabilities,confidence,7,repeat_5x128_minus_1x128,5,128,1,128,0.002362500000000045
MNIST_QNN_zz_r1_d6_s43,ideal_shot,mean_api_probabilities,confidence,7,repeat_20x128_minus_1x128,20,128,1,128,0.01913750000000014
MNIST_QNN_zz_r1_d6_s43,ideal_shot,mean_api_probabilities,confidence,7,equal_total_5x512_minus_1x2560,5,512,1,2560,-0.0033999999999999586
MNIST_QNN_zz_r1_d6_s43,ideal_shot,mean_api_probabilities,confidence,7,equal_total_20x128_minus_1x2560,20,128,1,2560,-0.007449999999999957
MNIST_QNN_zz_r1_d6_s43,ideal_shot,mean_api_probabilities,confidence,8,single_shot_512_minus_128,1,512,1,128,0.03810000000000002
MNIST_QNN_zz_r1_d6_s43,ideal_shot,mean_api_probabilities,confidence,8,single_shot_2560_minus_128,1,2560,1,128,0.039100000000000024
MNIST_QNN_zz_r1_d6_s43,ideal_shot,mean_api_probabilities,confidence,8,repeat_5x128_minus_1x128,5,128,1,128,0.01705000000000012
MNIST_QNN_zz_r1_d6_s43,ideal_shot,mean_api_probabilities,confidence,8,repeat_20x128_minus_1x128,20,128,1,128,0.03772500000000001
MNIST_QNN_zz_r1_d6_s43,ideal_shot,mean_api_probabilities,confidence,8,equal_total_5x512_minus_1x2560,5,512,1,2560,-0.004225000000000034
MNIST_QNN_zz_r1_d6_s43,ideal_shot,mean_api_probabilities,confidence,8,equal_total_20x128_minus_1x2560,20,128,1,2560,-0.001375000000000015
MNIST_QNN_zz_r1_d6_s43,ideal_shot,mean_api_probabilities,confidence,9,single_shot_512_minus_128,1,512,1,128,0.007949999999999902
MNIST_QNN_zz_r1_d6_s43,ideal_shot,mean_api_probabilities,confidence,9,single_shot_2560_minus_128,1,2560,1,128,0.014950000000000019
MNIST_QNN_zz_r1_d6_s43,ideal_shot,mean_api_probabilities,confidence,9,repeat_5x128_minus_1x128,5,128,1,128,-0.0012999999999999678
MNIST_QNN_zz_r1_d6_s43,ideal_shot,mean_api_probabilities,confidence,9,repeat_20x128_minus_1x128,20,128,1,128,0.010149999999999992
MNIST_QNN_zz_r1_d6_s43,ideal_shot,mean_api_probabilities,confidence,9,equal_total_5x512_minus_1x2560,5,512,1,2560,-0.001475000000000004
MNIST_QNN_zz_r1_d6_s43,ideal_shot,mean_api_probabilities,confidence,9,equal_total_20x128_minus_1x2560,20,128,1,2560,-0.0048000000000000265
MNIST_QNN_zz_r1_d6_s43,ideal_shot,mean_api_probabilities,correctness,0,single_shot_512_minus_128,1,512,1,128,0.012500000000000067
MNIST_QNN_zz_r1_d6_s43,ideal_shot,mean_api_probabilities,correctness,0,single_shot_2560_minus_128,1,2560,1,128,0.015000000000000124
MNIST_QNN_zz_r1_d6_s43,ideal_shot,mean_api_probabilities,correctness,0,repeat_5x128_minus_1x128,5,128,1,128,0.0050000000000001155
MNIST_QNN_zz_r1_d6_s43,ideal_shot,mean_api_probabilities,correctness,0,repeat_20x128_minus_1x128,20,128,1,128,0.015000000000000124
MNIST_QNN_zz_r1_d6_s43,ideal_shot,mean_api_probabilities,correctness,0,equal_total_5x512_minus_1x2560,5,512,1,2560,0.0024999999999999467
MNIST_QNN_zz_r1_d6_s43,ideal_shot,mean_api_probabilities,correctness,0,equal_total_20x128_minus_1x2560,20,128,1,2560,0.0
MNIST_QNN_zz_r1_d6_s43,ideal_shot,mean_api_probabilities,correctness,1,single_shot_512_minus_128,1,512,1,128,0.007499999999999951
MNIST_QNN_zz_r1_d6_s43,ideal_shot,mean_api_probabilities,correctness,1,single_shot_2560_minus_128,1,2560,1,128,0.02499999999999991
MNIST_QNN_zz_r1_d6_s43,ideal_shot,mean_api_probabilities,correctness,1,repeat_5x128_minus_1x128,5,128,1,128,0.014999999999999902
MNIST_QNN_zz_r1_d6_s43,ideal_shot,mean_api_probabilities,correctness,1,repeat_20x128_minus_1x128,20,128,1,128,0.012499999999999956
MNIST_QNN_zz_r1_d6_s43,ideal_shot,mean_api_probabilities,correctness,1,equal_total_5x512_minus_1x2560,5,512,1,2560,0.0025000000000000577
MNIST_QNN_zz_r1_d6_s43,ideal_shot,mean_api_probabilities,correctness,1,equal_total_20x128_minus_1x2560,20,128,1,2560,-0.012499999999999956
MNIST_QNN_zz_r1_d6_s43,ideal_shot,mean_api_probabilities,correctness,2,single_shot_512_minus_128,1,512,1,128,-0.0050000000000001155
MNIST_QNN_zz_r1_d6_s43,ideal_shot,mean_api_probabilities,correctness,2,single_shot_2560_minus_128,1,2560,1,128,0.0
MNIST_QNN_zz_r1_d6_s43,ideal_shot,mean_api_probabilities,correctness,2,repeat_5x128_minus_1x128,5,128,1,128,-0.010000000000000009
MNIST_QNN_zz_r1_d6_s43,ideal_shot,mean_api_probabilities,correctness,2,repeat_20x128_minus_1x128,20,128,1,128,0.0
MNIST_QNN_zz_r1_d6_s43,ideal_shot,mean_api_probabilities,correctness,2,equal_total_5x512_minus_1x2560,5,512,1,2560,-0.01750000000000007
MNIST_QNN_zz_r1_d6_s43,ideal_shot,mean_api_probabilities,correctness,2,equal_total_20x128_minus_1x2560,20,128,1,2560,0.0
MNIST_QNN_zz_r1_d6_s43,ideal_shot,mean_api_probabilities,correctness,3,single_shot_512_minus_128,1,512,1,128,0.01749999999999996
MNIST_QNN_zz_r1_d6_s43,ideal_shot,mean_api_probabilities,correctness,3,single_shot_2560_minus_128,1,2560,1,128,0.03249999999999997
MNIST_QNN_zz_r1_d6_s43,ideal_shot,mean_api_probabilities,correctness,3,repeat_5x128_minus_1x128,5,128,1,128,0.020000000000000018
MNIST_QNN_zz_r1_d6_s43,ideal_shot,mean_api_probabilities,correctness,3,repeat_20x128_minus_1x128,20,128,1,128,0.022499999999999964
MNIST_QNN_zz_r1_d6_s43,ideal_shot,mean_api_probabilities,correctness,3,equal_total_5x512_minus_1x2560,5,512,1,2560,-0.007500000000000062
MNIST_QNN_zz_r1_d6_s43,ideal_shot,mean_api_probabilities,correctness,3,equal_total_20x128_minus_1x2560,20,128,1,2560,-0.010000000000000009
MNIST_QNN_zz_r1_d6_s43,ideal_shot,mean_api_probabilities,correctness,4,single_shot_512_minus_128,1,512,1,128,0.01750000000000007
MNIST_QNN_zz_r1_d6_s43,ideal_shot,mean_api_probabilities,correctness,4,single_shot_2560_minus_128,1,2560,1,128,0.015000000000000124
MNIST_QNN_zz_r1_d6_s43,ideal_shot,mean_api_probabilities,correctness,4,repeat_5x128_minus_1x128,5,128,1,128,0.015000000000000124
MNIST_QNN_zz_r1_d6_s43,ideal_shot,mean_api_probabilities,correctness,4,repeat_20x128_minus_1x128,20,128,1,128,0.012500000000000067
MNIST_QNN_zz_r1_d6_s43,ideal_shot,mean_api_probabilities,correctness,4,equal_total_5x512_minus_1x2560,5,512,1,2560,0.0024999999999999467
MNIST_QNN_zz_r1_d6_s43,ideal_shot,mean_api_probabilities,correctness,4,equal_total_20x128_minus_1x2560,20,128,1,2560,-0.0025000000000000577
MNIST_QNN_zz_r1_d6_s43,ideal_shot,mean_api_probabilities,correctness,5,single_shot_512_minus_128,1,512,1,128,0.007499999999999951
MNIST_QNN_zz_r1_d6_s43,ideal_shot,mean_api_probabilities,correctness,5,single_shot_2560_minus_128,1,2560,1,128,-1.1102230246251565e-16
MNIST_QNN_zz_r1_d6_s43,ideal_shot,mean_api_probabilities,correctness,5,repeat_5x128_minus_1x128,5,128,1,128,0.004999999999999893
MNIST_QNN_zz_r1_d6_s43,ideal_shot,mean_api_probabilities,correctness,5,repeat_20x128_minus_1x128,20,128,1,128,0.004999999999999893
MNIST_QNN_zz_r1_d6_s43,ideal_shot,mean_api_probabilities,correctness,5,equal_total_5x512_minus_1x2560,5,512,1,2560,0.007500000000000062
MNIST_QNN_zz_r1_d6_s43,ideal_shot,mean_api_probabilities,correctness,5,equal_total_20x128_minus_1x2560,20,128,1,2560,0.0050000000000000044
MNIST_QNN_zz_r1_d6_s43,ideal_shot,mean_api_probabilities,correctness,6,single_shot_512_minus_128,1,512,1,128,0.020000000000000018
MNIST_QNN_zz_r1_d6_s43,ideal_shot,mean_api_probabilities,correctness,6,single_shot_2560_minus_128,1,2560,1,128,0.03249999999999997
MNIST_QNN_zz_r1_d6_s43,ideal_shot,mean_api_probabilities,correctness,6,repeat_5x128_minus_1x128,5,128,1,128,0.015000000000000124
MNIST_QNN_zz_r1_d6_s43,ideal_shot,mean_api_probabilities,correctness,6,repeat_20x128_minus_1x128,20,128,1,128,0.030000000000000027
MNIST_QNN_zz_r1_d6_s43,ideal_shot,mean_api_probabilities,correctness,6,equal_total_5x512_minus_1x2560,5,512,1,2560,-0.012499999999999956
MNIST_QNN_zz_r1_d6_s43,ideal_shot,mean_api_probabilities,correctness,6,equal_total_20x128_minus_1x2560,20,128,1,2560,-0.0024999999999999467
MNIST_QNN_zz_r1_d6_s43,ideal_shot,mean_api_probabilities,correctness,7,single_shot_512_minus_128,1,512,1,128,0.022499999999999964
MNIST_QNN_zz_r1_d6_s43,ideal_shot,mean_api_probabilities,correctness,7,single_shot_2560_minus_128,1,2560,1,128,0.020000000000000018
MNIST_QNN_zz_r1_d6_s43,ideal_shot,mean_api_probabilities,correctness,7,repeat_5x128_minus_1x128,5,128,1,128,0.01749999999999996
MNIST_QNN_zz_r1_d6_s43,ideal_shot,mean_api_probabilities,correctness,7,repeat_20x128_minus_1x128,20,128,1,128,0.01749999999999996
MNIST_QNN_zz_r1_d6_s43,ideal_shot,mean_api_probabilities,correctness,7,equal_total_5x512_minus_1x2560,5,512,1,2560,0.004999999999999893
MNIST_QNN_zz_r1_d6_s43,ideal_shot,mean_api_probabilities,correctness,7,equal_total_20x128_minus_1x2560,20,128,1,2560,-0.0025000000000000577
MNIST_QNN_zz_r1_d6_s43,ideal_shot,mean_api_probabilities,correctness,8,single_shot_512_minus_128,1,512,1,128,0.032500000000000084
MNIST_QNN_zz_r1_d6_s43,ideal_shot,mean_api_probabilities,correctness,8,single_shot_2560_minus_128,1,2560,1,128,0.02750000000000008
MNIST_QNN_zz_r1_d6_s43,ideal_shot,mean_api_probabilities,correctness,8,repeat_5x128_minus_1x128,5,128,1,128,0.01750000000000007
MNIST_QNN_zz_r1_d6_s43,ideal_shot,mean_api_probabilities,correctness,8,repeat_20x128_minus_1x128,20,128,1,128,0.02750000000000008
MNIST_QNN_zz_r1_d6_s43,ideal_shot,mean_api_probabilities,correctness,8,equal_total_5x512_minus_1x2560,5,512,1,2560,0.014999999999999902
MNIST_QNN_zz_r1_d6_s43,ideal_shot,mean_api_probabilities,correctness,8,equal_total_20x128_minus_1x2560,20,128,1,2560,0.0
MNIST_QNN_zz_r1_d6_s43,ideal_shot,mean_api_probabilities,correctness,9,single_shot_512_minus_128,1,512,1,128,0.0024999999999999467
MNIST_QNN_zz_r1_d6_s43,ideal_shot,mean_api_probabilities,correctness,9,single_shot_2560_minus_128,1,2560,1,128,0.0024999999999999467
MNIST_QNN_zz_r1_d6_s43,ideal_shot,mean_api_probabilities,correctness,9,repeat_5x128_minus_1x128,5,128,1,128,0.004999999999999893
MNIST_QNN_zz_r1_d6_s43,ideal_shot,mean_api_probabilities,correctness,9,repeat_20x128_minus_1x128,20,128,1,128,0.0024999999999999467
MNIST_QNN_zz_r1_d6_s43,ideal_shot,mean_api_probabilities,correctness,9,equal_total_5x512_minus_1x2560,5,512,1,2560,0.004999999999999893
MNIST_QNN_zz_r1_d6_s43,ideal_shot,mean_api_probabilities,correctness,9,equal_total_20x128_minus_1x2560,20,128,1,2560,0.0
MNIST_QNN_zz_r1_d6_s43,ideal_shot,mean_api_probabilities,entropy,0,single_shot_512_minus_128,1,512,1,128,0.01034999999999997
MNIST_QNN_zz_r1_d6_s43,ideal_shot,mean_api_probabilities,entropy,0,single_shot_2560_minus_128,1,2560,1,128,0.012449999999999961
MNIST_QNN_zz_r1_d6_s43,ideal_shot,mean_api_probabilities,entropy,0,repeat_5x128_minus_1x128,5,128,1,128,-0.0026249999999998774
MNIST_QNN_zz_r1_d6_s43,ideal_shot,mean_api_probabilities,entropy,0,repeat_20x128_minus_1x128,20,128,1,128,-0.014349999999999974
MNIST_QNN_zz_r1_d6_s43,ideal_shot,mean_api_probabilities,entropy,0,equal_total_5x512_minus_1x2560,5,512,1,2560,-0.007674999999999987
MNIST_QNN_zz_r1_d6_s43,ideal_shot,mean_api_probabilities,entropy,0,equal_total_20x128_minus_1x2560,20,128,1,2560,-0.026799999999999935
MNIST_QNN_zz_r1_d6_s43,ideal_shot,mean_api_probabilities,entropy,1,single_shot_512_minus_128,1,512,1,128,0.013950000000000018
MNIST_QNN_zz_r1_d6_s43,ideal_shot,mean_api_probabilities,entropy,1,single_shot_2560_minus_128,1,2560,1,128,0.020174999999999832
MNIST_QNN_zz_r1_d6_s43,ideal_shot,mean_api_probabilities,entropy,1,repeat_5x128_minus_1x128,5,128,1,128,0.009074999999999833
MNIST_QNN_zz_r1_d6_s43,ideal_shot,mean_api_probabilities,entropy,1,repeat_20x128_minus_1x128,20,128,1,128,0.0027249999999999774
MNIST_QNN_zz_r1_d6_s43,ideal_shot,mean_api_probabilities,entropy,1,equal_total_5x512_minus_1x2560,5,512,1,2560,-0.004049999999999887
MNIST_QNN_zz_r1_d6_s43,ideal_shot,mean_api_probabilities,entropy,1,equal_total_20x128_minus_1x2560,20,128,1,2560,-0.017449999999999855
MNIST_QNN_zz_r1_d6_s43,ideal_shot,mean_api_probabilities,entropy,2,single_shot_512_minus_128,1,512,1,128,0.03820000000000001
MNIST_QNN_zz_r1_d6_s43,ideal_shot,mean_api_probabilities,entropy,2,single_shot_2560_minus_128,1,2560,1,128,0.03957500000000003
MNIST_QNN_zz_r1_d6_s43,ideal_shot,mean_api_probabilities,entropy,2,repeat_5x128_minus_1x128,5,128,1,128,0.01155000000000006
MNIST_QNN_zz_r1_d6_s43,ideal_shot,mean_api_probabilities,entropy,2,repeat_20x128_minus_1x128,20,128,1,128,0.026475000000000026
MNIST_QNN_zz_r1_d6_s43,ideal_shot,mean_api_probabilities,entropy,2,equal_total_5x512_minus_1x2560,5,512,1,2560,-0.0017000000000000348
MNIST_QNN_zz_r1_d6_s43,ideal_shot,mean_api_probabilities,entropy,2,equal_total_20x128_minus_1x2560,20,128,1,2560,-0.0131
MNIST_QNN_zz_r1_d6_s43,ideal_shot,mean_api_probabilities,entropy,3,single_shot_512_minus_128,1,512,1,128,-0.012399999999999967
MNIST_QNN_zz_r1_d6_s43,ideal_shot,mean_api_probabilities,entropy,3,single_shot_2560_minus_128,1,2560,1,128,-0.005424999999999902
MNIST_QNN_zz_r1_d6_s43,ideal_shot,mean_api_probabilities,entropy,3,repeat_5x128_minus_1x128,5,128,1,128,-0.009075000000000055
MNIST_QNN_zz_r1_d6_s43,ideal_shot,mean_api_probabilities,entropy,3,repeat_20x128_minus_1x128,20,128,1,128,-0.023525000000000018
MNIST_QNN_zz_r1_d6_s43,ideal_shot,mean_api_probabilities,entropy,3,equal_total_5x512_minus_1x2560,5,512,1,2560,-0.006550000000000056
MNIST_QNN_zz_r1_d6_s43,ideal_shot,mean_api_probabilities,entropy,3,equal_total_20x128_minus_1x2560,20,128,1,2560,-0.018100000000000116
MNIST_QNN_zz_r1_d6_s43,ideal_shot,mean_api_probabilities,entropy,4,single_shot_512_minus_128,1,512,1,128,0.00770000000000004
MNIST_QNN_zz_r1_d6_s43,ideal_shot,mean_api_probabilities,entropy,4,single_shot_2560_minus_128,1,2560,1,128,0.025224999999999942
MNIST_QNN_zz_r1_d6_s43,ideal_shot,mean_api_probabilities,entropy,4,repeat_5x128_minus_1x128,5,128,1,128,0.013449999999999962
MNIST_QNN_zz_r1_d6_s43,ideal_shot,mean_api_probabilities,entropy,4,repeat_20x128_minus_1x128,20,128,1,128,0.008824999999999972
MNIST_QNN_zz_r1_d6_s43,ideal_shot,mean_api_probabilities,entropy,4,equal_total_5x512_minus_1x2560,5,512,1,2560,-0.013049999999999895
MNIST_QNN_zz_r1_d6_s43,ideal_shot,mean_api_probabilities,entropy,4,equal_total_20x128_minus_1x2560,20,128,1,2560,-0.01639999999999997
MNIST_QNN_zz_r1_d6_s43,ideal_shot,mean_api_probabilities,entropy,5,single_shot_512_minus_128,1,512,1,128,0.010049999999999892
MNIST_QNN_zz_r1_d6_s43,ideal_shot,mean_api_probabilities,entropy,5,single_shot_2560_minus_128,1,2560,1,128,-0.001674999999999982
MNIST_QNN_zz_r1_d6_s43,ideal_shot,mean_api_probabilities,entropy,5,repeat_5x128_minus_1x128,5,128,1,128,-0.031524999999999914
MNIST_QNN_zz_r1_d6_s43,ideal_shot,mean_api_probabilities,entropy,5,repeat_20x128_minus_1x128,20,128,1,128,-0.02674999999999994
MNIST_QNN_zz_r1_d6_s43,ideal_shot,mean_api_probabilities,entropy,5,equal_total_5x512_minus_1x2560,5,512,1,2560,-0.008624999999999994
MNIST_QNN_zz_r1_d6_s43,ideal_shot,mean_api_probabilities,entropy,5,equal_total_20x128_minus_1x2560,20,128,1,2560,-0.02507499999999996
MNIST_QNN_zz_r1_d6_s43,ideal_shot,mean_api_probabilities,entropy,6,single_shot_512_minus_128,1,512,1,128,0.005650000000000044
MNIST_QNN_zz_r1_d6_s43,ideal_shot,mean_api_probabilities,entropy,6,single_shot_2560_minus_128,1,2560,1,128,0.011499999999999955
MNIST_QNN_zz_r1_d6_s43,ideal_shot,mean_api_probabilities,entropy,6,repeat_5x128_minus_1x128,5,128,1,128,0.0033250000000000224
MNIST_QNN_zz_r1_d6_s43,ideal_shot,mean_api_probabilities,entropy,6,repeat_20x128_minus_1x128,20,128,1,128,-0.00022500000000003073
MNIST_QNN_zz_r1_d6_s43,ideal_shot,mean_api_probabilities,entropy,6,equal_total_5x512_minus_1x2560,5,512,1,2560,-0.0037999999999999146
MNIST_QNN_zz_r1_d6_s43,ideal_shot,mean_api_probabilities,entropy,6,equal_total_20x128_minus_1x2560,20,128,1,2560,-0.011724999999999985
MNIST_QNN_zz_r1_d6_s43,ideal_shot,mean_api_probabilities,entropy,7,single_shot_512_minus_128,1,512,1,128,0.018649999999999944
MNIST_QNN_zz_r1_d6_s43,ideal_shot,mean_api_probabilities,entropy,7,single_shot_2560_minus_128,1,2560,1,128,0.02432499999999993
MNIST_QNN_zz_r1_d6_s43,ideal_shot,mean_api_probabilities,entropy,7,repeat_5x128_minus_1x128,5,128,1,128,0.002075000000000049
MNIST_QNN_zz_r1_d6_s43,ideal_shot,mean_api_probabilities,entropy,7,repeat_20x128_minus_1x128,20,128,1,128,0.012475000000000014
MNIST_QNN_zz_r1_d6_s43,ideal_shot,mean_api_probabilities,entropy,7,equal_total_5x512_minus_1x2560,5,512,1,2560,-0.003375000000000017
MNIST_QNN_zz_r1_d6_s43,ideal_shot,mean_api_probabilities,entropy,7,equal_total_20x128_minus_1x2560,20,128,1,2560,-0.011849999999999916
MNIST_QNN_zz_r1_d6_s43,ideal_shot,mean_api_probabilities,entropy,8,single_shot_512_minus_128,1,512,1,128,0.0383
MNIST_QNN_zz_r1_d6_s43,ideal_shot,mean_api_probabilities,entropy,8,single_shot_2560_minus_128,1,2560,1,128,0.03567500000000001
MNIST_QNN_zz_r1_d6_s43,ideal_shot,mean_api_probabilities,entropy,8,repeat_5x128_minus_1x128,5,128,1,128,0.011174999999999935
MNIST_QNN_zz_r1_d6_s43,ideal_shot,mean_api_probabilities,entropy,8,repeat_20x128_minus_1x128,20,128,1,128,0.026699999999999946
MNIST_QNN_zz_r1_d6_s43,ideal_shot,mean_api_probabilities,entropy,8,equal_total_5x512_minus_1x2560,5,512,1,2560,-0.006125000000000047
MNIST_QNN_zz_r1_d6_s43,ideal_shot,mean_api_probabilities,entropy,8,equal_total_20x128_minus_1x2560,20,128,1,2560,-0.008975000000000066
MNIST_QNN_zz_r1_d6_s43,ideal_shot,mean_api_probabilities,entropy,9,single_shot_512_minus_128,1,512,1,128,0.0020999999999999908
MNIST_QNN_zz_r1_d6_s43,ideal_shot,mean_api_probabilities,entropy,9,single_shot_2560_minus_128,1,2560,1,128,0.008199999999999874
MNIST_QNN_zz_r1_d6_s43,ideal_shot,mean_api_probabilities,entropy,9,repeat_5x128_minus_1x128,5,128,1,128,-0.008425000000000127
MNIST_QNN_zz_r1_d6_s43,ideal_shot,mean_api_probabilities,entropy,9,repeat_20x128_minus_1x128,20,128,1,128,0.001374999999999904
MNIST_QNN_zz_r1_d6_s43,ideal_shot,mean_api_probabilities,entropy,9,equal_total_5x512_minus_1x2560,5,512,1,2560,-0.004724999999999979
MNIST_QNN_zz_r1_d6_s43,ideal_shot,mean_api_probabilities,entropy,9,equal_total_20x128_minus_1x2560,20,128,1,2560,-0.00682499999999997
MNIST_QNN_zz_r1_d6_s43,ideal_shot,mean_api_probabilities,learned_mlp_pv,0,single_shot_512_minus_128,1,512,1,128,0.023924999999999974
MNIST_QNN_zz_r1_d6_s43,ideal_shot,mean_api_probabilities,learned_mlp_pv,0,single_shot_2560_minus_128,1,2560,1,128,-0.02045000000000008
MNIST_QNN_zz_r1_d6_s43,ideal_shot,mean_api_probabilities,learned_mlp_pv,0,repeat_5x128_minus_1x128,5,128,1,128,0.0047000000000000375
MNIST_QNN_zz_r1_d6_s43,ideal_shot,mean_api_probabilities,learned_mlp_pv,0,repeat_20x128_minus_1x128,20,128,1,128,-0.04800000000000004
MNIST_QNN_zz_r1_d6_s43,ideal_shot,mean_api_probabilities,learned_mlp_pv,0,equal_total_5x512_minus_1x2560,5,512,1,2560,-0.0022499999999998632
MNIST_QNN_zz_r1_d6_s43,ideal_shot,mean_api_probabilities,learned_mlp_pv,0,equal_total_20x128_minus_1x2560,20,128,1,2560,-0.027549999999999963
MNIST_QNN_zz_r1_d6_s43,ideal_shot,mean_api_probabilities,learned_mlp_pv,1,single_shot_512_minus_128,1,512,1,128,0.005299999999999971
MNIST_QNN_zz_r1_d6_s43,ideal_shot,mean_api_probabilities,learned_mlp_pv,1,single_shot_2560_minus_128,1,2560,1,128,0.036024999999999974
MNIST_QNN_zz_r1_d6_s43,ideal_shot,mean_api_probabilities,learned_mlp_pv,1,repeat_5x128_minus_1x128,5,128,1,128,-0.005525000000000002
MNIST_QNN_zz_r1_d6_s43,ideal_shot,mean_api_probabilities,learned_mlp_pv,1,repeat_20x128_minus_1x128,20,128,1,128,0.020299999999999985
MNIST_QNN_zz_r1_d6_s43,ideal_shot,mean_api_probabilities,learned_mlp_pv,1,equal_total_5x512_minus_1x2560,5,512,1,2560,-0.03292499999999998
MNIST_QNN_zz_r1_d6_s43,ideal_shot,mean_api_probabilities,learned_mlp_pv,1,equal_total_20x128_minus_1x2560,20,128,1,2560,-0.01572499999999999
MNIST_QNN_zz_r1_d6_s43,ideal_shot,mean_api_probabilities,learned_mlp_pv,2,single_shot_512_minus_128,1,512,1,128,0.005224999999999924
MNIST_QNN_zz_r1_d6_s43,ideal_shot,mean_api_probabilities,learned_mlp_pv,2,single_shot_2560_minus_128,1,2560,1,128,-0.005325000000000024
MNIST_QNN_zz_r1_d6_s43,ideal_shot,mean_api_probabilities,learned_mlp_pv,2,repeat_5x128_minus_1x128,5,128,1,128,-0.005974999999999953
MNIST_QNN_zz_r1_d6_s43,ideal_shot,mean_api_probabilities,learned_mlp_pv,2,repeat_20x128_minus_1x128,20,128,1,128,0.010549999999999948
MNIST_QNN_zz_r1_d6_s43,ideal_shot,mean_api_probabilities,learned_mlp_pv,2,equal_total_5x512_minus_1x2560,5,512,1,2560,-0.010649999999999937
MNIST_QNN_zz_r1_d6_s43,ideal_shot,mean_api_probabilities,learned_mlp_pv,2,equal_total_20x128_minus_1x2560,20,128,1,2560,0.015874999999999972
MNIST_QNN_zz_r1_d6_s43,ideal_shot,mean_api_probabilities,learned_mlp_pv,3,single_shot_512_minus_128,1,512,1,128,0.04284999999999983
MNIST_QNN_zz_r1_d6_s43,ideal_shot,mean_api_probabilities,learned_mlp_pv,3,single_shot_2560_minus_128,1,2560,1,128,0.02937499999999993
MNIST_QNN_zz_r1_d6_s43,ideal_shot,mean_api_probabilities,learned_mlp_pv,3,repeat_5x128_minus_1x128,5,128,1,128,0.040349999999999886
MNIST_QNN_zz_r1_d6_s43,ideal_shot,mean_api_probabilities,learned_mlp_pv,3,repeat_20x128_minus_1x128,20,128,1,128,0.05152499999999993
MNIST_QNN_zz_r1_d6_s43,ideal_shot,mean_api_probabilities,learned_mlp_pv,3,equal_total_5x512_minus_1x2560,5,512,1,2560,-0.023900000000000032
MNIST_QNN_zz_r1_d6_s43,ideal_shot,mean_api_probabilities,learned_mlp_pv,3,equal_total_20x128_minus_1x2560,20,128,1,2560,0.022150000000000003
MNIST_QNN_zz_r1_d6_s43,ideal_shot,mean_api_probabilities,learned_mlp_pv,4,single_shot_512_minus_128,1,512,1,128,-0.019774999999999987
MNIST_QNN_zz_r1_d6_s43,ideal_shot,mean_api_probabilities,learned_mlp_pv,4,single_shot_2560_minus_128,1,2560,1,128,0.022174999999999945
MNIST_QNN_zz_r1_d6_s43,ideal_shot,mean_api_probabilities,learned_mlp_pv,4,repeat_5x128_minus_1x128,5,128,1,128,0.017525000000000013
MNIST_QNN_zz_r1_d6_s43,ideal_shot,mean_api_probabilities,learned_mlp_pv,4,repeat_20x128_minus_1x128,20,128,1,128,0.009300000000000086
MNIST_QNN_zz_r1_d6_s43,ideal_shot,mean_api_probabilities,learned_mlp_pv,4,equal_total_5x512_minus_1x2560,5,512,1,2560,-0.01605000000000001
MNIST_QNN_zz_r1_d6_s43,ideal_shot,mean_api_probabilities,learned_mlp_pv,4,equal_total_20x128_minus_1x2560,20,128,1,2560,-0.012874999999999859
MNIST_QNN_zz_r1_d6_s43,ideal_shot,mean_api_probabilities,learned_mlp_pv,5,single_shot_512_minus_128,1,512,1,128,0.006325000000000025
MNIST_QNN_zz_r1_d6_s43,ideal_shot,mean_api_probabilities,learned_mlp_pv,5,single_shot_2560_minus_128,1,2560,1,128,0.05147500000000016
MNIST_QNN_zz_r1_d6_s43,ideal_shot,mean_api_probabilities,learned_mlp_pv,5,repeat_5x128_minus_1x128,5,128,1,128,-0.015549999999999953
MNIST_QNN_zz_r1_d6_s43,ideal_shot,mean_api_probabilities,learned_mlp_pv,5,repeat_20x128_minus_1x128,20,128,1,128,-0.013249999999999873
MNIST_QNN_zz_r1_d6_s43,ideal_shot,mean_api_probabilities,learned_mlp_pv,5,equal_total_5x512_minus_1x2560,5,512,1,2560,-0.035025000000000084
MNIST_QNN_zz_r1_d6_s43,ideal_shot,mean_api_probabilities,learned_mlp_pv,5,equal_total_20x128_minus_1x2560,20,128,1,2560,-0.06472500000000003
MNIST_QNN_zz_r1_d6_s43,ideal_shot,mean_api_probabilities,learned_mlp_pv,6,single_shot_512_minus_128,1,512,1,128,0.011249999999999982
MNIST_QNN_zz_r1_d6_s43,ideal_shot,mean_api_probabilities,learned_mlp_pv,6,single_shot_2560_minus_128,1,2560,1,128,-0.003449999999999953
MNIST_QNN_zz_r1_d6_s43,ideal_shot,mean_api_probabilities,learned_mlp_pv,6,repeat_5x128_minus_1x128,5,128,1,128,-0.006924999999999959
MNIST_QNN_zz_r1_d6_s43,ideal_shot,mean_api_probabilities,learned_mlp_pv,6,repeat_20x128_minus_1x128,20,128,1,128,0.01629999999999998
MNIST_QNN_zz_r1_d6_s43,ideal_shot,mean_api_probabilities,learned_mlp_pv,6,equal_total_5x512_minus_1x2560,5,512,1,2560,0.00017499999999992522
MNIST_QNN_zz_r1_d6_s43,ideal_shot,mean_api_probabilities,learned_mlp_pv,6,equal_total_20x128_minus_1x2560,20,128,1,2560,0.019749999999999934
MNIST_QNN_zz_r1_d6_s43,ideal_shot,mean_api_probabilities,learned_mlp_pv,7,single_shot_512_minus_128,1,512,1,128,0.010149999999999992
MNIST_QNN_zz_r1_d6_s43,ideal_shot,mean_api_probabilities,learned_mlp_pv,7,single_shot_2560_minus_128,1,2560,1,128,0.05952500000000005
MNIST_QNN_zz_r1_d6_s43,ideal_shot,mean_api_probabilities,learned_mlp_pv,7,repeat_5x128_minus_1x128,5,128,1,128,0.053099999999999925
MNIST_QNN_zz_r1_d6_s43,ideal_shot,mean_api_probabilities,learned_mlp_pv,7,repeat_20x128_minus_1x128,20,128,1,128,0.02762500000000001
MNIST_QNN_zz_r1_d6_s43,ideal_shot,mean_api_probabilities,learned_mlp_pv,7,equal_total_5x512_minus_1x2560,5,512,1,2560,-0.0011499999999999844
MNIST_QNN_zz_r1_d6_s43,ideal_shot,mean_api_probabilities,learned_mlp_pv,7,equal_total_20x128_minus_1x2560,20,128,1,2560,-0.03190000000000004
MNIST_QNN_zz_r1_d6_s43,ideal_shot,mean_api_probabilities,learned_mlp_pv,8,single_shot_512_minus_128,1,512,1,128,0.042525000000000146
MNIST_QNN_zz_r1_d6_s43,ideal_shot,mean_api_probabilities,learned_mlp_pv,8,single_shot_2560_minus_128,1,2560,1,128,0.01980000000000015
MNIST_QNN_zz_r1_d6_s43,ideal_shot,mean_api_probabilities,learned_mlp_pv,8,repeat_5x128_minus_1x128,5,128,1,128,0.018400000000000083
MNIST_QNN_zz_r1_d6_s43,ideal_shot,mean_api_probabilities,learned_mlp_pv,8,repeat_20x128_minus_1x128,20,128,1,128,0.020175000000000054
MNIST_QNN_zz_r1_d6_s43,ideal_shot,mean_api_probabilities,learned_mlp_pv,8,equal_total_5x512_minus_1x2560,5,512,1,2560,0.013574999999999893
MNIST_QNN_zz_r1_d6_s43,ideal_shot,mean_api_probabilities,learned_mlp_pv,8,equal_total_20x128_minus_1x2560,20,128,1,2560,0.0003749999999999032
MNIST_QNN_zz_r1_d6_s43,ideal_shot,mean_api_probabilities,learned_mlp_pv,9,single_shot_512_minus_128,1,512,1,128,0.07155000000000017
MNIST_QNN_zz_r1_d6_s43,ideal_shot,mean_api_probabilities,learned_mlp_pv,9,single_shot_2560_minus_128,1,2560,1,128,0.06015000000000009
MNIST_QNN_zz_r1_d6_s43,ideal_shot,mean_api_probabilities,learned_mlp_pv,9,repeat_5x128_minus_1x128,5,128,1,128,0.07817500000000005
MNIST_QNN_zz_r1_d6_s43,ideal_shot,mean_api_probabilities,learned_mlp_pv,9,repeat_20x128_minus_1x128,20,128,1,128,0.07197500000000007
MNIST_QNN_zz_r1_d6_s43,ideal_shot,mean_api_probabilities,learned_mlp_pv,9,equal_total_5x512_minus_1x2560,5,512,1,2560,0.022475000000000023
MNIST_QNN_zz_r1_d6_s43,ideal_shot,mean_api_probabilities,learned_mlp_pv,9,equal_total_20x128_minus_1x2560,20,128,1,2560,0.011824999999999974
MNIST_QNN_zz_r1_d6_s43,ideal_shot,mean_api_probabilities,learned_mlp_pv_mean_std,0,single_shot_512_minus_128,1,512,1,128,0.018349999999999977
MNIST_QNN_zz_r1_d6_s43,ideal_shot,mean_api_probabilities,learned_mlp_pv_mean_std,0,single_shot_2560_minus_128,1,2560,1,128,-0.013850000000000029
MNIST_QNN_zz_r1_d6_s43,ideal_shot,mean_api_probabilities,learned_mlp_pv_mean_std,0,repeat_5x128_minus_1x128,5,128,1,128,-0.008724999999999983
MNIST_QNN_zz_r1_d6_s43,ideal_shot,mean_api_probabilities,learned_mlp_pv_mean_std,0,repeat_20x128_minus_1x128,20,128,1,128,-0.016799999999999926
MNIST_QNN_zz_r1_d6_s43,ideal_shot,mean_api_probabilities,learned_mlp_pv_mean_std,0,equal_total_5x512_minus_1x2560,5,512,1,2560,0.0024999999999999467
MNIST_QNN_zz_r1_d6_s43,ideal_shot,mean_api_probabilities,learned_mlp_pv_mean_std,0,equal_total_20x128_minus_1x2560,20,128,1,2560,-0.002949999999999897
MNIST_QNN_zz_r1_d6_s43,ideal_shot,mean_api_probabilities,learned_mlp_pv_mean_std,1,single_shot_512_minus_128,1,512,1,128,0.050125000000000086
MNIST_QNN_zz_r1_d6_s43,ideal_shot,mean_api_probabilities,learned_mlp_pv_mean_std,1,single_shot_2560_minus_128,1,2560,1,128,0.04800000000000004
MNIST_QNN_zz_r1_d6_s43,ideal_shot,mean_api_probabilities,learned_mlp_pv_mean_std,1,repeat_5x128_minus_1x128,5,128,1,128,0.022875000000000034
MNIST_QNN_zz_r1_d6_s43,ideal_shot,mean_api_probabilities,learned_mlp_pv_mean_std,1,repeat_20x128_minus_1x128,20,128,1,128,0.045500000000000096
MNIST_QNN_zz_r1_d6_s43,ideal_shot,mean_api_probabilities,learned_mlp_pv_mean_std,1,equal_total_5x512_minus_1x2560,5,512,1,2560,0.04027499999999995
MNIST_QNN_zz_r1_d6_s43,ideal_shot,mean_api_probabilities,learned_mlp_pv_mean_std,1,equal_total_20x128_minus_1x2560,20,128,1,2560,-0.0024999999999999467
MNIST_QNN_zz_r1_d6_s43,ideal_shot,mean_api_probabilities,learned_mlp_pv_mean_std,2,single_shot_512_minus_128,1,512,1,128,0.043849999999999945
MNIST_QNN_zz_r1_d6_s43,ideal_shot,mean_api_probabilities,learned_mlp_pv_mean_std,2,single_shot_2560_minus_128,1,2560,1,128,0.03742500000000004
MNIST_QNN_zz_r1_d6_s43,ideal_shot,mean_api_probabilities,learned_mlp_pv_mean_std,2,repeat_5x128_minus_1x128,5,128,1,128,0.028849999999999987
MNIST_QNN_zz_r1_d6_s43,ideal_shot,mean_api_probabilities,learned_mlp_pv_mean_std,2,repeat_20x128_minus_1x128,20,128,1,128,0.06614999999999993
MNIST_QNN_zz_r1_d6_s43,ideal_shot,mean_api_probabilities,learned_mlp_pv_mean_std,2,equal_total_5x512_minus_1x2560,5,512,1,2560,0.014249999999999985
MNIST_QNN_zz_r1_d6_s43,ideal_shot,mean_api_probabilities,learned_mlp_pv_mean_std,2,equal_total_20x128_minus_1x2560,20,128,1,2560,0.02872499999999989
MNIST_QNN_zz_r1_d6_s43,ideal_shot,mean_api_probabilities,learned_mlp_pv_mean_std,3,single_shot_512_minus_128,1,512,1,128,-0.002874999999999961
MNIST_QNN_zz_r1_d6_s43,ideal_shot,mean_api_probabilities,learned_mlp_pv_mean_std,3,single_shot_2560_minus_128,1,2560,1,128,-0.023800000000000043
MNIST_QNN_zz_r1_d6_s43,ideal_shot,mean_api_probabilities,learned_mlp_pv_mean_std,3,repeat_5x128_minus_1x128,5,128,1,128,-0.009399999999999964
MNIST_QNN_zz_r1_d6_s43,ideal_shot,mean_api_probabilities,learned_mlp_pv_mean_std,3,repeat_20x128_minus_1x128,20,128,1,128,-0.057050000000000045
MNIST_QNN_zz_r1_d6_s43,ideal_shot,mean_api_probabilities,learned_mlp_pv_mean_std,3,equal_total_5x512_minus_1x2560,5,512,1,2560,0.013249999999999984
MNIST_QNN_zz_r1_d6_s43,ideal_shot,mean_api_probabilities,learned_mlp_pv_mean_std,3,equal_total_20x128_minus_1x2560,20,128,1,2560,-0.03325
MNIST_QNN_zz_r1_d6_s43,ideal_shot,mean_api_probabilities,learned_mlp_pv_mean_std,4,single_shot_512_minus_128,1,512,1,128,0.006425000000000014
MNIST_QNN_zz_r1_d6_s43,ideal_shot,mean_api_probabilities,learned_mlp_pv_mean_std,4,single_shot_2560_minus_128,1,2560,1,128,0.0032250000000000334
MNIST_QNN_zz_r1_d6_s43,ideal_shot,mean_api_probabilities,learned_mlp_pv_mean_std,4,repeat_5x128_minus_1x128,5,128,1,128,-0.03417500000000001
MNIST_QNN_zz_r1_d6_s43,ideal_shot,mean_api_probabilities,learned_mlp_pv_mean_std,4,repeat_20x128_minus_1x128,20,128,1,128,0.005600000000000049
MNIST_QNN_zz_r1_d6_s43,ideal_shot,mean_api_probabilities,learned_mlp_pv_mean_std,4,equal_total_5x512_minus_1x2560,5,512,1,2560,-0.04510000000000003
MNIST_QNN_zz_r1_d6_s43,ideal_shot,mean_api_probabilities,learned_mlp_pv_mean_std,4,equal_total_20x128_minus_1x2560,20,128,1,2560,0.002375000000000016
MNIST_QNN_zz_r1_d6_s43,ideal_shot,mean_api_probabilities,learned_mlp_pv_mean_std,5,single_shot_512_minus_128,1,512,1,128,0.04037500000000005
MNIST_QNN_zz_r1_d6_s43,ideal_shot,mean_api_probabilities,learned_mlp_pv_mean_std,5,single_shot_2560_minus_128,1,2560,1,128,0.008950000000000014
MNIST_QNN_zz_r1_d6_s43,ideal_shot,mean_api_probabilities,learned_mlp_pv_mean_std,5,repeat_5x128_minus_1x128,5,128,1,128,0.0069750000000000645
MNIST_QNN_zz_r1_d6_s43,ideal_shot,mean_api_probabilities,learned_mlp_pv_mean_std,5,repeat_20x128_minus_1x128,20,128,1,128,-0.009824999999999973
MNIST_QNN_zz_r1_d6_s43,ideal_shot,mean_api_probabilities,learned_mlp_pv_mean_std,5,equal_total_5x512_minus_1x2560,5,512,1,2560,-0.03937499999999999
MNIST_QNN_zz_r1_d6_s43,ideal_shot,mean_api_probabilities,learned_mlp_pv_mean_std,5,equal_total_20x128_minus_1x2560,20,128,1,2560,-0.018774999999999986
MNIST_QNN_zz_r1_d6_s43,ideal_shot,mean_api_probabilities,learned_mlp_pv_mean_std,6,single_shot_512_minus_128,1,512,1,128,0.00847500000000001
MNIST_QNN_zz_r1_d6_s43,ideal_shot,mean_api_probabilities,learned_mlp_pv_mean_std,6,single_shot_2560_minus_128,1,2560,1,128,0.025275000000000047
MNIST_QNN_zz_r1_d6_s43,ideal_shot,mean_api_probabilities,learned_mlp_pv_mean_std,6,repeat_5x128_minus_1x128,5,128,1,128,0.0301499999999999
MNIST_QNN_zz_r1_d6_s43,ideal_shot,mean_api_probabilities,learned_mlp_pv_mean_std,6,repeat_20x128_minus_1x128,20,128,1,128,0.020625000000000004
MNIST_QNN_zz_r1_d6_s43,ideal_shot,mean_api_probabilities,learned_mlp_pv_mean_std,6,equal_total_5x512_minus_1x2560,5,512,1,2560,0.031649999999999956
MNIST_QNN_zz_r1_d6_s43,ideal_shot,mean_api_probabilities,learned_mlp_pv_mean_std,6,equal_total_20x128_minus_1x2560,20,128,1,2560,-0.004650000000000043
MNIST_QNN_zz_r1_d6_s43,ideal_shot,mean_api_probabilities,learned_mlp_pv_mean_std,7,single_shot_512_minus_128,1,512,1,128,-0.01050000000000001
MNIST_QNN_zz_r1_d6_s43,ideal_shot,mean_api_probabilities,learned_mlp_pv_mean_std,7,single_shot_2560_minus_128,1,2560,1,128,0.010350000000000137
MNIST_QNN_zz_r1_d6_s43,ideal_shot,mean_api_probabilities,learned_mlp_pv_mean_std,7,repeat_5x128_minus_1x128,5,128,1,128,0.0029000000000000137
MNIST_QNN_zz_r1_d6_s43,ideal_shot,mean_api_probabilities,learned_mlp_pv_mean_std,7,repeat_20x128_minus_1x128,20,128,1,128,0.010224999999999984
MNIST_QNN_zz_r1_d6_s43,ideal_shot,mean_api_probabilities,learned_mlp_pv_mean_std,7,equal_total_5x512_minus_1x2560,5,512,1,2560,0.005024999999999946
MNIST_QNN_zz_r1_d6_s43,ideal_shot,mean_api_probabilities,learned_mlp_pv_mean_std,7,equal_total_20x128_minus_1x2560,20,128,1,2560,-0.00012500000000015277
MNIST_QNN_zz_r1_d6_s43,ideal_shot,mean_api_probabilities,learned_mlp_pv_mean_std,8,single_shot_512_minus_128,1,512,1,128,0.020874999999999866
MNIST_QNN_zz_r1_d6_s43,ideal_shot,mean_api_probabilities,learned_mlp_pv_mean_std,8,single_shot_2560_minus_128,1,2560,1,128,0.02719999999999989
MNIST_QNN_zz_r1_d6_s43,ideal_shot,mean_api_probabilities,learned_mlp_pv_mean_std,8,repeat_5x128_minus_1x128,5,128,1,128,0.057050000000000045
MNIST_QNN_zz_r1_d6_s43,ideal_shot,mean_api_probabilities,learned_mlp_pv_mean_std,8,repeat_20x128_minus_1x128,20,128,1,128,0.04179999999999984
MNIST_QNN_zz_r1_d6_s43,ideal_shot,mean_api_probabilities,learned_mlp_pv_mean_std,8,equal_total_5x512_minus_1x2560,5,512,1,2560,-0.02739999999999998
MNIST_QNN_zz_r1_d6_s43,ideal_shot,mean_api_probabilities,learned_mlp_pv_mean_std,8,equal_total_20x128_minus_1x2560,20,128,1,2560,0.014599999999999946
MNIST_QNN_zz_r1_d6_s43,ideal_shot,mean_api_probabilities,learned_mlp_pv_mean_std,9,single_shot_512_minus_128,1,512,1,128,0.05757499999999993
MNIST_QNN_zz_r1_d6_s43,ideal_shot,mean_api_probabilities,learned_mlp_pv_mean_std,9,single_shot_2560_minus_128,1,2560,1,128,0.051574999999999926
MNIST_QNN_zz_r1_d6_s43,ideal_shot,mean_api_probabilities,learned_mlp_pv_mean_std,9,repeat_5x128_minus_1x128,5,128,1,128,0.03137500000000004
MNIST_QNN_zz_r1_d6_s43,ideal_shot,mean_api_probabilities,learned_mlp_pv_mean_std,9,repeat_20x128_minus_1x128,20,128,1,128,0.027774999999999994
MNIST_QNN_zz_r1_d6_s43,ideal_shot,mean_api_probabilities,learned_mlp_pv_mean_std,9,equal_total_5x512_minus_1x2560,5,512,1,2560,-0.015924999999999967
MNIST_QNN_zz_r1_d6_s43,ideal_shot,mean_api_probabilities,learned_mlp_pv_mean_std,9,equal_total_20x128_minus_1x2560,20,128,1,2560,-0.023799999999999932
MNIST_QNN_zz_r1_d6_s43,ideal_shot,mean_api_probabilities,loss,0,single_shot_512_minus_128,1,512,1,128,0.005550000000000166
MNIST_QNN_zz_r1_d6_s43,ideal_shot,mean_api_probabilities,loss,0,single_shot_2560_minus_128,1,2560,1,128,0.005850000000000022
MNIST_QNN_zz_r1_d6_s43,ideal_shot,mean_api_probabilities,loss,0,repeat_5x128_minus_1x128,5,128,1,128,-0.0027999999999999137
MNIST_QNN_zz_r1_d6_s43,ideal_shot,mean_api_probabilities,loss,0,repeat_20x128_minus_1x128,20,128,1,128,-0.01047499999999979
MNIST_QNN_zz_r1_d6_s43,ideal_shot,mean_api_probabilities,loss,0,equal_total_5x512_minus_1x2560,5,512,1,2560,-0.005124999999999935
MNIST_QNN_zz_r1_d6_s43,ideal_shot,mean_api_probabilities,loss,0,equal_total_20x128_minus_1x2560,20,128,1,2560,-0.016324999999999812
MNIST_QNN_zz_r1_d6_s43,ideal_shot,mean_api_probabilities,loss,1,single_shot_512_minus_128,1,512,1,128,0.01431249999999995
MNIST_QNN_zz_r1_d6_s43,ideal_shot,mean_api_probabilities,loss,1,single_shot_2560_minus_128,1,2560,1,128,0.01593750000000005
MNIST_QNN_zz_r1_d6_s43,ideal_shot,mean_api_probabilities,loss,1,repeat_5x128_minus_1x128,5,128,1,128,0.018762500000000015
MNIST_QNN_zz_r1_d6_s43,ideal_shot,mean_api_probabilities,loss,1,repeat_20x128_minus_1x128,20,128,1,128,0.012687499999999963
MNIST_QNN_zz_r1_d6_s43,ideal_shot,mean_api_probabilities,loss,1,equal_total_5x512_minus_1x2560,5,512,1,2560,0.00472500000000009
MNIST_QNN_zz_r1_d6_s43,ideal_shot,mean_api_probabilities,loss,1,equal_total_20x128_minus_1x2560,20,128,1,2560,-0.003250000000000086
MNIST_QNN_zz_r1_d6_s43,ideal_shot,mean_api_probabilities,loss,2,single_shot_512_minus_128,1,512,1,128,0.026249999999999885
MNIST_QNN_zz_r1_d6_s43,ideal_shot,mean_api_probabilities,loss,2,single_shot_2560_minus_128,1,2560,1,128,0.025499999999999967
MNIST_QNN_zz_r1_d6_s43,ideal_shot,mean_api_probabilities,loss,2,repeat_5x128_minus_1x128,5,128,1,128,0.009649999999999936
MNIST_QNN_zz_r1_d6_s43,ideal_shot,mean_api_probabilities,loss,2,repeat_20x128_minus_1x128,20,128,1,128,0.023349999999999982
MNIST_QNN_zz_r1_d6_s43,ideal_shot,mean_api_probabilities,loss,2,equal_total_5x512_minus_1x2560,5,512,1,2560,-0.0016250000000000986
MNIST_QNN_zz_r1_d6_s43,ideal_shot,mean_api_probabilities,loss,2,equal_total_20x128_minus_1x2560,20,128,1,2560,-0.0021499999999999853
MNIST_QNN_zz_r1_d6_s43,ideal_shot,mean_api_probabilities,loss,3,single_shot_512_minus_128,1,512,1,128,-0.002175000000000038
MNIST_QNN_zz_r1_d6_s43,ideal_shot,mean_api_probabilities,loss,3,single_shot_2560_minus_128,1,2560,1,128,0.005924999999999847
MNIST_QNN_zz_r1_d6_s43,ideal_shot,mean_api_probabilities,loss,3,repeat_5x128_minus_1x128,5,128,1,128,0.006549999999999945
MNIST_QNN_zz_r1_d6_s43,ideal_shot,mean_api_probabilities,loss,3,repeat_20x128_minus_1x128,20,128,1,128,-0.007349999999999968
MNIST_QNN_zz_r1_d6_s43,ideal_shot,mean_api_probabilities,loss,3,equal_total_5x512_minus_1x2560,5,512,1,2560,-0.0039999999999998925
MNIST_QNN_zz_r1_d6_s43,ideal_shot,mean_api_probabilities,loss,3,equal_total_20x128_minus_1x2560,20,128,1,2560,-0.013274999999999815
MNIST_QNN_zz_r1_d6_s43,ideal_shot,mean_api_probabilities,loss,4,single_shot_512_minus_128,1,512,1,128,0.0030000000000000027
MNIST_QNN_zz_r1_d6_s43,ideal_shot,mean_api_probabilities,loss,4,single_shot_2560_minus_128,1,2560,1,128,0.01165000000000005
MNIST_QNN_zz_r1_d6_s43,ideal_shot,mean_api_probabilities,loss,4,repeat_5x128_minus_1x128,5,128,1,128,0.011824999999999974
MNIST_QNN_zz_r1_d6_s43,ideal_shot,mean_api_probabilities,loss,4,repeat_20x128_minus_1x128,20,128,1,128,0.004000000000000115
MNIST_QNN_zz_r1_d6_s43,ideal_shot,mean_api_probabilities,loss,4,equal_total_5x512_minus_1x2560,5,512,1,2560,-0.008725000000000094
MNIST_QNN_zz_r1_d6_s43,ideal_shot,mean_api_probabilities,loss,4,equal_total_20x128_minus_1x2560,20,128,1,2560,-0.007649999999999935
MNIST_QNN_zz_r1_d6_s43,ideal_shot,mean_api_probabilities,loss,5,single_shot_512_minus_128,1,512,1,128,0.0005499999999999394
MNIST_QNN_zz_r1_d6_s43,ideal_shot,mean_api_probabilities,loss,5,single_shot_2560_minus_128,1,2560,1,128,-0.003950000000000009
MNIST_QNN_zz_r1_d6_s43,ideal_shot,mean_api_probabilities,loss,5,repeat_5x128_minus_1x128,5,128,1,128,-0.021500000000000075
MNIST_QNN_zz_r1_d6_s43,ideal_shot,mean_api_probabilities,loss,5,repeat_20x128_minus_1x128,20,128,1,128,-0.021850000000000036
MNIST_QNN_zz_r1_d6_s43,ideal_shot,mean_api_probabilities,loss,5,equal_total_5x512_minus_1x2560,5,512,1,2560,-0.004450000000000065
MNIST_QNN_zz_r1_d6_s43,ideal_shot,mean_api_probabilities,loss,5,equal_total_20x128_minus_1x2560,20,128,1,2560,-0.017900000000000027
MNIST_QNN_zz_r1_d6_s43,ideal_shot,mean_api_probabilities,loss,6,single_shot_512_minus_128,1,512,1,128,0.011775000000000091
MNIST_QNN_zz_r1_d6_s43,ideal_shot,mean_api_probabilities,loss,6,single_shot_2560_minus_128,1,2560,1,128,0.022150000000000114
MNIST_QNN_zz_r1_d6_s43,ideal_shot,mean_api_probabilities,loss,6,repeat_5x128_minus_1x128,5,128,1,128,0.009950000000000014
MNIST_QNN_zz_r1_d6_s43,ideal_shot,mean_api_probabilities,loss,6,repeat_20x128_minus_1x128,20,128,1,128,0.014449999999999963
MNIST_QNN_zz_r1_d6_s43,ideal_shot,mean_api_probabilities,loss,6,equal_total_5x512_minus_1x2560,5,512,1,2560,-0.006425000000000125
MNIST_QNN_zz_r1_d6_s43,ideal_shot,mean_api_probabilities,loss,6,equal_total_20x128_minus_1x2560,20,128,1,2560,-0.007700000000000151
MNIST_QNN_zz_r1_d6_s43,ideal_shot,mean_api_probabilities,loss,7,single_shot_512_minus_128,1,512,1,128,0.022837499999999955
MNIST_QNN_zz_r1_d6_s43,ideal_shot,mean_api_probabilities,loss,7,single_shot_2560_minus_128,1,2560,1,128,0.030637499999999984
MNIST_QNN_zz_r1_d6_s43,ideal_shot,mean_api_probabilities,loss,7,repeat_5x128_minus_1x128,5,128,1,128,0.009437499999999988
MNIST_QNN_zz_r1_d6_s43,ideal_shot,mean_api_probabilities,loss,7,repeat_20x128_minus_1x128,20,128,1,128,0.024912500000000004
MNIST_QNN_zz_r1_d6_s43,ideal_shot,mean_api_probabilities,loss,7,equal_total_5x512_minus_1x2560,5,512,1,2560,-0.00572499999999998
MNIST_QNN_zz_r1_d6_s43,ideal_shot,mean_api_probabilities,loss,7,equal_total_20x128_minus_1x2560,20,128,1,2560,-0.00572499999999998
MNIST_QNN_zz_r1_d6_s43,ideal_shot,mean_api_probabilities,loss,8,single_shot_512_minus_128,1,512,1,128,0.03330000000000011
MNIST_QNN_zz_r1_d6_s43,ideal_shot,mean_api_probabilities,loss,8,single_shot_2560_minus_128,1,2560,1,128,0.03202499999999997
MNIST_QNN_zz_r1_d6_s43,ideal_shot,mean_api_probabilities,loss,8,repeat_5x128_minus_1x128,5,128,1,128,0.014724999999999988
MNIST_QNN_zz_r1_d6_s43,ideal_shot,mean_api_probabilities,loss,8,repeat_20x128_minus_1x128,20,128,1,128,0.026050000000000018
MNIST_QNN_zz_r1_d6_s43,ideal_shot,mean_api_probabilities,loss,8,equal_total_5x512_minus_1x2560,5,512,1,2560,-0.0023250000000000215
MNIST_QNN_zz_r1_d6_s43,ideal_shot,mean_api_probabilities,loss,8,equal_total_20x128_minus_1x2560,20,128,1,2560,-0.005974999999999953
MNIST_QNN_zz_r1_d6_s43,ideal_shot,mean_api_probabilities,loss,9,single_shot_512_minus_128,1,512,1,128,-0.0006750000000000922
MNIST_QNN_zz_r1_d6_s43,ideal_shot,mean_api_probabilities,loss,9,single_shot_2560_minus_128,1,2560,1,128,0.004874999999999852
MNIST_QNN_zz_r1_d6_s43,ideal_shot,mean_api_probabilities,loss,9,repeat_5x128_minus_1x128,5,128,1,128,-0.0027000000000000357
MNIST_QNN_zz_r1_d6_s43,ideal_shot,mean_api_probabilities,loss,9,repeat_20x128_minus_1x128,20,128,1,128,0.0030999999999998806
MNIST_QNN_zz_r1_d6_s43,ideal_shot,mean_api_probabilities,loss,9,equal_total_5x512_minus_1x2560,5,512,1,2560,-0.0011750000000000371
MNIST_QNN_zz_r1_d6_s43,ideal_shot,mean_api_probabilities,loss,9,equal_total_20x128_minus_1x2560,20,128,1,2560,-0.001774999999999971
MNIST_QNN_zz_r1_d6_s43,ideal_shot,mean_api_probabilities,margin,0,single_shot_512_minus_128,1,512,1,128,0.00967499999999999
MNIST_QNN_zz_r1_d6_s43,ideal_shot,mean_api_probabilities,margin,0,single_shot_2560_minus_128,1,2560,1,128,0.010250000000000092
MNIST_QNN_zz_r1_d6_s43,ideal_shot,mean_api_probabilities,margin,0,repeat_5x128_minus_1x128,5,128,1,128,0.0014500000000000624
MNIST_QNN_zz_r1_d6_s43,ideal_shot,mean_api_probabilities,margin,0,repeat_20x128_minus_1x128,20,128,1,128,-0.009299999999999975
MNIST_QNN_zz_r1_d6_s43,ideal_shot,mean_api_probabilities,margin,0,equal_total_5x512_minus_1x2560,5,512,1,2560,-0.007750000000000035
MNIST_QNN_zz_r1_d6_s43,ideal_shot,mean_api_probabilities,margin,0,equal_total_20x128_minus_1x2560,20,128,1,2560,-0.019550000000000067
MNIST_QNN_zz_r1_d6_s43,ideal_shot,mean_api_probabilities,margin,1,single_shot_512_minus_128,1,512,1,128,0.029249999999999998
MNIST_QNN_zz_r1_d6_s43,ideal_shot,mean_api_probabilities,margin,1,single_shot_2560_minus_128,1,2560,1,128,0.03772500000000001
MNIST_QNN_zz_r1_d6_s43,ideal_shot,mean_api_probabilities,margin,1,repeat_5x128_minus_1x128,5,128,1,128,0.03132500000000005
MNIST_QNN_zz_r1_d6_s43,ideal_shot,mean_api_probabilities,margin,1,repeat_20x128_minus_1x128,20,128,1,128,0.022950000000000026
MNIST_QNN_zz_r1_d6_s43,ideal_shot,mean_api_probabilities,margin,1,equal_total_5x512_minus_1x2560,5,512,1,2560,-0.006524999999999892
MNIST_QNN_zz_r1_d6_s43,ideal_shot,mean_api_probabilities,margin,1,equal_total_20x128_minus_1x2560,20,128,1,2560,-0.014774999999999983
MNIST_QNN_zz_r1_d6_s43,ideal_shot,mean_api_probabilities,margin,2,single_shot_512_minus_128,1,512,1,128,0.04697499999999988
MNIST_QNN_zz_r1_d6_s43,ideal_shot,mean_api_probabilities,margin,2,single_shot_2560_minus_128,1,2560,1,128,0.04277500000000012
MNIST_QNN_zz_r1_d6_s43,ideal_shot,mean_api_probabilities,margin,2,repeat_5x128_minus_1x128,5,128,1,128,0.027650000000000063
MNIST_QNN_zz_r1_d6_s43,ideal_shot,mean_api_probabilities,margin,2,repeat_20x128_minus_1x128,20,128,1,128,0.03979999999999995
MNIST_QNN_zz_r1_d6_s43,ideal_shot,mean_api_probabilities,margin,2,equal_total_5x512_minus_1x2560,5,512,1,2560,0.0016999999999998128
MNIST_QNN_zz_r1_d6_s43,ideal_shot,mean_api_probabilities,margin,2,equal_total_20x128_minus_1x2560,20,128,1,2560,-0.002975000000000172
MNIST_QNN_zz_r1_d6_s43,ideal_shot,mean_api_probabilities,margin,3,single_shot_512_minus_128,1,512,1,128,0.0011499999999999844
MNIST_QNN_zz_r1_d6_s43,ideal_shot,mean_api_probabilities,margin,3,single_shot_2560_minus_128,1,2560,1,128,0.007874999999999965
MNIST_QNN_zz_r1_d6_s43,ideal_shot,mean_api_probabilities,margin,3,repeat_5x128_minus_1x128,5,128,1,128,0.011425000000000018
MNIST_QNN_zz_r1_d6_s43,ideal_shot,mean_api_probabilities,margin,3,repeat_20x128_minus_1x128,20,128,1,128,-0.0039000000000000146
MNIST_QNN_zz_r1_d6_s43,ideal_shot,mean_api_probabilities,margin,3,equal_total_5x512_minus_1x2560,5,512,1,2560,-0.0011499999999999844
MNIST_QNN_zz_r1_d6_s43,ideal_shot,mean_api_probabilities,margin,3,equal_total_20x128_minus_1x2560,20,128,1,2560,-0.01177499999999998
MNIST_QNN_zz_r1_d6_s43,ideal_shot,mean_api_probabilities,margin,4,single_shot_512_minus_128,1,512,1,128,-7.500000000004725e-05
MNIST_QNN_zz_r1_d6_s43,ideal_shot,mean_api_probabilities,margin,4,single_shot_2560_minus_128,1,2560,1,128,0.019674999999999887
MNIST_QNN_zz_r1_d6_s43,ideal_shot,mean_api_probabilities,margin,4,repeat_5x128_minus_1x128,5,128,1,128,0.010449999999999848
MNIST_QNN_zz_r1_d6_s43,ideal_shot,mean_api_probabilities,margin,4,repeat_20x128_minus_1x128,20,128,1,128,0.01024999999999987
MNIST_QNN_zz_r1_d6_s43,ideal_shot,mean_api_probabilities,margin,4,equal_total_5x512_minus_1x2560,5,512,1,2560,-0.011674999999999991
MNIST_QNN_zz_r1_d6_s43,ideal_shot,mean_api_probabilities,margin,4,equal_total_20x128_minus_1x2560,20,128,1,2560,-0.009425000000000017
MNIST_QNN_zz_r1_d6_s43,ideal_shot,mean_api_probabilities,margin,5,single_shot_512_minus_128,1,512,1,128,0.015349999999999975
MNIST_QNN_zz_r1_d6_s43,ideal_shot,mean_api_probabilities,margin,5,single_shot_2560_minus_128,1,2560,1,128,0.0011750000000000371
MNIST_QNN_zz_r1_d6_s43,ideal_shot,mean_api_probabilities,margin,5,repeat_5x128_minus_1x128,5,128,1,128,-0.03297499999999998
MNIST_QNN_zz_r1_d6_s43,ideal_shot,mean_api_probabilities,margin,5,repeat_20x128_minus_1x128,20,128,1,128,-0.021050000000000013
MNIST_QNN_zz_r1_d6_s43,ideal_shot,mean_api_probabilities,margin,5,equal_total_5x512_minus_1x2560,5,512,1,2560,-0.009299999999999975
MNIST_QNN_zz_r1_d6_s43,ideal_shot,mean_api_probabilities,margin,5,equal_total_20x128_minus_1x2560,20,128,1,2560,-0.02222500000000005
MNIST_QNN_zz_r1_d6_s43,ideal_shot,mean_api_probabilities,margin,6,single_shot_512_minus_128,1,512,1,128,0.01397500000000007
MNIST_QNN_zz_r1_d6_s43,ideal_shot,mean_api_probabilities,margin,6,single_shot_2560_minus_128,1,2560,1,128,0.015100000000000002
MNIST_QNN_zz_r1_d6_s43,ideal_shot,mean_api_probabilities,margin,6,repeat_5x128_minus_1x128,5,128,1,128,0.015650000000000053
MNIST_QNN_zz_r1_d6_s43,ideal_shot,mean_api_probabilities,margin,6,repeat_20x128_minus_1x128,20,128,1,128,0.012599999999999945
MNIST_QNN_zz_r1_d6_s43,ideal_shot,mean_api_probabilities,margin,6,equal_total_5x512_minus_1x2560,5,512,1,2560,0.0015499999999999403
MNIST_QNN_zz_r1_d6_s43,ideal_shot,mean_api_probabilities,margin,6,equal_total_20x128_minus_1x2560,20,128,1,2560,-0.0025000000000000577
MNIST_QNN_zz_r1_d6_s43,ideal_shot,mean_api_probabilities,margin,7,single_shot_512_minus_128,1,512,1,128,0.02134999999999998
MNIST_QNN_zz_r1_d6_s43,ideal_shot,mean_api_probabilities,margin,7,single_shot_2560_minus_128,1,2560,1,128,0.029299999999999993
MNIST_QNN_zz_r1_d6_s43,ideal_shot,mean_api_probabilities,margin,7,repeat_5x128_minus_1x128,5,128,1,128,0.005349999999999966
MNIST_QNN_zz_r1_d6_s43,ideal_shot,mean_api_probabilities,margin,7,repeat_20x128_minus_1x128,20,128,1,128,0.023525000000000018
MNIST_QNN_zz_r1_d6_s43,ideal_shot,mean_api_probabilities,margin,7,equal_total_5x512_minus_1x2560,5,512,1,2560,-0.004749999999999921
MNIST_QNN_zz_r1_d6_s43,ideal_shot,mean_api_probabilities,margin,7,equal_total_20x128_minus_1x2560,20,128,1,2560,-0.005774999999999975
MNIST_QNN_zz_r1_d6_s43,ideal_shot,mean_api_probabilities,margin,8,single_shot_512_minus_128,1,512,1,128,0.03839999999999999
MNIST_QNN_zz_r1_d6_s43,ideal_shot,mean_api_probabilities,margin,8,single_shot_2560_minus_128,1,2560,1,128,0.041325000000000056
MNIST_QNN_zz_r1_d6_s43,ideal_shot,mean_api_probabilities,margin,8,repeat_5x128_minus_1x128,5,128,1,128,0.020275000000000043
MNIST_QNN_zz_r1_d6_s43,ideal_shot,mean_api_probabilities,margin,8,repeat_20x128_minus_1x128,20,128,1,128,0.03950000000000009
MNIST_QNN_zz_r1_d6_s43,ideal_shot,mean_api_probabilities,margin,8,equal_total_5x512_minus_1x2560,5,512,1,2560,-0.004375000000000018
MNIST_QNN_zz_r1_d6_s43,ideal_shot,mean_api_probabilities,margin,8,equal_total_20x128_minus_1x2560,20,128,1,2560,-0.0018249999999999655
MNIST_QNN_zz_r1_d6_s43,ideal_shot,mean_api_probabilities,margin,9,single_shot_512_minus_128,1,512,1,128,0.0062749999999999195
MNIST_QNN_zz_r1_d6_s43,ideal_shot,mean_api_probabilities,margin,9,single_shot_2560_minus_128,1,2560,1,128,0.014600000000000057
MNIST_QNN_zz_r1_d6_s43,ideal_shot,mean_api_probabilities,margin,9,repeat_5x128_minus_1x128,5,128,1,128,-2.4999999999941735e-05
MNIST_QNN_zz_r1_d6_s43,ideal_shot,mean_api_probabilities,margin,9,repeat_20x128_minus_1x128,20,128,1,128,0.009699999999999931
MNIST_QNN_zz_r1_d6_s43,ideal_shot,mean_api_probabilities,margin,9,equal_total_5x512_minus_1x2560,5,512,1,2560,-0.0017000000000001458
MNIST_QNN_zz_r1_d6_s43,ideal_shot,mean_api_probabilities,margin,9,equal_total_20x128_minus_1x2560,20,128,1,2560,-0.0049000000000001265
MNIST_QNN_zz_r1_d6_s43,noisy_shot,mean_api_probabilities,confidence,0,single_shot_512_minus_128,1,512,1,128,0.04194999999999999
MNIST_QNN_zz_r1_d6_s43,noisy_shot,mean_api_probabilities,confidence,0,single_shot_2560_minus_128,1,2560,1,128,0.05604999999999999
MNIST_QNN_zz_r1_d6_s43,noisy_shot,mean_api_probabilities,confidence,0,repeat_5x128_minus_1x128,5,128,1,128,0.02987499999999993
MNIST_QNN_zz_r1_d6_s43,noisy_shot,mean_api_probabilities,confidence,0,repeat_20x128_minus_1x128,20,128,1,128,0.03892500000000004
MNIST_QNN_zz_r1_d6_s43,noisy_shot,mean_api_probabilities,confidence,0,equal_total_5x512_minus_1x2560,5,512,1,2560,-0.0031000000000001027
MNIST_QNN_zz_r1_d6_s43,noisy_shot,mean_api_probabilities,confidence,0,equal_total_20x128_minus_1x2560,20,128,1,2560,-0.017124999999999946
MNIST_QNN_zz_r1_d6_s43,noisy_shot,mean_api_probabilities,confidence,1,single_shot_512_minus_128,1,512,1,128,0.00672499999999987
MNIST_QNN_zz_r1_d6_s43,noisy_shot,mean_api_probabilities,confidence,1,single_shot_2560_minus_128,1,2560,1,128,0.02429999999999999
MNIST_QNN_zz_r1_d6_s43,noisy_shot,mean_api_probabilities,confidence,1,repeat_5x128_minus_1x128,5,128,1,128,0.031299999999999994
MNIST_QNN_zz_r1_d6_s43,noisy_shot,mean_api_probabilities,confidence,1,repeat_20x128_minus_1x128,20,128,1,128,0.019000000000000017
MNIST_QNN_zz_r1_d6_s43,noisy_shot,mean_api_probabilities,confidence,1,equal_total_5x512_minus_1x2560,5,512,1,2560,0.006024999999999947
MNIST_QNN_zz_r1_d6_s43,noisy_shot,mean_api_probabilities,confidence,1,equal_total_20x128_minus_1x2560,20,128,1,2560,-0.005299999999999971
MNIST_QNN_zz_r1_d6_s43,noisy_shot,mean_api_probabilities,confidence,2,single_shot_512_minus_128,1,512,1,128,0.016549999999999843
MNIST_QNN_zz_r1_d6_s43,noisy_shot,mean_api_probabilities,confidence,2,single_shot_2560_minus_128,1,2560,1,128,0.031424999999999925
MNIST_QNN_zz_r1_d6_s43,noisy_shot,mean_api_probabilities,confidence,2,repeat_5x128_minus_1x128,5,128,1,128,0.0020000000000000018
MNIST_QNN_zz_r1_d6_s43,noisy_shot,mean_api_probabilities,confidence,2,repeat_20x128_minus_1x128,20,128,1,128,0.025674999999999892
MNIST_QNN_zz_r1_d6_s43,noisy_shot,mean_api_probabilities,confidence,2,equal_total_5x512_minus_1x2560,5,512,1,2560,-0.008950000000000125
MNIST_QNN_zz_r1_d6_s43,noisy_shot,mean_api_probabilities,confidence,2,equal_total_20x128_minus_1x2560,20,128,1,2560,-0.005750000000000033
MNIST_QNN_zz_r1_d6_s43,noisy_shot,mean_api_probabilities,confidence,3,single_shot_512_minus_128,1,512,1,128,0.0001375000000000126
MNIST_QNN_zz_r1_d6_s43,noisy_shot,mean_api_probabilities,confidence,3,single_shot_2560_minus_128,1,2560,1,128,0.01861249999999992
MNIST_QNN_zz_r1_d6_s43,noisy_shot,mean_api_probabilities,confidence,3,repeat_5x128_minus_1x128,5,128,1,128,0.0048874999999999336
MNIST_QNN_zz_r1_d6_s43,noisy_shot,mean_api_probabilities,confidence,3,repeat_20x128_minus_1x128,20,128,1,128,0.007187499999999902
MNIST_QNN_zz_r1_d6_s43,noisy_shot,mean_api_probabilities,confidence,3,equal_total_5x512_minus_1x2560,5,512,1,2560,0.0013500000000000734
MNIST_QNN_zz_r1_d6_s43,noisy_shot,mean_api_probabilities,confidence,3,equal_total_20x128_minus_1x2560,20,128,1,2560,-0.011425000000000018
MNIST_QNN_zz_r1_d6_s43,noisy_shot,mean_api_probabilities,confidence,4,single_shot_512_minus_128,1,512,1,128,0.05852499999999994
MNIST_QNN_zz_r1_d6_s43,noisy_shot,mean_api_probabilities,confidence,4,single_shot_2560_minus_128,1,2560,1,128,0.05752499999999994
MNIST_QNN_zz_r1_d6_s43,noisy_shot,mean_api_probabilities,confidence,4,repeat_5x128_minus_1x128,5,128,1,128,0.022974999999999968
MNIST_QNN_zz_r1_d6_s43,noisy_shot,mean_api_probabilities,confidence,4,repeat_20x128_minus_1x128,20,128,1,128,0.019674999999999887
MNIST_QNN_zz_r1_d6_s43,noisy_shot,mean_api_probabilities,confidence,4,equal_total_5x512_minus_1x2560,5,512,1,2560,-0.031399999999999983
MNIST_QNN_zz_r1_d6_s43,noisy_shot,mean_api_probabilities,confidence,4,equal_total_20x128_minus_1x2560,20,128,1,2560,-0.03785000000000005
MNIST_QNN_zz_r1_d6_s43,noisy_shot,mean_api_probabilities,confidence,5,single_shot_512_minus_128,1,512,1,128,0.016024999999999956
MNIST_QNN_zz_r1_d6_s43,noisy_shot,mean_api_probabilities,confidence,5,single_shot_2560_minus_128,1,2560,1,128,0.00527500000000003
MNIST_QNN_zz_r1_d6_s43,noisy_shot,mean_api_probabilities,confidence,5,repeat_5x128_minus_1x128,5,128,1,128,-0.023800000000000043
MNIST_QNN_zz_r1_d6_s43,noisy_shot,mean_api_probabilities,confidence,5,repeat_20x128_minus_1x128,20,128,1,128,-0.003750000000000031
MNIST_QNN_zz_r1_d6_s43,noisy_shot,mean_api_probabilities,confidence,5,equal_total_5x512_minus_1x2560,5,512,1,2560,-0.010275000000000145
MNIST_QNN_zz_r1_d6_s43,noisy_shot,mean_api_probabilities,confidence,5,equal_total_20x128_minus_1x2560,20,128,1,2560,-0.00902500000000006
MNIST_QNN_zz_r1_d6_s43,noisy_shot,mean_api_probabilities,confidence,6,single_shot_512_minus_128,1,512,1,128,-0.029974999999999974
MNIST_QNN_zz_r1_d6_s43,noisy_shot,mean_api_probabilities,confidence,6,single_shot_2560_minus_128,1,2560,1,128,-0.029449999999999976
MNIST_QNN_zz_r1_d6_s43,noisy_shot,mean_api_probabilities,confidence,6,repeat_5x128_minus_1x128,5,128,1,128,-0.027974999999999972
MNIST_QNN_zz_r1_d6_s43,noisy_shot,mean_api_probabilities,confidence,6,repeat_20x128_minus_1x128,20,128,1,128,-0.026399999999999868
MNIST_QNN_zz_r1_d6_s43,noisy_shot,mean_api_probabilities,confidence,6,equal_total_5x512_minus_1x2560,5,512,1,2560,-0.006225000000000036
MNIST_QNN_zz_r1_d6_s43,noisy_shot,mean_api_probabilities,confidence,6,equal_total_20x128_minus_1x2560,20,128,1,2560,0.003050000000000108
MNIST_QNN_zz_r1_d6_s43,noisy_shot,mean_api_probabilities,confidence,7,single_shot_512_minus_128,1,512,1,128,0.030799999999999994
MNIST_QNN_zz_r1_d6_s43,noisy_shot,mean_api_probabilities,confidence,7,single_shot_2560_minus_128,1,2560,1,128,0.04275000000000001
MNIST_QNN_zz_r1_d6_s43,noisy_shot,mean_api_probabilities,confidence,7,repeat_5x128_minus_1x128,5,128,1,128,0.01667500000000005
MNIST_QNN_zz_r1_d6_s43,noisy_shot,mean_api_probabilities,confidence,7,repeat_20x128_minus_1x128,20,128,1,128,0.03602499999999992
MNIST_QNN_zz_r1_d6_s43,noisy_shot,mean_api_probabilities,confidence,7,equal_total_5x512_minus_1x2560,5,512,1,2560,-0.0019249999999999545
MNIST_QNN_zz_r1_d6_s43,noisy_shot,mean_api_probabilities,confidence,7,equal_total_20x128_minus_1x2560,20,128,1,2560,-0.006725000000000092
MNIST_QNN_zz_r1_d6_s43,noisy_shot,mean_api_probabilities,confidence,8,single_shot_512_minus_128,1,512,1,128,0.03839999999999999
MNIST_QNN_zz_r1_d6_s43,noisy_shot,mean_api_probabilities,confidence,8,single_shot_2560_minus_128,1,2560,1,128,0.03959999999999997
MNIST_QNN_zz_r1_d6_s43,noisy_shot,mean_api_probabilities,confidence,8,repeat_5x128_minus_1x128,5,128,1,128,0.011475000000000013
MNIST_QNN_zz_r1_d6_s43,noisy_shot,mean_api_probabilities,confidence,8,repeat_20x128_minus_1x128,20,128,1,128,0.047150000000000025
MNIST_QNN_zz_r1_d6_s43,noisy_shot,mean_api_probabilities,confidence,8,equal_total_5x512_minus_1x2560,5,512,1,2560,0.005250000000000088
MNIST_QNN_zz_r1_d6_s43,noisy_shot,mean_api_probabilities,confidence,8,equal_total_20x128_minus_1x2560,20,128,1,2560,0.007550000000000057
MNIST_QNN_zz_r1_d6_s43,noisy_shot,mean_api_probabilities,confidence,9,single_shot_512_minus_128,1,512,1,128,0.07774999999999999
MNIST_QNN_zz_r1_d6_s43,noisy_shot,mean_api_probabilities,confidence,9,single_shot_2560_minus_128,1,2560,1,128,0.07467499999999994
MNIST_QNN_zz_r1_d6_s43,noisy_shot,mean_api_probabilities,confidence,9,repeat_5x128_minus_1x128,5,128,1,128,0.05377500000000002
MNIST_QNN_zz_r1_d6_s43,noisy_shot,mean_api_probabilities,confidence,9,repeat_20x128_minus_1x128,20,128,1,128,0.06152499999999994
MNIST_QNN_zz_r1_d6_s43,noisy_shot,mean_api_probabilities,confidence,9,equal_total_5x512_minus_1x2560,5,512,1,2560,0.005250000000000088
MNIST_QNN_zz_r1_d6_s43,noisy_shot,mean_api_probabilities,confidence,9,equal_total_20x128_minus_1x2560,20,128,1,2560,-0.013149999999999995
MNIST_QNN_zz_r1_d6_s43,noisy_shot,mean_api_probabilities,correctness,0,single_shot_512_minus_128,1,512,1,128,-0.01749999999999996
MNIST_QNN_zz_r1_d6_s43,noisy_shot,mean_api_probabilities,correctness,0,single_shot_2560_minus_128,1,2560,1,128,-0.0024999999999998357
MNIST_QNN_zz_r1_d6_s43,noisy_shot,mean_api_probabilities,correctness,0,repeat_5x128_minus_1x128,5,128,1,128,-0.004999999999999893
MNIST_QNN_zz_r1_d6_s43,noisy_shot,mean_api_probabilities,correctness,0,repeat_20x128_minus_1x128,20,128,1,128,0.007500000000000173
MNIST_QNN_zz_r1_d6_s43,noisy_shot,mean_api_probabilities,correctness,0,equal_total_5x512_minus_1x2560,5,512,1,2560,-0.007500000000000062
MNIST_QNN_zz_r1_d6_s43,noisy_shot,mean_api_probabilities,correctness,0,equal_total_20x128_minus_1x2560,20,128,1,2560,0.010000000000000009
MNIST_QNN_zz_r1_d6_s43,noisy_shot,mean_api_probabilities,correctness,1,single_shot_512_minus_128,1,512,1,128,0.050000000000000155
MNIST_QNN_zz_r1_d6_s43,noisy_shot,mean_api_probabilities,correctness,1,single_shot_2560_minus_128,1,2560,1,128,0.0525000000000001
MNIST_QNN_zz_r1_d6_s43,noisy_shot,mean_api_probabilities,correctness,1,repeat_5x128_minus_1x128,5,128,1,128,0.032500000000000084
MNIST_QNN_zz_r1_d6_s43,noisy_shot,mean_api_probabilities,correctness,1,repeat_20x128_minus_1x128,20,128,1,128,0.0525000000000001
MNIST_QNN_zz_r1_d6_s43,noisy_shot,mean_api_probabilities,correctness,1,equal_total_5x512_minus_1x2560,5,512,1,2560,-0.004999999999999893
MNIST_QNN_zz_r1_d6_s43,noisy_shot,mean_api_probabilities,correctness,1,equal_total_20x128_minus_1x2560,20,128,1,2560,0.0
MNIST_QNN_zz_r1_d6_s43,noisy_shot,mean_api_probabilities,correctness,2,single_shot_512_minus_128,1,512,1,128,0.039999999999999925
MNIST_QNN_zz_r1_d6_s43,noisy_shot,mean_api_probabilities,correctness,2,single_shot_2560_minus_128,1,2560,1,128,0.06500000000000006
MNIST_QNN_zz_r1_d6_s43,noisy_shot,mean_api_probabilities,correctness,2,repeat_5x128_minus_1x128,5,128,1,128,0.0675
MNIST_QNN_zz_r1_d6_s43,noisy_shot,mean_api_probabilities,correctness,2,repeat_20x128_minus_1x128,20,128,1,128,0.057499999999999996
MNIST_QNN_zz_r1_d6_s43,noisy_shot,mean_api_probabilities,correctness,2,equal_total_5x512_minus_1x2560,5,512,1,2560,-0.0025000000000000577
MNIST_QNN_zz_r1_d6_s43,noisy_shot,mean_api_probabilities,correctness,2,equal_total_20x128_minus_1x2560,20,128,1,2560,-0.007500000000000062
MNIST_QNN_zz_r1_d6_s43,noisy_shot,mean_api_probabilities,correctness,3,single_shot_512_minus_128,1,512,1,128,0.03749999999999998
MNIST_QNN_zz_r1_d6_s43,noisy_shot,mean_api_probabilities,correctness,3,single_shot_2560_minus_128,1,2560,1,128,0.04499999999999993
MNIST_QNN_zz_r1_d6_s43,noisy_shot,mean_api_probabilities,correctness,3,repeat_5x128_minus_1x128,5,128,1,128,0.02749999999999997
MNIST_QNN_zz_r1_d6_s43,noisy_shot,mean_api_probabilities,correctness,3,repeat_20x128_minus_1x128,20,128,1,128,0.03500000000000003
MNIST_QNN_zz_r1_d6_s43,noisy_shot,mean_api_probabilities,correctness,3,equal_total_5x512_minus_1x2560,5,512,1,2560,-0.004999999999999893
MNIST_QNN_zz_r1_d6_s43,noisy_shot,mean_api_probabilities,correctness,3,equal_total_20x128_minus_1x2560,20,128,1,2560,-0.009999999999999898
MNIST_QNN_zz_r1_d6_s43,noisy_shot,mean_api_probabilities,correctness,4,single_shot_512_minus_128,1,512,1,128,0.02749999999999997
MNIST_QNN_zz_r1_d6_s43,noisy_shot,mean_api_probabilities,correctness,4,single_shot_2560_minus_128,1,2560,1,128,0.022499999999999964
MNIST_QNN_zz_r1_d6_s43,noisy_shot,mean_api_probabilities,correctness,4,repeat_5x128_minus_1x128,5,128,1,128,0.01749999999999996
MNIST_QNN_zz_r1_d6_s43,noisy_shot,mean_api_probabilities,correctness,4,repeat_20x128_minus_1x128,20,128,1,128,-0.0025000000000000577
MNIST_QNN_zz_r1_d6_s43,noisy_shot,mean_api_probabilities,correctness,4,equal_total_5x512_minus_1x2560,5,512,1,2560,0.0024999999999999467
MNIST_QNN_zz_r1_d6_s43,noisy_shot,mean_api_probabilities,correctness,4,equal_total_20x128_minus_1x2560,20,128,1,2560,-0.025000000000000022
MNIST_QNN_zz_r1_d6_s43,noisy_shot,mean_api_probabilities,correctness,5,single_shot_512_minus_128,1,512,1,128,0.010000000000000009
MNIST_QNN_zz_r1_d6_s43,noisy_shot,mean_api_probabilities,correctness,5,single_shot_2560_minus_128,1,2560,1,128,0.03750000000000009
MNIST_QNN_zz_r1_d6_s43,noisy_shot,mean_api_probabilities,correctness,5,repeat_5x128_minus_1x128,5,128,1,128,0.03750000000000009
MNIST_QNN_zz_r1_d6_s43,noisy_shot,mean_api_probabilities,correctness,5,repeat_20x128_minus_1x128,20,128,1,128,0.040000000000000036
MNIST_QNN_zz_r1_d6_s43,noisy_shot,mean_api_probabilities,correctness,5,equal_total_5x512_minus_1x2560,5,512,1,2560,-0.022500000000000075
MNIST_QNN_zz_r1_d6_s43,noisy_shot,mean_api_probabilities,correctness,5,equal_total_20x128_minus_1x2560,20,128,1,2560,0.0024999999999999467
MNIST_QNN_zz_r1_d6_s43,noisy_shot,mean_api_probabilities,correctness,6,single_shot_512_minus_128,1,512,1,128,0.010000000000000009
MNIST_QNN_zz_r1_d6_s43,noisy_shot,mean_api_probabilities,correctness,6,single_shot_2560_minus_128,1,2560,1,128,0.040000000000000036
MNIST_QNN_zz_r1_d6_s43,noisy_shot,mean_api_probabilities,correctness,6,repeat_5x128_minus_1x128,5,128,1,128,0.03500000000000003
MNIST_QNN_zz_r1_d6_s43,noisy_shot,mean_api_probabilities,correctness,6,repeat_20x128_minus_1x128,20,128,1,128,0.03500000000000003
MNIST_QNN_zz_r1_d6_s43,noisy_shot,mean_api_probabilities,correctness,6,equal_total_5x512_minus_1x2560,5,512,1,2560,-0.0024999999999999467
MNIST_QNN_zz_r1_d6_s43,noisy_shot,mean_api_probabilities,correctness,6,equal_total_20x128_minus_1x2560,20,128,1,2560,-0.0050000000000000044
MNIST_QNN_zz_r1_d6_s43,noisy_shot,mean_api_probabilities,correctness,7,single_shot_512_minus_128,1,512,1,128,0.007500000000000062
MNIST_QNN_zz_r1_d6_s43,noisy_shot,mean_api_probabilities,correctness,7,single_shot_2560_minus_128,1,2560,1,128,0.012500000000000067
MNIST_QNN_zz_r1_d6_s43,noisy_shot,mean_api_probabilities,correctness,7,repeat_5x128_minus_1x128,5,128,1,128,1.1102230246251565e-16
MNIST_QNN_zz_r1_d6_s43,noisy_shot,mean_api_probabilities,correctness,7,repeat_20x128_minus_1x128,20,128,1,128,0.010000000000000009
MNIST_QNN_zz_r1_d6_s43,noisy_shot,mean_api_probabilities,correctness,7,equal_total_5x512_minus_1x2560,5,512,1,2560,0.0050000000000000044
MNIST_QNN_zz_r1_d6_s43,noisy_shot,mean_api_probabilities,correctness,7,equal_total_20x128_minus_1x2560,20,128,1,2560,-0.0025000000000000577
MNIST_QNN_zz_r1_d6_s43,noisy_shot,mean_api_probabilities,correctness,8,single_shot_512_minus_128,1,512,1,128,-0.0050000000000000044
MNIST_QNN_zz_r1_d6_s43,noisy_shot,mean_api_probabilities,correctness,8,single_shot_2560_minus_128,1,2560,1,128,0.01749999999999996
MNIST_QNN_zz_r1_d6_s43,noisy_shot,mean_api_probabilities,correctness,8,repeat_5x128_minus_1x128,5,128,1,128,-0.025000000000000022
MNIST_QNN_zz_r1_d6_s43,noisy_shot,mean_api_probabilities,correctness,8,repeat_20x128_minus_1x128,20,128,1,128,0.0050000000000000044
MNIST_QNN_zz_r1_d6_s43,noisy_shot,mean_api_probabilities,correctness,8,equal_total_5x512_minus_1x2560,5,512,1,2560,-0.010000000000000009
MNIST_QNN_zz_r1_d6_s43,noisy_shot,mean_api_probabilities,correctness,8,equal_total_20x128_minus_1x2560,20,128,1,2560,-0.012499999999999956
MNIST_QNN_zz_r1_d6_s43,noisy_shot,mean_api_probabilities,correctness,9,single_shot_512_minus_128,1,512,1,128,0.015000000000000013
MNIST_QNN_zz_r1_d6_s43,noisy_shot,mean_api_probabilities,correctness,9,single_shot_2560_minus_128,1,2560,1,128,0.012499999999999956
MNIST_QNN_zz_r1_d6_s43,noisy_shot,mean_api_probabilities,correctness,9,repeat_5x128_minus_1x128,5,128,1,128,0.012500000000000067
MNIST_QNN_zz_r1_d6_s43,noisy_shot,mean_api_probabilities,correctness,9,repeat_20x128_minus_1x128,20,128,1,128,-0.0025000000000000577
MNIST_QNN_zz_r1_d6_s43,noisy_shot,mean_api_probabilities,correctness,9,equal_total_5x512_minus_1x2560,5,512,1,2560,0.0050000000000000044
MNIST_QNN_zz_r1_d6_s43,noisy_shot,mean_api_probabilities,correctness,9,equal_total_20x128_minus_1x2560,20,128,1,2560,-0.015000000000000013
MNIST_QNN_zz_r1_d6_s43,noisy_shot,mean_api_probabilities,entropy,0,single_shot_512_minus_128,1,512,1,128,0.035775
MNIST_QNN_zz_r1_d6_s43,noisy_shot,mean_api_probabilities,entropy,0,single_shot_2560_minus_128,1,2560,1,128,0.039449999999999985
MNIST_QNN_zz_r1_d6_s43,noisy_shot,mean_api_probabilities,entropy,0,repeat_5x128_minus_1x128,5,128,1,128,0.017649999999999944
MNIST_QNN_zz_r1_d6_s43,noisy_shot,mean_api_probabilities,entropy,0,repeat_20x128_minus_1x128,20,128,1,128,0.02310000000000001
MNIST_QNN_zz_r1_d6_s43,noisy_shot,mean_api_probabilities,entropy,0,equal_total_5x512_minus_1x2560,5,512,1,2560,0.00022500000000003073
MNIST_QNN_zz_r1_d6_s43,noisy_shot,mean_api_probabilities,entropy,0,equal_total_20x128_minus_1x2560,20,128,1,2560,-0.016349999999999976
MNIST_QNN_zz_r1_d6_s43,noisy_shot,mean_api_probabilities,entropy,1,single_shot_512_minus_128,1,512,1,128,-0.009499999999999953
MNIST_QNN_zz_r1_d6_s43,noisy_shot,mean_api_probabilities,entropy,1,single_shot_2560_minus_128,1,2560,1,128,-0.001274999999999915
MNIST_QNN_zz_r1_d6_s43,noisy_shot,mean_api_probabilities,entropy,1,repeat_5x128_minus_1x128,5,128,1,128,0.010175000000000045
MNIST_QNN_zz_r1_d6_s43,noisy_shot,mean_api_probabilities,entropy,1,repeat_20x128_minus_1x128,20,128,1,128,-0.010924999999999963
MNIST_QNN_zz_r1_d6_s43,noisy_shot,mean_api_probabilities,entropy,1,equal_total_5x512_minus_1x2560,5,512,1,2560,0.0042999999999999705
MNIST_QNN_zz_r1_d6_s43,noisy_shot,mean_api_probabilities,entropy,1,equal_total_20x128_minus_1x2560,20,128,1,2560,-0.009650000000000047
MNIST_QNN_zz_r1_d6_s43,noisy_shot,mean_api_probabilities,entropy,2,single_shot_512_minus_128,1,512,1,128,0.003475000000000006
MNIST_QNN_zz_r1_d6_s43,noisy_shot,mean_api_probabilities,entropy,2,single_shot_2560_minus_128,1,2560,1,128,0.008275000000000032
MNIST_QNN_zz_r1_d6_s43,noisy_shot,mean_api_probabilities,entropy,2,repeat_5x128_minus_1x128,5,128,1,128,-0.02300000000000002
MNIST_QNN_zz_r1_d6_s43,noisy_shot,mean_api_probabilities,entropy,2,repeat_20x128_minus_1x128,20,128,1,128,-0.014350000000000085
MNIST_QNN_zz_r1_d6_s43,noisy_shot,mean_api_probabilities,entropy,2,equal_total_5x512_minus_1x2560,5,512,1,2560,-0.012450000000000072
MNIST_QNN_zz_r1_d6_s43,noisy_shot,mean_api_probabilities,entropy,2,equal_total_20x128_minus_1x2560,20,128,1,2560,-0.022625000000000117
MNIST_QNN_zz_r1_d6_s43,noisy_shot,mean_api_probabilities,entropy,3,single_shot_512_minus_128,1,512,1,128,-0.009849999999999914
MNIST_QNN_zz_r1_d6_s43,noisy_shot,mean_api_probabilities,entropy,3,single_shot_2560_minus_128,1,2560,1,128,0.000300000000000078
MNIST_QNN_zz_r1_d6_s43,noisy_shot,mean_api_probabilities,entropy,3,repeat_5x128_minus_1x128,5,128,1,128,-0.009199999999999986
MNIST_QNN_zz_r1_d6_s43,noisy_shot,mean_api_probabilities,entropy,3,repeat_20x128_minus_1x128,20,128,1,128,-0.017800000000000038
MNIST_QNN_zz_r1_d6_s43,noisy_shot,mean_api_probabilities,entropy,3,equal_total_5x512_minus_1x2560,5,512,1,2560,0.0022999999999999687
MNIST_QNN_zz_r1_d6_s43,noisy_shot,mean_api_probabilities,entropy,3,equal_total_20x128_minus_1x2560,20,128,1,2560,-0.018100000000000116
MNIST_QNN_zz_r1_d6_s43,noisy_shot,mean_api_probabilities,entropy,4,single_shot_512_minus_128,1,512,1,128,0.03987499999999988
MNIST_QNN_zz_r1_d6_s43,noisy_shot,mean_api_probabilities,entropy,4,single_shot_2560_minus_128,1,2560,1,128,0.03874999999999995
MNIST_QNN_zz_r1_d6_s43,noisy_shot,mean_api_probabilities,entropy,4,repeat_5x128_minus_1x128,5,128,1,128,0.009874999999999856
MNIST_QNN_zz_r1_d6_s43,noisy_shot,mean_api_probabilities,entropy,4,repeat_20x128_minus_1x128,20,128,1,128,0.005549999999999944
MNIST_QNN_zz_r1_d6_s43,noisy_shot,mean_api_probabilities,entropy,4,equal_total_5x512_minus_1x2560,5,512,1,2560,-0.027249999999999996
MNIST_QNN_zz_r1_d6_s43,noisy_shot,mean_api_probabilities,entropy,4,equal_total_20x128_minus_1x2560,20,128,1,2560,-0.03320000000000001
MNIST_QNN_zz_r1_d6_s43,noisy_shot,mean_api_probabilities,entropy,5,single_shot_512_minus_128,1,512,1,128,0.0022500000000000853
MNIST_QNN_zz_r1_d6_s43,noisy_shot,mean_api_probabilities,entropy,5,single_shot_2560_minus_128,1,2560,1,128,-0.01034999999999997
MNIST_QNN_zz_r1_d6_s43,noisy_shot,mean_api_probabilities,entropy,5,repeat_5x128_minus_1x128,5,128,1,128,-0.02597499999999997
MNIST_QNN_zz_r1_d6_s43,noisy_shot,mean_api_probabilities,entropy,5,repeat_20x128_minus_1x128,20,128,1,128,-0.018974999999999964
MNIST_QNN_zz_r1_d6_s43,noisy_shot,mean_api_probabilities,entropy,5,equal_total_5x512_minus_1x2560,5,512,1,2560,-0.0041999999999999815
MNIST_QNN_zz_r1_d6_s43,noisy_shot,mean_api_probabilities,entropy,5,equal_total_20x128_minus_1x2560,20,128,1,2560,-0.008624999999999994
MNIST_QNN_zz_r1_d6_s43,noisy_shot,mean_api_probabilities,entropy,6,single_shot_512_minus_128,1,512,1,128,-0.019674999999999998
MNIST_QNN_zz_r1_d6_s43,noisy_shot,mean_api_probabilities,entropy,6,single_shot_2560_minus_128,1,2560,1,128,-0.020625000000000004
MNIST_QNN_zz_r1_d6_s43,noisy_shot,mean_api_probabilities,entropy,6,repeat_5x128_minus_1x128,5,128,1,128,-0.03205000000000002
MNIST_QNN_zz_r1_d6_s43,noisy_shot,mean_api_probabilities,entropy,6,repeat_20x128_minus_1x128,20,128,1,128,-0.028125000000000067
MNIST_QNN_zz_r1_d6_s43,noisy_shot,mean_api_probabilities,entropy,6,equal_total_5x512_minus_1x2560,5,512,1,2560,-0.01090000000000002
MNIST_QNN_zz_r1_d6_s43,noisy_shot,mean_api_probabilities,entropy,6,equal_total_20x128_minus_1x2560,20,128,1,2560,-0.007500000000000062
MNIST_QNN_zz_r1_d6_s43,noisy_shot,mean_api_probabilities,entropy,7,single_shot_512_minus_128,1,512,1,128,0.027625000000000066
MNIST_QNN_zz_r1_d6_s43,noisy_shot,mean_api_probabilities,entropy,7,single_shot_2560_minus_128,1,2560,1,128,0.03855000000000003
MNIST_QNN_zz_r1_d6_s43,noisy_shot,mean_api_probabilities,entropy,7,repeat_5x128_minus_1x128,5,128,1,128,0.010774999999999979
MNIST_QNN_zz_r1_d6_s43,noisy_shot,mean_api_probabilities,entropy,7,repeat_20x128_minus_1x128,20,128,1,128,0.019500000000000017
MNIST_QNN_zz_r1_d6_s43,noisy_shot,mean_api_probabilities,entropy,7,equal_total_5x512_minus_1x2560,5,512,1,2560,-0.01079999999999992
MNIST_QNN_zz_r1_d6_s43,noisy_shot,mean_api_probabilities,entropy,7,equal_total_20x128_minus_1x2560,20,128,1,2560,-0.01905000000000001
MNIST_QNN_zz_r1_d6_s43,noisy_shot,mean_api_probabilities,entropy,8,single_shot_512_minus_128,1,512,1,128,0.023525000000000018
MNIST_QNN_zz_r1_d6_s43,noisy_shot,mean_api_probabilities,entropy,8,single_shot_2560_minus_128,1,2560,1,128,0.026549999999999963
MNIST_QNN_zz_r1_d6_s43,noisy_shot,mean_api_probabilities,entropy,8,repeat_5x128_minus_1x128,5,128,1,128,-0.0021250000000000435
MNIST_QNN_zz_r1_d6_s43,noisy_shot,mean_api_probabilities,entropy,8,repeat_20x128_minus_1x128,20,128,1,128,0.02585000000000004
MNIST_QNN_zz_r1_d6_s43,noisy_shot,mean_api_probabilities,entropy,8,equal_total_5x512_minus_1x2560,5,512,1,2560,0.0043999999999999595
MNIST_QNN_zz_r1_d6_s43,noisy_shot,mean_api_probabilities,entropy,8,equal_total_20x128_minus_1x2560,20,128,1,2560,-0.0006999999999999229
MNIST_QNN_zz_r1_d6_s43,noisy_shot,mean_api_probabilities,entropy,9,single_shot_512_minus_128,1,512,1,128,0.061175000000000146
MNIST_QNN_zz_r1_d6_s43,noisy_shot,mean_api_probabilities,entropy,9,single_shot_2560_minus_128,1,2560,1,128,0.0535250000000001
MNIST_QNN_zz_r1_d6_s43,noisy_shot,mean_api_probabilities,entropy,9,repeat_5x128_minus_1x128,5,128,1,128,0.025050000000000183
MNIST_QNN_zz_r1_d6_s43,noisy_shot,mean_api_probabilities,entropy,9,repeat_20x128_minus_1x128,20,128,1,128,0.0354000000000001
MNIST_QNN_zz_r1_d6_s43,noisy_shot,mean_api_probabilities,entropy,9,equal_total_5x512_minus_1x2560,5,512,1,2560,0.005800000000000027
MNIST_QNN_zz_r1_d6_s43,noisy_shot,mean_api_probabilities,entropy,9,equal_total_20x128_minus_1x2560,20,128,1,2560,-0.018125000000000002
MNIST_QNN_zz_r1_d6_s43,noisy_shot,mean_api_probabilities,learned_mlp_pv,0,single_shot_512_minus_128,1,512,1,128,0.043749999999999956
MNIST_QNN_zz_r1_d6_s43,noisy_shot,mean_api_probabilities,learned_mlp_pv,0,single_shot_2560_minus_128,1,2560,1,128,0.04072500000000001
MNIST_QNN_zz_r1_d6_s43,noisy_shot,mean_api_probabilities,learned_mlp_pv,0,repeat_5x128_minus_1x128,5,128,1,128,0.010000000000000009
MNIST_QNN_zz_r1_d6_s43,noisy_shot,mean_api_probabilities,learned_mlp_pv,0,repeat_20x128_minus_1x128,20,128,1,128,0.010475000000000012
MNIST_QNN_zz_r1_d6_s43,noisy_shot,mean_api_probabilities,learned_mlp_pv,0,equal_total_5x512_minus_1x2560,5,512,1,2560,-0.018125000000000058
MNIST_QNN_zz_r1_d6_s43,noisy_shot,mean_api_probabilities,learned_mlp_pv,0,equal_total_20x128_minus_1x2560,20,128,1,2560,-0.03025
MNIST_QNN_zz_r1_d6_s43,noisy_shot,mean_api_probabilities,learned_mlp_pv,1,single_shot_512_minus_128,1,512,1,128,0.0361999999999999
MNIST_QNN_zz_r1_d6_s43,noisy_shot,mean_api_probabilities,learned_mlp_pv,1,single_shot_2560_minus_128,1,2560,1,128,0.07627499999999998
MNIST_QNN_zz_r1_d6_s43,noisy_shot,mean_api_probabilities,learned_mlp_pv,1,repeat_5x128_minus_1x128,5,128,1,128,0.07417499999999999
MNIST_QNN_zz_r1_d6_s43,noisy_shot,mean_api_probabilities,learned_mlp_pv,1,repeat_20x128_minus_1x128,20,128,1,128,0.04084999999999994
MNIST_QNN_zz_r1_d6_s43,noisy_shot,mean_api_probabilities,learned_mlp_pv,1,equal_total_5x512_minus_1x2560,5,512,1,2560,0.016674999999999884
MNIST_QNN_zz_r1_d6_s43,noisy_shot,mean_api_probabilities,learned_mlp_pv,1,equal_total_20x128_minus_1x2560,20,128,1,2560,-0.03542500000000004
MNIST_QNN_zz_r1_d6_s43,noisy_shot,mean_api_probabilities,learned_mlp_pv,2,single_shot_512_minus_128,1,512,1,128,0.0007249999999999757
MNIST_QNN_zz_r1_d6_s43,noisy_shot,mean_api_probabilities,learned_mlp_pv,2,single_shot_2560_minus_128,1,2560,1,128,-0.008975000000000066
MNIST_QNN_zz_r1_d6_s43,noisy_shot,mean_api_probabilities,learned_mlp_pv,2,repeat_5x128_minus_1x128,5,128,1,128,-0.012249999999999983
MNIST_QNN_zz_r1_d6_s43,noisy_shot,mean_api_probabilities,learned_mlp_pv,2,repeat_20x128_minus_1x128,20,128,1,128,-0.012900000000000134
MNIST_QNN_zz_r1_d6_s43,noisy_shot,mean_api_probabilities,learned_mlp_pv,2,equal_total_5x512_minus_1x2560,5,512,1,2560,0.012974999999999959
MNIST_QNN_zz_r1_d6_s43,noisy_shot,mean_api_probabilities,learned_mlp_pv,2,equal_total_20x128_minus_1x2560,20,128,1,2560,-0.003925000000000067
MNIST_QNN_zz_r1_d6_s43,noisy_shot,mean_api_probabilities,learned_mlp_pv,3,single_shot_512_minus_128,1,512,1,128,0.04777500000000001
MNIST_QNN_zz_r1_d6_s43,noisy_shot,mean_api_probabilities,learned_mlp_pv,3,single_shot_2560_minus_128,1,2560,1,128,0.03752499999999992
MNIST_QNN_zz_r1_d6_s43,noisy_shot,mean_api_probabilities,learned_mlp_pv,3,repeat_5x128_minus_1x128,5,128,1,128,0.035174999999999956
MNIST_QNN_zz_r1_d6_s43,noisy_shot,mean_api_probabilities,learned_mlp_pv,3,repeat_20x128_minus_1x128,20,128,1,128,0.03749999999999987
MNIST_QNN_zz_r1_d6_s43,noisy_shot,mean_api_probabilities,learned_mlp_pv,3,equal_total_5x512_minus_1x2560,5,512,1,2560,0.002975000000000061
MNIST_QNN_zz_r1_d6_s43,noisy_shot,mean_api_probabilities,learned_mlp_pv,3,equal_total_20x128_minus_1x2560,20,128,1,2560,-2.5000000000052758e-05
MNIST_QNN_zz_r1_d6_s43,noisy_shot,mean_api_probabilities,learned_mlp_pv,4,single_shot_512_minus_128,1,512,1,128,0.005074999999999996
MNIST_QNN_zz_r1_d6_s43,noisy_shot,mean_api_probabilities,learned_mlp_pv,4,single_shot_2560_minus_128,1,2560,1,128,0.038075000000000025
MNIST_QNN_zz_r1_d6_s43,noisy_shot,mean_api_probabilities,learned_mlp_pv,4,repeat_5x128_minus_1x128,5,128,1,128,0.0306499999999999
MNIST_QNN_zz_r1_d6_s43,noisy_shot,mean_api_probabilities,learned_mlp_pv,4,repeat_20x128_minus_1x128,20,128,1,128,0.058449999999999946
MNIST_QNN_zz_r1_d6_s43,noisy_shot,mean_api_probabilities,learned_mlp_pv,4,equal_total_5x512_minus_1x2560,5,512,1,2560,0.0036249999999999893
MNIST_QNN_zz_r1_d6_s43,noisy_shot,mean_api_probabilities,learned_mlp_pv,4,equal_total_20x128_minus_1x2560,20,128,1,2560,0.02037499999999992
MNIST_QNN_zz_r1_d6_s43,noisy_shot,mean_api_probabilities,learned_mlp_pv,5,single_shot_512_minus_128,1,512,1,128,0.013174999999999937
MNIST_QNN_zz_r1_d6_s43,noisy_shot,mean_api_probabilities,learned_mlp_pv,5,single_shot_2560_minus_128,1,2560,1,128,0.02399999999999991
MNIST_QNN_zz_r1_d6_s43,noisy_shot,mean_api_probabilities,learned_mlp_pv,5,repeat_5x128_minus_1x128,5,128,1,128,0.021499999999999964
MNIST_QNN_zz_r1_d6_s43,noisy_shot,mean_api_probabilities,learned_mlp_pv,5,repeat_20x128_minus_1x128,20,128,1,128,-0.005449999999999955
MNIST_QNN_zz_r1_d6_s43,noisy_shot,mean_api_probabilities,learned_mlp_pv,5,equal_total_5x512_minus_1x2560,5,512,1,2560,-0.01387499999999997
MNIST_QNN_zz_r1_d6_s43,noisy_shot,mean_api_probabilities,learned_mlp_pv,5,equal_total_20x128_minus_1x2560,20,128,1,2560,-0.029449999999999865
MNIST_QNN_zz_r1_d6_s43,noisy_shot,mean_api_probabilities,learned_mlp_pv,6,single_shot_512_minus_128,1,512,1,128,-0.012074999999999947
MNIST_QNN_zz_r1_d6_s43,noisy_shot,mean_api_probabilities,learned_mlp_pv,6,single_shot_2560_minus_128,1,2560,1,128,-0.035949999999999926
MNIST_QNN_zz_r1_d6_s43,noisy_shot,mean_api_probabilities,learned_mlp_pv,6,repeat_5x128_minus_1x128,5,128,1,128,0.030750000000000055
MNIST_QNN_zz_r1_d6_s43,noisy_shot,mean_api_probabilities,learned_mlp_pv,6,repeat_20x128_minus_1x128,20,128,1,128,0.0016000000000000458
MNIST_QNN_zz_r1_d6_s43,noisy_shot,mean_api_probabilities,learned_mlp_pv,6,equal_total_5x512_minus_1x2560,5,512,1,2560,0.040200000000000014
MNIST_QNN_zz_r1_d6_s43,noisy_shot,mean_api_probabilities,learned_mlp_pv,6,equal_total_20x128_minus_1x2560,20,128,1,2560,0.03754999999999997
MNIST_QNN_zz_r1_d6_s43,noisy_shot,mean_api_probabilities,learned_mlp_pv,7,single_shot_512_minus_128,1,512,1,128,-0.10317500000000002
MNIST_QNN_zz_r1_d6_s43,noisy_shot,mean_api_probabilities,learned_mlp_pv,7,single_shot_2560_minus_128,1,2560,1,128,-0.06712499999999999
MNIST_QNN_zz_r1_d6_s43,noisy_shot,mean_api_probabilities,learned_mlp_pv,7,repeat_5x128_minus_1x128,5,128,1,128,-0.054624999999999924
MNIST_QNN_zz_r1_d6_s43,noisy_shot,mean_api_probabilities,learned_mlp_pv,7,repeat_20x128_minus_1x128,20,128,1,128,-0.03249999999999997
MNIST_QNN_zz_r1_d6_s43,noisy_shot,mean_api_probabilities,learned_mlp_pv,7,equal_total_5x512_minus_1x2560,5,512,1,2560,0.010624999999999996
MNIST_QNN_zz_r1_d6_s43,noisy_shot,mean_api_probabilities,learned_mlp_pv,7,equal_total_20x128_minus_1x2560,20,128,1,2560,0.03462500000000002
MNIST_QNN_zz_r1_d6_s43,noisy_shot,mean_api_probabilities,learned_mlp_pv,8,single_shot_512_minus_128,1,512,1,128,0.0774999999999999
MNIST_QNN_zz_r1_d6_s43,noisy_shot,mean_api_probabilities,learned_mlp_pv,8,single_shot_2560_minus_128,1,2560,1,128,0.04897499999999999
MNIST_QNN_zz_r1_d6_s43,noisy_shot,mean_api_probabilities,learned_mlp_pv,8,repeat_5x128_minus_1x128,5,128,1,128,0.05172499999999991
MNIST_QNN_zz_r1_d6_s43,noisy_shot,mean_api_probabilities,learned_mlp_pv,8,repeat_20x128_minus_1x128,20,128,1,128,0.03732499999999994
MNIST_QNN_zz_r1_d6_s43,noisy_shot,mean_api_probabilities,learned_mlp_pv,8,equal_total_5x512_minus_1x2560,5,512,1,2560,-0.01792500000000008
MNIST_QNN_zz_r1_d6_s43,noisy_shot,mean_api_probabilities,learned_mlp_pv,8,equal_total_20x128_minus_1x2560,20,128,1,2560,-0.01165000000000005
MNIST_QNN_zz_r1_d6_s43,noisy_shot,mean_api_probabilities,learned_mlp_pv,9,single_shot_512_minus_128,1,512,1,128,0.018524999999999903
MNIST_QNN_zz_r1_d6_s43,noisy_shot,mean_api_probabilities,learned_mlp_pv,9,single_shot_2560_minus_128,1,2560,1,128,-0.03187500000000015
MNIST_QNN_zz_r1_d6_s43,noisy_shot,mean_api_probabilities,learned_mlp_pv,9,repeat_5x128_minus_1x128,5,128,1,128,-0.013650000000000051
MNIST_QNN_zz_r1_d6_s43,noisy_shot,mean_api_probabilities,learned_mlp_pv,9,repeat_20x128_minus_1x128,20,128,1,128,0.04610000000000003
MNIST_QNN_zz_r1_d6_s43,noisy_shot,mean_api_probabilities,learned_mlp_pv,9,equal_total_5x512_minus_1x2560,5,512,1,2560,0.07322500000000004
MNIST_QNN_zz_r1_d6_s43,noisy_shot,mean_api_probabilities,learned_mlp_pv,9,equal_total_20x128_minus_1x2560,20,128,1,2560,0.07797500000000018
MNIST_QNN_zz_r1_d6_s43,noisy_shot,mean_api_probabilities,learned_mlp_pv_mean_std,0,single_shot_512_minus_128,1,512,1,128,0.03797500000000009
MNIST_QNN_zz_r1_d6_s43,noisy_shot,mean_api_probabilities,learned_mlp_pv_mean_std,0,single_shot_2560_minus_128,1,2560,1,128,0.0535000000000001
MNIST_QNN_zz_r1_d6_s43,noisy_shot,mean_api_probabilities,learned_mlp_pv_mean_std,0,repeat_5x128_minus_1x128,5,128,1,128,0.05985000000000007
MNIST_QNN_zz_r1_d6_s43,noisy_shot,mean_api_probabilities,learned_mlp_pv_mean_std,0,repeat_20x128_minus_1x128,20,128,1,128,0.06627500000000008
MNIST_QNN_zz_r1_d6_s43,noisy_shot,mean_api_probabilities,learned_mlp_pv_mean_std,0,equal_total_5x512_minus_1x2560,5,512,1,2560,-0.04232500000000006
MNIST_QNN_zz_r1_d6_s43,noisy_shot,mean_api_probabilities,learned_mlp_pv_mean_std,0,equal_total_20x128_minus_1x2560,20,128,1,2560,0.01277499999999998
MNIST_QNN_zz_r1_d6_s43,noisy_shot,mean_api_probabilities,learned_mlp_pv_mean_std,1,single_shot_512_minus_128,1,512,1,128,0.06975000000000003
MNIST_QNN_zz_r1_d6_s43,noisy_shot,mean_api_probabilities,learned_mlp_pv_mean_std,1,single_shot_2560_minus_128,1,2560,1,128,0.09925
MNIST_QNN_zz_r1_d6_s43,noisy_shot,mean_api_probabilities,learned_mlp_pv_mean_std,1,repeat_5x128_minus_1x128,5,128,1,128,0.07805000000000001
MNIST_QNN_zz_r1_d6_s43,noisy_shot,mean_api_probabilities,learned_mlp_pv_mean_std,1,repeat_20x128_minus_1x128,20,128,1,128,0.0912
MNIST_QNN_zz_r1_d6_s43,noisy_shot,mean_api_probabilities,learned_mlp_pv_mean_std,1,equal_total_5x512_minus_1x2560,5,512,1,2560,-0.017750000000000044
MNIST_QNN_zz_r1_d6_s43,noisy_shot,mean_api_probabilities,learned_mlp_pv_mean_std,1,equal_total_20x128_minus_1x2560,20,128,1,2560,-0.008050000000000002
MNIST_QNN_zz_r1_d6_s43,noisy_shot,mean_api_probabilities,learned_mlp_pv_mean_std,2,single_shot_512_minus_128,1,512,1,128,0.0686
MNIST_QNN_zz_r1_d6_s43,noisy_shot,mean_api_probabilities,learned_mlp_pv_mean_std,2,single_shot_2560_minus_128,1,2560,1,128,-0.013350000000000029
MNIST_QNN_zz_r1_d6_s43,noisy_shot,mean_api_probabilities,learned_mlp_pv_mean_std,2,repeat_5x128_minus_1x128,5,128,1,128,0.004425000000000012
MNIST_QNN_zz_r1_d6_s43,noisy_shot,mean_api_probabilities,learned_mlp_pv_mean_std,2,repeat_20x128_minus_1x128,20,128,1,128,0.05414999999999992
MNIST_QNN_zz_r1_d6_s43,noisy_shot,mean_api_probabilities,learned_mlp_pv_mean_std,2,equal_total_5x512_minus_1x2560,5,512,1,2560,0.0621000000000001
MNIST_QNN_zz_r1_d6_s43,noisy_shot,mean_api_probabilities,learned_mlp_pv_mean_std,2,equal_total_20x128_minus_1x2560,20,128,1,2560,0.06749999999999995
MNIST_QNN_zz_r1_d6_s43,noisy_shot,mean_api_probabilities,learned_mlp_pv_mean_std,3,single_shot_512_minus_128,1,512,1,128,-0.01265000000000005
MNIST_QNN_zz_r1_d6_s43,noisy_shot,mean_api_probabilities,learned_mlp_pv_mean_std,3,single_shot_2560_minus_128,1,2560,1,128,0.005699999999999927
MNIST_QNN_zz_r1_d6_s43,noisy_shot,mean_api_probabilities,learned_mlp_pv_mean_std,3,repeat_5x128_minus_1x128,5,128,1,128,-0.0013000000000000789
MNIST_QNN_zz_r1_d6_s43,noisy_shot,mean_api_probabilities,learned_mlp_pv_mean_std,3,repeat_20x128_minus_1x128,20,128,1,128,0.02397499999999997
MNIST_QNN_zz_r1_d6_s43,noisy_shot,mean_api_probabilities,learned_mlp_pv_mean_std,3,equal_total_5x512_minus_1x2560,5,512,1,2560,0.01474999999999993
MNIST_QNN_zz_r1_d6_s43,noisy_shot,mean_api_probabilities,learned_mlp_pv_mean_std,3,equal_total_20x128_minus_1x2560,20,128,1,2560,0.01827500000000004
MNIST_QNN_zz_r1_d6_s43,noisy_shot,mean_api_probabilities,learned_mlp_pv_mean_std,4,single_shot_512_minus_128,1,512,1,128,0.0035250000000001114
MNIST_QNN_zz_r1_d6_s43,noisy_shot,mean_api_probabilities,learned_mlp_pv_mean_std,4,single_shot_2560_minus_128,1,2560,1,128,0.022625000000000117
MNIST_QNN_zz_r1_d6_s43,noisy_shot,mean_api_probabilities,learned_mlp_pv_mean_std,4,repeat_5x128_minus_1x128,5,128,1,128,0.005975000000000064
MNIST_QNN_zz_r1_d6_s43,noisy_shot,mean_api_probabilities,learned_mlp_pv_mean_std,4,repeat_20x128_minus_1x128,20,128,1,128,0.016000000000000014
MNIST_QNN_zz_r1_d6_s43,noisy_shot,mean_api_probabilities,learned_mlp_pv_mean_std,4,equal_total_5x512_minus_1x2560,5,512,1,2560,0.007224999999999926
MNIST_QNN_zz_r1_d6_s43,noisy_shot,mean_api_probabilities,learned_mlp_pv_mean_std,4,equal_total_20x128_minus_1x2560,20,128,1,2560,-0.006625000000000103
MNIST_QNN_zz_r1_d6_s43,noisy_shot,mean_api_probabilities,learned_mlp_pv_mean_std,5,single_shot_512_minus_128,1,512,1,128,0.026499999999999968
MNIST_QNN_zz_r1_d6_s43,noisy_shot,mean_api_probabilities,learned_mlp_pv_mean_std,5,single_shot_2560_minus_128,1,2560,1,128,0.03264999999999996
MNIST_QNN_zz_r1_d6_s43,noisy_shot,mean_api_probabilities,learned_mlp_pv_mean_std,5,repeat_5x128_minus_1x128,5,128,1,128,-0.030625000000000013
MNIST_QNN_zz_r1_d6_s43,noisy_shot,mean_api_probabilities,learned_mlp_pv_mean_std,5,repeat_20x128_minus_1x128,20,128,1,128,-0.016224999999999934
MNIST_QNN_zz_r1_d6_s43,noisy_shot,mean_api_probabilities,learned_mlp_pv_mean_std,5,equal_total_5x512_minus_1x2560,5,512,1,2560,-0.018100000000000005
MNIST_QNN_zz_r1_d6_s43,noisy_shot,mean_api_probabilities,learned_mlp_pv_mean_std,5,equal_total_20x128_minus_1x2560,20,128,1,2560,-0.04887499999999989
MNIST_QNN_zz_r1_d6_s43,noisy_shot,mean_api_probabilities,learned_mlp_pv_mean_std,6,single_shot_512_minus_128,1,512,1,128,-0.004050000000000109
MNIST_QNN_zz_r1_d6_s43,noisy_shot,mean_api_probabilities,learned_mlp_pv_mean_std,6,single_shot_2560_minus_128,1,2560,1,128,0.013599999999999945
MNIST_QNN_zz_r1_d6_s43,noisy_shot,mean_api_probabilities,learned_mlp_pv_mean_std,6,repeat_5x128_minus_1x128,5,128,1,128,0.005549999999999944
MNIST_QNN_zz_r1_d6_s43,noisy_shot,mean_api_probabilities,learned_mlp_pv_mean_std,6,repeat_20x128_minus_1x128,20,128,1,128,0.04642499999999994
MNIST_QNN_zz_r1_d6_s43,noisy_shot,mean_api_probabilities,learned_mlp_pv_mean_std,6,equal_total_5x512_minus_1x2560,5,512,1,2560,0.02069999999999994
MNIST_QNN_zz_r1_d6_s43,noisy_shot,mean_api_probabilities,learned_mlp_pv_mean_std,6,equal_total_20x128_minus_1x2560,20,128,1,2560,0.03282499999999999
MNIST_QNN_zz_r1_d6_s43,noisy_shot,mean_api_probabilities,learned_mlp_pv_mean_std,7,single_shot_512_minus_128,1,512,1,128,-0.030000000000000138
MNIST_QNN_zz_r1_d6_s43,noisy_shot,mean_api_probabilities,learned_mlp_pv_mean_std,7,single_shot_2560_minus_128,1,2560,1,128,-0.020200000000000107
MNIST_QNN_zz_r1_d6_s43,noisy_shot,mean_api_probabilities,learned_mlp_pv_mean_std,7,repeat_5x128_minus_1x128,5,128,1,128,-0.05717500000000009
MNIST_QNN_zz_r1_d6_s43,noisy_shot,mean_api_probabilities,learned_mlp_pv_mean_std,7,repeat_20x128_minus_1x128,20,128,1,128,-0.0696750000000001
MNIST_QNN_zz_r1_d6_s43,noisy_shot,mean_api_probabilities,learned_mlp_pv_mean_std,7,equal_total_5x512_minus_1x2560,5,512,1,2560,-0.03949999999999998
MNIST_QNN_zz_r1_d6_s43,noisy_shot,mean_api_probabilities,learned_mlp_pv_mean_std,7,equal_total_20x128_minus_1x2560,20,128,1,2560,-0.04947499999999999
MNIST_QNN_zz_r1_d6_s43,noisy_shot,mean_api_probabilities,learned_mlp_pv_mean_std,8,single_shot_512_minus_128,1,512,1,128,0.07935000000000009
MNIST_QNN_zz_r1_d6_s43,noisy_shot,mean_api_probabilities,learned_mlp_pv_mean_std,8,single_shot_2560_minus_128,1,2560,1,128,0.040175000000000016
MNIST_QNN_zz_r1_d6_s43,noisy_shot,mean_api_probabilities,learned_mlp_pv_mean_std,8,repeat_5x128_minus_1x128,5,128,1,128,0.06365000000000004
MNIST_QNN_zz_r1_d6_s43,noisy_shot,mean_api_probabilities,learned_mlp_pv_mean_std,8,repeat_20x128_minus_1x128,20,128,1,128,0.09225
MNIST_QNN_zz_r1_d6_s43,noisy_shot,mean_api_probabilities,learned_mlp_pv_mean_std,8,equal_total_5x512_minus_1x2560,5,512,1,2560,0.05107500000000009
MNIST_QNN_zz_r1_d6_s43,noisy_shot,mean_api_probabilities,learned_mlp_pv_mean_std,8,equal_total_20x128_minus_1x2560,20,128,1,2560,0.05207499999999998
MNIST_QNN_zz_r1_d6_s43,noisy_shot,mean_api_probabilities,learned_mlp_pv_mean_std,9,single_shot_512_minus_128,1,512,1,128,0.03622500000000001
MNIST_QNN_zz_r1_d6_s43,noisy_shot,mean_api_probabilities,learned_mlp_pv_mean_std,9,single_shot_2560_minus_128,1,2560,1,128,0.01380000000000009
MNIST_QNN_zz_r1_d6_s43,noisy_shot,mean_api_probabilities,learned_mlp_pv_mean_std,9,repeat_5x128_minus_1x128,5,128,1,128,0.04924999999999996
MNIST_QNN_zz_r1_d6_s43,noisy_shot,mean_api_probabilities,learned_mlp_pv_mean_std,9,repeat_20x128_minus_1x128,20,128,1,128,0.10854999999999998
MNIST_QNN_zz_r1_d6_s43,noisy_shot,mean_api_probabilities,learned_mlp_pv_mean_std,9,equal_total_5x512_minus_1x2560,5,512,1,2560,0.04312499999999997
MNIST_QNN_zz_r1_d6_s43,noisy_shot,mean_api_probabilities,learned_mlp_pv_mean_std,9,equal_total_20x128_minus_1x2560,20,128,1,2560,0.09474999999999989
MNIST_QNN_zz_r1_d6_s43,noisy_shot,mean_api_probabilities,loss,0,single_shot_512_minus_128,1,512,1,128,0.014550000000000063
MNIST_QNN_zz_r1_d6_s43,noisy_shot,mean_api_probabilities,loss,0,single_shot_2560_minus_128,1,2560,1,128,0.01872499999999999
MNIST_QNN_zz_r1_d6_s43,noisy_shot,mean_api_probabilities,loss,0,repeat_5x128_minus_1x128,5,128,1,128,-0.004049999999999998
MNIST_QNN_zz_r1_d6_s43,noisy_shot,mean_api_probabilities,loss,0,repeat_20x128_minus_1x128,20,128,1,128,0.005674999999999986
MNIST_QNN_zz_r1_d6_s43,noisy_shot,mean_api_probabilities,loss,0,equal_total_5x512_minus_1x2560,5,512,1,2560,-0.003474999999999895
MNIST_QNN_zz_r1_d6_s43,noisy_shot,mean_api_probabilities,loss,0,equal_total_20x128_minus_1x2560,20,128,1,2560,-0.013050000000000006
MNIST_QNN_zz_r1_d6_s43,noisy_shot,mean_api_probabilities,loss,1,single_shot_512_minus_128,1,512,1,128,0.009124999999999939
MNIST_QNN_zz_r1_d6_s43,noisy_shot,mean_api_probabilities,loss,1,single_shot_2560_minus_128,1,2560,1,128,0.01859999999999995
MNIST_QNN_zz_r1_d6_s43,noisy_shot,mean_api_probabilities,loss,1,repeat_5x128_minus_1x128,5,128,1,128,0.023349999999999982
MNIST_QNN_zz_r1_d6_s43,noisy_shot,mean_api_probabilities,loss,1,repeat_20x128_minus_1x128,20,128,1,128,0.017424999999999913
MNIST_QNN_zz_r1_d6_s43,noisy_shot,mean_api_probabilities,loss,1,equal_total_5x512_minus_1x2560,5,512,1,2560,0.005525000000000113
MNIST_QNN_zz_r1_d6_s43,noisy_shot,mean_api_probabilities,loss,1,equal_total_20x128_minus_1x2560,20,128,1,2560,-0.0011750000000000371
MNIST_QNN_zz_r1_d6_s43,noisy_shot,mean_api_probabilities,loss,2,single_shot_512_minus_128,1,512,1,128,0.029125000000000068
MNIST_QNN_zz_r1_d6_s43,noisy_shot,mean_api_probabilities,loss,2,single_shot_2560_minus_128,1,2560,1,128,0.035350000000000104
MNIST_QNN_zz_r1_d6_s43,noisy_shot,mean_api_probabilities,loss,2,repeat_5x128_minus_1x128,5,128,1,128,0.016249999999999987
MNIST_QNN_zz_r1_d6_s43,noisy_shot,mean_api_probabilities,loss,2,repeat_20x128_minus_1x128,20,128,1,128,0.030000000000000027
MNIST_QNN_zz_r1_d6_s43,noisy_shot,mean_api_probabilities,loss,2,equal_total_5x512_minus_1x2560,5,512,1,2560,-0.009075000000000055
MNIST_QNN_zz_r1_d6_s43,noisy_shot,mean_api_probabilities,loss,2,equal_total_20x128_minus_1x2560,20,128,1,2560,-0.005350000000000077
MNIST_QNN_zz_r1_d6_s43,noisy_shot,mean_api_probabilities,loss,3,single_shot_512_minus_128,1,512,1,128,0.018412499999999943
MNIST_QNN_zz_r1_d6_s43,noisy_shot,mean_api_probabilities,loss,3,single_shot_2560_minus_128,1,2560,1,128,0.03286250000000002
MNIST_QNN_zz_r1_d6_s43,noisy_shot,mean_api_probabilities,loss,3,repeat_5x128_minus_1x128,5,128,1,128,0.023287500000000017
MNIST_QNN_zz_r1_d6_s43,noisy_shot,mean_api_probabilities,loss,3,repeat_20x128_minus_1x128,20,128,1,128,0.01616250000000008
MNIST_QNN_zz_r1_d6_s43,noisy_shot,mean_api_probabilities,loss,3,equal_total_5x512_minus_1x2560,5,512,1,2560,-0.00012499999999993072
MNIST_QNN_zz_r1_d6_s43,noisy_shot,mean_api_probabilities,loss,3,equal_total_20x128_minus_1x2560,20,128,1,2560,-0.016699999999999937
MNIST_QNN_zz_r1_d6_s43,noisy_shot,mean_api_probabilities,loss,4,single_shot_512_minus_128,1,512,1,128,0.04069999999999996
MNIST_QNN_zz_r1_d6_s43,noisy_shot,mean_api_probabilities,loss,4,single_shot_2560_minus_128,1,2560,1,128,0.03862499999999991
MNIST_QNN_zz_r1_d6_s43,noisy_shot,mean_api_probabilities,loss,4,repeat_5x128_minus_1x128,5,128,1,128,0.023950000000000027
MNIST_QNN_zz_r1_d6_s43,noisy_shot,mean_api_probabilities,loss,4,repeat_20x128_minus_1x128,20,128,1,128,0.018425000000000025
MNIST_QNN_zz_r1_d6_s43,noisy_shot,mean_api_probabilities,loss,4,equal_total_5x512_minus_1x2560,5,512,1,2560,-0.017149999999999888
MNIST_QNN_zz_r1_d6_s43,noisy_shot,mean_api_probabilities,loss,4,equal_total_20x128_minus_1x2560,20,128,1,2560,-0.020199999999999885
MNIST_QNN_zz_r1_d6_s43,noisy_shot,mean_api_probabilities,loss,5,single_shot_512_minus_128,1,512,1,128,0.00837499999999991
MNIST_QNN_zz_r1_d6_s43,noisy_shot,mean_api_probabilities,loss,5,single_shot_2560_minus_128,1,2560,1,128,0.011824999999999863
MNIST_QNN_zz_r1_d6_s43,noisy_shot,mean_api_probabilities,loss,5,repeat_5x128_minus_1x128,5,128,1,128,-0.0037000000000001476
MNIST_QNN_zz_r1_d6_s43,noisy_shot,mean_api_probabilities,loss,5,repeat_20x128_minus_1x128,20,128,1,128,0.004974999999999841
MNIST_QNN_zz_r1_d6_s43,noisy_shot,mean_api_probabilities,loss,5,equal_total_5x512_minus_1x2560,5,512,1,2560,-0.007824999999999971
MNIST_QNN_zz_r1_d6_s43,noisy_shot,mean_api_probabilities,loss,5,equal_total_20x128_minus_1x2560,20,128,1,2560,-0.006850000000000023
MNIST_QNN_zz_r1_d6_s43,noisy_shot,mean_api_probabilities,loss,6,single_shot_512_minus_128,1,512,1,128,-0.016374999999999917
MNIST_QNN_zz_r1_d6_s43,noisy_shot,mean_api_probabilities,loss,6,single_shot_2560_minus_128,1,2560,1,128,-0.012699999999999823
MNIST_QNN_zz_r1_d6_s43,noisy_shot,mean_api_probabilities,loss,6,repeat_5x128_minus_1x128,5,128,1,128,-0.023424999999999918
MNIST_QNN_zz_r1_d6_s43,noisy_shot,mean_api_probabilities,loss,6,repeat_20x128_minus_1x128,20,128,1,128,-0.01697499999999985
MNIST_QNN_zz_r1_d6_s43,noisy_shot,mean_api_probabilities,loss,6,equal_total_5x512_minus_1x2560,5,512,1,2560,-0.006950000000000123
MNIST_QNN_zz_r1_d6_s43,noisy_shot,mean_api_probabilities,loss,6,equal_total_20x128_minus_1x2560,20,128,1,2560,-0.004275000000000029
MNIST_QNN_zz_r1_d6_s43,noisy_shot,mean_api_probabilities,loss,7,single_shot_512_minus_128,1,512,1,128,0.02397499999999997
MNIST_QNN_zz_r1_d6_s43,noisy_shot,mean_api_probabilities,loss,7,single_shot_2560_minus_128,1,2560,1,128,0.02617499999999995
MNIST_QNN_zz_r1_d6_s43,noisy_shot,mean_api_probabilities,loss,7,repeat_5x128_minus_1x128,5,128,1,128,0.00019999999999986695
MNIST_QNN_zz_r1_d6_s43,noisy_shot,mean_api_probabilities,loss,7,repeat_20x128_minus_1x128,20,128,1,128,0.019099999999999895
MNIST_QNN_zz_r1_d6_s43,noisy_shot,mean_api_probabilities,loss,7,equal_total_5x512_minus_1x2560,5,512,1,2560,-0.0030000000000000027
MNIST_QNN_zz_r1_d6_s43,noisy_shot,mean_api_probabilities,loss,7,equal_total_20x128_minus_1x2560,20,128,1,2560,-0.0070750000000000535
MNIST_QNN_zz_r1_d6_s43,noisy_shot,mean_api_probabilities,loss,8,single_shot_512_minus_128,1,512,1,128,0.01154999999999995
MNIST_QNN_zz_r1_d6_s43,noisy_shot,mean_api_probabilities,loss,8,single_shot_2560_minus_128,1,2560,1,128,0.017900000000000027
MNIST_QNN_zz_r1_d6_s43,noisy_shot,mean_api_probabilities,loss,8,repeat_5x128_minus_1x128,5,128,1,128,-0.006624999999999992
MNIST_QNN_zz_r1_d6_s43,noisy_shot,mean_api_probabilities,loss,8,repeat_20x128_minus_1x128,20,128,1,128,0.022274999999999934
MNIST_QNN_zz_r1_d6_s43,noisy_shot,mean_api_probabilities,loss,8,equal_total_5x512_minus_1x2560,5,512,1,2560,0.005599999999999938
MNIST_QNN_zz_r1_d6_s43,noisy_shot,mean_api_probabilities,loss,8,equal_total_20x128_minus_1x2560,20,128,1,2560,0.004374999999999907
MNIST_QNN_zz_r1_d6_s43,noisy_shot,mean_api_probabilities,loss,9,single_shot_512_minus_128,1,512,1,128,0.03942500000000004
MNIST_QNN_zz_r1_d6_s43,noisy_shot,mean_api_probabilities,loss,9,single_shot_2560_minus_128,1,2560,1,128,0.03907499999999997
MNIST_QNN_zz_r1_d6_s43,noisy_shot,mean_api_probabilities,loss,9,repeat_5x128_minus_1x128,5,128,1,128,0.02034999999999998
MNIST_QNN_zz_r1_d6_s43,noisy_shot,mean_api_probabilities,loss,9,repeat_20x128_minus_1x128,20,128,1,128,0.026249999999999996
MNIST_QNN_zz_r1_d6_s43,noisy_shot,mean_api_probabilities,loss,9,equal_total_5x512_minus_1x2560,5,512,1,2560,0.0001500000000000945
MNIST_QNN_zz_r1_d6_s43,noisy_shot,mean_api_probabilities,loss,9,equal_total_20x128_minus_1x2560,20,128,1,2560,-0.012824999999999975
MNIST_QNN_zz_r1_d6_s43,noisy_shot,mean_api_probabilities,margin,0,single_shot_512_minus_128,1,512,1,128,0.046725000000000017
MNIST_QNN_zz_r1_d6_s43,noisy_shot,mean_api_probabilities,margin,0,single_shot_2560_minus_128,1,2560,1,128,0.06450000000000011
MNIST_QNN_zz_r1_d6_s43,noisy_shot,mean_api_probabilities,margin,0,repeat_5x128_minus_1x128,5,128,1,128,0.041850000000000054
MNIST_QNN_zz_r1_d6_s43,noisy_shot,mean_api_probabilities,margin,0,repeat_20x128_minus_1x128,20,128,1,128,0.04957500000000015
MNIST_QNN_zz_r1_d6_s43,noisy_shot,mean_api_probabilities,margin,0,equal_total_5x512_minus_1x2560,5,512,1,2560,-0.000500000000000056
MNIST_QNN_zz_r1_d6_s43,noisy_shot,mean_api_probabilities,margin,0,equal_total_20x128_minus_1x2560,20,128,1,2560,-0.014924999999999966
MNIST_QNN_zz_r1_d6_s43,noisy_shot,mean_api_probabilities,margin,1,single_shot_512_minus_128,1,512,1,128,0.01242500000000013
MNIST_QNN_zz_r1_d6_s43,noisy_shot,mean_api_probabilities,margin,1,single_shot_2560_minus_128,1,2560,1,128,0.03365000000000007
MNIST_QNN_zz_r1_d6_s43,noisy_shot,mean_api_probabilities,margin,1,repeat_5x128_minus_1x128,5,128,1,128,0.041000000000000036
MNIST_QNN_zz_r1_d6_s43,noisy_shot,mean_api_probabilities,margin,1,repeat_20x128_minus_1x128,20,128,1,128,0.029075000000000073
MNIST_QNN_zz_r1_d6_s43,noisy_shot,mean_api_probabilities,margin,1,equal_total_5x512_minus_1x2560,5,512,1,2560,0.0033000000000000806
MNIST_QNN_zz_r1_d6_s43,noisy_shot,mean_api_probabilities,margin,1,equal_total_20x128_minus_1x2560,20,128,1,2560,-0.004574999999999996
MNIST_QNN_zz_r1_d6_s43,noisy_shot,mean_api_probabilities,margin,2,single_shot_512_minus_128,1,512,1,128,0.022075000000000067
MNIST_QNN_zz_r1_d6_s43,noisy_shot,mean_api_probabilities,margin,2,single_shot_2560_minus_128,1,2560,1,128,0.038574999999999915
MNIST_QNN_zz_r1_d6_s43,noisy_shot,mean_api_probabilities,margin,2,repeat_5x128_minus_1x128,5,128,1,128,0.01154999999999995
MNIST_QNN_zz_r1_d6_s43,noisy_shot,mean_api_probabilities,margin,2,repeat_20x128_minus_1x128,20,128,1,128,0.04005000000000003
MNIST_QNN_zz_r1_d6_s43,noisy_shot,mean_api_probabilities,margin,2,equal_total_5x512_minus_1x2560,5,512,1,2560,-0.00814999999999988
MNIST_QNN_zz_r1_d6_s43,noisy_shot,mean_api_probabilities,margin,2,equal_total_20x128_minus_1x2560,20,128,1,2560,0.001475000000000115
MNIST_QNN_zz_r1_d6_s43,noisy_shot,mean_api_probabilities,margin,3,single_shot_512_minus_128,1,512,1,128,0.005550000000000055
MNIST_QNN_zz_r1_d6_s43,noisy_shot,mean_api_probabilities,margin,3,single_shot_2560_minus_128,1,2560,1,128,0.020875000000000088
MNIST_QNN_zz_r1_d6_s43,noisy_shot,mean_api_probabilities,margin,3,repeat_5x128_minus_1x128,5,128,1,128,0.011525000000000007
MNIST_QNN_zz_r1_d6_s43,noisy_shot,mean_api_probabilities,margin,3,repeat_20x128_minus_1x128,20,128,1,128,0.01429999999999998
MNIST_QNN_zz_r1_d6_s43,noisy_shot,mean_api_probabilities,margin,3,equal_total_5x512_minus_1x2560,5,512,1,2560,0.005924999999999958
MNIST_QNN_zz_r1_d6_s43,noisy_shot,mean_api_probabilities,margin,3,equal_total_20x128_minus_1x2560,20,128,1,2560,-0.0065750000000001085
MNIST_QNN_zz_r1_d6_s43,noisy_shot,mean_api_probabilities,margin,4,single_shot_512_minus_128,1,512,1,128,0.061124999999999985
MNIST_QNN_zz_r1_d6_s43,noisy_shot,mean_api_probabilities,margin,4,single_shot_2560_minus_128,1,2560,1,128,0.06032499999999996
MNIST_QNN_zz_r1_d6_s43,noisy_shot,mean_api_probabilities,margin,4,repeat_5x128_minus_1x128,5,128,1,128,0.024024999999999963
MNIST_QNN_zz_r1_d6_s43,noisy_shot,mean_api_probabilities,margin,4,repeat_20x128_minus_1x128,20,128,1,128,0.0260999999999999
MNIST_QNN_zz_r1_d6_s43,noisy_shot,mean_api_probabilities,margin,4,equal_total_5x512_minus_1x2560,5,512,1,2560,-0.02782499999999999
MNIST_QNN_zz_r1_d6_s43,noisy_shot,mean_api_probabilities,margin,4,equal_total_20x128_minus_1x2560,20,128,1,2560,-0.03422500000000006
MNIST_QNN_zz_r1_d6_s43,noisy_shot,mean_api_probabilities,margin,5,single_shot_512_minus_128,1,512,1,128,0.022425000000000028
MNIST_QNN_zz_r1_d6_s43,noisy_shot,mean_api_probabilities,margin,5,single_shot_2560_minus_128,1,2560,1,128,0.017300000000000093
MNIST_QNN_zz_r1_d6_s43,noisy_shot,mean_api_probabilities,margin,5,repeat_5x128_minus_1x128,5,128,1,128,-0.027149999999999896
MNIST_QNN_zz_r1_d6_s43,noisy_shot,mean_api_probabilities,margin,5,repeat_20x128_minus_1x128,20,128,1,128,0.0008250000000000757
MNIST_QNN_zz_r1_d6_s43,noisy_shot,mean_api_probabilities,margin,5,equal_total_5x512_minus_1x2560,5,512,1,2560,-0.01330000000000009
MNIST_QNN_zz_r1_d6_s43,noisy_shot,mean_api_probabilities,margin,5,equal_total_20x128_minus_1x2560,20,128,1,2560,-0.016475000000000017
MNIST_QNN_zz_r1_d6_s43,noisy_shot,mean_api_probabilities,margin,6,single_shot_512_minus_128,1,512,1,128,-0.030500000000000083
MNIST_QNN_zz_r1_d6_s43,noisy_shot,mean_api_probabilities,margin,6,single_shot_2560_minus_128,1,2560,1,128,-0.02507500000000007
MNIST_QNN_zz_r1_d6_s43,noisy_shot,mean_api_probabilities,margin,6,repeat_5x128_minus_1x128,5,128,1,128,-0.02717500000000006
MNIST_QNN_zz_r1_d6_s43,noisy_shot,mean_api_probabilities,margin,6,repeat_20x128_minus_1x128,20,128,1,128,-0.015925000000000078
MNIST_QNN_zz_r1_d6_s43,noisy_shot,mean_api_probabilities,margin,6,equal_total_5x512_minus_1x2560,5,512,1,2560,-0.009774999999999978
MNIST_QNN_zz_r1_d6_s43,noisy_shot,mean_api_probabilities,margin,6,equal_total_20x128_minus_1x2560,20,128,1,2560,0.009149999999999991
MNIST_QNN_zz_r1_d6_s43,noisy_shot,mean_api_probabilities,margin,7,single_shot_512_minus_128,1,512,1,128,0.027700000000000058
MNIST_QNN_zz_r1_d6_s43,noisy_shot,mean_api_probabilities,margin,7,single_shot_2560_minus_128,1,2560,1,128,0.04072500000000001
MNIST_QNN_zz_r1_d6_s43,noisy_shot,mean_api_probabilities,margin,7,repeat_5x128_minus_1x128,5,128,1,128,0.013124999999999942
MNIST_QNN_zz_r1_d6_s43,noisy_shot,mean_api_probabilities,margin,7,repeat_20x128_minus_1x128,20,128,1,128,0.03964999999999996
MNIST_QNN_zz_r1_d6_s43,noisy_shot,mean_api_probabilities,margin,7,equal_total_5x512_minus_1x2560,5,512,1,2560,0.00019999999999986695
MNIST_QNN_zz_r1_d6_s43,noisy_shot,mean_api_probabilities,margin,7,equal_total_20x128_minus_1x2560,20,128,1,2560,-0.0010750000000000481
MNIST_QNN_zz_r1_d6_s43,noisy_shot,mean_api_probabilities,margin,8,single_shot_512_minus_128,1,512,1,128,0.04357500000000003
MNIST_QNN_zz_r1_d6_s43,noisy_shot,mean_api_probabilities,margin,8,single_shot_2560_minus_128,1,2560,1,128,0.04139999999999999
MNIST_QNN_zz_r1_d6_s43,noisy_shot,mean_api_probabilities,margin,8,repeat_5x128_minus_1x128,5,128,1,128,0.017575000000000007
MNIST_QNN_zz_r1_d6_s43,noisy_shot,mean_api_probabilities,margin,8,repeat_20x128_minus_1x128,20,128,1,128,0.05190000000000006
MNIST_QNN_zz_r1_d6_s43,noisy_shot,mean_api_probabilities,margin,8,equal_total_5x512_minus_1x2560,5,512,1,2560,0.007625000000000104
MNIST_QNN_zz_r1_d6_s43,noisy_shot,mean_api_probabilities,margin,8,equal_total_20x128_minus_1x2560,20,128,1,2560,0.010500000000000065
MNIST_QNN_zz_r1_d6_s43,noisy_shot,mean_api_probabilities,margin,9,single_shot_512_minus_128,1,512,1,128,0.08032500000000004
MNIST_QNN_zz_r1_d6_s43,noisy_shot,mean_api_probabilities,margin,9,single_shot_2560_minus_128,1,2560,1,128,0.08175000000000004
MNIST_QNN_zz_r1_d6_s43,noisy_shot,mean_api_probabilities,margin,9,repeat_5x128_minus_1x128,5,128,1,128,0.06424999999999997
MNIST_QNN_zz_r1_d6_s43,noisy_shot,mean_api_probabilities,margin,9,repeat_20x128_minus_1x128,20,128,1,128,0.07097500000000007
MNIST_QNN_zz_r1_d6_s43,noisy_shot,mean_api_probabilities,margin,9,equal_total_5x512_minus_1x2560,5,512,1,2560,0.008774999999999977
MNIST_QNN_zz_r1_d6_s43,noisy_shot,mean_api_probabilities,margin,9,equal_total_20x128_minus_1x2560,20,128,1,2560,-0.010774999999999979
MNIST_QNN_zz_r5_d6_s43,ideal_shot,mean_api_probabilities,confidence,0,single_shot_512_minus_128,1,512,1,128,0.0022999999999999687
MNIST_QNN_zz_r5_d6_s43,ideal_shot,mean_api_probabilities,confidence,0,single_shot_2560_minus_128,1,2560,1,128,0.019724999999999993
MNIST_QNN_zz_r5_d6_s43,ideal_shot,mean_api_probabilities,confidence,0,repeat_5x128_minus_1x128,5,128,1,128,0.003750000000000031
MNIST_QNN_zz_r5_d6_s43,ideal_shot,mean_api_probabilities,confidence,0,repeat_20x128_minus_1x128,20,128,1,128,0.005049999999999999
MNIST_QNN_zz_r5_d6_s43,ideal_shot,mean_api_probabilities,confidence,0,equal_total_5x512_minus_1x2560,5,512,1,2560,-0.024399999999999977
MNIST_QNN_zz_r5_d6_s43,ideal_shot,mean_api_probabilities,confidence,0,equal_total_20x128_minus_1x2560,20,128,1,2560,-0.014674999999999994
MNIST_QNN_zz_r5_d6_s43,ideal_shot,mean_api_probabilities,confidence,1,single_shot_512_minus_128,1,512,1,128,0.024424999999999975
MNIST_QNN_zz_r5_d6_s43,ideal_shot,mean_api_probabilities,confidence,1,single_shot_2560_minus_128,1,2560,1,128,0.01287499999999997
MNIST_QNN_zz_r5_d6_s43,ideal_shot,mean_api_probabilities,confidence,1,repeat_5x128_minus_1x128,5,128,1,128,-0.0037750000000000283
MNIST_QNN_zz_r5_d6_s43,ideal_shot,mean_api_probabilities,confidence,1,repeat_20x128_minus_1x128,20,128,1,128,0.009449999999999903
MNIST_QNN_zz_r5_d6_s43,ideal_shot,mean_api_probabilities,confidence,1,equal_total_5x512_minus_1x2560,5,512,1,2560,-0.0003749999999999587
MNIST_QNN_zz_r5_d6_s43,ideal_shot,mean_api_probabilities,confidence,1,equal_total_20x128_minus_1x2560,20,128,1,2560,-0.003425000000000067
MNIST_QNN_zz_r5_d6_s43,ideal_shot,mean_api_probabilities,confidence,2,single_shot_512_minus_128,1,512,1,128,0.01352500000000001
MNIST_QNN_zz_r5_d6_s43,ideal_shot,mean_api_probabilities,confidence,2,single_shot_2560_minus_128,1,2560,1,128,0.03075
MNIST_QNN_zz_r5_d6_s43,ideal_shot,mean_api_probabilities,confidence,2,repeat_5x128_minus_1x128,5,128,1,128,0.011375000000000024
MNIST_QNN_zz_r5_d6_s43,ideal_shot,mean_api_probabilities,confidence,2,repeat_20x128_minus_1x128,20,128,1,128,0.009250000000000036
MNIST_QNN_zz_r5_d6_s43,ideal_shot,mean_api_probabilities,confidence,2,equal_total_5x512_minus_1x2560,5,512,1,2560,-0.01607499999999995
MNIST_QNN_zz_r5_d6_s43,ideal_shot,mean_api_probabilities,confidence,2,equal_total_20x128_minus_1x2560,20,128,1,2560,-0.021499999999999964
MNIST_QNN_zz_r5_d6_s43,ideal_shot,mean_api_probabilities,confidence,3,single_shot_512_minus_128,1,512,1,128,-0.0015000000000000013
MNIST_QNN_zz_r5_d6_s43,ideal_shot,mean_api_probabilities,confidence,3,single_shot_2560_minus_128,1,2560,1,128,-0.0011249999999999871
MNIST_QNN_zz_r5_d6_s43,ideal_shot,mean_api_probabilities,confidence,3,repeat_5x128_minus_1x128,5,128,1,128,0.01882500000000009
MNIST_QNN_zz_r5_d6_s43,ideal_shot,mean_api_probabilities,confidence,3,repeat_20x128_minus_1x128,20,128,1,128,0.0025249999999999995
MNIST_QNN_zz_r5_d6_s43,ideal_shot,mean_api_probabilities,confidence,3,equal_total_5x512_minus_1x2560,5,512,1,2560,0.003599999999999992
MNIST_QNN_zz_r5_d6_s43,ideal_shot,mean_api_probabilities,confidence,3,equal_total_20x128_minus_1x2560,20,128,1,2560,0.0036499999999999866
MNIST_QNN_zz_r5_d6_s43,ideal_shot,mean_api_probabilities,confidence,4,single_shot_512_minus_128,1,512,1,128,0.004574999999999996
MNIST_QNN_zz_r5_d6_s43,ideal_shot,mean_api_probabilities,confidence,4,single_shot_2560_minus_128,1,2560,1,128,0.030349999999999988
MNIST_QNN_zz_r5_d6_s43,ideal_shot,mean_api_probabilities,confidence,4,repeat_5x128_minus_1x128,5,128,1,128,0.03200000000000003
MNIST_QNN_zz_r5_d6_s43,ideal_shot,mean_api_probabilities,confidence,4,repeat_20x128_minus_1x128,20,128,1,128,0.025849999999999873
MNIST_QNN_zz_r5_d6_s43,ideal_shot,mean_api_probabilities,confidence,4,equal_total_5x512_minus_1x2560,5,512,1,2560,-0.005525000000000113
MNIST_QNN_zz_r5_d6_s43,ideal_shot,mean_api_probabilities,confidence,4,equal_total_20x128_minus_1x2560,20,128,1,2560,-0.004500000000000115
MNIST_QNN_zz_r5_d6_s43,ideal_shot,mean_api_probabilities,confidence,5,single_shot_512_minus_128,1,512,1,128,0.022000000000000075
MNIST_QNN_zz_r5_d6_s43,ideal_shot,mean_api_probabilities,confidence,5,single_shot_2560_minus_128,1,2560,1,128,0.02262500000000006
MNIST_QNN_zz_r5_d6_s43,ideal_shot,mean_api_probabilities,confidence,5,repeat_5x128_minus_1x128,5,128,1,128,0.03117500000000012
MNIST_QNN_zz_r5_d6_s43,ideal_shot,mean_api_probabilities,confidence,5,repeat_20x128_minus_1x128,20,128,1,128,0.015450000000000075
MNIST_QNN_zz_r5_d6_s43,ideal_shot,mean_api_probabilities,confidence,5,equal_total_5x512_minus_1x2560,5,512,1,2560,0.000500000000000056
MNIST_QNN_zz_r5_d6_s43,ideal_shot,mean_api_probabilities,confidence,5,equal_total_20x128_minus_1x2560,20,128,1,2560,-0.007174999999999987
MNIST_QNN_zz_r5_d6_s43,ideal_shot,mean_api_probabilities,confidence,6,single_shot_512_minus_128,1,512,1,128,0.009199999999999986
MNIST_QNN_zz_r5_d6_s43,ideal_shot,mean_api_probabilities,confidence,6,single_shot_2560_minus_128,1,2560,1,128,0.014349999999999974
MNIST_QNN_zz_r5_d6_s43,ideal_shot,mean_api_probabilities,confidence,6,repeat_5x128_minus_1x128,5,128,1,128,0.0001249999999998752
MNIST_QNN_zz_r5_d6_s43,ideal_shot,mean_api_probabilities,confidence,6,repeat_20x128_minus_1x128,20,128,1,128,0.010025000000000006
MNIST_QNN_zz_r5_d6_s43,ideal_shot,mean_api_probabilities,confidence,6,equal_total_5x512_minus_1x2560,5,512,1,2560,-0.0030999999999999917
MNIST_QNN_zz_r5_d6_s43,ideal_shot,mean_api_probabilities,confidence,6,equal_total_20x128_minus_1x2560,20,128,1,2560,-0.004324999999999968
MNIST_QNN_zz_r5_d6_s43,ideal_shot,mean_api_probabilities,confidence,7,single_shot_512_minus_128,1,512,1,128,0.002925000000000011
MNIST_QNN_zz_r5_d6_s43,ideal_shot,mean_api_probabilities,confidence,7,single_shot_2560_minus_128,1,2560,1,128,0.01127499999999998
MNIST_QNN_zz_r5_d6_s43,ideal_shot,mean_api_probabilities,confidence,7,repeat_5x128_minus_1x128,5,128,1,128,-0.0029000000000000137
MNIST_QNN_zz_r5_d6_s43,ideal_shot,mean_api_probabilities,confidence,7,repeat_20x128_minus_1x128,20,128,1,128,0.009550000000000003
MNIST_QNN_zz_r5_d6_s43,ideal_shot,mean_api_probabilities,confidence,7,equal_total_5x512_minus_1x2560,5,512,1,2560,-0.009899999999999909
MNIST_QNN_zz_r5_d6_s43,ideal_shot,mean_api_probabilities,confidence,7,equal_total_20x128_minus_1x2560,20,128,1,2560,-0.0017249999999999766
MNIST_QNN_zz_r5_d6_s43,ideal_shot,mean_api_probabilities,confidence,8,single_shot_512_minus_128,1,512,1,128,-0.016525000000000012
MNIST_QNN_zz_r5_d6_s43,ideal_shot,mean_api_probabilities,confidence,8,single_shot_2560_minus_128,1,2560,1,128,-0.019500000000000017
MNIST_QNN_zz_r5_d6_s43,ideal_shot,mean_api_probabilities,confidence,8,repeat_5x128_minus_1x128,5,128,1,128,-0.024875000000000036
MNIST_QNN_zz_r5_d6_s43,ideal_shot,mean_api_probabilities,confidence,8,repeat_20x128_minus_1x128,20,128,1,128,-0.01622499999999999
MNIST_QNN_zz_r5_d6_s43,ideal_shot,mean_api_probabilities,confidence,8,equal_total_5x512_minus_1x2560,5,512,1,2560,-0.0004250000000000087
MNIST_QNN_zz_r5_d6_s43,ideal_shot,mean_api_probabilities,confidence,8,equal_total_20x128_minus_1x2560,20,128,1,2560,0.003275000000000028
MNIST_QNN_zz_r5_d6_s43,ideal_shot,mean_api_probabilities,confidence,9,single_shot_512_minus_128,1,512,1,128,0.012025000000000008
MNIST_QNN_zz_r5_d6_s43,ideal_shot,mean_api_probabilities,confidence,9,single_shot_2560_minus_128,1,2560,1,128,0.011674999999999935
MNIST_QNN_zz_r5_d6_s43,ideal_shot,mean_api_probabilities,confidence,9,repeat_5x128_minus_1x128,5,128,1,128,0.016699999999999993
MNIST_QNN_zz_r5_d6_s43,ideal_shot,mean_api_probabilities,confidence,9,repeat_20x128_minus_1x128,20,128,1,128,0.01435000000000014
MNIST_QNN_zz_r5_d6_s43,ideal_shot,mean_api_probabilities,confidence,9,equal_total_5x512_minus_1x2560,5,512,1,2560,0.0011750000000000371
MNIST_QNN_zz_r5_d6_s43,ideal_shot,mean_api_probabilities,confidence,9,equal_total_20x128_minus_1x2560,20,128,1,2560,0.002675000000000205
MNIST_QNN_zz_r5_d6_s43,ideal_shot,mean_api_probabilities,correctness,0,single_shot_512_minus_128,1,512,1,128,0.08749999999999991
MNIST_QNN_zz_r5_d6_s43,ideal_shot,mean_api_probabilities,correctness,0,single_shot_2560_minus_128,1,2560,1,128,0.07750000000000001
MNIST_QNN_zz_r5_d6_s43,ideal_shot,mean_api_probabilities,correctness,0,repeat_5x128_minus_1x128,5,128,1,128,0.06499999999999995
MNIST_QNN_zz_r5_d6_s43,ideal_shot,mean_api_probabilities,correctness,0,repeat_20x128_minus_1x128,20,128,1,128,0.0824999999999999
MNIST_QNN_zz_r5_d6_s43,ideal_shot,mean_api_probabilities,correctness,0,equal_total_5x512_minus_1x2560,5,512,1,2560,0.01749999999999996
MNIST_QNN_zz_r5_d6_s43,ideal_shot,mean_api_probabilities,correctness,0,equal_total_20x128_minus_1x2560,20,128,1,2560,0.004999999999999893
MNIST_QNN_zz_r5_d6_s43,ideal_shot,mean_api_probabilities,correctness,1,single_shot_512_minus_128,1,512,1,128,0.004999999999999893
MNIST_QNN_zz_r5_d6_s43,ideal_shot,mean_api_probabilities,correctness,1,single_shot_2560_minus_128,1,2560,1,128,0.03499999999999981
MNIST_QNN_zz_r5_d6_s43,ideal_shot,mean_api_probabilities,correctness,1,repeat_5x128_minus_1x128,5,128,1,128,0.014999999999999902
MNIST_QNN_zz_r5_d6_s43,ideal_shot,mean_api_probabilities,correctness,1,repeat_20x128_minus_1x128,20,128,1,128,0.029999999999999805
MNIST_QNN_zz_r5_d6_s43,ideal_shot,mean_api_probabilities,correctness,1,equal_total_5x512_minus_1x2560,5,512,1,2560,0.007500000000000062
MNIST_QNN_zz_r5_d6_s43,ideal_shot,mean_api_probabilities,correctness,1,equal_total_20x128_minus_1x2560,20,128,1,2560,-0.0050000000000000044
MNIST_QNN_zz_r5_d6_s43,ideal_shot,mean_api_probabilities,correctness,2,single_shot_512_minus_128,1,512,1,128,0.0024999999999999467
MNIST_QNN_zz_r5_d6_s43,ideal_shot,mean_api_probabilities,correctness,2,single_shot_2560_minus_128,1,2560,1,128,0.029999999999999916
MNIST_QNN_zz_r5_d6_s43,ideal_shot,mean_api_probabilities,correctness,2,repeat_5x128_minus_1x128,5,128,1,128,0.012499999999999956
MNIST_QNN_zz_r5_d6_s43,ideal_shot,mean_api_probabilities,correctness,2,repeat_20x128_minus_1x128,20,128,1,128,0.02749999999999997
MNIST_QNN_zz_r5_d6_s43,ideal_shot,mean_api_probabilities,correctness,2,equal_total_5x512_minus_1x2560,5,512,1,2560,0.0050000000000001155
MNIST_QNN_zz_r5_d6_s43,ideal_shot,mean_api_probabilities,correctness,2,equal_total_20x128_minus_1x2560,20,128,1,2560,-0.0024999999999999467
MNIST_QNN_zz_r5_d6_s43,ideal_shot,mean_api_probabilities,correctness,3,single_shot_512_minus_128,1,512,1,128,0.0050000000000001155
MNIST_QNN_zz_r5_d6_s43,ideal_shot,mean_api_probabilities,correctness,3,single_shot_2560_minus_128,1,2560,1,128,0.03249999999999997
MNIST_QNN_zz_r5_d6_s43,ideal_shot,mean_api_probabilities,correctness,3,repeat_5x128_minus_1x128,5,128,1,128,0.01749999999999996
MNIST_QNN_zz_r5_d6_s43,ideal_shot,mean_api_probabilities,correctness,3,repeat_20x128_minus_1x128,20,128,1,128,0.030000000000000027
MNIST_QNN_zz_r5_d6_s43,ideal_shot,mean_api_probabilities,correctness,3,equal_total_5x512_minus_1x2560,5,512,1,2560,-0.014999999999999902
MNIST_QNN_zz_r5_d6_s43,ideal_shot,mean_api_probabilities,correctness,3,equal_total_20x128_minus_1x2560,20,128,1,2560,-0.0024999999999999467
MNIST_QNN_zz_r5_d6_s43,ideal_shot,mean_api_probabilities,correctness,4,single_shot_512_minus_128,1,512,1,128,0.04500000000000004
MNIST_QNN_zz_r5_d6_s43,ideal_shot,mean_api_probabilities,correctness,4,single_shot_2560_minus_128,1,2560,1,128,0.03750000000000009
MNIST_QNN_zz_r5_d6_s43,ideal_shot,mean_api_probabilities,correctness,4,repeat_5x128_minus_1x128,5,128,1,128,0.012500000000000067
MNIST_QNN_zz_r5_d6_s43,ideal_shot,mean_api_probabilities,correctness,4,repeat_20x128_minus_1x128,20,128,1,128,0.03749999999999998
MNIST_QNN_zz_r5_d6_s43,ideal_shot,mean_api_probabilities,correctness,4,equal_total_5x512_minus_1x2560,5,512,1,2560,-0.01000000000000012
MNIST_QNN_zz_r5_d6_s43,ideal_shot,mean_api_probabilities,correctness,4,equal_total_20x128_minus_1x2560,20,128,1,2560,-1.1102230246251565e-16
MNIST_QNN_zz_r5_d6_s43,ideal_shot,mean_api_probabilities,correctness,5,single_shot_512_minus_128,1,512,1,128,0.04749999999999999
MNIST_QNN_zz_r5_d6_s43,ideal_shot,mean_api_probabilities,correctness,5,single_shot_2560_minus_128,1,2560,1,128,0.03500000000000003
MNIST_QNN_zz_r5_d6_s43,ideal_shot,mean_api_probabilities,correctness,5,repeat_5x128_minus_1x128,5,128,1,128,0.012500000000000067
MNIST_QNN_zz_r5_d6_s43,ideal_shot,mean_api_probabilities,correctness,5,repeat_20x128_minus_1x128,20,128,1,128,0.02749999999999997
MNIST_QNN_zz_r5_d6_s43,ideal_shot,mean_api_probabilities,correctness,5,equal_total_5x512_minus_1x2560,5,512,1,2560,-0.015000000000000013
MNIST_QNN_zz_r5_d6_s43,ideal_shot,mean_api_probabilities,correctness,5,equal_total_20x128_minus_1x2560,20,128,1,2560,-0.007500000000000062
MNIST_QNN_zz_r5_d6_s43,ideal_shot,mean_api_probabilities,correctness,6,single_shot_512_minus_128,1,512,1,128,0.019999999999999907
MNIST_QNN_zz_r5_d6_s43,ideal_shot,mean_api_probabilities,correctness,6,single_shot_2560_minus_128,1,2560,1,128,0.039999999999999925
MNIST_QNN_zz_r5_d6_s43,ideal_shot,mean_api_probabilities,correctness,6,repeat_5x128_minus_1x128,5,128,1,128,0.029999999999999916
MNIST_QNN_zz_r5_d6_s43,ideal_shot,mean_api_probabilities,correctness,6,repeat_20x128_minus_1x128,20,128,1,128,0.027499999999999858
MNIST_QNN_zz_r5_d6_s43,ideal_shot,mean_api_probabilities,correctness,6,equal_total_5x512_minus_1x2560,5,512,1,2560,-0.012500000000000067
MNIST_QNN_zz_r5_d6_s43,ideal_shot,mean_api_probabilities,correctness,6,equal_total_20x128_minus_1x2560,20,128,1,2560,-0.012500000000000067
MNIST_QNN_zz_r5_d6_s43,ideal_shot,mean_api_probabilities,correctness,7,single_shot_512_minus_128,1,512,1,128,0.05999999999999994
MNIST_QNN_zz_r5_d6_s43,ideal_shot,mean_api_probabilities,correctness,7,single_shot_2560_minus_128,1,2560,1,128,0.0625
MNIST_QNN_zz_r5_d6_s43,ideal_shot,mean_api_probabilities,correctness,7,repeat_5x128_minus_1x128,5,128,1,128,0.06499999999999995
MNIST_QNN_zz_r5_d6_s43,ideal_shot,mean_api_probabilities,correctness,7,repeat_20x128_minus_1x128,20,128,1,128,0.08000000000000007
MNIST_QNN_zz_r5_d6_s43,ideal_shot,mean_api_probabilities,correctness,7,equal_total_5x512_minus_1x2560,5,512,1,2560,0.015000000000000013
MNIST_QNN_zz_r5_d6_s43,ideal_shot,mean_api_probabilities,correctness,7,equal_total_20x128_minus_1x2560,20,128,1,2560,0.01750000000000007
MNIST_QNN_zz_r5_d6_s43,ideal_shot,mean_api_probabilities,correctness,8,single_shot_512_minus_128,1,512,1,128,0.01750000000000007
MNIST_QNN_zz_r5_d6_s43,ideal_shot,mean_api_probabilities,correctness,8,single_shot_2560_minus_128,1,2560,1,128,0.02750000000000008
MNIST_QNN_zz_r5_d6_s43,ideal_shot,mean_api_probabilities,correctness,8,repeat_5x128_minus_1x128,5,128,1,128,0.007500000000000062
MNIST_QNN_zz_r5_d6_s43,ideal_shot,mean_api_probabilities,correctness,8,repeat_20x128_minus_1x128,20,128,1,128,0.015000000000000124
MNIST_QNN_zz_r5_d6_s43,ideal_shot,mean_api_probabilities,correctness,8,equal_total_5x512_minus_1x2560,5,512,1,2560,0.0
MNIST_QNN_zz_r5_d6_s43,ideal_shot,mean_api_probabilities,correctness,8,equal_total_20x128_minus_1x2560,20,128,1,2560,-0.012499999999999956
MNIST_QNN_zz_r5_d6_s43,ideal_shot,mean_api_probabilities,correctness,9,single_shot_512_minus_128,1,512,1,128,0.01749999999999996
MNIST_QNN_zz_r5_d6_s43,ideal_shot,mean_api_probabilities,correctness,9,single_shot_2560_minus_128,1,2560,1,128,0.03499999999999992
MNIST_QNN_zz_r5_d6_s43,ideal_shot,mean_api_probabilities,correctness,9,repeat_5x128_minus_1x128,5,128,1,128,0.03249999999999997
MNIST_QNN_zz_r5_d6_s43,ideal_shot,mean_api_probabilities,correctness,9,repeat_20x128_minus_1x128,20,128,1,128,0.04499999999999993
MNIST_QNN_zz_r5_d6_s43,ideal_shot,mean_api_probabilities,correctness,9,equal_total_5x512_minus_1x2560,5,512,1,2560,-0.007499999999999951
MNIST_QNN_zz_r5_d6_s43,ideal_shot,mean_api_probabilities,correctness,9,equal_total_20x128_minus_1x2560,20,128,1,2560,0.010000000000000009
MNIST_QNN_zz_r5_d6_s43,ideal_shot,mean_api_probabilities,entropy,0,single_shot_512_minus_128,1,512,1,128,0.005624999999999991
MNIST_QNN_zz_r5_d6_s43,ideal_shot,mean_api_probabilities,entropy,0,single_shot_2560_minus_128,1,2560,1,128,0.016449999999999965
MNIST_QNN_zz_r5_d6_s43,ideal_shot,mean_api_probabilities,entropy,0,repeat_5x128_minus_1x128,5,128,1,128,-0.008325000000000027
MNIST_QNN_zz_r5_d6_s43,ideal_shot,mean_api_probabilities,entropy,0,repeat_20x128_minus_1x128,20,128,1,128,0.0037499999999999756
MNIST_QNN_zz_r5_d6_s43,ideal_shot,mean_api_probabilities,entropy,0,equal_total_5x512_minus_1x2560,5,512,1,2560,-0.01865000000000011
MNIST_QNN_zz_r5_d6_s43,ideal_shot,mean_api_probabilities,entropy,0,equal_total_20x128_minus_1x2560,20,128,1,2560,-0.012699999999999989
MNIST_QNN_zz_r5_d6_s43,ideal_shot,mean_api_probabilities,entropy,1,single_shot_512_minus_128,1,512,1,128,0.016474999999999962
MNIST_QNN_zz_r5_d6_s43,ideal_shot,mean_api_probabilities,entropy,1,single_shot_2560_minus_128,1,2560,1,128,0.013674999999999993
MNIST_QNN_zz_r5_d6_s43,ideal_shot,mean_api_probabilities,entropy,1,repeat_5x128_minus_1x128,5,128,1,128,0.0026249999999999885
MNIST_QNN_zz_r5_d6_s43,ideal_shot,mean_api_probabilities,entropy,1,repeat_20x128_minus_1x128,20,128,1,128,0.008849999999999969
MNIST_QNN_zz_r5_d6_s43,ideal_shot,mean_api_probabilities,entropy,1,equal_total_5x512_minus_1x2560,5,512,1,2560,-0.0042500000000000315
MNIST_QNN_zz_r5_d6_s43,ideal_shot,mean_api_probabilities,entropy,1,equal_total_20x128_minus_1x2560,20,128,1,2560,-0.004825000000000024
MNIST_QNN_zz_r5_d6_s43,ideal_shot,mean_api_probabilities,entropy,2,single_shot_512_minus_128,1,512,1,128,0.015274999999999817
MNIST_QNN_zz_r5_d6_s43,ideal_shot,mean_api_probabilities,entropy,2,single_shot_2560_minus_128,1,2560,1,128,0.022824999999999984
MNIST_QNN_zz_r5_d6_s43,ideal_shot,mean_api_probabilities,entropy,2,repeat_5x128_minus_1x128,5,128,1,128,0.006499999999999895
MNIST_QNN_zz_r5_d6_s43,ideal_shot,mean_api_probabilities,entropy,2,repeat_20x128_minus_1x128,20,128,1,128,0.009249999999999814
MNIST_QNN_zz_r5_d6_s43,ideal_shot,mean_api_probabilities,entropy,2,equal_total_5x512_minus_1x2560,5,512,1,2560,-0.009300000000000086
MNIST_QNN_zz_r5_d6_s43,ideal_shot,mean_api_probabilities,entropy,2,equal_total_20x128_minus_1x2560,20,128,1,2560,-0.01357500000000017
MNIST_QNN_zz_r5_d6_s43,ideal_shot,mean_api_probabilities,entropy,3,single_shot_512_minus_128,1,512,1,128,-0.0002750000000000252
MNIST_QNN_zz_r5_d6_s43,ideal_shot,mean_api_probabilities,entropy,3,single_shot_2560_minus_128,1,2560,1,128,0.005449999999999899
MNIST_QNN_zz_r5_d6_s43,ideal_shot,mean_api_probabilities,entropy,3,repeat_5x128_minus_1x128,5,128,1,128,0.015174999999999939
MNIST_QNN_zz_r5_d6_s43,ideal_shot,mean_api_probabilities,entropy,3,repeat_20x128_minus_1x128,20,128,1,128,0.007249999999999979
MNIST_QNN_zz_r5_d6_s43,ideal_shot,mean_api_probabilities,entropy,3,equal_total_5x512_minus_1x2560,5,512,1,2560,0.0050500000000000544
MNIST_QNN_zz_r5_d6_s43,ideal_shot,mean_api_probabilities,entropy,3,equal_total_20x128_minus_1x2560,20,128,1,2560,0.0018000000000000793
MNIST_QNN_zz_r5_d6_s43,ideal_shot,mean_api_probabilities,entropy,4,single_shot_512_minus_128,1,512,1,128,-0.0003749999999999032
MNIST_QNN_zz_r5_d6_s43,ideal_shot,mean_api_probabilities,entropy,4,single_shot_2560_minus_128,1,2560,1,128,0.028274999999999995
MNIST_QNN_zz_r5_d6_s43,ideal_shot,mean_api_probabilities,entropy,4,repeat_5x128_minus_1x128,5,128,1,128,0.028075000000000017
MNIST_QNN_zz_r5_d6_s43,ideal_shot,mean_api_probabilities,entropy,4,repeat_20x128_minus_1x128,20,128,1,128,0.023224999999999885
MNIST_QNN_zz_r5_d6_s43,ideal_shot,mean_api_probabilities,entropy,4,equal_total_5x512_minus_1x2560,5,512,1,2560,-0.003699999999999981
MNIST_QNN_zz_r5_d6_s43,ideal_shot,mean_api_probabilities,entropy,4,equal_total_20x128_minus_1x2560,20,128,1,2560,-0.00505000000000011
MNIST_QNN_zz_r5_d6_s43,ideal_shot,mean_api_probabilities,entropy,5,single_shot_512_minus_128,1,512,1,128,0.007199999999999929
MNIST_QNN_zz_r5_d6_s43,ideal_shot,mean_api_probabilities,entropy,5,single_shot_2560_minus_128,1,2560,1,128,0.009525000000000006
MNIST_QNN_zz_r5_d6_s43,ideal_shot,mean_api_probabilities,entropy,5,repeat_5x128_minus_1x128,5,128,1,128,0.022275000000000045
MNIST_QNN_zz_r5_d6_s43,ideal_shot,mean_api_probabilities,entropy,5,repeat_20x128_minus_1x128,20,128,1,128,0.005525000000000002
MNIST_QNN_zz_r5_d6_s43,ideal_shot,mean_api_probabilities,entropy,5,equal_total_5x512_minus_1x2560,5,512,1,2560,0.005750000000000033
MNIST_QNN_zz_r5_d6_s43,ideal_shot,mean_api_probabilities,entropy,5,equal_total_20x128_minus_1x2560,20,128,1,2560,-0.0040000000000000036
MNIST_QNN_zz_r5_d6_s43,ideal_shot,mean_api_probabilities,entropy,6,single_shot_512_minus_128,1,512,1,128,0.0036249999999999893
MNIST_QNN_zz_r5_d6_s43,ideal_shot,mean_api_probabilities,entropy,6,single_shot_2560_minus_128,1,2560,1,128,0.01419999999999999
MNIST_QNN_zz_r5_d6_s43,ideal_shot,mean_api_probabilities,entropy,6,repeat_5x128_minus_1x128,5,128,1,128,0.003049999999999997
MNIST_QNN_zz_r5_d6_s43,ideal_shot,mean_api_probabilities,entropy,6,repeat_20x128_minus_1x128,20,128,1,128,0.001674999999999982
MNIST_QNN_zz_r5_d6_s43,ideal_shot,mean_api_probabilities,entropy,6,equal_total_5x512_minus_1x2560,5,512,1,2560,-0.0035250000000000004
MNIST_QNN_zz_r5_d6_s43,ideal_shot,mean_api_probabilities,entropy,6,equal_total_20x128_minus_1x2560,20,128,1,2560,-0.012525000000000008
MNIST_QNN_zz_r5_d6_s43,ideal_shot,mean_api_probabilities,entropy,7,single_shot_512_minus_128,1,512,1,128,-0.00830000000000003
MNIST_QNN_zz_r5_d6_s43,ideal_shot,mean_api_probabilities,entropy,7,single_shot_2560_minus_128,1,2560,1,128,-0.00017500000000003624
MNIST_QNN_zz_r5_d6_s43,ideal_shot,mean_api_probabilities,entropy,7,repeat_5x128_minus_1x128,5,128,1,128,-0.009599999999999997
MNIST_QNN_zz_r5_d6_s43,ideal_shot,mean_api_probabilities,entropy,7,repeat_20x128_minus_1x128,20,128,1,128,0.0029249999999999554
MNIST_QNN_zz_r5_d6_s43,ideal_shot,mean_api_probabilities,entropy,7,equal_total_5x512_minus_1x2560,5,512,1,2560,-0.005699999999999983
MNIST_QNN_zz_r5_d6_s43,ideal_shot,mean_api_probabilities,entropy,7,equal_total_20x128_minus_1x2560,20,128,1,2560,0.0030999999999999917
MNIST_QNN_zz_r5_d6_s43,ideal_shot,mean_api_probabilities,entropy,8,single_shot_512_minus_128,1,512,1,128,-0.019799999999999984
MNIST_QNN_zz_r5_d6_s43,ideal_shot,mean_api_probabilities,entropy,8,single_shot_2560_minus_128,1,2560,1,128,-0.02377499999999999
MNIST_QNN_zz_r5_d6_s43,ideal_shot,mean_api_probabilities,entropy,8,repeat_5x128_minus_1x128,5,128,1,128,-0.02722500000000011
MNIST_QNN_zz_r5_d6_s43,ideal_shot,mean_api_probabilities,entropy,8,repeat_20x128_minus_1x128,20,128,1,128,-0.023749999999999993
MNIST_QNN_zz_r5_d6_s43,ideal_shot,mean_api_probabilities,entropy,8,equal_total_5x512_minus_1x2560,5,512,1,2560,-0.004625000000000046
MNIST_QNN_zz_r5_d6_s43,ideal_shot,mean_api_probabilities,entropy,8,equal_total_20x128_minus_1x2560,20,128,1,2560,2.4999999999997247e-05
MNIST_QNN_zz_r5_d6_s43,ideal_shot,mean_api_probabilities,entropy,9,single_shot_512_minus_128,1,512,1,128,0.008350000000000024
MNIST_QNN_zz_r5_d6_s43,ideal_shot,mean_api_probabilities,entropy,9,single_shot_2560_minus_128,1,2560,1,128,0.007450000000000012
MNIST_QNN_zz_r5_d6_s43,ideal_shot,mean_api_probabilities,entropy,9,repeat_5x128_minus_1x128,5,128,1,128,0.009425000000000072
MNIST_QNN_zz_r5_d6_s43,ideal_shot,mean_api_probabilities,entropy,9,repeat_20x128_minus_1x128,20,128,1,128,0.006199999999999983
MNIST_QNN_zz_r5_d6_s43,ideal_shot,mean_api_probabilities,entropy,9,equal_total_5x512_minus_1x2560,5,512,1,2560,-0.0004250000000000087
MNIST_QNN_zz_r5_d6_s43,ideal_shot,mean_api_probabilities,entropy,9,equal_total_20x128_minus_1x2560,20,128,1,2560,-0.0012500000000000289
MNIST_QNN_zz_r5_d6_s43,ideal_shot,mean_api_probabilities,learned_mlp_pv,0,single_shot_512_minus_128,1,512,1,128,-0.06649999999999989
MNIST_QNN_zz_r5_d6_s43,ideal_shot,mean_api_probabilities,learned_mlp_pv,0,single_shot_2560_minus_128,1,2560,1,128,-0.07129999999999992
MNIST_QNN_zz_r5_d6_s43,ideal_shot,mean_api_probabilities,learned_mlp_pv,0,repeat_5x128_minus_1x128,5,128,1,128,-0.09207499999999996
MNIST_QNN_zz_r5_d6_s43,ideal_shot,mean_api_probabilities,learned_mlp_pv,0,repeat_20x128_minus_1x128,20,128,1,128,-0.08217500000000005
MNIST_QNN_zz_r5_d6_s43,ideal_shot,mean_api_probabilities,learned_mlp_pv,0,equal_total_5x512_minus_1x2560,5,512,1,2560,-0.00307500000000005
MNIST_QNN_zz_r5_d6_s43,ideal_shot,mean_api_probabilities,learned_mlp_pv,0,equal_total_20x128_minus_1x2560,20,128,1,2560,-0.010875000000000135
MNIST_QNN_zz_r5_d6_s43,ideal_shot,mean_api_probabilities,learned_mlp_pv,1,single_shot_512_minus_128,1,512,1,128,-0.0016750000000000376
MNIST_QNN_zz_r5_d6_s43,ideal_shot,mean_api_probabilities,learned_mlp_pv,1,single_shot_2560_minus_128,1,2560,1,128,0.0007249999999999757
MNIST_QNN_zz_r5_d6_s43,ideal_shot,mean_api_probabilities,learned_mlp_pv,1,repeat_5x128_minus_1x128,5,128,1,128,-0.009350000000000025
MNIST_QNN_zz_r5_d6_s43,ideal_shot,mean_api_probabilities,learned_mlp_pv,1,repeat_20x128_minus_1x128,20,128,1,128,0.04342499999999999
MNIST_QNN_zz_r5_d6_s43,ideal_shot,mean_api_probabilities,learned_mlp_pv,1,equal_total_5x512_minus_1x2560,5,512,1,2560,0.007750000000000035
MNIST_QNN_zz_r5_d6_s43,ideal_shot,mean_api_probabilities,learned_mlp_pv,1,equal_total_20x128_minus_1x2560,20,128,1,2560,0.042700000000000016
MNIST_QNN_zz_r5_d6_s43,ideal_shot,mean_api_probabilities,learned_mlp_pv,2,single_shot_512_minus_128,1,512,1,128,-0.02410000000000001
MNIST_QNN_zz_r5_d6_s43,ideal_shot,mean_api_probabilities,learned_mlp_pv,2,single_shot_2560_minus_128,1,2560,1,128,-0.018524999999999903
MNIST_QNN_zz_r5_d6_s43,ideal_shot,mean_api_probabilities,learned_mlp_pv,2,repeat_5x128_minus_1x128,5,128,1,128,-0.040049999999999975
MNIST_QNN_zz_r5_d6_s43,ideal_shot,mean_api_probabilities,learned_mlp_pv,2,repeat_20x128_minus_1x128,20,128,1,128,-0.00814999999999999
MNIST_QNN_zz_r5_d6_s43,ideal_shot,mean_api_probabilities,learned_mlp_pv,2,equal_total_5x512_minus_1x2560,5,512,1,2560,0.023799999999999932
MNIST_QNN_zz_r5_d6_s43,ideal_shot,mean_api_probabilities,learned_mlp_pv,2,equal_total_20x128_minus_1x2560,20,128,1,2560,0.010374999999999912
MNIST_QNN_zz_r5_d6_s43,ideal_shot,mean_api_probabilities,learned_mlp_pv,3,single_shot_512_minus_128,1,512,1,128,-0.0529
MNIST_QNN_zz_r5_d6_s43,ideal_shot,mean_api_probabilities,learned_mlp_pv,3,single_shot_2560_minus_128,1,2560,1,128,-0.020299999999999985
MNIST_QNN_zz_r5_d6_s43,ideal_shot,mean_api_probabilities,learned_mlp_pv,3,repeat_5x128_minus_1x128,5,128,1,128,-0.03810000000000002
MNIST_QNN_zz_r5_d6_s43,ideal_shot,mean_api_probabilities,learned_mlp_pv,3,repeat_20x128_minus_1x128,20,128,1,128,-0.0286249999999999
MNIST_QNN_zz_r5_d6_s43,ideal_shot,mean_api_probabilities,learned_mlp_pv,3,equal_total_5x512_minus_1x2560,5,512,1,2560,-0.024149999999999894
MNIST_QNN_zz_r5_d6_s43,ideal_shot,mean_api_probabilities,learned_mlp_pv,3,equal_total_20x128_minus_1x2560,20,128,1,2560,-0.008324999999999916
MNIST_QNN_zz_r5_d6_s43,ideal_shot,mean_api_probabilities,learned_mlp_pv,4,single_shot_512_minus_128,1,512,1,128,-0.030175000000000007
MNIST_QNN_zz_r5_d6_s43,ideal_shot,mean_api_probabilities,learned_mlp_pv,4,single_shot_2560_minus_128,1,2560,1,128,-0.03170000000000006
MNIST_QNN_zz_r5_d6_s43,ideal_shot,mean_api_probabilities,learned_mlp_pv,4,repeat_5x128_minus_1x128,5,128,1,128,-0.08337499999999998
MNIST_QNN_zz_r5_d6_s43,ideal_shot,mean_api_probabilities,learned_mlp_pv,4,repeat_20x128_minus_1x128,20,128,1,128,-0.016449999999999965
MNIST_QNN_zz_r5_d6_s43,ideal_shot,mean_api_probabilities,learned_mlp_pv,4,equal_total_5x512_minus_1x2560,5,512,1,2560,-0.015799999999999814
MNIST_QNN_zz_r5_d6_s43,ideal_shot,mean_api_probabilities,learned_mlp_pv,4,equal_total_20x128_minus_1x2560,20,128,1,2560,0.015250000000000097
MNIST_QNN_zz_r5_d6_s43,ideal_shot,mean_api_probabilities,learned_mlp_pv,5,single_shot_512_minus_128,1,512,1,128,0.0007000000000000339
MNIST_QNN_zz_r5_d6_s43,ideal_shot,mean_api_probabilities,learned_mlp_pv,5,single_shot_2560_minus_128,1,2560,1,128,-0.01287499999999997
MNIST_QNN_zz_r5_d6_s43,ideal_shot,mean_api_probabilities,learned_mlp_pv,5,repeat_5x128_minus_1x128,5,128,1,128,-0.017774999999999874
MNIST_QNN_zz_r5_d6_s43,ideal_shot,mean_api_probabilities,learned_mlp_pv,5,repeat_20x128_minus_1x128,20,128,1,128,0.00605
MNIST_QNN_zz_r5_d6_s43,ideal_shot,mean_api_probabilities,learned_mlp_pv,5,equal_total_5x512_minus_1x2560,5,512,1,2560,0.026774999999999993
MNIST_QNN_zz_r5_d6_s43,ideal_shot,mean_api_probabilities,learned_mlp_pv,5,equal_total_20x128_minus_1x2560,20,128,1,2560,0.01892499999999997
MNIST_QNN_zz_r5_d6_s43,ideal_shot,mean_api_probabilities,learned_mlp_pv,6,single_shot_512_minus_128,1,512,1,128,0.03069999999999995
MNIST_QNN_zz_r5_d6_s43,ideal_shot,mean_api_probabilities,learned_mlp_pv,6,single_shot_2560_minus_128,1,2560,1,128,0.025175000000000003
MNIST_QNN_zz_r5_d6_s43,ideal_shot,mean_api_probabilities,learned_mlp_pv,6,repeat_5x128_minus_1x128,5,128,1,128,0.034824999999999995
MNIST_QNN_zz_r5_d6_s43,ideal_shot,mean_api_probabilities,learned_mlp_pv,6,repeat_20x128_minus_1x128,20,128,1,128,0.06104999999999994
MNIST_QNN_zz_r5_d6_s43,ideal_shot,mean_api_probabilities,learned_mlp_pv,6,equal_total_5x512_minus_1x2560,5,512,1,2560,0.053824999999999956
MNIST_QNN_zz_r5_d6_s43,ideal_shot,mean_api_probabilities,learned_mlp_pv,6,equal_total_20x128_minus_1x2560,20,128,1,2560,0.035874999999999935
MNIST_QNN_zz_r5_d6_s43,ideal_shot,mean_api_probabilities,learned_mlp_pv,7,single_shot_512_minus_128,1,512,1,128,0.019699999999999995
MNIST_QNN_zz_r5_d6_s43,ideal_shot,mean_api_probabilities,learned_mlp_pv,7,single_shot_2560_minus_128,1,2560,1,128,0.033275
MNIST_QNN_zz_r5_d6_s43,ideal_shot,mean_api_probabilities,learned_mlp_pv,7,repeat_5x128_minus_1x128,5,128,1,128,0.013324999999999976
MNIST_QNN_zz_r5_d6_s43,ideal_shot,mean_api_probabilities,learned_mlp_pv,7,repeat_20x128_minus_1x128,20,128,1,128,-0.01492499999999991
MNIST_QNN_zz_r5_d6_s43,ideal_shot,mean_api_probabilities,learned_mlp_pv,7,equal_total_5x512_minus_1x2560,5,512,1,2560,-0.03462500000000002
MNIST_QNN_zz_r5_d6_s43,ideal_shot,mean_api_probabilities,learned_mlp_pv,7,equal_total_20x128_minus_1x2560,20,128,1,2560,-0.04819999999999991
MNIST_QNN_zz_r5_d6_s43,ideal_shot,mean_api_probabilities,learned_mlp_pv,8,single_shot_512_minus_128,1,512,1,128,-0.038000000000000034
MNIST_QNN_zz_r5_d6_s43,ideal_shot,mean_api_probabilities,learned_mlp_pv,8,single_shot_2560_minus_128,1,2560,1,128,-0.03985000000000005
MNIST_QNN_zz_r5_d6_s43,ideal_shot,mean_api_probabilities,learned_mlp_pv,8,repeat_5x128_minus_1x128,5,128,1,128,-0.03452500000000003
MNIST_QNN_zz_r5_d6_s43,ideal_shot,mean_api_probabilities,learned_mlp_pv,8,repeat_20x128_minus_1x128,20,128,1,128,-0.061575000000000046
MNIST_QNN_zz_r5_d6_s43,ideal_shot,mean_api_probabilities,learned_mlp_pv,8,equal_total_5x512_minus_1x2560,5,512,1,2560,0.02287500000000009
MNIST_QNN_zz_r5_d6_s43,ideal_shot,mean_api_probabilities,learned_mlp_pv,8,equal_total_20x128_minus_1x2560,20,128,1,2560,-0.021724999999999994
MNIST_QNN_zz_r5_d6_s43,ideal_shot,mean_api_probabilities,learned_mlp_pv,9,single_shot_512_minus_128,1,512,1,128,0.018099999999999894
MNIST_QNN_zz_r5_d6_s43,ideal_shot,mean_api_probabilities,learned_mlp_pv,9,single_shot_2560_minus_128,1,2560,1,128,-0.021925000000000028
MNIST_QNN_zz_r5_d6_s43,ideal_shot,mean_api_probabilities,learned_mlp_pv,9,repeat_5x128_minus_1x128,5,128,1,128,0.0008750000000000702
MNIST_QNN_zz_r5_d6_s43,ideal_shot,mean_api_probabilities,learned_mlp_pv,9,repeat_20x128_minus_1x128,20,128,1,128,0.018774999999999986
MNIST_QNN_zz_r5_d6_s43,ideal_shot,mean_api_probabilities,learned_mlp_pv,9,equal_total_5x512_minus_1x2560,5,512,1,2560,0.027925000000000033
MNIST_QNN_zz_r5_d6_s43,ideal_shot,mean_api_probabilities,learned_mlp_pv,9,equal_total_20x128_minus_1x2560,20,128,1,2560,0.040700000000000014
MNIST_QNN_zz_r5_d6_s43,ideal_shot,mean_api_probabilities,learned_mlp_pv_mean_std,0,single_shot_512_minus_128,1,512,1,128,-0.05180000000000007
MNIST_QNN_zz_r5_d6_s43,ideal_shot,mean_api_probabilities,learned_mlp_pv_mean_std,0,single_shot_2560_minus_128,1,2560,1,128,-0.011199999999999988
MNIST_QNN_zz_r5_d6_s43,ideal_shot,mean_api_probabilities,learned_mlp_pv_mean_std,0,repeat_5x128_minus_1x128,5,128,1,128,-0.03727500000000006
MNIST_QNN_zz_r5_d6_s43,ideal_shot,mean_api_probabilities,learned_mlp_pv_mean_std,0,repeat_20x128_minus_1x128,20,128,1,128,-0.01959999999999995
MNIST_QNN_zz_r5_d6_s43,ideal_shot,mean_api_probabilities,learned_mlp_pv_mean_std,0,equal_total_5x512_minus_1x2560,5,512,1,2560,0.015375000000000028
MNIST_QNN_zz_r5_d6_s43,ideal_shot,mean_api_probabilities,learned_mlp_pv_mean_std,0,equal_total_20x128_minus_1x2560,20,128,1,2560,-0.008399999999999963
MNIST_QNN_zz_r5_d6_s43,ideal_shot,mean_api_probabilities,learned_mlp_pv_mean_std,1,single_shot_512_minus_128,1,512,1,128,-0.02097500000000002
MNIST_QNN_zz_r5_d6_s43,ideal_shot,mean_api_probabilities,learned_mlp_pv_mean_std,1,single_shot_2560_minus_128,1,2560,1,128,0.005949999999999955
MNIST_QNN_zz_r5_d6_s43,ideal_shot,mean_api_probabilities,learned_mlp_pv_mean_std,1,repeat_5x128_minus_1x128,5,128,1,128,0.029175000000000118
MNIST_QNN_zz_r5_d6_s43,ideal_shot,mean_api_probabilities,learned_mlp_pv_mean_std,1,repeat_20x128_minus_1x128,20,128,1,128,0.02030000000000004
MNIST_QNN_zz_r5_d6_s43,ideal_shot,mean_api_probabilities,learned_mlp_pv_mean_std,1,equal_total_5x512_minus_1x2560,5,512,1,2560,-0.01984999999999998
MNIST_QNN_zz_r5_d6_s43,ideal_shot,mean_api_probabilities,learned_mlp_pv_mean_std,1,equal_total_20x128_minus_1x2560,20,128,1,2560,0.014350000000000085
MNIST_QNN_zz_r5_d6_s43,ideal_shot,mean_api_probabilities,learned_mlp_pv_mean_std,2,single_shot_512_minus_128,1,512,1,128,-0.02244999999999997
MNIST_QNN_zz_r5_d6_s43,ideal_shot,mean_api_probabilities,learned_mlp_pv_mean_std,2,single_shot_2560_minus_128,1,2560,1,128,-0.0348750000000001
MNIST_QNN_zz_r5_d6_s43,ideal_shot,mean_api_probabilities,learned_mlp_pv_mean_std,2,repeat_5x128_minus_1x128,5,128,1,128,-0.025925000000000087
MNIST_QNN_zz_r5_d6_s43,ideal_shot,mean_api_probabilities,learned_mlp_pv_mean_std,2,repeat_20x128_minus_1x128,20,128,1,128,-0.05080000000000007
MNIST_QNN_zz_r5_d6_s43,ideal_shot,mean_api_probabilities,learned_mlp_pv_mean_std,2,equal_total_5x512_minus_1x2560,5,512,1,2560,-0.014224999999999932
MNIST_QNN_zz_r5_d6_s43,ideal_shot,mean_api_probabilities,learned_mlp_pv_mean_std,2,equal_total_20x128_minus_1x2560,20,128,1,2560,-0.015924999999999967
MNIST_QNN_zz_r5_d6_s43,ideal_shot,mean_api_probabilities,learned_mlp_pv_mean_std,3,single_shot_512_minus_128,1,512,1,128,-0.034225000000000005
MNIST_QNN_zz_r5_d6_s43,ideal_shot,mean_api_probabilities,learned_mlp_pv_mean_std,3,single_shot_2560_minus_128,1,2560,1,128,0.00902500000000006
MNIST_QNN_zz_r5_d6_s43,ideal_shot,mean_api_probabilities,learned_mlp_pv_mean_std,3,repeat_5x128_minus_1x128,5,128,1,128,-0.01772499999999999
MNIST_QNN_zz_r5_d6_s43,ideal_shot,mean_api_probabilities,learned_mlp_pv_mean_std,3,repeat_20x128_minus_1x128,20,128,1,128,0.01462500000000011
MNIST_QNN_zz_r5_d6_s43,ideal_shot,mean_api_probabilities,learned_mlp_pv_mean_std,3,equal_total_5x512_minus_1x2560,5,512,1,2560,-0.0029000000000001247
MNIST_QNN_zz_r5_d6_s43,ideal_shot,mean_api_probabilities,learned_mlp_pv_mean_std,3,equal_total_20x128_minus_1x2560,20,128,1,2560,0.005600000000000049
MNIST_QNN_zz_r5_d6_s43,ideal_shot,mean_api_probabilities,learned_mlp_pv_mean_std,4,single_shot_512_minus_128,1,512,1,128,-0.04227500000000001
MNIST_QNN_zz_r5_d6_s43,ideal_shot,mean_api_probabilities,learned_mlp_pv_mean_std,4,single_shot_2560_minus_128,1,2560,1,128,-0.03805000000000003
MNIST_QNN_zz_r5_d6_s43,ideal_shot,mean_api_probabilities,learned_mlp_pv_mean_std,4,repeat_5x128_minus_1x128,5,128,1,128,-0.015674999999999994
MNIST_QNN_zz_r5_d6_s43,ideal_shot,mean_api_probabilities,learned_mlp_pv_mean_std,4,repeat_20x128_minus_1x128,20,128,1,128,-0.020425000000000026
MNIST_QNN_zz_r5_d6_s43,ideal_shot,mean_api_probabilities,learned_mlp_pv_mean_std,4,equal_total_5x512_minus_1x2560,5,512,1,2560,0.013375000000000026
MNIST_QNN_zz_r5_d6_s43,ideal_shot,mean_api_probabilities,learned_mlp_pv_mean_std,4,equal_total_20x128_minus_1x2560,20,128,1,2560,0.017625000000000002
MNIST_QNN_zz_r5_d6_s43,ideal_shot,mean_api_probabilities,learned_mlp_pv_mean_std,5,single_shot_512_minus_128,1,512,1,128,-0.005699999999999927
MNIST_QNN_zz_r5_d6_s43,ideal_shot,mean_api_probabilities,learned_mlp_pv_mean_std,5,single_shot_2560_minus_128,1,2560,1,128,-0.002650000000000041
MNIST_QNN_zz_r5_d6_s43,ideal_shot,mean_api_probabilities,learned_mlp_pv_mean_std,5,repeat_5x128_minus_1x128,5,128,1,128,-0.026549999999999963
MNIST_QNN_zz_r5_d6_s43,ideal_shot,mean_api_probabilities,learned_mlp_pv_mean_std,5,repeat_20x128_minus_1x128,20,128,1,128,-0.025224999999999997
MNIST_QNN_zz_r5_d6_s43,ideal_shot,mean_api_probabilities,learned_mlp_pv_mean_std,5,equal_total_5x512_minus_1x2560,5,512,1,2560,0.04875000000000007
MNIST_QNN_zz_r5_d6_s43,ideal_shot,mean_api_probabilities,learned_mlp_pv_mean_std,5,equal_total_20x128_minus_1x2560,20,128,1,2560,-0.022574999999999956
MNIST_QNN_zz_r5_d6_s43,ideal_shot,mean_api_probabilities,learned_mlp_pv_mean_std,6,single_shot_512_minus_128,1,512,1,128,0.0011750000000000371
MNIST_QNN_zz_r5_d6_s43,ideal_shot,mean_api_probabilities,learned_mlp_pv_mean_std,6,single_shot_2560_minus_128,1,2560,1,128,-0.027650000000000063
MNIST_QNN_zz_r5_d6_s43,ideal_shot,mean_api_probabilities,learned_mlp_pv_mean_std,6,repeat_5x128_minus_1x128,5,128,1,128,-0.021250000000000158
MNIST_QNN_zz_r5_d6_s43,ideal_shot,mean_api_probabilities,learned_mlp_pv_mean_std,6,repeat_20x128_minus_1x128,20,128,1,128,0.01387499999999986
MNIST_QNN_zz_r5_d6_s43,ideal_shot,mean_api_probabilities,learned_mlp_pv_mean_std,6,equal_total_5x512_minus_1x2560,5,512,1,2560,0.029175000000000062
MNIST_QNN_zz_r5_d6_s43,ideal_shot,mean_api_probabilities,learned_mlp_pv_mean_std,6,equal_total_20x128_minus_1x2560,20,128,1,2560,0.04152499999999992
MNIST_QNN_zz_r5_d6_s43,ideal_shot,mean_api_probabilities,learned_mlp_pv_mean_std,7,single_shot_512_minus_128,1,512,1,128,0.04322499999999996
MNIST_QNN_zz_r5_d6_s43,ideal_shot,mean_api_probabilities,learned_mlp_pv_mean_std,7,single_shot_2560_minus_128,1,2560,1,128,0.017224999999999935
MNIST_QNN_zz_r5_d6_s43,ideal_shot,mean_api_probabilities,learned_mlp_pv_mean_std,7,repeat_5x128_minus_1x128,5,128,1,128,0.02234999999999998
MNIST_QNN_zz_r5_d6_s43,ideal_shot,mean_api_probabilities,learned_mlp_pv_mean_std,7,repeat_20x128_minus_1x128,20,128,1,128,-0.026575000000000015
MNIST_QNN_zz_r5_d6_s43,ideal_shot,mean_api_probabilities,learned_mlp_pv_mean_std,7,equal_total_5x512_minus_1x2560,5,512,1,2560,-0.019174999999999942
MNIST_QNN_zz_r5_d6_s43,ideal_shot,mean_api_probabilities,learned_mlp_pv_mean_std,7,equal_total_20x128_minus_1x2560,20,128,1,2560,-0.04379999999999995
MNIST_QNN_zz_r5_d6_s43,ideal_shot,mean_api_probabilities,learned_mlp_pv_mean_std,8,single_shot_512_minus_128,1,512,1,128,-0.032275000000000054
MNIST_QNN_zz_r5_d6_s43,ideal_shot,mean_api_probabilities,learned_mlp_pv_mean_std,8,single_shot_2560_minus_128,1,2560,1,128,-0.04662500000000003
MNIST_QNN_zz_r5_d6_s43,ideal_shot,mean_api_probabilities,learned_mlp_pv_mean_std,8,repeat_5x128_minus_1x128,5,128,1,128,0.015775000000000095
MNIST_QNN_zz_r5_d6_s43,ideal_shot,mean_api_probabilities,learned_mlp_pv_mean_std,8,repeat_20x128_minus_1x128,20,128,1,128,-0.07692500000000002
MNIST_QNN_zz_r5_d6_s43,ideal_shot,mean_api_probabilities,learned_mlp_pv_mean_std,8,equal_total_5x512_minus_1x2560,5,512,1,2560,-0.02015
MNIST_QNN_zz_r5_d6_s43,ideal_shot,mean_api_probabilities,learned_mlp_pv_mean_std,8,equal_total_20x128_minus_1x2560,20,128,1,2560,-0.030299999999999994
MNIST_QNN_zz_r5_d6_s43,ideal_shot,mean_api_probabilities,learned_mlp_pv_mean_std,9,single_shot_512_minus_128,1,512,1,128,0.01100000000000012
MNIST_QNN_zz_r5_d6_s43,ideal_shot,mean_api_probabilities,learned_mlp_pv_mean_std,9,single_shot_2560_minus_128,1,2560,1,128,-0.009074999999999944
MNIST_QNN_zz_r5_d6_s43,ideal_shot,mean_api_probabilities,learned_mlp_pv_mean_std,9,repeat_5x128_minus_1x128,5,128,1,128,-0.022800000000000042
MNIST_QNN_zz_r5_d6_s43,ideal_shot,mean_api_probabilities,learned_mlp_pv_mean_std,9,repeat_20x128_minus_1x128,20,128,1,128,-0.005974999999999953
MNIST_QNN_zz_r5_d6_s43,ideal_shot,mean_api_probabilities,learned_mlp_pv_mean_std,9,equal_total_5x512_minus_1x2560,5,512,1,2560,0.02157500000000001
MNIST_QNN_zz_r5_d6_s43,ideal_shot,mean_api_probabilities,learned_mlp_pv_mean_std,9,equal_total_20x128_minus_1x2560,20,128,1,2560,0.0030999999999999917
MNIST_QNN_zz_r5_d6_s43,ideal_shot,mean_api_probabilities,loss,0,single_shot_512_minus_128,1,512,1,128,0.054200000000000026
MNIST_QNN_zz_r5_d6_s43,ideal_shot,mean_api_probabilities,loss,0,single_shot_2560_minus_128,1,2560,1,128,0.0635
MNIST_QNN_zz_r5_d6_s43,ideal_shot,mean_api_probabilities,loss,0,repeat_5x128_minus_1x128,5,128,1,128,0.04685000000000006
MNIST_QNN_zz_r5_d6_s43,ideal_shot,mean_api_probabilities,loss,0,repeat_20x128_minus_1x128,20,128,1,128,0.055925000000000114
MNIST_QNN_zz_r5_d6_s43,ideal_shot,mean_api_probabilities,loss,0,equal_total_5x512_minus_1x2560,5,512,1,2560,-0.009049999999999891
MNIST_QNN_zz_r5_d6_s43,ideal_shot,mean_api_probabilities,loss,0,equal_total_20x128_minus_1x2560,20,128,1,2560,-0.007574999999999887
MNIST_QNN_zz_r5_d6_s43,ideal_shot,mean_api_probabilities,loss,1,single_shot_512_minus_128,1,512,1,128,0.009275000000000033
MNIST_QNN_zz_r5_d6_s43,ideal_shot,mean_api_probabilities,loss,1,single_shot_2560_minus_128,1,2560,1,128,0.01649999999999996
MNIST_QNN_zz_r5_d6_s43,ideal_shot,mean_api_probabilities,loss,1,repeat_5x128_minus_1x128,5,128,1,128,0.007974999999999954
MNIST_QNN_zz_r5_d6_s43,ideal_shot,mean_api_probabilities,loss,1,repeat_20x128_minus_1x128,20,128,1,128,0.008274999999999921
MNIST_QNN_zz_r5_d6_s43,ideal_shot,mean_api_probabilities,loss,1,equal_total_5x512_minus_1x2560,5,512,1,2560,-0.002675000000000094
MNIST_QNN_zz_r5_d6_s43,ideal_shot,mean_api_probabilities,loss,1,equal_total_20x128_minus_1x2560,20,128,1,2560,-0.008225000000000038
MNIST_QNN_zz_r5_d6_s43,ideal_shot,mean_api_probabilities,loss,2,single_shot_512_minus_128,1,512,1,128,0.024550000000000072
MNIST_QNN_zz_r5_d6_s43,ideal_shot,mean_api_probabilities,loss,2,single_shot_2560_minus_128,1,2560,1,128,0.0311499999999999
MNIST_QNN_zz_r5_d6_s43,ideal_shot,mean_api_probabilities,loss,2,repeat_5x128_minus_1x128,5,128,1,128,0.026824999999999988
MNIST_QNN_zz_r5_d6_s43,ideal_shot,mean_api_probabilities,loss,2,repeat_20x128_minus_1x128,20,128,1,128,0.026574999999999904
MNIST_QNN_zz_r5_d6_s43,ideal_shot,mean_api_probabilities,loss,2,equal_total_5x512_minus_1x2560,5,512,1,2560,-0.0005999999999999339
MNIST_QNN_zz_r5_d6_s43,ideal_shot,mean_api_probabilities,loss,2,equal_total_20x128_minus_1x2560,20,128,1,2560,-0.004574999999999996
MNIST_QNN_zz_r5_d6_s43,ideal_shot,mean_api_probabilities,loss,3,single_shot_512_minus_128,1,512,1,128,0.007349999999999968
MNIST_QNN_zz_r5_d6_s43,ideal_shot,mean_api_probabilities,loss,3,single_shot_2560_minus_128,1,2560,1,128,0.0131
MNIST_QNN_zz_r5_d6_s43,ideal_shot,mean_api_probabilities,loss,3,repeat_5x128_minus_1x128,5,128,1,128,0.01330000000000009
MNIST_QNN_zz_r5_d6_s43,ideal_shot,mean_api_probabilities,loss,3,repeat_20x128_minus_1x128,20,128,1,128,0.009274999999999922
MNIST_QNN_zz_r5_d6_s43,ideal_shot,mean_api_probabilities,loss,3,equal_total_5x512_minus_1x2560,5,512,1,2560,-0.002574999999999994
MNIST_QNN_zz_r5_d6_s43,ideal_shot,mean_api_probabilities,loss,3,equal_total_20x128_minus_1x2560,20,128,1,2560,-0.0038250000000000783
MNIST_QNN_zz_r5_d6_s43,ideal_shot,mean_api_probabilities,loss,4,single_shot_512_minus_128,1,512,1,128,0.01649999999999996
MNIST_QNN_zz_r5_d6_s43,ideal_shot,mean_api_probabilities,loss,4,single_shot_2560_minus_128,1,2560,1,128,0.027775000000000105
MNIST_QNN_zz_r5_d6_s43,ideal_shot,mean_api_probabilities,loss,4,repeat_5x128_minus_1x128,5,128,1,128,0.023299999999999876
MNIST_QNN_zz_r5_d6_s43,ideal_shot,mean_api_probabilities,loss,4,repeat_20x128_minus_1x128,20,128,1,128,0.025774999999999992
MNIST_QNN_zz_r5_d6_s43,ideal_shot,mean_api_probabilities,loss,4,equal_total_5x512_minus_1x2560,5,512,1,2560,-0.0040999999999999925
MNIST_QNN_zz_r5_d6_s43,ideal_shot,mean_api_probabilities,loss,4,equal_total_20x128_minus_1x2560,20,128,1,2560,-0.002000000000000113
MNIST_QNN_zz_r5_d6_s43,ideal_shot,mean_api_probabilities,loss,5,single_shot_512_minus_128,1,512,1,128,0.018124999999999947
MNIST_QNN_zz_r5_d6_s43,ideal_shot,mean_api_probabilities,loss,5,single_shot_2560_minus_128,1,2560,1,128,0.019075000000000064
MNIST_QNN_zz_r5_d6_s43,ideal_shot,mean_api_probabilities,loss,5,repeat_5x128_minus_1x128,5,128,1,128,0.02145000000000008
MNIST_QNN_zz_r5_d6_s43,ideal_shot,mean_api_probabilities,loss,5,repeat_20x128_minus_1x128,20,128,1,128,0.010675000000000101
MNIST_QNN_zz_r5_d6_s43,ideal_shot,mean_api_probabilities,loss,5,equal_total_5x512_minus_1x2560,5,512,1,2560,-0.001375000000000015
MNIST_QNN_zz_r5_d6_s43,ideal_shot,mean_api_probabilities,loss,5,equal_total_20x128_minus_1x2560,20,128,1,2560,-0.008399999999999963
MNIST_QNN_zz_r5_d6_s43,ideal_shot,mean_api_probabilities,loss,6,single_shot_512_minus_128,1,512,1,128,0.016325000000000034
MNIST_QNN_zz_r5_d6_s43,ideal_shot,mean_api_probabilities,loss,6,single_shot_2560_minus_128,1,2560,1,128,0.02617499999999995
MNIST_QNN_zz_r5_d6_s43,ideal_shot,mean_api_probabilities,loss,6,repeat_5x128_minus_1x128,5,128,1,128,0.01894999999999991
MNIST_QNN_zz_r5_d6_s43,ideal_shot,mean_api_probabilities,loss,6,repeat_20x128_minus_1x128,20,128,1,128,0.013824999999999976
MNIST_QNN_zz_r5_d6_s43,ideal_shot,mean_api_probabilities,loss,6,equal_total_5x512_minus_1x2560,5,512,1,2560,-0.004249999999999976
MNIST_QNN_zz_r5_d6_s43,ideal_shot,mean_api_probabilities,loss,6,equal_total_20x128_minus_1x2560,20,128,1,2560,-0.012349999999999972
MNIST_QNN_zz_r5_d6_s43,ideal_shot,mean_api_probabilities,loss,7,single_shot_512_minus_128,1,512,1,128,0.01165000000000016
MNIST_QNN_zz_r5_d6_s43,ideal_shot,mean_api_probabilities,loss,7,single_shot_2560_minus_128,1,2560,1,128,0.03080000000000016
MNIST_QNN_zz_r5_d6_s43,ideal_shot,mean_api_probabilities,loss,7,repeat_5x128_minus_1x128,5,128,1,128,0.016225000000000045
MNIST_QNN_zz_r5_d6_s43,ideal_shot,mean_api_probabilities,loss,7,repeat_20x128_minus_1x128,20,128,1,128,0.031425000000000036
MNIST_QNN_zz_r5_d6_s43,ideal_shot,mean_api_probabilities,loss,7,equal_total_5x512_minus_1x2560,5,512,1,2560,-0.0049000000000001265
MNIST_QNN_zz_r5_d6_s43,ideal_shot,mean_api_probabilities,loss,7,equal_total_20x128_minus_1x2560,20,128,1,2560,0.0006249999999998757
MNIST_QNN_zz_r5_d6_s43,ideal_shot,mean_api_probabilities,loss,8,single_shot_512_minus_128,1,512,1,128,-0.008024999999999949
MNIST_QNN_zz_r5_d6_s43,ideal_shot,mean_api_probabilities,loss,8,single_shot_2560_minus_128,1,2560,1,128,-0.004825000000000079
MNIST_QNN_zz_r5_d6_s43,ideal_shot,mean_api_probabilities,loss,8,repeat_5x128_minus_1x128,5,128,1,128,-0.013175000000000159
MNIST_QNN_zz_r5_d6_s43,ideal_shot,mean_api_probabilities,loss,8,repeat_20x128_minus_1x128,20,128,1,128,-0.009475000000000011
MNIST_QNN_zz_r5_d6_s43,ideal_shot,mean_api_probabilities,loss,8,equal_total_5x512_minus_1x2560,5,512,1,2560,-0.006249999999999978
MNIST_QNN_zz_r5_d6_s43,ideal_shot,mean_api_probabilities,loss,8,equal_total_20x128_minus_1x2560,20,128,1,2560,-0.004649999999999932
MNIST_QNN_zz_r5_d6_s43,ideal_shot,mean_api_probabilities,loss,9,single_shot_512_minus_128,1,512,1,128,0.015499999999999958
MNIST_QNN_zz_r5_d6_s43,ideal_shot,mean_api_probabilities,loss,9,single_shot_2560_minus_128,1,2560,1,128,0.02619999999999989
MNIST_QNN_zz_r5_d6_s43,ideal_shot,mean_api_probabilities,loss,9,repeat_5x128_minus_1x128,5,128,1,128,0.02222499999999994
MNIST_QNN_zz_r5_d6_s43,ideal_shot,mean_api_probabilities,loss,9,repeat_20x128_minus_1x128,20,128,1,128,0.02642499999999992
MNIST_QNN_zz_r5_d6_s43,ideal_shot,mean_api_probabilities,loss,9,equal_total_5x512_minus_1x2560,5,512,1,2560,-0.0005999999999999339
MNIST_QNN_zz_r5_d6_s43,ideal_shot,mean_api_probabilities,loss,9,equal_total_20x128_minus_1x2560,20,128,1,2560,0.00022500000000003073
MNIST_QNN_zz_r5_d6_s43,ideal_shot,mean_api_probabilities,margin,0,single_shot_512_minus_128,1,512,1,128,-0.0007249999999999757
MNIST_QNN_zz_r5_d6_s43,ideal_shot,mean_api_probabilities,margin,0,single_shot_2560_minus_128,1,2560,1,128,0.01784999999999992
MNIST_QNN_zz_r5_d6_s43,ideal_shot,mean_api_probabilities,margin,0,repeat_5x128_minus_1x128,5,128,1,128,0.00902499999999995
MNIST_QNN_zz_r5_d6_s43,ideal_shot,mean_api_probabilities,margin,0,repeat_20x128_minus_1x128,20,128,1,128,0.0025249999999999995
MNIST_QNN_zz_r5_d6_s43,ideal_shot,mean_api_probabilities,margin,0,equal_total_5x512_minus_1x2560,5,512,1,2560,-0.024974999999999914
MNIST_QNN_zz_r5_d6_s43,ideal_shot,mean_api_probabilities,margin,0,equal_total_20x128_minus_1x2560,20,128,1,2560,-0.015324999999999922
MNIST_QNN_zz_r5_d6_s43,ideal_shot,mean_api_probabilities,margin,1,single_shot_512_minus_128,1,512,1,128,0.03042500000000009
MNIST_QNN_zz_r5_d6_s43,ideal_shot,mean_api_probabilities,margin,1,single_shot_2560_minus_128,1,2560,1,128,0.012600000000000111
MNIST_QNN_zz_r5_d6_s43,ideal_shot,mean_api_probabilities,margin,1,repeat_5x128_minus_1x128,5,128,1,128,-0.0069249999999999035
MNIST_QNN_zz_r5_d6_s43,ideal_shot,mean_api_probabilities,margin,1,repeat_20x128_minus_1x128,20,128,1,128,0.007249999999999979
MNIST_QNN_zz_r5_d6_s43,ideal_shot,mean_api_probabilities,margin,1,equal_total_5x512_minus_1x2560,5,512,1,2560,0.0019750000000000045
MNIST_QNN_zz_r5_d6_s43,ideal_shot,mean_api_probabilities,margin,1,equal_total_20x128_minus_1x2560,20,128,1,2560,-0.005350000000000132
MNIST_QNN_zz_r5_d6_s43,ideal_shot,mean_api_probabilities,margin,2,single_shot_512_minus_128,1,512,1,128,0.01397499999999996
MNIST_QNN_zz_r5_d6_s43,ideal_shot,mean_api_probabilities,margin,2,single_shot_2560_minus_128,1,2560,1,128,0.03542500000000004
MNIST_QNN_zz_r5_d6_s43,ideal_shot,mean_api_probabilities,margin,2,repeat_5x128_minus_1x128,5,128,1,128,0.011124999999999996
MNIST_QNN_zz_r5_d6_s43,ideal_shot,mean_api_probabilities,margin,2,repeat_20x128_minus_1x128,20,128,1,128,0.008174999999999877
MNIST_QNN_zz_r5_d6_s43,ideal_shot,mean_api_probabilities,margin,2,equal_total_5x512_minus_1x2560,5,512,1,2560,-0.01940000000000014
MNIST_QNN_zz_r5_d6_s43,ideal_shot,mean_api_probabilities,margin,2,equal_total_20x128_minus_1x2560,20,128,1,2560,-0.027250000000000163
MNIST_QNN_zz_r5_d6_s43,ideal_shot,mean_api_probabilities,margin,3,single_shot_512_minus_128,1,512,1,128,-0.0024250000000000105
MNIST_QNN_zz_r5_d6_s43,ideal_shot,mean_api_probabilities,margin,3,single_shot_2560_minus_128,1,2560,1,128,-0.0031999999999999806
MNIST_QNN_zz_r5_d6_s43,ideal_shot,mean_api_probabilities,margin,3,repeat_5x128_minus_1x128,5,128,1,128,0.016199999999999992
MNIST_QNN_zz_r5_d6_s43,ideal_shot,mean_api_probabilities,margin,3,repeat_20x128_minus_1x128,20,128,1,128,0.002850000000000019
MNIST_QNN_zz_r5_d6_s43,ideal_shot,mean_api_probabilities,margin,3,equal_total_5x512_minus_1x2560,5,512,1,2560,0.003449999999999953
MNIST_QNN_zz_r5_d6_s43,ideal_shot,mean_api_probabilities,margin,3,equal_total_20x128_minus_1x2560,20,128,1,2560,0.00605
MNIST_QNN_zz_r5_d6_s43,ideal_shot,mean_api_probabilities,margin,4,single_shot_512_minus_128,1,512,1,128,0.006450000000000011
MNIST_QNN_zz_r5_d6_s43,ideal_shot,mean_api_probabilities,margin,4,single_shot_2560_minus_128,1,2560,1,128,0.029675000000000062
MNIST_QNN_zz_r5_d6_s43,ideal_shot,mean_api_probabilities,margin,4,repeat_5x128_minus_1x128,5,128,1,128,0.034450000000000036
MNIST_QNN_zz_r5_d6_s43,ideal_shot,mean_api_probabilities,margin,4,repeat_20x128_minus_1x128,20,128,1,128,0.02899999999999997
MNIST_QNN_zz_r5_d6_s43,ideal_shot,mean_api_probabilities,margin,4,equal_total_5x512_minus_1x2560,5,512,1,2560,-0.0038000000000000256
MNIST_QNN_zz_r5_d6_s43,ideal_shot,mean_api_probabilities,margin,4,equal_total_20x128_minus_1x2560,20,128,1,2560,-0.0006750000000000922
MNIST_QNN_zz_r5_d6_s43,ideal_shot,mean_api_probabilities,margin,5,single_shot_512_minus_128,1,512,1,128,0.027899999999999925
MNIST_QNN_zz_r5_d6_s43,ideal_shot,mean_api_probabilities,margin,5,single_shot_2560_minus_128,1,2560,1,128,0.028800000000000048
MNIST_QNN_zz_r5_d6_s43,ideal_shot,mean_api_probabilities,margin,5,repeat_5x128_minus_1x128,5,128,1,128,0.034949999999999926
MNIST_QNN_zz_r5_d6_s43,ideal_shot,mean_api_probabilities,margin,5,repeat_20x128_minus_1x128,20,128,1,128,0.01942499999999997
MNIST_QNN_zz_r5_d6_s43,ideal_shot,mean_api_probabilities,margin,5,equal_total_5x512_minus_1x2560,5,512,1,2560,-0.0016249999999999876
MNIST_QNN_zz_r5_d6_s43,ideal_shot,mean_api_probabilities,margin,5,equal_total_20x128_minus_1x2560,20,128,1,2560,-0.009375000000000078
MNIST_QNN_zz_r5_d6_s43,ideal_shot,mean_api_probabilities,margin,6,single_shot_512_minus_128,1,512,1,128,0.008550000000000002
MNIST_QNN_zz_r5_d6_s43,ideal_shot,mean_api_probabilities,margin,6,single_shot_2560_minus_128,1,2560,1,128,0.009700000000000097
MNIST_QNN_zz_r5_d6_s43,ideal_shot,mean_api_probabilities,margin,6,repeat_5x128_minus_1x128,5,128,1,128,-0.006174999999999986
MNIST_QNN_zz_r5_d6_s43,ideal_shot,mean_api_probabilities,margin,6,repeat_20x128_minus_1x128,20,128,1,128,0.0062249999999999805
MNIST_QNN_zz_r5_d6_s43,ideal_shot,mean_api_probabilities,margin,6,equal_total_5x512_minus_1x2560,5,512,1,2560,-0.0020000000000000018
MNIST_QNN_zz_r5_d6_s43,ideal_shot,mean_api_probabilities,margin,6,equal_total_20x128_minus_1x2560,20,128,1,2560,-0.003475000000000117
MNIST_QNN_zz_r5_d6_s43,ideal_shot,mean_api_probabilities,margin,7,single_shot_512_minus_128,1,512,1,128,0.010124999999999995
MNIST_QNN_zz_r5_d6_s43,ideal_shot,mean_api_probabilities,margin,7,single_shot_2560_minus_128,1,2560,1,128,0.01639999999999997
MNIST_QNN_zz_r5_d6_s43,ideal_shot,mean_api_probabilities,margin,7,repeat_5x128_minus_1x128,5,128,1,128,0.0007750000000000812
MNIST_QNN_zz_r5_d6_s43,ideal_shot,mean_api_probabilities,margin,7,repeat_20x128_minus_1x128,20,128,1,128,0.014425000000000021
MNIST_QNN_zz_r5_d6_s43,ideal_shot,mean_api_probabilities,margin,7,equal_total_5x512_minus_1x2560,5,512,1,2560,-0.011100000000000054
MNIST_QNN_zz_r5_d6_s43,ideal_shot,mean_api_probabilities,margin,7,equal_total_20x128_minus_1x2560,20,128,1,2560,-0.001974999999999949
MNIST_QNN_zz_r5_d6_s43,ideal_shot,mean_api_probabilities,margin,8,single_shot_512_minus_128,1,512,1,128,-0.015125000000000055
MNIST_QNN_zz_r5_d6_s43,ideal_shot,mean_api_probabilities,margin,8,single_shot_2560_minus_128,1,2560,1,128,-0.017300000000000093
MNIST_QNN_zz_r5_d6_s43,ideal_shot,mean_api_probabilities,margin,8,repeat_5x128_minus_1x128,5,128,1,128,-0.024300000000000044
MNIST_QNN_zz_r5_d6_s43,ideal_shot,mean_api_probabilities,margin,8,repeat_20x128_minus_1x128,20,128,1,128,-0.015449999999999964
MNIST_QNN_zz_r5_d6_s43,ideal_shot,mean_api_probabilities,margin,8,equal_total_5x512_minus_1x2560,5,512,1,2560,7.499999999993623e-05
MNIST_QNN_zz_r5_d6_s43,ideal_shot,mean_api_probabilities,margin,8,equal_total_20x128_minus_1x2560,20,128,1,2560,0.0018500000000001293
MNIST_QNN_zz_r5_d6_s43,ideal_shot,mean_api_probabilities,margin,9,single_shot_512_minus_128,1,512,1,128,0.016975000000000018
MNIST_QNN_zz_r5_d6_s43,ideal_shot,mean_api_probabilities,margin,9,single_shot_2560_minus_128,1,2560,1,128,0.016499999999999904
MNIST_QNN_zz_r5_d6_s43,ideal_shot,mean_api_probabilities,margin,9,repeat_5x128_minus_1x128,5,128,1,128,0.019450000000000134
MNIST_QNN_zz_r5_d6_s43,ideal_shot,mean_api_probabilities,margin,9,repeat_20x128_minus_1x128,20,128,1,128,0.01777499999999993
MNIST_QNN_zz_r5_d6_s43,ideal_shot,mean_api_probabilities,margin,9,equal_total_5x512_minus_1x2560,5,512,1,2560,0.0029250000000000664
MNIST_QNN_zz_r5_d6_s43,ideal_shot,mean_api_probabilities,margin,9,equal_total_20x128_minus_1x2560,20,128,1,2560,0.0012750000000000261
MNIST_QNN_zz_r5_d6_s43,noisy_shot,mean_api_probabilities,confidence,0,single_shot_512_minus_128,1,512,1,128,0.049249999999999905
MNIST_QNN_zz_r5_d6_s43,noisy_shot,mean_api_probabilities,confidence,0,single_shot_2560_minus_128,1,2560,1,128,-0.04087500000000005
MNIST_QNN_zz_r5_d6_s43,noisy_shot,mean_api_probabilities,confidence,0,repeat_5x128_minus_1x128,5,128,1,128,0.020299999999999985
MNIST_QNN_zz_r5_d6_s43,noisy_shot,mean_api_probabilities,confidence,0,repeat_20x128_minus_1x128,20,128,1,128,0.008424999999999905
MNIST_QNN_zz_r5_d6_s43,noisy_shot,mean_api_probabilities,confidence,0,equal_total_5x512_minus_1x2560,5,512,1,2560,0.04902499999999993
MNIST_QNN_zz_r5_d6_s43,noisy_shot,mean_api_probabilities,confidence,0,equal_total_20x128_minus_1x2560,20,128,1,2560,0.049299999999999955
MNIST_QNN_zz_r5_d6_s43,noisy_shot,mean_api_probabilities,confidence,1,single_shot_512_minus_128,1,512,1,128,-0.003925000000000067
MNIST_QNN_zz_r5_d6_s43,noisy_shot,mean_api_probabilities,confidence,1,single_shot_2560_minus_128,1,2560,1,128,0.0015999999999998238
MNIST_QNN_zz_r5_d6_s43,noisy_shot,mean_api_probabilities,confidence,1,repeat_5x128_minus_1x128,5,128,1,128,0.0019499999999998963
MNIST_QNN_zz_r5_d6_s43,noisy_shot,mean_api_probabilities,confidence,1,repeat_20x128_minus_1x128,20,128,1,128,-0.0046000000000001595
MNIST_QNN_zz_r5_d6_s43,noisy_shot,mean_api_probabilities,confidence,1,equal_total_5x512_minus_1x2560,5,512,1,2560,0.004775000000000085
MNIST_QNN_zz_r5_d6_s43,noisy_shot,mean_api_probabilities,confidence,1,equal_total_20x128_minus_1x2560,20,128,1,2560,-0.006199999999999983
MNIST_QNN_zz_r5_d6_s43,noisy_shot,mean_api_probabilities,confidence,2,single_shot_512_minus_128,1,512,1,128,0.01342500000000002
MNIST_QNN_zz_r5_d6_s43,noisy_shot,mean_api_probabilities,confidence,2,single_shot_2560_minus_128,1,2560,1,128,0.01749999999999996
MNIST_QNN_zz_r5_d6_s43,noisy_shot,mean_api_probabilities,confidence,2,repeat_5x128_minus_1x128,5,128,1,128,0.003349999999999964
MNIST_QNN_zz_r5_d6_s43,noisy_shot,mean_api_probabilities,confidence,2,repeat_20x128_minus_1x128,20,128,1,128,-0.006025000000000058
MNIST_QNN_zz_r5_d6_s43,noisy_shot,mean_api_probabilities,confidence,2,equal_total_5x512_minus_1x2560,5,512,1,2560,-0.0065749999999999975
MNIST_QNN_zz_r5_d6_s43,noisy_shot,mean_api_probabilities,confidence,2,equal_total_20x128_minus_1x2560,20,128,1,2560,-0.023525000000000018
MNIST_QNN_zz_r5_d6_s43,noisy_shot,mean_api_probabilities,confidence,3,single_shot_512_minus_128,1,512,1,128,-0.041975000000000096
MNIST_QNN_zz_r5_d6_s43,noisy_shot,mean_api_probabilities,confidence,3,single_shot_2560_minus_128,1,2560,1,128,-0.05049999999999999
MNIST_QNN_zz_r5_d6_s43,noisy_shot,mean_api_probabilities,confidence,3,repeat_5x128_minus_1x128,5,128,1,128,-0.028000000000000025
MNIST_QNN_zz_r5_d6_s43,noisy_shot,mean_api_probabilities,confidence,3,repeat_20x128_minus_1x128,20,128,1,128,-0.048024999999999984
MNIST_QNN_zz_r5_d6_s43,noisy_shot,mean_api_probabilities,confidence,3,equal_total_5x512_minus_1x2560,5,512,1,2560,0.026900000000000035
MNIST_QNN_zz_r5_d6_s43,noisy_shot,mean_api_probabilities,confidence,3,equal_total_20x128_minus_1x2560,20,128,1,2560,0.002475000000000005
MNIST_QNN_zz_r5_d6_s43,noisy_shot,mean_api_probabilities,confidence,4,single_shot_512_minus_128,1,512,1,128,-0.019825000000000093
MNIST_QNN_zz_r5_d6_s43,noisy_shot,mean_api_probabilities,confidence,4,single_shot_2560_minus_128,1,2560,1,128,0.016549999999999954
MNIST_QNN_zz_r5_d6_s43,noisy_shot,mean_api_probabilities,confidence,4,repeat_5x128_minus_1x128,5,128,1,128,-0.04447500000000004
MNIST_QNN_zz_r5_d6_s43,noisy_shot,mean_api_probabilities,confidence,4,repeat_20x128_minus_1x128,20,128,1,128,0.012399999999999967
MNIST_QNN_zz_r5_d6_s43,noisy_shot,mean_api_probabilities,confidence,4,equal_total_5x512_minus_1x2560,5,512,1,2560,-0.00924999999999998
MNIST_QNN_zz_r5_d6_s43,noisy_shot,mean_api_probabilities,confidence,4,equal_total_20x128_minus_1x2560,20,128,1,2560,-0.004149999999999987
MNIST_QNN_zz_r5_d6_s43,noisy_shot,mean_api_probabilities,confidence,5,single_shot_512_minus_128,1,512,1,128,0.03355000000000008
MNIST_QNN_zz_r5_d6_s43,noisy_shot,mean_api_probabilities,confidence,5,single_shot_2560_minus_128,1,2560,1,128,0.041324999999999945
MNIST_QNN_zz_r5_d6_s43,noisy_shot,mean_api_probabilities,confidence,5,repeat_5x128_minus_1x128,5,128,1,128,0.048900000000000055
MNIST_QNN_zz_r5_d6_s43,noisy_shot,mean_api_probabilities,confidence,5,repeat_20x128_minus_1x128,20,128,1,128,0.063025
MNIST_QNN_zz_r5_d6_s43,noisy_shot,mean_api_probabilities,confidence,5,equal_total_5x512_minus_1x2560,5,512,1,2560,-0.01222499999999993
MNIST_QNN_zz_r5_d6_s43,noisy_shot,mean_api_probabilities,confidence,5,equal_total_20x128_minus_1x2560,20,128,1,2560,0.021700000000000053
MNIST_QNN_zz_r5_d6_s43,noisy_shot,mean_api_probabilities,confidence,6,single_shot_512_minus_128,1,512,1,128,0.03497500000000009
MNIST_QNN_zz_r5_d6_s43,noisy_shot,mean_api_probabilities,confidence,6,single_shot_2560_minus_128,1,2560,1,128,-0.003249999999999975
MNIST_QNN_zz_r5_d6_s43,noisy_shot,mean_api_probabilities,confidence,6,repeat_5x128_minus_1x128,5,128,1,128,-0.015549999999999953
MNIST_QNN_zz_r5_d6_s43,noisy_shot,mean_api_probabilities,confidence,6,repeat_20x128_minus_1x128,20,128,1,128,-0.008399999999999963
MNIST_QNN_zz_r5_d6_s43,noisy_shot,mean_api_probabilities,confidence,6,equal_total_5x512_minus_1x2560,5,512,1,2560,-0.0017249999999999766
MNIST_QNN_zz_r5_d6_s43,noisy_shot,mean_api_probabilities,confidence,6,equal_total_20x128_minus_1x2560,20,128,1,2560,-0.005149999999999988
MNIST_QNN_zz_r5_d6_s43,noisy_shot,mean_api_probabilities,confidence,7,single_shot_512_minus_128,1,512,1,128,-0.00029999999999996696
MNIST_QNN_zz_r5_d6_s43,noisy_shot,mean_api_probabilities,confidence,7,single_shot_2560_minus_128,1,2560,1,128,-0.005525000000000002
MNIST_QNN_zz_r5_d6_s43,noisy_shot,mean_api_probabilities,confidence,7,repeat_5x128_minus_1x128,5,128,1,128,-0.060250000000000026
MNIST_QNN_zz_r5_d6_s43,noisy_shot,mean_api_probabilities,confidence,7,repeat_20x128_minus_1x128,20,128,1,128,-0.038000000000000034
MNIST_QNN_zz_r5_d6_s43,noisy_shot,mean_api_probabilities,confidence,7,equal_total_5x512_minus_1x2560,5,512,1,2560,-0.02134999999999998
MNIST_QNN_zz_r5_d6_s43,noisy_shot,mean_api_probabilities,confidence,7,equal_total_20x128_minus_1x2560,20,128,1,2560,-0.03247500000000003
MNIST_QNN_zz_r5_d6_s43,noisy_shot,mean_api_probabilities,confidence,8,single_shot_512_minus_128,1,512,1,128,0.038075000000000137
MNIST_QNN_zz_r5_d6_s43,noisy_shot,mean_api_probabilities,confidence,8,single_shot_2560_minus_128,1,2560,1,128,0.04802500000000015
MNIST_QNN_zz_r5_d6_s43,noisy_shot,mean_api_probabilities,confidence,8,repeat_5x128_minus_1x128,5,128,1,128,0.009875000000000023
MNIST_QNN_zz_r5_d6_s43,noisy_shot,mean_api_probabilities,confidence,8,repeat_20x128_minus_1x128,20,128,1,128,0.046850000000000114
MNIST_QNN_zz_r5_d6_s43,noisy_shot,mean_api_probabilities,confidence,8,equal_total_5x512_minus_1x2560,5,512,1,2560,-0.028525000000000023
MNIST_QNN_zz_r5_d6_s43,noisy_shot,mean_api_probabilities,confidence,8,equal_total_20x128_minus_1x2560,20,128,1,2560,-0.0011750000000000371
MNIST_QNN_zz_r5_d6_s43,noisy_shot,mean_api_probabilities,confidence,9,single_shot_512_minus_128,1,512,1,128,-0.03655000000000008
MNIST_QNN_zz_r5_d6_s43,noisy_shot,mean_api_probabilities,confidence,9,single_shot_2560_minus_128,1,2560,1,128,-0.060024999999999995
MNIST_QNN_zz_r5_d6_s43,noisy_shot,mean_api_probabilities,confidence,9,repeat_5x128_minus_1x128,5,128,1,128,-0.07760000000000006
MNIST_QNN_zz_r5_d6_s43,noisy_shot,mean_api_probabilities,confidence,9,repeat_20x128_minus_1x128,20,128,1,128,-0.06567500000000004
MNIST_QNN_zz_r5_d6_s43,noisy_shot,mean_api_probabilities,confidence,9,equal_total_5x512_minus_1x2560,5,512,1,2560,-0.0044000000000000705
MNIST_QNN_zz_r5_d6_s43,noisy_shot,mean_api_probabilities,confidence,9,equal_total_20x128_minus_1x2560,20,128,1,2560,-0.005650000000000044
MNIST_QNN_zz_r5_d6_s43,noisy_shot,mean_api_probabilities,correctness,0,single_shot_512_minus_128,1,512,1,128,0.012499999999999956
MNIST_QNN_zz_r5_d6_s43,noisy_shot,mean_api_probabilities,correctness,0,single_shot_2560_minus_128,1,2560,1,128,0.01749999999999996
MNIST_QNN_zz_r5_d6_s43,noisy_shot,mean_api_probabilities,correctness,0,repeat_5x128_minus_1x128,5,128,1,128,0.02749999999999997
MNIST_QNN_zz_r5_d6_s43,noisy_shot,mean_api_probabilities,correctness,0,repeat_20x128_minus_1x128,20,128,1,128,0.012499999999999956
MNIST_QNN_zz_r5_d6_s43,noisy_shot,mean_api_probabilities,correctness,0,equal_total_5x512_minus_1x2560,5,512,1,2560,-0.020000000000000018
MNIST_QNN_zz_r5_d6_s43,noisy_shot,mean_api_probabilities,correctness,0,equal_total_20x128_minus_1x2560,20,128,1,2560,-0.0050000000000000044
MNIST_QNN_zz_r5_d6_s43,noisy_shot,mean_api_probabilities,correctness,1,single_shot_512_minus_128,1,512,1,128,-0.014999999999999902
MNIST_QNN_zz_r5_d6_s43,noisy_shot,mean_api_probabilities,correctness,1,single_shot_2560_minus_128,1,2560,1,128,-0.03499999999999992
MNIST_QNN_zz_r5_d6_s43,noisy_shot,mean_api_probabilities,correctness,1,repeat_5x128_minus_1x128,5,128,1,128,-0.007499999999999951
MNIST_QNN_zz_r5_d6_s43,noisy_shot,mean_api_probabilities,correctness,1,repeat_20x128_minus_1x128,20,128,1,128,-0.040000000000000036
MNIST_QNN_zz_r5_d6_s43,noisy_shot,mean_api_probabilities,correctness,1,equal_total_5x512_minus_1x2560,5,512,1,2560,-0.012500000000000067
MNIST_QNN_zz_r5_d6_s43,noisy_shot,mean_api_probabilities,correctness,1,equal_total_20x128_minus_1x2560,20,128,1,2560,-0.0050000000000001155
MNIST_QNN_zz_r5_d6_s43,noisy_shot,mean_api_probabilities,correctness,2,single_shot_512_minus_128,1,512,1,128,-0.039999999999999925
MNIST_QNN_zz_r5_d6_s43,noisy_shot,mean_api_probabilities,correctness,2,single_shot_2560_minus_128,1,2560,1,128,-0.040000000000000036
MNIST_QNN_zz_r5_d6_s43,noisy_shot,mean_api_probabilities,correctness,2,repeat_5x128_minus_1x128,5,128,1,128,0.0024999999999999467
MNIST_QNN_zz_r5_d6_s43,noisy_shot,mean_api_probabilities,correctness,2,repeat_20x128_minus_1x128,20,128,1,128,-0.020000000000000018
MNIST_QNN_zz_r5_d6_s43,noisy_shot,mean_api_probabilities,correctness,2,equal_total_5x512_minus_1x2560,5,512,1,2560,0.01750000000000007
MNIST_QNN_zz_r5_d6_s43,noisy_shot,mean_api_probabilities,correctness,2,equal_total_20x128_minus_1x2560,20,128,1,2560,0.020000000000000018
MNIST_QNN_zz_r5_d6_s43,noisy_shot,mean_api_probabilities,correctness,3,single_shot_512_minus_128,1,512,1,128,-0.007499999999999951
MNIST_QNN_zz_r5_d6_s43,noisy_shot,mean_api_probabilities,correctness,3,single_shot_2560_minus_128,1,2560,1,128,0.015000000000000013
MNIST_QNN_zz_r5_d6_s43,noisy_shot,mean_api_probabilities,correctness,3,repeat_5x128_minus_1x128,5,128,1,128,0.010000000000000009
MNIST_QNN_zz_r5_d6_s43,noisy_shot,mean_api_probabilities,correctness,3,repeat_20x128_minus_1x128,20,128,1,128,-0.0024999999999999467
MNIST_QNN_zz_r5_d6_s43,noisy_shot,mean_api_probabilities,correctness,3,equal_total_5x512_minus_1x2560,5,512,1,2560,-0.010000000000000009
MNIST_QNN_zz_r5_d6_s43,noisy_shot,mean_api_probabilities,correctness,3,equal_total_20x128_minus_1x2560,20,128,1,2560,-0.01749999999999996
MNIST_QNN_zz_r5_d6_s43,noisy_shot,mean_api_probabilities,correctness,4,single_shot_512_minus_128,1,512,1,128,0.04499999999999993
MNIST_QNN_zz_r5_d6_s43,noisy_shot,mean_api_probabilities,correctness,4,single_shot_2560_minus_128,1,2560,1,128,0.03249999999999986
MNIST_QNN_zz_r5_d6_s43,noisy_shot,mean_api_probabilities,correctness,4,repeat_5x128_minus_1x128,5,128,1,128,0.009999999999999898
MNIST_QNN_zz_r5_d6_s43,noisy_shot,mean_api_probabilities,correctness,4,repeat_20x128_minus_1x128,20,128,1,128,-0.010000000000000009
MNIST_QNN_zz_r5_d6_s43,noisy_shot,mean_api_probabilities,correctness,4,equal_total_5x512_minus_1x2560,5,512,1,2560,-0.02749999999999997
MNIST_QNN_zz_r5_d6_s43,noisy_shot,mean_api_probabilities,correctness,4,equal_total_20x128_minus_1x2560,20,128,1,2560,-0.04249999999999987
MNIST_QNN_zz_r5_d6_s43,noisy_shot,mean_api_probabilities,correctness,5,single_shot_512_minus_128,1,512,1,128,0.0024999999999999467
MNIST_QNN_zz_r5_d6_s43,noisy_shot,mean_api_probabilities,correctness,5,single_shot_2560_minus_128,1,2560,1,128,-0.01000000000000012
MNIST_QNN_zz_r5_d6_s43,noisy_shot,mean_api_probabilities,correctness,5,repeat_5x128_minus_1x128,5,128,1,128,0.01749999999999996
MNIST_QNN_zz_r5_d6_s43,noisy_shot,mean_api_probabilities,correctness,5,repeat_20x128_minus_1x128,20,128,1,128,-0.007500000000000062
MNIST_QNN_zz_r5_d6_s43,noisy_shot,mean_api_probabilities,correctness,5,equal_total_5x512_minus_1x2560,5,512,1,2560,0.0025000000000000577
MNIST_QNN_zz_r5_d6_s43,noisy_shot,mean_api_probabilities,correctness,5,equal_total_20x128_minus_1x2560,20,128,1,2560,0.0025000000000000577
MNIST_QNN_zz_r5_d6_s43,noisy_shot,mean_api_probabilities,correctness,6,single_shot_512_minus_128,1,512,1,128,0.019999999999999907
MNIST_QNN_zz_r5_d6_s43,noisy_shot,mean_api_probabilities,correctness,6,single_shot_2560_minus_128,1,2560,1,128,0.022499999999999964
MNIST_QNN_zz_r5_d6_s43,noisy_shot,mean_api_probabilities,correctness,6,repeat_5x128_minus_1x128,5,128,1,128,-0.0050000000000000044
MNIST_QNN_zz_r5_d6_s43,noisy_shot,mean_api_probabilities,correctness,6,repeat_20x128_minus_1x128,20,128,1,128,-0.0025000000000000577
MNIST_QNN_zz_r5_d6_s43,noisy_shot,mean_api_probabilities,correctness,6,equal_total_5x512_minus_1x2560,5,512,1,2560,-0.03500000000000003
MNIST_QNN_zz_r5_d6_s43,noisy_shot,mean_api_probabilities,correctness,6,equal_total_20x128_minus_1x2560,20,128,1,2560,-0.025000000000000022
MNIST_QNN_zz_r5_d6_s43,noisy_shot,mean_api_probabilities,correctness,7,single_shot_512_minus_128,1,512,1,128,-0.010000000000000009
MNIST_QNN_zz_r5_d6_s43,noisy_shot,mean_api_probabilities,correctness,7,single_shot_2560_minus_128,1,2560,1,128,0.0050000000000000044
MNIST_QNN_zz_r5_d6_s43,noisy_shot,mean_api_probabilities,correctness,7,repeat_5x128_minus_1x128,5,128,1,128,-0.030000000000000027
MNIST_QNN_zz_r5_d6_s43,noisy_shot,mean_api_probabilities,correctness,7,repeat_20x128_minus_1x128,20,128,1,128,-0.02749999999999997
MNIST_QNN_zz_r5_d6_s43,noisy_shot,mean_api_probabilities,correctness,7,equal_total_5x512_minus_1x2560,5,512,1,2560,-0.012499999999999956
MNIST_QNN_zz_r5_d6_s43,noisy_shot,mean_api_probabilities,correctness,7,equal_total_20x128_minus_1x2560,20,128,1,2560,-0.03249999999999997
MNIST_QNN_zz_r5_d6_s43,noisy_shot,mean_api_probabilities,correctness,8,single_shot_512_minus_128,1,512,1,128,0.022499999999999964
MNIST_QNN_zz_r5_d6_s43,noisy_shot,mean_api_probabilities,correctness,8,single_shot_2560_minus_128,1,2560,1,128,-0.022499999999999964
MNIST_QNN_zz_r5_d6_s43,noisy_shot,mean_api_probabilities,correctness,8,repeat_5x128_minus_1x128,5,128,1,128,-0.0050000000000000044
MNIST_QNN_zz_r5_d6_s43,noisy_shot,mean_api_probabilities,correctness,8,repeat_20x128_minus_1x128,20,128,1,128,-0.010000000000000009
MNIST_QNN_zz_r5_d6_s43,noisy_shot,mean_api_probabilities,correctness,8,equal_total_5x512_minus_1x2560,5,512,1,2560,0.0050000000000000044
MNIST_QNN_zz_r5_d6_s43,noisy_shot,mean_api_probabilities,correctness,8,equal_total_20x128_minus_1x2560,20,128,1,2560,0.012499999999999956
MNIST_QNN_zz_r5_d6_s43,noisy_shot,mean_api_probabilities,correctness,9,single_shot_512_minus_128,1,512,1,128,0.007499999999999951
MNIST_QNN_zz_r5_d6_s43,noisy_shot,mean_api_probabilities,correctness,9,single_shot_2560_minus_128,1,2560,1,128,0.012499999999999956
MNIST_QNN_zz_r5_d6_s43,noisy_shot,mean_api_probabilities,correctness,9,repeat_5x128_minus_1x128,5,128,1,128,0.0025000000000000577
MNIST_QNN_zz_r5_d6_s43,noisy_shot,mean_api_probabilities,correctness,9,repeat_20x128_minus_1x128,20,128,1,128,-0.0050000000000000044
MNIST_QNN_zz_r5_d6_s43,noisy_shot,mean_api_probabilities,correctness,9,equal_total_5x512_minus_1x2560,5,512,1,2560,-0.0025000000000000577
MNIST_QNN_zz_r5_d6_s43,noisy_shot,mean_api_probabilities,correctness,9,equal_total_20x128_minus_1x2560,20,128,1,2560,-0.01749999999999996
MNIST_QNN_zz_r5_d6_s43,noisy_shot,mean_api_probabilities,entropy,0,single_shot_512_minus_128,1,512,1,128,0.032725000000000115
MNIST_QNN_zz_r5_d6_s43,noisy_shot,mean_api_probabilities,entropy,0,single_shot_2560_minus_128,1,2560,1,128,-0.02014999999999989
MNIST_QNN_zz_r5_d6_s43,noisy_shot,mean_api_probabilities,entropy,0,repeat_5x128_minus_1x128,5,128,1,128,0.01090000000000002
MNIST_QNN_zz_r5_d6_s43,noisy_shot,mean_api_probabilities,entropy,0,repeat_20x128_minus_1x128,20,128,1,128,0.006025000000000058
MNIST_QNN_zz_r5_d6_s43,noisy_shot,mean_api_probabilities,entropy,0,equal_total_5x512_minus_1x2560,5,512,1,2560,0.025374999999999925
MNIST_QNN_zz_r5_d6_s43,noisy_shot,mean_api_probabilities,entropy,0,equal_total_20x128_minus_1x2560,20,128,1,2560,0.02617499999999995
MNIST_QNN_zz_r5_d6_s43,noisy_shot,mean_api_probabilities,entropy,1,single_shot_512_minus_128,1,512,1,128,0.0018500000000000183
MNIST_QNN_zz_r5_d6_s43,noisy_shot,mean_api_probabilities,entropy,1,single_shot_2560_minus_128,1,2560,1,128,-0.008325000000000027
MNIST_QNN_zz_r5_d6_s43,noisy_shot,mean_api_probabilities,entropy,1,repeat_5x128_minus_1x128,5,128,1,128,0.0020499999999999963
MNIST_QNN_zz_r5_d6_s43,noisy_shot,mean_api_probabilities,entropy,1,repeat_20x128_minus_1x128,20,128,1,128,-0.012699999999999934
MNIST_QNN_zz_r5_d6_s43,noisy_shot,mean_api_probabilities,entropy,1,equal_total_5x512_minus_1x2560,5,512,1,2560,0.01089999999999991
MNIST_QNN_zz_r5_d6_s43,noisy_shot,mean_api_probabilities,entropy,1,equal_total_20x128_minus_1x2560,20,128,1,2560,-0.004374999999999907
MNIST_QNN_zz_r5_d6_s43,noisy_shot,mean_api_probabilities,entropy,2,single_shot_512_minus_128,1,512,1,128,0.019874999999999976
MNIST_QNN_zz_r5_d6_s43,noisy_shot,mean_api_probabilities,entropy,2,single_shot_2560_minus_128,1,2560,1,128,0.036250000000000004
MNIST_QNN_zz_r5_d6_s43,noisy_shot,mean_api_probabilities,entropy,2,repeat_5x128_minus_1x128,5,128,1,128,0.009550000000000058
MNIST_QNN_zz_r5_d6_s43,noisy_shot,mean_api_probabilities,entropy,2,repeat_20x128_minus_1x128,20,128,1,128,0.022025000000000072
MNIST_QNN_zz_r5_d6_s43,noisy_shot,mean_api_probabilities,entropy,2,equal_total_5x512_minus_1x2560,5,512,1,2560,-0.010374999999999912
MNIST_QNN_zz_r5_d6_s43,noisy_shot,mean_api_probabilities,entropy,2,equal_total_20x128_minus_1x2560,20,128,1,2560,-0.014224999999999932
MNIST_QNN_zz_r5_d6_s43,noisy_shot,mean_api_probabilities,entropy,3,single_shot_512_minus_128,1,512,1,128,-0.023700000000000054
MNIST_QNN_zz_r5_d6_s43,noisy_shot,mean_api_probabilities,entropy,3,single_shot_2560_minus_128,1,2560,1,128,-0.02407500000000007
MNIST_QNN_zz_r5_d6_s43,noisy_shot,mean_api_probabilities,entropy,3,repeat_5x128_minus_1x128,5,128,1,128,-0.004525000000000001
MNIST_QNN_zz_r5_d6_s43,noisy_shot,mean_api_probabilities,entropy,3,repeat_20x128_minus_1x128,20,128,1,128,-0.01707499999999995
MNIST_QNN_zz_r5_d6_s43,noisy_shot,mean_api_probabilities,entropy,3,equal_total_5x512_minus_1x2560,5,512,1,2560,0.027750000000000052
MNIST_QNN_zz_r5_d6_s43,noisy_shot,mean_api_probabilities,entropy,3,equal_total_20x128_minus_1x2560,20,128,1,2560,0.007000000000000117
MNIST_QNN_zz_r5_d6_s43,noisy_shot,mean_api_probabilities,entropy,4,single_shot_512_minus_128,1,512,1,128,0.0068750000000000755
MNIST_QNN_zz_r5_d6_s43,noisy_shot,mean_api_probabilities,entropy,4,single_shot_2560_minus_128,1,2560,1,128,0.036250000000000004
MNIST_QNN_zz_r5_d6_s43,noisy_shot,mean_api_probabilities,entropy,4,repeat_5x128_minus_1x128,5,128,1,128,0.00187499999999996
MNIST_QNN_zz_r5_d6_s43,noisy_shot,mean_api_probabilities,entropy,4,repeat_20x128_minus_1x128,20,128,1,128,0.03832499999999994
MNIST_QNN_zz_r5_d6_s43,noisy_shot,mean_api_probabilities,entropy,4,equal_total_5x512_minus_1x2560,5,512,1,2560,-0.009975000000000067
MNIST_QNN_zz_r5_d6_s43,noisy_shot,mean_api_probabilities,entropy,4,equal_total_20x128_minus_1x2560,20,128,1,2560,0.002074999999999938
MNIST_QNN_zz_r5_d6_s43,noisy_shot,mean_api_probabilities,entropy,5,single_shot_512_minus_128,1,512,1,128,0.03742499999999993
MNIST_QNN_zz_r5_d6_s43,noisy_shot,mean_api_probabilities,entropy,5,single_shot_2560_minus_128,1,2560,1,128,0.04212500000000008
MNIST_QNN_zz_r5_d6_s43,noisy_shot,mean_api_probabilities,entropy,5,repeat_5x128_minus_1x128,5,128,1,128,0.05184999999999995
MNIST_QNN_zz_r5_d6_s43,noisy_shot,mean_api_probabilities,entropy,5,repeat_20x128_minus_1x128,20,128,1,128,0.06312499999999999
MNIST_QNN_zz_r5_d6_s43,noisy_shot,mean_api_probabilities,entropy,5,equal_total_5x512_minus_1x2560,5,512,1,2560,-0.007350000000000079
MNIST_QNN_zz_r5_d6_s43,noisy_shot,mean_api_probabilities,entropy,5,equal_total_20x128_minus_1x2560,20,128,1,2560,0.020999999999999908
MNIST_QNN_zz_r5_d6_s43,noisy_shot,mean_api_probabilities,entropy,6,single_shot_512_minus_128,1,512,1,128,0.038675000000000126
MNIST_QNN_zz_r5_d6_s43,noisy_shot,mean_api_probabilities,entropy,6,single_shot_2560_minus_128,1,2560,1,128,0.01992499999999997
MNIST_QNN_zz_r5_d6_s43,noisy_shot,mean_api_probabilities,entropy,6,repeat_5x128_minus_1x128,5,128,1,128,-0.002749999999999919
MNIST_QNN_zz_r5_d6_s43,noisy_shot,mean_api_probabilities,entropy,6,repeat_20x128_minus_1x128,20,128,1,128,0.02375000000000005
MNIST_QNN_zz_r5_d6_s43,noisy_shot,mean_api_probabilities,entropy,6,equal_total_5x512_minus_1x2560,5,512,1,2560,-0.005124999999999935
MNIST_QNN_zz_r5_d6_s43,noisy_shot,mean_api_probabilities,entropy,6,equal_total_20x128_minus_1x2560,20,128,1,2560,0.0038250000000000783
MNIST_QNN_zz_r5_d6_s43,noisy_shot,mean_api_probabilities,entropy,7,single_shot_512_minus_128,1,512,1,128,-0.0031999999999999806
MNIST_QNN_zz_r5_d6_s43,noisy_shot,mean_api_probabilities,entropy,7,single_shot_2560_minus_128,1,2560,1,128,-0.014549999999999952
MNIST_QNN_zz_r5_d6_s43,noisy_shot,mean_api_probabilities,entropy,7,repeat_5x128_minus_1x128,5,128,1,128,-0.05554999999999999
MNIST_QNN_zz_r5_d6_s43,noisy_shot,mean_api_probabilities,entropy,7,repeat_20x128_minus_1x128,20,128,1,128,-0.04392499999999999
MNIST_QNN_zz_r5_d6_s43,noisy_shot,mean_api_probabilities,entropy,7,equal_total_5x512_minus_1x2560,5,512,1,2560,-0.014125000000000054
MNIST_QNN_zz_r5_d6_s43,noisy_shot,mean_api_probabilities,entropy,7,equal_total_20x128_minus_1x2560,20,128,1,2560,-0.02937500000000004
MNIST_QNN_zz_r5_d6_s43,noisy_shot,mean_api_probabilities,entropy,8,single_shot_512_minus_128,1,512,1,128,0.031199999999999894
MNIST_QNN_zz_r5_d6_s43,noisy_shot,mean_api_probabilities,entropy,8,single_shot_2560_minus_128,1,2560,1,128,0.05789999999999995
MNIST_QNN_zz_r5_d6_s43,noisy_shot,mean_api_probabilities,entropy,8,repeat_5x128_minus_1x128,5,128,1,128,0.008324999999999971
MNIST_QNN_zz_r5_d6_s43,noisy_shot,mean_api_probabilities,entropy,8,repeat_20x128_minus_1x128,20,128,1,128,0.04530000000000001
MNIST_QNN_zz_r5_d6_s43,noisy_shot,mean_api_probabilities,entropy,8,equal_total_5x512_minus_1x2560,5,512,1,2560,-0.02432499999999993
MNIST_QNN_zz_r5_d6_s43,noisy_shot,mean_api_probabilities,entropy,8,equal_total_20x128_minus_1x2560,20,128,1,2560,-0.012599999999999945
MNIST_QNN_zz_r5_d6_s43,noisy_shot,mean_api_probabilities,entropy,9,single_shot_512_minus_128,1,512,1,128,-0.031750000000000056
MNIST_QNN_zz_r5_d6_s43,noisy_shot,mean_api_probabilities,entropy,9,single_shot_2560_minus_128,1,2560,1,128,-0.05182500000000001
MNIST_QNN_zz_r5_d6_s43,noisy_shot,mean_api_probabilities,entropy,9,repeat_5x128_minus_1x128,5,128,1,128,-0.07037500000000002
MNIST_QNN_zz_r5_d6_s43,noisy_shot,mean_api_probabilities,entropy,9,repeat_20x128_minus_1x128,20,128,1,128,-0.040825
MNIST_QNN_zz_r5_d6_s43,noisy_shot,mean_api_probabilities,entropy,9,equal_total_5x512_minus_1x2560,5,512,1,2560,-0.0017000000000000348
MNIST_QNN_zz_r5_d6_s43,noisy_shot,mean_api_probabilities,entropy,9,equal_total_20x128_minus_1x2560,20,128,1,2560,0.01100000000000001
MNIST_QNN_zz_r5_d6_s43,noisy_shot,mean_api_probabilities,learned_mlp_pv,0,single_shot_512_minus_128,1,512,1,128,-0.0019250000000000655
MNIST_QNN_zz_r5_d6_s43,noisy_shot,mean_api_probabilities,learned_mlp_pv,0,single_shot_2560_minus_128,1,2560,1,128,-0.002574999999999994
MNIST_QNN_zz_r5_d6_s43,noisy_shot,mean_api_probabilities,learned_mlp_pv,0,repeat_5x128_minus_1x128,5,128,1,128,0.008425000000000016
MNIST_QNN_zz_r5_d6_s43,noisy_shot,mean_api_probabilities,learned_mlp_pv,0,repeat_20x128_minus_1x128,20,128,1,128,0.00014999999999987246
MNIST_QNN_zz_r5_d6_s43,noisy_shot,mean_api_probabilities,learned_mlp_pv,0,equal_total_5x512_minus_1x2560,5,512,1,2560,-0.03505000000000008
MNIST_QNN_zz_r5_d6_s43,noisy_shot,mean_api_probabilities,learned_mlp_pv,0,equal_total_20x128_minus_1x2560,20,128,1,2560,0.0027249999999998664
MNIST_QNN_zz_r5_d6_s43,noisy_shot,mean_api_probabilities,learned_mlp_pv,1,single_shot_512_minus_128,1,512,1,128,0.014574999999999949
MNIST_QNN_zz_r5_d6_s43,noisy_shot,mean_api_probabilities,learned_mlp_pv,1,single_shot_2560_minus_128,1,2560,1,128,0.02205000000000007
MNIST_QNN_zz_r5_d6_s43,noisy_shot,mean_api_probabilities,learned_mlp_pv,1,repeat_5x128_minus_1x128,5,128,1,128,0.030899999999999983
MNIST_QNN_zz_r5_d6_s43,noisy_shot,mean_api_probabilities,learned_mlp_pv,1,repeat_20x128_minus_1x128,20,128,1,128,-0.003575000000000106
MNIST_QNN_zz_r5_d6_s43,noisy_shot,mean_api_probabilities,learned_mlp_pv,1,equal_total_5x512_minus_1x2560,5,512,1,2560,-0.015925000000000078
MNIST_QNN_zz_r5_d6_s43,noisy_shot,mean_api_probabilities,learned_mlp_pv,1,equal_total_20x128_minus_1x2560,20,128,1,2560,-0.025625000000000175
MNIST_QNN_zz_r5_d6_s43,noisy_shot,mean_api_probabilities,learned_mlp_pv,2,single_shot_512_minus_128,1,512,1,128,0.011349999999999971
MNIST_QNN_zz_r5_d6_s43,noisy_shot,mean_api_probabilities,learned_mlp_pv,2,single_shot_2560_minus_128,1,2560,1,128,-0.027800000000000047
MNIST_QNN_zz_r5_d6_s43,noisy_shot,mean_api_probabilities,learned_mlp_pv,2,repeat_5x128_minus_1x128,5,128,1,128,-0.019224999999999937
MNIST_QNN_zz_r5_d6_s43,noisy_shot,mean_api_probabilities,learned_mlp_pv,2,repeat_20x128_minus_1x128,20,128,1,128,-0.05327500000000013
MNIST_QNN_zz_r5_d6_s43,noisy_shot,mean_api_probabilities,learned_mlp_pv,2,equal_total_5x512_minus_1x2560,5,512,1,2560,-0.011900000000000077
MNIST_QNN_zz_r5_d6_s43,noisy_shot,mean_api_probabilities,learned_mlp_pv,2,equal_total_20x128_minus_1x2560,20,128,1,2560,-0.02547500000000008
MNIST_QNN_zz_r5_d6_s43,noisy_shot,mean_api_probabilities,learned_mlp_pv,3,single_shot_512_minus_128,1,512,1,128,0.07942499999999997
MNIST_QNN_zz_r5_d6_s43,noisy_shot,mean_api_probabilities,learned_mlp_pv,3,single_shot_2560_minus_128,1,2560,1,128,-0.012625000000000108
MNIST_QNN_zz_r5_d6_s43,noisy_shot,mean_api_probabilities,learned_mlp_pv,3,repeat_5x128_minus_1x128,5,128,1,128,0.038024999999999975
MNIST_QNN_zz_r5_d6_s43,noisy_shot,mean_api_probabilities,learned_mlp_pv,3,repeat_20x128_minus_1x128,20,128,1,128,0.013249999999999984
MNIST_QNN_zz_r5_d6_s43,noisy_shot,mean_api_probabilities,learned_mlp_pv,3,equal_total_5x512_minus_1x2560,5,512,1,2560,0.04887500000000011
MNIST_QNN_zz_r5_d6_s43,noisy_shot,mean_api_probabilities,learned_mlp_pv,3,equal_total_20x128_minus_1x2560,20,128,1,2560,0.025875000000000092
MNIST_QNN_zz_r5_d6_s43,noisy_shot,mean_api_probabilities,learned_mlp_pv,4,single_shot_512_minus_128,1,512,1,128,0.011875000000000024
MNIST_QNN_zz_r5_d6_s43,noisy_shot,mean_api_probabilities,learned_mlp_pv,4,single_shot_2560_minus_128,1,2560,1,128,-0.012025000000000008
MNIST_QNN_zz_r5_d6_s43,noisy_shot,mean_api_probabilities,learned_mlp_pv,4,repeat_5x128_minus_1x128,5,128,1,128,0.011799999999999977
MNIST_QNN_zz_r5_d6_s43,noisy_shot,mean_api_probabilities,learned_mlp_pv,4,repeat_20x128_minus_1x128,20,128,1,128,-0.016924999999999968
MNIST_QNN_zz_r5_d6_s43,noisy_shot,mean_api_probabilities,learned_mlp_pv,4,equal_total_5x512_minus_1x2560,5,512,1,2560,0.016000000000000014
MNIST_QNN_zz_r5_d6_s43,noisy_shot,mean_api_probabilities,learned_mlp_pv,4,equal_total_20x128_minus_1x2560,20,128,1,2560,-0.00489999999999996
MNIST_QNN_zz_r5_d6_s43,noisy_shot,mean_api_probabilities,learned_mlp_pv,5,single_shot_512_minus_128,1,512,1,128,-0.05384999999999995
MNIST_QNN_zz_r5_d6_s43,noisy_shot,mean_api_probabilities,learned_mlp_pv,5,single_shot_2560_minus_128,1,2560,1,128,-0.029799999999999993
MNIST_QNN_zz_r5_d6_s43,noisy_shot,mean_api_probabilities,learned_mlp_pv,5,repeat_5x128_minus_1x128,5,128,1,128,-0.028774999999999995
MNIST_QNN_zz_r5_d6_s43,noisy_shot,mean_api_probabilities,learned_mlp_pv,5,repeat_20x128_minus_1x128,20,128,1,128,-0.036849999999999994
MNIST_QNN_zz_r5_d6_s43,noisy_shot,mean_api_probabilities,learned_mlp_pv,5,equal_total_5x512_minus_1x2560,5,512,1,2560,-0.007599999999999996
MNIST_QNN_zz_r5_d6_s43,noisy_shot,mean_api_probabilities,learned_mlp_pv,5,equal_total_20x128_minus_1x2560,20,128,1,2560,-0.007050000000000001
MNIST_QNN_zz_r5_d6_s43,noisy_shot,mean_api_probabilities,learned_mlp_pv,6,single_shot_512_minus_128,1,512,1,128,0.007850000000000024
MNIST_QNN_zz_r5_d6_s43,noisy_shot,mean_api_probabilities,learned_mlp_pv,6,single_shot_2560_minus_128,1,2560,1,128,-0.013300000000000034
MNIST_QNN_zz_r5_d6_s43,noisy_shot,mean_api_probabilities,learned_mlp_pv,6,repeat_5x128_minus_1x128,5,128,1,128,0.008000000000000007
MNIST_QNN_zz_r5_d6_s43,noisy_shot,mean_api_probabilities,learned_mlp_pv,6,repeat_20x128_minus_1x128,20,128,1,128,0.015249999999999986
MNIST_QNN_zz_r5_d6_s43,noisy_shot,mean_api_probabilities,learned_mlp_pv,6,equal_total_5x512_minus_1x2560,5,512,1,2560,-0.011550000000000005
MNIST_QNN_zz_r5_d6_s43,noisy_shot,mean_api_probabilities,learned_mlp_pv,6,equal_total_20x128_minus_1x2560,20,128,1,2560,0.02855000000000002
MNIST_QNN_zz_r5_d6_s43,noisy_shot,mean_api_probabilities,learned_mlp_pv,7,single_shot_512_minus_128,1,512,1,128,-0.03170000000000017
MNIST_QNN_zz_r5_d6_s43,noisy_shot,mean_api_probabilities,learned_mlp_pv,7,single_shot_2560_minus_128,1,2560,1,128,-0.09745000000000009
MNIST_QNN_zz_r5_d6_s43,noisy_shot,mean_api_probabilities,learned_mlp_pv,7,repeat_5x128_minus_1x128,5,128,1,128,-0.06235000000000018
MNIST_QNN_zz_r5_d6_s43,noisy_shot,mean_api_probabilities,learned_mlp_pv,7,repeat_20x128_minus_1x128,20,128,1,128,-0.08240000000000008
MNIST_QNN_zz_r5_d6_s43,noisy_shot,mean_api_probabilities,learned_mlp_pv,7,equal_total_5x512_minus_1x2560,5,512,1,2560,0.028675000000000006
MNIST_QNN_zz_r5_d6_s43,noisy_shot,mean_api_probabilities,learned_mlp_pv,7,equal_total_20x128_minus_1x2560,20,128,1,2560,0.015050000000000008
MNIST_QNN_zz_r5_d6_s43,noisy_shot,mean_api_probabilities,learned_mlp_pv,8,single_shot_512_minus_128,1,512,1,128,0.07469999999999999
MNIST_QNN_zz_r5_d6_s43,noisy_shot,mean_api_probabilities,learned_mlp_pv,8,single_shot_2560_minus_128,1,2560,1,128,0.03342499999999993
MNIST_QNN_zz_r5_d6_s43,noisy_shot,mean_api_probabilities,learned_mlp_pv,8,repeat_5x128_minus_1x128,5,128,1,128,0.031275
MNIST_QNN_zz_r5_d6_s43,noisy_shot,mean_api_probabilities,learned_mlp_pv,8,repeat_20x128_minus_1x128,20,128,1,128,0.06757500000000005
MNIST_QNN_zz_r5_d6_s43,noisy_shot,mean_api_probabilities,learned_mlp_pv,8,equal_total_5x512_minus_1x2560,5,512,1,2560,0.00462499999999999
MNIST_QNN_zz_r5_d6_s43,noisy_shot,mean_api_probabilities,learned_mlp_pv,8,equal_total_20x128_minus_1x2560,20,128,1,2560,0.034150000000000125
MNIST_QNN_zz_r5_d6_s43,noisy_shot,mean_api_probabilities,learned_mlp_pv,9,single_shot_512_minus_128,1,512,1,128,-0.01959999999999995
MNIST_QNN_zz_r5_d6_s43,noisy_shot,mean_api_probabilities,learned_mlp_pv,9,single_shot_2560_minus_128,1,2560,1,128,-0.05770000000000003
MNIST_QNN_zz_r5_d6_s43,noisy_shot,mean_api_probabilities,learned_mlp_pv,9,repeat_5x128_minus_1x128,5,128,1,128,-0.0635750000000001
MNIST_QNN_zz_r5_d6_s43,noisy_shot,mean_api_probabilities,learned_mlp_pv,9,repeat_20x128_minus_1x128,20,128,1,128,-0.034550000000000025
MNIST_QNN_zz_r5_d6_s43,noisy_shot,mean_api_probabilities,learned_mlp_pv,9,equal_total_5x512_minus_1x2560,5,512,1,2560,-0.048625000000000085
MNIST_QNN_zz_r5_d6_s43,noisy_shot,mean_api_probabilities,learned_mlp_pv,9,equal_total_20x128_minus_1x2560,20,128,1,2560,0.023150000000000004
MNIST_QNN_zz_r5_d6_s43,noisy_shot,mean_api_probabilities,learned_mlp_pv_mean_std,0,single_shot_512_minus_128,1,512,1,128,0.03345000000000009
MNIST_QNN_zz_r5_d6_s43,noisy_shot,mean_api_probabilities,learned_mlp_pv_mean_std,0,single_shot_2560_minus_128,1,2560,1,128,0.005550000000000055
MNIST_QNN_zz_r5_d6_s43,noisy_shot,mean_api_probabilities,learned_mlp_pv_mean_std,0,repeat_5x128_minus_1x128,5,128,1,128,0.01044999999999996
MNIST_QNN_zz_r5_d6_s43,noisy_shot,mean_api_probabilities,learned_mlp_pv_mean_std,0,repeat_20x128_minus_1x128,20,128,1,128,-0.006025000000000003
MNIST_QNN_zz_r5_d6_s43,noisy_shot,mean_api_probabilities,learned_mlp_pv_mean_std,0,equal_total_5x512_minus_1x2560,5,512,1,2560,0.0017499999999999183
MNIST_QNN_zz_r5_d6_s43,noisy_shot,mean_api_probabilities,learned_mlp_pv_mean_std,0,equal_total_20x128_minus_1x2560,20,128,1,2560,-0.011575000000000057
MNIST_QNN_zz_r5_d6_s43,noisy_shot,mean_api_probabilities,learned_mlp_pv_mean_std,1,single_shot_512_minus_128,1,512,1,128,0.018525000000000014
MNIST_QNN_zz_r5_d6_s43,noisy_shot,mean_api_probabilities,learned_mlp_pv_mean_std,1,single_shot_2560_minus_128,1,2560,1,128,0.04667500000000008
MNIST_QNN_zz_r5_d6_s43,noisy_shot,mean_api_probabilities,learned_mlp_pv_mean_std,1,repeat_5x128_minus_1x128,5,128,1,128,0.08190000000000003
MNIST_QNN_zz_r5_d6_s43,noisy_shot,mean_api_probabilities,learned_mlp_pv_mean_std,1,repeat_20x128_minus_1x128,20,128,1,128,0.07759999999999995
MNIST_QNN_zz_r5_d6_s43,noisy_shot,mean_api_probabilities,learned_mlp_pv_mean_std,1,equal_total_5x512_minus_1x2560,5,512,1,2560,-0.025275000000000103
MNIST_QNN_zz_r5_d6_s43,noisy_shot,mean_api_probabilities,learned_mlp_pv_mean_std,1,equal_total_20x128_minus_1x2560,20,128,1,2560,0.03092499999999987
MNIST_QNN_zz_r5_d6_s43,noisy_shot,mean_api_probabilities,learned_mlp_pv_mean_std,2,single_shot_512_minus_128,1,512,1,128,0.0296499999999999
MNIST_QNN_zz_r5_d6_s43,noisy_shot,mean_api_probabilities,learned_mlp_pv_mean_std,2,single_shot_2560_minus_128,1,2560,1,128,0.028749999999999998
MNIST_QNN_zz_r5_d6_s43,noisy_shot,mean_api_probabilities,learned_mlp_pv_mean_std,2,repeat_5x128_minus_1x128,5,128,1,128,0.003825000000000023
MNIST_QNN_zz_r5_d6_s43,noisy_shot,mean_api_probabilities,learned_mlp_pv_mean_std,2,repeat_20x128_minus_1x128,20,128,1,128,0.01907500000000012
MNIST_QNN_zz_r5_d6_s43,noisy_shot,mean_api_probabilities,learned_mlp_pv_mean_std,2,equal_total_5x512_minus_1x2560,5,512,1,2560,-0.01227499999999998
MNIST_QNN_zz_r5_d6_s43,noisy_shot,mean_api_probabilities,learned_mlp_pv_mean_std,2,equal_total_20x128_minus_1x2560,20,128,1,2560,-0.009674999999999878
MNIST_QNN_zz_r5_d6_s43,noisy_shot,mean_api_probabilities,learned_mlp_pv_mean_std,3,single_shot_512_minus_128,1,512,1,128,-0.0035249999999998893
MNIST_QNN_zz_r5_d6_s43,noisy_shot,mean_api_probabilities,learned_mlp_pv_mean_std,3,single_shot_2560_minus_128,1,2560,1,128,-0.06109999999999993
MNIST_QNN_zz_r5_d6_s43,noisy_shot,mean_api_probabilities,learned_mlp_pv_mean_std,3,repeat_5x128_minus_1x128,5,128,1,128,-0.001974999999999949
MNIST_QNN_zz_r5_d6_s43,noisy_shot,mean_api_probabilities,learned_mlp_pv_mean_std,3,repeat_20x128_minus_1x128,20,128,1,128,-0.07559999999999995
MNIST_QNN_zz_r5_d6_s43,noisy_shot,mean_api_probabilities,learned_mlp_pv_mean_std,3,equal_total_5x512_minus_1x2560,5,512,1,2560,0.021100000000000008
MNIST_QNN_zz_r5_d6_s43,noisy_shot,mean_api_probabilities,learned_mlp_pv_mean_std,3,equal_total_20x128_minus_1x2560,20,128,1,2560,-0.014500000000000013
MNIST_QNN_zz_r5_d6_s43,noisy_shot,mean_api_probabilities,learned_mlp_pv_mean_std,4,single_shot_512_minus_128,1,512,1,128,-0.012950000000000073
MNIST_QNN_zz_r5_d6_s43,noisy_shot,mean_api_probabilities,learned_mlp_pv_mean_std,4,single_shot_2560_minus_128,1,2560,1,128,0.0027999999999999137
MNIST_QNN_zz_r5_d6_s43,noisy_shot,mean_api_probabilities,learned_mlp_pv_mean_std,4,repeat_5x128_minus_1x128,5,128,1,128,-0.015425000000000078
MNIST_QNN_zz_r5_d6_s43,noisy_shot,mean_api_probabilities,learned_mlp_pv_mean_std,4,repeat_20x128_minus_1x128,20,128,1,128,0.011174999999999935
MNIST_QNN_zz_r5_d6_s43,noisy_shot,mean_api_probabilities,learned_mlp_pv_mean_std,4,equal_total_5x512_minus_1x2560,5,512,1,2560,0.004324999999999912
MNIST_QNN_zz_r5_d6_s43,noisy_shot,mean_api_probabilities,learned_mlp_pv_mean_std,4,equal_total_20x128_minus_1x2560,20,128,1,2560,0.008375000000000021
MNIST_QNN_zz_r5_d6_s43,noisy_shot,mean_api_probabilities,learned_mlp_pv_mean_std,5,single_shot_512_minus_128,1,512,1,128,-0.011699999999999933
MNIST_QNN_zz_r5_d6_s43,noisy_shot,mean_api_probabilities,learned_mlp_pv_mean_std,5,single_shot_2560_minus_128,1,2560,1,128,-0.015874999999999972
MNIST_QNN_zz_r5_d6_s43,noisy_shot,mean_api_probabilities,learned_mlp_pv_mean_std,5,repeat_5x128_minus_1x128,5,128,1,128,0.029000000000000026
MNIST_QNN_zz_r5_d6_s43,noisy_shot,mean_api_probabilities,learned_mlp_pv_mean_std,5,repeat_20x128_minus_1x128,20,128,1,128,0.03847500000000015
MNIST_QNN_zz_r5_d6_s43,noisy_shot,mean_api_probabilities,learned_mlp_pv_mean_std,5,equal_total_5x512_minus_1x2560,5,512,1,2560,-0.0008999999999999009
MNIST_QNN_zz_r5_d6_s43,noisy_shot,mean_api_probabilities,learned_mlp_pv_mean_std,5,equal_total_20x128_minus_1x2560,20,128,1,2560,0.05435000000000012
MNIST_QNN_zz_r5_d6_s43,noisy_shot,mean_api_probabilities,learned_mlp_pv_mean_std,6,single_shot_512_minus_128,1,512,1,128,0.0029250000000000664
MNIST_QNN_zz_r5_d6_s43,noisy_shot,mean_api_probabilities,learned_mlp_pv_mean_std,6,single_shot_2560_minus_128,1,2560,1,128,-0.016900000000000026
MNIST_QNN_zz_r5_d6_s43,noisy_shot,mean_api_probabilities,learned_mlp_pv_mean_std,6,repeat_5x128_minus_1x128,5,128,1,128,0.017699999999999938
MNIST_QNN_zz_r5_d6_s43,noisy_shot,mean_api_probabilities,learned_mlp_pv_mean_std,6,repeat_20x128_minus_1x128,20,128,1,128,-0.04660000000000003
MNIST_QNN_zz_r5_d6_s43,noisy_shot,mean_api_probabilities,learned_mlp_pv_mean_std,6,equal_total_5x512_minus_1x2560,5,512,1,2560,0.03315000000000001
MNIST_QNN_zz_r5_d6_s43,noisy_shot,mean_api_probabilities,learned_mlp_pv_mean_std,6,equal_total_20x128_minus_1x2560,20,128,1,2560,-0.029700000000000004
MNIST_QNN_zz_r5_d6_s43,noisy_shot,mean_api_probabilities,learned_mlp_pv_mean_std,7,single_shot_512_minus_128,1,512,1,128,-0.03017500000000012
MNIST_QNN_zz_r5_d6_s43,noisy_shot,mean_api_probabilities,learned_mlp_pv_mean_std,7,single_shot_2560_minus_128,1,2560,1,128,-0.026824999999999988
MNIST_QNN_zz_r5_d6_s43,noisy_shot,mean_api_probabilities,learned_mlp_pv_mean_std,7,repeat_5x128_minus_1x128,5,128,1,128,0.024625000000000008
MNIST_QNN_zz_r5_d6_s43,noisy_shot,mean_api_probabilities,learned_mlp_pv_mean_std,7,repeat_20x128_minus_1x128,20,128,1,128,-0.08700000000000002
MNIST_QNN_zz_r5_d6_s43,noisy_shot,mean_api_probabilities,learned_mlp_pv_mean_std,7,equal_total_5x512_minus_1x2560,5,512,1,2560,-0.0019750000000000045
MNIST_QNN_zz_r5_d6_s43,noisy_shot,mean_api_probabilities,learned_mlp_pv_mean_std,7,equal_total_20x128_minus_1x2560,20,128,1,2560,-0.060175000000000034
MNIST_QNN_zz_r5_d6_s43,noisy_shot,mean_api_probabilities,learned_mlp_pv_mean_std,8,single_shot_512_minus_128,1,512,1,128,0.029825000000000046
MNIST_QNN_zz_r5_d6_s43,noisy_shot,mean_api_probabilities,learned_mlp_pv_mean_std,8,single_shot_2560_minus_128,1,2560,1,128,0.049425
MNIST_QNN_zz_r5_d6_s43,noisy_shot,mean_api_probabilities,learned_mlp_pv_mean_std,8,repeat_5x128_minus_1x128,5,128,1,128,0.028849999999999987
MNIST_QNN_zz_r5_d6_s43,noisy_shot,mean_api_probabilities,learned_mlp_pv_mean_std,8,repeat_20x128_minus_1x128,20,128,1,128,0.06122500000000003
MNIST_QNN_zz_r5_d6_s43,noisy_shot,mean_api_probabilities,learned_mlp_pv_mean_std,8,equal_total_5x512_minus_1x2560,5,512,1,2560,-0.03242499999999998
MNIST_QNN_zz_r5_d6_s43,noisy_shot,mean_api_probabilities,learned_mlp_pv_mean_std,8,equal_total_20x128_minus_1x2560,20,128,1,2560,0.011800000000000033
MNIST_QNN_zz_r5_d6_s43,noisy_shot,mean_api_probabilities,learned_mlp_pv_mean_std,9,single_shot_512_minus_128,1,512,1,128,-0.09065000000000006
MNIST_QNN_zz_r5_d6_s43,noisy_shot,mean_api_probabilities,learned_mlp_pv_mean_std,9,single_shot_2560_minus_128,1,2560,1,128,-0.07277500000000003
MNIST_QNN_zz_r5_d6_s43,noisy_shot,mean_api_probabilities,learned_mlp_pv_mean_std,9,repeat_5x128_minus_1x128,5,128,1,128,-0.05312500000000003
MNIST_QNN_zz_r5_d6_s43,noisy_shot,mean_api_probabilities,learned_mlp_pv_mean_std,9,repeat_20x128_minus_1x128,20,128,1,128,-0.08105000000000007
MNIST_QNN_zz_r5_d6_s43,noisy_shot,mean_api_probabilities,learned_mlp_pv_mean_std,9,equal_total_5x512_minus_1x2560,5,512,1,2560,-0.003725000000000034
MNIST_QNN_zz_r5_d6_s43,noisy_shot,mean_api_probabilities,learned_mlp_pv_mean_std,9,equal_total_20x128_minus_1x2560,20,128,1,2560,-0.008275000000000032
MNIST_QNN_zz_r5_d6_s43,noisy_shot,mean_api_probabilities,loss,0,single_shot_512_minus_128,1,512,1,128,0.02024999999999988
MNIST_QNN_zz_r5_d6_s43,noisy_shot,mean_api_probabilities,loss,0,single_shot_2560_minus_128,1,2560,1,128,0.029074999999999962
MNIST_QNN_zz_r5_d6_s43,noisy_shot,mean_api_probabilities,loss,0,repeat_5x128_minus_1x128,5,128,1,128,0.02310000000000001
MNIST_QNN_zz_r5_d6_s43,noisy_shot,mean_api_probabilities,loss,0,repeat_20x128_minus_1x128,20,128,1,128,0.018199999999999994
MNIST_QNN_zz_r5_d6_s43,noisy_shot,mean_api_probabilities,loss,0,equal_total_5x512_minus_1x2560,5,512,1,2560,-0.005674999999999986
MNIST_QNN_zz_r5_d6_s43,noisy_shot,mean_api_probabilities,loss,0,equal_total_20x128_minus_1x2560,20,128,1,2560,-0.010874999999999968
MNIST_QNN_zz_r5_d6_s43,noisy_shot,mean_api_probabilities,loss,1,single_shot_512_minus_128,1,512,1,128,-0.006000000000000005
MNIST_QNN_zz_r5_d6_s43,noisy_shot,mean_api_probabilities,loss,1,single_shot_2560_minus_128,1,2560,1,128,0.008324999999999916
MNIST_QNN_zz_r5_d6_s43,noisy_shot,mean_api_probabilities,loss,1,repeat_5x128_minus_1x128,5,128,1,128,0.0072750000000000314
MNIST_QNN_zz_r5_d6_s43,noisy_shot,mean_api_probabilities,loss,1,repeat_20x128_minus_1x128,20,128,1,128,-0.0003750000000000142
MNIST_QNN_zz_r5_d6_s43,noisy_shot,mean_api_probabilities,loss,1,equal_total_5x512_minus_1x2560,5,512,1,2560,-0.004149999999999876
MNIST_QNN_zz_r5_d6_s43,noisy_shot,mean_api_probabilities,loss,1,equal_total_20x128_minus_1x2560,20,128,1,2560,-0.00869999999999993
MNIST_QNN_zz_r5_d6_s43,noisy_shot,mean_api_probabilities,loss,2,single_shot_512_minus_128,1,512,1,128,-0.014800000000000035
MNIST_QNN_zz_r5_d6_s43,noisy_shot,mean_api_probabilities,loss,2,single_shot_2560_minus_128,1,2560,1,128,-0.008174999999999932
MNIST_QNN_zz_r5_d6_s43,noisy_shot,mean_api_probabilities,loss,2,repeat_5x128_minus_1x128,5,128,1,128,-0.005225000000000035
MNIST_QNN_zz_r5_d6_s43,noisy_shot,mean_api_probabilities,loss,2,repeat_20x128_minus_1x128,20,128,1,128,-0.005024999999999946
MNIST_QNN_zz_r5_d6_s43,noisy_shot,mean_api_probabilities,loss,2,equal_total_5x512_minus_1x2560,5,512,1,2560,-0.000700000000000145
MNIST_QNN_zz_r5_d6_s43,noisy_shot,mean_api_probabilities,loss,2,equal_total_20x128_minus_1x2560,20,128,1,2560,0.003149999999999986
MNIST_QNN_zz_r5_d6_s43,noisy_shot,mean_api_probabilities,loss,3,single_shot_512_minus_128,1,512,1,128,0.039224999999999954
MNIST_QNN_zz_r5_d6_s43,noisy_shot,mean_api_probabilities,loss,3,single_shot_2560_minus_128,1,2560,1,128,0.04380000000000006
MNIST_QNN_zz_r5_d6_s43,noisy_shot,mean_api_probabilities,loss,3,repeat_5x128_minus_1x128,5,128,1,128,0.040225000000000066
MNIST_QNN_zz_r5_d6_s43,noisy_shot,mean_api_probabilities,loss,3,repeat_20x128_minus_1x128,20,128,1,128,0.04917500000000008
MNIST_QNN_zz_r5_d6_s43,noisy_shot,mean_api_probabilities,loss,3,equal_total_5x512_minus_1x2560,5,512,1,2560,0.003774999999999973
MNIST_QNN_zz_r5_d6_s43,noisy_shot,mean_api_probabilities,loss,3,equal_total_20x128_minus_1x2560,20,128,1,2560,0.005375000000000019
MNIST_QNN_zz_r5_d6_s43,noisy_shot,mean_api_probabilities,loss,4,single_shot_512_minus_128,1,512,1,128,0.05525000000000002
MNIST_QNN_zz_r5_d6_s43,noisy_shot,mean_api_probabilities,loss,4,single_shot_2560_minus_128,1,2560,1,128,0.05610000000000004
MNIST_QNN_zz_r5_d6_s43,noisy_shot,mean_api_probabilities,loss,4,repeat_5x128_minus_1x128,5,128,1,128,0.02729999999999999
MNIST_QNN_zz_r5_d6_s43,noisy_shot,mean_api_probabilities,loss,4,repeat_20x128_minus_1x128,20,128,1,128,0.0394000000000001
MNIST_QNN_zz_r5_d6_s43,noisy_shot,mean_api_probabilities,loss,4,equal_total_5x512_minus_1x2560,5,512,1,2560,-0.006249999999999867
MNIST_QNN_zz_r5_d6_s43,noisy_shot,mean_api_probabilities,loss,4,equal_total_20x128_minus_1x2560,20,128,1,2560,-0.016699999999999937
MNIST_QNN_zz_r5_d6_s43,noisy_shot,mean_api_probabilities,loss,5,single_shot_512_minus_128,1,512,1,128,-0.00039999999999995595
MNIST_QNN_zz_r5_d6_s43,noisy_shot,mean_api_probabilities,loss,5,single_shot_2560_minus_128,1,2560,1,128,-0.008774999999999977
MNIST_QNN_zz_r5_d6_s43,noisy_shot,mean_api_probabilities,loss,5,repeat_5x128_minus_1x128,5,128,1,128,-0.010950000000000015
MNIST_QNN_zz_r5_d6_s43,noisy_shot,mean_api_probabilities,loss,5,repeat_20x128_minus_1x128,20,128,1,128,0.0015000000000000568
MNIST_QNN_zz_r5_d6_s43,noisy_shot,mean_api_probabilities,loss,5,equal_total_5x512_minus_1x2560,5,512,1,2560,0.012050000000000005
MNIST_QNN_zz_r5_d6_s43,noisy_shot,mean_api_probabilities,loss,5,equal_total_20x128_minus_1x2560,20,128,1,2560,0.010275000000000034
MNIST_QNN_zz_r5_d6_s43,noisy_shot,mean_api_probabilities,loss,6,single_shot_512_minus_128,1,512,1,128,0.03249999999999997
MNIST_QNN_zz_r5_d6_s43,noisy_shot,mean_api_probabilities,loss,6,single_shot_2560_minus_128,1,2560,1,128,0.057374999999999954
MNIST_QNN_zz_r5_d6_s43,noisy_shot,mean_api_probabilities,loss,6,repeat_5x128_minus_1x128,5,128,1,128,0.03762499999999991
MNIST_QNN_zz_r5_d6_s43,noisy_shot,mean_api_probabilities,loss,6,repeat_20x128_minus_1x128,20,128,1,128,0.04444999999999999
MNIST_QNN_zz_r5_d6_s43,noisy_shot,mean_api_probabilities,loss,6,equal_total_5x512_minus_1x2560,5,512,1,2560,-0.00880000000000003
MNIST_QNN_zz_r5_d6_s43,noisy_shot,mean_api_probabilities,loss,6,equal_total_20x128_minus_1x2560,20,128,1,2560,-0.012924999999999964
MNIST_QNN_zz_r5_d6_s43,noisy_shot,mean_api_probabilities,loss,7,single_shot_512_minus_128,1,512,1,128,0.010375000000000023
MNIST_QNN_zz_r5_d6_s43,noisy_shot,mean_api_probabilities,loss,7,single_shot_2560_minus_128,1,2560,1,128,0.03282499999999999
MNIST_QNN_zz_r5_d6_s43,noisy_shot,mean_api_probabilities,loss,7,repeat_5x128_minus_1x128,5,128,1,128,0.0011750000000000371
MNIST_QNN_zz_r5_d6_s43,noisy_shot,mean_api_probabilities,loss,7,repeat_20x128_minus_1x128,20,128,1,128,0.020675
MNIST_QNN_zz_r5_d6_s43,noisy_shot,mean_api_probabilities,loss,7,equal_total_5x512_minus_1x2560,5,512,1,2560,-0.020499999999999963
MNIST_QNN_zz_r5_d6_s43,noisy_shot,mean_api_probabilities,loss,7,equal_total_20x128_minus_1x2560,20,128,1,2560,-0.012149999999999994
MNIST_QNN_zz_r5_d6_s43,noisy_shot,mean_api_probabilities,loss,8,single_shot_512_minus_128,1,512,1,128,0.015050000000000008
MNIST_QNN_zz_r5_d6_s43,noisy_shot,mean_api_probabilities,loss,8,single_shot_2560_minus_128,1,2560,1,128,2.5000000000052758e-05
MNIST_QNN_zz_r5_d6_s43,noisy_shot,mean_api_probabilities,loss,8,repeat_5x128_minus_1x128,5,128,1,128,-0.015550000000000064
MNIST_QNN_zz_r5_d6_s43,noisy_shot,mean_api_probabilities,loss,8,repeat_20x128_minus_1x128,20,128,1,128,0.0027249999999999774
MNIST_QNN_zz_r5_d6_s43,noisy_shot,mean_api_probabilities,loss,8,equal_total_5x512_minus_1x2560,5,512,1,2560,0.011324999999999918
MNIST_QNN_zz_r5_d6_s43,noisy_shot,mean_api_probabilities,loss,8,equal_total_20x128_minus_1x2560,20,128,1,2560,0.0026999999999999247
MNIST_QNN_zz_r5_d6_s43,noisy_shot,mean_api_probabilities,loss,9,single_shot_512_minus_128,1,512,1,128,0.026425000000000032
MNIST_QNN_zz_r5_d6_s43,noisy_shot,mean_api_probabilities,loss,9,single_shot_2560_minus_128,1,2560,1,128,0.028449999999999975
MNIST_QNN_zz_r5_d6_s43,noisy_shot,mean_api_probabilities,loss,9,repeat_5x128_minus_1x128,5,128,1,128,0.0026249999999999885
MNIST_QNN_zz_r5_d6_s43,noisy_shot,mean_api_probabilities,loss,9,repeat_20x128_minus_1x128,20,128,1,128,0.018550000000000066
MNIST_QNN_zz_r5_d6_s43,noisy_shot,mean_api_probabilities,loss,9,equal_total_5x512_minus_1x2560,5,512,1,2560,0.001475000000000004
MNIST_QNN_zz_r5_d6_s43,noisy_shot,mean_api_probabilities,loss,9,equal_total_20x128_minus_1x2560,20,128,1,2560,-0.009899999999999909
MNIST_QNN_zz_r5_d6_s43,noisy_shot,mean_api_probabilities,margin,0,single_shot_512_minus_128,1,512,1,128,0.06342500000000006
MNIST_QNN_zz_r5_d6_s43,noisy_shot,mean_api_probabilities,margin,0,single_shot_2560_minus_128,1,2560,1,128,-0.035100000000000076
MNIST_QNN_zz_r5_d6_s43,noisy_shot,mean_api_probabilities,margin,0,repeat_5x128_minus_1x128,5,128,1,128,0.026025000000000076
MNIST_QNN_zz_r5_d6_s43,noisy_shot,mean_api_probabilities,margin,0,repeat_20x128_minus_1x128,20,128,1,128,0.009000000000000119
MNIST_QNN_zz_r5_d6_s43,noisy_shot,mean_api_probabilities,margin,0,equal_total_5x512_minus_1x2560,5,512,1,2560,0.048825000000000174
MNIST_QNN_zz_r5_d6_s43,noisy_shot,mean_api_probabilities,margin,0,equal_total_20x128_minus_1x2560,20,128,1,2560,0.044100000000000195
MNIST_QNN_zz_r5_d6_s43,noisy_shot,mean_api_probabilities,margin,1,single_shot_512_minus_128,1,512,1,128,-9.999999999998899e-05
MNIST_QNN_zz_r5_d6_s43,noisy_shot,mean_api_probabilities,margin,1,single_shot_2560_minus_128,1,2560,1,128,0.012674999999999992
MNIST_QNN_zz_r5_d6_s43,noisy_shot,mean_api_probabilities,margin,1,repeat_5x128_minus_1x128,5,128,1,128,0.0024000000000000687
MNIST_QNN_zz_r5_d6_s43,noisy_shot,mean_api_probabilities,margin,1,repeat_20x128_minus_1x128,20,128,1,128,-0.003149999999999986
MNIST_QNN_zz_r5_d6_s43,noisy_shot,mean_api_probabilities,margin,1,equal_total_5x512_minus_1x2560,5,512,1,2560,-0.00022500000000003073
MNIST_QNN_zz_r5_d6_s43,noisy_shot,mean_api_probabilities,margin,1,equal_total_20x128_minus_1x2560,20,128,1,2560,-0.015824999999999978
MNIST_QNN_zz_r5_d6_s43,noisy_shot,mean_api_probabilities,margin,2,single_shot_512_minus_128,1,512,1,128,0.016100000000000114
MNIST_QNN_zz_r5_d6_s43,noisy_shot,mean_api_probabilities,margin,2,single_shot_2560_minus_128,1,2560,1,128,0.012249999999999983
MNIST_QNN_zz_r5_d6_s43,noisy_shot,mean_api_probabilities,margin,2,repeat_5x128_minus_1x128,5,128,1,128,0.007525000000000004
MNIST_QNN_zz_r5_d6_s43,noisy_shot,mean_api_probabilities,margin,2,repeat_20x128_minus_1x128,20,128,1,128,-0.007974999999999954
MNIST_QNN_zz_r5_d6_s43,noisy_shot,mean_api_probabilities,margin,2,equal_total_5x512_minus_1x2560,5,512,1,2560,0.00307500000000005
MNIST_QNN_zz_r5_d6_s43,noisy_shot,mean_api_probabilities,margin,2,equal_total_20x128_minus_1x2560,20,128,1,2560,-0.020224999999999937
MNIST_QNN_zz_r5_d6_s43,noisy_shot,mean_api_probabilities,margin,3,single_shot_512_minus_128,1,512,1,128,-0.05185000000000006
MNIST_QNN_zz_r5_d6_s43,noisy_shot,mean_api_probabilities,margin,3,single_shot_2560_minus_128,1,2560,1,128,-0.07097500000000007
MNIST_QNN_zz_r5_d6_s43,noisy_shot,mean_api_probabilities,margin,3,repeat_5x128_minus_1x128,5,128,1,128,-0.03710000000000013
MNIST_QNN_zz_r5_d6_s43,noisy_shot,mean_api_probabilities,margin,3,repeat_20x128_minus_1x128,20,128,1,128,-0.06437500000000007
MNIST_QNN_zz_r5_d6_s43,noisy_shot,mean_api_probabilities,margin,3,equal_total_5x512_minus_1x2560,5,512,1,2560,0.032474999999999976
MNIST_QNN_zz_r5_d6_s43,noisy_shot,mean_api_probabilities,margin,3,equal_total_20x128_minus_1x2560,20,128,1,2560,0.006599999999999995
MNIST_QNN_zz_r5_d6_s43,noisy_shot,mean_api_probabilities,margin,4,single_shot_512_minus_128,1,512,1,128,-0.029750000000000054
MNIST_QNN_zz_r5_d6_s43,noisy_shot,mean_api_probabilities,margin,4,single_shot_2560_minus_128,1,2560,1,128,0.0025249999999998884
MNIST_QNN_zz_r5_d6_s43,noisy_shot,mean_api_probabilities,margin,4,repeat_5x128_minus_1x128,5,128,1,128,-0.05732500000000007
MNIST_QNN_zz_r5_d6_s43,noisy_shot,mean_api_probabilities,margin,4,repeat_20x128_minus_1x128,20,128,1,128,0.00029999999999985594
MNIST_QNN_zz_r5_d6_s43,noisy_shot,mean_api_probabilities,margin,4,equal_total_5x512_minus_1x2560,5,512,1,2560,-0.008774999999999977
MNIST_QNN_zz_r5_d6_s43,noisy_shot,mean_api_probabilities,margin,4,equal_total_20x128_minus_1x2560,20,128,1,2560,-0.0022250000000000325
MNIST_QNN_zz_r5_d6_s43,noisy_shot,mean_api_probabilities,margin,5,single_shot_512_minus_128,1,512,1,128,0.02762500000000001
MNIST_QNN_zz_r5_d6_s43,noisy_shot,mean_api_probabilities,margin,5,single_shot_2560_minus_128,1,2560,1,128,0.034599999999999964
MNIST_QNN_zz_r5_d6_s43,noisy_shot,mean_api_probabilities,margin,5,repeat_5x128_minus_1x128,5,128,1,128,0.03567500000000001
MNIST_QNN_zz_r5_d6_s43,noisy_shot,mean_api_probabilities,margin,5,repeat_20x128_minus_1x128,20,128,1,128,0.060975
MNIST_QNN_zz_r5_d6_s43,noisy_shot,mean_api_probabilities,margin,5,equal_total_5x512_minus_1x2560,5,512,1,2560,-0.00880000000000003
MNIST_QNN_zz_r5_d6_s43,noisy_shot,mean_api_probabilities,margin,5,equal_total_20x128_minus_1x2560,20,128,1,2560,0.026375000000000037
MNIST_QNN_zz_r5_d6_s43,noisy_shot,mean_api_probabilities,margin,6,single_shot_512_minus_128,1,512,1,128,0.016100000000000003
MNIST_QNN_zz_r5_d6_s43,noisy_shot,mean_api_probabilities,margin,6,single_shot_2560_minus_128,1,2560,1,128,-0.01945000000000008
MNIST_QNN_zz_r5_d6_s43,noisy_shot,mean_api_probabilities,margin,6,repeat_5x128_minus_1x128,5,128,1,128,-0.03597499999999998
MNIST_QNN_zz_r5_d6_s43,noisy_shot,mean_api_probabilities,margin,6,repeat_20x128_minus_1x128,20,128,1,128,-0.03232500000000005
MNIST_QNN_zz_r5_d6_s43,noisy_shot,mean_api_probabilities,margin,6,equal_total_5x512_minus_1x2560,5,512,1,2560,-0.007249999999999979
MNIST_QNN_zz_r5_d6_s43,noisy_shot,mean_api_probabilities,margin,6,equal_total_20x128_minus_1x2560,20,128,1,2560,-0.01287499999999997
MNIST_QNN_zz_r5_d6_s43,noisy_shot,mean_api_probabilities,margin,7,single_shot_512_minus_128,1,512,1,128,0.002074999999999938
MNIST_QNN_zz_r5_d6_s43,noisy_shot,mean_api_probabilities,margin,7,single_shot_2560_minus_128,1,2560,1,128,-0.0038250000000000783
MNIST_QNN_zz_r5_d6_s43,noisy_shot,mean_api_probabilities,margin,7,repeat_5x128_minus_1x128,5,128,1,128,-0.06585000000000008
MNIST_QNN_zz_r5_d6_s43,noisy_shot,mean_api_probabilities,margin,7,repeat_20x128_minus_1x128,20,128,1,128,-0.0464
MNIST_QNN_zz_r5_d6_s43,noisy_shot,mean_api_probabilities,margin,7,equal_total_5x512_minus_1x2560,5,512,1,2560,-0.03864999999999996
MNIST_QNN_zz_r5_d6_s43,noisy_shot,mean_api_probabilities,margin,7,equal_total_20x128_minus_1x2560,20,128,1,2560,-0.04257499999999992
MNIST_QNN_zz_r5_d6_s43,noisy_shot,mean_api_probabilities,margin,8,single_shot_512_minus_128,1,512,1,128,0.04667500000000008
MNIST_QNN_zz_r5_d6_s43,noisy_shot,mean_api_probabilities,margin,8,single_shot_2560_minus_128,1,2560,1,128,0.050825000000000065
MNIST_QNN_zz_r5_d6_s43,noisy_shot,mean_api_probabilities,margin,8,repeat_5x128_minus_1x128,5,128,1,128,0.009500000000000064
MNIST_QNN_zz_r5_d6_s43,noisy_shot,mean_api_probabilities,margin,8,repeat_20x128_minus_1x128,20,128,1,128,0.05570000000000003
MNIST_QNN_zz_r5_d6_s43,noisy_shot,mean_api_probabilities,margin,8,equal_total_5x512_minus_1x2560,5,512,1,2560,-0.04249999999999998
MNIST_QNN_zz_r5_d6_s43,noisy_shot,mean_api_probabilities,margin,8,equal_total_20x128_minus_1x2560,20,128,1,2560,0.004874999999999963
MNIST_QNN_zz_r5_d6_s43,noisy_shot,mean_api_probabilities,margin,9,single_shot_512_minus_128,1,512,1,128,-0.031849999999999934
MNIST_QNN_zz_r5_d6_s43,noisy_shot,mean_api_probabilities,margin,9,single_shot_2560_minus_128,1,2560,1,128,-0.07099999999999995
MNIST_QNN_zz_r5_d6_s43,noisy_shot,mean_api_probabilities,margin,9,repeat_5x128_minus_1x128,5,128,1,128,-0.08642499999999997
MNIST_QNN_zz_r5_d6_s43,noisy_shot,mean_api_probabilities,margin,9,repeat_20x128_minus_1x128,20,128,1,128,-0.08389999999999997
MNIST_QNN_zz_r5_d6_s43,noisy_shot,mean_api_probabilities,margin,9,equal_total_5x512_minus_1x2560,5,512,1,2560,-0.004400000000000015
MNIST_QNN_zz_r5_d6_s43,noisy_shot,mean_api_probabilities,margin,9,equal_total_20x128_minus_1x2560,20,128,1,2560,-0.012900000000000023
