target_id,training_defense,defense,record_id,membership,true_label,predicted_label,probability_0,probability_1
PETS_CREDIT_high_eff_su2_r5_d6_b03__none,none,none,619b46d6086e6aad3d84,1,0,0,0.9188140034675598,0.08118607103824615
PETS_CREDIT_high_eff_su2_r5_d6_b03__none,none,none,5e48c11768cb070aefe6,1,0,0,0.7573102712631226,0.24268972873687744
PETS_CREDIT_high_eff_su2_r5_d6_b03__none,none,none,7105743f10682ac4a1cc,1,0,0,0.8963609933853149,0.10363899171352386
PETS_CREDIT_high_eff_su2_r5_d6_b03__none,none,none,272c38b1ecd099be7890,1,0,0,0.9012207984924316,0.09877920150756836
PETS_CREDIT_high_eff_su2_r5_d6_b03__none,none,none,6f47824d3363865de61a,1,0,0,0.6817634105682373,0.3182365894317627
PETS_CREDIT_high_eff_su2_r5_d6_b03__none,none,none,b0f47ae4b56b3aa4d111,1,1,1,0.07819105684757233,0.9218088984489441
PETS_CREDIT_high_eff_su2_r5_d6_b03__none,none,none,f073d35785cf76f1409c,1,0,0,0.8260840773582458,0.17391586303710938
PETS_CREDIT_high_eff_su2_r5_d6_b03__none,none,none,01e7168ae2a624ff9916,1,1,1,0.12941546738147736,0.8705846071243286
PETS_CREDIT_high_eff_su2_r5_d6_b03__none,none,none,1c7eb9e50fc08e5f8cf0,1,1,0,0.9149385094642639,0.08506154268980026
PETS_CREDIT_high_eff_su2_r5_d6_b03__none,none,none,8f95586c1c6fb3f2a750,1,0,0,0.865013062953949,0.13498686254024506
PETS_CREDIT_high_eff_su2_r5_d6_b03__none,none,none,2c2eb339de59d2b86f66,1,0,0,0.7730575203895569,0.2269425094127655
PETS_CREDIT_high_eff_su2_r5_d6_b03__none,none,none,ab00e756b29c98fd6674,1,0,0,0.9679047465324402,0.03209519386291504
PETS_CREDIT_high_eff_su2_r5_d6_b03__none,none,none,70d271c728323ea28d90,1,0,0,0.8610707521438599,0.13892921805381775
PETS_CREDIT_high_eff_su2_r5_d6_b03__none,none,none,69ef03b5c6f4f7ecef33,1,0,0,0.9785729050636292,0.02142702229321003
PETS_CREDIT_high_eff_su2_r5_d6_b03__none,none,none,eb849709f12c60edd50b,1,0,0,0.9657981395721436,0.03420179709792137
PETS_CREDIT_high_eff_su2_r5_d6_b03__none,none,none,ab97fae957e08270ffce,1,1,0,0.7465270161628723,0.2534729540348053
PETS_CREDIT_high_eff_su2_r5_d6_b03__none,none,none,e07f107ec2deef516f4f,1,0,0,0.9292611479759216,0.0707387700676918
PETS_CREDIT_high_eff_su2_r5_d6_b03__none,none,none,88b1c0733571d25bdfa5,1,0,0,0.9418187737464905,0.05818130075931549
PETS_CREDIT_high_eff_su2_r5_d6_b03__none,none,none,b84ff32b3c14263b0dd5,1,0,0,0.6734142899513245,0.3265857696533203
PETS_CREDIT_high_eff_su2_r5_d6_b03__none,none,none,9fc5fbe55717fe6862a4,1,1,1,0.4728214740753174,0.5271785259246826
PETS_CREDIT_high_eff_su2_r5_d6_b03__none,none,none,9eb158e3cbe5bc901e26,1,0,0,0.947844386100769,0.05215556547045708
PETS_CREDIT_high_eff_su2_r5_d6_b03__none,none,none,09c28941e61886717e09,1,0,0,0.8691477179527283,0.13085226714611053
PETS_CREDIT_high_eff_su2_r5_d6_b03__none,none,none,196d92dfff0523a23237,1,0,0,0.8860275745391846,0.11397241055965424
PETS_CREDIT_high_eff_su2_r5_d6_b03__none,none,none,0ffd3e39286157b02ad4,1,0,0,0.7229739427566528,0.27702611684799194
PETS_CREDIT_high_eff_su2_r5_d6_b03__none,none,none,25bed8f88a506c4cc366,1,0,0,0.5835250020027161,0.41647499799728394
PETS_CREDIT_high_eff_su2_r5_d6_b03__none,none,none,a62d80fa1349c54517ce,1,0,0,0.9993788599967957,0.0006212235311977565
PETS_CREDIT_high_eff_su2_r5_d6_b03__none,none,none,08a6c27fcb32f81ff375,1,0,0,0.8560616374015808,0.14393837749958038
PETS_CREDIT_high_eff_su2_r5_d6_b03__none,none,none,26f8e0268dd95cba45fd,1,0,1,0.4142928421497345,0.5857071280479431
PETS_CREDIT_high_eff_su2_r5_d6_b03__none,none,none,f332cc500c7a62b19024,1,0,0,0.8794659376144409,0.12053412944078445
PETS_CREDIT_high_eff_su2_r5_d6_b03__none,none,none,bfa7b1aca5d187760a16,1,0,0,0.9180824160575867,0.08191754668951035
PETS_CREDIT_high_eff_su2_r5_d6_b03__none,none,none,d1d396dc69ac0aeade66,1,0,0,0.9218795299530029,0.0781204029917717
PETS_CREDIT_high_eff_su2_r5_d6_b03__none,none,none,092efc45ab978715a8fa,1,0,0,0.9244731664657593,0.07552675902843475
PETS_CREDIT_high_eff_su2_r5_d6_b03__none,none,none,d8e3c3c718aea110b2d9,1,1,1,0.2710552215576172,0.7289448380470276
PETS_CREDIT_high_eff_su2_r5_d6_b03__none,none,none,2c3058336909d855b1f0,1,0,0,0.8921787142753601,0.10782139003276825
PETS_CREDIT_high_eff_su2_r5_d6_b03__none,none,none,006df97946d214e0111f,1,1,0,0.7853111028671265,0.21468889713287354
PETS_CREDIT_high_eff_su2_r5_d6_b03__none,none,none,4b8fbfef25d81e60d4a6,1,0,0,0.634804904460907,0.36519503593444824
PETS_CREDIT_high_eff_su2_r5_d6_b03__none,none,none,5cb75d859aa2d3df94b0,1,0,0,0.9987178444862366,0.001282125012949109
PETS_CREDIT_high_eff_su2_r5_d6_b03__none,none,none,82d40bd4122f5c76cdfb,1,0,0,0.67750084400177,0.3224990963935852
PETS_CREDIT_high_eff_su2_r5_d6_b03__none,none,none,f05df67fe5ac7ed38643,1,1,1,0.14215099811553955,0.8578490018844604
PETS_CREDIT_high_eff_su2_r5_d6_b03__none,none,none,0772d1e68bccea98e68f,1,0,0,0.9949000477790833,0.0050999438390135765
PETS_CREDIT_high_eff_su2_r5_d6_b03__none,none,none,a1b01a469dc7802f51d3,1,0,0,0.9705527424812317,0.029447171837091446
PETS_CREDIT_high_eff_su2_r5_d6_b03__none,none,none,108acbd92e651db6ac49,1,1,1,0.3640441596508026,0.6359558701515198
PETS_CREDIT_high_eff_su2_r5_d6_b03__none,none,none,c75c31af2389cc3a594f,1,0,1,0.26659920811653137,0.733400821685791
PETS_CREDIT_high_eff_su2_r5_d6_b03__none,none,none,2379dd478643b9cc0bc1,1,0,0,0.973217248916626,0.026782775297760963
PETS_CREDIT_high_eff_su2_r5_d6_b03__none,none,none,7673e8a0f0b037cc51e5,1,0,0,0.9619067311286926,0.03809325397014618
PETS_CREDIT_high_eff_su2_r5_d6_b03__none,none,none,7c7fe88dcec806be29da,1,0,0,0.6007709503173828,0.39922910928726196
PETS_CREDIT_high_eff_su2_r5_d6_b03__none,none,none,07d4d260e30d7cf5b71f,1,0,0,0.9164171814918518,0.0835828110575676
PETS_CREDIT_high_eff_su2_r5_d6_b03__none,none,none,d75c3e52dbcaf5a5ec2a,1,0,0,0.7958846092224121,0.20411533117294312
PETS_CREDIT_high_eff_su2_r5_d6_b03__none,none,none,d2c3d34fb102babfa194,1,1,0,0.5880337357521057,0.4119662940502167
PETS_CREDIT_high_eff_su2_r5_d6_b03__none,none,none,92516ca36411fad7d9c9,1,0,0,0.9618412852287292,0.03815869987010956
PETS_CREDIT_high_eff_su2_r5_d6_b03__none,none,none,1dd9f8371cdcaa1758b3,1,0,0,0.9823172688484192,0.017682822421193123
PETS_CREDIT_high_eff_su2_r5_d6_b03__none,none,none,8fe0ac3103b5acc00cdc,1,0,0,0.9523347616195679,0.04766524210572243
PETS_CREDIT_high_eff_su2_r5_d6_b03__none,none,none,c3a59fc71e20658f6341,1,0,0,0.8211222887039185,0.1788778007030487
PETS_CREDIT_high_eff_su2_r5_d6_b03__none,none,none,434123980ae7f6c38b02,1,0,0,0.7688795924186707,0.23112042248249054
PETS_CREDIT_high_eff_su2_r5_d6_b03__none,none,none,6bf07a3ff23f9e3249c5,1,1,0,0.6020412445068359,0.3979586958885193
PETS_CREDIT_high_eff_su2_r5_d6_b03__none,none,none,e030c0aa4ae0f1011f2f,1,1,1,0.3303336501121521,0.6696662902832031
PETS_CREDIT_high_eff_su2_r5_d6_b03__none,none,none,8120fa8a41158dba642d,1,0,0,0.964794933795929,0.03520512580871582
PETS_CREDIT_high_eff_su2_r5_d6_b03__none,none,none,66fa33821884d4568b02,1,1,1,0.41765743494033813,0.5823425650596619
PETS_CREDIT_high_eff_su2_r5_d6_b03__none,none,none,ae1704e8283a10912765,1,0,0,0.7586621642112732,0.2413378655910492
PETS_CREDIT_high_eff_su2_r5_d6_b03__none,none,none,72bf8a475d5aa5538cd3,1,0,0,0.8827841281890869,0.11721578240394592
PETS_CREDIT_high_eff_su2_r5_d6_b03__none,none,none,c4b2c9357254e51af6a9,1,1,1,0.45714497566223145,0.5428550839424133
PETS_CREDIT_high_eff_su2_r5_d6_b03__none,none,none,4def6ca8e27be84aeb54,1,1,0,0.9223270416259766,0.07767294347286224
PETS_CREDIT_high_eff_su2_r5_d6_b03__none,none,none,a5b1091e7ec67f7a06ed,1,0,1,0.3660207986831665,0.6339792609214783
PETS_CREDIT_high_eff_su2_r5_d6_b03__none,none,none,daf2c33eb0f2b7518584,1,0,0,0.970706045627594,0.029293976724147797
PETS_CREDIT_high_eff_su2_r5_d6_b03__none,none,none,6e144bf85d42e3ac6fae,1,0,0,0.8890405297279358,0.11095946282148361
PETS_CREDIT_high_eff_su2_r5_d6_b03__none,none,none,f97851146238bb9a3754,1,0,0,0.9619863033294678,0.03801371157169342
PETS_CREDIT_high_eff_su2_r5_d6_b03__none,none,none,5d21e75cb6066696e6e2,1,0,0,0.9874535799026489,0.012546440586447716
PETS_CREDIT_high_eff_su2_r5_d6_b03__none,none,none,4aa64c627cb9b82d7f42,1,0,0,0.9333050847053528,0.06669493019580841
PETS_CREDIT_high_eff_su2_r5_d6_b03__none,none,none,c50e57ca37a497df3a13,1,0,0,0.9826818704605103,0.017318058758974075
PETS_CREDIT_high_eff_su2_r5_d6_b03__none,none,none,c0daa10532a8487ca803,1,1,1,0.29992976784706116,0.7000702023506165
PETS_CREDIT_high_eff_su2_r5_d6_b03__none,none,none,00405a37dd709b2d51a8,1,0,0,0.8933905363082886,0.10660955309867859
PETS_CREDIT_high_eff_su2_r5_d6_b03__none,none,none,5f9c02f5ec03a28e4f53,1,0,0,0.5904508233070374,0.4095492362976074
PETS_CREDIT_high_eff_su2_r5_d6_b03__none,none,none,ac5f40db5db91c18a83b,1,0,0,0.6219317317008972,0.378068208694458
PETS_CREDIT_high_eff_su2_r5_d6_b03__none,none,none,5584930e99aa4007d628,1,0,0,0.9176666140556335,0.08233334869146347
PETS_CREDIT_high_eff_su2_r5_d6_b03__none,none,none,0674ce029ebb21d32e38,1,0,0,0.9736186861991882,0.026381343603134155
PETS_CREDIT_high_eff_su2_r5_d6_b03__none,none,none,6c0e663b6848864dc914,1,0,0,0.9264350533485413,0.07356492429971695
PETS_CREDIT_high_eff_su2_r5_d6_b03__none,none,none,7ce1135db7560daf7e70,1,0,0,0.5922316312789917,0.4077683687210083
PETS_CREDIT_high_eff_su2_r5_d6_b03__none,none,none,70e46e61db439dd8e308,1,0,0,0.8982660174369812,0.10173401981592178
PETS_CREDIT_high_eff_su2_r5_d6_b03__none,none,none,aaca4c9adb936209ae4f,1,1,1,0.4976123571395874,0.5023877024650574
PETS_CREDIT_high_eff_su2_r5_d6_b03__none,none,none,3ac7ac4bc65a6ffec899,1,0,0,0.9678075909614563,0.0321924090385437
PETS_CREDIT_high_eff_su2_r5_d6_b03__none,none,none,c536d8f2ff559c7756e7,1,1,1,0.40746161341667175,0.5925383567810059
PETS_CREDIT_high_eff_su2_r5_d6_b03__none,none,none,16e3ff8c6f696f231824,1,0,0,0.8977953195571899,0.10220473259687424
PETS_CREDIT_high_eff_su2_r5_d6_b03__none,none,none,dba69027df0122535f19,1,0,0,0.9431881904602051,0.05681178718805313
PETS_CREDIT_high_eff_su2_r5_d6_b03__none,none,none,973b363916938dbaaf31,1,0,0,0.9104858040809631,0.08951420336961746
PETS_CREDIT_high_eff_su2_r5_d6_b03__none,none,none,6ea2a519a69c09016323,1,1,1,0.2965134382247925,0.7034865617752075
PETS_CREDIT_high_eff_su2_r5_d6_b03__none,none,none,26b6a5da65cdaeb8e184,1,0,0,0.7741619348526001,0.2258380502462387
PETS_CREDIT_high_eff_su2_r5_d6_b03__none,none,none,c053f623dd8f2bfb7915,1,0,0,0.9896271824836731,0.010372854769229889
PETS_CREDIT_high_eff_su2_r5_d6_b03__none,none,none,0a09121dee0e5db09dfe,1,0,0,0.8779389262199402,0.12206106632947922
PETS_CREDIT_high_eff_su2_r5_d6_b03__none,none,none,22730a71b34176a3ba37,1,0,0,0.9532119035720825,0.0467880442738533
PETS_CREDIT_high_eff_su2_r5_d6_b03__none,none,none,6af56a8b2e15acc1e086,1,1,1,0.28974542021751404,0.7102546095848083
PETS_CREDIT_high_eff_su2_r5_d6_b03__none,none,none,a6dfd0dc4ba32e6c00e6,1,0,0,0.9289509057998657,0.07104909420013428
PETS_CREDIT_high_eff_su2_r5_d6_b03__none,none,none,a5628044ec0880a52490,1,0,0,0.8538046479225159,0.14619533717632294
PETS_CREDIT_high_eff_su2_r5_d6_b03__none,none,none,4cfea97c73e6dbfbc698,1,0,0,0.9675567746162415,0.03244316950440407
PETS_CREDIT_high_eff_su2_r5_d6_b03__none,none,none,32babcc385bd70eddb90,1,0,0,0.7726956605911255,0.22730429470539093
PETS_CREDIT_high_eff_su2_r5_d6_b03__none,none,none,6093ce809aa33ce6693b,1,0,0,0.8890814781188965,0.11091859638690948
PETS_CREDIT_high_eff_su2_r5_d6_b03__none,none,none,78edbc6916b12b570866,1,1,0,0.6730833649635315,0.3269166946411133
PETS_CREDIT_high_eff_su2_r5_d6_b03__none,none,none,14865093b1485a5c3a41,1,1,0,0.8753304481506348,0.12466957420110703
PETS_CREDIT_high_eff_su2_r5_d6_b03__none,none,none,46dbe6ca2f4531385a05,1,0,0,0.951368510723114,0.0486314482986927
PETS_CREDIT_high_eff_su2_r5_d6_b03__none,none,none,c9e5785745f04cec0d37,1,0,0,0.8974423408508301,0.1025577038526535
PETS_CREDIT_high_eff_su2_r5_d6_b03__none,none,none,1313972ddf1c6e9eb2c9,1,0,0,0.8203834295272827,0.1796165555715561
PETS_CREDIT_high_eff_su2_r5_d6_b03__none,none,none,42e9f06773aa97fa92d4,0,0,0,0.9638676047325134,0.036132436245679855
PETS_CREDIT_high_eff_su2_r5_d6_b03__none,none,none,7bfb843a13cff05233ad,0,0,0,0.8534291982650757,0.1465708464384079
PETS_CREDIT_high_eff_su2_r5_d6_b03__none,none,none,2218e6bd75832a43d007,0,0,0,0.9162934422492981,0.08370653539896011
PETS_CREDIT_high_eff_su2_r5_d6_b03__none,none,none,9bfd22e983b09efc4239,0,0,0,0.78716641664505,0.21283359825611115
PETS_CREDIT_high_eff_su2_r5_d6_b03__none,none,none,34bfadccd6d7f30d94a1,0,0,0,0.9050477147102356,0.09495221078395844
PETS_CREDIT_high_eff_su2_r5_d6_b03__none,none,none,5f861fea617a3ee7da16,0,1,0,0.9461343288421631,0.05386566370725632
PETS_CREDIT_high_eff_su2_r5_d6_b03__none,none,none,3b2a390113c4d06485dc,0,0,1,0.17761731147766113,0.8223827481269836
PETS_CREDIT_high_eff_su2_r5_d6_b03__none,none,none,f1d5fbea8d8fc197f689,0,1,0,0.7358513474464417,0.26414865255355835
PETS_CREDIT_high_eff_su2_r5_d6_b03__none,none,none,a55e7f353f00168e8f2a,0,1,0,0.9082556366920471,0.09174439311027527
PETS_CREDIT_high_eff_su2_r5_d6_b03__none,none,none,7b2b85015deb930a73bd,0,0,1,0.21095794439315796,0.789042055606842
PETS_CREDIT_high_eff_su2_r5_d6_b03__none,none,none,7990ceff4d0c77eeca8b,0,0,0,0.9361795783042908,0.06382043659687042
PETS_CREDIT_high_eff_su2_r5_d6_b03__none,none,none,4194c2831bd65263a55f,0,0,0,0.9022446870803833,0.0977552980184555
PETS_CREDIT_high_eff_su2_r5_d6_b03__none,none,none,89b5beeaae443f174906,0,0,0,0.9577240943908691,0.04227593541145325
PETS_CREDIT_high_eff_su2_r5_d6_b03__none,none,none,c9b90a5a5aabbbda656e,0,0,0,0.7738177180290222,0.22618228197097778
PETS_CREDIT_high_eff_su2_r5_d6_b03__none,none,none,45e249d80792feb4d2d2,0,0,0,0.8261364698410034,0.1738635152578354
PETS_CREDIT_high_eff_su2_r5_d6_b03__none,none,none,ac4bb9f68cc026f7ef87,0,1,0,0.9986246824264526,0.0013753691455349326
PETS_CREDIT_high_eff_su2_r5_d6_b03__none,none,none,2f4ee8e91be4e65736a4,0,0,0,0.9382632970809937,0.06173663213849068
PETS_CREDIT_high_eff_su2_r5_d6_b03__none,none,none,48db4133c9bf431ebe79,0,0,1,0.4824238419532776,0.5175760984420776
PETS_CREDIT_high_eff_su2_r5_d6_b03__none,none,none,25773551baf095668618,0,0,0,0.9975687265396118,0.002431287430226803
PETS_CREDIT_high_eff_su2_r5_d6_b03__none,none,none,a5648815fec59cd1c995,0,1,1,0.21377457678318024,0.7862253785133362
PETS_CREDIT_high_eff_su2_r5_d6_b03__none,none,none,d5e3f577c74cd5bde9ef,0,0,1,0.19191834330558777,0.8080817461013794
PETS_CREDIT_high_eff_su2_r5_d6_b03__none,none,none,90aa3dc827baf03a0b7f,0,0,0,0.761823832988739,0.2381761372089386
PETS_CREDIT_high_eff_su2_r5_d6_b03__none,none,none,a4ed03b502889d9468c9,0,0,0,0.9382294416427612,0.06177055463194847
PETS_CREDIT_high_eff_su2_r5_d6_b03__none,none,none,72382fc3b364c3c36162,0,0,0,0.9436424970626831,0.0563574880361557
PETS_CREDIT_high_eff_su2_r5_d6_b03__none,none,none,9214bdad11cf5b0f5788,0,0,0,0.991938591003418,0.008061298169195652
PETS_CREDIT_high_eff_su2_r5_d6_b03__none,none,none,b224dfc19404bbda9ee4,0,0,1,0.42459866404533386,0.5754013061523438
PETS_CREDIT_high_eff_su2_r5_d6_b03__none,none,none,150e2fdbb7bdebe9ab21,0,0,0,0.9560454487800598,0.04395445063710213
PETS_CREDIT_high_eff_su2_r5_d6_b03__none,none,none,e81e235b5be50fce8ed4,0,0,0,0.9812435507774353,0.01875644363462925
PETS_CREDIT_high_eff_su2_r5_d6_b03__none,none,none,a6f8faff37efe9eca5fe,0,0,0,0.8554322123527527,0.1445678025484085
PETS_CREDIT_high_eff_su2_r5_d6_b03__none,none,none,444967b541f184305a6c,0,0,0,0.8840276002883911,0.11597234755754471
PETS_CREDIT_high_eff_su2_r5_d6_b03__none,none,none,b3648943abce0512f994,0,0,0,0.9252067804336548,0.07479330152273178
PETS_CREDIT_high_eff_su2_r5_d6_b03__none,none,none,f55dd0075c038f761436,0,0,0,0.8553449511528015,0.14465507864952087
PETS_CREDIT_high_eff_su2_r5_d6_b03__none,none,none,19eaeaae64289dba8ce8,0,1,1,0.18884925544261932,0.8111507892608643
PETS_CREDIT_high_eff_su2_r5_d6_b03__none,none,none,9af74acc6cc7a48f4fd9,0,0,0,0.896070659160614,0.10392935574054718
PETS_CREDIT_high_eff_su2_r5_d6_b03__none,none,none,e26cf49baf1a8f2a6289,0,1,1,0.2954934239387512,0.7045065760612488
PETS_CREDIT_high_eff_su2_r5_d6_b03__none,none,none,4010d1d0fc60044b7e83,0,0,0,0.9099379777908325,0.09006208181381226
PETS_CREDIT_high_eff_su2_r5_d6_b03__none,none,none,6146ee4e50398bd2590b,0,0,1,0.19942618906497955,0.8005737662315369
PETS_CREDIT_high_eff_su2_r5_d6_b03__none,none,none,17405c31370c8de7f8b8,0,0,0,0.980712890625,0.01928708888590336
PETS_CREDIT_high_eff_su2_r5_d6_b03__none,none,none,471df40f4bdddddc09ec,0,1,1,0.4648652970790863,0.5351346731185913
PETS_CREDIT_high_eff_su2_r5_d6_b03__none,none,none,b38c56a4fffe98b7efc8,0,0,0,0.8131508827209473,0.18684901297092438
PETS_CREDIT_high_eff_su2_r5_d6_b03__none,none,none,69c16449e008d39bb994,0,0,0,0.8335076570510864,0.16649229824543
PETS_CREDIT_high_eff_su2_r5_d6_b03__none,none,none,0748c8ca29b369b66e6f,0,1,0,0.9852363467216492,0.014763664454221725
PETS_CREDIT_high_eff_su2_r5_d6_b03__none,none,none,da3092a0e04488fc3d83,0,0,0,0.9971823692321777,0.002817698987200856
PETS_CREDIT_high_eff_su2_r5_d6_b03__none,none,none,74cb3d94d7d3fcb0963b,0,0,0,0.9921172857284546,0.007882692851126194
PETS_CREDIT_high_eff_su2_r5_d6_b03__none,none,none,3c4479d085b1b0ae10d8,0,0,0,0.5096871256828308,0.4903128147125244
PETS_CREDIT_high_eff_su2_r5_d6_b03__none,none,none,5960e131d3cbd3ac2bd9,0,0,0,0.5912335515022278,0.40876641869544983
PETS_CREDIT_high_eff_su2_r5_d6_b03__none,none,none,3122b20f9c469ddb4810,0,0,0,0.8711044788360596,0.12889550626277924
PETS_CREDIT_high_eff_su2_r5_d6_b03__none,none,none,5f5253b7ee72fa683082,0,0,0,0.9689453840255737,0.03105458803474903
PETS_CREDIT_high_eff_su2_r5_d6_b03__none,none,none,2478313b949e4a19fec5,0,1,1,0.3069826662540436,0.6930173635482788
PETS_CREDIT_high_eff_su2_r5_d6_b03__none,none,none,6803403d6e57131ab879,0,0,0,0.9695881605148315,0.030411867424845695
PETS_CREDIT_high_eff_su2_r5_d6_b03__none,none,none,5628f53706485c5a34f9,0,0,0,0.8559156060218811,0.14408442378044128
PETS_CREDIT_high_eff_su2_r5_d6_b03__none,none,none,e3aa42e9baae40909b2c,0,0,0,0.7362424731254578,0.26375752687454224
PETS_CREDIT_high_eff_su2_r5_d6_b03__none,none,none,50a0be37bf2f275bd4d6,0,0,0,0.6368281245231628,0.36317190527915955
PETS_CREDIT_high_eff_su2_r5_d6_b03__none,none,none,87b361e38d3a033e0147,0,0,0,0.9046482443809509,0.09535177797079086
PETS_CREDIT_high_eff_su2_r5_d6_b03__none,none,none,10adaa08b0205f280a31,0,1,0,0.8439045548439026,0.1560954451560974
PETS_CREDIT_high_eff_su2_r5_d6_b03__none,none,none,9d233cff809c5f6dd546,0,1,0,0.6588015556335449,0.34119847416877747
PETS_CREDIT_high_eff_su2_r5_d6_b03__none,none,none,baf60f731977893683c9,0,0,0,0.8770908713340759,0.12290913611650467
PETS_CREDIT_high_eff_su2_r5_d6_b03__none,none,none,91f87ca67e3c04007486,0,1,0,0.963890790939331,0.03610929846763611
PETS_CREDIT_high_eff_su2_r5_d6_b03__none,none,none,8273cd051f4f3c543c72,0,0,0,0.7438184022903442,0.2561816871166229
PETS_CREDIT_high_eff_su2_r5_d6_b03__none,none,none,01c60ffe9b042bc05cfc,0,0,0,0.6642853617668152,0.3357146680355072
PETS_CREDIT_high_eff_su2_r5_d6_b03__none,none,none,da5f5efb7790004fff98,0,1,0,0.8413049578666687,0.15869510173797607
PETS_CREDIT_high_eff_su2_r5_d6_b03__none,none,none,d545cdd659f37acdba6c,0,1,0,0.9279078245162964,0.07209216803312302
PETS_CREDIT_high_eff_su2_r5_d6_b03__none,none,none,3e5959b02df8356effc1,0,0,0,0.9040360450744629,0.09596395492553711
PETS_CREDIT_high_eff_su2_r5_d6_b03__none,none,none,236eaf6e697017b75006,0,0,0,0.6086525917053223,0.3913474380970001
PETS_CREDIT_high_eff_su2_r5_d6_b03__none,none,none,2ca770f234439727c33f,0,0,0,0.8209362030029297,0.1790637969970703
PETS_CREDIT_high_eff_su2_r5_d6_b03__none,none,none,9fe9252c0b576d892b50,0,0,0,0.9531378149986267,0.0468621626496315
PETS_CREDIT_high_eff_su2_r5_d6_b03__none,none,none,f22d9a5133c174dae56c,0,0,1,0.23659726977348328,0.7634027004241943
PETS_CREDIT_high_eff_su2_r5_d6_b03__none,none,none,02d132ee580866ee41a8,0,0,0,0.9872292280197144,0.012770741246640682
PETS_CREDIT_high_eff_su2_r5_d6_b03__none,none,none,323bc2b7ded81007c10b,0,0,0,0.9809340834617615,0.019065923988819122
PETS_CREDIT_high_eff_su2_r5_d6_b03__none,none,none,7eb02391460879bfe425,0,1,1,0.3741961717605591,0.6258038282394409
PETS_CREDIT_high_eff_su2_r5_d6_b03__none,none,none,8023a2850646517888f6,0,0,0,0.9923444390296936,0.007655549328774214
PETS_CREDIT_high_eff_su2_r5_d6_b03__none,none,none,c80e702330688e6c3640,0,0,0,0.5320996046066284,0.4679003655910492
PETS_CREDIT_high_eff_su2_r5_d6_b03__none,none,none,3e01576c4964ce1df77e,0,0,0,0.7758572101593018,0.22414283454418182
PETS_CREDIT_high_eff_su2_r5_d6_b03__none,none,none,d8bd80969a4223b1746d,0,0,0,0.9085681438446045,0.09143185615539551
PETS_CREDIT_high_eff_su2_r5_d6_b03__none,none,none,c98e7a188d21f2d4c7c5,0,0,1,0.43257269263267517,0.5674272775650024
PETS_CREDIT_high_eff_su2_r5_d6_b03__none,none,none,a53b6f24d57097d0166f,0,0,0,0.8324810266494751,0.1675189882516861
PETS_CREDIT_high_eff_su2_r5_d6_b03__none,none,none,8b702b29b3bba3c0c011,0,0,0,0.8999984860420227,0.1000014990568161
PETS_CREDIT_high_eff_su2_r5_d6_b03__none,none,none,5808218040029ad54abc,0,0,0,0.9069945812225342,0.09300535172224045
PETS_CREDIT_high_eff_su2_r5_d6_b03__none,none,none,2cdf0f49b2642481ca8f,0,1,0,0.9906427264213562,0.009357255883514881
PETS_CREDIT_high_eff_su2_r5_d6_b03__none,none,none,d8141fe3b07ab69c0481,0,0,0,0.5860816240310669,0.4139183759689331
PETS_CREDIT_high_eff_su2_r5_d6_b03__none,none,none,a2d2d92e2ba800faa946,0,1,1,0.2518261969089508,0.7481738328933716
PETS_CREDIT_high_eff_su2_r5_d6_b03__none,none,none,657f767276025ad88617,0,0,0,0.8667385578155518,0.13326144218444824
PETS_CREDIT_high_eff_su2_r5_d6_b03__none,none,none,21cc40e171d11484f55e,0,0,0,0.8849081993103027,0.1150917336344719
PETS_CREDIT_high_eff_su2_r5_d6_b03__none,none,none,68458c3065d2ff08346a,0,0,0,0.6896663904190063,0.31033363938331604
PETS_CREDIT_high_eff_su2_r5_d6_b03__none,none,none,b690772de8eb14084d30,0,1,0,0.7765633463859558,0.22343669831752777
PETS_CREDIT_high_eff_su2_r5_d6_b03__none,none,none,0f0ec6f2889f1d9d2876,0,0,0,0.9935699105262756,0.006430169567465782
PETS_CREDIT_high_eff_su2_r5_d6_b03__none,none,none,18bbbff1da0a4760b6ff,0,0,0,0.8717840909957886,0.12821587920188904
PETS_CREDIT_high_eff_su2_r5_d6_b03__none,none,none,5718ce19a4a1c640caac,0,0,0,0.9202053546905518,0.07979457825422287
PETS_CREDIT_high_eff_su2_r5_d6_b03__none,none,none,5c1eaee6580358b55afc,0,0,0,0.5307562947273254,0.46924370527267456
PETS_CREDIT_high_eff_su2_r5_d6_b03__none,none,none,0835edef9bf74dc85154,0,1,0,0.8732230067253113,0.1267770528793335
PETS_CREDIT_high_eff_su2_r5_d6_b03__none,none,none,05e7a2529d248075df48,0,0,0,0.5999022722244263,0.40009772777557373
PETS_CREDIT_high_eff_su2_r5_d6_b03__none,none,none,71f1648b8b8cb6d1277e,0,0,0,0.9435205459594727,0.05647945776581764
PETS_CREDIT_high_eff_su2_r5_d6_b03__none,none,none,cb39c23acaa500033ed0,0,0,0,0.9490094780921936,0.050990570336580276
PETS_CREDIT_high_eff_su2_r5_d6_b03__none,none,none,c55786a9941cc04c9348,0,0,1,0.3347751796245575,0.6652247905731201
PETS_CREDIT_high_eff_su2_r5_d6_b03__none,none,none,cc92f2b4b36f95de3e7f,0,0,0,0.762925922870636,0.23707404732704163
PETS_CREDIT_high_eff_su2_r5_d6_b03__none,none,none,4c3cfe1fe9e491bb9c0e,0,1,0,0.6920214891433716,0.3079785108566284
PETS_CREDIT_high_eff_su2_r5_d6_b03__none,none,none,fa91758004730bf9cef8,0,1,0,0.781799852848053,0.21820016205310822
PETS_CREDIT_high_eff_su2_r5_d6_b03__none,none,none,b78fcdfd9fe43578fef1,0,0,0,0.9960059523582458,0.003994018770754337
PETS_CREDIT_high_eff_su2_r5_d6_b03__none,none,none,27103d15734219f0d343,0,0,0,0.9058793783187866,0.09412062913179398
PETS_CREDIT_high_eff_su2_r5_d6_b03__none,none,none,36f760028306a12bff25,0,0,0,0.8151094317436218,0.18489056825637817
PETS_CREDIT_high_eff_su2_r5_d6_b03__none,none,dynanoise,619b46d6086e6aad3d84,1,0,0,0.5750511288642883,0.42494890093803406
PETS_CREDIT_high_eff_su2_r5_d6_b03__none,none,dynanoise,5e48c11768cb070aefe6,1,0,0,0.5379310846328735,0.4620688855648041
PETS_CREDIT_high_eff_su2_r5_d6_b03__none,none,dynanoise,7105743f10682ac4a1cc,1,0,0,0.5858837962150574,0.4141162037849426
PETS_CREDIT_high_eff_su2_r5_d6_b03__none,none,dynanoise,272c38b1ecd099be7890,1,0,0,0.5111281871795654,0.4888717830181122
PETS_CREDIT_high_eff_su2_r5_d6_b03__none,none,dynanoise,6f47824d3363865de61a,1,0,1,0.46440809965133667,0.5355919003486633
PETS_CREDIT_high_eff_su2_r5_d6_b03__none,none,dynanoise,b0f47ae4b56b3aa4d111,1,1,1,0.43278375267982483,0.5672162175178528
PETS_CREDIT_high_eff_su2_r5_d6_b03__none,none,dynanoise,f073d35785cf76f1409c,1,0,0,0.5515197515487671,0.4484802186489105
PETS_CREDIT_high_eff_su2_r5_d6_b03__none,none,dynanoise,01e7168ae2a624ff9916,1,1,1,0.4255704879760742,0.5744295120239258
PETS_CREDIT_high_eff_su2_r5_d6_b03__none,none,dynanoise,1c7eb9e50fc08e5f8cf0,1,1,0,0.5598574876785278,0.44014254212379456
PETS_CREDIT_high_eff_su2_r5_d6_b03__none,none,dynanoise,8f95586c1c6fb3f2a750,1,0,0,0.5508018732070923,0.4491981267929077
PETS_CREDIT_high_eff_su2_r5_d6_b03__none,none,dynanoise,2c2eb339de59d2b86f66,1,0,0,0.5461077690124512,0.4538922607898712
PETS_CREDIT_high_eff_su2_r5_d6_b03__none,none,dynanoise,ab00e756b29c98fd6674,1,0,0,0.5663303136825562,0.43366965651512146
PETS_CREDIT_high_eff_su2_r5_d6_b03__none,none,dynanoise,70d271c728323ea28d90,1,0,0,0.579043447971344,0.4209565222263336
PETS_CREDIT_high_eff_su2_r5_d6_b03__none,none,dynanoise,69ef03b5c6f4f7ecef33,1,0,0,0.5524706244468689,0.4475293457508087
PETS_CREDIT_high_eff_su2_r5_d6_b03__none,none,dynanoise,eb849709f12c60edd50b,1,0,0,0.5637996196746826,0.436200350522995
PETS_CREDIT_high_eff_su2_r5_d6_b03__none,none,dynanoise,ab97fae957e08270ffce,1,1,0,0.5265671014785767,0.47343286871910095
PETS_CREDIT_high_eff_su2_r5_d6_b03__none,none,dynanoise,e07f107ec2deef516f4f,1,0,0,0.5988293290138245,0.4011707007884979
PETS_CREDIT_high_eff_su2_r5_d6_b03__none,none,dynanoise,88b1c0733571d25bdfa5,1,0,0,0.5787893533706665,0.4212106764316559
PETS_CREDIT_high_eff_su2_r5_d6_b03__none,none,dynanoise,b84ff32b3c14263b0dd5,1,0,1,0.4774942100048065,0.5225058197975159
PETS_CREDIT_high_eff_su2_r5_d6_b03__none,none,dynanoise,9fc5fbe55717fe6862a4,1,1,0,0.5098775029182434,0.4901224970817566
PETS_CREDIT_high_eff_su2_r5_d6_b03__none,none,dynanoise,9eb158e3cbe5bc901e26,1,0,0,0.5532642602920532,0.4467357397079468
PETS_CREDIT_high_eff_su2_r5_d6_b03__none,none,dynanoise,09c28941e61886717e09,1,0,1,0.497385710477829,0.5026143193244934
PETS_CREDIT_high_eff_su2_r5_d6_b03__none,none,dynanoise,196d92dfff0523a23237,1,0,0,0.5650951862335205,0.4349048435688019
PETS_CREDIT_high_eff_su2_r5_d6_b03__none,none,dynanoise,0ffd3e39286157b02ad4,1,0,0,0.5119830965995789,0.48801693320274353
PETS_CREDIT_high_eff_su2_r5_d6_b03__none,none,dynanoise,25bed8f88a506c4cc366,1,0,1,0.4670417308807373,0.5329582691192627
PETS_CREDIT_high_eff_su2_r5_d6_b03__none,none,dynanoise,a62d80fa1349c54517ce,1,0,0,0.6228877902030945,0.3771122097969055
PETS_CREDIT_high_eff_su2_r5_d6_b03__none,none,dynanoise,08a6c27fcb32f81ff375,1,0,0,0.5381166338920593,0.4618833661079407
PETS_CREDIT_high_eff_su2_r5_d6_b03__none,none,dynanoise,26f8e0268dd95cba45fd,1,0,0,0.528126060962677,0.4718739688396454
PETS_CREDIT_high_eff_su2_r5_d6_b03__none,none,dynanoise,f332cc500c7a62b19024,1,0,0,0.5666738748550415,0.4333260953426361
PETS_CREDIT_high_eff_su2_r5_d6_b03__none,none,dynanoise,bfa7b1aca5d187760a16,1,0,0,0.5548751950263977,0.4451248049736023
PETS_CREDIT_high_eff_su2_r5_d6_b03__none,none,dynanoise,d1d396dc69ac0aeade66,1,0,0,0.5372382998466492,0.46276170015335083
PETS_CREDIT_high_eff_su2_r5_d6_b03__none,none,dynanoise,092efc45ab978715a8fa,1,0,0,0.5346742868423462,0.4653257131576538
PETS_CREDIT_high_eff_su2_r5_d6_b03__none,none,dynanoise,d8e3c3c718aea110b2d9,1,1,1,0.49861082434654236,0.50138920545578
PETS_CREDIT_high_eff_su2_r5_d6_b03__none,none,dynanoise,2c3058336909d855b1f0,1,0,0,0.5529763102531433,0.4470237195491791
PETS_CREDIT_high_eff_su2_r5_d6_b03__none,none,dynanoise,006df97946d214e0111f,1,1,0,0.5298706293106079,0.4701293706893921
PETS_CREDIT_high_eff_su2_r5_d6_b03__none,none,dynanoise,4b8fbfef25d81e60d4a6,1,0,0,0.5079557299613953,0.49204427003860474
PETS_CREDIT_high_eff_su2_r5_d6_b03__none,none,dynanoise,5cb75d859aa2d3df94b0,1,0,0,0.6581622362136841,0.34183773398399353
PETS_CREDIT_high_eff_su2_r5_d6_b03__none,none,dynanoise,82d40bd4122f5c76cdfb,1,0,1,0.4900442659854889,0.5099557042121887
PETS_CREDIT_high_eff_su2_r5_d6_b03__none,none,dynanoise,f05df67fe5ac7ed38643,1,1,1,0.47777339816093445,0.5222266316413879
PETS_CREDIT_high_eff_su2_r5_d6_b03__none,none,dynanoise,0772d1e68bccea98e68f,1,0,0,0.6567700505256653,0.3432299494743347
PETS_CREDIT_high_eff_su2_r5_d6_b03__none,none,dynanoise,a1b01a469dc7802f51d3,1,0,0,0.6279499530792236,0.37205007672309875
PETS_CREDIT_high_eff_su2_r5_d6_b03__none,none,dynanoise,108acbd92e651db6ac49,1,1,1,0.42535385489463806,0.5746461749076843
PETS_CREDIT_high_eff_su2_r5_d6_b03__none,none,dynanoise,c75c31af2389cc3a594f,1,0,0,0.5024651885032654,0.49753478169441223
PETS_CREDIT_high_eff_su2_r5_d6_b03__none,none,dynanoise,2379dd478643b9cc0bc1,1,0,0,0.5572827458381653,0.4427172839641571
PETS_CREDIT_high_eff_su2_r5_d6_b03__none,none,dynanoise,7673e8a0f0b037cc51e5,1,0,0,0.6394660472869873,0.3605339825153351
PETS_CREDIT_high_eff_su2_r5_d6_b03__none,none,dynanoise,7c7fe88dcec806be29da,1,0,0,0.5329700708389282,0.4670298993587494
PETS_CREDIT_high_eff_su2_r5_d6_b03__none,none,dynanoise,07d4d260e30d7cf5b71f,1,0,0,0.5420089364051819,0.4579910635948181
PETS_CREDIT_high_eff_su2_r5_d6_b03__none,none,dynanoise,d75c3e52dbcaf5a5ec2a,1,0,0,0.5417261123657227,0.45827385783195496
PETS_CREDIT_high_eff_su2_r5_d6_b03__none,none,dynanoise,d2c3d34fb102babfa194,1,1,1,0.49556615948677063,0.504433810710907
PETS_CREDIT_high_eff_su2_r5_d6_b03__none,none,dynanoise,92516ca36411fad7d9c9,1,0,0,0.6065221428871155,0.3934778869152069
PETS_CREDIT_high_eff_su2_r5_d6_b03__none,none,dynanoise,1dd9f8371cdcaa1758b3,1,0,0,0.5916210412979126,0.4083789885044098
PETS_CREDIT_high_eff_su2_r5_d6_b03__none,none,dynanoise,8fe0ac3103b5acc00cdc,1,0,0,0.5672145485877991,0.4327854812145233
PETS_CREDIT_high_eff_su2_r5_d6_b03__none,none,dynanoise,c3a59fc71e20658f6341,1,0,0,0.5495455265045166,0.4504545032978058
PETS_CREDIT_high_eff_su2_r5_d6_b03__none,none,dynanoise,434123980ae7f6c38b02,1,0,0,0.5277810096740723,0.47221899032592773
PETS_CREDIT_high_eff_su2_r5_d6_b03__none,none,dynanoise,6bf07a3ff23f9e3249c5,1,1,1,0.48805370926856995,0.5119463205337524
PETS_CREDIT_high_eff_su2_r5_d6_b03__none,none,dynanoise,e030c0aa4ae0f1011f2f,1,1,1,0.48833855986595154,0.5116614699363708
PETS_CREDIT_high_eff_su2_r5_d6_b03__none,none,dynanoise,8120fa8a41158dba642d,1,0,0,0.6193430423736572,0.38065698742866516
PETS_CREDIT_high_eff_su2_r5_d6_b03__none,none,dynanoise,66fa33821884d4568b02,1,1,1,0.46977630257606506,0.5302237272262573
PETS_CREDIT_high_eff_su2_r5_d6_b03__none,none,dynanoise,ae1704e8283a10912765,1,0,0,0.5218828916549683,0.4781171381473541
PETS_CREDIT_high_eff_su2_r5_d6_b03__none,none,dynanoise,72bf8a475d5aa5538cd3,1,0,0,0.5440566539764404,0.4559433162212372
PETS_CREDIT_high_eff_su2_r5_d6_b03__none,none,dynanoise,c4b2c9357254e51af6a9,1,1,0,0.5085485577583313,0.4914514124393463
PETS_CREDIT_high_eff_su2_r5_d6_b03__none,none,dynanoise,4def6ca8e27be84aeb54,1,1,0,0.6026917099952698,0.39730826020240784
PETS_CREDIT_high_eff_su2_r5_d6_b03__none,none,dynanoise,a5b1091e7ec67f7a06ed,1,0,0,0.5222642421722412,0.4777357280254364
PETS_CREDIT_high_eff_su2_r5_d6_b03__none,none,dynanoise,daf2c33eb0f2b7518584,1,0,0,0.6515871286392212,0.3484128415584564
PETS_CREDIT_high_eff_su2_r5_d6_b03__none,none,dynanoise,6e144bf85d42e3ac6fae,1,0,0,0.5820510983467102,0.4179489314556122
PETS_CREDIT_high_eff_su2_r5_d6_b03__none,none,dynanoise,f97851146238bb9a3754,1,0,0,0.5689107775688171,0.4310891926288605
PETS_CREDIT_high_eff_su2_r5_d6_b03__none,none,dynanoise,5d21e75cb6066696e6e2,1,0,0,0.6616887450218201,0.3383112847805023
PETS_CREDIT_high_eff_su2_r5_d6_b03__none,none,dynanoise,4aa64c627cb9b82d7f42,1,0,0,0.5798544883728027,0.42014551162719727
PETS_CREDIT_high_eff_su2_r5_d6_b03__none,none,dynanoise,c50e57ca37a497df3a13,1,0,0,0.6560779809951782,0.34392204880714417
PETS_CREDIT_high_eff_su2_r5_d6_b03__none,none,dynanoise,c0daa10532a8487ca803,1,1,1,0.4732891023159027,0.5267108678817749
PETS_CREDIT_high_eff_su2_r5_d6_b03__none,none,dynanoise,00405a37dd709b2d51a8,1,0,0,0.5273469686508179,0.4726530909538269
PETS_CREDIT_high_eff_su2_r5_d6_b03__none,none,dynanoise,5f9c02f5ec03a28e4f53,1,0,1,0.4872007369995117,0.5127993226051331
PETS_CREDIT_high_eff_su2_r5_d6_b03__none,none,dynanoise,ac5f40db5db91c18a83b,1,0,0,0.5486237406730652,0.4513763189315796
PETS_CREDIT_high_eff_su2_r5_d6_b03__none,none,dynanoise,5584930e99aa4007d628,1,0,0,0.5441316366195679,0.45586836338043213
PETS_CREDIT_high_eff_su2_r5_d6_b03__none,none,dynanoise,0674ce029ebb21d32e38,1,0,0,0.5510320067405701,0.44896796345710754
PETS_CREDIT_high_eff_su2_r5_d6_b03__none,none,dynanoise,6c0e663b6848864dc914,1,0,0,0.569712221622467,0.43028780817985535
PETS_CREDIT_high_eff_su2_r5_d6_b03__none,none,dynanoise,7ce1135db7560daf7e70,1,0,0,0.5297012329101562,0.47029876708984375
PETS_CREDIT_high_eff_su2_r5_d6_b03__none,none,dynanoise,70e46e61db439dd8e308,1,0,0,0.5471026301383972,0.45289739966392517
PETS_CREDIT_high_eff_su2_r5_d6_b03__none,none,dynanoise,aaca4c9adb936209ae4f,1,1,0,0.521697461605072,0.47830259799957275
PETS_CREDIT_high_eff_su2_r5_d6_b03__none,none,dynanoise,3ac7ac4bc65a6ffec899,1,0,0,0.5356112718582153,0.46438872814178467
PETS_CREDIT_high_eff_su2_r5_d6_b03__none,none,dynanoise,c536d8f2ff559c7756e7,1,1,0,0.5321534276008606,0.4678466022014618
PETS_CREDIT_high_eff_su2_r5_d6_b03__none,none,dynanoise,16e3ff8c6f696f231824,1,0,0,0.6125319004058838,0.3874680995941162
PETS_CREDIT_high_eff_su2_r5_d6_b03__none,none,dynanoise,dba69027df0122535f19,1,0,0,0.5661192536354065,0.4338807463645935
PETS_CREDIT_high_eff_su2_r5_d6_b03__none,none,dynanoise,973b363916938dbaaf31,1,0,0,0.5446664690971375,0.45533350110054016
PETS_CREDIT_high_eff_su2_r5_d6_b03__none,none,dynanoise,6ea2a519a69c09016323,1,1,1,0.46902504563331604,0.5309749841690063
PETS_CREDIT_high_eff_su2_r5_d6_b03__none,none,dynanoise,26b6a5da65cdaeb8e184,1,0,0,0.518095076084137,0.48190489411354065
PETS_CREDIT_high_eff_su2_r5_d6_b03__none,none,dynanoise,c053f623dd8f2bfb7915,1,0,0,0.637307345867157,0.36269262433052063
PETS_CREDIT_high_eff_su2_r5_d6_b03__none,none,dynanoise,0a09121dee0e5db09dfe,1,0,0,0.5149480104446411,0.4850519597530365
PETS_CREDIT_high_eff_su2_r5_d6_b03__none,none,dynanoise,22730a71b34176a3ba37,1,0,0,0.6228808164596558,0.37711918354034424
PETS_CREDIT_high_eff_su2_r5_d6_b03__none,none,dynanoise,6af56a8b2e15acc1e086,1,1,1,0.4626569449901581,0.5373430252075195
PETS_CREDIT_high_eff_su2_r5_d6_b03__none,none,dynanoise,a6dfd0dc4ba32e6c00e6,1,0,0,0.5886333584785461,0.41136664152145386
PETS_CREDIT_high_eff_su2_r5_d6_b03__none,none,dynanoise,a5628044ec0880a52490,1,0,0,0.5034622550010681,0.4965377449989319
PETS_CREDIT_high_eff_su2_r5_d6_b03__none,none,dynanoise,4cfea97c73e6dbfbc698,1,0,0,0.5920888781547546,0.40791115164756775
PETS_CREDIT_high_eff_su2_r5_d6_b03__none,none,dynanoise,32babcc385bd70eddb90,1,0,0,0.5472891330718994,0.4527108371257782
PETS_CREDIT_high_eff_su2_r5_d6_b03__none,none,dynanoise,6093ce809aa33ce6693b,1,0,0,0.5455234050750732,0.45447662472724915
PETS_CREDIT_high_eff_su2_r5_d6_b03__none,none,dynanoise,78edbc6916b12b570866,1,1,1,0.4690306484699249,0.5309693813323975
PETS_CREDIT_high_eff_su2_r5_d6_b03__none,none,dynanoise,14865093b1485a5c3a41,1,1,0,0.565748929977417,0.4342511296272278
PETS_CREDIT_high_eff_su2_r5_d6_b03__none,none,dynanoise,46dbe6ca2f4531385a05,1,0,0,0.5460991263389587,0.45390090346336365
PETS_CREDIT_high_eff_su2_r5_d6_b03__none,none,dynanoise,c9e5785745f04cec0d37,1,0,0,0.5446624755859375,0.4553375840187073
PETS_CREDIT_high_eff_su2_r5_d6_b03__none,none,dynanoise,1313972ddf1c6e9eb2c9,1,0,0,0.5467251539230347,0.45327484607696533
PETS_CREDIT_high_eff_su2_r5_d6_b03__none,none,dynanoise,42e9f06773aa97fa92d4,0,0,0,0.5962389707565308,0.4037610590457916
PETS_CREDIT_high_eff_su2_r5_d6_b03__none,none,dynanoise,7bfb843a13cff05233ad,0,0,0,0.533123254776001,0.4668767750263214
PETS_CREDIT_high_eff_su2_r5_d6_b03__none,none,dynanoise,2218e6bd75832a43d007,0,0,0,0.5577725172042847,0.4422275125980377
PETS_CREDIT_high_eff_su2_r5_d6_b03__none,none,dynanoise,9bfd22e983b09efc4239,0,0,0,0.5258482098579407,0.4741517901420593
PETS_CREDIT_high_eff_su2_r5_d6_b03__none,none,dynanoise,34bfadccd6d7f30d94a1,0,0,0,0.5575348734855652,0.4424651861190796
PETS_CREDIT_high_eff_su2_r5_d6_b03__none,none,dynanoise,5f861fea617a3ee7da16,0,1,0,0.5514876842498779,0.44851234555244446
PETS_CREDIT_high_eff_su2_r5_d6_b03__none,none,dynanoise,3b2a390113c4d06485dc,0,0,1,0.4382835030555725,0.5617164969444275
PETS_CREDIT_high_eff_su2_r5_d6_b03__none,none,dynanoise,f1d5fbea8d8fc197f689,0,1,1,0.4888497591018677,0.5111502408981323
PETS_CREDIT_high_eff_su2_r5_d6_b03__none,none,dynanoise,a55e7f353f00168e8f2a,0,1,0,0.5574705004692078,0.44252946972846985
PETS_CREDIT_high_eff_su2_r5_d6_b03__none,none,dynanoise,7b2b85015deb930a73bd,0,0,1,0.46692362427711487,0.5330764055252075
PETS_CREDIT_high_eff_su2_r5_d6_b03__none,none,dynanoise,7990ceff4d0c77eeca8b,0,0,0,0.52018803358078,0.47981196641921997
PETS_CREDIT_high_eff_su2_r5_d6_b03__none,none,dynanoise,4194c2831bd65263a55f,0,0,0,0.5146504640579224,0.48534950613975525
PETS_CREDIT_high_eff_su2_r5_d6_b03__none,none,dynanoise,89b5beeaae443f174906,0,0,0,0.5608523488044739,0.4391476809978485
PETS_CREDIT_high_eff_su2_r5_d6_b03__none,none,dynanoise,c9b90a5a5aabbbda656e,0,0,0,0.5320389866828918,0.46796101331710815
PETS_CREDIT_high_eff_su2_r5_d6_b03__none,none,dynanoise,45e249d80792feb4d2d2,0,0,0,0.5011305809020996,0.4988694190979004
PETS_CREDIT_high_eff_su2_r5_d6_b03__none,none,dynanoise,ac4bb9f68cc026f7ef87,0,1,0,0.6655229330062866,0.33447709679603577
PETS_CREDIT_high_eff_su2_r5_d6_b03__none,none,dynanoise,2f4ee8e91be4e65736a4,0,0,0,0.5672262907028198,0.43277373909950256
PETS_CREDIT_high_eff_su2_r5_d6_b03__none,none,dynanoise,48db4133c9bf431ebe79,0,0,0,0.51014643907547,0.48985356092453003
PETS_CREDIT_high_eff_su2_r5_d6_b03__none,none,dynanoise,25773551baf095668618,0,0,0,0.6843076944351196,0.315692275762558
PETS_CREDIT_high_eff_su2_r5_d6_b03__none,none,dynanoise,a5648815fec59cd1c995,0,1,1,0.46368393301963806,0.5363160967826843
PETS_CREDIT_high_eff_su2_r5_d6_b03__none,none,dynanoise,d5e3f577c74cd5bde9ef,0,0,1,0.44363540410995483,0.5563645958900452
PETS_CREDIT_high_eff_su2_r5_d6_b03__none,none,dynanoise,90aa3dc827baf03a0b7f,0,0,0,0.5334448218345642,0.4665551483631134
PETS_CREDIT_high_eff_su2_r5_d6_b03__none,none,dynanoise,a4ed03b502889d9468c9,0,0,0,0.5856218338012695,0.4143781363964081
PETS_CREDIT_high_eff_su2_r5_d6_b03__none,none,dynanoise,72382fc3b364c3c36162,0,0,0,0.559441864490509,0.44055816531181335
PETS_CREDIT_high_eff_su2_r5_d6_b03__none,none,dynanoise,9214bdad11cf5b0f5788,0,0,0,0.5967371463775635,0.4032628536224365
PETS_CREDIT_high_eff_su2_r5_d6_b03__none,none,dynanoise,b224dfc19404bbda9ee4,0,0,1,0.4735729694366455,0.5264270305633545
PETS_CREDIT_high_eff_su2_r5_d6_b03__none,none,dynanoise,150e2fdbb7bdebe9ab21,0,0,0,0.6083928346633911,0.3916071653366089
PETS_CREDIT_high_eff_su2_r5_d6_b03__none,none,dynanoise,e81e235b5be50fce8ed4,0,0,0,0.5944701433181763,0.4055298864841461
PETS_CREDIT_high_eff_su2_r5_d6_b03__none,none,dynanoise,a6f8faff37efe9eca5fe,0,0,0,0.5816061496734619,0.4183938503265381
PETS_CREDIT_high_eff_su2_r5_d6_b03__none,none,dynanoise,444967b541f184305a6c,0,0,0,0.5276235342025757,0.4723764955997467
PETS_CREDIT_high_eff_su2_r5_d6_b03__none,none,dynanoise,b3648943abce0512f994,0,0,0,0.5801195502281189,0.4198804199695587
PETS_CREDIT_high_eff_su2_r5_d6_b03__none,none,dynanoise,f55dd0075c038f761436,0,0,0,0.5428456664085388,0.4571543335914612
PETS_CREDIT_high_eff_su2_r5_d6_b03__none,none,dynanoise,19eaeaae64289dba8ce8,0,1,1,0.46517446637153625,0.5348255634307861
PETS_CREDIT_high_eff_su2_r5_d6_b03__none,none,dynanoise,9af74acc6cc7a48f4fd9,0,0,0,0.5580717921257019,0.4419282078742981
PETS_CREDIT_high_eff_su2_r5_d6_b03__none,none,dynanoise,e26cf49baf1a8f2a6289,0,1,1,0.445932537317276,0.5540674924850464
PETS_CREDIT_high_eff_su2_r5_d6_b03__none,none,dynanoise,4010d1d0fc60044b7e83,0,0,0,0.5856159925460815,0.41438403725624084
PETS_CREDIT_high_eff_su2_r5_d6_b03__none,none,dynanoise,6146ee4e50398bd2590b,0,0,1,0.4365563690662384,0.563443660736084
PETS_CREDIT_high_eff_su2_r5_d6_b03__none,none,dynanoise,17405c31370c8de7f8b8,0,0,0,0.6127112507820129,0.3872887194156647
PETS_CREDIT_high_eff_su2_r5_d6_b03__none,none,dynanoise,471df40f4bdddddc09ec,0,1,0,0.5193843841552734,0.48061561584472656
PETS_CREDIT_high_eff_su2_r5_d6_b03__none,none,dynanoise,b38c56a4fffe98b7efc8,0,0,0,0.569926381111145,0.430073618888855
PETS_CREDIT_high_eff_su2_r5_d6_b03__none,none,dynanoise,69c16449e008d39bb994,0,0,0,0.5324475169181824,0.46755251288414
PETS_CREDIT_high_eff_su2_r5_d6_b03__none,none,dynanoise,0748c8ca29b369b66e6f,0,1,0,0.663404107093811,0.33659592270851135
PETS_CREDIT_high_eff_su2_r5_d6_b03__none,none,dynanoise,da3092a0e04488fc3d83,0,0,0,0.6552941799163818,0.3447057902812958
PETS_CREDIT_high_eff_su2_r5_d6_b03__none,none,dynanoise,74cb3d94d7d3fcb0963b,0,0,0,0.612442135810852,0.38755786418914795
PETS_CREDIT_high_eff_su2_r5_d6_b03__none,none,dynanoise,3c4479d085b1b0ae10d8,0,0,0,0.5151275992393494,0.484872430562973
PETS_CREDIT_high_eff_su2_r5_d6_b03__none,none,dynanoise,5960e131d3cbd3ac2bd9,0,0,0,0.5037156939506531,0.49628427624702454
PETS_CREDIT_high_eff_su2_r5_d6_b03__none,none,dynanoise,3122b20f9c469ddb4810,0,0,0,0.524890661239624,0.475109338760376
PETS_CREDIT_high_eff_su2_r5_d6_b03__none,none,dynanoise,5f5253b7ee72fa683082,0,0,0,0.5308350920677185,0.4691649079322815
PETS_CREDIT_high_eff_su2_r5_d6_b03__none,none,dynanoise,2478313b949e4a19fec5,0,1,1,0.4846281409263611,0.5153718590736389
PETS_CREDIT_high_eff_su2_r5_d6_b03__none,none,dynanoise,6803403d6e57131ab879,0,0,0,0.6054101586341858,0.3945898115634918
PETS_CREDIT_high_eff_su2_r5_d6_b03__none,none,dynanoise,5628f53706485c5a34f9,0,0,0,0.5356940627098083,0.46430596709251404
PETS_CREDIT_high_eff_su2_r5_d6_b03__none,none,dynanoise,e3aa42e9baae40909b2c,0,0,0,0.5163094997406006,0.4836905300617218
PETS_CREDIT_high_eff_su2_r5_d6_b03__none,none,dynanoise,50a0be37bf2f275bd4d6,0,0,0,0.5252525806427002,0.4747474491596222
PETS_CREDIT_high_eff_su2_r5_d6_b03__none,none,dynanoise,87b361e38d3a033e0147,0,0,0,0.5752701163291931,0.4247298836708069
PETS_CREDIT_high_eff_su2_r5_d6_b03__none,none,dynanoise,10adaa08b0205f280a31,0,1,0,0.507882833480835,0.49211716651916504
PETS_CREDIT_high_eff_su2_r5_d6_b03__none,none,dynanoise,9d233cff809c5f6dd546,0,1,0,0.5326484441757202,0.4673515856266022
PETS_CREDIT_high_eff_su2_r5_d6_b03__none,none,dynanoise,baf60f731977893683c9,0,0,0,0.5484799146652222,0.4515201151371002
PETS_CREDIT_high_eff_su2_r5_d6_b03__none,none,dynanoise,91f87ca67e3c04007486,0,1,0,0.5576051473617554,0.44239485263824463
PETS_CREDIT_high_eff_su2_r5_d6_b03__none,none,dynanoise,8273cd051f4f3c543c72,0,0,1,0.4939437806606293,0.5060561895370483
PETS_CREDIT_high_eff_su2_r5_d6_b03__none,none,dynanoise,01c60ffe9b042bc05cfc,0,0,0,0.5301540493965149,0.4698459506034851
PETS_CREDIT_high_eff_su2_r5_d6_b03__none,none,dynanoise,da5f5efb7790004fff98,0,1,0,0.512854814529419,0.48714524507522583
PETS_CREDIT_high_eff_su2_r5_d6_b03__none,none,dynanoise,d545cdd659f37acdba6c,0,1,0,0.566687285900116,0.4333127439022064
PETS_CREDIT_high_eff_su2_r5_d6_b03__none,none,dynanoise,3e5959b02df8356effc1,0,0,0,0.581160843372345,0.41883915662765503
PETS_CREDIT_high_eff_su2_r5_d6_b03__none,none,dynanoise,236eaf6e697017b75006,0,0,0,0.5034595727920532,0.4965404272079468
PETS_CREDIT_high_eff_su2_r5_d6_b03__none,none,dynanoise,2ca770f234439727c33f,0,0,0,0.5637196898460388,0.43628033995628357
PETS_CREDIT_high_eff_su2_r5_d6_b03__none,none,dynanoise,9fe9252c0b576d892b50,0,0,0,0.5473009943962097,0.45269906520843506
PETS_CREDIT_high_eff_su2_r5_d6_b03__none,none,dynanoise,f22d9a5133c174dae56c,0,0,0,0.5132721066474915,0.48672789335250854
PETS_CREDIT_high_eff_su2_r5_d6_b03__none,none,dynanoise,02d132ee580866ee41a8,0,0,0,0.5735265612602234,0.4264734089374542
PETS_CREDIT_high_eff_su2_r5_d6_b03__none,none,dynanoise,323bc2b7ded81007c10b,0,0,0,0.5978482961654663,0.4021517336368561
PETS_CREDIT_high_eff_su2_r5_d6_b03__none,none,dynanoise,7eb02391460879bfe425,0,1,1,0.493629515171051,0.506370484828949
PETS_CREDIT_high_eff_su2_r5_d6_b03__none,none,dynanoise,8023a2850646517888f6,0,0,0,0.5782572627067566,0.421742707490921
PETS_CREDIT_high_eff_su2_r5_d6_b03__none,none,dynanoise,c80e702330688e6c3640,0,0,0,0.5090949535369873,0.4909050166606903
PETS_CREDIT_high_eff_su2_r5_d6_b03__none,none,dynanoise,3e01576c4964ce1df77e,0,0,0,0.5938499569892883,0.4061500132083893
PETS_CREDIT_high_eff_su2_r5_d6_b03__none,none,dynanoise,d8bd80969a4223b1746d,0,0,0,0.5407134890556335,0.45928654074668884
PETS_CREDIT_high_eff_su2_r5_d6_b03__none,none,dynanoise,c98e7a188d21f2d4c7c5,0,0,0,0.5045775771141052,0.4954224228858948
PETS_CREDIT_high_eff_su2_r5_d6_b03__none,none,dynanoise,a53b6f24d57097d0166f,0,0,0,0.5406042337417603,0.45939576625823975
PETS_CREDIT_high_eff_su2_r5_d6_b03__none,none,dynanoise,8b702b29b3bba3c0c011,0,0,1,0.4943873882293701,0.5056126117706299
PETS_CREDIT_high_eff_su2_r5_d6_b03__none,none,dynanoise,5808218040029ad54abc,0,0,0,0.5225766897201538,0.4774233102798462
PETS_CREDIT_high_eff_su2_r5_d6_b03__none,none,dynanoise,2cdf0f49b2642481ca8f,0,1,0,0.6170670390129089,0.38293299078941345
PETS_CREDIT_high_eff_su2_r5_d6_b03__none,none,dynanoise,d8141fe3b07ab69c0481,0,0,0,0.5325558185577393,0.46744418144226074
PETS_CREDIT_high_eff_su2_r5_d6_b03__none,none,dynanoise,a2d2d92e2ba800faa946,0,1,1,0.4779895544052124,0.5220104455947876
PETS_CREDIT_high_eff_su2_r5_d6_b03__none,none,dynanoise,657f767276025ad88617,0,0,0,0.5425705313682556,0.457429438829422
PETS_CREDIT_high_eff_su2_r5_d6_b03__none,none,dynanoise,21cc40e171d11484f55e,0,0,0,0.527340829372406,0.4726592004299164
PETS_CREDIT_high_eff_su2_r5_d6_b03__none,none,dynanoise,68458c3065d2ff08346a,0,0,0,0.5260357856750488,0.47396424412727356
PETS_CREDIT_high_eff_su2_r5_d6_b03__none,none,dynanoise,b690772de8eb14084d30,0,1,0,0.5340786576271057,0.4659213125705719
PETS_CREDIT_high_eff_su2_r5_d6_b03__none,none,dynanoise,0f0ec6f2889f1d9d2876,0,0,0,0.6520358920097351,0.3479641079902649
PETS_CREDIT_high_eff_su2_r5_d6_b03__none,none,dynanoise,18bbbff1da0a4760b6ff,0,0,0,0.5077309608459473,0.49226900935173035
PETS_CREDIT_high_eff_su2_r5_d6_b03__none,none,dynanoise,5718ce19a4a1c640caac,0,0,0,0.532177746295929,0.46782222390174866
PETS_CREDIT_high_eff_su2_r5_d6_b03__none,none,dynanoise,5c1eaee6580358b55afc,0,0,0,0.5167858600616455,0.4832141399383545
PETS_CREDIT_high_eff_su2_r5_d6_b03__none,none,dynanoise,0835edef9bf74dc85154,0,1,0,0.5553607940673828,0.4446392357349396
PETS_CREDIT_high_eff_su2_r5_d6_b03__none,none,dynanoise,05e7a2529d248075df48,0,0,1,0.47125911712646484,0.5287409424781799
PETS_CREDIT_high_eff_su2_r5_d6_b03__none,none,dynanoise,71f1648b8b8cb6d1277e,0,0,0,0.5681119561195374,0.43188801407814026
PETS_CREDIT_high_eff_su2_r5_d6_b03__none,none,dynanoise,cb39c23acaa500033ed0,0,0,0,0.5498718619346619,0.45012813806533813
PETS_CREDIT_high_eff_su2_r5_d6_b03__none,none,dynanoise,c55786a9941cc04c9348,0,0,0,0.529975175857544,0.47002479434013367
PETS_CREDIT_high_eff_su2_r5_d6_b03__none,none,dynanoise,cc92f2b4b36f95de3e7f,0,0,1,0.492087721824646,0.507912278175354
PETS_CREDIT_high_eff_su2_r5_d6_b03__none,none,dynanoise,4c3cfe1fe9e491bb9c0e,0,1,0,0.526003360748291,0.473996639251709
PETS_CREDIT_high_eff_su2_r5_d6_b03__none,none,dynanoise,fa91758004730bf9cef8,0,1,0,0.567719578742981,0.43228045105934143
PETS_CREDIT_high_eff_su2_r5_d6_b03__none,none,dynanoise,b78fcdfd9fe43578fef1,0,0,0,0.6909686923027039,0.30903133749961853
PETS_CREDIT_high_eff_su2_r5_d6_b03__none,none,dynanoise,27103d15734219f0d343,0,0,0,0.5437350869178772,0.4562649428844452
PETS_CREDIT_high_eff_su2_r5_d6_b03__none,none,dynanoise,36f760028306a12bff25,0,0,0,0.5804316401481628,0.41956833004951477
PETS_CREDIT_high_eff_su2_r5_d6_b03__none,none,hamp_output,619b46d6086e6aad3d84,1,0,0,0.9340876936912537,0.06591232866048813
PETS_CREDIT_high_eff_su2_r5_d6_b03__none,none,hamp_output,5e48c11768cb070aefe6,1,0,0,0.8187323808670044,0.181267648935318
PETS_CREDIT_high_eff_su2_r5_d6_b03__none,none,hamp_output,7105743f10682ac4a1cc,1,0,0,0.9653816819190979,0.0346183255314827
PETS_CREDIT_high_eff_su2_r5_d6_b03__none,none,hamp_output,272c38b1ecd099be7890,1,0,0,0.7404142618179321,0.25958576798439026
PETS_CREDIT_high_eff_su2_r5_d6_b03__none,none,hamp_output,6f47824d3363865de61a,1,0,0,0.7014524340629578,0.29854753613471985
PETS_CREDIT_high_eff_su2_r5_d6_b03__none,none,hamp_output,b0f47ae4b56b3aa4d111,1,1,1,0.32451748847961426,0.6754825115203857
PETS_CREDIT_high_eff_su2_r5_d6_b03__none,none,hamp_output,f073d35785cf76f1409c,1,0,0,0.8671362996101379,0.13286374509334564
PETS_CREDIT_high_eff_su2_r5_d6_b03__none,none,hamp_output,01e7168ae2a624ff9916,1,1,1,0.1909044086933136,0.8090956211090088
PETS_CREDIT_high_eff_su2_r5_d6_b03__none,none,hamp_output,1c7eb9e50fc08e5f8cf0,1,1,0,0.9937584400177002,0.006241559982299805
PETS_CREDIT_high_eff_su2_r5_d6_b03__none,none,hamp_output,8f95586c1c6fb3f2a750,1,0,0,0.7219164967536926,0.278083473443985
PETS_CREDIT_high_eff_su2_r5_d6_b03__none,none,hamp_output,2c2eb339de59d2b86f66,1,0,0,0.6844244003295898,0.31557565927505493
PETS_CREDIT_high_eff_su2_r5_d6_b03__none,none,hamp_output,ab00e756b29c98fd6674,1,0,0,0.9311091303825378,0.06889087706804276
PETS_CREDIT_high_eff_su2_r5_d6_b03__none,none,hamp_output,70d271c728323ea28d90,1,0,0,0.9496599435806274,0.050340086221694946
PETS_CREDIT_high_eff_su2_r5_d6_b03__none,none,hamp_output,69ef03b5c6f4f7ecef33,1,0,0,0.7880786061286926,0.21192142367362976
PETS_CREDIT_high_eff_su2_r5_d6_b03__none,none,hamp_output,eb849709f12c60edd50b,1,0,0,0.761626124382019,0.23837392032146454
PETS_CREDIT_high_eff_su2_r5_d6_b03__none,none,hamp_output,ab97fae957e08270ffce,1,1,0,0.7609603404998779,0.23903967440128326
PETS_CREDIT_high_eff_su2_r5_d6_b03__none,none,hamp_output,e07f107ec2deef516f4f,1,0,0,0.9504900574684143,0.04950988292694092
PETS_CREDIT_high_eff_su2_r5_d6_b03__none,none,hamp_output,88b1c0733571d25bdfa5,1,0,0,0.5568034052848816,0.4431966245174408
PETS_CREDIT_high_eff_su2_r5_d6_b03__none,none,hamp_output,b84ff32b3c14263b0dd5,1,0,0,0.5710028409957886,0.4289971888065338
PETS_CREDIT_high_eff_su2_r5_d6_b03__none,none,hamp_output,9fc5fbe55717fe6862a4,1,1,1,0.004307867027819157,0.9956920742988586
PETS_CREDIT_high_eff_su2_r5_d6_b03__none,none,hamp_output,9eb158e3cbe5bc901e26,1,0,0,0.9869280457496643,0.013072013854980469
PETS_CREDIT_high_eff_su2_r5_d6_b03__none,none,hamp_output,09c28941e61886717e09,1,0,0,0.6519514322280884,0.3480485677719116
PETS_CREDIT_high_eff_su2_r5_d6_b03__none,none,hamp_output,196d92dfff0523a23237,1,0,0,0.9417442083358765,0.05825580656528473
PETS_CREDIT_high_eff_su2_r5_d6_b03__none,none,hamp_output,0ffd3e39286157b02ad4,1,0,0,0.9545142650604248,0.04548569768667221
PETS_CREDIT_high_eff_su2_r5_d6_b03__none,none,hamp_output,25bed8f88a506c4cc366,1,0,0,0.9214978218078613,0.07850219309329987
PETS_CREDIT_high_eff_su2_r5_d6_b03__none,none,hamp_output,a62d80fa1349c54517ce,1,0,0,0.6588426232337952,0.34115737676620483
PETS_CREDIT_high_eff_su2_r5_d6_b03__none,none,hamp_output,08a6c27fcb32f81ff375,1,0,0,0.9330964684486389,0.06690353155136108
PETS_CREDIT_high_eff_su2_r5_d6_b03__none,none,hamp_output,26f8e0268dd95cba45fd,1,0,1,0.01161923073232174,0.9883807897567749
PETS_CREDIT_high_eff_su2_r5_d6_b03__none,none,hamp_output,f332cc500c7a62b19024,1,0,0,0.8948037028312683,0.1051962599158287
PETS_CREDIT_high_eff_su2_r5_d6_b03__none,none,hamp_output,bfa7b1aca5d187760a16,1,0,0,0.9886513948440552,0.011348647065460682
PETS_CREDIT_high_eff_su2_r5_d6_b03__none,none,hamp_output,d1d396dc69ac0aeade66,1,0,0,0.6691651940345764,0.3308348059654236
PETS_CREDIT_high_eff_su2_r5_d6_b03__none,none,hamp_output,092efc45ab978715a8fa,1,0,0,0.9859997630119324,0.014000283554196358
PETS_CREDIT_high_eff_su2_r5_d6_b03__none,none,hamp_output,d8e3c3c718aea110b2d9,1,1,1,0.00040287335286848247,0.9995971322059631
PETS_CREDIT_high_eff_su2_r5_d6_b03__none,none,hamp_output,2c3058336909d855b1f0,1,0,0,0.8319600820541382,0.16803991794586182
PETS_CREDIT_high_eff_su2_r5_d6_b03__none,none,hamp_output,006df97946d214e0111f,1,1,0,0.5716143250465393,0.4283857047557831
PETS_CREDIT_high_eff_su2_r5_d6_b03__none,none,hamp_output,4b8fbfef25d81e60d4a6,1,0,0,0.9284121990203857,0.07158774882555008
PETS_CREDIT_high_eff_su2_r5_d6_b03__none,none,hamp_output,5cb75d859aa2d3df94b0,1,0,0,0.8873885273933411,0.11261152476072311
PETS_CREDIT_high_eff_su2_r5_d6_b03__none,none,hamp_output,82d40bd4122f5c76cdfb,1,0,0,0.8508914709091187,0.14910854399204254
PETS_CREDIT_high_eff_su2_r5_d6_b03__none,none,hamp_output,f05df67fe5ac7ed38643,1,1,1,0.20206046104431152,0.7979395389556885
PETS_CREDIT_high_eff_su2_r5_d6_b03__none,none,hamp_output,0772d1e68bccea98e68f,1,0,0,0.9805960655212402,0.01940394565463066
PETS_CREDIT_high_eff_su2_r5_d6_b03__none,none,hamp_output,a1b01a469dc7802f51d3,1,0,0,0.9784287810325623,0.021571194753050804
PETS_CREDIT_high_eff_su2_r5_d6_b03__none,none,hamp_output,108acbd92e651db6ac49,1,1,1,0.01770748943090439,0.9822925329208374
PETS_CREDIT_high_eff_su2_r5_d6_b03__none,none,hamp_output,c75c31af2389cc3a594f,1,0,1,0.0005380988586694002,0.9994619488716125
PETS_CREDIT_high_eff_su2_r5_d6_b03__none,none,hamp_output,2379dd478643b9cc0bc1,1,0,0,0.8494294881820679,0.15057051181793213
PETS_CREDIT_high_eff_su2_r5_d6_b03__none,none,hamp_output,7673e8a0f0b037cc51e5,1,0,0,0.9518109560012817,0.04818904772400856
PETS_CREDIT_high_eff_su2_r5_d6_b03__none,none,hamp_output,7c7fe88dcec806be29da,1,0,0,0.5032514333724976,0.49674856662750244
PETS_CREDIT_high_eff_su2_r5_d6_b03__none,none,hamp_output,07d4d260e30d7cf5b71f,1,0,0,0.784821629524231,0.21517835557460785
PETS_CREDIT_high_eff_su2_r5_d6_b03__none,none,hamp_output,d75c3e52dbcaf5a5ec2a,1,0,0,0.9975080490112305,0.0024919400457292795
PETS_CREDIT_high_eff_su2_r5_d6_b03__none,none,hamp_output,d2c3d34fb102babfa194,1,1,0,0.5849025249481201,0.41509753465652466
PETS_CREDIT_high_eff_su2_r5_d6_b03__none,none,hamp_output,92516ca36411fad7d9c9,1,0,0,0.6411093473434448,0.3588906526565552
PETS_CREDIT_high_eff_su2_r5_d6_b03__none,none,hamp_output,1dd9f8371cdcaa1758b3,1,0,0,0.6300152540206909,0.36998477578163147
PETS_CREDIT_high_eff_su2_r5_d6_b03__none,none,hamp_output,8fe0ac3103b5acc00cdc,1,0,0,0.5231050252914429,0.4768950045108795
PETS_CREDIT_high_eff_su2_r5_d6_b03__none,none,hamp_output,c3a59fc71e20658f6341,1,0,0,0.5110085010528564,0.48899146914482117
PETS_CREDIT_high_eff_su2_r5_d6_b03__none,none,hamp_output,434123980ae7f6c38b02,1,0,0,0.8013442754745483,0.19865573942661285
PETS_CREDIT_high_eff_su2_r5_d6_b03__none,none,hamp_output,6bf07a3ff23f9e3249c5,1,1,0,0.73392254114151,0.26607751846313477
PETS_CREDIT_high_eff_su2_r5_d6_b03__none,none,hamp_output,e030c0aa4ae0f1011f2f,1,1,1,0.02920248918235302,0.9707975387573242
PETS_CREDIT_high_eff_su2_r5_d6_b03__none,none,hamp_output,8120fa8a41158dba642d,1,0,0,0.9659526944160461,0.03404735401272774
PETS_CREDIT_high_eff_su2_r5_d6_b03__none,none,hamp_output,66fa33821884d4568b02,1,1,1,0.27569884061813354,0.7243011593818665
PETS_CREDIT_high_eff_su2_r5_d6_b03__none,none,hamp_output,ae1704e8283a10912765,1,0,0,0.9675469994544983,0.0324530228972435
PETS_CREDIT_high_eff_su2_r5_d6_b03__none,none,hamp_output,72bf8a475d5aa5538cd3,1,0,0,0.9076029658317566,0.0923970490694046
PETS_CREDIT_high_eff_su2_r5_d6_b03__none,none,hamp_output,c4b2c9357254e51af6a9,1,1,1,0.008102313615381718,0.991897702217102
PETS_CREDIT_high_eff_su2_r5_d6_b03__none,none,hamp_output,4def6ca8e27be84aeb54,1,1,0,0.7063703536987305,0.29362964630126953
PETS_CREDIT_high_eff_su2_r5_d6_b03__none,none,hamp_output,a5b1091e7ec67f7a06ed,1,0,1,0.25263628363609314,0.7473637461662292
PETS_CREDIT_high_eff_su2_r5_d6_b03__none,none,hamp_output,daf2c33eb0f2b7518584,1,0,0,0.8026661276817322,0.1973339021205902
PETS_CREDIT_high_eff_su2_r5_d6_b03__none,none,hamp_output,6e144bf85d42e3ac6fae,1,0,0,0.6208518147468567,0.3791481554508209
PETS_CREDIT_high_eff_su2_r5_d6_b03__none,none,hamp_output,f97851146238bb9a3754,1,0,0,0.9339188933372498,0.06608113646507263
PETS_CREDIT_high_eff_su2_r5_d6_b03__none,none,hamp_output,5d21e75cb6066696e6e2,1,0,0,0.8139777183532715,0.1860223114490509
PETS_CREDIT_high_eff_su2_r5_d6_b03__none,none,hamp_output,4aa64c627cb9b82d7f42,1,0,0,0.7900730967521667,0.20992691814899445
PETS_CREDIT_high_eff_su2_r5_d6_b03__none,none,hamp_output,c50e57ca37a497df3a13,1,0,0,0.77647465467453,0.22352531552314758
PETS_CREDIT_high_eff_su2_r5_d6_b03__none,none,hamp_output,c0daa10532a8487ca803,1,1,1,0.40805718302726746,0.5919428467750549
PETS_CREDIT_high_eff_su2_r5_d6_b03__none,none,hamp_output,00405a37dd709b2d51a8,1,0,0,0.9357579946517944,0.06424199789762497
PETS_CREDIT_high_eff_su2_r5_d6_b03__none,none,hamp_output,5f9c02f5ec03a28e4f53,1,0,0,0.8704577088356018,0.12954232096672058
PETS_CREDIT_high_eff_su2_r5_d6_b03__none,none,hamp_output,ac5f40db5db91c18a83b,1,0,0,0.8599980473518372,0.14000198245048523
PETS_CREDIT_high_eff_su2_r5_d6_b03__none,none,hamp_output,5584930e99aa4007d628,1,0,0,0.9007341265678406,0.09926585108041763
PETS_CREDIT_high_eff_su2_r5_d6_b03__none,none,hamp_output,0674ce029ebb21d32e38,1,0,0,0.7091620564460754,0.29083794355392456
PETS_CREDIT_high_eff_su2_r5_d6_b03__none,none,hamp_output,6c0e663b6848864dc914,1,0,0,0.7944491505622864,0.2055508941411972
PETS_CREDIT_high_eff_su2_r5_d6_b03__none,none,hamp_output,7ce1135db7560daf7e70,1,0,0,0.5782805681228638,0.42171940207481384
PETS_CREDIT_high_eff_su2_r5_d6_b03__none,none,hamp_output,70e46e61db439dd8e308,1,0,0,0.8466046452522278,0.153395414352417
PETS_CREDIT_high_eff_su2_r5_d6_b03__none,none,hamp_output,aaca4c9adb936209ae4f,1,1,1,0.025568651035428047,0.9744313955307007
PETS_CREDIT_high_eff_su2_r5_d6_b03__none,none,hamp_output,3ac7ac4bc65a6ffec899,1,0,0,0.8723878264427185,0.1276121735572815
PETS_CREDIT_high_eff_su2_r5_d6_b03__none,none,hamp_output,c536d8f2ff559c7756e7,1,1,1,0.04199473559856415,0.9580052495002747
PETS_CREDIT_high_eff_su2_r5_d6_b03__none,none,hamp_output,16e3ff8c6f696f231824,1,0,0,0.9964362382888794,0.0035637719556689262
PETS_CREDIT_high_eff_su2_r5_d6_b03__none,none,hamp_output,dba69027df0122535f19,1,0,0,0.7683649063110352,0.23163510859012604
PETS_CREDIT_high_eff_su2_r5_d6_b03__none,none,hamp_output,973b363916938dbaaf31,1,0,0,0.8158779144287109,0.18412207067012787
PETS_CREDIT_high_eff_su2_r5_d6_b03__none,none,hamp_output,6ea2a519a69c09016323,1,1,1,0.0005727265379391611,0.999427318572998
PETS_CREDIT_high_eff_su2_r5_d6_b03__none,none,hamp_output,26b6a5da65cdaeb8e184,1,0,0,0.959763765335083,0.04023626074194908
PETS_CREDIT_high_eff_su2_r5_d6_b03__none,none,hamp_output,c053f623dd8f2bfb7915,1,0,0,0.8968428373336792,0.1031571477651596
PETS_CREDIT_high_eff_su2_r5_d6_b03__none,none,hamp_output,0a09121dee0e5db09dfe,1,0,0,0.8349857330322266,0.16501423716545105
PETS_CREDIT_high_eff_su2_r5_d6_b03__none,none,hamp_output,22730a71b34176a3ba37,1,0,0,0.8912642002105713,0.1087358295917511
PETS_CREDIT_high_eff_su2_r5_d6_b03__none,none,hamp_output,6af56a8b2e15acc1e086,1,1,1,0.06985773146152496,0.9301422834396362
PETS_CREDIT_high_eff_su2_r5_d6_b03__none,none,hamp_output,a6dfd0dc4ba32e6c00e6,1,0,0,0.9724975824356079,0.027502436190843582
PETS_CREDIT_high_eff_su2_r5_d6_b03__none,none,hamp_output,a5628044ec0880a52490,1,0,0,0.9530006647109985,0.04699927568435669
PETS_CREDIT_high_eff_su2_r5_d6_b03__none,none,hamp_output,4cfea97c73e6dbfbc698,1,0,0,0.8877255916595459,0.1122744157910347
PETS_CREDIT_high_eff_su2_r5_d6_b03__none,none,hamp_output,32babcc385bd70eddb90,1,0,0,0.8306198120117188,0.16938015818595886
PETS_CREDIT_high_eff_su2_r5_d6_b03__none,none,hamp_output,6093ce809aa33ce6693b,1,0,0,0.5560229420661926,0.4439770579338074
PETS_CREDIT_high_eff_su2_r5_d6_b03__none,none,hamp_output,78edbc6916b12b570866,1,1,0,0.5112642645835876,0.48873576521873474
PETS_CREDIT_high_eff_su2_r5_d6_b03__none,none,hamp_output,14865093b1485a5c3a41,1,1,0,0.9285932779312134,0.0714067742228508
PETS_CREDIT_high_eff_su2_r5_d6_b03__none,none,hamp_output,46dbe6ca2f4531385a05,1,0,0,0.768958330154419,0.23104165494441986
PETS_CREDIT_high_eff_su2_r5_d6_b03__none,none,hamp_output,c9e5785745f04cec0d37,1,0,0,0.5435439944267273,0.4564560353755951
PETS_CREDIT_high_eff_su2_r5_d6_b03__none,none,hamp_output,1313972ddf1c6e9eb2c9,1,0,0,0.7377610206604004,0.2622389793395996
PETS_CREDIT_high_eff_su2_r5_d6_b03__none,none,hamp_output,42e9f06773aa97fa92d4,0,0,0,0.8608023524284363,0.13919763267040253
PETS_CREDIT_high_eff_su2_r5_d6_b03__none,none,hamp_output,7bfb843a13cff05233ad,0,0,0,0.9567145705223083,0.043285444378852844
PETS_CREDIT_high_eff_su2_r5_d6_b03__none,none,hamp_output,2218e6bd75832a43d007,0,0,0,0.934273898601532,0.0657261535525322
PETS_CREDIT_high_eff_su2_r5_d6_b03__none,none,hamp_output,9bfd22e983b09efc4239,0,0,0,0.9686691761016846,0.03133086860179901
PETS_CREDIT_high_eff_su2_r5_d6_b03__none,none,hamp_output,34bfadccd6d7f30d94a1,0,0,0,0.5321699380874634,0.467830091714859
PETS_CREDIT_high_eff_su2_r5_d6_b03__none,none,hamp_output,5f861fea617a3ee7da16,0,1,0,0.9923101663589478,0.007689815945923328
PETS_CREDIT_high_eff_su2_r5_d6_b03__none,none,hamp_output,3b2a390113c4d06485dc,0,0,1,0.1151934564113617,0.8848065137863159
PETS_CREDIT_high_eff_su2_r5_d6_b03__none,none,hamp_output,f1d5fbea8d8fc197f689,0,1,0,0.6764448881149292,0.3235551416873932
PETS_CREDIT_high_eff_su2_r5_d6_b03__none,none,hamp_output,a55e7f353f00168e8f2a,0,1,0,0.9818760752677917,0.01812395267188549
PETS_CREDIT_high_eff_su2_r5_d6_b03__none,none,hamp_output,7b2b85015deb930a73bd,0,0,1,0.058168523013591766,0.9418315291404724
PETS_CREDIT_high_eff_su2_r5_d6_b03__none,none,hamp_output,7990ceff4d0c77eeca8b,0,0,0,0.7630809545516968,0.236919105052948
PETS_CREDIT_high_eff_su2_r5_d6_b03__none,none,hamp_output,4194c2831bd65263a55f,0,0,0,0.9397196173667908,0.06028037890791893
PETS_CREDIT_high_eff_su2_r5_d6_b03__none,none,hamp_output,89b5beeaae443f174906,0,0,0,0.9530566334724426,0.04694335535168648
PETS_CREDIT_high_eff_su2_r5_d6_b03__none,none,hamp_output,c9b90a5a5aabbbda656e,0,0,0,0.9776895046234131,0.02231047861278057
PETS_CREDIT_high_eff_su2_r5_d6_b03__none,none,hamp_output,45e249d80792feb4d2d2,0,0,0,0.9588920474052429,0.04110797494649887
PETS_CREDIT_high_eff_su2_r5_d6_b03__none,none,hamp_output,ac4bb9f68cc026f7ef87,0,1,0,0.9989829659461975,0.001017048954963684
PETS_CREDIT_high_eff_su2_r5_d6_b03__none,none,hamp_output,2f4ee8e91be4e65736a4,0,0,0,0.8676850199699402,0.13231496512889862
PETS_CREDIT_high_eff_su2_r5_d6_b03__none,none,hamp_output,48db4133c9bf431ebe79,0,0,1,0.09022696316242218,0.909773051738739
PETS_CREDIT_high_eff_su2_r5_d6_b03__none,none,hamp_output,25773551baf095668618,0,0,0,0.9582123756408691,0.04178764298558235
PETS_CREDIT_high_eff_su2_r5_d6_b03__none,none,hamp_output,a5648815fec59cd1c995,0,1,1,0.24415317177772522,0.7558468580245972
PETS_CREDIT_high_eff_su2_r5_d6_b03__none,none,hamp_output,d5e3f577c74cd5bde9ef,0,0,1,0.1533917933702469,0.8466082215309143
PETS_CREDIT_high_eff_su2_r5_d6_b03__none,none,hamp_output,90aa3dc827baf03a0b7f,0,0,0,0.8648226261138916,0.13517743349075317
PETS_CREDIT_high_eff_su2_r5_d6_b03__none,none,hamp_output,a4ed03b502889d9468c9,0,0,0,0.9261875748634338,0.07381242513656616
PETS_CREDIT_high_eff_su2_r5_d6_b03__none,none,hamp_output,72382fc3b364c3c36162,0,0,0,0.5573463439941406,0.4426536560058594
PETS_CREDIT_high_eff_su2_r5_d6_b03__none,none,hamp_output,9214bdad11cf5b0f5788,0,0,0,0.9898991584777832,0.010100781917572021
PETS_CREDIT_high_eff_su2_r5_d6_b03__none,none,hamp_output,b224dfc19404bbda9ee4,0,0,1,0.3312704861164093,0.6687294840812683
PETS_CREDIT_high_eff_su2_r5_d6_b03__none,none,hamp_output,150e2fdbb7bdebe9ab21,0,0,0,0.8872750997543335,0.1127249225974083
PETS_CREDIT_high_eff_su2_r5_d6_b03__none,none,hamp_output,e81e235b5be50fce8ed4,0,0,0,0.8830999135971069,0.11690010875463486
PETS_CREDIT_high_eff_su2_r5_d6_b03__none,none,hamp_output,a6f8faff37efe9eca5fe,0,0,0,0.9168340563774109,0.08316593617200851
PETS_CREDIT_high_eff_su2_r5_d6_b03__none,none,hamp_output,444967b541f184305a6c,0,0,0,0.7308794260025024,0.26912060379981995
PETS_CREDIT_high_eff_su2_r5_d6_b03__none,none,hamp_output,b3648943abce0512f994,0,0,0,0.8581598997116089,0.1418401598930359
PETS_CREDIT_high_eff_su2_r5_d6_b03__none,none,hamp_output,f55dd0075c038f761436,0,0,0,0.9935531616210938,0.006446892395615578
PETS_CREDIT_high_eff_su2_r5_d6_b03__none,none,hamp_output,19eaeaae64289dba8ce8,0,1,1,0.04011422023177147,0.959885835647583
PETS_CREDIT_high_eff_su2_r5_d6_b03__none,none,hamp_output,9af74acc6cc7a48f4fd9,0,0,0,0.9105843901634216,0.08941563963890076
PETS_CREDIT_high_eff_su2_r5_d6_b03__none,none,hamp_output,e26cf49baf1a8f2a6289,0,1,1,0.16931724548339844,0.8306827545166016
PETS_CREDIT_high_eff_su2_r5_d6_b03__none,none,hamp_output,4010d1d0fc60044b7e83,0,0,0,0.9588809609413147,0.041119012981653214
PETS_CREDIT_high_eff_su2_r5_d6_b03__none,none,hamp_output,6146ee4e50398bd2590b,0,0,1,0.4017929136753082,0.5982071161270142
PETS_CREDIT_high_eff_su2_r5_d6_b03__none,none,hamp_output,17405c31370c8de7f8b8,0,0,0,0.9627898931503296,0.03721010684967041
PETS_CREDIT_high_eff_su2_r5_d6_b03__none,none,hamp_output,471df40f4bdddddc09ec,0,1,1,0.05055231973528862,0.9494476914405823
PETS_CREDIT_high_eff_su2_r5_d6_b03__none,none,hamp_output,b38c56a4fffe98b7efc8,0,0,0,0.9782583117485046,0.021741695702075958
PETS_CREDIT_high_eff_su2_r5_d6_b03__none,none,hamp_output,69c16449e008d39bb994,0,0,0,0.8941465616226196,0.10585347563028336
PETS_CREDIT_high_eff_su2_r5_d6_b03__none,none,hamp_output,0748c8ca29b369b66e6f,0,1,0,0.9756585359573364,0.024341491982340813
PETS_CREDIT_high_eff_su2_r5_d6_b03__none,none,hamp_output,da3092a0e04488fc3d83,0,0,0,0.971704363822937,0.028295695781707764
PETS_CREDIT_high_eff_su2_r5_d6_b03__none,none,hamp_output,74cb3d94d7d3fcb0963b,0,0,0,0.9132378697395325,0.08676213026046753
PETS_CREDIT_high_eff_su2_r5_d6_b03__none,none,hamp_output,3c4479d085b1b0ae10d8,0,0,0,0.9446997046470642,0.05530032142996788
PETS_CREDIT_high_eff_su2_r5_d6_b03__none,none,hamp_output,5960e131d3cbd3ac2bd9,0,0,0,0.9428664445877075,0.05713360384106636
PETS_CREDIT_high_eff_su2_r5_d6_b03__none,none,hamp_output,3122b20f9c469ddb4810,0,0,0,0.8382138013839722,0.16178615391254425
PETS_CREDIT_high_eff_su2_r5_d6_b03__none,none,hamp_output,5f5253b7ee72fa683082,0,0,0,0.801209568977356,0.19879046082496643
PETS_CREDIT_high_eff_su2_r5_d6_b03__none,none,hamp_output,2478313b949e4a19fec5,0,1,1,0.20144382119178772,0.7985561490058899
PETS_CREDIT_high_eff_su2_r5_d6_b03__none,none,hamp_output,6803403d6e57131ab879,0,0,0,0.9707028865814209,0.02929709292948246
PETS_CREDIT_high_eff_su2_r5_d6_b03__none,none,hamp_output,5628f53706485c5a34f9,0,0,0,0.7786459922790527,0.22135406732559204
PETS_CREDIT_high_eff_su2_r5_d6_b03__none,none,hamp_output,e3aa42e9baae40909b2c,0,0,0,0.7107929587364197,0.2892070412635803
PETS_CREDIT_high_eff_su2_r5_d6_b03__none,none,hamp_output,50a0be37bf2f275bd4d6,0,0,0,0.5591785311698914,0.44082149863243103
PETS_CREDIT_high_eff_su2_r5_d6_b03__none,none,hamp_output,87b361e38d3a033e0147,0,0,0,0.886854350566864,0.11314563453197479
PETS_CREDIT_high_eff_su2_r5_d6_b03__none,none,hamp_output,10adaa08b0205f280a31,0,1,0,0.6584732532501221,0.3415268063545227
PETS_CREDIT_high_eff_su2_r5_d6_b03__none,none,hamp_output,9d233cff809c5f6dd546,0,1,0,0.9209792017936707,0.07902078330516815
PETS_CREDIT_high_eff_su2_r5_d6_b03__none,none,hamp_output,baf60f731977893683c9,0,0,0,0.8302139043807983,0.16978612542152405
PETS_CREDIT_high_eff_su2_r5_d6_b03__none,none,hamp_output,91f87ca67e3c04007486,0,1,0,0.5461896061897278,0.45381036400794983
PETS_CREDIT_high_eff_su2_r5_d6_b03__none,none,hamp_output,8273cd051f4f3c543c72,0,0,0,0.9404638409614563,0.0595361702144146
PETS_CREDIT_high_eff_su2_r5_d6_b03__none,none,hamp_output,01c60ffe9b042bc05cfc,0,0,0,0.9721769690513611,0.02782302163541317
PETS_CREDIT_high_eff_su2_r5_d6_b03__none,none,hamp_output,da5f5efb7790004fff98,0,1,0,0.5289862751960754,0.47101375460624695
PETS_CREDIT_high_eff_su2_r5_d6_b03__none,none,hamp_output,d545cdd659f37acdba6c,0,1,0,0.7737508416175842,0.22624921798706055
PETS_CREDIT_high_eff_su2_r5_d6_b03__none,none,hamp_output,3e5959b02df8356effc1,0,0,0,0.6931101083755493,0.3068898916244507
PETS_CREDIT_high_eff_su2_r5_d6_b03__none,none,hamp_output,236eaf6e697017b75006,0,0,0,0.9997143745422363,0.0002855733036994934
PETS_CREDIT_high_eff_su2_r5_d6_b03__none,none,hamp_output,2ca770f234439727c33f,0,0,0,0.5584644675254822,0.4415355622768402
PETS_CREDIT_high_eff_su2_r5_d6_b03__none,none,hamp_output,9fe9252c0b576d892b50,0,0,0,0.765474796295166,0.2345251888036728
PETS_CREDIT_high_eff_su2_r5_d6_b03__none,none,hamp_output,f22d9a5133c174dae56c,0,0,1,0.18538597226142883,0.8146139979362488
PETS_CREDIT_high_eff_su2_r5_d6_b03__none,none,hamp_output,02d132ee580866ee41a8,0,0,0,0.8926791548728943,0.1073208749294281
PETS_CREDIT_high_eff_su2_r5_d6_b03__none,none,hamp_output,323bc2b7ded81007c10b,0,0,0,0.7705092430114746,0.22949077188968658
PETS_CREDIT_high_eff_su2_r5_d6_b03__none,none,hamp_output,7eb02391460879bfe425,0,1,1,0.07225064188241959,0.9277493357658386
PETS_CREDIT_high_eff_su2_r5_d6_b03__none,none,hamp_output,8023a2850646517888f6,0,0,0,0.8860986232757568,0.11390139907598495
PETS_CREDIT_high_eff_su2_r5_d6_b03__none,none,hamp_output,c80e702330688e6c3640,0,0,0,0.5126165151596069,0.4873834550380707
PETS_CREDIT_high_eff_su2_r5_d6_b03__none,none,hamp_output,3e01576c4964ce1df77e,0,0,0,0.9195318222045898,0.08046820759773254
PETS_CREDIT_high_eff_su2_r5_d6_b03__none,none,hamp_output,d8bd80969a4223b1746d,0,0,0,0.9305089712142944,0.06949105113744736
PETS_CREDIT_high_eff_su2_r5_d6_b03__none,none,hamp_output,c98e7a188d21f2d4c7c5,0,0,1,0.38284996151924133,0.6171500086784363
PETS_CREDIT_high_eff_su2_r5_d6_b03__none,none,hamp_output,a53b6f24d57097d0166f,0,0,0,0.8248462677001953,0.1751537024974823
PETS_CREDIT_high_eff_su2_r5_d6_b03__none,none,hamp_output,8b702b29b3bba3c0c011,0,0,0,0.6877599358558655,0.3122400641441345
PETS_CREDIT_high_eff_su2_r5_d6_b03__none,none,hamp_output,5808218040029ad54abc,0,0,0,0.9949538111686707,0.005046174395829439
PETS_CREDIT_high_eff_su2_r5_d6_b03__none,none,hamp_output,2cdf0f49b2642481ca8f,0,1,0,0.5973201990127563,0.40267977118492126
PETS_CREDIT_high_eff_su2_r5_d6_b03__none,none,hamp_output,d8141fe3b07ab69c0481,0,0,0,0.9683935642242432,0.031606413424015045
PETS_CREDIT_high_eff_su2_r5_d6_b03__none,none,hamp_output,a2d2d92e2ba800faa946,0,1,1,0.24693290889263153,0.753067135810852
PETS_CREDIT_high_eff_su2_r5_d6_b03__none,none,hamp_output,657f767276025ad88617,0,0,0,0.742229163646698,0.257770836353302
PETS_CREDIT_high_eff_su2_r5_d6_b03__none,none,hamp_output,21cc40e171d11484f55e,0,0,0,0.6274711489677429,0.3725288510322571
PETS_CREDIT_high_eff_su2_r5_d6_b03__none,none,hamp_output,68458c3065d2ff08346a,0,0,0,0.9658914804458618,0.03410850092768669
PETS_CREDIT_high_eff_su2_r5_d6_b03__none,none,hamp_output,b690772de8eb14084d30,0,1,0,0.8670229911804199,0.1329769790172577
PETS_CREDIT_high_eff_su2_r5_d6_b03__none,none,hamp_output,0f0ec6f2889f1d9d2876,0,0,0,0.9088849425315857,0.09111499786376953
PETS_CREDIT_high_eff_su2_r5_d6_b03__none,none,hamp_output,18bbbff1da0a4760b6ff,0,0,0,0.95390385389328,0.046096157282590866
PETS_CREDIT_high_eff_su2_r5_d6_b03__none,none,hamp_output,5718ce19a4a1c640caac,0,0,0,0.6873162388801575,0.31268373131752014
PETS_CREDIT_high_eff_su2_r5_d6_b03__none,none,hamp_output,5c1eaee6580358b55afc,0,0,0,0.6558684706687927,0.34413155913352966
PETS_CREDIT_high_eff_su2_r5_d6_b03__none,none,hamp_output,0835edef9bf74dc85154,0,1,0,0.587769627571106,0.4122304320335388
PETS_CREDIT_high_eff_su2_r5_d6_b03__none,none,hamp_output,05e7a2529d248075df48,0,0,0,0.9775778651237488,0.02242213673889637
PETS_CREDIT_high_eff_su2_r5_d6_b03__none,none,hamp_output,71f1648b8b8cb6d1277e,0,0,0,0.9890692234039307,0.010930786840617657
PETS_CREDIT_high_eff_su2_r5_d6_b03__none,none,hamp_output,cb39c23acaa500033ed0,0,0,0,0.8762646317481995,0.12373537570238113
PETS_CREDIT_high_eff_su2_r5_d6_b03__none,none,hamp_output,c55786a9941cc04c9348,0,0,1,0.0775342732667923,0.9224657416343689
PETS_CREDIT_high_eff_su2_r5_d6_b03__none,none,hamp_output,cc92f2b4b36f95de3e7f,0,0,0,0.8120967745780945,0.1879032403230667
PETS_CREDIT_high_eff_su2_r5_d6_b03__none,none,hamp_output,4c3cfe1fe9e491bb9c0e,0,1,0,0.9354575276374817,0.0645425096154213
PETS_CREDIT_high_eff_su2_r5_d6_b03__none,none,hamp_output,fa91758004730bf9cef8,0,1,0,0.5217616558074951,0.4782383441925049
PETS_CREDIT_high_eff_su2_r5_d6_b03__none,none,hamp_output,b78fcdfd9fe43578fef1,0,0,0,0.9757827520370483,0.024217264726758003
PETS_CREDIT_high_eff_su2_r5_d6_b03__none,none,hamp_output,27103d15734219f0d343,0,0,0,0.5636043548583984,0.4363956153392792
PETS_CREDIT_high_eff_su2_r5_d6_b03__none,none,hamp_output,36f760028306a12bff25,0,0,0,0.9047036170959473,0.09529637545347214
PETS_CREDIT_high_eff_su2_r5_d6_b03__none,none,memguard,619b46d6086e6aad3d84,1,0,0,0.8950595855712891,0.10494042932987213
PETS_CREDIT_high_eff_su2_r5_d6_b03__none,none,memguard,5e48c11768cb070aefe6,1,0,0,0.8266764283180237,0.17332354187965393
PETS_CREDIT_high_eff_su2_r5_d6_b03__none,none,memguard,7105743f10682ac4a1cc,1,0,0,0.8824676275253296,0.11753237247467041
PETS_CREDIT_high_eff_su2_r5_d6_b03__none,none,memguard,272c38b1ecd099be7890,1,0,0,0.8878974318504333,0.11210259050130844
PETS_CREDIT_high_eff_su2_r5_d6_b03__none,none,memguard,6f47824d3363865de61a,1,0,0,0.8334690928459167,0.16653093695640564
PETS_CREDIT_high_eff_su2_r5_d6_b03__none,none,memguard,b0f47ae4b56b3aa4d111,1,1,1,0.10116560757160187,0.8988344073295593
PETS_CREDIT_high_eff_su2_r5_d6_b03__none,none,memguard,f073d35785cf76f1409c,1,0,0,0.845475435256958,0.1545245349407196
PETS_CREDIT_high_eff_su2_r5_d6_b03__none,none,memguard,01e7168ae2a624ff9916,1,1,1,0.12941546738147736,0.8705845475196838
PETS_CREDIT_high_eff_su2_r5_d6_b03__none,none,memguard,1c7eb9e50fc08e5f8cf0,1,1,0,0.8901857137680054,0.10981431603431702
PETS_CREDIT_high_eff_su2_r5_d6_b03__none,none,memguard,8f95586c1c6fb3f2a750,1,0,0,0.8650131225585938,0.13498689234256744
PETS_CREDIT_high_eff_su2_r5_d6_b03__none,none,memguard,2c2eb339de59d2b86f66,1,0,0,0.8188387155532837,0.1811612993478775
PETS_CREDIT_high_eff_su2_r5_d6_b03__none,none,memguard,ab00e756b29c98fd6674,1,0,0,0.8941296339035034,0.10587034374475479
PETS_CREDIT_high_eff_su2_r5_d6_b03__none,none,memguard,70d271c728323ea28d90,1,0,0,0.8610708117485046,0.13892921805381775
PETS_CREDIT_high_eff_su2_r5_d6_b03__none,none,memguard,69ef03b5c6f4f7ecef33,1,0,0,0.8932509422302246,0.1067490503191948
PETS_CREDIT_high_eff_su2_r5_d6_b03__none,none,memguard,eb849709f12c60edd50b,1,0,0,0.8877424001693726,0.11225764453411102
PETS_CREDIT_high_eff_su2_r5_d6_b03__none,none,memguard,ab97fae957e08270ffce,1,1,0,0.8182355165481567,0.18176445364952087
PETS_CREDIT_high_eff_su2_r5_d6_b03__none,none,memguard,e07f107ec2deef516f4f,1,0,0,0.8957745432853699,0.10422547906637192
PETS_CREDIT_high_eff_su2_r5_d6_b03__none,none,memguard,88b1c0733571d25bdfa5,1,0,0,0.8886616230010986,0.11133840680122375
PETS_CREDIT_high_eff_su2_r5_d6_b03__none,none,memguard,b84ff32b3c14263b0dd5,1,0,0,0.8280964493751526,0.1719035506248474
PETS_CREDIT_high_eff_su2_r5_d6_b03__none,none,memguard,9fc5fbe55717fe6862a4,1,1,1,0.17901507019996643,0.8209848999977112
PETS_CREDIT_high_eff_su2_r5_d6_b03__none,none,memguard,9eb158e3cbe5bc901e26,1,0,0,0.8996058702468872,0.10039412975311279
PETS_CREDIT_high_eff_su2_r5_d6_b03__none,none,memguard,09c28941e61886717e09,1,0,0,0.8691477179527283,0.13085226714611053
PETS_CREDIT_high_eff_su2_r5_d6_b03__none,none,memguard,196d92dfff0523a23237,1,0,0,0.8709483742713928,0.12905161082744598
PETS_CREDIT_high_eff_su2_r5_d6_b03__none,none,memguard,0ffd3e39286157b02ad4,1,0,0,0.8212657570838928,0.17873425781726837
PETS_CREDIT_high_eff_su2_r5_d6_b03__none,none,memguard,25bed8f88a506c4cc366,1,0,0,0.8334187269210815,0.16658127307891846
PETS_CREDIT_high_eff_su2_r5_d6_b03__none,none,memguard,a62d80fa1349c54517ce,1,0,0,0.9993788003921509,0.0006212234729900956
PETS_CREDIT_high_eff_su2_r5_d6_b03__none,none,memguard,08a6c27fcb32f81ff375,1,0,0,0.8560616374015808,0.14393839240074158
PETS_CREDIT_high_eff_su2_r5_d6_b03__none,none,memguard,26f8e0268dd95cba45fd,1,0,1,0.1653374284505844,0.8346625566482544
PETS_CREDIT_high_eff_su2_r5_d6_b03__none,none,memguard,f332cc500c7a62b19024,1,0,0,0.8636521100997925,0.13634786009788513
PETS_CREDIT_high_eff_su2_r5_d6_b03__none,none,memguard,bfa7b1aca5d187760a16,1,0,0,0.894138753414154,0.10586127638816833
PETS_CREDIT_high_eff_su2_r5_d6_b03__none,none,memguard,d1d396dc69ac0aeade66,1,0,0,0.8989235162734985,0.10107647627592087
PETS_CREDIT_high_eff_su2_r5_d6_b03__none,none,memguard,092efc45ab978715a8fa,1,0,0,0.8889907002449036,0.11100927740335464
PETS_CREDIT_high_eff_su2_r5_d6_b03__none,none,memguard,d8e3c3c718aea110b2d9,1,1,1,0.1743708997964859,0.8256291151046753
PETS_CREDIT_high_eff_su2_r5_d6_b03__none,none,memguard,2c3058336909d855b1f0,1,0,0,0.8778010010719299,0.12219902127981186
PETS_CREDIT_high_eff_su2_r5_d6_b03__none,none,memguard,006df97946d214e0111f,1,1,0,0.8291667103767395,0.17083334922790527
PETS_CREDIT_high_eff_su2_r5_d6_b03__none,none,memguard,4b8fbfef25d81e60d4a6,1,0,0,0.8238765597343445,0.1761234700679779
PETS_CREDIT_high_eff_su2_r5_d6_b03__none,none,memguard,5cb75d859aa2d3df94b0,1,0,0,0.9987179040908813,0.0012821252457797527
PETS_CREDIT_high_eff_su2_r5_d6_b03__none,none,memguard,82d40bd4122f5c76cdfb,1,0,0,0.8307340741157532,0.1692659556865692
PETS_CREDIT_high_eff_su2_r5_d6_b03__none,none,memguard,f05df67fe5ac7ed38643,1,1,1,0.14215099811553955,0.8578490018844604
PETS_CREDIT_high_eff_su2_r5_d6_b03__none,none,memguard,0772d1e68bccea98e68f,1,0,0,0.8967980742454529,0.10320192575454712
PETS_CREDIT_high_eff_su2_r5_d6_b03__none,none,memguard,a1b01a469dc7802f51d3,1,0,0,0.8890480995178223,0.11095188558101654
PETS_CREDIT_high_eff_su2_r5_d6_b03__none,none,memguard,108acbd92e651db6ac49,1,1,1,0.17540374398231506,0.8245962858200073
PETS_CREDIT_high_eff_su2_r5_d6_b03__none,none,memguard,c75c31af2389cc3a594f,1,0,1,0.1711312234401703,0.8288688063621521
PETS_CREDIT_high_eff_su2_r5_d6_b03__none,none,memguard,2379dd478643b9cc0bc1,1,0,0,0.8983144760131836,0.1016855388879776
PETS_CREDIT_high_eff_su2_r5_d6_b03__none,none,memguard,7673e8a0f0b037cc51e5,1,0,0,0.8906609416007996,0.10933908075094223
PETS_CREDIT_high_eff_su2_r5_d6_b03__none,none,memguard,7c7fe88dcec806be29da,1,0,0,0.8234718441963196,0.17652814090251923
PETS_CREDIT_high_eff_su2_r5_d6_b03__none,none,memguard,07d4d260e30d7cf5b71f,1,0,0,0.892043948173523,0.10795605182647705
PETS_CREDIT_high_eff_su2_r5_d6_b03__none,none,memguard,d75c3e52dbcaf5a5ec2a,1,0,0,0.8179009556770325,0.18209907412528992
PETS_CREDIT_high_eff_su2_r5_d6_b03__none,none,memguard,d2c3d34fb102babfa194,1,1,0,0.8359825611114502,0.164017453789711
PETS_CREDIT_high_eff_su2_r5_d6_b03__none,none,memguard,92516ca36411fad7d9c9,1,0,0,0.8904869556427002,0.10951301455497742
PETS_CREDIT_high_eff_su2_r5_d6_b03__none,none,memguard,1dd9f8371cdcaa1758b3,1,0,0,0.8983335494995117,0.10166650265455246
PETS_CREDIT_high_eff_su2_r5_d6_b03__none,none,memguard,8fe0ac3103b5acc00cdc,1,0,0,0.8953118920326233,0.1046881303191185
PETS_CREDIT_high_eff_su2_r5_d6_b03__none,none,memguard,c3a59fc71e20658f6341,1,0,0,0.8409603238105774,0.159039705991745
PETS_CREDIT_high_eff_su2_r5_d6_b03__none,none,memguard,434123980ae7f6c38b02,1,0,0,0.8356566429138184,0.16434340178966522
PETS_CREDIT_high_eff_su2_r5_d6_b03__none,none,memguard,6bf07a3ff23f9e3249c5,1,1,0,0.8242409229278564,0.17575910687446594
PETS_CREDIT_high_eff_su2_r5_d6_b03__none,none,memguard,e030c0aa4ae0f1011f2f,1,1,1,0.17433586716651917,0.8256641030311584
PETS_CREDIT_high_eff_su2_r5_d6_b03__none,none,memguard,8120fa8a41158dba642d,1,0,0,0.8983800411224365,0.10161995887756348
PETS_CREDIT_high_eff_su2_r5_d6_b03__none,none,memguard,66fa33821884d4568b02,1,1,1,0.16725757718086243,0.8327423930168152
PETS_CREDIT_high_eff_su2_r5_d6_b03__none,none,memguard,ae1704e8283a10912765,1,0,0,0.8277298212051392,0.17227016389369965
PETS_CREDIT_high_eff_su2_r5_d6_b03__none,none,memguard,72bf8a475d5aa5538cd3,1,0,0,0.8673401474952698,0.13265986740589142
PETS_CREDIT_high_eff_su2_r5_d6_b03__none,none,memguard,c4b2c9357254e51af6a9,1,1,1,0.16993962228298187,0.8300604224205017
PETS_CREDIT_high_eff_su2_r5_d6_b03__none,none,memguard,4def6ca8e27be84aeb54,1,1,0,0.899488091468811,0.10051184147596359
PETS_CREDIT_high_eff_su2_r5_d6_b03__none,none,memguard,a5b1091e7ec67f7a06ed,1,0,1,0.17664062976837158,0.8233594298362732
PETS_CREDIT_high_eff_su2_r5_d6_b03__none,none,memguard,daf2c33eb0f2b7518584,1,0,0,0.8895770907402039,0.11042289435863495
PETS_CREDIT_high_eff_su2_r5_d6_b03__none,none,memguard,6e144bf85d42e3ac6fae,1,0,0,0.87430340051651,0.1256965845823288
PETS_CREDIT_high_eff_su2_r5_d6_b03__none,none,memguard,f97851146238bb9a3754,1,0,0,0.8908723592758179,0.10912767797708511
PETS_CREDIT_high_eff_su2_r5_d6_b03__none,none,memguard,5d21e75cb6066696e6e2,1,0,0,0.891189694404602,0.10881029814481735
PETS_CREDIT_high_eff_su2_r5_d6_b03__none,none,memguard,4aa64c627cb9b82d7f42,1,0,0,0.8882429599761963,0.1117570549249649
PETS_CREDIT_high_eff_su2_r5_d6_b03__none,none,memguard,c50e57ca37a497df3a13,1,0,0,0.886817455291748,0.11318255215883255
PETS_CREDIT_high_eff_su2_r5_d6_b03__none,none,memguard,c0daa10532a8487ca803,1,1,1,0.1744028627872467,0.8255971670150757
PETS_CREDIT_high_eff_su2_r5_d6_b03__none,none,memguard,00405a37dd709b2d51a8,1,0,0,0.8791525363922119,0.12084744870662689
PETS_CREDIT_high_eff_su2_r5_d6_b03__none,none,memguard,5f9c02f5ec03a28e4f53,1,0,0,0.8171564936637878,0.18284350633621216
PETS_CREDIT_high_eff_su2_r5_d6_b03__none,none,memguard,ac5f40db5db91c18a83b,1,0,0,0.8360499739646912,0.16395005583763123
PETS_CREDIT_high_eff_su2_r5_d6_b03__none,none,memguard,5584930e99aa4007d628,1,0,0,0.8936154842376709,0.10638453811407089
PETS_CREDIT_high_eff_su2_r5_d6_b03__none,none,memguard,0674ce029ebb21d32e38,1,0,0,0.8997229337692261,0.10027710348367691
PETS_CREDIT_high_eff_su2_r5_d6_b03__none,none,memguard,6c0e663b6848864dc914,1,0,0,0.891766369342804,0.10823366045951843
PETS_CREDIT_high_eff_su2_r5_d6_b03__none,none,memguard,7ce1135db7560daf7e70,1,0,0,0.8182550072669983,0.1817450374364853
PETS_CREDIT_high_eff_su2_r5_d6_b03__none,none,memguard,70e46e61db439dd8e308,1,0,0,0.8845950961112976,0.11540491133928299
PETS_CREDIT_high_eff_su2_r5_d6_b03__none,none,memguard,aaca4c9adb936209ae4f,1,1,1,0.17290380597114563,0.827096164226532
PETS_CREDIT_high_eff_su2_r5_d6_b03__none,none,memguard,3ac7ac4bc65a6ffec899,1,0,0,0.8938335180282593,0.10616651177406311
PETS_CREDIT_high_eff_su2_r5_d6_b03__none,none,memguard,c536d8f2ff559c7756e7,1,1,1,0.18155618011951447,0.8184438347816467
PETS_CREDIT_high_eff_su2_r5_d6_b03__none,none,memguard,16e3ff8c6f696f231824,1,0,0,0.8840693235397339,0.1159307062625885
PETS_CREDIT_high_eff_su2_r5_d6_b03__none,none,memguard,dba69027df0122535f19,1,0,0,0.8911377191543579,0.10886228084564209
PETS_CREDIT_high_eff_su2_r5_d6_b03__none,none,memguard,973b363916938dbaaf31,1,0,0,0.8982710242271423,0.10172896832227707
PETS_CREDIT_high_eff_su2_r5_d6_b03__none,none,memguard,6ea2a519a69c09016323,1,1,1,0.17206493020057678,0.8279350399971008
PETS_CREDIT_high_eff_su2_r5_d6_b03__none,none,memguard,26b6a5da65cdaeb8e184,1,0,0,0.8197723031044006,0.18022771179676056
PETS_CREDIT_high_eff_su2_r5_d6_b03__none,none,memguard,c053f623dd8f2bfb7915,1,0,0,0.8960395455360413,0.10396047681570053
PETS_CREDIT_high_eff_su2_r5_d6_b03__none,none,memguard,0a09121dee0e5db09dfe,1,0,0,0.8619562983512878,0.13804370164871216
PETS_CREDIT_high_eff_su2_r5_d6_b03__none,none,memguard,22730a71b34176a3ba37,1,0,0,0.8971251249313354,0.10287491232156754
PETS_CREDIT_high_eff_su2_r5_d6_b03__none,none,memguard,6af56a8b2e15acc1e086,1,1,1,0.1674613058567047,0.8325386643409729
PETS_CREDIT_high_eff_su2_r5_d6_b03__none,none,memguard,a6dfd0dc4ba32e6c00e6,1,0,0,0.8953338265419006,0.10466615855693817
PETS_CREDIT_high_eff_su2_r5_d6_b03__none,none,memguard,a5628044ec0880a52490,1,0,0,0.8538047075271606,0.14619533717632294
PETS_CREDIT_high_eff_su2_r5_d6_b03__none,none,memguard,4cfea97c73e6dbfbc698,1,0,0,0.8930701613426208,0.10692983120679855
PETS_CREDIT_high_eff_su2_r5_d6_b03__none,none,memguard,32babcc385bd70eddb90,1,0,0,0.8185327649116516,0.18146724998950958
PETS_CREDIT_high_eff_su2_r5_d6_b03__none,none,memguard,6093ce809aa33ce6693b,1,0,0,0.8743489384651184,0.1256510466337204
PETS_CREDIT_high_eff_su2_r5_d6_b03__none,none,memguard,78edbc6916b12b570866,1,1,0,0.8278822302818298,0.17211779952049255
PETS_CREDIT_high_eff_su2_r5_d6_b03__none,none,memguard,14865093b1485a5c3a41,1,1,0,0.8590611219406128,0.14093893766403198
PETS_CREDIT_high_eff_su2_r5_d6_b03__none,none,memguard,46dbe6ca2f4531385a05,1,0,0,0.8933192491531372,0.10668075829744339
PETS_CREDIT_high_eff_su2_r5_d6_b03__none,none,memguard,c9e5785745f04cec0d37,1,0,0,0.8836750388145447,0.11632496118545532
PETS_CREDIT_high_eff_su2_r5_d6_b03__none,none,memguard,1313972ddf1c6e9eb2c9,1,0,0,0.8402875065803528,0.15971249341964722
PETS_CREDIT_high_eff_su2_r5_d6_b03__none,none,memguard,42e9f06773aa97fa92d4,0,0,0,0.8958921432495117,0.10410787910223007
PETS_CREDIT_high_eff_su2_r5_d6_b03__none,none,memguard,7bfb843a13cff05233ad,0,0,0,0.8534291982650757,0.1465708464384079
PETS_CREDIT_high_eff_su2_r5_d6_b03__none,none,memguard,2218e6bd75832a43d007,0,0,0,0.891888439655304,0.10811159014701843
PETS_CREDIT_high_eff_su2_r5_d6_b03__none,none,memguard,9bfd22e983b09efc4239,0,0,0,0.8307246565818787,0.16927537322044373
PETS_CREDIT_high_eff_su2_r5_d6_b03__none,none,memguard,34bfadccd6d7f30d94a1,0,0,0,0.8921788334846497,0.10782114416360855
PETS_CREDIT_high_eff_su2_r5_d6_b03__none,none,memguard,5f861fea617a3ee7da16,0,1,0,0.8964868187904358,0.10351315140724182
PETS_CREDIT_high_eff_su2_r5_d6_b03__none,none,memguard,3b2a390113c4d06485dc,0,0,1,0.1578921377658844,0.842107892036438
PETS_CREDIT_high_eff_su2_r5_d6_b03__none,none,memguard,f1d5fbea8d8fc197f689,0,1,0,0.8306444883346558,0.16935552656650543
PETS_CREDIT_high_eff_su2_r5_d6_b03__none,none,memguard,a55e7f353f00168e8f2a,0,1,0,0.8957713842391968,0.10422864556312561
PETS_CREDIT_high_eff_su2_r5_d6_b03__none,none,memguard,7b2b85015deb930a73bd,0,0,1,0.1677018105983734,0.832298219203949
PETS_CREDIT_high_eff_su2_r5_d6_b03__none,none,memguard,7990ceff4d0c77eeca8b,0,0,0,0.8928365111351013,0.10716342180967331
PETS_CREDIT_high_eff_su2_r5_d6_b03__none,none,memguard,4194c2831bd65263a55f,0,0,0,0.8890424370765686,0.11095757782459259
PETS_CREDIT_high_eff_su2_r5_d6_b03__none,none,memguard,89b5beeaae443f174906,0,0,0,0.893822193145752,0.10617773979902267
PETS_CREDIT_high_eff_su2_r5_d6_b03__none,none,memguard,c9b90a5a5aabbbda656e,0,0,0,0.819481372833252,0.18051859736442566
PETS_CREDIT_high_eff_su2_r5_d6_b03__none,none,memguard,45e249d80792feb4d2d2,0,0,0,0.8455230593681335,0.15447695553302765
PETS_CREDIT_high_eff_su2_r5_d6_b03__none,none,memguard,ac4bb9f68cc026f7ef87,0,1,0,0.9986246824264526,0.0013753690291196108
PETS_CREDIT_high_eff_su2_r5_d6_b03__none,none,memguard,2f4ee8e91be4e65736a4,0,0,0,0.896178662776947,0.10382136702537537
PETS_CREDIT_high_eff_su2_r5_d6_b03__none,none,memguard,48db4133c9bf431ebe79,0,0,1,0.16438338160514832,0.8356165885925293
PETS_CREDIT_high_eff_su2_r5_d6_b03__none,none,memguard,25773551baf095668618,0,0,0,0.9001169204711914,0.09988313168287277
PETS_CREDIT_high_eff_su2_r5_d6_b03__none,none,memguard,a5648815fec59cd1c995,0,1,1,0.17006537318229675,0.8299346566200256
PETS_CREDIT_high_eff_su2_r5_d6_b03__none,none,memguard,d5e3f577c74cd5bde9ef,0,0,1,0.17093507945537567,0.8290649056434631
PETS_CREDIT_high_eff_su2_r5_d6_b03__none,none,memguard,90aa3dc827baf03a0b7f,0,0,0,0.8301892280578613,0.16981075704097748
PETS_CREDIT_high_eff_su2_r5_d6_b03__none,none,memguard,a4ed03b502889d9468c9,0,0,0,0.8961241245269775,0.10387585312128067
PETS_CREDIT_high_eff_su2_r5_d6_b03__none,none,memguard,72382fc3b364c3c36162,0,0,0,0.8919605612754822,0.10803942382335663
PETS_CREDIT_high_eff_su2_r5_d6_b03__none,none,memguard,9214bdad11cf5b0f5788,0,0,0,0.8933648467063904,0.106635183095932
PETS_CREDIT_high_eff_su2_r5_d6_b03__none,none,memguard,b224dfc19404bbda9ee4,0,0,1,0.17126116156578064,0.828738808631897
PETS_CREDIT_high_eff_su2_r5_d6_b03__none,none,memguard,150e2fdbb7bdebe9ab21,0,0,0,0.8898982405662537,0.11010172963142395
PETS_CREDIT_high_eff_su2_r5_d6_b03__none,none,memguard,e81e235b5be50fce8ed4,0,0,0,0.8927176594734192,0.10728234052658081
PETS_CREDIT_high_eff_su2_r5_d6_b03__none,none,memguard,a6f8faff37efe9eca5fe,0,0,0,0.8554322123527527,0.1445678025484085
PETS_CREDIT_high_eff_su2_r5_d6_b03__none,none,memguard,444967b541f184305a6c,0,0,0,0.8687230944633484,0.1312769502401352
PETS_CREDIT_high_eff_su2_r5_d6_b03__none,none,memguard,b3648943abce0512f994,0,0,0,0.8900277614593506,0.10997222363948822
PETS_CREDIT_high_eff_su2_r5_d6_b03__none,none,memguard,f55dd0075c038f761436,0,0,0,0.8553449511528015,0.14465507864952087
PETS_CREDIT_high_eff_su2_r5_d6_b03__none,none,memguard,19eaeaae64289dba8ce8,0,1,1,0.1681317687034607,0.8318682909011841
PETS_CREDIT_high_eff_su2_r5_d6_b03__none,none,memguard,9af74acc6cc7a48f4fd9,0,0,0,0.8821434378623962,0.11785653978586197
PETS_CREDIT_high_eff_su2_r5_d6_b03__none,none,memguard,e26cf49baf1a8f2a6289,0,1,1,0.17136871814727783,0.8286312818527222
PETS_CREDIT_high_eff_su2_r5_d6_b03__none,none,memguard,4010d1d0fc60044b7e83,0,0,0,0.8976567983627319,0.10234320908784866
PETS_CREDIT_high_eff_su2_r5_d6_b03__none,none,memguard,6146ee4e50398bd2590b,0,0,1,0.17780272662639618,0.8221973180770874
PETS_CREDIT_high_eff_su2_r5_d6_b03__none,none,memguard,17405c31370c8de7f8b8,0,0,0,0.8899633884429932,0.11003664880990982
PETS_CREDIT_high_eff_su2_r5_d6_b03__none,none,memguard,471df40f4bdddddc09ec,0,1,1,0.1743675321340561,0.8256324529647827
PETS_CREDIT_high_eff_su2_r5_d6_b03__none,none,memguard,b38c56a4fffe98b7efc8,0,0,0,0.8336940407752991,0.16630598902702332
PETS_CREDIT_high_eff_su2_r5_d6_b03__none,none,memguard,69c16449e008d39bb994,0,0,0,0.8522194027900696,0.1477806121110916
PETS_CREDIT_high_eff_su2_r5_d6_b03__none,none,memguard,0748c8ca29b369b66e6f,0,1,0,0.8888840675354004,0.11111591756343842
PETS_CREDIT_high_eff_su2_r5_d6_b03__none,none,memguard,da3092a0e04488fc3d83,0,0,0,0.8995341062545776,0.10046593099832535
PETS_CREDIT_high_eff_su2_r5_d6_b03__none,none,memguard,74cb3d94d7d3fcb0963b,0,0,0,0.8954973220825195,0.10450269281864166
PETS_CREDIT_high_eff_su2_r5_d6_b03__none,none,memguard,3c4479d085b1b0ae10d8,0,0,0,0.8312326073646545,0.16876739263534546
PETS_CREDIT_high_eff_su2_r5_d6_b03__none,none,memguard,5960e131d3cbd3ac2bd9,0,0,0,0.8176397681236267,0.1823602169752121
PETS_CREDIT_high_eff_su2_r5_d6_b03__none,none,memguard,3122b20f9c469ddb4810,0,0,0,0.8711044788360596,0.12889552116394043
PETS_CREDIT_high_eff_su2_r5_d6_b03__none,none,memguard,5f5253b7ee72fa683082,0,0,0,0.8973084688186646,0.10269156098365784
PETS_CREDIT_high_eff_su2_r5_d6_b03__none,none,memguard,2478313b949e4a19fec5,0,1,1,0.17925980687141418,0.8207401633262634
PETS_CREDIT_high_eff_su2_r5_d6_b03__none,none,memguard,6803403d6e57131ab879,0,0,0,0.8992797136306763,0.10072030872106552
PETS_CREDIT_high_eff_su2_r5_d6_b03__none,none,memguard,5628f53706485c5a34f9,0,0,0,0.8559156060218811,0.14408442378044128
PETS_CREDIT_high_eff_su2_r5_d6_b03__none,none,memguard,e3aa42e9baae40909b2c,0,0,0,0.8309274911880493,0.16907253861427307
PETS_CREDIT_high_eff_su2_r5_d6_b03__none,none,memguard,50a0be37bf2f275bd4d6,0,0,0,0.8251408338546753,0.1748591959476471
PETS_CREDIT_high_eff_su2_r5_d6_b03__none,none,memguard,87b361e38d3a033e0147,0,0,0,0.8917315602302551,0.1082683727145195
PETS_CREDIT_high_eff_su2_r5_d6_b03__none,none,memguard,10adaa08b0205f280a31,0,1,0,0.8439045548439026,0.15609543025493622
PETS_CREDIT_high_eff_su2_r5_d6_b03__none,none,memguard,9d233cff809c5f6dd546,0,1,0,0.8185399174690247,0.18146012723445892
PETS_CREDIT_high_eff_su2_r5_d6_b03__none,none,memguard,baf60f731977893683c9,0,0,0,0.861014723777771,0.13898524641990662
PETS_CREDIT_high_eff_su2_r5_d6_b03__none,none,memguard,91f87ca67e3c04007486,0,1,0,0.8959541320800781,0.10404589027166367
PETS_CREDIT_high_eff_su2_r5_d6_b03__none,none,memguard,8273cd051f4f3c543c72,0,0,0,0.836388111114502,0.16361191868782043
PETS_CREDIT_high_eff_su2_r5_d6_b03__none,none,memguard,01c60ffe9b042bc05cfc,0,0,0,0.8221494555473328,0.17785058915615082
PETS_CREDIT_high_eff_su2_r5_d6_b03__none,none,memguard,da5f5efb7790004fff98,0,1,0,0.8413049578666687,0.15869508683681488
PETS_CREDIT_high_eff_su2_r5_d6_b03__none,none,memguard,d545cdd659f37acdba6c,0,1,0,0.8938536047935486,0.10614636540412903
PETS_CREDIT_high_eff_su2_r5_d6_b03__none,none,memguard,3e5959b02df8356effc1,0,0,0,0.8910464644432068,0.10895351320505142
PETS_CREDIT_high_eff_su2_r5_d6_b03__none,none,memguard,236eaf6e697017b75006,0,0,0,0.8282140493392944,0.17178593575954437
PETS_CREDIT_high_eff_su2_r5_d6_b03__none,none,memguard,2ca770f234439727c33f,0,0,0,0.8407909274101257,0.15920911729335785
PETS_CREDIT_high_eff_su2_r5_d6_b03__none,none,memguard,9fe9252c0b576d892b50,0,0,0,0.8969717621803284,0.10302826762199402
PETS_CREDIT_high_eff_su2_r5_d6_b03__none,none,memguard,f22d9a5133c174dae56c,0,0,1,0.16858480870723724,0.8314152359962463
PETS_CREDIT_high_eff_su2_r5_d6_b03__none,none,memguard,02d132ee580866ee41a8,0,0,0,0.8894371390342712,0.11056289076805115
PETS_CREDIT_high_eff_su2_r5_d6_b03__none,none,memguard,323bc2b7ded81007c10b,0,0,0,0.8911095857620239,0.10889039188623428
PETS_CREDIT_high_eff_su2_r5_d6_b03__none,none,memguard,7eb02391460879bfe425,0,1,1,0.1817990392446518,0.8182010054588318
PETS_CREDIT_high_eff_su2_r5_d6_b03__none,none,memguard,8023a2850646517888f6,0,0,0,0.8982229828834534,0.10177703946828842
PETS_CREDIT_high_eff_su2_r5_d6_b03__none,none,memguard,c80e702330688e6c3640,0,0,0,0.8238697648048401,0.1761302351951599
PETS_CREDIT_high_eff_su2_r5_d6_b03__none,none,memguard,3e01576c4964ce1df77e,0,0,0,0.8212042450904846,0.17879576981067657
PETS_CREDIT_high_eff_su2_r5_d6_b03__none,none,memguard,d8bd80969a4223b1746d,0,0,0,0.8961215615272522,0.1038784310221672
PETS_CREDIT_high_eff_su2_r5_d6_b03__none,none,memguard,c98e7a188d21f2d4c7c5,0,0,1,0.1759321689605713,0.8240678310394287
PETS_CREDIT_high_eff_su2_r5_d6_b03__none,none,memguard,a53b6f24d57097d0166f,0,0,0,0.8512874841690063,0.14871248602867126
PETS_CREDIT_high_eff_su2_r5_d6_b03__none,none,memguard,8b702b29b3bba3c0c011,0,0,0,0.8865310549736023,0.11346897482872009
PETS_CREDIT_high_eff_su2_r5_d6_b03__none,none,memguard,5808218040029ad54abc,0,0,0,0.89435875415802,0.10564125329256058
PETS_CREDIT_high_eff_su2_r5_d6_b03__none,none,memguard,2cdf0f49b2642481ca8f,0,1,0,0.8925078511238098,0.1074921265244484
PETS_CREDIT_high_eff_su2_r5_d6_b03__none,none,memguard,d8141fe3b07ab69c0481,0,0,0,0.8348754644393921,0.1651245802640915
PETS_CREDIT_high_eff_su2_r5_d6_b03__none,none,memguard,a2d2d92e2ba800faa946,0,1,1,0.18047091364860535,0.819529116153717
PETS_CREDIT_high_eff_su2_r5_d6_b03__none,none,memguard,657f767276025ad88617,0,0,0,0.8667385578155518,0.13326142728328705
PETS_CREDIT_high_eff_su2_r5_d6_b03__none,none,memguard,21cc40e171d11484f55e,0,0,0,0.8697027564048767,0.13029725849628448
PETS_CREDIT_high_eff_su2_r5_d6_b03__none,none,memguard,68458c3065d2ff08346a,0,0,0,0.8184181451797485,0.18158188462257385
PETS_CREDIT_high_eff_su2_r5_d6_b03__none,none,memguard,b690772de8eb14084d30,0,1,0,0.8218002915382385,0.17819969356060028
PETS_CREDIT_high_eff_su2_r5_d6_b03__none,none,memguard,0f0ec6f2889f1d9d2876,0,0,0,0.8879982233047485,0.11200177669525146
PETS_CREDIT_high_eff_su2_r5_d6_b03__none,none,memguard,18bbbff1da0a4760b6ff,0,0,0,0.8717840909957886,0.12821587920188904
PETS_CREDIT_high_eff_su2_r5_d6_b03__none,none,memguard,5718ce19a4a1c640caac,0,0,0,0.8968124389648438,0.10318753868341446
PETS_CREDIT_high_eff_su2_r5_d6_b03__none,none,memguard,5c1eaee6580358b55afc,0,0,0,0.8230855464935303,0.17691442370414734
PETS_CREDIT_high_eff_su2_r5_d6_b03__none,none,memguard,0835edef9bf74dc85154,0,1,0,0.8732230067253113,0.1267770528793335
PETS_CREDIT_high_eff_su2_r5_d6_b03__none,none,memguard,05e7a2529d248075df48,0,0,0,0.8229449391365051,0.17705504596233368
PETS_CREDIT_high_eff_su2_r5_d6_b03__none,none,memguard,71f1648b8b8cb6d1277e,0,0,0,0.891739547252655,0.10826042294502258
PETS_CREDIT_high_eff_su2_r5_d6_b03__none,none,memguard,cb39c23acaa500033ed0,0,0,0,0.8884742856025696,0.111525759100914
PETS_CREDIT_high_eff_su2_r5_d6_b03__none,none,memguard,c55786a9941cc04c9348,0,0,1,0.17723502218723297,0.8227649927139282
PETS_CREDIT_high_eff_su2_r5_d6_b03__none,none,memguard,cc92f2b4b36f95de3e7f,0,0,0,0.8310451507568359,0.16895487904548645
PETS_CREDIT_high_eff_su2_r5_d6_b03__none,none,memguard,4c3cfe1fe9e491bb9c0e,0,1,0,0.8200511336326599,0.17994889616966248
PETS_CREDIT_high_eff_su2_r5_d6_b03__none,none,memguard,fa91758004730bf9cef8,0,1,0,0.8262139558792114,0.17378608882427216
PETS_CREDIT_high_eff_su2_r5_d6_b03__none,none,memguard,b78fcdfd9fe43578fef1,0,0,0,0.8932945132255554,0.10670550167560577
PETS_CREDIT_high_eff_su2_r5_d6_b03__none,none,memguard,27103d15734219f0d343,0,0,0,0.8931097984313965,0.10689017176628113
PETS_CREDIT_high_eff_su2_r5_d6_b03__none,none,memguard,36f760028306a12bff25,0,0,0,0.8354807496070862,0.164519265294075
PETS_CREDIT_high_eff_su2_r5_d6_b03__none,none,logitguard_continuous,619b46d6086e6aad3d84,1,0,0,0.8651214838027954,0.13487854599952698
PETS_CREDIT_high_eff_su2_r5_d6_b03__none,none,logitguard_continuous,5e48c11768cb070aefe6,1,0,0,0.8526225090026855,0.14737749099731445
PETS_CREDIT_high_eff_su2_r5_d6_b03__none,none,logitguard_continuous,7105743f10682ac4a1cc,1,0,0,0.8627650141716003,0.13723500072956085
PETS_CREDIT_high_eff_su2_r5_d6_b03__none,none,logitguard_continuous,272c38b1ecd099be7890,1,0,0,0.8579452633857727,0.1420547366142273
PETS_CREDIT_high_eff_su2_r5_d6_b03__none,none,logitguard_continuous,6f47824d3363865de61a,1,0,0,0.8634217977523804,0.13657823204994202
PETS_CREDIT_high_eff_su2_r5_d6_b03__none,none,logitguard_continuous,b0f47ae4b56b3aa4d111,1,1,1,0.1369110345840454,0.8630890250205994
PETS_CREDIT_high_eff_su2_r5_d6_b03__none,none,logitguard_continuous,f073d35785cf76f1409c,1,0,0,0.860515832901001,0.13948416709899902
PETS_CREDIT_high_eff_su2_r5_d6_b03__none,none,logitguard_continuous,01e7168ae2a624ff9916,1,1,1,0.13983756303787231,0.8601624369621277
PETS_CREDIT_high_eff_su2_r5_d6_b03__none,none,logitguard_continuous,1c7eb9e50fc08e5f8cf0,1,1,0,0.8579053282737732,0.142094686627388
PETS_CREDIT_high_eff_su2_r5_d6_b03__none,none,logitguard_continuous,8f95586c1c6fb3f2a750,1,0,0,0.859642505645752,0.14035753905773163
PETS_CREDIT_high_eff_su2_r5_d6_b03__none,none,logitguard_continuous,2c2eb339de59d2b86f66,1,0,0,0.8584441542625427,0.14155584573745728
PETS_CREDIT_high_eff_su2_r5_d6_b03__none,none,logitguard_continuous,ab00e756b29c98fd6674,1,0,0,0.8546443581581116,0.14535562694072723
PETS_CREDIT_high_eff_su2_r5_d6_b03__none,none,logitguard_continuous,70d271c728323ea28d90,1,0,0,0.854529619216919,0.14547042548656464
PETS_CREDIT_high_eff_su2_r5_d6_b03__none,none,logitguard_continuous,69ef03b5c6f4f7ecef33,1,0,0,0.8744683861732483,0.1255316287279129
PETS_CREDIT_high_eff_su2_r5_d6_b03__none,none,logitguard_continuous,eb849709f12c60edd50b,1,0,0,0.8790689706802368,0.12093101441860199
PETS_CREDIT_high_eff_su2_r5_d6_b03__none,none,logitguard_continuous,ab97fae957e08270ffce,1,1,0,0.8624417781829834,0.1375582218170166
PETS_CREDIT_high_eff_su2_r5_d6_b03__none,none,logitguard_continuous,e07f107ec2deef516f4f,1,0,0,0.8595885038375854,0.14041148126125336
PETS_CREDIT_high_eff_su2_r5_d6_b03__none,none,logitguard_continuous,88b1c0733571d25bdfa5,1,0,0,0.8637425303459167,0.13625745475292206
PETS_CREDIT_high_eff_su2_r5_d6_b03__none,none,logitguard_continuous,b84ff32b3c14263b0dd5,1,0,0,0.8553086519241333,0.1446913629770279
PETS_CREDIT_high_eff_su2_r5_d6_b03__none,none,logitguard_continuous,9fc5fbe55717fe6862a4,1,1,1,0.15275108814239502,0.847248911857605
PETS_CREDIT_high_eff_su2_r5_d6_b03__none,none,logitguard_continuous,9eb158e3cbe5bc901e26,1,0,0,0.8610998392105103,0.13890016078948975
PETS_CREDIT_high_eff_su2_r5_d6_b03__none,none,logitguard_continuous,09c28941e61886717e09,1,0,0,0.8591175079345703,0.1408824622631073
PETS_CREDIT_high_eff_su2_r5_d6_b03__none,none,logitguard_continuous,196d92dfff0523a23237,1,0,0,0.858871579170227,0.14112840592861176
PETS_CREDIT_high_eff_su2_r5_d6_b03__none,none,logitguard_continuous,0ffd3e39286157b02ad4,1,0,0,0.862114429473877,0.13788561522960663
PETS_CREDIT_high_eff_su2_r5_d6_b03__none,none,logitguard_continuous,25bed8f88a506c4cc366,1,0,0,0.8450608253479004,0.1549391746520996
PETS_CREDIT_high_eff_su2_r5_d6_b03__none,none,logitguard_continuous,a62d80fa1349c54517ce,1,0,0,0.9827237129211426,0.017276301980018616
PETS_CREDIT_high_eff_su2_r5_d6_b03__none,none,logitguard_continuous,08a6c27fcb32f81ff375,1,0,0,0.859562337398529,0.14043769240379333
PETS_CREDIT_high_eff_su2_r5_d6_b03__none,none,logitguard_continuous,26f8e0268dd95cba45fd,1,0,1,0.14840075373649597,0.8515992760658264
PETS_CREDIT_high_eff_su2_r5_d6_b03__none,none,logitguard_continuous,f332cc500c7a62b19024,1,0,0,0.8580837845802307,0.14191626012325287
PETS_CREDIT_high_eff_su2_r5_d6_b03__none,none,logitguard_continuous,bfa7b1aca5d187760a16,1,0,0,0.8568918704986572,0.14310818910598755
PETS_CREDIT_high_eff_su2_r5_d6_b03__none,none,logitguard_continuous,d1d396dc69ac0aeade66,1,0,0,0.8634021282196045,0.1365979015827179
PETS_CREDIT_high_eff_su2_r5_d6_b03__none,none,logitguard_continuous,092efc45ab978715a8fa,1,0,0,0.8611252903938293,0.13887475430965424
PETS_CREDIT_high_eff_su2_r5_d6_b03__none,none,logitguard_continuous,d8e3c3c718aea110b2d9,1,1,1,0.1419926881790161,0.8580073118209839
PETS_CREDIT_high_eff_su2_r5_d6_b03__none,none,logitguard_continuous,2c3058336909d855b1f0,1,0,0,0.8577862977981567,0.14221371710300446
PETS_CREDIT_high_eff_su2_r5_d6_b03__none,none,logitguard_continuous,006df97946d214e0111f,1,1,0,0.862792432308197,0.13720755279064178
PETS_CREDIT_high_eff_su2_r5_d6_b03__none,none,logitguard_continuous,4b8fbfef25d81e60d4a6,1,0,0,0.8561301231384277,0.14386989176273346
PETS_CREDIT_high_eff_su2_r5_d6_b03__none,none,logitguard_continuous,5cb75d859aa2d3df94b0,1,0,0,0.9650304317474365,0.0349695086479187
PETS_CREDIT_high_eff_su2_r5_d6_b03__none,none,logitguard_continuous,82d40bd4122f5c76cdfb,1,0,0,0.8636483550071716,0.13635164499282837
PETS_CREDIT_high_eff_su2_r5_d6_b03__none,none,logitguard_continuous,f05df67fe5ac7ed38643,1,1,1,0.1446259766817093,0.8553740382194519
PETS_CREDIT_high_eff_su2_r5_d6_b03__none,none,logitguard_continuous,0772d1e68bccea98e68f,1,0,0,0.8754392862319946,0.12456073611974716
PETS_CREDIT_high_eff_su2_r5_d6_b03__none,none,logitguard_continuous,a1b01a469dc7802f51d3,1,0,0,0.8726414442062378,0.1273585706949234
PETS_CREDIT_high_eff_su2_r5_d6_b03__none,none,logitguard_continuous,108acbd92e651db6ac49,1,1,1,0.1432042270898819,0.8567957878112793
PETS_CREDIT_high_eff_su2_r5_d6_b03__none,none,logitguard_continuous,c75c31af2389cc3a594f,1,0,1,0.14079174399375916,0.8592082858085632
PETS_CREDIT_high_eff_su2_r5_d6_b03__none,none,logitguard_continuous,2379dd478643b9cc0bc1,1,0,0,0.8721477389335632,0.12785230576992035
PETS_CREDIT_high_eff_su2_r5_d6_b03__none,none,logitguard_continuous,7673e8a0f0b037cc51e5,1,0,0,0.8542583584785461,0.14574167132377625
PETS_CREDIT_high_eff_su2_r5_d6_b03__none,none,logitguard_continuous,7c7fe88dcec806be29da,1,0,0,0.8597164154052734,0.14028358459472656
PETS_CREDIT_high_eff_su2_r5_d6_b03__none,none,logitguard_continuous,07d4d260e30d7cf5b71f,1,0,0,0.8591839075088501,0.1408160775899887
PETS_CREDIT_high_eff_su2_r5_d6_b03__none,none,logitguard_continuous,d75c3e52dbcaf5a5ec2a,1,0,0,0.8574161529541016,0.14258387684822083
PETS_CREDIT_high_eff_su2_r5_d6_b03__none,none,logitguard_continuous,d2c3d34fb102babfa194,1,1,0,0.8529350161552429,0.14706499874591827
PETS_CREDIT_high_eff_su2_r5_d6_b03__none,none,logitguard_continuous,92516ca36411fad7d9c9,1,0,0,0.8539454340934753,0.14605456590652466
PETS_CREDIT_high_eff_su2_r5_d6_b03__none,none,logitguard_continuous,1dd9f8371cdcaa1758b3,1,0,0,0.8642361760139465,0.13576379418373108
PETS_CREDIT_high_eff_su2_r5_d6_b03__none,none,logitguard_continuous,8fe0ac3103b5acc00cdc,1,0,0,0.8562427163124084,0.14375729858875275
PETS_CREDIT_high_eff_su2_r5_d6_b03__none,none,logitguard_continuous,c3a59fc71e20658f6341,1,0,0,0.8559684157371521,0.1440315991640091
PETS_CREDIT_high_eff_su2_r5_d6_b03__none,none,logitguard_continuous,434123980ae7f6c38b02,1,0,0,0.8592521548271179,0.1407478302717209
PETS_CREDIT_high_eff_su2_r5_d6_b03__none,none,logitguard_continuous,6bf07a3ff23f9e3249c5,1,1,0,0.8601168990135193,0.1398831009864807
PETS_CREDIT_high_eff_su2_r5_d6_b03__none,none,logitguard_continuous,e030c0aa4ae0f1011f2f,1,1,1,0.13763871788978577,0.8623613119125366
PETS_CREDIT_high_eff_su2_r5_d6_b03__none,none,logitguard_continuous,8120fa8a41158dba642d,1,0,0,0.8568975925445557,0.14310243725776672
PETS_CREDIT_high_eff_su2_r5_d6_b03__none,none,logitguard_continuous,66fa33821884d4568b02,1,1,1,0.16018648445606232,0.8398135304450989
PETS_CREDIT_high_eff_su2_r5_d6_b03__none,none,logitguard_continuous,ae1704e8283a10912765,1,0,0,0.8583992719650269,0.14160077273845673
PETS_CREDIT_high_eff_su2_r5_d6_b03__none,none,logitguard_continuous,72bf8a475d5aa5538cd3,1,0,0,0.8559018969535828,0.14409813284873962
PETS_CREDIT_high_eff_su2_r5_d6_b03__none,none,logitguard_continuous,c4b2c9357254e51af6a9,1,1,1,0.15952743589878082,0.8404725790023804
PETS_CREDIT_high_eff_su2_r5_d6_b03__none,none,logitguard_continuous,4def6ca8e27be84aeb54,1,1,0,0.8550038933753967,0.14499616622924805
PETS_CREDIT_high_eff_su2_r5_d6_b03__none,none,logitguard_continuous,a5b1091e7ec67f7a06ed,1,0,1,0.14058564603328705,0.8594143986701965
PETS_CREDIT_high_eff_su2_r5_d6_b03__none,none,logitguard_continuous,daf2c33eb0f2b7518584,1,0,0,0.8732735514640808,0.1267264485359192
PETS_CREDIT_high_eff_su2_r5_d6_b03__none,none,logitguard_continuous,6e144bf85d42e3ac6fae,1,0,0,0.8594712018966675,0.1405288428068161
PETS_CREDIT_high_eff_su2_r5_d6_b03__none,none,logitguard_continuous,f97851146238bb9a3754,1,0,0,0.8543756008148193,0.14562441408634186
PETS_CREDIT_high_eff_su2_r5_d6_b03__none,none,logitguard_continuous,5d21e75cb6066696e6e2,1,0,0,0.8430145382881165,0.15698547661304474
PETS_CREDIT_high_eff_su2_r5_d6_b03__none,none,logitguard_continuous,4aa64c627cb9b82d7f42,1,0,0,0.8568288683891296,0.14317111670970917
PETS_CREDIT_high_eff_su2_r5_d6_b03__none,none,logitguard_continuous,c50e57ca37a497df3a13,1,0,0,0.8673474192619324,0.13265256583690643
PETS_CREDIT_high_eff_su2_r5_d6_b03__none,none,logitguard_continuous,c0daa10532a8487ca803,1,1,1,0.137252539396286,0.8627474904060364
PETS_CREDIT_high_eff_su2_r5_d6_b03__none,none,logitguard_continuous,00405a37dd709b2d51a8,1,0,0,0.8580744862556458,0.14192555844783783
PETS_CREDIT_high_eff_su2_r5_d6_b03__none,none,logitguard_continuous,5f9c02f5ec03a28e4f53,1,0,0,0.8398909568786621,0.16010905802249908
PETS_CREDIT_high_eff_su2_r5_d6_b03__none,none,logitguard_continuous,ac5f40db5db91c18a83b,1,0,0,0.856066882610321,0.14393311738967896
PETS_CREDIT_high_eff_su2_r5_d6_b03__none,none,logitguard_continuous,5584930e99aa4007d628,1,0,0,0.856465756893158,0.14353427290916443
PETS_CREDIT_high_eff_su2_r5_d6_b03__none,none,logitguard_continuous,0674ce029ebb21d32e38,1,0,0,0.8743641972541809,0.1256358027458191
PETS_CREDIT_high_eff_su2_r5_d6_b03__none,none,logitguard_continuous,6c0e663b6848864dc914,1,0,0,0.8516137599945068,0.14838625490665436
PETS_CREDIT_high_eff_su2_r5_d6_b03__none,none,logitguard_continuous,7ce1135db7560daf7e70,1,0,0,0.8451526165008545,0.1548473984003067
PETS_CREDIT_high_eff_su2_r5_d6_b03__none,none,logitguard_continuous,70e46e61db439dd8e308,1,0,0,0.8569265007972717,0.14307348430156708
PETS_CREDIT_high_eff_su2_r5_d6_b03__none,none,logitguard_continuous,aaca4c9adb936209ae4f,1,1,1,0.15013134479522705,0.849868655204773
PETS_CREDIT_high_eff_su2_r5_d6_b03__none,none,logitguard_continuous,3ac7ac4bc65a6ffec899,1,0,0,0.8545582294464111,0.14544178545475006
PETS_CREDIT_high_eff_su2_r5_d6_b03__none,none,logitguard_continuous,c536d8f2ff559c7756e7,1,1,1,0.15325716137886047,0.8467428088188171
PETS_CREDIT_high_eff_su2_r5_d6_b03__none,none,logitguard_continuous,16e3ff8c6f696f231824,1,0,0,0.856247067451477,0.14375297725200653
PETS_CREDIT_high_eff_su2_r5_d6_b03__none,none,logitguard_continuous,dba69027df0122535f19,1,0,0,0.8617598414421082,0.13824021816253662
PETS_CREDIT_high_eff_su2_r5_d6_b03__none,none,logitguard_continuous,973b363916938dbaaf31,1,0,0,0.8565880656242371,0.14341193437576294
PETS_CREDIT_high_eff_su2_r5_d6_b03__none,none,logitguard_continuous,6ea2a519a69c09016323,1,1,1,0.13702434301376343,0.8629756569862366
PETS_CREDIT_high_eff_su2_r5_d6_b03__none,none,logitguard_continuous,26b6a5da65cdaeb8e184,1,0,0,0.8576394319534302,0.14236056804656982
PETS_CREDIT_high_eff_su2_r5_d6_b03__none,none,logitguard_continuous,c053f623dd8f2bfb7915,1,0,0,0.8455106616020203,0.15448936820030212
PETS_CREDIT_high_eff_su2_r5_d6_b03__none,none,logitguard_continuous,0a09121dee0e5db09dfe,1,0,0,0.8587702512741089,0.14122973382472992
PETS_CREDIT_high_eff_su2_r5_d6_b03__none,none,logitguard_continuous,22730a71b34176a3ba37,1,0,0,0.8589965105056763,0.14100345969200134
PETS_CREDIT_high_eff_su2_r5_d6_b03__none,none,logitguard_continuous,6af56a8b2e15acc1e086,1,1,1,0.13869093358516693,0.8613091111183167
PETS_CREDIT_high_eff_su2_r5_d6_b03__none,none,logitguard_continuous,a6dfd0dc4ba32e6c00e6,1,0,0,0.8592484593391418,0.14075152575969696
PETS_CREDIT_high_eff_su2_r5_d6_b03__none,none,logitguard_continuous,a5628044ec0880a52490,1,0,0,0.8563430309295654,0.14365701377391815
PETS_CREDIT_high_eff_su2_r5_d6_b03__none,none,logitguard_continuous,4cfea97c73e6dbfbc698,1,0,0,0.87027907371521,0.12972094118595123
PETS_CREDIT_high_eff_su2_r5_d6_b03__none,none,logitguard_continuous,32babcc385bd70eddb90,1,0,0,0.8581785559654236,0.1418214589357376
PETS_CREDIT_high_eff_su2_r5_d6_b03__none,none,logitguard_continuous,6093ce809aa33ce6693b,1,0,0,0.8595223426818848,0.14047767221927643
PETS_CREDIT_high_eff_su2_r5_d6_b03__none,none,logitguard_continuous,78edbc6916b12b570866,1,1,0,0.8627247214317322,0.1372753232717514
PETS_CREDIT_high_eff_su2_r5_d6_b03__none,none,logitguard_continuous,14865093b1485a5c3a41,1,1,0,0.8601822853088379,0.1398177444934845
PETS_CREDIT_high_eff_su2_r5_d6_b03__none,none,logitguard_continuous,46dbe6ca2f4531385a05,1,0,0,0.8624963760375977,0.13750365376472473
PETS_CREDIT_high_eff_su2_r5_d6_b03__none,none,logitguard_continuous,c9e5785745f04cec0d37,1,0,0,0.8579274415969849,0.14207254350185394
PETS_CREDIT_high_eff_su2_r5_d6_b03__none,none,logitguard_continuous,1313972ddf1c6e9eb2c9,1,0,0,0.8598440289497375,0.14015597105026245
PETS_CREDIT_high_eff_su2_r5_d6_b03__none,none,logitguard_continuous,42e9f06773aa97fa92d4,0,0,0,0.8659027218818665,0.13409730792045593
PETS_CREDIT_high_eff_su2_r5_d6_b03__none,none,logitguard_continuous,7bfb843a13cff05233ad,0,0,0,0.8618581891059875,0.13814182579517365
PETS_CREDIT_high_eff_su2_r5_d6_b03__none,none,logitguard_continuous,2218e6bd75832a43d007,0,0,0,0.8586726784706116,0.14132732152938843
PETS_CREDIT_high_eff_su2_r5_d6_b03__none,none,logitguard_continuous,9bfd22e983b09efc4239,0,0,0,0.8625701665878296,0.13742980360984802
PETS_CREDIT_high_eff_su2_r5_d6_b03__none,none,logitguard_continuous,34bfadccd6d7f30d94a1,0,0,0,0.8618199229240417,0.13818004727363586
PETS_CREDIT_high_eff_su2_r5_d6_b03__none,none,logitguard_continuous,5f861fea617a3ee7da16,0,1,0,0.8522720336914062,0.14772798120975494
PETS_CREDIT_high_eff_su2_r5_d6_b03__none,none,logitguard_continuous,3b2a390113c4d06485dc,0,0,1,0.14169961214065552,0.8583003878593445
PETS_CREDIT_high_eff_su2_r5_d6_b03__none,none,logitguard_continuous,f1d5fbea8d8fc197f689,0,1,0,0.8528090119361877,0.14719104766845703
PETS_CREDIT_high_eff_su2_r5_d6_b03__none,none,logitguard_continuous,a55e7f353f00168e8f2a,0,1,0,0.8572750091552734,0.14272503554821014
PETS_CREDIT_high_eff_su2_r5_d6_b03__none,none,logitguard_continuous,7b2b85015deb930a73bd,0,0,1,0.1434485763311386,0.8565514087677002
PETS_CREDIT_high_eff_su2_r5_d6_b03__none,none,logitguard_continuous,7990ceff4d0c77eeca8b,0,0,0,0.8602150082588196,0.1397850066423416
PETS_CREDIT_high_eff_su2_r5_d6_b03__none,none,logitguard_continuous,4194c2831bd65263a55f,0,0,0,0.867188572883606,0.13281141221523285
PETS_CREDIT_high_eff_su2_r5_d6_b03__none,none,logitguard_continuous,89b5beeaae443f174906,0,0,0,0.8559479117393494,0.14405210316181183
PETS_CREDIT_high_eff_su2_r5_d6_b03__none,none,logitguard_continuous,c9b90a5a5aabbbda656e,0,0,0,0.8622782826423645,0.13772165775299072
PETS_CREDIT_high_eff_su2_r5_d6_b03__none,none,logitguard_continuous,45e249d80792feb4d2d2,0,0,0,0.8605610728263855,0.13943897187709808
PETS_CREDIT_high_eff_su2_r5_d6_b03__none,none,logitguard_continuous,ac4bb9f68cc026f7ef87,0,1,0,0.9629054665565491,0.037094518542289734
PETS_CREDIT_high_eff_su2_r5_d6_b03__none,none,logitguard_continuous,2f4ee8e91be4e65736a4,0,0,0,0.8591334223747253,0.14086659252643585
PETS_CREDIT_high_eff_su2_r5_d6_b03__none,none,logitguard_continuous,48db4133c9bf431ebe79,0,0,1,0.15586772561073303,0.8441323041915894
PETS_CREDIT_high_eff_su2_r5_d6_b03__none,none,logitguard_continuous,25773551baf095668618,0,0,0,0.9353545904159546,0.06464541703462601
PETS_CREDIT_high_eff_su2_r5_d6_b03__none,none,logitguard_continuous,a5648815fec59cd1c995,0,1,1,0.1449117511510849,0.8550882339477539
PETS_CREDIT_high_eff_su2_r5_d6_b03__none,none,logitguard_continuous,d5e3f577c74cd5bde9ef,0,0,1,0.1360650360584259,0.8639349341392517
PETS_CREDIT_high_eff_su2_r5_d6_b03__none,none,logitguard_continuous,90aa3dc827baf03a0b7f,0,0,0,0.8669902086257935,0.13300980627536774
PETS_CREDIT_high_eff_su2_r5_d6_b03__none,none,logitguard_continuous,a4ed03b502889d9468c9,0,0,0,0.859034538269043,0.14096547663211823
PETS_CREDIT_high_eff_su2_r5_d6_b03__none,none,logitguard_continuous,72382fc3b364c3c36162,0,0,0,0.8537575006484985,0.14624252915382385
PETS_CREDIT_high_eff_su2_r5_d6_b03__none,none,logitguard_continuous,9214bdad11cf5b0f5788,0,0,0,0.8435764908790588,0.15642355382442474
PETS_CREDIT_high_eff_su2_r5_d6_b03__none,none,logitguard_continuous,b224dfc19404bbda9ee4,0,0,1,0.15916016697883606,0.8408398032188416
PETS_CREDIT_high_eff_su2_r5_d6_b03__none,none,logitguard_continuous,150e2fdbb7bdebe9ab21,0,0,0,0.8608213067054749,0.13917867839336395
PETS_CREDIT_high_eff_su2_r5_d6_b03__none,none,logitguard_continuous,e81e235b5be50fce8ed4,0,0,0,0.8664944171905518,0.13350555300712585
PETS_CREDIT_high_eff_su2_r5_d6_b03__none,none,logitguard_continuous,a6f8faff37efe9eca5fe,0,0,0,0.8582251071929932,0.14177487790584564
PETS_CREDIT_high_eff_su2_r5_d6_b03__none,none,logitguard_continuous,444967b541f184305a6c,0,0,0,0.8566191792488098,0.14338082075119019
PETS_CREDIT_high_eff_su2_r5_d6_b03__none,none,logitguard_continuous,b3648943abce0512f994,0,0,0,0.8606646060943604,0.13933533430099487
PETS_CREDIT_high_eff_su2_r5_d6_b03__none,none,logitguard_continuous,f55dd0075c038f761436,0,0,0,0.8605093955993652,0.13949061930179596
PETS_CREDIT_high_eff_su2_r5_d6_b03__none,none,logitguard_continuous,19eaeaae64289dba8ce8,0,1,1,0.14175750315189362,0.8582425117492676
PETS_CREDIT_high_eff_su2_r5_d6_b03__none,none,logitguard_continuous,9af74acc6cc7a48f4fd9,0,0,0,0.858654260635376,0.14134572446346283
PETS_CREDIT_high_eff_su2_r5_d6_b03__none,none,logitguard_continuous,e26cf49baf1a8f2a6289,0,1,1,0.1349087357521057,0.8650912642478943
PETS_CREDIT_high_eff_su2_r5_d6_b03__none,none,logitguard_continuous,4010d1d0fc60044b7e83,0,0,0,0.855719268321991,0.14428076148033142
PETS_CREDIT_high_eff_su2_r5_d6_b03__none,none,logitguard_continuous,6146ee4e50398bd2590b,0,0,1,0.14738626778125763,0.8526137471199036
PETS_CREDIT_high_eff_su2_r5_d6_b03__none,none,logitguard_continuous,17405c31370c8de7f8b8,0,0,0,0.872100293636322,0.1278996765613556
PETS_CREDIT_high_eff_su2_r5_d6_b03__none,none,logitguard_continuous,471df40f4bdddddc09ec,0,1,1,0.1603466123342514,0.8396533727645874
PETS_CREDIT_high_eff_su2_r5_d6_b03__none,none,logitguard_continuous,b38c56a4fffe98b7efc8,0,0,0,0.854111909866333,0.1458880603313446
PETS_CREDIT_high_eff_su2_r5_d6_b03__none,none,logitguard_continuous,69c16449e008d39bb994,0,0,0,0.858609676361084,0.1413903385400772
PETS_CREDIT_high_eff_su2_r5_d6_b03__none,none,logitguard_continuous,0748c8ca29b369b66e6f,0,1,0,0.8663744926452637,0.13362550735473633
PETS_CREDIT_high_eff_su2_r5_d6_b03__none,none,logitguard_continuous,da3092a0e04488fc3d83,0,0,0,0.927329957485199,0.07267002016305923
PETS_CREDIT_high_eff_su2_r5_d6_b03__none,none,logitguard_continuous,74cb3d94d7d3fcb0963b,0,0,0,0.8452370166778564,0.15476302802562714
PETS_CREDIT_high_eff_su2_r5_d6_b03__none,none,logitguard_continuous,3c4479d085b1b0ae10d8,0,0,0,0.8587177991867065,0.14128224551677704
PETS_CREDIT_high_eff_su2_r5_d6_b03__none,none,logitguard_continuous,5960e131d3cbd3ac2bd9,0,0,0,0.8406587243080139,0.15934130549430847
PETS_CREDIT_high_eff_su2_r5_d6_b03__none,none,logitguard_continuous,3122b20f9c469ddb4810,0,0,0,0.863444447517395,0.1365555226802826
PETS_CREDIT_high_eff_su2_r5_d6_b03__none,none,logitguard_continuous,5f5253b7ee72fa683082,0,0,0,0.8557432293891907,0.14425678551197052
PETS_CREDIT_high_eff_su2_r5_d6_b03__none,none,logitguard_continuous,2478313b949e4a19fec5,0,1,1,0.13953925669193268,0.8604607582092285
PETS_CREDIT_high_eff_su2_r5_d6_b03__none,none,logitguard_continuous,6803403d6e57131ab879,0,0,0,0.8686689734458923,0.13133102655410767
PETS_CREDIT_high_eff_su2_r5_d6_b03__none,none,logitguard_continuous,5628f53706485c5a34f9,0,0,0,0.8597257733345032,0.14027424156665802
PETS_CREDIT_high_eff_su2_r5_d6_b03__none,none,logitguard_continuous,e3aa42e9baae40909b2c,0,0,0,0.8606014251708984,0.13939863443374634
PETS_CREDIT_high_eff_su2_r5_d6_b03__none,none,logitguard_continuous,50a0be37bf2f275bd4d6,0,0,0,0.8580721616744995,0.1419278383255005
PETS_CREDIT_high_eff_su2_r5_d6_b03__none,none,logitguard_continuous,87b361e38d3a033e0147,0,0,0,0.8616873621940613,0.13831265270709991
PETS_CREDIT_high_eff_su2_r5_d6_b03__none,none,logitguard_continuous,10adaa08b0205f280a31,0,1,0,0.8592081665992737,0.1407918483018875
PETS_CREDIT_high_eff_su2_r5_d6_b03__none,none,logitguard_continuous,9d233cff809c5f6dd546,0,1,0,0.8620456457138062,0.13795436918735504
PETS_CREDIT_high_eff_su2_r5_d6_b03__none,none,logitguard_continuous,baf60f731977893683c9,0,0,0,0.8622666001319885,0.13773341476917267
PETS_CREDIT_high_eff_su2_r5_d6_b03__none,none,logitguard_continuous,91f87ca67e3c04007486,0,1,0,0.8662072420120239,0.13379274308681488
PETS_CREDIT_high_eff_su2_r5_d6_b03__none,none,logitguard_continuous,8273cd051f4f3c543c72,0,0,0,0.8605857491493225,0.1394142508506775
PETS_CREDIT_high_eff_su2_r5_d6_b03__none,none,logitguard_continuous,01c60ffe9b042bc05cfc,0,0,0,0.8533782362937927,0.14662179350852966
PETS_CREDIT_high_eff_su2_r5_d6_b03__none,none,logitguard_continuous,da5f5efb7790004fff98,0,1,0,0.8555285930633545,0.1444714367389679
PETS_CREDIT_high_eff_su2_r5_d6_b03__none,none,logitguard_continuous,d545cdd659f37acdba6c,0,1,0,0.8663432598114014,0.13365671038627625
PETS_CREDIT_high_eff_su2_r5_d6_b03__none,none,logitguard_continuous,3e5959b02df8356effc1,0,0,0,0.861833930015564,0.13816601037979126
PETS_CREDIT_high_eff_su2_r5_d6_b03__none,none,logitguard_continuous,236eaf6e697017b75006,0,0,0,0.8396775126457214,0.16032251715660095
PETS_CREDIT_high_eff_su2_r5_d6_b03__none,none,logitguard_continuous,2ca770f234439727c33f,0,0,0,0.858056366443634,0.14194366335868835
PETS_CREDIT_high_eff_su2_r5_d6_b03__none,none,logitguard_continuous,9fe9252c0b576d892b50,0,0,0,0.8585535883903503,0.14144644141197205
PETS_CREDIT_high_eff_su2_r5_d6_b03__none,none,logitguard_continuous,f22d9a5133c174dae56c,0,0,1,0.14274713397026062,0.857252836227417
PETS_CREDIT_high_eff_su2_r5_d6_b03__none,none,logitguard_continuous,02d132ee580866ee41a8,0,0,0,0.8626895546913147,0.1373104453086853
PETS_CREDIT_high_eff_su2_r5_d6_b03__none,none,logitguard_continuous,323bc2b7ded81007c10b,0,0,0,0.8734491467475891,0.12655089795589447
PETS_CREDIT_high_eff_su2_r5_d6_b03__none,none,logitguard_continuous,7eb02391460879bfe425,0,1,1,0.15104375779628754,0.8489562273025513
PETS_CREDIT_high_eff_su2_r5_d6_b03__none,none,logitguard_continuous,8023a2850646517888f6,0,0,0,0.8478029370307922,0.15219704806804657
PETS_CREDIT_high_eff_su2_r5_d6_b03__none,none,logitguard_continuous,c80e702330688e6c3640,0,0,0,0.8606095314025879,0.1393904983997345
PETS_CREDIT_high_eff_su2_r5_d6_b03__none,none,logitguard_continuous,3e01576c4964ce1df77e,0,0,0,0.8534809947013855,0.1465190351009369
PETS_CREDIT_high_eff_su2_r5_d6_b03__none,none,logitguard_continuous,d8bd80969a4223b1746d,0,0,0,0.8577502965927124,0.14224973320960999
PETS_CREDIT_high_eff_su2_r5_d6_b03__none,none,logitguard_continuous,c98e7a188d21f2d4c7c5,0,0,1,0.14957138895988464,0.850428581237793
PETS_CREDIT_high_eff_su2_r5_d6_b03__none,none,logitguard_continuous,a53b6f24d57097d0166f,0,0,0,0.859027087688446,0.14097294211387634
PETS_CREDIT_high_eff_su2_r5_d6_b03__none,none,logitguard_continuous,8b702b29b3bba3c0c011,0,0,0,0.8618195056915283,0.13818053901195526
PETS_CREDIT_high_eff_su2_r5_d6_b03__none,none,logitguard_continuous,5808218040029ad54abc,0,0,0,0.8570496439933777,0.1429503858089447
PETS_CREDIT_high_eff_su2_r5_d6_b03__none,none,logitguard_continuous,2cdf0f49b2642481ca8f,0,1,0,0.8393867015838623,0.1606132984161377
PETS_CREDIT_high_eff_su2_r5_d6_b03__none,none,logitguard_continuous,d8141fe3b07ab69c0481,0,0,0,0.851814866065979,0.148185133934021
PETS_CREDIT_high_eff_su2_r5_d6_b03__none,none,logitguard_continuous,a2d2d92e2ba800faa946,0,1,1,0.13644592463970184,0.863554060459137
PETS_CREDIT_high_eff_su2_r5_d6_b03__none,none,logitguard_continuous,657f767276025ad88617,0,0,0,0.8571140766143799,0.1428859680891037
PETS_CREDIT_high_eff_su2_r5_d6_b03__none,none,logitguard_continuous,21cc40e171d11484f55e,0,0,0,0.8566698431968689,0.1433301568031311
PETS_CREDIT_high_eff_su2_r5_d6_b03__none,none,logitguard_continuous,68458c3065d2ff08346a,0,0,0,0.8596540689468384,0.14034594595432281
PETS_CREDIT_high_eff_su2_r5_d6_b03__none,none,logitguard_continuous,b690772de8eb14084d30,0,1,0,0.8549028038978577,0.14509721100330353
PETS_CREDIT_high_eff_su2_r5_d6_b03__none,none,logitguard_continuous,0f0ec6f2889f1d9d2876,0,0,0,0.8475974202156067,0.1524026095867157
PETS_CREDIT_high_eff_su2_r5_d6_b03__none,none,logitguard_continuous,18bbbff1da0a4760b6ff,0,0,0,0.8575965166091919,0.1424034833908081
PETS_CREDIT_high_eff_su2_r5_d6_b03__none,none,logitguard_continuous,5718ce19a4a1c640caac,0,0,0,0.8562358021736145,0.1437641680240631
PETS_CREDIT_high_eff_su2_r5_d6_b03__none,none,logitguard_continuous,5c1eaee6580358b55afc,0,0,0,0.8504316806793213,0.14956830441951752
PETS_CREDIT_high_eff_su2_r5_d6_b03__none,none,logitguard_continuous,0835edef9bf74dc85154,0,1,0,0.8594985604286194,0.1405014544725418
PETS_CREDIT_high_eff_su2_r5_d6_b03__none,none,logitguard_continuous,05e7a2529d248075df48,0,0,0,0.8392036557197571,0.1607963740825653
PETS_CREDIT_high_eff_su2_r5_d6_b03__none,none,logitguard_continuous,71f1648b8b8cb6d1277e,0,0,0,0.8546016812324524,0.14539834856987
PETS_CREDIT_high_eff_su2_r5_d6_b03__none,none,logitguard_continuous,cb39c23acaa500033ed0,0,0,0,0.8522962331771851,0.14770373702049255
PETS_CREDIT_high_eff_su2_r5_d6_b03__none,none,logitguard_continuous,c55786a9941cc04c9348,0,0,1,0.1457574963569641,0.8542425632476807
PETS_CREDIT_high_eff_su2_r5_d6_b03__none,none,logitguard_continuous,cc92f2b4b36f95de3e7f,0,0,0,0.8659008145332336,0.13409923017024994
PETS_CREDIT_high_eff_su2_r5_d6_b03__none,none,logitguard_continuous,4c3cfe1fe9e491bb9c0e,0,1,0,0.8578252792358398,0.14217476546764374
PETS_CREDIT_high_eff_su2_r5_d6_b03__none,none,logitguard_continuous,fa91758004730bf9cef8,0,1,0,0.852996826171875,0.14700321853160858
PETS_CREDIT_high_eff_su2_r5_d6_b03__none,none,logitguard_continuous,b78fcdfd9fe43578fef1,0,0,0,0.9000883102416992,0.09991169720888138
PETS_CREDIT_high_eff_su2_r5_d6_b03__none,none,logitguard_continuous,27103d15734219f0d343,0,0,0,0.8614513874053955,0.13854862749576569
PETS_CREDIT_high_eff_su2_r5_d6_b03__none,none,logitguard_continuous,36f760028306a12bff25,0,0,0,0.8597034215927124,0.1402965784072876
PETS_CREDIT_high_eff_su2_r5_d6_b03__none,none,logitguard_quantized,619b46d6086e6aad3d84,1,0,0,0.8652969598770142,0.13470305502414703
PETS_CREDIT_high_eff_su2_r5_d6_b03__none,none,logitguard_quantized,5e48c11768cb070aefe6,1,0,0,0.8532096743583679,0.14679034054279327
PETS_CREDIT_high_eff_su2_r5_d6_b03__none,none,logitguard_quantized,7105743f10682ac4a1cc,1,0,0,0.8629487156867981,0.1370512992143631
PETS_CREDIT_high_eff_su2_r5_d6_b03__none,none,logitguard_quantized,272c38b1ecd099be7890,1,0,0,0.8581489324569702,0.14185109734535217
PETS_CREDIT_high_eff_su2_r5_d6_b03__none,none,logitguard_quantized,6f47824d3363865de61a,1,0,0,0.8629487156867981,0.1370512992143631
PETS_CREDIT_high_eff_su2_r5_d6_b03__none,none,logitguard_quantized,b0f47ae4b56b3aa4d111,1,1,1,0.1370512992143631,0.8629487156867981
PETS_CREDIT_high_eff_su2_r5_d6_b03__none,none,logitguard_quantized,f073d35785cf76f1409c,1,0,0,0.8605661392211914,0.13943389058113098
PETS_CREDIT_high_eff_su2_r5_d6_b03__none,none,logitguard_quantized,01e7168ae2a624ff9916,1,1,1,0.13943389058113098,0.8605661392211914
PETS_CREDIT_high_eff_su2_r5_d6_b03__none,none,logitguard_quantized,1c7eb9e50fc08e5f8cf0,1,1,0,0.8581489324569702,0.14185109734535217
PETS_CREDIT_high_eff_su2_r5_d6_b03__none,none,logitguard_quantized,8f95586c1c6fb3f2a750,1,0,0,0.8605661392211914,0.13943389058113098
PETS_CREDIT_high_eff_su2_r5_d6_b03__none,none,logitguard_quantized,2c2eb339de59d2b86f66,1,0,0,0.8581489324569702,0.14185109734535217
PETS_CREDIT_high_eff_su2_r5_d6_b03__none,none,logitguard_quantized,ab00e756b29c98fd6674,1,0,0,0.8556969165802002,0.14430314302444458
PETS_CREDIT_high_eff_su2_r5_d6_b03__none,none,logitguard_quantized,70d271c728323ea28d90,1,0,0,0.8556969165802002,0.14430314302444458
PETS_CREDIT_high_eff_su2_r5_d6_b03__none,none,logitguard_quantized,69ef03b5c6f4f7ecef33,1,0,0,0.8743521571159363,0.1256478726863861
PETS_CREDIT_high_eff_su2_r5_d6_b03__none,none,logitguard_quantized,eb849709f12c60edd50b,1,0,0,0.8786811828613281,0.12131884694099426
PETS_CREDIT_high_eff_su2_r5_d6_b03__none,none,logitguard_quantized,ab97fae957e08270ffce,1,1,0,0.8629487156867981,0.1370512992143631
PETS_CREDIT_high_eff_su2_r5_d6_b03__none,none,logitguard_quantized,e07f107ec2deef516f4f,1,0,0,0.8605661392211914,0.13943389058113098
PETS_CREDIT_high_eff_su2_r5_d6_b03__none,none,logitguard_quantized,88b1c0733571d25bdfa5,1,0,0,0.8629487156867981,0.1370512992143631
PETS_CREDIT_high_eff_su2_r5_d6_b03__none,none,logitguard_quantized,b84ff32b3c14263b0dd5,1,0,0,0.8556969165802002,0.14430314302444458
PETS_CREDIT_high_eff_su2_r5_d6_b03__none,none,logitguard_quantized,9fc5fbe55717fe6862a4,1,1,1,0.15187117457389832,0.8481287956237793
PETS_CREDIT_high_eff_su2_r5_d6_b03__none,none,logitguard_quantized,9eb158e3cbe5bc901e26,1,0,0,0.8605661392211914,0.13943389058113098
PETS_CREDIT_high_eff_su2_r5_d6_b03__none,none,logitguard_quantized,09c28941e61886717e09,1,0,0,0.8581489324569702,0.14185109734535217
PETS_CREDIT_high_eff_su2_r5_d6_b03__none,none,logitguard_quantized,196d92dfff0523a23237,1,0,0,0.8581489324569702,0.14185109734535217
PETS_CREDIT_high_eff_su2_r5_d6_b03__none,none,logitguard_quantized,0ffd3e39286157b02ad4,1,0,0,0.8629487156867981,0.1370512992143631
PETS_CREDIT_high_eff_su2_r5_d6_b03__none,none,logitguard_quantized,25bed8f88a506c4cc366,1,0,0,0.8455346822738647,0.15446525812149048
PETS_CREDIT_high_eff_su2_r5_d6_b03__none,none,logitguard_quantized,a62d80fa1349c54517ce,1,0,0,0.9827067852020264,0.017293155193328857
PETS_CREDIT_high_eff_su2_r5_d6_b03__none,none,logitguard_quantized,08a6c27fcb32f81ff375,1,0,0,0.8605661392211914,0.13943389058113098
PETS_CREDIT_high_eff_su2_r5_d6_b03__none,none,logitguard_quantized,26f8e0268dd95cba45fd,1,0,1,0.14931294322013855,0.8506870269775391
PETS_CREDIT_high_eff_su2_r5_d6_b03__none,none,logitguard_quantized,f332cc500c7a62b19024,1,0,0,0.8581489324569702,0.14185109734535217
PETS_CREDIT_high_eff_su2_r5_d6_b03__none,none,logitguard_quantized,bfa7b1aca5d187760a16,1,0,0,0.8556969165802002,0.14430314302444458
PETS_CREDIT_high_eff_su2_r5_d6_b03__none,none,logitguard_quantized,d1d396dc69ac0aeade66,1,0,0,0.8629487156867981,0.1370512992143631
PETS_CREDIT_high_eff_su2_r5_d6_b03__none,none,logitguard_quantized,092efc45ab978715a8fa,1,0,0,0.8605661392211914,0.13943389058113098
PETS_CREDIT_high_eff_su2_r5_d6_b03__none,none,logitguard_quantized,d8e3c3c718aea110b2d9,1,1,1,0.14185109734535217,0.8581489324569702
PETS_CREDIT_high_eff_su2_r5_d6_b03__none,none,logitguard_quantized,2c3058336909d855b1f0,1,0,0,0.8581489324569702,0.14185109734535217
PETS_CREDIT_high_eff_su2_r5_d6_b03__none,none,logitguard_quantized,006df97946d214e0111f,1,1,0,0.8629487156867981,0.1370512992143631
PETS_CREDIT_high_eff_su2_r5_d6_b03__none,none,logitguard_quantized,4b8fbfef25d81e60d4a6,1,0,0,0.8556969165802002,0.14430314302444458
PETS_CREDIT_high_eff_su2_r5_d6_b03__none,none,logitguard_quantized,5cb75d859aa2d3df94b0,1,0,0,0.9651085734367371,0.034891411662101746
PETS_CREDIT_high_eff_su2_r5_d6_b03__none,none,logitguard_quantized,82d40bd4122f5c76cdfb,1,0,0,0.8629487156867981,0.1370512992143631
PETS_CREDIT_high_eff_su2_r5_d6_b03__none,none,logitguard_quantized,f05df67fe5ac7ed38643,1,1,1,0.14430314302444458,0.8556969165802002
PETS_CREDIT_high_eff_su2_r5_d6_b03__none,none,logitguard_quantized,0772d1e68bccea98e68f,1,0,0,0.8743521571159363,0.1256478726863861
PETS_CREDIT_high_eff_su2_r5_d6_b03__none,none,logitguard_quantized,a1b01a469dc7802f51d3,1,0,0,0.8721384406089783,0.12786157429218292
PETS_CREDIT_high_eff_su2_r5_d6_b03__none,none,logitguard_quantized,108acbd92e651db6ac49,1,1,1,0.14430314302444458,0.8556969165802002
PETS_CREDIT_high_eff_su2_r5_d6_b03__none,none,logitguard_quantized,c75c31af2389cc3a594f,1,0,1,0.14185109734535217,0.8581489324569702
PETS_CREDIT_high_eff_su2_r5_d6_b03__none,none,logitguard_quantized,2379dd478643b9cc0bc1,1,0,0,0.8721384406089783,0.12786157429218292
PETS_CREDIT_high_eff_su2_r5_d6_b03__none,none,logitguard_quantized,7673e8a0f0b037cc51e5,1,0,0,0.8532096743583679,0.14679034054279327
PETS_CREDIT_high_eff_su2_r5_d6_b03__none,none,logitguard_quantized,7c7fe88dcec806be29da,1,0,0,0.8605661392211914,0.13943389058113098
PETS_CREDIT_high_eff_su2_r5_d6_b03__none,none,logitguard_quantized,07d4d260e30d7cf5b71f,1,0,0,0.8581489324569702,0.14185109734535217
PETS_CREDIT_high_eff_su2_r5_d6_b03__none,none,logitguard_quantized,d75c3e52dbcaf5a5ec2a,1,0,0,0.8581489324569702,0.14185109734535217
PETS_CREDIT_high_eff_su2_r5_d6_b03__none,none,logitguard_quantized,d2c3d34fb102babfa194,1,1,0,0.8532096743583679,0.14679034054279327
PETS_CREDIT_high_eff_su2_r5_d6_b03__none,none,logitguard_quantized,92516ca36411fad7d9c9,1,0,0,0.8532096743583679,0.14679034054279327
PETS_CREDIT_high_eff_su2_r5_d6_b03__none,none,logitguard_quantized,1dd9f8371cdcaa1758b3,1,0,0,0.8652969598770142,0.13470305502414703
PETS_CREDIT_high_eff_su2_r5_d6_b03__none,none,logitguard_quantized,8fe0ac3103b5acc00cdc,1,0,0,0.8556969165802002,0.14430314302444458
PETS_CREDIT_high_eff_su2_r5_d6_b03__none,none,logitguard_quantized,c3a59fc71e20658f6341,1,0,0,0.8556969165802002,0.14430314302444458
PETS_CREDIT_high_eff_su2_r5_d6_b03__none,none,logitguard_quantized,434123980ae7f6c38b02,1,0,0,0.8581489324569702,0.14185109734535217
PETS_CREDIT_high_eff_su2_r5_d6_b03__none,none,logitguard_quantized,6bf07a3ff23f9e3249c5,1,1,0,0.8605661392211914,0.13943389058113098
PETS_CREDIT_high_eff_su2_r5_d6_b03__none,none,logitguard_quantized,e030c0aa4ae0f1011f2f,1,1,1,0.1370512992143631,0.8629487156867981
PETS_CREDIT_high_eff_su2_r5_d6_b03__none,none,logitguard_quantized,8120fa8a41158dba642d,1,0,0,0.8556969165802002,0.14430314302444458
PETS_CREDIT_high_eff_su2_r5_d6_b03__none,none,logitguard_quantized,66fa33821884d4568b02,1,1,1,0.15976199507713318,0.8402379751205444
PETS_CREDIT_high_eff_su2_r5_d6_b03__none,none,logitguard_quantized,ae1704e8283a10912765,1,0,0,0.8581489324569702,0.14185109734535217
PETS_CREDIT_high_eff_su2_r5_d6_b03__none,none,logitguard_quantized,72bf8a475d5aa5538cd3,1,0,0,0.8556969165802002,0.14430314302444458
PETS_CREDIT_high_eff_su2_r5_d6_b03__none,none,logitguard_quantized,c4b2c9357254e51af6a9,1,1,1,0.15976199507713318,0.8402379751205444
PETS_CREDIT_high_eff_su2_r5_d6_b03__none,none,logitguard_quantized,4def6ca8e27be84aeb54,1,1,0,0.8556969165802002,0.14430314302444458
PETS_CREDIT_high_eff_su2_r5_d6_b03__none,none,logitguard_quantized,a5b1091e7ec67f7a06ed,1,0,1,0.13943389058113098,0.8605661392211914
PETS_CREDIT_high_eff_su2_r5_d6_b03__none,none,logitguard_quantized,daf2c33eb0f2b7518584,1,0,0,0.8743521571159363,0.1256478726863861
PETS_CREDIT_high_eff_su2_r5_d6_b03__none,none,logitguard_quantized,6e144bf85d42e3ac6fae,1,0,0,0.8605661392211914,0.13943389058113098
PETS_CREDIT_high_eff_su2_r5_d6_b03__none,none,logitguard_quantized,f97851146238bb9a3754,1,0,0,0.8532096743583679,0.14679034054279327
PETS_CREDIT_high_eff_su2_r5_d6_b03__none,none,logitguard_quantized,5d21e75cb6066696e6e2,1,0,0,0.8429045677185059,0.15709547698497772
PETS_CREDIT_high_eff_su2_r5_d6_b03__none,none,logitguard_quantized,4aa64c627cb9b82d7f42,1,0,0,0.8556969165802002,0.14430314302444458
PETS_CREDIT_high_eff_su2_r5_d6_b03__none,none,logitguard_quantized,c50e57ca37a497df3a13,1,0,0,0.8676111102104187,0.1323888748884201
PETS_CREDIT_high_eff_su2_r5_d6_b03__none,none,logitguard_quantized,c0daa10532a8487ca803,1,1,1,0.1370512992143631,0.8629487156867981
PETS_CREDIT_high_eff_su2_r5_d6_b03__none,none,logitguard_quantized,00405a37dd709b2d51a8,1,0,0,0.8581489324569702,0.14185109734535217
PETS_CREDIT_high_eff_su2_r5_d6_b03__none,none,logitguard_quantized,5f9c02f5ec03a28e4f53,1,0,0,0.8402379751205444,0.15976199507713318
PETS_CREDIT_high_eff_su2_r5_d6_b03__none,none,logitguard_quantized,ac5f40db5db91c18a83b,1,0,0,0.8556969165802002,0.14430314302444458
PETS_CREDIT_high_eff_su2_r5_d6_b03__none,none,logitguard_quantized,5584930e99aa4007d628,1,0,0,0.8556969165802002,0.14430314302444458
PETS_CREDIT_high_eff_su2_r5_d6_b03__none,none,logitguard_quantized,0674ce029ebb21d32e38,1,0,0,0.8743521571159363,0.1256478726863861
PETS_CREDIT_high_eff_su2_r5_d6_b03__none,none,logitguard_quantized,6c0e663b6848864dc914,1,0,0,0.8506870269775391,0.14931294322013855
PETS_CREDIT_high_eff_su2_r5_d6_b03__none,none,logitguard_quantized,7ce1135db7560daf7e70,1,0,0,0.8455346822738647,0.15446525812149048
PETS_CREDIT_high_eff_su2_r5_d6_b03__none,none,logitguard_quantized,70e46e61db439dd8e308,1,0,0,0.8556969165802002,0.14430314302444458
PETS_CREDIT_high_eff_su2_r5_d6_b03__none,none,logitguard_quantized,aaca4c9adb936209ae4f,1,1,1,0.14931294322013855,0.8506870269775391
PETS_CREDIT_high_eff_su2_r5_d6_b03__none,none,logitguard_quantized,3ac7ac4bc65a6ffec899,1,0,0,0.8556969165802002,0.14430314302444458
PETS_CREDIT_high_eff_su2_r5_d6_b03__none,none,logitguard_quantized,c536d8f2ff559c7756e7,1,1,1,0.15446525812149048,0.8455346822738647
PETS_CREDIT_high_eff_su2_r5_d6_b03__none,none,logitguard_quantized,16e3ff8c6f696f231824,1,0,0,0.8556969165802002,0.14430314302444458
PETS_CREDIT_high_eff_su2_r5_d6_b03__none,none,logitguard_quantized,dba69027df0122535f19,1,0,0,0.8605661392211914,0.13943389058113098
PETS_CREDIT_high_eff_su2_r5_d6_b03__none,none,logitguard_quantized,973b363916938dbaaf31,1,0,0,0.8556969165802002,0.14430314302444458
PETS_CREDIT_high_eff_su2_r5_d6_b03__none,none,logitguard_quantized,6ea2a519a69c09016323,1,1,1,0.1370512992143631,0.8629487156867981
PETS_CREDIT_high_eff_su2_r5_d6_b03__none,none,logitguard_quantized,26b6a5da65cdaeb8e184,1,0,0,0.8581489324569702,0.14185109734535217
PETS_CREDIT_high_eff_su2_r5_d6_b03__none,none,logitguard_quantized,c053f623dd8f2bfb7915,1,0,0,0.8455346822738647,0.15446525812149048
PETS_CREDIT_high_eff_su2_r5_d6_b03__none,none,logitguard_quantized,0a09121dee0e5db09dfe,1,0,0,0.8581489324569702,0.14185109734535217
PETS_CREDIT_high_eff_su2_r5_d6_b03__none,none,logitguard_quantized,22730a71b34176a3ba37,1,0,0,0.8581489324569702,0.14185109734535217
PETS_CREDIT_high_eff_su2_r5_d6_b03__none,none,logitguard_quantized,6af56a8b2e15acc1e086,1,1,1,0.13943389058113098,0.8605661392211914
PETS_CREDIT_high_eff_su2_r5_d6_b03__none,none,logitguard_quantized,a6dfd0dc4ba32e6c00e6,1,0,0,0.8581489324569702,0.14185109734535217
PETS_CREDIT_high_eff_su2_r5_d6_b03__none,none,logitguard_quantized,a5628044ec0880a52490,1,0,0,0.8556969165802002,0.14430314302444458
PETS_CREDIT_high_eff_su2_r5_d6_b03__none,none,logitguard_quantized,4cfea97c73e6dbfbc698,1,0,0,0.8698915839195251,0.13010847568511963
PETS_CREDIT_high_eff_su2_r5_d6_b03__none,none,logitguard_quantized,32babcc385bd70eddb90,1,0,0,0.8581489324569702,0.14185109734535217
PETS_CREDIT_high_eff_su2_r5_d6_b03__none,none,logitguard_quantized,6093ce809aa33ce6693b,1,0,0,0.8605661392211914,0.13943389058113098
PETS_CREDIT_high_eff_su2_r5_d6_b03__none,none,logitguard_quantized,78edbc6916b12b570866,1,1,0,0.8629487156867981,0.1370512992143631
PETS_CREDIT_high_eff_su2_r5_d6_b03__none,none,logitguard_quantized,14865093b1485a5c3a41,1,1,0,0.8605661392211914,0.13943389058113098
PETS_CREDIT_high_eff_su2_r5_d6_b03__none,none,logitguard_quantized,46dbe6ca2f4531385a05,1,0,0,0.8629487156867981,0.1370512992143631
PETS_CREDIT_high_eff_su2_r5_d6_b03__none,none,logitguard_quantized,c9e5785745f04cec0d37,1,0,0,0.8581489324569702,0.14185109734535217
PETS_CREDIT_high_eff_su2_r5_d6_b03__none,none,logitguard_quantized,1313972ddf1c6e9eb2c9,1,0,0,0.8605661392211914,0.13943389058113098
PETS_CREDIT_high_eff_su2_r5_d6_b03__none,none,logitguard_quantized,42e9f06773aa97fa92d4,0,0,0,0.8652969598770142,0.13470305502414703
PETS_CREDIT_high_eff_su2_r5_d6_b03__none,none,logitguard_quantized,7bfb843a13cff05233ad,0,0,0,0.8629487156867981,0.1370512992143631
PETS_CREDIT_high_eff_su2_r5_d6_b03__none,none,logitguard_quantized,2218e6bd75832a43d007,0,0,0,0.8581489324569702,0.14185109734535217
PETS_CREDIT_high_eff_su2_r5_d6_b03__none,none,logitguard_quantized,9bfd22e983b09efc4239,0,0,0,0.8629487156867981,0.1370512992143631
PETS_CREDIT_high_eff_su2_r5_d6_b03__none,none,logitguard_quantized,34bfadccd6d7f30d94a1,0,0,0,0.8629487156867981,0.1370512992143631
PETS_CREDIT_high_eff_su2_r5_d6_b03__none,none,logitguard_quantized,5f861fea617a3ee7da16,0,1,0,0.8532096743583679,0.14679034054279327
PETS_CREDIT_high_eff_su2_r5_d6_b03__none,none,logitguard_quantized,3b2a390113c4d06485dc,0,0,1,0.14185109734535217,0.8581489324569702
PETS_CREDIT_high_eff_su2_r5_d6_b03__none,none,logitguard_quantized,f1d5fbea8d8fc197f689,0,1,0,0.8532096743583679,0.14679034054279327
PETS_CREDIT_high_eff_su2_r5_d6_b03__none,none,logitguard_quantized,a55e7f353f00168e8f2a,0,1,0,0.8581489324569702,0.14185109734535217
PETS_CREDIT_high_eff_su2_r5_d6_b03__none,none,logitguard_quantized,7b2b85015deb930a73bd,0,0,1,0.14430314302444458,0.8556969165802002
PETS_CREDIT_high_eff_su2_r5_d6_b03__none,none,logitguard_quantized,7990ceff4d0c77eeca8b,0,0,0,0.8605661392211914,0.13943389058113098
PETS_CREDIT_high_eff_su2_r5_d6_b03__none,none,logitguard_quantized,4194c2831bd65263a55f,0,0,0,0.8676111102104187,0.1323888748884201
PETS_CREDIT_high_eff_su2_r5_d6_b03__none,none,logitguard_quantized,89b5beeaae443f174906,0,0,0,0.8556969165802002,0.14430314302444458
PETS_CREDIT_high_eff_su2_r5_d6_b03__none,none,logitguard_quantized,c9b90a5a5aabbbda656e,0,0,0,0.8629487156867981,0.1370512992143631
PETS_CREDIT_high_eff_su2_r5_d6_b03__none,none,logitguard_quantized,45e249d80792feb4d2d2,0,0,0,0.8605661392211914,0.13943389058113098
PETS_CREDIT_high_eff_su2_r5_d6_b03__none,none,logitguard_quantized,ac4bb9f68cc026f7ef87,0,1,0,0.9630308151245117,0.03696921095252037
PETS_CREDIT_high_eff_su2_r5_d6_b03__none,none,logitguard_quantized,2f4ee8e91be4e65736a4,0,0,0,0.8581489324569702,0.14185109734535217
PETS_CREDIT_high_eff_su2_r5_d6_b03__none,none,logitguard_quantized,48db4133c9bf431ebe79,0,0,1,0.15709547698497772,0.8429045677185059
PETS_CREDIT_high_eff_su2_r5_d6_b03__none,none,logitguard_quantized,25773551baf095668618,0,0,0,0.935836136341095,0.06416388601064682
PETS_CREDIT_high_eff_su2_r5_d6_b03__none,none,logitguard_quantized,a5648815fec59cd1c995,0,1,1,0.14430314302444458,0.8556969165802002
PETS_CREDIT_high_eff_su2_r5_d6_b03__none,none,logitguard_quantized,d5e3f577c74cd5bde9ef,0,0,1,0.1370512992143631,0.8629487156867981
PETS_CREDIT_high_eff_su2_r5_d6_b03__none,none,logitguard_quantized,90aa3dc827baf03a0b7f,0,0,0,0.8676111102104187,0.1323888748884201
PETS_CREDIT_high_eff_su2_r5_d6_b03__none,none,logitguard_quantized,a4ed03b502889d9468c9,0,0,0,0.8581489324569702,0.14185109734535217
PETS_CREDIT_high_eff_su2_r5_d6_b03__none,none,logitguard_quantized,72382fc3b364c3c36162,0,0,0,0.8532096743583679,0.14679034054279327
PETS_CREDIT_high_eff_su2_r5_d6_b03__none,none,logitguard_quantized,9214bdad11cf5b0f5788,0,0,0,0.8429045677185059,0.15709547698497772
PETS_CREDIT_high_eff_su2_r5_d6_b03__none,none,logitguard_quantized,b224dfc19404bbda9ee4,0,0,1,0.15976199507713318,0.8402379751205444
PETS_CREDIT_high_eff_su2_r5_d6_b03__none,none,logitguard_quantized,150e2fdbb7bdebe9ab21,0,0,0,0.8605661392211914,0.13943389058113098
PETS_CREDIT_high_eff_su2_r5_d6_b03__none,none,logitguard_quantized,e81e235b5be50fce8ed4,0,0,0,0.8676111102104187,0.1323888748884201
PETS_CREDIT_high_eff_su2_r5_d6_b03__none,none,logitguard_quantized,a6f8faff37efe9eca5fe,0,0,0,0.8581489324569702,0.14185109734535217
PETS_CREDIT_high_eff_su2_r5_d6_b03__none,none,logitguard_quantized,444967b541f184305a6c,0,0,0,0.8556969165802002,0.14430314302444458
PETS_CREDIT_high_eff_su2_r5_d6_b03__none,none,logitguard_quantized,b3648943abce0512f994,0,0,0,0.8605661392211914,0.13943389058113098
PETS_CREDIT_high_eff_su2_r5_d6_b03__none,none,logitguard_quantized,f55dd0075c038f761436,0,0,0,0.8605661392211914,0.13943389058113098
PETS_CREDIT_high_eff_su2_r5_d6_b03__none,none,logitguard_quantized,19eaeaae64289dba8ce8,0,1,1,0.14185109734535217,0.8581489324569702
PETS_CREDIT_high_eff_su2_r5_d6_b03__none,none,logitguard_quantized,9af74acc6cc7a48f4fd9,0,0,0,0.8581489324569702,0.14185109734535217
PETS_CREDIT_high_eff_su2_r5_d6_b03__none,none,logitguard_quantized,e26cf49baf1a8f2a6289,0,1,1,0.13470305502414703,0.8652969598770142
PETS_CREDIT_high_eff_su2_r5_d6_b03__none,none,logitguard_quantized,4010d1d0fc60044b7e83,0,0,0,0.8556969165802002,0.14430314302444458
PETS_CREDIT_high_eff_su2_r5_d6_b03__none,none,logitguard_quantized,6146ee4e50398bd2590b,0,0,1,0.14679034054279327,0.8532096743583679
PETS_CREDIT_high_eff_su2_r5_d6_b03__none,none,logitguard_quantized,17405c31370c8de7f8b8,0,0,0,0.8721384406089783,0.12786157429218292
PETS_CREDIT_high_eff_su2_r5_d6_b03__none,none,logitguard_quantized,471df40f4bdddddc09ec,0,1,1,0.15976199507713318,0.8402379751205444
PETS_CREDIT_high_eff_su2_r5_d6_b03__none,none,logitguard_quantized,b38c56a4fffe98b7efc8,0,0,0,0.8532096743583679,0.14679034054279327
PETS_CREDIT_high_eff_su2_r5_d6_b03__none,none,logitguard_quantized,69c16449e008d39bb994,0,0,0,0.8581489324569702,0.14185109734535217
PETS_CREDIT_high_eff_su2_r5_d6_b03__none,none,logitguard_quantized,0748c8ca29b369b66e6f,0,1,0,0.8652969598770142,0.13470305502414703
PETS_CREDIT_high_eff_su2_r5_d6_b03__none,none,logitguard_quantized,da3092a0e04488fc3d83,0,0,0,0.9268988370895386,0.07310117781162262
PETS_CREDIT_high_eff_su2_r5_d6_b03__none,none,logitguard_quantized,74cb3d94d7d3fcb0963b,0,0,0,0.8455346822738647,0.15446525812149048
PETS_CREDIT_high_eff_su2_r5_d6_b03__none,none,logitguard_quantized,3c4479d085b1b0ae10d8,0,0,0,0.8581489324569702,0.14185109734535217
PETS_CREDIT_high_eff_su2_r5_d6_b03__none,none,logitguard_quantized,5960e131d3cbd3ac2bd9,0,0,0,0.8402379751205444,0.15976199507713318
PETS_CREDIT_high_eff_su2_r5_d6_b03__none,none,logitguard_quantized,3122b20f9c469ddb4810,0,0,0,0.8629487156867981,0.1370512992143631
PETS_CREDIT_high_eff_su2_r5_d6_b03__none,none,logitguard_quantized,5f5253b7ee72fa683082,0,0,0,0.8556969165802002,0.14430314302444458
PETS_CREDIT_high_eff_su2_r5_d6_b03__none,none,logitguard_quantized,2478313b949e4a19fec5,0,1,1,0.13943389058113098,0.8605661392211914
PETS_CREDIT_high_eff_su2_r5_d6_b03__none,none,logitguard_quantized,6803403d6e57131ab879,0,0,0,0.8676111102104187,0.1323888748884201
PETS_CREDIT_high_eff_su2_r5_d6_b03__none,none,logitguard_quantized,5628f53706485c5a34f9,0,0,0,0.8605661392211914,0.13943389058113098
PETS_CREDIT_high_eff_su2_r5_d6_b03__none,none,logitguard_quantized,e3aa42e9baae40909b2c,0,0,0,0.8605661392211914,0.13943389058113098
PETS_CREDIT_high_eff_su2_r5_d6_b03__none,none,logitguard_quantized,50a0be37bf2f275bd4d6,0,0,0,0.8581489324569702,0.14185109734535217
PETS_CREDIT_high_eff_su2_r5_d6_b03__none,none,logitguard_quantized,87b361e38d3a033e0147,0,0,0,0.8605661392211914,0.13943389058113098
PETS_CREDIT_high_eff_su2_r5_d6_b03__none,none,logitguard_quantized,10adaa08b0205f280a31,0,1,0,0.8581489324569702,0.14185109734535217
PETS_CREDIT_high_eff_su2_r5_d6_b03__none,none,logitguard_quantized,9d233cff809c5f6dd546,0,1,0,0.8629487156867981,0.1370512992143631
PETS_CREDIT_high_eff_su2_r5_d6_b03__none,none,logitguard_quantized,baf60f731977893683c9,0,0,0,0.8629487156867981,0.1370512992143631
PETS_CREDIT_high_eff_su2_r5_d6_b03__none,none,logitguard_quantized,91f87ca67e3c04007486,0,1,0,0.8652969598770142,0.13470305502414703
PETS_CREDIT_high_eff_su2_r5_d6_b03__none,none,logitguard_quantized,8273cd051f4f3c543c72,0,0,0,0.8605661392211914,0.13943389058113098
PETS_CREDIT_high_eff_su2_r5_d6_b03__none,none,logitguard_quantized,01c60ffe9b042bc05cfc,0,0,0,0.8532096743583679,0.14679034054279327
PETS_CREDIT_high_eff_su2_r5_d6_b03__none,none,logitguard_quantized,da5f5efb7790004fff98,0,1,0,0.8556969165802002,0.14430314302444458
PETS_CREDIT_high_eff_su2_r5_d6_b03__none,none,logitguard_quantized,d545cdd659f37acdba6c,0,1,0,0.8652969598770142,0.13470305502414703
PETS_CREDIT_high_eff_su2_r5_d6_b03__none,none,logitguard_quantized,3e5959b02df8356effc1,0,0,0,0.8629487156867981,0.1370512992143631
PETS_CREDIT_high_eff_su2_r5_d6_b03__none,none,logitguard_quantized,236eaf6e697017b75006,0,0,0,0.8402379751205444,0.15976199507713318
PETS_CREDIT_high_eff_su2_r5_d6_b03__none,none,logitguard_quantized,2ca770f234439727c33f,0,0,0,0.8581489324569702,0.14185109734535217
PETS_CREDIT_high_eff_su2_r5_d6_b03__none,none,logitguard_quantized,9fe9252c0b576d892b50,0,0,0,0.8581489324569702,0.14185109734535217
PETS_CREDIT_high_eff_su2_r5_d6_b03__none,none,logitguard_quantized,f22d9a5133c174dae56c,0,0,1,0.14185109734535217,0.8581489324569702
PETS_CREDIT_high_eff_su2_r5_d6_b03__none,none,logitguard_quantized,02d132ee580866ee41a8,0,0,0,0.8629487156867981,0.1370512992143631
PETS_CREDIT_high_eff_su2_r5_d6_b03__none,none,logitguard_quantized,323bc2b7ded81007c10b,0,0,0,0.8743521571159363,0.1256478726863861
PETS_CREDIT_high_eff_su2_r5_d6_b03__none,none,logitguard_quantized,7eb02391460879bfe425,0,1,1,0.15187117457389832,0.8481287956237793
PETS_CREDIT_high_eff_su2_r5_d6_b03__none,none,logitguard_quantized,8023a2850646517888f6,0,0,0,0.8481287956237793,0.15187117457389832
PETS_CREDIT_high_eff_su2_r5_d6_b03__none,none,logitguard_quantized,c80e702330688e6c3640,0,0,0,0.8605661392211914,0.13943389058113098
PETS_CREDIT_high_eff_su2_r5_d6_b03__none,none,logitguard_quantized,3e01576c4964ce1df77e,0,0,0,0.8532096743583679,0.14679034054279327
PETS_CREDIT_high_eff_su2_r5_d6_b03__none,none,logitguard_quantized,d8bd80969a4223b1746d,0,0,0,0.8581489324569702,0.14185109734535217
PETS_CREDIT_high_eff_su2_r5_d6_b03__none,none,logitguard_quantized,c98e7a188d21f2d4c7c5,0,0,1,0.14931294322013855,0.8506870269775391
PETS_CREDIT_high_eff_su2_r5_d6_b03__none,none,logitguard_quantized,a53b6f24d57097d0166f,0,0,0,0.8581489324569702,0.14185109734535217
PETS_CREDIT_high_eff_su2_r5_d6_b03__none,none,logitguard_quantized,8b702b29b3bba3c0c011,0,0,0,0.8629487156867981,0.1370512992143631
PETS_CREDIT_high_eff_su2_r5_d6_b03__none,none,logitguard_quantized,5808218040029ad54abc,0,0,0,0.8581489324569702,0.14185109734535217
PETS_CREDIT_high_eff_su2_r5_d6_b03__none,none,logitguard_quantized,2cdf0f49b2642481ca8f,0,1,0,0.8402379751205444,0.15976199507713318
PETS_CREDIT_high_eff_su2_r5_d6_b03__none,none,logitguard_quantized,d8141fe3b07ab69c0481,0,0,0,0.8506870269775391,0.14931294322013855
PETS_CREDIT_high_eff_su2_r5_d6_b03__none,none,logitguard_quantized,a2d2d92e2ba800faa946,0,1,1,0.1370512992143631,0.8629487156867981
PETS_CREDIT_high_eff_su2_r5_d6_b03__none,none,logitguard_quantized,657f767276025ad88617,0,0,0,0.8581489324569702,0.14185109734535217
PETS_CREDIT_high_eff_su2_r5_d6_b03__none,none,logitguard_quantized,21cc40e171d11484f55e,0,0,0,0.8556969165802002,0.14430314302444458
PETS_CREDIT_high_eff_su2_r5_d6_b03__none,none,logitguard_quantized,68458c3065d2ff08346a,0,0,0,0.8605661392211914,0.13943389058113098
PETS_CREDIT_high_eff_su2_r5_d6_b03__none,none,logitguard_quantized,b690772de8eb14084d30,0,1,0,0.8556969165802002,0.14430314302444458
PETS_CREDIT_high_eff_su2_r5_d6_b03__none,none,logitguard_quantized,0f0ec6f2889f1d9d2876,0,0,0,0.8481287956237793,0.15187117457389832
PETS_CREDIT_high_eff_su2_r5_d6_b03__none,none,logitguard_quantized,18bbbff1da0a4760b6ff,0,0,0,0.8581489324569702,0.14185109734535217
PETS_CREDIT_high_eff_su2_r5_d6_b03__none,none,logitguard_quantized,5718ce19a4a1c640caac,0,0,0,0.8556969165802002,0.14430314302444458
PETS_CREDIT_high_eff_su2_r5_d6_b03__none,none,logitguard_quantized,5c1eaee6580358b55afc,0,0,0,0.8506870269775391,0.14931294322013855
PETS_CREDIT_high_eff_su2_r5_d6_b03__none,none,logitguard_quantized,0835edef9bf74dc85154,0,1,0,0.8605661392211914,0.13943389058113098
PETS_CREDIT_high_eff_su2_r5_d6_b03__none,none,logitguard_quantized,05e7a2529d248075df48,0,0,0,0.8402379751205444,0.15976199507713318
PETS_CREDIT_high_eff_su2_r5_d6_b03__none,none,logitguard_quantized,71f1648b8b8cb6d1277e,0,0,0,0.8556969165802002,0.14430314302444458
PETS_CREDIT_high_eff_su2_r5_d6_b03__none,none,logitguard_quantized,cb39c23acaa500033ed0,0,0,0,0.8532096743583679,0.14679034054279327
PETS_CREDIT_high_eff_su2_r5_d6_b03__none,none,logitguard_quantized,c55786a9941cc04c9348,0,0,1,0.14679034054279327,0.8532096743583679
PETS_CREDIT_high_eff_su2_r5_d6_b03__none,none,logitguard_quantized,cc92f2b4b36f95de3e7f,0,0,0,0.8652969598770142,0.13470305502414703
PETS_CREDIT_high_eff_su2_r5_d6_b03__none,none,logitguard_quantized,4c3cfe1fe9e491bb9c0e,0,1,0,0.8581489324569702,0.14185109734535217
PETS_CREDIT_high_eff_su2_r5_d6_b03__none,none,logitguard_quantized,fa91758004730bf9cef8,0,1,0,0.8532096743583679,0.14679034054279327
PETS_CREDIT_high_eff_su2_r5_d6_b03__none,none,logitguard_quantized,b78fcdfd9fe43578fef1,0,0,0,0.9002495408058167,0.09975048154592514
PETS_CREDIT_high_eff_su2_r5_d6_b03__none,none,logitguard_quantized,27103d15734219f0d343,0,0,0,0.8605661392211914,0.13943389058113098
PETS_CREDIT_high_eff_su2_r5_d6_b03__none,none,logitguard_quantized,36f760028306a12bff25,0,0,0,0.8605661392211914,0.13943389058113098
PETS_CREDIT_high_eff_su2_r5_d6_b03__none,none,measurementguard_continuous,619b46d6086e6aad3d84,1,0,0,0.918813943862915,0.08118606358766556
PETS_CREDIT_high_eff_su2_r5_d6_b03__none,none,measurementguard_continuous,5e48c11768cb070aefe6,1,0,0,0.9127065539360046,0.08729346841573715
PETS_CREDIT_high_eff_su2_r5_d6_b03__none,none,measurementguard_continuous,7105743f10682ac4a1cc,1,0,0,0.8963609933853149,0.10363898426294327
PETS_CREDIT_high_eff_su2_r5_d6_b03__none,none,measurementguard_continuous,272c38b1ecd099be7890,1,0,0,0.9012207984924316,0.09877920895814896
PETS_CREDIT_high_eff_su2_r5_d6_b03__none,none,measurementguard_continuous,6f47824d3363865de61a,1,0,0,0.8777225017547607,0.12227755039930344
PETS_CREDIT_high_eff_su2_r5_d6_b03__none,none,measurementguard_continuous,b0f47ae4b56b3aa4d111,1,1,1,0.07819105684757233,0.9218089580535889
PETS_CREDIT_high_eff_su2_r5_d6_b03__none,none,measurementguard_continuous,f073d35785cf76f1409c,1,0,0,0.8260841369628906,0.17391587793827057
PETS_CREDIT_high_eff_su2_r5_d6_b03__none,none,measurementguard_continuous,01e7168ae2a624ff9916,1,1,1,0.12941546738147736,0.8705845475196838
PETS_CREDIT_high_eff_su2_r5_d6_b03__none,none,measurementguard_continuous,1c7eb9e50fc08e5f8cf0,1,1,0,0.9149385094642639,0.08506154268980026
PETS_CREDIT_high_eff_su2_r5_d6_b03__none,none,measurementguard_continuous,8f95586c1c6fb3f2a750,1,0,0,0.8650131225585938,0.13498689234256744
PETS_CREDIT_high_eff_su2_r5_d6_b03__none,none,measurementguard_continuous,2c2eb339de59d2b86f66,1,0,0,0.9194431900978088,0.08055675029754639
PETS_CREDIT_high_eff_su2_r5_d6_b03__none,none,measurementguard_continuous,ab00e756b29c98fd6674,1,0,0,0.9000048041343689,0.0999951958656311
PETS_CREDIT_high_eff_su2_r5_d6_b03__none,none,measurementguard_continuous,70d271c728323ea28d90,1,0,0,0.8610708117485046,0.13892921805381775
PETS_CREDIT_high_eff_su2_r5_d6_b03__none,none,measurementguard_continuous,69ef03b5c6f4f7ecef33,1,0,0,0.8026822209358215,0.19731774926185608
PETS_CREDIT_high_eff_su2_r5_d6_b03__none,none,measurementguard_continuous,eb849709f12c60edd50b,1,0,0,0.8939298987388611,0.10607010126113892
PETS_CREDIT_high_eff_su2_r5_d6_b03__none,none,measurementguard_continuous,ab97fae957e08270ffce,1,1,0,0.9079890251159668,0.0920109897851944
PETS_CREDIT_high_eff_su2_r5_d6_b03__none,none,measurementguard_continuous,e07f107ec2deef516f4f,1,0,0,0.7967730164527893,0.2032269835472107
PETS_CREDIT_high_eff_su2_r5_d6_b03__none,none,measurementguard_continuous,88b1c0733571d25bdfa5,1,0,0,0.8285093307495117,0.17149068415164948
PETS_CREDIT_high_eff_su2_r5_d6_b03__none,none,measurementguard_continuous,b84ff32b3c14263b0dd5,1,0,0,0.8735610246658325,0.12643903493881226
PETS_CREDIT_high_eff_su2_r5_d6_b03__none,none,measurementguard_continuous,9fc5fbe55717fe6862a4,1,1,1,0.07397866249084473,0.9260213375091553
PETS_CREDIT_high_eff_su2_r5_d6_b03__none,none,measurementguard_continuous,9eb158e3cbe5bc901e26,1,0,0,0.8443306684494019,0.15566936135292053
PETS_CREDIT_high_eff_su2_r5_d6_b03__none,none,measurementguard_continuous,09c28941e61886717e09,1,0,0,0.8691477179527283,0.13085226714611053
PETS_CREDIT_high_eff_su2_r5_d6_b03__none,none,measurementguard_continuous,196d92dfff0523a23237,1,0,0,0.8860275745391846,0.11397241055965424
PETS_CREDIT_high_eff_su2_r5_d6_b03__none,none,measurementguard_continuous,0ffd3e39286157b02ad4,1,0,0,0.8973767161369324,0.10262329876422882
PETS_CREDIT_high_eff_su2_r5_d6_b03__none,none,measurementguard_continuous,25bed8f88a506c4cc366,1,0,0,0.8243947625160217,0.17560529708862305
PETS_CREDIT_high_eff_su2_r5_d6_b03__none,none,measurementguard_continuous,a62d80fa1349c54517ce,1,0,0,0.792070209980011,0.20792977511882782
PETS_CREDIT_high_eff_su2_r5_d6_b03__none,none,measurementguard_continuous,08a6c27fcb32f81ff375,1,0,0,0.8560616374015808,0.14393839240074158
PETS_CREDIT_high_eff_su2_r5_d6_b03__none,none,measurementguard_continuous,26f8e0268dd95cba45fd,1,0,1,0.17430821061134338,0.825691819190979
PETS_CREDIT_high_eff_su2_r5_d6_b03__none,none,measurementguard_continuous,f332cc500c7a62b19024,1,0,0,0.8794659376144409,0.12053412199020386
PETS_CREDIT_high_eff_su2_r5_d6_b03__none,none,measurementguard_continuous,bfa7b1aca5d187760a16,1,0,0,0.9180824756622314,0.08191755414009094
PETS_CREDIT_high_eff_su2_r5_d6_b03__none,none,measurementguard_continuous,d1d396dc69ac0aeade66,1,0,0,0.9218795895576477,0.0781204104423523
PETS_CREDIT_high_eff_su2_r5_d6_b03__none,none,measurementguard_continuous,092efc45ab978715a8fa,1,0,0,0.924473226070404,0.07552677392959595
PETS_CREDIT_high_eff_su2_r5_d6_b03__none,none,measurementguard_continuous,d8e3c3c718aea110b2d9,1,1,1,0.0998920127749443,0.9001080393791199
PETS_CREDIT_high_eff_su2_r5_d6_b03__none,none,measurementguard_continuous,2c3058336909d855b1f0,1,0,0,0.8921786546707153,0.10782140493392944
PETS_CREDIT_high_eff_su2_r5_d6_b03__none,none,measurementguard_continuous,006df97946d214e0111f,1,1,0,0.9245641231536865,0.07543586194515228
PETS_CREDIT_high_eff_su2_r5_d6_b03__none,none,measurementguard_continuous,4b8fbfef25d81e60d4a6,1,0,0,0.8534644246101379,0.14653556048870087
PETS_CREDIT_high_eff_su2_r5_d6_b03__none,none,measurementguard_continuous,5cb75d859aa2d3df94b0,1,0,0,0.8607285618782043,0.13927146792411804
PETS_CREDIT_high_eff_su2_r5_d6_b03__none,none,measurementguard_continuous,82d40bd4122f5c76cdfb,1,0,0,0.8756057620048523,0.1243942454457283
PETS_CREDIT_high_eff_su2_r5_d6_b03__none,none,measurementguard_continuous,f05df67fe5ac7ed38643,1,1,1,0.14215099811553955,0.8578490018844604
PETS_CREDIT_high_eff_su2_r5_d6_b03__none,none,measurementguard_continuous,0772d1e68bccea98e68f,1,0,0,0.8383448719978333,0.16165517270565033
PETS_CREDIT_high_eff_su2_r5_d6_b03__none,none,measurementguard_continuous,a1b01a469dc7802f51d3,1,0,0,0.9077208042144775,0.09227918833494186
PETS_CREDIT_high_eff_su2_r5_d6_b03__none,none,measurementguard_continuous,108acbd92e651db6ac49,1,1,1,0.14591532945632935,0.8540846705436707
PETS_CREDIT_high_eff_su2_r5_d6_b03__none,none,measurementguard_continuous,c75c31af2389cc3a594f,1,0,1,0.0978720560669899,0.9021279215812683
PETS_CREDIT_high_eff_su2_r5_d6_b03__none,none,measurementguard_continuous,2379dd478643b9cc0bc1,1,0,0,0.9155758023262024,0.0844242125749588
PETS_CREDIT_high_eff_su2_r5_d6_b03__none,none,measurementguard_continuous,7673e8a0f0b037cc51e5,1,0,0,0.8828532099723816,0.1171468049287796
PETS_CREDIT_high_eff_su2_r5_d6_b03__none,none,measurementguard_continuous,7c7fe88dcec806be29da,1,0,0,0.8344953656196594,0.16550466418266296
PETS_CREDIT_high_eff_su2_r5_d6_b03__none,none,measurementguard_continuous,07d4d260e30d7cf5b71f,1,0,0,0.9164171814918518,0.0835828110575676
PETS_CREDIT_high_eff_su2_r5_d6_b03__none,none,measurementguard_continuous,d75c3e52dbcaf5a5ec2a,1,0,0,0.7958846688270569,0.2041153460741043
PETS_CREDIT_high_eff_su2_r5_d6_b03__none,none,measurementguard_continuous,d2c3d34fb102babfa194,1,1,0,0.827068567276001,0.17293141782283783
PETS_CREDIT_high_eff_su2_r5_d6_b03__none,none,measurementguard_continuous,92516ca36411fad7d9c9,1,0,0,0.8826684355735779,0.11733157187700272
PETS_CREDIT_high_eff_su2_r5_d6_b03__none,none,measurementguard_continuous,1dd9f8371cdcaa1758b3,1,0,0,0.8318816423416138,0.16811838746070862
PETS_CREDIT_high_eff_su2_r5_d6_b03__none,none,measurementguard_continuous,8fe0ac3103b5acc00cdc,1,0,0,0.8563826680183411,0.14361734688282013
PETS_CREDIT_high_eff_su2_r5_d6_b03__none,none,measurementguard_continuous,c3a59fc71e20658f6341,1,0,0,0.8211221694946289,0.1788778156042099
PETS_CREDIT_high_eff_su2_r5_d6_b03__none,none,measurementguard_continuous,434123980ae7f6c38b02,1,0,0,0.9176732301712036,0.08232675492763519
PETS_CREDIT_high_eff_su2_r5_d6_b03__none,none,measurementguard_continuous,6bf07a3ff23f9e3249c5,1,1,0,0.8352259993553162,0.16477403044700623
PETS_CREDIT_high_eff_su2_r5_d6_b03__none,none,measurementguard_continuous,e030c0aa4ae0f1011f2f,1,1,1,0.12832775712013245,0.8716722130775452
PETS_CREDIT_high_eff_su2_r5_d6_b03__none,none,measurementguard_continuous,8120fa8a41158dba642d,1,0,0,0.8910561203956604,0.1089438870549202
PETS_CREDIT_high_eff_su2_r5_d6_b03__none,none,measurementguard_continuous,66fa33821884d4568b02,1,1,1,0.17631053924560547,0.8236894607543945
PETS_CREDIT_high_eff_su2_r5_d6_b03__none,none,measurementguard_continuous,ae1704e8283a10912765,1,0,0,0.9132919311523438,0.08670809864997864
PETS_CREDIT_high_eff_su2_r5_d6_b03__none,none,measurementguard_continuous,72bf8a475d5aa5538cd3,1,0,0,0.8827841877937317,0.11721578985452652
PETS_CREDIT_high_eff_su2_r5_d6_b03__none,none,measurementguard_continuous,c4b2c9357254e51af6a9,1,1,1,0.20084981620311737,0.7991502285003662
PETS_CREDIT_high_eff_su2_r5_d6_b03__none,none,measurementguard_continuous,4def6ca8e27be84aeb54,1,1,0,0.9223270416259766,0.07767295092344284
PETS_CREDIT_high_eff_su2_r5_d6_b03__none,none,measurementguard_continuous,a5b1091e7ec67f7a06ed,1,0,1,0.1469813883304596,0.8530186414718628
PETS_CREDIT_high_eff_su2_r5_d6_b03__none,none,measurementguard_continuous,daf2c33eb0f2b7518584,1,0,0,0.9081699848175049,0.09183000028133392
PETS_CREDIT_high_eff_su2_r5_d6_b03__none,none,measurementguard_continuous,6e144bf85d42e3ac6fae,1,0,0,0.8890405893325806,0.11095946282148361
PETS_CREDIT_high_eff_su2_r5_d6_b03__none,none,measurementguard_continuous,f97851146238bb9a3754,1,0,0,0.8830777406692505,0.11692231148481369
PETS_CREDIT_high_eff_su2_r5_d6_b03__none,none,measurementguard_continuous,5d21e75cb6066696e6e2,1,0,0,0.8751621842384338,0.12483786046504974
PETS_CREDIT_high_eff_su2_r5_d6_b03__none,none,measurementguard_continuous,4aa64c627cb9b82d7f42,1,0,0,0.8068161606788635,0.19318383932113647
PETS_CREDIT_high_eff_su2_r5_d6_b03__none,none,measurementguard_continuous,c50e57ca37a497df3a13,1,0,0,0.834827721118927,0.1651722639799118
PETS_CREDIT_high_eff_su2_r5_d6_b03__none,none,measurementguard_continuous,c0daa10532a8487ca803,1,1,1,0.11336889117956161,0.8866311311721802
PETS_CREDIT_high_eff_su2_r5_d6_b03__none,none,measurementguard_continuous,00405a37dd709b2d51a8,1,0,0,0.8933904767036438,0.10660955309867859
PETS_CREDIT_high_eff_su2_r5_d6_b03__none,none,measurementguard_continuous,5f9c02f5ec03a28e4f53,1,0,0,0.8284922242164612,0.17150777578353882
PETS_CREDIT_high_eff_su2_r5_d6_b03__none,none,measurementguard_continuous,ac5f40db5db91c18a83b,1,0,0,0.846434473991394,0.15356554090976715
PETS_CREDIT_high_eff_su2_r5_d6_b03__none,none,measurementguard_continuous,5584930e99aa4007d628,1,0,0,0.9176666140556335,0.08233335614204407
PETS_CREDIT_high_eff_su2_r5_d6_b03__none,none,measurementguard_continuous,0674ce029ebb21d32e38,1,0,0,0.9167672991752625,0.08323270827531815
PETS_CREDIT_high_eff_su2_r5_d6_b03__none,none,measurementguard_continuous,6c0e663b6848864dc914,1,0,0,0.926435112953186,0.07356491684913635
PETS_CREDIT_high_eff_su2_r5_d6_b03__none,none,measurementguard_continuous,7ce1135db7560daf7e70,1,0,0,0.8295367956161499,0.1704631745815277
PETS_CREDIT_high_eff_su2_r5_d6_b03__none,none,measurementguard_continuous,70e46e61db439dd8e308,1,0,0,0.8982660174369812,0.10173402726650238
PETS_CREDIT_high_eff_su2_r5_d6_b03__none,none,measurementguard_continuous,aaca4c9adb936209ae4f,1,1,1,0.08107351511716843,0.918926477432251
PETS_CREDIT_high_eff_su2_r5_d6_b03__none,none,measurementguard_continuous,3ac7ac4bc65a6ffec899,1,0,0,0.89972323179245,0.10027677565813065
PETS_CREDIT_high_eff_su2_r5_d6_b03__none,none,measurementguard_continuous,c536d8f2ff559c7756e7,1,1,1,0.17028364539146423,0.8297163844108582
PETS_CREDIT_high_eff_su2_r5_d6_b03__none,none,measurementguard_continuous,16e3ff8c6f696f231824,1,0,0,0.8977953195571899,0.10220474004745483
PETS_CREDIT_high_eff_su2_r5_d6_b03__none,none,measurementguard_continuous,dba69027df0122535f19,1,0,0,0.8320704102516174,0.16792960464954376
PETS_CREDIT_high_eff_su2_r5_d6_b03__none,none,measurementguard_continuous,973b363916938dbaaf31,1,0,0,0.9104858040809631,0.08951420336961746
PETS_CREDIT_high_eff_su2_r5_d6_b03__none,none,measurementguard_continuous,6ea2a519a69c09016323,1,1,1,0.1117384135723114,0.888261616230011
PETS_CREDIT_high_eff_su2_r5_d6_b03__none,none,measurementguard_continuous,26b6a5da65cdaeb8e184,1,0,0,0.9199091196060181,0.08009091019630432
PETS_CREDIT_high_eff_su2_r5_d6_b03__none,none,measurementguard_continuous,c053f623dd8f2bfb7915,1,0,0,0.8947153091430664,0.10528474301099777
PETS_CREDIT_high_eff_su2_r5_d6_b03__none,none,measurementguard_continuous,0a09121dee0e5db09dfe,1,0,0,0.8779389262199402,0.12206104397773743
PETS_CREDIT_high_eff_su2_r5_d6_b03__none,none,measurementguard_continuous,22730a71b34176a3ba37,1,0,0,0.8587637543678284,0.14123624563217163
PETS_CREDIT_high_eff_su2_r5_d6_b03__none,none,measurementguard_continuous,6af56a8b2e15acc1e086,1,1,1,0.10853724181652069,0.8914628028869629
PETS_CREDIT_high_eff_su2_r5_d6_b03__none,none,measurementguard_continuous,a6dfd0dc4ba32e6c00e6,1,0,0,0.7960090637207031,0.20399092137813568
PETS_CREDIT_high_eff_su2_r5_d6_b03__none,none,measurementguard_continuous,a5628044ec0880a52490,1,0,0,0.8538047075271606,0.14619533717632294
PETS_CREDIT_high_eff_su2_r5_d6_b03__none,none,measurementguard_continuous,4cfea97c73e6dbfbc698,1,0,0,0.8989974856376648,0.1010025218129158
PETS_CREDIT_high_eff_su2_r5_d6_b03__none,none,measurementguard_continuous,32babcc385bd70eddb90,1,0,0,0.9192904233932495,0.08070957660675049
PETS_CREDIT_high_eff_su2_r5_d6_b03__none,none,measurementguard_continuous,6093ce809aa33ce6693b,1,0,0,0.8890813589096069,0.1109185740351677
PETS_CREDIT_high_eff_su2_r5_d6_b03__none,none,measurementguard_continuous,78edbc6916b12b570866,1,1,0,0.8733947277069092,0.1266053020954132
PETS_CREDIT_high_eff_su2_r5_d6_b03__none,none,measurementguard_continuous,14865093b1485a5c3a41,1,1,0,0.87533038854599,0.12466958165168762
PETS_CREDIT_high_eff_su2_r5_d6_b03__none,none,measurementguard_continuous,46dbe6ca2f4531385a05,1,0,0,0.8537700176239014,0.14622995257377625
PETS_CREDIT_high_eff_su2_r5_d6_b03__none,none,measurementguard_continuous,c9e5785745f04cec0d37,1,0,0,0.8974423408508301,0.1025577113032341
PETS_CREDIT_high_eff_su2_r5_d6_b03__none,none,measurementguard_continuous,1313972ddf1c6e9eb2c9,1,0,0,0.8203834891319275,0.1796165555715561
PETS_CREDIT_high_eff_su2_r5_d6_b03__none,none,measurementguard_continuous,42e9f06773aa97fa92d4,0,0,0,0.8884111046791077,0.11158889532089233
PETS_CREDIT_high_eff_su2_r5_d6_b03__none,none,measurementguard_continuous,7bfb843a13cff05233ad,0,0,0,0.8534291982650757,0.1465708464384079
PETS_CREDIT_high_eff_su2_r5_d6_b03__none,none,measurementguard_continuous,2218e6bd75832a43d007,0,0,0,0.9162934422492981,0.08370652794837952
PETS_CREDIT_high_eff_su2_r5_d6_b03__none,none,measurementguard_continuous,9bfd22e983b09efc4239,0,0,0,0.9253304600715637,0.07466952502727509
PETS_CREDIT_high_eff_su2_r5_d6_b03__none,none,measurementguard_continuous,34bfadccd6d7f30d94a1,0,0,0,0.9050477743148804,0.09495220333337784
PETS_CREDIT_high_eff_su2_r5_d6_b03__none,none,measurementguard_continuous,5f861fea617a3ee7da16,0,1,0,0.8398001194000244,0.1601998656988144
PETS_CREDIT_high_eff_su2_r5_d6_b03__none,none,measurementguard_continuous,3b2a390113c4d06485dc,0,0,1,0.17761731147766113,0.8223826885223389
PETS_CREDIT_high_eff_su2_r5_d6_b03__none,none,measurementguard_continuous,f1d5fbea8d8fc197f689,0,1,0,0.903232216835022,0.09676779061555862
PETS_CREDIT_high_eff_su2_r5_d6_b03__none,none,measurementguard_continuous,a55e7f353f00168e8f2a,0,1,0,0.9082556366920471,0.09174438565969467
PETS_CREDIT_high_eff_su2_r5_d6_b03__none,none,measurementguard_continuous,7b2b85015deb930a73bd,0,0,1,0.07389720529317856,0.9261028170585632
PETS_CREDIT_high_eff_su2_r5_d6_b03__none,none,measurementguard_continuous,7990ceff4d0c77eeca8b,0,0,0,0.8140560388565063,0.18594393134117126
PETS_CREDIT_high_eff_su2_r5_d6_b03__none,none,measurementguard_continuous,4194c2831bd65263a55f,0,0,0,0.9022446870803833,0.0977553054690361
PETS_CREDIT_high_eff_su2_r5_d6_b03__none,none,measurementguard_continuous,89b5beeaae443f174906,0,0,0,0.8711530566215515,0.12884700298309326
PETS_CREDIT_high_eff_su2_r5_d6_b03__none,none,measurementguard_continuous,c9b90a5a5aabbbda656e,0,0,0,0.91976398229599,0.08023601025342941
PETS_CREDIT_high_eff_su2_r5_d6_b03__none,none,measurementguard_continuous,45e249d80792feb4d2d2,0,0,0,0.8261364698410034,0.1738635152578354
PETS_CREDIT_high_eff_su2_r5_d6_b03__none,none,measurementguard_continuous,ac4bb9f68cc026f7ef87,0,1,0,0.8520861864089966,0.14791378378868103
PETS_CREDIT_high_eff_su2_r5_d6_b03__none,none,measurementguard_continuous,2f4ee8e91be4e65736a4,0,0,0,0.8193579316139221,0.1806420534849167
PETS_CREDIT_high_eff_su2_r5_d6_b03__none,none,measurementguard_continuous,48db4133c9bf431ebe79,0,0,1,0.07665892690420151,0.9233410954475403
PETS_CREDIT_high_eff_su2_r5_d6_b03__none,none,measurementguard_continuous,25773551baf095668618,0,0,0,0.9160193204879761,0.08398065716028214
PETS_CREDIT_high_eff_su2_r5_d6_b03__none,none,measurementguard_continuous,a5648815fec59cd1c995,0,1,1,0.07505793124437332,0.9249420166015625
PETS_CREDIT_high_eff_su2_r5_d6_b03__none,none,measurementguard_continuous,d5e3f577c74cd5bde9ef,0,0,1,0.19191834330558777,0.8080816864967346
PETS_CREDIT_high_eff_su2_r5_d6_b03__none,none,measurementguard_continuous,90aa3dc827baf03a0b7f,0,0,0,0.9146557450294495,0.08534428477287292
PETS_CREDIT_high_eff_su2_r5_d6_b03__none,none,measurementguard_continuous,a4ed03b502889d9468c9,0,0,0,0.8192712068557739,0.1807287633419037
PETS_CREDIT_high_eff_su2_r5_d6_b03__none,none,measurementguard_continuous,72382fc3b364c3c36162,0,0,0,0.8332562446594238,0.16674377024173737
PETS_CREDIT_high_eff_su2_r5_d6_b03__none,none,measurementguard_continuous,9214bdad11cf5b0f5788,0,0,0,0.9163906574249268,0.08360933512449265
PETS_CREDIT_high_eff_su2_r5_d6_b03__none,none,measurementguard_continuous,b224dfc19404bbda9ee4,0,0,1,0.1804838478565216,0.819516122341156
PETS_CREDIT_high_eff_su2_r5_d6_b03__none,none,measurementguard_continuous,150e2fdbb7bdebe9ab21,0,0,0,0.8665163516998291,0.1334836333990097
PETS_CREDIT_high_eff_su2_r5_d6_b03__none,none,measurementguard_continuous,e81e235b5be50fce8ed4,0,0,0,0.8233169913291931,0.1766829937696457
PETS_CREDIT_high_eff_su2_r5_d6_b03__none,none,measurementguard_continuous,a6f8faff37efe9eca5fe,0,0,0,0.8554322123527527,0.1445678174495697
PETS_CREDIT_high_eff_su2_r5_d6_b03__none,none,measurementguard_continuous,444967b541f184305a6c,0,0,0,0.8840276598930359,0.1159723550081253
PETS_CREDIT_high_eff_su2_r5_d6_b03__none,none,measurementguard_continuous,b3648943abce0512f994,0,0,0,0.92520672082901,0.07479330152273178
PETS_CREDIT_high_eff_su2_r5_d6_b03__none,none,measurementguard_continuous,f55dd0075c038f761436,0,0,0,0.8553449511528015,0.14465507864952087
PETS_CREDIT_high_eff_su2_r5_d6_b03__none,none,measurementguard_continuous,19eaeaae64289dba8ce8,0,1,1,0.18884927034378052,0.8111507296562195
PETS_CREDIT_high_eff_su2_r5_d6_b03__none,none,measurementguard_continuous,9af74acc6cc7a48f4fd9,0,0,0,0.896070659160614,0.10392935574054718
PETS_CREDIT_high_eff_su2_r5_d6_b03__none,none,measurementguard_continuous,e26cf49baf1a8f2a6289,0,1,1,0.1112535148859024,0.8887465000152588
PETS_CREDIT_high_eff_su2_r5_d6_b03__none,none,measurementguard_continuous,4010d1d0fc60044b7e83,0,0,0,0.9099379777908325,0.09006208181381226
PETS_CREDIT_high_eff_su2_r5_d6_b03__none,none,measurementguard_continuous,6146ee4e50398bd2590b,0,0,1,0.19942620396614075,0.8005737662315369
PETS_CREDIT_high_eff_su2_r5_d6_b03__none,none,measurementguard_continuous,17405c31370c8de7f8b8,0,0,0,0.8191419243812561,0.1808580607175827
PETS_CREDIT_high_eff_su2_r5_d6_b03__none,none,measurementguard_continuous,471df40f4bdddddc09ec,0,1,1,0.20588335394859314,0.7941166162490845
PETS_CREDIT_high_eff_su2_r5_d6_b03__none,none,measurementguard_continuous,b38c56a4fffe98b7efc8,0,0,0,0.813150942325592,0.18684902787208557
PETS_CREDIT_high_eff_su2_r5_d6_b03__none,none,measurementguard_continuous,69c16449e008d39bb994,0,0,0,0.8335076570510864,0.1664923131465912
PETS_CREDIT_high_eff_su2_r5_d6_b03__none,none,measurementguard_continuous,0748c8ca29b369b66e6f,0,1,0,0.8559946417808533,0.14400538802146912
PETS_CREDIT_high_eff_su2_r5_d6_b03__none,none,measurementguard_continuous,da3092a0e04488fc3d83,0,0,0,0.9039203524589539,0.09607961773872375
PETS_CREDIT_high_eff_su2_r5_d6_b03__none,none,measurementguard_continuous,74cb3d94d7d3fcb0963b,0,0,0,0.918104887008667,0.0818951427936554
PETS_CREDIT_high_eff_su2_r5_d6_b03__none,none,measurementguard_continuous,3c4479d085b1b0ae10d8,0,0,0,0.921075701713562,0.07892432063817978
PETS_CREDIT_high_eff_su2_r5_d6_b03__none,none,measurementguard_continuous,5960e131d3cbd3ac2bd9,0,0,0,0.8289518356323242,0.17104816436767578
PETS_CREDIT_high_eff_su2_r5_d6_b03__none,none,measurementguard_continuous,3122b20f9c469ddb4810,0,0,0,0.8711044788360596,0.12889552116394043
PETS_CREDIT_high_eff_su2_r5_d6_b03__none,none,measurementguard_continuous,5f5253b7ee72fa683082,0,0,0,0.9030263423919678,0.09697368741035461
PETS_CREDIT_high_eff_su2_r5_d6_b03__none,none,measurementguard_continuous,2478313b949e4a19fec5,0,1,1,0.11676649749279022,0.8832334876060486
PETS_CREDIT_high_eff_su2_r5_d6_b03__none,none,measurementguard_continuous,6803403d6e57131ab879,0,0,0,0.9048994779586792,0.09510058164596558
PETS_CREDIT_high_eff_su2_r5_d6_b03__none,none,measurementguard_continuous,5628f53706485c5a34f9,0,0,0,0.8559156060218811,0.14408442378044128
PETS_CREDIT_high_eff_su2_r5_d6_b03__none,none,measurementguard_continuous,e3aa42e9baae40909b2c,0,0,0,0.9034080505371094,0.09659197181463242
PETS_CREDIT_high_eff_su2_r5_d6_b03__none,none,measurementguard_continuous,50a0be37bf2f275bd4d6,0,0,0,0.8545538187026978,0.14544622600078583
PETS_CREDIT_high_eff_su2_r5_d6_b03__none,none,measurementguard_continuous,87b361e38d3a033e0147,0,0,0,0.9046482443809509,0.09535177052021027
PETS_CREDIT_high_eff_su2_r5_d6_b03__none,none,measurementguard_continuous,10adaa08b0205f280a31,0,1,0,0.8439045548439026,0.15609543025493622
PETS_CREDIT_high_eff_su2_r5_d6_b03__none,none,measurementguard_continuous,9d233cff809c5f6dd546,0,1,0,0.8661232590675354,0.1338767260313034
PETS_CREDIT_high_eff_su2_r5_d6_b03__none,none,measurementguard_continuous,baf60f731977893683c9,0,0,0,0.8770908713340759,0.12290915101766586
PETS_CREDIT_high_eff_su2_r5_d6_b03__none,none,measurementguard_continuous,91f87ca67e3c04007486,0,1,0,0.8884770274162292,0.11152296513319016
PETS_CREDIT_high_eff_su2_r5_d6_b03__none,none,measurementguard_continuous,8273cd051f4f3c543c72,0,0,0,0.9067903161048889,0.09320968389511108
PETS_CREDIT_high_eff_su2_r5_d6_b03__none,none,measurementguard_continuous,01c60ffe9b042bc05cfc,0,0,0,0.8689378499984741,0.13106216490268707
PETS_CREDIT_high_eff_su2_r5_d6_b03__none,none,measurementguard_continuous,da5f5efb7790004fff98,0,1,0,0.8413049578666687,0.15869508683681488
PETS_CREDIT_high_eff_su2_r5_d6_b03__none,none,measurementguard_continuous,d545cdd659f37acdba6c,0,1,0,0.793448269367218,0.20655173063278198
PETS_CREDIT_high_eff_su2_r5_d6_b03__none,none,measurementguard_continuous,3e5959b02df8356effc1,0,0,0,0.9040360450744629,0.0959639623761177
PETS_CREDIT_high_eff_su2_r5_d6_b03__none,none,measurementguard_continuous,236eaf6e697017b75006,0,0,0,0.838999330997467,0.16100068390369415
PETS_CREDIT_high_eff_su2_r5_d6_b03__none,none,measurementguard_continuous,2ca770f234439727c33f,0,0,0,0.8209362030029297,0.1790638267993927
PETS_CREDIT_high_eff_su2_r5_d6_b03__none,none,measurementguard_continuous,9fe9252c0b576d892b50,0,0,0,0.8585622310638428,0.14143775403499603
PETS_CREDIT_high_eff_su2_r5_d6_b03__none,none,measurementguard_continuous,f22d9a5133c174dae56c,0,0,1,0.0846659243106842,0.9153340458869934
PETS_CREDIT_high_eff_su2_r5_d6_b03__none,none,measurementguard_continuous,02d132ee580866ee41a8,0,0,0,0.8731881380081177,0.1268118917942047
PETS_CREDIT_high_eff_su2_r5_d6_b03__none,none,measurementguard_continuous,323bc2b7ded81007c10b,0,0,0,0.8208774924278259,0.17912253737449646
PETS_CREDIT_high_eff_su2_r5_d6_b03__none,none,measurementguard_continuous,7eb02391460879bfe425,0,1,1,0.15143293142318726,0.8485670685768127
PETS_CREDIT_high_eff_su2_r5_d6_b03__none,none,measurementguard_continuous,8023a2850646517888f6,0,0,0,0.9202933311462402,0.07970661669969559
PETS_CREDIT_high_eff_su2_r5_d6_b03__none,none,measurementguard_continuous,c80e702330688e6c3640,0,0,0,0.7921155691146851,0.20788446068763733
PETS_CREDIT_high_eff_su2_r5_d6_b03__none,none,measurementguard_continuous,3e01576c4964ce1df77e,0,0,0,0.9206224679946899,0.07937753945589066
PETS_CREDIT_high_eff_su2_r5_d6_b03__none,none,measurementguard_continuous,d8bd80969a4223b1746d,0,0,0,0.9085681438446045,0.09143184870481491
PETS_CREDIT_high_eff_su2_r5_d6_b03__none,none,measurementguard_continuous,c98e7a188d21f2d4c7c5,0,0,1,0.18535012006759644,0.8146498799324036
PETS_CREDIT_high_eff_su2_r5_d6_b03__none,none,measurementguard_continuous,a53b6f24d57097d0166f,0,0,0,0.8324810266494751,0.1675189882516861
PETS_CREDIT_high_eff_su2_r5_d6_b03__none,none,measurementguard_continuous,8b702b29b3bba3c0c011,0,0,0,0.8999984860420227,0.1000015065073967
PETS_CREDIT_high_eff_su2_r5_d6_b03__none,none,measurementguard_continuous,5808218040029ad54abc,0,0,0,0.906994640827179,0.09300536662340164
PETS_CREDIT_high_eff_su2_r5_d6_b03__none,none,measurementguard_continuous,2cdf0f49b2642481ca8f,0,1,0,0.9041232466697693,0.09587675333023071
PETS_CREDIT_high_eff_su2_r5_d6_b03__none,none,measurementguard_continuous,d8141fe3b07ab69c0481,0,0,0,0.8259137868881226,0.17408618330955505
PETS_CREDIT_high_eff_su2_r5_d6_b03__none,none,measurementguard_continuous,a2d2d92e2ba800faa946,0,1,1,0.09128493815660477,0.9087150692939758
PETS_CREDIT_high_eff_su2_r5_d6_b03__none,none,measurementguard_continuous,657f767276025ad88617,0,0,0,0.8667385578155518,0.13326142728328705
PETS_CREDIT_high_eff_su2_r5_d6_b03__none,none,measurementguard_continuous,21cc40e171d11484f55e,0,0,0,0.8849082589149475,0.1150917187333107
PETS_CREDIT_high_eff_su2_r5_d6_b03__none,none,measurementguard_continuous,68458c3065d2ff08346a,0,0,0,0.8816041946411133,0.11839582771062851
PETS_CREDIT_high_eff_su2_r5_d6_b03__none,none,measurementguard_continuous,b690772de8eb14084d30,0,1,0,0.9209190011024475,0.0790809765458107
PETS_CREDIT_high_eff_su2_r5_d6_b03__none,none,measurementguard_continuous,0f0ec6f2889f1d9d2876,0,0,0,0.8042157888412476,0.19578424096107483
PETS_CREDIT_high_eff_su2_r5_d6_b03__none,none,measurementguard_continuous,18bbbff1da0a4760b6ff,0,0,0,0.8717840909957886,0.12821587920188904
PETS_CREDIT_high_eff_su2_r5_d6_b03__none,none,measurementguard_continuous,5718ce19a4a1c640caac,0,0,0,0.9202054142951965,0.07979457825422287
PETS_CREDIT_high_eff_su2_r5_d6_b03__none,none,measurementguard_continuous,5c1eaee6580358b55afc,0,0,0,0.7912258505821228,0.20877417922019958
PETS_CREDIT_high_eff_su2_r5_d6_b03__none,none,measurementguard_continuous,0835edef9bf74dc85154,0,1,0,0.8732230067253113,0.1267770528793335
PETS_CREDIT_high_eff_su2_r5_d6_b03__none,none,measurementguard_continuous,05e7a2529d248075df48,0,0,0,0.8339947462081909,0.16600526869297028
PETS_CREDIT_high_eff_su2_r5_d6_b03__none,none,measurementguard_continuous,71f1648b8b8cb6d1277e,0,0,0,0.8329376578330994,0.16706235706806183
PETS_CREDIT_high_eff_su2_r5_d6_b03__none,none,measurementguard_continuous,cb39c23acaa500033ed0,0,0,0,0.8474356532096863,0.1525643765926361
PETS_CREDIT_high_eff_su2_r5_d6_b03__none,none,measurementguard_continuous,c55786a9941cc04c9348,0,0,1,0.13058282434940338,0.8694171905517578
PETS_CREDIT_high_eff_su2_r5_d6_b03__none,none,measurementguard_continuous,cc92f2b4b36f95de3e7f,0,0,0,0.9151294231414795,0.0848705917596817
PETS_CREDIT_high_eff_su2_r5_d6_b03__none,none,measurementguard_continuous,4c3cfe1fe9e491bb9c0e,0,1,0,0.8827502727508545,0.11724971234798431
PETS_CREDIT_high_eff_su2_r5_d6_b03__none,none,measurementguard_continuous,fa91758004730bf9cef8,0,1,0,0.923107385635376,0.07689262181520462
PETS_CREDIT_high_eff_su2_r5_d6_b03__none,none,measurementguard_continuous,b78fcdfd9fe43578fef1,0,0,0,0.8689271807670593,0.13107281923294067
PETS_CREDIT_high_eff_su2_r5_d6_b03__none,none,measurementguard_continuous,27103d15734219f0d343,0,0,0,0.9058793783187866,0.09412062913179398
PETS_CREDIT_high_eff_su2_r5_d6_b03__none,none,measurementguard_continuous,36f760028306a12bff25,0,0,0,0.8151094317436218,0.18489059805870056
PETS_CREDIT_high_eff_su2_r5_d6_b03__none,none,lattice_round,619b46d6086e6aad3d84,1,0,0,0.9174600839614868,0.08253996074199677
PETS_CREDIT_high_eff_su2_r5_d6_b03__none,none,lattice_round,5e48c11768cb070aefe6,1,0,0,0.7539045810699463,0.2460954189300537
PETS_CREDIT_high_eff_su2_r5_d6_b03__none,none,lattice_round,7105743f10682ac4a1cc,1,0,0,0.896495521068573,0.10350453108549118
PETS_CREDIT_high_eff_su2_r5_d6_b03__none,none,lattice_round,272c38b1ecd099be7890,1,0,0,0.9037055969238281,0.09629441797733307
PETS_CREDIT_high_eff_su2_r5_d6_b03__none,none,lattice_round,6f47824d3363865de61a,1,0,0,0.6764016151428223,0.32359835505485535
PETS_CREDIT_high_eff_su2_r5_d6_b03__none,none,lattice_round,b0f47ae4b56b3aa4d111,1,1,1,0.07496201992034912,0.9250379800796509
PETS_CREDIT_high_eff_su2_r5_d6_b03__none,none,lattice_round,f073d35785cf76f1409c,1,0,0,0.8157908320426941,0.18420922756195068
PETS_CREDIT_high_eff_su2_r5_d6_b03__none,none,lattice_round,01e7168ae2a624ff9916,1,1,1,0.13532085716724396,0.8646791577339172
PETS_CREDIT_high_eff_su2_r5_d6_b03__none,none,lattice_round,1c7eb9e50fc08e5f8cf0,1,1,0,0.9088378548622131,0.09116217494010925
PETS_CREDIT_high_eff_su2_r5_d6_b03__none,none,lattice_round,8f95586c1c6fb3f2a750,1,0,0,0.8657569289207458,0.13424313068389893
PETS_CREDIT_high_eff_su2_r5_d6_b03__none,none,lattice_round,2c2eb339de59d2b86f66,1,0,0,0.7794869542121887,0.22051307559013367
PETS_CREDIT_high_eff_su2_r5_d6_b03__none,none,lattice_round,ab00e756b29c98fd6674,1,0,0,0.9700888395309448,0.029911160469055176
PETS_CREDIT_high_eff_su2_r5_d6_b03__none,none,lattice_round,70d271c728323ea28d90,1,0,0,0.8699085116386414,0.13009147346019745
PETS_CREDIT_high_eff_su2_r5_d6_b03__none,none,lattice_round,69ef03b5c6f4f7ecef33,1,0,0,0.9791538119316101,0.020846214145421982
PETS_CREDIT_high_eff_su2_r5_d6_b03__none,none,lattice_round,eb849709f12c60edd50b,1,0,0,0.9638981819152832,0.03610183671116829
PETS_CREDIT_high_eff_su2_r5_d6_b03__none,none,lattice_round,ab97fae957e08270ffce,1,1,0,0.7494223713874817,0.2505776584148407
PETS_CREDIT_high_eff_su2_r5_d6_b03__none,none,lattice_round,e07f107ec2deef516f4f,1,0,0,0.9267482161521912,0.07325175404548645
PETS_CREDIT_high_eff_su2_r5_d6_b03__none,none,lattice_round,88b1c0733571d25bdfa5,1,0,0,0.9415503144264221,0.058449696749448776
PETS_CREDIT_high_eff_su2_r5_d6_b03__none,none,lattice_round,b84ff32b3c14263b0dd5,1,0,0,0.6706053018569946,0.32939469814300537
PETS_CREDIT_high_eff_su2_r5_d6_b03__none,none,lattice_round,9fc5fbe55717fe6862a4,1,1,1,0.4895005524158478,0.5104994177818298
PETS_CREDIT_high_eff_su2_r5_d6_b03__none,none,lattice_round,9eb158e3cbe5bc901e26,1,0,0,0.9489888548851013,0.05101113021373749
PETS_CREDIT_high_eff_su2_r5_d6_b03__none,none,lattice_round,09c28941e61886717e09,1,0,0,0.8570109009742737,0.1429891139268875
PETS_CREDIT_high_eff_su2_r5_d6_b03__none,none,lattice_round,196d92dfff0523a23237,1,0,0,0.886794924736023,0.11320504546165466
PETS_CREDIT_high_eff_su2_r5_d6_b03__none,none,lattice_round,0ffd3e39286157b02ad4,1,0,0,0.7305989861488342,0.26940101385116577
PETS_CREDIT_high_eff_su2_r5_d6_b03__none,none,lattice_round,25bed8f88a506c4cc366,1,0,0,0.6157492399215698,0.38425078988075256
PETS_CREDIT_high_eff_su2_r5_d6_b03__none,none,lattice_round,a62d80fa1349c54517ce,1,0,0,0.9993256330490112,0.0006743727135472
PETS_CREDIT_high_eff_su2_r5_d6_b03__none,none,lattice_round,08a6c27fcb32f81ff375,1,0,0,0.8512800931930542,0.1487199366092682
PETS_CREDIT_high_eff_su2_r5_d6_b03__none,none,lattice_round,26f8e0268dd95cba45fd,1,0,1,0.409168541431427,0.5908315181732178
PETS_CREDIT_high_eff_su2_r5_d6_b03__none,none,lattice_round,f332cc500c7a62b19024,1,0,0,0.8825874328613281,0.11741258949041367
PETS_CREDIT_high_eff_su2_r5_d6_b03__none,none,lattice_round,bfa7b1aca5d187760a16,1,0,0,0.9195155501365662,0.08048444986343384
PETS_CREDIT_high_eff_su2_r5_d6_b03__none,none,lattice_round,d1d396dc69ac0aeade66,1,0,0,0.9156491756439209,0.08435080200433731
PETS_CREDIT_high_eff_su2_r5_d6_b03__none,none,lattice_round,092efc45ab978715a8fa,1,0,0,0.9281818270683289,0.07181818038225174
PETS_CREDIT_high_eff_su2_r5_d6_b03__none,none,lattice_round,d8e3c3c718aea110b2d9,1,1,1,0.2595844864845276,0.7404155135154724
PETS_CREDIT_high_eff_su2_r5_d6_b03__none,none,lattice_round,2c3058336909d855b1f0,1,0,0,0.890872061252594,0.10912792384624481
PETS_CREDIT_high_eff_su2_r5_d6_b03__none,none,lattice_round,006df97946d214e0111f,1,1,0,0.7771434187889099,0.2228565812110901
PETS_CREDIT_high_eff_su2_r5_d6_b03__none,none,lattice_round,4b8fbfef25d81e60d4a6,1,0,0,0.6214191317558289,0.37858089804649353
PETS_CREDIT_high_eff_su2_r5_d6_b03__none,none,lattice_round,5cb75d859aa2d3df94b0,1,0,0,0.9988292455673218,0.0011707748053595424
PETS_CREDIT_high_eff_su2_r5_d6_b03__none,none,lattice_round,82d40bd4122f5c76cdfb,1,0,0,0.6659431457519531,0.3340568542480469
PETS_CREDIT_high_eff_su2_r5_d6_b03__none,none,lattice_round,f05df67fe5ac7ed38643,1,1,1,0.13828667998313904,0.8617132902145386
PETS_CREDIT_high_eff_su2_r5_d6_b03__none,none,lattice_round,0772d1e68bccea98e68f,1,0,0,0.9946852922439575,0.005314736161381006
PETS_CREDIT_high_eff_su2_r5_d6_b03__none,none,lattice_round,a1b01a469dc7802f51d3,1,0,0,0.9693446755409241,0.030655311420559883
PETS_CREDIT_high_eff_su2_r5_d6_b03__none,none,lattice_round,108acbd92e651db6ac49,1,1,1,0.36042338609695435,0.6395766735076904
PETS_CREDIT_high_eff_su2_r5_d6_b03__none,none,lattice_round,c75c31af2389cc3a594f,1,0,1,0.26182249188423157,0.7381775379180908
PETS_CREDIT_high_eff_su2_r5_d6_b03__none,none,lattice_round,2379dd478643b9cc0bc1,1,0,0,0.9741629958152771,0.025837058201432228
PETS_CREDIT_high_eff_su2_r5_d6_b03__none,none,lattice_round,7673e8a0f0b037cc51e5,1,0,0,0.9647166728973389,0.03528336063027382
PETS_CREDIT_high_eff_su2_r5_d6_b03__none,none,lattice_round,7c7fe88dcec806be29da,1,0,0,0.5874298214912415,0.41257020831108093
PETS_CREDIT_high_eff_su2_r5_d6_b03__none,none,lattice_round,07d4d260e30d7cf5b71f,1,0,0,0.9133370518684387,0.0866628885269165
PETS_CREDIT_high_eff_su2_r5_d6_b03__none,none,lattice_round,d75c3e52dbcaf5a5ec2a,1,0,0,0.7995607852935791,0.2004392147064209
PETS_CREDIT_high_eff_su2_r5_d6_b03__none,none,lattice_round,d2c3d34fb102babfa194,1,1,0,0.5742465853691101,0.4257534146308899
PETS_CREDIT_high_eff_su2_r5_d6_b03__none,none,lattice_round,92516ca36411fad7d9c9,1,0,0,0.9597187638282776,0.0402812585234642
PETS_CREDIT_high_eff_su2_r5_d6_b03__none,none,lattice_round,1dd9f8371cdcaa1758b3,1,0,0,0.9826865196228027,0.017313433811068535
PETS_CREDIT_high_eff_su2_r5_d6_b03__none,none,lattice_round,8fe0ac3103b5acc00cdc,1,0,0,0.953064501285553,0.04693550989031792
PETS_CREDIT_high_eff_su2_r5_d6_b03__none,none,lattice_round,c3a59fc71e20658f6341,1,0,0,0.8108648657798767,0.18913516402244568
PETS_CREDIT_high_eff_su2_r5_d6_b03__none,none,lattice_round,434123980ae7f6c38b02,1,0,0,0.7697848081588745,0.23021522164344788
PETS_CREDIT_high_eff_su2_r5_d6_b03__none,none,lattice_round,6bf07a3ff23f9e3249c5,1,1,0,0.5837942957878113,0.4162057340145111
PETS_CREDIT_high_eff_su2_r5_d6_b03__none,none,lattice_round,e030c0aa4ae0f1011f2f,1,1,1,0.3504437506198883,0.6495562195777893
PETS_CREDIT_high_eff_su2_r5_d6_b03__none,none,lattice_round,8120fa8a41158dba642d,1,0,0,0.9626769423484802,0.037323106080293655
PETS_CREDIT_high_eff_su2_r5_d6_b03__none,none,lattice_round,66fa33821884d4568b02,1,1,1,0.41530606150627136,0.584693968296051
PETS_CREDIT_high_eff_su2_r5_d6_b03__none,none,lattice_round,ae1704e8283a10912765,1,0,0,0.771478533744812,0.22852148115634918
PETS_CREDIT_high_eff_su2_r5_d6_b03__none,none,lattice_round,72bf8a475d5aa5538cd3,1,0,0,0.880587100982666,0.11941292881965637
PETS_CREDIT_high_eff_su2_r5_d6_b03__none,none,lattice_round,c4b2c9357254e51af6a9,1,1,1,0.47479483485221863,0.525205135345459
PETS_CREDIT_high_eff_su2_r5_d6_b03__none,none,lattice_round,4def6ca8e27be84aeb54,1,1,0,0.9236357808113098,0.07636425644159317
PETS_CREDIT_high_eff_su2_r5_d6_b03__none,none,lattice_round,a5b1091e7ec67f7a06ed,1,0,1,0.3515702188014984,0.648429811000824
PETS_CREDIT_high_eff_su2_r5_d6_b03__none,none,lattice_round,daf2c33eb0f2b7518584,1,0,0,0.9680439829826355,0.03195600584149361
PETS_CREDIT_high_eff_su2_r5_d6_b03__none,none,lattice_round,6e144bf85d42e3ac6fae,1,0,0,0.8951952457427979,0.10480476915836334
PETS_CREDIT_high_eff_su2_r5_d6_b03__none,none,lattice_round,f97851146238bb9a3754,1,0,0,0.9625598788261414,0.03744012489914894
PETS_CREDIT_high_eff_su2_r5_d6_b03__none,none,lattice_round,5d21e75cb6066696e6e2,1,0,0,0.9887566566467285,0.01124335266649723
PETS_CREDIT_high_eff_su2_r5_d6_b03__none,none,lattice_round,4aa64c627cb9b82d7f42,1,0,0,0.9290622472763062,0.07093779742717743
PETS_CREDIT_high_eff_su2_r5_d6_b03__none,none,lattice_round,c50e57ca37a497df3a13,1,0,0,0.983159065246582,0.01684095896780491
PETS_CREDIT_high_eff_su2_r5_d6_b03__none,none,lattice_round,c0daa10532a8487ca803,1,1,1,0.2953919768333435,0.7046080231666565
PETS_CREDIT_high_eff_su2_r5_d6_b03__none,none,lattice_round,00405a37dd709b2d51a8,1,0,0,0.8923779726028442,0.10762200504541397
PETS_CREDIT_high_eff_su2_r5_d6_b03__none,none,lattice_round,5f9c02f5ec03a28e4f53,1,0,0,0.5979602336883545,0.4020397961139679
PETS_CREDIT_high_eff_su2_r5_d6_b03__none,none,lattice_round,ac5f40db5db91c18a83b,1,0,0,0.6222842335700989,0.3777157962322235
PETS_CREDIT_high_eff_su2_r5_d6_b03__none,none,lattice_round,5584930e99aa4007d628,1,0,0,0.9094212651252747,0.09057875722646713
PETS_CREDIT_high_eff_su2_r5_d6_b03__none,none,lattice_round,0674ce029ebb21d32e38,1,0,0,0.973641037940979,0.026358971372246742
PETS_CREDIT_high_eff_su2_r5_d6_b03__none,none,lattice_round,6c0e663b6848864dc914,1,0,0,0.9284999370574951,0.07150007039308548
PETS_CREDIT_high_eff_su2_r5_d6_b03__none,none,lattice_round,7ce1135db7560daf7e70,1,0,0,0.6015939712524414,0.39840608835220337
PETS_CREDIT_high_eff_su2_r5_d6_b03__none,none,lattice_round,70e46e61db439dd8e308,1,0,0,0.8977799415588379,0.1022200882434845
PETS_CREDIT_high_eff_su2_r5_d6_b03__none,none,lattice_round,aaca4c9adb936209ae4f,1,1,1,0.49781298637390137,0.5021870136260986
PETS_CREDIT_high_eff_su2_r5_d6_b03__none,none,lattice_round,3ac7ac4bc65a6ffec899,1,0,0,0.9680300951004028,0.03196993097662926
PETS_CREDIT_high_eff_su2_r5_d6_b03__none,none,lattice_round,c536d8f2ff559c7756e7,1,1,1,0.411588579416275,0.5884113907814026
PETS_CREDIT_high_eff_su2_r5_d6_b03__none,none,lattice_round,16e3ff8c6f696f231824,1,0,0,0.9023144245147705,0.09768560528755188
PETS_CREDIT_high_eff_su2_r5_d6_b03__none,none,lattice_round,dba69027df0122535f19,1,0,0,0.948374330997467,0.051625702530145645
PETS_CREDIT_high_eff_su2_r5_d6_b03__none,none,lattice_round,973b363916938dbaaf31,1,0,0,0.914506196975708,0.08549384772777557
PETS_CREDIT_high_eff_su2_r5_d6_b03__none,none,lattice_round,6ea2a519a69c09016323,1,1,1,0.2975972294807434,0.7024027705192566
PETS_CREDIT_high_eff_su2_r5_d6_b03__none,none,lattice_round,26b6a5da65cdaeb8e184,1,0,0,0.7777122855186462,0.22228771448135376
PETS_CREDIT_high_eff_su2_r5_d6_b03__none,none,lattice_round,c053f623dd8f2bfb7915,1,0,0,0.9892390966415405,0.01076092291623354
PETS_CREDIT_high_eff_su2_r5_d6_b03__none,none,lattice_round,0a09121dee0e5db09dfe,1,0,0,0.8772128224372864,0.12278719246387482
PETS_CREDIT_high_eff_su2_r5_d6_b03__none,none,lattice_round,22730a71b34176a3ba37,1,0,0,0.9536936283111572,0.04630632326006889
PETS_CREDIT_high_eff_su2_r5_d6_b03__none,none,lattice_round,6af56a8b2e15acc1e086,1,1,1,0.29587695002555847,0.7041230797767639
PETS_CREDIT_high_eff_su2_r5_d6_b03__none,none,lattice_round,a6dfd0dc4ba32e6c00e6,1,0,0,0.928891658782959,0.0711083710193634
PETS_CREDIT_high_eff_su2_r5_d6_b03__none,none,lattice_round,a5628044ec0880a52490,1,0,0,0.8538748621940613,0.14612513780593872
PETS_CREDIT_high_eff_su2_r5_d6_b03__none,none,lattice_round,4cfea97c73e6dbfbc698,1,0,0,0.9700915217399597,0.029908491298556328
PETS_CREDIT_high_eff_su2_r5_d6_b03__none,none,lattice_round,32babcc385bd70eddb90,1,0,0,0.7685904502868652,0.23140954971313477
PETS_CREDIT_high_eff_su2_r5_d6_b03__none,none,lattice_round,6093ce809aa33ce6693b,1,0,0,0.8925257921218872,0.1074742004275322
PETS_CREDIT_high_eff_su2_r5_d6_b03__none,none,lattice_round,78edbc6916b12b570866,1,1,0,0.6826633214950562,0.31733670830726624
PETS_CREDIT_high_eff_su2_r5_d6_b03__none,none,lattice_round,14865093b1485a5c3a41,1,1,0,0.8798902630805969,0.12010974436998367
PETS_CREDIT_high_eff_su2_r5_d6_b03__none,none,lattice_round,46dbe6ca2f4531385a05,1,0,0,0.9547501802444458,0.04524983465671539
PETS_CREDIT_high_eff_su2_r5_d6_b03__none,none,lattice_round,c9e5785745f04cec0d37,1,0,0,0.897708535194397,0.10229148715734482
PETS_CREDIT_high_eff_su2_r5_d6_b03__none,none,lattice_round,1313972ddf1c6e9eb2c9,1,0,0,0.8243767619132996,0.17562325298786163
PETS_CREDIT_high_eff_su2_r5_d6_b03__none,none,lattice_round,42e9f06773aa97fa92d4,0,0,0,0.961861789226532,0.03813822939991951
PETS_CREDIT_high_eff_su2_r5_d6_b03__none,none,lattice_round,7bfb843a13cff05233ad,0,0,0,0.8506028652191162,0.1493971198797226
PETS_CREDIT_high_eff_su2_r5_d6_b03__none,none,lattice_round,2218e6bd75832a43d007,0,0,0,0.9121928811073303,0.08780711144208908
PETS_CREDIT_high_eff_su2_r5_d6_b03__none,none,lattice_round,9bfd22e983b09efc4239,0,0,0,0.7877317667007446,0.21226826310157776
PETS_CREDIT_high_eff_su2_r5_d6_b03__none,none,lattice_round,34bfadccd6d7f30d94a1,0,0,0,0.9078471064567566,0.09215288609266281
PETS_CREDIT_high_eff_su2_r5_d6_b03__none,none,lattice_round,5f861fea617a3ee7da16,0,1,0,0.9443582892417908,0.05564165487885475
PETS_CREDIT_high_eff_su2_r5_d6_b03__none,none,lattice_round,3b2a390113c4d06485dc,0,0,1,0.17583702504634857,0.824163019657135
PETS_CREDIT_high_eff_su2_r5_d6_b03__none,none,lattice_round,f1d5fbea8d8fc197f689,0,1,0,0.7348896265029907,0.2651103436946869
PETS_CREDIT_high_eff_su2_r5_d6_b03__none,none,lattice_round,a55e7f353f00168e8f2a,0,1,0,0.9085285067558289,0.09147146344184875
PETS_CREDIT_high_eff_su2_r5_d6_b03__none,none,lattice_round,7b2b85015deb930a73bd,0,0,1,0.2105652540922165,0.7894346714019775
PETS_CREDIT_high_eff_su2_r5_d6_b03__none,none,lattice_round,7990ceff4d0c77eeca8b,0,0,0,0.9410068988800049,0.0589931458234787
PETS_CREDIT_high_eff_su2_r5_d6_b03__none,none,lattice_round,4194c2831bd65263a55f,0,0,0,0.9028822779655457,0.09711769223213196
PETS_CREDIT_high_eff_su2_r5_d6_b03__none,none,lattice_round,89b5beeaae443f174906,0,0,0,0.958142876625061,0.04185713827610016
PETS_CREDIT_high_eff_su2_r5_d6_b03__none,none,lattice_round,c9b90a5a5aabbbda656e,0,0,0,0.7657474875450134,0.23425251245498657
PETS_CREDIT_high_eff_su2_r5_d6_b03__none,none,lattice_round,45e249d80792feb4d2d2,0,0,0,0.8235468864440918,0.1764531135559082
PETS_CREDIT_high_eff_su2_r5_d6_b03__none,none,lattice_round,ac4bb9f68cc026f7ef87,0,1,0,0.9986615777015686,0.0013384466292336583
PETS_CREDIT_high_eff_su2_r5_d6_b03__none,none,lattice_round,2f4ee8e91be4e65736a4,0,0,0,0.943301796913147,0.05669821798801422
PETS_CREDIT_high_eff_su2_r5_d6_b03__none,none,lattice_round,48db4133c9bf431ebe79,0,0,1,0.4570538401603699,0.5429461598396301
PETS_CREDIT_high_eff_su2_r5_d6_b03__none,none,lattice_round,25773551baf095668618,0,0,0,0.9977317452430725,0.0022682705894112587
PETS_CREDIT_high_eff_su2_r5_d6_b03__none,none,lattice_round,a5648815fec59cd1c995,0,1,1,0.20670028030872345,0.7932997345924377
PETS_CREDIT_high_eff_su2_r5_d6_b03__none,none,lattice_round,d5e3f577c74cd5bde9ef,0,0,1,0.19718417525291443,0.802815854549408
PETS_CREDIT_high_eff_su2_r5_d6_b03__none,none,lattice_round,90aa3dc827baf03a0b7f,0,0,0,0.7534043192863464,0.24659571051597595
PETS_CREDIT_high_eff_su2_r5_d6_b03__none,none,lattice_round,a4ed03b502889d9468c9,0,0,0,0.9399733543395996,0.060026656836271286
PETS_CREDIT_high_eff_su2_r5_d6_b03__none,none,lattice_round,72382fc3b364c3c36162,0,0,0,0.9393569827079773,0.0606430284678936
PETS_CREDIT_high_eff_su2_r5_d6_b03__none,none,lattice_round,9214bdad11cf5b0f5788,0,0,0,0.9922665953636169,0.0077334376983344555
PETS_CREDIT_high_eff_su2_r5_d6_b03__none,none,lattice_round,b224dfc19404bbda9ee4,0,0,1,0.4257068932056427,0.5742931365966797
PETS_CREDIT_high_eff_su2_r5_d6_b03__none,none,lattice_round,150e2fdbb7bdebe9ab21,0,0,0,0.9575726389884949,0.042427390813827515
PETS_CREDIT_high_eff_su2_r5_d6_b03__none,none,lattice_round,e81e235b5be50fce8ed4,0,0,0,0.9806961417198181,0.019303856417536736
PETS_CREDIT_high_eff_su2_r5_d6_b03__none,none,lattice_round,a6f8faff37efe9eca5fe,0,0,0,0.8598073124885559,0.1401926726102829
PETS_CREDIT_high_eff_su2_r5_d6_b03__none,none,lattice_round,444967b541f184305a6c,0,0,0,0.8902893662452698,0.109710693359375
PETS_CREDIT_high_eff_su2_r5_d6_b03__none,none,lattice_round,b3648943abce0512f994,0,0,0,0.9271059036254883,0.07289411872625351
PETS_CREDIT_high_eff_su2_r5_d6_b03__none,none,lattice_round,f55dd0075c038f761436,0,0,0,0.8601553440093994,0.1398446410894394
PETS_CREDIT_high_eff_su2_r5_d6_b03__none,none,lattice_round,19eaeaae64289dba8ce8,0,1,1,0.19110120832920074,0.8088988065719604
PETS_CREDIT_high_eff_su2_r5_d6_b03__none,none,lattice_round,9af74acc6cc7a48f4fd9,0,0,0,0.8959140777587891,0.10408593714237213
PETS_CREDIT_high_eff_su2_r5_d6_b03__none,none,lattice_round,e26cf49baf1a8f2a6289,0,1,1,0.2931332588195801,0.7068667411804199
PETS_CREDIT_high_eff_su2_r5_d6_b03__none,none,lattice_round,4010d1d0fc60044b7e83,0,0,0,0.911302387714386,0.0886976346373558
PETS_CREDIT_high_eff_su2_r5_d6_b03__none,none,lattice_round,6146ee4e50398bd2590b,0,0,1,0.1998443454504013,0.8001556992530823
PETS_CREDIT_high_eff_su2_r5_d6_b03__none,none,lattice_round,17405c31370c8de7f8b8,0,0,0,0.9804161787033081,0.019583851099014282
PETS_CREDIT_high_eff_su2_r5_d6_b03__none,none,lattice_round,471df40f4bdddddc09ec,0,1,1,0.4914867877960205,0.5085132122039795
PETS_CREDIT_high_eff_su2_r5_d6_b03__none,none,lattice_round,b38c56a4fffe98b7efc8,0,0,0,0.8121034502983093,0.18789659440517426
PETS_CREDIT_high_eff_su2_r5_d6_b03__none,none,lattice_round,69c16449e008d39bb994,0,0,0,0.8288459181785583,0.17115402221679688
PETS_CREDIT_high_eff_su2_r5_d6_b03__none,none,lattice_round,0748c8ca29b369b66e6f,0,1,0,0.986003041267395,0.013997018337249756
PETS_CREDIT_high_eff_su2_r5_d6_b03__none,none,lattice_round,da3092a0e04488fc3d83,0,0,0,0.997331440448761,0.0026685823686420918
PETS_CREDIT_high_eff_su2_r5_d6_b03__none,none,lattice_round,74cb3d94d7d3fcb0963b,0,0,0,0.9918522238731384,0.008147720247507095
PETS_CREDIT_high_eff_su2_r5_d6_b03__none,none,lattice_round,3c4479d085b1b0ae10d8,0,0,0,0.5174394249916077,0.48256057500839233
PETS_CREDIT_high_eff_su2_r5_d6_b03__none,none,lattice_round,5960e131d3cbd3ac2bd9,0,0,0,0.5907391309738159,0.4092608392238617
PETS_CREDIT_high_eff_su2_r5_d6_b03__none,none,lattice_round,3122b20f9c469ddb4810,0,0,0,0.8696447610855103,0.13035526871681213
PETS_CREDIT_high_eff_su2_r5_d6_b03__none,none,lattice_round,5f5253b7ee72fa683082,0,0,0,0.9673691987991333,0.032630812376737595
PETS_CREDIT_high_eff_su2_r5_d6_b03__none,none,lattice_round,2478313b949e4a19fec5,0,1,1,0.3174411952495575,0.6825587749481201
PETS_CREDIT_high_eff_su2_r5_d6_b03__none,none,lattice_round,6803403d6e57131ab879,0,0,0,0.9677579402923584,0.03224203363060951
PETS_CREDIT_high_eff_su2_r5_d6_b03__none,none,lattice_round,5628f53706485c5a34f9,0,0,0,0.8543736934661865,0.14562633633613586
PETS_CREDIT_high_eff_su2_r5_d6_b03__none,none,lattice_round,e3aa42e9baae40909b2c,0,0,0,0.7452099919319153,0.2547900378704071
PETS_CREDIT_high_eff_su2_r5_d6_b03__none,none,lattice_round,50a0be37bf2f275bd4d6,0,0,0,0.6368363499641418,0.36316365003585815
PETS_CREDIT_high_eff_su2_r5_d6_b03__none,none,lattice_round,87b361e38d3a033e0147,0,0,0,0.9038299918174744,0.09616999328136444
PETS_CREDIT_high_eff_su2_r5_d6_b03__none,none,lattice_round,10adaa08b0205f280a31,0,1,0,0.8253328204154968,0.17466720938682556
PETS_CREDIT_high_eff_su2_r5_d6_b03__none,none,lattice_round,9d233cff809c5f6dd546,0,1,0,0.654685914516449,0.345314085483551
PETS_CREDIT_high_eff_su2_r5_d6_b03__none,none,lattice_round,baf60f731977893683c9,0,0,0,0.8700798153877258,0.12992018461227417
PETS_CREDIT_high_eff_su2_r5_d6_b03__none,none,lattice_round,91f87ca67e3c04007486,0,1,0,0.9649142026901245,0.03508574143052101
PETS_CREDIT_high_eff_su2_r5_d6_b03__none,none,lattice_round,8273cd051f4f3c543c72,0,0,0,0.7379817962646484,0.2620181739330292
PETS_CREDIT_high_eff_su2_r5_d6_b03__none,none,lattice_round,01c60ffe9b042bc05cfc,0,0,0,0.6713199019432068,0.328680157661438
PETS_CREDIT_high_eff_su2_r5_d6_b03__none,none,lattice_round,da5f5efb7790004fff98,0,1,0,0.8513151407241821,0.14868487417697906
PETS_CREDIT_high_eff_su2_r5_d6_b03__none,none,lattice_round,d545cdd659f37acdba6c,0,1,0,0.9262486696243286,0.07375133037567139
PETS_CREDIT_high_eff_su2_r5_d6_b03__none,none,lattice_round,3e5959b02df8356effc1,0,0,0,0.9096145033836365,0.09038549661636353
PETS_CREDIT_high_eff_su2_r5_d6_b03__none,none,lattice_round,236eaf6e697017b75006,0,0,0,0.6190542578697205,0.38094574213027954
PETS_CREDIT_high_eff_su2_r5_d6_b03__none,none,lattice_round,2ca770f234439727c33f,0,0,0,0.8254826068878174,0.17451737821102142
PETS_CREDIT_high_eff_su2_r5_d6_b03__none,none,lattice_round,9fe9252c0b576d892b50,0,0,0,0.9492784738540649,0.05072154104709625
PETS_CREDIT_high_eff_su2_r5_d6_b03__none,none,lattice_round,f22d9a5133c174dae56c,0,0,1,0.2395424097776413,0.7604576349258423
PETS_CREDIT_high_eff_su2_r5_d6_b03__none,none,lattice_round,02d132ee580866ee41a8,0,0,0,0.9875468611717224,0.012453099712729454
PETS_CREDIT_high_eff_su2_r5_d6_b03__none,none,lattice_round,323bc2b7ded81007c10b,0,0,0,0.979540228843689,0.020459799095988274
PETS_CREDIT_high_eff_su2_r5_d6_b03__none,none,lattice_round,7eb02391460879bfe425,0,1,1,0.3676588833332062,0.6323410868644714
PETS_CREDIT_high_eff_su2_r5_d6_b03__none,none,lattice_round,8023a2850646517888f6,0,0,0,0.9923778772354126,0.007622093427926302
PETS_CREDIT_high_eff_su2_r5_d6_b03__none,none,lattice_round,c80e702330688e6c3640,0,0,0,0.5345097184181213,0.46549028158187866
PETS_CREDIT_high_eff_su2_r5_d6_b03__none,none,lattice_round,3e01576c4964ce1df77e,0,0,0,0.7814175486564636,0.21858245134353638
PETS_CREDIT_high_eff_su2_r5_d6_b03__none,none,lattice_round,d8bd80969a4223b1746d,0,0,0,0.9080693125724792,0.09193066507577896
PETS_CREDIT_high_eff_su2_r5_d6_b03__none,none,lattice_round,c98e7a188d21f2d4c7c5,0,0,1,0.4188045263290405,0.5811954736709595
PETS_CREDIT_high_eff_su2_r5_d6_b03__none,none,lattice_round,a53b6f24d57097d0166f,0,0,0,0.8386157751083374,0.16138426959514618
PETS_CREDIT_high_eff_su2_r5_d6_b03__none,none,lattice_round,8b702b29b3bba3c0c011,0,0,0,0.9026443362236023,0.09735565632581711
PETS_CREDIT_high_eff_su2_r5_d6_b03__none,none,lattice_round,5808218040029ad54abc,0,0,0,0.9134132266044617,0.08658678084611893
PETS_CREDIT_high_eff_su2_r5_d6_b03__none,none,lattice_round,2cdf0f49b2642481ca8f,0,1,0,0.9899841547012329,0.010015849955379963
PETS_CREDIT_high_eff_su2_r5_d6_b03__none,none,lattice_round,d8141fe3b07ab69c0481,0,0,0,0.5723518133163452,0.4276482164859772
PETS_CREDIT_high_eff_su2_r5_d6_b03__none,none,lattice_round,a2d2d92e2ba800faa946,0,1,1,0.24934889376163483,0.7506511211395264
PETS_CREDIT_high_eff_su2_r5_d6_b03__none,none,lattice_round,657f767276025ad88617,0,0,0,0.8708232641220093,0.12917672097682953
PETS_CREDIT_high_eff_su2_r5_d6_b03__none,none,lattice_round,21cc40e171d11484f55e,0,0,0,0.8889192342758179,0.11108078807592392
PETS_CREDIT_high_eff_su2_r5_d6_b03__none,none,lattice_round,68458c3065d2ff08346a,0,0,0,0.6931865811347961,0.30681338906288147
PETS_CREDIT_high_eff_su2_r5_d6_b03__none,none,lattice_round,b690772de8eb14084d30,0,1,0,0.7836543917655945,0.21634560823440552
PETS_CREDIT_high_eff_su2_r5_d6_b03__none,none,lattice_round,0f0ec6f2889f1d9d2876,0,0,0,0.9936212301254272,0.006378794088959694
PETS_CREDIT_high_eff_su2_r5_d6_b03__none,none,lattice_round,18bbbff1da0a4760b6ff,0,0,0,0.8638840913772583,0.1361159086227417
PETS_CREDIT_high_eff_su2_r5_d6_b03__none,none,lattice_round,5718ce19a4a1c640caac,0,0,0,0.9175096154212952,0.08249036222696304
PETS_CREDIT_high_eff_su2_r5_d6_b03__none,none,lattice_round,5c1eaee6580358b55afc,0,0,0,0.5276116132736206,0.4723883867263794
PETS_CREDIT_high_eff_su2_r5_d6_b03__none,none,lattice_round,0835edef9bf74dc85154,0,1,0,0.874640941619873,0.12535902857780457
PETS_CREDIT_high_eff_su2_r5_d6_b03__none,none,lattice_round,05e7a2529d248075df48,0,0,0,0.6045668721199036,0.39543309807777405
PETS_CREDIT_high_eff_su2_r5_d6_b03__none,none,lattice_round,71f1648b8b8cb6d1277e,0,0,0,0.9439846277236938,0.056015390902757645
PETS_CREDIT_high_eff_su2_r5_d6_b03__none,none,lattice_round,cb39c23acaa500033ed0,0,0,0,0.944705605506897,0.05529443547129631
PETS_CREDIT_high_eff_su2_r5_d6_b03__none,none,lattice_round,c55786a9941cc04c9348,0,0,1,0.3161126375198364,0.6838873624801636
PETS_CREDIT_high_eff_su2_r5_d6_b03__none,none,lattice_round,cc92f2b4b36f95de3e7f,0,0,0,0.7692576050758362,0.2307424247264862
PETS_CREDIT_high_eff_su2_r5_d6_b03__none,none,lattice_round,4c3cfe1fe9e491bb9c0e,0,1,0,0.6870346665382385,0.3129653036594391
PETS_CREDIT_high_eff_su2_r5_d6_b03__none,none,lattice_round,fa91758004730bf9cef8,0,1,0,0.7897303104400635,0.21026970446109772
PETS_CREDIT_high_eff_su2_r5_d6_b03__none,none,lattice_round,b78fcdfd9fe43578fef1,0,0,0,0.9958093762397766,0.004190633073449135
PETS_CREDIT_high_eff_su2_r5_d6_b03__none,none,lattice_round,27103d15734219f0d343,0,0,0,0.9104241728782654,0.08957582712173462
PETS_CREDIT_high_eff_su2_r5_d6_b03__none,none,lattice_round,36f760028306a12bff25,0,0,0,0.8179776668548584,0.1820223033428192
PETS_CREDIT_high_eff_su2_r5_d6_b03__none,none,memgq_lattice,619b46d6086e6aad3d84,1,0,0,0.9174600839614868,0.08253996074199677
PETS_CREDIT_high_eff_su2_r5_d6_b03__none,none,memgq_lattice,5e48c11768cb070aefe6,1,0,0,0.9049196839332581,0.09508030861616135
PETS_CREDIT_high_eff_su2_r5_d6_b03__none,none,memgq_lattice,7105743f10682ac4a1cc,1,0,0,0.896495521068573,0.10350453108549118
PETS_CREDIT_high_eff_su2_r5_d6_b03__none,none,memgq_lattice,272c38b1ecd099be7890,1,0,0,0.9037055969238281,0.09629441797733307
PETS_CREDIT_high_eff_su2_r5_d6_b03__none,none,memgq_lattice,6f47824d3363865de61a,1,0,0,0.8665580153465271,0.13344204425811768
PETS_CREDIT_high_eff_su2_r5_d6_b03__none,none,memgq_lattice,b0f47ae4b56b3aa4d111,1,1,1,0.20112541317939758,0.7988746166229248
PETS_CREDIT_high_eff_su2_r5_d6_b03__none,none,memgq_lattice,f073d35785cf76f1409c,1,0,0,0.8157908320426941,0.18420922756195068
PETS_CREDIT_high_eff_su2_r5_d6_b03__none,none,memgq_lattice,01e7168ae2a624ff9916,1,1,1,0.13532085716724396,0.8646791577339172
PETS_CREDIT_high_eff_su2_r5_d6_b03__none,none,memgq_lattice,1c7eb9e50fc08e5f8cf0,1,1,0,0.9088378548622131,0.09116217494010925
PETS_CREDIT_high_eff_su2_r5_d6_b03__none,none,memgq_lattice,8f95586c1c6fb3f2a750,1,0,0,0.8657569289207458,0.13424313068389893
PETS_CREDIT_high_eff_su2_r5_d6_b03__none,none,memgq_lattice,2c2eb339de59d2b86f66,1,0,0,0.9165414571762085,0.08345857262611389
PETS_CREDIT_high_eff_su2_r5_d6_b03__none,none,memgq_lattice,ab00e756b29c98fd6674,1,0,0,0.9125820994377136,0.08741788566112518
PETS_CREDIT_high_eff_su2_r5_d6_b03__none,none,memgq_lattice,70d271c728323ea28d90,1,0,0,0.8699085116386414,0.13009147346019745
PETS_CREDIT_high_eff_su2_r5_d6_b03__none,none,memgq_lattice,69ef03b5c6f4f7ecef33,1,0,0,0.8295386433601379,0.17046138644218445
PETS_CREDIT_high_eff_su2_r5_d6_b03__none,none,memgq_lattice,eb849709f12c60edd50b,1,0,0,0.8957681655883789,0.10423184186220169
PETS_CREDIT_high_eff_su2_r5_d6_b03__none,none,memgq_lattice,ab97fae957e08270ffce,1,1,0,0.9028335213661194,0.09716653823852539
PETS_CREDIT_high_eff_su2_r5_d6_b03__none,none,memgq_lattice,e07f107ec2deef516f4f,1,0,0,0.8028498291969299,0.19715017080307007
PETS_CREDIT_high_eff_su2_r5_d6_b03__none,none,memgq_lattice,88b1c0733571d25bdfa5,1,0,0,0.8383204340934753,0.16167962551116943
PETS_CREDIT_high_eff_su2_r5_d6_b03__none,none,memgq_lattice,b84ff32b3c14263b0dd5,1,0,0,0.863480269908905,0.13651974499225616
PETS_CREDIT_high_eff_su2_r5_d6_b03__none,none,memgq_lattice,9fc5fbe55717fe6862a4,1,1,1,0.09036722779273987,0.9096328020095825
PETS_CREDIT_high_eff_su2_r5_d6_b03__none,none,memgq_lattice,9eb158e3cbe5bc901e26,1,0,0,0.8568997383117676,0.14310027658939362
PETS_CREDIT_high_eff_su2_r5_d6_b03__none,none,memgq_lattice,09c28941e61886717e09,1,0,0,0.8570109009742737,0.1429891139268875
PETS_CREDIT_high_eff_su2_r5_d6_b03__none,none,memgq_lattice,196d92dfff0523a23237,1,0,0,0.886794924736023,0.11320504546165466
PETS_CREDIT_high_eff_su2_r5_d6_b03__none,none,memgq_lattice,0ffd3e39286157b02ad4,1,0,0,0.8939027786254883,0.10609719902276993
PETS_CREDIT_high_eff_su2_r5_d6_b03__none,none,memgq_lattice,25bed8f88a506c4cc366,1,0,0,0.8327330946922302,0.16726693511009216
PETS_CREDIT_high_eff_su2_r5_d6_b03__none,none,memgq_lattice,a62d80fa1349c54517ce,1,0,0,0.8366026878356934,0.16339734196662903
PETS_CREDIT_high_eff_su2_r5_d6_b03__none,none,memgq_lattice,08a6c27fcb32f81ff375,1,0,0,0.8512800931930542,0.1487199366092682
PETS_CREDIT_high_eff_su2_r5_d6_b03__none,none,memgq_lattice,26f8e0268dd95cba45fd,1,0,1,0.18227916955947876,0.8177208304405212
PETS_CREDIT_high_eff_su2_r5_d6_b03__none,none,memgq_lattice,f332cc500c7a62b19024,1,0,0,0.8825874328613281,0.11741258949041367
PETS_CREDIT_high_eff_su2_r5_d6_b03__none,none,memgq_lattice,bfa7b1aca5d187760a16,1,0,0,0.9195155501365662,0.08048444986343384
PETS_CREDIT_high_eff_su2_r5_d6_b03__none,none,memgq_lattice,d1d396dc69ac0aeade66,1,0,0,0.9156491756439209,0.08435080200433731
PETS_CREDIT_high_eff_su2_r5_d6_b03__none,none,memgq_lattice,092efc45ab978715a8fa,1,0,0,0.8062011003494263,0.19379888474941254
PETS_CREDIT_high_eff_su2_r5_d6_b03__none,none,memgq_lattice,d8e3c3c718aea110b2d9,1,1,1,0.10140527039766312,0.8985947370529175
PETS_CREDIT_high_eff_su2_r5_d6_b03__none,none,memgq_lattice,2c3058336909d855b1f0,1,0,0,0.890872061252594,0.10912792384624481
PETS_CREDIT_high_eff_su2_r5_d6_b03__none,none,memgq_lattice,006df97946d214e0111f,1,1,0,0.9154965877532959,0.08450344949960709
PETS_CREDIT_high_eff_su2_r5_d6_b03__none,none,memgq_lattice,4b8fbfef25d81e60d4a6,1,0,0,0.836053729057312,0.16394628584384918
PETS_CREDIT_high_eff_su2_r5_d6_b03__none,none,memgq_lattice,5cb75d859aa2d3df94b0,1,0,0,0.9015535712242126,0.09844642877578735
PETS_CREDIT_high_eff_su2_r5_d6_b03__none,none,memgq_lattice,82d40bd4122f5c76cdfb,1,0,0,0.8609821200370789,0.13901792466640472
PETS_CREDIT_high_eff_su2_r5_d6_b03__none,none,memgq_lattice,f05df67fe5ac7ed38643,1,1,1,0.13828667998313904,0.8617132902145386
PETS_CREDIT_high_eff_su2_r5_d6_b03__none,none,memgq_lattice,0772d1e68bccea98e68f,1,0,0,0.8619058132171631,0.13809415698051453
PETS_CREDIT_high_eff_su2_r5_d6_b03__none,none,memgq_lattice,a1b01a469dc7802f51d3,1,0,0,0.9105392098426819,0.08946080505847931
PETS_CREDIT_high_eff_su2_r5_d6_b03__none,none,memgq_lattice,108acbd92e651db6ac49,1,1,1,0.15353959798812866,0.8464604020118713
PETS_CREDIT_high_eff_su2_r5_d6_b03__none,none,memgq_lattice,c75c31af2389cc3a594f,1,0,1,0.10246825218200684,0.8975317478179932
PETS_CREDIT_high_eff_su2_r5_d6_b03__none,none,memgq_lattice,2379dd478643b9cc0bc1,1,0,0,0.7961841225624084,0.20381589233875275
PETS_CREDIT_high_eff_su2_r5_d6_b03__none,none,memgq_lattice,7673e8a0f0b037cc51e5,1,0,0,0.8979677557945251,0.10203225165605545
PETS_CREDIT_high_eff_su2_r5_d6_b03__none,none,memgq_lattice,7c7fe88dcec806be29da,1,0,0,0.81561678647995,0.18438324332237244
PETS_CREDIT_high_eff_su2_r5_d6_b03__none,none,memgq_lattice,07d4d260e30d7cf5b71f,1,0,0,0.9133370518684387,0.0866628885269165
PETS_CREDIT_high_eff_su2_r5_d6_b03__none,none,memgq_lattice,d75c3e52dbcaf5a5ec2a,1,0,0,0.7995607852935791,0.2004392147064209
PETS_CREDIT_high_eff_su2_r5_d6_b03__none,none,memgq_lattice,d2c3d34fb102babfa194,1,1,0,0.8073335289955139,0.19266647100448608
PETS_CREDIT_high_eff_su2_r5_d6_b03__none,none,memgq_lattice,92516ca36411fad7d9c9,1,0,0,0.8846454620361328,0.11535459011793137
PETS_CREDIT_high_eff_su2_r5_d6_b03__none,none,memgq_lattice,1dd9f8371cdcaa1758b3,1,0,0,0.8546630144119263,0.14533700048923492
PETS_CREDIT_high_eff_su2_r5_d6_b03__none,none,memgq_lattice,8fe0ac3103b5acc00cdc,1,0,0,0.8673042058944702,0.13269583880901337
PETS_CREDIT_high_eff_su2_r5_d6_b03__none,none,memgq_lattice,c3a59fc71e20658f6341,1,0,0,0.8108648657798767,0.18913516402244568
PETS_CREDIT_high_eff_su2_r5_d6_b03__none,none,memgq_lattice,434123980ae7f6c38b02,1,0,0,0.9121901392936707,0.08780989795923233
PETS_CREDIT_high_eff_su2_r5_d6_b03__none,none,memgq_lattice,6bf07a3ff23f9e3249c5,1,1,0,0.8133531212806702,0.18664689362049103
PETS_CREDIT_high_eff_su2_r5_d6_b03__none,none,memgq_lattice,e030c0aa4ae0f1011f2f,1,1,1,0.14796310663223267,0.8520368933677673
PETS_CREDIT_high_eff_su2_r5_d6_b03__none,none,memgq_lattice,8120fa8a41158dba642d,1,0,0,0.8924992084503174,0.10750077664852142
PETS_CREDIT_high_eff_su2_r5_d6_b03__none,none,memgq_lattice,66fa33821884d4568b02,1,1,1,0.1860852837562561,0.8139147162437439
PETS_CREDIT_high_eff_su2_r5_d6_b03__none,none,memgq_lattice,ae1704e8283a10912765,1,0,0,0.9129546284675598,0.08704540133476257
PETS_CREDIT_high_eff_su2_r5_d6_b03__none,none,memgq_lattice,72bf8a475d5aa5538cd3,1,0,0,0.880587100982666,0.11941292881965637
PETS_CREDIT_high_eff_su2_r5_d6_b03__none,none,memgq_lattice,c4b2c9357254e51af6a9,1,1,1,0.0856408178806305,0.9143592119216919
PETS_CREDIT_high_eff_su2_r5_d6_b03__none,none,memgq_lattice,4def6ca8e27be84aeb54,1,1,0,0.7956337928771973,0.20436625182628632
PETS_CREDIT_high_eff_su2_r5_d6_b03__none,none,memgq_lattice,a5b1091e7ec67f7a06ed,1,0,1,0.14858761429786682,0.8514124155044556
PETS_CREDIT_high_eff_su2_r5_d6_b03__none,none,memgq_lattice,daf2c33eb0f2b7518584,1,0,0,0.9069828391075134,0.09301714599132538
PETS_CREDIT_high_eff_su2_r5_d6_b03__none,none,memgq_lattice,6e144bf85d42e3ac6fae,1,0,0,0.8951952457427979,0.10480476915836334
PETS_CREDIT_high_eff_su2_r5_d6_b03__none,none,memgq_lattice,f97851146238bb9a3754,1,0,0,0.8921868205070496,0.10781319439411163
PETS_CREDIT_high_eff_su2_r5_d6_b03__none,none,memgq_lattice,5d21e75cb6066696e6e2,1,0,0,0.901100754737854,0.0988992303609848
PETS_CREDIT_high_eff_su2_r5_d6_b03__none,none,memgq_lattice,4aa64c627cb9b82d7f42,1,0,0,0.8082678914070129,0.19173210859298706
PETS_CREDIT_high_eff_su2_r5_d6_b03__none,none,memgq_lattice,c50e57ca37a497df3a13,1,0,0,0.8581247329711914,0.1418752670288086
PETS_CREDIT_high_eff_su2_r5_d6_b03__none,none,memgq_lattice,c0daa10532a8487ca803,1,1,1,0.11889708787202835,0.8811029195785522
PETS_CREDIT_high_eff_su2_r5_d6_b03__none,none,memgq_lattice,00405a37dd709b2d51a8,1,0,0,0.8923779726028442,0.10762200504541397
PETS_CREDIT_high_eff_su2_r5_d6_b03__none,none,memgq_lattice,5f9c02f5ec03a28e4f53,1,0,0,0.8220869302749634,0.177913099527359
PETS_CREDIT_high_eff_su2_r5_d6_b03__none,none,memgq_lattice,ac5f40db5db91c18a83b,1,0,0,0.8365573287010193,0.1634426862001419
PETS_CREDIT_high_eff_su2_r5_d6_b03__none,none,memgq_lattice,5584930e99aa4007d628,1,0,0,0.9094212651252747,0.09057875722646713
PETS_CREDIT_high_eff_su2_r5_d6_b03__none,none,memgq_lattice,0674ce029ebb21d32e38,1,0,0,0.9224175214767456,0.0775824710726738
PETS_CREDIT_high_eff_su2_r5_d6_b03__none,none,memgq_lattice,6c0e663b6848864dc914,1,0,0,0.8069471716880798,0.19305287301540375
PETS_CREDIT_high_eff_su2_r5_d6_b03__none,none,memgq_lattice,7ce1135db7560daf7e70,1,0,0,0.8242901563644409,0.1757098287343979
PETS_CREDIT_high_eff_su2_r5_d6_b03__none,none,memgq_lattice,70e46e61db439dd8e308,1,0,0,0.8977799415588379,0.1022200882434845
PETS_CREDIT_high_eff_su2_r5_d6_b03__none,none,memgq_lattice,aaca4c9adb936209ae4f,1,1,1,0.09313839673995972,0.9068616628646851
PETS_CREDIT_high_eff_su2_r5_d6_b03__none,none,memgq_lattice,3ac7ac4bc65a6ffec899,1,0,0,0.9069448709487915,0.0930551141500473
PETS_CREDIT_high_eff_su2_r5_d6_b03__none,none,memgq_lattice,c536d8f2ff559c7756e7,1,1,1,0.18377470970153809,0.8162253499031067
PETS_CREDIT_high_eff_su2_r5_d6_b03__none,none,memgq_lattice,16e3ff8c6f696f231824,1,0,0,0.9023144245147705,0.09768560528755188
PETS_CREDIT_high_eff_su2_r5_d6_b03__none,none,memgq_lattice,dba69027df0122535f19,1,0,0,0.855344831943512,0.14465519785881042
PETS_CREDIT_high_eff_su2_r5_d6_b03__none,none,memgq_lattice,973b363916938dbaaf31,1,0,0,0.914506196975708,0.08549384772777557
PETS_CREDIT_high_eff_su2_r5_d6_b03__none,none,memgq_lattice,6ea2a519a69c09016323,1,1,1,0.12000914663076401,0.8799908757209778
PETS_CREDIT_high_eff_su2_r5_d6_b03__none,none,memgq_lattice,26b6a5da65cdaeb8e184,1,0,0,0.9157505631446838,0.08424945920705795
PETS_CREDIT_high_eff_su2_r5_d6_b03__none,none,memgq_lattice,c053f623dd8f2bfb7915,1,0,0,0.9049829244613647,0.09501711279153824
PETS_CREDIT_high_eff_su2_r5_d6_b03__none,none,memgq_lattice,0a09121dee0e5db09dfe,1,0,0,0.8772128224372864,0.12278719246387482
PETS_CREDIT_high_eff_su2_r5_d6_b03__none,none,memgq_lattice,22730a71b34176a3ba37,1,0,0,0.8689249157905579,0.13107511401176453
PETS_CREDIT_high_eff_su2_r5_d6_b03__none,none,memgq_lattice,6af56a8b2e15acc1e086,1,1,1,0.11914128810167313,0.8808587193489075
PETS_CREDIT_high_eff_su2_r5_d6_b03__none,none,memgq_lattice,a6dfd0dc4ba32e6c00e6,1,0,0,0.8078669309616089,0.1921330839395523
PETS_CREDIT_high_eff_su2_r5_d6_b03__none,none,memgq_lattice,a5628044ec0880a52490,1,0,0,0.8538748621940613,0.14612513780593872
PETS_CREDIT_high_eff_su2_r5_d6_b03__none,none,memgq_lattice,4cfea97c73e6dbfbc698,1,0,0,0.912589430809021,0.08741054683923721
PETS_CREDIT_high_eff_su2_r5_d6_b03__none,none,memgq_lattice,32babcc385bd70eddb90,1,0,0,0.911649763584137,0.08835024386644363
PETS_CREDIT_high_eff_su2_r5_d6_b03__none,none,memgq_lattice,6093ce809aa33ce6693b,1,0,0,0.8925257921218872,0.1074742004275322
PETS_CREDIT_high_eff_su2_r5_d6_b03__none,none,memgq_lattice,78edbc6916b12b570866,1,1,0,0.8698480725288391,0.1301519274711609
PETS_CREDIT_high_eff_su2_r5_d6_b03__none,none,memgq_lattice,14865093b1485a5c3a41,1,1,0,0.8798902630805969,0.12010974436998367
PETS_CREDIT_high_eff_su2_r5_d6_b03__none,none,memgq_lattice,46dbe6ca2f4531385a05,1,0,0,0.8716551661491394,0.12834486365318298
PETS_CREDIT_high_eff_su2_r5_d6_b03__none,none,memgq_lattice,c9e5785745f04cec0d37,1,0,0,0.897708535194397,0.10229148715734482
PETS_CREDIT_high_eff_su2_r5_d6_b03__none,none,memgq_lattice,1313972ddf1c6e9eb2c9,1,0,0,0.8243767619132996,0.17562325298786163
PETS_CREDIT_high_eff_su2_r5_d6_b03__none,none,memgq_lattice,42e9f06773aa97fa92d4,0,0,0,0.8903260231018066,0.10967396199703217
PETS_CREDIT_high_eff_su2_r5_d6_b03__none,none,memgq_lattice,7bfb843a13cff05233ad,0,0,0,0.8506028652191162,0.1493971198797226
PETS_CREDIT_high_eff_su2_r5_d6_b03__none,none,memgq_lattice,2218e6bd75832a43d007,0,0,0,0.9121928811073303,0.08780711144208908
PETS_CREDIT_high_eff_su2_r5_d6_b03__none,none,memgq_lattice,9bfd22e983b09efc4239,0,0,0,0.9201865196228027,0.07981345057487488
PETS_CREDIT_high_eff_su2_r5_d6_b03__none,none,memgq_lattice,34bfadccd6d7f30d94a1,0,0,0,0.9078471064567566,0.09215288609266281
PETS_CREDIT_high_eff_su2_r5_d6_b03__none,none,memgq_lattice,5f861fea617a3ee7da16,0,1,0,0.8452727794647217,0.15472722053527832
PETS_CREDIT_high_eff_su2_r5_d6_b03__none,none,memgq_lattice,3b2a390113c4d06485dc,0,0,1,0.17583702504634857,0.824163019657135
PETS_CREDIT_high_eff_su2_r5_d6_b03__none,none,memgq_lattice,f1d5fbea8d8fc197f689,0,1,0,0.8959629535675049,0.10403704643249512
PETS_CREDIT_high_eff_su2_r5_d6_b03__none,none,memgq_lattice,a55e7f353f00168e8f2a,0,1,0,0.9085285067558289,0.09147146344184875
PETS_CREDIT_high_eff_su2_r5_d6_b03__none,none,memgq_lattice,7b2b85015deb930a73bd,0,0,1,0.0790664553642273,0.9209335446357727
PETS_CREDIT_high_eff_su2_r5_d6_b03__none,none,memgq_lattice,7990ceff4d0c77eeca8b,0,0,0,0.8369832634925842,0.16301670670509338
PETS_CREDIT_high_eff_su2_r5_d6_b03__none,none,memgq_lattice,4194c2831bd65263a55f,0,0,0,0.9028822779655457,0.09711769223213196
PETS_CREDIT_high_eff_su2_r5_d6_b03__none,none,memgq_lattice,89b5beeaae443f174906,0,0,0,0.8804981708526611,0.11950179934501648
PETS_CREDIT_high_eff_su2_r5_d6_b03__none,none,memgq_lattice,c9b90a5a5aabbbda656e,0,0,0,0.9103593230247498,0.08964066207408905
PETS_CREDIT_high_eff_su2_r5_d6_b03__none,none,memgq_lattice,45e249d80792feb4d2d2,0,0,0,0.8235468864440918,0.1764531135559082
PETS_CREDIT_high_eff_su2_r5_d6_b03__none,none,memgq_lattice,ac4bb9f68cc026f7ef87,0,1,0,0.889002799987793,0.11099723726511002
PETS_CREDIT_high_eff_su2_r5_d6_b03__none,none,memgq_lattice,2f4ee8e91be4e65736a4,0,0,0,0.8426482677459717,0.1573517620563507
PETS_CREDIT_high_eff_su2_r5_d6_b03__none,none,memgq_lattice,48db4133c9bf431ebe79,0,0,1,0.0802197977900505,0.9197801947593689
PETS_CREDIT_high_eff_su2_r5_d6_b03__none,none,memgq_lattice,25773551baf095668618,0,0,0,0.8252248764038086,0.174775168299675
PETS_CREDIT_high_eff_su2_r5_d6_b03__none,none,memgq_lattice,a5648815fec59cd1c995,0,1,1,0.07737858593463898,0.9226214289665222
PETS_CREDIT_high_eff_su2_r5_d6_b03__none,none,memgq_lattice,d5e3f577c74cd5bde9ef,0,0,1,0.19718417525291443,0.802815854549408
PETS_CREDIT_high_eff_su2_r5_d6_b03__none,none,memgq_lattice,90aa3dc827baf03a0b7f,0,0,0,0.9046875834465027,0.09531240910291672
PETS_CREDIT_high_eff_su2_r5_d6_b03__none,none,memgq_lattice,a4ed03b502889d9468c9,0,0,0,0.8344480395317078,0.16555199027061462
PETS_CREDIT_high_eff_su2_r5_d6_b03__none,none,memgq_lattice,72382fc3b364c3c36162,0,0,0,0.8329406976699829,0.16705934703350067
PETS_CREDIT_high_eff_su2_r5_d6_b03__none,none,memgq_lattice,9214bdad11cf5b0f5788,0,0,0,0.8105679154396057,0.1894320845603943
PETS_CREDIT_high_eff_su2_r5_d6_b03__none,none,memgq_lattice,b224dfc19404bbda9ee4,0,0,1,0.1926369071006775,0.8073630928993225
PETS_CREDIT_high_eff_su2_r5_d6_b03__none,none,memgq_lattice,150e2fdbb7bdebe9ab21,0,0,0,0.8790037631988525,0.12099624425172806
PETS_CREDIT_high_eff_su2_r5_d6_b03__none,none,memgq_lattice,e81e235b5be50fce8ed4,0,0,0,0.8403456807136536,0.15965436398983002
PETS_CREDIT_high_eff_su2_r5_d6_b03__none,none,memgq_lattice,a6f8faff37efe9eca5fe,0,0,0,0.8598073124885559,0.1401926726102829
PETS_CREDIT_high_eff_su2_r5_d6_b03__none,none,memgq_lattice,444967b541f184305a6c,0,0,0,0.8902893662452698,0.109710693359375
PETS_CREDIT_high_eff_su2_r5_d6_b03__none,none,memgq_lattice,b3648943abce0512f994,0,0,0,0.8036841750144958,0.19631579518318176
PETS_CREDIT_high_eff_su2_r5_d6_b03__none,none,memgq_lattice,f55dd0075c038f761436,0,0,0,0.8601553440093994,0.1398446410894394
PETS_CREDIT_high_eff_su2_r5_d6_b03__none,none,memgq_lattice,19eaeaae64289dba8ce8,0,1,1,0.19110120832920074,0.8088988065719604
PETS_CREDIT_high_eff_su2_r5_d6_b03__none,none,memgq_lattice,9af74acc6cc7a48f4fd9,0,0,0,0.8959140777587891,0.10408593714237213
PETS_CREDIT_high_eff_su2_r5_d6_b03__none,none,memgq_lattice,e26cf49baf1a8f2a6289,0,1,1,0.11776237189769745,0.8822376132011414
PETS_CREDIT_high_eff_su2_r5_d6_b03__none,none,memgq_lattice,4010d1d0fc60044b7e83,0,0,0,0.911302387714386,0.0886976346373558
PETS_CREDIT_high_eff_su2_r5_d6_b03__none,none,memgq_lattice,6146ee4e50398bd2590b,0,0,1,0.1998443454504013,0.8001556992530823
PETS_CREDIT_high_eff_su2_r5_d6_b03__none,none,memgq_lattice,17405c31370c8de7f8b8,0,0,0,0.8383654952049255,0.16163450479507446
PETS_CREDIT_high_eff_su2_r5_d6_b03__none,none,memgq_lattice,471df40f4bdddddc09ec,0,1,1,0.09102266281843185,0.9089773297309875
PETS_CREDIT_high_eff_su2_r5_d6_b03__none,none,memgq_lattice,b38c56a4fffe98b7efc8,0,0,0,0.8121034502983093,0.18789659440517426
PETS_CREDIT_high_eff_su2_r5_d6_b03__none,none,memgq_lattice,69c16449e008d39bb994,0,0,0,0.8288459181785583,0.17115402221679688
PETS_CREDIT_high_eff_su2_r5_d6_b03__none,none,memgq_lattice,0748c8ca29b369b66e6f,0,1,0,0.8794953227043152,0.12050466984510422
PETS_CREDIT_high_eff_su2_r5_d6_b03__none,none,memgq_lattice,da3092a0e04488fc3d83,0,0,0,0.8004685044288635,0.19953152537345886
PETS_CREDIT_high_eff_su2_r5_d6_b03__none,none,memgq_lattice,74cb3d94d7d3fcb0963b,0,0,0,0.8023588061332703,0.19764122366905212
PETS_CREDIT_high_eff_su2_r5_d6_b03__none,none,memgq_lattice,3c4479d085b1b0ae10d8,0,0,0,0.9118906855583191,0.0881093218922615
PETS_CREDIT_high_eff_su2_r5_d6_b03__none,none,memgq_lattice,5960e131d3cbd3ac2bd9,0,0,0,0.8176639080047607,0.18233612179756165
PETS_CREDIT_high_eff_su2_r5_d6_b03__none,none,memgq_lattice,3122b20f9c469ddb4810,0,0,0,0.8696447610855103,0.13035526871681213
PETS_CREDIT_high_eff_su2_r5_d6_b03__none,none,memgq_lattice,5f5253b7ee72fa683082,0,0,0,0.905144989490509,0.09485502541065216
PETS_CREDIT_high_eff_su2_r5_d6_b03__none,none,memgq_lattice,2478313b949e4a19fec5,0,1,1,0.13020654022693634,0.8697934746742249
PETS_CREDIT_high_eff_su2_r5_d6_b03__none,none,memgq_lattice,6803403d6e57131ab879,0,0,0,0.9062032103538513,0.09379676729440689
PETS_CREDIT_high_eff_su2_r5_d6_b03__none,none,memgq_lattice,5628f53706485c5a34f9,0,0,0,0.8543736934661865,0.14562633633613586
PETS_CREDIT_high_eff_su2_r5_d6_b03__none,none,memgq_lattice,e3aa42e9baae40909b2c,0,0,0,0.9008588790893555,0.09914115071296692
PETS_CREDIT_high_eff_su2_r5_d6_b03__none,none,memgq_lattice,50a0be37bf2f275bd4d6,0,0,0,0.8449116349220276,0.1550883799791336
PETS_CREDIT_high_eff_su2_r5_d6_b03__none,none,memgq_lattice,87b361e38d3a033e0147,0,0,0,0.9038299918174744,0.09616999328136444
PETS_CREDIT_high_eff_su2_r5_d6_b03__none,none,memgq_lattice,10adaa08b0205f280a31,0,1,0,0.8253328204154968,0.17466720938682556
PETS_CREDIT_high_eff_su2_r5_d6_b03__none,none,memgq_lattice,9d233cff809c5f6dd546,0,1,0,0.8548649549484253,0.14513501524925232
PETS_CREDIT_high_eff_su2_r5_d6_b03__none,none,memgq_lattice,baf60f731977893683c9,0,0,0,0.8700798153877258,0.12992018461227417
PETS_CREDIT_high_eff_su2_r5_d6_b03__none,none,memgq_lattice,91f87ca67e3c04007486,0,1,0,0.8984999060630798,0.10150010883808136
PETS_CREDIT_high_eff_su2_r5_d6_b03__none,none,memgq_lattice,8273cd051f4f3c543c72,0,0,0,0.8974385857582092,0.10256139189004898
PETS_CREDIT_high_eff_su2_r5_d6_b03__none,none,memgq_lattice,01c60ffe9b042bc05cfc,0,0,0,0.8638613224029541,0.1361386775970459
PETS_CREDIT_high_eff_su2_r5_d6_b03__none,none,memgq_lattice,da5f5efb7790004fff98,0,1,0,0.8513151407241821,0.14868487417697906
PETS_CREDIT_high_eff_su2_r5_d6_b03__none,none,memgq_lattice,d545cdd659f37acdba6c,0,1,0,0.8016860485076904,0.19831393659114838
PETS_CREDIT_high_eff_su2_r5_d6_b03__none,none,memgq_lattice,3e5959b02df8356effc1,0,0,0,0.9096145033836365,0.09038549661636353
PETS_CREDIT_high_eff_su2_r5_d6_b03__none,none,memgq_lattice,236eaf6e697017b75006,0,0,0,0.8346729278564453,0.16532713174819946
PETS_CREDIT_high_eff_su2_r5_d6_b03__none,none,memgq_lattice,2ca770f234439727c33f,0,0,0,0.8254826068878174,0.17451737821102142
PETS_CREDIT_high_eff_su2_r5_d6_b03__none,none,memgq_lattice,9fe9252c0b576d892b50,0,0,0,0.8576337099075317,0.14236630499362946
PETS_CREDIT_high_eff_su2_r5_d6_b03__none,none,memgq_lattice,f22d9a5133c174dae56c,0,0,1,0.0920574963092804,0.907942533493042
PETS_CREDIT_high_eff_su2_r5_d6_b03__none,none,memgq_lattice,02d132ee580866ee41a8,0,0,0,0.8914945721626282,0.108505479991436
PETS_CREDIT_high_eff_su2_r5_d6_b03__none,none,memgq_lattice,323bc2b7ded81007c10b,0,0,0,0.8322231769561768,0.16777685284614563
PETS_CREDIT_high_eff_su2_r5_d6_b03__none,none,memgq_lattice,7eb02391460879bfe425,0,1,1,0.15764562785625458,0.8423543572425842
PETS_CREDIT_high_eff_su2_r5_d6_b03__none,none,memgq_lattice,8023a2850646517888f6,0,0,0,0.8128018379211426,0.1871981918811798
PETS_CREDIT_high_eff_su2_r5_d6_b03__none,none,memgq_lattice,c80e702330688e6c3640,0,0,0,0.917239248752594,0.0827607735991478
PETS_CREDIT_high_eff_su2_r5_d6_b03__none,none,memgq_lattice,3e01576c4964ce1df77e,0,0,0,0.9173992872238159,0.08260075002908707
PETS_CREDIT_high_eff_su2_r5_d6_b03__none,none,memgq_lattice,d8bd80969a4223b1746d,0,0,0,0.9080693125724792,0.09193066507577896
PETS_CREDIT_high_eff_su2_r5_d6_b03__none,none,memgq_lattice,c98e7a188d21f2d4c7c5,0,0,1,0.18827460706233978,0.811725378036499
PETS_CREDIT_high_eff_su2_r5_d6_b03__none,none,memgq_lattice,a53b6f24d57097d0166f,0,0,0,0.8386157751083374,0.16138426959514618
PETS_CREDIT_high_eff_su2_r5_d6_b03__none,none,memgq_lattice,8b702b29b3bba3c0c011,0,0,0,0.9026443362236023,0.09735565632581711
PETS_CREDIT_high_eff_su2_r5_d6_b03__none,none,memgq_lattice,5808218040029ad54abc,0,0,0,0.9134132266044617,0.08658678084611893
PETS_CREDIT_high_eff_su2_r5_d6_b03__none,none,memgq_lattice,2cdf0f49b2642481ca8f,0,1,0,0.9110371470451355,0.08896288275718689
PETS_CREDIT_high_eff_su2_r5_d6_b03__none,none,memgq_lattice,d8141fe3b07ab69c0481,0,0,0,0.8061258792877197,0.19387415051460266
PETS_CREDIT_high_eff_su2_r5_d6_b03__none,none,memgq_lattice,a2d2d92e2ba800faa946,0,1,1,0.09659311175346375,0.9034068584442139
PETS_CREDIT_high_eff_su2_r5_d6_b03__none,none,memgq_lattice,657f767276025ad88617,0,0,0,0.8708232641220093,0.12917672097682953
PETS_CREDIT_high_eff_su2_r5_d6_b03__none,none,memgq_lattice,21cc40e171d11484f55e,0,0,0,0.8889192342758179,0.11108078807592392
PETS_CREDIT_high_eff_su2_r5_d6_b03__none,none,memgq_lattice,68458c3065d2ff08346a,0,0,0,0.8752979636192322,0.12470203638076782
PETS_CREDIT_high_eff_su2_r5_d6_b03__none,none,memgq_lattice,b690772de8eb14084d30,0,1,0,0.9183898568153381,0.08161012828350067
PETS_CREDIT_high_eff_su2_r5_d6_b03__none,none,memgq_lattice,0f0ec6f2889f1d9d2876,0,0,0,0.8385723233222961,0.16142770648002625
PETS_CREDIT_high_eff_su2_r5_d6_b03__none,none,memgq_lattice,18bbbff1da0a4760b6ff,0,0,0,0.8638840913772583,0.1361159086227417
PETS_CREDIT_high_eff_su2_r5_d6_b03__none,none,memgq_lattice,5718ce19a4a1c640caac,0,0,0,0.9175096154212952,0.08249036222696304
PETS_CREDIT_high_eff_su2_r5_d6_b03__none,none,memgq_lattice,5c1eaee6580358b55afc,0,0,0,0.9151120781898499,0.08488792181015015
PETS_CREDIT_high_eff_su2_r5_d6_b03__none,none,memgq_lattice,0835edef9bf74dc85154,0,1,0,0.874640941619873,0.12535902857780457
PETS_CREDIT_high_eff_su2_r5_d6_b03__none,none,memgq_lattice,05e7a2529d248075df48,0,0,0,0.8260817527770996,0.1739182323217392
PETS_CREDIT_high_eff_su2_r5_d6_b03__none,none,memgq_lattice,71f1648b8b8cb6d1277e,0,0,0,0.8443431854248047,0.15565678477287292
PETS_CREDIT_high_eff_su2_r5_d6_b03__none,none,memgq_lattice,cb39c23acaa500033ed0,0,0,0,0.8461375832557678,0.15386240184307098
PETS_CREDIT_high_eff_su2_r5_d6_b03__none,none,memgq_lattice,c55786a9941cc04c9348,0,0,1,0.12951292097568512,0.8704870939254761
PETS_CREDIT_high_eff_su2_r5_d6_b03__none,none,memgq_lattice,cc92f2b4b36f95de3e7f,0,0,0,0.9119517207145691,0.0880482941865921
PETS_CREDIT_high_eff_su2_r5_d6_b03__none,none,memgq_lattice,4c3cfe1fe9e491bb9c0e,0,1,0,0.8721239566802979,0.12787602841854095
PETS_CREDIT_high_eff_su2_r5_d6_b03__none,none,memgq_lattice,fa91758004730bf9cef8,0,1,0,0.9210630059242249,0.07893701642751694
PETS_CREDIT_high_eff_su2_r5_d6_b03__none,none,memgq_lattice,b78fcdfd9fe43578fef1,0,0,0,0.88795006275177,0.11204994469881058
PETS_CREDIT_high_eff_su2_r5_d6_b03__none,none,memgq_lattice,27103d15734219f0d343,0,0,0,0.9104241728782654,0.08957582712173462
PETS_CREDIT_high_eff_su2_r5_d6_b03__none,none,memgq_lattice,36f760028306a12bff25,0,0,0,0.8179776668548584,0.1820223033428192
PETS_CREDIT_high_eff_su2_r5_d6_b03__none,none,memgq_lattice_sticky,619b46d6086e6aad3d84,1,0,0,0.9174600839614868,0.08253996074199677
PETS_CREDIT_high_eff_su2_r5_d6_b03__none,none,memgq_lattice_sticky,5e48c11768cb070aefe6,1,0,0,0.9193426370620728,0.08065740019083023
PETS_CREDIT_high_eff_su2_r5_d6_b03__none,none,memgq_lattice_sticky,7105743f10682ac4a1cc,1,0,0,0.8972530364990234,0.10274690389633179
PETS_CREDIT_high_eff_su2_r5_d6_b03__none,none,memgq_lattice_sticky,272c38b1ecd099be7890,1,0,0,0.9037055969238281,0.09629441797733307
PETS_CREDIT_high_eff_su2_r5_d6_b03__none,none,memgq_lattice_sticky,6f47824d3363865de61a,1,0,0,0.8691002130508423,0.13089978694915771
PETS_CREDIT_high_eff_su2_r5_d6_b03__none,none,memgq_lattice_sticky,b0f47ae4b56b3aa4d111,1,1,1,0.08474595844745636,0.9152540564537048
PETS_CREDIT_high_eff_su2_r5_d6_b03__none,none,memgq_lattice_sticky,f073d35785cf76f1409c,1,0,0,0.8315666317939758,0.16843333840370178
PETS_CREDIT_high_eff_su2_r5_d6_b03__none,none,memgq_lattice_sticky,01e7168ae2a624ff9916,1,1,1,0.13532085716724396,0.8646791577339172
PETS_CREDIT_high_eff_su2_r5_d6_b03__none,none,memgq_lattice_sticky,1c7eb9e50fc08e5f8cf0,1,1,0,0.9081568717956543,0.0918431356549263
PETS_CREDIT_high_eff_su2_r5_d6_b03__none,none,memgq_lattice_sticky,8f95586c1c6fb3f2a750,1,0,0,0.8494945764541626,0.1505054533481598
PETS_CREDIT_high_eff_su2_r5_d6_b03__none,none,memgq_lattice_sticky,2c2eb339de59d2b86f66,1,0,0,0.9200680255889893,0.07993201166391373
PETS_CREDIT_high_eff_su2_r5_d6_b03__none,none,memgq_lattice_sticky,ab00e756b29c98fd6674,1,0,0,0.8942491412162781,0.10575088858604431
PETS_CREDIT_high_eff_su2_r5_d6_b03__none,none,memgq_lattice_sticky,70d271c728323ea28d90,1,0,0,0.8733054399490356,0.12669454514980316
PETS_CREDIT_high_eff_su2_r5_d6_b03__none,none,memgq_lattice_sticky,69ef03b5c6f4f7ecef33,1,0,0,0.8295386433601379,0.17046138644218445
PETS_CREDIT_high_eff_su2_r5_d6_b03__none,none,memgq_lattice_sticky,eb849709f12c60edd50b,1,0,0,0.8973132967948914,0.10268670320510864
PETS_CREDIT_high_eff_su2_r5_d6_b03__none,none,memgq_lattice_sticky,ab97fae957e08270ffce,1,1,0,0.9028335213661194,0.09716653823852539
PETS_CREDIT_high_eff_su2_r5_d6_b03__none,none,memgq_lattice_sticky,e07f107ec2deef516f4f,1,0,0,0.8028498291969299,0.19715017080307007
PETS_CREDIT_high_eff_su2_r5_d6_b03__none,none,memgq_lattice_sticky,88b1c0733571d25bdfa5,1,0,0,0.8383204340934753,0.16167962551116943
PETS_CREDIT_high_eff_su2_r5_d6_b03__none,none,memgq_lattice_sticky,b84ff32b3c14263b0dd5,1,0,0,0.8591483235359192,0.14085173606872559
PETS_CREDIT_high_eff_su2_r5_d6_b03__none,none,memgq_lattice_sticky,9fc5fbe55717fe6862a4,1,1,1,0.08790275454521179,0.9120972752571106
PETS_CREDIT_high_eff_su2_r5_d6_b03__none,none,memgq_lattice_sticky,9eb158e3cbe5bc901e26,1,0,0,0.8662388324737549,0.1337611973285675
PETS_CREDIT_high_eff_su2_r5_d6_b03__none,none,memgq_lattice_sticky,09c28941e61886717e09,1,0,0,0.8777191042900085,0.12228086590766907
PETS_CREDIT_high_eff_su2_r5_d6_b03__none,none,memgq_lattice_sticky,196d92dfff0523a23237,1,0,0,0.893318772315979,0.106681227684021
PETS_CREDIT_high_eff_su2_r5_d6_b03__none,none,memgq_lattice_sticky,0ffd3e39286157b02ad4,1,0,0,0.8939027786254883,0.10609719902276993
PETS_CREDIT_high_eff_su2_r5_d6_b03__none,none,memgq_lattice_sticky,25bed8f88a506c4cc366,1,0,0,0.8327330946922302,0.16726693511009216
PETS_CREDIT_high_eff_su2_r5_d6_b03__none,none,memgq_lattice_sticky,a62d80fa1349c54517ce,1,0,0,0.8470299243927002,0.1529700607061386
PETS_CREDIT_high_eff_su2_r5_d6_b03__none,none,memgq_lattice_sticky,08a6c27fcb32f81ff375,1,0,0,0.8512800931930542,0.1487199366092682
PETS_CREDIT_high_eff_su2_r5_d6_b03__none,none,memgq_lattice_sticky,26f8e0268dd95cba45fd,1,0,1,0.18227916955947876,0.8177208304405212
PETS_CREDIT_high_eff_su2_r5_d6_b03__none,none,memgq_lattice_sticky,f332cc500c7a62b19024,1,0,0,0.8825874328613281,0.11741258949041367
PETS_CREDIT_high_eff_su2_r5_d6_b03__none,none,memgq_lattice_sticky,bfa7b1aca5d187760a16,1,0,0,0.9195155501365662,0.08048444986343384
PETS_CREDIT_high_eff_su2_r5_d6_b03__none,none,memgq_lattice_sticky,d1d396dc69ac0aeade66,1,0,0,0.9156491756439209,0.08435080200433731
PETS_CREDIT_high_eff_su2_r5_d6_b03__none,none,memgq_lattice_sticky,092efc45ab978715a8fa,1,0,0,0.8062011003494263,0.19379888474941254
PETS_CREDIT_high_eff_su2_r5_d6_b03__none,none,memgq_lattice_sticky,d8e3c3c718aea110b2d9,1,1,1,0.10420506447553635,0.8957949280738831
PETS_CREDIT_high_eff_su2_r5_d6_b03__none,none,memgq_lattice_sticky,2c3058336909d855b1f0,1,0,0,0.890872061252594,0.10912792384624481
PETS_CREDIT_high_eff_su2_r5_d6_b03__none,none,memgq_lattice_sticky,006df97946d214e0111f,1,1,0,0.9154965877532959,0.08450344949960709
PETS_CREDIT_high_eff_su2_r5_d6_b03__none,none,memgq_lattice_sticky,4b8fbfef25d81e60d4a6,1,0,0,0.836053729057312,0.16394628584384918
PETS_CREDIT_high_eff_su2_r5_d6_b03__none,none,memgq_lattice_sticky,5cb75d859aa2d3df94b0,1,0,0,0.8811083436012268,0.1188916563987732
PETS_CREDIT_high_eff_su2_r5_d6_b03__none,none,memgq_lattice_sticky,82d40bd4122f5c76cdfb,1,0,0,0.8700951337814331,0.1299048662185669
PETS_CREDIT_high_eff_su2_r5_d6_b03__none,none,memgq_lattice_sticky,f05df67fe5ac7ed38643,1,1,1,0.14788779616355896,0.8521121740341187
PETS_CREDIT_high_eff_su2_r5_d6_b03__none,none,memgq_lattice_sticky,0772d1e68bccea98e68f,1,0,0,0.877021312713623,0.12297872453927994
PETS_CREDIT_high_eff_su2_r5_d6_b03__none,none,memgq_lattice_sticky,a1b01a469dc7802f51d3,1,0,0,0.9105392098426819,0.08946080505847931
PETS_CREDIT_high_eff_su2_r5_d6_b03__none,none,memgq_lattice_sticky,108acbd92e651db6ac49,1,1,1,0.15353959798812866,0.8464604020118713
PETS_CREDIT_high_eff_su2_r5_d6_b03__none,none,memgq_lattice_sticky,c75c31af2389cc3a594f,1,0,1,0.09822451323270798,0.9017754197120667
PETS_CREDIT_high_eff_su2_r5_d6_b03__none,none,memgq_lattice_sticky,2379dd478643b9cc0bc1,1,0,0,0.7961841225624084,0.20381589233875275
PETS_CREDIT_high_eff_su2_r5_d6_b03__none,none,memgq_lattice_sticky,7673e8a0f0b037cc51e5,1,0,0,0.8979677557945251,0.10203225165605545
PETS_CREDIT_high_eff_su2_r5_d6_b03__none,none,memgq_lattice_sticky,7c7fe88dcec806be29da,1,0,0,0.8225823640823364,0.1774176061153412
PETS_CREDIT_high_eff_su2_r5_d6_b03__none,none,memgq_lattice_sticky,07d4d260e30d7cf5b71f,1,0,0,0.9133370518684387,0.0866628885269165
PETS_CREDIT_high_eff_su2_r5_d6_b03__none,none,memgq_lattice_sticky,d75c3e52dbcaf5a5ec2a,1,0,0,0.8069894909858704,0.19301052391529083
PETS_CREDIT_high_eff_su2_r5_d6_b03__none,none,memgq_lattice_sticky,d2c3d34fb102babfa194,1,1,0,0.8240340352058411,0.17596594989299774
PETS_CREDIT_high_eff_su2_r5_d6_b03__none,none,memgq_lattice_sticky,92516ca36411fad7d9c9,1,0,0,0.9045482873916626,0.0954517275094986
PETS_CREDIT_high_eff_su2_r5_d6_b03__none,none,memgq_lattice_sticky,1dd9f8371cdcaa1758b3,1,0,0,0.830802857875824,0.16919711232185364
PETS_CREDIT_high_eff_su2_r5_d6_b03__none,none,memgq_lattice_sticky,8fe0ac3103b5acc00cdc,1,0,0,0.8673042058944702,0.13269583880901337
PETS_CREDIT_high_eff_su2_r5_d6_b03__none,none,memgq_lattice_sticky,c3a59fc71e20658f6341,1,0,0,0.8108648657798767,0.18913516402244568
PETS_CREDIT_high_eff_su2_r5_d6_b03__none,none,memgq_lattice_sticky,434123980ae7f6c38b02,1,0,0,0.9121901392936707,0.08780989795923233
PETS_CREDIT_high_eff_su2_r5_d6_b03__none,none,memgq_lattice_sticky,6bf07a3ff23f9e3249c5,1,1,0,0.8133531212806702,0.18664689362049103
PETS_CREDIT_high_eff_su2_r5_d6_b03__none,none,memgq_lattice_sticky,e030c0aa4ae0f1011f2f,1,1,1,0.14796310663223267,0.8520368933677673
PETS_CREDIT_high_eff_su2_r5_d6_b03__none,none,memgq_lattice_sticky,8120fa8a41158dba642d,1,0,0,0.8924992084503174,0.10750077664852142
PETS_CREDIT_high_eff_su2_r5_d6_b03__none,none,memgq_lattice_sticky,66fa33821884d4568b02,1,1,1,0.1860852837562561,0.8139147162437439
PETS_CREDIT_high_eff_su2_r5_d6_b03__none,none,memgq_lattice_sticky,ae1704e8283a10912765,1,0,0,0.9017610549926758,0.09823893010616302
PETS_CREDIT_high_eff_su2_r5_d6_b03__none,none,memgq_lattice_sticky,72bf8a475d5aa5538cd3,1,0,0,0.880587100982666,0.11941292881965637
PETS_CREDIT_high_eff_su2_r5_d6_b03__none,none,memgq_lattice_sticky,c4b2c9357254e51af6a9,1,1,1,0.0856408178806305,0.9143592119216919
PETS_CREDIT_high_eff_su2_r5_d6_b03__none,none,memgq_lattice_sticky,4def6ca8e27be84aeb54,1,1,0,0.8031721711158752,0.19682787358760834
PETS_CREDIT_high_eff_su2_r5_d6_b03__none,none,memgq_lattice_sticky,a5b1091e7ec67f7a06ed,1,0,1,0.16208872199058533,0.8379113078117371
PETS_CREDIT_high_eff_su2_r5_d6_b03__none,none,memgq_lattice_sticky,daf2c33eb0f2b7518584,1,0,0,0.9069828391075134,0.09301714599132538
PETS_CREDIT_high_eff_su2_r5_d6_b03__none,none,memgq_lattice_sticky,6e144bf85d42e3ac6fae,1,0,0,0.8887718319892883,0.11122814565896988
PETS_CREDIT_high_eff_su2_r5_d6_b03__none,none,memgq_lattice_sticky,f97851146238bb9a3754,1,0,0,0.8940644264221191,0.10593557357788086
PETS_CREDIT_high_eff_su2_r5_d6_b03__none,none,memgq_lattice_sticky,5d21e75cb6066696e6e2,1,0,0,0.8968312740325928,0.103168785572052
PETS_CREDIT_high_eff_su2_r5_d6_b03__none,none,memgq_lattice_sticky,4aa64c627cb9b82d7f42,1,0,0,0.8082678914070129,0.19173210859298706
PETS_CREDIT_high_eff_su2_r5_d6_b03__none,none,memgq_lattice_sticky,c50e57ca37a497df3a13,1,0,0,0.8581247329711914,0.1418752670288086
PETS_CREDIT_high_eff_su2_r5_d6_b03__none,none,memgq_lattice_sticky,c0daa10532a8487ca803,1,1,1,0.11889708787202835,0.8811029195785522
PETS_CREDIT_high_eff_su2_r5_d6_b03__none,none,memgq_lattice_sticky,00405a37dd709b2d51a8,1,0,0,0.8923779726028442,0.10762200504541397
PETS_CREDIT_high_eff_su2_r5_d6_b03__none,none,memgq_lattice_sticky,5f9c02f5ec03a28e4f53,1,0,0,0.8220869302749634,0.177913099527359
PETS_CREDIT_high_eff_su2_r5_d6_b03__none,none,memgq_lattice_sticky,ac5f40db5db91c18a83b,1,0,0,0.8175033330917358,0.18249668180942535
PETS_CREDIT_high_eff_su2_r5_d6_b03__none,none,memgq_lattice_sticky,5584930e99aa4007d628,1,0,0,0.9192301034927368,0.08076987415552139
PETS_CREDIT_high_eff_su2_r5_d6_b03__none,none,memgq_lattice_sticky,0674ce029ebb21d32e38,1,0,0,0.9224175214767456,0.0775824710726738
PETS_CREDIT_high_eff_su2_r5_d6_b03__none,none,memgq_lattice_sticky,6c0e663b6848864dc914,1,0,0,0.8069471716880798,0.19305287301540375
PETS_CREDIT_high_eff_su2_r5_d6_b03__none,none,memgq_lattice_sticky,7ce1135db7560daf7e70,1,0,0,0.8242901563644409,0.1757098287343979
PETS_CREDIT_high_eff_su2_r5_d6_b03__none,none,memgq_lattice_sticky,70e46e61db439dd8e308,1,0,0,0.8977799415588379,0.1022200882434845
PETS_CREDIT_high_eff_su2_r5_d6_b03__none,none,memgq_lattice_sticky,aaca4c9adb936209ae4f,1,1,0,0.9053732752799988,0.09462673217058182
PETS_CREDIT_high_eff_su2_r5_d6_b03__none,none,memgq_lattice_sticky,3ac7ac4bc65a6ffec899,1,0,0,0.9124221801757812,0.08757782727479935
PETS_CREDIT_high_eff_su2_r5_d6_b03__none,none,memgq_lattice_sticky,c536d8f2ff559c7756e7,1,1,1,0.18377470970153809,0.8162253499031067
PETS_CREDIT_high_eff_su2_r5_d6_b03__none,none,memgq_lattice_sticky,16e3ff8c6f696f231824,1,0,0,0.9023144245147705,0.09768560528755188
PETS_CREDIT_high_eff_su2_r5_d6_b03__none,none,memgq_lattice_sticky,dba69027df0122535f19,1,0,0,0.842919111251831,0.15708087384700775
PETS_CREDIT_high_eff_su2_r5_d6_b03__none,none,memgq_lattice_sticky,973b363916938dbaaf31,1,0,0,0.914506196975708,0.08549384772777557
PETS_CREDIT_high_eff_su2_r5_d6_b03__none,none,memgq_lattice_sticky,6ea2a519a69c09016323,1,1,1,0.12000914663076401,0.8799908757209778
PETS_CREDIT_high_eff_su2_r5_d6_b03__none,none,memgq_lattice_sticky,26b6a5da65cdaeb8e184,1,0,0,0.9157505631446838,0.08424945920705795
PETS_CREDIT_high_eff_su2_r5_d6_b03__none,none,memgq_lattice_sticky,c053f623dd8f2bfb7915,1,0,0,0.9049829244613647,0.09501711279153824
PETS_CREDIT_high_eff_su2_r5_d6_b03__none,none,memgq_lattice_sticky,0a09121dee0e5db09dfe,1,0,0,0.8748054504394531,0.12519456446170807
PETS_CREDIT_high_eff_su2_r5_d6_b03__none,none,memgq_lattice_sticky,22730a71b34176a3ba37,1,0,0,0.8689249157905579,0.13107511401176453
PETS_CREDIT_high_eff_su2_r5_d6_b03__none,none,memgq_lattice_sticky,6af56a8b2e15acc1e086,1,1,1,0.1276099979877472,0.8723900318145752
PETS_CREDIT_high_eff_su2_r5_d6_b03__none,none,memgq_lattice_sticky,a6dfd0dc4ba32e6c00e6,1,0,0,0.8078669309616089,0.1921330839395523
PETS_CREDIT_high_eff_su2_r5_d6_b03__none,none,memgq_lattice_sticky,a5628044ec0880a52490,1,0,0,0.8364450931549072,0.16355493664741516
PETS_CREDIT_high_eff_su2_r5_d6_b03__none,none,memgq_lattice_sticky,4cfea97c73e6dbfbc698,1,0,0,0.912589430809021,0.08741054683923721
PETS_CREDIT_high_eff_su2_r5_d6_b03__none,none,memgq_lattice_sticky,32babcc385bd70eddb90,1,0,0,0.9218143224716187,0.07818573713302612
PETS_CREDIT_high_eff_su2_r5_d6_b03__none,none,memgq_lattice_sticky,6093ce809aa33ce6693b,1,0,0,0.884777843952179,0.11522209644317627
PETS_CREDIT_high_eff_su2_r5_d6_b03__none,none,memgq_lattice_sticky,78edbc6916b12b570866,1,1,0,0.8698480725288391,0.1301519274711609
PETS_CREDIT_high_eff_su2_r5_d6_b03__none,none,memgq_lattice_sticky,14865093b1485a5c3a41,1,1,0,0.8798902630805969,0.12010974436998367
PETS_CREDIT_high_eff_su2_r5_d6_b03__none,none,memgq_lattice_sticky,46dbe6ca2f4531385a05,1,0,0,0.8475713133811951,0.15242870151996613
PETS_CREDIT_high_eff_su2_r5_d6_b03__none,none,memgq_lattice_sticky,c9e5785745f04cec0d37,1,0,0,0.8848018050193787,0.11519821733236313
PETS_CREDIT_high_eff_su2_r5_d6_b03__none,none,memgq_lattice_sticky,1313972ddf1c6e9eb2c9,1,0,0,0.8199384212493896,0.18006156384944916
PETS_CREDIT_high_eff_su2_r5_d6_b03__none,none,memgq_lattice_sticky,42e9f06773aa97fa92d4,0,0,0,0.8903260231018066,0.10967396199703217
PETS_CREDIT_high_eff_su2_r5_d6_b03__none,none,memgq_lattice_sticky,7bfb843a13cff05233ad,0,0,0,0.8506028652191162,0.1493971198797226
PETS_CREDIT_high_eff_su2_r5_d6_b03__none,none,memgq_lattice_sticky,2218e6bd75832a43d007,0,0,0,0.9182676076889038,0.08173240721225739
PETS_CREDIT_high_eff_su2_r5_d6_b03__none,none,memgq_lattice_sticky,9bfd22e983b09efc4239,0,0,0,0.916664719581604,0.0833352580666542
PETS_CREDIT_high_eff_su2_r5_d6_b03__none,none,memgq_lattice_sticky,34bfadccd6d7f30d94a1,0,0,0,0.9104337096214294,0.08956629037857056
PETS_CREDIT_high_eff_su2_r5_d6_b03__none,none,memgq_lattice_sticky,5f861fea617a3ee7da16,0,1,0,0.8452727794647217,0.15472722053527832
PETS_CREDIT_high_eff_su2_r5_d6_b03__none,none,memgq_lattice_sticky,3b2a390113c4d06485dc,0,0,1,0.17583702504634857,0.824163019657135
PETS_CREDIT_high_eff_su2_r5_d6_b03__none,none,memgq_lattice_sticky,f1d5fbea8d8fc197f689,0,1,0,0.8959629535675049,0.10403704643249512
PETS_CREDIT_high_eff_su2_r5_d6_b03__none,none,memgq_lattice_sticky,a55e7f353f00168e8f2a,0,1,0,0.914833128452301,0.08516691625118256
PETS_CREDIT_high_eff_su2_r5_d6_b03__none,none,memgq_lattice_sticky,7b2b85015deb930a73bd,0,0,1,0.0790664553642273,0.9209335446357727
PETS_CREDIT_high_eff_su2_r5_d6_b03__none,none,memgq_lattice_sticky,7990ceff4d0c77eeca8b,0,0,0,0.8369832634925842,0.16301670670509338
PETS_CREDIT_high_eff_su2_r5_d6_b03__none,none,memgq_lattice_sticky,4194c2831bd65263a55f,0,0,0,0.9028822779655457,0.09711769223213196
PETS_CREDIT_high_eff_su2_r5_d6_b03__none,none,memgq_lattice_sticky,89b5beeaae443f174906,0,0,0,0.8804981708526611,0.11950179934501648
PETS_CREDIT_high_eff_su2_r5_d6_b03__none,none,memgq_lattice_sticky,c9b90a5a5aabbbda656e,0,0,0,0.9206593632698059,0.0793406143784523
PETS_CREDIT_high_eff_su2_r5_d6_b03__none,none,memgq_lattice_sticky,45e249d80792feb4d2d2,0,0,0,0.8450462818145752,0.15495368838310242
PETS_CREDIT_high_eff_su2_r5_d6_b03__none,none,memgq_lattice_sticky,ac4bb9f68cc026f7ef87,0,1,0,0.889002799987793,0.11099723726511002
PETS_CREDIT_high_eff_su2_r5_d6_b03__none,none,memgq_lattice_sticky,2f4ee8e91be4e65736a4,0,0,0,0.8426482677459717,0.1573517620563507
PETS_CREDIT_high_eff_su2_r5_d6_b03__none,none,memgq_lattice_sticky,48db4133c9bf431ebe79,0,0,0,0.9094209671020508,0.09057903289794922
PETS_CREDIT_high_eff_su2_r5_d6_b03__none,none,memgq_lattice_sticky,25773551baf095668618,0,0,0,0.818340003490448,0.181659996509552
PETS_CREDIT_high_eff_su2_r5_d6_b03__none,none,memgq_lattice_sticky,a5648815fec59cd1c995,0,1,1,0.08315899968147278,0.9168410301208496
PETS_CREDIT_high_eff_su2_r5_d6_b03__none,none,memgq_lattice_sticky,d5e3f577c74cd5bde9ef,0,0,1,0.19369903206825256,0.806300938129425
PETS_CREDIT_high_eff_su2_r5_d6_b03__none,none,memgq_lattice_sticky,90aa3dc827baf03a0b7f,0,0,0,0.9027591943740845,0.09724083542823792
PETS_CREDIT_high_eff_su2_r5_d6_b03__none,none,memgq_lattice_sticky,a4ed03b502889d9468c9,0,0,0,0.8558389544487,0.14416110515594482
PETS_CREDIT_high_eff_su2_r5_d6_b03__none,none,memgq_lattice_sticky,72382fc3b364c3c36162,0,0,0,0.8506772518157959,0.1493227630853653
PETS_CREDIT_high_eff_su2_r5_d6_b03__none,none,memgq_lattice_sticky,9214bdad11cf5b0f5788,0,0,0,0.8105679154396057,0.1894320845603943
PETS_CREDIT_high_eff_su2_r5_d6_b03__none,none,memgq_lattice_sticky,b224dfc19404bbda9ee4,0,0,1,0.1926369071006775,0.8073630928993225
PETS_CREDIT_high_eff_su2_r5_d6_b03__none,none,memgq_lattice_sticky,150e2fdbb7bdebe9ab21,0,0,0,0.8790037631988525,0.12099624425172806
PETS_CREDIT_high_eff_su2_r5_d6_b03__none,none,memgq_lattice_sticky,e81e235b5be50fce8ed4,0,0,0,0.8403456807136536,0.15965436398983002
PETS_CREDIT_high_eff_su2_r5_d6_b03__none,none,memgq_lattice_sticky,a6f8faff37efe9eca5fe,0,0,0,0.8461872935295105,0.1538127213716507
PETS_CREDIT_high_eff_su2_r5_d6_b03__none,none,memgq_lattice_sticky,444967b541f184305a6c,0,0,0,0.8902893662452698,0.109710693359375
PETS_CREDIT_high_eff_su2_r5_d6_b03__none,none,memgq_lattice_sticky,b3648943abce0512f994,0,0,0,0.8036841750144958,0.19631579518318176
PETS_CREDIT_high_eff_su2_r5_d6_b03__none,none,memgq_lattice_sticky,f55dd0075c038f761436,0,0,0,0.8601553440093994,0.1398446410894394
PETS_CREDIT_high_eff_su2_r5_d6_b03__none,none,memgq_lattice_sticky,19eaeaae64289dba8ce8,0,1,1,0.19110120832920074,0.8088988065719604
PETS_CREDIT_high_eff_su2_r5_d6_b03__none,none,memgq_lattice_sticky,9af74acc6cc7a48f4fd9,0,0,0,0.8930490612983704,0.10695090889930725
PETS_CREDIT_high_eff_su2_r5_d6_b03__none,none,memgq_lattice_sticky,e26cf49baf1a8f2a6289,0,1,1,0.11776237189769745,0.8822376132011414
PETS_CREDIT_high_eff_su2_r5_d6_b03__none,none,memgq_lattice_sticky,4010d1d0fc60044b7e83,0,0,0,0.911302387714386,0.0886976346373558
PETS_CREDIT_high_eff_su2_r5_d6_b03__none,none,memgq_lattice_sticky,6146ee4e50398bd2590b,0,0,1,0.1998443454504013,0.8001556992530823
PETS_CREDIT_high_eff_su2_r5_d6_b03__none,none,memgq_lattice_sticky,17405c31370c8de7f8b8,0,0,0,0.8446354269981384,0.15536455810070038
PETS_CREDIT_high_eff_su2_r5_d6_b03__none,none,memgq_lattice_sticky,471df40f4bdddddc09ec,0,1,1,0.09102266281843185,0.9089773297309875
PETS_CREDIT_high_eff_su2_r5_d6_b03__none,none,memgq_lattice_sticky,b38c56a4fffe98b7efc8,0,0,0,0.8316050171852112,0.16839496791362762
PETS_CREDIT_high_eff_su2_r5_d6_b03__none,none,memgq_lattice_sticky,69c16449e008d39bb994,0,0,0,0.8469374775886536,0.15306256711483002
PETS_CREDIT_high_eff_su2_r5_d6_b03__none,none,memgq_lattice_sticky,0748c8ca29b369b66e6f,0,1,0,0.8929246664047241,0.10707536339759827
PETS_CREDIT_high_eff_su2_r5_d6_b03__none,none,memgq_lattice_sticky,da3092a0e04488fc3d83,0,0,0,0.8004685044288635,0.19953152537345886
PETS_CREDIT_high_eff_su2_r5_d6_b03__none,none,memgq_lattice_sticky,74cb3d94d7d3fcb0963b,0,0,0,0.9210246801376343,0.07897532731294632
PETS_CREDIT_high_eff_su2_r5_d6_b03__none,none,memgq_lattice_sticky,3c4479d085b1b0ae10d8,0,0,0,0.9118906855583191,0.0881093218922615
PETS_CREDIT_high_eff_su2_r5_d6_b03__none,none,memgq_lattice_sticky,5960e131d3cbd3ac2bd9,0,0,0,0.8176639080047607,0.18233612179756165
PETS_CREDIT_high_eff_su2_r5_d6_b03__none,none,memgq_lattice_sticky,3122b20f9c469ddb4810,0,0,0,0.8437215089797974,0.15627853572368622
PETS_CREDIT_high_eff_su2_r5_d6_b03__none,none,memgq_lattice_sticky,5f5253b7ee72fa683082,0,0,0,0.905144989490509,0.09485502541065216
PETS_CREDIT_high_eff_su2_r5_d6_b03__none,none,memgq_lattice_sticky,2478313b949e4a19fec5,0,1,1,0.13020654022693634,0.8697934746742249
PETS_CREDIT_high_eff_su2_r5_d6_b03__none,none,memgq_lattice_sticky,6803403d6e57131ab879,0,0,0,0.9062032103538513,0.09379676729440689
PETS_CREDIT_high_eff_su2_r5_d6_b03__none,none,memgq_lattice_sticky,5628f53706485c5a34f9,0,0,0,0.8581101298332214,0.14188989996910095
PETS_CREDIT_high_eff_su2_r5_d6_b03__none,none,memgq_lattice_sticky,e3aa42e9baae40909b2c,0,0,0,0.9008588790893555,0.09914115071296692
PETS_CREDIT_high_eff_su2_r5_d6_b03__none,none,memgq_lattice_sticky,50a0be37bf2f275bd4d6,0,0,0,0.8651689887046814,0.134831041097641
PETS_CREDIT_high_eff_su2_r5_d6_b03__none,none,memgq_lattice_sticky,87b361e38d3a033e0147,0,0,0,0.9038299918174744,0.09616999328136444
PETS_CREDIT_high_eff_su2_r5_d6_b03__none,none,memgq_lattice_sticky,10adaa08b0205f280a31,0,1,0,0.8296657800674438,0.17033421993255615
PETS_CREDIT_high_eff_su2_r5_d6_b03__none,none,memgq_lattice_sticky,9d233cff809c5f6dd546,0,1,0,0.8815386295318604,0.11846130341291428
PETS_CREDIT_high_eff_su2_r5_d6_b03__none,none,memgq_lattice_sticky,baf60f731977893683c9,0,0,0,0.8836037516593933,0.11639625579118729
PETS_CREDIT_high_eff_su2_r5_d6_b03__none,none,memgq_lattice_sticky,91f87ca67e3c04007486,0,1,0,0.8984999060630798,0.10150010883808136
PETS_CREDIT_high_eff_su2_r5_d6_b03__none,none,memgq_lattice_sticky,8273cd051f4f3c543c72,0,0,0,0.9090750217437744,0.09092501550912857
PETS_CREDIT_high_eff_su2_r5_d6_b03__none,none,memgq_lattice_sticky,01c60ffe9b042bc05cfc,0,0,0,0.8728135228157043,0.12718646228313446
PETS_CREDIT_high_eff_su2_r5_d6_b03__none,none,memgq_lattice_sticky,da5f5efb7790004fff98,0,1,0,0.8513151407241821,0.14868487417697906
PETS_CREDIT_high_eff_su2_r5_d6_b03__none,none,memgq_lattice_sticky,d545cdd659f37acdba6c,0,1,0,0.8016860485076904,0.19831393659114838
PETS_CREDIT_high_eff_su2_r5_d6_b03__none,none,memgq_lattice_sticky,3e5959b02df8356effc1,0,0,0,0.9077756404876709,0.09222438186407089
PETS_CREDIT_high_eff_su2_r5_d6_b03__none,none,memgq_lattice_sticky,236eaf6e697017b75006,0,0,0,0.8346729278564453,0.16532713174819946
PETS_CREDIT_high_eff_su2_r5_d6_b03__none,none,memgq_lattice_sticky,2ca770f234439727c33f,0,0,0,0.8254826068878174,0.17451737821102142
PETS_CREDIT_high_eff_su2_r5_d6_b03__none,none,memgq_lattice_sticky,9fe9252c0b576d892b50,0,0,0,0.8632781505584717,0.1367218792438507
PETS_CREDIT_high_eff_su2_r5_d6_b03__none,none,memgq_lattice_sticky,f22d9a5133c174dae56c,0,0,1,0.0920574963092804,0.907942533493042
PETS_CREDIT_high_eff_su2_r5_d6_b03__none,none,memgq_lattice_sticky,02d132ee580866ee41a8,0,0,0,0.898842453956604,0.10115759074687958
PETS_CREDIT_high_eff_su2_r5_d6_b03__none,none,memgq_lattice_sticky,323bc2b7ded81007c10b,0,0,0,0.8322231769561768,0.16777685284614563
PETS_CREDIT_high_eff_su2_r5_d6_b03__none,none,memgq_lattice_sticky,7eb02391460879bfe425,0,1,1,0.15150243043899536,0.8484976291656494
PETS_CREDIT_high_eff_su2_r5_d6_b03__none,none,memgq_lattice_sticky,8023a2850646517888f6,0,0,0,0.8128018379211426,0.1871981918811798
PETS_CREDIT_high_eff_su2_r5_d6_b03__none,none,memgq_lattice_sticky,c80e702330688e6c3640,0,0,0,0.917239248752594,0.0827607735991478
PETS_CREDIT_high_eff_su2_r5_d6_b03__none,none,memgq_lattice_sticky,3e01576c4964ce1df77e,0,0,0,0.8998793959617615,0.10012061148881912
PETS_CREDIT_high_eff_su2_r5_d6_b03__none,none,memgq_lattice_sticky,d8bd80969a4223b1746d,0,0,0,0.9099029302597046,0.09009706228971481
PETS_CREDIT_high_eff_su2_r5_d6_b03__none,none,memgq_lattice_sticky,c98e7a188d21f2d4c7c5,0,0,1,0.18827460706233978,0.811725378036499
PETS_CREDIT_high_eff_su2_r5_d6_b03__none,none,memgq_lattice_sticky,a53b6f24d57097d0166f,0,0,0,0.8386157751083374,0.16138426959514618
PETS_CREDIT_high_eff_su2_r5_d6_b03__none,none,memgq_lattice_sticky,8b702b29b3bba3c0c011,0,0,0,0.9026443362236023,0.09735565632581711
PETS_CREDIT_high_eff_su2_r5_d6_b03__none,none,memgq_lattice_sticky,5808218040029ad54abc,0,0,0,0.9134132266044617,0.08658678084611893
PETS_CREDIT_high_eff_su2_r5_d6_b03__none,none,memgq_lattice_sticky,2cdf0f49b2642481ca8f,0,1,0,0.9085459113121033,0.09145406633615494
PETS_CREDIT_high_eff_su2_r5_d6_b03__none,none,memgq_lattice_sticky,d8141fe3b07ab69c0481,0,0,0,0.837081253528595,0.16291876137256622
PETS_CREDIT_high_eff_su2_r5_d6_b03__none,none,memgq_lattice_sticky,a2d2d92e2ba800faa946,0,1,1,0.10886804014444351,0.8911319375038147
PETS_CREDIT_high_eff_su2_r5_d6_b03__none,none,memgq_lattice_sticky,657f767276025ad88617,0,0,0,0.8708232641220093,0.12917672097682953
PETS_CREDIT_high_eff_su2_r5_d6_b03__none,none,memgq_lattice_sticky,21cc40e171d11484f55e,0,0,0,0.8889192342758179,0.11108078807592392
PETS_CREDIT_high_eff_su2_r5_d6_b03__none,none,memgq_lattice_sticky,68458c3065d2ff08346a,0,0,0,0.877697229385376,0.12230280786752701
PETS_CREDIT_high_eff_su2_r5_d6_b03__none,none,memgq_lattice_sticky,b690772de8eb14084d30,0,1,0,0.9183898568153381,0.08161012828350067
PETS_CREDIT_high_eff_su2_r5_d6_b03__none,none,memgq_lattice_sticky,0f0ec6f2889f1d9d2876,0,0,0,0.8385723233222961,0.16142770648002625
PETS_CREDIT_high_eff_su2_r5_d6_b03__none,none,memgq_lattice_sticky,18bbbff1da0a4760b6ff,0,0,0,0.8544082045555115,0.14559178054332733
PETS_CREDIT_high_eff_su2_r5_d6_b03__none,none,memgq_lattice_sticky,5718ce19a4a1c640caac,0,0,0,0.9175096154212952,0.08249036222696304
PETS_CREDIT_high_eff_su2_r5_d6_b03__none,none,memgq_lattice_sticky,5c1eaee6580358b55afc,0,0,1,0.09196239709854126,0.908037543296814
PETS_CREDIT_high_eff_su2_r5_d6_b03__none,none,memgq_lattice_sticky,0835edef9bf74dc85154,0,1,0,0.874640941619873,0.12535902857780457
PETS_CREDIT_high_eff_su2_r5_d6_b03__none,none,memgq_lattice_sticky,05e7a2529d248075df48,0,0,0,0.8163009285926819,0.18369905650615692
PETS_CREDIT_high_eff_su2_r5_d6_b03__none,none,memgq_lattice_sticky,71f1648b8b8cb6d1277e,0,0,0,0.8337687849998474,0.16623124480247498
PETS_CREDIT_high_eff_su2_r5_d6_b03__none,none,memgq_lattice_sticky,cb39c23acaa500033ed0,0,0,0,0.8789950609207153,0.12100496888160706
PETS_CREDIT_high_eff_su2_r5_d6_b03__none,none,memgq_lattice_sticky,c55786a9941cc04c9348,0,0,1,0.12951292097568512,0.8704870939254761
PETS_CREDIT_high_eff_su2_r5_d6_b03__none,none,memgq_lattice_sticky,cc92f2b4b36f95de3e7f,0,0,0,0.9064480066299438,0.09355200827121735
PETS_CREDIT_high_eff_su2_r5_d6_b03__none,none,memgq_lattice_sticky,4c3cfe1fe9e491bb9c0e,0,1,0,0.8604913353919983,0.1395087093114853
PETS_CREDIT_high_eff_su2_r5_d6_b03__none,none,memgq_lattice_sticky,fa91758004730bf9cef8,0,1,0,0.9108102917671204,0.08918972313404083
PETS_CREDIT_high_eff_su2_r5_d6_b03__none,none,memgq_lattice_sticky,b78fcdfd9fe43578fef1,0,0,0,0.8901364207267761,0.10986356437206268
PETS_CREDIT_high_eff_su2_r5_d6_b03__none,none,memgq_lattice_sticky,27103d15734219f0d343,0,0,0,0.90651535987854,0.09348466992378235
PETS_CREDIT_high_eff_su2_r5_d6_b03__none,none,memgq_lattice_sticky,36f760028306a12bff25,0,0,0,0.8179776668548584,0.1820223033428192
