target_id,training_defense,defense,record_id,membership,true_label,predicted_label,probability_0,probability_1
PETS_CREDIT_low_eff_su2_r1_d6_b01__none,none,none,ae429a6a1d645aacb94e,1,0,0,0.9625997543334961,0.03740021958947182
PETS_CREDIT_low_eff_su2_r1_d6_b01__none,none,none,70d271c728323ea28d90,1,0,0,0.8001474142074585,0.19985255599021912
PETS_CREDIT_low_eff_su2_r1_d6_b01__none,none,none,434123980ae7f6c38b02,1,0,0,0.9743220806121826,0.02567788027226925
PETS_CREDIT_low_eff_su2_r1_d6_b01__none,none,none,b84ff32b3c14263b0dd5,1,1,0,0.665111243724823,0.3348887264728546
PETS_CREDIT_low_eff_su2_r1_d6_b01__none,none,none,66fa33821884d4568b02,1,0,0,0.8447747230529785,0.15522529184818268
PETS_CREDIT_low_eff_su2_r1_d6_b01__none,none,none,69ef03b5c6f4f7ecef33,1,0,0,0.8521623015403748,0.14783775806427002
PETS_CREDIT_low_eff_su2_r1_d6_b01__none,none,none,c91e3b5a028c06ad1f92,1,0,0,0.9616286754608154,0.03837135061621666
PETS_CREDIT_low_eff_su2_r1_d6_b01__none,none,none,272c38b1ecd099be7890,1,0,0,0.8901253342628479,0.1098746806383133
PETS_CREDIT_low_eff_su2_r1_d6_b01__none,none,none,192395141a760795b97a,1,0,0,0.8040904998779297,0.19590948522090912
PETS_CREDIT_low_eff_su2_r1_d6_b01__none,none,none,ebaf9b6eb6ecde9fb27d,1,0,0,0.7756732106208801,0.22432675957679749
PETS_CREDIT_low_eff_su2_r1_d6_b01__none,none,none,eaab06e0e9770f0cb322,1,0,0,0.5453752875328064,0.4546246826648712
PETS_CREDIT_low_eff_su2_r1_d6_b01__none,none,none,09c28941e61886717e09,1,0,0,0.8585513830184937,0.14144852757453918
PETS_CREDIT_low_eff_su2_r1_d6_b01__none,none,none,092efc45ab978715a8fa,1,0,0,0.845241367816925,0.15475870668888092
PETS_CREDIT_low_eff_su2_r1_d6_b01__none,none,none,bf5a9031a45524933e21,1,0,0,0.8052186369895935,0.1947813481092453
PETS_CREDIT_low_eff_su2_r1_d6_b01__none,none,none,e8613e68d8ca2ea9e7fd,1,0,0,0.8035165071487427,0.19648350775241852
PETS_CREDIT_low_eff_su2_r1_d6_b01__none,none,none,d606f1831b9734bb90e1,1,0,0,0.8496163487434387,0.1503836065530777
PETS_CREDIT_low_eff_su2_r1_d6_b01__none,none,none,ac5f40db5db91c18a83b,1,1,0,0.6785253882408142,0.3214746415615082
PETS_CREDIT_low_eff_su2_r1_d6_b01__none,none,none,f97851146238bb9a3754,1,0,0,0.8077609539031982,0.19223904609680176
PETS_CREDIT_low_eff_su2_r1_d6_b01__none,none,none,d2c3d34fb102babfa194,1,0,0,0.8116173148155212,0.18838267028331757
PETS_CREDIT_low_eff_su2_r1_d6_b01__none,none,none,81817fc85a01b1cc7dcf,1,0,0,0.83465576171875,0.16534428298473358
PETS_CREDIT_low_eff_su2_r1_d6_b01__none,none,none,a55e4e1cd3465563efc4,1,0,0,0.7916645407676697,0.2083355039358139
PETS_CREDIT_low_eff_su2_r1_d6_b01__none,none,none,c0daa10532a8487ca803,1,1,0,0.6880832314491272,0.3119167685508728
PETS_CREDIT_low_eff_su2_r1_d6_b01__none,none,none,ab97fae957e08270ffce,1,1,0,0.6322845816612244,0.3677154779434204
PETS_CREDIT_low_eff_su2_r1_d6_b01__none,none,none,0674ce029ebb21d32e38,1,0,0,0.5228131413459778,0.4771868884563446
PETS_CREDIT_low_eff_su2_r1_d6_b01__none,none,none,fbbb0f469e10095b9cc1,1,0,0,0.8650431036949158,0.1349569708108902
PETS_CREDIT_low_eff_su2_r1_d6_b01__none,none,none,bfa7b1aca5d187760a16,1,0,0,0.8212886452674866,0.17871129512786865
PETS_CREDIT_low_eff_su2_r1_d6_b01__none,none,none,26b6a5da65cdaeb8e184,1,0,0,0.867347776889801,0.13265231251716614
PETS_CREDIT_low_eff_su2_r1_d6_b01__none,none,none,22730a71b34176a3ba37,1,0,0,0.8050653338432312,0.1949346363544464
PETS_CREDIT_low_eff_su2_r1_d6_b01__none,none,none,356e520dcf3a6473ffb2,1,0,0,0.8064796328544617,0.19352032244205475
PETS_CREDIT_low_eff_su2_r1_d6_b01__none,none,none,e76cce60bc3507d0d7b2,1,0,0,0.8858824968338013,0.11411751806735992
PETS_CREDIT_low_eff_su2_r1_d6_b01__none,none,none,5584930e99aa4007d628,1,0,0,0.83990478515625,0.16009517014026642
PETS_CREDIT_low_eff_su2_r1_d6_b01__none,none,none,7c7fe88dcec806be29da,1,0,0,0.8006014823913574,0.1993984878063202
PETS_CREDIT_low_eff_su2_r1_d6_b01__none,none,none,9eb158e3cbe5bc901e26,1,1,1,0.4634557366371155,0.5365442037582397
PETS_CREDIT_low_eff_su2_r1_d6_b01__none,none,none,4e545ca4791d65f44351,1,0,0,0.7774497270584106,0.22255031764507294
PETS_CREDIT_low_eff_su2_r1_d6_b01__none,none,none,7105743f10682ac4a1cc,1,0,0,0.9378483891487122,0.062151603400707245
PETS_CREDIT_low_eff_su2_r1_d6_b01__none,none,none,25282b20e9c64236ec4d,1,1,0,0.8271984457969666,0.17280152440071106
PETS_CREDIT_low_eff_su2_r1_d6_b01__none,none,none,5688d9df8bbfc61d89e9,1,1,0,0.8173155188560486,0.18268446624279022
PETS_CREDIT_low_eff_su2_r1_d6_b01__none,none,none,8f95586c1c6fb3f2a750,1,1,0,0.6729376912117004,0.32706236839294434
PETS_CREDIT_low_eff_su2_r1_d6_b01__none,none,none,6c0e663b6848864dc914,1,0,0,0.7320886254310608,0.2679113745689392
PETS_CREDIT_low_eff_su2_r1_d6_b01__none,none,none,07d4d260e30d7cf5b71f,1,0,0,0.8582772612571716,0.14172272384166718
PETS_CREDIT_low_eff_su2_r1_d6_b01__none,none,none,5cb75d859aa2d3df94b0,1,0,0,0.8059214949607849,0.19407851994037628
PETS_CREDIT_low_eff_su2_r1_d6_b01__none,none,none,c536d8f2ff559c7756e7,1,0,0,0.8445696830749512,0.1554303616285324
PETS_CREDIT_low_eff_su2_r1_d6_b01__none,none,none,d8e3c3c718aea110b2d9,1,0,0,0.8059070706367493,0.19409288465976715
PETS_CREDIT_low_eff_su2_r1_d6_b01__none,none,none,7311863aa70952806ffc,1,0,0,0.8311159014701843,0.16888412833213806
PETS_CREDIT_low_eff_su2_r1_d6_b01__none,none,none,0ffd3e39286157b02ad4,1,1,0,0.847844660282135,0.1521553099155426
PETS_CREDIT_low_eff_su2_r1_d6_b01__none,none,none,dfc3621c683cc1e703cf,1,1,0,0.5988500714302063,0.4011499285697937
PETS_CREDIT_low_eff_su2_r1_d6_b01__none,none,none,f073d35785cf76f1409c,1,1,0,0.7946946620941162,0.2053053379058838
PETS_CREDIT_low_eff_su2_r1_d6_b01__none,none,none,7673e8a0f0b037cc51e5,1,0,0,0.7697281241416931,0.23027192056179047
PETS_CREDIT_low_eff_su2_r1_d6_b01__none,none,none,ce8a11f272895da8cd7f,1,0,0,0.89471834897995,0.10528165847063065
PETS_CREDIT_low_eff_su2_r1_d6_b01__none,none,none,b0f47ae4b56b3aa4d111,1,0,0,0.8932222127914429,0.10677782446146011
PETS_CREDIT_low_eff_su2_r1_d6_b01__none,none,none,49b15e9ec4784be42cd2,1,0,0,0.6452929377555847,0.35470709204673767
PETS_CREDIT_low_eff_su2_r1_d6_b01__none,none,none,a62d80fa1349c54517ce,1,1,0,0.7446392178535461,0.25536081194877625
PETS_CREDIT_low_eff_su2_r1_d6_b01__none,none,none,f3ca91dd8e5aba8d83d9,1,0,0,0.8389503955841064,0.16104957461357117
PETS_CREDIT_low_eff_su2_r1_d6_b01__none,none,none,196d92dfff0523a23237,1,1,0,0.6659408211708069,0.3340591788291931
PETS_CREDIT_low_eff_su2_r1_d6_b01__none,none,none,c9e5785745f04cec0d37,1,0,0,0.8495819568634033,0.15041811764240265
PETS_CREDIT_low_eff_su2_r1_d6_b01__none,none,none,a5628044ec0880a52490,1,0,0,0.6912288069725037,0.30877116322517395
PETS_CREDIT_low_eff_su2_r1_d6_b01__none,none,none,d9170d275d5e05922e82,1,0,0,0.7743508815765381,0.2256491780281067
PETS_CREDIT_low_eff_su2_r1_d6_b01__none,none,none,988a4b4dcb53bafffb01,1,0,0,0.8109052181243896,0.18909481167793274
PETS_CREDIT_low_eff_su2_r1_d6_b01__none,none,none,52f455fd245c9327442c,1,0,0,0.8704918622970581,0.12950806319713593
PETS_CREDIT_low_eff_su2_r1_d6_b01__none,none,none,418dd0dffa2f4aacf5a8,1,0,0,0.7279554009437561,0.2720445990562439
PETS_CREDIT_low_eff_su2_r1_d6_b01__none,none,none,c053f623dd8f2bfb7915,1,1,0,0.7726389765739441,0.22736096382141113
PETS_CREDIT_low_eff_su2_r1_d6_b01__none,none,none,f35a2648fd72f049ecda,1,1,0,0.903459906578064,0.09654013067483902
PETS_CREDIT_low_eff_su2_r1_d6_b01__none,none,none,0a09121dee0e5db09dfe,1,1,0,0.7563045024871826,0.24369552731513977
PETS_CREDIT_low_eff_su2_r1_d6_b01__none,none,none,bf465d63c434358f77e4,1,0,0,0.8803766369819641,0.11962339282035828
PETS_CREDIT_low_eff_su2_r1_d6_b01__none,none,none,6ea2a519a69c09016323,1,0,0,0.7912692427635193,0.2087307721376419
PETS_CREDIT_low_eff_su2_r1_d6_b01__none,none,none,2379dd478643b9cc0bc1,1,0,0,0.8785548210144043,0.12144526094198227
PETS_CREDIT_low_eff_su2_r1_d6_b01__none,none,none,c75c31af2389cc3a594f,1,0,0,0.7033183574676514,0.296681672334671
PETS_CREDIT_low_eff_su2_r1_d6_b01__none,none,none,619b46d6086e6aad3d84,1,0,0,0.9462057948112488,0.05379423126578331
PETS_CREDIT_low_eff_su2_r1_d6_b01__none,none,none,347bd04364dce3c5342e,1,0,0,0.6881811022758484,0.311818927526474
PETS_CREDIT_low_eff_su2_r1_d6_b01__none,none,none,4aa64c627cb9b82d7f42,1,1,0,0.7931410074234009,0.2068590372800827
PETS_CREDIT_low_eff_su2_r1_d6_b01__none,none,none,932ae6d0f203c398e4b5,1,0,0,0.6854265332221985,0.31457340717315674
PETS_CREDIT_low_eff_su2_r1_d6_b01__none,none,none,aaff47c50ec280d97eda,1,0,0,0.874589741230011,0.1254102736711502
PETS_CREDIT_low_eff_su2_r1_d6_b01__none,none,none,7be2869c238aa35d440a,1,1,0,0.9026197195053101,0.09738034009933472
PETS_CREDIT_low_eff_su2_r1_d6_b01__none,none,none,bacc1c25b75ae0e1b780,1,0,0,0.9753636121749878,0.02463638223707676
PETS_CREDIT_low_eff_su2_r1_d6_b01__none,none,none,9fc5fbe55717fe6862a4,1,0,0,0.7448046207427979,0.25519534945487976
PETS_CREDIT_low_eff_su2_r1_d6_b01__none,none,none,00405a37dd709b2d51a8,1,0,0,0.8644593358039856,0.13554072380065918
PETS_CREDIT_low_eff_su2_r1_d6_b01__none,none,none,01e7168ae2a624ff9916,1,1,0,0.7616591453552246,0.23834086954593658
PETS_CREDIT_low_eff_su2_r1_d6_b01__none,none,none,c8a7bd1cd35ba1e89b80,1,0,0,0.7924600839614868,0.207539901137352
PETS_CREDIT_low_eff_su2_r1_d6_b01__none,none,none,877b93e6aa8797d2cd0b,1,0,0,0.8853006362915039,0.11469939351081848
PETS_CREDIT_low_eff_su2_r1_d6_b01__none,none,none,6dcf5bf2e9c47f5b5091,1,0,0,0.7672494053840637,0.23275065422058105
PETS_CREDIT_low_eff_su2_r1_d6_b01__none,none,none,c50e57ca37a497df3a13,1,0,0,0.8672857880592346,0.13271427154541016
PETS_CREDIT_low_eff_su2_r1_d6_b01__none,none,none,39c00d7f6c47885c6fc2,1,1,0,0.6476232409477234,0.3523767590522766
PETS_CREDIT_low_eff_su2_r1_d6_b01__none,none,none,e3e282f64bed70282149,1,0,0,0.7971414923667908,0.20285847783088684
PETS_CREDIT_low_eff_su2_r1_d6_b01__none,none,none,5383d08662564ec7ab0d,1,0,0,0.6842663884162903,0.3157336413860321
PETS_CREDIT_low_eff_su2_r1_d6_b01__none,none,none,e030c0aa4ae0f1011f2f,1,0,0,0.8051862120628357,0.1948137730360031
PETS_CREDIT_low_eff_su2_r1_d6_b01__none,none,none,1819fe5c399a17316fee,1,0,0,0.8690397143363953,0.13096031546592712
PETS_CREDIT_low_eff_su2_r1_d6_b01__none,none,none,d75c3e52dbcaf5a5ec2a,1,0,0,0.6959529519081116,0.3040469288825989
PETS_CREDIT_low_eff_su2_r1_d6_b01__none,none,none,a1b01a469dc7802f51d3,1,0,0,0.8422572016716003,0.15774278342723846
PETS_CREDIT_low_eff_su2_r1_d6_b01__none,none,none,a9752ae3047aff503fb3,1,1,0,0.862653374671936,0.13734662532806396
PETS_CREDIT_low_eff_su2_r1_d6_b01__none,none,none,85bbf6f61dd23b95b6e7,1,0,0,0.8719486594200134,0.12805140018463135
PETS_CREDIT_low_eff_su2_r1_d6_b01__none,none,none,1313972ddf1c6e9eb2c9,1,0,1,0.39536842703819275,0.6046315431594849
PETS_CREDIT_low_eff_su2_r1_d6_b01__none,none,none,ab00e756b29c98fd6674,1,0,0,0.6121684312820435,0.38783159852027893
PETS_CREDIT_low_eff_su2_r1_d6_b01__none,none,none,4b8fbfef25d81e60d4a6,1,0,0,0.8605005145072937,0.1394995152950287
PETS_CREDIT_low_eff_su2_r1_d6_b01__none,none,none,e0b33cacbadcac9f3d26,1,1,0,0.6352962851524353,0.3647037744522095
PETS_CREDIT_low_eff_su2_r1_d6_b01__none,none,none,f05df67fe5ac7ed38643,1,0,0,0.9534898400306702,0.046510227024555206
PETS_CREDIT_low_eff_su2_r1_d6_b01__none,none,none,5f9c02f5ec03a28e4f53,1,0,0,0.6637109518051147,0.33628907799720764
PETS_CREDIT_low_eff_su2_r1_d6_b01__none,none,none,c2f9d20d5b53c00ef5f4,1,0,0,0.8213068246841431,0.17869317531585693
PETS_CREDIT_low_eff_su2_r1_d6_b01__none,none,none,cec5a851be4f6e7c0887,1,0,0,0.8402745723724365,0.1597253978252411
PETS_CREDIT_low_eff_su2_r1_d6_b01__none,none,none,402e2e33d278085f817f,1,0,0,0.817642867565155,0.18235711753368378
PETS_CREDIT_low_eff_su2_r1_d6_b01__none,none,none,4df4658f2eb41564da87,1,0,0,0.7095654606819153,0.2904346287250519
PETS_CREDIT_low_eff_su2_r1_d6_b01__none,none,none,b2afd8ac93139c6436ca,0,1,0,0.7716132402420044,0.2283867597579956
PETS_CREDIT_low_eff_su2_r1_d6_b01__none,none,none,6a05ad28a1fdde9b37a0,0,0,0,0.8704971075057983,0.12950287759304047
PETS_CREDIT_low_eff_su2_r1_d6_b01__none,none,none,f2ee369cdc3625e84402,0,1,0,0.8196844458580017,0.1803155094385147
PETS_CREDIT_low_eff_su2_r1_d6_b01__none,none,none,ed23b85566b3c29eb402,0,0,0,0.7608280181884766,0.2391720414161682
PETS_CREDIT_low_eff_su2_r1_d6_b01__none,none,none,952fc09bd28a9501f067,0,0,0,0.8340975046157837,0.16590248048305511
PETS_CREDIT_low_eff_su2_r1_d6_b01__none,none,none,2482d33087029d45a132,0,0,0,0.5610983371734619,0.43890172243118286
PETS_CREDIT_low_eff_su2_r1_d6_b01__none,none,none,77bd1f5032833eb7273a,0,0,0,0.8725109696388245,0.12748904526233673
PETS_CREDIT_low_eff_su2_r1_d6_b01__none,none,none,10857fff110d97bd3529,0,1,1,0.46148309111595154,0.5385168790817261
PETS_CREDIT_low_eff_su2_r1_d6_b01__none,none,none,6d9336fba414d9de6ac7,0,0,0,0.9695339202880859,0.030466152355074883
PETS_CREDIT_low_eff_su2_r1_d6_b01__none,none,none,d6c8d45da14422740d61,0,0,0,0.7973375916481018,0.202662393450737
PETS_CREDIT_low_eff_su2_r1_d6_b01__none,none,none,59023d919d8b02411eba,0,0,0,0.6378979682922363,0.36210209131240845
PETS_CREDIT_low_eff_su2_r1_d6_b01__none,none,none,b879cfcb02d4d81aeba4,0,0,0,0.7484764456748962,0.2515234649181366
PETS_CREDIT_low_eff_su2_r1_d6_b01__none,none,none,3b2a390113c4d06485dc,0,0,1,0.4768712818622589,0.5231286287307739
PETS_CREDIT_low_eff_su2_r1_d6_b01__none,none,none,8571d45bb39f427604ed,0,0,0,0.8000994324684143,0.19990061223506927
PETS_CREDIT_low_eff_su2_r1_d6_b01__none,none,none,361e8f44b1d1611bef7b,0,1,0,0.8242946863174438,0.17570535838603973
PETS_CREDIT_low_eff_su2_r1_d6_b01__none,none,none,d7e4461c953d3771c6a7,0,0,0,0.846587061882019,0.15341287851333618
PETS_CREDIT_low_eff_su2_r1_d6_b01__none,none,none,ec68553efb16cb1101b4,0,0,0,0.7517582774162292,0.24824167788028717
PETS_CREDIT_low_eff_su2_r1_d6_b01__none,none,none,dabd46f07ecd327df2fa,0,0,0,0.894396960735321,0.10560301691293716
PETS_CREDIT_low_eff_su2_r1_d6_b01__none,none,none,24ddc25e1ea6b7792cd0,0,0,0,0.872266411781311,0.12773360311985016
PETS_CREDIT_low_eff_su2_r1_d6_b01__none,none,none,fa88e107f343c7d476d5,0,0,0,0.647438645362854,0.352561354637146
PETS_CREDIT_low_eff_su2_r1_d6_b01__none,none,none,640d06e42b5ea011ade8,0,0,0,0.9136335849761963,0.0863664448261261
PETS_CREDIT_low_eff_su2_r1_d6_b01__none,none,none,a36d92b052080609dee1,0,0,0,0.7799934148788452,0.2200065404176712
PETS_CREDIT_low_eff_su2_r1_d6_b01__none,none,none,5a9fcf838ed30a3aac42,0,1,0,0.62868732213974,0.37131258845329285
PETS_CREDIT_low_eff_su2_r1_d6_b01__none,none,none,cb1682c8107d45afcade,0,0,0,0.7747094631195068,0.22529062628746033
PETS_CREDIT_low_eff_su2_r1_d6_b01__none,none,none,9f0ccb4eb0a2a0319524,0,1,0,0.8172642588615417,0.18273574113845825
PETS_CREDIT_low_eff_su2_r1_d6_b01__none,none,none,51a20249bac3fb051d8a,0,0,0,0.8674439191818237,0.13255608081817627
PETS_CREDIT_low_eff_su2_r1_d6_b01__none,none,none,3b9ae330b918d841d986,0,0,0,0.6713954210281372,0.3286045789718628
PETS_CREDIT_low_eff_su2_r1_d6_b01__none,none,none,d3f4ebd9602fecf775a2,0,0,0,0.9340360760688782,0.06596396118402481
PETS_CREDIT_low_eff_su2_r1_d6_b01__none,none,none,6aa234f97819dd051df4,0,1,0,0.7134156823158264,0.28658437728881836
PETS_CREDIT_low_eff_su2_r1_d6_b01__none,none,none,6146ee4e50398bd2590b,0,0,0,0.8141676187515259,0.18583230674266815
PETS_CREDIT_low_eff_su2_r1_d6_b01__none,none,none,fa640d7805f9d82a715b,0,1,0,0.8281514048576355,0.1718485802412033
PETS_CREDIT_low_eff_su2_r1_d6_b01__none,none,none,952bdb913d2d4c348219,0,0,0,0.8656377792358398,0.13436222076416016
PETS_CREDIT_low_eff_su2_r1_d6_b01__none,none,none,23fa7db2ef3f6def0edb,0,0,0,0.7705789804458618,0.22942094504833221
PETS_CREDIT_low_eff_su2_r1_d6_b01__none,none,none,6b7219cfa53e1ae4e686,0,0,0,0.7722560167312622,0.2277439832687378
PETS_CREDIT_low_eff_su2_r1_d6_b01__none,none,none,aced89ae11db5855474b,0,0,0,0.8319881558418274,0.168011873960495
PETS_CREDIT_low_eff_su2_r1_d6_b01__none,none,none,ca9d19862c77009f5491,0,0,0,0.8297774791717529,0.17022255063056946
PETS_CREDIT_low_eff_su2_r1_d6_b01__none,none,none,4d1823ffdb815ae6ecb7,0,0,0,0.7729018926620483,0.22709815204143524
PETS_CREDIT_low_eff_su2_r1_d6_b01__none,none,none,f28c583d896798880d4b,0,1,0,0.5694668292999268,0.43053320050239563
PETS_CREDIT_low_eff_su2_r1_d6_b01__none,none,none,6bb99c2791ed089335c3,0,0,0,0.7762688994407654,0.22373121976852417
PETS_CREDIT_low_eff_su2_r1_d6_b01__none,none,none,cb3611b4495a37479ca8,0,0,0,0.6508398652076721,0.34916001558303833
PETS_CREDIT_low_eff_su2_r1_d6_b01__none,none,none,e935e8aae78e46bb055f,0,0,0,0.6943507790565491,0.3056492507457733
PETS_CREDIT_low_eff_su2_r1_d6_b01__none,none,none,a3ca0fb9a2bb66673aca,0,0,0,0.7391209602355957,0.2608790695667267
PETS_CREDIT_low_eff_su2_r1_d6_b01__none,none,none,ea462e2d261554f47693,0,0,0,0.6783146858215332,0.3216853141784668
PETS_CREDIT_low_eff_su2_r1_d6_b01__none,none,none,89f33d9f24d34571b521,0,0,0,0.7907776832580566,0.2092222273349762
PETS_CREDIT_low_eff_su2_r1_d6_b01__none,none,none,9cb0a075ed3b1940a582,0,0,0,0.6869856119155884,0.3130143880844116
PETS_CREDIT_low_eff_su2_r1_d6_b01__none,none,none,e0ac38996eb0bdc23a98,0,0,0,0.8167888522148132,0.18321111798286438
PETS_CREDIT_low_eff_su2_r1_d6_b01__none,none,none,8e8cdc6e5cd89c5db921,0,1,0,0.6032856106758118,0.39671435952186584
PETS_CREDIT_low_eff_su2_r1_d6_b01__none,none,none,3600cc2df2f41f06dd9f,0,0,0,0.9701149463653564,0.029885070398449898
PETS_CREDIT_low_eff_su2_r1_d6_b01__none,none,none,62b1f018472ab0cad11c,0,1,0,0.665960967540741,0.33403900265693665
PETS_CREDIT_low_eff_su2_r1_d6_b01__none,none,none,69bf508473b2bb6fabc5,0,0,0,0.8722003102302551,0.12779973447322845
PETS_CREDIT_low_eff_su2_r1_d6_b01__none,none,none,f1c0204d151bcd56dd44,0,0,0,0.8475427031517029,0.1524573266506195
PETS_CREDIT_low_eff_su2_r1_d6_b01__none,none,none,afae12f9bd1a7c209ed4,0,0,0,0.6494320631027222,0.35056793689727783
PETS_CREDIT_low_eff_su2_r1_d6_b01__none,none,none,12bf473aaa3440c8b5ff,0,1,0,0.5449212193489075,0.45507878065109253
PETS_CREDIT_low_eff_su2_r1_d6_b01__none,none,none,2c42554fc21e34e31618,0,0,0,0.7248044013977051,0.27519556879997253
PETS_CREDIT_low_eff_su2_r1_d6_b01__none,none,none,eeb7e3f1ff005ef7d74d,0,0,0,0.9727473855018616,0.027252627536654472
PETS_CREDIT_low_eff_su2_r1_d6_b01__none,none,none,b70a187f814bb3f6b896,0,0,0,0.6436550617218018,0.35634496808052063
PETS_CREDIT_low_eff_su2_r1_d6_b01__none,none,none,69963fd40681d7eb779e,0,1,0,0.851186215877533,0.14881373941898346
PETS_CREDIT_low_eff_su2_r1_d6_b01__none,none,none,706df103f86b667d27c8,0,0,0,0.865904688835144,0.13409538567066193
PETS_CREDIT_low_eff_su2_r1_d6_b01__none,none,none,6c189be9b000597df02b,0,0,0,0.8143745064735413,0.18562546372413635
PETS_CREDIT_low_eff_su2_r1_d6_b01__none,none,none,23c9aff9c3cb7e74418f,0,0,0,0.7155991196632385,0.2844008803367615
PETS_CREDIT_low_eff_su2_r1_d6_b01__none,none,none,9e00c9a73f8502e1beb6,0,0,0,0.7978329658508301,0.2021670639514923
PETS_CREDIT_low_eff_su2_r1_d6_b01__none,none,none,e64f4ae98dbe9cbf0e78,0,0,0,0.802520751953125,0.19747929275035858
PETS_CREDIT_low_eff_su2_r1_d6_b01__none,none,none,da9134b43c13f8ea3eaf,0,1,0,0.714087963104248,0.28591200709342957
PETS_CREDIT_low_eff_su2_r1_d6_b01__none,none,none,faaca9baf33f8afbd931,0,1,0,0.657328724861145,0.3426712155342102
PETS_CREDIT_low_eff_su2_r1_d6_b01__none,none,none,07849266aa8f190a63f2,0,1,0,0.7189800143241882,0.28102007508277893
PETS_CREDIT_low_eff_su2_r1_d6_b01__none,none,none,9806bdd560ccf88a9b56,0,0,0,0.8931931853294373,0.10680682212114334
PETS_CREDIT_low_eff_su2_r1_d6_b01__none,none,none,a524ab5db22ecc35929f,0,0,0,0.8564019799232483,0.14359807968139648
PETS_CREDIT_low_eff_su2_r1_d6_b01__none,none,none,5d3f74cb6c8c84f1c7a9,0,1,0,0.6058861017227173,0.3941139578819275
PETS_CREDIT_low_eff_su2_r1_d6_b01__none,none,none,71e1a80803ef248649c3,0,1,0,0.8108454346656799,0.1891545057296753
PETS_CREDIT_low_eff_su2_r1_d6_b01__none,none,none,49e93fd29796be2e21ed,0,1,0,0.7116572856903076,0.2883427143096924
PETS_CREDIT_low_eff_su2_r1_d6_b01__none,none,none,128796eb2bd785357a42,0,1,0,0.7092647552490234,0.29073530435562134
PETS_CREDIT_low_eff_su2_r1_d6_b01__none,none,none,2478313b949e4a19fec5,0,0,0,0.8517950177192688,0.14820496737957
PETS_CREDIT_low_eff_su2_r1_d6_b01__none,none,none,1de5fd2a3f26ba72a9c1,0,0,0,0.9482470154762268,0.05175291374325752
PETS_CREDIT_low_eff_su2_r1_d6_b01__none,none,none,b6a7132e5db71a8c2b53,0,0,0,0.7303272485733032,0.2696726620197296
PETS_CREDIT_low_eff_su2_r1_d6_b01__none,none,none,cca86135655a3f3f0727,0,0,0,0.6956587433815002,0.30434125661849976
PETS_CREDIT_low_eff_su2_r1_d6_b01__none,none,none,05cfc0ff414af47c03a5,0,0,0,0.6757552027702332,0.32424482703208923
PETS_CREDIT_low_eff_su2_r1_d6_b01__none,none,none,86ae722f0d37f010ada6,0,0,0,0.9161668419837952,0.08383309841156006
PETS_CREDIT_low_eff_su2_r1_d6_b01__none,none,none,be9bfaf596c94c10a528,0,0,0,0.7655408382415771,0.23445923626422882
PETS_CREDIT_low_eff_su2_r1_d6_b01__none,none,none,e60d07bd2196508fe656,0,0,0,0.6222354173660278,0.3777645528316498
PETS_CREDIT_low_eff_su2_r1_d6_b01__none,none,none,38b74132b04f4f54702c,0,1,0,0.6937466263771057,0.3062534034252167
PETS_CREDIT_low_eff_su2_r1_d6_b01__none,none,none,34cd383be85fcb382ea6,0,0,0,0.8230835795402527,0.17691634595394135
PETS_CREDIT_low_eff_su2_r1_d6_b01__none,none,none,5f861fea617a3ee7da16,0,0,0,0.8456829786300659,0.15431702136993408
PETS_CREDIT_low_eff_su2_r1_d6_b01__none,none,none,c026d0cfa5b1e35d07fe,0,1,0,0.6977677345275879,0.3022322356700897
PETS_CREDIT_low_eff_su2_r1_d6_b01__none,none,none,9d22795430fd2e16c8dc,0,1,0,0.6278073787689209,0.3721926212310791
PETS_CREDIT_low_eff_su2_r1_d6_b01__none,none,none,5c7d8f33e88909bece76,0,0,0,0.7468175292015076,0.2531825006008148
PETS_CREDIT_low_eff_su2_r1_d6_b01__none,none,none,7cca6a89daa8ec654b93,0,0,0,0.8533872961997986,0.14661261439323425
PETS_CREDIT_low_eff_su2_r1_d6_b01__none,none,none,69d9f267431b625e3ab6,0,1,0,0.8767253756523132,0.12327466160058975
PETS_CREDIT_low_eff_su2_r1_d6_b01__none,none,none,c684bddcfbca03359777,0,1,0,0.6809424757957458,0.31905749440193176
PETS_CREDIT_low_eff_su2_r1_d6_b01__none,none,none,d186b88534c1a687d1fd,0,0,0,0.810893714427948,0.18910638988018036
PETS_CREDIT_low_eff_su2_r1_d6_b01__none,none,none,bd462eab4ac062244f72,0,0,0,0.8649988770484924,0.13500113785266876
PETS_CREDIT_low_eff_su2_r1_d6_b01__none,none,none,f8230eeb11ce4504ac0d,0,0,0,0.8749606609344482,0.12503939867019653
PETS_CREDIT_low_eff_su2_r1_d6_b01__none,none,none,5a2759bc40afd8b67be0,0,0,0,0.5156965851783752,0.4843035042285919
PETS_CREDIT_low_eff_su2_r1_d6_b01__none,none,none,5c05a4c2ad473664e305,0,0,0,0.8888833522796631,0.11111669987440109
PETS_CREDIT_low_eff_su2_r1_d6_b01__none,none,none,454401dbf09cdd915140,0,0,0,0.6964123845100403,0.3035876452922821
PETS_CREDIT_low_eff_su2_r1_d6_b01__none,none,none,22b00e614fc8c9d5c74f,0,0,0,0.8981127738952637,0.10188723355531693
PETS_CREDIT_low_eff_su2_r1_d6_b01__none,none,none,33f0b58e500322fafc02,0,0,0,0.8094828724861145,0.1905171275138855
PETS_CREDIT_low_eff_su2_r1_d6_b01__none,none,none,16f7e23f7aabcd74a31a,0,0,0,0.8236145377159119,0.17638538777828217
PETS_CREDIT_low_eff_su2_r1_d6_b01__none,none,none,e9aa13f77c0f352b0b1d,0,1,0,0.6542491316795349,0.3457508981227875
PETS_CREDIT_low_eff_su2_r1_d6_b01__none,none,none,0f6b78a3676f704d8ccb,0,1,0,0.6387060880661011,0.3612939417362213
PETS_CREDIT_low_eff_su2_r1_d6_b01__none,none,none,554005cca9a020862607,0,0,0,0.5642188191413879,0.43578121066093445
PETS_CREDIT_low_eff_su2_r1_d6_b01__none,none,dynanoise,ae429a6a1d645aacb94e,1,0,0,0.596112072467804,0.40388789772987366
PETS_CREDIT_low_eff_su2_r1_d6_b01__none,none,dynanoise,70d271c728323ea28d90,1,0,0,0.5446325540542603,0.45536741614341736
PETS_CREDIT_low_eff_su2_r1_d6_b01__none,none,dynanoise,434123980ae7f6c38b02,1,0,0,0.6255961060523987,0.3744039535522461
PETS_CREDIT_low_eff_su2_r1_d6_b01__none,none,dynanoise,b84ff32b3c14263b0dd5,1,1,1,0.4841090738773346,0.515890896320343
PETS_CREDIT_low_eff_su2_r1_d6_b01__none,none,dynanoise,66fa33821884d4568b02,1,0,1,0.4760972559452057,0.5239027738571167
PETS_CREDIT_low_eff_su2_r1_d6_b01__none,none,dynanoise,69ef03b5c6f4f7ecef33,1,0,0,0.5383610725402832,0.4616389274597168
PETS_CREDIT_low_eff_su2_r1_d6_b01__none,none,dynanoise,c91e3b5a028c06ad1f92,1,0,0,0.5950714349746704,0.404928594827652
PETS_CREDIT_low_eff_su2_r1_d6_b01__none,none,dynanoise,272c38b1ecd099be7890,1,0,0,0.5241453647613525,0.4758546054363251
PETS_CREDIT_low_eff_su2_r1_d6_b01__none,none,dynanoise,192395141a760795b97a,1,0,0,0.5358871221542358,0.46411287784576416
PETS_CREDIT_low_eff_su2_r1_d6_b01__none,none,dynanoise,ebaf9b6eb6ecde9fb27d,1,0,0,0.5349870920181274,0.46501290798187256
PETS_CREDIT_low_eff_su2_r1_d6_b01__none,none,dynanoise,eaab06e0e9770f0cb322,1,0,0,0.5175517201423645,0.4824482798576355
PETS_CREDIT_low_eff_su2_r1_d6_b01__none,none,dynanoise,09c28941e61886717e09,1,0,0,0.5295773148536682,0.4704226851463318
PETS_CREDIT_low_eff_su2_r1_d6_b01__none,none,dynanoise,092efc45ab978715a8fa,1,0,0,0.5752207040786743,0.4247792959213257
PETS_CREDIT_low_eff_su2_r1_d6_b01__none,none,dynanoise,bf5a9031a45524933e21,1,0,0,0.5027211904525757,0.49727877974510193
PETS_CREDIT_low_eff_su2_r1_d6_b01__none,none,dynanoise,e8613e68d8ca2ea9e7fd,1,0,0,0.5200602412223816,0.4799397885799408
PETS_CREDIT_low_eff_su2_r1_d6_b01__none,none,dynanoise,d606f1831b9734bb90e1,1,0,0,0.542715311050415,0.45728468894958496
PETS_CREDIT_low_eff_su2_r1_d6_b01__none,none,dynanoise,ac5f40db5db91c18a83b,1,1,0,0.5444713234901428,0.4555286765098572
PETS_CREDIT_low_eff_su2_r1_d6_b01__none,none,dynanoise,f97851146238bb9a3754,1,0,0,0.5438510775566101,0.4561488926410675
PETS_CREDIT_low_eff_su2_r1_d6_b01__none,none,dynanoise,d2c3d34fb102babfa194,1,0,1,0.48911118507385254,0.5108888149261475
PETS_CREDIT_low_eff_su2_r1_d6_b01__none,none,dynanoise,81817fc85a01b1cc7dcf,1,0,0,0.5566524863243103,0.4433475434780121
PETS_CREDIT_low_eff_su2_r1_d6_b01__none,none,dynanoise,a55e4e1cd3465563efc4,1,0,0,0.5182320475578308,0.4817679524421692
PETS_CREDIT_low_eff_su2_r1_d6_b01__none,none,dynanoise,c0daa10532a8487ca803,1,1,1,0.4797345995903015,0.5202654004096985
PETS_CREDIT_low_eff_su2_r1_d6_b01__none,none,dynanoise,ab97fae957e08270ffce,1,1,0,0.5241338610649109,0.4758661389350891
PETS_CREDIT_low_eff_su2_r1_d6_b01__none,none,dynanoise,0674ce029ebb21d32e38,1,0,1,0.49173545837402344,0.5082646012306213
PETS_CREDIT_low_eff_su2_r1_d6_b01__none,none,dynanoise,fbbb0f469e10095b9cc1,1,0,1,0.49106866121292114,0.5089313983917236
PETS_CREDIT_low_eff_su2_r1_d6_b01__none,none,dynanoise,bfa7b1aca5d187760a16,1,0,1,0.4942300021648407,0.5057699680328369
PETS_CREDIT_low_eff_su2_r1_d6_b01__none,none,dynanoise,26b6a5da65cdaeb8e184,1,0,0,0.5403673052787781,0.4596326947212219
PETS_CREDIT_low_eff_su2_r1_d6_b01__none,none,dynanoise,22730a71b34176a3ba37,1,0,0,0.5800307989120483,0.41996920108795166
PETS_CREDIT_low_eff_su2_r1_d6_b01__none,none,dynanoise,356e520dcf3a6473ffb2,1,0,0,0.5512142181396484,0.44878578186035156
PETS_CREDIT_low_eff_su2_r1_d6_b01__none,none,dynanoise,e76cce60bc3507d0d7b2,1,0,0,0.546043872833252,0.45395615696907043
PETS_CREDIT_low_eff_su2_r1_d6_b01__none,none,dynanoise,5584930e99aa4007d628,1,0,0,0.5198314189910889,0.4801686108112335
PETS_CREDIT_low_eff_su2_r1_d6_b01__none,none,dynanoise,7c7fe88dcec806be29da,1,0,0,0.5114219188690186,0.48857805132865906
PETS_CREDIT_low_eff_su2_r1_d6_b01__none,none,dynanoise,9eb158e3cbe5bc901e26,1,1,0,0.5167742967605591,0.4832257330417633
PETS_CREDIT_low_eff_su2_r1_d6_b01__none,none,dynanoise,4e545ca4791d65f44351,1,0,0,0.5315255522727966,0.46847444772720337
PETS_CREDIT_low_eff_su2_r1_d6_b01__none,none,dynanoise,7105743f10682ac4a1cc,1,0,0,0.5643560886383057,0.4356439411640167
PETS_CREDIT_low_eff_su2_r1_d6_b01__none,none,dynanoise,25282b20e9c64236ec4d,1,1,0,0.5318928956985474,0.46810710430145264
PETS_CREDIT_low_eff_su2_r1_d6_b01__none,none,dynanoise,5688d9df8bbfc61d89e9,1,1,0,0.535420835018158,0.46457916498184204
PETS_CREDIT_low_eff_su2_r1_d6_b01__none,none,dynanoise,8f95586c1c6fb3f2a750,1,1,1,0.48964032530784607,0.5103596448898315
PETS_CREDIT_low_eff_su2_r1_d6_b01__none,none,dynanoise,6c0e663b6848864dc914,1,0,0,0.5443648099899292,0.4556352496147156
PETS_CREDIT_low_eff_su2_r1_d6_b01__none,none,dynanoise,07d4d260e30d7cf5b71f,1,0,0,0.5686564445495605,0.43134361505508423
PETS_CREDIT_low_eff_su2_r1_d6_b01__none,none,dynanoise,5cb75d859aa2d3df94b0,1,0,0,0.5689358115196228,0.4310641884803772
PETS_CREDIT_low_eff_su2_r1_d6_b01__none,none,dynanoise,c536d8f2ff559c7756e7,1,0,1,0.46530506014823914,0.5346949696540833
PETS_CREDIT_low_eff_su2_r1_d6_b01__none,none,dynanoise,d8e3c3c718aea110b2d9,1,0,0,0.565509021282196,0.43449097871780396
PETS_CREDIT_low_eff_su2_r1_d6_b01__none,none,dynanoise,7311863aa70952806ffc,1,0,0,0.5140253305435181,0.48597463965415955
PETS_CREDIT_low_eff_su2_r1_d6_b01__none,none,dynanoise,0ffd3e39286157b02ad4,1,1,0,0.5940825939178467,0.4059174358844757
PETS_CREDIT_low_eff_su2_r1_d6_b01__none,none,dynanoise,dfc3621c683cc1e703cf,1,1,0,0.5327468514442444,0.4672531485557556
PETS_CREDIT_low_eff_su2_r1_d6_b01__none,none,dynanoise,f073d35785cf76f1409c,1,1,0,0.5188936591148376,0.48110631108283997
PETS_CREDIT_low_eff_su2_r1_d6_b01__none,none,dynanoise,7673e8a0f0b037cc51e5,1,0,0,0.5376529097557068,0.4623471200466156
PETS_CREDIT_low_eff_su2_r1_d6_b01__none,none,dynanoise,ce8a11f272895da8cd7f,1,0,0,0.5348654985427856,0.46513447165489197
PETS_CREDIT_low_eff_su2_r1_d6_b01__none,none,dynanoise,b0f47ae4b56b3aa4d111,1,0,0,0.5770442485809326,0.42295578122138977
PETS_CREDIT_low_eff_su2_r1_d6_b01__none,none,dynanoise,49b15e9ec4784be42cd2,1,0,0,0.5099895000457764,0.49001049995422363
PETS_CREDIT_low_eff_su2_r1_d6_b01__none,none,dynanoise,a62d80fa1349c54517ce,1,1,0,0.5213410258293152,0.4786589741706848
PETS_CREDIT_low_eff_su2_r1_d6_b01__none,none,dynanoise,f3ca91dd8e5aba8d83d9,1,0,0,0.5529555082321167,0.4470444619655609
PETS_CREDIT_low_eff_su2_r1_d6_b01__none,none,dynanoise,196d92dfff0523a23237,1,1,0,0.5152300596237183,0.4847699701786041
PETS_CREDIT_low_eff_su2_r1_d6_b01__none,none,dynanoise,c9e5785745f04cec0d37,1,0,0,0.5144054293632507,0.4855945408344269
PETS_CREDIT_low_eff_su2_r1_d6_b01__none,none,dynanoise,a5628044ec0880a52490,1,0,0,0.5262454748153687,0.47375449538230896
PETS_CREDIT_low_eff_su2_r1_d6_b01__none,none,dynanoise,d9170d275d5e05922e82,1,0,0,0.5599216222763062,0.44007837772369385
PETS_CREDIT_low_eff_su2_r1_d6_b01__none,none,dynanoise,988a4b4dcb53bafffb01,1,0,0,0.5091537237167358,0.4908462464809418
PETS_CREDIT_low_eff_su2_r1_d6_b01__none,none,dynanoise,52f455fd245c9327442c,1,0,0,0.5397408604621887,0.4602591097354889
PETS_CREDIT_low_eff_su2_r1_d6_b01__none,none,dynanoise,418dd0dffa2f4aacf5a8,1,0,0,0.5194362998008728,0.4805637001991272
PETS_CREDIT_low_eff_su2_r1_d6_b01__none,none,dynanoise,c053f623dd8f2bfb7915,1,1,0,0.5458562970161438,0.4541436731815338
PETS_CREDIT_low_eff_su2_r1_d6_b01__none,none,dynanoise,f35a2648fd72f049ecda,1,1,0,0.5957798361778259,0.40422019362449646
PETS_CREDIT_low_eff_su2_r1_d6_b01__none,none,dynanoise,0a09121dee0e5db09dfe,1,1,0,0.5683867335319519,0.43161332607269287
PETS_CREDIT_low_eff_su2_r1_d6_b01__none,none,dynanoise,bf465d63c434358f77e4,1,0,0,0.6076271533966064,0.39237281680107117
PETS_CREDIT_low_eff_su2_r1_d6_b01__none,none,dynanoise,6ea2a519a69c09016323,1,0,0,0.5599094033241272,0.4400905966758728
PETS_CREDIT_low_eff_su2_r1_d6_b01__none,none,dynanoise,2379dd478643b9cc0bc1,1,0,0,0.5394101738929749,0.46058982610702515
PETS_CREDIT_low_eff_su2_r1_d6_b01__none,none,dynanoise,c75c31af2389cc3a594f,1,0,0,0.5603067874908447,0.43969327211380005
PETS_CREDIT_low_eff_su2_r1_d6_b01__none,none,dynanoise,619b46d6086e6aad3d84,1,0,0,0.585727870464325,0.41427215933799744
PETS_CREDIT_low_eff_su2_r1_d6_b01__none,none,dynanoise,347bd04364dce3c5342e,1,0,0,0.5596458315849304,0.44035419821739197
PETS_CREDIT_low_eff_su2_r1_d6_b01__none,none,dynanoise,4aa64c627cb9b82d7f42,1,1,0,0.5274073481559753,0.47259262204170227
PETS_CREDIT_low_eff_su2_r1_d6_b01__none,none,dynanoise,932ae6d0f203c398e4b5,1,0,1,0.499583899974823,0.500416100025177
PETS_CREDIT_low_eff_su2_r1_d6_b01__none,none,dynanoise,aaff47c50ec280d97eda,1,0,0,0.5189035534858704,0.481096476316452
PETS_CREDIT_low_eff_su2_r1_d6_b01__none,none,dynanoise,7be2869c238aa35d440a,1,1,0,0.6043635606765747,0.3956364691257477
PETS_CREDIT_low_eff_su2_r1_d6_b01__none,none,dynanoise,bacc1c25b75ae0e1b780,1,0,0,0.573692798614502,0.42630723118782043
PETS_CREDIT_low_eff_su2_r1_d6_b01__none,none,dynanoise,9fc5fbe55717fe6862a4,1,0,1,0.49881747364997864,0.501182496547699
PETS_CREDIT_low_eff_su2_r1_d6_b01__none,none,dynanoise,00405a37dd709b2d51a8,1,0,0,0.5523502826690674,0.447649747133255
PETS_CREDIT_low_eff_su2_r1_d6_b01__none,none,dynanoise,01e7168ae2a624ff9916,1,1,0,0.5525501370429993,0.44744986295700073
PETS_CREDIT_low_eff_su2_r1_d6_b01__none,none,dynanoise,c8a7bd1cd35ba1e89b80,1,0,0,0.5272485017776489,0.47275152802467346
PETS_CREDIT_low_eff_su2_r1_d6_b01__none,none,dynanoise,877b93e6aa8797d2cd0b,1,0,0,0.5811895132064819,0.4188104569911957
PETS_CREDIT_low_eff_su2_r1_d6_b01__none,none,dynanoise,6dcf5bf2e9c47f5b5091,1,0,1,0.4930458664894104,0.5069541335105896
PETS_CREDIT_low_eff_su2_r1_d6_b01__none,none,dynanoise,c50e57ca37a497df3a13,1,0,0,0.6009960174560547,0.3990040123462677
PETS_CREDIT_low_eff_su2_r1_d6_b01__none,none,dynanoise,39c00d7f6c47885c6fc2,1,1,0,0.559576153755188,0.4404238760471344
PETS_CREDIT_low_eff_su2_r1_d6_b01__none,none,dynanoise,e3e282f64bed70282149,1,0,0,0.5311623215675354,0.4688377380371094
PETS_CREDIT_low_eff_su2_r1_d6_b01__none,none,dynanoise,5383d08662564ec7ab0d,1,0,0,0.5094227194786072,0.4905773103237152
PETS_CREDIT_low_eff_su2_r1_d6_b01__none,none,dynanoise,e030c0aa4ae0f1011f2f,1,0,0,0.5248620510101318,0.47513797879219055
PETS_CREDIT_low_eff_su2_r1_d6_b01__none,none,dynanoise,1819fe5c399a17316fee,1,0,0,0.5328517556190491,0.4671482443809509
PETS_CREDIT_low_eff_su2_r1_d6_b01__none,none,dynanoise,d75c3e52dbcaf5a5ec2a,1,0,0,0.5383796095848083,0.46162039041519165
PETS_CREDIT_low_eff_su2_r1_d6_b01__none,none,dynanoise,a1b01a469dc7802f51d3,1,0,0,0.5092135667800903,0.4907864034175873
PETS_CREDIT_low_eff_su2_r1_d6_b01__none,none,dynanoise,a9752ae3047aff503fb3,1,1,0,0.5884315967559814,0.41156837344169617
PETS_CREDIT_low_eff_su2_r1_d6_b01__none,none,dynanoise,85bbf6f61dd23b95b6e7,1,0,0,0.5295501947402954,0.4704497754573822
PETS_CREDIT_low_eff_su2_r1_d6_b01__none,none,dynanoise,1313972ddf1c6e9eb2c9,1,0,0,0.5067434310913086,0.4932565689086914
PETS_CREDIT_low_eff_su2_r1_d6_b01__none,none,dynanoise,ab00e756b29c98fd6674,1,0,1,0.4800238013267517,0.5199761986732483
PETS_CREDIT_low_eff_su2_r1_d6_b01__none,none,dynanoise,4b8fbfef25d81e60d4a6,1,0,0,0.5522580146789551,0.4477419853210449
PETS_CREDIT_low_eff_su2_r1_d6_b01__none,none,dynanoise,e0b33cacbadcac9f3d26,1,1,0,0.5285413861274719,0.47145864367485046
PETS_CREDIT_low_eff_su2_r1_d6_b01__none,none,dynanoise,f05df67fe5ac7ed38643,1,0,0,0.5680006146430969,0.4319993853569031
PETS_CREDIT_low_eff_su2_r1_d6_b01__none,none,dynanoise,5f9c02f5ec03a28e4f53,1,0,1,0.4683729112148285,0.5316271185874939
PETS_CREDIT_low_eff_su2_r1_d6_b01__none,none,dynanoise,c2f9d20d5b53c00ef5f4,1,0,0,0.554057240486145,0.44594281911849976
PETS_CREDIT_low_eff_su2_r1_d6_b01__none,none,dynanoise,cec5a851be4f6e7c0887,1,0,0,0.5178056359291077,0.48219436407089233
PETS_CREDIT_low_eff_su2_r1_d6_b01__none,none,dynanoise,402e2e33d278085f817f,1,0,0,0.5290481448173523,0.4709518849849701
PETS_CREDIT_low_eff_su2_r1_d6_b01__none,none,dynanoise,4df4658f2eb41564da87,1,0,0,0.5300869941711426,0.4699130058288574
PETS_CREDIT_low_eff_su2_r1_d6_b01__none,none,dynanoise,b2afd8ac93139c6436ca,0,1,0,0.5419156551361084,0.4580844044685364
PETS_CREDIT_low_eff_su2_r1_d6_b01__none,none,dynanoise,6a05ad28a1fdde9b37a0,0,0,0,0.5364278554916382,0.4635722041130066
PETS_CREDIT_low_eff_su2_r1_d6_b01__none,none,dynanoise,f2ee369cdc3625e84402,0,1,0,0.5362328290939331,0.4637671411037445
PETS_CREDIT_low_eff_su2_r1_d6_b01__none,none,dynanoise,ed23b85566b3c29eb402,0,0,0,0.522304356098175,0.47769567370414734
PETS_CREDIT_low_eff_su2_r1_d6_b01__none,none,dynanoise,952fc09bd28a9501f067,0,0,0,0.5415632128715515,0.45843684673309326
PETS_CREDIT_low_eff_su2_r1_d6_b01__none,none,dynanoise,2482d33087029d45a132,0,0,1,0.4930936098098755,0.5069063901901245
PETS_CREDIT_low_eff_su2_r1_d6_b01__none,none,dynanoise,77bd1f5032833eb7273a,0,0,0,0.5226255655288696,0.47737446427345276
PETS_CREDIT_low_eff_su2_r1_d6_b01__none,none,dynanoise,10857fff110d97bd3529,0,1,1,0.46423566341400146,0.5357643365859985
PETS_CREDIT_low_eff_su2_r1_d6_b01__none,none,dynanoise,6d9336fba414d9de6ac7,0,0,0,0.5860965847969055,0.4139033854007721
PETS_CREDIT_low_eff_su2_r1_d6_b01__none,none,dynanoise,d6c8d45da14422740d61,0,0,0,0.5340433716773987,0.4659566581249237
PETS_CREDIT_low_eff_su2_r1_d6_b01__none,none,dynanoise,59023d919d8b02411eba,0,0,1,0.4816419780254364,0.5183579921722412
PETS_CREDIT_low_eff_su2_r1_d6_b01__none,none,dynanoise,b879cfcb02d4d81aeba4,0,0,1,0.4940034747123718,0.5059965252876282
PETS_CREDIT_low_eff_su2_r1_d6_b01__none,none,dynanoise,3b2a390113c4d06485dc,0,0,1,0.487001895904541,0.512998104095459
PETS_CREDIT_low_eff_su2_r1_d6_b01__none,none,dynanoise,8571d45bb39f427604ed,0,0,0,0.5359882116317749,0.4640118181705475
PETS_CREDIT_low_eff_su2_r1_d6_b01__none,none,dynanoise,361e8f44b1d1611bef7b,0,1,0,0.5009050369262695,0.49909496307373047
PETS_CREDIT_low_eff_su2_r1_d6_b01__none,none,dynanoise,d7e4461c953d3771c6a7,0,0,0,0.5481845736503601,0.4518154263496399
PETS_CREDIT_low_eff_su2_r1_d6_b01__none,none,dynanoise,ec68553efb16cb1101b4,0,0,0,0.5273702144622803,0.4726297855377197
PETS_CREDIT_low_eff_su2_r1_d6_b01__none,none,dynanoise,dabd46f07ecd327df2fa,0,0,0,0.5698870420455933,0.4301129877567291
PETS_CREDIT_low_eff_su2_r1_d6_b01__none,none,dynanoise,24ddc25e1ea6b7792cd0,0,0,0,0.5817610025405884,0.418239027261734
PETS_CREDIT_low_eff_su2_r1_d6_b01__none,none,dynanoise,fa88e107f343c7d476d5,0,0,0,0.5118823051452637,0.48811769485473633
PETS_CREDIT_low_eff_su2_r1_d6_b01__none,none,dynanoise,640d06e42b5ea011ade8,0,0,0,0.5348677635192871,0.4651322066783905
PETS_CREDIT_low_eff_su2_r1_d6_b01__none,none,dynanoise,a36d92b052080609dee1,0,0,0,0.536103367805481,0.46389666199684143
PETS_CREDIT_low_eff_su2_r1_d6_b01__none,none,dynanoise,5a9fcf838ed30a3aac42,0,1,0,0.5258029699325562,0.47419703006744385
PETS_CREDIT_low_eff_su2_r1_d6_b01__none,none,dynanoise,cb1682c8107d45afcade,0,0,0,0.5224493741989136,0.47755059599876404
PETS_CREDIT_low_eff_su2_r1_d6_b01__none,none,dynanoise,9f0ccb4eb0a2a0319524,0,1,0,0.5205935835838318,0.4794064164161682
PETS_CREDIT_low_eff_su2_r1_d6_b01__none,none,dynanoise,51a20249bac3fb051d8a,0,0,0,0.5215746164321899,0.47842538356781006
PETS_CREDIT_low_eff_su2_r1_d6_b01__none,none,dynanoise,3b9ae330b918d841d986,0,0,0,0.540572464466095,0.4594275653362274
PETS_CREDIT_low_eff_su2_r1_d6_b01__none,none,dynanoise,d3f4ebd9602fecf775a2,0,0,0,0.5628859400749207,0.43711405992507935
PETS_CREDIT_low_eff_su2_r1_d6_b01__none,none,dynanoise,6aa234f97819dd051df4,0,1,0,0.554365873336792,0.4456340968608856
PETS_CREDIT_low_eff_su2_r1_d6_b01__none,none,dynanoise,6146ee4e50398bd2590b,0,0,0,0.5159618258476257,0.48403817415237427
PETS_CREDIT_low_eff_su2_r1_d6_b01__none,none,dynanoise,fa640d7805f9d82a715b,0,1,0,0.5546337366104126,0.4453662931919098
PETS_CREDIT_low_eff_su2_r1_d6_b01__none,none,dynanoise,952bdb913d2d4c348219,0,0,0,0.5449517369270325,0.4550482928752899
PETS_CREDIT_low_eff_su2_r1_d6_b01__none,none,dynanoise,23fa7db2ef3f6def0edb,0,0,0,0.5317249298095703,0.46827512979507446
PETS_CREDIT_low_eff_su2_r1_d6_b01__none,none,dynanoise,6b7219cfa53e1ae4e686,0,0,0,0.5342532992362976,0.4657467007637024
PETS_CREDIT_low_eff_su2_r1_d6_b01__none,none,dynanoise,aced89ae11db5855474b,0,0,0,0.5020737648010254,0.4979262351989746
PETS_CREDIT_low_eff_su2_r1_d6_b01__none,none,dynanoise,ca9d19862c77009f5491,0,0,0,0.564723789691925,0.4352762699127197
PETS_CREDIT_low_eff_su2_r1_d6_b01__none,none,dynanoise,4d1823ffdb815ae6ecb7,0,0,0,0.5025672912597656,0.49743273854255676
PETS_CREDIT_low_eff_su2_r1_d6_b01__none,none,dynanoise,f28c583d896798880d4b,0,1,0,0.5170942544937134,0.48290571570396423
PETS_CREDIT_low_eff_su2_r1_d6_b01__none,none,dynanoise,6bb99c2791ed089335c3,0,0,0,0.5584787726402283,0.44152122735977173
PETS_CREDIT_low_eff_su2_r1_d6_b01__none,none,dynanoise,cb3611b4495a37479ca8,0,0,0,0.543663740158081,0.45633625984191895
PETS_CREDIT_low_eff_su2_r1_d6_b01__none,none,dynanoise,e935e8aae78e46bb055f,0,0,0,0.5139152407646179,0.48608478903770447
PETS_CREDIT_low_eff_su2_r1_d6_b01__none,none,dynanoise,a3ca0fb9a2bb66673aca,0,0,0,0.5704971551895142,0.4295028746128082
PETS_CREDIT_low_eff_su2_r1_d6_b01__none,none,dynanoise,ea462e2d261554f47693,0,0,0,0.5274342894554138,0.4725656807422638
PETS_CREDIT_low_eff_su2_r1_d6_b01__none,none,dynanoise,89f33d9f24d34571b521,0,0,0,0.5284900665283203,0.4715099632740021
PETS_CREDIT_low_eff_su2_r1_d6_b01__none,none,dynanoise,9cb0a075ed3b1940a582,0,0,0,0.5351481437683105,0.46485185623168945
PETS_CREDIT_low_eff_su2_r1_d6_b01__none,none,dynanoise,e0ac38996eb0bdc23a98,0,0,0,0.5304675698280334,0.46953248977661133
PETS_CREDIT_low_eff_su2_r1_d6_b01__none,none,dynanoise,8e8cdc6e5cd89c5db921,0,1,1,0.4933508634567261,0.5066491365432739
PETS_CREDIT_low_eff_su2_r1_d6_b01__none,none,dynanoise,3600cc2df2f41f06dd9f,0,0,0,0.5316979289054871,0.4683021008968353
PETS_CREDIT_low_eff_su2_r1_d6_b01__none,none,dynanoise,62b1f018472ab0cad11c,0,1,0,0.522093653678894,0.47790634632110596
PETS_CREDIT_low_eff_su2_r1_d6_b01__none,none,dynanoise,69bf508473b2bb6fabc5,0,0,0,0.5650993585586548,0.4349006414413452
PETS_CREDIT_low_eff_su2_r1_d6_b01__none,none,dynanoise,f1c0204d151bcd56dd44,0,0,0,0.5341469049453735,0.46585315465927124
PETS_CREDIT_low_eff_su2_r1_d6_b01__none,none,dynanoise,afae12f9bd1a7c209ed4,0,0,0,0.5068104863166809,0.4931895434856415
PETS_CREDIT_low_eff_su2_r1_d6_b01__none,none,dynanoise,12bf473aaa3440c8b5ff,0,1,0,0.5152266621589661,0.4847733676433563
PETS_CREDIT_low_eff_su2_r1_d6_b01__none,none,dynanoise,2c42554fc21e34e31618,0,0,0,0.53959059715271,0.4604094326496124
PETS_CREDIT_low_eff_su2_r1_d6_b01__none,none,dynanoise,eeb7e3f1ff005ef7d74d,0,0,0,0.5471079349517822,0.4528920650482178
PETS_CREDIT_low_eff_su2_r1_d6_b01__none,none,dynanoise,b70a187f814bb3f6b896,0,0,0,0.5307943224906921,0.46920567750930786
PETS_CREDIT_low_eff_su2_r1_d6_b01__none,none,dynanoise,69963fd40681d7eb779e,0,1,0,0.5430135726928711,0.4569864869117737
PETS_CREDIT_low_eff_su2_r1_d6_b01__none,none,dynanoise,706df103f86b667d27c8,0,0,0,0.5258885622024536,0.4741114377975464
PETS_CREDIT_low_eff_su2_r1_d6_b01__none,none,dynanoise,6c189be9b000597df02b,0,0,0,0.5012982487678528,0.4987017810344696
PETS_CREDIT_low_eff_su2_r1_d6_b01__none,none,dynanoise,23c9aff9c3cb7e74418f,0,0,0,0.5367866158485413,0.46321338415145874
PETS_CREDIT_low_eff_su2_r1_d6_b01__none,none,dynanoise,9e00c9a73f8502e1beb6,0,0,0,0.5071015954017639,0.49289843440055847
PETS_CREDIT_low_eff_su2_r1_d6_b01__none,none,dynanoise,e64f4ae98dbe9cbf0e78,0,0,0,0.5376602411270142,0.4623397886753082
PETS_CREDIT_low_eff_su2_r1_d6_b01__none,none,dynanoise,da9134b43c13f8ea3eaf,0,1,0,0.5429345965385437,0.4570654034614563
PETS_CREDIT_low_eff_su2_r1_d6_b01__none,none,dynanoise,faaca9baf33f8afbd931,0,1,0,0.5084357261657715,0.49156424403190613
PETS_CREDIT_low_eff_su2_r1_d6_b01__none,none,dynanoise,07849266aa8f190a63f2,0,1,0,0.54635089635849,0.4536491632461548
PETS_CREDIT_low_eff_su2_r1_d6_b01__none,none,dynanoise,9806bdd560ccf88a9b56,0,0,0,0.5277828574180603,0.4722171723842621
PETS_CREDIT_low_eff_su2_r1_d6_b01__none,none,dynanoise,a524ab5db22ecc35929f,0,0,0,0.5916614532470703,0.4083385467529297
PETS_CREDIT_low_eff_su2_r1_d6_b01__none,none,dynanoise,5d3f74cb6c8c84f1c7a9,0,1,1,0.4894038140773773,0.5105962157249451
PETS_CREDIT_low_eff_su2_r1_d6_b01__none,none,dynanoise,71e1a80803ef248649c3,0,1,0,0.5367898941040039,0.4632101356983185
PETS_CREDIT_low_eff_su2_r1_d6_b01__none,none,dynanoise,49e93fd29796be2e21ed,0,1,0,0.529536247253418,0.47046372294425964
PETS_CREDIT_low_eff_su2_r1_d6_b01__none,none,dynanoise,128796eb2bd785357a42,0,1,1,0.49399080872535706,0.5060092210769653
PETS_CREDIT_low_eff_su2_r1_d6_b01__none,none,dynanoise,2478313b949e4a19fec5,0,0,0,0.55138099193573,0.44861897826194763
PETS_CREDIT_low_eff_su2_r1_d6_b01__none,none,dynanoise,1de5fd2a3f26ba72a9c1,0,0,0,0.6499952673912048,0.35000473260879517
PETS_CREDIT_low_eff_su2_r1_d6_b01__none,none,dynanoise,b6a7132e5db71a8c2b53,0,0,0,0.511806070804596,0.48819395899772644
PETS_CREDIT_low_eff_su2_r1_d6_b01__none,none,dynanoise,cca86135655a3f3f0727,0,0,0,0.5330421924591064,0.46695780754089355
PETS_CREDIT_low_eff_su2_r1_d6_b01__none,none,dynanoise,05cfc0ff414af47c03a5,0,0,0,0.5188594460487366,0.48114052414894104
PETS_CREDIT_low_eff_su2_r1_d6_b01__none,none,dynanoise,86ae722f0d37f010ada6,0,0,1,0.4976915121078491,0.5023084878921509
PETS_CREDIT_low_eff_su2_r1_d6_b01__none,none,dynanoise,be9bfaf596c94c10a528,0,0,0,0.5013032555580139,0.49869677424430847
PETS_CREDIT_low_eff_su2_r1_d6_b01__none,none,dynanoise,e60d07bd2196508fe656,0,0,0,0.5141558647155762,0.48584410548210144
PETS_CREDIT_low_eff_su2_r1_d6_b01__none,none,dynanoise,38b74132b04f4f54702c,0,1,0,0.5461922287940979,0.4538077414035797
PETS_CREDIT_low_eff_su2_r1_d6_b01__none,none,dynanoise,34cd383be85fcb382ea6,0,0,0,0.5440268516540527,0.45597317814826965
PETS_CREDIT_low_eff_su2_r1_d6_b01__none,none,dynanoise,5f861fea617a3ee7da16,0,0,0,0.53843754529953,0.4615624248981476
PETS_CREDIT_low_eff_su2_r1_d6_b01__none,none,dynanoise,c026d0cfa5b1e35d07fe,0,1,0,0.5022330284118652,0.49776700139045715
PETS_CREDIT_low_eff_su2_r1_d6_b01__none,none,dynanoise,9d22795430fd2e16c8dc,0,1,0,0.518854022026062,0.4811460077762604
PETS_CREDIT_low_eff_su2_r1_d6_b01__none,none,dynanoise,5c7d8f33e88909bece76,0,0,0,0.5298915505409241,0.47010841965675354
PETS_CREDIT_low_eff_su2_r1_d6_b01__none,none,dynanoise,7cca6a89daa8ec654b93,0,0,0,0.5680610537528992,0.4319389760494232
PETS_CREDIT_low_eff_su2_r1_d6_b01__none,none,dynanoise,69d9f267431b625e3ab6,0,1,0,0.508562445640564,0.49143755435943604
PETS_CREDIT_low_eff_su2_r1_d6_b01__none,none,dynanoise,c684bddcfbca03359777,0,1,1,0.4976496696472168,0.5023503303527832
PETS_CREDIT_low_eff_su2_r1_d6_b01__none,none,dynanoise,d186b88534c1a687d1fd,0,0,0,0.5534926056861877,0.44650742411613464
PETS_CREDIT_low_eff_su2_r1_d6_b01__none,none,dynanoise,bd462eab4ac062244f72,0,0,0,0.5534880757331848,0.4465118944644928
PETS_CREDIT_low_eff_su2_r1_d6_b01__none,none,dynanoise,f8230eeb11ce4504ac0d,0,0,1,0.4963369369506836,0.5036630630493164
PETS_CREDIT_low_eff_su2_r1_d6_b01__none,none,dynanoise,5a2759bc40afd8b67be0,0,0,0,0.5003648996353149,0.49963510036468506
PETS_CREDIT_low_eff_su2_r1_d6_b01__none,none,dynanoise,5c05a4c2ad473664e305,0,0,0,0.5310138463973999,0.4689861536026001
PETS_CREDIT_low_eff_su2_r1_d6_b01__none,none,dynanoise,454401dbf09cdd915140,0,0,0,0.5688605904579163,0.43113937973976135
PETS_CREDIT_low_eff_su2_r1_d6_b01__none,none,dynanoise,22b00e614fc8c9d5c74f,0,0,0,0.5097881555557251,0.4902118444442749
PETS_CREDIT_low_eff_su2_r1_d6_b01__none,none,dynanoise,33f0b58e500322fafc02,0,0,0,0.5426835417747498,0.45731648802757263
PETS_CREDIT_low_eff_su2_r1_d6_b01__none,none,dynanoise,16f7e23f7aabcd74a31a,0,0,0,0.5761723518371582,0.4238276481628418
PETS_CREDIT_low_eff_su2_r1_d6_b01__none,none,dynanoise,e9aa13f77c0f352b0b1d,0,1,0,0.5551609396934509,0.4448390603065491
PETS_CREDIT_low_eff_su2_r1_d6_b01__none,none,dynanoise,0f6b78a3676f704d8ccb,0,1,0,0.5049551725387573,0.4950447976589203
PETS_CREDIT_low_eff_su2_r1_d6_b01__none,none,dynanoise,554005cca9a020862607,0,0,0,0.5413942933082581,0.45860567688941956
PETS_CREDIT_low_eff_su2_r1_d6_b01__none,none,hamp_output,ae429a6a1d645aacb94e,1,0,0,0.8761600255966187,0.12383995950222015
PETS_CREDIT_low_eff_su2_r1_d6_b01__none,none,hamp_output,70d271c728323ea28d90,1,0,0,0.8624266386032104,0.13757339119911194
PETS_CREDIT_low_eff_su2_r1_d6_b01__none,none,hamp_output,434123980ae7f6c38b02,1,0,0,0.7179104089736938,0.28208962082862854
PETS_CREDIT_low_eff_su2_r1_d6_b01__none,none,hamp_output,b84ff32b3c14263b0dd5,1,1,0,0.5672451853752136,0.43275484442710876
PETS_CREDIT_low_eff_su2_r1_d6_b01__none,none,hamp_output,66fa33821884d4568b02,1,0,0,0.846562922000885,0.1534370481967926
PETS_CREDIT_low_eff_su2_r1_d6_b01__none,none,hamp_output,69ef03b5c6f4f7ecef33,1,0,0,0.7461662888526917,0.25383371114730835
PETS_CREDIT_low_eff_su2_r1_d6_b01__none,none,hamp_output,c91e3b5a028c06ad1f92,1,0,0,0.7753029465675354,0.22469697892665863
PETS_CREDIT_low_eff_su2_r1_d6_b01__none,none,hamp_output,272c38b1ecd099be7890,1,0,0,0.8738146424293518,0.1261853575706482
PETS_CREDIT_low_eff_su2_r1_d6_b01__none,none,hamp_output,192395141a760795b97a,1,0,0,0.856732189655304,0.14326784014701843
PETS_CREDIT_low_eff_su2_r1_d6_b01__none,none,hamp_output,ebaf9b6eb6ecde9fb27d,1,0,0,0.8120092153549194,0.18799081444740295
PETS_CREDIT_low_eff_su2_r1_d6_b01__none,none,hamp_output,eaab06e0e9770f0cb322,1,0,0,0.5520873665809631,0.44791266322135925
PETS_CREDIT_low_eff_su2_r1_d6_b01__none,none,hamp_output,09c28941e61886717e09,1,0,0,0.845340371131897,0.15465964376926422
PETS_CREDIT_low_eff_su2_r1_d6_b01__none,none,hamp_output,092efc45ab978715a8fa,1,0,0,0.90389484167099,0.0961051806807518
PETS_CREDIT_low_eff_su2_r1_d6_b01__none,none,hamp_output,bf5a9031a45524933e21,1,0,0,0.8310161828994751,0.1689838021993637
PETS_CREDIT_low_eff_su2_r1_d6_b01__none,none,hamp_output,e8613e68d8ca2ea9e7fd,1,0,0,0.8271076679229736,0.1728922724723816
PETS_CREDIT_low_eff_su2_r1_d6_b01__none,none,hamp_output,d606f1831b9734bb90e1,1,0,0,0.7726488709449768,0.2273510992527008
PETS_CREDIT_low_eff_su2_r1_d6_b01__none,none,hamp_output,ac5f40db5db91c18a83b,1,1,0,0.8438476920127869,0.15615230798721313
PETS_CREDIT_low_eff_su2_r1_d6_b01__none,none,hamp_output,f97851146238bb9a3754,1,0,0,0.8069055676460266,0.19309449195861816
PETS_CREDIT_low_eff_su2_r1_d6_b01__none,none,hamp_output,d2c3d34fb102babfa194,1,0,0,0.6368752717971802,0.3631247282028198
PETS_CREDIT_low_eff_su2_r1_d6_b01__none,none,hamp_output,81817fc85a01b1cc7dcf,1,0,0,0.9449464082717896,0.055053647607564926
PETS_CREDIT_low_eff_su2_r1_d6_b01__none,none,hamp_output,a55e4e1cd3465563efc4,1,0,0,0.7813123464584351,0.21868768334388733
PETS_CREDIT_low_eff_su2_r1_d6_b01__none,none,hamp_output,c0daa10532a8487ca803,1,1,0,0.6313796043395996,0.3686203956604004
PETS_CREDIT_low_eff_su2_r1_d6_b01__none,none,hamp_output,ab97fae957e08270ffce,1,1,0,0.828592836856842,0.17140722274780273
PETS_CREDIT_low_eff_su2_r1_d6_b01__none,none,hamp_output,0674ce029ebb21d32e38,1,0,0,0.9005101919174194,0.09948982298374176
PETS_CREDIT_low_eff_su2_r1_d6_b01__none,none,hamp_output,fbbb0f469e10095b9cc1,1,0,0,0.5646039247512817,0.43539607524871826
PETS_CREDIT_low_eff_su2_r1_d6_b01__none,none,hamp_output,bfa7b1aca5d187760a16,1,0,0,0.9162240028381348,0.08377601206302643
PETS_CREDIT_low_eff_su2_r1_d6_b01__none,none,hamp_output,26b6a5da65cdaeb8e184,1,0,0,0.7674382328987122,0.23256176710128784
PETS_CREDIT_low_eff_su2_r1_d6_b01__none,none,hamp_output,22730a71b34176a3ba37,1,0,0,0.7625579237937927,0.23744212090969086
PETS_CREDIT_low_eff_su2_r1_d6_b01__none,none,hamp_output,356e520dcf3a6473ffb2,1,0,0,0.9686380624771118,0.03136194124817848
PETS_CREDIT_low_eff_su2_r1_d6_b01__none,none,hamp_output,e76cce60bc3507d0d7b2,1,0,0,0.6157090067863464,0.3842909634113312
PETS_CREDIT_low_eff_su2_r1_d6_b01__none,none,hamp_output,5584930e99aa4007d628,1,0,0,0.8999065160751343,0.10009349882602692
PETS_CREDIT_low_eff_su2_r1_d6_b01__none,none,hamp_output,7c7fe88dcec806be29da,1,0,0,0.9584999084472656,0.041500117629766464
PETS_CREDIT_low_eff_su2_r1_d6_b01__none,none,hamp_output,9eb158e3cbe5bc901e26,1,1,1,0.33499783277511597,0.6650022268295288
PETS_CREDIT_low_eff_su2_r1_d6_b01__none,none,hamp_output,4e545ca4791d65f44351,1,0,0,0.754069983959198,0.24592998623847961
PETS_CREDIT_low_eff_su2_r1_d6_b01__none,none,hamp_output,7105743f10682ac4a1cc,1,0,0,0.9747328758239746,0.02526715025305748
PETS_CREDIT_low_eff_su2_r1_d6_b01__none,none,hamp_output,25282b20e9c64236ec4d,1,1,0,0.8248623013496399,0.1751376837491989
PETS_CREDIT_low_eff_su2_r1_d6_b01__none,none,hamp_output,5688d9df8bbfc61d89e9,1,1,0,0.8836466073989868,0.11635341495275497
PETS_CREDIT_low_eff_su2_r1_d6_b01__none,none,hamp_output,8f95586c1c6fb3f2a750,1,1,0,0.6017390489578247,0.39826101064682007
PETS_CREDIT_low_eff_su2_r1_d6_b01__none,none,hamp_output,6c0e663b6848864dc914,1,0,0,0.5803559422492981,0.4196440875530243
PETS_CREDIT_low_eff_su2_r1_d6_b01__none,none,hamp_output,07d4d260e30d7cf5b71f,1,0,0,0.8556448817253113,0.14435510337352753
PETS_CREDIT_low_eff_su2_r1_d6_b01__none,none,hamp_output,5cb75d859aa2d3df94b0,1,0,0,0.892435610294342,0.10756444931030273
PETS_CREDIT_low_eff_su2_r1_d6_b01__none,none,hamp_output,c536d8f2ff559c7756e7,1,0,0,0.6972442865371704,0.302755743265152
PETS_CREDIT_low_eff_su2_r1_d6_b01__none,none,hamp_output,d8e3c3c718aea110b2d9,1,0,0,0.8707373738288879,0.12926264107227325
PETS_CREDIT_low_eff_su2_r1_d6_b01__none,none,hamp_output,7311863aa70952806ffc,1,0,0,0.8389001488685608,0.1610998958349228
PETS_CREDIT_low_eff_su2_r1_d6_b01__none,none,hamp_output,0ffd3e39286157b02ad4,1,1,0,0.9131698608398438,0.08683011680841446
PETS_CREDIT_low_eff_su2_r1_d6_b01__none,none,hamp_output,dfc3621c683cc1e703cf,1,1,0,0.6614886522293091,0.3385113775730133
PETS_CREDIT_low_eff_su2_r1_d6_b01__none,none,hamp_output,f073d35785cf76f1409c,1,1,0,0.8180020451545715,0.18199792504310608
PETS_CREDIT_low_eff_su2_r1_d6_b01__none,none,hamp_output,7673e8a0f0b037cc51e5,1,0,0,0.5585871338844299,0.44141286611557007
PETS_CREDIT_low_eff_su2_r1_d6_b01__none,none,hamp_output,ce8a11f272895da8cd7f,1,0,0,0.6358721256256104,0.36412784457206726
PETS_CREDIT_low_eff_su2_r1_d6_b01__none,none,hamp_output,b0f47ae4b56b3aa4d111,1,0,0,0.7021113634109497,0.2978886365890503
PETS_CREDIT_low_eff_su2_r1_d6_b01__none,none,hamp_output,49b15e9ec4784be42cd2,1,0,0,0.7451188564300537,0.2548811733722687
PETS_CREDIT_low_eff_su2_r1_d6_b01__none,none,hamp_output,a62d80fa1349c54517ce,1,1,0,0.7527645230293274,0.247235506772995
PETS_CREDIT_low_eff_su2_r1_d6_b01__none,none,hamp_output,f3ca91dd8e5aba8d83d9,1,0,0,0.9203826785087585,0.07961734384298325
PETS_CREDIT_low_eff_su2_r1_d6_b01__none,none,hamp_output,196d92dfff0523a23237,1,1,0,0.8252688646316528,0.1747310906648636
PETS_CREDIT_low_eff_su2_r1_d6_b01__none,none,hamp_output,c9e5785745f04cec0d37,1,0,0,0.8700422048568726,0.12995776534080505
PETS_CREDIT_low_eff_su2_r1_d6_b01__none,none,hamp_output,a5628044ec0880a52490,1,0,0,0.9514250755310059,0.04857495054602623
PETS_CREDIT_low_eff_su2_r1_d6_b01__none,none,hamp_output,d9170d275d5e05922e82,1,0,0,0.8174436092376709,0.1825563758611679
PETS_CREDIT_low_eff_su2_r1_d6_b01__none,none,hamp_output,988a4b4dcb53bafffb01,1,0,0,0.9673039317131042,0.03269605338573456
PETS_CREDIT_low_eff_su2_r1_d6_b01__none,none,hamp_output,52f455fd245c9327442c,1,0,0,0.7391663193702698,0.26083365082740784
PETS_CREDIT_low_eff_su2_r1_d6_b01__none,none,hamp_output,418dd0dffa2f4aacf5a8,1,0,0,0.8986197710037231,0.10138025134801865
PETS_CREDIT_low_eff_su2_r1_d6_b01__none,none,hamp_output,c053f623dd8f2bfb7915,1,1,0,0.8462359309196472,0.15376409888267517
PETS_CREDIT_low_eff_su2_r1_d6_b01__none,none,hamp_output,f35a2648fd72f049ecda,1,1,0,0.9212121963500977,0.07878782600164413
PETS_CREDIT_low_eff_su2_r1_d6_b01__none,none,hamp_output,0a09121dee0e5db09dfe,1,1,0,0.6297561526298523,0.3702438473701477
PETS_CREDIT_low_eff_su2_r1_d6_b01__none,none,hamp_output,bf465d63c434358f77e4,1,0,0,0.7454258799552917,0.25457412004470825
PETS_CREDIT_low_eff_su2_r1_d6_b01__none,none,hamp_output,6ea2a519a69c09016323,1,0,0,0.908510684967041,0.09148933738470078
PETS_CREDIT_low_eff_su2_r1_d6_b01__none,none,hamp_output,2379dd478643b9cc0bc1,1,0,0,0.7148863673210144,0.285113662481308
PETS_CREDIT_low_eff_su2_r1_d6_b01__none,none,hamp_output,c75c31af2389cc3a594f,1,0,0,0.9568197131156921,0.04318026825785637
PETS_CREDIT_low_eff_su2_r1_d6_b01__none,none,hamp_output,619b46d6086e6aad3d84,1,0,0,0.9446555376052856,0.05534442886710167
PETS_CREDIT_low_eff_su2_r1_d6_b01__none,none,hamp_output,347bd04364dce3c5342e,1,0,0,0.7018192410469055,0.29818078875541687
PETS_CREDIT_low_eff_su2_r1_d6_b01__none,none,hamp_output,4aa64c627cb9b82d7f42,1,1,0,0.9346346855163574,0.06536532938480377
PETS_CREDIT_low_eff_su2_r1_d6_b01__none,none,hamp_output,932ae6d0f203c398e4b5,1,0,0,0.6025935411453247,0.3974064588546753
PETS_CREDIT_low_eff_su2_r1_d6_b01__none,none,hamp_output,aaff47c50ec280d97eda,1,0,0,0.8911512494087219,0.10884881019592285
PETS_CREDIT_low_eff_su2_r1_d6_b01__none,none,hamp_output,7be2869c238aa35d440a,1,1,0,0.778741717338562,0.22125829756259918
PETS_CREDIT_low_eff_su2_r1_d6_b01__none,none,hamp_output,bacc1c25b75ae0e1b780,1,0,0,0.8863710165023804,0.11362901329994202
PETS_CREDIT_low_eff_su2_r1_d6_b01__none,none,hamp_output,9fc5fbe55717fe6862a4,1,0,0,0.7454050779342651,0.2545948922634125
PETS_CREDIT_low_eff_su2_r1_d6_b01__none,none,hamp_output,00405a37dd709b2d51a8,1,0,0,0.7849624752998352,0.21503758430480957
PETS_CREDIT_low_eff_su2_r1_d6_b01__none,none,hamp_output,01e7168ae2a624ff9916,1,1,0,0.7970106601715088,0.2029893845319748
PETS_CREDIT_low_eff_su2_r1_d6_b01__none,none,hamp_output,c8a7bd1cd35ba1e89b80,1,0,0,0.7881991863250732,0.21180081367492676
PETS_CREDIT_low_eff_su2_r1_d6_b01__none,none,hamp_output,877b93e6aa8797d2cd0b,1,0,0,0.6348729729652405,0.3651270568370819
PETS_CREDIT_low_eff_su2_r1_d6_b01__none,none,hamp_output,6dcf5bf2e9c47f5b5091,1,0,0,0.8952502012252808,0.10474982857704163
PETS_CREDIT_low_eff_su2_r1_d6_b01__none,none,hamp_output,c50e57ca37a497df3a13,1,0,0,0.914456844329834,0.08554313331842422
PETS_CREDIT_low_eff_su2_r1_d6_b01__none,none,hamp_output,39c00d7f6c47885c6fc2,1,1,0,0.874335765838623,0.12566423416137695
PETS_CREDIT_low_eff_su2_r1_d6_b01__none,none,hamp_output,e3e282f64bed70282149,1,0,0,0.589307963848114,0.4106920063495636
PETS_CREDIT_low_eff_su2_r1_d6_b01__none,none,hamp_output,5383d08662564ec7ab0d,1,0,0,0.9319133758544922,0.06808667629957199
PETS_CREDIT_low_eff_su2_r1_d6_b01__none,none,hamp_output,e030c0aa4ae0f1011f2f,1,0,0,0.8090479969978333,0.19095203280448914
PETS_CREDIT_low_eff_su2_r1_d6_b01__none,none,hamp_output,1819fe5c399a17316fee,1,0,0,0.8770493865013123,0.12295060604810715
PETS_CREDIT_low_eff_su2_r1_d6_b01__none,none,hamp_output,d75c3e52dbcaf5a5ec2a,1,0,0,0.880800187587738,0.11919981241226196
PETS_CREDIT_low_eff_su2_r1_d6_b01__none,none,hamp_output,a1b01a469dc7802f51d3,1,0,0,0.6649485230445862,0.3350514769554138
PETS_CREDIT_low_eff_su2_r1_d6_b01__none,none,hamp_output,a9752ae3047aff503fb3,1,1,0,0.8715518712997437,0.12844809889793396
PETS_CREDIT_low_eff_su2_r1_d6_b01__none,none,hamp_output,85bbf6f61dd23b95b6e7,1,0,0,0.6110650300979614,0.3889349699020386
PETS_CREDIT_low_eff_su2_r1_d6_b01__none,none,hamp_output,1313972ddf1c6e9eb2c9,1,0,1,0.15224070847034454,0.8477592468261719
PETS_CREDIT_low_eff_su2_r1_d6_b01__none,none,hamp_output,ab00e756b29c98fd6674,1,0,0,0.7480659484863281,0.2519340515136719
PETS_CREDIT_low_eff_su2_r1_d6_b01__none,none,hamp_output,4b8fbfef25d81e60d4a6,1,0,0,0.8954131007194519,0.10458690673112869
PETS_CREDIT_low_eff_su2_r1_d6_b01__none,none,hamp_output,e0b33cacbadcac9f3d26,1,1,0,0.9337260723114014,0.06627392023801804
PETS_CREDIT_low_eff_su2_r1_d6_b01__none,none,hamp_output,f05df67fe5ac7ed38643,1,0,0,0.6298947930335999,0.37010523676872253
PETS_CREDIT_low_eff_su2_r1_d6_b01__none,none,hamp_output,5f9c02f5ec03a28e4f53,1,0,0,0.8592777848243713,0.14072223007678986
PETS_CREDIT_low_eff_su2_r1_d6_b01__none,none,hamp_output,c2f9d20d5b53c00ef5f4,1,0,0,0.8588892221450806,0.14111077785491943
PETS_CREDIT_low_eff_su2_r1_d6_b01__none,none,hamp_output,cec5a851be4f6e7c0887,1,0,0,0.6580418348312378,0.3419581353664398
PETS_CREDIT_low_eff_su2_r1_d6_b01__none,none,hamp_output,402e2e33d278085f817f,1,0,0,0.5791051387786865,0.42089489102363586
PETS_CREDIT_low_eff_su2_r1_d6_b01__none,none,hamp_output,4df4658f2eb41564da87,1,0,0,0.6527320146560669,0.3472680151462555
PETS_CREDIT_low_eff_su2_r1_d6_b01__none,none,hamp_output,b2afd8ac93139c6436ca,0,1,0,0.5631358027458191,0.4368642270565033
PETS_CREDIT_low_eff_su2_r1_d6_b01__none,none,hamp_output,6a05ad28a1fdde9b37a0,0,0,0,0.5112188458442688,0.4887811839580536
PETS_CREDIT_low_eff_su2_r1_d6_b01__none,none,hamp_output,f2ee369cdc3625e84402,0,1,0,0.955049455165863,0.04495059698820114
PETS_CREDIT_low_eff_su2_r1_d6_b01__none,none,hamp_output,ed23b85566b3c29eb402,0,0,0,0.7598867416381836,0.24011322855949402
PETS_CREDIT_low_eff_su2_r1_d6_b01__none,none,hamp_output,952fc09bd28a9501f067,0,0,0,0.9132163524627686,0.08678368479013443
PETS_CREDIT_low_eff_su2_r1_d6_b01__none,none,hamp_output,2482d33087029d45a132,0,0,0,0.8007856607437134,0.1992143839597702
PETS_CREDIT_low_eff_su2_r1_d6_b01__none,none,hamp_output,77bd1f5032833eb7273a,0,0,0,0.8623887300491333,0.1376112997531891
PETS_CREDIT_low_eff_su2_r1_d6_b01__none,none,hamp_output,10857fff110d97bd3529,0,1,1,0.11199533194303513,0.888004720211029
PETS_CREDIT_low_eff_su2_r1_d6_b01__none,none,hamp_output,6d9336fba414d9de6ac7,0,0,0,0.8666302561759949,0.13336971402168274
PETS_CREDIT_low_eff_su2_r1_d6_b01__none,none,hamp_output,d6c8d45da14422740d61,0,0,0,0.5985524654388428,0.4014475643634796
PETS_CREDIT_low_eff_su2_r1_d6_b01__none,none,hamp_output,59023d919d8b02411eba,0,0,0,0.7419285774230957,0.2580714523792267
PETS_CREDIT_low_eff_su2_r1_d6_b01__none,none,hamp_output,b879cfcb02d4d81aeba4,0,0,0,0.7819218635559082,0.21807807683944702
PETS_CREDIT_low_eff_su2_r1_d6_b01__none,none,hamp_output,3b2a390113c4d06485dc,0,0,1,0.39918509125709534,0.6008148789405823
PETS_CREDIT_low_eff_su2_r1_d6_b01__none,none,hamp_output,8571d45bb39f427604ed,0,0,0,0.6488595604896545,0.35114040970802307
PETS_CREDIT_low_eff_su2_r1_d6_b01__none,none,hamp_output,361e8f44b1d1611bef7b,0,1,0,0.5863701701164246,0.4136298596858978
PETS_CREDIT_low_eff_su2_r1_d6_b01__none,none,hamp_output,d7e4461c953d3771c6a7,0,0,0,0.8087848424911499,0.19121520221233368
PETS_CREDIT_low_eff_su2_r1_d6_b01__none,none,hamp_output,ec68553efb16cb1101b4,0,0,0,0.85064297914505,0.14935708045959473
PETS_CREDIT_low_eff_su2_r1_d6_b01__none,none,hamp_output,dabd46f07ecd327df2fa,0,0,0,0.8804186582565308,0.11958135664463043
PETS_CREDIT_low_eff_su2_r1_d6_b01__none,none,hamp_output,24ddc25e1ea6b7792cd0,0,0,0,0.8336576223373413,0.1663423776626587
PETS_CREDIT_low_eff_su2_r1_d6_b01__none,none,hamp_output,fa88e107f343c7d476d5,0,0,0,0.6660929322242737,0.3339070677757263
PETS_CREDIT_low_eff_su2_r1_d6_b01__none,none,hamp_output,640d06e42b5ea011ade8,0,0,0,0.7957100868225098,0.20428995788097382
PETS_CREDIT_low_eff_su2_r1_d6_b01__none,none,hamp_output,a36d92b052080609dee1,0,0,0,0.7052033543586731,0.2947967052459717
PETS_CREDIT_low_eff_su2_r1_d6_b01__none,none,hamp_output,5a9fcf838ed30a3aac42,0,1,0,0.8682745099067688,0.13172553479671478
PETS_CREDIT_low_eff_su2_r1_d6_b01__none,none,hamp_output,cb1682c8107d45afcade,0,0,0,0.9191057085990906,0.08089429885149002
PETS_CREDIT_low_eff_su2_r1_d6_b01__none,none,hamp_output,9f0ccb4eb0a2a0319524,0,1,0,0.6429108381271362,0.35708919167518616
PETS_CREDIT_low_eff_su2_r1_d6_b01__none,none,hamp_output,51a20249bac3fb051d8a,0,0,0,0.9341265559196472,0.06587345153093338
PETS_CREDIT_low_eff_su2_r1_d6_b01__none,none,hamp_output,3b9ae330b918d841d986,0,0,0,0.6400665044784546,0.3599335551261902
PETS_CREDIT_low_eff_su2_r1_d6_b01__none,none,hamp_output,d3f4ebd9602fecf775a2,0,0,0,0.9194542169570923,0.0805458128452301
PETS_CREDIT_low_eff_su2_r1_d6_b01__none,none,hamp_output,6aa234f97819dd051df4,0,1,0,0.6321682333946228,0.367831826210022
PETS_CREDIT_low_eff_su2_r1_d6_b01__none,none,hamp_output,6146ee4e50398bd2590b,0,0,0,0.8884769082069397,0.11152312159538269
PETS_CREDIT_low_eff_su2_r1_d6_b01__none,none,hamp_output,fa640d7805f9d82a715b,0,1,0,0.8176510334014893,0.18234899640083313
PETS_CREDIT_low_eff_su2_r1_d6_b01__none,none,hamp_output,952bdb913d2d4c348219,0,0,0,0.8899951577186584,0.11000478267669678
PETS_CREDIT_low_eff_su2_r1_d6_b01__none,none,hamp_output,23fa7db2ef3f6def0edb,0,0,0,0.5428901314735413,0.45710986852645874
PETS_CREDIT_low_eff_su2_r1_d6_b01__none,none,hamp_output,6b7219cfa53e1ae4e686,0,0,0,0.8680778741836548,0.1319221705198288
PETS_CREDIT_low_eff_su2_r1_d6_b01__none,none,hamp_output,aced89ae11db5855474b,0,0,0,0.9013924598693848,0.09860751777887344
PETS_CREDIT_low_eff_su2_r1_d6_b01__none,none,hamp_output,ca9d19862c77009f5491,0,0,0,0.6969860196113586,0.30301398038864136
PETS_CREDIT_low_eff_su2_r1_d6_b01__none,none,hamp_output,4d1823ffdb815ae6ecb7,0,0,0,0.5690709948539734,0.4309290051460266
PETS_CREDIT_low_eff_su2_r1_d6_b01__none,none,hamp_output,f28c583d896798880d4b,0,1,0,0.7688501477241516,0.23114988207817078
PETS_CREDIT_low_eff_su2_r1_d6_b01__none,none,hamp_output,6bb99c2791ed089335c3,0,0,0,0.619104266166687,0.3808957636356354
PETS_CREDIT_low_eff_su2_r1_d6_b01__none,none,hamp_output,cb3611b4495a37479ca8,0,0,0,0.8741125464439392,0.12588739395141602
PETS_CREDIT_low_eff_su2_r1_d6_b01__none,none,hamp_output,e935e8aae78e46bb055f,0,0,0,0.7143407464027405,0.2856592833995819
PETS_CREDIT_low_eff_su2_r1_d6_b01__none,none,hamp_output,a3ca0fb9a2bb66673aca,0,0,0,0.7123605608940125,0.28763940930366516
PETS_CREDIT_low_eff_su2_r1_d6_b01__none,none,hamp_output,ea462e2d261554f47693,0,0,0,0.6735964417457581,0.32640355825424194
PETS_CREDIT_low_eff_su2_r1_d6_b01__none,none,hamp_output,89f33d9f24d34571b521,0,0,0,0.8729094862937927,0.12709051370620728
PETS_CREDIT_low_eff_su2_r1_d6_b01__none,none,hamp_output,9cb0a075ed3b1940a582,0,0,0,0.5100034475326538,0.4899965822696686
PETS_CREDIT_low_eff_su2_r1_d6_b01__none,none,hamp_output,e0ac38996eb0bdc23a98,0,0,0,0.9263702034950256,0.07362982630729675
PETS_CREDIT_low_eff_su2_r1_d6_b01__none,none,hamp_output,8e8cdc6e5cd89c5db921,0,1,0,0.6820402145385742,0.3179597854614258
PETS_CREDIT_low_eff_su2_r1_d6_b01__none,none,hamp_output,3600cc2df2f41f06dd9f,0,0,0,0.706041157245636,0.293958842754364
PETS_CREDIT_low_eff_su2_r1_d6_b01__none,none,hamp_output,62b1f018472ab0cad11c,0,1,0,0.8301926851272583,0.16980727016925812
PETS_CREDIT_low_eff_su2_r1_d6_b01__none,none,hamp_output,69bf508473b2bb6fabc5,0,0,0,0.9307750463485718,0.06922495365142822
PETS_CREDIT_low_eff_su2_r1_d6_b01__none,none,hamp_output,f1c0204d151bcd56dd44,0,0,0,0.6389721632003784,0.36102789640426636
PETS_CREDIT_low_eff_su2_r1_d6_b01__none,none,hamp_output,afae12f9bd1a7c209ed4,0,0,0,0.9057917594909668,0.09420830011367798
PETS_CREDIT_low_eff_su2_r1_d6_b01__none,none,hamp_output,12bf473aaa3440c8b5ff,0,1,0,0.9429050087928772,0.05709495022892952
PETS_CREDIT_low_eff_su2_r1_d6_b01__none,none,hamp_output,2c42554fc21e34e31618,0,0,0,0.8853849172592163,0.1146150603890419
PETS_CREDIT_low_eff_su2_r1_d6_b01__none,none,hamp_output,eeb7e3f1ff005ef7d74d,0,0,0,0.8476134538650513,0.15238653123378754
PETS_CREDIT_low_eff_su2_r1_d6_b01__none,none,hamp_output,b70a187f814bb3f6b896,0,0,0,0.7957520484924316,0.20424792170524597
PETS_CREDIT_low_eff_su2_r1_d6_b01__none,none,hamp_output,69963fd40681d7eb779e,0,1,0,0.7363834381103516,0.26361656188964844
PETS_CREDIT_low_eff_su2_r1_d6_b01__none,none,hamp_output,706df103f86b667d27c8,0,0,0,0.7953352928161621,0.2046646773815155
PETS_CREDIT_low_eff_su2_r1_d6_b01__none,none,hamp_output,6c189be9b000597df02b,0,0,0,0.7650715708732605,0.2349284589290619
PETS_CREDIT_low_eff_su2_r1_d6_b01__none,none,hamp_output,23c9aff9c3cb7e74418f,0,0,0,0.7948948740959167,0.20510511100292206
PETS_CREDIT_low_eff_su2_r1_d6_b01__none,none,hamp_output,9e00c9a73f8502e1beb6,0,0,0,0.5824062824249268,0.41759374737739563
PETS_CREDIT_low_eff_su2_r1_d6_b01__none,none,hamp_output,e64f4ae98dbe9cbf0e78,0,0,0,0.8589649796485901,0.14103496074676514
PETS_CREDIT_low_eff_su2_r1_d6_b01__none,none,hamp_output,da9134b43c13f8ea3eaf,0,1,0,0.8459669947624207,0.15403304994106293
PETS_CREDIT_low_eff_su2_r1_d6_b01__none,none,hamp_output,faaca9baf33f8afbd931,0,1,0,0.8834884166717529,0.11651158332824707
PETS_CREDIT_low_eff_su2_r1_d6_b01__none,none,hamp_output,07849266aa8f190a63f2,0,1,0,0.7739381790161133,0.2260618656873703
PETS_CREDIT_low_eff_su2_r1_d6_b01__none,none,hamp_output,9806bdd560ccf88a9b56,0,0,0,0.9340525269508362,0.065947525203228
PETS_CREDIT_low_eff_su2_r1_d6_b01__none,none,hamp_output,a524ab5db22ecc35929f,0,0,0,0.8352028131484985,0.16479718685150146
PETS_CREDIT_low_eff_su2_r1_d6_b01__none,none,hamp_output,5d3f74cb6c8c84f1c7a9,0,1,0,0.6196106672286987,0.3803893029689789
PETS_CREDIT_low_eff_su2_r1_d6_b01__none,none,hamp_output,71e1a80803ef248649c3,0,1,0,0.768100380897522,0.23189954459667206
PETS_CREDIT_low_eff_su2_r1_d6_b01__none,none,hamp_output,49e93fd29796be2e21ed,0,1,0,0.863582193851471,0.13641786575317383
PETS_CREDIT_low_eff_su2_r1_d6_b01__none,none,hamp_output,128796eb2bd785357a42,0,1,0,0.9494160413742065,0.05058395862579346
PETS_CREDIT_low_eff_su2_r1_d6_b01__none,none,hamp_output,2478313b949e4a19fec5,0,0,0,0.8233886957168579,0.1766113042831421
PETS_CREDIT_low_eff_su2_r1_d6_b01__none,none,hamp_output,1de5fd2a3f26ba72a9c1,0,0,0,0.9249960780143738,0.0750039666891098
PETS_CREDIT_low_eff_su2_r1_d6_b01__none,none,hamp_output,b6a7132e5db71a8c2b53,0,0,0,0.894420325756073,0.10557970404624939
PETS_CREDIT_low_eff_su2_r1_d6_b01__none,none,hamp_output,cca86135655a3f3f0727,0,0,0,0.5586097836494446,0.4413902163505554
PETS_CREDIT_low_eff_su2_r1_d6_b01__none,none,hamp_output,05cfc0ff414af47c03a5,0,0,0,0.5605529546737671,0.4394470751285553
PETS_CREDIT_low_eff_su2_r1_d6_b01__none,none,hamp_output,86ae722f0d37f010ada6,0,0,0,0.8595088720321655,0.14049117267131805
PETS_CREDIT_low_eff_su2_r1_d6_b01__none,none,hamp_output,be9bfaf596c94c10a528,0,0,0,0.6861875057220459,0.3138125240802765
PETS_CREDIT_low_eff_su2_r1_d6_b01__none,none,hamp_output,e60d07bd2196508fe656,0,0,0,0.9263917803764343,0.0736081674695015
PETS_CREDIT_low_eff_su2_r1_d6_b01__none,none,hamp_output,38b74132b04f4f54702c,0,1,0,0.9195493459701538,0.08045069128274918
PETS_CREDIT_low_eff_su2_r1_d6_b01__none,none,hamp_output,34cd383be85fcb382ea6,0,0,0,0.7418477535247803,0.2581522762775421
PETS_CREDIT_low_eff_su2_r1_d6_b01__none,none,hamp_output,5f861fea617a3ee7da16,0,0,0,0.9050459265708923,0.09495413303375244
PETS_CREDIT_low_eff_su2_r1_d6_b01__none,none,hamp_output,c026d0cfa5b1e35d07fe,0,1,0,0.7019448280334473,0.2980552315711975
PETS_CREDIT_low_eff_su2_r1_d6_b01__none,none,hamp_output,9d22795430fd2e16c8dc,0,1,0,0.8247843384742737,0.1752156764268875
PETS_CREDIT_low_eff_su2_r1_d6_b01__none,none,hamp_output,5c7d8f33e88909bece76,0,0,0,0.7428190112113953,0.2571810483932495
PETS_CREDIT_low_eff_su2_r1_d6_b01__none,none,hamp_output,7cca6a89daa8ec654b93,0,0,0,0.8024222254753113,0.19757777452468872
PETS_CREDIT_low_eff_su2_r1_d6_b01__none,none,hamp_output,69d9f267431b625e3ab6,0,1,0,0.8428388237953186,0.1571611762046814
PETS_CREDIT_low_eff_su2_r1_d6_b01__none,none,hamp_output,c684bddcfbca03359777,0,1,0,0.8858195543289185,0.11418049782514572
PETS_CREDIT_low_eff_su2_r1_d6_b01__none,none,hamp_output,d186b88534c1a687d1fd,0,0,0,0.5410327911376953,0.4589672088623047
PETS_CREDIT_low_eff_su2_r1_d6_b01__none,none,hamp_output,bd462eab4ac062244f72,0,0,0,0.6200000047683716,0.3800000250339508
PETS_CREDIT_low_eff_su2_r1_d6_b01__none,none,hamp_output,f8230eeb11ce4504ac0d,0,0,0,0.593432605266571,0.40656742453575134
PETS_CREDIT_low_eff_su2_r1_d6_b01__none,none,hamp_output,5a2759bc40afd8b67be0,0,0,0,0.9610647559165955,0.038935188204050064
PETS_CREDIT_low_eff_su2_r1_d6_b01__none,none,hamp_output,5c05a4c2ad473664e305,0,0,0,0.8402547240257263,0.1597452610731125
PETS_CREDIT_low_eff_su2_r1_d6_b01__none,none,hamp_output,454401dbf09cdd915140,0,0,0,0.6063025593757629,0.39369747042655945
PETS_CREDIT_low_eff_su2_r1_d6_b01__none,none,hamp_output,22b00e614fc8c9d5c74f,0,0,0,0.8647557497024536,0.1352442353963852
PETS_CREDIT_low_eff_su2_r1_d6_b01__none,none,hamp_output,33f0b58e500322fafc02,0,0,0,0.8740807175636292,0.12591928243637085
PETS_CREDIT_low_eff_su2_r1_d6_b01__none,none,hamp_output,16f7e23f7aabcd74a31a,0,0,0,0.6753294467926025,0.32467055320739746
PETS_CREDIT_low_eff_su2_r1_d6_b01__none,none,hamp_output,e9aa13f77c0f352b0b1d,0,1,0,0.5835365653038025,0.4164634346961975
PETS_CREDIT_low_eff_su2_r1_d6_b01__none,none,hamp_output,0f6b78a3676f704d8ccb,0,1,0,0.8356170654296875,0.1643829047679901
PETS_CREDIT_low_eff_su2_r1_d6_b01__none,none,hamp_output,554005cca9a020862607,0,0,0,0.9322635531425476,0.0677364319562912
PETS_CREDIT_low_eff_su2_r1_d6_b01__none,none,memguard,ae429a6a1d645aacb94e,1,0,0,0.780410885810852,0.21958908438682556
PETS_CREDIT_low_eff_su2_r1_d6_b01__none,none,memguard,70d271c728323ea28d90,1,0,0,0.7765710949897766,0.22342894971370697
PETS_CREDIT_low_eff_su2_r1_d6_b01__none,none,memguard,434123980ae7f6c38b02,1,0,0,0.7741595506668091,0.2258404791355133
PETS_CREDIT_low_eff_su2_r1_d6_b01__none,none,memguard,b84ff32b3c14263b0dd5,1,1,0,0.7522073984146118,0.2477925717830658
PETS_CREDIT_low_eff_su2_r1_d6_b01__none,none,memguard,66fa33821884d4568b02,1,0,0,0.7807304859161377,0.2192694991827011
PETS_CREDIT_low_eff_su2_r1_d6_b01__none,none,memguard,69ef03b5c6f4f7ecef33,1,0,0,0.7904098629951477,0.20959016680717468
PETS_CREDIT_low_eff_su2_r1_d6_b01__none,none,memguard,c91e3b5a028c06ad1f92,1,0,0,0.7758108973503113,0.22418911755084991
PETS_CREDIT_low_eff_su2_r1_d6_b01__none,none,memguard,272c38b1ecd099be7890,1,0,0,0.7761715650558472,0.22382843494415283
PETS_CREDIT_low_eff_su2_r1_d6_b01__none,none,memguard,192395141a760795b97a,1,0,0,0.7808518409729004,0.21914808452129364
PETS_CREDIT_low_eff_su2_r1_d6_b01__none,none,memguard,ebaf9b6eb6ecde9fb27d,1,0,0,0.7756732106208801,0.22432677447795868
PETS_CREDIT_low_eff_su2_r1_d6_b01__none,none,memguard,eaab06e0e9770f0cb322,1,0,0,0.763497531414032,0.23650243878364563
PETS_CREDIT_low_eff_su2_r1_d6_b01__none,none,memguard,09c28941e61886717e09,1,0,0,0.7751504182815552,0.2248496115207672
PETS_CREDIT_low_eff_su2_r1_d6_b01__none,none,memguard,092efc45ab978715a8fa,1,0,0,0.7813398241996765,0.21866020560264587
PETS_CREDIT_low_eff_su2_r1_d6_b01__none,none,memguard,bf5a9031a45524933e21,1,0,0,0.7820776104927063,0.2179223895072937
PETS_CREDIT_low_eff_su2_r1_d6_b01__none,none,memguard,e8613e68d8ca2ea9e7fd,1,0,0,0.7802283763885498,0.2197716236114502
PETS_CREDIT_low_eff_su2_r1_d6_b01__none,none,memguard,d606f1831b9734bb90e1,1,0,0,0.7870662808418274,0.212933748960495
PETS_CREDIT_low_eff_su2_r1_d6_b01__none,none,memguard,ac5f40db5db91c18a83b,1,1,0,0.7633740305900574,0.23662599921226501
PETS_CREDIT_low_eff_su2_r1_d6_b01__none,none,memguard,f97851146238bb9a3754,1,0,0,0.7848412990570068,0.21515874564647675
PETS_CREDIT_low_eff_su2_r1_d6_b01__none,none,memguard,d2c3d34fb102babfa194,1,0,0,0.7890373468399048,0.2109626978635788
PETS_CREDIT_low_eff_su2_r1_d6_b01__none,none,memguard,81817fc85a01b1cc7dcf,1,0,0,0.7675851583480835,0.2324148565530777
PETS_CREDIT_low_eff_su2_r1_d6_b01__none,none,memguard,a55e4e1cd3465563efc4,1,0,0,0.7673783302307129,0.23262163996696472
PETS_CREDIT_low_eff_su2_r1_d6_b01__none,none,memguard,c0daa10532a8487ca803,1,1,0,0.7453598976135254,0.2546400725841522
PETS_CREDIT_low_eff_su2_r1_d6_b01__none,none,memguard,ab97fae957e08270ffce,1,1,0,0.7517029643058777,0.2482970505952835
PETS_CREDIT_low_eff_su2_r1_d6_b01__none,none,memguard,0674ce029ebb21d32e38,1,0,0,0.7467333674430847,0.2532666027545929
PETS_CREDIT_low_eff_su2_r1_d6_b01__none,none,memguard,fbbb0f469e10095b9cc1,1,0,0,0.7845088839530945,0.2154911458492279
PETS_CREDIT_low_eff_su2_r1_d6_b01__none,none,memguard,bfa7b1aca5d187760a16,1,0,0,0.7759572267532349,0.22404277324676514
PETS_CREDIT_low_eff_su2_r1_d6_b01__none,none,memguard,26b6a5da65cdaeb8e184,1,0,0,0.7878515124320984,0.2121484875679016
PETS_CREDIT_low_eff_su2_r1_d6_b01__none,none,memguard,22730a71b34176a3ba37,1,0,0,0.7819110155105591,0.21808898448944092
PETS_CREDIT_low_eff_su2_r1_d6_b01__none,none,memguard,356e520dcf3a6473ffb2,1,0,0,0.7834481596946716,0.21655185520648956
PETS_CREDIT_low_eff_su2_r1_d6_b01__none,none,memguard,e76cce60bc3507d0d7b2,1,0,0,0.768671989440918,0.23132804036140442
PETS_CREDIT_low_eff_su2_r1_d6_b01__none,none,memguard,5584930e99aa4007d628,1,0,0,0.7743879556655884,0.22561205923557281
PETS_CREDIT_low_eff_su2_r1_d6_b01__none,none,memguard,7c7fe88dcec806be29da,1,0,0,0.77706378698349,0.2229362428188324
PETS_CREDIT_low_eff_su2_r1_d6_b01__none,none,memguard,9eb158e3cbe5bc901e26,1,1,1,0.24298423528671265,0.7570157647132874
PETS_CREDIT_low_eff_su2_r1_d6_b01__none,none,memguard,4e545ca4791d65f44351,1,0,0,0.7774497270584106,0.22255031764507294
PETS_CREDIT_low_eff_su2_r1_d6_b01__none,none,memguard,7105743f10682ac4a1cc,1,0,0,0.7858010530471802,0.21419891715049744
PETS_CREDIT_low_eff_su2_r1_d6_b01__none,none,memguard,25282b20e9c64236ec4d,1,1,0,0.7829698920249939,0.21703007817268372
PETS_CREDIT_low_eff_su2_r1_d6_b01__none,none,memguard,5688d9df8bbfc61d89e9,1,1,0,0.7712569236755371,0.2287430614233017
PETS_CREDIT_low_eff_su2_r1_d6_b01__none,none,memguard,8f95586c1c6fb3f2a750,1,1,0,0.7587366700172424,0.24126332998275757
PETS_CREDIT_low_eff_su2_r1_d6_b01__none,none,memguard,6c0e663b6848864dc914,1,0,0,0.7589015364646912,0.24109847843647003
PETS_CREDIT_low_eff_su2_r1_d6_b01__none,none,memguard,07d4d260e30d7cf5b71f,1,0,0,0.7747569680213928,0.22524306178092957
PETS_CREDIT_low_eff_su2_r1_d6_b01__none,none,memguard,5cb75d859aa2d3df94b0,1,0,0,0.7828414440155029,0.21715860068798065
PETS_CREDIT_low_eff_su2_r1_d6_b01__none,none,memguard,c536d8f2ff559c7756e7,1,0,0,0.7804628014564514,0.21953719854354858
PETS_CREDIT_low_eff_su2_r1_d6_b01__none,none,memguard,d8e3c3c718aea110b2d9,1,0,0,0.7828258275985718,0.2171742022037506
PETS_CREDIT_low_eff_su2_r1_d6_b01__none,none,memguard,7311863aa70952806ffc,1,0,0,0.7876325845718384,0.21236741542816162
PETS_CREDIT_low_eff_su2_r1_d6_b01__none,none,memguard,0ffd3e39286157b02ad4,1,1,0,0.784744381904602,0.21525564789772034
PETS_CREDIT_low_eff_su2_r1_d6_b01__none,none,memguard,dfc3621c683cc1e703cf,1,1,0,0.7517155408859253,0.2482844740152359
PETS_CREDIT_low_eff_su2_r1_d6_b01__none,none,memguard,f073d35785cf76f1409c,1,1,0,0.7706594467163086,0.229340597987175
PETS_CREDIT_low_eff_su2_r1_d6_b01__none,none,memguard,7673e8a0f0b037cc51e5,1,0,0,0.7697281241416931,0.23027192056179047
PETS_CREDIT_low_eff_su2_r1_d6_b01__none,none,memguard,ce8a11f272895da8cd7f,1,0,0,0.7843742370605469,0.2156258076429367
PETS_CREDIT_low_eff_su2_r1_d6_b01__none,none,memguard,b0f47ae4b56b3aa4d111,1,0,0,0.7816925644874573,0.21830745041370392
PETS_CREDIT_low_eff_su2_r1_d6_b01__none,none,memguard,49b15e9ec4784be42cd2,1,0,0,0.7620764374732971,0.23792356252670288
PETS_CREDIT_low_eff_su2_r1_d6_b01__none,none,memguard,a62d80fa1349c54517ce,1,1,0,0.7446392178535461,0.25536084175109863
PETS_CREDIT_low_eff_su2_r1_d6_b01__none,none,memguard,f3ca91dd8e5aba8d83d9,1,0,0,0.7731485366821289,0.22685150802135468
PETS_CREDIT_low_eff_su2_r1_d6_b01__none,none,memguard,196d92dfff0523a23237,1,1,0,0.7529013752937317,0.2470986247062683
PETS_CREDIT_low_eff_su2_r1_d6_b01__none,none,memguard,c9e5785745f04cec0d37,1,0,0,0.7870210409164429,0.21297897398471832
PETS_CREDIT_low_eff_su2_r1_d6_b01__none,none,memguard,a5628044ec0880a52490,1,0,0,0.7481393218040466,0.25186070799827576
PETS_CREDIT_low_eff_su2_r1_d6_b01__none,none,memguard,d9170d275d5e05922e82,1,0,0,0.7743508815765381,0.2256491780281067
PETS_CREDIT_low_eff_su2_r1_d6_b01__none,none,memguard,988a4b4dcb53bafffb01,1,0,0,0.7882620692253113,0.21173794567584991
PETS_CREDIT_low_eff_su2_r1_d6_b01__none,none,memguard,52f455fd245c9327442c,1,0,0,0.7682058811187744,0.23179404437541962
PETS_CREDIT_low_eff_su2_r1_d6_b01__none,none,memguard,418dd0dffa2f4aacf5a8,1,0,0,0.7550435662269592,0.24495643377304077
PETS_CREDIT_low_eff_su2_r1_d6_b01__none,none,memguard,c053f623dd8f2bfb7915,1,1,0,0.7726390361785889,0.22736097872257233
PETS_CREDIT_low_eff_su2_r1_d6_b01__none,none,memguard,f35a2648fd72f049ecda,1,1,0,0.7766628265380859,0.22333720326423645
PETS_CREDIT_low_eff_su2_r1_d6_b01__none,none,memguard,0a09121dee0e5db09dfe,1,1,0,0.7563045024871826,0.24369552731513977
PETS_CREDIT_low_eff_su2_r1_d6_b01__none,none,memguard,bf465d63c434358f77e4,1,0,0,0.7839601039886475,0.21603994071483612
PETS_CREDIT_low_eff_su2_r1_d6_b01__none,none,memguard,6ea2a519a69c09016323,1,0,0,0.7669506072998047,0.2330494523048401
PETS_CREDIT_low_eff_su2_r1_d6_b01__none,none,memguard,2379dd478643b9cc0bc1,1,0,0,0.7810350060462952,0.21896502375602722
PETS_CREDIT_low_eff_su2_r1_d6_b01__none,none,memguard,c75c31af2389cc3a594f,1,0,0,0.7587781548500061,0.2412218153476715
PETS_CREDIT_low_eff_su2_r1_d6_b01__none,none,memguard,619b46d6086e6aad3d84,1,0,0,0.7877907156944275,0.2122093141078949
PETS_CREDIT_low_eff_su2_r1_d6_b01__none,none,memguard,347bd04364dce3c5342e,1,0,0,0.7454463839530945,0.25455358624458313
PETS_CREDIT_low_eff_su2_r1_d6_b01__none,none,memguard,4aa64c627cb9b82d7f42,1,1,0,0.7689766883850098,0.23102334141731262
PETS_CREDIT_low_eff_su2_r1_d6_b01__none,none,memguard,932ae6d0f203c398e4b5,1,0,0,0.7430088520050049,0.25699111819267273
PETS_CREDIT_low_eff_su2_r1_d6_b01__none,none,memguard,aaff47c50ec280d97eda,1,0,0,0.7747025489807129,0.22529743611812592
PETS_CREDIT_low_eff_su2_r1_d6_b01__none,none,memguard,7be2869c238aa35d440a,1,1,0,0.774993896484375,0.2250061333179474
PETS_CREDIT_low_eff_su2_r1_d6_b01__none,none,memguard,bacc1c25b75ae0e1b780,1,0,0,0.7814990282058716,0.21850097179412842
PETS_CREDIT_low_eff_su2_r1_d6_b01__none,none,memguard,9fc5fbe55717fe6862a4,1,0,0,0.7448046207427979,0.25519534945487976
PETS_CREDIT_low_eff_su2_r1_d6_b01__none,none,memguard,00405a37dd709b2d51a8,1,0,0,0.783663809299469,0.21633611619472504
PETS_CREDIT_low_eff_su2_r1_d6_b01__none,none,memguard,01e7168ae2a624ff9916,1,1,0,0.7616591453552246,0.23834088444709778
PETS_CREDIT_low_eff_su2_r1_d6_b01__none,none,memguard,c8a7bd1cd35ba1e89b80,1,0,0,0.7682395577430725,0.23176048696041107
PETS_CREDIT_low_eff_su2_r1_d6_b01__none,none,memguard,877b93e6aa8797d2cd0b,1,0,0,0.7676492929458618,0.23235075175762177
PETS_CREDIT_low_eff_su2_r1_d6_b01__none,none,memguard,6dcf5bf2e9c47f5b5091,1,0,0,0.767249345779419,0.23275065422058105
PETS_CREDIT_low_eff_su2_r1_d6_b01__none,none,memguard,c50e57ca37a497df3a13,1,0,0,0.7877614498138428,0.21223847568035126
PETS_CREDIT_low_eff_su2_r1_d6_b01__none,none,memguard,39c00d7f6c47885c6fc2,1,1,0,0.763920247554779,0.23607979714870453
PETS_CREDIT_low_eff_su2_r1_d6_b01__none,none,memguard,e3e282f64bed70282149,1,0,0,0.7733109593391418,0.22668901085853577
PETS_CREDIT_low_eff_su2_r1_d6_b01__none,none,memguard,5383d08662564ec7ab0d,1,0,0,0.7681175470352173,0.23188242316246033
PETS_CREDIT_low_eff_su2_r1_d6_b01__none,none,memguard,e030c0aa4ae0f1011f2f,1,0,0,0.782042384147644,0.21795764565467834
PETS_CREDIT_low_eff_su2_r1_d6_b01__none,none,memguard,1819fe5c399a17316fee,1,0,0,0.7903122901916504,0.20968763530254364
PETS_CREDIT_low_eff_su2_r1_d6_b01__none,none,memguard,d75c3e52dbcaf5a5ec2a,1,0,0,0.7523047924041748,0.2476952075958252
PETS_CREDIT_low_eff_su2_r1_d6_b01__none,none,memguard,a1b01a469dc7802f51d3,1,0,0,0.7774479389190674,0.22255204617977142
PETS_CREDIT_low_eff_su2_r1_d6_b01__none,none,memguard,a9752ae3047aff503fb3,1,1,0,0.7810541391372681,0.21894590556621552
PETS_CREDIT_low_eff_su2_r1_d6_b01__none,none,memguard,85bbf6f61dd23b95b6e7,1,0,0,0.7705098986625671,0.22949013113975525
PETS_CREDIT_low_eff_su2_r1_d6_b01__none,none,memguard,1313972ddf1c6e9eb2c9,1,0,1,0.24380913376808167,0.756190836429596
PETS_CREDIT_low_eff_su2_r1_d6_b01__none,none,memguard,ab00e756b29c98fd6674,1,0,0,0.761975884437561,0.23802408576011658
PETS_CREDIT_low_eff_su2_r1_d6_b01__none,none,memguard,4b8fbfef25d81e60d4a6,1,0,0,0.7779514193534851,0.22204861044883728
PETS_CREDIT_low_eff_su2_r1_d6_b01__none,none,memguard,e0b33cacbadcac9f3d26,1,1,0,0.754116952419281,0.245883047580719
PETS_CREDIT_low_eff_su2_r1_d6_b01__none,none,memguard,f05df67fe5ac7ed38643,1,0,0,0.7897469401359558,0.2102530598640442
PETS_CREDIT_low_eff_su2_r1_d6_b01__none,none,memguard,5f9c02f5ec03a28e4f53,1,0,0,0.7510349750518799,0.2489650398492813
PETS_CREDIT_low_eff_su2_r1_d6_b01__none,none,memguard,c2f9d20d5b53c00ef5f4,1,0,0,0.7759787440299988,0.2240213006734848
PETS_CREDIT_low_eff_su2_r1_d6_b01__none,none,memguard,cec5a851be4f6e7c0887,1,0,0,0.7748684883117676,0.22513151168823242
PETS_CREDIT_low_eff_su2_r1_d6_b01__none,none,memguard,402e2e33d278085f817f,1,0,0,0.7716437578201294,0.2283562421798706
PETS_CREDIT_low_eff_su2_r1_d6_b01__none,none,memguard,4df4658f2eb41564da87,1,0,0,0.7642489075660706,0.23575109243392944
PETS_CREDIT_low_eff_su2_r1_d6_b01__none,none,memguard,b2afd8ac93139c6436ca,0,1,0,0.7716132402420044,0.22838672995567322
PETS_CREDIT_low_eff_su2_r1_d6_b01__none,none,memguard,6a05ad28a1fdde9b37a0,0,0,0,0.7682141661643982,0.2317858636379242
PETS_CREDIT_low_eff_su2_r1_d6_b01__none,none,memguard,f2ee369cdc3625e84402,0,1,0,0.7740580439567566,0.2259419709444046
PETS_CREDIT_low_eff_su2_r1_d6_b01__none,none,memguard,ed23b85566b3c29eb402,0,0,0,0.7608279585838318,0.2391720414161682
PETS_CREDIT_low_eff_su2_r1_d6_b01__none,none,memguard,952fc09bd28a9501f067,0,0,0,0.7911890745162964,0.2088109701871872
PETS_CREDIT_low_eff_su2_r1_d6_b01__none,none,memguard,2482d33087029d45a132,0,0,0,0.7491621375083923,0.2508378326892853
PETS_CREDIT_low_eff_su2_r1_d6_b01__none,none,memguard,77bd1f5032833eb7273a,0,0,0,0.7714008688926697,0.2285991758108139
PETS_CREDIT_low_eff_su2_r1_d6_b01__none,none,memguard,10857fff110d97bd3529,0,1,1,0.2415275275707245,0.7584724426269531
PETS_CREDIT_low_eff_su2_r1_d6_b01__none,none,memguard,6d9336fba414d9de6ac7,0,0,0,0.7680721879005432,0.2319278120994568
PETS_CREDIT_low_eff_su2_r1_d6_b01__none,none,memguard,d6c8d45da14422740d61,0,0,0,0.7735235691070557,0.22647644579410553
PETS_CREDIT_low_eff_su2_r1_d6_b01__none,none,memguard,59023d919d8b02411eba,0,0,0,0.7561962008476257,0.2438037246465683
PETS_CREDIT_low_eff_su2_r1_d6_b01__none,none,memguard,b879cfcb02d4d81aeba4,0,0,0,0.748476505279541,0.2515234649181366
PETS_CREDIT_low_eff_su2_r1_d6_b01__none,none,memguard,3b2a390113c4d06485dc,0,0,1,0.25302746891975403,0.7469725608825684
PETS_CREDIT_low_eff_su2_r1_d6_b01__none,none,memguard,8571d45bb39f427604ed,0,0,0,0.7765190005302429,0.22348104417324066
PETS_CREDIT_low_eff_su2_r1_d6_b01__none,none,memguard,361e8f44b1d1611bef7b,0,1,0,0.7795209884643555,0.22047901153564453
PETS_CREDIT_low_eff_su2_r1_d6_b01__none,none,memguard,d7e4461c953d3771c6a7,0,0,0,0.7830987572669983,0.2169012725353241
PETS_CREDIT_low_eff_su2_r1_d6_b01__none,none,memguard,ec68553efb16cb1101b4,0,0,0,0.751758337020874,0.24824166297912598
PETS_CREDIT_low_eff_su2_r1_d6_b01__none,none,memguard,dabd46f07ecd327df2fa,0,0,0,0.7837973833084106,0.21620258688926697
PETS_CREDIT_low_eff_su2_r1_d6_b01__none,none,memguard,24ddc25e1ea6b7792cd0,0,0,0,0.7710132598876953,0.2289867401123047
PETS_CREDIT_low_eff_su2_r1_d6_b01__none,none,memguard,fa88e107f343c7d476d5,0,0,0,0.7637742757797241,0.2362256944179535
PETS_CREDIT_low_eff_su2_r1_d6_b01__none,none,memguard,640d06e42b5ea011ade8,0,0,0,0.7733737230300903,0.22662630677223206
PETS_CREDIT_low_eff_su2_r1_d6_b01__none,none,memguard,a36d92b052080609dee1,0,0,0,0.77999347448349,0.22000651061534882
PETS_CREDIT_low_eff_su2_r1_d6_b01__none,none,memguard,5a9fcf838ed30a3aac42,0,1,0,0.7488099336624146,0.25119009613990784
PETS_CREDIT_low_eff_su2_r1_d6_b01__none,none,memguard,cb1682c8107d45afcade,0,0,0,0.7747094035148621,0.22529062628746033
PETS_CREDIT_low_eff_su2_r1_d6_b01__none,none,memguard,9f0ccb4eb0a2a0319524,0,1,0,0.7711962461471558,0.22880367934703827
PETS_CREDIT_low_eff_su2_r1_d6_b01__none,none,memguard,51a20249bac3fb051d8a,0,0,0,0.7879914045333862,0.21200865507125854
PETS_CREDIT_low_eff_su2_r1_d6_b01__none,none,memguard,3b9ae330b918d841d986,0,0,0,0.757453203201294,0.24254678189754486
PETS_CREDIT_low_eff_su2_r1_d6_b01__none,none,memguard,d3f4ebd9602fecf775a2,0,0,0,0.7749007344245911,0.22509928047657013
PETS_CREDIT_low_eff_su2_r1_d6_b01__none,none,memguard,6aa234f97819dd051df4,0,1,0,0.7676116228103638,0.23238839209079742
PETS_CREDIT_low_eff_su2_r1_d6_b01__none,none,memguard,6146ee4e50398bd2590b,0,0,0,0.7675411701202393,0.23245881497859955
PETS_CREDIT_low_eff_su2_r1_d6_b01__none,none,memguard,fa640d7805f9d82a715b,0,1,0,0.7841030955314636,0.21589688956737518
PETS_CREDIT_low_eff_su2_r1_d6_b01__none,none,memguard,952bdb913d2d4c348219,0,0,0,0.785370409488678,0.21462957561016083
PETS_CREDIT_low_eff_su2_r1_d6_b01__none,none,memguard,23fa7db2ef3f6def0edb,0,0,0,0.7705790400505066,0.22942093014717102
PETS_CREDIT_low_eff_su2_r1_d6_b01__none,none,memguard,6b7219cfa53e1ae4e686,0,0,0,0.772256076335907,0.2277439534664154
PETS_CREDIT_low_eff_su2_r1_d6_b01__none,none,memguard,aced89ae11db5855474b,0,0,0,0.7886722683906555,0.2113277018070221
PETS_CREDIT_low_eff_su2_r1_d6_b01__none,none,memguard,ca9d19862c77009f5491,0,0,0,0.7860382795333862,0.21396175026893616
PETS_CREDIT_low_eff_su2_r1_d6_b01__none,none,memguard,4d1823ffdb815ae6ecb7,0,0,0,0.7729018926620483,0.22709812223911285
PETS_CREDIT_low_eff_su2_r1_d6_b01__none,none,memguard,f28c583d896798880d4b,0,1,0,0.7555073499679565,0.24449262022972107
PETS_CREDIT_low_eff_su2_r1_d6_b01__none,none,memguard,6bb99c2791ed089335c3,0,0,0,0.7762688398361206,0.22373120486736298
PETS_CREDIT_low_eff_su2_r1_d6_b01__none,none,memguard,cb3611b4495a37479ca8,0,0,0,0.7664581537246704,0.2335418462753296
PETS_CREDIT_low_eff_su2_r1_d6_b01__none,none,memguard,e935e8aae78e46bb055f,0,0,0,0.750893235206604,0.249106764793396
PETS_CREDIT_low_eff_su2_r1_d6_b01__none,none,memguard,a3ca0fb9a2bb66673aca,0,0,0,0.7654555439949036,0.23454447090625763
PETS_CREDIT_low_eff_su2_r1_d6_b01__none,none,memguard,ea462e2d261554f47693,0,0,0,0.763199508190155,0.23680046200752258
PETS_CREDIT_low_eff_su2_r1_d6_b01__none,none,memguard,89f33d9f24d34571b521,0,0,0,0.7907777428627014,0.20922225713729858
PETS_CREDIT_low_eff_su2_r1_d6_b01__none,none,memguard,9cb0a075ed3b1940a582,0,0,0,0.744388997554779,0.25561103224754333
PETS_CREDIT_low_eff_su2_r1_d6_b01__none,none,memguard,e0ac38996eb0bdc23a98,0,0,0,0.7706347107887268,0.22936521470546722
PETS_CREDIT_low_eff_su2_r1_d6_b01__none,none,memguard,8e8cdc6e5cd89c5db921,0,1,0,0.7551519870758057,0.24484804272651672
PETS_CREDIT_low_eff_su2_r1_d6_b01__none,none,memguard,3600cc2df2f41f06dd9f,0,0,0,0.7715905904769897,0.22840942442417145
PETS_CREDIT_low_eff_su2_r1_d6_b01__none,none,memguard,62b1f018472ab0cad11c,0,1,0,0.7529182434082031,0.24708178639411926
PETS_CREDIT_low_eff_su2_r1_d6_b01__none,none,memguard,69bf508473b2bb6fabc5,0,0,0,0.7709084749221802,0.22909153997898102
PETS_CREDIT_low_eff_su2_r1_d6_b01__none,none,memguard,f1c0204d151bcd56dd44,0,0,0,0.7843490242958069,0.2156510353088379
PETS_CREDIT_low_eff_su2_r1_d6_b01__none,none,memguard,afae12f9bd1a7c209ed4,0,0,0,0.7653483152389526,0.23465165495872498
PETS_CREDIT_low_eff_su2_r1_d6_b01__none,none,memguard,12bf473aaa3440c8b5ff,0,1,0,0.7631667256355286,0.23683327436447144
PETS_CREDIT_low_eff_su2_r1_d6_b01__none,none,memguard,2c42554fc21e34e31618,0,0,0,0.7520995140075684,0.24790051579475403
PETS_CREDIT_low_eff_su2_r1_d6_b01__none,none,memguard,eeb7e3f1ff005ef7d74d,0,0,0,0.7878865599632263,0.21211344003677368
PETS_CREDIT_low_eff_su2_r1_d6_b01__none,none,memguard,b70a187f814bb3f6b896,0,0,0,0.7607778906822205,0.23922209441661835
PETS_CREDIT_low_eff_su2_r1_d6_b01__none,none,memguard,69963fd40681d7eb779e,0,1,0,0.7891270518302917,0.21087294816970825
PETS_CREDIT_low_eff_su2_r1_d6_b01__none,none,memguard,706df103f86b667d27c8,0,0,0,0.7857571840286255,0.21424274146556854
PETS_CREDIT_low_eff_su2_r1_d6_b01__none,none,memguard,6c189be9b000597df02b,0,0,0,0.7677851319313049,0.23221489787101746
PETS_CREDIT_low_eff_su2_r1_d6_b01__none,none,memguard,23c9aff9c3cb7e74418f,0,0,0,0.7434840798377991,0.2565159499645233
PETS_CREDIT_low_eff_su2_r1_d6_b01__none,none,memguard,9e00c9a73f8502e1beb6,0,0,0,0.7740606069564819,0.22593937814235687
PETS_CREDIT_low_eff_su2_r1_d6_b01__none,none,memguard,e64f4ae98dbe9cbf0e78,0,0,0,0.7791470289230347,0.22085295617580414
PETS_CREDIT_low_eff_su2_r1_d6_b01__none,none,memguard,da9134b43c13f8ea3eaf,0,1,0,0.7681981325149536,0.23180189728736877
PETS_CREDIT_low_eff_su2_r1_d6_b01__none,none,memguard,faaca9baf33f8afbd931,0,1,0,0.7456749677658081,0.2543250620365143
PETS_CREDIT_low_eff_su2_r1_d6_b01__none,none,memguard,07849266aa8f190a63f2,0,1,0,0.746650755405426,0.2533492147922516
PETS_CREDIT_low_eff_su2_r1_d6_b01__none,none,memguard,9806bdd560ccf88a9b56,0,0,0,0.7816406488418579,0.2183593362569809
PETS_CREDIT_low_eff_su2_r1_d6_b01__none,none,memguard,a524ab5db22ecc35929f,0,0,0,0.7720699310302734,0.22793006896972656
PETS_CREDIT_low_eff_su2_r1_d6_b01__none,none,memguard,5d3f74cb6c8c84f1c7a9,0,1,0,0.7571576237678528,0.2428424060344696
PETS_CREDIT_low_eff_su2_r1_d6_b01__none,none,memguard,71e1a80803ef248649c3,0,1,0,0.7881970405578613,0.21180292963981628
PETS_CREDIT_low_eff_su2_r1_d6_b01__none,none,memguard,49e93fd29796be2e21ed,0,1,0,0.7660767436027527,0.23392325639724731
PETS_CREDIT_low_eff_su2_r1_d6_b01__none,none,memguard,128796eb2bd785357a42,0,1,0,0.7639860510826111,0.2360140085220337
PETS_CREDIT_low_eff_su2_r1_d6_b01__none,none,memguard,2478313b949e4a19fec5,0,0,0,0.789927065372467,0.21007296442985535
PETS_CREDIT_low_eff_su2_r1_d6_b01__none,none,memguard,1de5fd2a3f26ba72a9c1,0,0,0,0.7704897522926331,0.22951026260852814
PETS_CREDIT_low_eff_su2_r1_d6_b01__none,none,memguard,b6a7132e5db71a8c2b53,0,0,0,0.7572580575942993,0.2427419275045395
PETS_CREDIT_low_eff_su2_r1_d6_b01__none,none,memguard,cca86135655a3f3f0727,0,0,0,0.7520456314086914,0.24795439839363098
PETS_CREDIT_low_eff_su2_r1_d6_b01__none,none,memguard,05cfc0ff414af47c03a5,0,0,0,0.7610775232315063,0.23892249166965485
PETS_CREDIT_low_eff_su2_r1_d6_b01__none,none,memguard,86ae722f0d37f010ada6,0,0,0,0.7790260910987854,0.220973938703537
PETS_CREDIT_low_eff_su2_r1_d6_b01__none,none,memguard,be9bfaf596c94c10a528,0,0,0,0.7655408382415771,0.23445920646190643
PETS_CREDIT_low_eff_su2_r1_d6_b01__none,none,memguard,e60d07bd2196508fe656,0,0,0,0.7435939311981201,0.2564060389995575
PETS_CREDIT_low_eff_su2_r1_d6_b01__none,none,memguard,38b74132b04f4f54702c,0,1,0,0.7503606677055359,0.2496393322944641
PETS_CREDIT_low_eff_su2_r1_d6_b01__none,none,memguard,34cd383be85fcb382ea6,0,0,0,0.7780844569206238,0.2219155728816986
PETS_CREDIT_low_eff_su2_r1_d6_b01__none,none,memguard,5f861fea617a3ee7da16,0,0,0,0.7819167971611023,0.2180832028388977
PETS_CREDIT_low_eff_su2_r1_d6_b01__none,none,memguard,c026d0cfa5b1e35d07fe,0,1,0,0.7539020776748657,0.2460978925228119
PETS_CREDIT_low_eff_su2_r1_d6_b01__none,none,memguard,9d22795430fd2e16c8dc,0,1,0,0.7481005191802979,0.25189951062202454
PETS_CREDIT_low_eff_su2_r1_d6_b01__none,none,memguard,5c7d8f33e88909bece76,0,0,0,0.7468174695968628,0.2531825006008148
PETS_CREDIT_low_eff_su2_r1_d6_b01__none,none,memguard,7cca6a89daa8ec654b93,0,0,0,0.7677651047706604,0.232234925031662
PETS_CREDIT_low_eff_su2_r1_d6_b01__none,none,memguard,69d9f267431b625e3ab6,0,1,0,0.7781075835227966,0.22189238667488098
PETS_CREDIT_low_eff_su2_r1_d6_b01__none,none,memguard,c684bddcfbca03359777,0,1,0,0.7653737664222717,0.23462624847888947
PETS_CREDIT_low_eff_su2_r1_d6_b01__none,none,memguard,d186b88534c1a687d1fd,0,0,0,0.7882494926452637,0.21175053715705872
PETS_CREDIT_low_eff_su2_r1_d6_b01__none,none,memguard,bd462eab4ac062244f72,0,0,0,0.7844448685646057,0.2155551165342331
PETS_CREDIT_low_eff_su2_r1_d6_b01__none,none,memguard,f8230eeb11ce4504ac0d,0,0,0,0.7752929925918579,0.22470706701278687
PETS_CREDIT_low_eff_su2_r1_d6_b01__none,none,memguard,5a2759bc40afd8b67be0,0,0,0,0.7674874067306519,0.23251256346702576
PETS_CREDIT_low_eff_su2_r1_d6_b01__none,none,memguard,5c05a4c2ad473664e305,0,0,0,0.7739685773849487,0.22603143751621246
PETS_CREDIT_low_eff_su2_r1_d6_b01__none,none,memguard,454401dbf09cdd915140,0,0,0,0.7527092099189758,0.2472907155752182
PETS_CREDIT_low_eff_su2_r1_d6_b01__none,none,memguard,22b00e614fc8c9d5c74f,0,0,0,0.7904931902885437,0.2095067948102951
PETS_CREDIT_low_eff_su2_r1_d6_b01__none,none,memguard,33f0b58e500322fafc02,0,0,0,0.7867142558097839,0.21328574419021606
PETS_CREDIT_low_eff_su2_r1_d6_b01__none,none,memguard,16f7e23f7aabcd74a31a,0,0,0,0.7787141799926758,0.221285879611969
PETS_CREDIT_low_eff_su2_r1_d6_b01__none,none,memguard,e9aa13f77c0f352b0b1d,0,1,0,0.7430790066719055,0.2569209933280945
PETS_CREDIT_low_eff_su2_r1_d6_b01__none,none,memguard,0f6b78a3676f704d8ccb,0,1,0,0.7568410634994507,0.2431589663028717
PETS_CREDIT_low_eff_su2_r1_d6_b01__none,none,memguard,554005cca9a020862607,0,0,0,0.7515376806259155,0.24846236407756805
PETS_CREDIT_low_eff_su2_r1_d6_b01__none,none,logitguard_continuous,ae429a6a1d645aacb94e,1,0,0,0.7830153703689575,0.2169846147298813
PETS_CREDIT_low_eff_su2_r1_d6_b01__none,none,logitguard_continuous,70d271c728323ea28d90,1,0,0,0.7657240629196167,0.2342759072780609
PETS_CREDIT_low_eff_su2_r1_d6_b01__none,none,logitguard_continuous,434123980ae7f6c38b02,1,0,0,0.7455307841300964,0.2544691860675812
PETS_CREDIT_low_eff_su2_r1_d6_b01__none,none,logitguard_continuous,b84ff32b3c14263b0dd5,1,1,0,0.7815148234367371,0.21848514676094055
PETS_CREDIT_low_eff_su2_r1_d6_b01__none,none,logitguard_continuous,66fa33821884d4568b02,1,0,0,0.770561933517456,0.22943809628486633
PETS_CREDIT_low_eff_su2_r1_d6_b01__none,none,logitguard_continuous,69ef03b5c6f4f7ecef33,1,0,0,0.7631421089172363,0.23685792088508606
PETS_CREDIT_low_eff_su2_r1_d6_b01__none,none,logitguard_continuous,c91e3b5a028c06ad1f92,1,0,0,0.7804774045944214,0.219522625207901
PETS_CREDIT_low_eff_su2_r1_d6_b01__none,none,logitguard_continuous,272c38b1ecd099be7890,1,0,0,0.7719442844390869,0.2280557006597519
PETS_CREDIT_low_eff_su2_r1_d6_b01__none,none,logitguard_continuous,192395141a760795b97a,1,0,0,0.7687994241714478,0.23120057582855225
PETS_CREDIT_low_eff_su2_r1_d6_b01__none,none,logitguard_continuous,ebaf9b6eb6ecde9fb27d,1,0,0,0.7686705589294434,0.23132945597171783
PETS_CREDIT_low_eff_su2_r1_d6_b01__none,none,logitguard_continuous,eaab06e0e9770f0cb322,1,0,0,0.7480362057685852,0.2519637644290924
PETS_CREDIT_low_eff_su2_r1_d6_b01__none,none,logitguard_continuous,09c28941e61886717e09,1,0,0,0.7715851068496704,0.22841492295265198
PETS_CREDIT_low_eff_su2_r1_d6_b01__none,none,logitguard_continuous,092efc45ab978715a8fa,1,0,0,0.769753634929657,0.23024635016918182
PETS_CREDIT_low_eff_su2_r1_d6_b01__none,none,logitguard_continuous,bf5a9031a45524933e21,1,0,0,0.7666975855827332,0.23330242931842804
PETS_CREDIT_low_eff_su2_r1_d6_b01__none,none,logitguard_continuous,e8613e68d8ca2ea9e7fd,1,0,0,0.7656723260879517,0.23432771861553192
PETS_CREDIT_low_eff_su2_r1_d6_b01__none,none,logitguard_continuous,d606f1831b9734bb90e1,1,0,0,0.7779192924499512,0.22208067774772644
PETS_CREDIT_low_eff_su2_r1_d6_b01__none,none,logitguard_continuous,ac5f40db5db91c18a83b,1,1,0,0.7568914294242859,0.2431085705757141
PETS_CREDIT_low_eff_su2_r1_d6_b01__none,none,logitguard_continuous,f97851146238bb9a3754,1,0,0,0.7678074836730957,0.2321925163269043
PETS_CREDIT_low_eff_su2_r1_d6_b01__none,none,logitguard_continuous,d2c3d34fb102babfa194,1,0,0,0.7696914672851562,0.23030856251716614
PETS_CREDIT_low_eff_su2_r1_d6_b01__none,none,logitguard_continuous,81817fc85a01b1cc7dcf,1,0,0,0.7753822803497314,0.22461768984794617
PETS_CREDIT_low_eff_su2_r1_d6_b01__none,none,logitguard_continuous,a55e4e1cd3465563efc4,1,0,0,0.767568826675415,0.23243118822574615
PETS_CREDIT_low_eff_su2_r1_d6_b01__none,none,logitguard_continuous,c0daa10532a8487ca803,1,1,0,0.7624755501747131,0.23752450942993164
PETS_CREDIT_low_eff_su2_r1_d6_b01__none,none,logitguard_continuous,ab97fae957e08270ffce,1,1,0,0.7722416520118713,0.22775837779045105
PETS_CREDIT_low_eff_su2_r1_d6_b01__none,none,logitguard_continuous,0674ce029ebb21d32e38,1,0,0,0.7600454688072205,0.23995451629161835
PETS_CREDIT_low_eff_su2_r1_d6_b01__none,none,logitguard_continuous,fbbb0f469e10095b9cc1,1,0,0,0.7632668614387512,0.23673319816589355
PETS_CREDIT_low_eff_su2_r1_d6_b01__none,none,logitguard_continuous,bfa7b1aca5d187760a16,1,0,0,0.7646870613098145,0.23531290888786316
PETS_CREDIT_low_eff_su2_r1_d6_b01__none,none,logitguard_continuous,26b6a5da65cdaeb8e184,1,0,0,0.762559711933136,0.2374403178691864
PETS_CREDIT_low_eff_su2_r1_d6_b01__none,none,logitguard_continuous,22730a71b34176a3ba37,1,0,0,0.7665128111839294,0.23348721861839294
PETS_CREDIT_low_eff_su2_r1_d6_b01__none,none,logitguard_continuous,356e520dcf3a6473ffb2,1,0,0,0.766252875328064,0.23374710977077484
PETS_CREDIT_low_eff_su2_r1_d6_b01__none,none,logitguard_continuous,e76cce60bc3507d0d7b2,1,0,0,0.7599566578865051,0.24004337191581726
PETS_CREDIT_low_eff_su2_r1_d6_b01__none,none,logitguard_continuous,5584930e99aa4007d628,1,0,0,0.7689459919929504,0.23105403780937195
PETS_CREDIT_low_eff_su2_r1_d6_b01__none,none,logitguard_continuous,7c7fe88dcec806be29da,1,0,0,0.7697349190711975,0.2302650660276413
PETS_CREDIT_low_eff_su2_r1_d6_b01__none,none,logitguard_continuous,9eb158e3cbe5bc901e26,1,1,1,0.24559937417507172,0.7544006109237671
PETS_CREDIT_low_eff_su2_r1_d6_b01__none,none,logitguard_continuous,4e545ca4791d65f44351,1,0,0,0.7712741494178772,0.22872589528560638
PETS_CREDIT_low_eff_su2_r1_d6_b01__none,none,logitguard_continuous,7105743f10682ac4a1cc,1,0,0,0.7805094718933105,0.21949051320552826
PETS_CREDIT_low_eff_su2_r1_d6_b01__none,none,logitguard_continuous,25282b20e9c64236ec4d,1,1,0,0.7663363218307495,0.2336636632680893
PETS_CREDIT_low_eff_su2_r1_d6_b01__none,none,logitguard_continuous,5688d9df8bbfc61d89e9,1,1,0,0.7639840841293335,0.23601588606834412
PETS_CREDIT_low_eff_su2_r1_d6_b01__none,none,logitguard_continuous,8f95586c1c6fb3f2a750,1,1,0,0.7657744288444519,0.23422560095787048
PETS_CREDIT_low_eff_su2_r1_d6_b01__none,none,logitguard_continuous,6c0e663b6848864dc914,1,0,0,0.7656376361846924,0.23436239361763
PETS_CREDIT_low_eff_su2_r1_d6_b01__none,none,logitguard_continuous,07d4d260e30d7cf5b71f,1,0,0,0.7711517810821533,0.22884824872016907
PETS_CREDIT_low_eff_su2_r1_d6_b01__none,none,logitguard_continuous,5cb75d859aa2d3df94b0,1,0,0,0.7675450444221497,0.23245495557785034
PETS_CREDIT_low_eff_su2_r1_d6_b01__none,none,logitguard_continuous,c536d8f2ff559c7756e7,1,0,0,0.7694673538208008,0.2305326759815216
PETS_CREDIT_low_eff_su2_r1_d6_b01__none,none,logitguard_continuous,d8e3c3c718aea110b2d9,1,0,0,0.7665325403213501,0.23346742987632751
PETS_CREDIT_low_eff_su2_r1_d6_b01__none,none,logitguard_continuous,7311863aa70952806ffc,1,0,0,0.7779483199119568,0.2220516800880432
PETS_CREDIT_low_eff_su2_r1_d6_b01__none,none,logitguard_continuous,0ffd3e39286157b02ad4,1,1,0,0.7692825794219971,0.23071740567684174
PETS_CREDIT_low_eff_su2_r1_d6_b01__none,none,logitguard_continuous,dfc3621c683cc1e703cf,1,1,0,0.7592116594314575,0.24078837037086487
PETS_CREDIT_low_eff_su2_r1_d6_b01__none,none,logitguard_continuous,f073d35785cf76f1409c,1,1,0,0.7640413045883179,0.23595868051052094
PETS_CREDIT_low_eff_su2_r1_d6_b01__none,none,logitguard_continuous,7673e8a0f0b037cc51e5,1,0,0,0.7679993510246277,0.2320007085800171
PETS_CREDIT_low_eff_su2_r1_d6_b01__none,none,logitguard_continuous,ce8a11f272895da8cd7f,1,0,0,0.7668703198432922,0.23312966525554657
PETS_CREDIT_low_eff_su2_r1_d6_b01__none,none,logitguard_continuous,b0f47ae4b56b3aa4d111,1,0,0,0.7543222308158875,0.24567779898643494
PETS_CREDIT_low_eff_su2_r1_d6_b01__none,none,logitguard_continuous,49b15e9ec4784be42cd2,1,0,0,0.7604765295982361,0.2395234853029251
PETS_CREDIT_low_eff_su2_r1_d6_b01__none,none,logitguard_continuous,a62d80fa1349c54517ce,1,1,0,0.7634727954864502,0.23652717471122742
PETS_CREDIT_low_eff_su2_r1_d6_b01__none,none,logitguard_continuous,f3ca91dd8e5aba8d83d9,1,0,0,0.7676125764846802,0.2323874533176422
PETS_CREDIT_low_eff_su2_r1_d6_b01__none,none,logitguard_continuous,196d92dfff0523a23237,1,1,0,0.7819701433181763,0.2180299013853073
PETS_CREDIT_low_eff_su2_r1_d6_b01__none,none,logitguard_continuous,c9e5785745f04cec0d37,1,0,0,0.7772776484489441,0.22272233664989471
PETS_CREDIT_low_eff_su2_r1_d6_b01__none,none,logitguard_continuous,a5628044ec0880a52490,1,0,0,0.7682179808616638,0.23178203403949738
PETS_CREDIT_low_eff_su2_r1_d6_b01__none,none,logitguard_continuous,d9170d275d5e05922e82,1,0,0,0.7675141096115112,0.23248592019081116
PETS_CREDIT_low_eff_su2_r1_d6_b01__none,none,logitguard_continuous,988a4b4dcb53bafffb01,1,0,0,0.7698289155960083,0.2301711142063141
PETS_CREDIT_low_eff_su2_r1_d6_b01__none,none,logitguard_continuous,52f455fd245c9327442c,1,0,0,0.7717584371566772,0.22824156284332275
PETS_CREDIT_low_eff_su2_r1_d6_b01__none,none,logitguard_continuous,418dd0dffa2f4aacf5a8,1,0,0,0.7648376822471619,0.2351623773574829
PETS_CREDIT_low_eff_su2_r1_d6_b01__none,none,logitguard_continuous,c053f623dd8f2bfb7915,1,1,0,0.7651911973953247,0.2348088175058365
PETS_CREDIT_low_eff_su2_r1_d6_b01__none,none,logitguard_continuous,f35a2648fd72f049ecda,1,1,0,0.7686200737953186,0.2313799262046814
PETS_CREDIT_low_eff_su2_r1_d6_b01__none,none,logitguard_continuous,0a09121dee0e5db09dfe,1,1,0,0.7598404288291931,0.24015961587429047
PETS_CREDIT_low_eff_su2_r1_d6_b01__none,none,logitguard_continuous,bf465d63c434358f77e4,1,0,0,0.7693018913269043,0.2306981235742569
PETS_CREDIT_low_eff_su2_r1_d6_b01__none,none,logitguard_continuous,6ea2a519a69c09016323,1,0,0,0.7556939721107483,0.24430601298809052
PETS_CREDIT_low_eff_su2_r1_d6_b01__none,none,logitguard_continuous,2379dd478643b9cc0bc1,1,0,0,0.7639687061309814,0.23603127896785736
PETS_CREDIT_low_eff_su2_r1_d6_b01__none,none,logitguard_continuous,c75c31af2389cc3a594f,1,0,0,0.7681210041046143,0.23187899589538574
PETS_CREDIT_low_eff_su2_r1_d6_b01__none,none,logitguard_continuous,619b46d6086e6aad3d84,1,0,0,0.7710920572280884,0.228907972574234
PETS_CREDIT_low_eff_su2_r1_d6_b01__none,none,logitguard_continuous,347bd04364dce3c5342e,1,0,0,0.7631098031997681,0.23689021170139313
PETS_CREDIT_low_eff_su2_r1_d6_b01__none,none,logitguard_continuous,4aa64c627cb9b82d7f42,1,1,0,0.7669475078582764,0.23305247724056244
PETS_CREDIT_low_eff_su2_r1_d6_b01__none,none,logitguard_continuous,932ae6d0f203c398e4b5,1,0,0,0.7664328813552856,0.23356708884239197
PETS_CREDIT_low_eff_su2_r1_d6_b01__none,none,logitguard_continuous,aaff47c50ec280d97eda,1,0,0,0.7690127491950989,0.23098722100257874
PETS_CREDIT_low_eff_su2_r1_d6_b01__none,none,logitguard_continuous,7be2869c238aa35d440a,1,1,0,0.7526320219039917,0.2473679482936859
PETS_CREDIT_low_eff_su2_r1_d6_b01__none,none,logitguard_continuous,bacc1c25b75ae0e1b780,1,0,0,0.7723960280418396,0.2276039868593216
PETS_CREDIT_low_eff_su2_r1_d6_b01__none,none,logitguard_continuous,9fc5fbe55717fe6862a4,1,0,0,0.7753495573997498,0.22465047240257263
PETS_CREDIT_low_eff_su2_r1_d6_b01__none,none,logitguard_continuous,00405a37dd709b2d51a8,1,0,0,0.7669520378112793,0.2330479621887207
PETS_CREDIT_low_eff_su2_r1_d6_b01__none,none,logitguard_continuous,01e7168ae2a624ff9916,1,1,0,0.7640073895454407,0.2359926402568817
PETS_CREDIT_low_eff_su2_r1_d6_b01__none,none,logitguard_continuous,c8a7bd1cd35ba1e89b80,1,0,0,0.7674675583839417,0.23253244161605835
PETS_CREDIT_low_eff_su2_r1_d6_b01__none,none,logitguard_continuous,877b93e6aa8797d2cd0b,1,0,0,0.7574660778045654,0.24253396689891815
PETS_CREDIT_low_eff_su2_r1_d6_b01__none,none,logitguard_continuous,6dcf5bf2e9c47f5b5091,1,0,0,0.7680875062942505,0.23191247880458832
PETS_CREDIT_low_eff_su2_r1_d6_b01__none,none,logitguard_continuous,c50e57ca37a497df3a13,1,0,0,0.7624560594558716,0.23754391074180603
PETS_CREDIT_low_eff_su2_r1_d6_b01__none,none,logitguard_continuous,39c00d7f6c47885c6fc2,1,1,0,0.7656531929969788,0.23434685170650482
PETS_CREDIT_low_eff_su2_r1_d6_b01__none,none,logitguard_continuous,e3e282f64bed70282149,1,0,0,0.7663024067878723,0.23369765281677246
PETS_CREDIT_low_eff_su2_r1_d6_b01__none,none,logitguard_continuous,5383d08662564ec7ab0d,1,0,0,0.7653869986534119,0.23461298644542694
PETS_CREDIT_low_eff_su2_r1_d6_b01__none,none,logitguard_continuous,e030c0aa4ae0f1011f2f,1,0,0,0.7656606435775757,0.2343393713235855
PETS_CREDIT_low_eff_su2_r1_d6_b01__none,none,logitguard_continuous,1819fe5c399a17316fee,1,0,0,0.770779550075531,0.2292204350233078
PETS_CREDIT_low_eff_su2_r1_d6_b01__none,none,logitguard_continuous,d75c3e52dbcaf5a5ec2a,1,0,0,0.7639449238777161,0.23605506122112274
PETS_CREDIT_low_eff_su2_r1_d6_b01__none,none,logitguard_continuous,a1b01a469dc7802f51d3,1,0,0,0.7674695253372192,0.23253044486045837
PETS_CREDIT_low_eff_su2_r1_d6_b01__none,none,logitguard_continuous,a9752ae3047aff503fb3,1,1,0,0.7778843641281128,0.22211560606956482
PETS_CREDIT_low_eff_su2_r1_d6_b01__none,none,logitguard_continuous,85bbf6f61dd23b95b6e7,1,0,0,0.7715328931808472,0.22846713662147522
PETS_CREDIT_low_eff_su2_r1_d6_b01__none,none,logitguard_continuous,1313972ddf1c6e9eb2c9,1,0,1,0.22016213834285736,0.7798378467559814
PETS_CREDIT_low_eff_su2_r1_d6_b01__none,none,logitguard_continuous,ab00e756b29c98fd6674,1,0,0,0.777849018573761,0.22215090692043304
PETS_CREDIT_low_eff_su2_r1_d6_b01__none,none,logitguard_continuous,4b8fbfef25d81e60d4a6,1,0,0,0.768900454044342,0.23109957575798035
PETS_CREDIT_low_eff_su2_r1_d6_b01__none,none,logitguard_continuous,e0b33cacbadcac9f3d26,1,1,0,0.7747694253921509,0.2252306044101715
PETS_CREDIT_low_eff_su2_r1_d6_b01__none,none,logitguard_continuous,f05df67fe5ac7ed38643,1,0,0,0.7821035385131836,0.2178965061903
PETS_CREDIT_low_eff_su2_r1_d6_b01__none,none,logitguard_continuous,5f9c02f5ec03a28e4f53,1,0,0,0.7599517703056335,0.24004825949668884
PETS_CREDIT_low_eff_su2_r1_d6_b01__none,none,logitguard_continuous,c2f9d20d5b53c00ef5f4,1,0,0,0.7638135552406311,0.2361864447593689
PETS_CREDIT_low_eff_su2_r1_d6_b01__none,none,logitguard_continuous,cec5a851be4f6e7c0887,1,0,0,0.76976478099823,0.2302352339029312
PETS_CREDIT_low_eff_su2_r1_d6_b01__none,none,logitguard_continuous,402e2e33d278085f817f,1,0,0,0.7591434717178345,0.24085649847984314
PETS_CREDIT_low_eff_su2_r1_d6_b01__none,none,logitguard_continuous,4df4658f2eb41564da87,1,0,0,0.7714593410491943,0.22854070365428925
PETS_CREDIT_low_eff_su2_r1_d6_b01__none,none,logitguard_continuous,b2afd8ac93139c6436ca,0,1,0,0.7614076733589172,0.23859237134456635
PETS_CREDIT_low_eff_su2_r1_d6_b01__none,none,logitguard_continuous,6a05ad28a1fdde9b37a0,0,0,0,0.7717671394348145,0.22823283076286316
PETS_CREDIT_low_eff_su2_r1_d6_b01__none,none,logitguard_continuous,f2ee369cdc3625e84402,0,1,0,0.7679011821746826,0.23209881782531738
PETS_CREDIT_low_eff_su2_r1_d6_b01__none,none,logitguard_continuous,ed23b85566b3c29eb402,0,0,0,0.7685850262641907,0.2314150035381317
PETS_CREDIT_low_eff_su2_r1_d6_b01__none,none,logitguard_continuous,952fc09bd28a9501f067,0,0,0,0.7734212279319763,0.22657878696918488
PETS_CREDIT_low_eff_su2_r1_d6_b01__none,none,logitguard_continuous,2482d33087029d45a132,0,0,0,0.7545385956764221,0.24546140432357788
PETS_CREDIT_low_eff_su2_r1_d6_b01__none,none,logitguard_continuous,77bd1f5032833eb7273a,0,0,0,0.7798006534576416,0.2201993465423584
PETS_CREDIT_low_eff_su2_r1_d6_b01__none,none,logitguard_continuous,10857fff110d97bd3529,0,1,1,0.2437412291765213,0.7562587857246399
PETS_CREDIT_low_eff_su2_r1_d6_b01__none,none,logitguard_continuous,6d9336fba414d9de6ac7,0,0,0,0.7818109393119812,0.2181890457868576
PETS_CREDIT_low_eff_su2_r1_d6_b01__none,none,logitguard_continuous,d6c8d45da14422740d61,0,0,0,0.7665258646011353,0.23347416520118713
PETS_CREDIT_low_eff_su2_r1_d6_b01__none,none,logitguard_continuous,59023d919d8b02411eba,0,0,0,0.7768673300743103,0.2231326401233673
PETS_CREDIT_low_eff_su2_r1_d6_b01__none,none,logitguard_continuous,b879cfcb02d4d81aeba4,0,0,0,0.7687196731567383,0.2312803566455841
PETS_CREDIT_low_eff_su2_r1_d6_b01__none,none,logitguard_continuous,3b2a390113c4d06485dc,0,0,1,0.23968791961669922,0.7603120803833008
PETS_CREDIT_low_eff_su2_r1_d6_b01__none,none,logitguard_continuous,8571d45bb39f427604ed,0,0,0,0.7675294280052185,0.2324705868959427
PETS_CREDIT_low_eff_su2_r1_d6_b01__none,none,logitguard_continuous,361e8f44b1d1611bef7b,0,1,0,0.7682445049285889,0.23175549507141113
PETS_CREDIT_low_eff_su2_r1_d6_b01__none,none,logitguard_continuous,d7e4461c953d3771c6a7,0,0,0,0.7626419067382812,0.23735809326171875
PETS_CREDIT_low_eff_su2_r1_d6_b01__none,none,logitguard_continuous,ec68553efb16cb1101b4,0,0,0,0.7668735980987549,0.23312637209892273
PETS_CREDIT_low_eff_su2_r1_d6_b01__none,none,logitguard_continuous,dabd46f07ecd327df2fa,0,0,0,0.7590198516845703,0.2409801483154297
PETS_CREDIT_low_eff_su2_r1_d6_b01__none,none,logitguard_continuous,24ddc25e1ea6b7792cd0,0,0,0,0.7720735669136047,0.22792641818523407
PETS_CREDIT_low_eff_su2_r1_d6_b01__none,none,logitguard_continuous,fa88e107f343c7d476d5,0,0,0,0.765494704246521,0.2345053255558014
PETS_CREDIT_low_eff_su2_r1_d6_b01__none,none,logitguard_continuous,640d06e42b5ea011ade8,0,0,0,0.7619061470031738,0.23809389770030975
PETS_CREDIT_low_eff_su2_r1_d6_b01__none,none,logitguard_continuous,a36d92b052080609dee1,0,0,0,0.7720802426338196,0.22791975736618042
PETS_CREDIT_low_eff_su2_r1_d6_b01__none,none,logitguard_continuous,5a9fcf838ed30a3aac42,0,1,0,0.7645532488822937,0.2354467213153839
PETS_CREDIT_low_eff_su2_r1_d6_b01__none,none,logitguard_continuous,cb1682c8107d45afcade,0,0,0,0.7654725313186646,0.23452749848365784
PETS_CREDIT_low_eff_su2_r1_d6_b01__none,none,logitguard_continuous,9f0ccb4eb0a2a0319524,0,1,0,0.7639178037643433,0.23608222603797913
PETS_CREDIT_low_eff_su2_r1_d6_b01__none,none,logitguard_continuous,51a20249bac3fb051d8a,0,0,0,0.7712954878807068,0.2287045121192932
PETS_CREDIT_low_eff_su2_r1_d6_b01__none,none,logitguard_continuous,3b9ae330b918d841d986,0,0,0,0.761231541633606,0.23876847326755524
PETS_CREDIT_low_eff_su2_r1_d6_b01__none,none,logitguard_continuous,d3f4ebd9602fecf775a2,0,0,0,0.7609440684318542,0.23905590176582336
PETS_CREDIT_low_eff_su2_r1_d6_b01__none,none,logitguard_continuous,6aa234f97819dd051df4,0,1,0,0.7605104446411133,0.2394895702600479
PETS_CREDIT_low_eff_su2_r1_d6_b01__none,none,logitguard_continuous,6146ee4e50398bd2590b,0,0,0,0.7688270807266235,0.23117288947105408
PETS_CREDIT_low_eff_su2_r1_d6_b01__none,none,logitguard_continuous,fa640d7805f9d82a715b,0,1,0,0.7698510885238647,0.23014888167381287
PETS_CREDIT_low_eff_su2_r1_d6_b01__none,none,logitguard_continuous,952bdb913d2d4c348219,0,0,0,0.769745945930481,0.23025409877300262
PETS_CREDIT_low_eff_su2_r1_d6_b01__none,none,logitguard_continuous,23fa7db2ef3f6def0edb,0,0,0,0.7656569480895996,0.23434309661388397
PETS_CREDIT_low_eff_su2_r1_d6_b01__none,none,logitguard_continuous,6b7219cfa53e1ae4e686,0,0,0,0.7620953917503357,0.2379046082496643
PETS_CREDIT_low_eff_su2_r1_d6_b01__none,none,logitguard_continuous,aced89ae11db5855474b,0,0,0,0.7624236345291138,0.23757639527320862
PETS_CREDIT_low_eff_su2_r1_d6_b01__none,none,logitguard_continuous,ca9d19862c77009f5491,0,0,0,0.7676746249198914,0.23232534527778625
PETS_CREDIT_low_eff_su2_r1_d6_b01__none,none,logitguard_continuous,4d1823ffdb815ae6ecb7,0,0,0,0.762786328792572,0.23721367120742798
PETS_CREDIT_low_eff_su2_r1_d6_b01__none,none,logitguard_continuous,f28c583d896798880d4b,0,1,0,0.7623518109321594,0.23764818906784058
PETS_CREDIT_low_eff_su2_r1_d6_b01__none,none,logitguard_continuous,6bb99c2791ed089335c3,0,0,0,0.7616544961929321,0.23834551870822906
PETS_CREDIT_low_eff_su2_r1_d6_b01__none,none,logitguard_continuous,cb3611b4495a37479ca8,0,0,0,0.7641977071762085,0.2358023077249527
PETS_CREDIT_low_eff_su2_r1_d6_b01__none,none,logitguard_continuous,e935e8aae78e46bb055f,0,0,0,0.771185576915741,0.22881443798542023
PETS_CREDIT_low_eff_su2_r1_d6_b01__none,none,logitguard_continuous,a3ca0fb9a2bb66673aca,0,0,0,0.7686306238174438,0.23136934638023376
PETS_CREDIT_low_eff_su2_r1_d6_b01__none,none,logitguard_continuous,ea462e2d261554f47693,0,0,0,0.7572774291038513,0.24272258579730988
PETS_CREDIT_low_eff_su2_r1_d6_b01__none,none,logitguard_continuous,89f33d9f24d34571b521,0,0,0,0.7679078578948975,0.23209206759929657
PETS_CREDIT_low_eff_su2_r1_d6_b01__none,none,logitguard_continuous,9cb0a075ed3b1940a582,0,0,0,0.7620019912719727,0.23799803853034973
PETS_CREDIT_low_eff_su2_r1_d6_b01__none,none,logitguard_continuous,e0ac38996eb0bdc23a98,0,0,0,0.7713103890419006,0.22868961095809937
PETS_CREDIT_low_eff_su2_r1_d6_b01__none,none,logitguard_continuous,8e8cdc6e5cd89c5db921,0,1,0,0.7786180973052979,0.22138191759586334
PETS_CREDIT_low_eff_su2_r1_d6_b01__none,none,logitguard_continuous,3600cc2df2f41f06dd9f,0,0,0,0.7674780488014221,0.23252195119857788
PETS_CREDIT_low_eff_su2_r1_d6_b01__none,none,logitguard_continuous,62b1f018472ab0cad11c,0,1,0,0.7819872498512268,0.2180127650499344
PETS_CREDIT_low_eff_su2_r1_d6_b01__none,none,logitguard_continuous,69bf508473b2bb6fabc5,0,0,0,0.7730313539505005,0.22696861624717712
PETS_CREDIT_low_eff_su2_r1_d6_b01__none,none,logitguard_continuous,f1c0204d151bcd56dd44,0,0,0,0.769587516784668,0.23041251301765442
PETS_CREDIT_low_eff_su2_r1_d6_b01__none,none,logitguard_continuous,afae12f9bd1a7c209ed4,0,0,0,0.7629758715629578,0.23702415823936462
PETS_CREDIT_low_eff_su2_r1_d6_b01__none,none,logitguard_continuous,12bf473aaa3440c8b5ff,0,1,0,0.7480608820915222,0.2519391179084778
PETS_CREDIT_low_eff_su2_r1_d6_b01__none,none,logitguard_continuous,2c42554fc21e34e31618,0,0,0,0.7741946578025818,0.22580531239509583
PETS_CREDIT_low_eff_su2_r1_d6_b01__none,none,logitguard_continuous,eeb7e3f1ff005ef7d74d,0,0,0,0.7675909399986267,0.23240908980369568
PETS_CREDIT_low_eff_su2_r1_d6_b01__none,none,logitguard_continuous,b70a187f814bb3f6b896,0,0,0,0.7662709355354309,0.2337290644645691
PETS_CREDIT_low_eff_su2_r1_d6_b01__none,none,logitguard_continuous,69963fd40681d7eb779e,0,1,0,0.7661911845207214,0.23380886018276215
PETS_CREDIT_low_eff_su2_r1_d6_b01__none,none,logitguard_continuous,706df103f86b667d27c8,0,0,0,0.7691417932510376,0.2308582067489624
PETS_CREDIT_low_eff_su2_r1_d6_b01__none,none,logitguard_continuous,6c189be9b000597df02b,0,0,0,0.765126645565033,0.23487335443496704
PETS_CREDIT_low_eff_su2_r1_d6_b01__none,none,logitguard_continuous,23c9aff9c3cb7e74418f,0,0,0,0.7641745209693909,0.2358255386352539
PETS_CREDIT_low_eff_su2_r1_d6_b01__none,none,logitguard_continuous,9e00c9a73f8502e1beb6,0,0,0,0.7671709656715393,0.2328290492296219
PETS_CREDIT_low_eff_su2_r1_d6_b01__none,none,logitguard_continuous,e64f4ae98dbe9cbf0e78,0,0,0,0.7679243683815002,0.23207564651966095
PETS_CREDIT_low_eff_su2_r1_d6_b01__none,none,logitguard_continuous,da9134b43c13f8ea3eaf,0,1,0,0.7611411809921265,0.23885874450206757
PETS_CREDIT_low_eff_su2_r1_d6_b01__none,none,logitguard_continuous,faaca9baf33f8afbd931,0,1,0,0.7616266012191772,0.23837336897850037
PETS_CREDIT_low_eff_su2_r1_d6_b01__none,none,logitguard_continuous,07849266aa8f190a63f2,0,1,0,0.7681723833084106,0.23182764649391174
PETS_CREDIT_low_eff_su2_r1_d6_b01__none,none,logitguard_continuous,9806bdd560ccf88a9b56,0,0,0,0.7760089039802551,0.22399108111858368
PETS_CREDIT_low_eff_su2_r1_d6_b01__none,none,logitguard_continuous,a524ab5db22ecc35929f,0,0,0,0.7753660678863525,0.22463393211364746
PETS_CREDIT_low_eff_su2_r1_d6_b01__none,none,logitguard_continuous,5d3f74cb6c8c84f1c7a9,0,1,0,0.7681156396865845,0.23188436031341553
PETS_CREDIT_low_eff_su2_r1_d6_b01__none,none,logitguard_continuous,71e1a80803ef248649c3,0,1,0,0.7645631432533264,0.23543688654899597
PETS_CREDIT_low_eff_su2_r1_d6_b01__none,none,logitguard_continuous,49e93fd29796be2e21ed,0,1,0,0.7652872800827026,0.23471271991729736
PETS_CREDIT_low_eff_su2_r1_d6_b01__none,none,logitguard_continuous,128796eb2bd785357a42,0,1,0,0.7555996179580688,0.24440042674541473
PETS_CREDIT_low_eff_su2_r1_d6_b01__none,none,logitguard_continuous,2478313b949e4a19fec5,0,0,0,0.7719714045524597,0.22802859544754028
PETS_CREDIT_low_eff_su2_r1_d6_b01__none,none,logitguard_continuous,1de5fd2a3f26ba72a9c1,0,0,0,0.7608169317245483,0.23918309807777405
PETS_CREDIT_low_eff_su2_r1_d6_b01__none,none,logitguard_continuous,b6a7132e5db71a8c2b53,0,0,0,0.7724012136459351,0.22759877145290375
PETS_CREDIT_low_eff_su2_r1_d6_b01__none,none,logitguard_continuous,cca86135655a3f3f0727,0,0,0,0.7716245055198669,0.22837549448013306
PETS_CREDIT_low_eff_su2_r1_d6_b01__none,none,logitguard_continuous,05cfc0ff414af47c03a5,0,0,0,0.7676730155944824,0.23232701420783997
PETS_CREDIT_low_eff_su2_r1_d6_b01__none,none,logitguard_continuous,86ae722f0d37f010ada6,0,0,0,0.7756597995758057,0.22434017062187195
PETS_CREDIT_low_eff_su2_r1_d6_b01__none,none,logitguard_continuous,be9bfaf596c94c10a528,0,0,0,0.7677382826805115,0.2322617471218109
PETS_CREDIT_low_eff_su2_r1_d6_b01__none,none,logitguard_continuous,e60d07bd2196508fe656,0,0,0,0.7625682950019836,0.23743176460266113
PETS_CREDIT_low_eff_su2_r1_d6_b01__none,none,logitguard_continuous,38b74132b04f4f54702c,0,1,0,0.7706503868103027,0.22934964299201965
PETS_CREDIT_low_eff_su2_r1_d6_b01__none,none,logitguard_continuous,34cd383be85fcb382ea6,0,0,0,0.7705191373825073,0.2294808328151703
PETS_CREDIT_low_eff_su2_r1_d6_b01__none,none,logitguard_continuous,5f861fea617a3ee7da16,0,0,0,0.7716556787490845,0.22834432125091553
PETS_CREDIT_low_eff_su2_r1_d6_b01__none,none,logitguard_continuous,c026d0cfa5b1e35d07fe,0,1,0,0.7672799825668335,0.2327200472354889
PETS_CREDIT_low_eff_su2_r1_d6_b01__none,none,logitguard_continuous,9d22795430fd2e16c8dc,0,1,0,0.7638015747070312,0.23619844019412994
PETS_CREDIT_low_eff_su2_r1_d6_b01__none,none,logitguard_continuous,5c7d8f33e88909bece76,0,0,0,0.7656558752059937,0.23434415459632874
PETS_CREDIT_low_eff_su2_r1_d6_b01__none,none,logitguard_continuous,7cca6a89daa8ec654b93,0,0,0,0.7568570971488953,0.24314291775226593
PETS_CREDIT_low_eff_su2_r1_d6_b01__none,none,logitguard_continuous,69d9f267431b625e3ab6,0,1,0,0.7629975080490112,0.23700250685214996
PETS_CREDIT_low_eff_su2_r1_d6_b01__none,none,logitguard_continuous,c684bddcfbca03359777,0,1,0,0.7596889734268188,0.24031099677085876
PETS_CREDIT_low_eff_su2_r1_d6_b01__none,none,logitguard_continuous,d186b88534c1a687d1fd,0,0,0,0.7698150277137756,0.23018498718738556
PETS_CREDIT_low_eff_su2_r1_d6_b01__none,none,logitguard_continuous,bd462eab4ac062244f72,0,0,0,0.7731560468673706,0.2268439680337906
PETS_CREDIT_low_eff_su2_r1_d6_b01__none,none,logitguard_continuous,f8230eeb11ce4504ac0d,0,0,0,0.7619895935058594,0.23801039159297943
PETS_CREDIT_low_eff_su2_r1_d6_b01__none,none,logitguard_continuous,5a2759bc40afd8b67be0,0,0,0,0.7423830032348633,0.2576170265674591
PETS_CREDIT_low_eff_su2_r1_d6_b01__none,none,logitguard_continuous,5c05a4c2ad473664e305,0,0,0,0.7766903638839722,0.22330956161022186
PETS_CREDIT_low_eff_su2_r1_d6_b01__none,none,logitguard_continuous,454401dbf09cdd915140,0,0,0,0.7730093002319336,0.2269906997680664
PETS_CREDIT_low_eff_su2_r1_d6_b01__none,none,logitguard_continuous,22b00e614fc8c9d5c74f,0,0,0,0.7640527486801147,0.23594717681407928
PETS_CREDIT_low_eff_su2_r1_d6_b01__none,none,logitguard_continuous,33f0b58e500322fafc02,0,0,0,0.7632823586463928,0.23671765625476837
PETS_CREDIT_low_eff_su2_r1_d6_b01__none,none,logitguard_continuous,16f7e23f7aabcd74a31a,0,0,0,0.7681992650032043,0.23180076479911804
PETS_CREDIT_low_eff_su2_r1_d6_b01__none,none,logitguard_continuous,e9aa13f77c0f352b0b1d,0,1,0,0.7681757807731628,0.23182423412799835
PETS_CREDIT_low_eff_su2_r1_d6_b01__none,none,logitguard_continuous,0f6b78a3676f704d8ccb,0,1,0,0.7774097323417664,0.22259025275707245
PETS_CREDIT_low_eff_su2_r1_d6_b01__none,none,logitguard_continuous,554005cca9a020862607,0,0,0,0.7578207850456238,0.24217920005321503
PETS_CREDIT_low_eff_su2_r1_d6_b01__none,none,logitguard_quantized,ae429a6a1d645aacb94e,1,0,0,0.7824497818946838,0.21755023300647736
PETS_CREDIT_low_eff_su2_r1_d6_b01__none,none,logitguard_quantized,70d271c728323ea28d90,1,0,0,0.764947772026062,0.2350521981716156
PETS_CREDIT_low_eff_su2_r1_d6_b01__none,none,logitguard_quantized,434123980ae7f6c38b02,1,0,0,0.7464939951896667,0.25350600481033325
PETS_CREDIT_low_eff_su2_r1_d6_b01__none,none,logitguard_quantized,b84ff32b3c14263b0dd5,1,1,0,0.7824497818946838,0.21755023300647736
PETS_CREDIT_low_eff_su2_r1_d6_b01__none,none,logitguard_quantized,66fa33821884d4568b02,1,0,0,0.7720635533332825,0.22793644666671753
PETS_CREDIT_low_eff_su2_r1_d6_b01__none,none,logitguard_quantized,69ef03b5c6f4f7ecef33,1,0,0,0.7613326907157898,0.23866727948188782
PETS_CREDIT_low_eff_su2_r1_d6_b01__none,none,logitguard_quantized,c91e3b5a028c06ad1f92,1,0,0,0.7790261507034302,0.2209739089012146
PETS_CREDIT_low_eff_su2_r1_d6_b01__none,none,logitguard_quantized,272c38b1ecd099be7890,1,0,0,0.7720635533332825,0.22793644666671753
PETS_CREDIT_low_eff_su2_r1_d6_b01__none,none,logitguard_quantized,192395141a760795b97a,1,0,0,0.768524706363678,0.23147521913051605
PETS_CREDIT_low_eff_su2_r1_d6_b01__none,none,logitguard_quantized,ebaf9b6eb6ecde9fb27d,1,0,0,0.768524706363678,0.23147521913051605
PETS_CREDIT_low_eff_su2_r1_d6_b01__none,none,logitguard_quantized,eaab06e0e9770f0cb322,1,0,0,0.7464939951896667,0.25350600481033325
PETS_CREDIT_low_eff_su2_r1_d6_b01__none,none,logitguard_quantized,09c28941e61886717e09,1,0,0,0.7720635533332825,0.22793644666671753
PETS_CREDIT_low_eff_su2_r1_d6_b01__none,none,logitguard_quantized,092efc45ab978715a8fa,1,0,0,0.768524706363678,0.23147521913051605
PETS_CREDIT_low_eff_su2_r1_d6_b01__none,none,logitguard_quantized,bf5a9031a45524933e21,1,0,0,0.764947772026062,0.2350521981716156
PETS_CREDIT_low_eff_su2_r1_d6_b01__none,none,logitguard_quantized,e8613e68d8ca2ea9e7fd,1,0,0,0.764947772026062,0.2350521981716156
PETS_CREDIT_low_eff_su2_r1_d6_b01__none,none,logitguard_quantized,d606f1831b9734bb90e1,1,0,0,0.7790261507034302,0.2209739089012146
PETS_CREDIT_low_eff_su2_r1_d6_b01__none,none,logitguard_quantized,ac5f40db5db91c18a83b,1,1,0,0.7576796412467957,0.24232037365436554
PETS_CREDIT_low_eff_su2_r1_d6_b01__none,none,logitguard_quantized,f97851146238bb9a3754,1,0,0,0.768524706363678,0.23147521913051605
PETS_CREDIT_low_eff_su2_r1_d6_b01__none,none,logitguard_quantized,d2c3d34fb102babfa194,1,0,0,0.768524706363678,0.23147521913051605
PETS_CREDIT_low_eff_su2_r1_d6_b01__none,none,logitguard_quantized,81817fc85a01b1cc7dcf,1,0,0,0.7755640149116516,0.2244359850883484
PETS_CREDIT_low_eff_su2_r1_d6_b01__none,none,logitguard_quantized,a55e4e1cd3465563efc4,1,0,0,0.768524706363678,0.23147521913051605
PETS_CREDIT_low_eff_su2_r1_d6_b01__none,none,logitguard_quantized,c0daa10532a8487ca803,1,1,0,0.7613326907157898,0.23866727948188782
PETS_CREDIT_low_eff_su2_r1_d6_b01__none,none,logitguard_quantized,ab97fae957e08270ffce,1,1,0,0.7720635533332825,0.22793644666671753
PETS_CREDIT_low_eff_su2_r1_d6_b01__none,none,logitguard_quantized,0674ce029ebb21d32e38,1,0,0,0.7613326907157898,0.23866727948188782
PETS_CREDIT_low_eff_su2_r1_d6_b01__none,none,logitguard_quantized,fbbb0f469e10095b9cc1,1,0,0,0.764947772026062,0.2350521981716156
PETS_CREDIT_low_eff_su2_r1_d6_b01__none,none,logitguard_quantized,bfa7b1aca5d187760a16,1,0,0,0.764947772026062,0.2350521981716156
PETS_CREDIT_low_eff_su2_r1_d6_b01__none,none,logitguard_quantized,26b6a5da65cdaeb8e184,1,0,0,0.7613326907157898,0.23866727948188782
PETS_CREDIT_low_eff_su2_r1_d6_b01__none,none,logitguard_quantized,22730a71b34176a3ba37,1,0,0,0.764947772026062,0.2350521981716156
PETS_CREDIT_low_eff_su2_r1_d6_b01__none,none,logitguard_quantized,356e520dcf3a6473ffb2,1,0,0,0.764947772026062,0.2350521981716156
PETS_CREDIT_low_eff_su2_r1_d6_b01__none,none,logitguard_quantized,e76cce60bc3507d0d7b2,1,0,0,0.7613326907157898,0.23866727948188782
PETS_CREDIT_low_eff_su2_r1_d6_b01__none,none,logitguard_quantized,5584930e99aa4007d628,1,0,0,0.768524706363678,0.23147521913051605
PETS_CREDIT_low_eff_su2_r1_d6_b01__none,none,logitguard_quantized,7c7fe88dcec806be29da,1,0,0,0.768524706363678,0.23147521913051605
PETS_CREDIT_low_eff_su2_r1_d6_b01__none,none,logitguard_quantized,9eb158e3cbe5bc901e26,1,1,1,0.24601128697395325,0.7539887428283691
PETS_CREDIT_low_eff_su2_r1_d6_b01__none,none,logitguard_quantized,4e545ca4791d65f44351,1,0,0,0.7720635533332825,0.22793644666671753
PETS_CREDIT_low_eff_su2_r1_d6_b01__none,none,logitguard_quantized,7105743f10682ac4a1cc,1,0,0,0.7790261507034302,0.2209739089012146
PETS_CREDIT_low_eff_su2_r1_d6_b01__none,none,logitguard_quantized,25282b20e9c64236ec4d,1,1,0,0.764947772026062,0.2350521981716156
PETS_CREDIT_low_eff_su2_r1_d6_b01__none,none,logitguard_quantized,5688d9df8bbfc61d89e9,1,1,0,0.764947772026062,0.2350521981716156
PETS_CREDIT_low_eff_su2_r1_d6_b01__none,none,logitguard_quantized,8f95586c1c6fb3f2a750,1,1,0,0.764947772026062,0.2350521981716156
PETS_CREDIT_low_eff_su2_r1_d6_b01__none,none,logitguard_quantized,6c0e663b6848864dc914,1,0,0,0.764947772026062,0.2350521981716156
PETS_CREDIT_low_eff_su2_r1_d6_b01__none,none,logitguard_quantized,07d4d260e30d7cf5b71f,1,0,0,0.7720635533332825,0.22793644666671753
PETS_CREDIT_low_eff_su2_r1_d6_b01__none,none,logitguard_quantized,5cb75d859aa2d3df94b0,1,0,0,0.768524706363678,0.23147521913051605
PETS_CREDIT_low_eff_su2_r1_d6_b01__none,none,logitguard_quantized,c536d8f2ff559c7756e7,1,0,0,0.768524706363678,0.23147521913051605
PETS_CREDIT_low_eff_su2_r1_d6_b01__none,none,logitguard_quantized,d8e3c3c718aea110b2d9,1,0,0,0.764947772026062,0.2350521981716156
PETS_CREDIT_low_eff_su2_r1_d6_b01__none,none,logitguard_quantized,7311863aa70952806ffc,1,0,0,0.7790261507034302,0.2209739089012146
PETS_CREDIT_low_eff_su2_r1_d6_b01__none,none,logitguard_quantized,0ffd3e39286157b02ad4,1,1,0,0.768524706363678,0.23147521913051605
PETS_CREDIT_low_eff_su2_r1_d6_b01__none,none,logitguard_quantized,dfc3621c683cc1e703cf,1,1,0,0.7576796412467957,0.24232037365436554
PETS_CREDIT_low_eff_su2_r1_d6_b01__none,none,logitguard_quantized,f073d35785cf76f1409c,1,1,0,0.764947772026062,0.2350521981716156
PETS_CREDIT_low_eff_su2_r1_d6_b01__none,none,logitguard_quantized,7673e8a0f0b037cc51e5,1,0,0,0.768524706363678,0.23147521913051605
PETS_CREDIT_low_eff_su2_r1_d6_b01__none,none,logitguard_quantized,ce8a11f272895da8cd7f,1,0,0,0.768524706363678,0.23147521913051605
PETS_CREDIT_low_eff_su2_r1_d6_b01__none,none,logitguard_quantized,b0f47ae4b56b3aa4d111,1,0,0,0.7539887428283691,0.24601128697395325
PETS_CREDIT_low_eff_su2_r1_d6_b01__none,none,logitguard_quantized,49b15e9ec4784be42cd2,1,0,0,0.7613326907157898,0.23866727948188782
PETS_CREDIT_low_eff_su2_r1_d6_b01__none,none,logitguard_quantized,a62d80fa1349c54517ce,1,1,0,0.764947772026062,0.2350521981716156
PETS_CREDIT_low_eff_su2_r1_d6_b01__none,none,logitguard_quantized,f3ca91dd8e5aba8d83d9,1,0,0,0.768524706363678,0.23147521913051605
PETS_CREDIT_low_eff_su2_r1_d6_b01__none,none,logitguard_quantized,196d92dfff0523a23237,1,1,0,0.7824497818946838,0.21755023300647736
PETS_CREDIT_low_eff_su2_r1_d6_b01__none,none,logitguard_quantized,c9e5785745f04cec0d37,1,0,0,0.7755640149116516,0.2244359850883484
PETS_CREDIT_low_eff_su2_r1_d6_b01__none,none,logitguard_quantized,a5628044ec0880a52490,1,0,0,0.768524706363678,0.23147521913051605
PETS_CREDIT_low_eff_su2_r1_d6_b01__none,none,logitguard_quantized,d9170d275d5e05922e82,1,0,0,0.768524706363678,0.23147521913051605
PETS_CREDIT_low_eff_su2_r1_d6_b01__none,none,logitguard_quantized,988a4b4dcb53bafffb01,1,0,0,0.768524706363678,0.23147521913051605
PETS_CREDIT_low_eff_su2_r1_d6_b01__none,none,logitguard_quantized,52f455fd245c9327442c,1,0,0,0.7720635533332825,0.22793644666671753
PETS_CREDIT_low_eff_su2_r1_d6_b01__none,none,logitguard_quantized,418dd0dffa2f4aacf5a8,1,0,0,0.764947772026062,0.2350521981716156
PETS_CREDIT_low_eff_su2_r1_d6_b01__none,none,logitguard_quantized,c053f623dd8f2bfb7915,1,1,0,0.764947772026062,0.2350521981716156
PETS_CREDIT_low_eff_su2_r1_d6_b01__none,none,logitguard_quantized,f35a2648fd72f049ecda,1,1,0,0.768524706363678,0.23147521913051605
PETS_CREDIT_low_eff_su2_r1_d6_b01__none,none,logitguard_quantized,0a09121dee0e5db09dfe,1,1,0,0.7613326907157898,0.23866727948188782
PETS_CREDIT_low_eff_su2_r1_d6_b01__none,none,logitguard_quantized,bf465d63c434358f77e4,1,0,0,0.768524706363678,0.23147521913051605
PETS_CREDIT_low_eff_su2_r1_d6_b01__none,none,logitguard_quantized,6ea2a519a69c09016323,1,0,0,0.7539887428283691,0.24601128697395325
PETS_CREDIT_low_eff_su2_r1_d6_b01__none,none,logitguard_quantized,2379dd478643b9cc0bc1,1,0,0,0.764947772026062,0.2350521981716156
PETS_CREDIT_low_eff_su2_r1_d6_b01__none,none,logitguard_quantized,c75c31af2389cc3a594f,1,0,0,0.768524706363678,0.23147521913051605
PETS_CREDIT_low_eff_su2_r1_d6_b01__none,none,logitguard_quantized,619b46d6086e6aad3d84,1,0,0,0.7720635533332825,0.22793644666671753
PETS_CREDIT_low_eff_su2_r1_d6_b01__none,none,logitguard_quantized,347bd04364dce3c5342e,1,0,0,0.7613326907157898,0.23866727948188782
PETS_CREDIT_low_eff_su2_r1_d6_b01__none,none,logitguard_quantized,4aa64c627cb9b82d7f42,1,1,0,0.768524706363678,0.23147521913051605
PETS_CREDIT_low_eff_su2_r1_d6_b01__none,none,logitguard_quantized,932ae6d0f203c398e4b5,1,0,0,0.764947772026062,0.2350521981716156
PETS_CREDIT_low_eff_su2_r1_d6_b01__none,none,logitguard_quantized,aaff47c50ec280d97eda,1,0,0,0.768524706363678,0.23147521913051605
PETS_CREDIT_low_eff_su2_r1_d6_b01__none,none,logitguard_quantized,7be2869c238aa35d440a,1,1,0,0.7539887428283691,0.24601128697395325
PETS_CREDIT_low_eff_su2_r1_d6_b01__none,none,logitguard_quantized,bacc1c25b75ae0e1b780,1,0,0,0.7720635533332825,0.22793644666671753
PETS_CREDIT_low_eff_su2_r1_d6_b01__none,none,logitguard_quantized,9fc5fbe55717fe6862a4,1,0,0,0.7755640149116516,0.2244359850883484
PETS_CREDIT_low_eff_su2_r1_d6_b01__none,none,logitguard_quantized,00405a37dd709b2d51a8,1,0,0,0.768524706363678,0.23147521913051605
PETS_CREDIT_low_eff_su2_r1_d6_b01__none,none,logitguard_quantized,01e7168ae2a624ff9916,1,1,0,0.764947772026062,0.2350521981716156
PETS_CREDIT_low_eff_su2_r1_d6_b01__none,none,logitguard_quantized,c8a7bd1cd35ba1e89b80,1,0,0,0.768524706363678,0.23147521913051605
PETS_CREDIT_low_eff_su2_r1_d6_b01__none,none,logitguard_quantized,877b93e6aa8797d2cd0b,1,0,0,0.7576796412467957,0.24232037365436554
PETS_CREDIT_low_eff_su2_r1_d6_b01__none,none,logitguard_quantized,6dcf5bf2e9c47f5b5091,1,0,0,0.768524706363678,0.23147521913051605
PETS_CREDIT_low_eff_su2_r1_d6_b01__none,none,logitguard_quantized,c50e57ca37a497df3a13,1,0,0,0.7613326907157898,0.23866727948188782
PETS_CREDIT_low_eff_su2_r1_d6_b01__none,none,logitguard_quantized,39c00d7f6c47885c6fc2,1,1,0,0.764947772026062,0.2350521981716156
PETS_CREDIT_low_eff_su2_r1_d6_b01__none,none,logitguard_quantized,e3e282f64bed70282149,1,0,0,0.764947772026062,0.2350521981716156
PETS_CREDIT_low_eff_su2_r1_d6_b01__none,none,logitguard_quantized,5383d08662564ec7ab0d,1,0,0,0.764947772026062,0.2350521981716156
PETS_CREDIT_low_eff_su2_r1_d6_b01__none,none,logitguard_quantized,e030c0aa4ae0f1011f2f,1,0,0,0.764947772026062,0.2350521981716156
PETS_CREDIT_low_eff_su2_r1_d6_b01__none,none,logitguard_quantized,1819fe5c399a17316fee,1,0,0,0.7720635533332825,0.22793644666671753
PETS_CREDIT_low_eff_su2_r1_d6_b01__none,none,logitguard_quantized,d75c3e52dbcaf5a5ec2a,1,0,0,0.764947772026062,0.2350521981716156
PETS_CREDIT_low_eff_su2_r1_d6_b01__none,none,logitguard_quantized,a1b01a469dc7802f51d3,1,0,0,0.768524706363678,0.23147521913051605
PETS_CREDIT_low_eff_su2_r1_d6_b01__none,none,logitguard_quantized,a9752ae3047aff503fb3,1,1,0,0.7790261507034302,0.2209739089012146
PETS_CREDIT_low_eff_su2_r1_d6_b01__none,none,logitguard_quantized,85bbf6f61dd23b95b6e7,1,0,0,0.7720635533332825,0.22793644666671753
PETS_CREDIT_low_eff_su2_r1_d6_b01__none,none,logitguard_quantized,1313972ddf1c6e9eb2c9,1,0,1,0.2209739089012146,0.7790261507034302
PETS_CREDIT_low_eff_su2_r1_d6_b01__none,none,logitguard_quantized,ab00e756b29c98fd6674,1,0,0,0.7790261507034302,0.2209739089012146
PETS_CREDIT_low_eff_su2_r1_d6_b01__none,none,logitguard_quantized,4b8fbfef25d81e60d4a6,1,0,0,0.768524706363678,0.23147521913051605
PETS_CREDIT_low_eff_su2_r1_d6_b01__none,none,logitguard_quantized,e0b33cacbadcac9f3d26,1,1,0,0.7755640149116516,0.2244359850883484
PETS_CREDIT_low_eff_su2_r1_d6_b01__none,none,logitguard_quantized,f05df67fe5ac7ed38643,1,0,0,0.7824497818946838,0.21755023300647736
PETS_CREDIT_low_eff_su2_r1_d6_b01__none,none,logitguard_quantized,5f9c02f5ec03a28e4f53,1,0,0,0.7613326907157898,0.23866727948188782
PETS_CREDIT_low_eff_su2_r1_d6_b01__none,none,logitguard_quantized,c2f9d20d5b53c00ef5f4,1,0,0,0.764947772026062,0.2350521981716156
PETS_CREDIT_low_eff_su2_r1_d6_b01__none,none,logitguard_quantized,cec5a851be4f6e7c0887,1,0,0,0.768524706363678,0.23147521913051605
PETS_CREDIT_low_eff_su2_r1_d6_b01__none,none,logitguard_quantized,402e2e33d278085f817f,1,0,0,0.7576796412467957,0.24232037365436554
PETS_CREDIT_low_eff_su2_r1_d6_b01__none,none,logitguard_quantized,4df4658f2eb41564da87,1,0,0,0.7720635533332825,0.22793644666671753
PETS_CREDIT_low_eff_su2_r1_d6_b01__none,none,logitguard_quantized,b2afd8ac93139c6436ca,0,1,0,0.7613326907157898,0.23866727948188782
PETS_CREDIT_low_eff_su2_r1_d6_b01__none,none,logitguard_quantized,6a05ad28a1fdde9b37a0,0,0,0,0.7720635533332825,0.22793644666671753
PETS_CREDIT_low_eff_su2_r1_d6_b01__none,none,logitguard_quantized,f2ee369cdc3625e84402,0,1,0,0.768524706363678,0.23147521913051605
PETS_CREDIT_low_eff_su2_r1_d6_b01__none,none,logitguard_quantized,ed23b85566b3c29eb402,0,0,0,0.768524706363678,0.23147521913051605
PETS_CREDIT_low_eff_su2_r1_d6_b01__none,none,logitguard_quantized,952fc09bd28a9501f067,0,0,0,0.7720635533332825,0.22793644666671753
PETS_CREDIT_low_eff_su2_r1_d6_b01__none,none,logitguard_quantized,2482d33087029d45a132,0,0,0,0.7539887428283691,0.24601128697395325
PETS_CREDIT_low_eff_su2_r1_d6_b01__none,none,logitguard_quantized,77bd1f5032833eb7273a,0,0,0,0.7790261507034302,0.2209739089012146
PETS_CREDIT_low_eff_su2_r1_d6_b01__none,none,logitguard_quantized,10857fff110d97bd3529,0,1,1,0.24232037365436554,0.7576796412467957
PETS_CREDIT_low_eff_su2_r1_d6_b01__none,none,logitguard_quantized,6d9336fba414d9de6ac7,0,0,0,0.7824497818946838,0.21755023300647736
PETS_CREDIT_low_eff_su2_r1_d6_b01__none,none,logitguard_quantized,d6c8d45da14422740d61,0,0,0,0.764947772026062,0.2350521981716156
PETS_CREDIT_low_eff_su2_r1_d6_b01__none,none,logitguard_quantized,59023d919d8b02411eba,0,0,0,0.7755640149116516,0.2244359850883484
PETS_CREDIT_low_eff_su2_r1_d6_b01__none,none,logitguard_quantized,b879cfcb02d4d81aeba4,0,0,0,0.768524706363678,0.23147521913051605
PETS_CREDIT_low_eff_su2_r1_d6_b01__none,none,logitguard_quantized,3b2a390113c4d06485dc,0,0,1,0.23866727948188782,0.7613326907157898
PETS_CREDIT_low_eff_su2_r1_d6_b01__none,none,logitguard_quantized,8571d45bb39f427604ed,0,0,0,0.768524706363678,0.23147521913051605
PETS_CREDIT_low_eff_su2_r1_d6_b01__none,none,logitguard_quantized,361e8f44b1d1611bef7b,0,1,0,0.768524706363678,0.23147521913051605
PETS_CREDIT_low_eff_su2_r1_d6_b01__none,none,logitguard_quantized,d7e4461c953d3771c6a7,0,0,0,0.7613326907157898,0.23866727948188782
PETS_CREDIT_low_eff_su2_r1_d6_b01__none,none,logitguard_quantized,ec68553efb16cb1101b4,0,0,0,0.768524706363678,0.23147521913051605
PETS_CREDIT_low_eff_su2_r1_d6_b01__none,none,logitguard_quantized,dabd46f07ecd327df2fa,0,0,0,0.7576796412467957,0.24232037365436554
PETS_CREDIT_low_eff_su2_r1_d6_b01__none,none,logitguard_quantized,24ddc25e1ea6b7792cd0,0,0,0,0.7720635533332825,0.22793644666671753
PETS_CREDIT_low_eff_su2_r1_d6_b01__none,none,logitguard_quantized,fa88e107f343c7d476d5,0,0,0,0.764947772026062,0.2350521981716156
PETS_CREDIT_low_eff_su2_r1_d6_b01__none,none,logitguard_quantized,640d06e42b5ea011ade8,0,0,0,0.7613326907157898,0.23866727948188782
PETS_CREDIT_low_eff_su2_r1_d6_b01__none,none,logitguard_quantized,a36d92b052080609dee1,0,0,0,0.7720635533332825,0.22793644666671753
PETS_CREDIT_low_eff_su2_r1_d6_b01__none,none,logitguard_quantized,5a9fcf838ed30a3aac42,0,1,0,0.764947772026062,0.2350521981716156
PETS_CREDIT_low_eff_su2_r1_d6_b01__none,none,logitguard_quantized,cb1682c8107d45afcade,0,0,0,0.764947772026062,0.2350521981716156
PETS_CREDIT_low_eff_su2_r1_d6_b01__none,none,logitguard_quantized,9f0ccb4eb0a2a0319524,0,1,0,0.764947772026062,0.2350521981716156
PETS_CREDIT_low_eff_su2_r1_d6_b01__none,none,logitguard_quantized,51a20249bac3fb051d8a,0,0,0,0.7720635533332825,0.22793644666671753
PETS_CREDIT_low_eff_su2_r1_d6_b01__none,none,logitguard_quantized,3b9ae330b918d841d986,0,0,0,0.7613326907157898,0.23866727948188782
PETS_CREDIT_low_eff_su2_r1_d6_b01__none,none,logitguard_quantized,d3f4ebd9602fecf775a2,0,0,0,0.7613326907157898,0.23866727948188782
PETS_CREDIT_low_eff_su2_r1_d6_b01__none,none,logitguard_quantized,6aa234f97819dd051df4,0,1,0,0.7613326907157898,0.23866727948188782
PETS_CREDIT_low_eff_su2_r1_d6_b01__none,none,logitguard_quantized,6146ee4e50398bd2590b,0,0,0,0.768524706363678,0.23147521913051605
PETS_CREDIT_low_eff_su2_r1_d6_b01__none,none,logitguard_quantized,fa640d7805f9d82a715b,0,1,0,0.768524706363678,0.23147521913051605
PETS_CREDIT_low_eff_su2_r1_d6_b01__none,none,logitguard_quantized,952bdb913d2d4c348219,0,0,0,0.768524706363678,0.23147521913051605
PETS_CREDIT_low_eff_su2_r1_d6_b01__none,none,logitguard_quantized,23fa7db2ef3f6def0edb,0,0,0,0.764947772026062,0.2350521981716156
PETS_CREDIT_low_eff_su2_r1_d6_b01__none,none,logitguard_quantized,6b7219cfa53e1ae4e686,0,0,0,0.7613326907157898,0.23866727948188782
PETS_CREDIT_low_eff_su2_r1_d6_b01__none,none,logitguard_quantized,aced89ae11db5855474b,0,0,0,0.7613326907157898,0.23866727948188782
PETS_CREDIT_low_eff_su2_r1_d6_b01__none,none,logitguard_quantized,ca9d19862c77009f5491,0,0,0,0.768524706363678,0.23147521913051605
PETS_CREDIT_low_eff_su2_r1_d6_b01__none,none,logitguard_quantized,4d1823ffdb815ae6ecb7,0,0,0,0.7613326907157898,0.23866727948188782
PETS_CREDIT_low_eff_su2_r1_d6_b01__none,none,logitguard_quantized,f28c583d896798880d4b,0,1,0,0.7613326907157898,0.23866727948188782
PETS_CREDIT_low_eff_su2_r1_d6_b01__none,none,logitguard_quantized,6bb99c2791ed089335c3,0,0,0,0.7613326907157898,0.23866727948188782
PETS_CREDIT_low_eff_su2_r1_d6_b01__none,none,logitguard_quantized,cb3611b4495a37479ca8,0,0,0,0.764947772026062,0.2350521981716156
PETS_CREDIT_low_eff_su2_r1_d6_b01__none,none,logitguard_quantized,e935e8aae78e46bb055f,0,0,0,0.7720635533332825,0.22793644666671753
PETS_CREDIT_low_eff_su2_r1_d6_b01__none,none,logitguard_quantized,a3ca0fb9a2bb66673aca,0,0,0,0.768524706363678,0.23147521913051605
PETS_CREDIT_low_eff_su2_r1_d6_b01__none,none,logitguard_quantized,ea462e2d261554f47693,0,0,0,0.7576796412467957,0.24232037365436554
PETS_CREDIT_low_eff_su2_r1_d6_b01__none,none,logitguard_quantized,89f33d9f24d34571b521,0,0,0,0.768524706363678,0.23147521913051605
PETS_CREDIT_low_eff_su2_r1_d6_b01__none,none,logitguard_quantized,9cb0a075ed3b1940a582,0,0,0,0.7613326907157898,0.23866727948188782
PETS_CREDIT_low_eff_su2_r1_d6_b01__none,none,logitguard_quantized,e0ac38996eb0bdc23a98,0,0,0,0.7720635533332825,0.22793644666671753
PETS_CREDIT_low_eff_su2_r1_d6_b01__none,none,logitguard_quantized,8e8cdc6e5cd89c5db921,0,1,0,0.7790261507034302,0.2209739089012146
PETS_CREDIT_low_eff_su2_r1_d6_b01__none,none,logitguard_quantized,3600cc2df2f41f06dd9f,0,0,0,0.768524706363678,0.23147521913051605
PETS_CREDIT_low_eff_su2_r1_d6_b01__none,none,logitguard_quantized,62b1f018472ab0cad11c,0,1,0,0.7824497818946838,0.21755023300647736
PETS_CREDIT_low_eff_su2_r1_d6_b01__none,none,logitguard_quantized,69bf508473b2bb6fabc5,0,0,0,0.7720635533332825,0.22793644666671753
PETS_CREDIT_low_eff_su2_r1_d6_b01__none,none,logitguard_quantized,f1c0204d151bcd56dd44,0,0,0,0.768524706363678,0.23147521913051605
PETS_CREDIT_low_eff_su2_r1_d6_b01__none,none,logitguard_quantized,afae12f9bd1a7c209ed4,0,0,0,0.7613326907157898,0.23866727948188782
PETS_CREDIT_low_eff_su2_r1_d6_b01__none,none,logitguard_quantized,12bf473aaa3440c8b5ff,0,1,0,0.7464939951896667,0.25350600481033325
PETS_CREDIT_low_eff_su2_r1_d6_b01__none,none,logitguard_quantized,2c42554fc21e34e31618,0,0,0,0.7755640149116516,0.2244359850883484
PETS_CREDIT_low_eff_su2_r1_d6_b01__none,none,logitguard_quantized,eeb7e3f1ff005ef7d74d,0,0,0,0.768524706363678,0.23147521913051605
PETS_CREDIT_low_eff_su2_r1_d6_b01__none,none,logitguard_quantized,b70a187f814bb3f6b896,0,0,0,0.764947772026062,0.2350521981716156
PETS_CREDIT_low_eff_su2_r1_d6_b01__none,none,logitguard_quantized,69963fd40681d7eb779e,0,1,0,0.764947772026062,0.2350521981716156
PETS_CREDIT_low_eff_su2_r1_d6_b01__none,none,logitguard_quantized,706df103f86b667d27c8,0,0,0,0.768524706363678,0.23147521913051605
PETS_CREDIT_low_eff_su2_r1_d6_b01__none,none,logitguard_quantized,6c189be9b000597df02b,0,0,0,0.764947772026062,0.2350521981716156
PETS_CREDIT_low_eff_su2_r1_d6_b01__none,none,logitguard_quantized,23c9aff9c3cb7e74418f,0,0,0,0.764947772026062,0.2350521981716156
PETS_CREDIT_low_eff_su2_r1_d6_b01__none,none,logitguard_quantized,9e00c9a73f8502e1beb6,0,0,0,0.768524706363678,0.23147521913051605
PETS_CREDIT_low_eff_su2_r1_d6_b01__none,none,logitguard_quantized,e64f4ae98dbe9cbf0e78,0,0,0,0.768524706363678,0.23147521913051605
PETS_CREDIT_low_eff_su2_r1_d6_b01__none,none,logitguard_quantized,da9134b43c13f8ea3eaf,0,1,0,0.7613326907157898,0.23866727948188782
PETS_CREDIT_low_eff_su2_r1_d6_b01__none,none,logitguard_quantized,faaca9baf33f8afbd931,0,1,0,0.7613326907157898,0.23866727948188782
PETS_CREDIT_low_eff_su2_r1_d6_b01__none,none,logitguard_quantized,07849266aa8f190a63f2,0,1,0,0.768524706363678,0.23147521913051605
PETS_CREDIT_low_eff_su2_r1_d6_b01__none,none,logitguard_quantized,9806bdd560ccf88a9b56,0,0,0,0.7755640149116516,0.2244359850883484
PETS_CREDIT_low_eff_su2_r1_d6_b01__none,none,logitguard_quantized,a524ab5db22ecc35929f,0,0,0,0.7755640149116516,0.2244359850883484
PETS_CREDIT_low_eff_su2_r1_d6_b01__none,none,logitguard_quantized,5d3f74cb6c8c84f1c7a9,0,1,0,0.768524706363678,0.23147521913051605
PETS_CREDIT_low_eff_su2_r1_d6_b01__none,none,logitguard_quantized,71e1a80803ef248649c3,0,1,0,0.764947772026062,0.2350521981716156
PETS_CREDIT_low_eff_su2_r1_d6_b01__none,none,logitguard_quantized,49e93fd29796be2e21ed,0,1,0,0.764947772026062,0.2350521981716156
PETS_CREDIT_low_eff_su2_r1_d6_b01__none,none,logitguard_quantized,128796eb2bd785357a42,0,1,0,0.7539887428283691,0.24601128697395325
PETS_CREDIT_low_eff_su2_r1_d6_b01__none,none,logitguard_quantized,2478313b949e4a19fec5,0,0,0,0.7720635533332825,0.22793644666671753
PETS_CREDIT_low_eff_su2_r1_d6_b01__none,none,logitguard_quantized,1de5fd2a3f26ba72a9c1,0,0,0,0.7613326907157898,0.23866727948188782
PETS_CREDIT_low_eff_su2_r1_d6_b01__none,none,logitguard_quantized,b6a7132e5db71a8c2b53,0,0,0,0.7720635533332825,0.22793644666671753
PETS_CREDIT_low_eff_su2_r1_d6_b01__none,none,logitguard_quantized,cca86135655a3f3f0727,0,0,0,0.7720635533332825,0.22793644666671753
PETS_CREDIT_low_eff_su2_r1_d6_b01__none,none,logitguard_quantized,05cfc0ff414af47c03a5,0,0,0,0.768524706363678,0.23147521913051605
PETS_CREDIT_low_eff_su2_r1_d6_b01__none,none,logitguard_quantized,86ae722f0d37f010ada6,0,0,0,0.7755640149116516,0.2244359850883484
PETS_CREDIT_low_eff_su2_r1_d6_b01__none,none,logitguard_quantized,be9bfaf596c94c10a528,0,0,0,0.768524706363678,0.23147521913051605
PETS_CREDIT_low_eff_su2_r1_d6_b01__none,none,logitguard_quantized,e60d07bd2196508fe656,0,0,0,0.7613326907157898,0.23866727948188782
PETS_CREDIT_low_eff_su2_r1_d6_b01__none,none,logitguard_quantized,38b74132b04f4f54702c,0,1,0,0.7720635533332825,0.22793644666671753
PETS_CREDIT_low_eff_su2_r1_d6_b01__none,none,logitguard_quantized,34cd383be85fcb382ea6,0,0,0,0.7720635533332825,0.22793644666671753
PETS_CREDIT_low_eff_su2_r1_d6_b01__none,none,logitguard_quantized,5f861fea617a3ee7da16,0,0,0,0.7720635533332825,0.22793644666671753
PETS_CREDIT_low_eff_su2_r1_d6_b01__none,none,logitguard_quantized,c026d0cfa5b1e35d07fe,0,1,0,0.768524706363678,0.23147521913051605
PETS_CREDIT_low_eff_su2_r1_d6_b01__none,none,logitguard_quantized,9d22795430fd2e16c8dc,0,1,0,0.764947772026062,0.2350521981716156
PETS_CREDIT_low_eff_su2_r1_d6_b01__none,none,logitguard_quantized,5c7d8f33e88909bece76,0,0,0,0.764947772026062,0.2350521981716156
PETS_CREDIT_low_eff_su2_r1_d6_b01__none,none,logitguard_quantized,7cca6a89daa8ec654b93,0,0,0,0.7576796412467957,0.24232037365436554
PETS_CREDIT_low_eff_su2_r1_d6_b01__none,none,logitguard_quantized,69d9f267431b625e3ab6,0,1,0,0.7613326907157898,0.23866727948188782
PETS_CREDIT_low_eff_su2_r1_d6_b01__none,none,logitguard_quantized,c684bddcfbca03359777,0,1,0,0.7613326907157898,0.23866727948188782
PETS_CREDIT_low_eff_su2_r1_d6_b01__none,none,logitguard_quantized,d186b88534c1a687d1fd,0,0,0,0.768524706363678,0.23147521913051605
PETS_CREDIT_low_eff_su2_r1_d6_b01__none,none,logitguard_quantized,bd462eab4ac062244f72,0,0,0,0.7720635533332825,0.22793644666671753
PETS_CREDIT_low_eff_su2_r1_d6_b01__none,none,logitguard_quantized,f8230eeb11ce4504ac0d,0,0,0,0.7613326907157898,0.23866727948188782
PETS_CREDIT_low_eff_su2_r1_d6_b01__none,none,logitguard_quantized,5a2759bc40afd8b67be0,0,0,0,0.7426905632019043,0.2573094666004181
PETS_CREDIT_low_eff_su2_r1_d6_b01__none,none,logitguard_quantized,5c05a4c2ad473664e305,0,0,0,0.7755640149116516,0.2244359850883484
PETS_CREDIT_low_eff_su2_r1_d6_b01__none,none,logitguard_quantized,454401dbf09cdd915140,0,0,0,0.7720635533332825,0.22793644666671753
PETS_CREDIT_low_eff_su2_r1_d6_b01__none,none,logitguard_quantized,22b00e614fc8c9d5c74f,0,0,0,0.764947772026062,0.2350521981716156
PETS_CREDIT_low_eff_su2_r1_d6_b01__none,none,logitguard_quantized,33f0b58e500322fafc02,0,0,0,0.764947772026062,0.2350521981716156
PETS_CREDIT_low_eff_su2_r1_d6_b01__none,none,logitguard_quantized,16f7e23f7aabcd74a31a,0,0,0,0.768524706363678,0.23147521913051605
PETS_CREDIT_low_eff_su2_r1_d6_b01__none,none,logitguard_quantized,e9aa13f77c0f352b0b1d,0,1,0,0.768524706363678,0.23147521913051605
PETS_CREDIT_low_eff_su2_r1_d6_b01__none,none,logitguard_quantized,0f6b78a3676f704d8ccb,0,1,0,0.7790261507034302,0.2209739089012146
PETS_CREDIT_low_eff_su2_r1_d6_b01__none,none,logitguard_quantized,554005cca9a020862607,0,0,0,0.7576796412467957,0.24232037365436554
PETS_CREDIT_low_eff_su2_r1_d6_b01__none,none,measurementguard_continuous,ae429a6a1d645aacb94e,1,0,0,0.756562352180481,0.24343767762184143
PETS_CREDIT_low_eff_su2_r1_d6_b01__none,none,measurementguard_continuous,70d271c728323ea28d90,1,0,0,0.8001474142074585,0.1998525708913803
PETS_CREDIT_low_eff_su2_r1_d6_b01__none,none,measurementguard_continuous,434123980ae7f6c38b02,1,0,0,0.7501227855682373,0.2498771846294403
PETS_CREDIT_low_eff_su2_r1_d6_b01__none,none,measurementguard_continuous,b84ff32b3c14263b0dd5,1,1,0,0.7519358396530151,0.24806419014930725
PETS_CREDIT_low_eff_su2_r1_d6_b01__none,none,measurementguard_continuous,66fa33821884d4568b02,1,0,0,0.7809797525405884,0.21902026236057281
PETS_CREDIT_low_eff_su2_r1_d6_b01__none,none,measurementguard_continuous,69ef03b5c6f4f7ecef33,1,0,0,0.7906510233879089,0.20934900641441345
PETS_CREDIT_low_eff_su2_r1_d6_b01__none,none,measurementguard_continuous,c91e3b5a028c06ad1f92,1,0,0,0.7516217231750488,0.24837827682495117
PETS_CREDIT_low_eff_su2_r1_d6_b01__none,none,measurementguard_continuous,272c38b1ecd099be7890,1,0,0,0.7766772508621216,0.22332274913787842
PETS_CREDIT_low_eff_su2_r1_d6_b01__none,none,measurementguard_continuous,192395141a760795b97a,1,0,0,0.8040904998779297,0.19590948522090912
PETS_CREDIT_low_eff_su2_r1_d6_b01__none,none,measurementguard_continuous,ebaf9b6eb6ecde9fb27d,1,0,0,0.7756732106208801,0.22432677447795868
PETS_CREDIT_low_eff_su2_r1_d6_b01__none,none,measurementguard_continuous,eaab06e0e9770f0cb322,1,0,0,0.7364535927772522,0.2635463774204254
PETS_CREDIT_low_eff_su2_r1_d6_b01__none,none,measurementguard_continuous,09c28941e61886717e09,1,0,0,0.7990717887878418,0.2009282112121582
PETS_CREDIT_low_eff_su2_r1_d6_b01__none,none,measurementguard_continuous,092efc45ab978715a8fa,1,0,0,0.7815885543823242,0.21841147541999817
PETS_CREDIT_low_eff_su2_r1_d6_b01__none,none,measurementguard_continuous,bf5a9031a45524933e21,1,0,0,0.7303558588027954,0.2696441411972046
PETS_CREDIT_low_eff_su2_r1_d6_b01__none,none,measurementguard_continuous,e8613e68d8ca2ea9e7fd,1,0,0,0.8035164475440979,0.1964835226535797
PETS_CREDIT_low_eff_su2_r1_d6_b01__none,none,measurementguard_continuous,d606f1831b9734bb90e1,1,0,0,0.7873103022575378,0.21268972754478455
PETS_CREDIT_low_eff_su2_r1_d6_b01__none,none,measurementguard_continuous,ac5f40db5db91c18a83b,1,1,0,0.7631108164787292,0.23688921332359314
PETS_CREDIT_low_eff_su2_r1_d6_b01__none,none,measurementguard_continuous,f97851146238bb9a3754,1,0,0,0.7335519194602966,0.266448050737381
PETS_CREDIT_low_eff_su2_r1_d6_b01__none,none,measurementguard_continuous,d2c3d34fb102babfa194,1,0,0,0.7384148836135864,0.2615851163864136
PETS_CREDIT_low_eff_su2_r1_d6_b01__none,none,measurementguard_continuous,81817fc85a01b1cc7dcf,1,0,0,0.7678449153900146,0.23215512931346893
PETS_CREDIT_low_eff_su2_r1_d6_b01__none,none,measurementguard_continuous,a55e4e1cd3465563efc4,1,0,0,0.7916645407676697,0.2083354890346527
PETS_CREDIT_low_eff_su2_r1_d6_b01__none,none,measurementguard_continuous,c0daa10532a8487ca803,1,1,0,0.7710025906562805,0.22899743914604187
PETS_CREDIT_low_eff_su2_r1_d6_b01__none,none,measurementguard_continuous,ab97fae957e08270ffce,1,1,0,0.8002159595489502,0.19978401064872742
PETS_CREDIT_low_eff_su2_r1_d6_b01__none,none,measurementguard_continuous,0674ce029ebb21d32e38,1,0,0,0.795717179775238,0.20428282022476196
PETS_CREDIT_low_eff_su2_r1_d6_b01__none,none,measurementguard_continuous,fbbb0f469e10095b9cc1,1,0,0,0.7334521412849426,0.26654788851737976
PETS_CREDIT_low_eff_su2_r1_d6_b01__none,none,measurementguard_continuous,bfa7b1aca5d187760a16,1,0,0,0.7506899833679199,0.24931001663208008
PETS_CREDIT_low_eff_su2_r1_d6_b01__none,none,measurementguard_continuous,26b6a5da65cdaeb8e184,1,0,0,0.7373216152191162,0.26267844438552856
PETS_CREDIT_low_eff_su2_r1_d6_b01__none,none,measurementguard_continuous,22730a71b34176a3ba37,1,0,0,0.7301633954048157,0.2698366343975067
PETS_CREDIT_low_eff_su2_r1_d6_b01__none,none,measurementguard_continuous,356e520dcf3a6473ffb2,1,0,0,0.7319402098655701,0.2680598199367523
PETS_CREDIT_low_eff_su2_r1_d6_b01__none,none,measurementguard_continuous,e76cce60bc3507d0d7b2,1,0,0,0.7691894769668579,0.2308104932308197
PETS_CREDIT_low_eff_su2_r1_d6_b01__none,none,measurementguard_continuous,5584930e99aa4007d628,1,0,0,0.7746423482894897,0.22535762190818787
PETS_CREDIT_low_eff_su2_r1_d6_b01__none,none,measurementguard_continuous,7c7fe88dcec806be29da,1,0,0,0.8006014823913574,0.1993984878063202
PETS_CREDIT_low_eff_su2_r1_d6_b01__none,none,measurementguard_continuous,9eb158e3cbe5bc901e26,1,1,1,0.27050673961639404,0.729493260383606
PETS_CREDIT_low_eff_su2_r1_d6_b01__none,none,measurementguard_continuous,4e545ca4791d65f44351,1,0,0,0.7774497270584106,0.22255031764507294
PETS_CREDIT_low_eff_su2_r1_d6_b01__none,none,measurementguard_continuous,7105743f10682ac4a1cc,1,0,0,0.7355141043663025,0.2644858956336975
PETS_CREDIT_low_eff_su2_r1_d6_b01__none,none,measurementguard_continuous,25282b20e9c64236ec4d,1,1,0,0.7582471370697021,0.24175283312797546
PETS_CREDIT_low_eff_su2_r1_d6_b01__none,none,measurementguard_continuous,5688d9df8bbfc61d89e9,1,1,0,0.7456333637237549,0.2543666362762451
PETS_CREDIT_low_eff_su2_r1_d6_b01__none,none,measurementguard_continuous,8f95586c1c6fb3f2a750,1,1,0,0.7584699392318726,0.24153006076812744
PETS_CREDIT_low_eff_su2_r1_d6_b01__none,none,measurementguard_continuous,6c0e663b6848864dc914,1,0,0,0.7320886254310608,0.2679114043712616
PETS_CREDIT_low_eff_su2_r1_d6_b01__none,none,measurementguard_continuous,07d4d260e30d7cf5b71f,1,0,0,0.7987093329429626,0.20129068195819855
PETS_CREDIT_low_eff_su2_r1_d6_b01__none,none,measurementguard_continuous,5cb75d859aa2d3df94b0,1,0,0,0.7312386631965637,0.26876136660575867
PETS_CREDIT_low_eff_su2_r1_d6_b01__none,none,measurementguard_continuous,c536d8f2ff559c7756e7,1,0,0,0.7807122468948364,0.21928773820400238
PETS_CREDIT_low_eff_su2_r1_d6_b01__none,none,measurementguard_continuous,d8e3c3c718aea110b2d9,1,0,0,0.7312206029891968,0.2687793970108032
PETS_CREDIT_low_eff_su2_r1_d6_b01__none,none,measurementguard_continuous,7311863aa70952806ffc,1,0,0,0.7632803916931152,0.23671963810920715
PETS_CREDIT_low_eff_su2_r1_d6_b01__none,none,measurementguard_continuous,0ffd3e39286157b02ad4,1,1,0,0.7849902510643005,0.21500974893569946
PETS_CREDIT_low_eff_su2_r1_d6_b01__none,none,measurementguard_continuous,dfc3621c683cc1e703cf,1,1,0,0.7766571044921875,0.2233428657054901
PETS_CREDIT_low_eff_su2_r1_d6_b01__none,none,measurementguard_continuous,f073d35785cf76f1409c,1,1,0,0.7946946620941162,0.2053053081035614
PETS_CREDIT_low_eff_su2_r1_d6_b01__none,none,measurementguard_continuous,7673e8a0f0b037cc51e5,1,0,0,0.7697280645370483,0.23027193546295166
PETS_CREDIT_low_eff_su2_r1_d6_b01__none,none,measurementguard_continuous,ce8a11f272895da8cd7f,1,0,0,0.7848665118217468,0.21513351798057556
PETS_CREDIT_low_eff_su2_r1_d6_b01__none,none,measurementguard_continuous,b0f47ae4b56b3aa4d111,1,0,0,0.7821893095970154,0.2178107351064682
PETS_CREDIT_low_eff_su2_r1_d6_b01__none,none,measurementguard_continuous,49b15e9ec4784be42cd2,1,0,0,0.7352100014686584,0.26478996872901917
PETS_CREDIT_low_eff_su2_r1_d6_b01__none,none,measurementguard_continuous,a62d80fa1349c54517ce,1,1,0,0.7446392178535461,0.25536084175109863
PETS_CREDIT_low_eff_su2_r1_d6_b01__none,none,measurementguard_continuous,f3ca91dd8e5aba8d83d9,1,0,0,0.7734038233757019,0.2265961617231369
PETS_CREDIT_low_eff_su2_r1_d6_b01__none,none,measurementguard_continuous,196d92dfff0523a23237,1,1,0,0.7526302933692932,0.2473697066307068
PETS_CREDIT_low_eff_su2_r1_d6_b01__none,none,measurementguard_continuous,c9e5785745f04cec0d37,1,0,0,0.7872650623321533,0.21273493766784668
PETS_CREDIT_low_eff_su2_r1_d6_b01__none,none,measurementguard_continuous,a5628044ec0880a52490,1,0,0,0.7735870480537415,0.22641293704509735
PETS_CREDIT_low_eff_su2_r1_d6_b01__none,none,measurementguard_continuous,d9170d275d5e05922e82,1,0,0,0.7743508815765381,0.2256491780281067
PETS_CREDIT_low_eff_su2_r1_d6_b01__none,none,measurementguard_continuous,988a4b4dcb53bafffb01,1,0,0,0.7375155687332153,0.26248449087142944
PETS_CREDIT_low_eff_su2_r1_d6_b01__none,none,measurementguard_continuous,52f455fd245c9327442c,1,0,0,0.7426332831382751,0.25736674666404724
PETS_CREDIT_low_eff_su2_r1_d6_b01__none,none,measurementguard_continuous,418dd0dffa2f4aacf5a8,1,0,0,0.8033051490783691,0.19669482111930847
PETS_CREDIT_low_eff_su2_r1_d6_b01__none,none,measurementguard_continuous,c053f623dd8f2bfb7915,1,1,0,0.7726390361785889,0.22736097872257233
PETS_CREDIT_low_eff_su2_r1_d6_b01__none,none,measurementguard_continuous,f35a2648fd72f049ecda,1,1,0,0.8006972670555115,0.19930274784564972
PETS_CREDIT_low_eff_su2_r1_d6_b01__none,none,measurementguard_continuous,0a09121dee0e5db09dfe,1,1,0,0.7563045024871826,0.24369552731513977
PETS_CREDIT_low_eff_su2_r1_d6_b01__none,none,measurementguard_continuous,bf465d63c434358f77e4,1,0,0,0.7595815062522888,0.24041849374771118
PETS_CREDIT_low_eff_su2_r1_d6_b01__none,none,measurementguard_continuous,6ea2a519a69c09016323,1,0,0,0.7912691831588745,0.2087308019399643
PETS_CREDIT_low_eff_su2_r1_d6_b01__none,none,measurementguard_continuous,2379dd478643b9cc0bc1,1,0,0,0.7564288973808289,0.24357108771800995
PETS_CREDIT_low_eff_su2_r1_d6_b01__none,none,measurementguard_continuous,c75c31af2389cc3a594f,1,0,0,0.7834621071815491,0.21653786301612854
PETS_CREDIT_low_eff_su2_r1_d6_b01__none,none,measurementguard_continuous,619b46d6086e6aad3d84,1,0,0,0.7642393708229065,0.2357606440782547
PETS_CREDIT_low_eff_su2_r1_d6_b01__none,none,measurementguard_continuous,347bd04364dce3c5342e,1,0,0,0.7710830569267273,0.2289169579744339
PETS_CREDIT_low_eff_su2_r1_d6_b01__none,none,measurementguard_continuous,4aa64c627cb9b82d7f42,1,1,0,0.7931410074234009,0.2068590372800827
PETS_CREDIT_low_eff_su2_r1_d6_b01__none,none,measurementguard_continuous,932ae6d0f203c398e4b5,1,0,0,0.7688148617744446,0.23118512332439423
PETS_CREDIT_low_eff_su2_r1_d6_b01__none,none,measurementguard_continuous,aaff47c50ec280d97eda,1,0,0,0.7496129870414734,0.2503870129585266
PETS_CREDIT_low_eff_su2_r1_d6_b01__none,none,measurementguard_continuous,7be2869c238aa35d440a,1,1,0,0.7991614937782288,0.20083853602409363
PETS_CREDIT_low_eff_su2_r1_d6_b01__none,none,measurementguard_continuous,bacc1c25b75ae0e1b780,1,0,0,0.7579991817474365,0.24200080335140228
PETS_CREDIT_low_eff_su2_r1_d6_b01__none,none,measurementguard_continuous,9fc5fbe55717fe6862a4,1,0,0,0.7448046207427979,0.25519534945487976
PETS_CREDIT_low_eff_su2_r1_d6_b01__none,none,measurementguard_continuous,00405a37dd709b2d51a8,1,0,0,0.732475221157074,0.2675248384475708
PETS_CREDIT_low_eff_su2_r1_d6_b01__none,none,measurementguard_continuous,01e7168ae2a624ff9916,1,1,0,0.7616591453552246,0.23834088444709778
PETS_CREDIT_low_eff_su2_r1_d6_b01__none,none,measurementguard_continuous,c8a7bd1cd35ba1e89b80,1,0,0,0.7924600839614868,0.20753991603851318
PETS_CREDIT_low_eff_su2_r1_d6_b01__none,none,measurementguard_continuous,877b93e6aa8797d2cd0b,1,0,0,0.7681683897972107,0.2318315953016281
PETS_CREDIT_low_eff_su2_r1_d6_b01__none,none,measurementguard_continuous,6dcf5bf2e9c47f5b5091,1,0,0,0.767249345779419,0.23275065422058105
PETS_CREDIT_low_eff_su2_r1_d6_b01__none,none,measurementguard_continuous,c50e57ca37a497df3a13,1,0,0,0.7372172474861145,0.2627827227115631
PETS_CREDIT_low_eff_su2_r1_d6_b01__none,none,measurementguard_continuous,39c00d7f6c47885c6fc2,1,1,0,0.7371902465820312,0.26280978322029114
PETS_CREDIT_low_eff_su2_r1_d6_b01__none,none,measurementguard_continuous,e3e282f64bed70282149,1,0,0,0.7971414923667908,0.20285847783088684
PETS_CREDIT_low_eff_su2_r1_d6_b01__none,none,measurementguard_continuous,5383d08662564ec7ab0d,1,0,0,0.7678580284118652,0.23214195668697357
PETS_CREDIT_low_eff_su2_r1_d6_b01__none,none,measurementguard_continuous,e030c0aa4ae0f1011f2f,1,0,0,0.7303151488304138,0.26968488097190857
PETS_CREDIT_low_eff_su2_r1_d6_b01__none,none,measurementguard_continuous,1819fe5c399a17316fee,1,0,0,0.7401752471923828,0.2598247528076172
PETS_CREDIT_low_eff_su2_r1_d6_b01__none,none,measurementguard_continuous,d75c3e52dbcaf5a5ec2a,1,0,0,0.7774569392204285,0.22254310548305511
PETS_CREDIT_low_eff_su2_r1_d6_b01__none,none,measurementguard_continuous,a1b01a469dc7802f51d3,1,0,0,0.7776998281478882,0.22230014204978943
PETS_CREDIT_low_eff_su2_r1_d6_b01__none,none,measurementguard_continuous,a9752ae3047aff503fb3,1,1,0,0.729461133480072,0.27053889632225037
PETS_CREDIT_low_eff_su2_r1_d6_b01__none,none,measurementguard_continuous,85bbf6f61dd23b95b6e7,1,0,0,0.7451069951057434,0.2548930048942566
PETS_CREDIT_low_eff_su2_r1_d6_b01__none,none,measurementguard_continuous,1313972ddf1c6e9eb2c9,1,0,1,0.21918600797653198,0.780813992023468
PETS_CREDIT_low_eff_su2_r1_d6_b01__none,none,measurementguard_continuous,ab00e756b29c98fd6674,1,0,0,0.7861800193786621,0.2138199806213379
PETS_CREDIT_low_eff_su2_r1_d6_b01__none,none,measurementguard_continuous,4b8fbfef25d81e60d4a6,1,0,0,0.8016510605812073,0.1983489990234375
PETS_CREDIT_low_eff_su2_r1_d6_b01__none,none,measurementguard_continuous,e0b33cacbadcac9f3d26,1,1,0,0.8022823929786682,0.1977176070213318
PETS_CREDIT_low_eff_su2_r1_d6_b01__none,none,measurementguard_continuous,f05df67fe5ac7ed38643,1,0,0,0.7907127141952515,0.20928733050823212
PETS_CREDIT_low_eff_su2_r1_d6_b01__none,none,measurementguard_continuous,5f9c02f5ec03a28e4f53,1,0,0,0.7507625222206116,0.24923750758171082
PETS_CREDIT_low_eff_su2_r1_d6_b01__none,none,measurementguard_continuous,c2f9d20d5b53c00ef5f4,1,0,0,0.7507131099700928,0.24928689002990723
PETS_CREDIT_low_eff_su2_r1_d6_b01__none,none,measurementguard_continuous,cec5a851be4f6e7c0887,1,0,0,0.7751224637031555,0.2248775213956833
PETS_CREDIT_low_eff_su2_r1_d6_b01__none,none,measurementguard_continuous,402e2e33d278085f817f,1,0,0,0.7460492849349976,0.25395074486732483
PETS_CREDIT_low_eff_su2_r1_d6_b01__none,none,measurementguard_continuous,4df4658f2eb41564da87,1,0,0,0.788529098033905,0.21147093176841736
PETS_CREDIT_low_eff_su2_r1_d6_b01__none,none,measurementguard_continuous,b2afd8ac93139c6436ca,0,1,0,0.7716132402420044,0.22838672995567322
PETS_CREDIT_low_eff_su2_r1_d6_b01__none,none,measurementguard_continuous,6a05ad28a1fdde9b37a0,0,0,0,0.7426420450210571,0.2573579251766205
PETS_CREDIT_low_eff_su2_r1_d6_b01__none,none,measurementguard_continuous,f2ee369cdc3625e84402,0,1,0,0.7486459612846375,0.25135406851768494
PETS_CREDIT_low_eff_su2_r1_d6_b01__none,none,measurementguard_continuous,ed23b85566b3c29eb402,0,0,0,0.7608280181884766,0.23917202651500702
PETS_CREDIT_low_eff_su2_r1_d6_b01__none,none,measurementguard_continuous,952fc09bd28a9501f067,0,0,0,0.7671241164207458,0.23287594318389893
PETS_CREDIT_low_eff_su2_r1_d6_b01__none,none,measurementguard_continuous,2482d33087029d45a132,0,0,0,0.7486143112182617,0.2513856589794159
PETS_CREDIT_low_eff_su2_r1_d6_b01__none,none,measurementguard_continuous,77bd1f5032833eb7273a,0,0,0,0.7460640668869019,0.25393590331077576
PETS_CREDIT_low_eff_su2_r1_d6_b01__none,none,measurementguard_continuous,10857fff110d97bd3529,0,1,1,0.2689436972141266,0.7310563325881958
PETS_CREDIT_low_eff_su2_r1_d6_b01__none,none,measurementguard_continuous,6d9336fba414d9de6ac7,0,0,0,0.7935014367103577,0.20649856328964233
PETS_CREDIT_low_eff_su2_r1_d6_b01__none,none,measurementguard_continuous,d6c8d45da14422740d61,0,0,0,0.7973375916481018,0.202662393450737
PETS_CREDIT_low_eff_su2_r1_d6_b01__none,none,measurementguard_continuous,59023d919d8b02411eba,0,0,0,0.8040602803230286,0.1959397792816162
PETS_CREDIT_low_eff_su2_r1_d6_b01__none,none,measurementguard_continuous,b879cfcb02d4d81aeba4,0,0,0,0.748476505279541,0.2515234649181366
PETS_CREDIT_low_eff_su2_r1_d6_b01__none,none,measurementguard_continuous,3b2a390113c4d06485dc,0,0,1,0.20407721400260925,0.7959227561950684
PETS_CREDIT_low_eff_su2_r1_d6_b01__none,none,measurementguard_continuous,8571d45bb39f427604ed,0,0,0,0.8000994324684143,0.1999005824327469
PETS_CREDIT_low_eff_su2_r1_d6_b01__none,none,measurementguard_continuous,361e8f44b1d1611bef7b,0,1,0,0.7545285224914551,0.24547147750854492
PETS_CREDIT_low_eff_su2_r1_d6_b01__none,none,measurementguard_continuous,d7e4461c953d3771c6a7,0,0,0,0.7833459973335266,0.21665401756763458
PETS_CREDIT_low_eff_su2_r1_d6_b01__none,none,measurementguard_continuous,ec68553efb16cb1101b4,0,0,0,0.751758337020874,0.24824167788028717
PETS_CREDIT_low_eff_su2_r1_d6_b01__none,none,measurementguard_continuous,dabd46f07ecd327df2fa,0,0,0,0.784290611743927,0.215709388256073
PETS_CREDIT_low_eff_su2_r1_d6_b01__none,none,measurementguard_continuous,24ddc25e1ea6b7792cd0,0,0,0,0.7456477284431458,0.25435224175453186
PETS_CREDIT_low_eff_su2_r1_d6_b01__none,none,measurementguard_continuous,fa88e107f343c7d476d5,0,0,0,0.737033486366272,0.26296648383140564
PETS_CREDIT_low_eff_su2_r1_d6_b01__none,none,measurementguard_continuous,640d06e42b5ea011ade8,0,0,0,0.7484585642814636,0.251541405916214
PETS_CREDIT_low_eff_su2_r1_d6_b01__none,none,measurementguard_continuous,a36d92b052080609dee1,0,0,0,0.77999347448349,0.22000651061534882
PETS_CREDIT_low_eff_su2_r1_d6_b01__none,none,measurementguard_continuous,5a9fcf838ed30a3aac42,0,1,0,0.7977361679077148,0.20226387679576874
PETS_CREDIT_low_eff_su2_r1_d6_b01__none,none,measurementguard_continuous,cb1682c8107d45afcade,0,0,0,0.7747093439102173,0.22529058158397675
PETS_CREDIT_low_eff_su2_r1_d6_b01__none,none,measurementguard_continuous,9f0ccb4eb0a2a0319524,0,1,0,0.7455682158470154,0.254431813955307
PETS_CREDIT_low_eff_su2_r1_d6_b01__none,none,measurementguard_continuous,51a20249bac3fb051d8a,0,0,0,0.737483561038971,0.26251640915870667
PETS_CREDIT_low_eff_su2_r1_d6_b01__none,none,measurementguard_continuous,3b9ae330b918d841d986,0,0,0,0.7571855187416077,0.24281448125839233
PETS_CREDIT_low_eff_su2_r1_d6_b01__none,none,measurementguard_continuous,d3f4ebd9602fecf775a2,0,0,0,0.799309492111206,0.20069053769111633
PETS_CREDIT_low_eff_su2_r1_d6_b01__none,none,measurementguard_continuous,6aa234f97819dd051df4,0,1,0,0.7916398644447327,0.20836012065410614
PETS_CREDIT_low_eff_su2_r1_d6_b01__none,none,measurementguard_continuous,6146ee4e50398bd2590b,0,0,0,0.7416408061981201,0.2583591938018799
PETS_CREDIT_low_eff_su2_r1_d6_b01__none,none,measurementguard_continuous,fa640d7805f9d82a715b,0,1,0,0.7594698071479797,0.24053022265434265
PETS_CREDIT_low_eff_su2_r1_d6_b01__none,none,measurementguard_continuous,952bdb913d2d4c348219,0,0,0,0.7344487309455872,0.26555126905441284
PETS_CREDIT_low_eff_su2_r1_d6_b01__none,none,measurementguard_continuous,23fa7db2ef3f6def0edb,0,0,0,0.7705790400505066,0.22942093014717102
PETS_CREDIT_low_eff_su2_r1_d6_b01__none,none,measurementguard_continuous,6b7219cfa53e1ae4e686,0,0,0,0.772256076335907,0.2277439534664154
PETS_CREDIT_low_eff_su2_r1_d6_b01__none,none,measurementguard_continuous,aced89ae11db5855474b,0,0,0,0.7644037008285522,0.23559634387493134
PETS_CREDIT_low_eff_su2_r1_d6_b01__none,none,measurementguard_continuous,ca9d19862c77009f5491,0,0,0,0.7615585923194885,0.23844143748283386
PETS_CREDIT_low_eff_su2_r1_d6_b01__none,none,measurementguard_continuous,4d1823ffdb815ae6ecb7,0,0,0,0.7729018926620483,0.22709812223911285
PETS_CREDIT_low_eff_su2_r1_d6_b01__none,none,measurementguard_continuous,f28c583d896798880d4b,0,1,0,0.7549688816070557,0.24503114819526672
PETS_CREDIT_low_eff_su2_r1_d6_b01__none,none,measurementguard_continuous,6bb99c2791ed089335c3,0,0,0,0.7762688398361206,0.22373120486736298
PETS_CREDIT_low_eff_su2_r1_d6_b01__none,none,measurementguard_continuous,cb3611b4495a37479ca8,0,0,0,0.7399176955223083,0.26008230447769165
PETS_CREDIT_low_eff_su2_r1_d6_b01__none,none,measurementguard_continuous,e935e8aae78e46bb055f,0,0,0,0.7761460542678833,0.2238539755344391
PETS_CREDIT_low_eff_su2_r1_d6_b01__none,none,measurementguard_continuous,a3ca0fb9a2bb66673aca,0,0,0,0.7391209602355957,0.2608790695667267
PETS_CREDIT_low_eff_su2_r1_d6_b01__none,none,measurementguard_continuous,ea462e2d261554f47693,0,0,0,0.7629362344741821,0.23706381022930145
PETS_CREDIT_low_eff_su2_r1_d6_b01__none,none,measurementguard_continuous,89f33d9f24d34571b521,0,0,0,0.7907777428627014,0.20922225713729858
PETS_CREDIT_low_eff_su2_r1_d6_b01__none,none,measurementguard_continuous,9cb0a075ed3b1940a582,0,0,0,0.7700992822647095,0.2299007624387741
PETS_CREDIT_low_eff_su2_r1_d6_b01__none,none,measurementguard_continuous,e0ac38996eb0bdc23a98,0,0,0,0.744964599609375,0.2550354599952698
PETS_CREDIT_low_eff_su2_r1_d6_b01__none,none,measurementguard_continuous,8e8cdc6e5cd89c5db921,0,1,0,0.7798494696617126,0.22015053033828735
PETS_CREDIT_low_eff_su2_r1_d6_b01__none,none,measurementguard_continuous,3600cc2df2f41f06dd9f,0,0,0,0.7967360615730286,0.20326390862464905
PETS_CREDIT_low_eff_su2_r1_d6_b01__none,none,measurementguard_continuous,62b1f018472ab0cad11c,0,1,0,0.7526471614837646,0.24735285341739655
PETS_CREDIT_low_eff_su2_r1_d6_b01__none,none,measurementguard_continuous,69bf508473b2bb6fabc5,0,0,0,0.745535135269165,0.2544648349285126
PETS_CREDIT_low_eff_su2_r1_d6_b01__none,none,measurementguard_continuous,f1c0204d151bcd56dd44,0,0,0,0.784595251083374,0.21540474891662598
PETS_CREDIT_low_eff_su2_r1_d6_b01__none,none,measurementguard_continuous,afae12f9bd1a7c209ed4,0,0,0,0.7387247681617737,0.2612752318382263
PETS_CREDIT_low_eff_su2_r1_d6_b01__none,none,measurementguard_continuous,12bf473aaa3440c8b5ff,0,1,0,0.736098051071167,0.2639019787311554
PETS_CREDIT_low_eff_su2_r1_d6_b01__none,none,measurementguard_continuous,2c42554fc21e34e31618,0,0,0,0.8007881045341492,0.19921192526817322
PETS_CREDIT_low_eff_su2_r1_d6_b01__none,none,measurementguard_continuous,eeb7e3f1ff005ef7d74d,0,0,0,0.7384889125823975,0.26151105761528015
PETS_CREDIT_low_eff_su2_r1_d6_b01__none,none,measurementguard_continuous,b70a187f814bb3f6b896,0,0,0,0.7338161468505859,0.26618385314941406
PETS_CREDIT_low_eff_su2_r1_d6_b01__none,none,measurementguard_continuous,69963fd40681d7eb779e,0,1,0,0.7893693447113037,0.21063068509101868
PETS_CREDIT_low_eff_su2_r1_d6_b01__none,none,measurementguard_continuous,706df103f86b667d27c8,0,0,0,0.7348963618278503,0.26510369777679443
PETS_CREDIT_low_eff_su2_r1_d6_b01__none,none,measurementguard_continuous,6c189be9b000597df02b,0,0,0,0.741902768611908,0.25809723138809204
PETS_CREDIT_low_eff_su2_r1_d6_b01__none,none,measurementguard_continuous,23c9aff9c3cb7e74418f,0,0,0,0.79339998960495,0.20660002529621124
PETS_CREDIT_low_eff_su2_r1_d6_b01__none,none,measurementguard_continuous,9e00c9a73f8502e1beb6,0,0,0,0.7978329658508301,0.2021670639514923
PETS_CREDIT_low_eff_su2_r1_d6_b01__none,none,measurementguard_continuous,e64f4ae98dbe9cbf0e78,0,0,0,0.802520751953125,0.19747930765151978
PETS_CREDIT_low_eff_su2_r1_d6_b01__none,none,measurementguard_continuous,da9134b43c13f8ea3eaf,0,1,0,0.792182207107544,0.20781785249710083
PETS_CREDIT_low_eff_su2_r1_d6_b01__none,none,measurementguard_continuous,faaca9baf33f8afbd931,0,1,0,0.7453986406326294,0.2546013593673706
PETS_CREDIT_low_eff_su2_r1_d6_b01__none,none,measurementguard_continuous,07849266aa8f190a63f2,0,1,0,0.7961194515228271,0.20388056337833405
PETS_CREDIT_low_eff_su2_r1_d6_b01__none,none,measurementguard_continuous,9806bdd560ccf88a9b56,0,0,0,0.7821374535560608,0.2178625762462616
PETS_CREDIT_low_eff_su2_r1_d6_b01__none,none,measurementguard_continuous,a524ab5db22ecc35929f,0,0,0,0.7962329387664795,0.2037670910358429
PETS_CREDIT_low_eff_su2_r1_d6_b01__none,none,measurementguard_continuous,5d3f74cb6c8c84f1c7a9,0,1,0,0.7817112803459167,0.21828873455524445
PETS_CREDIT_low_eff_su2_r1_d6_b01__none,none,measurementguard_continuous,71e1a80803ef248649c3,0,1,0,0.7374401688575745,0.2625598907470703
PETS_CREDIT_low_eff_su2_r1_d6_b01__none,none,measurementguard_continuous,49e93fd29796be2e21ed,0,1,0,0.7902203798294067,0.20977967977523804
PETS_CREDIT_low_eff_su2_r1_d6_b01__none,none,measurementguard_continuous,128796eb2bd785357a42,0,1,0,0.7882857322692871,0.2117142677307129
PETS_CREDIT_low_eff_su2_r1_d6_b01__none,none,measurementguard_continuous,2478313b949e4a19fec5,0,0,0,0.7901686429977417,0.2098313719034195
PETS_CREDIT_low_eff_su2_r1_d6_b01__none,none,measurementguard_continuous,1de5fd2a3f26ba72a9c1,0,0,0,0.7715184092521667,0.22848159074783325
PETS_CREDIT_low_eff_su2_r1_d6_b01__none,none,measurementguard_continuous,b6a7132e5db71a8c2b53,0,0,0,0.730327308177948,0.269672691822052
PETS_CREDIT_low_eff_su2_r1_d6_b01__none,none,measurementguard_continuous,cca86135655a3f3f0727,0,0,0,0.7772162556648254,0.22278371453285217
PETS_CREDIT_low_eff_su2_r1_d6_b01__none,none,measurementguard_continuous,05cfc0ff414af47c03a5,0,0,0,0.760812520980835,0.23918746411800385
PETS_CREDIT_low_eff_su2_r1_d6_b01__none,none,measurementguard_continuous,86ae722f0d37f010ada6,0,0,0,0.7545351386070251,0.24546486139297485
PETS_CREDIT_low_eff_su2_r1_d6_b01__none,none,measurementguard_continuous,be9bfaf596c94c10a528,0,0,0,0.7655408382415771,0.23445922136306763
PETS_CREDIT_low_eff_su2_r1_d6_b01__none,none,measurementguard_continuous,e60d07bd2196508fe656,0,0,0,0.793255627155304,0.20674440264701843
PETS_CREDIT_low_eff_su2_r1_d6_b01__none,none,measurementguard_continuous,38b74132b04f4f54702c,0,1,0,0.7756512761116028,0.22434872388839722
PETS_CREDIT_low_eff_su2_r1_d6_b01__none,none,measurementguard_continuous,34cd383be85fcb382ea6,0,0,0,0.7529807686805725,0.24701926112174988
PETS_CREDIT_low_eff_su2_r1_d6_b01__none,none,measurementguard_continuous,5f861fea617a3ee7da16,0,0,0,0.7821650505065918,0.2178349792957306
PETS_CREDIT_low_eff_su2_r1_d6_b01__none,none,measurementguard_continuous,c026d0cfa5b1e35d07fe,0,1,0,0.7789397239685059,0.22106027603149414
PETS_CREDIT_low_eff_su2_r1_d6_b01__none,none,measurementguard_continuous,9d22795430fd2e16c8dc,0,1,0,0.7971274256706238,0.20287254452705383
PETS_CREDIT_low_eff_su2_r1_d6_b01__none,none,measurementguard_continuous,5c7d8f33e88909bece76,0,0,0,0.7468174695968628,0.2531825006008148
PETS_CREDIT_low_eff_su2_r1_d6_b01__none,none,measurementguard_continuous,7cca6a89daa8ec654b93,0,0,0,0.7922616600990295,0.20773838460445404
PETS_CREDIT_low_eff_su2_r1_d6_b01__none,none,measurementguard_continuous,69d9f267431b625e3ab6,0,1,0,0.7532764673233032,0.24672351777553558
PETS_CREDIT_low_eff_su2_r1_d6_b01__none,none,measurementguard_continuous,c684bddcfbca03359777,0,1,0,0.7651121020317078,0.23488789796829224
PETS_CREDIT_low_eff_su2_r1_d6_b01__none,none,measurementguard_continuous,d186b88534c1a687d1fd,0,0,0,0.7375009059906006,0.2624990940093994
PETS_CREDIT_low_eff_su2_r1_d6_b01__none,none,measurementguard_continuous,bd462eab4ac062244f72,0,0,0,0.7333781123161316,0.2666218876838684
PETS_CREDIT_low_eff_su2_r1_d6_b01__none,none,measurementguard_continuous,f8230eeb11ce4504ac0d,0,0,0,0.7502479553222656,0.24975205957889557
PETS_CREDIT_low_eff_su2_r1_d6_b01__none,none,measurementguard_continuous,5a2759bc40afd8b67be0,0,0,0,0.7910439372062683,0.20895610749721527
PETS_CREDIT_low_eff_su2_r1_d6_b01__none,none,measurementguard_continuous,5c05a4c2ad473664e305,0,0,0,0.7744777202606201,0.2255222648382187
PETS_CREDIT_low_eff_su2_r1_d6_b01__none,none,measurementguard_continuous,454401dbf09cdd915140,0,0,0,0.7778324484825134,0.22216758131980896
PETS_CREDIT_low_eff_su2_r1_d6_b01__none,none,measurementguard_continuous,22b00e614fc8c9d5c74f,0,0,0,0.7909752130508423,0.20902478694915771
PETS_CREDIT_low_eff_su2_r1_d6_b01__none,none,measurementguard_continuous,33f0b58e500322fafc02,0,0,0,0.7357211112976074,0.26427891850471497
PETS_CREDIT_low_eff_su2_r1_d6_b01__none,none,measurementguard_continuous,16f7e23f7aabcd74a31a,0,0,0,0.7536591291427612,0.24634088575839996
PETS_CREDIT_low_eff_su2_r1_d6_b01__none,none,measurementguard_continuous,e9aa13f77c0f352b0b1d,0,1,0,0.7428008317947388,0.25719916820526123
PETS_CREDIT_low_eff_su2_r1_d6_b01__none,none,measurementguard_continuous,0f6b78a3676f704d8ccb,0,1,0,0.7295932769775391,0.27040672302246094
PETS_CREDIT_low_eff_su2_r1_d6_b01__none,none,measurementguard_continuous,554005cca9a020862607,0,0,0,0.7509932518005371,0.2490067183971405
PETS_CREDIT_low_eff_su2_r1_d6_b01__none,none,lattice_round,ae429a6a1d645aacb94e,1,0,0,0.9638479351997375,0.036152079701423645
PETS_CREDIT_low_eff_su2_r1_d6_b01__none,none,lattice_round,70d271c728323ea28d90,1,0,0,0.7977880239486694,0.2022119015455246
PETS_CREDIT_low_eff_su2_r1_d6_b01__none,none,lattice_round,434123980ae7f6c38b02,1,0,0,0.9744977355003357,0.025502260774374008
PETS_CREDIT_low_eff_su2_r1_d6_b01__none,none,lattice_round,b84ff32b3c14263b0dd5,1,1,0,0.6597871780395508,0.340212881565094
PETS_CREDIT_low_eff_su2_r1_d6_b01__none,none,lattice_round,66fa33821884d4568b02,1,0,0,0.8449702262878418,0.1550298035144806
PETS_CREDIT_low_eff_su2_r1_d6_b01__none,none,lattice_round,69ef03b5c6f4f7ecef33,1,0,0,0.8560485243797302,0.14395146071910858
PETS_CREDIT_low_eff_su2_r1_d6_b01__none,none,lattice_round,c91e3b5a028c06ad1f92,1,0,0,0.9621067643165588,0.037893280386924744
PETS_CREDIT_low_eff_su2_r1_d6_b01__none,none,lattice_round,272c38b1ecd099be7890,1,0,0,0.8926679491996765,0.1073320284485817
PETS_CREDIT_low_eff_su2_r1_d6_b01__none,none,lattice_round,192395141a760795b97a,1,0,0,0.7993715405464172,0.20062847435474396
PETS_CREDIT_low_eff_su2_r1_d6_b01__none,none,lattice_round,ebaf9b6eb6ecde9fb27d,1,0,0,0.7765069603919983,0.22349302470684052
PETS_CREDIT_low_eff_su2_r1_d6_b01__none,none,lattice_round,eaab06e0e9770f0cb322,1,0,0,0.5416480302810669,0.4583519995212555
PETS_CREDIT_low_eff_su2_r1_d6_b01__none,none,lattice_round,09c28941e61886717e09,1,0,0,0.8584094643592834,0.14159052073955536
PETS_CREDIT_low_eff_su2_r1_d6_b01__none,none,lattice_round,092efc45ab978715a8fa,1,0,0,0.8421847820281982,0.15781524777412415
PETS_CREDIT_low_eff_su2_r1_d6_b01__none,none,lattice_round,bf5a9031a45524933e21,1,0,0,0.8013688921928406,0.19863112270832062
PETS_CREDIT_low_eff_su2_r1_d6_b01__none,none,lattice_round,e8613e68d8ca2ea9e7fd,1,0,0,0.801190972328186,0.19880904257297516
PETS_CREDIT_low_eff_su2_r1_d6_b01__none,none,lattice_round,d606f1831b9734bb90e1,1,0,0,0.8488901257514954,0.15110990405082703
PETS_CREDIT_low_eff_su2_r1_d6_b01__none,none,lattice_round,ac5f40db5db91c18a83b,1,1,0,0.6826395988464355,0.31736043095588684
PETS_CREDIT_low_eff_su2_r1_d6_b01__none,none,lattice_round,f97851146238bb9a3754,1,0,0,0.8049136996269226,0.19508633017539978
PETS_CREDIT_low_eff_su2_r1_d6_b01__none,none,lattice_round,d2c3d34fb102babfa194,1,0,0,0.811779797077179,0.18822017312049866
PETS_CREDIT_low_eff_su2_r1_d6_b01__none,none,lattice_round,81817fc85a01b1cc7dcf,1,0,0,0.8316413760185242,0.16835863888263702
PETS_CREDIT_low_eff_su2_r1_d6_b01__none,none,lattice_round,a55e4e1cd3465563efc4,1,0,0,0.787916362285614,0.212083637714386
PETS_CREDIT_low_eff_su2_r1_d6_b01__none,none,lattice_round,c0daa10532a8487ca803,1,1,0,0.6820524334907532,0.3179475665092468
PETS_CREDIT_low_eff_su2_r1_d6_b01__none,none,lattice_round,ab97fae957e08270ffce,1,1,0,0.6396605372428894,0.3603394329547882
PETS_CREDIT_low_eff_su2_r1_d6_b01__none,none,lattice_round,0674ce029ebb21d32e38,1,0,0,0.5284169912338257,0.4715830385684967
PETS_CREDIT_low_eff_su2_r1_d6_b01__none,none,lattice_round,fbbb0f469e10095b9cc1,1,0,0,0.8663922548294067,0.13360774517059326
PETS_CREDIT_low_eff_su2_r1_d6_b01__none,none,lattice_round,bfa7b1aca5d187760a16,1,0,0,0.8230705857276917,0.17692939937114716
PETS_CREDIT_low_eff_su2_r1_d6_b01__none,none,lattice_round,26b6a5da65cdaeb8e184,1,0,0,0.8705511093139648,0.12944887578487396
PETS_CREDIT_low_eff_su2_r1_d6_b01__none,none,lattice_round,22730a71b34176a3ba37,1,0,0,0.8082354068756104,0.19176463782787323
PETS_CREDIT_low_eff_su2_r1_d6_b01__none,none,lattice_round,356e520dcf3a6473ffb2,1,0,0,0.8044018149375916,0.19559818506240845
PETS_CREDIT_low_eff_su2_r1_d6_b01__none,none,lattice_round,e76cce60bc3507d0d7b2,1,0,0,0.8834301233291626,0.11656984686851501
PETS_CREDIT_low_eff_su2_r1_d6_b01__none,none,lattice_round,5584930e99aa4007d628,1,0,0,0.8378230929374695,0.1621769517660141
PETS_CREDIT_low_eff_su2_r1_d6_b01__none,none,lattice_round,7c7fe88dcec806be29da,1,0,0,0.7945616245269775,0.20543843507766724
PETS_CREDIT_low_eff_su2_r1_d6_b01__none,none,lattice_round,9eb158e3cbe5bc901e26,1,1,1,0.46112295985221863,0.538877010345459
PETS_CREDIT_low_eff_su2_r1_d6_b01__none,none,lattice_round,4e545ca4791d65f44351,1,0,0,0.7734759449958801,0.22652408480644226
PETS_CREDIT_low_eff_su2_r1_d6_b01__none,none,lattice_round,7105743f10682ac4a1cc,1,0,0,0.9383417367935181,0.06165830418467522
PETS_CREDIT_low_eff_su2_r1_d6_b01__none,none,lattice_round,25282b20e9c64236ec4d,1,1,0,0.8247249126434326,0.175275057554245
PETS_CREDIT_low_eff_su2_r1_d6_b01__none,none,lattice_round,5688d9df8bbfc61d89e9,1,1,0,0.8204831480979919,0.17951686680316925
PETS_CREDIT_low_eff_su2_r1_d6_b01__none,none,lattice_round,8f95586c1c6fb3f2a750,1,1,0,0.6781274676322937,0.3218725323677063
PETS_CREDIT_low_eff_su2_r1_d6_b01__none,none,lattice_round,6c0e663b6848864dc914,1,0,0,0.7344051003456116,0.26559486985206604
PETS_CREDIT_low_eff_su2_r1_d6_b01__none,none,lattice_round,07d4d260e30d7cf5b71f,1,0,0,0.8599258661270142,0.14007414877414703
PETS_CREDIT_low_eff_su2_r1_d6_b01__none,none,lattice_round,5cb75d859aa2d3df94b0,1,0,0,0.8032819628715515,0.19671806693077087
PETS_CREDIT_low_eff_su2_r1_d6_b01__none,none,lattice_round,c536d8f2ff559c7756e7,1,0,0,0.844173789024353,0.15582618117332458
PETS_CREDIT_low_eff_su2_r1_d6_b01__none,none,lattice_round,d8e3c3c718aea110b2d9,1,0,0,0.8034934997558594,0.19650650024414062
PETS_CREDIT_low_eff_su2_r1_d6_b01__none,none,lattice_round,7311863aa70952806ffc,1,0,0,0.8328418135643005,0.16715820133686066
PETS_CREDIT_low_eff_su2_r1_d6_b01__none,none,lattice_round,0ffd3e39286157b02ad4,1,1,0,0.8428688049316406,0.157131165266037
PETS_CREDIT_low_eff_su2_r1_d6_b01__none,none,lattice_round,dfc3621c683cc1e703cf,1,1,0,0.5961692333221436,0.40383076667785645
PETS_CREDIT_low_eff_su2_r1_d6_b01__none,none,lattice_round,f073d35785cf76f1409c,1,1,0,0.7963575720787048,0.20364245772361755
PETS_CREDIT_low_eff_su2_r1_d6_b01__none,none,lattice_round,7673e8a0f0b037cc51e5,1,0,0,0.7737085223197937,0.2262915074825287
PETS_CREDIT_low_eff_su2_r1_d6_b01__none,none,lattice_round,ce8a11f272895da8cd7f,1,0,0,0.8947407007217407,0.10525929927825928
PETS_CREDIT_low_eff_su2_r1_d6_b01__none,none,lattice_round,b0f47ae4b56b3aa4d111,1,0,0,0.8898130059242249,0.11018700152635574
PETS_CREDIT_low_eff_su2_r1_d6_b01__none,none,lattice_round,49b15e9ec4784be42cd2,1,0,0,0.6437689661979675,0.35623109340667725
PETS_CREDIT_low_eff_su2_r1_d6_b01__none,none,lattice_round,a62d80fa1349c54517ce,1,1,0,0.7415832281112671,0.2584168016910553
PETS_CREDIT_low_eff_su2_r1_d6_b01__none,none,lattice_round,f3ca91dd8e5aba8d83d9,1,0,0,0.8389247059822083,0.16107527911663055
PETS_CREDIT_low_eff_su2_r1_d6_b01__none,none,lattice_round,196d92dfff0523a23237,1,1,0,0.6611408591270447,0.3388591408729553
PETS_CREDIT_low_eff_su2_r1_d6_b01__none,none,lattice_round,c9e5785745f04cec0d37,1,0,0,0.8453809022903442,0.15461914241313934
PETS_CREDIT_low_eff_su2_r1_d6_b01__none,none,lattice_round,a5628044ec0880a52490,1,0,0,0.6929200887680054,0.30707991123199463
PETS_CREDIT_low_eff_su2_r1_d6_b01__none,none,lattice_round,d9170d275d5e05922e82,1,0,0,0.7720739245414734,0.22792606055736542
PETS_CREDIT_low_eff_su2_r1_d6_b01__none,none,lattice_round,988a4b4dcb53bafffb01,1,0,0,0.8107500672340393,0.18924996256828308
PETS_CREDIT_low_eff_su2_r1_d6_b01__none,none,lattice_round,52f455fd245c9327442c,1,0,0,0.8702885508537292,0.12971147894859314
PETS_CREDIT_low_eff_su2_r1_d6_b01__none,none,lattice_round,418dd0dffa2f4aacf5a8,1,0,0,0.7295323014259338,0.27046769857406616
PETS_CREDIT_low_eff_su2_r1_d6_b01__none,none,lattice_round,c053f623dd8f2bfb7915,1,1,0,0.7704340219497681,0.22956599295139313
PETS_CREDIT_low_eff_su2_r1_d6_b01__none,none,lattice_round,f35a2648fd72f049ecda,1,1,0,0.9033151268959045,0.09668490290641785
PETS_CREDIT_low_eff_su2_r1_d6_b01__none,none,lattice_round,0a09121dee0e5db09dfe,1,1,0,0.7514395713806152,0.24856042861938477
PETS_CREDIT_low_eff_su2_r1_d6_b01__none,none,lattice_round,bf465d63c434358f77e4,1,0,0,0.8816362619400024,0.11836375296115875
PETS_CREDIT_low_eff_su2_r1_d6_b01__none,none,lattice_round,6ea2a519a69c09016323,1,0,0,0.7886559963226318,0.21134401857852936
PETS_CREDIT_low_eff_su2_r1_d6_b01__none,none,lattice_round,2379dd478643b9cc0bc1,1,0,0,0.8783361315727234,0.12166386097669601
PETS_CREDIT_low_eff_su2_r1_d6_b01__none,none,lattice_round,c75c31af2389cc3a594f,1,0,0,0.7048906683921814,0.295109361410141
PETS_CREDIT_low_eff_su2_r1_d6_b01__none,none,lattice_round,619b46d6086e6aad3d84,1,0,0,0.946657121181488,0.05334291234612465
PETS_CREDIT_low_eff_su2_r1_d6_b01__none,none,lattice_round,347bd04364dce3c5342e,1,0,0,0.6905566453933716,0.3094433844089508
PETS_CREDIT_low_eff_su2_r1_d6_b01__none,none,lattice_round,4aa64c627cb9b82d7f42,1,1,0,0.7926205992698669,0.20737946033477783
PETS_CREDIT_low_eff_su2_r1_d6_b01__none,none,lattice_round,932ae6d0f203c398e4b5,1,0,0,0.6838212609291077,0.31617870926856995
PETS_CREDIT_low_eff_su2_r1_d6_b01__none,none,lattice_round,aaff47c50ec280d97eda,1,0,0,0.8759851455688477,0.12401486188173294
PETS_CREDIT_low_eff_su2_r1_d6_b01__none,none,lattice_round,7be2869c238aa35d440a,1,1,0,0.8995869755744934,0.100413016974926
PETS_CREDIT_low_eff_su2_r1_d6_b01__none,none,lattice_round,bacc1c25b75ae0e1b780,1,0,0,0.9759212136268616,0.024078819900751114
PETS_CREDIT_low_eff_su2_r1_d6_b01__none,none,lattice_round,9fc5fbe55717fe6862a4,1,0,0,0.7412107586860657,0.2587892413139343
PETS_CREDIT_low_eff_su2_r1_d6_b01__none,none,lattice_round,00405a37dd709b2d51a8,1,0,0,0.8669711947441101,0.1330288052558899
PETS_CREDIT_low_eff_su2_r1_d6_b01__none,none,lattice_round,01e7168ae2a624ff9916,1,1,0,0.7603120803833008,0.23968791961669922
PETS_CREDIT_low_eff_su2_r1_d6_b01__none,none,lattice_round,c8a7bd1cd35ba1e89b80,1,0,0,0.7960668206214905,0.20393314957618713
PETS_CREDIT_low_eff_su2_r1_d6_b01__none,none,lattice_round,877b93e6aa8797d2cd0b,1,0,0,0.8839747905731201,0.11602520197629929
PETS_CREDIT_low_eff_su2_r1_d6_b01__none,none,lattice_round,6dcf5bf2e9c47f5b5091,1,0,0,0.7683132886886597,0.23168669641017914
PETS_CREDIT_low_eff_su2_r1_d6_b01__none,none,lattice_round,c50e57ca37a497df3a13,1,0,0,0.8632646799087524,0.13673526048660278
PETS_CREDIT_low_eff_su2_r1_d6_b01__none,none,lattice_round,39c00d7f6c47885c6fc2,1,1,0,0.6532021760940552,0.3467978537082672
PETS_CREDIT_low_eff_su2_r1_d6_b01__none,none,lattice_round,e3e282f64bed70282149,1,0,0,0.7916528582572937,0.2083471417427063
PETS_CREDIT_low_eff_su2_r1_d6_b01__none,none,lattice_round,5383d08662564ec7ab0d,1,0,0,0.6872321367263794,0.3127678632736206
PETS_CREDIT_low_eff_su2_r1_d6_b01__none,none,lattice_round,e030c0aa4ae0f1011f2f,1,0,0,0.8102177977561951,0.18978218734264374
PETS_CREDIT_low_eff_su2_r1_d6_b01__none,none,lattice_round,1819fe5c399a17316fee,1,0,0,0.8693321347236633,0.13066783547401428
PETS_CREDIT_low_eff_su2_r1_d6_b01__none,none,lattice_round,d75c3e52dbcaf5a5ec2a,1,0,0,0.7059000730514526,0.294099897146225
PETS_CREDIT_low_eff_su2_r1_d6_b01__none,none,lattice_round,a1b01a469dc7802f51d3,1,0,0,0.8402241468429565,0.15977588295936584
PETS_CREDIT_low_eff_su2_r1_d6_b01__none,none,lattice_round,a9752ae3047aff503fb3,1,1,0,0.8601331114768982,0.13986694812774658
PETS_CREDIT_low_eff_su2_r1_d6_b01__none,none,lattice_round,85bbf6f61dd23b95b6e7,1,0,0,0.8752893805503845,0.1247105523943901
PETS_CREDIT_low_eff_su2_r1_d6_b01__none,none,lattice_round,1313972ddf1c6e9eb2c9,1,0,1,0.39629635214805603,0.6037036776542664
PETS_CREDIT_low_eff_su2_r1_d6_b01__none,none,lattice_round,ab00e756b29c98fd6674,1,0,0,0.6033838391304016,0.3966161906719208
PETS_CREDIT_low_eff_su2_r1_d6_b01__none,none,lattice_round,4b8fbfef25d81e60d4a6,1,0,0,0.8596358299255371,0.14036418497562408
PETS_CREDIT_low_eff_su2_r1_d6_b01__none,none,lattice_round,e0b33cacbadcac9f3d26,1,1,0,0.639614462852478,0.36038556694984436
PETS_CREDIT_low_eff_su2_r1_d6_b01__none,none,lattice_round,f05df67fe5ac7ed38643,1,0,0,0.9534955620765686,0.04650444909930229
PETS_CREDIT_low_eff_su2_r1_d6_b01__none,none,lattice_round,5f9c02f5ec03a28e4f53,1,0,0,0.6674374341964722,0.3325625956058502
PETS_CREDIT_low_eff_su2_r1_d6_b01__none,none,lattice_round,c2f9d20d5b53c00ef5f4,1,0,0,0.8205811381340027,0.1794189065694809
PETS_CREDIT_low_eff_su2_r1_d6_b01__none,none,lattice_round,cec5a851be4f6e7c0887,1,0,0,0.8367031216621399,0.1632969081401825
PETS_CREDIT_low_eff_su2_r1_d6_b01__none,none,lattice_round,402e2e33d278085f817f,1,0,0,0.814227819442749,0.18577219545841217
PETS_CREDIT_low_eff_su2_r1_d6_b01__none,none,lattice_round,4df4658f2eb41564da87,1,0,0,0.7098187208175659,0.2901812791824341
PETS_CREDIT_low_eff_su2_r1_d6_b01__none,none,lattice_round,b2afd8ac93139c6436ca,0,1,0,0.7712125182151794,0.22878745198249817
PETS_CREDIT_low_eff_su2_r1_d6_b01__none,none,lattice_round,6a05ad28a1fdde9b37a0,0,0,0,0.8661783337593079,0.13382163643836975
PETS_CREDIT_low_eff_su2_r1_d6_b01__none,none,lattice_round,f2ee369cdc3625e84402,0,1,0,0.8200023770332336,0.17999765276908875
PETS_CREDIT_low_eff_su2_r1_d6_b01__none,none,lattice_round,ed23b85566b3c29eb402,0,0,0,0.7546729445457458,0.24532702565193176
PETS_CREDIT_low_eff_su2_r1_d6_b01__none,none,lattice_round,952fc09bd28a9501f067,0,0,0,0.8344094157218933,0.16559061408042908
PETS_CREDIT_low_eff_su2_r1_d6_b01__none,none,lattice_round,2482d33087029d45a132,0,0,0,0.5609471797943115,0.4390528202056885
PETS_CREDIT_low_eff_su2_r1_d6_b01__none,none,lattice_round,77bd1f5032833eb7273a,0,0,0,0.8734709620475769,0.1265290528535843
PETS_CREDIT_low_eff_su2_r1_d6_b01__none,none,lattice_round,10857fff110d97bd3529,0,1,1,0.4710056483745575,0.5289943218231201
PETS_CREDIT_low_eff_su2_r1_d6_b01__none,none,lattice_round,6d9336fba414d9de6ac7,0,0,0,0.9693424105644226,0.03065757267177105
PETS_CREDIT_low_eff_su2_r1_d6_b01__none,none,lattice_round,d6c8d45da14422740d61,0,0,0,0.8013816475868225,0.19861836731433868
PETS_CREDIT_low_eff_su2_r1_d6_b01__none,none,lattice_round,59023d919d8b02411eba,0,0,0,0.6395696997642517,0.3604302704334259
PETS_CREDIT_low_eff_su2_r1_d6_b01__none,none,lattice_round,b879cfcb02d4d81aeba4,0,0,0,0.7553383111953735,0.24466173350811005
PETS_CREDIT_low_eff_su2_r1_d6_b01__none,none,lattice_round,3b2a390113c4d06485dc,0,0,1,0.47292596101760864,0.5270740389823914
PETS_CREDIT_low_eff_su2_r1_d6_b01__none,none,lattice_round,8571d45bb39f427604ed,0,0,0,0.7956201434135437,0.20437990128993988
PETS_CREDIT_low_eff_su2_r1_d6_b01__none,none,lattice_round,361e8f44b1d1611bef7b,0,1,0,0.8253152966499329,0.17468468844890594
PETS_CREDIT_low_eff_su2_r1_d6_b01__none,none,lattice_round,d7e4461c953d3771c6a7,0,0,0,0.8437110185623169,0.1562889665365219
PETS_CREDIT_low_eff_su2_r1_d6_b01__none,none,lattice_round,ec68553efb16cb1101b4,0,0,0,0.7509123682975769,0.2490876317024231
PETS_CREDIT_low_eff_su2_r1_d6_b01__none,none,lattice_round,dabd46f07ecd327df2fa,0,0,0,0.8943200707435608,0.10567990690469742
PETS_CREDIT_low_eff_su2_r1_d6_b01__none,none,lattice_round,24ddc25e1ea6b7792cd0,0,0,0,0.874284565448761,0.1257154494524002
PETS_CREDIT_low_eff_su2_r1_d6_b01__none,none,lattice_round,fa88e107f343c7d476d5,0,0,0,0.6509134769439697,0.34908658266067505
PETS_CREDIT_low_eff_su2_r1_d6_b01__none,none,lattice_round,640d06e42b5ea011ade8,0,0,0,0.9147148728370667,0.08528515696525574
PETS_CREDIT_low_eff_su2_r1_d6_b01__none,none,lattice_round,a36d92b052080609dee1,0,0,0,0.778002142906189,0.22199790179729462
PETS_CREDIT_low_eff_su2_r1_d6_b01__none,none,lattice_round,5a9fcf838ed30a3aac42,0,1,0,0.6280321478843689,0.3719678521156311
PETS_CREDIT_low_eff_su2_r1_d6_b01__none,none,lattice_round,cb1682c8107d45afcade,0,0,0,0.771588921546936,0.22841107845306396
PETS_CREDIT_low_eff_su2_r1_d6_b01__none,none,lattice_round,9f0ccb4eb0a2a0319524,0,1,0,0.8198810815811157,0.18011891841888428
PETS_CREDIT_low_eff_su2_r1_d6_b01__none,none,lattice_round,51a20249bac3fb051d8a,0,0,0,0.8681140542030334,0.13188597559928894
PETS_CREDIT_low_eff_su2_r1_d6_b01__none,none,lattice_round,3b9ae330b918d841d986,0,0,0,0.6754705905914307,0.32452937960624695
PETS_CREDIT_low_eff_su2_r1_d6_b01__none,none,lattice_round,d3f4ebd9602fecf775a2,0,0,0,0.9348315596580505,0.06516849249601364
PETS_CREDIT_low_eff_su2_r1_d6_b01__none,none,lattice_round,6aa234f97819dd051df4,0,1,0,0.7123624682426453,0.28763750195503235
PETS_CREDIT_low_eff_su2_r1_d6_b01__none,none,lattice_round,6146ee4e50398bd2590b,0,0,0,0.8127237558364868,0.18727627396583557
PETS_CREDIT_low_eff_su2_r1_d6_b01__none,none,lattice_round,fa640d7805f9d82a715b,0,1,0,0.8298949003219604,0.17010512948036194
PETS_CREDIT_low_eff_su2_r1_d6_b01__none,none,lattice_round,952bdb913d2d4c348219,0,0,0,0.8654572367668152,0.134542778134346
PETS_CREDIT_low_eff_su2_r1_d6_b01__none,none,lattice_round,23fa7db2ef3f6def0edb,0,0,0,0.7728797197341919,0.22712025046348572
PETS_CREDIT_low_eff_su2_r1_d6_b01__none,none,lattice_round,6b7219cfa53e1ae4e686,0,0,0,0.7722630500793457,0.2277369499206543
PETS_CREDIT_low_eff_su2_r1_d6_b01__none,none,lattice_round,aced89ae11db5855474b,0,0,0,0.8342732191085815,0.16572676599025726
PETS_CREDIT_low_eff_su2_r1_d6_b01__none,none,lattice_round,ca9d19862c77009f5491,0,0,0,0.8260849714279175,0.1739150434732437
PETS_CREDIT_low_eff_su2_r1_d6_b01__none,none,lattice_round,4d1823ffdb815ae6ecb7,0,0,0,0.772409200668335,0.22759084403514862
PETS_CREDIT_low_eff_su2_r1_d6_b01__none,none,lattice_round,f28c583d896798880d4b,0,1,0,0.5654308795928955,0.4345691204071045
PETS_CREDIT_low_eff_su2_r1_d6_b01__none,none,lattice_round,6bb99c2791ed089335c3,0,0,0,0.7750252485275269,0.22497475147247314
PETS_CREDIT_low_eff_su2_r1_d6_b01__none,none,lattice_round,cb3611b4495a37479ca8,0,0,0,0.6562702059745789,0.34372979402542114
PETS_CREDIT_low_eff_su2_r1_d6_b01__none,none,lattice_round,e935e8aae78e46bb055f,0,0,0,0.6923412084579468,0.307658851146698
PETS_CREDIT_low_eff_su2_r1_d6_b01__none,none,lattice_round,a3ca0fb9a2bb66673aca,0,0,0,0.7391129732131958,0.2608870267868042
PETS_CREDIT_low_eff_su2_r1_d6_b01__none,none,lattice_round,ea462e2d261554f47693,0,0,0,0.6720107197761536,0.32798928022384644
PETS_CREDIT_low_eff_su2_r1_d6_b01__none,none,lattice_round,89f33d9f24d34571b521,0,0,0,0.7952595949172974,0.2047404646873474
PETS_CREDIT_low_eff_su2_r1_d6_b01__none,none,lattice_round,9cb0a075ed3b1940a582,0,0,0,0.6807907223701477,0.3192092478275299
PETS_CREDIT_low_eff_su2_r1_d6_b01__none,none,lattice_round,e0ac38996eb0bdc23a98,0,0,0,0.8190001845359802,0.18099981546401978
PETS_CREDIT_low_eff_su2_r1_d6_b01__none,none,lattice_round,8e8cdc6e5cd89c5db921,0,1,0,0.5977490544319153,0.4022510051727295
PETS_CREDIT_low_eff_su2_r1_d6_b01__none,none,lattice_round,3600cc2df2f41f06dd9f,0,0,0,0.9708767533302307,0.029123274609446526
PETS_CREDIT_low_eff_su2_r1_d6_b01__none,none,lattice_round,62b1f018472ab0cad11c,0,1,0,0.6643667817115784,0.335633248090744
PETS_CREDIT_low_eff_su2_r1_d6_b01__none,none,lattice_round,69bf508473b2bb6fabc5,0,0,0,0.8693321347236633,0.13066783547401428
PETS_CREDIT_low_eff_su2_r1_d6_b01__none,none,lattice_round,f1c0204d151bcd56dd44,0,0,0,0.849555253982544,0.15044476091861725
PETS_CREDIT_low_eff_su2_r1_d6_b01__none,none,lattice_round,afae12f9bd1a7c209ed4,0,0,0,0.6505928039550781,0.34940722584724426
PETS_CREDIT_low_eff_su2_r1_d6_b01__none,none,lattice_round,12bf473aaa3440c8b5ff,0,1,0,0.5378090143203735,0.46219098567962646
PETS_CREDIT_low_eff_su2_r1_d6_b01__none,none,lattice_round,2c42554fc21e34e31618,0,0,0,0.728988766670227,0.27101123332977295
PETS_CREDIT_low_eff_su2_r1_d6_b01__none,none,lattice_round,eeb7e3f1ff005ef7d74d,0,0,0,0.9723604321479797,0.027639567852020264
PETS_CREDIT_low_eff_su2_r1_d6_b01__none,none,lattice_round,b70a187f814bb3f6b896,0,0,0,0.6429154872894287,0.3570845425128937
PETS_CREDIT_low_eff_su2_r1_d6_b01__none,none,lattice_round,69963fd40681d7eb779e,0,1,0,0.848102331161499,0.15189766883850098
PETS_CREDIT_low_eff_su2_r1_d6_b01__none,none,lattice_round,706df103f86b667d27c8,0,0,0,0.8684141635894775,0.13158588111400604
PETS_CREDIT_low_eff_su2_r1_d6_b01__none,none,lattice_round,6c189be9b000597df02b,0,0,0,0.8168936371803284,0.18310637772083282
PETS_CREDIT_low_eff_su2_r1_d6_b01__none,none,lattice_round,23c9aff9c3cb7e74418f,0,0,0,0.7185993194580078,0.2814007103443146
PETS_CREDIT_low_eff_su2_r1_d6_b01__none,none,lattice_round,9e00c9a73f8502e1beb6,0,0,0,0.79561448097229,0.20438556373119354
PETS_CREDIT_low_eff_su2_r1_d6_b01__none,none,lattice_round,e64f4ae98dbe9cbf0e78,0,0,0,0.8037890195846558,0.196211040019989
PETS_CREDIT_low_eff_su2_r1_d6_b01__none,none,lattice_round,da9134b43c13f8ea3eaf,0,1,0,0.714112401008606,0.28588756918907166
PETS_CREDIT_low_eff_su2_r1_d6_b01__none,none,lattice_round,faaca9baf33f8afbd931,0,1,0,0.6559576392173767,0.3440423309803009
PETS_CREDIT_low_eff_su2_r1_d6_b01__none,none,lattice_round,07849266aa8f190a63f2,0,1,0,0.7216018438339233,0.27839815616607666
PETS_CREDIT_low_eff_su2_r1_d6_b01__none,none,lattice_round,9806bdd560ccf88a9b56,0,0,0,0.8922467827796936,0.1077532097697258
PETS_CREDIT_low_eff_su2_r1_d6_b01__none,none,lattice_round,a524ab5db22ecc35929f,0,0,0,0.8517152070999146,0.14828479290008545
PETS_CREDIT_low_eff_su2_r1_d6_b01__none,none,lattice_round,5d3f74cb6c8c84f1c7a9,0,1,0,0.6060224175453186,0.3939776122570038
PETS_CREDIT_low_eff_su2_r1_d6_b01__none,none,lattice_round,71e1a80803ef248649c3,0,1,0,0.806938648223877,0.19306141138076782
PETS_CREDIT_low_eff_su2_r1_d6_b01__none,none,lattice_round,49e93fd29796be2e21ed,0,1,0,0.708747923374176,0.291252076625824
PETS_CREDIT_low_eff_su2_r1_d6_b01__none,none,lattice_round,128796eb2bd785357a42,0,1,0,0.7075371146202087,0.29246288537979126
PETS_CREDIT_low_eff_su2_r1_d6_b01__none,none,lattice_round,2478313b949e4a19fec5,0,0,0,0.8499538898468018,0.15004612505435944
PETS_CREDIT_low_eff_su2_r1_d6_b01__none,none,lattice_round,1de5fd2a3f26ba72a9c1,0,0,0,0.9485524296760559,0.05144757032394409
PETS_CREDIT_low_eff_su2_r1_d6_b01__none,none,lattice_round,b6a7132e5db71a8c2b53,0,0,0,0.7326555252075195,0.2673444449901581
PETS_CREDIT_low_eff_su2_r1_d6_b01__none,none,lattice_round,cca86135655a3f3f0727,0,0,0,0.6955649256706238,0.3044350743293762
PETS_CREDIT_low_eff_su2_r1_d6_b01__none,none,lattice_round,05cfc0ff414af47c03a5,0,0,0,0.6757044196128845,0.3242955803871155
PETS_CREDIT_low_eff_su2_r1_d6_b01__none,none,lattice_round,86ae722f0d37f010ada6,0,0,0,0.916613757610321,0.08338627219200134
PETS_CREDIT_low_eff_su2_r1_d6_b01__none,none,lattice_round,be9bfaf596c94c10a528,0,0,0,0.7626489996910095,0.23735105991363525
PETS_CREDIT_low_eff_su2_r1_d6_b01__none,none,lattice_round,e60d07bd2196508fe656,0,0,0,0.6178088188171387,0.38219118118286133
PETS_CREDIT_low_eff_su2_r1_d6_b01__none,none,lattice_round,38b74132b04f4f54702c,0,1,0,0.7010442018508911,0.2989558279514313
PETS_CREDIT_low_eff_su2_r1_d6_b01__none,none,lattice_round,34cd383be85fcb382ea6,0,0,0,0.8247485160827637,0.1752515286207199
PETS_CREDIT_low_eff_su2_r1_d6_b01__none,none,lattice_round,5f861fea617a3ee7da16,0,0,0,0.8401702046394348,0.15982981026172638
PETS_CREDIT_low_eff_su2_r1_d6_b01__none,none,lattice_round,c026d0cfa5b1e35d07fe,0,1,0,0.6961873769760132,0.3038126230239868
PETS_CREDIT_low_eff_su2_r1_d6_b01__none,none,lattice_round,9d22795430fd2e16c8dc,0,1,0,0.6228251457214355,0.37717482447624207
PETS_CREDIT_low_eff_su2_r1_d6_b01__none,none,lattice_round,5c7d8f33e88909bece76,0,0,0,0.7518091201782227,0.24819092452526093
PETS_CREDIT_low_eff_su2_r1_d6_b01__none,none,lattice_round,7cca6a89daa8ec654b93,0,0,0,0.8506687879562378,0.149331197142601
PETS_CREDIT_low_eff_su2_r1_d6_b01__none,none,lattice_round,69d9f267431b625e3ab6,0,1,0,0.8782770037651062,0.1217229813337326
PETS_CREDIT_low_eff_su2_r1_d6_b01__none,none,lattice_round,c684bddcfbca03359777,0,1,0,0.6848799586296082,0.31512004137039185
PETS_CREDIT_low_eff_su2_r1_d6_b01__none,none,lattice_round,d186b88534c1a687d1fd,0,0,0,0.815010666847229,0.1849893480539322
PETS_CREDIT_low_eff_su2_r1_d6_b01__none,none,lattice_round,bd462eab4ac062244f72,0,0,0,0.8670666813850403,0.1329333335161209
PETS_CREDIT_low_eff_su2_r1_d6_b01__none,none,lattice_round,f8230eeb11ce4504ac0d,0,0,0,0.8730285167694092,0.1269715130329132
PETS_CREDIT_low_eff_su2_r1_d6_b01__none,none,lattice_round,5a2759bc40afd8b67be0,0,0,0,0.5159195065498352,0.4840804934501648
PETS_CREDIT_low_eff_su2_r1_d6_b01__none,none,lattice_round,5c05a4c2ad473664e305,0,0,0,0.889137327671051,0.11086267232894897
PETS_CREDIT_low_eff_su2_r1_d6_b01__none,none,lattice_round,454401dbf09cdd915140,0,0,0,0.6982825398445129,0.30171748995780945
PETS_CREDIT_low_eff_su2_r1_d6_b01__none,none,lattice_round,22b00e614fc8c9d5c74f,0,0,0,0.8973978757858276,0.10260213166475296
PETS_CREDIT_low_eff_su2_r1_d6_b01__none,none,lattice_round,33f0b58e500322fafc02,0,0,0,0.8097336292266846,0.19026637077331543
PETS_CREDIT_low_eff_su2_r1_d6_b01__none,none,lattice_round,16f7e23f7aabcd74a31a,0,0,0,0.8185948729515076,0.181405171751976
PETS_CREDIT_low_eff_su2_r1_d6_b01__none,none,lattice_round,e9aa13f77c0f352b0b1d,0,1,0,0.6533154845237732,0.3466845154762268
PETS_CREDIT_low_eff_su2_r1_d6_b01__none,none,lattice_round,0f6b78a3676f704d8ccb,0,1,0,0.6380190253257751,0.36198094487190247
PETS_CREDIT_low_eff_su2_r1_d6_b01__none,none,lattice_round,554005cca9a020862607,0,0,0,0.5621328949928284,0.437867134809494
PETS_CREDIT_low_eff_su2_r1_d6_b01__none,none,memgq_lattice,ae429a6a1d645aacb94e,1,0,0,0.786051869392395,0.21394816040992737
PETS_CREDIT_low_eff_su2_r1_d6_b01__none,none,memgq_lattice,70d271c728323ea28d90,1,0,0,0.7977880239486694,0.2022119015455246
PETS_CREDIT_low_eff_su2_r1_d6_b01__none,none,memgq_lattice,434123980ae7f6c38b02,1,0,0,0.779862105846405,0.22013787925243378
PETS_CREDIT_low_eff_su2_r1_d6_b01__none,none,memgq_lattice,b84ff32b3c14263b0dd5,1,1,0,0.7424473166465759,0.2575526535511017
PETS_CREDIT_low_eff_su2_r1_d6_b01__none,none,memgq_lattice,66fa33821884d4568b02,1,0,0,0.7857175469398499,0.21428251266479492
PETS_CREDIT_low_eff_su2_r1_d6_b01__none,none,memgq_lattice,69ef03b5c6f4f7ecef33,1,0,0,0.8000279664993286,0.19997206330299377
PETS_CREDIT_low_eff_su2_r1_d6_b01__none,none,memgq_lattice,c91e3b5a028c06ad1f92,1,0,0,0.7777222394943237,0.22227776050567627
PETS_CREDIT_low_eff_su2_r1_d6_b01__none,none,memgq_lattice,272c38b1ecd099be7890,1,0,0,0.7900992035865784,0.20990078151226044
PETS_CREDIT_low_eff_su2_r1_d6_b01__none,none,memgq_lattice,192395141a760795b97a,1,0,0,0.7993715405464172,0.20062847435474396
PETS_CREDIT_low_eff_su2_r1_d6_b01__none,none,memgq_lattice,ebaf9b6eb6ecde9fb27d,1,0,0,0.7765069603919983,0.22349302470684052
PETS_CREDIT_low_eff_su2_r1_d6_b01__none,none,memgq_lattice,eaab06e0e9770f0cb322,1,0,0,0.7951291799545288,0.20487084984779358
PETS_CREDIT_low_eff_su2_r1_d6_b01__none,none,memgq_lattice,09c28941e61886717e09,1,0,0,0.7328984141349792,0.26710161566734314
PETS_CREDIT_low_eff_su2_r1_d6_b01__none,none,memgq_lattice,092efc45ab978715a8fa,1,0,0,0.782141923904419,0.21785804629325867
PETS_CREDIT_low_eff_su2_r1_d6_b01__none,none,memgq_lattice,bf5a9031a45524933e21,1,0,0,0.8013688921928406,0.19863112270832062
PETS_CREDIT_low_eff_su2_r1_d6_b01__none,none,memgq_lattice,e8613e68d8ca2ea9e7fd,1,0,0,0.801190972328186,0.19880904257297516
PETS_CREDIT_low_eff_su2_r1_d6_b01__none,none,memgq_lattice,d606f1831b9734bb90e1,1,0,0,0.7907646298408508,0.20923538506031036
PETS_CREDIT_low_eff_su2_r1_d6_b01__none,none,memgq_lattice,ac5f40db5db91c18a83b,1,1,0,0.7617524266242981,0.23824763298034668
PETS_CREDIT_low_eff_su2_r1_d6_b01__none,none,memgq_lattice,f97851146238bb9a3754,1,0,0,0.7351499795913696,0.26485002040863037
PETS_CREDIT_low_eff_su2_r1_d6_b01__none,none,memgq_lattice,d2c3d34fb102babfa194,1,0,0,0.7436896562576294,0.256310373544693
PETS_CREDIT_low_eff_su2_r1_d6_b01__none,none,memgq_lattice,81817fc85a01b1cc7dcf,1,0,0,0.768688976764679,0.23131106793880463
PETS_CREDIT_low_eff_su2_r1_d6_b01__none,none,memgq_lattice,a55e4e1cd3465563efc4,1,0,0,0.787916362285614,0.212083637714386
PETS_CREDIT_low_eff_su2_r1_d6_b01__none,none,memgq_lattice,c0daa10532a8487ca803,1,1,0,0.7612603902816772,0.23873960971832275
PETS_CREDIT_low_eff_su2_r1_d6_b01__none,none,memgq_lattice,ab97fae957e08270ffce,1,1,0,0.7968392372131348,0.20316077768802643
PETS_CREDIT_low_eff_su2_r1_d6_b01__none,none,memgq_lattice,0674ce029ebb21d32e38,1,0,0,0.7863287925720215,0.2136712372303009
PETS_CREDIT_low_eff_su2_r1_d6_b01__none,none,memgq_lattice,fbbb0f469e10095b9cc1,1,0,0,0.7458624243736267,0.2541375756263733
PETS_CREDIT_low_eff_su2_r1_d6_b01__none,none,memgq_lattice,bfa7b1aca5d187760a16,1,0,0,0.7578465342521667,0.24215345084667206
PETS_CREDIT_low_eff_su2_r1_d6_b01__none,none,memgq_lattice,26b6a5da65cdaeb8e184,1,0,0,0.7527022361755371,0.24729777872562408
PETS_CREDIT_low_eff_su2_r1_d6_b01__none,none,memgq_lattice,22730a71b34176a3ba37,1,0,0,0.739274799823761,0.2607252299785614
PETS_CREDIT_low_eff_su2_r1_d6_b01__none,none,memgq_lattice,356e520dcf3a6473ffb2,1,0,0,0.7345154881477356,0.2654845118522644
PETS_CREDIT_low_eff_su2_r1_d6_b01__none,none,memgq_lattice,e76cce60bc3507d0d7b2,1,0,0,0.7742658853530884,0.22573412954807281
PETS_CREDIT_low_eff_su2_r1_d6_b01__none,none,memgq_lattice,5584930e99aa4007d628,1,0,0,0.7765610218048096,0.22343896329402924
PETS_CREDIT_low_eff_su2_r1_d6_b01__none,none,memgq_lattice,7c7fe88dcec806be29da,1,0,0,0.7945616245269775,0.20543843507766724
PETS_CREDIT_low_eff_su2_r1_d6_b01__none,none,memgq_lattice,9eb158e3cbe5bc901e26,1,1,1,0.2066941261291504,0.7933058738708496
PETS_CREDIT_low_eff_su2_r1_d6_b01__none,none,memgq_lattice,4e545ca4791d65f44351,1,0,0,0.7734759449958801,0.22652408480644226
PETS_CREDIT_low_eff_su2_r1_d6_b01__none,none,memgq_lattice,7105743f10682ac4a1cc,1,0,0,0.7571243643760681,0.2428756058216095
PETS_CREDIT_low_eff_su2_r1_d6_b01__none,none,memgq_lattice,25282b20e9c64236ec4d,1,1,0,0.759932816028595,0.24006716907024384
PETS_CREDIT_low_eff_su2_r1_d6_b01__none,none,memgq_lattice,5688d9df8bbfc61d89e9,1,1,0,0.7545896172523499,0.24541036784648895
PETS_CREDIT_low_eff_su2_r1_d6_b01__none,none,memgq_lattice,8f95586c1c6fb3f2a750,1,1,0,0.7579662799835205,0.24203374981880188
PETS_CREDIT_low_eff_su2_r1_d6_b01__none,none,memgq_lattice,6c0e663b6848864dc914,1,0,0,0.7344051003456116,0.26559486985206604
PETS_CREDIT_low_eff_su2_r1_d6_b01__none,none,memgq_lattice,07d4d260e30d7cf5b71f,1,0,0,0.7353445291519165,0.2646555006504059
PETS_CREDIT_low_eff_su2_r1_d6_b01__none,none,memgq_lattice,5cb75d859aa2d3df94b0,1,0,0,0.7331281900405884,0.2668718099594116
PETS_CREDIT_low_eff_su2_r1_d6_b01__none,none,memgq_lattice,c536d8f2ff559c7756e7,1,0,0,0.7846943140029907,0.21530573070049286
PETS_CREDIT_low_eff_su2_r1_d6_b01__none,none,memgq_lattice,d8e3c3c718aea110b2d9,1,0,0,0.7333901524543762,0.2666098475456238
PETS_CREDIT_low_eff_su2_r1_d6_b01__none,none,memgq_lattice,7311863aa70952806ffc,1,0,0,0.7702142000198364,0.22978581488132477
PETS_CREDIT_low_eff_su2_r1_d6_b01__none,none,memgq_lattice,0ffd3e39286157b02ad4,1,1,0,0.7830192446708679,0.21698077023029327
PETS_CREDIT_low_eff_su2_r1_d6_b01__none,none,memgq_lattice,dfc3621c683cc1e703cf,1,1,0,0.7653597593307495,0.2346402406692505
PETS_CREDIT_low_eff_su2_r1_d6_b01__none,none,memgq_lattice,f073d35785cf76f1409c,1,1,0,0.7963575720787048,0.20364245772361755
PETS_CREDIT_low_eff_su2_r1_d6_b01__none,none,memgq_lattice,7673e8a0f0b037cc51e5,1,0,0,0.7737085223197937,0.2262915074825287
PETS_CREDIT_low_eff_su2_r1_d6_b01__none,none,memgq_lattice,ce8a11f272895da8cd7f,1,0,0,0.7936949133872986,0.2063051164150238
PETS_CREDIT_low_eff_su2_r1_d6_b01__none,none,memgq_lattice,b0f47ae4b56b3aa4d111,1,0,0,0.7851725816726685,0.21482741832733154
PETS_CREDIT_low_eff_su2_r1_d6_b01__none,none,memgq_lattice,49b15e9ec4784be42cd2,1,0,0,0.799716591835022,0.20028337836265564
PETS_CREDIT_low_eff_su2_r1_d6_b01__none,none,memgq_lattice,a62d80fa1349c54517ce,1,1,0,0.7415832281112671,0.2584168016910553
PETS_CREDIT_low_eff_su2_r1_d6_b01__none,none,memgq_lattice,f3ca91dd8e5aba8d83d9,1,0,0,0.7779685854911804,0.2220313996076584
PETS_CREDIT_low_eff_su2_r1_d6_b01__none,none,memgq_lattice,196d92dfff0523a23237,1,1,0,0.7436000108718872,0.2564000189304352
PETS_CREDIT_low_eff_su2_r1_d6_b01__none,none,memgq_lattice,c9e5785745f04cec0d37,1,0,0,0.7862454056739807,0.2137545794248581
PETS_CREDIT_low_eff_su2_r1_d6_b01__none,none,memgq_lattice,a5628044ec0880a52490,1,0,0,0.7703323364257812,0.22966763377189636
PETS_CREDIT_low_eff_su2_r1_d6_b01__none,none,memgq_lattice,d9170d275d5e05922e82,1,0,0,0.7720739245414734,0.22792606055736542
PETS_CREDIT_low_eff_su2_r1_d6_b01__none,none,memgq_lattice,988a4b4dcb53bafffb01,1,0,0,0.7424055337905884,0.2575944662094116
PETS_CREDIT_low_eff_su2_r1_d6_b01__none,none,memgq_lattice,52f455fd245c9327442c,1,0,0,0.7522686123847961,0.24773140251636505
PETS_CREDIT_low_eff_su2_r1_d6_b01__none,none,memgq_lattice,418dd0dffa2f4aacf5a8,1,0,0,0.800373911857605,0.1996261179447174
PETS_CREDIT_low_eff_su2_r1_d6_b01__none,none,memgq_lattice,c053f623dd8f2bfb7915,1,1,0,0.7704340219497681,0.22956599295139313
PETS_CREDIT_low_eff_su2_r1_d6_b01__none,none,memgq_lattice,f35a2648fd72f049ecda,1,1,0,0.7399036884307861,0.26009634137153625
PETS_CREDIT_low_eff_su2_r1_d6_b01__none,none,memgq_lattice,0a09121dee0e5db09dfe,1,1,0,0.7514395713806152,0.24856042861938477
PETS_CREDIT_low_eff_su2_r1_d6_b01__none,none,memgq_lattice,bf465d63c434358f77e4,1,0,0,0.7712271213531494,0.22877289354801178
PETS_CREDIT_low_eff_su2_r1_d6_b01__none,none,memgq_lattice,6ea2a519a69c09016323,1,0,0,0.7886559963226318,0.21134401857852936
PETS_CREDIT_low_eff_su2_r1_d6_b01__none,none,memgq_lattice,2379dd478643b9cc0bc1,1,0,0,0.7656667828559875,0.23433320224285126
PETS_CREDIT_low_eff_su2_r1_d6_b01__none,none,memgq_lattice,c75c31af2389cc3a594f,1,0,0,0.7802422642707825,0.21975773572921753
PETS_CREDIT_low_eff_su2_r1_d6_b01__none,none,memgq_lattice,619b46d6086e6aad3d84,1,0,0,0.7842602133750916,0.21573981642723083
PETS_CREDIT_low_eff_su2_r1_d6_b01__none,none,memgq_lattice,347bd04364dce3c5342e,1,0,0,0.7683655619621277,0.2316344827413559
PETS_CREDIT_low_eff_su2_r1_d6_b01__none,none,memgq_lattice,4aa64c627cb9b82d7f42,1,1,0,0.7926205992698669,0.20737946033477783
PETS_CREDIT_low_eff_su2_r1_d6_b01__none,none,memgq_lattice,932ae6d0f203c398e4b5,1,0,0,0.7627419233322144,0.23725813627243042
PETS_CREDIT_low_eff_su2_r1_d6_b01__none,none,memgq_lattice,aaff47c50ec280d97eda,1,0,0,0.7617293000221252,0.23827072978019714
PETS_CREDIT_low_eff_su2_r1_d6_b01__none,none,memgq_lattice,7be2869c238aa35d440a,1,1,0,0.731745719909668,0.26825425028800964
PETS_CREDIT_low_eff_su2_r1_d6_b01__none,none,memgq_lattice,bacc1c25b75ae0e1b780,1,0,0,0.7898061275482178,0.21019387245178223
PETS_CREDIT_low_eff_su2_r1_d6_b01__none,none,memgq_lattice,9fc5fbe55717fe6862a4,1,0,0,0.7412107586860657,0.2587892413139343
PETS_CREDIT_low_eff_su2_r1_d6_b01__none,none,memgq_lattice,00405a37dd709b2d51a8,1,0,0,0.7468110918998718,0.25318893790245056
PETS_CREDIT_low_eff_su2_r1_d6_b01__none,none,memgq_lattice,01e7168ae2a624ff9916,1,1,0,0.7603120803833008,0.23968791961669922
PETS_CREDIT_low_eff_su2_r1_d6_b01__none,none,memgq_lattice,c8a7bd1cd35ba1e89b80,1,0,0,0.7960668206214905,0.20393314957618713
PETS_CREDIT_low_eff_su2_r1_d6_b01__none,none,memgq_lattice,877b93e6aa8797d2cd0b,1,0,0,0.7751907706260681,0.22480922937393188
PETS_CREDIT_low_eff_su2_r1_d6_b01__none,none,memgq_lattice,6dcf5bf2e9c47f5b5091,1,0,0,0.7683132886886597,0.23168669641017914
PETS_CREDIT_low_eff_su2_r1_d6_b01__none,none,memgq_lattice,c50e57ca37a497df3a13,1,0,0,0.7407578229904175,0.2592422366142273
PETS_CREDIT_low_eff_su2_r1_d6_b01__none,none,memgq_lattice,39c00d7f6c47885c6fc2,1,1,0,0.736824095249176,0.2631758749485016
PETS_CREDIT_low_eff_su2_r1_d6_b01__none,none,memgq_lattice,e3e282f64bed70282149,1,0,0,0.7916528582572937,0.2083471417427063
PETS_CREDIT_low_eff_su2_r1_d6_b01__none,none,memgq_lattice,5383d08662564ec7ab0d,1,0,0,0.7655932307243347,0.23440682888031006
PETS_CREDIT_low_eff_su2_r1_d6_b01__none,none,memgq_lattice,e030c0aa4ae0f1011f2f,1,0,0,0.7417423129081726,0.258257657289505
PETS_CREDIT_low_eff_su2_r1_d6_b01__none,none,memgq_lattice,1819fe5c399a17316fee,1,0,0,0.750691294670105,0.24930869042873383
PETS_CREDIT_low_eff_su2_r1_d6_b01__none,none,memgq_lattice,d75c3e52dbcaf5a5ec2a,1,0,0,0.781074047088623,0.21892598271369934
PETS_CREDIT_low_eff_su2_r1_d6_b01__none,none,memgq_lattice,a1b01a469dc7802f51d3,1,0,0,0.7796305418014526,0.22036942839622498
PETS_CREDIT_low_eff_su2_r1_d6_b01__none,none,memgq_lattice,a9752ae3047aff503fb3,1,1,0,0.7356793284416199,0.26432064175605774
PETS_CREDIT_low_eff_su2_r1_d6_b01__none,none,memgq_lattice,85bbf6f61dd23b95b6e7,1,0,0,0.7605677843093872,0.2394322007894516
PETS_CREDIT_low_eff_su2_r1_d6_b01__none,none,memgq_lattice,1313972ddf1c6e9eb2c9,1,0,1,0.2290496975183487,0.7709503173828125
PETS_CREDIT_low_eff_su2_r1_d6_b01__none,none,memgq_lattice,ab00e756b29c98fd6674,1,0,0,0.7707142233848572,0.2292858064174652
PETS_CREDIT_low_eff_su2_r1_d6_b01__none,none,memgq_lattice,4b8fbfef25d81e60d4a6,1,0,0,0.7348760366439819,0.2651239335536957
PETS_CREDIT_low_eff_su2_r1_d6_b01__none,none,memgq_lattice,e0b33cacbadcac9f3d26,1,1,0,0.7968068718910217,0.20319317281246185
PETS_CREDIT_low_eff_su2_r1_d6_b01__none,none,memgq_lattice,f05df67fe5ac7ed38643,1,0,0,0.7385945916175842,0.2614053785800934
PETS_CREDIT_low_eff_su2_r1_d6_b01__none,none,memgq_lattice,5f9c02f5ec03a28e4f53,1,0,0,0.7489461302757263,0.2510538697242737
PETS_CREDIT_low_eff_su2_r1_d6_b01__none,none,memgq_lattice,c2f9d20d5b53c00ef5f4,1,0,0,0.7547128200531006,0.2452871948480606
PETS_CREDIT_low_eff_su2_r1_d6_b01__none,none,memgq_lattice,cec5a851be4f6e7c0887,1,0,0,0.7751315832138062,0.22486844658851624
PETS_CREDIT_low_eff_su2_r1_d6_b01__none,none,memgq_lattice,402e2e33d278085f817f,1,0,0,0.7467468976974487,0.2532530725002289
PETS_CREDIT_low_eff_su2_r1_d6_b01__none,none,memgq_lattice,4df4658f2eb41564da87,1,0,0,0.7842971086502075,0.21570290625095367
PETS_CREDIT_low_eff_su2_r1_d6_b01__none,none,memgq_lattice,b2afd8ac93139c6436ca,0,1,0,0.7712125182151794,0.22878745198249817
PETS_CREDIT_low_eff_su2_r1_d6_b01__none,none,memgq_lattice,6a05ad28a1fdde9b37a0,0,0,0,0.7455123066902161,0.2544877231121063
PETS_CREDIT_low_eff_su2_r1_d6_b01__none,none,memgq_lattice,f2ee369cdc3625e84402,0,1,0,0.7539852857589722,0.24601471424102783
PETS_CREDIT_low_eff_su2_r1_d6_b01__none,none,memgq_lattice,ed23b85566b3c29eb402,0,0,0,0.7546729445457458,0.24532702565193176
PETS_CREDIT_low_eff_su2_r1_d6_b01__none,none,memgq_lattice,952fc09bd28a9501f067,0,0,0,0.7722085118293762,0.22779151797294617
PETS_CREDIT_low_eff_su2_r1_d6_b01__none,none,memgq_lattice,2482d33087029d45a132,0,0,0,0.7384197115898132,0.26158028841018677
PETS_CREDIT_low_eff_su2_r1_d6_b01__none,none,memgq_lattice,77bd1f5032833eb7273a,0,0,0,0.7575398683547974,0.24246010184288025
PETS_CREDIT_low_eff_su2_r1_d6_b01__none,none,memgq_lattice,10857fff110d97bd3529,0,1,1,0.21328215301036835,0.7867178320884705
PETS_CREDIT_low_eff_su2_r1_d6_b01__none,none,memgq_lattice,6d9336fba414d9de6ac7,0,0,0,0.7456312775611877,0.25436875224113464
PETS_CREDIT_low_eff_su2_r1_d6_b01__none,none,memgq_lattice,d6c8d45da14422740d61,0,0,0,0.8013816475868225,0.19861836731433868
PETS_CREDIT_low_eff_su2_r1_d6_b01__none,none,memgq_lattice,59023d919d8b02411eba,0,0,0,0.7967753410339355,0.20322458446025848
PETS_CREDIT_low_eff_su2_r1_d6_b01__none,none,memgq_lattice,b879cfcb02d4d81aeba4,0,0,0,0.7553383111953735,0.24466173350811005
PETS_CREDIT_low_eff_su2_r1_d6_b01__none,none,memgq_lattice,3b2a390113c4d06485dc,0,0,1,0.21457792818546295,0.7854220867156982
PETS_CREDIT_low_eff_su2_r1_d6_b01__none,none,memgq_lattice,8571d45bb39f427604ed,0,0,0,0.7956201434135437,0.20437990128993988
PETS_CREDIT_low_eff_su2_r1_d6_b01__none,none,memgq_lattice,361e8f44b1d1611bef7b,0,1,0,0.7606781721115112,0.23932187259197235
PETS_CREDIT_low_eff_su2_r1_d6_b01__none,none,memgq_lattice,d7e4461c953d3771c6a7,0,0,0,0.7841000556945801,0.2159000039100647
PETS_CREDIT_low_eff_su2_r1_d6_b01__none,none,memgq_lattice,ec68553efb16cb1101b4,0,0,0,0.7509123682975769,0.2490876317024231
PETS_CREDIT_low_eff_su2_r1_d6_b01__none,none,memgq_lattice,dabd46f07ecd327df2fa,0,0,0,0.792963981628418,0.2070360630750656
PETS_CREDIT_low_eff_su2_r1_d6_b01__none,none,memgq_lattice,24ddc25e1ea6b7792cd0,0,0,0,0.7588931918144226,0.2411067932844162
PETS_CREDIT_low_eff_su2_r1_d6_b01__none,none,memgq_lattice,fa88e107f343c7d476d5,0,0,0,0.7348632216453552,0.26513680815696716
PETS_CREDIT_low_eff_su2_r1_d6_b01__none,none,memgq_lattice,640d06e42b5ea011ade8,0,0,0,0.7655704617500305,0.23442958295345306
PETS_CREDIT_low_eff_su2_r1_d6_b01__none,none,memgq_lattice,a36d92b052080609dee1,0,0,0,0.778002142906189,0.22199790179729462
PETS_CREDIT_low_eff_su2_r1_d6_b01__none,none,memgq_lattice,5a9fcf838ed30a3aac42,0,1,0,0.7886068224906921,0.21139319241046906
PETS_CREDIT_low_eff_su2_r1_d6_b01__none,none,memgq_lattice,cb1682c8107d45afcade,0,0,0,0.771588921546936,0.22841107845306396
PETS_CREDIT_low_eff_su2_r1_d6_b01__none,none,memgq_lattice,9f0ccb4eb0a2a0319524,0,1,0,0.7538328766822815,0.2461671084165573
PETS_CREDIT_low_eff_su2_r1_d6_b01__none,none,memgq_lattice,51a20249bac3fb051d8a,0,0,0,0.7486869096755981,0.25131309032440186
PETS_CREDIT_low_eff_su2_r1_d6_b01__none,none,memgq_lattice,3b9ae330b918d841d986,0,0,0,0.7557310461997986,0.24426895380020142
PETS_CREDIT_low_eff_su2_r1_d6_b01__none,none,memgq_lattice,d3f4ebd9602fecf775a2,0,0,0,0.7460892200469971,0.25391077995300293
PETS_CREDIT_low_eff_su2_r1_d6_b01__none,none,memgq_lattice,6aa234f97819dd051df4,0,1,0,0.7863844633102417,0.2136155515909195
PETS_CREDIT_low_eff_su2_r1_d6_b01__none,none,memgq_lattice,6146ee4e50398bd2590b,0,0,0,0.7448676824569702,0.2551323175430298
PETS_CREDIT_low_eff_su2_r1_d6_b01__none,none,memgq_lattice,fa640d7805f9d82a715b,0,1,0,0.7664727568626404,0.23352724313735962
PETS_CREDIT_low_eff_su2_r1_d6_b01__none,none,memgq_lattice,952bdb913d2d4c348219,0,0,0,0.7443328499794006,0.25566715002059937
PETS_CREDIT_low_eff_su2_r1_d6_b01__none,none,memgq_lattice,23fa7db2ef3f6def0edb,0,0,0,0.7728797197341919,0.22712025046348572
PETS_CREDIT_low_eff_su2_r1_d6_b01__none,none,memgq_lattice,6b7219cfa53e1ae4e686,0,0,0,0.7722630500793457,0.2277369499206543
PETS_CREDIT_low_eff_su2_r1_d6_b01__none,none,memgq_lattice,aced89ae11db5855474b,0,0,0,0.7720351219177246,0.22796490788459778
PETS_CREDIT_low_eff_su2_r1_d6_b01__none,none,memgq_lattice,ca9d19862c77009f5491,0,0,0,0.7616503238677979,0.23834967613220215
PETS_CREDIT_low_eff_su2_r1_d6_b01__none,none,memgq_lattice,4d1823ffdb815ae6ecb7,0,0,0,0.772409200668335,0.22759084403514862
PETS_CREDIT_low_eff_su2_r1_d6_b01__none,none,memgq_lattice,f28c583d896798880d4b,0,1,0,0.7419248223304749,0.25807517766952515
PETS_CREDIT_low_eff_su2_r1_d6_b01__none,none,memgq_lattice,6bb99c2791ed089335c3,0,0,0,0.7750252485275269,0.22497475147247314
PETS_CREDIT_low_eff_su2_r1_d6_b01__none,none,memgq_lattice,cb3611b4495a37479ca8,0,0,0,0.7394474744796753,0.2605525255203247
PETS_CREDIT_low_eff_su2_r1_d6_b01__none,none,memgq_lattice,e935e8aae78e46bb055f,0,0,0,0.7698509097099304,0.23014912009239197
PETS_CREDIT_low_eff_su2_r1_d6_b01__none,none,memgq_lattice,a3ca0fb9a2bb66673aca,0,0,0,0.7391129732131958,0.2608870267868042
PETS_CREDIT_low_eff_su2_r1_d6_b01__none,none,memgq_lattice,ea462e2d261554f47693,0,0,0,0.7528136968612671,0.2471863031387329
PETS_CREDIT_low_eff_su2_r1_d6_b01__none,none,memgq_lattice,89f33d9f24d34571b521,0,0,0,0.7952595949172974,0.2047404646873474
PETS_CREDIT_low_eff_su2_r1_d6_b01__none,none,memgq_lattice,9cb0a075ed3b1940a582,0,0,0,0.7602025270462036,0.23979750275611877
PETS_CREDIT_low_eff_su2_r1_d6_b01__none,none,memgq_lattice,e0ac38996eb0bdc23a98,0,0,0,0.7527263760566711,0.24727360904216766
PETS_CREDIT_low_eff_su2_r1_d6_b01__none,none,memgq_lattice,8e8cdc6e5cd89c5db921,0,1,0,0.7665368914604187,0.2334631085395813
PETS_CREDIT_low_eff_su2_r1_d6_b01__none,none,memgq_lattice,3600cc2df2f41f06dd9f,0,0,0,0.7555378675460815,0.2444620579481125
PETS_CREDIT_low_eff_su2_r1_d6_b01__none,none,memgq_lattice,62b1f018472ab0cad11c,0,1,0,0.7463420629501343,0.2536579370498657
PETS_CREDIT_low_eff_su2_r1_d6_b01__none,none,memgq_lattice,69bf508473b2bb6fabc5,0,0,0,0.750691294670105,0.24930869042873383
PETS_CREDIT_low_eff_su2_r1_d6_b01__none,none,memgq_lattice,f1c0204d151bcd56dd44,0,0,0,0.7916227579116821,0.20837722718715668
PETS_CREDIT_low_eff_su2_r1_d6_b01__none,none,memgq_lattice,afae12f9bd1a7c209ed4,0,0,0,0.7345882654190063,0.26541173458099365
PETS_CREDIT_low_eff_su2_r1_d6_b01__none,none,memgq_lattice,12bf473aaa3440c8b5ff,0,1,0,0.7926003336906433,0.20739969611167908
PETS_CREDIT_low_eff_su2_r1_d6_b01__none,none,memgq_lattice,2c42554fc21e34e31618,0,0,0,0.7999337911605835,0.20006626844406128
PETS_CREDIT_low_eff_su2_r1_d6_b01__none,none,memgq_lattice,eeb7e3f1ff005ef7d74d,0,0,0,0.7653406858444214,0.2346593290567398
PETS_CREDIT_low_eff_su2_r1_d6_b01__none,none,memgq_lattice,b70a187f814bb3f6b896,0,0,0,0.7991202473640442,0.2008797973394394
PETS_CREDIT_low_eff_su2_r1_d6_b01__none,none,memgq_lattice,69963fd40681d7eb779e,0,1,0,0.7897488474845886,0.21025115251541138
PETS_CREDIT_low_eff_su2_r1_d6_b01__none,none,memgq_lattice,706df103f86b667d27c8,0,0,0,0.749180257320404,0.25081977248191833
PETS_CREDIT_low_eff_su2_r1_d6_b01__none,none,memgq_lattice,6c189be9b000597df02b,0,0,0,0.750083863735199,0.24991615116596222
PETS_CREDIT_low_eff_su2_r1_d6_b01__none,none,memgq_lattice,23c9aff9c3cb7e74418f,0,0,0,0.7914860844612122,0.20851394534111023
PETS_CREDIT_low_eff_su2_r1_d6_b01__none,none,memgq_lattice,9e00c9a73f8502e1beb6,0,0,0,0.79561448097229,0.20438556373119354
PETS_CREDIT_low_eff_su2_r1_d6_b01__none,none,memgq_lattice,e64f4ae98dbe9cbf0e78,0,0,0,0.7337561845779419,0.2662438452243805
PETS_CREDIT_low_eff_su2_r1_d6_b01__none,none,memgq_lattice,da9134b43c13f8ea3eaf,0,1,0,0.787818193435669,0.21218180656433105
PETS_CREDIT_low_eff_su2_r1_d6_b01__none,none,memgq_lattice,faaca9baf33f8afbd931,0,1,0,0.7391805052757263,0.26081952452659607
PETS_CREDIT_low_eff_su2_r1_d6_b01__none,none,memgq_lattice,07849266aa8f190a63f2,0,1,0,0.7939339280128479,0.2060660868883133
PETS_CREDIT_low_eff_su2_r1_d6_b01__none,none,memgq_lattice,9806bdd560ccf88a9b56,0,0,0,0.7893704771995544,0.21062949299812317
PETS_CREDIT_low_eff_su2_r1_d6_b01__none,none,memgq_lattice,a524ab5db22ecc35929f,0,0,0,0.7944132089614868,0.20558682084083557
PETS_CREDIT_low_eff_su2_r1_d6_b01__none,none,memgq_lattice,5d3f74cb6c8c84f1c7a9,0,1,0,0.7726590633392334,0.22734098136425018
PETS_CREDIT_low_eff_su2_r1_d6_b01__none,none,memgq_lattice,71e1a80803ef248649c3,0,1,0,0.7376630306243896,0.26233696937561035
PETS_CREDIT_low_eff_su2_r1_d6_b01__none,none,memgq_lattice,49e93fd29796be2e21ed,0,1,0,0.783417284488678,0.21658273041248322
PETS_CREDIT_low_eff_su2_r1_d6_b01__none,none,memgq_lattice,128796eb2bd785357a42,0,1,0,0.7824215888977051,0.2175784409046173
PETS_CREDIT_low_eff_su2_r1_d6_b01__none,none,memgq_lattice,2478313b949e4a19fec5,0,0,0,0.7921373844146729,0.20786260068416595
PETS_CREDIT_low_eff_su2_r1_d6_b01__none,none,memgq_lattice,1de5fd2a3f26ba72a9c1,0,0,0,0.7906496524810791,0.2093503326177597
PETS_CREDIT_low_eff_su2_r1_d6_b01__none,none,memgq_lattice,b6a7132e5db71a8c2b53,0,0,0,0.7326555252075195,0.2673444449901581
PETS_CREDIT_low_eff_su2_r1_d6_b01__none,none,memgq_lattice,cca86135655a3f3f0727,0,0,0,0.7725293040275574,0.22747072577476501
PETS_CREDIT_low_eff_su2_r1_d6_b01__none,none,memgq_lattice,05cfc0ff414af47c03a5,0,0,0,0.7559279203414917,0.2440721094608307
PETS_CREDIT_low_eff_su2_r1_d6_b01__none,none,memgq_lattice,86ae722f0d37f010ada6,0,0,0,0.7699549198150635,0.2300451248884201
PETS_CREDIT_low_eff_su2_r1_d6_b01__none,none,memgq_lattice,be9bfaf596c94c10a528,0,0,0,0.7626489996910095,0.23735105991363525
PETS_CREDIT_low_eff_su2_r1_d6_b01__none,none,memgq_lattice,e60d07bd2196508fe656,0,0,0,0.7812596559524536,0.21874037384986877
PETS_CREDIT_low_eff_su2_r1_d6_b01__none,none,memgq_lattice,38b74132b04f4f54702c,0,1,0,0.7770673036575317,0.22293271124362946
PETS_CREDIT_low_eff_su2_r1_d6_b01__none,none,memgq_lattice,34cd383be85fcb382ea6,0,0,0,0.7599625587463379,0.2400374412536621
PETS_CREDIT_low_eff_su2_r1_d6_b01__none,none,memgq_lattice,5f861fea617a3ee7da16,0,0,0,0.7795615792274475,0.22043846547603607
PETS_CREDIT_low_eff_su2_r1_d6_b01__none,none,memgq_lattice,c026d0cfa5b1e35d07fe,0,1,0,0.7730457782745361,0.22695425152778625
PETS_CREDIT_low_eff_su2_r1_d6_b01__none,none,memgq_lattice,9d22795430fd2e16c8dc,0,1,0,0.7848777174949646,0.21512232720851898
PETS_CREDIT_low_eff_su2_r1_d6_b01__none,none,memgq_lattice,5c7d8f33e88909bece76,0,0,0,0.7518091201782227,0.24819092452526093
PETS_CREDIT_low_eff_su2_r1_d6_b01__none,none,memgq_lattice,7cca6a89daa8ec654b93,0,0,0,0.7930606603622437,0.20693930983543396
PETS_CREDIT_low_eff_su2_r1_d6_b01__none,none,memgq_lattice,69d9f267431b625e3ab6,0,1,0,0.7655676007270813,0.2344324141740799
PETS_CREDIT_low_eff_su2_r1_d6_b01__none,none,memgq_lattice,c684bddcfbca03359777,0,1,0,0.7636276483535767,0.23637233674526215
PETS_CREDIT_low_eff_su2_r1_d6_b01__none,none,memgq_lattice,d186b88534c1a687d1fd,0,0,0,0.7477260231971741,0.2522739768028259
PETS_CREDIT_low_eff_su2_r1_d6_b01__none,none,memgq_lattice,bd462eab4ac062244f72,0,0,0,0.7469675540924072,0.2530324459075928
PETS_CREDIT_low_eff_su2_r1_d6_b01__none,none,memgq_lattice,f8230eeb11ce4504ac0d,0,0,0,0.756804883480072,0.24319513142108917
PETS_CREDIT_low_eff_su2_r1_d6_b01__none,none,memgq_lattice,5a2759bc40afd8b67be0,0,0,0,0.7777920961380005,0.2222079634666443
PETS_CREDIT_low_eff_su2_r1_d6_b01__none,none,memgq_lattice,5c05a4c2ad473664e305,0,0,0,0.7840110063552856,0.21598902344703674
PETS_CREDIT_low_eff_su2_r1_d6_b01__none,none,memgq_lattice,454401dbf09cdd915140,0,0,0,0.7747823596000671,0.22521767020225525
PETS_CREDIT_low_eff_su2_r1_d6_b01__none,none,memgq_lattice,22b00e614fc8c9d5c74f,0,0,0,0.7983279228210449,0.2016720473766327
PETS_CREDIT_low_eff_su2_r1_d6_b01__none,none,memgq_lattice,33f0b58e500322fafc02,0,0,0,0.74113929271698,0.25886067748069763
PETS_CREDIT_low_eff_su2_r1_d6_b01__none,none,memgq_lattice,16f7e23f7aabcd74a31a,0,0,0,0.7522175312042236,0.24778245389461517
PETS_CREDIT_low_eff_su2_r1_d6_b01__none,none,memgq_lattice,e9aa13f77c0f352b0b1d,0,1,0,0.7369211316108704,0.263078898191452
PETS_CREDIT_low_eff_su2_r1_d6_b01__none,none,memgq_lattice,0f6b78a3676f704d8ccb,0,1,0,0.7956849932670593,0.2043149769306183
PETS_CREDIT_low_eff_su2_r1_d6_b01__none,none,memgq_lattice,554005cca9a020862607,0,0,0,0.739348828792572,0.260651171207428
PETS_CREDIT_low_eff_su2_r1_d6_b01__none,none,memgq_lattice_sticky,ae429a6a1d645aacb94e,1,0,0,0.786051869392395,0.21394816040992737
PETS_CREDIT_low_eff_su2_r1_d6_b01__none,none,memgq_lattice_sticky,70d271c728323ea28d90,1,0,0,0.7977880239486694,0.2022119015455246
PETS_CREDIT_low_eff_su2_r1_d6_b01__none,none,memgq_lattice_sticky,434123980ae7f6c38b02,1,0,0,0.779862105846405,0.22013787925243378
PETS_CREDIT_low_eff_su2_r1_d6_b01__none,none,memgq_lattice_sticky,b84ff32b3c14263b0dd5,1,1,0,0.7424473166465759,0.2575526535511017
PETS_CREDIT_low_eff_su2_r1_d6_b01__none,none,memgq_lattice_sticky,66fa33821884d4568b02,1,0,0,0.7857175469398499,0.21428251266479492
PETS_CREDIT_low_eff_su2_r1_d6_b01__none,none,memgq_lattice_sticky,69ef03b5c6f4f7ecef33,1,0,0,0.8000279664993286,0.19997206330299377
PETS_CREDIT_low_eff_su2_r1_d6_b01__none,none,memgq_lattice_sticky,c91e3b5a028c06ad1f92,1,0,0,0.7777222394943237,0.22227776050567627
PETS_CREDIT_low_eff_su2_r1_d6_b01__none,none,memgq_lattice_sticky,272c38b1ecd099be7890,1,0,0,0.7900992035865784,0.20990078151226044
PETS_CREDIT_low_eff_su2_r1_d6_b01__none,none,memgq_lattice_sticky,192395141a760795b97a,1,0,0,0.7421286702156067,0.2578713595867157
PETS_CREDIT_low_eff_su2_r1_d6_b01__none,none,memgq_lattice_sticky,ebaf9b6eb6ecde9fb27d,1,0,0,0.7809246182441711,0.21907542645931244
PETS_CREDIT_low_eff_su2_r1_d6_b01__none,none,memgq_lattice_sticky,eaab06e0e9770f0cb322,1,0,0,0.7951291799545288,0.20487084984779358
PETS_CREDIT_low_eff_su2_r1_d6_b01__none,none,memgq_lattice_sticky,09c28941e61886717e09,1,0,0,0.7325316667556763,0.2674683630466461
PETS_CREDIT_low_eff_su2_r1_d6_b01__none,none,memgq_lattice_sticky,092efc45ab978715a8fa,1,0,0,0.782141923904419,0.21785804629325867
PETS_CREDIT_low_eff_su2_r1_d6_b01__none,none,memgq_lattice_sticky,bf5a9031a45524933e21,1,0,0,0.8013688921928406,0.19863112270832062
PETS_CREDIT_low_eff_su2_r1_d6_b01__none,none,memgq_lattice_sticky,e8613e68d8ca2ea9e7fd,1,0,0,0.801190972328186,0.19880904257297516
PETS_CREDIT_low_eff_su2_r1_d6_b01__none,none,memgq_lattice_sticky,d606f1831b9734bb90e1,1,0,0,0.7907646298408508,0.20923538506031036
PETS_CREDIT_low_eff_su2_r1_d6_b01__none,none,memgq_lattice_sticky,ac5f40db5db91c18a83b,1,1,0,0.7617524266242981,0.23824763298034668
PETS_CREDIT_low_eff_su2_r1_d6_b01__none,none,memgq_lattice_sticky,f97851146238bb9a3754,1,0,0,0.7351499795913696,0.26485002040863037
PETS_CREDIT_low_eff_su2_r1_d6_b01__none,none,memgq_lattice_sticky,d2c3d34fb102babfa194,1,0,0,0.7436896562576294,0.256310373544693
PETS_CREDIT_low_eff_su2_r1_d6_b01__none,none,memgq_lattice_sticky,81817fc85a01b1cc7dcf,1,0,0,0.7735441327095032,0.22645585238933563
PETS_CREDIT_low_eff_su2_r1_d6_b01__none,none,memgq_lattice_sticky,a55e4e1cd3465563efc4,1,0,0,0.787916362285614,0.212083637714386
PETS_CREDIT_low_eff_su2_r1_d6_b01__none,none,memgq_lattice_sticky,c0daa10532a8487ca803,1,1,0,0.7656483054161072,0.23435170948505402
PETS_CREDIT_low_eff_su2_r1_d6_b01__none,none,memgq_lattice_sticky,ab97fae957e08270ffce,1,1,0,0.7850905656814575,0.21490947902202606
PETS_CREDIT_low_eff_su2_r1_d6_b01__none,none,memgq_lattice_sticky,0674ce029ebb21d32e38,1,0,0,0.7834910750389099,0.21650895476341248
PETS_CREDIT_low_eff_su2_r1_d6_b01__none,none,memgq_lattice_sticky,fbbb0f469e10095b9cc1,1,0,0,0.7458624243736267,0.2541375756263733
PETS_CREDIT_low_eff_su2_r1_d6_b01__none,none,memgq_lattice_sticky,bfa7b1aca5d187760a16,1,0,0,0.7578465342521667,0.24215345084667206
PETS_CREDIT_low_eff_su2_r1_d6_b01__none,none,memgq_lattice_sticky,26b6a5da65cdaeb8e184,1,0,0,0.7527022361755371,0.24729777872562408
PETS_CREDIT_low_eff_su2_r1_d6_b01__none,none,memgq_lattice_sticky,22730a71b34176a3ba37,1,0,0,0.7389137148857117,0.2610863149166107
PETS_CREDIT_low_eff_su2_r1_d6_b01__none,none,memgq_lattice_sticky,356e520dcf3a6473ffb2,1,0,0,0.7341501712799072,0.26584985852241516
PETS_CREDIT_low_eff_su2_r1_d6_b01__none,none,memgq_lattice_sticky,e76cce60bc3507d0d7b2,1,0,0,0.7742658853530884,0.22573412954807281
PETS_CREDIT_low_eff_su2_r1_d6_b01__none,none,memgq_lattice_sticky,5584930e99aa4007d628,1,0,0,0.7736309766769409,0.22636903822422028
PETS_CREDIT_low_eff_su2_r1_d6_b01__none,none,memgq_lattice_sticky,7c7fe88dcec806be29da,1,0,0,0.7945616245269775,0.20543843507766724
PETS_CREDIT_low_eff_su2_r1_d6_b01__none,none,memgq_lattice_sticky,9eb158e3cbe5bc901e26,1,1,1,0.2066941261291504,0.7933058738708496
PETS_CREDIT_low_eff_su2_r1_d6_b01__none,none,memgq_lattice_sticky,4e545ca4791d65f44351,1,0,0,0.7734759449958801,0.22652408480644226
PETS_CREDIT_low_eff_su2_r1_d6_b01__none,none,memgq_lattice_sticky,7105743f10682ac4a1cc,1,0,0,0.7571243643760681,0.2428756058216095
PETS_CREDIT_low_eff_su2_r1_d6_b01__none,none,memgq_lattice_sticky,25282b20e9c64236ec4d,1,1,0,0.759932816028595,0.24006716907024384
PETS_CREDIT_low_eff_su2_r1_d6_b01__none,none,memgq_lattice_sticky,5688d9df8bbfc61d89e9,1,1,0,0.7593061923980713,0.24069379270076752
PETS_CREDIT_low_eff_su2_r1_d6_b01__none,none,memgq_lattice_sticky,8f95586c1c6fb3f2a750,1,1,0,0.7626383900642395,0.23736165463924408
PETS_CREDIT_low_eff_su2_r1_d6_b01__none,none,memgq_lattice_sticky,6c0e663b6848864dc914,1,0,0,0.8002461791038513,0.19975385069847107
PETS_CREDIT_low_eff_su2_r1_d6_b01__none,none,memgq_lattice_sticky,07d4d260e30d7cf5b71f,1,0,0,0.7353445291519165,0.2646555006504059
PETS_CREDIT_low_eff_su2_r1_d6_b01__none,none,memgq_lattice_sticky,5cb75d859aa2d3df94b0,1,0,0,0.7331281900405884,0.2668718099594116
PETS_CREDIT_low_eff_su2_r1_d6_b01__none,none,memgq_lattice_sticky,c536d8f2ff559c7756e7,1,0,0,0.7846943140029907,0.21530573070049286
PETS_CREDIT_low_eff_su2_r1_d6_b01__none,none,memgq_lattice_sticky,d8e3c3c718aea110b2d9,1,0,0,0.7333901524543762,0.2666098475456238
PETS_CREDIT_low_eff_su2_r1_d6_b01__none,none,memgq_lattice_sticky,7311863aa70952806ffc,1,0,0,0.7702142000198364,0.22978581488132477
PETS_CREDIT_low_eff_su2_r1_d6_b01__none,none,memgq_lattice_sticky,0ffd3e39286157b02ad4,1,1,0,0.7830192446708679,0.21698077023029327
PETS_CREDIT_low_eff_su2_r1_d6_b01__none,none,memgq_lattice_sticky,dfc3621c683cc1e703cf,1,1,0,0.7653597593307495,0.2346402406692505
PETS_CREDIT_low_eff_su2_r1_d6_b01__none,none,memgq_lattice_sticky,f073d35785cf76f1409c,1,1,0,0.7963575720787048,0.20364245772361755
PETS_CREDIT_low_eff_su2_r1_d6_b01__none,none,memgq_lattice_sticky,7673e8a0f0b037cc51e5,1,0,0,0.7737085223197937,0.2262915074825287
PETS_CREDIT_low_eff_su2_r1_d6_b01__none,none,memgq_lattice_sticky,ce8a11f272895da8cd7f,1,0,0,0.7936949133872986,0.2063051164150238
PETS_CREDIT_low_eff_su2_r1_d6_b01__none,none,memgq_lattice_sticky,b0f47ae4b56b3aa4d111,1,0,0,0.7894653677940369,0.21053463220596313
PETS_CREDIT_low_eff_su2_r1_d6_b01__none,none,memgq_lattice_sticky,49b15e9ec4784be42cd2,1,0,0,0.799716591835022,0.20028337836265564
PETS_CREDIT_low_eff_su2_r1_d6_b01__none,none,memgq_lattice_sticky,a62d80fa1349c54517ce,1,1,0,0.7415832281112671,0.2584168016910553
PETS_CREDIT_low_eff_su2_r1_d6_b01__none,none,memgq_lattice_sticky,f3ca91dd8e5aba8d83d9,1,0,0,0.7779685854911804,0.2220313996076584
PETS_CREDIT_low_eff_su2_r1_d6_b01__none,none,memgq_lattice_sticky,196d92dfff0523a23237,1,1,0,0.7436000108718872,0.2564000189304352
PETS_CREDIT_low_eff_su2_r1_d6_b01__none,none,memgq_lattice_sticky,c9e5785745f04cec0d37,1,0,0,0.7862454056739807,0.2137545794248581
PETS_CREDIT_low_eff_su2_r1_d6_b01__none,none,memgq_lattice_sticky,a5628044ec0880a52490,1,0,0,0.7686923146247864,0.23130768537521362
PETS_CREDIT_low_eff_su2_r1_d6_b01__none,none,memgq_lattice_sticky,d9170d275d5e05922e82,1,0,0,0.7720739245414734,0.22792606055736542
PETS_CREDIT_low_eff_su2_r1_d6_b01__none,none,memgq_lattice_sticky,988a4b4dcb53bafffb01,1,0,0,0.7456068992614746,0.2543931305408478
PETS_CREDIT_low_eff_su2_r1_d6_b01__none,none,memgq_lattice_sticky,52f455fd245c9327442c,1,0,0,0.7522686123847961,0.24773140251636505
PETS_CREDIT_low_eff_su2_r1_d6_b01__none,none,memgq_lattice_sticky,418dd0dffa2f4aacf5a8,1,0,0,0.800373911857605,0.1996261179447174
PETS_CREDIT_low_eff_su2_r1_d6_b01__none,none,memgq_lattice_sticky,c053f623dd8f2bfb7915,1,1,0,0.7704340219497681,0.22956599295139313
PETS_CREDIT_low_eff_su2_r1_d6_b01__none,none,memgq_lattice_sticky,f35a2648fd72f049ecda,1,1,0,0.7399036884307861,0.26009634137153625
PETS_CREDIT_low_eff_su2_r1_d6_b01__none,none,memgq_lattice_sticky,0a09121dee0e5db09dfe,1,1,0,0.7517891526222229,0.2482108175754547
PETS_CREDIT_low_eff_su2_r1_d6_b01__none,none,memgq_lattice_sticky,bf465d63c434358f77e4,1,0,0,0.7636520862579346,0.23634792864322662
PETS_CREDIT_low_eff_su2_r1_d6_b01__none,none,memgq_lattice_sticky,6ea2a519a69c09016323,1,0,0,0.7886559963226318,0.21134401857852936
PETS_CREDIT_low_eff_su2_r1_d6_b01__none,none,memgq_lattice_sticky,2379dd478643b9cc0bc1,1,0,0,0.7656667828559875,0.23433320224285126
PETS_CREDIT_low_eff_su2_r1_d6_b01__none,none,memgq_lattice_sticky,c75c31af2389cc3a594f,1,0,0,0.7802422642707825,0.21975773572921753
PETS_CREDIT_low_eff_su2_r1_d6_b01__none,none,memgq_lattice_sticky,619b46d6086e6aad3d84,1,0,0,0.7842602133750916,0.21573981642723083
PETS_CREDIT_low_eff_su2_r1_d6_b01__none,none,memgq_lattice_sticky,347bd04364dce3c5342e,1,0,0,0.7683655619621277,0.2316344827413559
PETS_CREDIT_low_eff_su2_r1_d6_b01__none,none,memgq_lattice_sticky,4aa64c627cb9b82d7f42,1,1,0,0.7898440957069397,0.2101559191942215
PETS_CREDIT_low_eff_su2_r1_d6_b01__none,none,memgq_lattice_sticky,932ae6d0f203c398e4b5,1,0,0,0.7753627896308899,0.22463726997375488
PETS_CREDIT_low_eff_su2_r1_d6_b01__none,none,memgq_lattice_sticky,aaff47c50ec280d97eda,1,0,0,0.7617293000221252,0.23827072978019714
PETS_CREDIT_low_eff_su2_r1_d6_b01__none,none,memgq_lattice_sticky,7be2869c238aa35d440a,1,1,0,0.731745719909668,0.26825425028800964
PETS_CREDIT_low_eff_su2_r1_d6_b01__none,none,memgq_lattice_sticky,bacc1c25b75ae0e1b780,1,0,0,0.7898061275482178,0.21019387245178223
PETS_CREDIT_low_eff_su2_r1_d6_b01__none,none,memgq_lattice_sticky,9fc5fbe55717fe6862a4,1,0,0,0.7412107586860657,0.2587892413139343
PETS_CREDIT_low_eff_su2_r1_d6_b01__none,none,memgq_lattice_sticky,00405a37dd709b2d51a8,1,0,0,0.7331381440162659,0.26686182618141174
PETS_CREDIT_low_eff_su2_r1_d6_b01__none,none,memgq_lattice_sticky,01e7168ae2a624ff9916,1,1,0,0.7603120803833008,0.23968791961669922
PETS_CREDIT_low_eff_su2_r1_d6_b01__none,none,memgq_lattice_sticky,c8a7bd1cd35ba1e89b80,1,0,0,0.7933244705200195,0.20667554438114166
PETS_CREDIT_low_eff_su2_r1_d6_b01__none,none,memgq_lattice_sticky,877b93e6aa8797d2cd0b,1,0,0,0.7751907706260681,0.22480922937393188
PETS_CREDIT_low_eff_su2_r1_d6_b01__none,none,memgq_lattice_sticky,6dcf5bf2e9c47f5b5091,1,0,0,0.7666632533073425,0.23333676159381866
PETS_CREDIT_low_eff_su2_r1_d6_b01__none,none,memgq_lattice_sticky,c50e57ca37a497df3a13,1,0,0,0.75104159116745,0.24895839393138885
PETS_CREDIT_low_eff_su2_r1_d6_b01__none,none,memgq_lattice_sticky,39c00d7f6c47885c6fc2,1,1,0,0.736824095249176,0.2631758749485016
PETS_CREDIT_low_eff_su2_r1_d6_b01__none,none,memgq_lattice_sticky,e3e282f64bed70282149,1,0,0,0.7916528582572937,0.2083471417427063
PETS_CREDIT_low_eff_su2_r1_d6_b01__none,none,memgq_lattice_sticky,5383d08662564ec7ab0d,1,0,0,0.7655932307243347,0.23440682888031006
PETS_CREDIT_low_eff_su2_r1_d6_b01__none,none,memgq_lattice_sticky,e030c0aa4ae0f1011f2f,1,0,0,0.7417423129081726,0.258257657289505
PETS_CREDIT_low_eff_su2_r1_d6_b01__none,none,memgq_lattice_sticky,1819fe5c399a17316fee,1,0,0,0.750691294670105,0.24930869042873383
PETS_CREDIT_low_eff_su2_r1_d6_b01__none,none,memgq_lattice_sticky,d75c3e52dbcaf5a5ec2a,1,0,0,0.781074047088623,0.21892598271369934
PETS_CREDIT_low_eff_su2_r1_d6_b01__none,none,memgq_lattice_sticky,a1b01a469dc7802f51d3,1,0,0,0.7799521088600159,0.22004789113998413
PETS_CREDIT_low_eff_su2_r1_d6_b01__none,none,memgq_lattice_sticky,a9752ae3047aff503fb3,1,1,0,0.7356793284416199,0.26432064175605774
PETS_CREDIT_low_eff_su2_r1_d6_b01__none,none,memgq_lattice_sticky,85bbf6f61dd23b95b6e7,1,0,0,0.7605677843093872,0.2394322007894516
PETS_CREDIT_low_eff_su2_r1_d6_b01__none,none,memgq_lattice_sticky,1313972ddf1c6e9eb2c9,1,0,1,0.2290496975183487,0.7709503173828125
PETS_CREDIT_low_eff_su2_r1_d6_b01__none,none,memgq_lattice_sticky,ab00e756b29c98fd6674,1,0,0,0.7707142233848572,0.2292858064174652
PETS_CREDIT_low_eff_su2_r1_d6_b01__none,none,memgq_lattice_sticky,4b8fbfef25d81e60d4a6,1,0,0,0.7348760366439819,0.2651239335536957
PETS_CREDIT_low_eff_su2_r1_d6_b01__none,none,memgq_lattice_sticky,e0b33cacbadcac9f3d26,1,1,0,0.7968068718910217,0.20319317281246185
PETS_CREDIT_low_eff_su2_r1_d6_b01__none,none,memgq_lattice_sticky,f05df67fe5ac7ed38643,1,0,0,0.7385945916175842,0.2614053785800934
PETS_CREDIT_low_eff_su2_r1_d6_b01__none,none,memgq_lattice_sticky,5f9c02f5ec03a28e4f53,1,0,0,0.7368167042732239,0.2631832957267761
PETS_CREDIT_low_eff_su2_r1_d6_b01__none,none,memgq_lattice_sticky,c2f9d20d5b53c00ef5f4,1,0,0,0.7547128200531006,0.2452871948480606
PETS_CREDIT_low_eff_su2_r1_d6_b01__none,none,memgq_lattice_sticky,cec5a851be4f6e7c0887,1,0,0,0.7751315832138062,0.22486844658851624
PETS_CREDIT_low_eff_su2_r1_d6_b01__none,none,memgq_lattice_sticky,402e2e33d278085f817f,1,0,0,0.7467468976974487,0.2532530725002289
PETS_CREDIT_low_eff_su2_r1_d6_b01__none,none,memgq_lattice_sticky,4df4658f2eb41564da87,1,0,0,0.7842971086502075,0.21570290625095367
PETS_CREDIT_low_eff_su2_r1_d6_b01__none,none,memgq_lattice_sticky,b2afd8ac93139c6436ca,0,1,0,0.7712125182151794,0.22878745198249817
PETS_CREDIT_low_eff_su2_r1_d6_b01__none,none,memgq_lattice_sticky,6a05ad28a1fdde9b37a0,0,0,0,0.7455123066902161,0.2544877231121063
PETS_CREDIT_low_eff_su2_r1_d6_b01__none,none,memgq_lattice_sticky,f2ee369cdc3625e84402,0,1,0,0.7539852857589722,0.24601471424102783
PETS_CREDIT_low_eff_su2_r1_d6_b01__none,none,memgq_lattice_sticky,ed23b85566b3c29eb402,0,0,0,0.7546729445457458,0.24532702565193176
PETS_CREDIT_low_eff_su2_r1_d6_b01__none,none,memgq_lattice_sticky,952fc09bd28a9501f067,0,0,0,0.7722085118293762,0.22779151797294617
PETS_CREDIT_low_eff_su2_r1_d6_b01__none,none,memgq_lattice_sticky,2482d33087029d45a132,0,0,0,0.7430857419967651,0.25691428780555725
PETS_CREDIT_low_eff_su2_r1_d6_b01__none,none,memgq_lattice_sticky,77bd1f5032833eb7273a,0,0,0,0.7575398683547974,0.24246010184288025
PETS_CREDIT_low_eff_su2_r1_d6_b01__none,none,memgq_lattice_sticky,10857fff110d97bd3529,0,1,1,0.21328215301036835,0.7867178320884705
PETS_CREDIT_low_eff_su2_r1_d6_b01__none,none,memgq_lattice_sticky,6d9336fba414d9de6ac7,0,0,0,0.7409954071044922,0.2590045928955078
PETS_CREDIT_low_eff_su2_r1_d6_b01__none,none,memgq_lattice_sticky,d6c8d45da14422740d61,0,0,0,0.8013816475868225,0.19861836731433868
PETS_CREDIT_low_eff_su2_r1_d6_b01__none,none,memgq_lattice_sticky,59023d919d8b02411eba,0,0,0,0.800895094871521,0.19910487532615662
PETS_CREDIT_low_eff_su2_r1_d6_b01__none,none,memgq_lattice_sticky,b879cfcb02d4d81aeba4,0,0,0,0.7553383111953735,0.24466173350811005
PETS_CREDIT_low_eff_su2_r1_d6_b01__none,none,memgq_lattice_sticky,3b2a390113c4d06485dc,0,0,1,0.21457792818546295,0.7854220867156982
PETS_CREDIT_low_eff_su2_r1_d6_b01__none,none,memgq_lattice_sticky,8571d45bb39f427604ed,0,0,0,0.7376582026481628,0.26234179735183716
PETS_CREDIT_low_eff_su2_r1_d6_b01__none,none,memgq_lattice_sticky,361e8f44b1d1611bef7b,0,1,0,0.7610188722610474,0.23898115754127502
PETS_CREDIT_low_eff_su2_r1_d6_b01__none,none,memgq_lattice_sticky,d7e4461c953d3771c6a7,0,0,0,0.7841000556945801,0.2159000039100647
PETS_CREDIT_low_eff_su2_r1_d6_b01__none,none,memgq_lattice_sticky,ec68553efb16cb1101b4,0,0,0,0.7509123682975769,0.2490876317024231
PETS_CREDIT_low_eff_su2_r1_d6_b01__none,none,memgq_lattice_sticky,dabd46f07ecd327df2fa,0,0,0,0.792963981628418,0.2070360630750656
PETS_CREDIT_low_eff_su2_r1_d6_b01__none,none,memgq_lattice_sticky,24ddc25e1ea6b7792cd0,0,0,0,0.7588931918144226,0.2411067932844162
PETS_CREDIT_low_eff_su2_r1_d6_b01__none,none,memgq_lattice_sticky,fa88e107f343c7d476d5,0,0,0,0.7348632216453552,0.26513680815696716
PETS_CREDIT_low_eff_su2_r1_d6_b01__none,none,memgq_lattice_sticky,640d06e42b5ea011ade8,0,0,0,0.7556915283203125,0.2443084716796875
PETS_CREDIT_low_eff_su2_r1_d6_b01__none,none,memgq_lattice_sticky,a36d92b052080609dee1,0,0,0,0.778002142906189,0.22199790179729462
PETS_CREDIT_low_eff_su2_r1_d6_b01__none,none,memgq_lattice_sticky,5a9fcf838ed30a3aac42,0,1,0,0.7886068224906921,0.21139319241046906
PETS_CREDIT_low_eff_su2_r1_d6_b01__none,none,memgq_lattice_sticky,cb1682c8107d45afcade,0,0,0,0.771588921546936,0.22841107845306396
PETS_CREDIT_low_eff_su2_r1_d6_b01__none,none,memgq_lattice_sticky,9f0ccb4eb0a2a0319524,0,1,0,0.7538328766822815,0.2461671084165573
PETS_CREDIT_low_eff_su2_r1_d6_b01__none,none,memgq_lattice_sticky,51a20249bac3fb051d8a,0,0,0,0.7483344078063965,0.25166556239128113
PETS_CREDIT_low_eff_su2_r1_d6_b01__none,none,memgq_lattice_sticky,3b9ae330b918d841d986,0,0,0,0.7557310461997986,0.24426895380020142
PETS_CREDIT_low_eff_su2_r1_d6_b01__none,none,memgq_lattice_sticky,d3f4ebd9602fecf775a2,0,0,0,0.7460892200469971,0.25391077995300293
PETS_CREDIT_low_eff_su2_r1_d6_b01__none,none,memgq_lattice_sticky,6aa234f97819dd051df4,0,1,0,0.7863844633102417,0.2136155515909195
PETS_CREDIT_low_eff_su2_r1_d6_b01__none,none,memgq_lattice_sticky,6146ee4e50398bd2590b,0,0,0,0.7448676824569702,0.2551323175430298
PETS_CREDIT_low_eff_su2_r1_d6_b01__none,none,memgq_lattice_sticky,fa640d7805f9d82a715b,0,1,0,0.7664727568626404,0.23352724313735962
PETS_CREDIT_low_eff_su2_r1_d6_b01__none,none,memgq_lattice_sticky,952bdb913d2d4c348219,0,0,0,0.7439762949943542,0.25602367520332336
PETS_CREDIT_low_eff_su2_r1_d6_b01__none,none,memgq_lattice_sticky,23fa7db2ef3f6def0edb,0,0,0,0.7712525129318237,0.22874750196933746
PETS_CREDIT_low_eff_su2_r1_d6_b01__none,none,memgq_lattice_sticky,6b7219cfa53e1ae4e686,0,0,0,0.7722630500793457,0.2277369499206543
PETS_CREDIT_low_eff_su2_r1_d6_b01__none,none,memgq_lattice_sticky,aced89ae11db5855474b,0,0,0,0.7720351219177246,0.22796490788459778
PETS_CREDIT_low_eff_su2_r1_d6_b01__none,none,memgq_lattice_sticky,ca9d19862c77009f5491,0,0,0,0.7599676251411438,0.240032359957695
PETS_CREDIT_low_eff_su2_r1_d6_b01__none,none,memgq_lattice_sticky,4d1823ffdb815ae6ecb7,0,0,0,0.772409200668335,0.22759084403514862
PETS_CREDIT_low_eff_su2_r1_d6_b01__none,none,memgq_lattice_sticky,f28c583d896798880d4b,0,1,0,0.7465497851371765,0.2534502148628235
PETS_CREDIT_low_eff_su2_r1_d6_b01__none,none,memgq_lattice_sticky,6bb99c2791ed089335c3,0,0,0,0.7779424786567688,0.2220575362443924
PETS_CREDIT_low_eff_su2_r1_d6_b01__none,none,memgq_lattice_sticky,cb3611b4495a37479ca8,0,0,0,0.7394474744796753,0.2605525255203247
PETS_CREDIT_low_eff_su2_r1_d6_b01__none,none,memgq_lattice_sticky,e935e8aae78e46bb055f,0,0,0,0.7698509097099304,0.23014912009239197
PETS_CREDIT_low_eff_su2_r1_d6_b01__none,none,memgq_lattice_sticky,a3ca0fb9a2bb66673aca,0,0,0,0.7391129732131958,0.2608870267868042
PETS_CREDIT_low_eff_su2_r1_d6_b01__none,none,memgq_lattice_sticky,ea462e2d261554f47693,0,0,0,0.7575533986091614,0.24244660139083862
PETS_CREDIT_low_eff_su2_r1_d6_b01__none,none,memgq_lattice_sticky,89f33d9f24d34571b521,0,0,0,0.7952595949172974,0.2047404646873474
PETS_CREDIT_low_eff_su2_r1_d6_b01__none,none,memgq_lattice_sticky,9cb0a075ed3b1940a582,0,0,0,0.764603853225708,0.23539617657661438
PETS_CREDIT_low_eff_su2_r1_d6_b01__none,none,memgq_lattice_sticky,e0ac38996eb0bdc23a98,0,0,0,0.7527263760566711,0.24727360904216766
PETS_CREDIT_low_eff_su2_r1_d6_b01__none,none,memgq_lattice_sticky,8e8cdc6e5cd89c5db921,0,1,0,0.7665368914604187,0.2334631085395813
PETS_CREDIT_low_eff_su2_r1_d6_b01__none,none,memgq_lattice_sticky,3600cc2df2f41f06dd9f,0,0,0,0.7453768849372864,0.2546231150627136
PETS_CREDIT_low_eff_su2_r1_d6_b01__none,none,memgq_lattice_sticky,62b1f018472ab0cad11c,0,1,0,0.7511648535728455,0.24883511662483215
PETS_CREDIT_low_eff_su2_r1_d6_b01__none,none,memgq_lattice_sticky,69bf508473b2bb6fabc5,0,0,0,0.750691294670105,0.24930869042873383
PETS_CREDIT_low_eff_su2_r1_d6_b01__none,none,memgq_lattice_sticky,f1c0204d151bcd56dd44,0,0,0,0.7916227579116821,0.20837722718715668
PETS_CREDIT_low_eff_su2_r1_d6_b01__none,none,memgq_lattice_sticky,afae12f9bd1a7c209ed4,0,0,0,0.7345882654190063,0.26541173458099365
PETS_CREDIT_low_eff_su2_r1_d6_b01__none,none,memgq_lattice_sticky,12bf473aaa3440c8b5ff,0,1,0,0.8013790249824524,0.1986209899187088
PETS_CREDIT_low_eff_su2_r1_d6_b01__none,none,memgq_lattice_sticky,2c42554fc21e34e31618,0,0,0,0.7999337911605835,0.20006626844406128
PETS_CREDIT_low_eff_su2_r1_d6_b01__none,none,memgq_lattice_sticky,eeb7e3f1ff005ef7d74d,0,0,0,0.7653406858444214,0.2346593290567398
PETS_CREDIT_low_eff_su2_r1_d6_b01__none,none,memgq_lattice_sticky,b70a187f814bb3f6b896,0,0,0,0.790267825126648,0.20973220467567444
PETS_CREDIT_low_eff_su2_r1_d6_b01__none,none,memgq_lattice_sticky,69963fd40681d7eb779e,0,1,0,0.7897488474845886,0.21025115251541138
PETS_CREDIT_low_eff_su2_r1_d6_b01__none,none,memgq_lattice_sticky,706df103f86b667d27c8,0,0,0,0.749180257320404,0.25081977248191833
PETS_CREDIT_low_eff_su2_r1_d6_b01__none,none,memgq_lattice_sticky,6c189be9b000597df02b,0,0,0,0.750083863735199,0.24991615116596222
PETS_CREDIT_low_eff_su2_r1_d6_b01__none,none,memgq_lattice_sticky,23c9aff9c3cb7e74418f,0,0,0,0.7872233390808105,0.21277664601802826
PETS_CREDIT_low_eff_su2_r1_d6_b01__none,none,memgq_lattice_sticky,9e00c9a73f8502e1beb6,0,0,0,0.79561448097229,0.20438556373119354
PETS_CREDIT_low_eff_su2_r1_d6_b01__none,none,memgq_lattice_sticky,e64f4ae98dbe9cbf0e78,0,0,0,0.7337561845779419,0.2662438452243805
PETS_CREDIT_low_eff_su2_r1_d6_b01__none,none,memgq_lattice_sticky,da9134b43c13f8ea3eaf,0,1,0,0.787818193435669,0.21218180656433105
PETS_CREDIT_low_eff_su2_r1_d6_b01__none,none,memgq_lattice_sticky,faaca9baf33f8afbd931,0,1,0,0.7391805052757263,0.26081952452659607
PETS_CREDIT_low_eff_su2_r1_d6_b01__none,none,memgq_lattice_sticky,07849266aa8f190a63f2,0,1,0,0.7939339280128479,0.2060660868883133
PETS_CREDIT_low_eff_su2_r1_d6_b01__none,none,memgq_lattice_sticky,9806bdd560ccf88a9b56,0,0,0,0.7850763201713562,0.2149236798286438
PETS_CREDIT_low_eff_su2_r1_d6_b01__none,none,memgq_lattice_sticky,a524ab5db22ecc35929f,0,0,0,0.7944132089614868,0.20558682084083557
PETS_CREDIT_low_eff_su2_r1_d6_b01__none,none,memgq_lattice_sticky,5d3f74cb6c8c84f1c7a9,0,1,0,0.7710306644439697,0.22896932065486908
PETS_CREDIT_low_eff_su2_r1_d6_b01__none,none,memgq_lattice_sticky,71e1a80803ef248649c3,0,1,0,0.7409027814865112,0.25909721851348877
PETS_CREDIT_low_eff_su2_r1_d6_b01__none,none,memgq_lattice_sticky,49e93fd29796be2e21ed,0,1,0,0.783417284488678,0.21658273041248322
PETS_CREDIT_low_eff_su2_r1_d6_b01__none,none,memgq_lattice_sticky,128796eb2bd785357a42,0,1,0,0.7839915752410889,0.21600839495658875
PETS_CREDIT_low_eff_su2_r1_d6_b01__none,none,memgq_lattice_sticky,2478313b949e4a19fec5,0,0,0,0.7921373844146729,0.20786260068416595
PETS_CREDIT_low_eff_su2_r1_d6_b01__none,none,memgq_lattice_sticky,1de5fd2a3f26ba72a9c1,0,0,0,0.7906496524810791,0.2093503326177597
PETS_CREDIT_low_eff_su2_r1_d6_b01__none,none,memgq_lattice_sticky,b6a7132e5db71a8c2b53,0,0,0,0.7326555252075195,0.2673444449901581
PETS_CREDIT_low_eff_su2_r1_d6_b01__none,none,memgq_lattice_sticky,cca86135655a3f3f0727,0,0,0,0.7628527879714966,0.23714718222618103
PETS_CREDIT_low_eff_su2_r1_d6_b01__none,none,memgq_lattice_sticky,05cfc0ff414af47c03a5,0,0,0,0.7559279203414917,0.2440721094608307
PETS_CREDIT_low_eff_su2_r1_d6_b01__none,none,memgq_lattice_sticky,86ae722f0d37f010ada6,0,0,0,0.7653825283050537,0.23461750149726868
PETS_CREDIT_low_eff_su2_r1_d6_b01__none,none,memgq_lattice_sticky,be9bfaf596c94c10a528,0,0,0,0.7626489996910095,0.23735105991363525
PETS_CREDIT_low_eff_su2_r1_d6_b01__none,none,memgq_lattice_sticky,e60d07bd2196508fe656,0,0,0,0.7812596559524536,0.21874037384986877
PETS_CREDIT_low_eff_su2_r1_d6_b01__none,none,memgq_lattice_sticky,38b74132b04f4f54702c,0,1,0,0.7786650657653809,0.22133496403694153
PETS_CREDIT_low_eff_su2_r1_d6_b01__none,none,memgq_lattice_sticky,34cd383be85fcb382ea6,0,0,0,0.7599625587463379,0.2400374412536621
PETS_CREDIT_low_eff_su2_r1_d6_b01__none,none,memgq_lattice_sticky,5f861fea617a3ee7da16,0,0,0,0.7795615792274475,0.22043846547603607
PETS_CREDIT_low_eff_su2_r1_d6_b01__none,none,memgq_lattice_sticky,c026d0cfa5b1e35d07fe,0,1,0,0.7687545418739319,0.2312454879283905
PETS_CREDIT_low_eff_su2_r1_d6_b01__none,none,memgq_lattice_sticky,9d22795430fd2e16c8dc,0,1,0,0.7848777174949646,0.21512232720851898
PETS_CREDIT_low_eff_su2_r1_d6_b01__none,none,memgq_lattice_sticky,5c7d8f33e88909bece76,0,0,0,0.7518091201782227,0.24819092452526093
PETS_CREDIT_low_eff_su2_r1_d6_b01__none,none,memgq_lattice_sticky,7cca6a89daa8ec654b93,0,0,0,0.8018248081207275,0.19817522168159485
PETS_CREDIT_low_eff_su2_r1_d6_b01__none,none,memgq_lattice_sticky,69d9f267431b625e3ab6,0,1,0,0.7655676007270813,0.2344324141740799
PETS_CREDIT_low_eff_su2_r1_d6_b01__none,none,memgq_lattice_sticky,c684bddcfbca03359777,0,1,0,0.7636276483535767,0.23637233674526215
PETS_CREDIT_low_eff_su2_r1_d6_b01__none,none,memgq_lattice_sticky,d186b88534c1a687d1fd,0,0,0,0.7477260231971741,0.2522739768028259
PETS_CREDIT_low_eff_su2_r1_d6_b01__none,none,memgq_lattice_sticky,bd462eab4ac062244f72,0,0,0,0.7469675540924072,0.2530324459075928
PETS_CREDIT_low_eff_su2_r1_d6_b01__none,none,memgq_lattice_sticky,f8230eeb11ce4504ac0d,0,0,0,0.756804883480072,0.24319513142108917
PETS_CREDIT_low_eff_su2_r1_d6_b01__none,none,memgq_lattice_sticky,5a2759bc40afd8b67be0,0,0,0,0.7777920961380005,0.2222079634666443
PETS_CREDIT_low_eff_su2_r1_d6_b01__none,none,memgq_lattice_sticky,5c05a4c2ad473664e305,0,0,0,0.7840110063552856,0.21598902344703674
PETS_CREDIT_low_eff_su2_r1_d6_b01__none,none,memgq_lattice_sticky,454401dbf09cdd915140,0,0,0,0.7747823596000671,0.22521767020225525
PETS_CREDIT_low_eff_su2_r1_d6_b01__none,none,memgq_lattice_sticky,22b00e614fc8c9d5c74f,0,0,0,0.7983279228210449,0.2016720473766327
PETS_CREDIT_low_eff_su2_r1_d6_b01__none,none,memgq_lattice_sticky,33f0b58e500322fafc02,0,0,0,0.7443509697914124,0.25564906001091003
PETS_CREDIT_low_eff_su2_r1_d6_b01__none,none,memgq_lattice_sticky,16f7e23f7aabcd74a31a,0,0,0,0.755337119102478,0.24466289579868317
PETS_CREDIT_low_eff_su2_r1_d6_b01__none,none,memgq_lattice_sticky,e9aa13f77c0f352b0b1d,0,1,0,0.7369211316108704,0.263078898191452
PETS_CREDIT_low_eff_su2_r1_d6_b01__none,none,memgq_lattice_sticky,0f6b78a3676f704d8ccb,0,1,0,0.7956849932670593,0.2043149769306183
PETS_CREDIT_low_eff_su2_r1_d6_b01__none,none,memgq_lattice_sticky,554005cca9a020862607,0,0,0,0.739348828792572,0.260651171207428
