target_id,block_id,structural_cell_id,structural_role,training_defense,defense,attack,attack_fit,auc,balanced_accuracy,tpr_at_5_fpr,tpr_at_10_fpr,threshold,score_direction,evaluation_mean_probability_std,evaluation_mean_label_flip_rate,effective_defense
PETS_CREDIT_high_eff_su2_r5_d6_b02__dp_qml,pets_b02,eff_su2_r5_d6,high,dp_qml,none,loss,adaptive_defended_calibration,0.5186999999999999,0.525,0.01,0.04,-0.0671501494944095,as_defined,,,dp_qml
PETS_CREDIT_high_eff_su2_r5_d6_b02__dp_qml,pets_b02,eff_su2_r5_d6,high,dp_qml,none,confidence,adaptive_defended_calibration,0.5186999999999999,0.525,0.01,0.04,0.935054898262024,as_defined,,,dp_qml
PETS_CREDIT_high_eff_su2_r5_d6_b02__dp_qml,pets_b02,eff_su2_r5_d6,high,dp_qml,none,maximum_probability,adaptive_defended_calibration,0.4961,0.4649999999999999,0.03,0.04,-0.8409304320812225,inverted_from_calibration,,,dp_qml
PETS_CREDIT_high_eff_su2_r5_d6_b02__dp_qml,pets_b02,eff_su2_r5_d6,high,dp_qml,none,entropy,adaptive_defended_calibration,0.4961,0.4649999999999999,0.03,0.04,0.4381042122840881,inverted_from_calibration,,,dp_qml
PETS_CREDIT_high_eff_su2_r5_d6_b02__dp_qml,pets_b02,eff_su2_r5_d6,high,dp_qml,none,margin,adaptive_defended_calibration,0.4961,0.4649999999999999,0.03,0.04,-0.6818608641624451,inverted_from_calibration,,,dp_qml
PETS_CREDIT_high_eff_su2_r5_d6_b02__dp_qml,pets_b02,eff_su2_r5_d6,high,dp_qml,none,correctness,adaptive_defended_calibration,0.525,0.525,0.0,0.0,0.5,as_defined,,,dp_qml
PETS_CREDIT_high_eff_su2_r5_d6_b02__dp_qml,pets_b02,eff_su2_r5_d6,high,dp_qml,none,learned_pv_stats_logistic,adaptive_defended_calibration,0.4549,0.46,0.04,0.07,0.5038448629124166,,,,dp_qml
PETS_CREDIT_high_eff_su2_r5_d6_b02__hamp_train,pets_b02,eff_su2_r5_d6,high,hamp_train,none,loss,adaptive_defended_calibration,0.5094,0.51,0.02,0.04,-0.6083813607692719,as_defined,,,hamp_train
PETS_CREDIT_high_eff_su2_r5_d6_b02__hamp_train,pets_b02,eff_su2_r5_d6,high,hamp_train,none,confidence,adaptive_defended_calibration,0.5094,0.51,0.02,0.04,0.5442310571670532,as_defined,,,hamp_train
PETS_CREDIT_high_eff_su2_r5_d6_b02__hamp_train,pets_b02,eff_su2_r5_d6,high,hamp_train,none,maximum_probability,adaptive_defended_calibration,0.4500999999999999,0.45,0.01,0.04,0.5670915246009827,as_defined,,,hamp_train
PETS_CREDIT_high_eff_su2_r5_d6_b02__hamp_train,pets_b02,eff_su2_r5_d6,high,hamp_train,none,entropy,adaptive_defended_calibration,0.4500999999999999,0.45,0.01,0.04,-0.684116542339325,as_defined,,,hamp_train
PETS_CREDIT_high_eff_su2_r5_d6_b02__hamp_train,pets_b02,eff_su2_r5_d6,high,hamp_train,none,margin,adaptive_defended_calibration,0.4500999999999999,0.45,0.01,0.04,0.1341830939054489,as_defined,,,hamp_train
PETS_CREDIT_high_eff_su2_r5_d6_b02__hamp_train,pets_b02,eff_su2_r5_d6,high,hamp_train,none,correctness,adaptive_defended_calibration,0.505,0.505,0.0,0.0,0.5,as_defined,,,hamp_train
PETS_CREDIT_high_eff_su2_r5_d6_b02__hamp_train,pets_b02,eff_su2_r5_d6,high,hamp_train,none,learned_pv_stats_logistic,adaptive_defended_calibration,0.5497,0.495,0.09,0.22,0.5468207387245608,,,,hamp_train
PETS_CREDIT_high_eff_su2_r5_d6_b02__hamp_train,pets_b02,eff_su2_r5_d6,high,hamp_train,hamp_output,loss,adaptive_defended_calibration,0.4827,0.495,0.05,0.08,-0.6363982856273651,as_defined,,,hamp_full
PETS_CREDIT_high_eff_su2_r5_d6_b02__hamp_train,pets_b02,eff_su2_r5_d6,high,hamp_train,hamp_output,confidence,adaptive_defended_calibration,0.4827,0.495,0.05,0.08,0.5291950106620789,as_defined,,,hamp_full
PETS_CREDIT_high_eff_su2_r5_d6_b02__hamp_train,pets_b02,eff_su2_r5_d6,high,hamp_train,hamp_output,maximum_probability,adaptive_defended_calibration,0.4752,0.5,0.05,0.09,0.608784943819046,as_defined,,,hamp_full
PETS_CREDIT_high_eff_su2_r5_d6_b02__hamp_train,pets_b02,eff_su2_r5_d6,high,hamp_train,hamp_output,entropy,adaptive_defended_calibration,0.4752,0.5,0.05,0.09,-0.6692847013473511,as_defined,,,hamp_full
PETS_CREDIT_high_eff_su2_r5_d6_b02__hamp_train,pets_b02,eff_su2_r5_d6,high,hamp_train,hamp_output,margin,adaptive_defended_calibration,0.4752,0.5,0.05,0.09,0.2175698727369308,as_defined,,,hamp_full
PETS_CREDIT_high_eff_su2_r5_d6_b02__hamp_train,pets_b02,eff_su2_r5_d6,high,hamp_train,hamp_output,correctness,adaptive_defended_calibration,0.505,0.505,0.0,0.0,0.5,as_defined,,,hamp_full
PETS_CREDIT_high_eff_su2_r5_d6_b02__hamp_train,pets_b02,eff_su2_r5_d6,high,hamp_train,hamp_output,learned_pv_stats_logistic,adaptive_defended_calibration,0.4833,0.49,0.07,0.1,0.4998313633286328,,,,hamp_full
PETS_CREDIT_high_eff_su2_r5_d6_b02__l2,pets_b02,eff_su2_r5_d6,high,l2,none,loss,adaptive_defended_calibration,0.5105000000000001,0.51,0.0,0.05,-0.2436481267213821,as_defined,,,l2
PETS_CREDIT_high_eff_su2_r5_d6_b02__l2,pets_b02,eff_su2_r5_d6,high,l2,none,confidence,adaptive_defended_calibration,0.5105000000000001,0.51,0.0,0.05,0.7837756276130676,as_defined,,,l2
PETS_CREDIT_high_eff_su2_r5_d6_b02__l2,pets_b02,eff_su2_r5_d6,high,l2,none,maximum_probability,adaptive_defended_calibration,0.5351,0.495,0.06,0.11,-0.8784569203853607,inverted_from_calibration,,,l2
PETS_CREDIT_high_eff_su2_r5_d6_b02__l2,pets_b02,eff_su2_r5_d6,high,l2,none,entropy,adaptive_defended_calibration,0.5351,0.495,0.06,0.11,0.3699881732463836,inverted_from_calibration,,,l2
PETS_CREDIT_high_eff_su2_r5_d6_b02__l2,pets_b02,eff_su2_r5_d6,high,l2,none,margin,adaptive_defended_calibration,0.5351,0.495,0.06,0.11,-0.7569138407707214,inverted_from_calibration,,,l2
PETS_CREDIT_high_eff_su2_r5_d6_b02__l2,pets_b02,eff_su2_r5_d6,high,l2,none,correctness,adaptive_defended_calibration,0.5,0.5,0.0,0.0,0.5,as_defined,,,l2
PETS_CREDIT_high_eff_su2_r5_d6_b02__l2,pets_b02,eff_su2_r5_d6,high,l2,none,learned_pv_stats_logistic,adaptive_defended_calibration,0.4739,0.435,0.05,0.13,0.5532586932040134,,,,l2
PETS_CREDIT_high_eff_su2_r5_d6_b02__none,pets_b02,eff_su2_r5_d6,high,none,none,loss,adaptive_defended_calibration,0.5128999999999999,0.5,0.05,0.06,-0.4093185812234878,as_defined,,,none
PETS_CREDIT_high_eff_su2_r5_d6_b02__none,pets_b02,eff_su2_r5_d6,high,none,none,confidence,adaptive_defended_calibration,0.5128999999999999,0.5,0.05,0.06,0.6642820537090302,as_defined,,,none
PETS_CREDIT_high_eff_su2_r5_d6_b02__none,pets_b02,eff_su2_r5_d6,high,none,none,maximum_probability,adaptive_defended_calibration,0.5429,0.495,0.07,0.13,-0.888285219669342,inverted_from_calibration,,,none
PETS_CREDIT_high_eff_su2_r5_d6_b02__none,pets_b02,eff_su2_r5_d6,high,none,none,entropy,adaptive_defended_calibration,0.5429,0.495,0.07,0.13,0.3500635474920273,inverted_from_calibration,,,none
PETS_CREDIT_high_eff_su2_r5_d6_b02__none,pets_b02,eff_su2_r5_d6,high,none,none,margin,adaptive_defended_calibration,0.5429,0.495,0.07,0.13,-0.7765703797340393,inverted_from_calibration,,,none
PETS_CREDIT_high_eff_su2_r5_d6_b02__none,pets_b02,eff_su2_r5_d6,high,none,none,correctness,adaptive_defended_calibration,0.505,0.505,0.0,0.0,0.5,as_defined,,,none
PETS_CREDIT_high_eff_su2_r5_d6_b02__none,pets_b02,eff_su2_r5_d6,high,none,none,learned_pv_stats_logistic,adaptive_defended_calibration,0.5426000000000001,0.545,0.08,0.13,0.506734147186322,,,,none
PETS_CREDIT_high_eff_su2_r5_d6_b02__none,pets_b02,eff_su2_r5_d6,high,none,dynanoise,loss,adaptive_defended_calibration,0.5271,0.535,0.06,0.13,-0.8126489222049713,as_defined,,,dynanoise
PETS_CREDIT_high_eff_su2_r5_d6_b02__none,pets_b02,eff_su2_r5_d6,high,none,dynanoise,confidence,adaptive_defended_calibration,0.5271,0.535,0.06,0.13,0.4437023848295212,as_defined,,,dynanoise
PETS_CREDIT_high_eff_su2_r5_d6_b02__none,pets_b02,eff_su2_r5_d6,high,none,dynanoise,maximum_probability,adaptive_defended_calibration,0.5229,0.48,0.06,0.12,-0.5554597675800323,inverted_from_calibration,,,dynanoise
PETS_CREDIT_high_eff_su2_r5_d6_b02__none,pets_b02,eff_su2_r5_d6,high,none,dynanoise,entropy,adaptive_defended_calibration,0.5229,0.48,0.06,0.12,0.6869827806949615,inverted_from_calibration,,,dynanoise
PETS_CREDIT_high_eff_su2_r5_d6_b02__none,pets_b02,eff_su2_r5_d6,high,none,dynanoise,margin,adaptive_defended_calibration,0.5229,0.48,0.06,0.12,-0.1109195202589035,inverted_from_calibration,,,dynanoise
PETS_CREDIT_high_eff_su2_r5_d6_b02__none,pets_b02,eff_su2_r5_d6,high,none,dynanoise,correctness,adaptive_defended_calibration,0.5,0.5,0.0,0.0,0.5,as_defined,,,dynanoise
PETS_CREDIT_high_eff_su2_r5_d6_b02__none,pets_b02,eff_su2_r5_d6,high,none,dynanoise,learned_pv_stats_logistic,adaptive_defended_calibration,0.567,0.54,0.07,0.15,0.5330156712183989,,,,dynanoise
PETS_CREDIT_high_eff_su2_r5_d6_b02__none,pets_b02,eff_su2_r5_d6,high,none,hamp_output,loss,adaptive_defended_calibration,0.4606999999999999,0.495,0.04,0.07,-0.256959393620491,as_defined,,,hamp_output
PETS_CREDIT_high_eff_su2_r5_d6_b02__none,pets_b02,eff_su2_r5_d6,high,none,hamp_output,confidence,adaptive_defended_calibration,0.4606999999999999,0.495,0.04,0.07,0.7734042704105377,as_defined,,,hamp_output
PETS_CREDIT_high_eff_su2_r5_d6_b02__none,pets_b02,eff_su2_r5_d6,high,none,hamp_output,maximum_probability,adaptive_defended_calibration,0.4884999999999999,0.515,0.05,0.09,0.7734042704105377,as_defined,,,hamp_output
PETS_CREDIT_high_eff_su2_r5_d6_b02__none,pets_b02,eff_su2_r5_d6,high,none,hamp_output,entropy,adaptive_defended_calibration,0.4884999999999999,0.515,0.05,0.09,-0.5351095795631409,as_defined,,,hamp_output
PETS_CREDIT_high_eff_su2_r5_d6_b02__none,pets_b02,eff_su2_r5_d6,high,none,hamp_output,margin,adaptive_defended_calibration,0.4884999999999999,0.515,0.05,0.09,0.5468085408210754,as_defined,,,hamp_output
PETS_CREDIT_high_eff_su2_r5_d6_b02__none,pets_b02,eff_su2_r5_d6,high,none,hamp_output,correctness,adaptive_defended_calibration,0.505,0.505,0.0,0.0,0.5,as_defined,,,hamp_output
PETS_CREDIT_high_eff_su2_r5_d6_b02__none,pets_b02,eff_su2_r5_d6,high,none,hamp_output,learned_pv_stats_logistic,adaptive_defended_calibration,0.4831,0.485,0.04,0.1,0.5136708221872546,,,,hamp_output
PETS_CREDIT_high_eff_su2_r5_d6_b02__none,pets_b02,eff_su2_r5_d6,high,none,memguard,loss,adaptive_defended_calibration,0.5182,0.5,0.06,0.12,-0.4093186110258102,as_defined,,,memguard
PETS_CREDIT_high_eff_su2_r5_d6_b02__none,pets_b02,eff_su2_r5_d6,high,none,memguard,confidence,adaptive_defended_calibration,0.5182,0.5,0.06,0.12,0.6642820537090302,as_defined,,,memguard
PETS_CREDIT_high_eff_su2_r5_d6_b02__none,pets_b02,eff_su2_r5_d6,high,none,memguard,maximum_probability,adaptive_defended_calibration,0.5375,0.505,0.07,0.13,-0.8900975584983826,inverted_from_calibration,,,memguard
PETS_CREDIT_high_eff_su2_r5_d6_b02__none,pets_b02,eff_su2_r5_d6,high,none,memguard,entropy,adaptive_defended_calibration,0.5375,0.505,0.07,0.13,0.346310943365097,inverted_from_calibration,,,memguard
PETS_CREDIT_high_eff_su2_r5_d6_b02__none,pets_b02,eff_su2_r5_d6,high,none,memguard,margin,adaptive_defended_calibration,0.5375,0.505,0.07,0.13,-0.7801951169967651,inverted_from_calibration,,,memguard
PETS_CREDIT_high_eff_su2_r5_d6_b02__none,pets_b02,eff_su2_r5_d6,high,none,memguard,correctness,adaptive_defended_calibration,0.505,0.505,0.0,0.0,0.5,as_defined,,,memguard
PETS_CREDIT_high_eff_su2_r5_d6_b02__none,pets_b02,eff_su2_r5_d6,high,none,memguard,learned_pv_stats_logistic,adaptive_defended_calibration,0.5482,0.545,0.1,0.15,0.5092155389567512,,,,memguard
PETS_CREDIT_high_eff_su2_r5_d6_b02__none,pets_b02,eff_su2_r5_d6,high,none,logitguard_continuous,loss,adaptive_defended_calibration,0.5182,0.515,0.02,0.07,-0.2065478414297104,as_defined,,,logitguard_continuous
PETS_CREDIT_high_eff_su2_r5_d6_b02__none,pets_b02,eff_su2_r5_d6,high,none,logitguard_continuous,confidence,adaptive_defended_calibration,0.5182,0.515,0.02,0.07,0.8133873641490936,as_defined,,,logitguard_continuous
PETS_CREDIT_high_eff_su2_r5_d6_b02__none,pets_b02,eff_su2_r5_d6,high,none,logitguard_continuous,maximum_probability,adaptive_defended_calibration,0.542,0.5499999999999999,0.07,0.12,-0.7434803545475006,inverted_from_calibration,,,logitguard_continuous
PETS_CREDIT_high_eff_su2_r5_d6_b02__none,pets_b02,eff_su2_r5_d6,high,none,logitguard_continuous,entropy,adaptive_defended_calibration,0.542,0.5499999999999999,0.07,0.12,0.5693821907043457,inverted_from_calibration,,,logitguard_continuous
PETS_CREDIT_high_eff_su2_r5_d6_b02__none,pets_b02,eff_su2_r5_d6,high,none,logitguard_continuous,margin,adaptive_defended_calibration,0.542,0.5499999999999999,0.07,0.12,-0.4869606494903564,inverted_from_calibration,,,logitguard_continuous
PETS_CREDIT_high_eff_su2_r5_d6_b02__none,pets_b02,eff_su2_r5_d6,high,none,logitguard_continuous,correctness,adaptive_defended_calibration,0.505,0.505,0.0,0.0,0.5,as_defined,,,logitguard_continuous
PETS_CREDIT_high_eff_su2_r5_d6_b02__none,pets_b02,eff_su2_r5_d6,high,none,logitguard_continuous,learned_pv_stats_logistic,adaptive_defended_calibration,0.5416,0.5449999999999999,0.05,0.11,0.4975543019961449,,,,logitguard_continuous
PETS_CREDIT_high_eff_su2_r5_d6_b02__none,pets_b02,eff_su2_r5_d6,high,none,logitguard_quantized,loss,adaptive_defended_calibration,0.51805,0.51,0.02,0.05,-0.4170410335063934,as_defined,,,logitguard_quantized
PETS_CREDIT_high_eff_su2_r5_d6_b02__none,pets_b02,eff_su2_r5_d6,high,none,logitguard_quantized,confidence,adaptive_defended_calibration,0.51805,0.51,0.02,0.05,0.659131646156311,as_defined,,,logitguard_quantized
PETS_CREDIT_high_eff_su2_r5_d6_b02__none,pets_b02,eff_su2_r5_d6,high,none,logitguard_quantized,maximum_probability,adaptive_defended_calibration,0.5428000000000001,0.54,0.06,0.12,-0.7483770549297333,inverted_from_calibration,,,logitguard_quantized
PETS_CREDIT_high_eff_su2_r5_d6_b02__none,pets_b02,eff_su2_r5_d6,high,none,logitguard_quantized,entropy,adaptive_defended_calibration,0.5428000000000001,0.54,0.06,0.12,0.5641016960144043,inverted_from_calibration,,,logitguard_quantized
PETS_CREDIT_high_eff_su2_r5_d6_b02__none,pets_b02,eff_su2_r5_d6,high,none,logitguard_quantized,margin,adaptive_defended_calibration,0.5428000000000001,0.54,0.06,0.12,-0.4967541098594665,inverted_from_calibration,,,logitguard_quantized
PETS_CREDIT_high_eff_su2_r5_d6_b02__none,pets_b02,eff_su2_r5_d6,high,none,logitguard_quantized,correctness,adaptive_defended_calibration,0.505,0.505,0.0,0.0,0.5,as_defined,,,logitguard_quantized
PETS_CREDIT_high_eff_su2_r5_d6_b02__none,pets_b02,eff_su2_r5_d6,high,none,logitguard_quantized,learned_pv_stats_logistic,adaptive_defended_calibration,0.54175,0.54,0.04,0.11,0.4962262040404568,,,,logitguard_quantized
PETS_CREDIT_high_eff_su2_r5_d6_b02__none,pets_b02,eff_su2_r5_d6,high,none,measurementguard_continuous,loss,adaptive_defended_calibration,0.5228999999999999,0.545,0.07,0.11,-0.4307299852371216,as_defined,,,measurementguard_continuous
PETS_CREDIT_high_eff_su2_r5_d6_b02__none,pets_b02,eff_su2_r5_d6,high,none,measurementguard_continuous,confidence,adaptive_defended_calibration,0.5228999999999999,0.545,0.07,0.11,0.6500355005264282,as_defined,,,measurementguard_continuous
PETS_CREDIT_high_eff_su2_r5_d6_b02__none,pets_b02,eff_su2_r5_d6,high,none,measurementguard_continuous,maximum_probability,adaptive_defended_calibration,0.5221,0.505,0.03,0.07,-0.9081366658210754,inverted_from_calibration,,,measurementguard_continuous
PETS_CREDIT_high_eff_su2_r5_d6_b02__none,pets_b02,eff_su2_r5_d6,high,none,measurementguard_continuous,entropy,adaptive_defended_calibration,0.5221,0.505,0.03,0.07,0.3068249821662903,inverted_from_calibration,,,measurementguard_continuous
PETS_CREDIT_high_eff_su2_r5_d6_b02__none,pets_b02,eff_su2_r5_d6,high,none,measurementguard_continuous,margin,adaptive_defended_calibration,0.5221,0.505,0.03,0.07,-0.8162733316421509,inverted_from_calibration,,,measurementguard_continuous
PETS_CREDIT_high_eff_su2_r5_d6_b02__none,pets_b02,eff_su2_r5_d6,high,none,measurementguard_continuous,correctness,adaptive_defended_calibration,0.505,0.505,0.0,0.0,0.5,as_defined,,,measurementguard_continuous
PETS_CREDIT_high_eff_su2_r5_d6_b02__none,pets_b02,eff_su2_r5_d6,high,none,measurementguard_continuous,learned_pv_stats_logistic,adaptive_defended_calibration,0.5729000000000001,0.5700000000000001,0.07,0.19,0.4918224322022408,,,,measurementguard_continuous
PETS_CREDIT_high_eff_su2_r5_d6_b02__none,pets_b02,eff_su2_r5_d6,high,none,lattice_round,loss,adaptive_defended_calibration,0.5157,0.51,0.05,0.07,-0.4139788150787353,as_defined,,,lattice_round
PETS_CREDIT_high_eff_su2_r5_d6_b02__none,pets_b02,eff_su2_r5_d6,high,none,lattice_round,confidence,adaptive_defended_calibration,0.5157,0.51,0.05,0.07,0.6611684858798981,as_defined,,,lattice_round
PETS_CREDIT_high_eff_su2_r5_d6_b02__none,pets_b02,eff_su2_r5_d6,high,none,lattice_round,maximum_probability,adaptive_defended_calibration,0.542,0.49,0.08,0.12,-0.9099519550800323,inverted_from_calibration,,,lattice_round
PETS_CREDIT_high_eff_su2_r5_d6_b02__none,pets_b02,eff_su2_r5_d6,high,none,lattice_round,entropy,adaptive_defended_calibration,0.542,0.49,0.08,0.12,0.3026227802038193,inverted_from_calibration,,,lattice_round
PETS_CREDIT_high_eff_su2_r5_d6_b02__none,pets_b02,eff_su2_r5_d6,high,none,lattice_round,margin,adaptive_defended_calibration,0.542,0.49,0.08,0.12,-0.8199039101600647,inverted_from_calibration,,,lattice_round
PETS_CREDIT_high_eff_su2_r5_d6_b02__none,pets_b02,eff_su2_r5_d6,high,none,lattice_round,correctness,adaptive_defended_calibration,0.51,0.51,0.0,0.0,0.5,as_defined,,,lattice_round
PETS_CREDIT_high_eff_su2_r5_d6_b02__none,pets_b02,eff_su2_r5_d6,high,none,lattice_round,learned_pv_stats_logistic,adaptive_defended_calibration,0.5392999999999999,0.545,0.06,0.12,0.5060269809688385,,,,lattice_round
PETS_CREDIT_high_eff_su2_r5_d6_b02__none,pets_b02,eff_su2_r5_d6,high,none,memgq_lattice,loss,adaptive_defended_calibration,0.4997999999999999,0.495,0.06,0.09,-0.2227830588817596,as_defined,,,memgq_lattice
PETS_CREDIT_high_eff_su2_r5_d6_b02__none,pets_b02,eff_su2_r5_d6,high,none,memgq_lattice,confidence,adaptive_defended_calibration,0.4997999999999999,0.495,0.06,0.09,0.8002893030643463,as_defined,,,memgq_lattice
PETS_CREDIT_high_eff_su2_r5_d6_b02__none,pets_b02,eff_su2_r5_d6,high,none,memgq_lattice,maximum_probability,adaptive_defended_calibration,0.5449999999999999,0.52,0.07,0.13,-0.8823281228542328,inverted_from_calibration,,,memgq_lattice
PETS_CREDIT_high_eff_su2_r5_d6_b02__none,pets_b02,eff_su2_r5_d6,high,none,memgq_lattice,entropy,adaptive_defended_calibration,0.5449999999999999,0.52,0.07,0.13,0.3622595071792602,inverted_from_calibration,,,memgq_lattice
PETS_CREDIT_high_eff_su2_r5_d6_b02__none,pets_b02,eff_su2_r5_d6,high,none,memgq_lattice,margin,adaptive_defended_calibration,0.5449999999999999,0.52,0.07,0.13,-0.7646562457084656,inverted_from_calibration,,,memgq_lattice
PETS_CREDIT_high_eff_su2_r5_d6_b02__none,pets_b02,eff_su2_r5_d6,high,none,memgq_lattice,correctness,adaptive_defended_calibration,0.505,0.505,0.0,0.0,0.5,as_defined,,,memgq_lattice
PETS_CREDIT_high_eff_su2_r5_d6_b02__none,pets_b02,eff_su2_r5_d6,high,none,memgq_lattice,learned_pv_stats_logistic,adaptive_defended_calibration,0.5062,0.52,0.03,0.08,0.5147357225040567,,,,memgq_lattice
PETS_CREDIT_high_eff_su2_r5_d6_b02__none,pets_b02,eff_su2_r5_d6,high,none,memgq_lattice_sticky,loss,adaptive_defended_calibration,0.5087999999999999,0.5,0.07,0.12,-0.20645472407341,as_defined,,,memgq_lattice_sticky
PETS_CREDIT_high_eff_su2_r5_d6_b02__none,pets_b02,eff_su2_r5_d6,high,none,memgq_lattice_sticky,confidence,adaptive_defended_calibration,0.5087999999999999,0.5,0.07,0.12,0.8134636282920837,as_defined,,,memgq_lattice_sticky
PETS_CREDIT_high_eff_su2_r5_d6_b02__none,pets_b02,eff_su2_r5_d6,high,none,memgq_lattice_sticky,maximum_probability,adaptive_defended_calibration,0.5227,0.49,0.04,0.1,-0.9023309051990508,inverted_from_calibration,,,memgq_lattice_sticky
PETS_CREDIT_high_eff_su2_r5_d6_b02__none,pets_b02,eff_su2_r5_d6,high,none,memgq_lattice_sticky,entropy,adaptive_defended_calibration,0.5227,0.49,0.04,0.1,0.3199310153722763,inverted_from_calibration,,,memgq_lattice_sticky
PETS_CREDIT_high_eff_su2_r5_d6_b02__none,pets_b02,eff_su2_r5_d6,high,none,memgq_lattice_sticky,margin,adaptive_defended_calibration,0.5227,0.49,0.04,0.1,-0.8046618103981018,inverted_from_calibration,,,memgq_lattice_sticky
PETS_CREDIT_high_eff_su2_r5_d6_b02__none,pets_b02,eff_su2_r5_d6,high,none,memgq_lattice_sticky,correctness,adaptive_defended_calibration,0.505,0.505,0.0,0.0,0.5,as_defined,,,memgq_lattice_sticky
PETS_CREDIT_high_eff_su2_r5_d6_b02__none,pets_b02,eff_su2_r5_d6,high,none,memgq_lattice_sticky,learned_pv_stats_logistic,adaptive_defended_calibration,0.489,0.46,0.04,0.08,0.5339926403168664,,,,memgq_lattice_sticky
PETS_CREDIT_high_eff_su2_r5_d6_b03__dp_qml,pets_b03,eff_su2_r5_d6,high,dp_qml,none,loss,adaptive_defended_calibration,0.5390999999999999,0.51,0.02,0.09,-0.0480863377451896,as_defined,,,dp_qml
PETS_CREDIT_high_eff_su2_r5_d6_b03__dp_qml,pets_b03,eff_su2_r5_d6,high,dp_qml,none,confidence,adaptive_defended_calibration,0.5390999999999999,0.51,0.02,0.09,0.9530515670776368,as_defined,,,dp_qml
PETS_CREDIT_high_eff_su2_r5_d6_b03__dp_qml,pets_b03,eff_su2_r5_d6,high,dp_qml,none,maximum_probability,adaptive_defended_calibration,0.491,0.49,0.02,0.04,0.9530515670776368,as_defined,,,dp_qml
PETS_CREDIT_high_eff_su2_r5_d6_b03__dp_qml,pets_b03,eff_su2_r5_d6,high,dp_qml,none,entropy,adaptive_defended_calibration,0.491,0.49,0.02,0.04,-0.189428374171257,as_defined,,,dp_qml
PETS_CREDIT_high_eff_su2_r5_d6_b03__dp_qml,pets_b03,eff_su2_r5_d6,high,dp_qml,none,margin,adaptive_defended_calibration,0.491,0.49,0.02,0.04,0.9061031639575958,as_defined,,,dp_qml
PETS_CREDIT_high_eff_su2_r5_d6_b03__dp_qml,pets_b03,eff_su2_r5_d6,high,dp_qml,none,correctness,adaptive_defended_calibration,0.545,0.5449999999999999,0.0,0.0,0.5,as_defined,,,dp_qml
PETS_CREDIT_high_eff_su2_r5_d6_b03__dp_qml,pets_b03,eff_su2_r5_d6,high,dp_qml,none,learned_pv_stats_logistic,adaptive_defended_calibration,0.4996000000000001,0.5,0.06,0.09,0.524729226753526,,,,dp_qml
PETS_CREDIT_high_eff_su2_r5_d6_b03__hamp_train,pets_b03,eff_su2_r5_d6,high,hamp_train,none,loss,adaptive_defended_calibration,0.5843,0.575,0.04,0.14,-0.5626175701618195,as_defined,,,hamp_train
PETS_CREDIT_high_eff_su2_r5_d6_b03__hamp_train,pets_b03,eff_su2_r5_d6,high,hamp_train,none,confidence,adaptive_defended_calibration,0.5843,0.575,0.04,0.14,0.5697158575057983,as_defined,,,hamp_train
PETS_CREDIT_high_eff_su2_r5_d6_b03__hamp_train,pets_b03,eff_su2_r5_d6,high,hamp_train,none,maximum_probability,adaptive_defended_calibration,0.5201000000000001,0.545,0.04,0.07,0.5727883279323578,as_defined,,,hamp_train
PETS_CREDIT_high_eff_su2_r5_d6_b03__hamp_train,pets_b03,eff_su2_r5_d6,high,hamp_train,none,entropy,adaptive_defended_calibration,0.5201000000000001,0.545,0.04,0.07,-0.6825130879878998,as_defined,,,hamp_train
PETS_CREDIT_high_eff_su2_r5_d6_b03__hamp_train,pets_b03,eff_su2_r5_d6,high,hamp_train,none,margin,adaptive_defended_calibration,0.5201000000000001,0.545,0.04,0.07,0.1455766409635543,as_defined,,,hamp_train
PETS_CREDIT_high_eff_su2_r5_d6_b03__hamp_train,pets_b03,eff_su2_r5_d6,high,hamp_train,none,correctness,adaptive_defended_calibration,0.5499999999999999,0.5,0.0,0.0,-inf,as_defined,,,hamp_train
PETS_CREDIT_high_eff_su2_r5_d6_b03__hamp_train,pets_b03,eff_su2_r5_d6,high,hamp_train,none,learned_pv_stats_logistic,adaptive_defended_calibration,0.557,0.555,0.11,0.12,0.4628794168453766,,,,hamp_train
PETS_CREDIT_high_eff_su2_r5_d6_b03__hamp_train,pets_b03,eff_su2_r5_d6,high,hamp_train,hamp_output,loss,adaptive_defended_calibration,0.4469,0.4599999999999999,0.04,0.07,0.5308397114276886,inverted_from_calibration,,,hamp_full
PETS_CREDIT_high_eff_su2_r5_d6_b03__hamp_train,pets_b03,eff_su2_r5_d6,high,hamp_train,hamp_output,confidence,adaptive_defended_calibration,0.4469,0.4599999999999999,0.04,0.07,-0.588111937046051,inverted_from_calibration,,,hamp_full
PETS_CREDIT_high_eff_su2_r5_d6_b03__hamp_train,pets_b03,eff_su2_r5_d6,high,hamp_train,hamp_output,maximum_probability,adaptive_defended_calibration,0.4689,0.48,0.02,0.09,-0.5933668613433838,inverted_from_calibration,,,hamp_full
PETS_CREDIT_high_eff_su2_r5_d6_b03__hamp_train,pets_b03,eff_su2_r5_d6,high,hamp_train,hamp_output,entropy,adaptive_defended_calibration,0.4689,0.48,0.02,0.09,0.6756080389022827,inverted_from_calibration,,,hamp_full
PETS_CREDIT_high_eff_su2_r5_d6_b03__hamp_train,pets_b03,eff_su2_r5_d6,high,hamp_train,hamp_output,margin,adaptive_defended_calibration,0.4689,0.48,0.02,0.09,-0.1867337226867675,inverted_from_calibration,,,hamp_full
PETS_CREDIT_high_eff_su2_r5_d6_b03__hamp_train,pets_b03,eff_su2_r5_d6,high,hamp_train,hamp_output,correctness,adaptive_defended_calibration,0.5499999999999999,0.5,0.0,0.0,-inf,as_defined,,,hamp_full
PETS_CREDIT_high_eff_su2_r5_d6_b03__hamp_train,pets_b03,eff_su2_r5_d6,high,hamp_train,hamp_output,learned_pv_stats_logistic,adaptive_defended_calibration,0.4771999999999999,0.47,0.05,0.09,0.4683172378285863,,,,hamp_full
PETS_CREDIT_high_eff_su2_r5_d6_b03__l2,pets_b03,eff_su2_r5_d6,high,l2,none,loss,adaptive_defended_calibration,0.5851,0.485,0.04,0.09,-0.054640881717205,as_defined,,,l2
PETS_CREDIT_high_eff_su2_r5_d6_b03__l2,pets_b03,eff_su2_r5_d6,high,l2,none,confidence,adaptive_defended_calibration,0.5851,0.485,0.04,0.09,0.9468285739421844,as_defined,,,l2
PETS_CREDIT_high_eff_su2_r5_d6_b03__l2,pets_b03,eff_su2_r5_d6,high,l2,none,maximum_probability,adaptive_defended_calibration,0.526,0.47,0.03,0.04,0.9468285739421844,as_defined,,,l2
PETS_CREDIT_high_eff_su2_r5_d6_b03__l2,pets_b03,eff_su2_r5_d6,high,l2,none,entropy,adaptive_defended_calibration,0.526,0.47,0.03,0.04,-0.207683615386486,as_defined,,,l2
PETS_CREDIT_high_eff_su2_r5_d6_b03__l2,pets_b03,eff_su2_r5_d6,high,l2,none,margin,adaptive_defended_calibration,0.526,0.47,0.03,0.04,0.8936571776866913,as_defined,,,l2
PETS_CREDIT_high_eff_su2_r5_d6_b03__l2,pets_b03,eff_su2_r5_d6,high,l2,none,correctness,adaptive_defended_calibration,0.535,0.535,0.0,0.0,0.5,as_defined,,,l2
PETS_CREDIT_high_eff_su2_r5_d6_b03__l2,pets_b03,eff_su2_r5_d6,high,l2,none,learned_pv_stats_logistic,adaptive_defended_calibration,0.5687,0.5549999999999999,0.1,0.12,0.5065524767502867,,,,l2
PETS_CREDIT_high_eff_su2_r5_d6_b03__none,pets_b03,eff_su2_r5_d6,high,none,none,loss,adaptive_defended_calibration,0.5748,0.545,0.03,0.07,-0.2659469246864319,as_defined,,,none
PETS_CREDIT_high_eff_su2_r5_d6_b03__none,pets_b03,eff_su2_r5_d6,high,none,none,confidence,adaptive_defended_calibration,0.5748,0.545,0.03,0.07,0.7664878070354462,as_defined,,,none
PETS_CREDIT_high_eff_su2_r5_d6_b03__none,pets_b03,eff_su2_r5_d6,high,none,none,maximum_probability,adaptive_defended_calibration,0.5033000000000001,0.475,0.03,0.05,0.9853874742984772,as_defined,,,none
PETS_CREDIT_high_eff_su2_r5_d6_b03__none,pets_b03,eff_su2_r5_d6,high,none,none,entropy,adaptive_defended_calibration,0.5033000000000001,0.475,0.03,0.05,-0.0762346610426902,as_defined,,,none
PETS_CREDIT_high_eff_su2_r5_d6_b03__none,pets_b03,eff_su2_r5_d6,high,none,none,margin,adaptive_defended_calibration,0.5033000000000001,0.475,0.03,0.05,0.970774918794632,as_defined,,,none
PETS_CREDIT_high_eff_su2_r5_d6_b03__none,pets_b03,eff_su2_r5_d6,high,none,none,correctness,adaptive_defended_calibration,0.565,0.5,0.0,0.0,-inf,as_defined,,,none
PETS_CREDIT_high_eff_su2_r5_d6_b03__none,pets_b03,eff_su2_r5_d6,high,none,none,learned_pv_stats_logistic,adaptive_defended_calibration,0.5313,0.525,0.07,0.12,0.4491699901449506,,,,none
PETS_CREDIT_high_eff_su2_r5_d6_b03__none,pets_b03,eff_su2_r5_d6,high,none,dynanoise,loss,adaptive_defended_calibration,0.5876,0.5800000000000001,0.12,0.14,-0.6385182440280914,as_defined,,,dynanoise
PETS_CREDIT_high_eff_su2_r5_d6_b03__none,pets_b03,eff_su2_r5_d6,high,none,dynanoise,confidence,adaptive_defended_calibration,0.5876,0.5800000000000001,0.12,0.14,0.5280743837356567,as_defined,,,dynanoise
PETS_CREDIT_high_eff_su2_r5_d6_b03__none,pets_b03,eff_su2_r5_d6,high,none,dynanoise,maximum_probability,adaptive_defended_calibration,0.5295000000000001,0.51,0.04,0.13,0.62408447265625,as_defined,,,dynanoise
PETS_CREDIT_high_eff_su2_r5_d6_b03__none,pets_b03,eff_su2_r5_d6,high,none,dynanoise,entropy,adaptive_defended_calibration,0.5294500000000001,0.51,0.04,0.13,-0.6620266735553741,as_defined,,,dynanoise
PETS_CREDIT_high_eff_su2_r5_d6_b03__none,pets_b03,eff_su2_r5_d6,high,none,dynanoise,margin,adaptive_defended_calibration,0.5295000000000001,0.51,0.04,0.13,0.2481689602136612,as_defined,,,dynanoise
PETS_CREDIT_high_eff_su2_r5_d6_b03__none,pets_b03,eff_su2_r5_d6,high,none,dynanoise,correctness,adaptive_defended_calibration,0.545,0.5449999999999999,0.0,0.0,0.5,as_defined,,,dynanoise
PETS_CREDIT_high_eff_su2_r5_d6_b03__none,pets_b03,eff_su2_r5_d6,high,none,dynanoise,learned_pv_stats_logistic,adaptive_defended_calibration,0.5987,0.6,0.12,0.21,0.4926043699103591,,,,dynanoise
PETS_CREDIT_high_eff_su2_r5_d6_b03__none,pets_b03,eff_su2_r5_d6,high,none,hamp_output,loss,adaptive_defended_calibration,0.5330000000000001,0.52,0.12,0.14,-0.0154542145319283,as_defined,,,hamp_output
PETS_CREDIT_high_eff_su2_r5_d6_b03__none,pets_b03,eff_su2_r5_d6,high,none,hamp_output,confidence,adaptive_defended_calibration,0.5330000000000001,0.52,0.12,0.14,0.9846645891666412,as_defined,,,hamp_output
PETS_CREDIT_high_eff_su2_r5_d6_b03__none,pets_b03,eff_su2_r5_d6,high,none,hamp_output,maximum_probability,adaptive_defended_calibration,0.4761,0.49,0.08,0.15,0.5967048704624176,as_defined,,,hamp_output
PETS_CREDIT_high_eff_su2_r5_d6_b03__none,pets_b03,eff_su2_r5_d6,high,none,hamp_output,entropy,adaptive_defended_calibration,0.4761,0.49,0.08,0.15,-0.6743225157260895,as_defined,,,hamp_output
PETS_CREDIT_high_eff_su2_r5_d6_b03__none,pets_b03,eff_su2_r5_d6,high,none,hamp_output,margin,adaptive_defended_calibration,0.4761,0.49,0.08,0.15,0.1934097558259964,as_defined,,,hamp_output
PETS_CREDIT_high_eff_su2_r5_d6_b03__none,pets_b03,eff_su2_r5_d6,high,none,hamp_output,correctness,adaptive_defended_calibration,0.565,0.5,0.0,0.0,-inf,as_defined,,,hamp_output
PETS_CREDIT_high_eff_su2_r5_d6_b03__none,pets_b03,eff_su2_r5_d6,high,none,hamp_output,learned_pv_stats_logistic,adaptive_defended_calibration,0.491,0.535,0.05,0.11,0.5197599026989205,,,,hamp_output
PETS_CREDIT_high_eff_su2_r5_d6_b03__none,pets_b03,eff_su2_r5_d6,high,none,memguard,loss,adaptive_defended_calibration,0.5736000000000001,0.5549999999999999,0.1,0.12,-0.1801118180155754,as_defined,,,memguard
PETS_CREDIT_high_eff_su2_r5_d6_b03__none,pets_b03,eff_su2_r5_d6,high,none,memguard,confidence,adaptive_defended_calibration,0.5736000000000001,0.5549999999999999,0.1,0.12,0.8351768851280212,as_defined,,,memguard
PETS_CREDIT_high_eff_su2_r5_d6_b03__none,pets_b03,eff_su2_r5_d6,high,none,memguard,maximum_probability,adaptive_defended_calibration,0.4856,0.475,0.07,0.1,-0.8486794531345367,inverted_from_calibration,,,memguard
PETS_CREDIT_high_eff_su2_r5_d6_b03__none,pets_b03,eff_su2_r5_d6,high,none,memguard,entropy,adaptive_defended_calibration,0.4856,0.475,0.07,0.1,0.4249895215034485,inverted_from_calibration,,,memguard
PETS_CREDIT_high_eff_su2_r5_d6_b03__none,pets_b03,eff_su2_r5_d6,high,none,memguard,margin,adaptive_defended_calibration,0.4856,0.475,0.07,0.1,-0.6973589062690735,inverted_from_calibration,,,memguard
PETS_CREDIT_high_eff_su2_r5_d6_b03__none,pets_b03,eff_su2_r5_d6,high,none,memguard,correctness,adaptive_defended_calibration,0.565,0.5,0.0,0.0,-inf,as_defined,,,memguard
PETS_CREDIT_high_eff_su2_r5_d6_b03__none,pets_b03,eff_su2_r5_d6,high,none,memguard,learned_pv_stats_logistic,adaptive_defended_calibration,0.5515,0.505,0.06,0.11,0.4944986440222859,,,,memguard
PETS_CREDIT_high_eff_su2_r5_d6_b03__none,pets_b03,eff_su2_r5_d6,high,none,logitguard_continuous,loss,adaptive_defended_calibration,0.4465,0.49,0.03,0.08,0.1500577628612518,inverted_from_calibration,,,logitguard_continuous
PETS_CREDIT_high_eff_su2_r5_d6_b03__none,pets_b03,eff_su2_r5_d6,high,none,logitguard_continuous,confidence,adaptive_defended_calibration,0.4465,0.49,0.03,0.08,-0.8606582880020142,inverted_from_calibration,,,logitguard_continuous
PETS_CREDIT_high_eff_su2_r5_d6_b03__none,pets_b03,eff_su2_r5_d6,high,none,logitguard_continuous,maximum_probability,adaptive_defended_calibration,0.4841,0.505,0.03,0.09,-0.8615764081478119,inverted_from_calibration,,,logitguard_continuous
PETS_CREDIT_high_eff_su2_r5_d6_b03__none,pets_b03,eff_su2_r5_d6,high,none,logitguard_continuous,entropy,adaptive_defended_calibration,0.4841,0.505,0.03,0.09,0.4020912647247314,inverted_from_calibration,,,logitguard_continuous
PETS_CREDIT_high_eff_su2_r5_d6_b03__none,pets_b03,eff_su2_r5_d6,high,none,logitguard_continuous,margin,adaptive_defended_calibration,0.4841,0.505,0.03,0.09,-0.7231527864933014,inverted_from_calibration,,,logitguard_continuous
PETS_CREDIT_high_eff_su2_r5_d6_b03__none,pets_b03,eff_su2_r5_d6,high,none,logitguard_continuous,correctness,adaptive_defended_calibration,0.565,0.5,0.0,0.0,-inf,as_defined,,,logitguard_continuous
PETS_CREDIT_high_eff_su2_r5_d6_b03__none,pets_b03,eff_su2_r5_d6,high,none,logitguard_continuous,learned_pv_stats_logistic,adaptive_defended_calibration,0.5077,0.505,0.02,0.11,0.5866875099352675,,,,logitguard_continuous
PETS_CREDIT_high_eff_su2_r5_d6_b03__none,pets_b03,eff_su2_r5_d6,high,none,logitguard_quantized,loss,adaptive_defended_calibration,0.45,0.49,0.0,0.06,0.1487824097275734,inverted_from_calibration,,,logitguard_quantized
PETS_CREDIT_high_eff_su2_r5_d6_b03__none,pets_b03,eff_su2_r5_d6,high,none,logitguard_quantized,confidence,adaptive_defended_calibration,0.45,0.49,0.0,0.06,-0.8617574274539948,inverted_from_calibration,,,logitguard_quantized
PETS_CREDIT_high_eff_su2_r5_d6_b03__none,pets_b03,eff_su2_r5_d6,high,none,logitguard_quantized,maximum_probability,adaptive_defended_calibration,0.4907999999999999,0.505,0.0,0.08,-0.8617574274539948,inverted_from_calibration,,,logitguard_quantized
PETS_CREDIT_high_eff_su2_r5_d6_b03__none,pets_b03,eff_su2_r5_d6,high,none,logitguard_quantized,entropy,adaptive_defended_calibration,0.4907999999999999,0.505,0.0,0.08,0.4017544388771057,inverted_from_calibration,,,logitguard_quantized
PETS_CREDIT_high_eff_su2_r5_d6_b03__none,pets_b03,eff_su2_r5_d6,high,none,logitguard_quantized,margin,adaptive_defended_calibration,0.4907999999999999,0.505,0.0,0.08,-0.7235148549079895,inverted_from_calibration,,,logitguard_quantized
PETS_CREDIT_high_eff_su2_r5_d6_b03__none,pets_b03,eff_su2_r5_d6,high,none,logitguard_quantized,correctness,adaptive_defended_calibration,0.565,0.5,0.0,0.0,-inf,as_defined,,,logitguard_quantized
PETS_CREDIT_high_eff_su2_r5_d6_b03__none,pets_b03,eff_su2_r5_d6,high,none,logitguard_quantized,learned_pv_stats_logistic,adaptive_defended_calibration,0.4982499999999999,0.525,0.02,0.1,0.5036103520401118,,,,logitguard_quantized
PETS_CREDIT_high_eff_su2_r5_d6_b03__none,pets_b03,eff_su2_r5_d6,high,none,measurementguard_continuous,loss,adaptive_defended_calibration,0.424,0.4499999999999999,0.03,0.07,0.1215245090425014,inverted_from_calibration,,,measurementguard_continuous
PETS_CREDIT_high_eff_su2_r5_d6_b03__none,pets_b03,eff_su2_r5_d6,high,none,measurementguard_continuous,confidence,adaptive_defended_calibration,0.424,0.4499999999999999,0.03,0.07,-0.8855724632740021,inverted_from_calibration,,,measurementguard_continuous
PETS_CREDIT_high_eff_su2_r5_d6_b03__none,pets_b03,eff_su2_r5_d6,high,none,measurementguard_continuous,maximum_probability,adaptive_defended_calibration,0.4699,0.47,0.06,0.07,-0.8824539184570312,inverted_from_calibration,,,measurementguard_continuous
PETS_CREDIT_high_eff_su2_r5_d6_b03__none,pets_b03,eff_su2_r5_d6,high,none,measurementguard_continuous,entropy,adaptive_defended_calibration,0.4699,0.47,0.06,0.07,0.3620070368051529,inverted_from_calibration,,,measurementguard_continuous
PETS_CREDIT_high_eff_su2_r5_d6_b03__none,pets_b03,eff_su2_r5_d6,high,none,measurementguard_continuous,margin,adaptive_defended_calibration,0.4699,0.47,0.06,0.07,-0.7649078369140625,inverted_from_calibration,,,measurementguard_continuous
PETS_CREDIT_high_eff_su2_r5_d6_b03__none,pets_b03,eff_su2_r5_d6,high,none,measurementguard_continuous,correctness,adaptive_defended_calibration,0.565,0.5,0.0,0.0,-inf,as_defined,,,measurementguard_continuous
PETS_CREDIT_high_eff_su2_r5_d6_b03__none,pets_b03,eff_su2_r5_d6,high,none,measurementguard_continuous,learned_pv_stats_logistic,adaptive_defended_calibration,0.4834,0.48,0.04,0.16,0.5202260519880216,,,,measurementguard_continuous
PETS_CREDIT_high_eff_su2_r5_d6_b03__none,pets_b03,eff_su2_r5_d6,high,none,lattice_round,loss,adaptive_defended_calibration,0.5756,0.54,0.03,0.07,-0.2379185333847999,as_defined,,,lattice_round
PETS_CREDIT_high_eff_su2_r5_d6_b03__none,pets_b03,eff_su2_r5_d6,high,none,lattice_round,confidence,adaptive_defended_calibration,0.5756,0.54,0.03,0.07,0.7883678674697876,as_defined,,,lattice_round
PETS_CREDIT_high_eff_su2_r5_d6_b03__none,pets_b03,eff_su2_r5_d6,high,none,lattice_round,maximum_probability,adaptive_defended_calibration,0.5026999999999999,0.47,0.03,0.05,0.9855731427669524,as_defined,,,lattice_round
PETS_CREDIT_high_eff_su2_r5_d6_b03__none,pets_b03,eff_su2_r5_d6,high,none,lattice_round,entropy,adaptive_defended_calibration,0.5026999999999999,0.47,0.03,0.05,-0.075445782393217,as_defined,,,lattice_round
PETS_CREDIT_high_eff_su2_r5_d6_b03__none,pets_b03,eff_su2_r5_d6,high,none,lattice_round,margin,adaptive_defended_calibration,0.5026999999999999,0.47,0.03,0.05,0.971146285533905,as_defined,,,lattice_round
PETS_CREDIT_high_eff_su2_r5_d6_b03__none,pets_b03,eff_su2_r5_d6,high,none,lattice_round,correctness,adaptive_defended_calibration,0.565,0.5,0.0,0.0,-inf,as_defined,,,lattice_round
PETS_CREDIT_high_eff_su2_r5_d6_b03__none,pets_b03,eff_su2_r5_d6,high,none,lattice_round,learned_pv_stats_logistic,adaptive_defended_calibration,0.5261,0.51,0.07,0.11,0.4543954832001058,,,,lattice_round
PETS_CREDIT_high_eff_su2_r5_d6_b03__none,pets_b03,eff_su2_r5_d6,high,none,memgq_lattice,loss,adaptive_defended_calibration,0.4186999999999999,0.435,0.02,0.05,0.1444611996412277,inverted_from_calibration,,,memgq_lattice
PETS_CREDIT_high_eff_su2_r5_d6_b03__none,pets_b03,eff_su2_r5_d6,high,none,memgq_lattice,confidence,adaptive_defended_calibration,0.4186999999999999,0.435,0.02,0.05,-0.8654900789260864,inverted_from_calibration,,,memgq_lattice
PETS_CREDIT_high_eff_su2_r5_d6_b03__none,pets_b03,eff_su2_r5_d6,high,none,memgq_lattice,maximum_probability,adaptive_defended_calibration,0.4883,0.485,0.05,0.11,-0.8835946619510651,inverted_from_calibration,,,memgq_lattice
PETS_CREDIT_high_eff_su2_r5_d6_b03__none,pets_b03,eff_su2_r5_d6,high,none,memgq_lattice,entropy,adaptive_defended_calibration,0.4883,0.485,0.05,0.11,0.3597009181976318,inverted_from_calibration,,,memgq_lattice
PETS_CREDIT_high_eff_su2_r5_d6_b03__none,pets_b03,eff_su2_r5_d6,high,none,memgq_lattice,margin,adaptive_defended_calibration,0.4883,0.485,0.05,0.11,-0.7671892940998077,inverted_from_calibration,,,memgq_lattice
PETS_CREDIT_high_eff_su2_r5_d6_b03__none,pets_b03,eff_su2_r5_d6,high,none,memgq_lattice,correctness,adaptive_defended_calibration,0.565,0.5,0.0,0.0,-inf,as_defined,,,memgq_lattice
PETS_CREDIT_high_eff_su2_r5_d6_b03__none,pets_b03,eff_su2_r5_d6,high,none,memgq_lattice,learned_pv_stats_logistic,adaptive_defended_calibration,0.4748,0.4649999999999999,0.04,0.1,0.490018414637007,,,,memgq_lattice
PETS_CREDIT_high_eff_su2_r5_d6_b03__none,pets_b03,eff_su2_r5_d6,high,none,memgq_lattice_sticky,loss,adaptive_defended_calibration,0.4361,0.4449999999999999,0.02,0.05,0.1410662308335304,inverted_from_calibration,,,memgq_lattice_sticky
PETS_CREDIT_high_eff_su2_r5_d6_b03__none,pets_b03,eff_su2_r5_d6,high,none,memgq_lattice_sticky,confidence,adaptive_defended_calibration,0.4361,0.4449999999999999,0.02,0.05,-0.8684325218200684,inverted_from_calibration,,,memgq_lattice_sticky
PETS_CREDIT_high_eff_su2_r5_d6_b03__none,pets_b03,eff_su2_r5_d6,high,none,memgq_lattice_sticky,maximum_probability,adaptive_defended_calibration,0.4977999999999999,0.48,0.06,0.12,-0.8684325218200684,inverted_from_calibration,,,memgq_lattice_sticky
PETS_CREDIT_high_eff_su2_r5_d6_b03__none,pets_b03,eff_su2_r5_d6,high,none,memgq_lattice_sticky,entropy,adaptive_defended_calibration,0.4977999999999999,0.48,0.06,0.12,0.389350026845932,inverted_from_calibration,,,memgq_lattice_sticky
PETS_CREDIT_high_eff_su2_r5_d6_b03__none,pets_b03,eff_su2_r5_d6,high,none,memgq_lattice_sticky,margin,adaptive_defended_calibration,0.4977999999999999,0.48,0.06,0.12,-0.7368650138378143,inverted_from_calibration,,,memgq_lattice_sticky
PETS_CREDIT_high_eff_su2_r5_d6_b03__none,pets_b03,eff_su2_r5_d6,high,none,memgq_lattice_sticky,correctness,adaptive_defended_calibration,0.56,0.5,0.0,0.0,-inf,as_defined,,,memgq_lattice_sticky
PETS_CREDIT_high_eff_su2_r5_d6_b03__none,pets_b03,eff_su2_r5_d6,high,none,memgq_lattice_sticky,learned_pv_stats_logistic,adaptive_defended_calibration,0.4875,0.4649999999999999,0.04,0.11,0.4846559712318151,,,,memgq_lattice_sticky
PETS_CREDIT_high_eff_su2_r5_d6_b04__dp_qml,pets_b04,eff_su2_r5_d6,high,dp_qml,none,loss,adaptive_defended_calibration,0.4403999999999999,0.475,0.01,0.02,0.0715503171086311,inverted_from_calibration,,,dp_qml
PETS_CREDIT_high_eff_su2_r5_d6_b04__dp_qml,pets_b04,eff_su2_r5_d6,high,dp_qml,none,confidence,adaptive_defended_calibration,0.4403999999999999,0.475,0.01,0.02,-0.9309495985507964,inverted_from_calibration,,,dp_qml
PETS_CREDIT_high_eff_su2_r5_d6_b04__dp_qml,pets_b04,eff_su2_r5_d6,high,dp_qml,none,maximum_probability,adaptive_defended_calibration,0.4618,0.51,0.04,0.06,-0.9712417721748352,inverted_from_calibration,,,dp_qml
PETS_CREDIT_high_eff_su2_r5_d6_b04__dp_qml,pets_b04,eff_su2_r5_d6,high,dp_qml,none,entropy,adaptive_defended_calibration,0.4618,0.51,0.04,0.06,0.1303936839103698,inverted_from_calibration,,,dp_qml
PETS_CREDIT_high_eff_su2_r5_d6_b04__dp_qml,pets_b04,eff_su2_r5_d6,high,dp_qml,none,margin,adaptive_defended_calibration,0.4618,0.51,0.04,0.06,-0.9424835443496704,inverted_from_calibration,,,dp_qml
PETS_CREDIT_high_eff_su2_r5_d6_b04__dp_qml,pets_b04,eff_su2_r5_d6,high,dp_qml,none,correctness,adaptive_defended_calibration,0.43,0.43,0.0,0.0,-0.5,inverted_from_calibration,,,dp_qml
PETS_CREDIT_high_eff_su2_r5_d6_b04__dp_qml,pets_b04,eff_su2_r5_d6,high,dp_qml,none,learned_pv_stats_logistic,adaptive_defended_calibration,0.4140999999999999,0.475,0.04,0.07,0.5461957808988759,,,,dp_qml
PETS_CREDIT_high_eff_su2_r5_d6_b04__hamp_train,pets_b04,eff_su2_r5_d6,high,hamp_train,none,loss,adaptive_defended_calibration,0.3928999999999999,0.43,0.0,0.05,0.6702127456665039,inverted_from_calibration,,,hamp_train
PETS_CREDIT_high_eff_su2_r5_d6_b04__hamp_train,pets_b04,eff_su2_r5_d6,high,hamp_train,none,confidence,adaptive_defended_calibration,0.3928999999999999,0.43,0.0,0.05,-0.5116014778614044,inverted_from_calibration,,,hamp_train
PETS_CREDIT_high_eff_su2_r5_d6_b04__hamp_train,pets_b04,eff_su2_r5_d6,high,hamp_train,none,maximum_probability,adaptive_defended_calibration,0.4331,0.48,0.04,0.06,-0.5116014778614044,inverted_from_calibration,,,hamp_train
PETS_CREDIT_high_eff_su2_r5_d6_b04__hamp_train,pets_b04,eff_su2_r5_d6,high,hamp_train,none,entropy,adaptive_defended_calibration,0.4331,0.48,0.04,0.06,0.6928743720054626,inverted_from_calibration,,,hamp_train
PETS_CREDIT_high_eff_su2_r5_d6_b04__hamp_train,pets_b04,eff_su2_r5_d6,high,hamp_train,none,margin,adaptive_defended_calibration,0.4331,0.48,0.04,0.06,-0.02320297062397,inverted_from_calibration,,,hamp_train
PETS_CREDIT_high_eff_su2_r5_d6_b04__hamp_train,pets_b04,eff_su2_r5_d6,high,hamp_train,none,correctness,adaptive_defended_calibration,0.4249999999999999,0.425,0.0,0.0,-0.5,inverted_from_calibration,,,hamp_train
PETS_CREDIT_high_eff_su2_r5_d6_b04__hamp_train,pets_b04,eff_su2_r5_d6,high,hamp_train,none,learned_pv_stats_logistic,adaptive_defended_calibration,0.5048999999999999,0.51,0.0,0.0,0.4978312050741384,,,,hamp_train
PETS_CREDIT_high_eff_su2_r5_d6_b04__hamp_train,pets_b04,eff_su2_r5_d6,high,hamp_train,hamp_output,loss,adaptive_defended_calibration,0.5765,0.55,0.14,0.16,-0.4893465340137481,as_defined,,,hamp_full
PETS_CREDIT_high_eff_su2_r5_d6_b04__hamp_train,pets_b04,eff_su2_r5_d6,high,hamp_train,hamp_output,confidence,adaptive_defended_calibration,0.5765,0.55,0.14,0.16,0.6130271852016449,as_defined,,,hamp_full
PETS_CREDIT_high_eff_su2_r5_d6_b04__hamp_train,pets_b04,eff_su2_r5_d6,high,hamp_train,hamp_output,maximum_probability,adaptive_defended_calibration,0.5241,0.505,0.06,0.19,0.5651672780513763,as_defined,,,hamp_full
PETS_CREDIT_high_eff_su2_r5_d6_b04__hamp_train,pets_b04,eff_su2_r5_d6,high,hamp_train,hamp_output,entropy,adaptive_defended_calibration,0.5241,0.505,0.06,0.19,-0.6846292316913605,as_defined,,,hamp_full
PETS_CREDIT_high_eff_su2_r5_d6_b04__hamp_train,pets_b04,eff_su2_r5_d6,high,hamp_train,hamp_output,margin,adaptive_defended_calibration,0.5241,0.505,0.06,0.19,0.1303345710039138,as_defined,,,hamp_full
PETS_CREDIT_high_eff_su2_r5_d6_b04__hamp_train,pets_b04,eff_su2_r5_d6,high,hamp_train,hamp_output,correctness,adaptive_defended_calibration,0.4249999999999999,0.425,0.0,0.0,-0.5,inverted_from_calibration,,,hamp_full
PETS_CREDIT_high_eff_su2_r5_d6_b04__hamp_train,pets_b04,eff_su2_r5_d6,high,hamp_train,hamp_output,learned_pv_stats_logistic,adaptive_defended_calibration,0.5259,0.53,0.0,0.11,0.4924130015243497,,,,hamp_full
PETS_CREDIT_high_eff_su2_r5_d6_b04__l2,pets_b04,eff_su2_r5_d6,high,l2,none,loss,adaptive_defended_calibration,0.4333,0.4599999999999999,0.0,0.01,0.1565710827708244,inverted_from_calibration,,,l2
PETS_CREDIT_high_eff_su2_r5_d6_b04__l2,pets_b04,eff_su2_r5_d6,high,l2,none,confidence,adaptive_defended_calibration,0.4333,0.4599999999999999,0.0,0.01,-0.8550707399845123,inverted_from_calibration,,,l2
PETS_CREDIT_high_eff_su2_r5_d6_b04__l2,pets_b04,eff_su2_r5_d6,high,l2,none,maximum_probability,adaptive_defended_calibration,0.4662,0.485,0.06,0.09,-0.8609029352664948,inverted_from_calibration,,,l2
PETS_CREDIT_high_eff_su2_r5_d6_b04__l2,pets_b04,eff_su2_r5_d6,high,l2,none,entropy,adaptive_defended_calibration,0.4662,0.485,0.06,0.09,0.4033119976520538,inverted_from_calibration,,,l2
PETS_CREDIT_high_eff_su2_r5_d6_b04__l2,pets_b04,eff_su2_r5_d6,high,l2,none,margin,adaptive_defended_calibration,0.4662,0.485,0.06,0.09,-0.7218058705329895,inverted_from_calibration,,,l2
PETS_CREDIT_high_eff_su2_r5_d6_b04__l2,pets_b04,eff_su2_r5_d6,high,l2,none,correctness,adaptive_defended_calibration,0.375,0.375,0.0,0.0,-0.5,inverted_from_calibration,,,l2
PETS_CREDIT_high_eff_su2_r5_d6_b04__l2,pets_b04,eff_su2_r5_d6,high,l2,none,learned_pv_stats_logistic,adaptive_defended_calibration,0.5043,0.515,0.11,0.12,0.4980194006566418,,,,l2
PETS_CREDIT_high_eff_su2_r5_d6_b04__none,pets_b04,eff_su2_r5_d6,high,none,none,loss,adaptive_defended_calibration,0.3937,0.43,0.0,0.0,0.556446760892868,inverted_from_calibration,,,none
PETS_CREDIT_high_eff_su2_r5_d6_b04__none,pets_b04,eff_su2_r5_d6,high,none,none,confidence,adaptive_defended_calibration,0.3937,0.43,0.0,0.0,-0.5735131204128265,inverted_from_calibration,,,none
PETS_CREDIT_high_eff_su2_r5_d6_b04__none,pets_b04,eff_su2_r5_d6,high,none,none,maximum_probability,adaptive_defended_calibration,0.4479999999999999,0.4599999999999999,0.04,0.09,-0.9014618694782256,inverted_from_calibration,,,none
PETS_CREDIT_high_eff_su2_r5_d6_b04__none,pets_b04,eff_su2_r5_d6,high,none,none,entropy,adaptive_defended_calibration,0.4479999999999999,0.4599999999999999,0.04,0.09,0.3218436390161514,inverted_from_calibration,,,none
PETS_CREDIT_high_eff_su2_r5_d6_b04__none,pets_b04,eff_su2_r5_d6,high,none,none,margin,adaptive_defended_calibration,0.4479999999999999,0.4599999999999999,0.04,0.09,-0.8029237389564514,inverted_from_calibration,,,none
PETS_CREDIT_high_eff_su2_r5_d6_b04__none,pets_b04,eff_su2_r5_d6,high,none,none,correctness,adaptive_defended_calibration,0.4399999999999999,0.44,0.0,0.0,-0.5,inverted_from_calibration,,,none
PETS_CREDIT_high_eff_su2_r5_d6_b04__none,pets_b04,eff_su2_r5_d6,high,none,none,learned_pv_stats_logistic,adaptive_defended_calibration,0.4887,0.485,0.04,0.09,0.5557756665283744,,,,none
PETS_CREDIT_high_eff_su2_r5_d6_b04__none,pets_b04,eff_su2_r5_d6,high,none,dynanoise,loss,adaptive_defended_calibration,0.3795,0.415,0.0,0.04,0.5882189571857452,inverted_from_calibration,,,dynanoise
PETS_CREDIT_high_eff_su2_r5_d6_b04__none,pets_b04,eff_su2_r5_d6,high,none,dynanoise,confidence,adaptive_defended_calibration,0.3795,0.415,0.0,0.04,-0.5553154349327087,inverted_from_calibration,,,dynanoise
PETS_CREDIT_high_eff_su2_r5_d6_b04__none,pets_b04,eff_su2_r5_d6,high,none,dynanoise,maximum_probability,adaptive_defended_calibration,0.4171,0.435,0.02,0.03,-0.5555562973022461,inverted_from_calibration,,,dynanoise
PETS_CREDIT_high_eff_su2_r5_d6_b04__none,pets_b04,eff_su2_r5_d6,high,none,dynanoise,entropy,adaptive_defended_calibration,0.4171,0.435,0.02,0.03,0.6869613826274872,inverted_from_calibration,,,dynanoise
PETS_CREDIT_high_eff_su2_r5_d6_b04__none,pets_b04,eff_su2_r5_d6,high,none,dynanoise,margin,adaptive_defended_calibration,0.4171,0.435,0.02,0.03,-0.111112579703331,inverted_from_calibration,,,dynanoise
PETS_CREDIT_high_eff_su2_r5_d6_b04__none,pets_b04,eff_su2_r5_d6,high,none,dynanoise,correctness,adaptive_defended_calibration,0.56,0.5599999999999999,0.0,0.0,0.5,as_defined,,,dynanoise
PETS_CREDIT_high_eff_su2_r5_d6_b04__none,pets_b04,eff_su2_r5_d6,high,none,dynanoise,learned_pv_stats_logistic,adaptive_defended_calibration,0.4569,0.465,0.11,0.12,0.4423134968908707,,,,dynanoise
PETS_CREDIT_high_eff_su2_r5_d6_b04__none,pets_b04,eff_su2_r5_d6,high,none,hamp_output,loss,adaptive_defended_calibration,0.5733999999999999,0.545,0.05,0.1,-0.2390206232666969,as_defined,,,hamp_output
PETS_CREDIT_high_eff_su2_r5_d6_b04__none,pets_b04,eff_su2_r5_d6,high,none,hamp_output,confidence,adaptive_defended_calibration,0.5733999999999999,0.545,0.05,0.1,0.7874347269535065,as_defined,,,hamp_output
PETS_CREDIT_high_eff_su2_r5_d6_b04__none,pets_b04,eff_su2_r5_d6,high,none,hamp_output,maximum_probability,adaptive_defended_calibration,0.5413,0.52,0.07,0.12,0.7940991818904877,as_defined,,,hamp_output
PETS_CREDIT_high_eff_su2_r5_d6_b04__none,pets_b04,eff_su2_r5_d6,high,none,hamp_output,entropy,adaptive_defended_calibration,0.5413,0.52,0.07,0.12,-0.508472353219986,as_defined,,,hamp_output
PETS_CREDIT_high_eff_su2_r5_d6_b04__none,pets_b04,eff_su2_r5_d6,high,none,hamp_output,margin,adaptive_defended_calibration,0.5413,0.52,0.07,0.12,0.5881983637809753,as_defined,,,hamp_output
PETS_CREDIT_high_eff_su2_r5_d6_b04__none,pets_b04,eff_su2_r5_d6,high,none,hamp_output,correctness,adaptive_defended_calibration,0.4399999999999999,0.44,0.0,0.0,-0.5,inverted_from_calibration,,,hamp_output
PETS_CREDIT_high_eff_su2_r5_d6_b04__none,pets_b04,eff_su2_r5_d6,high,none,hamp_output,learned_pv_stats_logistic,adaptive_defended_calibration,0.524,0.515,0.03,0.14,0.6124813985731565,,,,hamp_output
PETS_CREDIT_high_eff_su2_r5_d6_b04__none,pets_b04,eff_su2_r5_d6,high,none,memguard,loss,adaptive_defended_calibration,0.3725,0.455,0.0,0.0,0.2260128930211067,inverted_from_calibration,,,memguard
PETS_CREDIT_high_eff_su2_r5_d6_b04__none,pets_b04,eff_su2_r5_d6,high,none,memguard,confidence,adaptive_defended_calibration,0.3725,0.455,0.0,0.0,-0.7977078557014465,inverted_from_calibration,,,memguard
PETS_CREDIT_high_eff_su2_r5_d6_b04__none,pets_b04,eff_su2_r5_d6,high,none,memguard,maximum_probability,adaptive_defended_calibration,0.4428,0.465,0.07,0.11,-0.7977078557014465,inverted_from_calibration,,,memguard
PETS_CREDIT_high_eff_su2_r5_d6_b04__none,pets_b04,eff_su2_r5_d6,high,none,memguard,entropy,adaptive_defended_calibration,0.4428,0.465,0.07,0.11,0.5035634934902191,inverted_from_calibration,,,memguard
PETS_CREDIT_high_eff_su2_r5_d6_b04__none,pets_b04,eff_su2_r5_d6,high,none,memguard,margin,adaptive_defended_calibration,0.4428,0.465,0.07,0.11,-0.5954156816005707,inverted_from_calibration,,,memguard
PETS_CREDIT_high_eff_su2_r5_d6_b04__none,pets_b04,eff_su2_r5_d6,high,none,memguard,correctness,adaptive_defended_calibration,0.4399999999999999,0.44,0.0,0.0,-0.5,inverted_from_calibration,,,memguard
PETS_CREDIT_high_eff_su2_r5_d6_b04__none,pets_b04,eff_su2_r5_d6,high,none,memguard,learned_pv_stats_logistic,adaptive_defended_calibration,0.3856,0.43,0.02,0.03,0.4663659668104896,,,,memguard
PETS_CREDIT_high_eff_su2_r5_d6_b04__none,pets_b04,eff_su2_r5_d6,high,none,logitguard_continuous,loss,adaptive_defended_calibration,0.4212,0.455,0.05,0.08,0.265933945775032,inverted_from_calibration,,,logitguard_continuous
PETS_CREDIT_high_eff_su2_r5_d6_b04__none,pets_b04,eff_su2_r5_d6,high,none,logitguard_continuous,confidence,adaptive_defended_calibration,0.4212,0.455,0.05,0.08,-0.7664900422096252,inverted_from_calibration,,,logitguard_continuous
PETS_CREDIT_high_eff_su2_r5_d6_b04__none,pets_b04,eff_su2_r5_d6,high,none,logitguard_continuous,maximum_probability,adaptive_defended_calibration,0.4476,0.5,0.07,0.13,-0.7682691812515259,inverted_from_calibration,,,logitguard_continuous
PETS_CREDIT_high_eff_su2_r5_d6_b04__none,pets_b04,eff_su2_r5_d6,high,none,logitguard_continuous,entropy,adaptive_defended_calibration,0.4476,0.5,0.07,0.13,0.541359007358551,inverted_from_calibration,,,logitguard_continuous
PETS_CREDIT_high_eff_su2_r5_d6_b04__none,pets_b04,eff_su2_r5_d6,high,none,logitguard_continuous,margin,adaptive_defended_calibration,0.4476,0.5,0.07,0.13,-0.5365383327007294,inverted_from_calibration,,,logitguard_continuous
PETS_CREDIT_high_eff_su2_r5_d6_b04__none,pets_b04,eff_su2_r5_d6,high,none,logitguard_continuous,correctness,adaptive_defended_calibration,0.4399999999999999,0.44,0.0,0.0,-0.5,inverted_from_calibration,,,logitguard_continuous
PETS_CREDIT_high_eff_su2_r5_d6_b04__none,pets_b04,eff_su2_r5_d6,high,none,logitguard_continuous,learned_pv_stats_logistic,adaptive_defended_calibration,0.432,0.48,0.0,0.03,0.5020530554789233,,,,logitguard_continuous
PETS_CREDIT_high_eff_su2_r5_d6_b04__none,pets_b04,eff_su2_r5_d6,high,none,logitguard_quantized,loss,adaptive_defended_calibration,0.42295,0.45,0.03,0.06,0.2656151503324508,inverted_from_calibration,,,logitguard_quantized
PETS_CREDIT_high_eff_su2_r5_d6_b04__none,pets_b04,eff_su2_r5_d6,high,none,logitguard_quantized,confidence,adaptive_defended_calibration,0.42295,0.45,0.03,0.06,-0.76673623919487,inverted_from_calibration,,,logitguard_quantized
PETS_CREDIT_high_eff_su2_r5_d6_b04__none,pets_b04,eff_su2_r5_d6,high,none,logitguard_quantized,maximum_probability,adaptive_defended_calibration,0.449,0.505,0.07,0.08,-0.76673623919487,inverted_from_calibration,,,logitguard_quantized
PETS_CREDIT_high_eff_su2_r5_d6_b04__none,pets_b04,eff_su2_r5_d6,high,none,logitguard_quantized,entropy,adaptive_defended_calibration,0.449,0.505,0.07,0.08,0.5431810319423676,inverted_from_calibration,,,logitguard_quantized
PETS_CREDIT_high_eff_su2_r5_d6_b04__none,pets_b04,eff_su2_r5_d6,high,none,logitguard_quantized,margin,adaptive_defended_calibration,0.449,0.505,0.07,0.08,-0.5334725081920624,inverted_from_calibration,,,logitguard_quantized
PETS_CREDIT_high_eff_su2_r5_d6_b04__none,pets_b04,eff_su2_r5_d6,high,none,logitguard_quantized,correctness,adaptive_defended_calibration,0.4399999999999999,0.44,0.0,0.0,-0.5,inverted_from_calibration,,,logitguard_quantized
PETS_CREDIT_high_eff_su2_r5_d6_b04__none,pets_b04,eff_su2_r5_d6,high,none,logitguard_quantized,learned_pv_stats_logistic,adaptive_defended_calibration,0.4334,0.475,0.0,0.03,0.5103395503282315,,,,logitguard_quantized
PETS_CREDIT_high_eff_su2_r5_d6_b04__none,pets_b04,eff_su2_r5_d6,high,none,measurementguard_continuous,loss,adaptive_defended_calibration,0.5688,0.5449999999999999,0.03,0.17,-0.2636250704526901,as_defined,,,measurementguard_continuous
PETS_CREDIT_high_eff_su2_r5_d6_b04__none,pets_b04,eff_su2_r5_d6,high,none,measurementguard_continuous,confidence,adaptive_defended_calibration,0.5688,0.5449999999999999,0.03,0.17,0.768261581659317,as_defined,,,measurementguard_continuous
PETS_CREDIT_high_eff_su2_r5_d6_b04__none,pets_b04,eff_su2_r5_d6,high,none,measurementguard_continuous,maximum_probability,adaptive_defended_calibration,0.4996,0.51,0.01,0.03,0.768261581659317,as_defined,,,measurementguard_continuous
PETS_CREDIT_high_eff_su2_r5_d6_b04__none,pets_b04,eff_su2_r5_d6,high,none,measurementguard_continuous,entropy,adaptive_defended_calibration,0.4996,0.51,0.01,0.03,-0.5413681864738464,as_defined,,,measurementguard_continuous
PETS_CREDIT_high_eff_su2_r5_d6_b04__none,pets_b04,eff_su2_r5_d6,high,none,measurementguard_continuous,margin,adaptive_defended_calibration,0.4996,0.51,0.01,0.03,0.5365231037139893,as_defined,,,measurementguard_continuous
PETS_CREDIT_high_eff_su2_r5_d6_b04__none,pets_b04,eff_su2_r5_d6,high,none,measurementguard_continuous,correctness,adaptive_defended_calibration,0.4399999999999999,0.44,0.0,0.0,-0.5,inverted_from_calibration,,,measurementguard_continuous
PETS_CREDIT_high_eff_su2_r5_d6_b04__none,pets_b04,eff_su2_r5_d6,high,none,measurementguard_continuous,learned_pv_stats_logistic,adaptive_defended_calibration,0.4712,0.485,0.04,0.04,0.5377325342002124,,,,measurementguard_continuous
PETS_CREDIT_high_eff_su2_r5_d6_b04__none,pets_b04,eff_su2_r5_d6,high,none,lattice_round,loss,adaptive_defended_calibration,0.395,0.435,0.0,0.0,0.5445446968078613,inverted_from_calibration,,,lattice_round
PETS_CREDIT_high_eff_su2_r5_d6_b04__none,pets_b04,eff_su2_r5_d6,high,none,lattice_round,confidence,adaptive_defended_calibration,0.395,0.435,0.0,0.0,-0.5803482830524445,inverted_from_calibration,,,lattice_round
PETS_CREDIT_high_eff_su2_r5_d6_b04__none,pets_b04,eff_su2_r5_d6,high,none,lattice_round,maximum_probability,adaptive_defended_calibration,0.4483999999999999,0.495,0.06,0.07,-0.5803482830524445,inverted_from_calibration,,,lattice_round
PETS_CREDIT_high_eff_su2_r5_d6_b04__none,pets_b04,eff_su2_r5_d6,high,none,lattice_round,entropy,adaptive_defended_calibration,0.4483999999999999,0.495,0.06,0.07,0.6796016097068787,inverted_from_calibration,,,lattice_round
PETS_CREDIT_high_eff_su2_r5_d6_b04__none,pets_b04,eff_su2_r5_d6,high,none,lattice_round,margin,adaptive_defended_calibration,0.4483999999999999,0.495,0.06,0.07,-0.1606965810060501,inverted_from_calibration,,,lattice_round
PETS_CREDIT_high_eff_su2_r5_d6_b04__none,pets_b04,eff_su2_r5_d6,high,none,lattice_round,correctness,adaptive_defended_calibration,0.4549999999999999,0.455,0.0,0.0,-0.5,inverted_from_calibration,,,lattice_round
PETS_CREDIT_high_eff_su2_r5_d6_b04__none,pets_b04,eff_su2_r5_d6,high,none,lattice_round,learned_pv_stats_logistic,adaptive_defended_calibration,0.4963999999999999,0.505,0.08,0.1,0.5270569474212596,,,,lattice_round
PETS_CREDIT_high_eff_su2_r5_d6_b04__none,pets_b04,eff_su2_r5_d6,high,none,memgq_lattice,loss,adaptive_defended_calibration,0.5675,0.56,0.12,0.16,-0.2421891912817955,as_defined,,,memgq_lattice
PETS_CREDIT_high_eff_su2_r5_d6_b04__none,pets_b04,eff_su2_r5_d6,high,none,memgq_lattice,confidence,adaptive_defended_calibration,0.5675,0.56,0.12,0.16,0.7849088311195374,as_defined,,,memgq_lattice
PETS_CREDIT_high_eff_su2_r5_d6_b04__none,pets_b04,eff_su2_r5_d6,high,none,memgq_lattice,maximum_probability,adaptive_defended_calibration,0.5053,0.52,0.06,0.12,0.7791212201118469,as_defined,,,memgq_lattice
PETS_CREDIT_high_eff_su2_r5_d6_b04__none,pets_b04,eff_su2_r5_d6,high,none,memgq_lattice,entropy,adaptive_defended_calibration,0.5053,0.52,0.06,0.12,-0.5280086398124695,as_defined,,,memgq_lattice
PETS_CREDIT_high_eff_su2_r5_d6_b04__none,pets_b04,eff_su2_r5_d6,high,none,memgq_lattice,margin,adaptive_defended_calibration,0.5053,0.52,0.06,0.12,0.5582424402236938,as_defined,,,memgq_lattice
PETS_CREDIT_high_eff_su2_r5_d6_b04__none,pets_b04,eff_su2_r5_d6,high,none,memgq_lattice,correctness,adaptive_defended_calibration,0.4399999999999999,0.44,0.0,0.0,-0.5,inverted_from_calibration,,,memgq_lattice
PETS_CREDIT_high_eff_su2_r5_d6_b04__none,pets_b04,eff_su2_r5_d6,high,none,memgq_lattice,learned_pv_stats_logistic,adaptive_defended_calibration,0.4625999999999999,0.51,0.04,0.04,0.4433589088086699,,,,memgq_lattice
PETS_CREDIT_high_eff_su2_r5_d6_b04__none,pets_b04,eff_su2_r5_d6,high,none,memgq_lattice_sticky,loss,adaptive_defended_calibration,0.50225,0.515,0.0,0.04,-0.2782702147960663,as_defined,,,memgq_lattice_sticky
PETS_CREDIT_high_eff_su2_r5_d6_b04__none,pets_b04,eff_su2_r5_d6,high,none,memgq_lattice_sticky,confidence,adaptive_defended_calibration,0.50225,0.515,0.0,0.04,0.7570922374725342,as_defined,,,memgq_lattice_sticky
PETS_CREDIT_high_eff_su2_r5_d6_b04__none,pets_b04,eff_su2_r5_d6,high,none,memgq_lattice_sticky,maximum_probability,adaptive_defended_calibration,0.44035,0.4649999999999999,0.0,0.02,0.7850955724716187,as_defined,,,memgq_lattice_sticky
PETS_CREDIT_high_eff_su2_r5_d6_b04__none,pets_b04,eff_su2_r5_d6,high,none,memgq_lattice_sticky,entropy,adaptive_defended_calibration,0.44035,0.4649999999999999,0.0,0.02,-0.5203785598278046,as_defined,,,memgq_lattice_sticky
PETS_CREDIT_high_eff_su2_r5_d6_b04__none,pets_b04,eff_su2_r5_d6,high,none,memgq_lattice_sticky,margin,adaptive_defended_calibration,0.44035,0.4649999999999999,0.0,0.02,0.5701911449432373,as_defined,,,memgq_lattice_sticky
PETS_CREDIT_high_eff_su2_r5_d6_b04__none,pets_b04,eff_su2_r5_d6,high,none,memgq_lattice_sticky,correctness,adaptive_defended_calibration,0.4499999999999999,0.45,0.0,0.0,-0.5,inverted_from_calibration,,,memgq_lattice_sticky
PETS_CREDIT_high_eff_su2_r5_d6_b04__none,pets_b04,eff_su2_r5_d6,high,none,memgq_lattice_sticky,learned_pv_stats_logistic,adaptive_defended_calibration,0.4258499999999999,0.45,0.04,0.06,0.5548393793439567,,,,memgq_lattice_sticky
PETS_CREDIT_high_eff_su2_r5_d6_b05__dp_qml,pets_b05,eff_su2_r5_d6,high,dp_qml,none,loss,adaptive_defended_calibration,0.4489000000000001,0.485,0.02,0.02,0.0769518613815307,inverted_from_calibration,,,dp_qml
PETS_CREDIT_high_eff_su2_r5_d6_b05__dp_qml,pets_b05,eff_su2_r5_d6,high,dp_qml,none,confidence,adaptive_defended_calibration,0.4489000000000001,0.485,0.02,0.02,-0.9259344041347504,inverted_from_calibration,,,dp_qml
PETS_CREDIT_high_eff_su2_r5_d6_b05__dp_qml,pets_b05,eff_su2_r5_d6,high,dp_qml,none,maximum_probability,adaptive_defended_calibration,0.4855,0.51,0.05,0.09,-0.9259344041347504,inverted_from_calibration,,,dp_qml
PETS_CREDIT_high_eff_su2_r5_d6_b05__dp_qml,pets_b05,eff_su2_r5_d6,high,dp_qml,none,entropy,adaptive_defended_calibration,0.4855,0.51,0.05,0.09,0.2640305757522583,inverted_from_calibration,,,dp_qml
PETS_CREDIT_high_eff_su2_r5_d6_b05__dp_qml,pets_b05,eff_su2_r5_d6,high,dp_qml,none,margin,adaptive_defended_calibration,0.4855,0.51,0.05,0.09,-0.8518688380718231,inverted_from_calibration,,,dp_qml
PETS_CREDIT_high_eff_su2_r5_d6_b05__dp_qml,pets_b05,eff_su2_r5_d6,high,dp_qml,none,correctness,adaptive_defended_calibration,0.46,0.46,0.0,0.0,-0.5,inverted_from_calibration,,,dp_qml
PETS_CREDIT_high_eff_su2_r5_d6_b05__dp_qml,pets_b05,eff_su2_r5_d6,high,dp_qml,none,learned_pv_stats_logistic,adaptive_defended_calibration,0.4481,0.495,0.01,0.06,0.4827319115951906,,,,dp_qml
PETS_CREDIT_high_eff_su2_r5_d6_b05__hamp_train,pets_b05,eff_su2_r5_d6,high,hamp_train,none,loss,adaptive_defended_calibration,0.5864,0.5449999999999999,0.03,0.1,-0.6047162115573883,as_defined,,,hamp_train
PETS_CREDIT_high_eff_su2_r5_d6_b05__hamp_train,pets_b05,eff_su2_r5_d6,high,hamp_train,none,confidence,adaptive_defended_calibration,0.5864,0.5449999999999999,0.03,0.1,0.5462295114994049,as_defined,,,hamp_train
PETS_CREDIT_high_eff_su2_r5_d6_b05__hamp_train,pets_b05,eff_su2_r5_d6,high,hamp_train,none,maximum_probability,adaptive_defended_calibration,0.5524,0.5549999999999999,0.03,0.07,0.5282757878303528,as_defined,,,hamp_train
PETS_CREDIT_high_eff_su2_r5_d6_b05__hamp_train,pets_b05,eff_su2_r5_d6,high,hamp_train,none,entropy,adaptive_defended_calibration,0.5524,0.5549999999999999,0.03,0.07,-0.6915458142757416,as_defined,,,hamp_train
PETS_CREDIT_high_eff_su2_r5_d6_b05__hamp_train,pets_b05,eff_su2_r5_d6,high,hamp_train,none,margin,adaptive_defended_calibration,0.5524,0.5549999999999999,0.03,0.07,0.0565515905618667,as_defined,,,hamp_train
PETS_CREDIT_high_eff_su2_r5_d6_b05__hamp_train,pets_b05,eff_su2_r5_d6,high,hamp_train,none,correctness,adaptive_defended_calibration,0.53,0.53,0.0,0.0,0.5,as_defined,,,hamp_train
PETS_CREDIT_high_eff_su2_r5_d6_b05__hamp_train,pets_b05,eff_su2_r5_d6,high,hamp_train,none,learned_pv_stats_logistic,adaptive_defended_calibration,0.6097,0.565,0.14,0.16,0.5243652939966711,,,,hamp_train
PETS_CREDIT_high_eff_su2_r5_d6_b05__hamp_train,pets_b05,eff_su2_r5_d6,high,hamp_train,hamp_output,loss,adaptive_defended_calibration,0.4834,0.535,0.05,0.09,-0.8531913161277771,as_defined,,,hamp_full
PETS_CREDIT_high_eff_su2_r5_d6_b05__hamp_train,pets_b05,eff_su2_r5_d6,high,hamp_train,hamp_output,confidence,adaptive_defended_calibration,0.4834,0.535,0.05,0.09,0.4260531067848205,as_defined,,,hamp_full
PETS_CREDIT_high_eff_su2_r5_d6_b05__hamp_train,pets_b05,eff_su2_r5_d6,high,hamp_train,hamp_output,maximum_probability,adaptive_defended_calibration,0.5854999999999999,0.5599999999999999,0.1,0.18,-0.5572735071182251,inverted_from_calibration,,,hamp_full
PETS_CREDIT_high_eff_su2_r5_d6_b05__hamp_train,pets_b05,eff_su2_r5_d6,high,hamp_train,hamp_output,entropy,adaptive_defended_calibration,0.5854999999999999,0.5599999999999999,0.1,0.18,0.6865718960762024,inverted_from_calibration,,,hamp_full
PETS_CREDIT_high_eff_su2_r5_d6_b05__hamp_train,pets_b05,eff_su2_r5_d6,high,hamp_train,hamp_output,margin,adaptive_defended_calibration,0.5854999999999999,0.5599999999999999,0.1,0.18,-0.114546999335289,inverted_from_calibration,,,hamp_full
PETS_CREDIT_high_eff_su2_r5_d6_b05__hamp_train,pets_b05,eff_su2_r5_d6,high,hamp_train,hamp_output,correctness,adaptive_defended_calibration,0.53,0.53,0.0,0.0,0.5,as_defined,,,hamp_full
PETS_CREDIT_high_eff_su2_r5_d6_b05__hamp_train,pets_b05,eff_su2_r5_d6,high,hamp_train,hamp_output,learned_pv_stats_logistic,adaptive_defended_calibration,0.5582,0.52,0.11,0.16,0.5062169419925722,,,,hamp_full
PETS_CREDIT_high_eff_su2_r5_d6_b05__l2,pets_b05,eff_su2_r5_d6,high,l2,none,loss,adaptive_defended_calibration,0.5455,0.52,0.08,0.12,-1.1178367137908936,as_defined,,,l2
PETS_CREDIT_high_eff_su2_r5_d6_b05__l2,pets_b05,eff_su2_r5_d6,high,l2,none,confidence,adaptive_defended_calibration,0.5455,0.52,0.08,0.12,0.3269916474819183,as_defined,,,l2
PETS_CREDIT_high_eff_su2_r5_d6_b05__l2,pets_b05,eff_su2_r5_d6,high,l2,none,maximum_probability,adaptive_defended_calibration,0.5071,0.525,0.08,0.15,-0.7047265768051147,inverted_from_calibration,,,l2
PETS_CREDIT_high_eff_su2_r5_d6_b05__l2,pets_b05,eff_su2_r5_d6,high,l2,none,entropy,adaptive_defended_calibration,0.5071,0.525,0.08,0.15,0.606797069311142,inverted_from_calibration,,,l2
PETS_CREDIT_high_eff_su2_r5_d6_b05__l2,pets_b05,eff_su2_r5_d6,high,l2,none,margin,adaptive_defended_calibration,0.5071,0.525,0.08,0.15,-0.4094531834125519,inverted_from_calibration,,,l2
PETS_CREDIT_high_eff_su2_r5_d6_b05__l2,pets_b05,eff_su2_r5_d6,high,l2,none,correctness,adaptive_defended_calibration,0.485,0.5,0.0,0.0,-inf,inverted_from_calibration,,,l2
PETS_CREDIT_high_eff_su2_r5_d6_b05__l2,pets_b05,eff_su2_r5_d6,high,l2,none,learned_pv_stats_logistic,adaptive_defended_calibration,0.4856999999999999,0.49,0.04,0.08,0.5058164639027365,,,,l2
PETS_CREDIT_high_eff_su2_r5_d6_b05__none,pets_b05,eff_su2_r5_d6,high,none,none,loss,adaptive_defended_calibration,0.5744,0.57,0.07,0.12,-0.4091298878192901,as_defined,,,none
PETS_CREDIT_high_eff_su2_r5_d6_b05__none,pets_b05,eff_su2_r5_d6,high,none,none,confidence,adaptive_defended_calibration,0.5744,0.57,0.07,0.12,0.6642561852931976,as_defined,,,none
PETS_CREDIT_high_eff_su2_r5_d6_b05__none,pets_b05,eff_su2_r5_d6,high,none,none,maximum_probability,adaptive_defended_calibration,0.4865,0.495,0.05,0.07,-0.9287410080432892,inverted_from_calibration,,,none
PETS_CREDIT_high_eff_su2_r5_d6_b05__none,pets_b05,eff_su2_r5_d6,high,none,none,entropy,adaptive_defended_calibration,0.4865,0.495,0.05,0.07,0.2568816542625427,inverted_from_calibration,,,none
PETS_CREDIT_high_eff_su2_r5_d6_b05__none,pets_b05,eff_su2_r5_d6,high,none,none,margin,adaptive_defended_calibration,0.4865,0.495,0.05,0.07,-0.8574820160865784,inverted_from_calibration,,,none
PETS_CREDIT_high_eff_su2_r5_d6_b05__none,pets_b05,eff_su2_r5_d6,high,none,none,correctness,adaptive_defended_calibration,0.53,0.53,0.0,0.0,0.5,as_defined,,,none
PETS_CREDIT_high_eff_su2_r5_d6_b05__none,pets_b05,eff_su2_r5_d6,high,none,none,learned_pv_stats_logistic,adaptive_defended_calibration,0.5643,0.555,0.05,0.07,0.5467183756487298,,,,none
PETS_CREDIT_high_eff_su2_r5_d6_b05__none,pets_b05,eff_su2_r5_d6,high,none,dynanoise,loss,adaptive_defended_calibration,0.5834,0.545,0.03,0.1,-0.7285997867584229,as_defined,,,dynanoise
PETS_CREDIT_high_eff_su2_r5_d6_b05__none,pets_b05,eff_su2_r5_d6,high,none,dynanoise,confidence,adaptive_defended_calibration,0.5834,0.55,0.03,0.1,0.4825869798660278,as_defined,,,dynanoise
PETS_CREDIT_high_eff_su2_r5_d6_b05__none,pets_b05,eff_su2_r5_d6,high,none,dynanoise,maximum_probability,adaptive_defended_calibration,0.494,0.475,0.05,0.08,-0.5232247114181519,inverted_from_calibration,,,dynanoise
PETS_CREDIT_high_eff_su2_r5_d6_b05__none,pets_b05,eff_su2_r5_d6,high,none,dynanoise,entropy,adaptive_defended_calibration,0.49405,0.475,0.05,0.08,0.6920680105686188,inverted_from_calibration,,,dynanoise
PETS_CREDIT_high_eff_su2_r5_d6_b05__none,pets_b05,eff_su2_r5_d6,high,none,dynanoise,margin,adaptive_defended_calibration,0.494,0.475,0.05,0.08,-0.0464494079351425,inverted_from_calibration,,,dynanoise
PETS_CREDIT_high_eff_su2_r5_d6_b05__none,pets_b05,eff_su2_r5_d6,high,none,dynanoise,correctness,adaptive_defended_calibration,0.565,0.5650000000000001,0.0,0.0,0.5,as_defined,,,dynanoise
PETS_CREDIT_high_eff_su2_r5_d6_b05__none,pets_b05,eff_su2_r5_d6,high,none,dynanoise,learned_pv_stats_logistic,adaptive_defended_calibration,0.5637,0.5549999999999999,0.04,0.07,0.4936168054317323,,,,dynanoise
PETS_CREDIT_high_eff_su2_r5_d6_b05__none,pets_b05,eff_su2_r5_d6,high,none,hamp_output,loss,adaptive_defended_calibration,0.4967,0.485,0.03,0.06,0.32461017370224,inverted_from_calibration,,,hamp_output
PETS_CREDIT_high_eff_su2_r5_d6_b05__none,pets_b05,eff_su2_r5_d6,high,none,hamp_output,confidence,adaptive_defended_calibration,0.4967,0.485,0.03,0.06,-0.7228362858295441,inverted_from_calibration,,,hamp_output
PETS_CREDIT_high_eff_su2_r5_d6_b05__none,pets_b05,eff_su2_r5_d6,high,none,hamp_output,maximum_probability,adaptive_defended_calibration,0.5722,0.545,0.06,0.11,-0.7228362858295441,inverted_from_calibration,,,hamp_output
PETS_CREDIT_high_eff_su2_r5_d6_b05__none,pets_b05,eff_su2_r5_d6,high,none,hamp_output,entropy,adaptive_defended_calibration,0.5722,0.545,0.06,0.11,0.5901563167572021,inverted_from_calibration,,,hamp_output
PETS_CREDIT_high_eff_su2_r5_d6_b05__none,pets_b05,eff_su2_r5_d6,high,none,hamp_output,margin,adaptive_defended_calibration,0.5722,0.545,0.06,0.11,-0.4456725567579269,inverted_from_calibration,,,hamp_output
PETS_CREDIT_high_eff_su2_r5_d6_b05__none,pets_b05,eff_su2_r5_d6,high,none,hamp_output,correctness,adaptive_defended_calibration,0.53,0.53,0.0,0.0,0.5,as_defined,,,hamp_output
PETS_CREDIT_high_eff_su2_r5_d6_b05__none,pets_b05,eff_su2_r5_d6,high,none,hamp_output,learned_pv_stats_logistic,adaptive_defended_calibration,0.5523,0.525,0.05,0.09,0.5009033442673702,,,,hamp_output
PETS_CREDIT_high_eff_su2_r5_d6_b05__none,pets_b05,eff_su2_r5_d6,high,none,memguard,loss,adaptive_defended_calibration,0.5581,0.55,0.13,0.19,-0.2189251780509948,as_defined,,,memguard
PETS_CREDIT_high_eff_su2_r5_d6_b05__none,pets_b05,eff_su2_r5_d6,high,none,memguard,confidence,adaptive_defended_calibration,0.5581,0.55,0.13,0.19,0.8033818304538727,as_defined,,,memguard
PETS_CREDIT_high_eff_su2_r5_d6_b05__none,pets_b05,eff_su2_r5_d6,high,none,memguard,maximum_probability,adaptive_defended_calibration,0.5367999999999999,0.525,0.02,0.14,0.8033818304538727,as_defined,,,memguard
PETS_CREDIT_high_eff_su2_r5_d6_b05__none,pets_b05,eff_su2_r5_d6,high,none,memguard,entropy,adaptive_defended_calibration,0.5367999999999999,0.525,0.02,0.14,-0.4956783205270767,as_defined,,,memguard
PETS_CREDIT_high_eff_su2_r5_d6_b05__none,pets_b05,eff_su2_r5_d6,high,none,memguard,margin,adaptive_defended_calibration,0.5367999999999999,0.525,0.02,0.14,0.606763631105423,as_defined,,,memguard
PETS_CREDIT_high_eff_su2_r5_d6_b05__none,pets_b05,eff_su2_r5_d6,high,none,memguard,correctness,adaptive_defended_calibration,0.53,0.53,0.0,0.0,0.5,as_defined,,,memguard
PETS_CREDIT_high_eff_su2_r5_d6_b05__none,pets_b05,eff_su2_r5_d6,high,none,memguard,learned_pv_stats_logistic,adaptive_defended_calibration,0.4736999999999999,0.505,0.01,0.07,0.480375765687455,,,,memguard
PETS_CREDIT_high_eff_su2_r5_d6_b05__none,pets_b05,eff_su2_r5_d6,high,none,logitguard_continuous,loss,adaptive_defended_calibration,0.5239,0.52,0.1,0.16,-0.2295294851064682,as_defined,,,logitguard_continuous
PETS_CREDIT_high_eff_su2_r5_d6_b05__none,pets_b05,eff_su2_r5_d6,high,none,logitguard_continuous,confidence,adaptive_defended_calibration,0.5239,0.52,0.1,0.16,0.7949075400829315,as_defined,,,logitguard_continuous
PETS_CREDIT_high_eff_su2_r5_d6_b05__none,pets_b05,eff_su2_r5_d6,high,none,logitguard_continuous,maximum_probability,adaptive_defended_calibration,0.4917999999999999,0.49,0.1,0.14,0.8034733533859253,as_defined,,,logitguard_continuous
PETS_CREDIT_high_eff_su2_r5_d6_b05__none,pets_b05,eff_su2_r5_d6,high,none,logitguard_continuous,entropy,adaptive_defended_calibration,0.4917999999999999,0.49,0.1,0.14,-0.4955494701862335,as_defined,,,logitguard_continuous
PETS_CREDIT_high_eff_su2_r5_d6_b05__none,pets_b05,eff_su2_r5_d6,high,none,logitguard_continuous,margin,adaptive_defended_calibration,0.4917999999999999,0.49,0.1,0.14,0.6069467067718506,as_defined,,,logitguard_continuous
PETS_CREDIT_high_eff_su2_r5_d6_b05__none,pets_b05,eff_su2_r5_d6,high,none,logitguard_continuous,correctness,adaptive_defended_calibration,0.53,0.53,0.0,0.0,0.5,as_defined,,,logitguard_continuous
PETS_CREDIT_high_eff_su2_r5_d6_b05__none,pets_b05,eff_su2_r5_d6,high,none,logitguard_continuous,learned_pv_stats_logistic,adaptive_defended_calibration,0.5057,0.48,0.04,0.13,0.5316292130219404,,,,logitguard_continuous
PETS_CREDIT_high_eff_su2_r5_d6_b05__none,pets_b05,eff_su2_r5_d6,high,none,logitguard_quantized,loss,adaptive_defended_calibration,0.5231,0.52,0.1,0.14,-0.230516716837883,as_defined,,,logitguard_quantized
PETS_CREDIT_high_eff_su2_r5_d6_b05__none,pets_b05,eff_su2_r5_d6,high,none,logitguard_quantized,confidence,adaptive_defended_calibration,0.5231,0.52,0.1,0.14,0.7941248416900635,as_defined,,,logitguard_quantized
PETS_CREDIT_high_eff_su2_r5_d6_b05__none,pets_b05,eff_su2_r5_d6,high,none,logitguard_quantized,maximum_probability,adaptive_defended_calibration,0.4889,0.5,0.1,0.14,0.8037611842155457,as_defined,,,logitguard_quantized
PETS_CREDIT_high_eff_su2_r5_d6_b05__none,pets_b05,eff_su2_r5_d6,high,none,logitguard_quantized,entropy,adaptive_defended_calibration,0.4889,0.5,0.1,0.14,-0.4951360523700714,as_defined,,,logitguard_quantized
PETS_CREDIT_high_eff_su2_r5_d6_b05__none,pets_b05,eff_su2_r5_d6,high,none,logitguard_quantized,margin,adaptive_defended_calibration,0.4889,0.5,0.1,0.14,0.6075223088264465,as_defined,,,logitguard_quantized
PETS_CREDIT_high_eff_su2_r5_d6_b05__none,pets_b05,eff_su2_r5_d6,high,none,logitguard_quantized,correctness,adaptive_defended_calibration,0.53,0.53,0.0,0.0,0.5,as_defined,,,logitguard_quantized
PETS_CREDIT_high_eff_su2_r5_d6_b05__none,pets_b05,eff_su2_r5_d6,high,none,logitguard_quantized,learned_pv_stats_logistic,adaptive_defended_calibration,0.5067,0.495,0.02,0.06,0.510746250467635,,,,logitguard_quantized
PETS_CREDIT_high_eff_su2_r5_d6_b05__none,pets_b05,eff_su2_r5_d6,high,none,measurementguard_continuous,loss,adaptive_defended_calibration,0.5489999999999999,0.525,0.08,0.11,-0.1655250415205955,as_defined,,,measurementguard_continuous
PETS_CREDIT_high_eff_su2_r5_d6_b05__none,pets_b05,eff_su2_r5_d6,high,none,measurementguard_continuous,confidence,adaptive_defended_calibration,0.5489999999999999,0.525,0.08,0.11,0.8474486470222473,as_defined,,,measurementguard_continuous
PETS_CREDIT_high_eff_su2_r5_d6_b05__none,pets_b05,eff_su2_r5_d6,high,none,measurementguard_continuous,maximum_probability,adaptive_defended_calibration,0.4921,0.48,0.08,0.09,-0.8138599097728729,inverted_from_calibration,,,measurementguard_continuous
PETS_CREDIT_high_eff_su2_r5_d6_b05__none,pets_b05,eff_su2_r5_d6,high,none,measurementguard_continuous,entropy,adaptive_defended_calibration,0.4921,0.48,0.08,0.09,0.4805773496627807,inverted_from_calibration,,,measurementguard_continuous
PETS_CREDIT_high_eff_su2_r5_d6_b05__none,pets_b05,eff_su2_r5_d6,high,none,measurementguard_continuous,margin,adaptive_defended_calibration,0.4921,0.48,0.08,0.09,-0.6277198493480682,inverted_from_calibration,,,measurementguard_continuous
PETS_CREDIT_high_eff_su2_r5_d6_b05__none,pets_b05,eff_su2_r5_d6,high,none,measurementguard_continuous,correctness,adaptive_defended_calibration,0.53,0.53,0.0,0.0,0.5,as_defined,,,measurementguard_continuous
PETS_CREDIT_high_eff_su2_r5_d6_b05__none,pets_b05,eff_su2_r5_d6,high,none,measurementguard_continuous,learned_pv_stats_logistic,adaptive_defended_calibration,0.4731999999999999,0.44,0.05,0.09,0.5294980193597705,,,,measurementguard_continuous
PETS_CREDIT_high_eff_su2_r5_d6_b05__none,pets_b05,eff_su2_r5_d6,high,none,lattice_round,loss,adaptive_defended_calibration,0.5769500000000001,0.5700000000000001,0.08,0.12,-0.4045701175928116,as_defined,,,lattice_round
PETS_CREDIT_high_eff_su2_r5_d6_b05__none,pets_b05,eff_su2_r5_d6,high,none,lattice_round,confidence,adaptive_defended_calibration,0.5769500000000001,0.5700000000000001,0.08,0.12,0.6672651767730713,as_defined,,,lattice_round
PETS_CREDIT_high_eff_su2_r5_d6_b05__none,pets_b05,eff_su2_r5_d6,high,none,lattice_round,maximum_probability,adaptive_defended_calibration,0.51695,0.53,0.05,0.12,0.6665813624858856,as_defined,,,lattice_round
PETS_CREDIT_high_eff_su2_r5_d6_b05__none,pets_b05,eff_su2_r5_d6,high,none,lattice_round,entropy,adaptive_defended_calibration,0.51695,0.53,0.05,0.12,-0.6365719437599182,as_defined,,,lattice_round
PETS_CREDIT_high_eff_su2_r5_d6_b05__none,pets_b05,eff_su2_r5_d6,high,none,lattice_round,margin,adaptive_defended_calibration,0.51695,0.53,0.05,0.12,0.33316271007061,as_defined,,,lattice_round
PETS_CREDIT_high_eff_su2_r5_d6_b05__none,pets_b05,eff_su2_r5_d6,high,none,lattice_round,correctness,adaptive_defended_calibration,0.52,0.52,0.0,0.0,0.5,as_defined,,,lattice_round
PETS_CREDIT_high_eff_su2_r5_d6_b05__none,pets_b05,eff_su2_r5_d6,high,none,lattice_round,learned_pv_stats_logistic,adaptive_defended_calibration,0.5639500000000001,0.575,0.05,0.06,0.5278525321218202,,,,lattice_round
PETS_CREDIT_high_eff_su2_r5_d6_b05__none,pets_b05,eff_su2_r5_d6,high,none,memgq_lattice,loss,adaptive_defended_calibration,0.5817499999999999,0.54,0.07,0.15,-0.1679393425583839,as_defined,,,memgq_lattice
PETS_CREDIT_high_eff_su2_r5_d6_b05__none,pets_b05,eff_su2_r5_d6,high,none,memgq_lattice,confidence,adaptive_defended_calibration,0.5817499999999999,0.54,0.07,0.15,0.8454085290431976,as_defined,,,memgq_lattice
PETS_CREDIT_high_eff_su2_r5_d6_b05__none,pets_b05,eff_su2_r5_d6,high,none,memgq_lattice,maximum_probability,adaptive_defended_calibration,0.54795,0.5,0.06,0.1,0.8576216399669647,as_defined,,,memgq_lattice
PETS_CREDIT_high_eff_su2_r5_d6_b05__none,pets_b05,eff_su2_r5_d6,high,none,memgq_lattice,entropy,adaptive_defended_calibration,0.54795,0.5,0.06,0.1,-0.4092563241720199,as_defined,,,memgq_lattice
PETS_CREDIT_high_eff_su2_r5_d6_b05__none,pets_b05,eff_su2_r5_d6,high,none,memgq_lattice,margin,adaptive_defended_calibration,0.54795,0.5,0.06,0.1,0.7152432799339294,as_defined,,,memgq_lattice
PETS_CREDIT_high_eff_su2_r5_d6_b05__none,pets_b05,eff_su2_r5_d6,high,none,memgq_lattice,correctness,adaptive_defended_calibration,0.53,0.53,0.0,0.0,0.5,as_defined,,,memgq_lattice
PETS_CREDIT_high_eff_su2_r5_d6_b05__none,pets_b05,eff_su2_r5_d6,high,none,memgq_lattice,learned_pv_stats_logistic,adaptive_defended_calibration,0.55315,0.53,0.06,0.13,0.5680606284960592,,,,memgq_lattice
PETS_CREDIT_high_eff_su2_r5_d6_b05__none,pets_b05,eff_su2_r5_d6,high,none,memgq_lattice_sticky,loss,adaptive_defended_calibration,0.56075,0.525,0.04,0.1,-0.1659806966781616,as_defined,,,memgq_lattice_sticky
PETS_CREDIT_high_eff_su2_r5_d6_b05__none,pets_b05,eff_su2_r5_d6,high,none,memgq_lattice_sticky,confidence,adaptive_defended_calibration,0.56075,0.525,0.04,0.1,0.8470629155635834,as_defined,,,memgq_lattice_sticky
PETS_CREDIT_high_eff_su2_r5_d6_b05__none,pets_b05,eff_su2_r5_d6,high,none,memgq_lattice_sticky,maximum_probability,adaptive_defended_calibration,0.5226500000000001,0.51,0.05,0.07,0.847142368555069,as_defined,,,memgq_lattice_sticky
PETS_CREDIT_high_eff_su2_r5_d6_b05__none,pets_b05,eff_su2_r5_d6,high,none,memgq_lattice_sticky,entropy,adaptive_defended_calibration,0.5226500000000001,0.51,0.05,0.07,-0.4276323616504669,as_defined,,,memgq_lattice_sticky
PETS_CREDIT_high_eff_su2_r5_d6_b05__none,pets_b05,eff_su2_r5_d6,high,none,memgq_lattice_sticky,margin,adaptive_defended_calibration,0.5226500000000001,0.51,0.05,0.07,0.6942847371101379,as_defined,,,memgq_lattice_sticky
PETS_CREDIT_high_eff_su2_r5_d6_b05__none,pets_b05,eff_su2_r5_d6,high,none,memgq_lattice_sticky,correctness,adaptive_defended_calibration,0.525,0.525,0.0,0.0,0.5,as_defined,,,memgq_lattice_sticky
PETS_CREDIT_high_eff_su2_r5_d6_b05__none,pets_b05,eff_su2_r5_d6,high,none,memgq_lattice_sticky,learned_pv_stats_logistic,adaptive_defended_calibration,0.5515500000000001,0.525,0.04,0.1,0.5605838111741182,,,,memgq_lattice_sticky
PETS_CREDIT_low_eff_su2_r1_d6_b02__dp_qml,pets_b02,eff_su2_r1_d6,low,dp_qml,none,loss,adaptive_defended_calibration,0.5237,0.495,0.04,0.07,-0.1269078850746154,as_defined,,,dp_qml
PETS_CREDIT_low_eff_su2_r1_d6_b02__dp_qml,pets_b02,eff_su2_r1_d6,low,dp_qml,none,confidence,adaptive_defended_calibration,0.5237,0.495,0.04,0.07,0.8808147609233856,as_defined,,,dp_qml
PETS_CREDIT_low_eff_su2_r1_d6_b02__dp_qml,pets_b02,eff_su2_r1_d6,low,dp_qml,none,maximum_probability,adaptive_defended_calibration,0.5445,0.5,0.03,0.07,0.8796999454498291,as_defined,,,dp_qml
PETS_CREDIT_low_eff_su2_r1_d6_b02__dp_qml,pets_b02,eff_su2_r1_d6,low,dp_qml,none,entropy,adaptive_defended_calibration,0.5445,0.5,0.03,0.07,-0.3675224035978317,as_defined,,,dp_qml
PETS_CREDIT_low_eff_su2_r1_d6_b02__dp_qml,pets_b02,eff_su2_r1_d6,low,dp_qml,none,margin,adaptive_defended_calibration,0.5445,0.5,0.03,0.07,0.7593999207019806,as_defined,,,dp_qml
PETS_CREDIT_low_eff_su2_r1_d6_b02__dp_qml,pets_b02,eff_su2_r1_d6,low,dp_qml,none,correctness,adaptive_defended_calibration,0.5549999999999999,0.555,0.0,0.0,0.5,as_defined,,,dp_qml
PETS_CREDIT_low_eff_su2_r1_d6_b02__dp_qml,pets_b02,eff_su2_r1_d6,low,dp_qml,none,learned_pv_stats_logistic,adaptive_defended_calibration,0.5458000000000001,0.495,0.04,0.07,0.5767514733785171,,,,dp_qml
PETS_CREDIT_low_eff_su2_r1_d6_b02__hamp_train,pets_b02,eff_su2_r1_d6,low,hamp_train,none,loss,adaptive_defended_calibration,0.49,0.51,0.01,0.06,-0.5780577957630157,as_defined,,,hamp_train
PETS_CREDIT_low_eff_su2_r1_d6_b02__hamp_train,pets_b02,eff_su2_r1_d6,low,hamp_train,none,confidence,adaptive_defended_calibration,0.49,0.51,0.01,0.06,0.5609869062900543,as_defined,,,hamp_train
PETS_CREDIT_low_eff_su2_r1_d6_b02__hamp_train,pets_b02,eff_su2_r1_d6,low,hamp_train,none,maximum_probability,adaptive_defended_calibration,0.4639999999999999,0.4599999999999999,0.01,0.06,0.5908419489860535,as_defined,,,hamp_train
PETS_CREDIT_low_eff_su2_r1_d6_b02__hamp_train,pets_b02,eff_su2_r1_d6,low,hamp_train,none,entropy,adaptive_defended_calibration,0.4639999999999999,0.4599999999999999,0.01,0.06,-0.6765502095222473,as_defined,,,hamp_train
PETS_CREDIT_low_eff_su2_r1_d6_b02__hamp_train,pets_b02,eff_su2_r1_d6,low,hamp_train,none,margin,adaptive_defended_calibration,0.4639999999999999,0.4599999999999999,0.01,0.06,0.1816838383674621,as_defined,,,hamp_train
PETS_CREDIT_low_eff_su2_r1_d6_b02__hamp_train,pets_b02,eff_su2_r1_d6,low,hamp_train,none,correctness,adaptive_defended_calibration,0.495,0.5,0.0,0.0,-inf,as_defined,,,hamp_train
PETS_CREDIT_low_eff_su2_r1_d6_b02__hamp_train,pets_b02,eff_su2_r1_d6,low,hamp_train,none,learned_pv_stats_logistic,adaptive_defended_calibration,0.5402,0.54,0.05,0.12,0.5256119524675318,,,,hamp_train
PETS_CREDIT_low_eff_su2_r1_d6_b02__hamp_train,pets_b02,eff_su2_r1_d6,low,hamp_train,hamp_output,loss,adaptive_defended_calibration,0.4608999999999999,0.475,0.02,0.05,-0.591153621673584,as_defined,,,hamp_full
PETS_CREDIT_low_eff_su2_r1_d6_b02__hamp_train,pets_b02,eff_su2_r1_d6,low,hamp_train,hamp_output,confidence,adaptive_defended_calibration,0.4608999999999999,0.475,0.02,0.05,0.5536881685256958,as_defined,,,hamp_full
PETS_CREDIT_low_eff_su2_r1_d6_b02__hamp_train,pets_b02,eff_su2_r1_d6,low,hamp_train,hamp_output,maximum_probability,adaptive_defended_calibration,0.4710999999999999,0.495,0.05,0.08,0.5657493472099304,as_defined,,,hamp_full
PETS_CREDIT_low_eff_su2_r1_d6_b02__hamp_train,pets_b02,eff_su2_r1_d6,low,hamp_train,hamp_output,entropy,adaptive_defended_calibration,0.4710999999999999,0.495,0.05,0.08,-0.6844760179519653,as_defined,,,hamp_full
PETS_CREDIT_low_eff_su2_r1_d6_b02__hamp_train,pets_b02,eff_su2_r1_d6,low,hamp_train,hamp_output,margin,adaptive_defended_calibration,0.4710999999999999,0.495,0.05,0.08,0.1314986944198608,as_defined,,,hamp_full
PETS_CREDIT_low_eff_su2_r1_d6_b02__hamp_train,pets_b02,eff_su2_r1_d6,low,hamp_train,hamp_output,correctness,adaptive_defended_calibration,0.495,0.5,0.0,0.0,-inf,as_defined,,,hamp_full
PETS_CREDIT_low_eff_su2_r1_d6_b02__hamp_train,pets_b02,eff_su2_r1_d6,low,hamp_train,hamp_output,learned_pv_stats_logistic,adaptive_defended_calibration,0.4777,0.495,0.08,0.09,0.4797079235930847,,,,hamp_full
PETS_CREDIT_low_eff_su2_r1_d6_b02__l2,pets_b02,eff_su2_r1_d6,low,l2,none,loss,adaptive_defended_calibration,0.5095000000000001,0.515,0.04,0.05,-0.2164773792028427,as_defined,,,l2
PETS_CREDIT_low_eff_su2_r1_d6_b02__l2,pets_b02,eff_su2_r1_d6,low,l2,none,confidence,adaptive_defended_calibration,0.5095000000000001,0.515,0.04,0.05,0.8053524196147919,as_defined,,,l2
PETS_CREDIT_low_eff_su2_r1_d6_b02__l2,pets_b02,eff_su2_r1_d6,low,l2,none,maximum_probability,adaptive_defended_calibration,0.5118999999999999,0.5,0.04,0.05,0.8067312240600586,as_defined,,,l2
PETS_CREDIT_low_eff_su2_r1_d6_b02__l2,pets_b02,eff_su2_r1_d6,low,l2,none,entropy,adaptive_defended_calibration,0.5118999999999999,0.5,0.04,0.05,-0.4909279197454452,as_defined,,,l2
PETS_CREDIT_low_eff_su2_r1_d6_b02__l2,pets_b02,eff_su2_r1_d6,low,l2,none,margin,adaptive_defended_calibration,0.5118999999999999,0.5,0.04,0.05,0.6134624779224396,as_defined,,,l2
PETS_CREDIT_low_eff_su2_r1_d6_b02__l2,pets_b02,eff_su2_r1_d6,low,l2,none,correctness,adaptive_defended_calibration,0.525,0.525,0.0,0.0,0.5,as_defined,,,l2
PETS_CREDIT_low_eff_su2_r1_d6_b02__l2,pets_b02,eff_su2_r1_d6,low,l2,none,learned_pv_stats_logistic,adaptive_defended_calibration,0.5268,0.5,0.04,0.05,0.5230552083276463,,,,l2
PETS_CREDIT_low_eff_su2_r1_d6_b02__none,pets_b02,eff_su2_r1_d6,low,none,none,loss,adaptive_defended_calibration,0.4835999999999999,0.505,0.03,0.08,-0.3193520754575729,as_defined,,,none
PETS_CREDIT_low_eff_su2_r1_d6_b02__none,pets_b02,eff_su2_r1_d6,low,none,none,confidence,adaptive_defended_calibration,0.4835999999999999,0.505,0.03,0.08,0.7266204953193665,as_defined,,,none
PETS_CREDIT_low_eff_su2_r1_d6_b02__none,pets_b02,eff_su2_r1_d6,low,none,none,maximum_probability,adaptive_defended_calibration,0.4589999999999999,0.445,0.03,0.07,0.8425070345401764,as_defined,,,none
PETS_CREDIT_low_eff_su2_r1_d6_b02__none,pets_b02,eff_su2_r1_d6,low,none,none,entropy,adaptive_defended_calibration,0.4589999999999999,0.445,0.03,0.07,-0.43548583984375,as_defined,,,none
PETS_CREDIT_low_eff_su2_r1_d6_b02__none,pets_b02,eff_su2_r1_d6,low,none,none,margin,adaptive_defended_calibration,0.4589999999999999,0.445,0.03,0.07,0.6850140988826752,as_defined,,,none
PETS_CREDIT_low_eff_su2_r1_d6_b02__none,pets_b02,eff_su2_r1_d6,low,none,none,correctness,adaptive_defended_calibration,0.495,0.5,0.0,0.0,-inf,as_defined,,,none
PETS_CREDIT_low_eff_su2_r1_d6_b02__none,pets_b02,eff_su2_r1_d6,low,none,none,learned_pv_stats_logistic,adaptive_defended_calibration,0.4994,0.53,0.03,0.04,0.4536925527199474,,,,none
PETS_CREDIT_low_eff_su2_r1_d6_b02__none,pets_b02,eff_su2_r1_d6,low,none,dynanoise,loss,adaptive_defended_calibration,0.5047,0.52,0.05,0.09,-0.6124402582645416,as_defined,,,dynanoise
PETS_CREDIT_low_eff_su2_r1_d6_b02__none,pets_b02,eff_su2_r1_d6,low,none,dynanoise,confidence,adaptive_defended_calibration,0.5047,0.52,0.05,0.09,0.5420266091823578,as_defined,,,dynanoise
PETS_CREDIT_low_eff_su2_r1_d6_b02__none,pets_b02,eff_su2_r1_d6,low,none,dynanoise,maximum_probability,adaptive_defended_calibration,0.5068999999999999,0.505,0.05,0.09,0.5419327914714813,as_defined,,,dynanoise
PETS_CREDIT_low_eff_su2_r1_d6_b02__none,pets_b02,eff_su2_r1_d6,low,none,dynanoise,entropy,adaptive_defended_calibration,0.5068999999999999,0.505,0.05,0.09,-0.6896263062953949,as_defined,,,dynanoise
PETS_CREDIT_low_eff_su2_r1_d6_b02__none,pets_b02,eff_su2_r1_d6,low,none,dynanoise,margin,adaptive_defended_calibration,0.5068999999999999,0.505,0.05,0.09,0.0838655978441238,as_defined,,,dynanoise
PETS_CREDIT_low_eff_su2_r1_d6_b02__none,pets_b02,eff_su2_r1_d6,low,none,dynanoise,correctness,adaptive_defended_calibration,0.485,0.485,0.0,0.0,0.5,as_defined,,,dynanoise
PETS_CREDIT_low_eff_su2_r1_d6_b02__none,pets_b02,eff_su2_r1_d6,low,none,dynanoise,learned_pv_stats_logistic,adaptive_defended_calibration,0.5191,0.545,0.08,0.11,0.4927005445522814,,,,dynanoise
PETS_CREDIT_low_eff_su2_r1_d6_b02__none,pets_b02,eff_su2_r1_d6,low,none,hamp_output,loss,adaptive_defended_calibration,0.4739,0.48,0.07,0.09,-0.2492907345294952,as_defined,,,hamp_output
PETS_CREDIT_low_eff_su2_r1_d6_b02__none,pets_b02,eff_su2_r1_d6,low,none,hamp_output,confidence,adaptive_defended_calibration,0.4739,0.48,0.07,0.09,0.7793533802032471,as_defined,,,hamp_output
PETS_CREDIT_low_eff_su2_r1_d6_b02__none,pets_b02,eff_su2_r1_d6,low,none,hamp_output,maximum_probability,adaptive_defended_calibration,0.4847,0.475,0.11,0.13,0.7822738289833069,as_defined,,,hamp_output
PETS_CREDIT_low_eff_su2_r1_d6_b02__none,pets_b02,eff_su2_r1_d6,low,none,hamp_output,entropy,adaptive_defended_calibration,0.4847,0.475,0.11,0.13,-0.5240148305892944,as_defined,,,hamp_output
PETS_CREDIT_low_eff_su2_r1_d6_b02__none,pets_b02,eff_su2_r1_d6,low,none,hamp_output,margin,adaptive_defended_calibration,0.4847,0.475,0.11,0.13,0.5645476579666138,as_defined,,,hamp_output
PETS_CREDIT_low_eff_su2_r1_d6_b02__none,pets_b02,eff_su2_r1_d6,low,none,hamp_output,correctness,adaptive_defended_calibration,0.495,0.5,0.0,0.0,-inf,as_defined,,,hamp_output
PETS_CREDIT_low_eff_su2_r1_d6_b02__none,pets_b02,eff_su2_r1_d6,low,none,hamp_output,learned_pv_stats_logistic,adaptive_defended_calibration,0.4542,0.475,0.02,0.12,0.5355381044272922,,,,hamp_output
PETS_CREDIT_low_eff_su2_r1_d6_b02__none,pets_b02,eff_su2_r1_d6,low,none,memguard,loss,adaptive_defended_calibration,0.5011,0.505,0.05,0.11,-0.2681684345006943,as_defined,,,memguard
PETS_CREDIT_low_eff_su2_r1_d6_b02__none,pets_b02,eff_su2_r1_d6,low,none,memguard,confidence,adaptive_defended_calibration,0.5011,0.505,0.05,0.11,0.7647789716720581,as_defined,,,memguard
PETS_CREDIT_low_eff_su2_r1_d6_b02__none,pets_b02,eff_su2_r1_d6,low,none,memguard,maximum_probability,adaptive_defended_calibration,0.4909,0.53,0.03,0.06,0.7537965178489685,as_defined,,,memguard
PETS_CREDIT_low_eff_su2_r1_d6_b02__none,pets_b02,eff_su2_r1_d6,low,none,memguard,entropy,adaptive_defended_calibration,0.4909,0.53,0.03,0.06,-0.5581229031085968,as_defined,,,memguard
PETS_CREDIT_low_eff_su2_r1_d6_b02__none,pets_b02,eff_su2_r1_d6,low,none,memguard,margin,adaptive_defended_calibration,0.4909,0.53,0.03,0.06,0.5075930058956146,as_defined,,,memguard
PETS_CREDIT_low_eff_su2_r1_d6_b02__none,pets_b02,eff_su2_r1_d6,low,none,memguard,correctness,adaptive_defended_calibration,0.495,0.5,0.0,0.0,-inf,as_defined,,,memguard
PETS_CREDIT_low_eff_su2_r1_d6_b02__none,pets_b02,eff_su2_r1_d6,low,none,memguard,learned_pv_stats_logistic,adaptive_defended_calibration,0.4963999999999999,0.515,0.04,0.06,0.4662183097360789,,,,memguard
PETS_CREDIT_low_eff_su2_r1_d6_b02__none,pets_b02,eff_su2_r1_d6,low,none,logitguard_continuous,loss,adaptive_defended_calibration,0.4684,0.485,0.03,0.07,-0.2662019729614258,as_defined,,,logitguard_continuous
PETS_CREDIT_low_eff_su2_r1_d6_b02__none,pets_b02,eff_su2_r1_d6,low,none,logitguard_continuous,confidence,adaptive_defended_calibration,0.4684,0.485,0.03,0.07,0.7662843465805054,as_defined,,,logitguard_continuous
PETS_CREDIT_low_eff_su2_r1_d6_b02__none,pets_b02,eff_su2_r1_d6,low,none,logitguard_continuous,maximum_probability,adaptive_defended_calibration,0.4327,0.45,0.05,0.05,0.7659139931201935,as_defined,,,logitguard_continuous
PETS_CREDIT_low_eff_su2_r1_d6_b02__none,pets_b02,eff_su2_r1_d6,low,none,logitguard_continuous,entropy,adaptive_defended_calibration,0.4327,0.45,0.05,0.05,-0.5441665649414062,as_defined,,,logitguard_continuous
PETS_CREDIT_low_eff_su2_r1_d6_b02__none,pets_b02,eff_su2_r1_d6,low,none,logitguard_continuous,margin,adaptive_defended_calibration,0.4327,0.45,0.05,0.05,0.5318279564380646,as_defined,,,logitguard_continuous
PETS_CREDIT_low_eff_su2_r1_d6_b02__none,pets_b02,eff_su2_r1_d6,low,none,logitguard_continuous,correctness,adaptive_defended_calibration,0.495,0.5,0.0,0.0,-inf,as_defined,,,logitguard_continuous
PETS_CREDIT_low_eff_su2_r1_d6_b02__none,pets_b02,eff_su2_r1_d6,low,none,logitguard_continuous,learned_pv_stats_logistic,adaptive_defended_calibration,0.4386,0.45,0.04,0.08,0.5001984540594455,,,,logitguard_continuous
PETS_CREDIT_low_eff_su2_r1_d6_b02__none,pets_b02,eff_su2_r1_d6,low,none,logitguard_quantized,loss,adaptive_defended_calibration,0.5304000000000001,0.515,0.02,0.04,0.2609854936599731,inverted_from_calibration,,,logitguard_quantized
PETS_CREDIT_low_eff_su2_r1_d6_b02__none,pets_b02,eff_su2_r1_d6,low,none,logitguard_quantized,confidence,adaptive_defended_calibration,0.5304000000000001,0.515,0.02,0.04,-0.7702941298484802,inverted_from_calibration,,,logitguard_quantized
PETS_CREDIT_low_eff_su2_r1_d6_b02__none,pets_b02,eff_su2_r1_d6,low,none,logitguard_quantized,maximum_probability,adaptive_defended_calibration,0.55415,0.53,0.04,0.04,-0.7702941298484802,inverted_from_calibration,,,logitguard_quantized
PETS_CREDIT_low_eff_su2_r1_d6_b02__none,pets_b02,eff_su2_r1_d6,low,none,logitguard_quantized,entropy,adaptive_defended_calibration,0.55415,0.53,0.04,0.04,0.5389118492603302,inverted_from_calibration,,,logitguard_quantized
PETS_CREDIT_low_eff_su2_r1_d6_b02__none,pets_b02,eff_su2_r1_d6,low,none,logitguard_quantized,margin,adaptive_defended_calibration,0.55415,0.53,0.04,0.04,-0.5405882894992828,inverted_from_calibration,,,logitguard_quantized
PETS_CREDIT_low_eff_su2_r1_d6_b02__none,pets_b02,eff_su2_r1_d6,low,none,logitguard_quantized,correctness,adaptive_defended_calibration,0.495,0.5,0.0,0.0,-inf,as_defined,,,logitguard_quantized
PETS_CREDIT_low_eff_su2_r1_d6_b02__none,pets_b02,eff_su2_r1_d6,low,none,logitguard_quantized,learned_pv_stats_logistic,adaptive_defended_calibration,0.5512500000000001,0.51,0.05,0.05,0.4774497452333218,,,,logitguard_quantized
PETS_CREDIT_low_eff_su2_r1_d6_b02__none,pets_b02,eff_su2_r1_d6,low,none,measurementguard_continuous,loss,adaptive_defended_calibration,0.5178999999999999,0.485,0.06,0.13,0.2372281327843666,inverted_from_calibration,,,measurementguard_continuous
PETS_CREDIT_low_eff_su2_r1_d6_b02__none,pets_b02,eff_su2_r1_d6,low,none,measurementguard_continuous,confidence,adaptive_defended_calibration,0.5178999999999999,0.485,0.06,0.13,-0.7888113856315613,inverted_from_calibration,,,measurementguard_continuous
PETS_CREDIT_low_eff_su2_r1_d6_b02__none,pets_b02,eff_su2_r1_d6,low,none,measurementguard_continuous,maximum_probability,adaptive_defended_calibration,0.4953000000000001,0.495,0.02,0.05,0.7128816843032837,as_defined,,,measurementguard_continuous
PETS_CREDIT_low_eff_su2_r1_d6_b02__none,pets_b02,eff_su2_r1_d6,low,none,measurementguard_continuous,entropy,adaptive_defended_calibration,0.4953000000000001,0.495,0.02,0.05,-0.5995461940765381,as_defined,,,measurementguard_continuous
PETS_CREDIT_low_eff_su2_r1_d6_b02__none,pets_b02,eff_su2_r1_d6,low,none,measurementguard_continuous,margin,adaptive_defended_calibration,0.4953000000000001,0.495,0.02,0.05,0.425763338804245,as_defined,,,measurementguard_continuous
PETS_CREDIT_low_eff_su2_r1_d6_b02__none,pets_b02,eff_su2_r1_d6,low,none,measurementguard_continuous,correctness,adaptive_defended_calibration,0.495,0.5,0.0,0.0,-inf,as_defined,,,measurementguard_continuous
PETS_CREDIT_low_eff_su2_r1_d6_b02__none,pets_b02,eff_su2_r1_d6,low,none,measurementguard_continuous,learned_pv_stats_logistic,adaptive_defended_calibration,0.5074,0.465,0.06,0.09,0.5055579188490067,,,,measurementguard_continuous
PETS_CREDIT_low_eff_su2_r1_d6_b02__none,pets_b02,eff_su2_r1_d6,low,none,lattice_round,loss,adaptive_defended_calibration,0.4827,0.505,0.03,0.08,-0.3248176723718643,as_defined,,,lattice_round
PETS_CREDIT_low_eff_su2_r1_d6_b02__none,pets_b02,eff_su2_r1_d6,low,none,lattice_round,confidence,adaptive_defended_calibration,0.4827,0.505,0.03,0.08,0.7226592898368835,as_defined,,,lattice_round
PETS_CREDIT_low_eff_su2_r1_d6_b02__none,pets_b02,eff_su2_r1_d6,low,none,lattice_round,maximum_probability,adaptive_defended_calibration,0.4585999999999999,0.445,0.03,0.06,0.8394190669059753,as_defined,,,lattice_round
PETS_CREDIT_low_eff_su2_r1_d6_b02__none,pets_b02,eff_su2_r1_d6,low,none,lattice_round,entropy,adaptive_defended_calibration,0.4585999999999999,0.445,0.03,0.06,-0.4406319260597229,as_defined,,,lattice_round
PETS_CREDIT_low_eff_su2_r1_d6_b02__none,pets_b02,eff_su2_r1_d6,low,none,lattice_round,margin,adaptive_defended_calibration,0.4585999999999999,0.445,0.03,0.06,0.6788381338119507,as_defined,,,lattice_round
PETS_CREDIT_low_eff_su2_r1_d6_b02__none,pets_b02,eff_su2_r1_d6,low,none,lattice_round,correctness,adaptive_defended_calibration,0.495,0.5,0.0,0.0,-inf,as_defined,,,lattice_round
PETS_CREDIT_low_eff_su2_r1_d6_b02__none,pets_b02,eff_su2_r1_d6,low,none,lattice_round,learned_pv_stats_logistic,adaptive_defended_calibration,0.4956,0.53,0.01,0.04,0.4491851441471002,,,,lattice_round
PETS_CREDIT_low_eff_su2_r1_d6_b02__none,pets_b02,eff_su2_r1_d6,low,none,memgq_lattice,loss,adaptive_defended_calibration,0.4926999999999999,0.505,0.04,0.04,-0.3248176723718643,as_defined,,,memgq_lattice
PETS_CREDIT_low_eff_su2_r1_d6_b02__none,pets_b02,eff_su2_r1_d6,low,none,memgq_lattice,confidence,adaptive_defended_calibration,0.4926999999999999,0.505,0.04,0.04,0.7226592898368835,as_defined,,,memgq_lattice
PETS_CREDIT_low_eff_su2_r1_d6_b02__none,pets_b02,eff_su2_r1_d6,low,none,memgq_lattice,maximum_probability,adaptive_defended_calibration,0.5376,0.505,0.06,0.07,0.7357720136642456,as_defined,,,memgq_lattice
PETS_CREDIT_low_eff_su2_r1_d6_b02__none,pets_b02,eff_su2_r1_d6,low,none,memgq_lattice,entropy,adaptive_defended_calibration,0.5376,0.505,0.06,0.07,-0.5774322152137756,as_defined,,,memgq_lattice
PETS_CREDIT_low_eff_su2_r1_d6_b02__none,pets_b02,eff_su2_r1_d6,low,none,memgq_lattice,margin,adaptive_defended_calibration,0.5376,0.505,0.06,0.07,0.4715440273284912,as_defined,,,memgq_lattice
PETS_CREDIT_low_eff_su2_r1_d6_b02__none,pets_b02,eff_su2_r1_d6,low,none,memgq_lattice,correctness,adaptive_defended_calibration,0.495,0.5,0.0,0.0,-inf,as_defined,,,memgq_lattice
PETS_CREDIT_low_eff_su2_r1_d6_b02__none,pets_b02,eff_su2_r1_d6,low,none,memgq_lattice,learned_pv_stats_logistic,adaptive_defended_calibration,0.5641,0.525,0.11,0.16,0.466744069066163,,,,memgq_lattice
PETS_CREDIT_low_eff_su2_r1_d6_b02__none,pets_b02,eff_su2_r1_d6,low,none,memgq_lattice_sticky,loss,adaptive_defended_calibration,0.4930999999999999,0.51,0.03,0.06,-0.3313837647438049,as_defined,,,memgq_lattice_sticky
PETS_CREDIT_low_eff_su2_r1_d6_b02__none,pets_b02,eff_su2_r1_d6,low,none,memgq_lattice_sticky,confidence,adaptive_defended_calibration,0.4930999999999999,0.51,0.03,0.06,0.7179296314716339,as_defined,,,memgq_lattice_sticky
PETS_CREDIT_low_eff_su2_r1_d6_b02__none,pets_b02,eff_su2_r1_d6,low,none,memgq_lattice_sticky,maximum_probability,adaptive_defended_calibration,0.5329,0.525,0.04,0.08,0.7179296314716339,as_defined,,,memgq_lattice_sticky
PETS_CREDIT_low_eff_su2_r1_d6_b02__none,pets_b02,eff_su2_r1_d6,low,none,memgq_lattice_sticky,entropy,adaptive_defended_calibration,0.5329,0.525,0.04,0.08,-0.594897985458374,as_defined,,,memgq_lattice_sticky
PETS_CREDIT_low_eff_su2_r1_d6_b02__none,pets_b02,eff_su2_r1_d6,low,none,memgq_lattice_sticky,margin,adaptive_defended_calibration,0.5329,0.525,0.04,0.08,0.4358592927455902,as_defined,,,memgq_lattice_sticky
PETS_CREDIT_low_eff_su2_r1_d6_b02__none,pets_b02,eff_su2_r1_d6,low,none,memgq_lattice_sticky,correctness,adaptive_defended_calibration,0.495,0.5,0.0,0.0,-inf,as_defined,,,memgq_lattice_sticky
PETS_CREDIT_low_eff_su2_r1_d6_b02__none,pets_b02,eff_su2_r1_d6,low,none,memgq_lattice_sticky,learned_pv_stats_logistic,adaptive_defended_calibration,0.509,0.505,0.07,0.11,0.5081912382595686,,,,memgq_lattice_sticky
PETS_CREDIT_low_eff_su2_r1_d6_b03__dp_qml,pets_b03,eff_su2_r1_d6,low,dp_qml,none,loss,adaptive_defended_calibration,0.4461,0.475,0.02,0.05,0.0429570879787206,inverted_from_calibration,,,dp_qml
PETS_CREDIT_low_eff_su2_r1_d6_b03__dp_qml,pets_b03,eff_su2_r1_d6,low,dp_qml,none,confidence,adaptive_defended_calibration,0.4461,0.475,0.02,0.05,-0.9579525291919708,inverted_from_calibration,,,dp_qml
PETS_CREDIT_low_eff_su2_r1_d6_b03__dp_qml,pets_b03,eff_su2_r1_d6,low,dp_qml,none,maximum_probability,adaptive_defended_calibration,0.4886,0.495,0.09,0.16,-0.9579525291919708,inverted_from_calibration,,,dp_qml
PETS_CREDIT_low_eff_su2_r1_d6_b03__dp_qml,pets_b03,eff_su2_r1_d6,low,dp_qml,none,entropy,adaptive_defended_calibration,0.4886,0.495,0.09,0.16,0.1743974387645721,inverted_from_calibration,,,dp_qml
PETS_CREDIT_low_eff_su2_r1_d6_b03__dp_qml,pets_b03,eff_su2_r1_d6,low,dp_qml,none,margin,adaptive_defended_calibration,0.4886,0.495,0.09,0.16,-0.9159050285816192,inverted_from_calibration,,,dp_qml
PETS_CREDIT_low_eff_su2_r1_d6_b03__dp_qml,pets_b03,eff_su2_r1_d6,low,dp_qml,none,correctness,adaptive_defended_calibration,0.4399999999999999,0.44,0.0,0.0,-0.5,inverted_from_calibration,,,dp_qml
PETS_CREDIT_low_eff_su2_r1_d6_b03__dp_qml,pets_b03,eff_su2_r1_d6,low,dp_qml,none,learned_pv_stats_logistic,adaptive_defended_calibration,0.486,0.5,0.04,0.09,0.4962034700559555,,,,dp_qml
PETS_CREDIT_low_eff_su2_r1_d6_b03__hamp_train,pets_b03,eff_su2_r1_d6,low,hamp_train,none,loss,adaptive_defended_calibration,0.5516,0.535,0.05,0.08,-0.5886368453502655,as_defined,,,hamp_train
PETS_CREDIT_low_eff_su2_r1_d6_b03__hamp_train,pets_b03,eff_su2_r1_d6,low,hamp_train,none,confidence,adaptive_defended_calibration,0.5516,0.535,0.05,0.08,0.5550835132598877,as_defined,,,hamp_train
PETS_CREDIT_low_eff_su2_r1_d6_b03__hamp_train,pets_b03,eff_su2_r1_d6,low,hamp_train,none,maximum_probability,adaptive_defended_calibration,0.5037,0.455,0.02,0.05,0.6127400994300842,as_defined,,,hamp_train
PETS_CREDIT_low_eff_su2_r1_d6_b03__hamp_train,pets_b03,eff_su2_r1_d6,low,hamp_train,none,entropy,adaptive_defended_calibration,0.5037,0.455,0.02,0.05,-0.6675059497356415,as_defined,,,hamp_train
PETS_CREDIT_low_eff_su2_r1_d6_b03__hamp_train,pets_b03,eff_su2_r1_d6,low,hamp_train,none,margin,adaptive_defended_calibration,0.5037,0.455,0.02,0.05,0.2254801839590072,as_defined,,,hamp_train
PETS_CREDIT_low_eff_su2_r1_d6_b03__hamp_train,pets_b03,eff_su2_r1_d6,low,hamp_train,none,correctness,adaptive_defended_calibration,0.54,0.54,0.0,0.0,0.5,as_defined,,,hamp_train
PETS_CREDIT_low_eff_su2_r1_d6_b03__hamp_train,pets_b03,eff_su2_r1_d6,low,hamp_train,none,learned_pv_stats_logistic,adaptive_defended_calibration,0.4833999999999999,0.475,0.08,0.1,0.5323399982528654,,,,hamp_train
PETS_CREDIT_low_eff_su2_r1_d6_b03__hamp_train,pets_b03,eff_su2_r1_d6,low,hamp_train,hamp_output,loss,adaptive_defended_calibration,0.4797,0.5,0.08,0.11,0.4814814031124115,inverted_from_calibration,,,hamp_full
PETS_CREDIT_low_eff_su2_r1_d6_b03__hamp_train,pets_b03,eff_su2_r1_d6,low,hamp_train,hamp_output,confidence,adaptive_defended_calibration,0.4797,0.5,0.08,0.11,-0.6178675889968872,inverted_from_calibration,,,hamp_full
PETS_CREDIT_low_eff_su2_r1_d6_b03__hamp_train,pets_b03,eff_su2_r1_d6,low,hamp_train,hamp_output,maximum_probability,adaptive_defended_calibration,0.4699999999999999,0.505,0.05,0.07,-0.6008310616016388,inverted_from_calibration,,,hamp_full
PETS_CREDIT_low_eff_su2_r1_d6_b03__hamp_train,pets_b03,eff_su2_r1_d6,low,hamp_train,hamp_output,entropy,adaptive_defended_calibration,0.4699999999999999,0.505,0.05,0.07,0.6726705431938171,inverted_from_calibration,,,hamp_full
PETS_CREDIT_low_eff_su2_r1_d6_b03__hamp_train,pets_b03,eff_su2_r1_d6,low,hamp_train,hamp_output,margin,adaptive_defended_calibration,0.4699999999999999,0.505,0.05,0.07,-0.2016620934009552,inverted_from_calibration,,,hamp_full
PETS_CREDIT_low_eff_su2_r1_d6_b03__hamp_train,pets_b03,eff_su2_r1_d6,low,hamp_train,hamp_output,correctness,adaptive_defended_calibration,0.54,0.54,0.0,0.0,0.5,as_defined,,,hamp_full
PETS_CREDIT_low_eff_su2_r1_d6_b03__hamp_train,pets_b03,eff_su2_r1_d6,low,hamp_train,hamp_output,learned_pv_stats_logistic,adaptive_defended_calibration,0.5503,0.5549999999999999,0.04,0.12,0.4750937204099569,,,,hamp_full
PETS_CREDIT_low_eff_su2_r1_d6_b03__l2,pets_b03,eff_su2_r1_d6,low,l2,none,loss,adaptive_defended_calibration,0.5453,0.49,0.04,0.05,-0.1133069135248661,as_defined,,,l2
PETS_CREDIT_low_eff_su2_r1_d6_b03__l2,pets_b03,eff_su2_r1_d6,low,l2,none,confidence,adaptive_defended_calibration,0.5453,0.49,0.04,0.05,0.8928789794445038,as_defined,,,l2
PETS_CREDIT_low_eff_su2_r1_d6_b03__l2,pets_b03,eff_su2_r1_d6,low,l2,none,maximum_probability,adaptive_defended_calibration,0.5018,0.4649999999999999,0.01,0.13,-0.8017942905426025,inverted_from_calibration,,,l2
PETS_CREDIT_low_eff_su2_r1_d6_b03__l2,pets_b03,eff_su2_r1_d6,low,l2,none,entropy,adaptive_defended_calibration,0.5018,0.4649999999999999,0.01,0.13,0.4977808594703674,inverted_from_calibration,,,l2
PETS_CREDIT_low_eff_su2_r1_d6_b03__l2,pets_b03,eff_su2_r1_d6,low,l2,none,margin,adaptive_defended_calibration,0.5018,0.4649999999999999,0.01,0.13,-0.6035885810852051,inverted_from_calibration,,,l2
PETS_CREDIT_low_eff_su2_r1_d6_b03__l2,pets_b03,eff_su2_r1_d6,low,l2,none,correctness,adaptive_defended_calibration,0.445,0.445,0.0,0.0,-0.5,inverted_from_calibration,,,l2
PETS_CREDIT_low_eff_su2_r1_d6_b03__l2,pets_b03,eff_su2_r1_d6,low,l2,none,learned_pv_stats_logistic,adaptive_defended_calibration,0.4673,0.4649999999999999,0.05,0.1,0.4500807932435581,,,,l2
PETS_CREDIT_low_eff_su2_r1_d6_b03__none,pets_b03,eff_su2_r1_d6,low,none,none,loss,adaptive_defended_calibration,0.5485,0.475,0.05,0.09,-0.0726050660014152,as_defined,,,none
PETS_CREDIT_low_eff_su2_r1_d6_b03__none,pets_b03,eff_su2_r1_d6,low,none,none,confidence,adaptive_defended_calibration,0.5485,0.475,0.05,0.09,0.9299752116203308,as_defined,,,none
PETS_CREDIT_low_eff_su2_r1_d6_b03__none,pets_b03,eff_su2_r1_d6,low,none,none,maximum_probability,adaptive_defended_calibration,0.4993999999999999,0.49,0.01,0.05,-0.8472378551959991,inverted_from_calibration,,,none
PETS_CREDIT_low_eff_su2_r1_d6_b03__none,pets_b03,eff_su2_r1_d6,low,none,none,entropy,adaptive_defended_calibration,0.4993999999999999,0.49,0.01,0.05,0.4274674355983734,inverted_from_calibration,,,none
PETS_CREDIT_low_eff_su2_r1_d6_b03__none,pets_b03,eff_su2_r1_d6,low,none,none,margin,adaptive_defended_calibration,0.4993999999999999,0.49,0.01,0.05,-0.6944756507873535,inverted_from_calibration,,,none
PETS_CREDIT_low_eff_su2_r1_d6_b03__none,pets_b03,eff_su2_r1_d6,low,none,none,correctness,adaptive_defended_calibration,0.5599999999999999,0.56,0.0,0.0,0.5,as_defined,,,none
PETS_CREDIT_low_eff_su2_r1_d6_b03__none,pets_b03,eff_su2_r1_d6,low,none,none,learned_pv_stats_logistic,adaptive_defended_calibration,0.4948000000000001,0.525,0.11,0.15,0.5405741876982773,,,,none
PETS_CREDIT_low_eff_su2_r1_d6_b03__none,pets_b03,eff_su2_r1_d6,low,none,dynanoise,loss,adaptive_defended_calibration,0.4371,0.49,0.04,0.06,0.565636545419693,inverted_from_calibration,,,dynanoise
PETS_CREDIT_low_eff_su2_r1_d6_b03__none,pets_b03,eff_su2_r1_d6,low,none,dynanoise,confidence,adaptive_defended_calibration,0.4371,0.49,0.04,0.06,-0.5679990947246552,inverted_from_calibration,,,dynanoise
PETS_CREDIT_low_eff_su2_r1_d6_b03__none,pets_b03,eff_su2_r1_d6,low,none,dynanoise,maximum_probability,adaptive_defended_calibration,0.4623,0.48,0.04,0.06,-0.5442768335342407,inverted_from_calibration,,,dynanoise
PETS_CREDIT_low_eff_su2_r1_d6_b03__none,pets_b03,eff_su2_r1_d6,low,none,dynanoise,entropy,adaptive_defended_calibration,0.4623,0.48,0.04,0.06,0.6892211735248566,inverted_from_calibration,,,dynanoise
PETS_CREDIT_low_eff_su2_r1_d6_b03__none,pets_b03,eff_su2_r1_d6,low,none,dynanoise,margin,adaptive_defended_calibration,0.4623,0.48,0.04,0.06,-0.0885536521673202,inverted_from_calibration,,,dynanoise
PETS_CREDIT_low_eff_su2_r1_d6_b03__none,pets_b03,eff_su2_r1_d6,low,none,dynanoise,correctness,adaptive_defended_calibration,0.5549999999999999,0.5549999999999999,0.0,0.0,0.5,as_defined,,,dynanoise
PETS_CREDIT_low_eff_su2_r1_d6_b03__none,pets_b03,eff_su2_r1_d6,low,none,dynanoise,learned_pv_stats_logistic,adaptive_defended_calibration,0.5672999999999999,0.5650000000000001,0.12,0.13,0.4828813998260471,,,,dynanoise
PETS_CREDIT_low_eff_su2_r1_d6_b03__none,pets_b03,eff_su2_r1_d6,low,none,hamp_output,loss,adaptive_defended_calibration,0.4605,0.43,0.07,0.07,0.3993373513221741,inverted_from_calibration,,,hamp_output
PETS_CREDIT_low_eff_su2_r1_d6_b03__none,pets_b03,eff_su2_r1_d6,low,none,hamp_output,confidence,adaptive_defended_calibration,0.4605,0.43,0.07,0.07,-0.6708060204982758,inverted_from_calibration,,,hamp_output
PETS_CREDIT_low_eff_su2_r1_d6_b03__none,pets_b03,eff_su2_r1_d6,low,none,hamp_output,maximum_probability,adaptive_defended_calibration,0.4674999999999999,0.475,0.03,0.07,-0.9469508528709412,inverted_from_calibration,,,hamp_output
PETS_CREDIT_low_eff_su2_r1_d6_b03__none,pets_b03,eff_su2_r1_d6,low,none,hamp_output,entropy,adaptive_defended_calibration,0.4674999999999999,0.475,0.03,0.07,0.2073491737246513,inverted_from_calibration,,,hamp_output
PETS_CREDIT_low_eff_su2_r1_d6_b03__none,pets_b03,eff_su2_r1_d6,low,none,hamp_output,margin,adaptive_defended_calibration,0.4674999999999999,0.475,0.03,0.07,-0.8939017057418823,inverted_from_calibration,,,hamp_output
PETS_CREDIT_low_eff_su2_r1_d6_b03__none,pets_b03,eff_su2_r1_d6,low,none,hamp_output,correctness,adaptive_defended_calibration,0.5599999999999999,0.56,0.0,0.0,0.5,as_defined,,,hamp_output
PETS_CREDIT_low_eff_su2_r1_d6_b03__none,pets_b03,eff_su2_r1_d6,low,none,hamp_output,learned_pv_stats_logistic,adaptive_defended_calibration,0.5801000000000001,0.5700000000000001,0.07,0.11,0.491103665303105,,,,hamp_output
PETS_CREDIT_low_eff_su2_r1_d6_b03__none,pets_b03,eff_su2_r1_d6,low,none,memguard,loss,adaptive_defended_calibration,0.5794,0.575,0.08,0.14,-0.2928203493356704,as_defined,,,memguard
PETS_CREDIT_low_eff_su2_r1_d6_b03__none,pets_b03,eff_su2_r1_d6,low,none,memguard,confidence,adaptive_defended_calibration,0.5794,0.575,0.08,0.14,0.7461580038070679,as_defined,,,memguard
PETS_CREDIT_low_eff_su2_r1_d6_b03__none,pets_b03,eff_su2_r1_d6,low,none,memguard,maximum_probability,adaptive_defended_calibration,0.4748,0.525,0.03,0.07,-0.7837325632572174,inverted_from_calibration,,,memguard
PETS_CREDIT_low_eff_su2_r1_d6_b03__none,pets_b03,eff_su2_r1_d6,low,none,memguard,entropy,adaptive_defended_calibration,0.4748,0.525,0.03,0.07,0.5221422910690308,inverted_from_calibration,,,memguard
PETS_CREDIT_low_eff_su2_r1_d6_b03__none,pets_b03,eff_su2_r1_d6,low,none,memguard,margin,adaptive_defended_calibration,0.4748,0.525,0.03,0.07,-0.5674651265144348,inverted_from_calibration,,,memguard
PETS_CREDIT_low_eff_su2_r1_d6_b03__none,pets_b03,eff_su2_r1_d6,low,none,memguard,correctness,adaptive_defended_calibration,0.5599999999999999,0.56,0.0,0.0,0.5,as_defined,,,memguard
PETS_CREDIT_low_eff_su2_r1_d6_b03__none,pets_b03,eff_su2_r1_d6,low,none,memguard,learned_pv_stats_logistic,adaptive_defended_calibration,0.5566,0.5700000000000001,0.09,0.1,0.5056297526654943,,,,memguard
PETS_CREDIT_low_eff_su2_r1_d6_b03__none,pets_b03,eff_su2_r1_d6,low,none,logitguard_continuous,loss,adaptive_defended_calibration,0.5238999999999999,0.53,0.06,0.1,-1.4743791818618774,as_defined,,,logitguard_continuous
PETS_CREDIT_low_eff_su2_r1_d6_b03__none,pets_b03,eff_su2_r1_d6,low,none,logitguard_continuous,confidence,adaptive_defended_calibration,0.5238999999999999,0.53,0.06,0.1,0.2289208024740219,as_defined,,,logitguard_continuous
PETS_CREDIT_low_eff_su2_r1_d6_b03__none,pets_b03,eff_su2_r1_d6,low,none,logitguard_continuous,maximum_probability,adaptive_defended_calibration,0.4679999999999999,0.51,0.06,0.07,0.7601699531078339,as_defined,,,logitguard_continuous
PETS_CREDIT_low_eff_su2_r1_d6_b03__none,pets_b03,eff_su2_r1_d6,low,none,logitguard_continuous,entropy,adaptive_defended_calibration,0.4679999999999999,0.51,0.06,0.07,-0.5508837997913361,as_defined,,,logitguard_continuous
PETS_CREDIT_low_eff_su2_r1_d6_b03__none,pets_b03,eff_su2_r1_d6,low,none,logitguard_continuous,margin,adaptive_defended_calibration,0.4679999999999999,0.51,0.06,0.07,0.5203399062156677,as_defined,,,logitguard_continuous
PETS_CREDIT_low_eff_su2_r1_d6_b03__none,pets_b03,eff_su2_r1_d6,low,none,logitguard_continuous,correctness,adaptive_defended_calibration,0.5599999999999999,0.56,0.0,0.0,0.5,as_defined,,,logitguard_continuous
PETS_CREDIT_low_eff_su2_r1_d6_b03__none,pets_b03,eff_su2_r1_d6,low,none,logitguard_continuous,learned_pv_stats_logistic,adaptive_defended_calibration,0.4947999999999999,0.48,0.1,0.1,0.4987599357616641,,,,logitguard_continuous
PETS_CREDIT_low_eff_su2_r1_d6_b03__none,pets_b03,eff_su2_r1_d6,low,none,logitguard_quantized,loss,adaptive_defended_calibration,0.5245,0.53,0.04,0.07,-1.470985472202301,as_defined,,,logitguard_quantized
PETS_CREDIT_low_eff_su2_r1_d6_b03__none,pets_b03,eff_su2_r1_d6,low,none,logitguard_quantized,confidence,adaptive_defended_calibration,0.5245,0.53,0.04,0.07,0.2297058328986168,as_defined,,,logitguard_quantized
PETS_CREDIT_low_eff_su2_r1_d6_b03__none,pets_b03,eff_su2_r1_d6,low,none,logitguard_quantized,maximum_probability,adaptive_defended_calibration,0.46895,0.505,0.04,0.04,0.7595061659812927,as_defined,,,logitguard_quantized
PETS_CREDIT_low_eff_su2_r1_d6_b03__none,pets_b03,eff_su2_r1_d6,low,none,logitguard_quantized,entropy,adaptive_defended_calibration,0.46895,0.505,0.04,0.04,-0.5516393184661865,as_defined,,,logitguard_quantized
PETS_CREDIT_low_eff_su2_r1_d6_b03__none,pets_b03,eff_su2_r1_d6,low,none,logitguard_quantized,margin,adaptive_defended_calibration,0.46895,0.505,0.04,0.04,0.5190123319625854,as_defined,,,logitguard_quantized
PETS_CREDIT_low_eff_su2_r1_d6_b03__none,pets_b03,eff_su2_r1_d6,low,none,logitguard_quantized,correctness,adaptive_defended_calibration,0.5599999999999999,0.56,0.0,0.0,0.5,as_defined,,,logitguard_quantized
PETS_CREDIT_low_eff_su2_r1_d6_b03__none,pets_b03,eff_su2_r1_d6,low,none,logitguard_quantized,learned_pv_stats_logistic,adaptive_defended_calibration,0.49555,0.495,0.1,0.1,0.4841408492543944,,,,logitguard_quantized
PETS_CREDIT_low_eff_su2_r1_d6_b03__none,pets_b03,eff_su2_r1_d6,low,none,measurementguard_continuous,loss,adaptive_defended_calibration,0.577,0.5549999999999999,0.1,0.15,-0.3036436736583709,as_defined,,,measurementguard_continuous
PETS_CREDIT_low_eff_su2_r1_d6_b03__none,pets_b03,eff_su2_r1_d6,low,none,measurementguard_continuous,confidence,adaptive_defended_calibration,0.577,0.5549999999999999,0.1,0.15,0.7381241023540497,as_defined,,,measurementguard_continuous
PETS_CREDIT_low_eff_su2_r1_d6_b03__none,pets_b03,eff_su2_r1_d6,low,none,measurementguard_continuous,maximum_probability,adaptive_defended_calibration,0.5478999999999999,0.525,0.1,0.13,0.7762617766857147,as_defined,,,measurementguard_continuous
PETS_CREDIT_low_eff_su2_r1_d6_b03__none,pets_b03,eff_su2_r1_d6,low,none,measurementguard_continuous,entropy,adaptive_defended_calibration,0.5478999999999999,0.525,0.1,0.13,-0.5315980315208435,as_defined,,,measurementguard_continuous
PETS_CREDIT_low_eff_su2_r1_d6_b03__none,pets_b03,eff_su2_r1_d6,low,none,measurementguard_continuous,margin,adaptive_defended_calibration,0.5478999999999999,0.525,0.1,0.13,0.5525235533714294,as_defined,,,measurementguard_continuous
PETS_CREDIT_low_eff_su2_r1_d6_b03__none,pets_b03,eff_su2_r1_d6,low,none,measurementguard_continuous,correctness,adaptive_defended_calibration,0.5599999999999999,0.56,0.0,0.0,0.5,as_defined,,,measurementguard_continuous
PETS_CREDIT_low_eff_su2_r1_d6_b03__none,pets_b03,eff_su2_r1_d6,low,none,measurementguard_continuous,learned_pv_stats_logistic,adaptive_defended_calibration,0.5545,0.525,0.12,0.18,0.4516328456021431,,,,measurementguard_continuous
PETS_CREDIT_low_eff_su2_r1_d6_b03__none,pets_b03,eff_su2_r1_d6,low,none,lattice_round,loss,adaptive_defended_calibration,0.5492999999999999,0.55,0.05,0.09,-0.3238756656646728,as_defined,,,lattice_round
PETS_CREDIT_low_eff_su2_r1_d6_b03__none,pets_b03,eff_su2_r1_d6,low,none,lattice_round,confidence,adaptive_defended_calibration,0.5492999999999999,0.55,0.05,0.09,0.7233457565307617,as_defined,,,lattice_round
PETS_CREDIT_low_eff_su2_r1_d6_b03__none,pets_b03,eff_su2_r1_d6,low,none,lattice_round,maximum_probability,adaptive_defended_calibration,0.5,0.485,0.03,0.1,-0.8452748954296112,inverted_from_calibration,,,lattice_round
PETS_CREDIT_low_eff_su2_r1_d6_b03__none,pets_b03,eff_su2_r1_d6,low,none,lattice_round,entropy,adaptive_defended_calibration,0.5,0.485,0.03,0.1,0.4308167994022369,inverted_from_calibration,,,lattice_round
PETS_CREDIT_low_eff_su2_r1_d6_b03__none,pets_b03,eff_su2_r1_d6,low,none,lattice_round,margin,adaptive_defended_calibration,0.5,0.485,0.03,0.1,-0.6905497908592224,inverted_from_calibration,,,lattice_round
PETS_CREDIT_low_eff_su2_r1_d6_b03__none,pets_b03,eff_su2_r1_d6,low,none,lattice_round,correctness,adaptive_defended_calibration,0.5549999999999999,0.5,0.0,0.0,-inf,as_defined,,,lattice_round
PETS_CREDIT_low_eff_su2_r1_d6_b03__none,pets_b03,eff_su2_r1_d6,low,none,lattice_round,learned_pv_stats_logistic,adaptive_defended_calibration,0.5458000000000001,0.49,0.07,0.1,0.5113248747457241,,,,lattice_round
PETS_CREDIT_low_eff_su2_r1_d6_b03__none,pets_b03,eff_su2_r1_d6,low,none,memgq_lattice,loss,adaptive_defended_calibration,0.5591,0.565,0.0,0.13,-0.320100873708725,as_defined,,,memgq_lattice
PETS_CREDIT_low_eff_su2_r1_d6_b03__none,pets_b03,eff_su2_r1_d6,low,none,memgq_lattice,confidence,adaptive_defended_calibration,0.5591,0.565,0.0,0.13,0.7260757982730865,as_defined,,,memgq_lattice
PETS_CREDIT_low_eff_su2_r1_d6_b03__none,pets_b03,eff_su2_r1_d6,low,none,memgq_lattice,maximum_probability,adaptive_defended_calibration,0.4913999999999999,0.505,0.0,0.1,0.8414384126663208,as_defined,,,memgq_lattice
PETS_CREDIT_low_eff_su2_r1_d6_b03__none,pets_b03,eff_su2_r1_d6,low,none,memgq_lattice,entropy,adaptive_defended_calibration,0.4913999999999999,0.505,0.0,0.1,-0.4372768402099609,as_defined,,,memgq_lattice
PETS_CREDIT_low_eff_su2_r1_d6_b03__none,pets_b03,eff_su2_r1_d6,low,none,memgq_lattice,margin,adaptive_defended_calibration,0.4913999999999999,0.505,0.0,0.1,0.6828768253326416,as_defined,,,memgq_lattice
PETS_CREDIT_low_eff_su2_r1_d6_b03__none,pets_b03,eff_su2_r1_d6,low,none,memgq_lattice,correctness,adaptive_defended_calibration,0.5599999999999999,0.56,0.0,0.0,0.5,as_defined,,,memgq_lattice
PETS_CREDIT_low_eff_su2_r1_d6_b03__none,pets_b03,eff_su2_r1_d6,low,none,memgq_lattice,learned_pv_stats_logistic,adaptive_defended_calibration,0.5289999999999999,0.525,0.09,0.1,0.5030103535873127,,,,memgq_lattice
PETS_CREDIT_low_eff_su2_r1_d6_b03__none,pets_b03,eff_su2_r1_d6,low,none,memgq_lattice_sticky,loss,adaptive_defended_calibration,0.5664,0.5449999999999999,0.07,0.14,-0.2737907022237777,as_defined,,,memgq_lattice_sticky
PETS_CREDIT_low_eff_su2_r1_d6_b03__none,pets_b03,eff_su2_r1_d6,low,none,memgq_lattice_sticky,confidence,adaptive_defended_calibration,0.5664,0.5449999999999999,0.07,0.14,0.7604953944683075,as_defined,,,memgq_lattice_sticky
PETS_CREDIT_low_eff_su2_r1_d6_b03__none,pets_b03,eff_su2_r1_d6,low,none,memgq_lattice_sticky,maximum_probability,adaptive_defended_calibration,0.4895,0.485,0.11,0.11,-0.8115345537662506,inverted_from_calibration,,,memgq_lattice_sticky
PETS_CREDIT_low_eff_su2_r1_d6_b03__none,pets_b03,eff_su2_r1_d6,low,none,memgq_lattice_sticky,entropy,adaptive_defended_calibration,0.4895,0.485,0.11,0.11,0.4839744567871094,inverted_from_calibration,,,memgq_lattice_sticky
PETS_CREDIT_low_eff_su2_r1_d6_b03__none,pets_b03,eff_su2_r1_d6,low,none,memgq_lattice_sticky,margin,adaptive_defended_calibration,0.4895,0.485,0.11,0.11,-0.6230690777301788,inverted_from_calibration,,,memgq_lattice_sticky
PETS_CREDIT_low_eff_su2_r1_d6_b03__none,pets_b03,eff_su2_r1_d6,low,none,memgq_lattice_sticky,correctness,adaptive_defended_calibration,0.5549999999999999,0.5549999999999999,0.0,0.0,0.5,as_defined,,,memgq_lattice_sticky
PETS_CREDIT_low_eff_su2_r1_d6_b03__none,pets_b03,eff_su2_r1_d6,low,none,memgq_lattice_sticky,learned_pv_stats_logistic,adaptive_defended_calibration,0.5277,0.495,0.09,0.12,0.5062578021262429,,,,memgq_lattice_sticky
PETS_CREDIT_low_eff_su2_r1_d6_b04__dp_qml,pets_b04,eff_su2_r1_d6,low,dp_qml,none,loss,adaptive_defended_calibration,0.5261,0.5,0.02,0.08,-0.064054898917675,as_defined,,,dp_qml
PETS_CREDIT_low_eff_su2_r1_d6_b04__dp_qml,pets_b04,eff_su2_r1_d6,low,dp_qml,none,confidence,adaptive_defended_calibration,0.5261,0.5,0.02,0.08,0.9379535615444184,as_defined,,,dp_qml
PETS_CREDIT_low_eff_su2_r1_d6_b04__dp_qml,pets_b04,eff_su2_r1_d6,low,dp_qml,none,maximum_probability,adaptive_defended_calibration,0.5024,0.49,0.02,0.06,0.9379535615444184,as_defined,,,dp_qml
PETS_CREDIT_low_eff_su2_r1_d6_b04__dp_qml,pets_b04,eff_su2_r1_d6,low,dp_qml,none,entropy,adaptive_defended_calibration,0.5024,0.49,0.02,0.06,-0.2325611785054206,as_defined,,,dp_qml
PETS_CREDIT_low_eff_su2_r1_d6_b04__dp_qml,pets_b04,eff_su2_r1_d6,low,dp_qml,none,margin,adaptive_defended_calibration,0.5024,0.49,0.02,0.06,0.8759071230888367,as_defined,,,dp_qml
PETS_CREDIT_low_eff_su2_r1_d6_b04__dp_qml,pets_b04,eff_su2_r1_d6,low,dp_qml,none,correctness,adaptive_defended_calibration,0.505,0.5,0.0,0.0,-inf,as_defined,,,dp_qml
PETS_CREDIT_low_eff_su2_r1_d6_b04__dp_qml,pets_b04,eff_su2_r1_d6,low,dp_qml,none,learned_pv_stats_logistic,adaptive_defended_calibration,0.4779,0.535,0.01,0.05,0.4763773645718501,,,,dp_qml
PETS_CREDIT_low_eff_su2_r1_d6_b04__hamp_train,pets_b04,eff_su2_r1_d6,low,hamp_train,none,loss,adaptive_defended_calibration,0.4456,0.47,0.01,0.03,0.5559180378913879,inverted_from_calibration,,,hamp_train
PETS_CREDIT_low_eff_su2_r1_d6_b04__hamp_train,pets_b04,eff_su2_r1_d6,low,hamp_train,none,confidence,adaptive_defended_calibration,0.4456,0.47,0.01,0.03,-0.5735454857349396,inverted_from_calibration,,,hamp_train
PETS_CREDIT_low_eff_su2_r1_d6_b04__hamp_train,pets_b04,eff_su2_r1_d6,low,hamp_train,none,maximum_probability,adaptive_defended_calibration,0.4768,0.495,0.02,0.08,-0.583645761013031,inverted_from_calibration,,,hamp_train
PETS_CREDIT_low_eff_su2_r1_d6_b04__hamp_train,pets_b04,eff_su2_r1_d6,low,hamp_train,none,entropy,adaptive_defended_calibration,0.4768,0.495,0.02,0.08,0.6790875196456909,inverted_from_calibration,,,hamp_train
PETS_CREDIT_low_eff_su2_r1_d6_b04__hamp_train,pets_b04,eff_su2_r1_d6,low,hamp_train,none,margin,adaptive_defended_calibration,0.4768,0.495,0.02,0.08,-0.1672915518283844,inverted_from_calibration,,,hamp_train
PETS_CREDIT_low_eff_su2_r1_d6_b04__hamp_train,pets_b04,eff_su2_r1_d6,low,hamp_train,none,correctness,adaptive_defended_calibration,0.5,0.5,0.0,0.0,-inf,as_defined,,,hamp_train
PETS_CREDIT_low_eff_su2_r1_d6_b04__hamp_train,pets_b04,eff_su2_r1_d6,low,hamp_train,none,learned_pv_stats_logistic,adaptive_defended_calibration,0.4817999999999999,0.48,0.03,0.07,0.5216932210688294,,,,hamp_train
PETS_CREDIT_low_eff_su2_r1_d6_b04__hamp_train,pets_b04,eff_su2_r1_d6,low,hamp_train,hamp_output,loss,adaptive_defended_calibration,0.4868,0.495,0.06,0.1,-0.5640999674797058,as_defined,,,hamp_full
PETS_CREDIT_low_eff_su2_r1_d6_b04__hamp_train,pets_b04,eff_su2_r1_d6,low,hamp_train,hamp_output,confidence,adaptive_defended_calibration,0.4868,0.495,0.06,0.1,0.5688719153404236,as_defined,,,hamp_full
PETS_CREDIT_low_eff_su2_r1_d6_b04__hamp_train,pets_b04,eff_su2_r1_d6,low,hamp_train,hamp_output,maximum_probability,adaptive_defended_calibration,0.5375,0.525,0.06,0.14,0.5688719153404236,as_defined,,,hamp_full
PETS_CREDIT_low_eff_su2_r1_d6_b04__hamp_train,pets_b04,eff_su2_r1_d6,low,hamp_train,hamp_output,entropy,adaptive_defended_calibration,0.5375,0.525,0.06,0.14,-0.6836302578449249,as_defined,,,hamp_full
PETS_CREDIT_low_eff_su2_r1_d6_b04__hamp_train,pets_b04,eff_su2_r1_d6,low,hamp_train,hamp_output,margin,adaptive_defended_calibration,0.5375,0.525,0.06,0.14,0.1377438008785247,as_defined,,,hamp_full
PETS_CREDIT_low_eff_su2_r1_d6_b04__hamp_train,pets_b04,eff_su2_r1_d6,low,hamp_train,hamp_output,correctness,adaptive_defended_calibration,0.5,0.5,0.0,0.0,-inf,as_defined,,,hamp_full
PETS_CREDIT_low_eff_su2_r1_d6_b04__hamp_train,pets_b04,eff_su2_r1_d6,low,hamp_train,hamp_output,learned_pv_stats_logistic,adaptive_defended_calibration,0.5436,0.515,0.08,0.15,0.4490534517985425,,,,hamp_full
PETS_CREDIT_low_eff_su2_r1_d6_b04__l2,pets_b04,eff_su2_r1_d6,low,l2,none,loss,adaptive_defended_calibration,0.4643,0.5,0.02,0.04,1.155031144618988,inverted_from_calibration,,,l2
PETS_CREDIT_low_eff_su2_r1_d6_b04__l2,pets_b04,eff_su2_r1_d6,low,l2,none,confidence,adaptive_defended_calibration,0.4643,0.5,0.02,0.04,-0.3150530308485031,inverted_from_calibration,,,l2
PETS_CREDIT_low_eff_su2_r1_d6_b04__l2,pets_b04,eff_su2_r1_d6,low,l2,none,maximum_probability,adaptive_defended_calibration,0.4815,0.515,0.01,0.09,-0.8962696194648743,inverted_from_calibration,,,l2
PETS_CREDIT_low_eff_su2_r1_d6_b04__l2,pets_b04,eff_su2_r1_d6,low,l2,none,entropy,adaptive_defended_calibration,0.4815,0.515,0.01,0.09,0.3330710977315902,inverted_from_calibration,,,l2
PETS_CREDIT_low_eff_su2_r1_d6_b04__l2,pets_b04,eff_su2_r1_d6,low,l2,none,margin,adaptive_defended_calibration,0.4815,0.515,0.01,0.09,-0.7925392091274261,inverted_from_calibration,,,l2
PETS_CREDIT_low_eff_su2_r1_d6_b04__l2,pets_b04,eff_su2_r1_d6,low,l2,none,correctness,adaptive_defended_calibration,0.56,0.5,0.0,0.0,-inf,as_defined,,,l2
PETS_CREDIT_low_eff_su2_r1_d6_b04__l2,pets_b04,eff_su2_r1_d6,low,l2,none,learned_pv_stats_logistic,adaptive_defended_calibration,0.5685000000000001,0.555,0.08,0.2,0.5249532755497912,,,,l2
PETS_CREDIT_low_eff_su2_r1_d6_b04__none,pets_b04,eff_su2_r1_d6,low,none,none,loss,adaptive_defended_calibration,0.4482,0.5,0.01,0.02,0.1489001736044883,inverted_from_calibration,,,none
PETS_CREDIT_low_eff_su2_r1_d6_b04__none,pets_b04,eff_su2_r1_d6,low,none,none,confidence,adaptive_defended_calibration,0.4482,0.5,0.01,0.02,-0.8616609871387482,inverted_from_calibration,,,none
PETS_CREDIT_low_eff_su2_r1_d6_b04__none,pets_b04,eff_su2_r1_d6,low,none,none,maximum_probability,adaptive_defended_calibration,0.4765999999999999,0.515,0.03,0.05,-0.8616609871387482,inverted_from_calibration,,,none
PETS_CREDIT_low_eff_su2_r1_d6_b04__none,pets_b04,eff_su2_r1_d6,low,none,none,entropy,adaptive_defended_calibration,0.4765999999999999,0.515,0.03,0.05,0.4018944799900055,inverted_from_calibration,,,none
PETS_CREDIT_low_eff_su2_r1_d6_b04__none,pets_b04,eff_su2_r1_d6,low,none,none,margin,adaptive_defended_calibration,0.4765999999999999,0.515,0.03,0.05,-0.7233219742774963,inverted_from_calibration,,,none
PETS_CREDIT_low_eff_su2_r1_d6_b04__none,pets_b04,eff_su2_r1_d6,low,none,none,correctness,adaptive_defended_calibration,0.5,0.5,0.0,0.0,-inf,as_defined,,,none
PETS_CREDIT_low_eff_su2_r1_d6_b04__none,pets_b04,eff_su2_r1_d6,low,none,none,learned_pv_stats_logistic,adaptive_defended_calibration,0.6326,0.61,0.05,0.22,0.5163952324526351,,,,none
PETS_CREDIT_low_eff_su2_r1_d6_b04__none,pets_b04,eff_su2_r1_d6,low,none,dynanoise,loss,adaptive_defended_calibration,0.4455,0.48,0.02,0.09,0.5803404152393341,inverted_from_calibration,,,dynanoise
PETS_CREDIT_low_eff_su2_r1_d6_b04__none,pets_b04,eff_su2_r1_d6,low,none,dynanoise,confidence,adaptive_defended_calibration,0.4455,0.48,0.02,0.09,-0.5597078502178192,inverted_from_calibration,,,dynanoise
PETS_CREDIT_low_eff_su2_r1_d6_b04__none,pets_b04,eff_su2_r1_d6,low,none,dynanoise,maximum_probability,adaptive_defended_calibration,0.4454,0.49,0.01,0.01,-0.5597078502178192,inverted_from_calibration,,,dynanoise
PETS_CREDIT_low_eff_su2_r1_d6_b04__none,pets_b04,eff_su2_r1_d6,low,none,dynanoise,entropy,adaptive_defended_calibration,0.4454,0.49,0.01,0.01,0.6859999895095825,inverted_from_calibration,,,dynanoise
PETS_CREDIT_low_eff_su2_r1_d6_b04__none,pets_b04,eff_su2_r1_d6,low,none,dynanoise,margin,adaptive_defended_calibration,0.4454,0.49,0.01,0.01,-0.1194156855344772,inverted_from_calibration,,,dynanoise
PETS_CREDIT_low_eff_su2_r1_d6_b04__none,pets_b04,eff_su2_r1_d6,low,none,dynanoise,correctness,adaptive_defended_calibration,0.53,0.5,0.0,0.0,-inf,as_defined,,,dynanoise
PETS_CREDIT_low_eff_su2_r1_d6_b04__none,pets_b04,eff_su2_r1_d6,low,none,dynanoise,learned_pv_stats_logistic,adaptive_defended_calibration,0.4935,0.495,0.07,0.1,0.4956522169377821,,,,dynanoise
PETS_CREDIT_low_eff_su2_r1_d6_b04__none,pets_b04,eff_su2_r1_d6,low,none,hamp_output,loss,adaptive_defended_calibration,0.4865,0.495,0.03,0.09,-0.2294555976986885,as_defined,,,hamp_output
PETS_CREDIT_low_eff_su2_r1_d6_b04__none,pets_b04,eff_su2_r1_d6,low,none,hamp_output,confidence,adaptive_defended_calibration,0.4865,0.495,0.03,0.09,0.7949746549129486,as_defined,,,hamp_output
PETS_CREDIT_low_eff_su2_r1_d6_b04__none,pets_b04,eff_su2_r1_d6,low,none,hamp_output,maximum_probability,adaptive_defended_calibration,0.5383,0.53,0.06,0.13,0.7949746549129486,as_defined,,,hamp_output
PETS_CREDIT_low_eff_su2_r1_d6_b04__none,pets_b04,eff_su2_r1_d6,low,none,hamp_output,entropy,adaptive_defended_calibration,0.5383,0.53,0.06,0.13,-0.507249653339386,as_defined,,,hamp_output
PETS_CREDIT_low_eff_su2_r1_d6_b04__none,pets_b04,eff_su2_r1_d6,low,none,hamp_output,margin,adaptive_defended_calibration,0.5383,0.53,0.06,0.13,0.5899493396282196,as_defined,,,hamp_output
PETS_CREDIT_low_eff_su2_r1_d6_b04__none,pets_b04,eff_su2_r1_d6,low,none,hamp_output,correctness,adaptive_defended_calibration,0.5,0.5,0.0,0.0,-inf,as_defined,,,hamp_output
PETS_CREDIT_low_eff_su2_r1_d6_b04__none,pets_b04,eff_su2_r1_d6,low,none,hamp_output,learned_pv_stats_logistic,adaptive_defended_calibration,0.5466,0.53,0.1,0.13,0.4736571555110102,,,,hamp_output
PETS_CREDIT_low_eff_su2_r1_d6_b04__none,pets_b04,eff_su2_r1_d6,low,none,memguard,loss,adaptive_defended_calibration,0.4447,0.5,0.01,0.02,0.0967493988573551,inverted_from_calibration,,,memguard
PETS_CREDIT_low_eff_su2_r1_d6_b04__none,pets_b04,eff_su2_r1_d6,low,none,memguard,confidence,adaptive_defended_calibration,0.4447,0.5,0.01,0.02,-0.9077834784984588,inverted_from_calibration,,,memguard
PETS_CREDIT_low_eff_su2_r1_d6_b04__none,pets_b04,eff_su2_r1_d6,low,none,memguard,maximum_probability,adaptive_defended_calibration,0.4756999999999999,0.515,0.01,0.07,-0.8616609871387482,inverted_from_calibration,,,memguard
PETS_CREDIT_low_eff_su2_r1_d6_b04__none,pets_b04,eff_su2_r1_d6,low,none,memguard,entropy,adaptive_defended_calibration,0.4756999999999999,0.515,0.01,0.07,0.4018944799900055,inverted_from_calibration,,,memguard
PETS_CREDIT_low_eff_su2_r1_d6_b04__none,pets_b04,eff_su2_r1_d6,low,none,memguard,margin,adaptive_defended_calibration,0.4756999999999999,0.515,0.01,0.07,-0.7233219742774963,inverted_from_calibration,,,memguard
PETS_CREDIT_low_eff_su2_r1_d6_b04__none,pets_b04,eff_su2_r1_d6,low,none,memguard,correctness,adaptive_defended_calibration,0.5,0.5,0.0,0.0,-inf,as_defined,,,memguard
PETS_CREDIT_low_eff_su2_r1_d6_b04__none,pets_b04,eff_su2_r1_d6,low,none,memguard,learned_pv_stats_logistic,adaptive_defended_calibration,0.5987000000000001,0.53,0.07,0.13,0.461740982249577,,,,memguard
PETS_CREDIT_low_eff_su2_r1_d6_b04__none,pets_b04,eff_su2_r1_d6,low,none,logitguard_continuous,loss,adaptive_defended_calibration,0.5446000000000001,0.5349999999999999,0.06,0.1,-0.299065887928009,as_defined,,,logitguard_continuous
PETS_CREDIT_low_eff_su2_r1_d6_b04__none,pets_b04,eff_su2_r1_d6,low,none,logitguard_continuous,confidence,adaptive_defended_calibration,0.5446000000000001,0.5349999999999999,0.06,0.1,0.7415105700492859,as_defined,,,logitguard_continuous
PETS_CREDIT_low_eff_su2_r1_d6_b04__none,pets_b04,eff_su2_r1_d6,low,none,logitguard_continuous,maximum_probability,adaptive_defended_calibration,0.5088999999999999,0.51,0.05,0.1,0.7414865791797638,as_defined,,,logitguard_continuous
PETS_CREDIT_low_eff_su2_r1_d6_b04__none,pets_b04,eff_su2_r1_d6,low,none,logitguard_continuous,entropy,adaptive_defended_calibration,0.5088999999999999,0.51,0.05,0.1,-0.5714962482452393,as_defined,,,logitguard_continuous
PETS_CREDIT_low_eff_su2_r1_d6_b04__none,pets_b04,eff_su2_r1_d6,low,none,logitguard_continuous,margin,adaptive_defended_calibration,0.5088999999999999,0.51,0.05,0.1,0.4829731434583664,as_defined,,,logitguard_continuous
PETS_CREDIT_low_eff_su2_r1_d6_b04__none,pets_b04,eff_su2_r1_d6,low,none,logitguard_continuous,correctness,adaptive_defended_calibration,0.5,0.5,0.0,0.0,-inf,as_defined,,,logitguard_continuous
PETS_CREDIT_low_eff_su2_r1_d6_b04__none,pets_b04,eff_su2_r1_d6,low,none,logitguard_continuous,learned_pv_stats_logistic,adaptive_defended_calibration,0.5726999999999999,0.55,0.08,0.2,0.5071662759341519,,,,logitguard_continuous
PETS_CREDIT_low_eff_su2_r1_d6_b04__none,pets_b04,eff_su2_r1_d6,low,none,logitguard_quantized,loss,adaptive_defended_calibration,0.5436000000000001,0.52,0.06,0.1,-0.3052912056446075,as_defined,,,logitguard_quantized
PETS_CREDIT_low_eff_su2_r1_d6_b04__none,pets_b04,eff_su2_r1_d6,low,none,logitguard_quantized,confidence,adaptive_defended_calibration,0.5436000000000001,0.52,0.06,0.1,0.7369112968444824,as_defined,,,logitguard_quantized
PETS_CREDIT_low_eff_su2_r1_d6_b04__none,pets_b04,eff_su2_r1_d6,low,none,logitguard_quantized,maximum_probability,adaptive_defended_calibration,0.5144,0.5,0.05,0.09,0.7407702803611755,as_defined,,,logitguard_quantized
PETS_CREDIT_low_eff_su2_r1_d6_b04__none,pets_b04,eff_su2_r1_d6,low,none,logitguard_quantized,entropy,adaptive_defended_calibration,0.5144,0.5,0.05,0.09,-0.5722400546073914,as_defined,,,logitguard_quantized
PETS_CREDIT_low_eff_su2_r1_d6_b04__none,pets_b04,eff_su2_r1_d6,low,none,logitguard_quantized,margin,adaptive_defended_calibration,0.5144,0.5,0.05,0.09,0.4815405458211899,as_defined,,,logitguard_quantized
PETS_CREDIT_low_eff_su2_r1_d6_b04__none,pets_b04,eff_su2_r1_d6,low,none,logitguard_quantized,correctness,adaptive_defended_calibration,0.5,0.5,0.0,0.0,-inf,as_defined,,,logitguard_quantized
PETS_CREDIT_low_eff_su2_r1_d6_b04__none,pets_b04,eff_su2_r1_d6,low,none,logitguard_quantized,learned_pv_stats_logistic,adaptive_defended_calibration,0.5528000000000001,0.52,0.09,0.16,0.5079625624777239,,,,logitguard_quantized
PETS_CREDIT_low_eff_su2_r1_d6_b04__none,pets_b04,eff_su2_r1_d6,low,none,measurementguard_continuous,loss,adaptive_defended_calibration,0.497,0.51,0.01,0.09,0.2245827764272689,inverted_from_calibration,,,measurementguard_continuous
PETS_CREDIT_low_eff_su2_r1_d6_b04__none,pets_b04,eff_su2_r1_d6,low,none,measurementguard_continuous,confidence,adaptive_defended_calibration,0.497,0.51,0.01,0.09,-0.798849493265152,inverted_from_calibration,,,measurementguard_continuous
PETS_CREDIT_low_eff_su2_r1_d6_b04__none,pets_b04,eff_su2_r1_d6,low,none,measurementguard_continuous,maximum_probability,adaptive_defended_calibration,0.5108999999999999,0.5349999999999999,0.04,0.07,-0.79868483543396,inverted_from_calibration,,,measurementguard_continuous
PETS_CREDIT_low_eff_su2_r1_d6_b04__none,pets_b04,eff_su2_r1_d6,low,none,measurementguard_continuous,entropy,adaptive_defended_calibration,0.5108999999999999,0.5349999999999999,0.04,0.07,0.5022202134132385,inverted_from_calibration,,,measurementguard_continuous
PETS_CREDIT_low_eff_su2_r1_d6_b04__none,pets_b04,eff_su2_r1_d6,low,none,measurementguard_continuous,margin,adaptive_defended_calibration,0.5108999999999999,0.5349999999999999,0.04,0.07,-0.5973696708679199,inverted_from_calibration,,,measurementguard_continuous
PETS_CREDIT_low_eff_su2_r1_d6_b04__none,pets_b04,eff_su2_r1_d6,low,none,measurementguard_continuous,correctness,adaptive_defended_calibration,0.5,0.5,0.0,0.0,-inf,as_defined,,,measurementguard_continuous
PETS_CREDIT_low_eff_su2_r1_d6_b04__none,pets_b04,eff_su2_r1_d6,low,none,measurementguard_continuous,learned_pv_stats_logistic,adaptive_defended_calibration,0.5314,0.515,0.04,0.1,0.5103013163061463,,,,measurementguard_continuous
PETS_CREDIT_low_eff_su2_r1_d6_b04__none,pets_b04,eff_su2_r1_d6,low,none,lattice_round,loss,adaptive_defended_calibration,0.4464499999999999,0.5,0.01,0.02,0.1528225019574165,inverted_from_calibration,,,lattice_round
PETS_CREDIT_low_eff_su2_r1_d6_b04__none,pets_b04,eff_su2_r1_d6,low,none,lattice_round,confidence,adaptive_defended_calibration,0.4464499999999999,0.5,0.01,0.02,-0.8582822382450104,inverted_from_calibration,,,lattice_round
PETS_CREDIT_low_eff_su2_r1_d6_b04__none,pets_b04,eff_su2_r1_d6,low,none,lattice_round,maximum_probability,adaptive_defended_calibration,0.4735999999999999,0.505,0.04,0.06,-0.8527615368366241,inverted_from_calibration,,,lattice_round
PETS_CREDIT_low_eff_su2_r1_d6_b04__none,pets_b04,eff_su2_r1_d6,low,none,lattice_round,entropy,adaptive_defended_calibration,0.4735999999999999,0.505,0.04,0.06,0.4178493171930313,inverted_from_calibration,,,lattice_round
PETS_CREDIT_low_eff_su2_r1_d6_b04__none,pets_b04,eff_su2_r1_d6,low,none,lattice_round,margin,adaptive_defended_calibration,0.4735999999999999,0.505,0.04,0.06,-0.7055230438709259,inverted_from_calibration,,,lattice_round
PETS_CREDIT_low_eff_su2_r1_d6_b04__none,pets_b04,eff_su2_r1_d6,low,none,lattice_round,correctness,adaptive_defended_calibration,0.5,0.5,0.0,0.0,-inf,as_defined,,,lattice_round
PETS_CREDIT_low_eff_su2_r1_d6_b04__none,pets_b04,eff_su2_r1_d6,low,none,lattice_round,learned_pv_stats_logistic,adaptive_defended_calibration,0.63485,0.615,0.03,0.23,0.526454448838414,,,,lattice_round
PETS_CREDIT_low_eff_su2_r1_d6_b04__none,pets_b04,eff_su2_r1_d6,low,none,memgq_lattice,loss,adaptive_defended_calibration,0.50885,0.505,0.05,0.09,-0.3061572760343551,as_defined,,,memgq_lattice
PETS_CREDIT_low_eff_su2_r1_d6_b04__none,pets_b04,eff_su2_r1_d6,low,none,memgq_lattice,confidence,adaptive_defended_calibration,0.50885,0.505,0.05,0.09,0.7362720966339111,as_defined,,,memgq_lattice
PETS_CREDIT_low_eff_su2_r1_d6_b04__none,pets_b04,eff_su2_r1_d6,low,none,memgq_lattice,maximum_probability,adaptive_defended_calibration,0.488,0.455,0.06,0.09,0.7759945392608643,as_defined,,,memgq_lattice
PETS_CREDIT_low_eff_su2_r1_d6_b04__none,pets_b04,eff_su2_r1_d6,low,none,memgq_lattice,entropy,adaptive_defended_calibration,0.488,0.455,0.06,0.09,-0.5319308340549469,as_defined,,,memgq_lattice
PETS_CREDIT_low_eff_su2_r1_d6_b04__none,pets_b04,eff_su2_r1_d6,low,none,memgq_lattice,margin,adaptive_defended_calibration,0.488,0.455,0.06,0.09,0.5519890785217285,as_defined,,,memgq_lattice
PETS_CREDIT_low_eff_su2_r1_d6_b04__none,pets_b04,eff_su2_r1_d6,low,none,memgq_lattice,correctness,adaptive_defended_calibration,0.5,0.5,0.0,0.0,-inf,as_defined,,,memgq_lattice
PETS_CREDIT_low_eff_su2_r1_d6_b04__none,pets_b04,eff_su2_r1_d6,low,none,memgq_lattice,learned_pv_stats_logistic,adaptive_defended_calibration,0.52345,0.52,0.05,0.11,0.4712498411068784,,,,memgq_lattice
PETS_CREDIT_low_eff_su2_r1_d6_b04__none,pets_b04,eff_su2_r1_d6,low,none,memgq_lattice_sticky,loss,adaptive_defended_calibration,0.5148,0.49,0.05,0.09,-0.313012346625328,as_defined,,,memgq_lattice_sticky
PETS_CREDIT_low_eff_su2_r1_d6_b04__none,pets_b04,eff_su2_r1_d6,low,none,memgq_lattice_sticky,confidence,adaptive_defended_calibration,0.5148,0.49,0.05,0.09,0.7312408983707428,as_defined,,,memgq_lattice_sticky
PETS_CREDIT_low_eff_su2_r1_d6_b04__none,pets_b04,eff_su2_r1_d6,low,none,memgq_lattice_sticky,maximum_probability,adaptive_defended_calibration,0.4803,0.5,0.06,0.1,0.7489465177059174,as_defined,,,memgq_lattice_sticky
PETS_CREDIT_low_eff_su2_r1_d6_b04__none,pets_b04,eff_su2_r1_d6,low,none,memgq_lattice_sticky,entropy,adaptive_defended_calibration,0.4803,0.5,0.06,0.1,-0.5634790360927582,as_defined,,,memgq_lattice_sticky
PETS_CREDIT_low_eff_su2_r1_d6_b04__none,pets_b04,eff_su2_r1_d6,low,none,memgq_lattice_sticky,margin,adaptive_defended_calibration,0.4803,0.5,0.06,0.1,0.4978930205106735,as_defined,,,memgq_lattice_sticky
PETS_CREDIT_low_eff_su2_r1_d6_b04__none,pets_b04,eff_su2_r1_d6,low,none,memgq_lattice_sticky,correctness,adaptive_defended_calibration,0.5,0.5,0.0,0.0,-inf,as_defined,,,memgq_lattice_sticky
PETS_CREDIT_low_eff_su2_r1_d6_b04__none,pets_b04,eff_su2_r1_d6,low,none,memgq_lattice_sticky,learned_pv_stats_logistic,adaptive_defended_calibration,0.5322,0.5549999999999999,0.09,0.12,0.4952949296713576,,,,memgq_lattice_sticky
PETS_CREDIT_low_eff_su2_r1_d6_b05__dp_qml,pets_b05,eff_su2_r1_d6,low,dp_qml,none,loss,adaptive_defended_calibration,0.5515,0.53,0.08,0.19,-0.1046706773340702,as_defined,,,dp_qml
PETS_CREDIT_low_eff_su2_r1_d6_b05__dp_qml,pets_b05,eff_su2_r1_d6,low,dp_qml,none,confidence,adaptive_defended_calibration,0.5515,0.53,0.08,0.19,0.9006210565567017,as_defined,,,dp_qml
PETS_CREDIT_low_eff_su2_r1_d6_b05__dp_qml,pets_b05,eff_su2_r1_d6,low,dp_qml,none,maximum_probability,adaptive_defended_calibration,0.5278,0.505,0.07,0.16,0.9106912314891816,as_defined,,,dp_qml
PETS_CREDIT_low_eff_su2_r1_d6_b05__dp_qml,pets_b05,eff_su2_r1_d6,low,dp_qml,none,entropy,adaptive_defended_calibration,0.5278,0.505,0.07,0.16,-0.3009297400712967,as_defined,,,dp_qml
PETS_CREDIT_low_eff_su2_r1_d6_b05__dp_qml,pets_b05,eff_su2_r1_d6,low,dp_qml,none,margin,adaptive_defended_calibration,0.5278,0.505,0.07,0.16,0.8213824927806854,as_defined,,,dp_qml
PETS_CREDIT_low_eff_su2_r1_d6_b05__dp_qml,pets_b05,eff_su2_r1_d6,low,dp_qml,none,correctness,adaptive_defended_calibration,0.5549999999999999,0.555,0.0,0.0,0.5,as_defined,,,dp_qml
PETS_CREDIT_low_eff_su2_r1_d6_b05__dp_qml,pets_b05,eff_su2_r1_d6,low,dp_qml,none,learned_pv_stats_logistic,adaptive_defended_calibration,0.5553,0.5449999999999999,0.07,0.1,0.4858932363586668,,,,dp_qml
PETS_CREDIT_low_eff_su2_r1_d6_b05__hamp_train,pets_b05,eff_su2_r1_d6,low,hamp_train,none,loss,adaptive_defended_calibration,0.4633,0.5,0.01,0.05,0.4803869724273681,inverted_from_calibration,,,hamp_train
PETS_CREDIT_low_eff_su2_r1_d6_b05__hamp_train,pets_b05,eff_su2_r1_d6,low,hamp_train,none,confidence,adaptive_defended_calibration,0.4633,0.5,0.01,0.05,-0.6185497939586639,inverted_from_calibration,,,hamp_train
PETS_CREDIT_low_eff_su2_r1_d6_b05__hamp_train,pets_b05,eff_su2_r1_d6,low,hamp_train,none,maximum_probability,adaptive_defended_calibration,0.5002,0.51,0.1,0.11,-0.6118807792663574,inverted_from_calibration,,,hamp_train
PETS_CREDIT_low_eff_su2_r1_d6_b05__hamp_train,pets_b05,eff_su2_r1_d6,low,hamp_train,none,entropy,adaptive_defended_calibration,0.5002,0.51,0.1,0.11,0.6678955256938934,inverted_from_calibration,,,hamp_train
PETS_CREDIT_low_eff_su2_r1_d6_b05__hamp_train,pets_b05,eff_su2_r1_d6,low,hamp_train,none,margin,adaptive_defended_calibration,0.5002,0.51,0.1,0.11,-0.2237615138292312,inverted_from_calibration,,,hamp_train
PETS_CREDIT_low_eff_su2_r1_d6_b05__hamp_train,pets_b05,eff_su2_r1_d6,low,hamp_train,none,correctness,adaptive_defended_calibration,0.5,0.5,0.0,0.0,-inf,as_defined,,,hamp_train
PETS_CREDIT_low_eff_su2_r1_d6_b05__hamp_train,pets_b05,eff_su2_r1_d6,low,hamp_train,none,learned_pv_stats_logistic,adaptive_defended_calibration,0.5225,0.5249999999999999,0.07,0.19,0.5176386623540903,,,,hamp_train
PETS_CREDIT_low_eff_su2_r1_d6_b05__hamp_train,pets_b05,eff_su2_r1_d6,low,hamp_train,hamp_output,loss,adaptive_defended_calibration,0.4764,0.505,0.05,0.07,-0.6128588020801544,as_defined,,,hamp_full
PETS_CREDIT_low_eff_su2_r1_d6_b05__hamp_train,pets_b05,eff_su2_r1_d6,low,hamp_train,hamp_output,confidence,adaptive_defended_calibration,0.4764,0.505,0.05,0.07,0.541799783706665,as_defined,,,hamp_full
PETS_CREDIT_low_eff_su2_r1_d6_b05__hamp_train,pets_b05,eff_su2_r1_d6,low,hamp_train,hamp_output,maximum_probability,adaptive_defended_calibration,0.4367,0.475,0.02,0.08,0.5473136901855469,as_defined,,,hamp_full
PETS_CREDIT_low_eff_su2_r1_d6_b05__hamp_train,pets_b05,eff_su2_r1_d6,low,hamp_train,hamp_output,entropy,adaptive_defended_calibration,0.4367,0.47,0.02,0.08,-0.6886608600616455,as_defined,,,hamp_full
PETS_CREDIT_low_eff_su2_r1_d6_b05__hamp_train,pets_b05,eff_su2_r1_d6,low,hamp_train,hamp_output,margin,adaptive_defended_calibration,0.4367,0.475,0.02,0.08,0.0946274101734161,as_defined,,,hamp_full
PETS_CREDIT_low_eff_su2_r1_d6_b05__hamp_train,pets_b05,eff_su2_r1_d6,low,hamp_train,hamp_output,correctness,adaptive_defended_calibration,0.5,0.5,0.0,0.0,-inf,as_defined,,,hamp_full
PETS_CREDIT_low_eff_su2_r1_d6_b05__hamp_train,pets_b05,eff_su2_r1_d6,low,hamp_train,hamp_output,learned_pv_stats_logistic,adaptive_defended_calibration,0.4473,0.47,0.03,0.07,0.4988652391283773,,,,hamp_full
PETS_CREDIT_low_eff_su2_r1_d6_b05__l2,pets_b05,eff_su2_r1_d6,low,l2,none,loss,adaptive_defended_calibration,0.4795,0.505,0.02,0.04,0.1525406390428543,inverted_from_calibration,,,l2
PETS_CREDIT_low_eff_su2_r1_d6_b05__l2,pets_b05,eff_su2_r1_d6,low,l2,none,confidence,adaptive_defended_calibration,0.4795,0.505,0.02,0.04,-0.858526200056076,inverted_from_calibration,,,l2
PETS_CREDIT_low_eff_su2_r1_d6_b05__l2,pets_b05,eff_su2_r1_d6,low,l2,none,maximum_probability,adaptive_defended_calibration,0.5232,0.525,0.12,0.16,-0.858526200056076,inverted_from_calibration,,,l2
PETS_CREDIT_low_eff_su2_r1_d6_b05__l2,pets_b05,eff_su2_r1_d6,low,l2,none,entropy,adaptive_defended_calibration,0.5232,0.525,0.12,0.16,0.4076143354177475,inverted_from_calibration,,,l2
PETS_CREDIT_low_eff_su2_r1_d6_b05__l2,pets_b05,eff_su2_r1_d6,low,l2,none,margin,adaptive_defended_calibration,0.5232,0.525,0.12,0.16,-0.7170523703098297,inverted_from_calibration,,,l2
PETS_CREDIT_low_eff_su2_r1_d6_b05__l2,pets_b05,eff_su2_r1_d6,low,l2,none,correctness,adaptive_defended_calibration,0.55,0.55,0.0,0.0,0.5,as_defined,,,l2
PETS_CREDIT_low_eff_su2_r1_d6_b05__l2,pets_b05,eff_su2_r1_d6,low,l2,none,learned_pv_stats_logistic,adaptive_defended_calibration,0.5601,0.55,0.07,0.18,0.4927975549826612,,,,l2
PETS_CREDIT_low_eff_su2_r1_d6_b05__none,pets_b05,eff_su2_r1_d6,low,none,none,loss,adaptive_defended_calibration,0.4641,0.51,0.01,0.04,0.1045011505484581,inverted_from_calibration,,,none
PETS_CREDIT_low_eff_su2_r1_d6_b05__none,pets_b05,eff_su2_r1_d6,low,none,none,confidence,adaptive_defended_calibration,0.4641,0.51,0.01,0.04,-0.9007745683193208,inverted_from_calibration,,,none
PETS_CREDIT_low_eff_su2_r1_d6_b05__none,pets_b05,eff_su2_r1_d6,low,none,none,maximum_probability,adaptive_defended_calibration,0.5038,0.525,0.08,0.13,-0.9007745683193208,inverted_from_calibration,,,none
PETS_CREDIT_low_eff_su2_r1_d6_b05__none,pets_b05,eff_su2_r1_d6,low,none,none,entropy,adaptive_defended_calibration,0.5038,0.525,0.08,0.13,0.323369637131691,inverted_from_calibration,,,none
PETS_CREDIT_low_eff_su2_r1_d6_b05__none,pets_b05,eff_su2_r1_d6,low,none,none,margin,adaptive_defended_calibration,0.5038,0.525,0.08,0.13,-0.8015490770339966,inverted_from_calibration,,,none
PETS_CREDIT_low_eff_su2_r1_d6_b05__none,pets_b05,eff_su2_r1_d6,low,none,none,correctness,adaptive_defended_calibration,0.505,0.5,0.0,0.0,-inf,as_defined,,,none
PETS_CREDIT_low_eff_su2_r1_d6_b05__none,pets_b05,eff_su2_r1_d6,low,none,none,learned_pv_stats_logistic,adaptive_defended_calibration,0.5152000000000001,0.535,0.06,0.15,0.4503611214318836,,,,none
PETS_CREDIT_low_eff_su2_r1_d6_b05__none,pets_b05,eff_su2_r1_d6,low,none,dynanoise,loss,adaptive_defended_calibration,0.4624,0.47,0.02,0.08,0.6429446339607239,inverted_from_calibration,,,dynanoise
PETS_CREDIT_low_eff_su2_r1_d6_b05__none,pets_b05,eff_su2_r1_d6,low,none,dynanoise,confidence,adaptive_defended_calibration,0.4624,0.47,0.02,0.08,-0.5257422626018524,inverted_from_calibration,,,dynanoise
PETS_CREDIT_low_eff_su2_r1_d6_b05__none,pets_b05,eff_su2_r1_d6,low,none,dynanoise,maximum_probability,adaptive_defended_calibration,0.5004,0.49,0.04,0.11,-0.5294615030288696,inverted_from_calibration,,,dynanoise
PETS_CREDIT_low_eff_su2_r1_d6_b05__none,pets_b05,eff_su2_r1_d6,low,none,dynanoise,entropy,adaptive_defended_calibration,0.5004,0.49,0.04,0.11,0.6914095878601074,inverted_from_calibration,,,dynanoise
PETS_CREDIT_low_eff_su2_r1_d6_b05__none,pets_b05,eff_su2_r1_d6,low,none,dynanoise,margin,adaptive_defended_calibration,0.5004,0.49,0.04,0.11,-0.058922991156578,inverted_from_calibration,,,dynanoise
PETS_CREDIT_low_eff_su2_r1_d6_b05__none,pets_b05,eff_su2_r1_d6,low,none,dynanoise,correctness,adaptive_defended_calibration,0.4649999999999999,0.4649999999999999,0.0,0.0,-0.5,inverted_from_calibration,,,dynanoise
PETS_CREDIT_low_eff_su2_r1_d6_b05__none,pets_b05,eff_su2_r1_d6,low,none,dynanoise,learned_pv_stats_logistic,adaptive_defended_calibration,0.4997,0.475,0.05,0.07,0.509367402917726,,,,dynanoise
PETS_CREDIT_low_eff_su2_r1_d6_b05__none,pets_b05,eff_su2_r1_d6,low,none,hamp_output,loss,adaptive_defended_calibration,0.4749,0.495,0.05,0.1,-0.3747485727071762,as_defined,,,hamp_output
PETS_CREDIT_low_eff_su2_r1_d6_b05__none,pets_b05,eff_su2_r1_d6,low,none,hamp_output,confidence,adaptive_defended_calibration,0.4749,0.495,0.05,0.1,0.6874621510505676,as_defined,,,hamp_output
PETS_CREDIT_low_eff_su2_r1_d6_b05__none,pets_b05,eff_su2_r1_d6,low,none,hamp_output,maximum_probability,adaptive_defended_calibration,0.4387999999999999,0.51,0.05,0.07,0.6672364473342896,as_defined,,,hamp_output
PETS_CREDIT_low_eff_su2_r1_d6_b05__none,pets_b05,eff_su2_r1_d6,low,none,hamp_output,entropy,adaptive_defended_calibration,0.4387999999999999,0.51,0.05,0.07,-0.6361181735992432,as_defined,,,hamp_output
PETS_CREDIT_low_eff_su2_r1_d6_b05__none,pets_b05,eff_su2_r1_d6,low,none,hamp_output,margin,adaptive_defended_calibration,0.4387999999999999,0.51,0.05,0.07,0.3344728946685791,as_defined,,,hamp_output
PETS_CREDIT_low_eff_su2_r1_d6_b05__none,pets_b05,eff_su2_r1_d6,low,none,hamp_output,correctness,adaptive_defended_calibration,0.505,0.5,0.0,0.0,-inf,as_defined,,,hamp_output
PETS_CREDIT_low_eff_su2_r1_d6_b05__none,pets_b05,eff_su2_r1_d6,low,none,hamp_output,learned_pv_stats_logistic,adaptive_defended_calibration,0.4451,0.51,0.02,0.07,0.4659152645054243,,,,hamp_output
PETS_CREDIT_low_eff_su2_r1_d6_b05__none,pets_b05,eff_su2_r1_d6,low,none,memguard,loss,adaptive_defended_calibration,0.5183,0.51,0.08,0.1,-0.2468173280358314,as_defined,,,memguard
PETS_CREDIT_low_eff_su2_r1_d6_b05__none,pets_b05,eff_su2_r1_d6,low,none,memguard,confidence,adaptive_defended_calibration,0.5183,0.51,0.08,0.1,0.7812834084033966,as_defined,,,memguard
PETS_CREDIT_low_eff_su2_r1_d6_b05__none,pets_b05,eff_su2_r1_d6,low,none,memguard,maximum_probability,adaptive_defended_calibration,0.4719,0.48,0.09,0.1,0.7813533246517181,as_defined,,,memguard
PETS_CREDIT_low_eff_su2_r1_d6_b05__none,pets_b05,eff_su2_r1_d6,low,none,memguard,entropy,adaptive_defended_calibration,0.4719,0.48,0.09,0.1,-0.5251897573471069,as_defined,,,memguard
PETS_CREDIT_low_eff_su2_r1_d6_b05__none,pets_b05,eff_su2_r1_d6,low,none,memguard,margin,adaptive_defended_calibration,0.4719,0.48,0.09,0.1,0.5627066493034363,as_defined,,,memguard
PETS_CREDIT_low_eff_su2_r1_d6_b05__none,pets_b05,eff_su2_r1_d6,low,none,memguard,correctness,adaptive_defended_calibration,0.505,0.5,0.0,0.0,-inf,as_defined,,,memguard
PETS_CREDIT_low_eff_su2_r1_d6_b05__none,pets_b05,eff_su2_r1_d6,low,none,memguard,learned_pv_stats_logistic,adaptive_defended_calibration,0.4774,0.48,0.09,0.11,0.5091152062449825,,,,memguard
PETS_CREDIT_low_eff_su2_r1_d6_b05__none,pets_b05,eff_su2_r1_d6,low,none,logitguard_continuous,loss,adaptive_defended_calibration,0.5445,0.52,0.06,0.12,-0.2491968721151352,as_defined,,,logitguard_continuous
PETS_CREDIT_low_eff_su2_r1_d6_b05__none,pets_b05,eff_su2_r1_d6,low,none,logitguard_continuous,confidence,adaptive_defended_calibration,0.5445,0.52,0.06,0.12,0.7794265151023865,as_defined,,,logitguard_continuous
PETS_CREDIT_low_eff_su2_r1_d6_b05__none,pets_b05,eff_su2_r1_d6,low,none,logitguard_continuous,maximum_probability,adaptive_defended_calibration,0.4737,0.49,0.02,0.07,-0.7868553102016449,inverted_from_calibration,,,logitguard_continuous
PETS_CREDIT_low_eff_su2_r1_d6_b05__none,pets_b05,eff_su2_r1_d6,low,none,logitguard_continuous,entropy,adaptive_defended_calibration,0.4737,0.49,0.02,0.07,0.5180934369564056,inverted_from_calibration,,,logitguard_continuous
PETS_CREDIT_low_eff_su2_r1_d6_b05__none,pets_b05,eff_su2_r1_d6,low,none,logitguard_continuous,margin,adaptive_defended_calibration,0.4737,0.49,0.02,0.07,-0.5737106204032898,inverted_from_calibration,,,logitguard_continuous
PETS_CREDIT_low_eff_su2_r1_d6_b05__none,pets_b05,eff_su2_r1_d6,low,none,logitguard_continuous,correctness,adaptive_defended_calibration,0.505,0.5,0.0,0.0,-inf,as_defined,,,logitguard_continuous
PETS_CREDIT_low_eff_su2_r1_d6_b05__none,pets_b05,eff_su2_r1_d6,low,none,logitguard_continuous,learned_pv_stats_logistic,adaptive_defended_calibration,0.4604,0.4599999999999999,0.04,0.08,0.5059388760908914,,,,logitguard_continuous
PETS_CREDIT_low_eff_su2_r1_d6_b05__none,pets_b05,eff_su2_r1_d6,low,none,logitguard_quantized,loss,adaptive_defended_calibration,0.54315,0.515,0.04,0.07,-1.5019376873970032,as_defined,,,logitguard_quantized
PETS_CREDIT_low_eff_su2_r1_d6_b05__none,pets_b05,eff_su2_r1_d6,low,none,logitguard_quantized,confidence,adaptive_defended_calibration,0.54315,0.515,0.04,0.07,0.2227049469947815,as_defined,,,logitguard_quantized
PETS_CREDIT_low_eff_su2_r1_d6_b05__none,pets_b05,eff_su2_r1_d6,low,none,logitguard_quantized,maximum_probability,adaptive_defended_calibration,0.47695,0.49,0.02,0.04,-0.7875083684921265,inverted_from_calibration,,,logitguard_quantized
PETS_CREDIT_low_eff_su2_r1_d6_b05__none,pets_b05,eff_su2_r1_d6,low,none,logitguard_quantized,entropy,adaptive_defended_calibration,0.47695,0.49,0.02,0.04,0.517230898141861,inverted_from_calibration,,,logitguard_quantized
PETS_CREDIT_low_eff_su2_r1_d6_b05__none,pets_b05,eff_su2_r1_d6,low,none,logitguard_quantized,margin,adaptive_defended_calibration,0.47695,0.49,0.02,0.04,-0.5750167071819305,inverted_from_calibration,,,logitguard_quantized
PETS_CREDIT_low_eff_su2_r1_d6_b05__none,pets_b05,eff_su2_r1_d6,low,none,logitguard_quantized,correctness,adaptive_defended_calibration,0.505,0.5,0.0,0.0,-inf,as_defined,,,logitguard_quantized
PETS_CREDIT_low_eff_su2_r1_d6_b05__none,pets_b05,eff_su2_r1_d6,low,none,logitguard_quantized,learned_pv_stats_logistic,adaptive_defended_calibration,0.46235,0.46,0.03,0.07,0.5081569996589946,,,,logitguard_quantized
PETS_CREDIT_low_eff_su2_r1_d6_b05__none,pets_b05,eff_su2_r1_d6,low,none,measurementguard_continuous,loss,adaptive_defended_calibration,0.4869,0.475,0.08,0.12,0.2766930311918258,inverted_from_calibration,,,measurementguard_continuous
PETS_CREDIT_low_eff_su2_r1_d6_b05__none,pets_b05,eff_su2_r1_d6,low,none,measurementguard_continuous,confidence,adaptive_defended_calibration,0.4869,0.475,0.08,0.12,-0.7582875490188599,inverted_from_calibration,,,measurementguard_continuous
PETS_CREDIT_low_eff_su2_r1_d6_b05__none,pets_b05,eff_su2_r1_d6,low,none,measurementguard_continuous,maximum_probability,adaptive_defended_calibration,0.5297000000000001,0.5,0.09,0.14,0.8027326762676239,as_defined,,,measurementguard_continuous
PETS_CREDIT_low_eff_su2_r1_d6_b05__none,pets_b05,eff_su2_r1_d6,low,none,measurementguard_continuous,entropy,adaptive_defended_calibration,0.5297000000000001,0.5,0.09,0.14,-0.4965907037258148,as_defined,,,measurementguard_continuous
PETS_CREDIT_low_eff_su2_r1_d6_b05__none,pets_b05,eff_su2_r1_d6,low,none,measurementguard_continuous,margin,adaptive_defended_calibration,0.5297000000000001,0.5,0.09,0.14,0.6054653525352478,as_defined,,,measurementguard_continuous
PETS_CREDIT_low_eff_su2_r1_d6_b05__none,pets_b05,eff_su2_r1_d6,low,none,measurementguard_continuous,correctness,adaptive_defended_calibration,0.505,0.5,0.0,0.0,-inf,as_defined,,,measurementguard_continuous
PETS_CREDIT_low_eff_su2_r1_d6_b05__none,pets_b05,eff_su2_r1_d6,low,none,measurementguard_continuous,learned_pv_stats_logistic,adaptive_defended_calibration,0.5264,0.5,0.07,0.17,0.5019791383736429,,,,measurementguard_continuous
PETS_CREDIT_low_eff_su2_r1_d6_b05__none,pets_b05,eff_su2_r1_d6,low,none,lattice_round,loss,adaptive_defended_calibration,0.4647,0.51,0.02,0.04,0.1020041406154632,inverted_from_calibration,,,lattice_round
PETS_CREDIT_low_eff_su2_r1_d6_b05__none,pets_b05,eff_su2_r1_d6,low,none,lattice_round,confidence,adaptive_defended_calibration,0.4647,0.51,0.02,0.04,-0.9030261933803558,inverted_from_calibration,,,lattice_round
PETS_CREDIT_low_eff_su2_r1_d6_b05__none,pets_b05,eff_su2_r1_d6,low,none,lattice_round,maximum_probability,adaptive_defended_calibration,0.5038,0.505,0.07,0.11,-0.8478161990642548,inverted_from_calibration,,,lattice_round
PETS_CREDIT_low_eff_su2_r1_d6_b05__none,pets_b05,eff_su2_r1_d6,low,none,lattice_round,entropy,adaptive_defended_calibration,0.5038,0.505,0.07,0.11,0.4264532774686813,inverted_from_calibration,,,lattice_round
PETS_CREDIT_low_eff_su2_r1_d6_b05__none,pets_b05,eff_su2_r1_d6,low,none,lattice_round,margin,adaptive_defended_calibration,0.5038,0.505,0.07,0.11,-0.6956323981285095,inverted_from_calibration,,,lattice_round
PETS_CREDIT_low_eff_su2_r1_d6_b05__none,pets_b05,eff_su2_r1_d6,low,none,lattice_round,correctness,adaptive_defended_calibration,0.505,0.5,0.0,0.0,-inf,as_defined,,,lattice_round
PETS_CREDIT_low_eff_su2_r1_d6_b05__none,pets_b05,eff_su2_r1_d6,low,none,lattice_round,learned_pv_stats_logistic,adaptive_defended_calibration,0.5188,0.505,0.06,0.15,0.4966131313205738,,,,lattice_round
PETS_CREDIT_low_eff_su2_r1_d6_b05__none,pets_b05,eff_su2_r1_d6,low,none,memgq_lattice,loss,adaptive_defended_calibration,0.4906999999999999,0.47,0.06,0.09,-0.2173228189349174,as_defined,,,memgq_lattice
PETS_CREDIT_low_eff_su2_r1_d6_b05__none,pets_b05,eff_su2_r1_d6,low,none,memgq_lattice,confidence,adaptive_defended_calibration,0.4906999999999999,0.47,0.06,0.09,0.8046703040599823,as_defined,,,memgq_lattice
PETS_CREDIT_low_eff_su2_r1_d6_b05__none,pets_b05,eff_su2_r1_d6,low,none,memgq_lattice,maximum_probability,adaptive_defended_calibration,0.5038,0.49,0.06,0.11,0.8044357895851135,as_defined,,,memgq_lattice
PETS_CREDIT_low_eff_su2_r1_d6_b05__none,pets_b05,eff_su2_r1_d6,low,none,memgq_lattice,entropy,adaptive_defended_calibration,0.5038,0.49,0.06,0.11,-0.4941911101341247,as_defined,,,memgq_lattice
PETS_CREDIT_low_eff_su2_r1_d6_b05__none,pets_b05,eff_su2_r1_d6,low,none,memgq_lattice,margin,adaptive_defended_calibration,0.5038,0.49,0.06,0.11,0.608871579170227,as_defined,,,memgq_lattice
PETS_CREDIT_low_eff_su2_r1_d6_b05__none,pets_b05,eff_su2_r1_d6,low,none,memgq_lattice,correctness,adaptive_defended_calibration,0.505,0.5,0.0,0.0,-inf,as_defined,,,memgq_lattice
PETS_CREDIT_low_eff_su2_r1_d6_b05__none,pets_b05,eff_su2_r1_d6,low,none,memgq_lattice,learned_pv_stats_logistic,adaptive_defended_calibration,0.4959,0.475,0.08,0.11,0.5144822386873096,,,,memgq_lattice
PETS_CREDIT_low_eff_su2_r1_d6_b05__none,pets_b05,eff_su2_r1_d6,low,none,memgq_lattice_sticky,loss,adaptive_defended_calibration,0.4853,0.5,0.05,0.09,-0.2848503440618515,as_defined,,,memgq_lattice_sticky
PETS_CREDIT_low_eff_su2_r1_d6_b05__none,pets_b05,eff_su2_r1_d6,low,none,memgq_lattice_sticky,confidence,adaptive_defended_calibration,0.4853,0.5,0.05,0.09,0.7521268427371979,as_defined,,,memgq_lattice_sticky
PETS_CREDIT_low_eff_su2_r1_d6_b05__none,pets_b05,eff_su2_r1_d6,low,none,memgq_lattice_sticky,maximum_probability,adaptive_defended_calibration,0.5009,0.505,0.04,0.08,0.7521268427371979,as_defined,,,memgq_lattice_sticky
PETS_CREDIT_low_eff_su2_r1_d6_b05__none,pets_b05,eff_su2_r1_d6,low,none,memgq_lattice_sticky,entropy,adaptive_defended_calibration,0.5009,0.505,0.04,0.08,-0.5599863529205322,as_defined,,,memgq_lattice_sticky
PETS_CREDIT_low_eff_su2_r1_d6_b05__none,pets_b05,eff_su2_r1_d6,low,none,memgq_lattice_sticky,margin,adaptive_defended_calibration,0.5009,0.505,0.04,0.08,0.5042536854743958,as_defined,,,memgq_lattice_sticky
PETS_CREDIT_low_eff_su2_r1_d6_b05__none,pets_b05,eff_su2_r1_d6,low,none,memgq_lattice_sticky,correctness,adaptive_defended_calibration,0.505,0.5,0.0,0.0,-inf,as_defined,,,memgq_lattice_sticky
PETS_CREDIT_low_eff_su2_r1_d6_b05__none,pets_b05,eff_su2_r1_d6,low,none,memgq_lattice_sticky,learned_pv_stats_logistic,adaptive_defended_calibration,0.4942,0.495,0.06,0.1,0.4533503919353623,,,,memgq_lattice_sticky
PETS_CREDIT_high_eff_su2_r5_d6_b02__dp_qml,pets_b02,eff_su2_r5_d6,high,dp_qml,none,label_only_hsj,adaptive_defended_calibration,0.455,0.42500000000000004,0.0,0.0,-0.0004441119672264904,inverted_from_calibration,,,dp_qml
PETS_CREDIT_high_eff_su2_r5_d6_b02__hamp_train,pets_b02,eff_su2_r5_d6,high,hamp_train,none,label_only_hsj,adaptive_defended_calibration,0.47250000000000003,0.55,0.1,0.15,0.02025248482823372,as_defined,,,hamp_train
PETS_CREDIT_high_eff_su2_r5_d6_b02__l2,pets_b02,eff_su2_r5_d6,high,l2,none,label_only_hsj,adaptive_defended_calibration,0.4275,0.375,0.0,0.0,0.05356240272521973,as_defined,,,l2
PETS_CREDIT_high_eff_su2_r5_d6_b02__none,pets_b02,eff_su2_r5_d6,high,none,dynanoise,label_only_hsj,adaptive_defended_calibration,0.51,0.5,0.15,0.2,0.10661379620432854,as_defined,,,dynanoise
PETS_CREDIT_high_eff_su2_r5_d6_b02__none,pets_b02,eff_su2_r5_d6,high,none,lattice_round,label_only_hsj,adaptive_defended_calibration,0.495,0.5,0.0,0.05,0.14956175535917282,as_defined,,,lattice_round
PETS_CREDIT_high_eff_su2_r5_d6_b02__none,pets_b02,eff_su2_r5_d6,high,none,memgq_lattice_sticky,label_only_hsj,adaptive_defended_calibration,0.48749999999999993,0.5,0.0,0.05,0.1525459736585617,as_defined,,,memgq_lattice_sticky
PETS_CREDIT_high_eff_su2_r5_d6_b02__none,pets_b02,eff_su2_r5_d6,high,none,none,label_only_hsj,adaptive_defended_calibration,0.48749999999999993,0.47500000000000003,0.0,0.05,0.15056899935007095,as_defined,,,none
PETS_CREDIT_high_eff_su2_r5_d6_b03__dp_qml,pets_b03,eff_su2_r5_d6,high,dp_qml,none,label_only_hsj,adaptive_defended_calibration,0.5162500000000001,0.44999999999999996,0.0,0.05,0.2494479939341545,as_defined,,,dp_qml
PETS_CREDIT_high_eff_su2_r5_d6_b03__hamp_train,pets_b03,eff_su2_r5_d6,high,hamp_train,none,label_only_hsj,adaptive_defended_calibration,0.48000000000000004,0.55,0.0,0.0,-0.6942332088947296,inverted_from_calibration,,,hamp_train
PETS_CREDIT_high_eff_su2_r5_d6_b03__l2,pets_b03,eff_su2_r5_d6,high,l2,none,label_only_hsj,adaptive_defended_calibration,0.5137499999999999,0.45,0.15,0.15,0.3199337124824524,as_defined,,,l2
PETS_CREDIT_high_eff_su2_r5_d6_b03__none,pets_b03,eff_su2_r5_d6,high,none,dynanoise,label_only_hsj,adaptive_defended_calibration,0.56875,0.525,0.0,0.1,0.7251252830028534,as_defined,,,dynanoise
PETS_CREDIT_high_eff_su2_r5_d6_b03__none,pets_b03,eff_su2_r5_d6,high,none,lattice_round,label_only_hsj,adaptive_defended_calibration,0.5825,0.5,0.1,0.15,0.319159671664238,as_defined,,,lattice_round
PETS_CREDIT_high_eff_su2_r5_d6_b03__none,pets_b03,eff_su2_r5_d6,high,none,memgq_lattice_sticky,label_only_hsj,adaptive_defended_calibration,0.595,0.525,0.2,0.2,0.32658830285072327,as_defined,,,memgq_lattice_sticky
PETS_CREDIT_high_eff_su2_r5_d6_b03__none,pets_b03,eff_su2_r5_d6,high,none,none,label_only_hsj,adaptive_defended_calibration,0.6099999999999999,0.55,0.2,0.2,0.3117229640483856,as_defined,,,none
PETS_CREDIT_high_eff_su2_r5_d6_b04__dp_qml,pets_b04,eff_su2_r5_d6,high,dp_qml,none,label_only_hsj,adaptive_defended_calibration,0.5525,0.55,0.05,0.05,0.017779739573597908,as_defined,,,dp_qml
PETS_CREDIT_high_eff_su2_r5_d6_b04__hamp_train,pets_b04,eff_su2_r5_d6,high,hamp_train,none,label_only_hsj,adaptive_defended_calibration,0.46499999999999997,0.5,0.0,0.0,-1.1321110129356384,inverted_from_calibration,,,hamp_train
PETS_CREDIT_high_eff_su2_r5_d6_b04__l2,pets_b04,eff_su2_r5_d6,high,l2,none,label_only_hsj,adaptive_defended_calibration,0.655,0.625,0.1,0.25,0.0579677689820528,as_defined,,,l2
PETS_CREDIT_high_eff_su2_r5_d6_b04__none,pets_b04,eff_su2_r5_d6,high,none,dynanoise,label_only_hsj,adaptive_defended_calibration,0.48250000000000004,0.425,0.05,0.05,0.3213794529438019,as_defined,,,dynanoise
PETS_CREDIT_high_eff_su2_r5_d6_b04__none,pets_b04,eff_su2_r5_d6,high,none,lattice_round,label_only_hsj,adaptive_defended_calibration,0.43875000000000003,0.42500000000000004,0.05,0.15,0.1831515207886696,as_defined,,,lattice_round
PETS_CREDIT_high_eff_su2_r5_d6_b04__none,pets_b04,eff_su2_r5_d6,high,none,memgq_lattice_sticky,label_only_hsj,adaptive_defended_calibration,0.48125,0.5,0.05,0.1,0.2171185538172722,as_defined,,,memgq_lattice_sticky
PETS_CREDIT_high_eff_su2_r5_d6_b04__none,pets_b04,eff_su2_r5_d6,high,none,none,label_only_hsj,adaptive_defended_calibration,0.4575,0.5,0.05,0.05,0.22028328478336334,as_defined,,,none
PETS_CREDIT_high_eff_su2_r5_d6_b05__dp_qml,pets_b05,eff_su2_r5_d6,high,dp_qml,none,label_only_hsj,adaptive_defended_calibration,0.4475,0.4,0.0,0.0,-0.06209699995815754,inverted_from_calibration,,,dp_qml
PETS_CREDIT_high_eff_su2_r5_d6_b05__hamp_train,pets_b05,eff_su2_r5_d6,high,hamp_train,none,label_only_hsj,adaptive_defended_calibration,0.54875,0.525,0.05,0.05,0.6376332938671112,as_defined,,,hamp_train
PETS_CREDIT_high_eff_su2_r5_d6_b05__l2,pets_b05,eff_su2_r5_d6,high,l2,none,label_only_hsj,adaptive_defended_calibration,0.43000000000000005,0.42500000000000004,0.0,0.0,-0.01752445101737976,inverted_from_calibration,,,l2
PETS_CREDIT_high_eff_su2_r5_d6_b05__none,pets_b05,eff_su2_r5_d6,high,none,dynanoise,label_only_hsj,adaptive_defended_calibration,0.60375,0.525,0.3,0.3,0.6992902159690857,as_defined,,,dynanoise
PETS_CREDIT_high_eff_su2_r5_d6_b05__none,pets_b05,eff_su2_r5_d6,high,none,lattice_round,label_only_hsj,adaptive_defended_calibration,0.5225,0.5,0.0,0.05,0.04615454003214836,as_defined,,,lattice_round
PETS_CREDIT_high_eff_su2_r5_d6_b05__none,pets_b05,eff_su2_r5_d6,high,none,memgq_lattice_sticky,label_only_hsj,adaptive_defended_calibration,0.53,0.5,0.05,0.1,0.05049934796988964,as_defined,,,memgq_lattice_sticky
PETS_CREDIT_high_eff_su2_r5_d6_b05__none,pets_b05,eff_su2_r5_d6,high,none,none,label_only_hsj,adaptive_defended_calibration,0.5275,0.5,0.05,0.1,0.04466440714895725,as_defined,,,none
PETS_CREDIT_low_eff_su2_r1_d6_b02__dp_qml,pets_b02,eff_su2_r1_d6,low,dp_qml,none,label_only_hsj,adaptive_defended_calibration,0.5287499999999999,0.42500000000000004,0.05,0.05,0.10908390209078789,as_defined,,,dp_qml
PETS_CREDIT_low_eff_su2_r1_d6_b02__hamp_train,pets_b02,eff_su2_r1_d6,low,hamp_train,none,label_only_hsj,adaptive_defended_calibration,0.49875,0.45,0.2,0.25,0.3002685010433197,as_defined,,,hamp_train
PETS_CREDIT_low_eff_su2_r1_d6_b02__l2,pets_b02,eff_su2_r1_d6,low,l2,none,label_only_hsj,adaptive_defended_calibration,0.5,0.525,0.0,0.15,0.009530615992844105,as_defined,,,l2
PETS_CREDIT_low_eff_su2_r1_d6_b02__none,pets_b02,eff_su2_r1_d6,low,none,dynanoise,label_only_hsj,adaptive_defended_calibration,0.55,0.55,0.2,0.2,0.17559700459241867,as_defined,,,dynanoise
PETS_CREDIT_low_eff_su2_r1_d6_b02__none,pets_b02,eff_su2_r1_d6,low,none,lattice_round,label_only_hsj,adaptive_defended_calibration,0.47875,0.475,0.0,0.2,0.3156662732362747,as_defined,,,lattice_round
PETS_CREDIT_low_eff_su2_r1_d6_b02__none,pets_b02,eff_su2_r1_d6,low,none,memgq_lattice_sticky,label_only_hsj,adaptive_defended_calibration,0.48875,0.45,0.0,0.15,0.3251386135816574,as_defined,,,memgq_lattice_sticky
PETS_CREDIT_low_eff_su2_r1_d6_b02__none,pets_b02,eff_su2_r1_d6,low,none,none,label_only_hsj,adaptive_defended_calibration,0.49125,0.475,0.0,0.15,0.3237598240375519,as_defined,,,none
PETS_CREDIT_low_eff_su2_r1_d6_b03__dp_qml,pets_b03,eff_su2_r1_d6,low,dp_qml,none,label_only_hsj,adaptive_defended_calibration,0.36500000000000005,0.4,0.0,0.0,-0.0685570277273655,inverted_from_calibration,,,dp_qml
PETS_CREDIT_low_eff_su2_r1_d6_b03__hamp_train,pets_b03,eff_su2_r1_d6,low,hamp_train,none,label_only_hsj,adaptive_defended_calibration,0.5225,0.55,0.05,0.05,0.16021596640348434,as_defined,,,hamp_train
PETS_CREDIT_low_eff_su2_r1_d6_b03__l2,pets_b03,eff_su2_r1_d6,low,l2,none,label_only_hsj,adaptive_defended_calibration,0.51125,0.525,0.15,0.2,0.033834926784038544,as_defined,,,l2
PETS_CREDIT_low_eff_su2_r1_d6_b03__none,pets_b03,eff_su2_r1_d6,low,none,dynanoise,label_only_hsj,adaptive_defended_calibration,0.605,0.55,0.0,0.0,-0.06550384312868118,inverted_from_calibration,,,dynanoise
PETS_CREDIT_low_eff_su2_r1_d6_b03__none,pets_b03,eff_su2_r1_d6,low,none,lattice_round,label_only_hsj,adaptive_defended_calibration,0.53375,0.475,0.05,0.1,0.6624927520751953,as_defined,,,lattice_round
PETS_CREDIT_low_eff_su2_r1_d6_b03__none,pets_b03,eff_su2_r1_d6,low,none,memgq_lattice_sticky,label_only_hsj,adaptive_defended_calibration,0.52875,0.55,0.05,0.1,0.14911697804927826,as_defined,,,memgq_lattice_sticky
PETS_CREDIT_low_eff_su2_r1_d6_b03__none,pets_b03,eff_su2_r1_d6,low,none,none,label_only_hsj,adaptive_defended_calibration,0.52625,0.525,0.05,0.05,0.14947175979614258,as_defined,,,none
PETS_CREDIT_low_eff_su2_r1_d6_b04__dp_qml,pets_b04,eff_su2_r1_d6,low,dp_qml,none,label_only_hsj,adaptive_defended_calibration,0.47874999999999995,0.5,0.05,0.05,0.08278227597475052,as_defined,,,dp_qml
PETS_CREDIT_low_eff_su2_r1_d6_b04__hamp_train,pets_b04,eff_su2_r1_d6,low,hamp_train,none,label_only_hsj,adaptive_defended_calibration,0.54875,0.55,0.0,0.0,0.5127704292535782,as_defined,,,hamp_train
PETS_CREDIT_low_eff_su2_r1_d6_b04__l2,pets_b04,eff_su2_r1_d6,low,l2,none,label_only_hsj,adaptive_defended_calibration,0.51,0.475,0.0,0.0,0.004473708104342222,as_defined,,,l2
PETS_CREDIT_low_eff_su2_r1_d6_b04__none,pets_b04,eff_su2_r1_d6,low,none,dynanoise,label_only_hsj,adaptive_defended_calibration,0.5275,0.5,0.0,0.0,0.03084075264632702,as_defined,,,dynanoise
PETS_CREDIT_low_eff_su2_r1_d6_b04__none,pets_b04,eff_su2_r1_d6,low,none,lattice_round,label_only_hsj,adaptive_defended_calibration,0.5,0.5,0.0,0.0,-2.9400067925453186,inverted_from_calibration,,,lattice_round
PETS_CREDIT_low_eff_su2_r1_d6_b04__none,pets_b04,eff_su2_r1_d6,low,none,memgq_lattice_sticky,label_only_hsj,adaptive_defended_calibration,0.52125,0.525,0.0,0.0,-2.9373558163642883,inverted_from_calibration,,,memgq_lattice_sticky
PETS_CREDIT_low_eff_su2_r1_d6_b04__none,pets_b04,eff_su2_r1_d6,low,none,none,label_only_hsj,adaptive_defended_calibration,0.5,0.5,0.0,0.0,-2.9395940601825714,inverted_from_calibration,,,none
PETS_CREDIT_low_eff_su2_r1_d6_b05__dp_qml,pets_b05,eff_su2_r1_d6,low,dp_qml,none,label_only_hsj,adaptive_defended_calibration,0.635,0.625,0.1,0.2,0.0053736804984509945,as_defined,,,dp_qml
PETS_CREDIT_low_eff_su2_r1_d6_b05__hamp_train,pets_b05,eff_su2_r1_d6,low,hamp_train,none,label_only_hsj,adaptive_defended_calibration,0.45125,0.375,0.05,0.15,0.45968566834926605,as_defined,,,hamp_train
PETS_CREDIT_low_eff_su2_r1_d6_b05__l2,pets_b05,eff_su2_r1_d6,low,l2,none,label_only_hsj,adaptive_defended_calibration,0.545,0.525,0.1,0.1,0.12616929784417152,as_defined,,,l2
PETS_CREDIT_low_eff_su2_r1_d6_b05__none,pets_b05,eff_su2_r1_d6,low,none,dynanoise,label_only_hsj,adaptive_defended_calibration,0.46,0.575,0.05,0.05,0.11973714828491211,as_defined,,,dynanoise
PETS_CREDIT_low_eff_su2_r1_d6_b05__none,pets_b05,eff_su2_r1_d6,low,none,lattice_round,label_only_hsj,adaptive_defended_calibration,0.5525,0.575,0.0,0.0,1.4023542404174805,as_defined,,,lattice_round
PETS_CREDIT_low_eff_su2_r1_d6_b05__none,pets_b05,eff_su2_r1_d6,low,none,memgq_lattice_sticky,label_only_hsj,adaptive_defended_calibration,0.5549999999999999,0.575,0.0,0.0,1.40017968416214,as_defined,,,memgq_lattice_sticky
PETS_CREDIT_low_eff_su2_r1_d6_b05__none,pets_b05,eff_su2_r1_d6,low,none,none,label_only_hsj,adaptive_defended_calibration,0.5525,0.5,0.0,0.0,1.178765892982483,as_defined,,,none
PETS_CREDIT_high_eff_su2_r5_d6_b02__l2,pets_b02,eff_su2_r5_d6,high,l2,none,lira_online,adaptive_defended_reference_models,0.4372,0.45999999999999996,0.02,0.09,0.4095722809118409,inverted_from_calibration,,,l2
PETS_CREDIT_high_eff_su2_r5_d6_b02__l2,pets_b02,eff_su2_r5_d6,high,l2,none,lira_online_fixed_variance,adaptive_defended_reference_models,0.45589999999999997,0.465,0.06,0.08,-0.15719803044666858,inverted_from_calibration,,,l2
PETS_CREDIT_high_eff_su2_r5_d6_b02__l2,pets_b02,eff_su2_r5_d6,high,l2,none,lira_offline,adaptive_defended_reference_models,0.5045,0.46499999999999997,0.07,0.11,0.6644543715910279,as_defined,,,l2
PETS_CREDIT_high_eff_su2_r5_d6_b02__l2,pets_b02,eff_su2_r5_d6,high,l2,none,lira_offline_fixed_variance,adaptive_defended_reference_models,0.4838,0.475,0.03,0.05,-2.2962319462230347,inverted_from_calibration,,,l2
PETS_CREDIT_high_eff_su2_r5_d6_b02__l2,pets_b02,eff_su2_r5_d6,high,l2,none,global_true_class_log_odds,adaptive_defended_reference_models,0.4935999999999999,0.525,0.06,0.14,2.9282040859952487,as_defined,,,l2
PETS_CREDIT_high_eff_su2_r5_d6_b02__none,pets_b02,eff_su2_r5_d6,high,none,dynanoise,lira_online,adaptive_defended_reference_models,0.5849,0.54,0.18,0.21,0.9975617591043007,as_defined,,,dynanoise
PETS_CREDIT_high_eff_su2_r5_d6_b02__none,pets_b02,eff_su2_r5_d6,high,none,dynanoise,lira_online_fixed_variance,adaptive_defended_reference_models,0.5683,0.525,0.08,0.15,-0.7223768662121764,as_defined,,,dynanoise
PETS_CREDIT_high_eff_su2_r5_d6_b02__none,pets_b02,eff_su2_r5_d6,high,none,dynanoise,lira_offline,adaptive_defended_reference_models,0.5742,0.545,0.16,0.22,-0.8333547705211654,as_defined,,,dynanoise
PETS_CREDIT_high_eff_su2_r5_d6_b02__none,pets_b02,eff_su2_r5_d6,high,none,dynanoise,lira_offline_fixed_variance,adaptive_defended_reference_models,0.5386,0.52,0.11,0.14,-0.8575265934547794,as_defined,,,dynanoise
PETS_CREDIT_high_eff_su2_r5_d6_b02__none,pets_b02,eff_su2_r5_d6,high,none,dynanoise,global_true_class_log_odds,adaptive_defended_reference_models,0.5004000000000001,0.495,0.07,0.18,0.05659760728392904,as_defined,,,dynanoise
PETS_CREDIT_high_eff_su2_r5_d6_b02__none,pets_b02,eff_su2_r5_d6,high,none,hamp_output,lira_online,adaptive_defended_reference_models,0.5077,0.505,0.05,0.07,-0.04998288080141111,as_defined,,,hamp_output
PETS_CREDIT_high_eff_su2_r5_d6_b02__none,pets_b02,eff_su2_r5_d6,high,none,hamp_output,lira_online_fixed_variance,adaptive_defended_reference_models,0.5441,0.5549999999999999,0.11,0.14,0.02233555765999734,as_defined,,,hamp_output
PETS_CREDIT_high_eff_su2_r5_d6_b02__none,pets_b02,eff_su2_r5_d6,high,none,hamp_output,lira_offline,adaptive_defended_reference_models,0.4599,0.46499999999999997,0.04,0.07,0.19192798616325107,as_defined,,,hamp_output
PETS_CREDIT_high_eff_su2_r5_d6_b02__none,pets_b02,eff_su2_r5_d6,high,none,hamp_output,lira_offline_fixed_variance,adaptive_defended_reference_models,0.4719999999999999,0.46,0.11,0.17,0.5441241618570236,as_defined,,,hamp_output
PETS_CREDIT_high_eff_su2_r5_d6_b02__none,pets_b02,eff_su2_r5_d6,high,none,hamp_output,global_true_class_log_odds,adaptive_defended_reference_models,0.5355000000000001,0.535,0.1,0.12,1.4030553181204484,as_defined,,,hamp_output
PETS_CREDIT_high_eff_su2_r5_d6_b02__none,pets_b02,eff_su2_r5_d6,high,none,lattice_round,lira_online,adaptive_defended_reference_models,0.5417,0.54,0.13,0.13,0.8615737125666936,as_defined,,,lattice_round
PETS_CREDIT_high_eff_su2_r5_d6_b02__none,pets_b02,eff_su2_r5_d6,high,none,lattice_round,lira_online_fixed_variance,adaptive_defended_reference_models,0.5518000000000001,0.54,0.1,0.15,0.3584428994384937,as_defined,,,lattice_round
PETS_CREDIT_high_eff_su2_r5_d6_b02__none,pets_b02,eff_su2_r5_d6,high,none,lattice_round,lira_offline,adaptive_defended_reference_models,0.5252,0.505,0.12,0.2,2.0745144644107736,as_defined,,,lattice_round
PETS_CREDIT_high_eff_su2_r5_d6_b02__none,pets_b02,eff_su2_r5_d6,high,none,lattice_round,lira_offline_fixed_variance,adaptive_defended_reference_models,0.4522,0.45499999999999996,0.04,0.09,-0.8868381158747317,inverted_from_calibration,,,lattice_round
PETS_CREDIT_high_eff_su2_r5_d6_b02__none,pets_b02,eff_su2_r5_d6,high,none,lattice_round,global_true_class_log_odds,adaptive_defended_reference_models,0.5052,0.495,0.05,0.13,3.850168310269689,as_defined,,,lattice_round
PETS_CREDIT_high_eff_su2_r5_d6_b02__none,pets_b02,eff_su2_r5_d6,high,none,logitguard_continuous,lira_online,adaptive_defended_reference_models,0.4711,0.45,0.02,0.04,1.9924034416246452,inverted_from_calibration,,,logitguard_continuous
PETS_CREDIT_high_eff_su2_r5_d6_b02__none,pets_b02,eff_su2_r5_d6,high,none,logitguard_continuous,lira_online_fixed_variance,adaptive_defended_reference_models,0.5643,0.5349999999999999,0.05,0.16,-0.06790348238522731,as_defined,,,logitguard_continuous
PETS_CREDIT_high_eff_su2_r5_d6_b02__none,pets_b02,eff_su2_r5_d6,high,none,logitguard_continuous,lira_offline,adaptive_defended_reference_models,0.46699999999999997,0.505,0.07,0.1,-0.22559252181934075,inverted_from_calibration,,,logitguard_continuous
PETS_CREDIT_high_eff_su2_r5_d6_b02__none,pets_b02,eff_su2_r5_d6,high,none,logitguard_continuous,lira_offline_fixed_variance,adaptive_defended_reference_models,0.4912,0.53,0.12,0.17,-0.18407723249311814,inverted_from_calibration,,,logitguard_continuous
PETS_CREDIT_high_eff_su2_r5_d6_b02__none,pets_b02,eff_su2_r5_d6,high,none,logitguard_continuous,global_true_class_log_odds,adaptive_defended_reference_models,0.4888,0.49,0.05,0.09,0.594166050137707,as_defined,,,logitguard_continuous
PETS_CREDIT_high_eff_su2_r5_d6_b02__none,pets_b02,eff_su2_r5_d6,high,none,logitguard_quantized,lira_online,adaptive_defended_reference_models,0.4735,0.46499999999999997,0.02,0.05,-0.23465016157378726,inverted_from_calibration,,,logitguard_quantized
PETS_CREDIT_high_eff_su2_r5_d6_b02__none,pets_b02,eff_su2_r5_d6,high,none,logitguard_quantized,lira_online_fixed_variance,adaptive_defended_reference_models,0.5619000000000001,0.5449999999999999,0.05,0.15,-0.06097484569749012,as_defined,,,logitguard_quantized
PETS_CREDIT_high_eff_su2_r5_d6_b02__none,pets_b02,eff_su2_r5_d6,high,none,logitguard_quantized,lira_offline,adaptive_defended_reference_models,0.47440000000000004,0.505,0.07,0.1,-0.23134473275472706,inverted_from_calibration,,,logitguard_quantized
PETS_CREDIT_high_eff_su2_r5_d6_b02__none,pets_b02,eff_su2_r5_d6,high,none,logitguard_quantized,lira_offline_fixed_variance,adaptive_defended_reference_models,0.49030000000000007,0.535,0.14,0.16,-0.18133436867207897,inverted_from_calibration,,,logitguard_quantized
PETS_CREDIT_high_eff_su2_r5_d6_b02__none,pets_b02,eff_su2_r5_d6,high,none,logitguard_quantized,global_true_class_log_odds,adaptive_defended_reference_models,0.48915,0.49,0.03,0.05,0.589999941115112,as_defined,,,logitguard_quantized
PETS_CREDIT_high_eff_su2_r5_d6_b02__none,pets_b02,eff_su2_r5_d6,high,none,measurementguard_continuous,lira_online,adaptive_defended_reference_models,0.5267000000000001,0.495,0.04,0.17,0.3764627323477737,as_defined,,,measurementguard_continuous
PETS_CREDIT_high_eff_su2_r5_d6_b02__none,pets_b02,eff_su2_r5_d6,high,none,measurementguard_continuous,lira_online_fixed_variance,adaptive_defended_reference_models,0.5293,0.495,0.08,0.11,-0.09242145582944009,as_defined,,,measurementguard_continuous
PETS_CREDIT_high_eff_su2_r5_d6_b02__none,pets_b02,eff_su2_r5_d6,high,none,measurementguard_continuous,lira_offline,adaptive_defended_reference_models,0.489,0.48,0.05,0.16,2.0970893190607143,as_defined,,,measurementguard_continuous
PETS_CREDIT_high_eff_su2_r5_d6_b02__none,pets_b02,eff_su2_r5_d6,high,none,measurementguard_continuous,lira_offline_fixed_variance,adaptive_defended_reference_models,0.47680000000000006,0.475,0.06,0.08,0.5788837735484437,as_defined,,,measurementguard_continuous
PETS_CREDIT_high_eff_su2_r5_d6_b02__none,pets_b02,eff_su2_r5_d6,high,none,measurementguard_continuous,global_true_class_log_odds,adaptive_defended_reference_models,0.5171,0.47000000000000003,0.06,0.11,1.3402380017073376,as_defined,,,measurementguard_continuous
PETS_CREDIT_high_eff_su2_r5_d6_b02__none,pets_b02,eff_su2_r5_d6,high,none,memgq_lattice,lira_online,adaptive_defended_reference_models,0.522,0.515,0.05,0.09,0.19537319500788713,as_defined,,,memgq_lattice
PETS_CREDIT_high_eff_su2_r5_d6_b02__none,pets_b02,eff_su2_r5_d6,high,none,memgq_lattice,lira_online_fixed_variance,adaptive_defended_reference_models,0.5062,0.525,0.06,0.1,-1.188206384462761,as_defined,,,memgq_lattice
PETS_CREDIT_high_eff_su2_r5_d6_b02__none,pets_b02,eff_su2_r5_d6,high,none,memgq_lattice,lira_offline,adaptive_defended_reference_models,0.49570000000000003,0.49,0.08,0.11,-0.9131412656344402,inverted_from_calibration,,,memgq_lattice
PETS_CREDIT_high_eff_su2_r5_d6_b02__none,pets_b02,eff_su2_r5_d6,high,none,memgq_lattice,lira_offline_fixed_variance,adaptive_defended_reference_models,0.5084,0.52,0.07,0.11,-1.0215709245876774,inverted_from_calibration,,,memgq_lattice
PETS_CREDIT_high_eff_su2_r5_d6_b02__none,pets_b02,eff_su2_r5_d6,high,none,memgq_lattice,global_true_class_log_odds,adaptive_defended_reference_models,0.49389999999999995,0.5,0.06,0.1,0.5065950271256435,as_defined,,,memgq_lattice
PETS_CREDIT_high_eff_su2_r5_d6_b02__none,pets_b02,eff_su2_r5_d6,high,none,memgq_lattice_sticky,lira_online,adaptive_defended_reference_models,0.5416,0.53,0.09,0.15,-0.5350476366946895,as_defined,,,memgq_lattice_sticky
PETS_CREDIT_high_eff_su2_r5_d6_b02__none,pets_b02,eff_su2_r5_d6,high,none,memgq_lattice_sticky,lira_online_fixed_variance,adaptive_defended_reference_models,0.5589999999999999,0.525,0.05,0.11,-0.044236029696187035,as_defined,,,memgq_lattice_sticky
PETS_CREDIT_high_eff_su2_r5_d6_b02__none,pets_b02,eff_su2_r5_d6,high,none,memgq_lattice_sticky,lira_offline,adaptive_defended_reference_models,0.4945,0.46499999999999997,0.07,0.11,1.9092646046805553,as_defined,,,memgq_lattice_sticky
PETS_CREDIT_high_eff_su2_r5_d6_b02__none,pets_b02,eff_su2_r5_d6,high,none,memgq_lattice_sticky,lira_offline_fixed_variance,adaptive_defended_reference_models,0.47940000000000005,0.47,0.05,0.07,2.6922365062584697,as_defined,,,memgq_lattice_sticky
PETS_CREDIT_high_eff_su2_r5_d6_b02__none,pets_b02,eff_su2_r5_d6,high,none,memgq_lattice_sticky,global_true_class_log_odds,adaptive_defended_reference_models,0.5325,0.51,0.11,0.13,1.4039820734176525,as_defined,,,memgq_lattice_sticky
PETS_CREDIT_high_eff_su2_r5_d6_b02__none,pets_b02,eff_su2_r5_d6,high,none,memguard,lira_online,adaptive_defended_reference_models,0.5651999999999999,0.52,0.14,0.18,0.42098800139248516,as_defined,,,memguard
PETS_CREDIT_high_eff_su2_r5_d6_b02__none,pets_b02,eff_su2_r5_d6,high,none,memguard,lira_online_fixed_variance,adaptive_defended_reference_models,0.574,0.515,0.05,0.17,1.963575193960662,as_defined,,,memguard
PETS_CREDIT_high_eff_su2_r5_d6_b02__none,pets_b02,eff_su2_r5_d6,high,none,memguard,lira_offline,adaptive_defended_reference_models,0.47840000000000005,0.515,0.04,0.1,-0.24623421865074313,inverted_from_calibration,,,memguard
PETS_CREDIT_high_eff_su2_r5_d6_b02__none,pets_b02,eff_su2_r5_d6,high,none,memguard,lira_offline_fixed_variance,adaptive_defended_reference_models,0.46280000000000004,0.495,0.02,0.08,-0.6918087825462474,inverted_from_calibration,,,memguard
PETS_CREDIT_high_eff_su2_r5_d6_b02__none,pets_b02,eff_su2_r5_d6,high,none,memguard,global_true_class_log_odds,adaptive_defended_reference_models,0.5096,0.495,0.14,0.18,0.6225997373096058,as_defined,,,memguard
PETS_CREDIT_high_eff_su2_r5_d6_b02__none,pets_b02,eff_su2_r5_d6,high,none,none,lira_online,adaptive_defended_reference_models,0.5434,0.515,0.08,0.15,0.6921150757103656,as_defined,,,none
PETS_CREDIT_high_eff_su2_r5_d6_b02__none,pets_b02,eff_su2_r5_d6,high,none,none,lira_online_fixed_variance,adaptive_defended_reference_models,0.5532999999999999,0.5349999999999999,0.09,0.12,0.15584818094106812,as_defined,,,none
PETS_CREDIT_high_eff_su2_r5_d6_b02__none,pets_b02,eff_su2_r5_d6,high,none,none,lira_offline,adaptive_defended_reference_models,0.538,0.51,0.08,0.19,2.2106278056302067,as_defined,,,none
PETS_CREDIT_high_eff_su2_r5_d6_b02__none,pets_b02,eff_su2_r5_d6,high,none,none,lira_offline_fixed_variance,adaptive_defended_reference_models,0.5498000000000001,0.51,0.12,0.16,0.6288085002279578,as_defined,,,none
PETS_CREDIT_high_eff_su2_r5_d6_b02__none,pets_b02,eff_su2_r5_d6,high,none,none,global_true_class_log_odds,adaptive_defended_reference_models,0.5017,0.495,0.05,0.13,0.6225994738218195,as_defined,,,none
PETS_CREDIT_high_eff_su2_r5_d6_b03__l2,pets_b03,eff_su2_r5_d6,high,l2,none,lira_online,adaptive_defended_reference_models,0.5499,0.5449999999999999,0.05,0.11,-1.33594980400447,as_defined,,,l2
PETS_CREDIT_high_eff_su2_r5_d6_b03__l2,pets_b03,eff_su2_r5_d6,high,l2,none,lira_online_fixed_variance,adaptive_defended_reference_models,0.46840000000000004,0.495,0.04,0.07,-0.08572263869091934,inverted_from_calibration,,,l2
PETS_CREDIT_high_eff_su2_r5_d6_b03__l2,pets_b03,eff_su2_r5_d6,high,l2,none,lira_offline,adaptive_defended_reference_models,0.5226000000000001,0.505,0.02,0.14,-0.5663721256864354,inverted_from_calibration,,,l2
PETS_CREDIT_high_eff_su2_r5_d6_b03__l2,pets_b03,eff_su2_r5_d6,high,l2,none,lira_offline_fixed_variance,adaptive_defended_reference_models,0.5381,0.525,0.05,0.09,-0.26570832426223356,inverted_from_calibration,,,l2
PETS_CREDIT_high_eff_su2_r5_d6_b03__l2,pets_b03,eff_su2_r5_d6,high,l2,none,global_true_class_log_odds,adaptive_defended_reference_models,0.5603,0.56,0.09,0.13,1.3285887456168624,as_defined,,,l2
PETS_CREDIT_high_eff_su2_r5_d6_b03__none,pets_b03,eff_su2_r5_d6,high,none,dynanoise,lira_online,adaptive_defended_reference_models,0.5292,0.5,0.07,0.16,-1.2262458813095254,as_defined,,,dynanoise
PETS_CREDIT_high_eff_su2_r5_d6_b03__none,pets_b03,eff_su2_r5_d6,high,none,dynanoise,lira_online_fixed_variance,adaptive_defended_reference_models,0.5276000000000001,0.495,0.11,0.14,0.5133532115567297,as_defined,,,dynanoise
PETS_CREDIT_high_eff_su2_r5_d6_b03__none,pets_b03,eff_su2_r5_d6,high,none,dynanoise,lira_offline,adaptive_defended_reference_models,0.5008,0.52,0.07,0.13,1.4722267394838773,as_defined,,,dynanoise
PETS_CREDIT_high_eff_su2_r5_d6_b03__none,pets_b03,eff_su2_r5_d6,high,none,dynanoise,lira_offline_fixed_variance,adaptive_defended_reference_models,0.5155000000000001,0.53,0.15,0.15,-1.709308834605386,as_defined,,,dynanoise
PETS_CREDIT_high_eff_su2_r5_d6_b03__none,pets_b03,eff_su2_r5_d6,high,none,dynanoise,global_true_class_log_odds,adaptive_defended_reference_models,0.42629999999999996,0.455,0.03,0.03,-0.28951172573414197,inverted_from_calibration,,,dynanoise
PETS_CREDIT_high_eff_su2_r5_d6_b03__none,pets_b03,eff_su2_r5_d6,high,none,hamp_output,lira_online,adaptive_defended_reference_models,0.5069,0.535,0.04,0.09,0.3745785365136348,as_defined,,,hamp_output
PETS_CREDIT_high_eff_su2_r5_d6_b03__none,pets_b03,eff_su2_r5_d6,high,none,hamp_output,lira_online_fixed_variance,adaptive_defended_reference_models,0.5181,0.52,0.03,0.11,-0.019318390495790927,as_defined,,,hamp_output
PETS_CREDIT_high_eff_su2_r5_d6_b03__none,pets_b03,eff_su2_r5_d6,high,none,hamp_output,lira_offline,adaptive_defended_reference_models,0.5039,0.51,0.05,0.09,0.6486007026640064,as_defined,,,hamp_output
PETS_CREDIT_high_eff_su2_r5_d6_b03__none,pets_b03,eff_su2_r5_d6,high,none,hamp_output,lira_offline_fixed_variance,adaptive_defended_reference_models,0.5034000000000001,0.48,0.04,0.05,0.5826137582283986,as_defined,,,hamp_output
PETS_CREDIT_high_eff_su2_r5_d6_b03__none,pets_b03,eff_su2_r5_d6,high,none,hamp_output,global_true_class_log_odds,adaptive_defended_reference_models,0.4376,0.47,0.01,0.05,-1.1867726532831333,inverted_from_calibration,,,hamp_output
PETS_CREDIT_high_eff_su2_r5_d6_b03__none,pets_b03,eff_su2_r5_d6,high,none,lattice_round,lira_online,adaptive_defended_reference_models,0.517,0.47500000000000003,0.11,0.16,-1.7572224828136709,as_defined,,,lattice_round
PETS_CREDIT_high_eff_su2_r5_d6_b03__none,pets_b03,eff_su2_r5_d6,high,none,lattice_round,lira_online_fixed_variance,adaptive_defended_reference_models,0.5029,0.51,0.07,0.13,0.5430004036680152,as_defined,,,lattice_round
PETS_CREDIT_high_eff_su2_r5_d6_b03__none,pets_b03,eff_su2_r5_d6,high,none,lattice_round,lira_offline,adaptive_defended_reference_models,0.5045,0.51,0.02,0.07,-0.7242799804790221,inverted_from_calibration,,,lattice_round
PETS_CREDIT_high_eff_su2_r5_d6_b03__none,pets_b03,eff_su2_r5_d6,high,none,lattice_round,lira_offline_fixed_variance,adaptive_defended_reference_models,0.5114,0.485,0.04,0.08,-0.7990869167207844,inverted_from_calibration,,,lattice_round
PETS_CREDIT_high_eff_su2_r5_d6_b03__none,pets_b03,eff_su2_r5_d6,high,none,lattice_round,global_true_class_log_odds,adaptive_defended_reference_models,0.42650000000000005,0.46499999999999997,0.02,0.03,0.6877733666215795,inverted_from_calibration,,,lattice_round
PETS_CREDIT_high_eff_su2_r5_d6_b03__none,pets_b03,eff_su2_r5_d6,high,none,logitguard_continuous,lira_online,adaptive_defended_reference_models,0.5133,0.48,0.19,0.21,-0.26964198590789157,inverted_from_calibration,,,logitguard_continuous
PETS_CREDIT_high_eff_su2_r5_d6_b03__none,pets_b03,eff_su2_r5_d6,high,none,logitguard_continuous,lira_online_fixed_variance,adaptive_defended_reference_models,0.5074,0.52,0.08,0.14,-0.007680783415155601,inverted_from_calibration,,,logitguard_continuous
PETS_CREDIT_high_eff_su2_r5_d6_b03__none,pets_b03,eff_su2_r5_d6,high,none,logitguard_continuous,lira_offline,adaptive_defended_reference_models,0.48819999999999997,0.505,0.11,0.16,1.115276755963583,as_defined,,,logitguard_continuous
PETS_CREDIT_high_eff_su2_r5_d6_b03__none,pets_b03,eff_su2_r5_d6,high,none,logitguard_continuous,lira_offline_fixed_variance,adaptive_defended_reference_models,0.47509999999999997,0.48000000000000004,0.02,0.07,-0.43058571745296237,inverted_from_calibration,,,logitguard_continuous
PETS_CREDIT_high_eff_su2_r5_d6_b03__none,pets_b03,eff_su2_r5_d6,high,none,logitguard_continuous,global_true_class_log_odds,adaptive_defended_reference_models,0.53775,0.525,0.11,0.18,1.7944669322485227,as_defined,,,logitguard_continuous
PETS_CREDIT_high_eff_su2_r5_d6_b03__none,pets_b03,eff_su2_r5_d6,high,none,logitguard_quantized,lira_online,adaptive_defended_reference_models,0.5142,0.5549999999999999,0.15,0.21,1.2569083663656868,inverted_from_calibration,,,logitguard_quantized
PETS_CREDIT_high_eff_su2_r5_d6_b03__none,pets_b03,eff_su2_r5_d6,high,none,logitguard_quantized,lira_online_fixed_variance,adaptive_defended_reference_models,0.5119,0.515,0.08,0.13,-0.007487992142326483,inverted_from_calibration,,,logitguard_quantized
PETS_CREDIT_high_eff_su2_r5_d6_b03__none,pets_b03,eff_su2_r5_d6,high,none,logitguard_quantized,lira_offline,adaptive_defended_reference_models,0.50385,0.485,0.03,0.21,0.12574885932907687,inverted_from_calibration,,,logitguard_quantized
PETS_CREDIT_high_eff_su2_r5_d6_b03__none,pets_b03,eff_su2_r5_d6,high,none,logitguard_quantized,lira_offline_fixed_variance,adaptive_defended_reference_models,0.48155000000000003,0.47500000000000003,0.0,0.12,-0.4343562153648227,inverted_from_calibration,,,logitguard_quantized
PETS_CREDIT_high_eff_su2_r5_d6_b03__none,pets_b03,eff_su2_r5_d6,high,none,logitguard_quantized,global_true_class_log_odds,adaptive_defended_reference_models,0.53205,0.51,0.11,0.13,1.7900001943241306,as_defined,,,logitguard_quantized
PETS_CREDIT_high_eff_su2_r5_d6_b03__none,pets_b03,eff_su2_r5_d6,high,none,measurementguard_continuous,lira_online,adaptive_defended_reference_models,0.4871,0.525,0.06,0.11,0.09376581448044607,as_defined,,,measurementguard_continuous
PETS_CREDIT_high_eff_su2_r5_d6_b03__none,pets_b03,eff_su2_r5_d6,high,none,measurementguard_continuous,lira_online_fixed_variance,adaptive_defended_reference_models,0.5387,0.54,0.06,0.11,-0.09276579145972708,inverted_from_calibration,,,measurementguard_continuous
PETS_CREDIT_high_eff_su2_r5_d6_b03__none,pets_b03,eff_su2_r5_d6,high,none,measurementguard_continuous,lira_offline,adaptive_defended_reference_models,0.4685,0.5,0.07,0.08,1.4558946296956776,as_defined,,,measurementguard_continuous
PETS_CREDIT_high_eff_su2_r5_d6_b03__none,pets_b03,eff_su2_r5_d6,high,none,measurementguard_continuous,lira_offline_fixed_variance,adaptive_defended_reference_models,0.542,0.535,0.05,0.15,-0.6383963414342421,inverted_from_calibration,,,measurementguard_continuous
PETS_CREDIT_high_eff_su2_r5_d6_b03__none,pets_b03,eff_su2_r5_d6,high,none,measurementguard_continuous,global_true_class_log_odds,adaptive_defended_reference_models,0.44470000000000004,0.45,0.05,0.07,-1.5533108160102407,inverted_from_calibration,,,measurementguard_continuous
PETS_CREDIT_high_eff_su2_r5_d6_b03__none,pets_b03,eff_su2_r5_d6,high,none,memgq_lattice,lira_online,adaptive_defended_reference_models,0.4795,0.485,0.07,0.15,-0.475046348709754,as_defined,,,memgq_lattice
PETS_CREDIT_high_eff_su2_r5_d6_b03__none,pets_b03,eff_su2_r5_d6,high,none,memgq_lattice,lira_online_fixed_variance,adaptive_defended_reference_models,0.4994,0.495,0.05,0.06,-0.06345240908375599,as_defined,,,memgq_lattice
PETS_CREDIT_high_eff_su2_r5_d6_b03__none,pets_b03,eff_su2_r5_d6,high,none,memgq_lattice,lira_offline,adaptive_defended_reference_models,0.5062,0.485,0.07,0.12,0.9699171054452865,as_defined,,,memgq_lattice
PETS_CREDIT_high_eff_su2_r5_d6_b03__none,pets_b03,eff_su2_r5_d6,high,none,memgq_lattice,lira_offline_fixed_variance,adaptive_defended_reference_models,0.47909999999999997,0.47,0.03,0.07,-0.6619952976272997,inverted_from_calibration,,,memgq_lattice
PETS_CREDIT_high_eff_su2_r5_d6_b03__none,pets_b03,eff_su2_r5_d6,high,none,memgq_lattice,global_true_class_log_odds,adaptive_defended_reference_models,0.46670000000000006,0.44999999999999996,0.04,0.06,-1.6310893673143738,inverted_from_calibration,,,memgq_lattice
PETS_CREDIT_high_eff_su2_r5_d6_b03__none,pets_b03,eff_su2_r5_d6,high,none,memgq_lattice_sticky,lira_online,adaptive_defended_reference_models,0.447,0.455,0.02,0.08,-0.6868321023481028,as_defined,,,memgq_lattice_sticky
PETS_CREDIT_high_eff_su2_r5_d6_b03__none,pets_b03,eff_su2_r5_d6,high,none,memgq_lattice_sticky,lira_online_fixed_variance,adaptive_defended_reference_models,0.4396,0.44000000000000006,0.06,0.07,-0.02491735295189318,as_defined,,,memgq_lattice_sticky
PETS_CREDIT_high_eff_su2_r5_d6_b03__none,pets_b03,eff_su2_r5_d6,high,none,memgq_lattice_sticky,lira_offline,adaptive_defended_reference_models,0.4591,0.44999999999999996,0.04,0.07,1.0423474719108028,as_defined,,,memgq_lattice_sticky
PETS_CREDIT_high_eff_su2_r5_d6_b03__none,pets_b03,eff_su2_r5_d6,high,none,memgq_lattice_sticky,lira_offline_fixed_variance,adaptive_defended_reference_models,0.46149999999999997,0.445,0.07,0.07,0.8378038048691829,as_defined,,,memgq_lattice_sticky
PETS_CREDIT_high_eff_su2_r5_d6_b03__none,pets_b03,eff_su2_r5_d6,high,none,memgq_lattice_sticky,global_true_class_log_odds,adaptive_defended_reference_models,0.46909999999999996,0.475,0.05,0.07,-1.68911776736345,inverted_from_calibration,,,memgq_lattice_sticky
PETS_CREDIT_high_eff_su2_r5_d6_b03__none,pets_b03,eff_su2_r5_d6,high,none,memguard,lira_online,adaptive_defended_reference_models,0.4565,0.5,0.04,0.09,0.4792882795109096,as_defined,,,memguard
PETS_CREDIT_high_eff_su2_r5_d6_b03__none,pets_b03,eff_su2_r5_d6,high,none,memguard,lira_online_fixed_variance,adaptive_defended_reference_models,0.4703,0.47,0.06,0.14,-0.04590821686112992,as_defined,,,memguard
PETS_CREDIT_high_eff_su2_r5_d6_b03__none,pets_b03,eff_su2_r5_d6,high,none,memguard,lira_offline,adaptive_defended_reference_models,0.45269999999999994,0.47000000000000003,0.06,0.1,1.0009573400986875,as_defined,,,memguard
PETS_CREDIT_high_eff_su2_r5_d6_b03__none,pets_b03,eff_su2_r5_d6,high,none,memguard,lira_offline_fixed_variance,adaptive_defended_reference_models,0.4368999999999999,0.48,0.07,0.09,0.4052080059853615,as_defined,,,memguard
PETS_CREDIT_high_eff_su2_r5_d6_b03__none,pets_b03,eff_su2_r5_d6,high,none,memguard,global_true_class_log_odds,adaptive_defended_reference_models,0.5803,0.545,0.1,0.12,1.5912705341560787,as_defined,,,memguard
PETS_CREDIT_high_eff_su2_r5_d6_b03__none,pets_b03,eff_su2_r5_d6,high,none,none,lira_online,adaptive_defended_reference_models,0.5121,0.55,0.11,0.18,1.8340996024428848,as_defined,,,none
PETS_CREDIT_high_eff_su2_r5_d6_b03__none,pets_b03,eff_su2_r5_d6,high,none,none,lira_online_fixed_variance,adaptive_defended_reference_models,0.5043000000000001,0.525,0.06,0.14,0.5928763224471136,as_defined,,,none
PETS_CREDIT_high_eff_su2_r5_d6_b03__none,pets_b03,eff_su2_r5_d6,high,none,none,lira_offline,adaptive_defended_reference_models,0.5093,0.51,0.08,0.15,3.327474266985718,as_defined,,,none
PETS_CREDIT_high_eff_su2_r5_d6_b03__none,pets_b03,eff_su2_r5_d6,high,none,none,lira_offline_fixed_variance,adaptive_defended_reference_models,0.502,0.505,0.06,0.08,-0.6772485150797184,inverted_from_calibration,,,none
PETS_CREDIT_high_eff_su2_r5_d6_b03__none,pets_b03,eff_su2_r5_d6,high,none,none,global_true_class_log_odds,adaptive_defended_reference_models,0.426,0.45999999999999996,0.02,0.03,0.5997930968347541,inverted_from_calibration,,,none
PETS_CREDIT_high_eff_su2_r5_d6_b04__l2,pets_b04,eff_su2_r5_d6,high,l2,none,lira_online,adaptive_defended_reference_models,0.5269999999999999,0.5349999999999999,0.05,0.07,0.7644565274275343,as_defined,,,l2
PETS_CREDIT_high_eff_su2_r5_d6_b04__l2,pets_b04,eff_su2_r5_d6,high,l2,none,lira_online_fixed_variance,adaptive_defended_reference_models,0.5684,0.55,0.05,0.17,0.4348940065113887,as_defined,,,l2
PETS_CREDIT_high_eff_su2_r5_d6_b04__l2,pets_b04,eff_su2_r5_d6,high,l2,none,lira_offline,adaptive_defended_reference_models,0.5168,0.52,0.14,0.15,-4.977563011099706,inverted_from_calibration,,,l2
PETS_CREDIT_high_eff_su2_r5_d6_b04__l2,pets_b04,eff_su2_r5_d6,high,l2,none,lira_offline_fixed_variance,adaptive_defended_reference_models,0.5187999999999999,0.485,0.03,0.14,0.16049954827667434,as_defined,,,l2
PETS_CREDIT_high_eff_su2_r5_d6_b04__l2,pets_b04,eff_su2_r5_d6,high,l2,none,global_true_class_log_odds,adaptive_defended_reference_models,0.5596,0.575,0.03,0.07,1.040880216377204,as_defined,,,l2
PETS_CREDIT_high_eff_su2_r5_d6_b04__none,pets_b04,eff_su2_r5_d6,high,none,dynanoise,lira_online,adaptive_defended_reference_models,0.5536,0.51,0.09,0.17,-0.965295527270362,as_defined,,,dynanoise
PETS_CREDIT_high_eff_su2_r5_d6_b04__none,pets_b04,eff_su2_r5_d6,high,none,dynanoise,lira_online_fixed_variance,adaptive_defended_reference_models,0.5659000000000001,0.525,0.13,0.2,-0.9247153072306232,as_defined,,,dynanoise
PETS_CREDIT_high_eff_su2_r5_d6_b04__none,pets_b04,eff_su2_r5_d6,high,none,dynanoise,lira_offline,adaptive_defended_reference_models,0.6129,0.5800000000000001,0.07,0.12,-0.375705323034387,as_defined,,,dynanoise
PETS_CREDIT_high_eff_su2_r5_d6_b04__none,pets_b04,eff_su2_r5_d6,high,none,dynanoise,lira_offline_fixed_variance,adaptive_defended_reference_models,0.6129,0.5549999999999999,0.14,0.19,1.1716360676443724,as_defined,,,dynanoise
PETS_CREDIT_high_eff_su2_r5_d6_b04__none,pets_b04,eff_su2_r5_d6,high,none,dynanoise,global_true_class_log_odds,adaptive_defended_reference_models,0.5861,0.5349999999999999,0.03,0.15,0.12220463336458226,as_defined,,,dynanoise
PETS_CREDIT_high_eff_su2_r5_d6_b04__none,pets_b04,eff_su2_r5_d6,high,none,hamp_output,lira_online,adaptive_defended_reference_models,0.5127999999999999,0.49,0.07,0.1,0.03957077379719165,as_defined,,,hamp_output
PETS_CREDIT_high_eff_su2_r5_d6_b04__none,pets_b04,eff_su2_r5_d6,high,none,hamp_output,lira_online_fixed_variance,adaptive_defended_reference_models,0.5369,0.525,0.06,0.16,0.029857935572233013,as_defined,,,hamp_output
PETS_CREDIT_high_eff_su2_r5_d6_b04__none,pets_b04,eff_su2_r5_d6,high,none,hamp_output,lira_offline,adaptive_defended_reference_models,0.5090000000000001,0.515,0.07,0.11,-0.1556092209133773,as_defined,,,hamp_output
PETS_CREDIT_high_eff_su2_r5_d6_b04__none,pets_b04,eff_su2_r5_d6,high,none,hamp_output,lira_offline_fixed_variance,adaptive_defended_reference_models,0.5233,0.51,0.07,0.16,0.5205503629059915,as_defined,,,hamp_output
PETS_CREDIT_high_eff_su2_r5_d6_b04__none,pets_b04,eff_su2_r5_d6,high,none,hamp_output,global_true_class_log_odds,adaptive_defended_reference_models,0.5546,0.555,0.09,0.13,1.0865596672457225,as_defined,,,hamp_output
PETS_CREDIT_high_eff_su2_r5_d6_b04__none,pets_b04,eff_su2_r5_d6,high,none,lattice_round,lira_online,adaptive_defended_reference_models,0.5912000000000002,0.54,0.08,0.16,-2.673737860233329,as_defined,,,lattice_round
PETS_CREDIT_high_eff_su2_r5_d6_b04__none,pets_b04,eff_su2_r5_d6,high,none,lattice_round,lira_online_fixed_variance,adaptive_defended_reference_models,0.6011,0.5,0.13,0.23,-1.275913520304289,as_defined,,,lattice_round
PETS_CREDIT_high_eff_su2_r5_d6_b04__none,pets_b04,eff_su2_r5_d6,high,none,lattice_round,lira_offline,adaptive_defended_reference_models,0.5777,0.575,0.1,0.15,1.9576792357233477,as_defined,,,lattice_round
PETS_CREDIT_high_eff_su2_r5_d6_b04__none,pets_b04,eff_su2_r5_d6,high,none,lattice_round,lira_offline_fixed_variance,adaptive_defended_reference_models,0.6049000000000001,0.52,0.09,0.15,4.096187086711923,as_defined,,,lattice_round
PETS_CREDIT_high_eff_su2_r5_d6_b04__none,pets_b04,eff_su2_r5_d6,high,none,lattice_round,global_true_class_log_odds,adaptive_defended_reference_models,0.5833,0.54,0.03,0.1,2.568153162122236,as_defined,,,lattice_round
PETS_CREDIT_high_eff_su2_r5_d6_b04__none,pets_b04,eff_su2_r5_d6,high,none,logitguard_continuous,lira_online,adaptive_defended_reference_models,0.5256000000000001,0.505,0.07,0.16,0.0027992012245732223,as_defined,,,logitguard_continuous
PETS_CREDIT_high_eff_su2_r5_d6_b04__none,pets_b04,eff_su2_r5_d6,high,none,logitguard_continuous,lira_online_fixed_variance,adaptive_defended_reference_models,0.5267,0.48,0.08,0.16,0.05907445264455813,as_defined,,,logitguard_continuous
PETS_CREDIT_high_eff_su2_r5_d6_b04__none,pets_b04,eff_su2_r5_d6,high,none,logitguard_continuous,lira_offline,adaptive_defended_reference_models,0.5524,0.53,0.07,0.12,-1.1473559233764221,as_defined,,,logitguard_continuous
PETS_CREDIT_high_eff_su2_r5_d6_b04__none,pets_b04,eff_su2_r5_d6,high,none,logitguard_continuous,lira_offline_fixed_variance,adaptive_defended_reference_models,0.5698000000000001,0.5549999999999999,0.11,0.17,0.3600843894322114,as_defined,,,logitguard_continuous
PETS_CREDIT_high_eff_su2_r5_d6_b04__none,pets_b04,eff_su2_r5_d6,high,none,logitguard_continuous,global_true_class_log_odds,adaptive_defended_reference_models,0.5471,0.485,0.03,0.14,-1.2726205186575834,as_defined,,,logitguard_continuous
PETS_CREDIT_high_eff_su2_r5_d6_b04__none,pets_b04,eff_su2_r5_d6,high,none,logitguard_quantized,lira_online,adaptive_defended_reference_models,0.5307,0.535,0.07,0.08,-0.46041264629012524,as_defined,,,logitguard_quantized
PETS_CREDIT_high_eff_su2_r5_d6_b04__none,pets_b04,eff_su2_r5_d6,high,none,logitguard_quantized,lira_online_fixed_variance,adaptive_defended_reference_models,0.5175000000000001,0.505,0.08,0.15,0.06154728258121994,as_defined,,,logitguard_quantized
PETS_CREDIT_high_eff_su2_r5_d6_b04__none,pets_b04,eff_su2_r5_d6,high,none,logitguard_quantized,lira_offline,adaptive_defended_reference_models,0.54515,0.53,0.06,0.12,-2.224084977689294,as_defined,,,logitguard_quantized
PETS_CREDIT_high_eff_su2_r5_d6_b04__none,pets_b04,eff_su2_r5_d6,high,none,logitguard_quantized,lira_offline_fixed_variance,adaptive_defended_reference_models,0.55835,0.535,0.11,0.17,0.42699181807388076,as_defined,,,logitguard_quantized
PETS_CREDIT_high_eff_su2_r5_d6_b04__none,pets_b04,eff_su2_r5_d6,high,none,logitguard_quantized,global_true_class_log_odds,adaptive_defended_reference_models,0.5477,0.485,0.03,0.12,-1.2699999238514323,as_defined,,,logitguard_quantized
PETS_CREDIT_high_eff_su2_r5_d6_b04__none,pets_b04,eff_su2_r5_d6,high,none,measurementguard_continuous,lira_online,adaptive_defended_reference_models,0.5327999999999999,0.49,0.07,0.18,-0.7609789342408734,as_defined,,,measurementguard_continuous
PETS_CREDIT_high_eff_su2_r5_d6_b04__none,pets_b04,eff_su2_r5_d6,high,none,measurementguard_continuous,lira_online_fixed_variance,adaptive_defended_reference_models,0.4995,0.5,0.07,0.11,2.6406662186404906,as_defined,,,measurementguard_continuous
PETS_CREDIT_high_eff_su2_r5_d6_b04__none,pets_b04,eff_su2_r5_d6,high,none,measurementguard_continuous,lira_offline,adaptive_defended_reference_models,0.5213,0.505,0.08,0.09,1.7756300714632482,as_defined,,,measurementguard_continuous
PETS_CREDIT_high_eff_su2_r5_d6_b04__none,pets_b04,eff_su2_r5_d6,high,none,measurementguard_continuous,lira_offline_fixed_variance,adaptive_defended_reference_models,0.5266,0.515,0.05,0.13,3.02411292097053,as_defined,,,measurementguard_continuous
PETS_CREDIT_high_eff_su2_r5_d6_b04__none,pets_b04,eff_su2_r5_d6,high,none,measurementguard_continuous,global_true_class_log_odds,adaptive_defended_reference_models,0.47519999999999996,0.5,0.05,0.08,-2.0180234084775646,inverted_from_calibration,,,measurementguard_continuous
PETS_CREDIT_high_eff_su2_r5_d6_b04__none,pets_b04,eff_su2_r5_d6,high,none,memgq_lattice,lira_online,adaptive_defended_reference_models,0.5448,0.52,0.14,0.15,2.9964162294920405,as_defined,,,memgq_lattice
PETS_CREDIT_high_eff_su2_r5_d6_b04__none,pets_b04,eff_su2_r5_d6,high,none,memgq_lattice,lira_online_fixed_variance,adaptive_defended_reference_models,0.5093000000000001,0.5,0.06,0.12,0.594616416533026,as_defined,,,memgq_lattice
PETS_CREDIT_high_eff_su2_r5_d6_b04__none,pets_b04,eff_su2_r5_d6,high,none,memgq_lattice,lira_offline,adaptive_defended_reference_models,0.5141,0.51,0.08,0.09,1.5366379439625313,as_defined,,,memgq_lattice
PETS_CREDIT_high_eff_su2_r5_d6_b04__none,pets_b04,eff_su2_r5_d6,high,none,memgq_lattice,lira_offline_fixed_variance,adaptive_defended_reference_models,0.5157,0.535,0.05,0.18,1.0299386814555795,as_defined,,,memgq_lattice
PETS_CREDIT_high_eff_su2_r5_d6_b04__none,pets_b04,eff_su2_r5_d6,high,none,memgq_lattice,global_true_class_log_odds,adaptive_defended_reference_models,0.5166,0.51,0.12,0.13,1.168730410226433,as_defined,,,memgq_lattice
PETS_CREDIT_high_eff_su2_r5_d6_b04__none,pets_b04,eff_su2_r5_d6,high,none,memgq_lattice_sticky,lira_online,adaptive_defended_reference_models,0.49350000000000005,0.46499999999999997,0.02,0.06,1.5487673200974763,as_defined,,,memgq_lattice_sticky
PETS_CREDIT_high_eff_su2_r5_d6_b04__none,pets_b04,eff_su2_r5_d6,high,none,memgq_lattice_sticky,lira_online_fixed_variance,adaptive_defended_reference_models,0.4955,0.5,0.05,0.1,4.560358621580206,as_defined,,,memgq_lattice_sticky
PETS_CREDIT_high_eff_su2_r5_d6_b04__none,pets_b04,eff_su2_r5_d6,high,none,memgq_lattice_sticky,lira_offline,adaptive_defended_reference_models,0.4741,0.465,0.02,0.05,1.6408406601375007,as_defined,,,memgq_lattice_sticky
PETS_CREDIT_high_eff_su2_r5_d6_b04__none,pets_b04,eff_su2_r5_d6,high,none,memgq_lattice_sticky,lira_offline_fixed_variance,adaptive_defended_reference_models,0.491,0.475,0.04,0.13,0.9297958818120632,as_defined,,,memgq_lattice_sticky
PETS_CREDIT_high_eff_su2_r5_d6_b04__none,pets_b04,eff_su2_r5_d6,high,none,memgq_lattice_sticky,global_true_class_log_odds,adaptive_defended_reference_models,0.44919999999999993,0.505,0.0,0.04,-1.6762130692966175,as_defined,,,memgq_lattice_sticky
PETS_CREDIT_high_eff_su2_r5_d6_b04__none,pets_b04,eff_su2_r5_d6,high,none,memguard,lira_online,adaptive_defended_reference_models,0.4183,0.475,0.01,0.06,-2.4057263287032624,inverted_from_calibration,,,memguard
PETS_CREDIT_high_eff_su2_r5_d6_b04__none,pets_b04,eff_su2_r5_d6,high,none,memguard,lira_online_fixed_variance,adaptive_defended_reference_models,0.5603,0.5,0.07,0.11,0.11733857275910362,as_defined,,,memguard
PETS_CREDIT_high_eff_su2_r5_d6_b04__none,pets_b04,eff_su2_r5_d6,high,none,memguard,lira_offline,adaptive_defended_reference_models,0.5560999999999999,0.55,0.07,0.13,-1.1295646353311724,as_defined,,,memguard
PETS_CREDIT_high_eff_su2_r5_d6_b04__none,pets_b04,eff_su2_r5_d6,high,none,memguard,lira_offline_fixed_variance,adaptive_defended_reference_models,0.558,0.515,0.09,0.12,1.9597445985998112,as_defined,,,memguard
PETS_CREDIT_high_eff_su2_r5_d6_b04__none,pets_b04,eff_su2_r5_d6,high,none,memguard,global_true_class_log_odds,adaptive_defended_reference_models,0.606,0.585,0.03,0.2,1.2894510098769405,as_defined,,,memguard
PETS_CREDIT_high_eff_su2_r5_d6_b04__none,pets_b04,eff_su2_r5_d6,high,none,none,lira_online,adaptive_defended_reference_models,0.6017,0.575,0.12,0.18,-0.37099361037321743,as_defined,,,none
PETS_CREDIT_high_eff_su2_r5_d6_b04__none,pets_b04,eff_su2_r5_d6,high,none,none,lira_online_fixed_variance,adaptive_defended_reference_models,0.604,0.5,0.13,0.23,-1.338036275821772,as_defined,,,none
PETS_CREDIT_high_eff_su2_r5_d6_b04__none,pets_b04,eff_su2_r5_d6,high,none,none,lira_offline,adaptive_defended_reference_models,0.5707,0.585,0.11,0.13,1.8583898269793884,as_defined,,,none
PETS_CREDIT_high_eff_su2_r5_d6_b04__none,pets_b04,eff_su2_r5_d6,high,none,none,lira_offline_fixed_variance,adaptive_defended_reference_models,0.6045,0.595,0.09,0.18,1.0920422655914104,as_defined,,,none
PETS_CREDIT_high_eff_su2_r5_d6_b04__none,pets_b04,eff_su2_r5_d6,high,none,none,global_true_class_log_odds,adaptive_defended_reference_models,0.5843,0.535,0.03,0.1,2.7559935769142787,as_defined,,,none
PETS_CREDIT_high_eff_su2_r5_d6_b05__l2,pets_b05,eff_su2_r5_d6,high,l2,none,lira_online,adaptive_defended_reference_models,0.5123,0.535,0.03,0.04,-0.3149349496686629,inverted_from_calibration,,,l2
PETS_CREDIT_high_eff_su2_r5_d6_b05__l2,pets_b05,eff_su2_r5_d6,high,l2,none,lira_online_fixed_variance,adaptive_defended_reference_models,0.493,0.485,0.0,0.04,0.2733229574842715,inverted_from_calibration,,,l2
PETS_CREDIT_high_eff_su2_r5_d6_b05__l2,pets_b05,eff_su2_r5_d6,high,l2,none,lira_offline,adaptive_defended_reference_models,0.5025,0.495,0.04,0.12,-3.3516853024531734,inverted_from_calibration,,,l2
PETS_CREDIT_high_eff_su2_r5_d6_b05__l2,pets_b05,eff_su2_r5_d6,high,l2,none,lira_offline_fixed_variance,adaptive_defended_reference_models,0.5009,0.505,0.09,0.11,-6.735053882288179,inverted_from_calibration,,,l2
PETS_CREDIT_high_eff_su2_r5_d6_b05__l2,pets_b05,eff_su2_r5_d6,high,l2,none,global_true_class_log_odds,adaptive_defended_reference_models,0.502,0.5,0.0,0.02,-1.2546114893495746,inverted_from_calibration,,,l2
PETS_CREDIT_high_eff_su2_r5_d6_b05__none,pets_b05,eff_su2_r5_d6,high,none,dynanoise,lira_online,adaptive_defended_reference_models,0.388,0.45999999999999996,0.01,0.06,1.992922050526944,inverted_from_calibration,,,dynanoise
PETS_CREDIT_high_eff_su2_r5_d6_b05__none,pets_b05,eff_su2_r5_d6,high,none,dynanoise,lira_online_fixed_variance,adaptive_defended_reference_models,0.6103,0.575,0.03,0.11,-0.28434714491380864,as_defined,,,dynanoise
PETS_CREDIT_high_eff_su2_r5_d6_b05__none,pets_b05,eff_su2_r5_d6,high,none,dynanoise,lira_offline,adaptive_defended_reference_models,0.4403,0.46499999999999997,0.06,0.11,1.0942205613306473,inverted_from_calibration,,,dynanoise
PETS_CREDIT_high_eff_su2_r5_d6_b05__none,pets_b05,eff_su2_r5_d6,high,none,dynanoise,lira_offline_fixed_variance,adaptive_defended_reference_models,0.4585,0.49,0.01,0.1,0.8003109792861082,inverted_from_calibration,,,dynanoise
PETS_CREDIT_high_eff_su2_r5_d6_b05__none,pets_b05,eff_su2_r5_d6,high,none,dynanoise,global_true_class_log_odds,adaptive_defended_reference_models,0.5249,0.55,0.04,0.09,-0.04213748840481146,as_defined,,,dynanoise
PETS_CREDIT_high_eff_su2_r5_d6_b05__none,pets_b05,eff_su2_r5_d6,high,none,hamp_output,lira_online,adaptive_defended_reference_models,0.49610000000000004,0.47,0.05,0.1,-0.05856833361997493,as_defined,,,hamp_output
PETS_CREDIT_high_eff_su2_r5_d6_b05__none,pets_b05,eff_su2_r5_d6,high,none,hamp_output,lira_online_fixed_variance,adaptive_defended_reference_models,0.46630000000000005,0.45499999999999996,0.04,0.07,0.09096923964370701,as_defined,,,hamp_output
PETS_CREDIT_high_eff_su2_r5_d6_b05__none,pets_b05,eff_su2_r5_d6,high,none,hamp_output,lira_offline,adaptive_defended_reference_models,0.4547,0.445,0.07,0.09,-1.0020203195070192,inverted_from_calibration,,,hamp_output
PETS_CREDIT_high_eff_su2_r5_d6_b05__none,pets_b05,eff_su2_r5_d6,high,none,hamp_output,lira_offline_fixed_variance,adaptive_defended_reference_models,0.4742,0.475,0.07,0.09,-0.5891976822694964,inverted_from_calibration,,,hamp_output
PETS_CREDIT_high_eff_su2_r5_d6_b05__none,pets_b05,eff_su2_r5_d6,high,none,hamp_output,global_true_class_log_odds,adaptive_defended_reference_models,0.548,0.525,0.1,0.14,1.4061219920093642,as_defined,,,hamp_output
PETS_CREDIT_high_eff_su2_r5_d6_b05__none,pets_b05,eff_su2_r5_d6,high,none,lattice_round,lira_online,adaptive_defended_reference_models,0.6288,0.605,0.04,0.13,0.11309277591020883,as_defined,,,lattice_round
PETS_CREDIT_high_eff_su2_r5_d6_b05__none,pets_b05,eff_su2_r5_d6,high,none,lattice_round,lira_online_fixed_variance,adaptive_defended_reference_models,0.5993999999999999,0.5349999999999999,0.04,0.1,-1.3282247028202532,as_defined,,,lattice_round
PETS_CREDIT_high_eff_su2_r5_d6_b05__none,pets_b05,eff_su2_r5_d6,high,none,lattice_round,lira_offline,adaptive_defended_reference_models,0.4864,0.525,0.07,0.11,-1.1889533970074575,inverted_from_calibration,,,lattice_round
PETS_CREDIT_high_eff_su2_r5_d6_b05__none,pets_b05,eff_su2_r5_d6,high,none,lattice_round,lira_offline_fixed_variance,adaptive_defended_reference_models,0.4841,0.49,0.05,0.07,-0.5369675301542378,inverted_from_calibration,,,lattice_round
PETS_CREDIT_high_eff_su2_r5_d6_b05__none,pets_b05,eff_su2_r5_d6,high,none,lattice_round,global_true_class_log_odds,adaptive_defended_reference_models,0.4884,0.505,0.01,0.03,-2.6973326834075833,inverted_from_calibration,,,lattice_round
PETS_CREDIT_high_eff_su2_r5_d6_b05__none,pets_b05,eff_su2_r5_d6,high,none,logitguard_continuous,lira_online,adaptive_defended_reference_models,0.5386,0.505,0.02,0.09,-0.7272440172434882,inverted_from_calibration,,,logitguard_continuous
PETS_CREDIT_high_eff_su2_r5_d6_b05__none,pets_b05,eff_su2_r5_d6,high,none,logitguard_continuous,lira_online_fixed_variance,adaptive_defended_reference_models,0.5081,0.51,0.05,0.1,0.10177870154832003,as_defined,,,logitguard_continuous
PETS_CREDIT_high_eff_su2_r5_d6_b05__none,pets_b05,eff_su2_r5_d6,high,none,logitguard_continuous,lira_offline,adaptive_defended_reference_models,0.5038,0.5,0.05,0.12,-0.3025951756917322,inverted_from_calibration,,,logitguard_continuous
PETS_CREDIT_high_eff_su2_r5_d6_b05__none,pets_b05,eff_su2_r5_d6,high,none,logitguard_continuous,lira_offline_fixed_variance,adaptive_defended_reference_models,0.5192,0.515,0.09,0.15,-0.44363366923950276,inverted_from_calibration,,,logitguard_continuous
PETS_CREDIT_high_eff_su2_r5_d6_b05__none,pets_b05,eff_su2_r5_d6,high,none,logitguard_continuous,global_true_class_log_odds,adaptive_defended_reference_models,0.4484,0.475,0.01,0.04,-1.4858501432197104,inverted_from_calibration,,,logitguard_continuous
PETS_CREDIT_high_eff_su2_r5_d6_b05__none,pets_b05,eff_su2_r5_d6,high,none,logitguard_quantized,lira_online,adaptive_defended_reference_models,0.518,0.51,0.03,0.07,-0.7715300476845359,inverted_from_calibration,,,logitguard_quantized
PETS_CREDIT_high_eff_su2_r5_d6_b05__none,pets_b05,eff_su2_r5_d6,high,none,logitguard_quantized,lira_online_fixed_variance,adaptive_defended_reference_models,0.5033000000000001,0.49,0.05,0.1,0.10197269749434296,as_defined,,,logitguard_quantized
PETS_CREDIT_high_eff_su2_r5_d6_b05__none,pets_b05,eff_su2_r5_d6,high,none,logitguard_quantized,lira_offline,adaptive_defended_reference_models,0.48515,0.485,0.02,0.05,1.9062868324362787,inverted_from_calibration,,,logitguard_quantized
PETS_CREDIT_high_eff_su2_r5_d6_b05__none,pets_b05,eff_su2_r5_d6,high,none,logitguard_quantized,lira_offline_fixed_variance,adaptive_defended_reference_models,0.517,0.505,0.04,0.09,-0.44347312509595704,inverted_from_calibration,,,logitguard_quantized
PETS_CREDIT_high_eff_su2_r5_d6_b05__none,pets_b05,eff_su2_r5_d6,high,none,logitguard_quantized,global_true_class_log_odds,adaptive_defended_reference_models,0.449,0.47500000000000003,0.0,0.01,-1.490000254117241,inverted_from_calibration,,,logitguard_quantized
PETS_CREDIT_high_eff_su2_r5_d6_b05__none,pets_b05,eff_su2_r5_d6,high,none,measurementguard_continuous,lira_online,adaptive_defended_reference_models,0.5217,0.505,0.05,0.13,-1.855190236456543,as_defined,,,measurementguard_continuous
PETS_CREDIT_high_eff_su2_r5_d6_b05__none,pets_b05,eff_su2_r5_d6,high,none,measurementguard_continuous,lira_online_fixed_variance,adaptive_defended_reference_models,0.5099,0.52,0.05,0.09,0.10204763119743143,as_defined,,,measurementguard_continuous
PETS_CREDIT_high_eff_su2_r5_d6_b05__none,pets_b05,eff_su2_r5_d6,high,none,measurementguard_continuous,lira_offline,adaptive_defended_reference_models,0.5308999999999999,0.53,0.1,0.15,1.1673873722644297,as_defined,,,measurementguard_continuous
PETS_CREDIT_high_eff_su2_r5_d6_b05__none,pets_b05,eff_su2_r5_d6,high,none,measurementguard_continuous,lira_offline_fixed_variance,adaptive_defended_reference_models,0.4839,0.485,0.06,0.08,0.567616949251203,as_defined,,,measurementguard_continuous
PETS_CREDIT_high_eff_su2_r5_d6_b05__none,pets_b05,eff_su2_r5_d6,high,none,measurementguard_continuous,global_true_class_log_odds,adaptive_defended_reference_models,0.5453,0.535,0.1,0.11,1.1006609525543416,as_defined,,,measurementguard_continuous
PETS_CREDIT_high_eff_su2_r5_d6_b05__none,pets_b05,eff_su2_r5_d6,high,none,memgq_lattice,lira_online,adaptive_defended_reference_models,0.5456,0.525,0.01,0.08,-2.1967692996120545,as_defined,,,memgq_lattice
PETS_CREDIT_high_eff_su2_r5_d6_b05__none,pets_b05,eff_su2_r5_d6,high,none,memgq_lattice,lira_online_fixed_variance,adaptive_defended_reference_models,0.5314,0.545,0.05,0.1,0.1136023112652225,as_defined,,,memgq_lattice
PETS_CREDIT_high_eff_su2_r5_d6_b05__none,pets_b05,eff_su2_r5_d6,high,none,memgq_lattice,lira_offline,adaptive_defended_reference_models,0.5126,0.535,0.04,0.07,-0.007865397477670844,as_defined,,,memgq_lattice
PETS_CREDIT_high_eff_su2_r5_d6_b05__none,pets_b05,eff_su2_r5_d6,high,none,memgq_lattice,lira_offline_fixed_variance,adaptive_defended_reference_models,0.5216000000000001,0.52,0.08,0.1,-0.8237709760664236,inverted_from_calibration,,,memgq_lattice
PETS_CREDIT_high_eff_su2_r5_d6_b05__none,pets_b05,eff_su2_r5_d6,high,none,memgq_lattice,global_true_class_log_odds,adaptive_defended_reference_models,0.4733,0.48,0.03,0.07,-1.5156512991696225,inverted_from_calibration,,,memgq_lattice
PETS_CREDIT_high_eff_su2_r5_d6_b05__none,pets_b05,eff_su2_r5_d6,high,none,memgq_lattice_sticky,lira_online,adaptive_defended_reference_models,0.5163,0.495,0.03,0.08,-1.4307566125800442,as_defined,,,memgq_lattice_sticky
PETS_CREDIT_high_eff_su2_r5_d6_b05__none,pets_b05,eff_su2_r5_d6,high,none,memgq_lattice_sticky,lira_online_fixed_variance,adaptive_defended_reference_models,0.5239,0.515,0.02,0.09,0.025128313083089632,as_defined,,,memgq_lattice_sticky
PETS_CREDIT_high_eff_su2_r5_d6_b05__none,pets_b05,eff_su2_r5_d6,high,none,memgq_lattice_sticky,lira_offline,adaptive_defended_reference_models,0.5092,0.51,0.03,0.05,0.22092897753662055,as_defined,,,memgq_lattice_sticky
PETS_CREDIT_high_eff_su2_r5_d6_b05__none,pets_b05,eff_su2_r5_d6,high,none,memgq_lattice_sticky,lira_offline_fixed_variance,adaptive_defended_reference_models,0.5292,0.52,0.07,0.17,-0.7141051355057123,inverted_from_calibration,,,memgq_lattice_sticky
PETS_CREDIT_high_eff_su2_r5_d6_b05__none,pets_b05,eff_su2_r5_d6,high,none,memgq_lattice_sticky,global_true_class_log_odds,adaptive_defended_reference_models,0.48689999999999994,0.54,0.04,0.07,-1.7507848992349975,inverted_from_calibration,,,memgq_lattice_sticky
PETS_CREDIT_high_eff_su2_r5_d6_b05__none,pets_b05,eff_su2_r5_d6,high,none,memguard,lira_online,adaptive_defended_reference_models,0.45030000000000003,0.47000000000000003,0.0,0.05,-0.2348070022783113,inverted_from_calibration,,,memguard
PETS_CREDIT_high_eff_su2_r5_d6_b05__none,pets_b05,eff_su2_r5_d6,high,none,memguard,lira_online_fixed_variance,adaptive_defended_reference_models,0.5306,0.52,0.03,0.15,0.06512468049678496,as_defined,,,memguard
PETS_CREDIT_high_eff_su2_r5_d6_b05__none,pets_b05,eff_su2_r5_d6,high,none,memguard,lira_offline,adaptive_defended_reference_models,0.46880000000000005,0.47,0.06,0.1,0.4366996897933,inverted_from_calibration,,,memguard
PETS_CREDIT_high_eff_su2_r5_d6_b05__none,pets_b05,eff_su2_r5_d6,high,none,memguard,lira_offline_fixed_variance,adaptive_defended_reference_models,0.46319999999999995,0.515,0.04,0.1,-1.5332087323195975,inverted_from_calibration,,,memguard
PETS_CREDIT_high_eff_su2_r5_d6_b05__none,pets_b05,eff_su2_r5_d6,high,none,memguard,global_true_class_log_odds,adaptive_defended_reference_models,0.5151,0.49,0.09,0.13,1.4201135990225497,as_defined,,,memguard
PETS_CREDIT_high_eff_su2_r5_d6_b05__none,pets_b05,eff_su2_r5_d6,high,none,none,lira_online,adaptive_defended_reference_models,0.6303000000000001,0.59,0.03,0.14,-0.03290852550500056,as_defined,,,none
PETS_CREDIT_high_eff_su2_r5_d6_b05__none,pets_b05,eff_su2_r5_d6,high,none,none,lira_online_fixed_variance,adaptive_defended_reference_models,0.5957999999999999,0.5349999999999999,0.06,0.11,-1.1514777854887503,as_defined,,,none
PETS_CREDIT_high_eff_su2_r5_d6_b05__none,pets_b05,eff_su2_r5_d6,high,none,none,lira_offline,adaptive_defended_reference_models,0.4928,0.485,0.06,0.1,-0.8188211804507233,inverted_from_calibration,,,none
PETS_CREDIT_high_eff_su2_r5_d6_b05__none,pets_b05,eff_su2_r5_d6,high,none,none,lira_offline_fixed_variance,adaptive_defended_reference_models,0.48400000000000004,0.47,0.02,0.08,-0.4927705802316368,inverted_from_calibration,,,none
PETS_CREDIT_high_eff_su2_r5_d6_b05__none,pets_b05,eff_su2_r5_d6,high,none,none,global_true_class_log_odds,adaptive_defended_reference_models,0.48919999999999997,0.51,0.01,0.03,-2.6796803471801587,inverted_from_calibration,,,none
PETS_CREDIT_low_eff_su2_r1_d6_b02__l2,pets_b02,eff_su2_r1_d6,low,l2,none,lira_online,adaptive_defended_reference_models,0.44129999999999997,0.425,0.04,0.06,1.5799005229237228,as_defined,,,l2
PETS_CREDIT_low_eff_su2_r1_d6_b02__l2,pets_b02,eff_su2_r1_d6,low,l2,none,lira_online_fixed_variance,adaptive_defended_reference_models,0.4785,0.5,0.02,0.08,0.3018291734180013,as_defined,,,l2
PETS_CREDIT_low_eff_su2_r1_d6_b02__l2,pets_b02,eff_su2_r1_d6,low,l2,none,lira_offline,adaptive_defended_reference_models,0.4686,0.475,0.05,0.07,1.5521776722690692,as_defined,,,l2
PETS_CREDIT_low_eff_su2_r1_d6_b02__l2,pets_b02,eff_su2_r1_d6,low,l2,none,lira_offline_fixed_variance,adaptive_defended_reference_models,0.5023,0.535,0.03,0.09,0.0025892499071891173,as_defined,,,l2
PETS_CREDIT_low_eff_su2_r1_d6_b02__l2,pets_b02,eff_su2_r1_d6,low,l2,none,global_true_class_log_odds,adaptive_defended_reference_models,0.49960000000000004,0.51,0.05,0.14,1.400375169909018,as_defined,,,l2
PETS_CREDIT_low_eff_su2_r1_d6_b02__none,pets_b02,eff_su2_r1_d6,low,none,dynanoise,lira_online,adaptive_defended_reference_models,0.46299999999999997,0.45499999999999996,0.08,0.09,-0.08401088493100572,as_defined,,,dynanoise
PETS_CREDIT_low_eff_su2_r1_d6_b02__none,pets_b02,eff_su2_r1_d6,low,none,dynanoise,lira_online_fixed_variance,adaptive_defended_reference_models,0.4644,0.505,0.07,0.11,-1.252236922457295,as_defined,,,dynanoise
PETS_CREDIT_low_eff_su2_r1_d6_b02__none,pets_b02,eff_su2_r1_d6,low,none,dynanoise,lira_offline,adaptive_defended_reference_models,0.5364,0.54,0.11,0.13,-1.7041757504040829,as_defined,,,dynanoise
PETS_CREDIT_low_eff_su2_r1_d6_b02__none,pets_b02,eff_su2_r1_d6,low,none,dynanoise,lira_offline_fixed_variance,adaptive_defended_reference_models,0.5396,0.5449999999999999,0.1,0.14,-2.0438719927561264,as_defined,,,dynanoise
PETS_CREDIT_low_eff_su2_r1_d6_b02__none,pets_b02,eff_su2_r1_d6,low,none,dynanoise,global_true_class_log_odds,adaptive_defended_reference_models,0.49760000000000004,0.485,0.11,0.16,0.1094743188129938,as_defined,,,dynanoise
PETS_CREDIT_low_eff_su2_r1_d6_b02__none,pets_b02,eff_su2_r1_d6,low,none,hamp_output,lira_online,adaptive_defended_reference_models,0.4952,0.5,0.05,0.11,0.2674862078280012,inverted_from_calibration,,,hamp_output
PETS_CREDIT_low_eff_su2_r1_d6_b02__none,pets_b02,eff_su2_r1_d6,low,none,hamp_output,lira_online_fixed_variance,adaptive_defended_reference_models,0.4708,0.485,0.04,0.09,-0.32230983605482705,as_defined,,,hamp_output
PETS_CREDIT_low_eff_su2_r1_d6_b02__none,pets_b02,eff_su2_r1_d6,low,none,hamp_output,lira_offline,adaptive_defended_reference_models,0.5249,0.52,0.05,0.1,-0.49264913458091986,as_defined,,,hamp_output
PETS_CREDIT_low_eff_su2_r1_d6_b02__none,pets_b02,eff_su2_r1_d6,low,none,hamp_output,lira_offline_fixed_variance,adaptive_defended_reference_models,0.5062,0.52,0.01,0.04,0.24614269464664285,as_defined,,,hamp_output
PETS_CREDIT_low_eff_su2_r1_d6_b02__none,pets_b02,eff_su2_r1_d6,low,none,hamp_output,global_true_class_log_odds,adaptive_defended_reference_models,0.49260000000000004,0.5,0.03,0.09,-1.4044837870363198,inverted_from_calibration,,,hamp_output
PETS_CREDIT_low_eff_su2_r1_d6_b02__none,pets_b02,eff_su2_r1_d6,low,none,lattice_round,lira_online,adaptive_defended_reference_models,0.49269999999999997,0.495,0.03,0.11,-0.2001961716504423,as_defined,,,lattice_round
PETS_CREDIT_low_eff_su2_r1_d6_b02__none,pets_b02,eff_su2_r1_d6,low,none,lattice_round,lira_online_fixed_variance,adaptive_defended_reference_models,0.526,0.525,0.1,0.15,0.238544519684518,as_defined,,,lattice_round
PETS_CREDIT_low_eff_su2_r1_d6_b02__none,pets_b02,eff_su2_r1_d6,low,none,lattice_round,lira_offline,adaptive_defended_reference_models,0.48560000000000003,0.495,0.01,0.05,-0.08238899244637687,as_defined,,,lattice_round
PETS_CREDIT_low_eff_su2_r1_d6_b02__none,pets_b02,eff_su2_r1_d6,low,none,lattice_round,lira_offline_fixed_variance,adaptive_defended_reference_models,0.5176999999999999,0.52,0.09,0.14,0.25214159086401416,as_defined,,,lattice_round
PETS_CREDIT_low_eff_su2_r1_d6_b02__none,pets_b02,eff_su2_r1_d6,low,none,lattice_round,global_true_class_log_odds,adaptive_defended_reference_models,0.49600000000000005,0.49,0.12,0.13,1.1925523699740952,as_defined,,,lattice_round
PETS_CREDIT_low_eff_su2_r1_d6_b02__none,pets_b02,eff_su2_r1_d6,low,none,logitguard_continuous,lira_online,adaptive_defended_reference_models,0.41609999999999997,0.43,0.07,0.08,-0.7585402790280058,as_defined,,,logitguard_continuous
PETS_CREDIT_low_eff_su2_r1_d6_b02__none,pets_b02,eff_su2_r1_d6,low,none,logitguard_continuous,lira_online_fixed_variance,adaptive_defended_reference_models,0.4875,0.51,0.04,0.12,0.036277042362336975,as_defined,,,logitguard_continuous
PETS_CREDIT_low_eff_su2_r1_d6_b02__none,pets_b02,eff_su2_r1_d6,low,none,logitguard_continuous,lira_offline,adaptive_defended_reference_models,0.4848,0.52,0.04,0.04,0.8717522705024034,inverted_from_calibration,,,logitguard_continuous
PETS_CREDIT_low_eff_su2_r1_d6_b02__none,pets_b02,eff_su2_r1_d6,low,none,logitguard_continuous,lira_offline_fixed_variance,adaptive_defended_reference_models,0.4561,0.505,0.02,0.05,0.1744496342516848,inverted_from_calibration,,,logitguard_continuous
PETS_CREDIT_low_eff_su2_r1_d6_b02__none,pets_b02,eff_su2_r1_d6,low,none,logitguard_continuous,global_true_class_log_odds,adaptive_defended_reference_models,0.5063,0.48,0.07,0.16,1.165366643697649,as_defined,,,logitguard_continuous
PETS_CREDIT_low_eff_su2_r1_d6_b02__none,pets_b02,eff_su2_r1_d6,low,none,logitguard_quantized,lira_online,adaptive_defended_reference_models,0.4176000000000001,0.44499999999999995,0.1,0.1,0.11974875953868858,as_defined,,,logitguard_quantized
PETS_CREDIT_low_eff_su2_r1_d6_b02__none,pets_b02,eff_su2_r1_d6,low,none,logitguard_quantized,lira_online_fixed_variance,adaptive_defended_reference_models,0.4786,0.49,0.06,0.13,0.037330766782737834,as_defined,,,logitguard_quantized
PETS_CREDIT_low_eff_su2_r1_d6_b02__none,pets_b02,eff_su2_r1_d6,low,none,logitguard_quantized,lira_offline,adaptive_defended_reference_models,0.4852,0.495,0.04,0.06,1.2862584671553514,inverted_from_calibration,,,logitguard_quantized
PETS_CREDIT_low_eff_su2_r1_d6_b02__none,pets_b02,eff_su2_r1_d6,low,none,logitguard_quantized,lira_offline_fixed_variance,adaptive_defended_reference_models,0.4733,0.505,0.0,0.0,0.1830104881639789,inverted_from_calibration,,,logitguard_quantized
PETS_CREDIT_low_eff_su2_r1_d6_b02__none,pets_b02,eff_su2_r1_d6,low,none,logitguard_quantized,global_true_class_log_odds,adaptive_defended_reference_models,0.5016,0.505,0.07,0.16,1.1100000953234577,as_defined,,,logitguard_quantized
PETS_CREDIT_low_eff_su2_r1_d6_b02__none,pets_b02,eff_su2_r1_d6,low,none,measurementguard_continuous,lira_online,adaptive_defended_reference_models,0.5084,0.495,0.12,0.15,-0.3569661986252284,as_defined,,,measurementguard_continuous
PETS_CREDIT_low_eff_su2_r1_d6_b02__none,pets_b02,eff_su2_r1_d6,low,none,measurementguard_continuous,lira_online_fixed_variance,adaptive_defended_reference_models,0.5338,0.515,0.03,0.06,-0.1636071130215198,as_defined,,,measurementguard_continuous
PETS_CREDIT_low_eff_su2_r1_d6_b02__none,pets_b02,eff_su2_r1_d6,low,none,measurementguard_continuous,lira_offline,adaptive_defended_reference_models,0.5182,0.515,0.13,0.17,0.10955017928546684,inverted_from_calibration,,,measurementguard_continuous
PETS_CREDIT_low_eff_su2_r1_d6_b02__none,pets_b02,eff_su2_r1_d6,low,none,measurementguard_continuous,lira_offline_fixed_variance,adaptive_defended_reference_models,0.5204,0.52,0.11,0.16,-0.1733660042403749,inverted_from_calibration,,,measurementguard_continuous
PETS_CREDIT_low_eff_su2_r1_d6_b02__none,pets_b02,eff_su2_r1_d6,low,none,measurementguard_continuous,global_true_class_log_odds,adaptive_defended_reference_models,0.5168999999999999,0.5,0.05,0.12,0.9077669758511704,as_defined,,,measurementguard_continuous
PETS_CREDIT_low_eff_su2_r1_d6_b02__none,pets_b02,eff_su2_r1_d6,low,none,memgq_lattice,lira_online,adaptive_defended_reference_models,0.512,0.505,0.12,0.16,-0.4877288822207717,as_defined,,,memgq_lattice
PETS_CREDIT_low_eff_su2_r1_d6_b02__none,pets_b02,eff_su2_r1_d6,low,none,memgq_lattice,lira_online_fixed_variance,adaptive_defended_reference_models,0.4852,0.48000000000000004,0.05,0.08,-0.19615689676673048,inverted_from_calibration,,,memgq_lattice
PETS_CREDIT_low_eff_su2_r1_d6_b02__none,pets_b02,eff_su2_r1_d6,low,none,memgq_lattice,lira_offline,adaptive_defended_reference_models,0.4904,0.495,0.06,0.12,0.1591703148676049,inverted_from_calibration,,,memgq_lattice
PETS_CREDIT_low_eff_su2_r1_d6_b02__none,pets_b02,eff_su2_r1_d6,low,none,memgq_lattice,lira_offline_fixed_variance,adaptive_defended_reference_models,0.5218,0.5,0.09,0.16,-0.08017162499407937,inverted_from_calibration,,,memgq_lattice
PETS_CREDIT_low_eff_su2_r1_d6_b02__none,pets_b02,eff_su2_r1_d6,low,none,memgq_lattice,global_true_class_log_odds,adaptive_defended_reference_models,0.4962,0.515,0.04,0.1,1.0995183726275073,as_defined,,,memgq_lattice
PETS_CREDIT_low_eff_su2_r1_d6_b02__none,pets_b02,eff_su2_r1_d6,low,none,memgq_lattice_sticky,lira_online,adaptive_defended_reference_models,0.5143,0.495,0.12,0.15,-1.6875967823418514,as_defined,,,memgq_lattice_sticky
PETS_CREDIT_low_eff_su2_r1_d6_b02__none,pets_b02,eff_su2_r1_d6,low,none,memgq_lattice_sticky,lira_online_fixed_variance,adaptive_defended_reference_models,0.5005999999999999,0.51,0.05,0.06,-0.4600181411750937,as_defined,,,memgq_lattice_sticky
PETS_CREDIT_low_eff_su2_r1_d6_b02__none,pets_b02,eff_su2_r1_d6,low,none,memgq_lattice_sticky,lira_offline,adaptive_defended_reference_models,0.5073,0.495,0.08,0.12,-0.020799466245620568,inverted_from_calibration,,,memgq_lattice_sticky
PETS_CREDIT_low_eff_su2_r1_d6_b02__none,pets_b02,eff_su2_r1_d6,low,none,memgq_lattice_sticky,lira_offline_fixed_variance,adaptive_defended_reference_models,0.5279,0.485,0.04,0.1,-0.09825963514583275,inverted_from_calibration,,,memgq_lattice_sticky
PETS_CREDIT_low_eff_su2_r1_d6_b02__none,pets_b02,eff_su2_r1_d6,low,none,memgq_lattice_sticky,global_true_class_log_odds,adaptive_defended_reference_models,0.4988,0.525,0.07,0.11,1.0574773933976704,as_defined,,,memgq_lattice_sticky
PETS_CREDIT_low_eff_su2_r1_d6_b02__none,pets_b02,eff_su2_r1_d6,low,none,memguard,lira_online,adaptive_defended_reference_models,0.4824,0.52,0.04,0.08,-3.6982085706242023,inverted_from_calibration,,,memguard
PETS_CREDIT_low_eff_su2_r1_d6_b02__none,pets_b02,eff_su2_r1_d6,low,none,memguard,lira_online_fixed_variance,adaptive_defended_reference_models,0.5747,0.56,0.06,0.17,0.09868174703654592,as_defined,,,memguard
PETS_CREDIT_low_eff_su2_r1_d6_b02__none,pets_b02,eff_su2_r1_d6,low,none,memguard,lira_offline,adaptive_defended_reference_models,0.4998,0.51,0.06,0.09,1.2260857652767623,inverted_from_calibration,,,memguard
PETS_CREDIT_low_eff_su2_r1_d6_b02__none,pets_b02,eff_su2_r1_d6,low,none,memguard,lira_offline_fixed_variance,adaptive_defended_reference_models,0.48960000000000004,0.49,0.04,0.07,-0.14114032779975932,inverted_from_calibration,,,memguard
PETS_CREDIT_low_eff_su2_r1_d6_b02__none,pets_b02,eff_su2_r1_d6,low,none,memguard,global_true_class_log_odds,adaptive_defended_reference_models,0.4948,0.54,0.02,0.04,1.1183947376239258,as_defined,,,memguard
PETS_CREDIT_low_eff_su2_r1_d6_b02__none,pets_b02,eff_su2_r1_d6,low,none,none,lira_online,adaptive_defended_reference_models,0.5062,0.5,0.01,0.11,0.05164594104690534,as_defined,,,none
PETS_CREDIT_low_eff_su2_r1_d6_b02__none,pets_b02,eff_su2_r1_d6,low,none,none,lira_online_fixed_variance,adaptive_defended_reference_models,0.5336,0.54,0.11,0.15,0.13991800724610826,as_defined,,,none
PETS_CREDIT_low_eff_su2_r1_d6_b02__none,pets_b02,eff_su2_r1_d6,low,none,none,lira_offline,adaptive_defended_reference_models,0.47940000000000005,0.53,0.01,0.05,-0.33848094867745426,as_defined,,,none
PETS_CREDIT_low_eff_su2_r1_d6_b02__none,pets_b02,eff_su2_r1_d6,low,none,none,lira_offline_fixed_variance,adaptive_defended_reference_models,0.5228999999999999,0.495,0.09,0.14,0.05601678360834195,as_defined,,,none
PETS_CREDIT_low_eff_su2_r1_d6_b02__none,pets_b02,eff_su2_r1_d6,low,none,none,global_true_class_log_odds,adaptive_defended_reference_models,0.49510000000000004,0.5,0.13,0.14,1.1148204720806874,as_defined,,,none
PETS_CREDIT_low_eff_su2_r1_d6_b03__l2,pets_b03,eff_su2_r1_d6,low,l2,none,lira_online,adaptive_defended_reference_models,0.4651,0.495,0.05,0.08,-1.0615093191882141,inverted_from_calibration,,,l2
PETS_CREDIT_low_eff_su2_r1_d6_b03__l2,pets_b03,eff_su2_r1_d6,low,l2,none,lira_online_fixed_variance,adaptive_defended_reference_models,0.5462,0.525,0.02,0.22,-0.03119011701285379,as_defined,,,l2
PETS_CREDIT_low_eff_su2_r1_d6_b03__l2,pets_b03,eff_su2_r1_d6,low,l2,none,lira_offline,adaptive_defended_reference_models,0.4955,0.485,0.06,0.12,-0.24187503208508543,as_defined,,,l2
PETS_CREDIT_low_eff_su2_r1_d6_b03__l2,pets_b03,eff_su2_r1_d6,low,l2,none,lira_offline_fixed_variance,adaptive_defended_reference_models,0.4496,0.51,0.02,0.05,-1.902716221827771,inverted_from_calibration,,,l2
PETS_CREDIT_low_eff_su2_r1_d6_b03__l2,pets_b03,eff_su2_r1_d6,low,l2,none,global_true_class_log_odds,adaptive_defended_reference_models,0.4555,0.44,0.04,0.05,-1.3599247601172029,inverted_from_calibration,,,l2
PETS_CREDIT_low_eff_su2_r1_d6_b03__none,pets_b03,eff_su2_r1_d6,low,none,dynanoise,lira_online,adaptive_defended_reference_models,0.4766,0.49,0.04,0.08,0.6107579356211891,as_defined,,,dynanoise
PETS_CREDIT_low_eff_su2_r1_d6_b03__none,pets_b03,eff_su2_r1_d6,low,none,dynanoise,lira_online_fixed_variance,adaptive_defended_reference_models,0.5199,0.515,0.04,0.09,0.3128322470135938,inverted_from_calibration,,,dynanoise
PETS_CREDIT_low_eff_su2_r1_d6_b03__none,pets_b03,eff_su2_r1_d6,low,none,dynanoise,lira_offline,adaptive_defended_reference_models,0.5054,0.5349999999999999,0.02,0.09,-1.7467509497129452,as_defined,,,dynanoise
PETS_CREDIT_low_eff_su2_r1_d6_b03__none,pets_b03,eff_su2_r1_d6,low,none,dynanoise,lira_offline_fixed_variance,adaptive_defended_reference_models,0.5359999999999999,0.515,0.08,0.13,-1.7902954180674295,as_defined,,,dynanoise
PETS_CREDIT_low_eff_su2_r1_d6_b03__none,pets_b03,eff_su2_r1_d6,low,none,dynanoise,global_true_class_log_odds,adaptive_defended_reference_models,0.4556,0.485,0.04,0.05,-0.14676787630447558,inverted_from_calibration,,,dynanoise
PETS_CREDIT_low_eff_su2_r1_d6_b03__none,pets_b03,eff_su2_r1_d6,low,none,hamp_output,lira_online,adaptive_defended_reference_models,0.5024,0.51,0.07,0.11,2.51645230279638,inverted_from_calibration,,,hamp_output
PETS_CREDIT_low_eff_su2_r1_d6_b03__none,pets_b03,eff_su2_r1_d6,low,none,hamp_output,lira_online_fixed_variance,adaptive_defended_reference_models,0.4791,0.46499999999999997,0.08,0.11,-0.17887157731252173,as_defined,,,hamp_output
PETS_CREDIT_low_eff_su2_r1_d6_b03__none,pets_b03,eff_su2_r1_d6,low,none,hamp_output,lira_offline,adaptive_defended_reference_models,0.4776,0.52,0.06,0.1,0.29421677049996475,as_defined,,,hamp_output
PETS_CREDIT_low_eff_su2_r1_d6_b03__none,pets_b03,eff_su2_r1_d6,low,none,hamp_output,lira_offline_fixed_variance,adaptive_defended_reference_models,0.48560000000000003,0.495,0.09,0.12,0.4563651584872156,as_defined,,,hamp_output
PETS_CREDIT_low_eff_su2_r1_d6_b03__none,pets_b03,eff_su2_r1_d6,low,none,hamp_output,global_true_class_log_odds,adaptive_defended_reference_models,0.46749999999999997,0.485,0.03,0.06,-1.02417978716721,inverted_from_calibration,,,hamp_output
PETS_CREDIT_low_eff_su2_r1_d6_b03__none,pets_b03,eff_su2_r1_d6,low,none,lattice_round,lira_online,adaptive_defended_reference_models,0.5238,0.5,0.08,0.14,-0.04773236492789279,as_defined,,,lattice_round
PETS_CREDIT_low_eff_su2_r1_d6_b03__none,pets_b03,eff_su2_r1_d6,low,none,lattice_round,lira_online_fixed_variance,adaptive_defended_reference_models,0.5023000000000001,0.5,0.03,0.09,0.2915573473046056,as_defined,,,lattice_round
PETS_CREDIT_low_eff_su2_r1_d6_b03__none,pets_b03,eff_su2_r1_d6,low,none,lattice_round,lira_offline,adaptive_defended_reference_models,0.4736000000000001,0.495,0.03,0.08,-2.594306422788664,inverted_from_calibration,,,lattice_round
PETS_CREDIT_low_eff_su2_r1_d6_b03__none,pets_b03,eff_su2_r1_d6,low,none,lattice_round,lira_offline_fixed_variance,adaptive_defended_reference_models,0.5042,0.49,0.06,0.12,0.6419122125070307,as_defined,,,lattice_round
PETS_CREDIT_low_eff_su2_r1_d6_b03__none,pets_b03,eff_su2_r1_d6,low,none,lattice_round,global_true_class_log_odds,adaptive_defended_reference_models,0.4593,0.47,0.02,0.05,0.7804880354296507,inverted_from_calibration,,,lattice_round
PETS_CREDIT_low_eff_su2_r1_d6_b03__none,pets_b03,eff_su2_r1_d6,low,none,logitguard_continuous,lira_online,adaptive_defended_reference_models,0.5529999999999999,0.535,0.08,0.21,-0.08565418337003905,as_defined,,,logitguard_continuous
PETS_CREDIT_low_eff_su2_r1_d6_b03__none,pets_b03,eff_su2_r1_d6,low,none,logitguard_continuous,lira_online_fixed_variance,adaptive_defended_reference_models,0.4864,0.49,0.05,0.06,0.02682989367332478,as_defined,,,logitguard_continuous
PETS_CREDIT_low_eff_su2_r1_d6_b03__none,pets_b03,eff_su2_r1_d6,low,none,logitguard_continuous,lira_offline,adaptive_defended_reference_models,0.45710000000000006,0.485,0.06,0.1,1.356701061375211,inverted_from_calibration,,,logitguard_continuous
PETS_CREDIT_low_eff_su2_r1_d6_b03__none,pets_b03,eff_su2_r1_d6,low,none,logitguard_continuous,lira_offline_fixed_variance,adaptive_defended_reference_models,0.482,0.46499999999999997,0.03,0.1,0.0077845308622956355,inverted_from_calibration,,,logitguard_continuous
PETS_CREDIT_low_eff_su2_r1_d6_b03__none,pets_b03,eff_su2_r1_d6,low,none,logitguard_continuous,global_true_class_log_odds,adaptive_defended_reference_models,0.5039,0.52,0.06,0.11,1.171360476633002,as_defined,,,logitguard_continuous
PETS_CREDIT_low_eff_su2_r1_d6_b03__none,pets_b03,eff_su2_r1_d6,low,none,logitguard_quantized,lira_online,adaptive_defended_reference_models,0.549,0.515,0.11,0.23,3.467751794605789e-07,as_defined,,,logitguard_quantized
PETS_CREDIT_low_eff_su2_r1_d6_b03__none,pets_b03,eff_su2_r1_d6,low,none,logitguard_quantized,lira_online_fixed_variance,adaptive_defended_reference_models,0.4711,0.49,0.05,0.06,0.02508365272968416,as_defined,,,logitguard_quantized
PETS_CREDIT_low_eff_su2_r1_d6_b03__none,pets_b03,eff_su2_r1_d6,low,none,logitguard_quantized,lira_offline,adaptive_defended_reference_models,0.4435,0.495,0.06,0.08,1.5112213688364904,inverted_from_calibration,,,logitguard_quantized
PETS_CREDIT_low_eff_su2_r1_d6_b03__none,pets_b03,eff_su2_r1_d6,low,none,logitguard_quantized,lira_offline_fixed_variance,adaptive_defended_reference_models,0.48345,0.485,0.0,0.11,0.008875765233469668,inverted_from_calibration,,,logitguard_quantized
PETS_CREDIT_low_eff_su2_r1_d6_b03__none,pets_b03,eff_su2_r1_d6,low,none,logitguard_quantized,global_true_class_log_odds,adaptive_defended_reference_models,0.515,0.52,0.04,0.07,1.1699998453521303,as_defined,,,logitguard_quantized
PETS_CREDIT_low_eff_su2_r1_d6_b03__none,pets_b03,eff_su2_r1_d6,low,none,measurementguard_continuous,lira_online,adaptive_defended_reference_models,0.48729999999999996,0.49,0.06,0.09,0.16340204787529966,inverted_from_calibration,,,measurementguard_continuous
PETS_CREDIT_low_eff_su2_r1_d6_b03__none,pets_b03,eff_su2_r1_d6,low,none,measurementguard_continuous,lira_online_fixed_variance,adaptive_defended_reference_models,0.539,0.565,0.1,0.17,0.0004907717106559795,inverted_from_calibration,,,measurementguard_continuous
PETS_CREDIT_low_eff_su2_r1_d6_b03__none,pets_b03,eff_su2_r1_d6,low,none,measurementguard_continuous,lira_offline,adaptive_defended_reference_models,0.4679,0.47,0.05,0.09,-0.6788534682571018,inverted_from_calibration,,,measurementguard_continuous
PETS_CREDIT_low_eff_su2_r1_d6_b03__none,pets_b03,eff_su2_r1_d6,low,none,measurementguard_continuous,lira_offline_fixed_variance,adaptive_defended_reference_models,0.48610000000000003,0.495,0.04,0.1,-0.4487329192327796,inverted_from_calibration,,,measurementguard_continuous
PETS_CREDIT_low_eff_su2_r1_d6_b03__none,pets_b03,eff_su2_r1_d6,low,none,measurementguard_continuous,global_true_class_log_odds,adaptive_defended_reference_models,0.5609999999999999,0.5349999999999999,0.07,0.13,0.9261425151524618,as_defined,,,measurementguard_continuous
PETS_CREDIT_low_eff_su2_r1_d6_b03__none,pets_b03,eff_su2_r1_d6,low,none,memgq_lattice,lira_online,adaptive_defended_reference_models,0.4566,0.45,0.06,0.08,-0.5403368293327298,inverted_from_calibration,,,memgq_lattice
PETS_CREDIT_low_eff_su2_r1_d6_b03__none,pets_b03,eff_su2_r1_d6,low,none,memgq_lattice,lira_online_fixed_variance,adaptive_defended_reference_models,0.49379999999999996,0.48,0.08,0.16,-0.03174313336896806,inverted_from_calibration,,,memgq_lattice
PETS_CREDIT_low_eff_su2_r1_d6_b03__none,pets_b03,eff_su2_r1_d6,low,none,memgq_lattice,lira_offline,adaptive_defended_reference_models,0.4485,0.49,0.02,0.06,-0.22511622950151877,inverted_from_calibration,,,memgq_lattice
PETS_CREDIT_low_eff_su2_r1_d6_b03__none,pets_b03,eff_su2_r1_d6,low,none,memgq_lattice,lira_offline_fixed_variance,adaptive_defended_reference_models,0.47140000000000004,0.49,0.04,0.08,-0.23048950953291203,inverted_from_calibration,,,memgq_lattice
PETS_CREDIT_low_eff_su2_r1_d6_b03__none,pets_b03,eff_su2_r1_d6,low,none,memgq_lattice,global_true_class_log_odds,adaptive_defended_reference_models,0.44165,0.46499999999999997,0.04,0.07,-1.3847819309769405,inverted_from_calibration,,,memgq_lattice
PETS_CREDIT_low_eff_su2_r1_d6_b03__none,pets_b03,eff_su2_r1_d6,low,none,memgq_lattice_sticky,lira_online,adaptive_defended_reference_models,0.4816,0.47,0.06,0.08,-0.2776647245910987,inverted_from_calibration,,,memgq_lattice_sticky
PETS_CREDIT_low_eff_su2_r1_d6_b03__none,pets_b03,eff_su2_r1_d6,low,none,memgq_lattice_sticky,lira_online_fixed_variance,adaptive_defended_reference_models,0.4914,0.48,0.06,0.13,-0.15548195677385485,inverted_from_calibration,,,memgq_lattice_sticky
PETS_CREDIT_low_eff_su2_r1_d6_b03__none,pets_b03,eff_su2_r1_d6,low,none,memgq_lattice_sticky,lira_offline,adaptive_defended_reference_models,0.45320000000000005,0.48,0.03,0.05,-0.09722509295125387,inverted_from_calibration,,,memgq_lattice_sticky
PETS_CREDIT_low_eff_su2_r1_d6_b03__none,pets_b03,eff_su2_r1_d6,low,none,memgq_lattice_sticky,lira_offline_fixed_variance,adaptive_defended_reference_models,0.4684,0.49,0.05,0.08,-0.3015023554222121,inverted_from_calibration,,,memgq_lattice_sticky
PETS_CREDIT_low_eff_su2_r1_d6_b03__none,pets_b03,eff_su2_r1_d6,low,none,memgq_lattice_sticky,global_true_class_log_odds,adaptive_defended_reference_models,0.57535,0.555,0.07,0.14,0.9911579259699843,as_defined,,,memgq_lattice_sticky
PETS_CREDIT_low_eff_su2_r1_d6_b03__none,pets_b03,eff_su2_r1_d6,low,none,memguard,lira_online,adaptive_defended_reference_models,0.5768999999999999,0.545,0.08,0.17,-0.7180872589796049,as_defined,,,memguard
PETS_CREDIT_low_eff_su2_r1_d6_b03__none,pets_b03,eff_su2_r1_d6,low,none,memguard,lira_online_fixed_variance,adaptive_defended_reference_models,0.4534,0.455,0.06,0.07,-0.04142171250053339,inverted_from_calibration,,,memguard
PETS_CREDIT_low_eff_su2_r1_d6_b03__none,pets_b03,eff_su2_r1_d6,low,none,memguard,lira_offline,adaptive_defended_reference_models,0.4848,0.505,0.06,0.15,2.0101643123203985,inverted_from_calibration,,,memguard
PETS_CREDIT_low_eff_su2_r1_d6_b03__none,pets_b03,eff_su2_r1_d6,low,none,memguard,lira_offline_fixed_variance,adaptive_defended_reference_models,0.4892,0.485,0.06,0.07,-0.20931935736171553,inverted_from_calibration,,,memguard
PETS_CREDIT_low_eff_su2_r1_d6_b03__none,pets_b03,eff_su2_r1_d6,low,none,memguard,global_true_class_log_odds,adaptive_defended_reference_models,0.4103,0.475,0.03,0.04,-1.2871827361885775,inverted_from_calibration,,,memguard
PETS_CREDIT_low_eff_su2_r1_d6_b03__none,pets_b03,eff_su2_r1_d6,low,none,none,lira_online,adaptive_defended_reference_models,0.5142,0.525,0.09,0.13,0.2592062641463382,as_defined,,,none
PETS_CREDIT_low_eff_su2_r1_d6_b03__none,pets_b03,eff_su2_r1_d6,low,none,none,lira_online_fixed_variance,adaptive_defended_reference_models,0.49950000000000006,0.47500000000000003,0.05,0.11,0.6674495546595347,as_defined,,,none
PETS_CREDIT_low_eff_su2_r1_d6_b03__none,pets_b03,eff_su2_r1_d6,low,none,none,lira_offline,adaptive_defended_reference_models,0.4798,0.48,0.04,0.09,-2.9549148678231276,inverted_from_calibration,,,none
PETS_CREDIT_low_eff_su2_r1_d6_b03__none,pets_b03,eff_su2_r1_d6,low,none,none,lira_offline_fixed_variance,adaptive_defended_reference_models,0.5011,0.485,0.07,0.14,0.6941001976532732,as_defined,,,none
PETS_CREDIT_low_eff_su2_r1_d6_b03__none,pets_b03,eff_su2_r1_d6,low,none,none,global_true_class_log_odds,adaptive_defended_reference_models,0.461,0.47,0.03,0.05,-1.5835557482691702,inverted_from_calibration,,,none
PETS_CREDIT_low_eff_su2_r1_d6_b04__l2,pets_b04,eff_su2_r1_d6,low,l2,none,lira_online,adaptive_defended_reference_models,0.5128,0.51,0.04,0.12,0.3929898591740304,as_defined,,,l2
PETS_CREDIT_low_eff_su2_r1_d6_b04__l2,pets_b04,eff_su2_r1_d6,low,l2,none,lira_online_fixed_variance,adaptive_defended_reference_models,0.4686,0.485,0.06,0.06,0.1216237014675301,as_defined,,,l2
PETS_CREDIT_low_eff_su2_r1_d6_b04__l2,pets_b04,eff_su2_r1_d6,low,l2,none,lira_offline,adaptive_defended_reference_models,0.5335,0.5349999999999999,0.04,0.12,-0.4381693276373594,as_defined,,,l2
PETS_CREDIT_low_eff_su2_r1_d6_b04__l2,pets_b04,eff_su2_r1_d6,low,l2,none,lira_offline_fixed_variance,adaptive_defended_reference_models,0.526,0.55,0.08,0.14,-0.5293995982808606,as_defined,,,l2
PETS_CREDIT_low_eff_su2_r1_d6_b04__l2,pets_b04,eff_su2_r1_d6,low,l2,none,global_true_class_log_odds,adaptive_defended_reference_models,0.5344,0.5549999999999999,0.06,0.12,1.1899556744566242,as_defined,,,l2
PETS_CREDIT_low_eff_su2_r1_d6_b04__none,pets_b04,eff_su2_r1_d6,low,none,dynanoise,lira_online,adaptive_defended_reference_models,0.4789999999999999,0.46499999999999997,0.09,0.14,0.1747413040382375,inverted_from_calibration,,,dynanoise
PETS_CREDIT_low_eff_su2_r1_d6_b04__none,pets_b04,eff_su2_r1_d6,low,none,dynanoise,lira_online_fixed_variance,adaptive_defended_reference_models,0.49079999999999996,0.485,0.05,0.07,-0.4846273072430942,as_defined,,,dynanoise
PETS_CREDIT_low_eff_su2_r1_d6_b04__none,pets_b04,eff_su2_r1_d6,low,none,dynanoise,lira_offline,adaptive_defended_reference_models,0.5395,0.49,0.04,0.11,6.38136908228567,as_defined,,,dynanoise
PETS_CREDIT_low_eff_su2_r1_d6_b04__none,pets_b04,eff_su2_r1_d6,low,none,dynanoise,lira_offline_fixed_variance,adaptive_defended_reference_models,0.4618,0.47,0.08,0.1,2.2869142330252177,inverted_from_calibration,,,dynanoise
PETS_CREDIT_low_eff_su2_r1_d6_b04__none,pets_b04,eff_su2_r1_d6,low,none,dynanoise,global_true_class_log_odds,adaptive_defended_reference_models,0.5468,0.545,0.04,0.08,0.11557699018383971,as_defined,,,dynanoise
PETS_CREDIT_low_eff_su2_r1_d6_b04__none,pets_b04,eff_su2_r1_d6,low,none,hamp_output,lira_online,adaptive_defended_reference_models,0.5679000000000001,0.5499999999999999,0.14,0.2,0.362293948223847,as_defined,,,hamp_output
PETS_CREDIT_low_eff_su2_r1_d6_b04__none,pets_b04,eff_su2_r1_d6,low,none,hamp_output,lira_online_fixed_variance,adaptive_defended_reference_models,0.5375,0.535,0.08,0.15,0.7841033228614196,as_defined,,,hamp_output
PETS_CREDIT_low_eff_su2_r1_d6_b04__none,pets_b04,eff_su2_r1_d6,low,none,hamp_output,lira_offline,adaptive_defended_reference_models,0.5831999999999999,0.575,0.1,0.26,1.1497624633738242,as_defined,,,hamp_output
PETS_CREDIT_low_eff_su2_r1_d6_b04__none,pets_b04,eff_su2_r1_d6,low,none,hamp_output,lira_offline_fixed_variance,adaptive_defended_reference_models,0.44320000000000004,0.45499999999999996,0.03,0.08,0.21539754261107547,inverted_from_calibration,,,hamp_output
PETS_CREDIT_low_eff_su2_r1_d6_b04__none,pets_b04,eff_su2_r1_d6,low,none,hamp_output,global_true_class_log_odds,adaptive_defended_reference_models,0.4616,0.485,0.04,0.09,-1.342419330271032,inverted_from_calibration,,,hamp_output
PETS_CREDIT_low_eff_su2_r1_d6_b04__none,pets_b04,eff_su2_r1_d6,low,none,lattice_round,lira_online,adaptive_defended_reference_models,0.4587,0.475,0.04,0.09,0.07572870629383749,inverted_from_calibration,,,lattice_round
PETS_CREDIT_low_eff_su2_r1_d6_b04__none,pets_b04,eff_su2_r1_d6,low,none,lattice_round,lira_online_fixed_variance,adaptive_defended_reference_models,0.5579999999999999,0.5,0.06,0.11,0.9500187598413784,as_defined,,,lattice_round
PETS_CREDIT_low_eff_su2_r1_d6_b04__none,pets_b04,eff_su2_r1_d6,low,none,lattice_round,lira_offline,adaptive_defended_reference_models,0.5494,0.52,0.08,0.11,0.7905802390999133,as_defined,,,lattice_round
PETS_CREDIT_low_eff_su2_r1_d6_b04__none,pets_b04,eff_su2_r1_d6,low,none,lattice_round,lira_offline_fixed_variance,adaptive_defended_reference_models,0.5669,0.53,0.11,0.13,0.6815338292378772,as_defined,,,lattice_round
PETS_CREDIT_low_eff_su2_r1_d6_b04__none,pets_b04,eff_su2_r1_d6,low,none,lattice_round,global_true_class_log_odds,adaptive_defended_reference_models,0.5463,0.555,0.04,0.15,1.2469195426572592,as_defined,,,lattice_round
PETS_CREDIT_low_eff_su2_r1_d6_b04__none,pets_b04,eff_su2_r1_d6,low,none,logitguard_continuous,lira_online,adaptive_defended_reference_models,0.47490000000000004,0.485,0.05,0.08,3.4273068021947912,as_defined,,,logitguard_continuous
PETS_CREDIT_low_eff_su2_r1_d6_b04__none,pets_b04,eff_su2_r1_d6,low,none,logitguard_continuous,lira_online_fixed_variance,adaptive_defended_reference_models,0.505,0.51,0.06,0.11,-0.07902691897701153,inverted_from_calibration,,,logitguard_continuous
PETS_CREDIT_low_eff_su2_r1_d6_b04__none,pets_b04,eff_su2_r1_d6,low,none,logitguard_continuous,lira_offline,adaptive_defended_reference_models,0.5498000000000001,0.5,0.06,0.1,5.902618431478931,as_defined,,,logitguard_continuous
PETS_CREDIT_low_eff_su2_r1_d6_b04__none,pets_b04,eff_su2_r1_d6,low,none,logitguard_continuous,lira_offline_fixed_variance,adaptive_defended_reference_models,0.547,0.5549999999999999,0.07,0.12,-0.5138030078831757,as_defined,,,logitguard_continuous
PETS_CREDIT_low_eff_su2_r1_d6_b04__none,pets_b04,eff_su2_r1_d6,low,none,logitguard_continuous,global_true_class_log_odds,adaptive_defended_reference_models,0.5302,0.53,0.06,0.1,1.077769576355018,as_defined,,,logitguard_continuous
PETS_CREDIT_low_eff_su2_r1_d6_b04__none,pets_b04,eff_su2_r1_d6,low,none,logitguard_quantized,lira_online,adaptive_defended_reference_models,0.46330000000000005,0.495,0.05,0.1,9.99818899906024,as_defined,,,logitguard_quantized
PETS_CREDIT_low_eff_su2_r1_d6_b04__none,pets_b04,eff_su2_r1_d6,low,none,logitguard_quantized,lira_online_fixed_variance,adaptive_defended_reference_models,0.511,0.54,0.06,0.11,-0.07539683089653415,inverted_from_calibration,,,logitguard_quantized
PETS_CREDIT_low_eff_su2_r1_d6_b04__none,pets_b04,eff_su2_r1_d6,low,none,logitguard_quantized,lira_offline,adaptive_defended_reference_models,0.54805,0.55,0.06,0.13,-0.6950772584295298,as_defined,,,logitguard_quantized
PETS_CREDIT_low_eff_su2_r1_d6_b04__none,pets_b04,eff_su2_r1_d6,low,none,logitguard_quantized,lira_offline_fixed_variance,adaptive_defended_reference_models,0.5328499999999999,0.52,0.07,0.12,-0.5088674148004575,as_defined,,,logitguard_quantized
PETS_CREDIT_low_eff_su2_r1_d6_b04__none,pets_b04,eff_su2_r1_d6,low,none,logitguard_quantized,global_true_class_log_odds,adaptive_defended_reference_models,0.53145,0.55,0.06,0.1,1.070000078146383,as_defined,,,logitguard_quantized
PETS_CREDIT_low_eff_su2_r1_d6_b04__none,pets_b04,eff_su2_r1_d6,low,none,measurementguard_continuous,lira_online,adaptive_defended_reference_models,0.5054,0.53,0.03,0.11,0.2684894085910161,inverted_from_calibration,,,measurementguard_continuous
PETS_CREDIT_low_eff_su2_r1_d6_b04__none,pets_b04,eff_su2_r1_d6,low,none,measurementguard_continuous,lira_online_fixed_variance,adaptive_defended_reference_models,0.5089,0.49,0.09,0.1,-0.016387369864958368,inverted_from_calibration,,,measurementguard_continuous
PETS_CREDIT_low_eff_su2_r1_d6_b04__none,pets_b04,eff_su2_r1_d6,low,none,measurementguard_continuous,lira_offline,adaptive_defended_reference_models,0.5629000000000001,0.5349999999999999,0.07,0.13,-0.2663903789934243,as_defined,,,measurementguard_continuous
PETS_CREDIT_low_eff_su2_r1_d6_b04__none,pets_b04,eff_su2_r1_d6,low,none,measurementguard_continuous,lira_offline_fixed_variance,adaptive_defended_reference_models,0.5579000000000001,0.535,0.12,0.17,-0.14010092722225997,as_defined,,,measurementguard_continuous
PETS_CREDIT_low_eff_su2_r1_d6_b04__none,pets_b04,eff_su2_r1_d6,low,none,measurementguard_continuous,global_true_class_log_odds,adaptive_defended_reference_models,0.5308,0.5249999999999999,0.06,0.13,1.0899990421289685,as_defined,,,measurementguard_continuous
PETS_CREDIT_low_eff_su2_r1_d6_b04__none,pets_b04,eff_su2_r1_d6,low,none,memgq_lattice,lira_online,adaptive_defended_reference_models,0.52,0.51,0.07,0.09,-1.614398775588282,inverted_from_calibration,,,memgq_lattice
PETS_CREDIT_low_eff_su2_r1_d6_b04__none,pets_b04,eff_su2_r1_d6,low,none,memgq_lattice,lira_online_fixed_variance,adaptive_defended_reference_models,0.4648,0.45,0.08,0.14,0.003395004917885358,inverted_from_calibration,,,memgq_lattice
PETS_CREDIT_low_eff_su2_r1_d6_b04__none,pets_b04,eff_su2_r1_d6,low,none,memgq_lattice,lira_offline,adaptive_defended_reference_models,0.5332,0.53,0.04,0.1,-0.6781263069997213,as_defined,,,memgq_lattice
PETS_CREDIT_low_eff_su2_r1_d6_b04__none,pets_b04,eff_su2_r1_d6,low,none,memgq_lattice,lira_offline_fixed_variance,adaptive_defended_reference_models,0.5338,0.51,0.06,0.14,-0.34023132028155456,as_defined,,,memgq_lattice
PETS_CREDIT_low_eff_su2_r1_d6_b04__none,pets_b04,eff_su2_r1_d6,low,none,memgq_lattice,global_true_class_log_odds,adaptive_defended_reference_models,0.5293,0.535,0.05,0.09,1.2451707248251098,as_defined,,,memgq_lattice
PETS_CREDIT_low_eff_su2_r1_d6_b04__none,pets_b04,eff_su2_r1_d6,low,none,memgq_lattice_sticky,lira_online,adaptive_defended_reference_models,0.49410000000000004,0.465,0.05,0.08,0.4712592569286128,inverted_from_calibration,,,memgq_lattice_sticky
PETS_CREDIT_low_eff_su2_r1_d6_b04__none,pets_b04,eff_su2_r1_d6,low,none,memgq_lattice_sticky,lira_online_fixed_variance,adaptive_defended_reference_models,0.48639999999999994,0.525,0.05,0.07,0.015898796173680063,inverted_from_calibration,,,memgq_lattice_sticky
PETS_CREDIT_low_eff_su2_r1_d6_b04__none,pets_b04,eff_su2_r1_d6,low,none,memgq_lattice_sticky,lira_offline,adaptive_defended_reference_models,0.5383,0.535,0.06,0.08,-0.9072557750822127,as_defined,,,memgq_lattice_sticky
PETS_CREDIT_low_eff_su2_r1_d6_b04__none,pets_b04,eff_su2_r1_d6,low,none,memgq_lattice_sticky,lira_offline_fixed_variance,adaptive_defended_reference_models,0.52,0.54,0.05,0.1,-0.3830760652073606,as_defined,,,memgq_lattice_sticky
PETS_CREDIT_low_eff_su2_r1_d6_b04__none,pets_b04,eff_su2_r1_d6,low,none,memgq_lattice_sticky,global_true_class_log_odds,adaptive_defended_reference_models,0.5282,0.5549999999999999,0.04,0.09,1.1663547808748453,as_defined,,,memgq_lattice_sticky
PETS_CREDIT_low_eff_su2_r1_d6_b04__none,pets_b04,eff_su2_r1_d6,low,none,memguard,lira_online,adaptive_defended_reference_models,0.5363,0.49,0.06,0.13,-1.2182520526167013,as_defined,,,memguard
PETS_CREDIT_low_eff_su2_r1_d6_b04__none,pets_b04,eff_su2_r1_d6,low,none,memguard,lira_online_fixed_variance,adaptive_defended_reference_models,0.5367,0.57,0.06,0.17,0.15994998424031348,as_defined,,,memguard
PETS_CREDIT_low_eff_su2_r1_d6_b04__none,pets_b04,eff_su2_r1_d6,low,none,memguard,lira_offline,adaptive_defended_reference_models,0.5727,0.555,0.07,0.11,0.7117418779894021,as_defined,,,memguard
PETS_CREDIT_low_eff_su2_r1_d6_b04__none,pets_b04,eff_su2_r1_d6,low,none,memguard,lira_offline_fixed_variance,adaptive_defended_reference_models,0.5707,0.545,0.07,0.14,0.06587486220937161,as_defined,,,memguard
PETS_CREDIT_low_eff_su2_r1_d6_b04__none,pets_b04,eff_su2_r1_d6,low,none,memguard,global_true_class_log_odds,adaptive_defended_reference_models,0.5478000000000001,0.53,0.08,0.13,1.0355674189090505,as_defined,,,memguard
PETS_CREDIT_low_eff_su2_r1_d6_b04__none,pets_b04,eff_su2_r1_d6,low,none,none,lira_online,adaptive_defended_reference_models,0.4572,0.44499999999999995,0.03,0.1,0.0012450898225409013,inverted_from_calibration,,,none
PETS_CREDIT_low_eff_su2_r1_d6_b04__none,pets_b04,eff_su2_r1_d6,low,none,none,lira_online_fixed_variance,adaptive_defended_reference_models,0.5492,0.5,0.06,0.12,0.7386869867616621,as_defined,,,none
PETS_CREDIT_low_eff_su2_r1_d6_b04__none,pets_b04,eff_su2_r1_d6,low,none,none,lira_offline,adaptive_defended_reference_models,0.5568,0.545,0.07,0.09,0.7887589376008642,as_defined,,,none
PETS_CREDIT_low_eff_su2_r1_d6_b04__none,pets_b04,eff_su2_r1_d6,low,none,none,lira_offline_fixed_variance,adaptive_defended_reference_models,0.5649000000000001,0.54,0.11,0.14,-0.14891360755574956,as_defined,,,none
PETS_CREDIT_low_eff_su2_r1_d6_b04__none,pets_b04,eff_su2_r1_d6,low,none,none,global_true_class_log_odds,adaptive_defended_reference_models,0.5457,0.5349999999999999,0.04,0.15,1.0355672643446878,as_defined,,,none
PETS_CREDIT_low_eff_su2_r1_d6_b05__l2,pets_b05,eff_su2_r1_d6,low,l2,none,lira_online,adaptive_defended_reference_models,0.5289,0.52,0.1,0.13,-2.902041495775646,as_defined,,,l2
PETS_CREDIT_low_eff_su2_r1_d6_b05__l2,pets_b05,eff_su2_r1_d6,low,l2,none,lira_online_fixed_variance,adaptive_defended_reference_models,0.4689,0.48,0.05,0.1,0.27442733348234816,inverted_from_calibration,,,l2
PETS_CREDIT_low_eff_su2_r1_d6_b05__l2,pets_b05,eff_su2_r1_d6,low,l2,none,lira_offline,adaptive_defended_reference_models,0.49979999999999997,0.495,0.1,0.12,0.6522471515076788,inverted_from_calibration,,,l2
PETS_CREDIT_low_eff_su2_r1_d6_b05__l2,pets_b05,eff_su2_r1_d6,low,l2,none,lira_offline_fixed_variance,adaptive_defended_reference_models,0.519,0.515,0.04,0.09,0.10879920631220741,inverted_from_calibration,,,l2
PETS_CREDIT_low_eff_su2_r1_d6_b05__l2,pets_b05,eff_su2_r1_d6,low,l2,none,global_true_class_log_odds,adaptive_defended_reference_models,0.5118999999999999,0.495,0.03,0.04,-2.0210165986052675,inverted_from_calibration,,,l2
PETS_CREDIT_low_eff_su2_r1_d6_b05__none,pets_b05,eff_su2_r1_d6,low,none,dynanoise,lira_online,adaptive_defended_reference_models,0.5457000000000001,0.525,0.11,0.17,0.624053219684919,as_defined,,,dynanoise
PETS_CREDIT_low_eff_su2_r1_d6_b05__none,pets_b05,eff_su2_r1_d6,low,none,dynanoise,lira_online_fixed_variance,adaptive_defended_reference_models,0.47550000000000003,0.48,0.06,0.08,-0.2804145045565998,as_defined,,,dynanoise
PETS_CREDIT_low_eff_su2_r1_d6_b05__none,pets_b05,eff_su2_r1_d6,low,none,dynanoise,lira_offline,adaptive_defended_reference_models,0.5424,0.515,0.09,0.15,-0.8649433376471858,as_defined,,,dynanoise
PETS_CREDIT_low_eff_su2_r1_d6_b05__none,pets_b05,eff_su2_r1_d6,low,none,dynanoise,lira_offline_fixed_variance,adaptive_defended_reference_models,0.5065999999999999,0.495,0.08,0.12,-1.4345437476480996,as_defined,,,dynanoise
PETS_CREDIT_low_eff_su2_r1_d6_b05__none,pets_b05,eff_su2_r1_d6,low,none,dynanoise,global_true_class_log_odds,adaptive_defended_reference_models,0.4916,0.49,0.02,0.03,-0.07393380182893461,inverted_from_calibration,,,dynanoise
PETS_CREDIT_low_eff_su2_r1_d6_b05__none,pets_b05,eff_su2_r1_d6,low,none,hamp_output,lira_online,adaptive_defended_reference_models,0.4183,0.43000000000000005,0.03,0.05,-1.0535089952893997,inverted_from_calibration,,,hamp_output
PETS_CREDIT_low_eff_su2_r1_d6_b05__none,pets_b05,eff_su2_r1_d6,low,none,hamp_output,lira_online_fixed_variance,adaptive_defended_reference_models,0.39799999999999996,0.43999999999999995,0.02,0.04,-0.651208212825676,inverted_from_calibration,,,hamp_output
PETS_CREDIT_low_eff_su2_r1_d6_b05__none,pets_b05,eff_su2_r1_d6,low,none,hamp_output,lira_offline,adaptive_defended_reference_models,0.47050000000000003,0.495,0.04,0.08,-4.207055951839256,inverted_from_calibration,,,hamp_output
PETS_CREDIT_low_eff_su2_r1_d6_b05__none,pets_b05,eff_su2_r1_d6,low,none,hamp_output,lira_offline_fixed_variance,adaptive_defended_reference_models,0.4531,0.45499999999999996,0.0,0.02,-0.39268934139227873,inverted_from_calibration,,,hamp_output
PETS_CREDIT_low_eff_su2_r1_d6_b05__none,pets_b05,eff_su2_r1_d6,low,none,hamp_output,global_true_class_log_odds,adaptive_defended_reference_models,0.5138,0.52,0.05,0.13,1.108986564070471,as_defined,,,hamp_output
PETS_CREDIT_low_eff_su2_r1_d6_b05__none,pets_b05,eff_su2_r1_d6,low,none,lattice_round,lira_online,adaptive_defended_reference_models,0.5558,0.53,0.05,0.1,-0.3860905243605648,as_defined,,,lattice_round
PETS_CREDIT_low_eff_su2_r1_d6_b05__none,pets_b05,eff_su2_r1_d6,low,none,lattice_round,lira_online_fixed_variance,adaptive_defended_reference_models,0.5621,0.54,0.04,0.11,-0.0181349029768354,as_defined,,,lattice_round
PETS_CREDIT_low_eff_su2_r1_d6_b05__none,pets_b05,eff_su2_r1_d6,low,none,lattice_round,lira_offline,adaptive_defended_reference_models,0.4677,0.49,0.06,0.08,-0.4751170140445753,inverted_from_calibration,,,lattice_round
PETS_CREDIT_low_eff_su2_r1_d6_b05__none,pets_b05,eff_su2_r1_d6,low,none,lattice_round,lira_offline_fixed_variance,adaptive_defended_reference_models,0.5139,0.54,0.04,0.08,-0.02326987616449777,as_defined,,,lattice_round
PETS_CREDIT_low_eff_su2_r1_d6_b05__none,pets_b05,eff_su2_r1_d6,low,none,lattice_round,global_true_class_log_odds,adaptive_defended_reference_models,0.5032,0.52,0.02,0.04,-2.25776165323893,inverted_from_calibration,,,lattice_round
PETS_CREDIT_low_eff_su2_r1_d6_b05__none,pets_b05,eff_su2_r1_d6,low,none,logitguard_continuous,lira_online,adaptive_defended_reference_models,0.4838,0.505,0.06,0.17,0.2580381617409173,inverted_from_calibration,,,logitguard_continuous
PETS_CREDIT_low_eff_su2_r1_d6_b05__none,pets_b05,eff_su2_r1_d6,low,none,logitguard_continuous,lira_online_fixed_variance,adaptive_defended_reference_models,0.4592,0.46499999999999997,0.09,0.15,0.039565291479298215,inverted_from_calibration,,,logitguard_continuous
PETS_CREDIT_low_eff_su2_r1_d6_b05__none,pets_b05,eff_su2_r1_d6,low,none,logitguard_continuous,lira_offline,adaptive_defended_reference_models,0.46660000000000007,0.51,0.08,0.11,2.675079383674401,inverted_from_calibration,,,logitguard_continuous
PETS_CREDIT_low_eff_su2_r1_d6_b05__none,pets_b05,eff_su2_r1_d6,low,none,logitguard_continuous,lira_offline_fixed_variance,adaptive_defended_reference_models,0.45610000000000006,0.47,0.04,0.08,0.7654720155439847,inverted_from_calibration,,,logitguard_continuous
PETS_CREDIT_low_eff_su2_r1_d6_b05__none,pets_b05,eff_su2_r1_d6,low,none,logitguard_continuous,global_true_class_log_odds,adaptive_defended_reference_models,0.49000000000000005,0.48,0.05,0.09,-1.2228596889874308,inverted_from_calibration,,,logitguard_continuous
PETS_CREDIT_low_eff_su2_r1_d6_b05__none,pets_b05,eff_su2_r1_d6,low,none,logitguard_quantized,lira_online,adaptive_defended_reference_models,0.47735000000000005,0.485,0.09,0.14,-0.016260387920198127,inverted_from_calibration,,,logitguard_quantized
PETS_CREDIT_low_eff_su2_r1_d6_b05__none,pets_b05,eff_su2_r1_d6,low,none,logitguard_quantized,lira_online_fixed_variance,adaptive_defended_reference_models,0.46945,0.455,0.1,0.12,0.03811957430855284,inverted_from_calibration,,,logitguard_quantized
PETS_CREDIT_low_eff_su2_r1_d6_b05__none,pets_b05,eff_su2_r1_d6,low,none,logitguard_quantized,lira_offline,adaptive_defended_reference_models,0.4542,0.465,0.09,0.13,1.7306430651560067,inverted_from_calibration,,,logitguard_quantized
PETS_CREDIT_low_eff_su2_r1_d6_b05__none,pets_b05,eff_su2_r1_d6,low,none,logitguard_quantized,lira_offline_fixed_variance,adaptive_defended_reference_models,0.4499,0.5,0.0,0.1,-13.87950008202252,inverted_from_calibration,,,logitguard_quantized
PETS_CREDIT_low_eff_su2_r1_d6_b05__none,pets_b05,eff_su2_r1_d6,low,none,logitguard_quantized,global_true_class_log_odds,adaptive_defended_reference_models,0.48669999999999997,0.505,0.05,0.06,-1.2500001265190828,inverted_from_calibration,,,logitguard_quantized
PETS_CREDIT_low_eff_su2_r1_d6_b05__none,pets_b05,eff_su2_r1_d6,low,none,measurementguard_continuous,lira_online,adaptive_defended_reference_models,0.5107,0.515,0.05,0.13,0.14258900891825016,inverted_from_calibration,,,measurementguard_continuous
PETS_CREDIT_low_eff_su2_r1_d6_b05__none,pets_b05,eff_su2_r1_d6,low,none,measurementguard_continuous,lira_online_fixed_variance,adaptive_defended_reference_models,0.5053,0.48000000000000004,0.12,0.14,-0.7530268955294112,as_defined,,,measurementguard_continuous
PETS_CREDIT_low_eff_su2_r1_d6_b05__none,pets_b05,eff_su2_r1_d6,low,none,measurementguard_continuous,lira_offline,adaptive_defended_reference_models,0.4309,0.455,0.09,0.12,-0.42113196065326175,inverted_from_calibration,,,measurementguard_continuous
PETS_CREDIT_low_eff_su2_r1_d6_b05__none,pets_b05,eff_su2_r1_d6,low,none,measurementguard_continuous,lira_offline_fixed_variance,adaptive_defended_reference_models,0.4234,0.455,0.05,0.11,0.08167159099752375,inverted_from_calibration,,,measurementguard_continuous
PETS_CREDIT_low_eff_su2_r1_d6_b05__none,pets_b05,eff_su2_r1_d6,low,none,measurementguard_continuous,global_true_class_log_odds,adaptive_defended_reference_models,0.48300000000000004,0.47,0.1,0.15,1.3083175586115612,as_defined,,,measurementguard_continuous
PETS_CREDIT_low_eff_su2_r1_d6_b05__none,pets_b05,eff_su2_r1_d6,low,none,memgq_lattice,lira_online,adaptive_defended_reference_models,0.4674000000000001,0.475,0.02,0.09,-0.136581426536239,inverted_from_calibration,,,memgq_lattice
PETS_CREDIT_low_eff_su2_r1_d6_b05__none,pets_b05,eff_su2_r1_d6,low,none,memgq_lattice,lira_online_fixed_variance,adaptive_defended_reference_models,0.41309999999999997,0.43000000000000005,0.08,0.12,-0.07375097058795776,inverted_from_calibration,,,memgq_lattice
PETS_CREDIT_low_eff_su2_r1_d6_b05__none,pets_b05,eff_su2_r1_d6,low,none,memgq_lattice,lira_offline,adaptive_defended_reference_models,0.4506,0.42000000000000004,0.06,0.11,-0.022906228241213134,inverted_from_calibration,,,memgq_lattice
PETS_CREDIT_low_eff_su2_r1_d6_b05__none,pets_b05,eff_su2_r1_d6,low,none,memgq_lattice,lira_offline_fixed_variance,adaptive_defended_reference_models,0.43140000000000006,0.425,0.01,0.05,0.21415334241838813,inverted_from_calibration,,,memgq_lattice
PETS_CREDIT_low_eff_su2_r1_d6_b05__none,pets_b05,eff_su2_r1_d6,low,none,memgq_lattice,global_true_class_log_odds,adaptive_defended_reference_models,0.49660000000000004,0.51,0.06,0.14,1.1603509007258492,as_defined,,,memgq_lattice
PETS_CREDIT_low_eff_su2_r1_d6_b05__none,pets_b05,eff_su2_r1_d6,low,none,memgq_lattice_sticky,lira_online,adaptive_defended_reference_models,0.443,0.47500000000000003,0.03,0.06,0.8955027784599219,inverted_from_calibration,,,memgq_lattice_sticky
PETS_CREDIT_low_eff_su2_r1_d6_b05__none,pets_b05,eff_su2_r1_d6,low,none,memgq_lattice_sticky,lira_online_fixed_variance,adaptive_defended_reference_models,0.4501,0.475,0.12,0.13,0.1607394997514328,inverted_from_calibration,,,memgq_lattice_sticky
PETS_CREDIT_low_eff_su2_r1_d6_b05__none,pets_b05,eff_su2_r1_d6,low,none,memgq_lattice_sticky,lira_offline,adaptive_defended_reference_models,0.43199999999999994,0.475,0.04,0.1,-0.5939850684271786,inverted_from_calibration,,,memgq_lattice_sticky
PETS_CREDIT_low_eff_su2_r1_d6_b05__none,pets_b05,eff_su2_r1_d6,low,none,memgq_lattice_sticky,lira_offline_fixed_variance,adaptive_defended_reference_models,0.45520000000000005,0.475,0.05,0.07,0.07847368430751378,inverted_from_calibration,,,memgq_lattice_sticky
PETS_CREDIT_low_eff_su2_r1_d6_b05__none,pets_b05,eff_su2_r1_d6,low,none,memgq_lattice_sticky,global_true_class_log_odds,adaptive_defended_reference_models,0.478,0.49,0.06,0.1,1.2060246305410827,as_defined,,,memgq_lattice_sticky
PETS_CREDIT_low_eff_su2_r1_d6_b05__none,pets_b05,eff_su2_r1_d6,low,none,memguard,lira_online,adaptive_defended_reference_models,0.4813,0.505,0.02,0.07,0.42803901519902277,inverted_from_calibration,,,memguard
PETS_CREDIT_low_eff_su2_r1_d6_b05__none,pets_b05,eff_su2_r1_d6,low,none,memguard,lira_online_fixed_variance,adaptive_defended_reference_models,0.49779999999999996,0.485,0.06,0.1,-0.010121238455401471,inverted_from_calibration,,,memguard
PETS_CREDIT_low_eff_su2_r1_d6_b05__none,pets_b05,eff_su2_r1_d6,low,none,memguard,lira_offline,adaptive_defended_reference_models,0.4801,0.485,0.12,0.17,-0.364155277424774,inverted_from_calibration,,,memguard
PETS_CREDIT_low_eff_su2_r1_d6_b05__none,pets_b05,eff_su2_r1_d6,low,none,memguard,lira_offline_fixed_variance,adaptive_defended_reference_models,0.4876,0.49,0.02,0.06,0.7939581123366568,inverted_from_calibration,,,memguard
PETS_CREDIT_low_eff_su2_r1_d6_b05__none,pets_b05,eff_su2_r1_d6,low,none,memguard,global_true_class_log_odds,adaptive_defended_reference_models,0.5304,0.515,0.07,0.09,1.2544898456033804,as_defined,,,memguard
PETS_CREDIT_low_eff_su2_r1_d6_b05__none,pets_b05,eff_su2_r1_d6,low,none,none,lira_online,adaptive_defended_reference_models,0.5464,0.55,0.05,0.12,-0.1613072912347665,as_defined,,,none
PETS_CREDIT_low_eff_su2_r1_d6_b05__none,pets_b05,eff_su2_r1_d6,low,none,none,lira_online_fixed_variance,adaptive_defended_reference_models,0.5598,0.545,0.06,0.11,-0.02778605336236928,as_defined,,,none
PETS_CREDIT_low_eff_su2_r1_d6_b05__none,pets_b05,eff_su2_r1_d6,low,none,none,lira_offline,adaptive_defended_reference_models,0.4679,0.485,0.05,0.08,-0.4164007273916288,inverted_from_calibration,,,none
PETS_CREDIT_low_eff_su2_r1_d6_b05__none,pets_b05,eff_su2_r1_d6,low,none,none,lira_offline_fixed_variance,adaptive_defended_reference_models,0.5197,0.5,0.05,0.1,-0.14356069534664817,as_defined,,,none
PETS_CREDIT_low_eff_su2_r1_d6_b05__none,pets_b05,eff_su2_r1_d6,low,none,none,global_true_class_log_odds,adaptive_defended_reference_models,0.504,0.525,0.02,0.04,-2.233356456415056,inverted_from_calibration,,,none
PETS_CREDIT_high_eff_su2_r5_d6_b02__none,pets_b02,eff_su2_r5_d6,high,none,none,nearby_query_logistic_q32,adaptive_defended_calibration,0.5175,0.49,0.05,0.13,0.507412363192354,,0.0056492602452635765,0.00390625,none
PETS_CREDIT_high_eff_su2_r5_d6_b02__none,pets_b02,eff_su2_r5_d6,high,none,logitguard_continuous,nearby_query_logistic_q32,adaptive_defended_calibration,0.5409999999999999,0.51,0.07,0.15,0.5752962586752572,,0.009265752509236336,0.00390625,logitguard_continuous
PETS_CREDIT_high_eff_su2_r5_d6_b02__none,pets_b02,eff_su2_r5_d6,high,none,logitguard_quantized,nearby_query_logistic_q32,adaptive_defended_calibration,0.5366,0.515,0.07,0.14,0.5765055460352186,,0.009309671819210052,0.00390625,logitguard_quantized
PETS_CREDIT_high_eff_su2_r5_d6_b02__none,pets_b02,eff_su2_r5_d6,high,none,measurementguard_continuous,nearby_query_logistic_q32,adaptive_defended_calibration,0.5608,0.5449999999999999,0.13,0.18,0.4516332676666892,,0.05086127296090126,0.00390625,measurementguard_continuous
PETS_CREDIT_high_eff_su2_r5_d6_b02__none,pets_b02,eff_su2_r5_d6,high,none,lattice_round,nearby_query_logistic_q32,adaptive_defended_calibration,0.5189,0.485,0.09,0.15,0.41202135996125155,,0.0074174110777676105,0.0035937498323619366,lattice_round
PETS_CREDIT_high_eff_su2_r5_d6_b02__none,pets_b02,eff_su2_r5_d6,high,none,memgq_lattice,nearby_query_logistic_q32,adaptive_defended_calibration,0.5245,0.515,0.03,0.09,0.49751000219681163,,0.05636872351169586,0.00390625,memgq_lattice
PETS_CREDIT_high_eff_su2_r5_d6_b02__none,pets_b02,eff_su2_r5_d6,high,none,memgq_lattice_sticky,nearby_query_logistic_q32,adaptive_defended_calibration,0.5418000000000001,0.54,0.06,0.13,0.5048809329453997,,0.05952593684196472,0.01015624962747097,memgq_lattice_sticky
PETS_CREDIT_high_eff_su2_r5_d6_b03__none,pets_b03,eff_su2_r5_d6,high,none,none,nearby_query_logistic_q32,adaptive_defended_calibration,0.567,0.49,0.04,0.1,0.5739869539555024,,0.006005141418427229,0.0034374999813735485,none
PETS_CREDIT_high_eff_su2_r5_d6_b03__none,pets_b03,eff_su2_r5_d6,high,none,logitguard_continuous,nearby_query_logistic_q32,adaptive_defended_calibration,0.5281,0.515,0.06,0.09,0.4800159426140048,,0.007698763627558947,0.0034374999813735485,logitguard_continuous
PETS_CREDIT_high_eff_su2_r5_d6_b03__none,pets_b03,eff_su2_r5_d6,high,none,logitguard_quantized,nearby_query_logistic_q32,adaptive_defended_calibration,0.53385,0.525,0.05,0.09,0.4691358731271356,,0.0077558839693665504,0.0034374999813735485,logitguard_quantized
PETS_CREDIT_high_eff_su2_r5_d6_b03__none,pets_b03,eff_su2_r5_d6,high,none,measurementguard_continuous,nearby_query_logistic_q32,adaptive_defended_calibration,0.4857,0.485,0.03,0.07,0.4680367486017314,,0.015715835615992546,0.0034374999813735485,measurementguard_continuous
PETS_CREDIT_high_eff_su2_r5_d6_b03__none,pets_b03,eff_su2_r5_d6,high,none,lattice_round,nearby_query_logistic_q32,adaptive_defended_calibration,0.5857000000000001,0.5,0.09,0.12,0.563837066129323,,0.007638151291757822,0.0017187499906867743,lattice_round
PETS_CREDIT_high_eff_su2_r5_d6_b03__none,pets_b03,eff_su2_r5_d6,high,none,memgq_lattice,nearby_query_logistic_q32,adaptive_defended_calibration,0.4643,0.45999999999999996,0.06,0.1,0.5103744411792213,,0.016581187024712563,0.0034374999813735485,memgq_lattice
PETS_CREDIT_high_eff_su2_r5_d6_b03__none,pets_b03,eff_su2_r5_d6,high,none,memgq_lattice_sticky,nearby_query_logistic_q32,adaptive_defended_calibration,0.4435,0.47000000000000003,0.02,0.07,0.4831035940156282,,0.02552974596619606,0.014374999329447746,memgq_lattice_sticky
PETS_CREDIT_high_eff_su2_r5_d6_b04__none,pets_b04,eff_su2_r5_d6,high,none,none,nearby_query_logistic_q32,adaptive_defended_calibration,0.4996,0.495,0.09,0.13,0.4677040649805081,,0.006620259024202824,0.008750000037252903,none
PETS_CREDIT_high_eff_su2_r5_d6_b04__none,pets_b04,eff_su2_r5_d6,high,none,logitguard_continuous,nearby_query_logistic_q32,adaptive_defended_calibration,0.44689999999999996,0.42000000000000004,0.05,0.09,0.4676063431827717,,0.01314676646143198,0.008750000037252903,logitguard_continuous
PETS_CREDIT_high_eff_su2_r5_d6_b04__none,pets_b04,eff_su2_r5_d6,high,none,logitguard_quantized,nearby_query_logistic_q32,adaptive_defended_calibration,0.43689999999999996,0.48,0.05,0.06,0.48262754108197004,,0.013241279870271683,0.008750000037252903,logitguard_quantized
PETS_CREDIT_high_eff_su2_r5_d6_b04__none,pets_b04,eff_su2_r5_d6,high,none,measurementguard_continuous,nearby_query_logistic_q32,adaptive_defended_calibration,0.5173000000000001,0.515,0.06,0.12,0.43603793408724645,,0.026727059856057167,0.008750000037252903,measurementguard_continuous
PETS_CREDIT_high_eff_su2_r5_d6_b04__none,pets_b04,eff_su2_r5_d6,high,none,lattice_round,nearby_query_logistic_q32,adaptive_defended_calibration,0.47250000000000003,0.445,0.08,0.14,0.49770612803715164,,0.008662394247949123,0.007968749850988388,lattice_round
PETS_CREDIT_high_eff_su2_r5_d6_b04__none,pets_b04,eff_su2_r5_d6,high,none,memgq_lattice,nearby_query_logistic_q32,adaptive_defended_calibration,0.45840000000000003,0.47500000000000003,0.03,0.15,0.39909407464020197,,0.032141707837581635,0.008750000037252903,memgq_lattice
PETS_CREDIT_high_eff_su2_r5_d6_b04__none,pets_b04,eff_su2_r5_d6,high,none,memgq_lattice_sticky,nearby_query_logistic_q32,adaptive_defended_calibration,0.488,0.44999999999999996,0.07,0.16,0.5092619687004152,,0.03787652775645256,0.013437499292194843,memgq_lattice_sticky
PETS_CREDIT_high_eff_su2_r5_d6_b05__none,pets_b05,eff_su2_r5_d6,high,none,none,nearby_query_logistic_q32,adaptive_defended_calibration,0.5735000000000001,0.52,0.07,0.13,0.5049322605887251,,0.005630870349705219,0.009999999776482582,none
PETS_CREDIT_high_eff_su2_r5_d6_b05__none,pets_b05,eff_su2_r5_d6,high,none,logitguard_continuous,nearby_query_logistic_q32,adaptive_defended_calibration,0.46369999999999995,0.475,0.1,0.11,0.5285107521233601,,0.013853209093213081,0.009999999776482582,logitguard_continuous
PETS_CREDIT_high_eff_su2_r5_d6_b05__none,pets_b05,eff_su2_r5_d6,high,none,logitguard_quantized,nearby_query_logistic_q32,adaptive_defended_calibration,0.46590000000000004,0.45999999999999996,0.11,0.11,0.5274761703092953,,0.013929776847362518,0.009999999776482582,logitguard_quantized
PETS_CREDIT_high_eff_su2_r5_d6_b05__none,pets_b05,eff_su2_r5_d6,high,none,measurementguard_continuous,nearby_query_logistic_q32,adaptive_defended_calibration,0.5252,0.515,0.08,0.11,0.4978108664908616,,0.017535684630274773,0.009999999776482582,measurementguard_continuous
PETS_CREDIT_high_eff_su2_r5_d6_b05__none,pets_b05,eff_su2_r5_d6,high,none,lattice_round,nearby_query_logistic_q32,adaptive_defended_calibration,0.5749000000000001,0.5549999999999999,0.09,0.14,0.5190275398454648,,0.007731070276349783,0.013437499292194843,lattice_round
PETS_CREDIT_high_eff_su2_r5_d6_b05__none,pets_b05,eff_su2_r5_d6,high,none,memgq_lattice,nearby_query_logistic_q32,adaptive_defended_calibration,0.4938,0.5,0.05,0.07,0.560679988096884,,0.023081611841917038,0.009999999776482582,memgq_lattice
PETS_CREDIT_high_eff_su2_r5_d6_b05__none,pets_b05,eff_su2_r5_d6,high,none,memgq_lattice_sticky,nearby_query_logistic_q32,adaptive_defended_calibration,0.5105,0.53,0.05,0.08,0.47501566351737823,,0.02776879258453846,0.01656249910593033,memgq_lattice_sticky
PETS_CREDIT_low_eff_su2_r1_d6_b02__none,pets_b02,eff_su2_r1_d6,low,none,none,nearby_query_logistic_q32,adaptive_defended_calibration,0.5219,0.5,0.05,0.09,0.5842002128611101,,0.002393280388787389,0.0,none
PETS_CREDIT_low_eff_su2_r1_d6_b02__none,pets_b02,eff_su2_r1_d6,low,none,logitguard_continuous,nearby_query_logistic_q32,adaptive_defended_calibration,0.5507000000000002,0.505,0.12,0.23,0.5118079982156911,,0.004190521780401468,0.0,logitguard_continuous
PETS_CREDIT_low_eff_su2_r1_d6_b02__none,pets_b02,eff_su2_r1_d6,low,none,logitguard_quantized,nearby_query_logistic_q32,adaptive_defended_calibration,0.5568,0.54,0.14,0.18,0.5021007949165699,,0.004324375186115503,0.0,logitguard_quantized
PETS_CREDIT_low_eff_su2_r1_d6_b02__none,pets_b02,eff_su2_r1_d6,low,none,measurementguard_continuous,nearby_query_logistic_q32,adaptive_defended_calibration,0.5368999999999999,0.535,0.07,0.14,0.4697283158554112,,0.0057385265827178955,0.0,measurementguard_continuous
PETS_CREDIT_low_eff_su2_r1_d6_b02__none,pets_b02,eff_su2_r1_d6,low,none,lattice_round,nearby_query_logistic_q32,adaptive_defended_calibration,0.49,0.5,0.03,0.1,0.5047969600793436,,0.003839485812932253,0.0,lattice_round
PETS_CREDIT_low_eff_su2_r1_d6_b02__none,pets_b02,eff_su2_r1_d6,low,none,memgq_lattice,nearby_query_logistic_q32,adaptive_defended_calibration,0.5196999999999999,0.52,0.04,0.07,0.4908109747438193,,0.007222691550850868,0.0,memgq_lattice
PETS_CREDIT_low_eff_su2_r1_d6_b02__none,pets_b02,eff_su2_r1_d6,low,none,memgq_lattice_sticky,nearby_query_logistic_q32,adaptive_defended_calibration,0.5929999999999999,0.53,0.15,0.22,0.4547173743378774,,0.008867395110428333,0.0,memgq_lattice_sticky
PETS_CREDIT_low_eff_su2_r1_d6_b03__none,pets_b03,eff_su2_r1_d6,low,none,none,nearby_query_logistic_q32,adaptive_defended_calibration,0.5139,0.485,0.09,0.15,0.4669757384275814,,0.0033137761056423187,0.0034374999813735485,none
PETS_CREDIT_low_eff_su2_r1_d6_b03__none,pets_b03,eff_su2_r1_d6,low,none,logitguard_continuous,nearby_query_logistic_q32,adaptive_defended_calibration,0.5018,0.49,0.07,0.11,0.483145351036653,,0.00751169677823782,0.0034374999813735485,logitguard_continuous
PETS_CREDIT_low_eff_su2_r1_d6_b03__none,pets_b03,eff_su2_r1_d6,low,none,logitguard_quantized,nearby_query_logistic_q32,adaptive_defended_calibration,0.5085,0.52,0.07,0.1,0.4932118726831596,,0.007594147697091103,0.0034374999813735485,logitguard_quantized
PETS_CREDIT_low_eff_su2_r1_d6_b03__none,pets_b03,eff_su2_r1_d6,low,none,measurementguard_continuous,nearby_query_logistic_q32,adaptive_defended_calibration,0.5505,0.53,0.07,0.15,0.5059467624378631,,0.011078734882175922,0.0034374999813735485,measurementguard_continuous
PETS_CREDIT_low_eff_su2_r1_d6_b03__none,pets_b03,eff_su2_r1_d6,low,none,lattice_round,nearby_query_logistic_q32,adaptive_defended_calibration,0.5268999999999999,0.52,0.09,0.1,0.41513063201686073,,0.004415690433233976,0.002968749962747097,lattice_round
PETS_CREDIT_low_eff_su2_r1_d6_b03__none,pets_b03,eff_su2_r1_d6,low,none,memgq_lattice,nearby_query_logistic_q32,adaptive_defended_calibration,0.5269,0.49,0.1,0.17,0.5074899406746982,,0.011872460134327412,0.0034374999813735485,memgq_lattice
PETS_CREDIT_low_eff_su2_r1_d6_b03__none,pets_b03,eff_su2_r1_d6,low,none,memgq_lattice_sticky,nearby_query_logistic_q32,adaptive_defended_calibration,0.5078,0.495,0.09,0.14,0.5436481306184248,,0.01480606198310852,0.002343749860301614,memgq_lattice_sticky
PETS_CREDIT_low_eff_su2_r1_d6_b04__none,pets_b04,eff_su2_r1_d6,low,none,none,nearby_query_logistic_q32,adaptive_defended_calibration,0.5737,0.53,0.06,0.09,0.5089547053127261,,0.0032558762468397617,0.0,none
PETS_CREDIT_low_eff_su2_r1_d6_b04__none,pets_b04,eff_su2_r1_d6,low,none,logitguard_continuous,nearby_query_logistic_q32,adaptive_defended_calibration,0.5494,0.5,0.08,0.19,0.4580194243679113,,0.006070405710488558,0.0,logitguard_continuous
PETS_CREDIT_low_eff_su2_r1_d6_b04__none,pets_b04,eff_su2_r1_d6,low,none,logitguard_quantized,nearby_query_logistic_q32,adaptive_defended_calibration,0.5452,0.505,0.07,0.2,0.4603110949596604,,0.006173903588205576,0.0,logitguard_quantized
PETS_CREDIT_low_eff_su2_r1_d6_b04__none,pets_b04,eff_su2_r1_d6,low,none,measurementguard_continuous,nearby_query_logistic_q32,adaptive_defended_calibration,0.5498999999999999,0.5449999999999999,0.11,0.11,0.5102603756675665,,0.010124551132321358,0.0,measurementguard_continuous
PETS_CREDIT_low_eff_su2_r1_d6_b04__none,pets_b04,eff_su2_r1_d6,low,none,lattice_round,nearby_query_logistic_q32,adaptive_defended_calibration,0.5166,0.525,0.05,0.06,0.4787697146691948,,0.00446027796715498,0.0,lattice_round
PETS_CREDIT_low_eff_su2_r1_d6_b04__none,pets_b04,eff_su2_r1_d6,low,none,memgq_lattice,nearby_query_logistic_q32,adaptive_defended_calibration,0.5042,0.52,0.06,0.11,0.48254719062326673,,0.013069098815321922,0.0,memgq_lattice
PETS_CREDIT_low_eff_su2_r1_d6_b04__none,pets_b04,eff_su2_r1_d6,low,none,memgq_lattice_sticky,nearby_query_logistic_q32,adaptive_defended_calibration,0.5233,0.525,0.07,0.14,0.5084477005639572,,0.014779536053538322,0.0,memgq_lattice_sticky
PETS_CREDIT_low_eff_su2_r1_d6_b05__none,pets_b05,eff_su2_r1_d6,low,none,none,nearby_query_logistic_q32,adaptive_defended_calibration,0.5521,0.55,0.07,0.12,0.5125051067333344,,0.0022167412098497152,0.0,none
PETS_CREDIT_low_eff_su2_r1_d6_b05__none,pets_b05,eff_su2_r1_d6,low,none,logitguard_continuous,nearby_query_logistic_q32,adaptive_defended_calibration,0.5269,0.525,0.06,0.08,0.4744485795782036,,0.00513090705499053,0.0,logitguard_continuous
PETS_CREDIT_low_eff_su2_r1_d6_b05__none,pets_b05,eff_su2_r1_d6,low,none,logitguard_quantized,nearby_query_logistic_q32,adaptive_defended_calibration,0.5199,0.505,0.04,0.07,0.48155216122990574,,0.005215740296989679,0.0,logitguard_quantized
PETS_CREDIT_low_eff_su2_r1_d6_b05__none,pets_b05,eff_su2_r1_d6,low,none,measurementguard_continuous,nearby_query_logistic_q32,adaptive_defended_calibration,0.5483,0.5249999999999999,0.09,0.19,0.4890776145630203,,0.01007950771600008,0.0,measurementguard_continuous
PETS_CREDIT_low_eff_su2_r1_d6_b05__none,pets_b05,eff_su2_r1_d6,low,none,lattice_round,nearby_query_logistic_q32,adaptive_defended_calibration,0.5238,0.485,0.05,0.16,0.5196138920577185,,0.002987351268529892,0.0,lattice_round
PETS_CREDIT_low_eff_su2_r1_d6_b05__none,pets_b05,eff_su2_r1_d6,low,none,memgq_lattice,nearby_query_logistic_q32,adaptive_defended_calibration,0.4918,0.53,0.05,0.08,0.4974186939101083,,0.009879476390779018,0.0,memgq_lattice
PETS_CREDIT_low_eff_su2_r1_d6_b05__none,pets_b05,eff_su2_r1_d6,low,none,memgq_lattice_sticky,nearby_query_logistic_q32,adaptive_defended_calibration,0.4295,0.44999999999999996,0.1,0.11,0.49562561465703925,,0.011582263745367527,0.0,memgq_lattice_sticky
