target_id,training_defense,defense,record_id,membership,true_label,predicted_label,probability_0,probability_1
PETS_CREDIT_low_eff_su2_r1_d6_b01__none,none,none,eaab06e0e9770f0cb322,1,0,0,0.5453752875328064,0.4546246826648712
PETS_CREDIT_low_eff_su2_r1_d6_b01__none,none,none,883a42269d6847aec70c,1,0,0,0.7069205045700073,0.2930794954299927
PETS_CREDIT_low_eff_su2_r1_d6_b01__none,none,none,6bf07a3ff23f9e3249c5,1,0,0,0.835708498954773,0.16429153084754944
PETS_CREDIT_low_eff_su2_r1_d6_b01__none,none,none,272c38b1ecd099be7890,1,0,0,0.8901253342628479,0.1098746806383133
PETS_CREDIT_low_eff_su2_r1_d6_b01__none,none,none,f2a589817382059b0dcc,1,0,0,0.760608434677124,0.23939161002635956
PETS_CREDIT_low_eff_su2_r1_d6_b01__none,none,none,ab97fae957e08270ffce,1,1,0,0.6322845816612244,0.3677154779434204
PETS_CREDIT_low_eff_su2_r1_d6_b01__none,none,none,0674ce029ebb21d32e38,1,0,0,0.5228131413459778,0.4771868884563446
PETS_CREDIT_low_eff_su2_r1_d6_b01__none,none,none,a9752ae3047aff503fb3,1,1,0,0.862653374671936,0.13734662532806396
PETS_CREDIT_low_eff_su2_r1_d6_b01__none,none,none,5b7629cbd1fb6e879520,1,1,0,0.7354409098625183,0.2645590901374817
PETS_CREDIT_low_eff_su2_r1_d6_b01__none,none,none,4dde24d981dd8981f71f,1,0,0,0.9639029502868652,0.03609706833958626
PETS_CREDIT_low_eff_su2_r1_d6_b01__none,none,none,4df4658f2eb41564da87,1,0,0,0.7095654606819153,0.2904346287250519
PETS_CREDIT_low_eff_su2_r1_d6_b01__none,none,none,ab00e756b29c98fd6674,1,0,0,0.6121684312820435,0.38783159852027893
PETS_CREDIT_low_eff_su2_r1_d6_b01__none,none,none,69ef03b5c6f4f7ecef33,1,0,0,0.8521623015403748,0.14783775806427002
PETS_CREDIT_low_eff_su2_r1_d6_b01__none,none,none,dba69027df0122535f19,1,0,0,0.8945180773735046,0.10548190772533417
PETS_CREDIT_low_eff_su2_r1_d6_b01__none,none,none,cbd912351cdbc83a9184,1,0,0,0.6494572758674622,0.35054272413253784
PETS_CREDIT_low_eff_su2_r1_d6_b01__none,none,none,7be2869c238aa35d440a,1,1,0,0.9026197195053101,0.09738034009933472
PETS_CREDIT_low_eff_su2_r1_d6_b01__none,none,none,7ce1135db7560daf7e70,1,0,0,0.7876443266868591,0.21235568821430206
PETS_CREDIT_low_eff_su2_r1_d6_b01__none,none,none,988a4b4dcb53bafffb01,1,0,0,0.8109052181243896,0.18909481167793274
PETS_CREDIT_low_eff_su2_r1_d6_b01__none,none,none,66fa33821884d4568b02,1,0,0,0.8447747230529785,0.15522529184818268
PETS_CREDIT_low_eff_su2_r1_d6_b01__none,none,none,f073d35785cf76f1409c,1,1,0,0.7946946620941162,0.2053053379058838
PETS_CREDIT_low_eff_su2_r1_d6_b01__none,none,none,6c0e663b6848864dc914,1,0,0,0.7320886254310608,0.2679113745689392
PETS_CREDIT_low_eff_su2_r1_d6_b01__none,none,none,14865093b1485a5c3a41,1,0,0,0.853857696056366,0.14614225924015045
PETS_CREDIT_low_eff_su2_r1_d6_b01__none,none,none,c4b2c9357254e51af6a9,1,0,0,0.7344603538513184,0.2655397057533264
PETS_CREDIT_low_eff_su2_r1_d6_b01__none,none,none,b0f47ae4b56b3aa4d111,1,0,0,0.8932222127914429,0.10677782446146011
PETS_CREDIT_low_eff_su2_r1_d6_b01__none,none,none,f05df67fe5ac7ed38643,1,0,0,0.9534898400306702,0.046510227024555206
PETS_CREDIT_low_eff_su2_r1_d6_b01__none,none,none,a55e4e1cd3465563efc4,1,0,0,0.7916645407676697,0.2083355039358139
PETS_CREDIT_low_eff_su2_r1_d6_b01__none,none,none,c9acdb61159286a4c2ce,1,0,0,0.6878648996353149,0.31213510036468506
PETS_CREDIT_low_eff_su2_r1_d6_b01__none,none,none,6ea2a519a69c09016323,1,0,0,0.7912692427635193,0.2087307721376419
PETS_CREDIT_low_eff_su2_r1_d6_b01__none,none,none,f332cc500c7a62b19024,1,0,0,0.7780078053474426,0.22199217975139618
PETS_CREDIT_low_eff_su2_r1_d6_b01__none,none,none,6992a9babb7ae6302cb5,1,0,0,0.6512249708175659,0.34877508878707886
PETS_CREDIT_low_eff_su2_r1_d6_b01__none,none,none,d1d396dc69ac0aeade66,1,0,0,0.7537487745285034,0.2462512105703354
PETS_CREDIT_low_eff_su2_r1_d6_b01__none,none,none,4def6ca8e27be84aeb54,1,0,0,0.949865460395813,0.050134483724832535
PETS_CREDIT_low_eff_su2_r1_d6_b01__none,none,none,d46f8b9f4d57f90db615,1,1,0,0.8109780550003052,0.1890220195055008
PETS_CREDIT_low_eff_su2_r1_d6_b01__none,none,none,347bd04364dce3c5342e,1,0,0,0.6881811022758484,0.311818927526474
PETS_CREDIT_low_eff_su2_r1_d6_b01__none,none,none,32babcc385bd70eddb90,1,1,0,0.8456008434295654,0.15439920127391815
PETS_CREDIT_low_eff_su2_r1_d6_b01__none,none,none,0772d1e68bccea98e68f,1,0,0,0.6147000789642334,0.385299950838089
PETS_CREDIT_low_eff_su2_r1_d6_b01__none,none,none,72bf8a475d5aa5538cd3,1,0,0,0.9692273139953613,0.03077268786728382
PETS_CREDIT_low_eff_su2_r1_d6_b01__none,none,none,092efc45ab978715a8fa,1,0,0,0.845241367816925,0.15475870668888092
PETS_CREDIT_low_eff_su2_r1_d6_b01__none,none,none,25bed8f88a506c4cc366,1,1,0,0.6459304094314575,0.35406962037086487
PETS_CREDIT_low_eff_su2_r1_d6_b01__none,none,none,c8a7bd1cd35ba1e89b80,1,0,0,0.7924600839614868,0.207539901137352
PETS_CREDIT_low_eff_su2_r1_d6_b01__none,none,none,073dbbd888ef767c75de,1,0,0,0.883578896522522,0.11642111837863922
PETS_CREDIT_low_eff_su2_r1_d6_b01__none,none,none,8f95586c1c6fb3f2a750,1,1,0,0.6729376912117004,0.32706236839294434
PETS_CREDIT_low_eff_su2_r1_d6_b01__none,none,none,c75c31af2389cc3a594f,1,0,0,0.7033183574676514,0.296681672334671
PETS_CREDIT_low_eff_su2_r1_d6_b01__none,none,none,bd6c7e8fd4e7879e23df,1,0,0,0.7516014575958252,0.2483985424041748
PETS_CREDIT_low_eff_su2_r1_d6_b01__none,none,none,072f10d00d9156aab9f2,1,0,0,0.9281991720199585,0.07180092483758926
PETS_CREDIT_low_eff_su2_r1_d6_b01__none,none,none,82d40bd4122f5c76cdfb,1,0,0,0.8933947086334229,0.10660525411367416
PETS_CREDIT_low_eff_su2_r1_d6_b01__none,none,none,81817fc85a01b1cc7dcf,1,0,0,0.83465576171875,0.16534428298473358
PETS_CREDIT_low_eff_su2_r1_d6_b01__none,none,none,d75c3e52dbcaf5a5ec2a,1,0,0,0.6959529519081116,0.3040469288825989
PETS_CREDIT_low_eff_su2_r1_d6_b01__none,none,none,e0cf68ff7b13424759c5,1,1,1,0.441373735666275,0.5586262345314026
PETS_CREDIT_low_eff_su2_r1_d6_b01__none,none,none,92516ca36411fad7d9c9,1,0,0,0.7930951118469238,0.20690490305423737
PETS_CREDIT_low_eff_su2_r1_d6_b01__none,none,none,1dd9f8371cdcaa1758b3,1,0,0,0.7450760006904602,0.2549239695072174
PETS_CREDIT_low_eff_su2_r1_d6_b01__none,none,none,a4fc6b0808359418c098,1,0,0,0.9774002432823181,0.022599751129746437
PETS_CREDIT_low_eff_su2_r1_d6_b01__none,none,none,e07f107ec2deef516f4f,1,0,0,0.8694495558738708,0.13055047392845154
PETS_CREDIT_low_eff_su2_r1_d6_b01__none,none,none,7311863aa70952806ffc,1,0,0,0.8311159014701843,0.16888412833213806
PETS_CREDIT_low_eff_su2_r1_d6_b01__none,none,none,eb849709f12c60edd50b,1,1,0,0.7059953212738037,0.2940047085285187
PETS_CREDIT_low_eff_su2_r1_d6_b01__none,none,none,0a09121dee0e5db09dfe,1,1,0,0.7563045024871826,0.24369552731513977
PETS_CREDIT_low_eff_su2_r1_d6_b01__none,none,none,29a333df83b13ef7fea3,1,0,0,0.7181670069694519,0.2818329930305481
PETS_CREDIT_low_eff_su2_r1_d6_b01__none,none,none,b84ff32b3c14263b0dd5,1,1,0,0.665111243724823,0.3348887264728546
PETS_CREDIT_low_eff_su2_r1_d6_b01__none,none,none,ae1704e8283a10912765,1,0,0,0.979725182056427,0.02027484029531479
PETS_CREDIT_low_eff_su2_r1_d6_b01__none,none,none,78edbc6916b12b570866,1,0,0,0.7268200516700745,0.27317991852760315
PETS_CREDIT_low_eff_su2_r1_d6_b01__none,none,none,196d92dfff0523a23237,1,1,0,0.6659408211708069,0.3340591788291931
PETS_CREDIT_low_eff_su2_r1_d6_b01__none,none,none,c0daa10532a8487ca803,1,1,0,0.6880832314491272,0.3119167685508728
PETS_CREDIT_low_eff_su2_r1_d6_b01__none,none,none,a5b1091e7ec67f7a06ed,1,0,0,0.6954492330551147,0.30455079674720764
PETS_CREDIT_low_eff_su2_r1_d6_b01__none,none,none,bfa7b1aca5d187760a16,1,0,0,0.8212886452674866,0.17871129512786865
PETS_CREDIT_low_eff_su2_r1_d6_b01__none,none,none,39f8154e08ad72170108,1,0,0,0.7208690047264099,0.2791309654712677
PETS_CREDIT_low_eff_su2_r1_d6_b01__none,none,none,2379dd478643b9cc0bc1,1,0,0,0.8785548210144043,0.12144526094198227
PETS_CREDIT_low_eff_su2_r1_d6_b01__none,none,none,418dd0dffa2f4aacf5a8,1,0,0,0.7279554009437561,0.2720445990562439
PETS_CREDIT_low_eff_su2_r1_d6_b01__none,none,none,26b6a5da65cdaeb8e184,1,0,0,0.867347776889801,0.13265231251716614
PETS_CREDIT_low_eff_su2_r1_d6_b01__none,none,none,c50e57ca37a497df3a13,1,0,0,0.8672857880592346,0.13271427154541016
PETS_CREDIT_low_eff_su2_r1_d6_b01__none,none,none,0ec364cc4624f409f87e,1,1,0,0.8384366631507874,0.16156339645385742
PETS_CREDIT_low_eff_su2_r1_d6_b01__none,none,none,49b15e9ec4784be42cd2,1,0,0,0.6452929377555847,0.35470709204673767
PETS_CREDIT_low_eff_su2_r1_d6_b01__none,none,none,ce8a11f272895da8cd7f,1,0,0,0.89471834897995,0.10528165847063065
PETS_CREDIT_low_eff_su2_r1_d6_b01__none,none,none,f929be357f68bdda4236,1,0,0,0.7763556838035583,0.22364434599876404
PETS_CREDIT_low_eff_su2_r1_d6_b01__none,none,none,619b46d6086e6aad3d84,1,0,0,0.9462057948112488,0.05379423126578331
PETS_CREDIT_low_eff_su2_r1_d6_b01__none,none,none,c91e3b5a028c06ad1f92,1,0,0,0.9616286754608154,0.03837135061621666
PETS_CREDIT_low_eff_su2_r1_d6_b01__none,none,none,f640cb068a6e0cafd8f7,1,0,0,0.7190994620323181,0.2809005379676819
PETS_CREDIT_low_eff_su2_r1_d6_b01__none,none,none,a1b01a469dc7802f51d3,1,0,0,0.8422572016716003,0.15774278342723846
PETS_CREDIT_low_eff_su2_r1_d6_b01__none,none,none,5cb75d859aa2d3df94b0,1,0,0,0.8059214949607849,0.19407851994037628
PETS_CREDIT_low_eff_su2_r1_d6_b01__none,none,none,5e48c11768cb070aefe6,1,1,0,0.5541510581970215,0.4458489418029785
PETS_CREDIT_low_eff_su2_r1_d6_b01__none,none,none,3ac7ac4bc65a6ffec899,1,0,0,0.8569927215576172,0.1430073231458664
PETS_CREDIT_low_eff_su2_r1_d6_b01__none,none,none,ac5f40db5db91c18a83b,1,1,0,0.6785253882408142,0.3214746415615082
PETS_CREDIT_low_eff_su2_r1_d6_b01__none,none,none,973b363916938dbaaf31,1,0,0,0.9273040890693665,0.07269591838121414
PETS_CREDIT_low_eff_su2_r1_d6_b01__none,none,none,df16a30c67111933fccc,1,0,0,0.912493109703064,0.08750688284635544
PETS_CREDIT_low_eff_su2_r1_d6_b01__none,none,none,402e2e33d278085f817f,1,0,0,0.817642867565155,0.18235711753368378
PETS_CREDIT_low_eff_su2_r1_d6_b01__none,none,none,a62d80fa1349c54517ce,1,1,0,0.7446392178535461,0.25536081194877625
PETS_CREDIT_low_eff_su2_r1_d6_b01__none,none,none,d9170d275d5e05922e82,1,0,0,0.7743508815765381,0.2256491780281067
PETS_CREDIT_low_eff_su2_r1_d6_b01__none,none,none,01743ddf295d8f6b5a46,1,0,0,0.8795780539512634,0.12042190879583359
PETS_CREDIT_low_eff_su2_r1_d6_b01__none,none,none,e030c0aa4ae0f1011f2f,1,0,0,0.8051862120628357,0.1948137730360031
PETS_CREDIT_low_eff_su2_r1_d6_b01__none,none,none,bf465d63c434358f77e4,1,0,0,0.8803766369819641,0.11962339282035828
PETS_CREDIT_low_eff_su2_r1_d6_b01__none,none,none,9eb158e3cbe5bc901e26,1,1,1,0.4634557366371155,0.5365442037582397
PETS_CREDIT_low_eff_su2_r1_d6_b01__none,none,none,a6dfd0dc4ba32e6c00e6,1,0,0,0.8375959396362305,0.16240401566028595
PETS_CREDIT_low_eff_su2_r1_d6_b01__none,none,none,a5628044ec0880a52490,1,0,0,0.6912288069725037,0.30877116322517395
PETS_CREDIT_low_eff_su2_r1_d6_b01__none,none,none,4cfea97c73e6dbfbc698,1,0,0,0.918730616569519,0.08126936107873917
PETS_CREDIT_low_eff_su2_r1_d6_b01__none,none,none,006df97946d214e0111f,1,0,0,0.6620500683784485,0.3379499614238739
PETS_CREDIT_low_eff_su2_r1_d6_b01__none,none,none,75e559f2a9928f47e4ef,1,0,0,0.8547698855400085,0.14523011445999146
PETS_CREDIT_low_eff_su2_r1_d6_b01__none,none,none,526cee77dcfea7ee8138,1,1,0,0.6036949157714844,0.39630505442619324
PETS_CREDIT_low_eff_su2_r1_d6_b01__none,none,none,2c2eb339de59d2b86f66,1,1,0,0.8948483467102051,0.10515164583921432
PETS_CREDIT_low_eff_su2_r1_d6_b01__none,none,none,fbbb0f469e10095b9cc1,1,0,0,0.8650431036949158,0.1349569708108902
PETS_CREDIT_low_eff_su2_r1_d6_b01__none,none,none,c2f9d20d5b53c00ef5f4,1,0,0,0.8213068246841431,0.17869317531585693
PETS_CREDIT_low_eff_su2_r1_d6_b01__none,none,none,1313972ddf1c6e9eb2c9,1,0,1,0.39536842703819275,0.6046315431594849
PETS_CREDIT_low_eff_su2_r1_d6_b01__none,none,none,775e0bc8a00b354d7d21,0,0,0,0.7874239087104797,0.21257615089416504
PETS_CREDIT_low_eff_su2_r1_d6_b01__none,none,none,19eaeaae64289dba8ce8,0,0,0,0.8671494722366333,0.13285057246685028
PETS_CREDIT_low_eff_su2_r1_d6_b01__none,none,none,af85096b9d68ea111a40,0,0,0,0.9569143056869507,0.043085791170597076
PETS_CREDIT_low_eff_su2_r1_d6_b01__none,none,none,eb58b2ec144b95696995,0,0,0,0.8517273664474487,0.14827260375022888
PETS_CREDIT_low_eff_su2_r1_d6_b01__none,none,none,c87adcad5c5b8bacab20,0,0,0,0.8775032758712769,0.12249673157930374
PETS_CREDIT_low_eff_su2_r1_d6_b01__none,none,none,8b38dcbabda11b315cba,0,1,0,0.6570580005645752,0.3429420590400696
PETS_CREDIT_low_eff_su2_r1_d6_b01__none,none,none,46cf73574cd89d5b0a38,0,0,0,0.8235201835632324,0.17647984623908997
PETS_CREDIT_low_eff_su2_r1_d6_b01__none,none,none,f1d5fbea8d8fc197f689,0,1,0,0.6577915549278259,0.3422084450721741
PETS_CREDIT_low_eff_su2_r1_d6_b01__none,none,none,0ccf866b02ec9d1e0e17,0,1,0,0.6390589475631714,0.3609411120414734
PETS_CREDIT_low_eff_su2_r1_d6_b01__none,none,none,3bb90fb9f41d8cd780fb,0,0,0,0.8466579914093018,0.15334202349185944
PETS_CREDIT_low_eff_su2_r1_d6_b01__none,none,none,b1bdd9f125cf64d76133,0,0,0,0.8669290542602539,0.13307097554206848
PETS_CREDIT_low_eff_su2_r1_d6_b01__none,none,none,eb21418ddcffa69cc01e,0,0,0,0.8475016355514526,0.1524983048439026
PETS_CREDIT_low_eff_su2_r1_d6_b01__none,none,none,512bf5d49257f12e0379,0,0,0,0.7374547719955444,0.2625453472137451
PETS_CREDIT_low_eff_su2_r1_d6_b01__none,none,none,6feab55c27ef6fd8098c,0,0,0,0.907309353351593,0.09269069880247116
PETS_CREDIT_low_eff_su2_r1_d6_b01__none,none,none,05d5b5a237e6011985dc,0,0,0,0.8404433727264404,0.15955665707588196
PETS_CREDIT_low_eff_su2_r1_d6_b01__none,none,none,508544f059d9966fa4fd,0,1,0,0.806609570980072,0.19339045882225037
PETS_CREDIT_low_eff_su2_r1_d6_b01__none,none,none,02b75fde595a1ffcf156,0,0,0,0.6384766697883606,0.3615233600139618
PETS_CREDIT_low_eff_su2_r1_d6_b01__none,none,none,3a50f7141ac819d29be9,0,0,0,0.891876757144928,0.1081233024597168
PETS_CREDIT_low_eff_su2_r1_d6_b01__none,none,none,76e22647644159c9f31f,0,0,0,0.8467941880226135,0.15320582687854767
PETS_CREDIT_low_eff_su2_r1_d6_b01__none,none,none,ded01dd09f53e3f3edc7,0,1,0,0.8106529116630554,0.189347043633461
PETS_CREDIT_low_eff_su2_r1_d6_b01__none,none,none,516fe3ca66f5f580688d,0,0,0,0.7080538868904114,0.29194602370262146
PETS_CREDIT_low_eff_su2_r1_d6_b01__none,none,none,7dbb07f72b26cae53e10,0,0,0,0.7387824058532715,0.2612176239490509
PETS_CREDIT_low_eff_su2_r1_d6_b01__none,none,none,65e0c3d4f1bee9081f1e,0,0,0,0.7457270622253418,0.254272997379303
PETS_CREDIT_low_eff_su2_r1_d6_b01__none,none,none,05cfc0ff414af47c03a5,0,0,0,0.6757552027702332,0.32424482703208923
PETS_CREDIT_low_eff_su2_r1_d6_b01__none,none,none,ada868403e0aacd584e1,0,0,0,0.7838001251220703,0.2161998599767685
PETS_CREDIT_low_eff_su2_r1_d6_b01__none,none,none,4007b1ad7da10c650d44,0,0,0,0.6786553859710693,0.32134464383125305
PETS_CREDIT_low_eff_su2_r1_d6_b01__none,none,none,d31cd7debcfc574857b7,0,0,0,0.78577721118927,0.2142227739095688
PETS_CREDIT_low_eff_su2_r1_d6_b01__none,none,none,5e54efebb9b29b940c99,0,0,0,0.7849853038787842,0.2150147706270218
PETS_CREDIT_low_eff_su2_r1_d6_b01__none,none,none,454315dad33a268150e0,0,0,0,0.796085774898529,0.20391424000263214
PETS_CREDIT_low_eff_su2_r1_d6_b01__none,none,none,b224dfc19404bbda9ee4,0,0,0,0.8117858171463013,0.18821419775485992
PETS_CREDIT_low_eff_su2_r1_d6_b01__none,none,none,bbee22d3ea243b98e36f,0,0,0,0.7484739422798157,0.2515260577201843
PETS_CREDIT_low_eff_su2_r1_d6_b01__none,none,none,53501233f30eb80e8d05,0,0,0,0.8194974064826965,0.18050268292427063
PETS_CREDIT_low_eff_su2_r1_d6_b01__none,none,none,d988f293d7bb6d4a8ab7,0,1,0,0.8970639705657959,0.10293605178594589
PETS_CREDIT_low_eff_su2_r1_d6_b01__none,none,none,545cb2ecd34d5146e49a,0,0,0,0.7505863308906555,0.24941374361515045
PETS_CREDIT_low_eff_su2_r1_d6_b01__none,none,none,fedc0dc11aeb9674f49a,0,1,0,0.6760435700416565,0.3239564597606659
PETS_CREDIT_low_eff_su2_r1_d6_b01__none,none,none,838fb6514f9d13f5f89a,0,0,0,0.7329016327857971,0.26709839701652527
PETS_CREDIT_low_eff_su2_r1_d6_b01__none,none,none,a024fa1846e4335ade36,0,0,0,0.8452621698379517,0.15473781526088715
PETS_CREDIT_low_eff_su2_r1_d6_b01__none,none,none,dd5f176581699325a9b1,0,0,0,0.8315327763557434,0.16846726834774017
PETS_CREDIT_low_eff_su2_r1_d6_b01__none,none,none,45b2f42889463dbbbda3,0,1,1,0.43960368633270264,0.5603963732719421
PETS_CREDIT_low_eff_su2_r1_d6_b01__none,none,none,5c479147049976461a13,0,0,0,0.9610138535499573,0.03898615017533302
PETS_CREDIT_low_eff_su2_r1_d6_b01__none,none,none,5ff6b7662bfef65ea0bd,0,0,0,0.7000933885574341,0.2999066114425659
PETS_CREDIT_low_eff_su2_r1_d6_b01__none,none,none,f83af86a0376fc684202,0,1,0,0.8041674494743347,0.19583256542682648
PETS_CREDIT_low_eff_su2_r1_d6_b01__none,none,none,49ba0900d21d03ea42a9,0,0,0,0.6818283796310425,0.3181716203689575
PETS_CREDIT_low_eff_su2_r1_d6_b01__none,none,none,d7c5bc379679e38af136,0,0,0,0.887214720249176,0.11278529465198517
PETS_CREDIT_low_eff_su2_r1_d6_b01__none,none,none,1de5fd2a3f26ba72a9c1,0,0,0,0.9482470154762268,0.05175291374325752
PETS_CREDIT_low_eff_su2_r1_d6_b01__none,none,none,9905912b0d924a7b3ca5,0,0,0,0.8911647796630859,0.10883516818284988
PETS_CREDIT_low_eff_su2_r1_d6_b01__none,none,none,a0c6458763e7f0d7b722,0,0,0,0.7160050868988037,0.28399500250816345
PETS_CREDIT_low_eff_su2_r1_d6_b01__none,none,none,6146ee4e50398bd2590b,0,0,0,0.8141676187515259,0.18583230674266815
PETS_CREDIT_low_eff_su2_r1_d6_b01__none,none,none,c4c052470c6698896a64,0,1,0,0.9221228957176208,0.07787711918354034
PETS_CREDIT_low_eff_su2_r1_d6_b01__none,none,none,d4f5d45b61b7bb9d81d2,0,0,0,0.8466156125068665,0.15338437259197235
PETS_CREDIT_low_eff_su2_r1_d6_b01__none,none,none,8b2149d6d65d7dff0391,0,0,0,0.8721187114715576,0.1278812736272812
PETS_CREDIT_low_eff_su2_r1_d6_b01__none,none,none,2f0ee475d6ce6c987db1,0,0,0,0.7864544987678528,0.21354559063911438
PETS_CREDIT_low_eff_su2_r1_d6_b01__none,none,none,9e70744c580dba073780,0,0,0,0.8599178791046143,0.14008213579654694
PETS_CREDIT_low_eff_su2_r1_d6_b01__none,none,none,2c3b25125281e8e5ea14,0,0,0,0.7093231081962585,0.29067686200141907
PETS_CREDIT_low_eff_su2_r1_d6_b01__none,none,none,d324c41c466449fc77a4,0,1,0,0.6510921120643616,0.3489079177379608
PETS_CREDIT_low_eff_su2_r1_d6_b01__none,none,none,b2afd8ac93139c6436ca,0,1,0,0.7716132402420044,0.2283867597579956
PETS_CREDIT_low_eff_su2_r1_d6_b01__none,none,none,f0873fcaa4725b7b28fd,0,0,0,0.7054538726806641,0.29454606771469116
PETS_CREDIT_low_eff_su2_r1_d6_b01__none,none,none,33f2ea1bb1c7d6a437bf,0,1,0,0.7231497168540955,0.27685031294822693
PETS_CREDIT_low_eff_su2_r1_d6_b01__none,none,none,63426de2bcac10c978ef,0,0,0,0.7719928622245789,0.22800716757774353
PETS_CREDIT_low_eff_su2_r1_d6_b01__none,none,none,6083c35ef0dd27c47f39,0,0,0,0.9550816416740417,0.04491840675473213
PETS_CREDIT_low_eff_su2_r1_d6_b01__none,none,none,9ac4b9bb1cccbe8c8162,0,1,0,0.8098926544189453,0.19010739028453827
PETS_CREDIT_low_eff_su2_r1_d6_b01__none,none,none,15e0146e9b8967882d3c,0,1,0,0.7303272485733032,0.2696727216243744
PETS_CREDIT_low_eff_su2_r1_d6_b01__none,none,none,37dc9fbd1cc1b8e7aeec,0,0,0,0.7077913284301758,0.292208731174469
PETS_CREDIT_low_eff_su2_r1_d6_b01__none,none,none,9e00c9a73f8502e1beb6,0,0,0,0.7978329658508301,0.2021670639514923
PETS_CREDIT_low_eff_su2_r1_d6_b01__none,none,none,91f87ca67e3c04007486,0,0,0,0.8838626146316528,0.11613734811544418
PETS_CREDIT_low_eff_su2_r1_d6_b01__none,none,none,c6f44b9c0cc7a4317767,0,0,0,0.9160908460617065,0.08390914648771286
PETS_CREDIT_low_eff_su2_r1_d6_b01__none,none,none,cd6bf5351920ef71b772,0,0,0,0.8604407906532288,0.13955920934677124
PETS_CREDIT_low_eff_su2_r1_d6_b01__none,none,none,8dcf26c9f074a4b5de0e,0,0,0,0.8684859871864319,0.1315140426158905
PETS_CREDIT_low_eff_su2_r1_d6_b01__none,none,none,de98a8baab2807797bb8,0,0,0,0.8046888113021851,0.19531118869781494
PETS_CREDIT_low_eff_su2_r1_d6_b01__none,none,none,f28c583d896798880d4b,0,1,0,0.5694668292999268,0.43053320050239563
PETS_CREDIT_low_eff_su2_r1_d6_b01__none,none,none,ac56169f19bc768a992f,0,0,0,0.8083652853965759,0.19163471460342407
PETS_CREDIT_low_eff_su2_r1_d6_b01__none,none,none,3921b288ed88010b2bd2,0,0,0,0.893110990524292,0.1068890318274498
PETS_CREDIT_low_eff_su2_r1_d6_b01__none,none,none,0988ebf7cfaacc632363,0,0,0,0.9036163091659546,0.09638367593288422
PETS_CREDIT_low_eff_su2_r1_d6_b01__none,none,none,19f22c4a26ede80db5bc,0,0,0,0.7807340025901794,0.21926601231098175
PETS_CREDIT_low_eff_su2_r1_d6_b01__none,none,none,96c64f83677ec33bce29,0,0,0,0.7382342219352722,0.2617657780647278
PETS_CREDIT_low_eff_su2_r1_d6_b01__none,none,none,9843ca85067735c6a50c,0,0,0,0.618991494178772,0.3810085952281952
PETS_CREDIT_low_eff_su2_r1_d6_b01__none,none,none,12ef83c14d018f8929c0,0,0,0,0.6240907907485962,0.3759091794490814
PETS_CREDIT_low_eff_su2_r1_d6_b01__none,none,none,9b5637baba30c32741f7,0,0,0,0.6805322766304016,0.3194677531719208
PETS_CREDIT_low_eff_su2_r1_d6_b01__none,none,none,82ebd78d69582401b822,0,1,0,0.5372751355171204,0.46272486448287964
PETS_CREDIT_low_eff_su2_r1_d6_b01__none,none,none,c154986c4ac0e18baa8e,0,0,0,0.8268589973449707,0.17314107716083527
PETS_CREDIT_low_eff_su2_r1_d6_b01__none,none,none,5c1eaee6580358b55afc,0,1,0,0.883954644203186,0.1160452589392662
PETS_CREDIT_low_eff_su2_r1_d6_b01__none,none,none,cb251470deed8436762a,0,0,0,0.846996545791626,0.1530035138130188
PETS_CREDIT_low_eff_su2_r1_d6_b01__none,none,none,da5f5efb7790004fff98,0,0,0,0.9078116416931152,0.09218838810920715
PETS_CREDIT_low_eff_su2_r1_d6_b01__none,none,none,a1971c19af6fbce2a2b8,0,0,0,0.7969299554824829,0.20307007431983948
PETS_CREDIT_low_eff_su2_r1_d6_b01__none,none,none,f88c75f25b6e20b11d53,0,1,0,0.5482791662216187,0.45172080397605896
PETS_CREDIT_low_eff_su2_r1_d6_b01__none,none,none,625fbebab124d6b6cfe9,0,0,0,0.8226544857025146,0.17734546959400177
PETS_CREDIT_low_eff_su2_r1_d6_b01__none,none,none,aad721f07309f09ae48b,0,0,0,0.8838307857513428,0.11616916209459305
PETS_CREDIT_low_eff_su2_r1_d6_b01__none,none,none,3e5959b02df8356effc1,0,0,0,0.736404538154602,0.2635954022407532
PETS_CREDIT_low_eff_su2_r1_d6_b01__none,none,none,13bc0e5e62e93ee9e11f,0,0,0,0.7793734669685364,0.22062654793262482
PETS_CREDIT_low_eff_su2_r1_d6_b01__none,none,none,d4552063b883befa7f1f,0,1,0,0.6170142292976379,0.38298577070236206
PETS_CREDIT_low_eff_su2_r1_d6_b01__none,none,none,9737e13af29b3e71e58d,0,0,0,0.7650327086448669,0.23496736586093903
PETS_CREDIT_low_eff_su2_r1_d6_b01__none,none,none,65878445affdd2869314,0,0,0,0.7971270680427551,0.20287296175956726
PETS_CREDIT_low_eff_su2_r1_d6_b01__none,none,none,c9b4e83642e08382f4a6,0,0,0,0.7121127247810364,0.2878872752189636
PETS_CREDIT_low_eff_su2_r1_d6_b01__none,none,none,e68ff9c46623f5834b2a,0,0,0,0.7075799107551575,0.29242005944252014
PETS_CREDIT_low_eff_su2_r1_d6_b01__none,none,none,ee145a9d7a0dd082d343,0,0,0,0.885037362575531,0.1149626299738884
PETS_CREDIT_low_eff_su2_r1_d6_b01__none,none,none,8b77bc8a325b32f8d38a,0,1,0,0.6961128115653992,0.30388712882995605
PETS_CREDIT_low_eff_su2_r1_d6_b01__none,none,none,15902995b3e0e8fdafb5,0,1,0,0.7219944000244141,0.2780056297779083
PETS_CREDIT_low_eff_su2_r1_d6_b01__none,none,none,442418c1ce6eee466e66,0,0,0,0.741481602191925,0.25851839780807495
PETS_CREDIT_low_eff_su2_r1_d6_b01__none,none,none,cdbf66466c43de4d3398,0,0,0,0.6850622892379761,0.31493765115737915
PETS_CREDIT_low_eff_su2_r1_d6_b01__none,none,none,d219a9acadf7d11fea78,0,0,0,0.8623310923576355,0.13766886293888092
PETS_CREDIT_low_eff_su2_r1_d6_b01__none,none,dynanoise,eaab06e0e9770f0cb322,1,0,0,0.5147237181663513,0.4852762818336487
PETS_CREDIT_low_eff_su2_r1_d6_b01__none,none,dynanoise,883a42269d6847aec70c,1,0,0,0.531013548374176,0.468986451625824
PETS_CREDIT_low_eff_su2_r1_d6_b01__none,none,dynanoise,6bf07a3ff23f9e3249c5,1,0,0,0.570250928401947,0.429749071598053
PETS_CREDIT_low_eff_su2_r1_d6_b01__none,none,dynanoise,272c38b1ecd099be7890,1,0,0,0.5088984370231628,0.49110159277915955
PETS_CREDIT_low_eff_su2_r1_d6_b01__none,none,dynanoise,f2a589817382059b0dcc,1,0,1,0.4694831073284149,0.5305168628692627
PETS_CREDIT_low_eff_su2_r1_d6_b01__none,none,dynanoise,ab97fae957e08270ffce,1,1,0,0.5093490481376648,0.4906509816646576
PETS_CREDIT_low_eff_su2_r1_d6_b01__none,none,dynanoise,0674ce029ebb21d32e38,1,0,0,0.5121710300445557,0.48782894015312195
PETS_CREDIT_low_eff_su2_r1_d6_b01__none,none,dynanoise,a9752ae3047aff503fb3,1,1,0,0.5189070701599121,0.4810929596424103
PETS_CREDIT_low_eff_su2_r1_d6_b01__none,none,dynanoise,5b7629cbd1fb6e879520,1,1,0,0.526132345199585,0.47386762499809265
PETS_CREDIT_low_eff_su2_r1_d6_b01__none,none,dynanoise,4dde24d981dd8981f71f,1,0,0,0.5865576863288879,0.41344231367111206
PETS_CREDIT_low_eff_su2_r1_d6_b01__none,none,dynanoise,4df4658f2eb41564da87,1,0,0,0.5367898344993591,0.4632101356983185
PETS_CREDIT_low_eff_su2_r1_d6_b01__none,none,dynanoise,ab00e756b29c98fd6674,1,0,1,0.49954357743263245,0.5004564523696899
PETS_CREDIT_low_eff_su2_r1_d6_b01__none,none,dynanoise,69ef03b5c6f4f7ecef33,1,0,0,0.5768550038337708,0.423145055770874
PETS_CREDIT_low_eff_su2_r1_d6_b01__none,none,dynanoise,dba69027df0122535f19,1,0,0,0.5162935853004456,0.48370638489723206
PETS_CREDIT_low_eff_su2_r1_d6_b01__none,none,dynanoise,cbd912351cdbc83a9184,1,0,0,0.5025685429573059,0.4974314570426941
PETS_CREDIT_low_eff_su2_r1_d6_b01__none,none,dynanoise,7be2869c238aa35d440a,1,1,0,0.554935872554779,0.44506412744522095
PETS_CREDIT_low_eff_su2_r1_d6_b01__none,none,dynanoise,7ce1135db7560daf7e70,1,0,0,0.561650812625885,0.438349187374115
PETS_CREDIT_low_eff_su2_r1_d6_b01__none,none,dynanoise,988a4b4dcb53bafffb01,1,0,0,0.544389545917511,0.455610454082489
PETS_CREDIT_low_eff_su2_r1_d6_b01__none,none,dynanoise,66fa33821884d4568b02,1,0,1,0.4927749037742615,0.5072251558303833
PETS_CREDIT_low_eff_su2_r1_d6_b01__none,none,dynanoise,f073d35785cf76f1409c,1,1,0,0.5492539405822754,0.4507461190223694
PETS_CREDIT_low_eff_su2_r1_d6_b01__none,none,dynanoise,6c0e663b6848864dc914,1,0,0,0.5110248923301697,0.4889751076698303
PETS_CREDIT_low_eff_su2_r1_d6_b01__none,none,dynanoise,14865093b1485a5c3a41,1,0,1,0.49526235461235046,0.5047376751899719
PETS_CREDIT_low_eff_su2_r1_d6_b01__none,none,dynanoise,c4b2c9357254e51af6a9,1,0,0,0.5370125770568848,0.46298739314079285
PETS_CREDIT_low_eff_su2_r1_d6_b01__none,none,dynanoise,b0f47ae4b56b3aa4d111,1,0,0,0.5380598902702332,0.46194010972976685
PETS_CREDIT_low_eff_su2_r1_d6_b01__none,none,dynanoise,f05df67fe5ac7ed38643,1,0,0,0.5118284225463867,0.4881715476512909
PETS_CREDIT_low_eff_su2_r1_d6_b01__none,none,dynanoise,a55e4e1cd3465563efc4,1,0,1,0.4911375641822815,0.5088624358177185
PETS_CREDIT_low_eff_su2_r1_d6_b01__none,none,dynanoise,c9acdb61159286a4c2ce,1,0,0,0.5145350098609924,0.48546499013900757
PETS_CREDIT_low_eff_su2_r1_d6_b01__none,none,dynanoise,6ea2a519a69c09016323,1,0,0,0.577168881893158,0.42283108830451965
PETS_CREDIT_low_eff_su2_r1_d6_b01__none,none,dynanoise,f332cc500c7a62b19024,1,0,0,0.5463747382164001,0.45362529158592224
PETS_CREDIT_low_eff_su2_r1_d6_b01__none,none,dynanoise,6992a9babb7ae6302cb5,1,0,0,0.5117753744125366,0.4882246255874634
PETS_CREDIT_low_eff_su2_r1_d6_b01__none,none,dynanoise,d1d396dc69ac0aeade66,1,0,0,0.5086178779602051,0.49138209223747253
PETS_CREDIT_low_eff_su2_r1_d6_b01__none,none,dynanoise,4def6ca8e27be84aeb54,1,0,0,0.544319212436676,0.45568081736564636
PETS_CREDIT_low_eff_su2_r1_d6_b01__none,none,dynanoise,d46f8b9f4d57f90db615,1,1,0,0.5618578195571899,0.43814221024513245
PETS_CREDIT_low_eff_su2_r1_d6_b01__none,none,dynanoise,347bd04364dce3c5342e,1,0,0,0.5200482606887817,0.47995176911354065
PETS_CREDIT_low_eff_su2_r1_d6_b01__none,none,dynanoise,32babcc385bd70eddb90,1,1,0,0.5397040247917175,0.46029600501060486
PETS_CREDIT_low_eff_su2_r1_d6_b01__none,none,dynanoise,0772d1e68bccea98e68f,1,0,0,0.5058907270431519,0.49410927295684814
PETS_CREDIT_low_eff_su2_r1_d6_b01__none,none,dynanoise,72bf8a475d5aa5538cd3,1,0,0,0.5829731822013855,0.4170268476009369
PETS_CREDIT_low_eff_su2_r1_d6_b01__none,none,dynanoise,092efc45ab978715a8fa,1,0,0,0.5077366232872009,0.4922633469104767
PETS_CREDIT_low_eff_su2_r1_d6_b01__none,none,dynanoise,25bed8f88a506c4cc366,1,1,0,0.5328235626220703,0.4671764075756073
PETS_CREDIT_low_eff_su2_r1_d6_b01__none,none,dynanoise,c8a7bd1cd35ba1e89b80,1,0,0,0.5552936792373657,0.4447063207626343
PETS_CREDIT_low_eff_su2_r1_d6_b01__none,none,dynanoise,073dbbd888ef767c75de,1,0,0,0.5874083042144775,0.4125916659832001
PETS_CREDIT_low_eff_su2_r1_d6_b01__none,none,dynanoise,8f95586c1c6fb3f2a750,1,1,1,0.4550405740737915,0.5449594259262085
PETS_CREDIT_low_eff_su2_r1_d6_b01__none,none,dynanoise,c75c31af2389cc3a594f,1,0,0,0.5483272075653076,0.45167282223701477
PETS_CREDIT_low_eff_su2_r1_d6_b01__none,none,dynanoise,bd6c7e8fd4e7879e23df,1,0,0,0.5043328404426575,0.49566715955734253
PETS_CREDIT_low_eff_su2_r1_d6_b01__none,none,dynanoise,072f10d00d9156aab9f2,1,0,0,0.6205667853355408,0.379433274269104
PETS_CREDIT_low_eff_su2_r1_d6_b01__none,none,dynanoise,82d40bd4122f5c76cdfb,1,0,0,0.5838450193405151,0.41615504026412964
PETS_CREDIT_low_eff_su2_r1_d6_b01__none,none,dynanoise,81817fc85a01b1cc7dcf,1,0,0,0.5247113108634949,0.4752887189388275
PETS_CREDIT_low_eff_su2_r1_d6_b01__none,none,dynanoise,d75c3e52dbcaf5a5ec2a,1,0,0,0.527642548084259,0.47235748171806335
PETS_CREDIT_low_eff_su2_r1_d6_b01__none,none,dynanoise,e0cf68ff7b13424759c5,1,1,1,0.48095041513442993,0.5190495848655701
PETS_CREDIT_low_eff_su2_r1_d6_b01__none,none,dynanoise,92516ca36411fad7d9c9,1,0,0,0.5547409653663635,0.4452590346336365
PETS_CREDIT_low_eff_su2_r1_d6_b01__none,none,dynanoise,1dd9f8371cdcaa1758b3,1,0,0,0.5213286876678467,0.47867128252983093
PETS_CREDIT_low_eff_su2_r1_d6_b01__none,none,dynanoise,a4fc6b0808359418c098,1,0,0,0.585726261138916,0.41427376866340637
PETS_CREDIT_low_eff_su2_r1_d6_b01__none,none,dynanoise,e07f107ec2deef516f4f,1,0,0,0.5595374703407288,0.44046249985694885
PETS_CREDIT_low_eff_su2_r1_d6_b01__none,none,dynanoise,7311863aa70952806ffc,1,0,0,0.5373426079750061,0.4626573920249939
PETS_CREDIT_low_eff_su2_r1_d6_b01__none,none,dynanoise,eb849709f12c60edd50b,1,1,1,0.49766960740089417,0.5023304224014282
PETS_CREDIT_low_eff_su2_r1_d6_b01__none,none,dynanoise,0a09121dee0e5db09dfe,1,1,0,0.5348197817802429,0.4651801884174347
PETS_CREDIT_low_eff_su2_r1_d6_b01__none,none,dynanoise,29a333df83b13ef7fea3,1,0,0,0.5507739782333374,0.4492260813713074
PETS_CREDIT_low_eff_su2_r1_d6_b01__none,none,dynanoise,b84ff32b3c14263b0dd5,1,1,1,0.4939608573913574,0.5060391426086426
PETS_CREDIT_low_eff_su2_r1_d6_b01__none,none,dynanoise,ae1704e8283a10912765,1,0,0,0.5867003202438354,0.41329967975616455
PETS_CREDIT_low_eff_su2_r1_d6_b01__none,none,dynanoise,78edbc6916b12b570866,1,0,0,0.5192996859550476,0.4807003140449524
PETS_CREDIT_low_eff_su2_r1_d6_b01__none,none,dynanoise,196d92dfff0523a23237,1,1,0,0.5309811234474182,0.4690189063549042
PETS_CREDIT_low_eff_su2_r1_d6_b01__none,none,dynanoise,c0daa10532a8487ca803,1,1,0,0.5508871674537659,0.4491128623485565
PETS_CREDIT_low_eff_su2_r1_d6_b01__none,none,dynanoise,a5b1091e7ec67f7a06ed,1,0,0,0.5583180785179138,0.44168195128440857
PETS_CREDIT_low_eff_su2_r1_d6_b01__none,none,dynanoise,bfa7b1aca5d187760a16,1,0,0,0.5917675495147705,0.4082324504852295
PETS_CREDIT_low_eff_su2_r1_d6_b01__none,none,dynanoise,39f8154e08ad72170108,1,0,0,0.5483331084251404,0.4516669511795044
PETS_CREDIT_low_eff_su2_r1_d6_b01__none,none,dynanoise,2379dd478643b9cc0bc1,1,0,0,0.5394101738929749,0.46058982610702515
PETS_CREDIT_low_eff_su2_r1_d6_b01__none,none,dynanoise,418dd0dffa2f4aacf5a8,1,0,0,0.5642868280410767,0.43571314215660095
PETS_CREDIT_low_eff_su2_r1_d6_b01__none,none,dynanoise,26b6a5da65cdaeb8e184,1,0,0,0.5598226189613342,0.4401773512363434
PETS_CREDIT_low_eff_su2_r1_d6_b01__none,none,dynanoise,c50e57ca37a497df3a13,1,0,0,0.5956524014472961,0.40434762835502625
PETS_CREDIT_low_eff_su2_r1_d6_b01__none,none,dynanoise,0ec364cc4624f409f87e,1,1,0,0.5345656871795654,0.4654342830181122
PETS_CREDIT_low_eff_su2_r1_d6_b01__none,none,dynanoise,49b15e9ec4784be42cd2,1,0,1,0.495743066072464,0.5042569041252136
PETS_CREDIT_low_eff_su2_r1_d6_b01__none,none,dynanoise,ce8a11f272895da8cd7f,1,0,0,0.5229344367980957,0.4770655632019043
PETS_CREDIT_low_eff_su2_r1_d6_b01__none,none,dynanoise,f929be357f68bdda4236,1,0,0,0.5728012919425964,0.42719870805740356
PETS_CREDIT_low_eff_su2_r1_d6_b01__none,none,dynanoise,619b46d6086e6aad3d84,1,0,0,0.5546574592590332,0.4453425705432892
PETS_CREDIT_low_eff_su2_r1_d6_b01__none,none,dynanoise,c91e3b5a028c06ad1f92,1,0,0,0.542309582233429,0.45769044756889343
PETS_CREDIT_low_eff_su2_r1_d6_b01__none,none,dynanoise,f640cb068a6e0cafd8f7,1,0,0,0.5286502838134766,0.47134968638420105
PETS_CREDIT_low_eff_su2_r1_d6_b01__none,none,dynanoise,a1b01a469dc7802f51d3,1,0,0,0.567752480506897,0.432247519493103
PETS_CREDIT_low_eff_su2_r1_d6_b01__none,none,dynanoise,5cb75d859aa2d3df94b0,1,0,0,0.5292313694953918,0.47076863050460815
PETS_CREDIT_low_eff_su2_r1_d6_b01__none,none,dynanoise,5e48c11768cb070aefe6,1,1,0,0.527543306350708,0.472456693649292
PETS_CREDIT_low_eff_su2_r1_d6_b01__none,none,dynanoise,3ac7ac4bc65a6ffec899,1,0,0,0.5033860206604004,0.4966139495372772
PETS_CREDIT_low_eff_su2_r1_d6_b01__none,none,dynanoise,ac5f40db5db91c18a83b,1,1,0,0.5625589489936829,0.43744105100631714
PETS_CREDIT_low_eff_su2_r1_d6_b01__none,none,dynanoise,973b363916938dbaaf31,1,0,0,0.6240449547767639,0.37595510482788086
PETS_CREDIT_low_eff_su2_r1_d6_b01__none,none,dynanoise,df16a30c67111933fccc,1,0,0,0.5548436641693115,0.4451563060283661
PETS_CREDIT_low_eff_su2_r1_d6_b01__none,none,dynanoise,402e2e33d278085f817f,1,0,0,0.5259400606155396,0.47405993938446045
PETS_CREDIT_low_eff_su2_r1_d6_b01__none,none,dynanoise,a62d80fa1349c54517ce,1,1,0,0.5169097185134888,0.4830903112888336
PETS_CREDIT_low_eff_su2_r1_d6_b01__none,none,dynanoise,d9170d275d5e05922e82,1,0,0,0.5181191563606262,0.4818808138370514
PETS_CREDIT_low_eff_su2_r1_d6_b01__none,none,dynanoise,01743ddf295d8f6b5a46,1,0,0,0.5715272426605225,0.4284728169441223
PETS_CREDIT_low_eff_su2_r1_d6_b01__none,none,dynanoise,e030c0aa4ae0f1011f2f,1,0,0,0.5043984651565552,0.4956015646457672
PETS_CREDIT_low_eff_su2_r1_d6_b01__none,none,dynanoise,bf465d63c434358f77e4,1,0,0,0.5933630466461182,0.40663695335388184
PETS_CREDIT_low_eff_su2_r1_d6_b01__none,none,dynanoise,9eb158e3cbe5bc901e26,1,1,1,0.48295074701309204,0.517049252986908
PETS_CREDIT_low_eff_su2_r1_d6_b01__none,none,dynanoise,a6dfd0dc4ba32e6c00e6,1,0,0,0.56275874376297,0.43724125623703003
PETS_CREDIT_low_eff_su2_r1_d6_b01__none,none,dynanoise,a5628044ec0880a52490,1,0,1,0.4867219924926758,0.5132780075073242
PETS_CREDIT_low_eff_su2_r1_d6_b01__none,none,dynanoise,4cfea97c73e6dbfbc698,1,0,0,0.5678132772445679,0.43218672275543213
PETS_CREDIT_low_eff_su2_r1_d6_b01__none,none,dynanoise,006df97946d214e0111f,1,0,0,0.5317765474319458,0.4682234823703766
PETS_CREDIT_low_eff_su2_r1_d6_b01__none,none,dynanoise,75e559f2a9928f47e4ef,1,0,0,0.5381654500961304,0.46183454990386963
PETS_CREDIT_low_eff_su2_r1_d6_b01__none,none,dynanoise,526cee77dcfea7ee8138,1,1,1,0.46395933628082275,0.5360406637191772
PETS_CREDIT_low_eff_su2_r1_d6_b01__none,none,dynanoise,2c2eb339de59d2b86f66,1,1,0,0.5709725618362427,0.4290274381637573
PETS_CREDIT_low_eff_su2_r1_d6_b01__none,none,dynanoise,fbbb0f469e10095b9cc1,1,0,0,0.5218945145606995,0.47810545563697815
PETS_CREDIT_low_eff_su2_r1_d6_b01__none,none,dynanoise,c2f9d20d5b53c00ef5f4,1,0,0,0.5296240448951721,0.4703759253025055
PETS_CREDIT_low_eff_su2_r1_d6_b01__none,none,dynanoise,1313972ddf1c6e9eb2c9,1,0,1,0.49653467535972595,0.5034652948379517
PETS_CREDIT_low_eff_su2_r1_d6_b01__none,none,dynanoise,775e0bc8a00b354d7d21,0,0,0,0.5444251894950867,0.45557481050491333
PETS_CREDIT_low_eff_su2_r1_d6_b01__none,none,dynanoise,19eaeaae64289dba8ce8,0,0,0,0.5357509851455688,0.46424898505210876
PETS_CREDIT_low_eff_su2_r1_d6_b01__none,none,dynanoise,af85096b9d68ea111a40,0,0,0,0.5750216841697693,0.4249783456325531
PETS_CREDIT_low_eff_su2_r1_d6_b01__none,none,dynanoise,eb58b2ec144b95696995,0,0,0,0.5362017750740051,0.4637982249259949
PETS_CREDIT_low_eff_su2_r1_d6_b01__none,none,dynanoise,c87adcad5c5b8bacab20,0,0,0,0.5504202246665955,0.44957974553108215
PETS_CREDIT_low_eff_su2_r1_d6_b01__none,none,dynanoise,8b38dcbabda11b315cba,0,1,0,0.5024436116218567,0.4975563883781433
PETS_CREDIT_low_eff_su2_r1_d6_b01__none,none,dynanoise,46cf73574cd89d5b0a38,0,0,0,0.514750599861145,0.48524945974349976
PETS_CREDIT_low_eff_su2_r1_d6_b01__none,none,dynanoise,f1d5fbea8d8fc197f689,0,1,1,0.4822670817375183,0.5177329182624817
PETS_CREDIT_low_eff_su2_r1_d6_b01__none,none,dynanoise,0ccf866b02ec9d1e0e17,0,1,0,0.5145772099494934,0.4854227602481842
PETS_CREDIT_low_eff_su2_r1_d6_b01__none,none,dynanoise,3bb90fb9f41d8cd780fb,0,0,0,0.5424558520317078,0.4575441777706146
PETS_CREDIT_low_eff_su2_r1_d6_b01__none,none,dynanoise,b1bdd9f125cf64d76133,0,0,0,0.504679262638092,0.49532070755958557
PETS_CREDIT_low_eff_su2_r1_d6_b01__none,none,dynanoise,eb21418ddcffa69cc01e,0,0,0,0.5051328539848328,0.49486711621284485
PETS_CREDIT_low_eff_su2_r1_d6_b01__none,none,dynanoise,512bf5d49257f12e0379,0,0,0,0.5134699940681458,0.48653000593185425
PETS_CREDIT_low_eff_su2_r1_d6_b01__none,none,dynanoise,6feab55c27ef6fd8098c,0,0,0,0.5583667755126953,0.4416332244873047
PETS_CREDIT_low_eff_su2_r1_d6_b01__none,none,dynanoise,05d5b5a237e6011985dc,0,0,0,0.5029600858688354,0.49703991413116455
PETS_CREDIT_low_eff_su2_r1_d6_b01__none,none,dynanoise,508544f059d9966fa4fd,0,1,0,0.5409479737281799,0.45905202627182007
PETS_CREDIT_low_eff_su2_r1_d6_b01__none,none,dynanoise,02b75fde595a1ffcf156,0,0,0,0.5139439105987549,0.4860561192035675
PETS_CREDIT_low_eff_su2_r1_d6_b01__none,none,dynanoise,3a50f7141ac819d29be9,0,0,0,0.5691763162612915,0.43082374334335327
PETS_CREDIT_low_eff_su2_r1_d6_b01__none,none,dynanoise,76e22647644159c9f31f,0,0,0,0.5754031538963318,0.4245968759059906
PETS_CREDIT_low_eff_su2_r1_d6_b01__none,none,dynanoise,ded01dd09f53e3f3edc7,0,1,0,0.5323675274848938,0.4676325023174286
PETS_CREDIT_low_eff_su2_r1_d6_b01__none,none,dynanoise,516fe3ca66f5f580688d,0,0,0,0.5037648677825928,0.49623510241508484
PETS_CREDIT_low_eff_su2_r1_d6_b01__none,none,dynanoise,7dbb07f72b26cae53e10,0,0,0,0.5302655696868896,0.4697344899177551
PETS_CREDIT_low_eff_su2_r1_d6_b01__none,none,dynanoise,65e0c3d4f1bee9081f1e,0,0,0,0.5409275889396667,0.45907238125801086
PETS_CREDIT_low_eff_su2_r1_d6_b01__none,none,dynanoise,05cfc0ff414af47c03a5,0,0,0,0.5107880234718323,0.4892120063304901
PETS_CREDIT_low_eff_su2_r1_d6_b01__none,none,dynanoise,ada868403e0aacd584e1,0,0,0,0.5160600543022156,0.4839399755001068
PETS_CREDIT_low_eff_su2_r1_d6_b01__none,none,dynanoise,4007b1ad7da10c650d44,0,0,1,0.49846792221069336,0.5015320777893066
PETS_CREDIT_low_eff_su2_r1_d6_b01__none,none,dynanoise,d31cd7debcfc574857b7,0,0,0,0.5580198168754578,0.44198018312454224
PETS_CREDIT_low_eff_su2_r1_d6_b01__none,none,dynanoise,5e54efebb9b29b940c99,0,0,0,0.5298845767974854,0.47011542320251465
PETS_CREDIT_low_eff_su2_r1_d6_b01__none,none,dynanoise,454315dad33a268150e0,0,0,0,0.5685982704162598,0.43140169978141785
PETS_CREDIT_low_eff_su2_r1_d6_b01__none,none,dynanoise,b224dfc19404bbda9ee4,0,0,0,0.515636146068573,0.4843638241291046
PETS_CREDIT_low_eff_su2_r1_d6_b01__none,none,dynanoise,bbee22d3ea243b98e36f,0,0,0,0.5412294268608093,0.4587705433368683
PETS_CREDIT_low_eff_su2_r1_d6_b01__none,none,dynanoise,53501233f30eb80e8d05,0,0,0,0.5363526940345764,0.46364733576774597
PETS_CREDIT_low_eff_su2_r1_d6_b01__none,none,dynanoise,d988f293d7bb6d4a8ab7,0,1,0,0.5556509494781494,0.4443490505218506
PETS_CREDIT_low_eff_su2_r1_d6_b01__none,none,dynanoise,545cb2ecd34d5146e49a,0,0,0,0.5311869978904724,0.4688130021095276
PETS_CREDIT_low_eff_su2_r1_d6_b01__none,none,dynanoise,fedc0dc11aeb9674f49a,0,1,1,0.4867059588432312,0.5132940411567688
PETS_CREDIT_low_eff_su2_r1_d6_b01__none,none,dynanoise,838fb6514f9d13f5f89a,0,0,0,0.5477043390274048,0.4522956609725952
PETS_CREDIT_low_eff_su2_r1_d6_b01__none,none,dynanoise,a024fa1846e4335ade36,0,0,0,0.5116121172904968,0.4883878529071808
PETS_CREDIT_low_eff_su2_r1_d6_b01__none,none,dynanoise,dd5f176581699325a9b1,0,0,0,0.5526851415634155,0.44731488823890686
PETS_CREDIT_low_eff_su2_r1_d6_b01__none,none,dynanoise,45b2f42889463dbbbda3,0,1,0,0.5169959664344788,0.48300403356552124
PETS_CREDIT_low_eff_su2_r1_d6_b01__none,none,dynanoise,5c479147049976461a13,0,0,0,0.6198418736457825,0.3801581561565399
PETS_CREDIT_low_eff_su2_r1_d6_b01__none,none,dynanoise,5ff6b7662bfef65ea0bd,0,0,0,0.5145576596260071,0.4854423403739929
PETS_CREDIT_low_eff_su2_r1_d6_b01__none,none,dynanoise,f83af86a0376fc684202,0,1,0,0.5831487774848938,0.4168512523174286
PETS_CREDIT_low_eff_su2_r1_d6_b01__none,none,dynanoise,49ba0900d21d03ea42a9,0,0,0,0.5278649926185608,0.4721349775791168
PETS_CREDIT_low_eff_su2_r1_d6_b01__none,none,dynanoise,d7c5bc379679e38af136,0,0,0,0.5460429191589355,0.45395708084106445
PETS_CREDIT_low_eff_su2_r1_d6_b01__none,none,dynanoise,1de5fd2a3f26ba72a9c1,0,0,0,0.5935796499252319,0.4064203202724457
PETS_CREDIT_low_eff_su2_r1_d6_b01__none,none,dynanoise,9905912b0d924a7b3ca5,0,0,0,0.5448210835456848,0.4551789462566376
PETS_CREDIT_low_eff_su2_r1_d6_b01__none,none,dynanoise,a0c6458763e7f0d7b722,0,0,0,0.5043256282806396,0.49567440152168274
PETS_CREDIT_low_eff_su2_r1_d6_b01__none,none,dynanoise,6146ee4e50398bd2590b,0,0,1,0.4934883117675781,0.5065116882324219
PETS_CREDIT_low_eff_su2_r1_d6_b01__none,none,dynanoise,c4c052470c6698896a64,0,1,0,0.5680651068687439,0.4319348633289337
PETS_CREDIT_low_eff_su2_r1_d6_b01__none,none,dynanoise,d4f5d45b61b7bb9d81d2,0,0,0,0.559258222579956,0.44074174761772156
PETS_CREDIT_low_eff_su2_r1_d6_b01__none,none,dynanoise,8b2149d6d65d7dff0391,0,0,0,0.5389197468757629,0.4610802233219147
PETS_CREDIT_low_eff_su2_r1_d6_b01__none,none,dynanoise,2f0ee475d6ce6c987db1,0,0,0,0.5226569175720215,0.4773430824279785
PETS_CREDIT_low_eff_su2_r1_d6_b01__none,none,dynanoise,9e70744c580dba073780,0,0,0,0.559513509273529,0.44048649072647095
PETS_CREDIT_low_eff_su2_r1_d6_b01__none,none,dynanoise,2c3b25125281e8e5ea14,0,0,0,0.5374467372894287,0.4625532925128937
PETS_CREDIT_low_eff_su2_r1_d6_b01__none,none,dynanoise,d324c41c466449fc77a4,0,1,1,0.4879867136478424,0.5120132565498352
PETS_CREDIT_low_eff_su2_r1_d6_b01__none,none,dynanoise,b2afd8ac93139c6436ca,0,1,0,0.5485379695892334,0.4514620006084442
PETS_CREDIT_low_eff_su2_r1_d6_b01__none,none,dynanoise,f0873fcaa4725b7b28fd,0,0,0,0.5214217901229858,0.47857820987701416
PETS_CREDIT_low_eff_su2_r1_d6_b01__none,none,dynanoise,33f2ea1bb1c7d6a437bf,0,1,0,0.5067101120948792,0.49328985810279846
PETS_CREDIT_low_eff_su2_r1_d6_b01__none,none,dynanoise,63426de2bcac10c978ef,0,0,1,0.4966866672039032,0.5033133029937744
PETS_CREDIT_low_eff_su2_r1_d6_b01__none,none,dynanoise,6083c35ef0dd27c47f39,0,0,0,0.5944498181343079,0.40555018186569214
PETS_CREDIT_low_eff_su2_r1_d6_b01__none,none,dynanoise,9ac4b9bb1cccbe8c8162,0,1,0,0.5085855722427368,0.4914144277572632
PETS_CREDIT_low_eff_su2_r1_d6_b01__none,none,dynanoise,15e0146e9b8967882d3c,0,1,0,0.5273369550704956,0.4726630747318268
PETS_CREDIT_low_eff_su2_r1_d6_b01__none,none,dynanoise,37dc9fbd1cc1b8e7aeec,0,0,0,0.5420451760292053,0.4579547941684723
PETS_CREDIT_low_eff_su2_r1_d6_b01__none,none,dynanoise,9e00c9a73f8502e1beb6,0,0,0,0.5251753330230713,0.4748246967792511
PETS_CREDIT_low_eff_su2_r1_d6_b01__none,none,dynanoise,91f87ca67e3c04007486,0,0,0,0.5785001516342163,0.4214998781681061
PETS_CREDIT_low_eff_su2_r1_d6_b01__none,none,dynanoise,c6f44b9c0cc7a4317767,0,0,0,0.5335112810134888,0.46648871898651123
PETS_CREDIT_low_eff_su2_r1_d6_b01__none,none,dynanoise,cd6bf5351920ef71b772,0,0,0,0.5927322506904602,0.4072677493095398
PETS_CREDIT_low_eff_su2_r1_d6_b01__none,none,dynanoise,8dcf26c9f074a4b5de0e,0,0,0,0.5188433527946472,0.4811566472053528
PETS_CREDIT_low_eff_su2_r1_d6_b01__none,none,dynanoise,de98a8baab2807797bb8,0,0,0,0.5358000993728638,0.4641999304294586
PETS_CREDIT_low_eff_su2_r1_d6_b01__none,none,dynanoise,f28c583d896798880d4b,0,1,0,0.5132803320884705,0.48671966791152954
PETS_CREDIT_low_eff_su2_r1_d6_b01__none,none,dynanoise,ac56169f19bc768a992f,0,0,0,0.5041952729225159,0.4958047568798065
PETS_CREDIT_low_eff_su2_r1_d6_b01__none,none,dynanoise,3921b288ed88010b2bd2,0,0,0,0.5610988140106201,0.4389011859893799
PETS_CREDIT_low_eff_su2_r1_d6_b01__none,none,dynanoise,0988ebf7cfaacc632363,0,0,0,0.6292356252670288,0.3707643449306488
PETS_CREDIT_low_eff_su2_r1_d6_b01__none,none,dynanoise,19f22c4a26ede80db5bc,0,0,0,0.5178496837615967,0.4821503460407257
PETS_CREDIT_low_eff_su2_r1_d6_b01__none,none,dynanoise,96c64f83677ec33bce29,0,0,0,0.5388302206993103,0.4611697793006897
PETS_CREDIT_low_eff_su2_r1_d6_b01__none,none,dynanoise,9843ca85067735c6a50c,0,0,0,0.5126172304153442,0.48738279938697815
PETS_CREDIT_low_eff_su2_r1_d6_b01__none,none,dynanoise,12ef83c14d018f8929c0,0,0,1,0.46870049834251404,0.5312995314598083
PETS_CREDIT_low_eff_su2_r1_d6_b01__none,none,dynanoise,9b5637baba30c32741f7,0,0,1,0.49306994676589966,0.5069300532341003
PETS_CREDIT_low_eff_su2_r1_d6_b01__none,none,dynanoise,82ebd78d69582401b822,0,1,0,0.5053553581237793,0.4946446716785431
PETS_CREDIT_low_eff_su2_r1_d6_b01__none,none,dynanoise,c154986c4ac0e18baa8e,0,0,0,0.5689015984535217,0.43109843134880066
PETS_CREDIT_low_eff_su2_r1_d6_b01__none,none,dynanoise,5c1eaee6580358b55afc,0,1,0,0.5567351579666138,0.4432648718357086
PETS_CREDIT_low_eff_su2_r1_d6_b01__none,none,dynanoise,cb251470deed8436762a,0,0,0,0.5386812090873718,0.4613187611103058
PETS_CREDIT_low_eff_su2_r1_d6_b01__none,none,dynanoise,da5f5efb7790004fff98,0,0,0,0.5326669216156006,0.4673331081867218
PETS_CREDIT_low_eff_su2_r1_d6_b01__none,none,dynanoise,a1971c19af6fbce2a2b8,0,0,0,0.5409654378890991,0.4590345323085785
PETS_CREDIT_low_eff_su2_r1_d6_b01__none,none,dynanoise,f88c75f25b6e20b11d53,0,1,0,0.5073257088661194,0.4926742911338806
PETS_CREDIT_low_eff_su2_r1_d6_b01__none,none,dynanoise,625fbebab124d6b6cfe9,0,0,0,0.5614855885505676,0.43851438164711
PETS_CREDIT_low_eff_su2_r1_d6_b01__none,none,dynanoise,aad721f07309f09ae48b,0,0,0,0.5098196268081665,0.4901804029941559
PETS_CREDIT_low_eff_su2_r1_d6_b01__none,none,dynanoise,3e5959b02df8356effc1,0,0,0,0.5031452775001526,0.4968547224998474
PETS_CREDIT_low_eff_su2_r1_d6_b01__none,none,dynanoise,13bc0e5e62e93ee9e11f,0,0,0,0.5480239987373352,0.4519760310649872
PETS_CREDIT_low_eff_su2_r1_d6_b01__none,none,dynanoise,d4552063b883befa7f1f,0,1,0,0.5174477696418762,0.4825522303581238
PETS_CREDIT_low_eff_su2_r1_d6_b01__none,none,dynanoise,9737e13af29b3e71e58d,0,0,1,0.4843427538871765,0.5156572461128235
PETS_CREDIT_low_eff_su2_r1_d6_b01__none,none,dynanoise,65878445affdd2869314,0,0,0,0.532667338848114,0.4673326313495636
PETS_CREDIT_low_eff_su2_r1_d6_b01__none,none,dynanoise,c9b4e83642e08382f4a6,0,0,0,0.5059476494789124,0.49405232071876526
PETS_CREDIT_low_eff_su2_r1_d6_b01__none,none,dynanoise,e68ff9c46623f5834b2a,0,0,0,0.5707011222839355,0.42929887771606445
PETS_CREDIT_low_eff_su2_r1_d6_b01__none,none,dynanoise,ee145a9d7a0dd082d343,0,0,0,0.5072776079177856,0.49272239208221436
PETS_CREDIT_low_eff_su2_r1_d6_b01__none,none,dynanoise,8b77bc8a325b32f8d38a,0,1,0,0.5265066027641296,0.47349339723587036
PETS_CREDIT_low_eff_su2_r1_d6_b01__none,none,dynanoise,15902995b3e0e8fdafb5,0,1,0,0.5574211478233337,0.44257885217666626
PETS_CREDIT_low_eff_su2_r1_d6_b01__none,none,dynanoise,442418c1ce6eee466e66,0,0,0,0.5688474178314209,0.4311526119709015
PETS_CREDIT_low_eff_su2_r1_d6_b01__none,none,dynanoise,cdbf66466c43de4d3398,0,0,0,0.5097705721855164,0.49022942781448364
PETS_CREDIT_low_eff_su2_r1_d6_b01__none,none,dynanoise,d219a9acadf7d11fea78,0,0,0,0.5918266177177429,0.4081733822822571
PETS_CREDIT_low_eff_su2_r1_d6_b01__none,none,hamp_output,eaab06e0e9770f0cb322,1,0,0,0.6534243226051331,0.34657570719718933
PETS_CREDIT_low_eff_su2_r1_d6_b01__none,none,hamp_output,883a42269d6847aec70c,1,0,0,0.7558115124702454,0.24418850243091583
PETS_CREDIT_low_eff_su2_r1_d6_b01__none,none,hamp_output,6bf07a3ff23f9e3249c5,1,0,0,0.8261443972587585,0.17385566234588623
PETS_CREDIT_low_eff_su2_r1_d6_b01__none,none,hamp_output,272c38b1ecd099be7890,1,0,0,0.7976820468902588,0.2023179680109024
PETS_CREDIT_low_eff_su2_r1_d6_b01__none,none,hamp_output,f2a589817382059b0dcc,1,0,0,0.873981773853302,0.12601827085018158
PETS_CREDIT_low_eff_su2_r1_d6_b01__none,none,hamp_output,ab97fae957e08270ffce,1,1,0,0.7072816491127014,0.2927183210849762
PETS_CREDIT_low_eff_su2_r1_d6_b01__none,none,hamp_output,0674ce029ebb21d32e38,1,0,0,0.7784118056297302,0.22158825397491455
PETS_CREDIT_low_eff_su2_r1_d6_b01__none,none,hamp_output,a9752ae3047aff503fb3,1,1,0,0.8765578269958496,0.12344217300415039
PETS_CREDIT_low_eff_su2_r1_d6_b01__none,none,hamp_output,5b7629cbd1fb6e879520,1,1,0,0.9262070655822754,0.0737929567694664
PETS_CREDIT_low_eff_su2_r1_d6_b01__none,none,hamp_output,4dde24d981dd8981f71f,1,0,0,0.5766056180000305,0.4233943819999695
PETS_CREDIT_low_eff_su2_r1_d6_b01__none,none,hamp_output,4df4658f2eb41564da87,1,0,0,0.8736692070960999,0.12633082270622253
PETS_CREDIT_low_eff_su2_r1_d6_b01__none,none,hamp_output,ab00e756b29c98fd6674,1,0,0,0.8633669018745422,0.13663314282894135
PETS_CREDIT_low_eff_su2_r1_d6_b01__none,none,hamp_output,69ef03b5c6f4f7ecef33,1,0,0,0.5589324235916138,0.4410676062107086
PETS_CREDIT_low_eff_su2_r1_d6_b01__none,none,hamp_output,dba69027df0122535f19,1,0,0,0.7112336158752441,0.28876641392707825
PETS_CREDIT_low_eff_su2_r1_d6_b01__none,none,hamp_output,cbd912351cdbc83a9184,1,0,0,0.7818729281425476,0.2181270867586136
PETS_CREDIT_low_eff_su2_r1_d6_b01__none,none,hamp_output,7be2869c238aa35d440a,1,1,0,0.6498620510101318,0.35013797879219055
PETS_CREDIT_low_eff_su2_r1_d6_b01__none,none,hamp_output,7ce1135db7560daf7e70,1,0,0,0.797600507736206,0.20239946246147156
PETS_CREDIT_low_eff_su2_r1_d6_b01__none,none,hamp_output,988a4b4dcb53bafffb01,1,0,0,0.6775407791137695,0.3224591910839081
PETS_CREDIT_low_eff_su2_r1_d6_b01__none,none,hamp_output,66fa33821884d4568b02,1,0,0,0.8316825032234192,0.1683175265789032
PETS_CREDIT_low_eff_su2_r1_d6_b01__none,none,hamp_output,f073d35785cf76f1409c,1,1,0,0.9584081768989563,0.0415918231010437
PETS_CREDIT_low_eff_su2_r1_d6_b01__none,none,hamp_output,6c0e663b6848864dc914,1,0,0,0.8648957014083862,0.13510428369045258
PETS_CREDIT_low_eff_su2_r1_d6_b01__none,none,hamp_output,14865093b1485a5c3a41,1,0,0,0.6840091347694397,0.3159908652305603
PETS_CREDIT_low_eff_su2_r1_d6_b01__none,none,hamp_output,c4b2c9357254e51af6a9,1,0,0,0.6012930274009705,0.39870694279670715
PETS_CREDIT_low_eff_su2_r1_d6_b01__none,none,hamp_output,b0f47ae4b56b3aa4d111,1,0,0,0.9081536531448364,0.09184632450342178
PETS_CREDIT_low_eff_su2_r1_d6_b01__none,none,hamp_output,f05df67fe5ac7ed38643,1,0,0,0.8294742703437805,0.17052578926086426
PETS_CREDIT_low_eff_su2_r1_d6_b01__none,none,hamp_output,a55e4e1cd3465563efc4,1,0,0,0.6412166953086853,0.3587832748889923
PETS_CREDIT_low_eff_su2_r1_d6_b01__none,none,hamp_output,c9acdb61159286a4c2ce,1,0,0,0.9220976829528809,0.07790235430002213
PETS_CREDIT_low_eff_su2_r1_d6_b01__none,none,hamp_output,6ea2a519a69c09016323,1,0,0,0.8338648676872253,0.16613516211509705
PETS_CREDIT_low_eff_su2_r1_d6_b01__none,none,hamp_output,f332cc500c7a62b19024,1,0,0,0.7157430052757263,0.2842569947242737
PETS_CREDIT_low_eff_su2_r1_d6_b01__none,none,hamp_output,6992a9babb7ae6302cb5,1,0,0,0.6975492238998413,0.3024507462978363
PETS_CREDIT_low_eff_su2_r1_d6_b01__none,none,hamp_output,d1d396dc69ac0aeade66,1,0,0,0.9043744802474976,0.09562551975250244
PETS_CREDIT_low_eff_su2_r1_d6_b01__none,none,hamp_output,4def6ca8e27be84aeb54,1,0,0,0.8503990173339844,0.1496010273694992
PETS_CREDIT_low_eff_su2_r1_d6_b01__none,none,hamp_output,d46f8b9f4d57f90db615,1,1,0,0.8723639845848083,0.12763606011867523
PETS_CREDIT_low_eff_su2_r1_d6_b01__none,none,hamp_output,347bd04364dce3c5342e,1,0,0,0.5177380442619324,0.48226198554039
PETS_CREDIT_low_eff_su2_r1_d6_b01__none,none,hamp_output,32babcc385bd70eddb90,1,1,0,0.713643491268158,0.28635653853416443
PETS_CREDIT_low_eff_su2_r1_d6_b01__none,none,hamp_output,0772d1e68bccea98e68f,1,0,0,0.7424629926681519,0.25753697752952576
PETS_CREDIT_low_eff_su2_r1_d6_b01__none,none,hamp_output,72bf8a475d5aa5538cd3,1,0,0,0.7790126204490662,0.22098737955093384
PETS_CREDIT_low_eff_su2_r1_d6_b01__none,none,hamp_output,092efc45ab978715a8fa,1,0,0,0.8500502109527588,0.1499498337507248
PETS_CREDIT_low_eff_su2_r1_d6_b01__none,none,hamp_output,25bed8f88a506c4cc366,1,1,0,0.8615264296531677,0.13847355544567108
PETS_CREDIT_low_eff_su2_r1_d6_b01__none,none,hamp_output,c8a7bd1cd35ba1e89b80,1,0,0,0.8044723868370056,0.19552762806415558
PETS_CREDIT_low_eff_su2_r1_d6_b01__none,none,hamp_output,073dbbd888ef767c75de,1,0,0,0.9558503031730652,0.044149741530418396
PETS_CREDIT_low_eff_su2_r1_d6_b01__none,none,hamp_output,8f95586c1c6fb3f2a750,1,1,0,0.844590425491333,0.15540960431098938
PETS_CREDIT_low_eff_su2_r1_d6_b01__none,none,hamp_output,c75c31af2389cc3a594f,1,0,0,0.9086126685142517,0.0913873240351677
PETS_CREDIT_low_eff_su2_r1_d6_b01__none,none,hamp_output,bd6c7e8fd4e7879e23df,1,0,0,0.7010732293128967,0.2989267408847809
PETS_CREDIT_low_eff_su2_r1_d6_b01__none,none,hamp_output,072f10d00d9156aab9f2,1,0,0,0.5136234164237976,0.48637655377388
PETS_CREDIT_low_eff_su2_r1_d6_b01__none,none,hamp_output,82d40bd4122f5c76cdfb,1,0,0,0.6061615347862244,0.39383846521377563
PETS_CREDIT_low_eff_su2_r1_d6_b01__none,none,hamp_output,81817fc85a01b1cc7dcf,1,0,0,0.9143346548080444,0.08566530048847198
PETS_CREDIT_low_eff_su2_r1_d6_b01__none,none,hamp_output,d75c3e52dbcaf5a5ec2a,1,0,0,0.6486764550209045,0.35132354497909546
PETS_CREDIT_low_eff_su2_r1_d6_b01__none,none,hamp_output,e0cf68ff7b13424759c5,1,1,1,0.1279815286397934,0.8720185160636902
PETS_CREDIT_low_eff_su2_r1_d6_b01__none,none,hamp_output,92516ca36411fad7d9c9,1,0,0,0.8015782833099365,0.19842174649238586
PETS_CREDIT_low_eff_su2_r1_d6_b01__none,none,hamp_output,1dd9f8371cdcaa1758b3,1,0,0,0.7268730401992798,0.2731269598007202
PETS_CREDIT_low_eff_su2_r1_d6_b01__none,none,hamp_output,a4fc6b0808359418c098,1,0,0,0.8944605588912964,0.10553941130638123
PETS_CREDIT_low_eff_su2_r1_d6_b01__none,none,hamp_output,e07f107ec2deef516f4f,1,0,0,0.9550876617431641,0.04491233453154564
PETS_CREDIT_low_eff_su2_r1_d6_b01__none,none,hamp_output,7311863aa70952806ffc,1,0,0,0.8863105177879333,0.11368952691555023
PETS_CREDIT_low_eff_su2_r1_d6_b01__none,none,hamp_output,eb849709f12c60edd50b,1,1,0,0.7288909554481506,0.27110907435417175
PETS_CREDIT_low_eff_su2_r1_d6_b01__none,none,hamp_output,0a09121dee0e5db09dfe,1,1,0,0.5774872303009033,0.4225127696990967
PETS_CREDIT_low_eff_su2_r1_d6_b01__none,none,hamp_output,29a333df83b13ef7fea3,1,0,0,0.9542679190635681,0.045732058584690094
PETS_CREDIT_low_eff_su2_r1_d6_b01__none,none,hamp_output,b84ff32b3c14263b0dd5,1,1,0,0.7321555614471436,0.2678444981575012
PETS_CREDIT_low_eff_su2_r1_d6_b01__none,none,hamp_output,ae1704e8283a10912765,1,0,0,0.8629686832427979,0.13703130185604095
PETS_CREDIT_low_eff_su2_r1_d6_b01__none,none,hamp_output,78edbc6916b12b570866,1,0,0,0.7179171442985535,0.2820828855037689
PETS_CREDIT_low_eff_su2_r1_d6_b01__none,none,hamp_output,196d92dfff0523a23237,1,1,0,0.8928276300430298,0.10717231780290604
PETS_CREDIT_low_eff_su2_r1_d6_b01__none,none,hamp_output,c0daa10532a8487ca803,1,1,0,0.8661758303642273,0.1338241696357727
PETS_CREDIT_low_eff_su2_r1_d6_b01__none,none,hamp_output,a5b1091e7ec67f7a06ed,1,0,0,0.7076606154441833,0.29233941435813904
PETS_CREDIT_low_eff_su2_r1_d6_b01__none,none,hamp_output,bfa7b1aca5d187760a16,1,0,0,0.9190773963928223,0.08092259615659714
PETS_CREDIT_low_eff_su2_r1_d6_b01__none,none,hamp_output,39f8154e08ad72170108,1,0,0,0.6530108451843262,0.34698912501335144
PETS_CREDIT_low_eff_su2_r1_d6_b01__none,none,hamp_output,2379dd478643b9cc0bc1,1,0,0,0.7110716104507446,0.28892838954925537
PETS_CREDIT_low_eff_su2_r1_d6_b01__none,none,hamp_output,418dd0dffa2f4aacf5a8,1,0,0,0.6963914036750793,0.30360856652259827
PETS_CREDIT_low_eff_su2_r1_d6_b01__none,none,hamp_output,26b6a5da65cdaeb8e184,1,0,0,0.6091636419296265,0.3908363878726959
PETS_CREDIT_low_eff_su2_r1_d6_b01__none,none,hamp_output,c50e57ca37a497df3a13,1,0,0,0.9431529641151428,0.05684701353311539
PETS_CREDIT_low_eff_su2_r1_d6_b01__none,none,hamp_output,0ec364cc4624f409f87e,1,1,0,0.8024729490280151,0.19752708077430725
PETS_CREDIT_low_eff_su2_r1_d6_b01__none,none,hamp_output,49b15e9ec4784be42cd2,1,0,0,0.9410937428474426,0.058906249701976776
PETS_CREDIT_low_eff_su2_r1_d6_b01__none,none,hamp_output,ce8a11f272895da8cd7f,1,0,0,0.906841516494751,0.09315848350524902
PETS_CREDIT_low_eff_su2_r1_d6_b01__none,none,hamp_output,f929be357f68bdda4236,1,0,0,0.9338541030883789,0.0661458894610405
PETS_CREDIT_low_eff_su2_r1_d6_b01__none,none,hamp_output,619b46d6086e6aad3d84,1,0,0,0.7666131854057312,0.23338675498962402
PETS_CREDIT_low_eff_su2_r1_d6_b01__none,none,hamp_output,c91e3b5a028c06ad1f92,1,0,0,0.7487043142318726,0.2512957453727722
PETS_CREDIT_low_eff_su2_r1_d6_b01__none,none,hamp_output,f640cb068a6e0cafd8f7,1,0,0,0.9264078736305237,0.07359214872121811
PETS_CREDIT_low_eff_su2_r1_d6_b01__none,none,hamp_output,a1b01a469dc7802f51d3,1,0,0,0.849692165851593,0.15030789375305176
PETS_CREDIT_low_eff_su2_r1_d6_b01__none,none,hamp_output,5cb75d859aa2d3df94b0,1,0,0,0.9033204913139343,0.09667955338954926
PETS_CREDIT_low_eff_su2_r1_d6_b01__none,none,hamp_output,5e48c11768cb070aefe6,1,1,0,0.7531455159187317,0.24685440957546234
PETS_CREDIT_low_eff_su2_r1_d6_b01__none,none,hamp_output,3ac7ac4bc65a6ffec899,1,0,0,0.9411091208457947,0.05889088660478592
PETS_CREDIT_low_eff_su2_r1_d6_b01__none,none,hamp_output,ac5f40db5db91c18a83b,1,1,0,0.9510688781738281,0.048931144177913666
PETS_CREDIT_low_eff_su2_r1_d6_b01__none,none,hamp_output,973b363916938dbaaf31,1,0,0,0.8604174852371216,0.1395825296640396
PETS_CREDIT_low_eff_su2_r1_d6_b01__none,none,hamp_output,df16a30c67111933fccc,1,0,0,0.5308855772018433,0.4691144526004791
PETS_CREDIT_low_eff_su2_r1_d6_b01__none,none,hamp_output,402e2e33d278085f817f,1,0,0,0.8938044905662537,0.10619545727968216
PETS_CREDIT_low_eff_su2_r1_d6_b01__none,none,hamp_output,a62d80fa1349c54517ce,1,1,0,0.6794868111610413,0.32051315903663635
PETS_CREDIT_low_eff_su2_r1_d6_b01__none,none,hamp_output,d9170d275d5e05922e82,1,0,0,0.9412071704864502,0.058792855590581894
PETS_CREDIT_low_eff_su2_r1_d6_b01__none,none,hamp_output,01743ddf295d8f6b5a46,1,0,0,0.8296682834625244,0.17033177614212036
PETS_CREDIT_low_eff_su2_r1_d6_b01__none,none,hamp_output,e030c0aa4ae0f1011f2f,1,0,0,0.825804591178894,0.17419545352458954
PETS_CREDIT_low_eff_su2_r1_d6_b01__none,none,hamp_output,bf465d63c434358f77e4,1,0,0,0.7011213898658752,0.29887863993644714
PETS_CREDIT_low_eff_su2_r1_d6_b01__none,none,hamp_output,9eb158e3cbe5bc901e26,1,1,1,0.07486356049776077,0.9251364469528198
PETS_CREDIT_low_eff_su2_r1_d6_b01__none,none,hamp_output,a6dfd0dc4ba32e6c00e6,1,0,0,0.8049752116203308,0.1950247585773468
PETS_CREDIT_low_eff_su2_r1_d6_b01__none,none,hamp_output,a5628044ec0880a52490,1,0,0,0.9610706567764282,0.03892938047647476
PETS_CREDIT_low_eff_su2_r1_d6_b01__none,none,hamp_output,4cfea97c73e6dbfbc698,1,0,0,0.9505511522293091,0.04944886639714241
PETS_CREDIT_low_eff_su2_r1_d6_b01__none,none,hamp_output,006df97946d214e0111f,1,0,0,0.7983667850494385,0.20163322985172272
PETS_CREDIT_low_eff_su2_r1_d6_b01__none,none,hamp_output,75e559f2a9928f47e4ef,1,0,0,0.7583352327346802,0.2416647970676422
PETS_CREDIT_low_eff_su2_r1_d6_b01__none,none,hamp_output,526cee77dcfea7ee8138,1,1,0,0.6508824825286865,0.3491175174713135
PETS_CREDIT_low_eff_su2_r1_d6_b01__none,none,hamp_output,2c2eb339de59d2b86f66,1,1,0,0.8720826506614685,0.12791740894317627
PETS_CREDIT_low_eff_su2_r1_d6_b01__none,none,hamp_output,fbbb0f469e10095b9cc1,1,0,0,0.8771997690200806,0.12280020862817764
PETS_CREDIT_low_eff_su2_r1_d6_b01__none,none,hamp_output,c2f9d20d5b53c00ef5f4,1,0,0,0.9480735659599304,0.05192648619413376
PETS_CREDIT_low_eff_su2_r1_d6_b01__none,none,hamp_output,1313972ddf1c6e9eb2c9,1,0,1,0.10224563628435135,0.8977543711662292
PETS_CREDIT_low_eff_su2_r1_d6_b01__none,none,hamp_output,775e0bc8a00b354d7d21,0,0,0,0.9681304693222046,0.031869564205408096
PETS_CREDIT_low_eff_su2_r1_d6_b01__none,none,hamp_output,19eaeaae64289dba8ce8,0,0,0,0.8889606595039368,0.11103937774896622
PETS_CREDIT_low_eff_su2_r1_d6_b01__none,none,hamp_output,af85096b9d68ea111a40,0,0,0,0.9391200542449951,0.06087993085384369
PETS_CREDIT_low_eff_su2_r1_d6_b01__none,none,hamp_output,eb58b2ec144b95696995,0,0,0,0.7560979723930359,0.24390199780464172
PETS_CREDIT_low_eff_su2_r1_d6_b01__none,none,hamp_output,c87adcad5c5b8bacab20,0,0,0,0.736276388168335,0.2637236714363098
PETS_CREDIT_low_eff_su2_r1_d6_b01__none,none,hamp_output,8b38dcbabda11b315cba,0,1,0,0.9162250757217407,0.08377491682767868
PETS_CREDIT_low_eff_su2_r1_d6_b01__none,none,hamp_output,46cf73574cd89d5b0a38,0,0,0,0.8312889337539673,0.16871106624603271
PETS_CREDIT_low_eff_su2_r1_d6_b01__none,none,hamp_output,f1d5fbea8d8fc197f689,0,1,0,0.8073717355728149,0.19262829422950745
PETS_CREDIT_low_eff_su2_r1_d6_b01__none,none,hamp_output,0ccf866b02ec9d1e0e17,0,1,0,0.8020309805870056,0.19796894490718842
PETS_CREDIT_low_eff_su2_r1_d6_b01__none,none,hamp_output,3bb90fb9f41d8cd780fb,0,0,0,0.6886424422264099,0.3113575875759125
PETS_CREDIT_low_eff_su2_r1_d6_b01__none,none,hamp_output,b1bdd9f125cf64d76133,0,0,0,0.6472337245941162,0.3527663052082062
PETS_CREDIT_low_eff_su2_r1_d6_b01__none,none,hamp_output,eb21418ddcffa69cc01e,0,0,0,0.5506715774536133,0.44932839274406433
PETS_CREDIT_low_eff_su2_r1_d6_b01__none,none,hamp_output,512bf5d49257f12e0379,0,0,0,0.84832364320755,0.15167641639709473
PETS_CREDIT_low_eff_su2_r1_d6_b01__none,none,hamp_output,6feab55c27ef6fd8098c,0,0,0,0.9045504331588745,0.09544958174228668
PETS_CREDIT_low_eff_su2_r1_d6_b01__none,none,hamp_output,05d5b5a237e6011985dc,0,0,0,0.9657295942306519,0.03427041694521904
PETS_CREDIT_low_eff_su2_r1_d6_b01__none,none,hamp_output,508544f059d9966fa4fd,0,1,0,0.9312613010406494,0.06873870640993118
PETS_CREDIT_low_eff_su2_r1_d6_b01__none,none,hamp_output,02b75fde595a1ffcf156,0,0,0,0.7942086458206177,0.20579133927822113
PETS_CREDIT_low_eff_su2_r1_d6_b01__none,none,hamp_output,3a50f7141ac819d29be9,0,0,0,0.9263077974319458,0.07369223237037659
PETS_CREDIT_low_eff_su2_r1_d6_b01__none,none,hamp_output,76e22647644159c9f31f,0,0,0,0.6457388401031494,0.35426121950149536
PETS_CREDIT_low_eff_su2_r1_d6_b01__none,none,hamp_output,ded01dd09f53e3f3edc7,0,1,0,0.6170467138290405,0.38295331597328186
PETS_CREDIT_low_eff_su2_r1_d6_b01__none,none,hamp_output,516fe3ca66f5f580688d,0,0,0,0.7772268056869507,0.22277319431304932
PETS_CREDIT_low_eff_su2_r1_d6_b01__none,none,hamp_output,7dbb07f72b26cae53e10,0,0,0,0.8595662117004395,0.14043380320072174
PETS_CREDIT_low_eff_su2_r1_d6_b01__none,none,hamp_output,65e0c3d4f1bee9081f1e,0,0,0,0.8013507127761841,0.19864925742149353
PETS_CREDIT_low_eff_su2_r1_d6_b01__none,none,hamp_output,05cfc0ff414af47c03a5,0,0,0,0.7818876504898071,0.21811236441135406
PETS_CREDIT_low_eff_su2_r1_d6_b01__none,none,hamp_output,ada868403e0aacd584e1,0,0,0,0.9056642651557922,0.09433574974536896
PETS_CREDIT_low_eff_su2_r1_d6_b01__none,none,hamp_output,4007b1ad7da10c650d44,0,0,0,0.5612698197364807,0.4387301802635193
PETS_CREDIT_low_eff_su2_r1_d6_b01__none,none,hamp_output,d31cd7debcfc574857b7,0,0,0,0.8033038377761841,0.19669616222381592
PETS_CREDIT_low_eff_su2_r1_d6_b01__none,none,hamp_output,5e54efebb9b29b940c99,0,0,0,0.7395206689834595,0.2604793310165405
PETS_CREDIT_low_eff_su2_r1_d6_b01__none,none,hamp_output,454315dad33a268150e0,0,0,0,0.788203775882721,0.21179622411727905
PETS_CREDIT_low_eff_su2_r1_d6_b01__none,none,hamp_output,b224dfc19404bbda9ee4,0,0,0,0.9534927606582642,0.04650726541876793
PETS_CREDIT_low_eff_su2_r1_d6_b01__none,none,hamp_output,bbee22d3ea243b98e36f,0,0,0,0.8666520118713379,0.13334795832633972
PETS_CREDIT_low_eff_su2_r1_d6_b01__none,none,hamp_output,53501233f30eb80e8d05,0,0,0,0.8469114303588867,0.15308856964111328
PETS_CREDIT_low_eff_su2_r1_d6_b01__none,none,hamp_output,d988f293d7bb6d4a8ab7,0,1,0,0.597629725933075,0.4023703336715698
PETS_CREDIT_low_eff_su2_r1_d6_b01__none,none,hamp_output,545cb2ecd34d5146e49a,0,0,0,0.8601862788200378,0.13981375098228455
PETS_CREDIT_low_eff_su2_r1_d6_b01__none,none,hamp_output,fedc0dc11aeb9674f49a,0,1,0,0.8525902628898621,0.14740970730781555
PETS_CREDIT_low_eff_su2_r1_d6_b01__none,none,hamp_output,838fb6514f9d13f5f89a,0,0,0,0.8631983995437622,0.1368015855550766
PETS_CREDIT_low_eff_su2_r1_d6_b01__none,none,hamp_output,a024fa1846e4335ade36,0,0,0,0.6689007878303528,0.331099271774292
PETS_CREDIT_low_eff_su2_r1_d6_b01__none,none,hamp_output,dd5f176581699325a9b1,0,0,0,0.8459891676902771,0.1540108025074005
PETS_CREDIT_low_eff_su2_r1_d6_b01__none,none,hamp_output,45b2f42889463dbbbda3,0,1,1,0.12119836360216141,0.8788015842437744
PETS_CREDIT_low_eff_su2_r1_d6_b01__none,none,hamp_output,5c479147049976461a13,0,0,0,0.7371535301208496,0.2628464698791504
PETS_CREDIT_low_eff_su2_r1_d6_b01__none,none,hamp_output,5ff6b7662bfef65ea0bd,0,0,0,0.8032158017158508,0.19678421318531036
PETS_CREDIT_low_eff_su2_r1_d6_b01__none,none,hamp_output,f83af86a0376fc684202,0,1,0,0.9169411659240723,0.08305880427360535
PETS_CREDIT_low_eff_su2_r1_d6_b01__none,none,hamp_output,49ba0900d21d03ea42a9,0,0,0,0.7241214513778687,0.27587854862213135
PETS_CREDIT_low_eff_su2_r1_d6_b01__none,none,hamp_output,d7c5bc379679e38af136,0,0,0,0.6331170201301575,0.3668830394744873
PETS_CREDIT_low_eff_su2_r1_d6_b01__none,none,hamp_output,1de5fd2a3f26ba72a9c1,0,0,0,0.7460958957672119,0.2539041340351105
PETS_CREDIT_low_eff_su2_r1_d6_b01__none,none,hamp_output,9905912b0d924a7b3ca5,0,0,0,0.6713384985923767,0.3286614716053009
PETS_CREDIT_low_eff_su2_r1_d6_b01__none,none,hamp_output,a0c6458763e7f0d7b722,0,0,0,0.8512996435165405,0.14870038628578186
PETS_CREDIT_low_eff_su2_r1_d6_b01__none,none,hamp_output,6146ee4e50398bd2590b,0,0,0,0.7088658809661865,0.2911341190338135
PETS_CREDIT_low_eff_su2_r1_d6_b01__none,none,hamp_output,c4c052470c6698896a64,0,1,0,0.9066882729530334,0.09331173449754715
PETS_CREDIT_low_eff_su2_r1_d6_b01__none,none,hamp_output,d4f5d45b61b7bb9d81d2,0,0,0,0.6272598505020142,0.3727402091026306
PETS_CREDIT_low_eff_su2_r1_d6_b01__none,none,hamp_output,8b2149d6d65d7dff0391,0,0,0,0.7293860912322998,0.2706139385700226
PETS_CREDIT_low_eff_su2_r1_d6_b01__none,none,hamp_output,2f0ee475d6ce6c987db1,0,0,0,0.741287350654602,0.25871261954307556
PETS_CREDIT_low_eff_su2_r1_d6_b01__none,none,hamp_output,9e70744c580dba073780,0,0,0,0.8473796844482422,0.1526203453540802
PETS_CREDIT_low_eff_su2_r1_d6_b01__none,none,hamp_output,2c3b25125281e8e5ea14,0,0,0,0.8227652311325073,0.17723478376865387
PETS_CREDIT_low_eff_su2_r1_d6_b01__none,none,hamp_output,d324c41c466449fc77a4,0,1,0,0.8949651718139648,0.10503476858139038
PETS_CREDIT_low_eff_su2_r1_d6_b01__none,none,hamp_output,b2afd8ac93139c6436ca,0,1,0,0.5358203649520874,0.4641796350479126
PETS_CREDIT_low_eff_su2_r1_d6_b01__none,none,hamp_output,f0873fcaa4725b7b28fd,0,0,0,0.7407113313674927,0.2592886984348297
PETS_CREDIT_low_eff_su2_r1_d6_b01__none,none,hamp_output,33f2ea1bb1c7d6a437bf,0,1,0,0.9037379026412964,0.09626209735870361
PETS_CREDIT_low_eff_su2_r1_d6_b01__none,none,hamp_output,63426de2bcac10c978ef,0,0,0,0.7919245958328247,0.20807543396949768
PETS_CREDIT_low_eff_su2_r1_d6_b01__none,none,hamp_output,6083c35ef0dd27c47f39,0,0,0,0.8795379400253296,0.12046205252408981
PETS_CREDIT_low_eff_su2_r1_d6_b01__none,none,hamp_output,9ac4b9bb1cccbe8c8162,0,1,0,0.959120512008667,0.0408794991672039
PETS_CREDIT_low_eff_su2_r1_d6_b01__none,none,hamp_output,15e0146e9b8967882d3c,0,1,0,0.5217105150222778,0.47828954458236694
PETS_CREDIT_low_eff_su2_r1_d6_b01__none,none,hamp_output,37dc9fbd1cc1b8e7aeec,0,0,0,0.5934984683990479,0.4065015912055969
PETS_CREDIT_low_eff_su2_r1_d6_b01__none,none,hamp_output,9e00c9a73f8502e1beb6,0,0,0,0.962454080581665,0.03754590451717377
PETS_CREDIT_low_eff_su2_r1_d6_b01__none,none,hamp_output,91f87ca67e3c04007486,0,0,0,0.6906576752662659,0.30934229493141174
PETS_CREDIT_low_eff_su2_r1_d6_b01__none,none,hamp_output,c6f44b9c0cc7a4317767,0,0,0,0.8806105256080627,0.11938952654600143
PETS_CREDIT_low_eff_su2_r1_d6_b01__none,none,hamp_output,cd6bf5351920ef71b772,0,0,0,0.9580069184303284,0.04199310764670372
PETS_CREDIT_low_eff_su2_r1_d6_b01__none,none,hamp_output,8dcf26c9f074a4b5de0e,0,0,0,0.8365278244018555,0.16347219049930573
PETS_CREDIT_low_eff_su2_r1_d6_b01__none,none,hamp_output,de98a8baab2807797bb8,0,0,0,0.8545063734054565,0.14549358189105988
PETS_CREDIT_low_eff_su2_r1_d6_b01__none,none,hamp_output,f28c583d896798880d4b,0,1,0,0.6042637825012207,0.3957362174987793
PETS_CREDIT_low_eff_su2_r1_d6_b01__none,none,hamp_output,ac56169f19bc768a992f,0,0,0,0.9478253126144409,0.05217471346259117
PETS_CREDIT_low_eff_su2_r1_d6_b01__none,none,hamp_output,3921b288ed88010b2bd2,0,0,0,0.9057492613792419,0.09425076842308044
PETS_CREDIT_low_eff_su2_r1_d6_b01__none,none,hamp_output,0988ebf7cfaacc632363,0,0,0,0.8523587584495544,0.14764121174812317
PETS_CREDIT_low_eff_su2_r1_d6_b01__none,none,hamp_output,19f22c4a26ede80db5bc,0,0,0,0.7717689871788025,0.2282310426235199
PETS_CREDIT_low_eff_su2_r1_d6_b01__none,none,hamp_output,96c64f83677ec33bce29,0,0,0,0.7106219530105591,0.2893780469894409
PETS_CREDIT_low_eff_su2_r1_d6_b01__none,none,hamp_output,9843ca85067735c6a50c,0,0,0,0.9036015868186951,0.09639834612607956
PETS_CREDIT_low_eff_su2_r1_d6_b01__none,none,hamp_output,12ef83c14d018f8929c0,0,0,0,0.7880700826644897,0.21192991733551025
PETS_CREDIT_low_eff_su2_r1_d6_b01__none,none,hamp_output,9b5637baba30c32741f7,0,0,0,0.7160784602165222,0.28392156958580017
PETS_CREDIT_low_eff_su2_r1_d6_b01__none,none,hamp_output,82ebd78d69582401b822,0,1,0,0.767561137676239,0.2324388474225998
PETS_CREDIT_low_eff_su2_r1_d6_b01__none,none,hamp_output,c154986c4ac0e18baa8e,0,0,0,0.8064985871315002,0.19350139796733856
PETS_CREDIT_low_eff_su2_r1_d6_b01__none,none,hamp_output,5c1eaee6580358b55afc,0,1,0,0.6575576066970825,0.3424423933029175
PETS_CREDIT_low_eff_su2_r1_d6_b01__none,none,hamp_output,cb251470deed8436762a,0,0,0,0.9082795977592468,0.09172042459249496
PETS_CREDIT_low_eff_su2_r1_d6_b01__none,none,hamp_output,da5f5efb7790004fff98,0,0,0,0.8304165005683899,0.1695835292339325
PETS_CREDIT_low_eff_su2_r1_d6_b01__none,none,hamp_output,a1971c19af6fbce2a2b8,0,0,0,0.6920910477638245,0.3079089820384979
PETS_CREDIT_low_eff_su2_r1_d6_b01__none,none,hamp_output,f88c75f25b6e20b11d53,0,1,0,0.7204210162162781,0.2795789837837219
PETS_CREDIT_low_eff_su2_r1_d6_b01__none,none,hamp_output,625fbebab124d6b6cfe9,0,0,0,0.653419554233551,0.3465804159641266
PETS_CREDIT_low_eff_su2_r1_d6_b01__none,none,hamp_output,aad721f07309f09ae48b,0,0,0,0.5534741878509521,0.44652584195137024
PETS_CREDIT_low_eff_su2_r1_d6_b01__none,none,hamp_output,3e5959b02df8356effc1,0,0,0,0.6660979986190796,0.333901971578598
PETS_CREDIT_low_eff_su2_r1_d6_b01__none,none,hamp_output,13bc0e5e62e93ee9e11f,0,0,0,0.8010758757591248,0.19892413914203644
PETS_CREDIT_low_eff_su2_r1_d6_b01__none,none,hamp_output,d4552063b883befa7f1f,0,1,0,0.9131428599357605,0.08685712516307831
PETS_CREDIT_low_eff_su2_r1_d6_b01__none,none,hamp_output,9737e13af29b3e71e58d,0,0,0,0.6970354318618774,0.30296453833580017
PETS_CREDIT_low_eff_su2_r1_d6_b01__none,none,hamp_output,65878445affdd2869314,0,0,0,0.8749553561210632,0.12504462897777557
PETS_CREDIT_low_eff_su2_r1_d6_b01__none,none,hamp_output,c9b4e83642e08382f4a6,0,0,0,0.8299089074134827,0.17009112238883972
PETS_CREDIT_low_eff_su2_r1_d6_b01__none,none,hamp_output,e68ff9c46623f5834b2a,0,0,0,0.9106273651123047,0.0893726497888565
PETS_CREDIT_low_eff_su2_r1_d6_b01__none,none,hamp_output,ee145a9d7a0dd082d343,0,0,0,0.7285522222518921,0.2714477479457855
PETS_CREDIT_low_eff_su2_r1_d6_b01__none,none,hamp_output,8b77bc8a325b32f8d38a,0,1,0,0.7060737609863281,0.2939262092113495
PETS_CREDIT_low_eff_su2_r1_d6_b01__none,none,hamp_output,15902995b3e0e8fdafb5,0,1,0,0.8219205737113953,0.17807942628860474
PETS_CREDIT_low_eff_su2_r1_d6_b01__none,none,hamp_output,442418c1ce6eee466e66,0,0,0,0.6146612167358398,0.38533875346183777
PETS_CREDIT_low_eff_su2_r1_d6_b01__none,none,hamp_output,cdbf66466c43de4d3398,0,0,0,0.5856990218162537,0.4143010079860687
PETS_CREDIT_low_eff_su2_r1_d6_b01__none,none,hamp_output,d219a9acadf7d11fea78,0,0,0,0.6584243178367615,0.3415756821632385
PETS_CREDIT_low_eff_su2_r1_d6_b01__none,none,memguard,eaab06e0e9770f0cb322,1,0,0,0.763497531414032,0.23650243878364563
PETS_CREDIT_low_eff_su2_r1_d6_b01__none,none,memguard,883a42269d6847aec70c,1,0,0,0.7619349360466003,0.23806510865688324
PETS_CREDIT_low_eff_su2_r1_d6_b01__none,none,memguard,6bf07a3ff23f9e3249c5,1,0,0,0.8153591156005859,0.18464086949825287
PETS_CREDIT_low_eff_su2_r1_d6_b01__none,none,memguard,272c38b1ecd099be7890,1,0,0,0.8412766456604004,0.1587233692407608
PETS_CREDIT_low_eff_su2_r1_d6_b01__none,none,memguard,f2a589817382059b0dcc,1,0,0,0.7854037284851074,0.21459628641605377
PETS_CREDIT_low_eff_su2_r1_d6_b01__none,none,memguard,ab97fae957e08270ffce,1,1,0,0.7771503925323486,0.22284960746765137
PETS_CREDIT_low_eff_su2_r1_d6_b01__none,none,memguard,0674ce029ebb21d32e38,1,0,0,0.5228131413459778,0.4771868586540222
PETS_CREDIT_low_eff_su2_r1_d6_b01__none,none,memguard,a9752ae3047aff503fb3,1,1,0,0.8450225591659546,0.1549774408340454
PETS_CREDIT_low_eff_su2_r1_d6_b01__none,none,memguard,5b7629cbd1fb6e879520,1,1,0,0.762027382850647,0.23797258734703064
PETS_CREDIT_low_eff_su2_r1_d6_b01__none,none,memguard,4dde24d981dd8981f71f,1,0,0,0.8302955627441406,0.16970445215702057
PETS_CREDIT_low_eff_su2_r1_d6_b01__none,none,memguard,4df4658f2eb41564da87,1,0,0,0.7642489075660706,0.23575109243392944
PETS_CREDIT_low_eff_su2_r1_d6_b01__none,none,memguard,ab00e756b29c98fd6674,1,0,0,0.761975884437561,0.23802408576011658
PETS_CREDIT_low_eff_su2_r1_d6_b01__none,none,memguard,69ef03b5c6f4f7ecef33,1,0,0,0.8334447145462036,0.166555255651474
PETS_CREDIT_low_eff_su2_r1_d6_b01__none,none,memguard,dba69027df0122535f19,1,0,0,0.8472872972488403,0.15271267294883728
PETS_CREDIT_low_eff_su2_r1_d6_b01__none,none,memguard,cbd912351cdbc83a9184,1,0,0,0.7653682231903076,0.23463174700737
PETS_CREDIT_low_eff_su2_r1_d6_b01__none,none,memguard,7be2869c238aa35d440a,1,1,0,0.8403711318969727,0.15962892770767212
PETS_CREDIT_low_eff_su2_r1_d6_b01__none,none,memguard,7ce1135db7560daf7e70,1,0,0,0.7876443266868591,0.21235571801662445
PETS_CREDIT_low_eff_su2_r1_d6_b01__none,none,memguard,988a4b4dcb53bafffb01,1,0,0,0.8109051585197449,0.18909481167793274
PETS_CREDIT_low_eff_su2_r1_d6_b01__none,none,memguard,66fa33821884d4568b02,1,0,0,0.8253136277198792,0.17468638718128204
PETS_CREDIT_low_eff_su2_r1_d6_b01__none,none,memguard,f073d35785cf76f1409c,1,1,0,0.7946946620941162,0.2053053379058838
PETS_CREDIT_low_eff_su2_r1_d6_b01__none,none,memguard,6c0e663b6848864dc914,1,0,0,0.7589015364646912,0.24109846353530884
PETS_CREDIT_low_eff_su2_r1_d6_b01__none,none,memguard,14865093b1485a5c3a41,1,0,0,0.8353133797645569,0.16468659043312073
PETS_CREDIT_low_eff_su2_r1_d6_b01__none,none,memguard,c4b2c9357254e51af6a9,1,0,0,0.7611132860183716,0.23888669908046722
PETS_CREDIT_low_eff_su2_r1_d6_b01__none,none,memguard,b0f47ae4b56b3aa4d111,1,0,0,0.8455114364624023,0.15448862314224243
PETS_CREDIT_low_eff_su2_r1_d6_b01__none,none,memguard,f05df67fe5ac7ed38643,1,0,0,0.8328891396522522,0.16711083054542542
PETS_CREDIT_low_eff_su2_r1_d6_b01__none,none,memguard,a55e4e1cd3465563efc4,1,0,0,0.7916645407676697,0.2083354890346527
PETS_CREDIT_low_eff_su2_r1_d6_b01__none,none,memguard,c9acdb61159286a4c2ce,1,0,0,0.7710801362991333,0.2289198487997055
PETS_CREDIT_low_eff_su2_r1_d6_b01__none,none,memguard,6ea2a519a69c09016323,1,0,0,0.7912691831588745,0.2087308019399643
PETS_CREDIT_low_eff_su2_r1_d6_b01__none,none,memguard,f332cc500c7a62b19024,1,0,0,0.8014713525772095,0.19852864742279053
PETS_CREDIT_low_eff_su2_r1_d6_b01__none,none,memguard,6992a9babb7ae6302cb5,1,0,0,0.766761302947998,0.23323868215084076
PETS_CREDIT_low_eff_su2_r1_d6_b01__none,none,memguard,d1d396dc69ac0aeade66,1,0,0,0.7790482044219971,0.22095181047916412
PETS_CREDIT_low_eff_su2_r1_d6_b01__none,none,memguard,4def6ca8e27be84aeb54,1,0,0,0.8414183855056763,0.15858162939548492
PETS_CREDIT_low_eff_su2_r1_d6_b01__none,none,memguard,d46f8b9f4d57f90db615,1,1,0,0.8109779953956604,0.1890220195055008
PETS_CREDIT_low_eff_su2_r1_d6_b01__none,none,memguard,347bd04364dce3c5342e,1,0,0,0.771340012550354,0.2286599725484848
PETS_CREDIT_low_eff_su2_r1_d6_b01__none,none,memguard,32babcc385bd70eddb90,1,1,0,0.8262220025062561,0.17377802729606628
PETS_CREDIT_low_eff_su2_r1_d6_b01__none,none,memguard,0772d1e68bccea98e68f,1,0,0,0.7639067769050598,0.2360931932926178
PETS_CREDIT_low_eff_su2_r1_d6_b01__none,none,memguard,72bf8a475d5aa5538cd3,1,0,0,0.8336049318313599,0.16639511287212372
PETS_CREDIT_low_eff_su2_r1_d6_b01__none,none,memguard,092efc45ab978715a8fa,1,0,0,0.8258266448974609,0.17417337000370026
PETS_CREDIT_low_eff_su2_r1_d6_b01__none,none,memguard,25bed8f88a506c4cc366,1,1,0,0.7625812292098999,0.2374187707901001
PETS_CREDIT_low_eff_su2_r1_d6_b01__none,none,memguard,c8a7bd1cd35ba1e89b80,1,0,0,0.7924600839614868,0.20753991603851318
PETS_CREDIT_low_eff_su2_r1_d6_b01__none,none,memguard,073dbbd888ef767c75de,1,0,0,0.8323678374290466,0.16763214766979218
PETS_CREDIT_low_eff_su2_r1_d6_b01__none,none,memguard,8f95586c1c6fb3f2a750,1,1,0,0.7587366700172424,0.24126332998275757
PETS_CREDIT_low_eff_su2_r1_d6_b01__none,none,memguard,c75c31af2389cc3a594f,1,0,0,0.7587782144546509,0.2412218153476715
PETS_CREDIT_low_eff_su2_r1_d6_b01__none,none,memguard,bd6c7e8fd4e7879e23df,1,0,0,0.7770562171936035,0.22294378280639648
PETS_CREDIT_low_eff_su2_r1_d6_b01__none,none,memguard,072f10d00d9156aab9f2,1,0,0,0.8469427824020386,0.15305723249912262
PETS_CREDIT_low_eff_su2_r1_d6_b01__none,none,memguard,82d40bd4122f5c76cdfb,1,0,0,0.845747709274292,0.1542523056268692
PETS_CREDIT_low_eff_su2_r1_d6_b01__none,none,memguard,81817fc85a01b1cc7dcf,1,0,0,0.8142049908638,0.18579502403736115
PETS_CREDIT_low_eff_su2_r1_d6_b01__none,none,memguard,d75c3e52dbcaf5a5ec2a,1,0,0,0.7777087688446045,0.22229120135307312
PETS_CREDIT_low_eff_su2_r1_d6_b01__none,none,memguard,e0cf68ff7b13424759c5,1,1,1,0.2269633263349533,0.7730367183685303
PETS_CREDIT_low_eff_su2_r1_d6_b01__none,none,memguard,92516ca36411fad7d9c9,1,0,0,0.7930951118469238,0.20690491795539856
PETS_CREDIT_low_eff_su2_r1_d6_b01__none,none,memguard,1dd9f8371cdcaa1758b3,1,0,0,0.7709957361221313,0.22900429368019104
PETS_CREDIT_low_eff_su2_r1_d6_b01__none,none,memguard,a4fc6b0808359418c098,1,0,0,0.8383005857467651,0.16169942915439606
PETS_CREDIT_low_eff_su2_r1_d6_b01__none,none,memguard,e07f107ec2deef516f4f,1,0,0,0.8338631987571716,0.16613678634166718
PETS_CREDIT_low_eff_su2_r1_d6_b01__none,none,memguard,7311863aa70952806ffc,1,0,0,0.8103268146514893,0.18967318534851074
PETS_CREDIT_low_eff_su2_r1_d6_b01__none,none,memguard,eb849709f12c60edd50b,1,1,0,0.7611246705055237,0.2388753443956375
PETS_CREDIT_low_eff_su2_r1_d6_b01__none,none,memguard,0a09121dee0e5db09dfe,1,1,0,0.7814174890518188,0.21858255565166473
PETS_CREDIT_low_eff_su2_r1_d6_b01__none,none,memguard,29a333df83b13ef7fea3,1,0,0,0.7717519402503967,0.22824804484844208
PETS_CREDIT_low_eff_su2_r1_d6_b01__none,none,memguard,b84ff32b3c14263b0dd5,1,1,0,0.7776185274124146,0.22238153219223022
PETS_CREDIT_low_eff_su2_r1_d6_b01__none,none,memguard,ae1704e8283a10912765,1,0,0,0.8341252207756042,0.16587479412555695
PETS_CREDIT_low_eff_su2_r1_d6_b01__none,none,memguard,78edbc6916b12b570866,1,0,0,0.7792654633522034,0.22073453664779663
PETS_CREDIT_low_eff_su2_r1_d6_b01__none,none,memguard,196d92dfff0523a23237,1,1,0,0.7782622575759888,0.22173777222633362
PETS_CREDIT_low_eff_su2_r1_d6_b01__none,none,memguard,c0daa10532a8487ca803,1,1,0,0.771259605884552,0.2287403643131256
PETS_CREDIT_low_eff_su2_r1_d6_b01__none,none,memguard,a5b1091e7ec67f7a06ed,1,0,0,0.7772971391677856,0.22270286083221436
PETS_CREDIT_low_eff_su2_r1_d6_b01__none,none,memguard,bfa7b1aca5d187760a16,1,0,0,0.8212887048721313,0.17871132493019104
PETS_CREDIT_low_eff_su2_r1_d6_b01__none,none,memguard,39f8154e08ad72170108,1,0,0,0.7741018533706665,0.22589817643165588
PETS_CREDIT_low_eff_su2_r1_d6_b01__none,none,memguard,2379dd478643b9cc0bc1,1,0,0,0.8450078964233398,0.15499207377433777
PETS_CREDIT_low_eff_su2_r1_d6_b01__none,none,memguard,418dd0dffa2f4aacf5a8,1,0,0,0.780248761177063,0.2197512686252594
PETS_CREDIT_low_eff_su2_r1_d6_b01__none,none,memguard,26b6a5da65cdaeb8e184,1,0,0,0.8312996029853821,0.1687004268169403
PETS_CREDIT_low_eff_su2_r1_d6_b01__none,none,memguard,c50e57ca37a497df3a13,1,0,0,0.8312240839004517,0.16877593100070953
PETS_CREDIT_low_eff_su2_r1_d6_b01__none,none,memguard,0ec364cc4624f409f87e,1,1,0,0.8183517456054688,0.18164825439453125
PETS_CREDIT_low_eff_su2_r1_d6_b01__none,none,memguard,49b15e9ec4784be42cd2,1,0,0,0.7620764374732971,0.23792356252670288
PETS_CREDIT_low_eff_su2_r1_d6_b01__none,none,memguard,ce8a11f272895da8cd7f,1,0,0,0.8475619554519653,0.15243804454803467
PETS_CREDIT_low_eff_su2_r1_d6_b01__none,none,memguard,f929be357f68bdda4236,1,0,0,0.7999489307403564,0.20005108416080475
PETS_CREDIT_low_eff_su2_r1_d6_b01__none,none,memguard,619b46d6086e6aad3d84,1,0,0,0.8312485814094543,0.16875141859054565
PETS_CREDIT_low_eff_su2_r1_d6_b01__none,none,memguard,c91e3b5a028c06ad1f92,1,0,0,0.8409993648529053,0.15900060534477234
PETS_CREDIT_low_eff_su2_r1_d6_b01__none,none,memguard,f640cb068a6e0cafd8f7,1,0,0,0.7725632786750793,0.22743673622608185
PETS_CREDIT_low_eff_su2_r1_d6_b01__none,none,memguard,a1b01a469dc7802f51d3,1,0,0,0.8225467801094055,0.17745323479175568
PETS_CREDIT_low_eff_su2_r1_d6_b01__none,none,memguard,5cb75d859aa2d3df94b0,1,0,0,0.8059214949607849,0.19407853484153748
PETS_CREDIT_low_eff_su2_r1_d6_b01__none,none,memguard,5e48c11768cb070aefe6,1,1,0,0.7698397636413574,0.2301602065563202
PETS_CREDIT_low_eff_su2_r1_d6_b01__none,none,memguard,3ac7ac4bc65a6ffec899,1,0,0,0.8387710452079773,0.1612289696931839
PETS_CREDIT_low_eff_su2_r1_d6_b01__none,none,memguard,ac5f40db5db91c18a83b,1,1,0,0.7633740305900574,0.23662599921226501
PETS_CREDIT_low_eff_su2_r1_d6_b01__none,none,memguard,973b363916938dbaaf31,1,0,0,0.8452038168907166,0.15479619801044464
PETS_CREDIT_low_eff_su2_r1_d6_b01__none,none,memguard,df16a30c67111933fccc,1,0,0,0.8371748924255371,0.1628251075744629
PETS_CREDIT_low_eff_su2_r1_d6_b01__none,none,memguard,402e2e33d278085f817f,1,0,0,0.817642867565155,0.18235713243484497
PETS_CREDIT_low_eff_su2_r1_d6_b01__none,none,memguard,a62d80fa1349c54517ce,1,1,0,0.7705896496772766,0.2294103354215622
PETS_CREDIT_low_eff_su2_r1_d6_b01__none,none,memguard,d9170d275d5e05922e82,1,0,0,0.7981005907058716,0.2018994241952896
PETS_CREDIT_low_eff_su2_r1_d6_b01__none,none,memguard,01743ddf295d8f6b5a46,1,0,0,0.8462645411491394,0.15373551845550537
PETS_CREDIT_low_eff_su2_r1_d6_b01__none,none,memguard,e030c0aa4ae0f1011f2f,1,0,0,0.8051862120628357,0.1948137730360031
PETS_CREDIT_low_eff_su2_r1_d6_b01__none,none,memguard,bf465d63c434358f77e4,1,0,0,0.8472455739974976,0.15275447070598602
PETS_CREDIT_low_eff_su2_r1_d6_b01__none,none,memguard,9eb158e3cbe5bc901e26,1,1,1,0.21792343258857727,0.7820765376091003
PETS_CREDIT_low_eff_su2_r1_d6_b01__none,none,memguard,a6dfd0dc4ba32e6c00e6,1,0,0,0.8174293637275696,0.1825706660747528
PETS_CREDIT_low_eff_su2_r1_d6_b01__none,none,memguard,a5628044ec0880a52490,1,0,0,0.7738420963287354,0.22615790367126465
PETS_CREDIT_low_eff_su2_r1_d6_b01__none,none,memguard,4cfea97c73e6dbfbc698,1,0,0,0.8478861451148987,0.15211383998394012
PETS_CREDIT_low_eff_su2_r1_d6_b01__none,none,memguard,006df97946d214e0111f,1,0,0,0.7752380967140198,0.22476188838481903
PETS_CREDIT_low_eff_su2_r1_d6_b01__none,none,memguard,75e559f2a9928f47e4ef,1,0,0,0.8363191485404968,0.16368089616298676
PETS_CREDIT_low_eff_su2_r1_d6_b01__none,none,memguard,526cee77dcfea7ee8138,1,1,0,0.7806422114372253,0.21935777366161346
PETS_CREDIT_low_eff_su2_r1_d6_b01__none,none,memguard,2c2eb339de59d2b86f66,1,1,0,0.8477402925491333,0.1522597074508667
PETS_CREDIT_low_eff_su2_r1_d6_b01__none,none,memguard,fbbb0f469e10095b9cc1,1,0,0,0.8476648330688477,0.15233518183231354
PETS_CREDIT_low_eff_su2_r1_d6_b01__none,none,memguard,c2f9d20d5b53c00ef5f4,1,0,0,0.8213068246841431,0.17869317531585693
PETS_CREDIT_low_eff_su2_r1_d6_b01__none,none,memguard,1313972ddf1c6e9eb2c9,1,0,1,0.21868786215782166,0.7813121676445007
PETS_CREDIT_low_eff_su2_r1_d6_b01__none,none,memguard,775e0bc8a00b354d7d21,0,0,0,0.7874239087104797,0.21257613599300385
PETS_CREDIT_low_eff_su2_r1_d6_b01__none,none,memguard,19eaeaae64289dba8ce8,0,0,0,0.8310579061508179,0.16894206404685974
PETS_CREDIT_low_eff_su2_r1_d6_b01__none,none,memguard,af85096b9d68ea111a40,0,0,0,0.8437379598617554,0.15626204013824463
PETS_CREDIT_low_eff_su2_r1_d6_b01__none,none,memguard,eb58b2ec144b95696995,0,0,0,0.832965612411499,0.16703440248966217
PETS_CREDIT_low_eff_su2_r1_d6_b01__none,none,memguard,c87adcad5c5b8bacab20,0,0,0,0.843717634677887,0.15628233551979065
PETS_CREDIT_low_eff_su2_r1_d6_b01__none,none,memguard,8b38dcbabda11b315cba,0,1,0,0.771340548992157,0.2286594808101654
PETS_CREDIT_low_eff_su2_r1_d6_b01__none,none,memguard,46cf73574cd89d5b0a38,0,0,0,0.8235201835632324,0.17647984623908997
PETS_CREDIT_low_eff_su2_r1_d6_b01__none,none,memguard,f1d5fbea8d8fc197f689,0,1,0,0.771914541721344,0.228085458278656
PETS_CREDIT_low_eff_su2_r1_d6_b01__none,none,memguard,0ccf866b02ec9d1e0e17,0,1,0,0.7821753621101379,0.21782466769218445
PETS_CREDIT_low_eff_su2_r1_d6_b01__none,none,memguard,3bb90fb9f41d8cd780fb,0,0,0,0.8273847699165344,0.17261524498462677
PETS_CREDIT_low_eff_su2_r1_d6_b01__none,none,memguard,b1bdd9f125cf64d76133,0,0,0,0.83078932762146,0.16921065747737885
PETS_CREDIT_low_eff_su2_r1_d6_b01__none,none,memguard,eb21418ddcffa69cc01e,0,0,0,0.8283129930496216,0.17168699204921722
PETS_CREDIT_low_eff_su2_r1_d6_b01__none,none,memguard,512bf5d49257f12e0379,0,0,0,0.763903796672821,0.23609623312950134
PETS_CREDIT_low_eff_su2_r1_d6_b01__none,none,memguard,6feab55c27ef6fd8098c,0,0,0,0.8475521802902222,0.15244784951210022
PETS_CREDIT_low_eff_su2_r1_d6_b01__none,none,memguard,05d5b5a237e6011985dc,0,0,0,0.8205545544624329,0.17944546043872833
PETS_CREDIT_low_eff_su2_r1_d6_b01__none,none,memguard,508544f059d9966fa4fd,0,1,0,0.806609570980072,0.19339047372341156
PETS_CREDIT_low_eff_su2_r1_d6_b01__none,none,memguard,02b75fde595a1ffcf156,0,0,0,0.7817451357841492,0.21825489401817322
PETS_CREDIT_low_eff_su2_r1_d6_b01__none,none,memguard,3a50f7141ac819d29be9,0,0,0,0.8436699509620667,0.15633007884025574
PETS_CREDIT_low_eff_su2_r1_d6_b01__none,none,memguard,76e22647644159c9f31f,0,0,0,0.827534556388855,0.17246544361114502
PETS_CREDIT_low_eff_su2_r1_d6_b01__none,none,memguard,ded01dd09f53e3f3edc7,0,1,0,0.8106529712677002,0.1893470585346222
PETS_CREDIT_low_eff_su2_r1_d6_b01__none,none,memguard,516fe3ca66f5f580688d,0,0,0,0.7629269957542419,0.23707306385040283
PETS_CREDIT_low_eff_su2_r1_d6_b01__none,none,memguard,7dbb07f72b26cae53e10,0,0,0,0.7651402950286865,0.23485971987247467
PETS_CREDIT_low_eff_su2_r1_d6_b01__none,none,memguard,65e0c3d4f1bee9081f1e,0,0,0,0.7716008424758911,0.2283991575241089
PETS_CREDIT_low_eff_su2_r1_d6_b01__none,none,memguard,05cfc0ff414af47c03a5,0,0,0,0.7610775232315063,0.23892249166965485
PETS_CREDIT_low_eff_su2_r1_d6_b01__none,none,memguard,ada868403e0aacd584e1,0,0,0,0.7838001251220703,0.2161998599767685
PETS_CREDIT_low_eff_su2_r1_d6_b01__none,none,memguard,4007b1ad7da10c650d44,0,0,0,0.763481616973877,0.23651835322380066
PETS_CREDIT_low_eff_su2_r1_d6_b01__none,none,memguard,d31cd7debcfc574857b7,0,0,0,0.7857772707939148,0.2142227590084076
PETS_CREDIT_low_eff_su2_r1_d6_b01__none,none,memguard,5e54efebb9b29b940c99,0,0,0,0.7849853038787842,0.2150147259235382
PETS_CREDIT_low_eff_su2_r1_d6_b01__none,none,memguard,454315dad33a268150e0,0,0,0,0.796085774898529,0.20391426980495453
PETS_CREDIT_low_eff_su2_r1_d6_b01__none,none,memguard,b224dfc19404bbda9ee4,0,0,0,0.8117858171463013,0.18821419775485992
PETS_CREDIT_low_eff_su2_r1_d6_b01__none,none,memguard,bbee22d3ea243b98e36f,0,0,0,0.774152934551239,0.22584711015224457
PETS_CREDIT_low_eff_su2_r1_d6_b01__none,none,memguard,53501233f30eb80e8d05,0,0,0,0.819497287273407,0.18050265312194824
PETS_CREDIT_low_eff_su2_r1_d6_b01__none,none,memguard,d988f293d7bb6d4a8ab7,0,1,0,0.8319252133369446,0.16807477176189423
PETS_CREDIT_low_eff_su2_r1_d6_b01__none,none,memguard,545cb2ecd34d5146e49a,0,0,0,0.7761140465736389,0.2238859236240387
PETS_CREDIT_low_eff_su2_r1_d6_b01__none,none,memguard,fedc0dc11aeb9674f49a,0,1,0,0.7613167762756348,0.23868322372436523
PETS_CREDIT_low_eff_su2_r1_d6_b01__none,none,memguard,838fb6514f9d13f5f89a,0,0,0,0.7596598863601685,0.24034012854099274
PETS_CREDIT_low_eff_su2_r1_d6_b01__none,none,memguard,a024fa1846e4335ade36,0,0,0,0.8258495926856995,0.17415042221546173
PETS_CREDIT_low_eff_su2_r1_d6_b01__none,none,memguard,dd5f176581699325a9b1,0,0,0,0.810783326625824,0.1892167031764984
PETS_CREDIT_low_eff_su2_r1_d6_b01__none,none,memguard,45b2f42889463dbbbda3,0,1,1,0.22570569813251495,0.7742943167686462
PETS_CREDIT_low_eff_su2_r1_d6_b01__none,none,memguard,5c479147049976461a13,0,0,0,0.8387758135795593,0.1612241566181183
PETS_CREDIT_low_eff_su2_r1_d6_b01__none,none,memguard,5ff6b7662bfef65ea0bd,0,0,0,0.7810860872268677,0.21891391277313232
PETS_CREDIT_low_eff_su2_r1_d6_b01__none,none,memguard,f83af86a0376fc684202,0,1,0,0.8041673898696899,0.19583258032798767
PETS_CREDIT_low_eff_su2_r1_d6_b01__none,none,memguard,49ba0900d21d03ea42a9,0,0,0,0.7661057710647583,0.2338942438364029
PETS_CREDIT_low_eff_su2_r1_d6_b01__none,none,memguard,d7c5bc379679e38af136,0,0,0,0.8373085260391235,0.16269145905971527
PETS_CREDIT_low_eff_su2_r1_d6_b01__none,none,memguard,1de5fd2a3f26ba72a9c1,0,0,0,0.8369002342224121,0.16309978067874908
PETS_CREDIT_low_eff_su2_r1_d6_b01__none,none,memguard,9905912b0d924a7b3ca5,0,0,0,0.8426966071128845,0.15730337798595428
PETS_CREDIT_low_eff_su2_r1_d6_b01__none,none,memguard,a0c6458763e7f0d7b722,0,0,0,0.7698692679405212,0.23013073205947876
PETS_CREDIT_low_eff_su2_r1_d6_b01__none,none,memguard,6146ee4e50398bd2590b,0,0,0,0.8141676783561707,0.18583232164382935
PETS_CREDIT_low_eff_su2_r1_d6_b01__none,none,memguard,c4c052470c6698896a64,0,1,0,0.8352110385894775,0.16478902101516724
PETS_CREDIT_low_eff_su2_r1_d6_b01__none,none,memguard,d4f5d45b61b7bb9d81d2,0,0,0,0.8273381590843201,0.17266184091567993
PETS_CREDIT_low_eff_su2_r1_d6_b01__none,none,memguard,8b2149d6d65d7dff0391,0,0,0,0.837123692035675,0.16287635266780853
PETS_CREDIT_low_eff_su2_r1_d6_b01__none,none,memguard,2f0ee475d6ce6c987db1,0,0,0,0.786454439163208,0.21354559063911438
PETS_CREDIT_low_eff_su2_r1_d6_b01__none,none,memguard,9e70744c580dba073780,0,0,0,0.8420001864433289,0.15799978375434875
PETS_CREDIT_low_eff_su2_r1_d6_b01__none,none,memguard,2c3b25125281e8e5ea14,0,0,0,0.7640370726585388,0.23596297204494476
PETS_CREDIT_low_eff_su2_r1_d6_b01__none,none,memguard,d324c41c466449fc77a4,0,1,0,0.7666566967964172,0.23334328830242157
PETS_CREDIT_low_eff_su2_r1_d6_b01__none,none,memguard,b2afd8ac93139c6436ca,0,1,0,0.7955750823020935,0.20442494750022888
PETS_CREDIT_low_eff_su2_r1_d6_b01__none,none,memguard,f0873fcaa4725b7b28fd,0,0,0,0.7606503963470459,0.2393496036529541
PETS_CREDIT_low_eff_su2_r1_d6_b01__none,none,memguard,33f2ea1bb1c7d6a437bf,0,1,0,0.7760826349258423,0.2239173799753189
PETS_CREDIT_low_eff_su2_r1_d6_b01__none,none,memguard,63426de2bcac10c978ef,0,0,0,0.7959253787994385,0.2040746510028839
PETS_CREDIT_low_eff_su2_r1_d6_b01__none,none,memguard,6083c35ef0dd27c47f39,0,0,0,0.8379068970680237,0.1620931178331375
PETS_CREDIT_low_eff_su2_r1_d6_b01__none,none,memguard,9ac4b9bb1cccbe8c8162,0,1,0,0.8098926544189453,0.19010739028453827
PETS_CREDIT_low_eff_su2_r1_d6_b01__none,none,memguard,15e0146e9b8967882d3c,0,1,0,0.7823010683059692,0.21769899129867554
PETS_CREDIT_low_eff_su2_r1_d6_b01__none,none,memguard,37dc9fbd1cc1b8e7aeec,0,0,0,0.7626971006393433,0.23730286955833435
PETS_CREDIT_low_eff_su2_r1_d6_b01__none,none,memguard,9e00c9a73f8502e1beb6,0,0,0,0.7978329658508301,0.2021670639514923
PETS_CREDIT_low_eff_su2_r1_d6_b01__none,none,memguard,91f87ca67e3c04007486,0,0,0,0.8327528238296509,0.16724717617034912
PETS_CREDIT_low_eff_su2_r1_d6_b01__none,none,memguard,c6f44b9c0cc7a4317767,0,0,0,0.8433375954627991,0.15666240453720093
PETS_CREDIT_low_eff_su2_r1_d6_b01__none,none,memguard,cd6bf5351920ef71b772,0,0,0,0.8425778150558472,0.15742219984531403
PETS_CREDIT_low_eff_su2_r1_d6_b01__none,none,memguard,8dcf26c9f074a4b5de0e,0,0,0,0.832687497138977,0.16731248795986176
PETS_CREDIT_low_eff_su2_r1_d6_b01__none,none,memguard,de98a8baab2807797bb8,0,0,0,0.8046888113021851,0.19531121850013733
PETS_CREDIT_low_eff_su2_r1_d6_b01__none,none,memguard,f28c583d896798880d4b,0,1,0,0.7806786894798279,0.2193213552236557
PETS_CREDIT_low_eff_su2_r1_d6_b01__none,none,memguard,ac56169f19bc768a992f,0,0,0,0.8083652853965759,0.19163472950458527
PETS_CREDIT_low_eff_su2_r1_d6_b01__none,none,memguard,3921b288ed88010b2bd2,0,0,0,0.8453590869903564,0.15464091300964355
PETS_CREDIT_low_eff_su2_r1_d6_b01__none,none,memguard,0988ebf7cfaacc632363,0,0,0,0.841893196105957,0.15810677409172058
PETS_CREDIT_low_eff_su2_r1_d6_b01__none,none,memguard,19f22c4a26ede80db5bc,0,0,0,0.7807340025901794,0.21926601231098175
PETS_CREDIT_low_eff_su2_r1_d6_b01__none,none,memguard,96c64f83677ec33bce29,0,0,0,0.7646298408508301,0.23537012934684753
PETS_CREDIT_low_eff_su2_r1_d6_b01__none,none,memguard,9843ca85067735c6a50c,0,0,0,0.7671657800674438,0.23283421993255615
PETS_CREDIT_low_eff_su2_r1_d6_b01__none,none,memguard,12ef83c14d018f8929c0,0,0,0,0.7710157036781311,0.22898432612419128
PETS_CREDIT_low_eff_su2_r1_d6_b01__none,none,memguard,9b5637baba30c32741f7,0,0,0,0.765034556388855,0.23496536910533905
PETS_CREDIT_low_eff_su2_r1_d6_b01__none,none,memguard,82ebd78d69582401b822,0,1,0,0.7575560808181763,0.24244388937950134
PETS_CREDIT_low_eff_su2_r1_d6_b01__none,none,memguard,c154986c4ac0e18baa8e,0,0,0,0.805668294429779,0.19433163106441498
PETS_CREDIT_low_eff_su2_r1_d6_b01__none,none,memguard,5c1eaee6580358b55afc,0,1,0,0.8328778147697449,0.16712221503257751
PETS_CREDIT_low_eff_su2_r1_d6_b01__none,none,memguard,cb251470deed8436762a,0,0,0,0.8277571797370911,0.17224283516407013
PETS_CREDIT_low_eff_su2_r1_d6_b01__none,none,memguard,da5f5efb7790004fff98,0,0,0,0.848324179649353,0.15167582035064697
PETS_CREDIT_low_eff_su2_r1_d6_b01__none,none,memguard,a1971c19af6fbce2a2b8,0,0,0,0.7969299554824829,0.20307007431983948
PETS_CREDIT_low_eff_su2_r1_d6_b01__none,none,memguard,f88c75f25b6e20b11d53,0,1,0,0.7656069993972778,0.23439298570156097
PETS_CREDIT_low_eff_su2_r1_d6_b01__none,none,memguard,625fbebab124d6b6cfe9,0,0,0,0.8226545453071594,0.17734548449516296
PETS_CREDIT_low_eff_su2_r1_d6_b01__none,none,memguard,aad721f07309f09ae48b,0,0,0,0.8327096700668335,0.1672903299331665
PETS_CREDIT_low_eff_su2_r1_d6_b01__none,none,memguard,3e5959b02df8356effc1,0,0,0,0.7629254460334778,0.2370745688676834
PETS_CREDIT_low_eff_su2_r1_d6_b01__none,none,memguard,13bc0e5e62e93ee9e11f,0,0,0,0.7793734669685364,0.22062654793262482
PETS_CREDIT_low_eff_su2_r1_d6_b01__none,none,memguard,d4552063b883befa7f1f,0,1,0,0.7656663656234741,0.2343335598707199
PETS_CREDIT_low_eff_su2_r1_d6_b01__none,none,memguard,9737e13af29b3e71e58d,0,0,0,0.7894965410232544,0.210503488779068
PETS_CREDIT_low_eff_su2_r1_d6_b01__none,none,memguard,65878445affdd2869314,0,0,0,0.7971270680427551,0.20287297666072845
PETS_CREDIT_low_eff_su2_r1_d6_b01__none,none,memguard,c9b4e83642e08382f4a6,0,0,0,0.7664744853973389,0.23352555930614471
PETS_CREDIT_low_eff_su2_r1_d6_b01__none,none,memguard,e68ff9c46623f5834b2a,0,0,0,0.7625121474266052,0.2374878227710724
PETS_CREDIT_low_eff_su2_r1_d6_b01__none,none,memguard,ee145a9d7a0dd082d343,0,0,0,0.834347665309906,0.1656523495912552
PETS_CREDIT_low_eff_su2_r1_d6_b01__none,none,memguard,8b77bc8a325b32f8d38a,0,1,0,0.7778394222259521,0.22216060757637024
PETS_CREDIT_low_eff_su2_r1_d6_b01__none,none,memguard,15902995b3e0e8fdafb5,0,1,0,0.7750794887542725,0.22492049634456635
PETS_CREDIT_low_eff_su2_r1_d6_b01__none,none,memguard,442418c1ce6eee466e66,0,0,0,0.7676528096199036,0.23234719038009644
PETS_CREDIT_low_eff_su2_r1_d6_b01__none,none,memguard,cdbf66466c43de4d3398,0,0,0,0.76877361536026,0.23122639954090118
PETS_CREDIT_low_eff_su2_r1_d6_b01__none,none,memguard,d219a9acadf7d11fea78,0,0,0,0.8446664214134216,0.15533360838890076
PETS_CREDIT_low_eff_su2_r1_d6_b01__none,none,logitguard_continuous,eaab06e0e9770f0cb322,1,0,0,0.7901623249053955,0.20983771979808807
PETS_CREDIT_low_eff_su2_r1_d6_b01__none,none,logitguard_continuous,883a42269d6847aec70c,1,0,0,0.7996180057525635,0.20038199424743652
PETS_CREDIT_low_eff_su2_r1_d6_b01__none,none,logitguard_continuous,6bf07a3ff23f9e3249c5,1,0,0,0.8052641153335571,0.19473586976528168
PETS_CREDIT_low_eff_su2_r1_d6_b01__none,none,logitguard_continuous,272c38b1ecd099be7890,1,0,0,0.8081048727035522,0.19189515709877014
PETS_CREDIT_low_eff_su2_r1_d6_b01__none,none,logitguard_continuous,f2a589817382059b0dcc,1,0,0,0.8038646578788757,0.19613534212112427
PETS_CREDIT_low_eff_su2_r1_d6_b01__none,none,logitguard_continuous,ab97fae957e08270ffce,1,1,0,0.7987223863601685,0.20127765834331512
PETS_CREDIT_low_eff_su2_r1_d6_b01__none,none,logitguard_continuous,0674ce029ebb21d32e38,1,0,0,0.8127928376197815,0.1872071921825409
PETS_CREDIT_low_eff_su2_r1_d6_b01__none,none,logitguard_continuous,a9752ae3047aff503fb3,1,1,0,0.8066632151603699,0.19333675503730774
PETS_CREDIT_low_eff_su2_r1_d6_b01__none,none,logitguard_continuous,5b7629cbd1fb6e879520,1,1,0,0.8081437349319458,0.1918562948703766
PETS_CREDIT_low_eff_su2_r1_d6_b01__none,none,logitguard_continuous,4dde24d981dd8981f71f,1,0,0,0.8279445171356201,0.17205551266670227
PETS_CREDIT_low_eff_su2_r1_d6_b01__none,none,logitguard_continuous,4df4658f2eb41564da87,1,0,0,0.8137286901473999,0.1862713098526001
PETS_CREDIT_low_eff_su2_r1_d6_b01__none,none,logitguard_continuous,ab00e756b29c98fd6674,1,0,0,0.7904416918754578,0.20955829322338104
PETS_CREDIT_low_eff_su2_r1_d6_b01__none,none,logitguard_continuous,69ef03b5c6f4f7ecef33,1,0,0,0.8119888305664062,0.18801121413707733
PETS_CREDIT_low_eff_su2_r1_d6_b01__none,none,logitguard_continuous,dba69027df0122535f19,1,0,0,0.8130825757980347,0.18691739439964294
PETS_CREDIT_low_eff_su2_r1_d6_b01__none,none,logitguard_continuous,cbd912351cdbc83a9184,1,0,0,0.7889921069145203,0.21100792288780212
PETS_CREDIT_low_eff_su2_r1_d6_b01__none,none,logitguard_continuous,7be2869c238aa35d440a,1,1,0,0.8007454872131348,0.19925452768802643
PETS_CREDIT_low_eff_su2_r1_d6_b01__none,none,logitguard_continuous,7ce1135db7560daf7e70,1,0,0,0.8062386512756348,0.19376136362552643
PETS_CREDIT_low_eff_su2_r1_d6_b01__none,none,logitguard_continuous,988a4b4dcb53bafffb01,1,0,0,0.8047741651535034,0.19522586464881897
PETS_CREDIT_low_eff_su2_r1_d6_b01__none,none,logitguard_continuous,66fa33821884d4568b02,1,0,0,0.8007239699363708,0.19927600026130676
PETS_CREDIT_low_eff_su2_r1_d6_b01__none,none,logitguard_continuous,f073d35785cf76f1409c,1,1,0,0.8016113042831421,0.1983886957168579
PETS_CREDIT_low_eff_su2_r1_d6_b01__none,none,logitguard_continuous,6c0e663b6848864dc914,1,0,0,0.7999425530433655,0.20005741715431213
PETS_CREDIT_low_eff_su2_r1_d6_b01__none,none,logitguard_continuous,14865093b1485a5c3a41,1,0,0,0.8019137382507324,0.19808630645275116
PETS_CREDIT_low_eff_su2_r1_d6_b01__none,none,logitguard_continuous,c4b2c9357254e51af6a9,1,0,0,0.808174729347229,0.1918252408504486
PETS_CREDIT_low_eff_su2_r1_d6_b01__none,none,logitguard_continuous,b0f47ae4b56b3aa4d111,1,0,0,0.7943789958953857,0.20562103390693665
PETS_CREDIT_low_eff_su2_r1_d6_b01__none,none,logitguard_continuous,f05df67fe5ac7ed38643,1,0,0,0.8180938363075256,0.18190619349479675
PETS_CREDIT_low_eff_su2_r1_d6_b01__none,none,logitguard_continuous,a55e4e1cd3465563efc4,1,0,0,0.7984480261802673,0.20155200362205505
PETS_CREDIT_low_eff_su2_r1_d6_b01__none,none,logitguard_continuous,c9acdb61159286a4c2ce,1,0,0,0.8097361922264099,0.1902638077735901
PETS_CREDIT_low_eff_su2_r1_d6_b01__none,none,logitguard_continuous,6ea2a519a69c09016323,1,0,0,0.8022288084030151,0.19777123630046844
PETS_CREDIT_low_eff_su2_r1_d6_b01__none,none,logitguard_continuous,f332cc500c7a62b19024,1,0,0,0.8037102818489075,0.19628974795341492
PETS_CREDIT_low_eff_su2_r1_d6_b01__none,none,logitguard_continuous,6992a9babb7ae6302cb5,1,0,0,0.7907325625419617,0.20926740765571594
PETS_CREDIT_low_eff_su2_r1_d6_b01__none,none,logitguard_continuous,d1d396dc69ac0aeade66,1,0,0,0.8008742332458496,0.1991257667541504
PETS_CREDIT_low_eff_su2_r1_d6_b01__none,none,logitguard_continuous,4def6ca8e27be84aeb54,1,0,0,0.7960529923439026,0.2039470225572586
PETS_CREDIT_low_eff_su2_r1_d6_b01__none,none,logitguard_continuous,d46f8b9f4d57f90db615,1,1,0,0.8048502802848816,0.1951497346162796
PETS_CREDIT_low_eff_su2_r1_d6_b01__none,none,logitguard_continuous,347bd04364dce3c5342e,1,0,0,0.81004798412323,0.18995200097560883
PETS_CREDIT_low_eff_su2_r1_d6_b01__none,none,logitguard_continuous,32babcc385bd70eddb90,1,1,0,0.8068739175796509,0.1931261271238327
PETS_CREDIT_low_eff_su2_r1_d6_b01__none,none,logitguard_continuous,0772d1e68bccea98e68f,1,0,0,0.7780838012695312,0.22191618382930756
PETS_CREDIT_low_eff_su2_r1_d6_b01__none,none,logitguard_continuous,72bf8a475d5aa5538cd3,1,0,0,0.8223480582237244,0.17765195667743683
PETS_CREDIT_low_eff_su2_r1_d6_b01__none,none,logitguard_continuous,092efc45ab978715a8fa,1,0,0,0.7994765043258667,0.2005234956741333
PETS_CREDIT_low_eff_su2_r1_d6_b01__none,none,logitguard_continuous,25bed8f88a506c4cc366,1,1,0,0.7863515615463257,0.2136484831571579
PETS_CREDIT_low_eff_su2_r1_d6_b01__none,none,logitguard_continuous,c8a7bd1cd35ba1e89b80,1,0,0,0.8065876364707947,0.19341236352920532
PETS_CREDIT_low_eff_su2_r1_d6_b01__none,none,logitguard_continuous,073dbbd888ef767c75de,1,0,0,0.8006004691123962,0.19939954578876495
PETS_CREDIT_low_eff_su2_r1_d6_b01__none,none,logitguard_continuous,8f95586c1c6fb3f2a750,1,1,0,0.8029130101203918,0.19708696007728577
PETS_CREDIT_low_eff_su2_r1_d6_b01__none,none,logitguard_continuous,c75c31af2389cc3a594f,1,0,0,0.8050891757011414,0.19491086900234222
PETS_CREDIT_low_eff_su2_r1_d6_b01__none,none,logitguard_continuous,bd6c7e8fd4e7879e23df,1,0,0,0.8013514876365662,0.19864854216575623
PETS_CREDIT_low_eff_su2_r1_d6_b01__none,none,logitguard_continuous,072f10d00d9156aab9f2,1,0,0,0.7935851216316223,0.20641492307186127
PETS_CREDIT_low_eff_su2_r1_d6_b01__none,none,logitguard_continuous,82d40bd4122f5c76cdfb,1,0,0,0.7950143814086914,0.2049856185913086
PETS_CREDIT_low_eff_su2_r1_d6_b01__none,none,logitguard_continuous,81817fc85a01b1cc7dcf,1,0,0,0.8022875189781189,0.1977124959230423
PETS_CREDIT_low_eff_su2_r1_d6_b01__none,none,logitguard_continuous,d75c3e52dbcaf5a5ec2a,1,0,0,0.7983118891716003,0.20168814063072205
PETS_CREDIT_low_eff_su2_r1_d6_b01__none,none,logitguard_continuous,e0cf68ff7b13424759c5,1,1,1,0.2141207754611969,0.7858791947364807
PETS_CREDIT_low_eff_su2_r1_d6_b01__none,none,logitguard_continuous,92516ca36411fad7d9c9,1,0,0,0.8011469841003418,0.19885307550430298
PETS_CREDIT_low_eff_su2_r1_d6_b01__none,none,logitguard_continuous,1dd9f8371cdcaa1758b3,1,0,0,0.8023119568824768,0.1976880133152008
PETS_CREDIT_low_eff_su2_r1_d6_b01__none,none,logitguard_continuous,a4fc6b0808359418c098,1,0,0,0.8035911917686462,0.19640886783599854
PETS_CREDIT_low_eff_su2_r1_d6_b01__none,none,logitguard_continuous,e07f107ec2deef516f4f,1,0,0,0.8020643591880798,0.19793562591075897
PETS_CREDIT_low_eff_su2_r1_d6_b01__none,none,logitguard_continuous,7311863aa70952806ffc,1,0,0,0.8039843440055847,0.19601565599441528
PETS_CREDIT_low_eff_su2_r1_d6_b01__none,none,logitguard_continuous,eb849709f12c60edd50b,1,1,0,0.7988393902778625,0.20116063952445984
PETS_CREDIT_low_eff_su2_r1_d6_b01__none,none,logitguard_continuous,0a09121dee0e5db09dfe,1,1,0,0.8002395033836365,0.19976051151752472
PETS_CREDIT_low_eff_su2_r1_d6_b01__none,none,logitguard_continuous,29a333df83b13ef7fea3,1,0,0,0.7919661402702332,0.20803385972976685
PETS_CREDIT_low_eff_su2_r1_d6_b01__none,none,logitguard_continuous,b84ff32b3c14263b0dd5,1,1,0,0.7966099381446838,0.2033899873495102
PETS_CREDIT_low_eff_su2_r1_d6_b01__none,none,logitguard_continuous,ae1704e8283a10912765,1,0,0,0.7922836542129517,0.20771639049053192
PETS_CREDIT_low_eff_su2_r1_d6_b01__none,none,logitguard_continuous,78edbc6916b12b570866,1,0,0,0.7919245958328247,0.20807543396949768
PETS_CREDIT_low_eff_su2_r1_d6_b01__none,none,logitguard_continuous,196d92dfff0523a23237,1,1,0,0.7973408699035645,0.20265913009643555
PETS_CREDIT_low_eff_su2_r1_d6_b01__none,none,logitguard_continuous,c0daa10532a8487ca803,1,1,0,0.8099085092544556,0.19009147584438324
PETS_CREDIT_low_eff_su2_r1_d6_b01__none,none,logitguard_continuous,a5b1091e7ec67f7a06ed,1,0,0,0.7970889806747437,0.20291106402873993
PETS_CREDIT_low_eff_su2_r1_d6_b01__none,none,logitguard_continuous,bfa7b1aca5d187760a16,1,0,0,0.8030141592025757,0.1969858705997467
PETS_CREDIT_low_eff_su2_r1_d6_b01__none,none,logitguard_continuous,39f8154e08ad72170108,1,0,0,0.8038678169250488,0.19613219797611237
PETS_CREDIT_low_eff_su2_r1_d6_b01__none,none,logitguard_continuous,2379dd478643b9cc0bc1,1,0,0,0.8052535057067871,0.19474650919437408
PETS_CREDIT_low_eff_su2_r1_d6_b01__none,none,logitguard_continuous,418dd0dffa2f4aacf5a8,1,0,0,0.7922303676605225,0.20776961743831635
PETS_CREDIT_low_eff_su2_r1_d6_b01__none,none,logitguard_continuous,26b6a5da65cdaeb8e184,1,0,0,0.8049174547195435,0.19508256018161774
PETS_CREDIT_low_eff_su2_r1_d6_b01__none,none,logitguard_continuous,c50e57ca37a497df3a13,1,0,0,0.8017799854278564,0.19822004437446594
PETS_CREDIT_low_eff_su2_r1_d6_b01__none,none,logitguard_continuous,0ec364cc4624f409f87e,1,1,0,0.8023589849472046,0.1976410299539566
PETS_CREDIT_low_eff_su2_r1_d6_b01__none,none,logitguard_continuous,49b15e9ec4784be42cd2,1,0,0,0.7860691547393799,0.2139308601617813
PETS_CREDIT_low_eff_su2_r1_d6_b01__none,none,logitguard_continuous,ce8a11f272895da8cd7f,1,0,0,0.8134287595748901,0.18657124042510986
PETS_CREDIT_low_eff_su2_r1_d6_b01__none,none,logitguard_continuous,f929be357f68bdda4236,1,0,0,0.798514187335968,0.2014857828617096
PETS_CREDIT_low_eff_su2_r1_d6_b01__none,none,logitguard_continuous,619b46d6086e6aad3d84,1,0,0,0.8057618737220764,0.1942380964756012
PETS_CREDIT_low_eff_su2_r1_d6_b01__none,none,logitguard_continuous,c91e3b5a028c06ad1f92,1,0,0,0.8212314248085022,0.17876854538917542
PETS_CREDIT_low_eff_su2_r1_d6_b01__none,none,logitguard_continuous,f640cb068a6e0cafd8f7,1,0,0,0.79278564453125,0.2072143852710724
PETS_CREDIT_low_eff_su2_r1_d6_b01__none,none,logitguard_continuous,a1b01a469dc7802f51d3,1,0,0,0.8013757467269897,0.19862425327301025
PETS_CREDIT_low_eff_su2_r1_d6_b01__none,none,logitguard_continuous,5cb75d859aa2d3df94b0,1,0,0,0.8014718294143677,0.19852817058563232
PETS_CREDIT_low_eff_su2_r1_d6_b01__none,none,logitguard_continuous,5e48c11768cb070aefe6,1,1,0,0.7850437164306641,0.21495625376701355
PETS_CREDIT_low_eff_su2_r1_d6_b01__none,none,logitguard_continuous,3ac7ac4bc65a6ffec899,1,0,0,0.8010703921318054,0.19892960786819458
PETS_CREDIT_low_eff_su2_r1_d6_b01__none,none,logitguard_continuous,ac5f40db5db91c18a83b,1,1,0,0.8052125573158264,0.19478747248649597
PETS_CREDIT_low_eff_su2_r1_d6_b01__none,none,logitguard_continuous,973b363916938dbaaf31,1,0,0,0.7985643744468689,0.2014356106519699
PETS_CREDIT_low_eff_su2_r1_d6_b01__none,none,logitguard_continuous,df16a30c67111933fccc,1,0,0,0.7970836758613586,0.20291632413864136
PETS_CREDIT_low_eff_su2_r1_d6_b01__none,none,logitguard_continuous,402e2e33d278085f817f,1,0,0,0.8089491128921509,0.19105085730552673
PETS_CREDIT_low_eff_su2_r1_d6_b01__none,none,logitguard_continuous,a62d80fa1349c54517ce,1,1,0,0.8027949333190918,0.19720511138439178
PETS_CREDIT_low_eff_su2_r1_d6_b01__none,none,logitguard_continuous,d9170d275d5e05922e82,1,0,0,0.8056485056877136,0.19435150921344757
PETS_CREDIT_low_eff_su2_r1_d6_b01__none,none,logitguard_continuous,01743ddf295d8f6b5a46,1,0,0,0.7969440817832947,0.20305590331554413
PETS_CREDIT_low_eff_su2_r1_d6_b01__none,none,logitguard_continuous,e030c0aa4ae0f1011f2f,1,0,0,0.8050954937934875,0.19490453600883484
PETS_CREDIT_low_eff_su2_r1_d6_b01__none,none,logitguard_continuous,bf465d63c434358f77e4,1,0,0,0.8033466339111328,0.1966533362865448
PETS_CREDIT_low_eff_su2_r1_d6_b01__none,none,logitguard_continuous,9eb158e3cbe5bc901e26,1,1,1,0.2149973213672638,0.7850027084350586
PETS_CREDIT_low_eff_su2_r1_d6_b01__none,none,logitguard_continuous,a6dfd0dc4ba32e6c00e6,1,0,0,0.7994563579559326,0.20054367184638977
PETS_CREDIT_low_eff_su2_r1_d6_b01__none,none,logitguard_continuous,a5628044ec0880a52490,1,0,0,0.8067524433135986,0.1932474821805954
PETS_CREDIT_low_eff_su2_r1_d6_b01__none,none,logitguard_continuous,4cfea97c73e6dbfbc698,1,0,0,0.7992470860481262,0.20075297355651855
PETS_CREDIT_low_eff_su2_r1_d6_b01__none,none,logitguard_continuous,006df97946d214e0111f,1,0,0,0.8097010254859924,0.19029894471168518
PETS_CREDIT_low_eff_su2_r1_d6_b01__none,none,logitguard_continuous,75e559f2a9928f47e4ef,1,0,0,0.8058095574378967,0.19419047236442566
PETS_CREDIT_low_eff_su2_r1_d6_b01__none,none,logitguard_continuous,526cee77dcfea7ee8138,1,1,0,0.7836868762969971,0.21631315350532532
PETS_CREDIT_low_eff_su2_r1_d6_b01__none,none,logitguard_continuous,2c2eb339de59d2b86f66,1,1,0,0.8136535882949829,0.18634647130966187
PETS_CREDIT_low_eff_su2_r1_d6_b01__none,none,logitguard_continuous,fbbb0f469e10095b9cc1,1,0,0,0.7985015511512756,0.20149844884872437
PETS_CREDIT_low_eff_su2_r1_d6_b01__none,none,logitguard_continuous,c2f9d20d5b53c00ef5f4,1,0,0,0.8046491146087646,0.19535088539123535
PETS_CREDIT_low_eff_su2_r1_d6_b01__none,none,logitguard_continuous,1313972ddf1c6e9eb2c9,1,0,1,0.22227561473846436,0.7777243852615356
PETS_CREDIT_low_eff_su2_r1_d6_b01__none,none,logitguard_continuous,775e0bc8a00b354d7d21,0,0,0,0.7971568703651428,0.2028430998325348
PETS_CREDIT_low_eff_su2_r1_d6_b01__none,none,logitguard_continuous,19eaeaae64289dba8ce8,0,0,0,0.8015806078910828,0.19841940701007843
PETS_CREDIT_low_eff_su2_r1_d6_b01__none,none,logitguard_continuous,af85096b9d68ea111a40,0,0,0,0.8170062303543091,0.1829937845468521
PETS_CREDIT_low_eff_su2_r1_d6_b01__none,none,logitguard_continuous,eb58b2ec144b95696995,0,0,0,0.8040021657943726,0.19599780440330505
PETS_CREDIT_low_eff_su2_r1_d6_b01__none,none,logitguard_continuous,c87adcad5c5b8bacab20,0,0,0,0.8036198019981384,0.19638022780418396
PETS_CREDIT_low_eff_su2_r1_d6_b01__none,none,logitguard_continuous,8b38dcbabda11b315cba,0,1,0,0.7970955967903137,0.2029043734073639
PETS_CREDIT_low_eff_su2_r1_d6_b01__none,none,logitguard_continuous,46cf73574cd89d5b0a38,0,0,0,0.8117538094520569,0.18824619054794312
PETS_CREDIT_low_eff_su2_r1_d6_b01__none,none,logitguard_continuous,f1d5fbea8d8fc197f689,0,1,0,0.7976837754249573,0.20231623947620392
PETS_CREDIT_low_eff_su2_r1_d6_b01__none,none,logitguard_continuous,0ccf866b02ec9d1e0e17,0,1,0,0.7978086471557617,0.20219136774539948
PETS_CREDIT_low_eff_su2_r1_d6_b01__none,none,logitguard_continuous,3bb90fb9f41d8cd780fb,0,0,0,0.8055132627487183,0.19448676705360413
PETS_CREDIT_low_eff_su2_r1_d6_b01__none,none,logitguard_continuous,b1bdd9f125cf64d76133,0,0,0,0.8012583255767822,0.19874167442321777
PETS_CREDIT_low_eff_su2_r1_d6_b01__none,none,logitguard_continuous,eb21418ddcffa69cc01e,0,0,0,0.8044319748878479,0.1955680102109909
PETS_CREDIT_low_eff_su2_r1_d6_b01__none,none,logitguard_continuous,512bf5d49257f12e0379,0,0,0,0.804352879524231,0.19564716517925262
PETS_CREDIT_low_eff_su2_r1_d6_b01__none,none,logitguard_continuous,6feab55c27ef6fd8098c,0,0,0,0.8071098923683167,0.19289009273052216
PETS_CREDIT_low_eff_su2_r1_d6_b01__none,none,logitguard_continuous,05d5b5a237e6011985dc,0,0,0,0.7998470067977905,0.20015299320220947
PETS_CREDIT_low_eff_su2_r1_d6_b01__none,none,logitguard_continuous,508544f059d9966fa4fd,0,1,0,0.8062534332275391,0.19374658167362213
PETS_CREDIT_low_eff_su2_r1_d6_b01__none,none,logitguard_continuous,02b75fde595a1ffcf156,0,0,0,0.7875988483428955,0.2124011516571045
PETS_CREDIT_low_eff_su2_r1_d6_b01__none,none,logitguard_continuous,3a50f7141ac819d29be9,0,0,0,0.806458055973053,0.19354192912578583
PETS_CREDIT_low_eff_su2_r1_d6_b01__none,none,logitguard_continuous,76e22647644159c9f31f,0,0,0,0.797715961933136,0.2022840529680252
PETS_CREDIT_low_eff_su2_r1_d6_b01__none,none,logitguard_continuous,ded01dd09f53e3f3edc7,0,1,0,0.8037903904914856,0.1962096393108368
PETS_CREDIT_low_eff_su2_r1_d6_b01__none,none,logitguard_continuous,516fe3ca66f5f580688d,0,0,0,0.7975258231163025,0.20247416198253632
PETS_CREDIT_low_eff_su2_r1_d6_b01__none,none,logitguard_continuous,7dbb07f72b26cae53e10,0,0,0,0.7934932112693787,0.20650681853294373
PETS_CREDIT_low_eff_su2_r1_d6_b01__none,none,logitguard_continuous,65e0c3d4f1bee9081f1e,0,0,0,0.8039608597755432,0.1960391402244568
PETS_CREDIT_low_eff_su2_r1_d6_b01__none,none,logitguard_continuous,05cfc0ff414af47c03a5,0,0,0,0.8031864762306213,0.19681349396705627
PETS_CREDIT_low_eff_su2_r1_d6_b01__none,none,logitguard_continuous,ada868403e0aacd584e1,0,0,0,0.8017051219940186,0.19829484820365906
PETS_CREDIT_low_eff_su2_r1_d6_b01__none,none,logitguard_continuous,4007b1ad7da10c650d44,0,0,0,0.8053153157234192,0.1946846842765808
PETS_CREDIT_low_eff_su2_r1_d6_b01__none,none,logitguard_continuous,d31cd7debcfc574857b7,0,0,0,0.804168701171875,0.1958312839269638
PETS_CREDIT_low_eff_su2_r1_d6_b01__none,none,logitguard_continuous,5e54efebb9b29b940c99,0,0,0,0.8034009337425232,0.196599081158638
PETS_CREDIT_low_eff_su2_r1_d6_b01__none,none,logitguard_continuous,454315dad33a268150e0,0,0,0,0.8038943409919739,0.19610567390918732
PETS_CREDIT_low_eff_su2_r1_d6_b01__none,none,logitguard_continuous,b224dfc19404bbda9ee4,0,0,0,0.8052383661270142,0.19476161897182465
PETS_CREDIT_low_eff_su2_r1_d6_b01__none,none,logitguard_continuous,bbee22d3ea243b98e36f,0,0,0,0.7933497428894043,0.2066502571105957
PETS_CREDIT_low_eff_su2_r1_d6_b01__none,none,logitguard_continuous,53501233f30eb80e8d05,0,0,0,0.807227373123169,0.19277264177799225
PETS_CREDIT_low_eff_su2_r1_d6_b01__none,none,logitguard_continuous,d988f293d7bb6d4a8ab7,0,1,0,0.807675302028656,0.19232472777366638
PETS_CREDIT_low_eff_su2_r1_d6_b01__none,none,logitguard_continuous,545cb2ecd34d5146e49a,0,0,0,0.801378071308136,0.1986219584941864
PETS_CREDIT_low_eff_su2_r1_d6_b01__none,none,logitguard_continuous,fedc0dc11aeb9674f49a,0,1,0,0.8034148812294006,0.19658513367176056
PETS_CREDIT_low_eff_su2_r1_d6_b01__none,none,logitguard_continuous,838fb6514f9d13f5f89a,0,0,0,0.7999898791313171,0.20001015067100525
PETS_CREDIT_low_eff_su2_r1_d6_b01__none,none,logitguard_continuous,a024fa1846e4335ade36,0,0,0,0.8028162121772766,0.19718383252620697
PETS_CREDIT_low_eff_su2_r1_d6_b01__none,none,logitguard_continuous,dd5f176581699325a9b1,0,0,0,0.8059461116790771,0.19405387341976166
PETS_CREDIT_low_eff_su2_r1_d6_b01__none,none,logitguard_continuous,45b2f42889463dbbbda3,0,1,1,0.21725372970104218,0.7827462553977966
PETS_CREDIT_low_eff_su2_r1_d6_b01__none,none,logitguard_continuous,5c479147049976461a13,0,0,0,0.8181557655334473,0.18184426426887512
PETS_CREDIT_low_eff_su2_r1_d6_b01__none,none,logitguard_continuous,5ff6b7662bfef65ea0bd,0,0,0,0.7987346649169922,0.20126532018184662
PETS_CREDIT_low_eff_su2_r1_d6_b01__none,none,logitguard_continuous,f83af86a0376fc684202,0,1,0,0.8016093969345093,0.19839058816432953
PETS_CREDIT_low_eff_su2_r1_d6_b01__none,none,logitguard_continuous,49ba0900d21d03ea42a9,0,0,0,0.8111780285835266,0.18882200121879578
PETS_CREDIT_low_eff_su2_r1_d6_b01__none,none,logitguard_continuous,d7c5bc379679e38af136,0,0,0,0.8109725117683411,0.18902747333049774
PETS_CREDIT_low_eff_su2_r1_d6_b01__none,none,logitguard_continuous,1de5fd2a3f26ba72a9c1,0,0,0,0.8130854368209839,0.1869145780801773
PETS_CREDIT_low_eff_su2_r1_d6_b01__none,none,logitguard_continuous,9905912b0d924a7b3ca5,0,0,0,0.8008672595024109,0.1991327553987503
PETS_CREDIT_low_eff_su2_r1_d6_b01__none,none,logitguard_continuous,a0c6458763e7f0d7b722,0,0,0,0.7990862727165222,0.20091374218463898
PETS_CREDIT_low_eff_su2_r1_d6_b01__none,none,logitguard_continuous,6146ee4e50398bd2590b,0,0,0,0.7989476323127747,0.20105238258838654
PETS_CREDIT_low_eff_su2_r1_d6_b01__none,none,logitguard_continuous,c4c052470c6698896a64,0,1,0,0.7972407341003418,0.2027592808008194
PETS_CREDIT_low_eff_su2_r1_d6_b01__none,none,logitguard_continuous,d4f5d45b61b7bb9d81d2,0,0,0,0.7997652292251587,0.20023474097251892
PETS_CREDIT_low_eff_su2_r1_d6_b01__none,none,logitguard_continuous,8b2149d6d65d7dff0391,0,0,0,0.8089480996131897,0.19105194509029388
PETS_CREDIT_low_eff_su2_r1_d6_b01__none,none,logitguard_continuous,2f0ee475d6ce6c987db1,0,0,0,0.801185667514801,0.19881436228752136
PETS_CREDIT_low_eff_su2_r1_d6_b01__none,none,logitguard_continuous,9e70744c580dba073780,0,0,0,0.8153210878372192,0.18467894196510315
PETS_CREDIT_low_eff_su2_r1_d6_b01__none,none,logitguard_continuous,2c3b25125281e8e5ea14,0,0,0,0.813792884349823,0.186207115650177
PETS_CREDIT_low_eff_su2_r1_d6_b01__none,none,logitguard_continuous,d324c41c466449fc77a4,0,1,0,0.790623128414154,0.20937685668468475
PETS_CREDIT_low_eff_su2_r1_d6_b01__none,none,logitguard_continuous,b2afd8ac93139c6436ca,0,1,0,0.8027620911598206,0.19723789393901825
PETS_CREDIT_low_eff_su2_r1_d6_b01__none,none,logitguard_continuous,f0873fcaa4725b7b28fd,0,0,0,0.7987586259841919,0.2012413740158081
PETS_CREDIT_low_eff_su2_r1_d6_b01__none,none,logitguard_continuous,33f2ea1bb1c7d6a437bf,0,1,0,0.7951676845550537,0.20483233034610748
PETS_CREDIT_low_eff_su2_r1_d6_b01__none,none,logitguard_continuous,63426de2bcac10c978ef,0,0,0,0.8028803467750549,0.19711968302726746
PETS_CREDIT_low_eff_su2_r1_d6_b01__none,none,logitguard_continuous,6083c35ef0dd27c47f39,0,0,0,0.7990043759346008,0.20099563896656036
PETS_CREDIT_low_eff_su2_r1_d6_b01__none,none,logitguard_continuous,9ac4b9bb1cccbe8c8162,0,1,0,0.8008754253387451,0.1991245448589325
PETS_CREDIT_low_eff_su2_r1_d6_b01__none,none,logitguard_continuous,15e0146e9b8967882d3c,0,1,0,0.8028351664543152,0.19716480374336243
PETS_CREDIT_low_eff_su2_r1_d6_b01__none,none,logitguard_continuous,37dc9fbd1cc1b8e7aeec,0,0,0,0.7973025441169739,0.20269747078418732
PETS_CREDIT_low_eff_su2_r1_d6_b01__none,none,logitguard_continuous,9e00c9a73f8502e1beb6,0,0,0,0.7991906404495239,0.20080934464931488
PETS_CREDIT_low_eff_su2_r1_d6_b01__none,none,logitguard_continuous,91f87ca67e3c04007486,0,0,0,0.8007092475891113,0.19929072260856628
PETS_CREDIT_low_eff_su2_r1_d6_b01__none,none,logitguard_continuous,c6f44b9c0cc7a4317767,0,0,0,0.806129515171051,0.19387049973011017
PETS_CREDIT_low_eff_su2_r1_d6_b01__none,none,logitguard_continuous,cd6bf5351920ef71b772,0,0,0,0.8152820467948914,0.18471793830394745
PETS_CREDIT_low_eff_su2_r1_d6_b01__none,none,logitguard_continuous,8dcf26c9f074a4b5de0e,0,0,0,0.7990034222602844,0.20099657773971558
PETS_CREDIT_low_eff_su2_r1_d6_b01__none,none,logitguard_continuous,de98a8baab2807797bb8,0,0,0,0.8038040995597839,0.19619587063789368
PETS_CREDIT_low_eff_su2_r1_d6_b01__none,none,logitguard_continuous,f28c583d896798880d4b,0,1,0,0.7779448628425598,0.22205513715744019
PETS_CREDIT_low_eff_su2_r1_d6_b01__none,none,logitguard_continuous,ac56169f19bc768a992f,0,0,0,0.8047370314598083,0.19526299834251404
PETS_CREDIT_low_eff_su2_r1_d6_b01__none,none,logitguard_continuous,3921b288ed88010b2bd2,0,0,0,0.7948728799819946,0.20512710511684418
PETS_CREDIT_low_eff_su2_r1_d6_b01__none,none,logitguard_continuous,0988ebf7cfaacc632363,0,0,0,0.8025264143943787,0.19747360050678253
PETS_CREDIT_low_eff_su2_r1_d6_b01__none,none,logitguard_continuous,19f22c4a26ede80db5bc,0,0,0,0.7918380498886108,0.20816195011138916
PETS_CREDIT_low_eff_su2_r1_d6_b01__none,none,logitguard_continuous,96c64f83677ec33bce29,0,0,0,0.8025356531143188,0.19746437668800354
PETS_CREDIT_low_eff_su2_r1_d6_b01__none,none,logitguard_continuous,9843ca85067735c6a50c,0,0,0,0.7882903814315796,0.21170960366725922
PETS_CREDIT_low_eff_su2_r1_d6_b01__none,none,logitguard_continuous,12ef83c14d018f8929c0,0,0,0,0.7785424590110779,0.22145752608776093
PETS_CREDIT_low_eff_su2_r1_d6_b01__none,none,logitguard_continuous,9b5637baba30c32741f7,0,0,0,0.810579776763916,0.18942026793956757
PETS_CREDIT_low_eff_su2_r1_d6_b01__none,none,logitguard_continuous,82ebd78d69582401b822,0,1,0,0.7825531959533691,0.21744680404663086
PETS_CREDIT_low_eff_su2_r1_d6_b01__none,none,logitguard_continuous,c154986c4ac0e18baa8e,0,0,0,0.8051403760910034,0.19485962390899658
PETS_CREDIT_low_eff_su2_r1_d6_b01__none,none,logitguard_continuous,5c1eaee6580358b55afc,0,1,0,0.8006171584129333,0.19938284158706665
PETS_CREDIT_low_eff_su2_r1_d6_b01__none,none,logitguard_continuous,cb251470deed8436762a,0,0,0,0.8048736453056335,0.19512632489204407
PETS_CREDIT_low_eff_su2_r1_d6_b01__none,none,logitguard_continuous,da5f5efb7790004fff98,0,0,0,0.8090131878852844,0.19098684191703796
PETS_CREDIT_low_eff_su2_r1_d6_b01__none,none,logitguard_continuous,a1971c19af6fbce2a2b8,0,0,0,0.8033620119094849,0.19663801789283752
PETS_CREDIT_low_eff_su2_r1_d6_b01__none,none,logitguard_continuous,f88c75f25b6e20b11d53,0,1,0,0.7878745794296265,0.21212542057037354
PETS_CREDIT_low_eff_su2_r1_d6_b01__none,none,logitguard_continuous,625fbebab124d6b6cfe9,0,0,0,0.8031560182571411,0.1968439668416977
PETS_CREDIT_low_eff_su2_r1_d6_b01__none,none,logitguard_continuous,aad721f07309f09ae48b,0,0,0,0.800656259059906,0.1993437260389328
PETS_CREDIT_low_eff_su2_r1_d6_b01__none,none,logitguard_continuous,3e5959b02df8356effc1,0,0,0,0.8032861351966858,0.19671383500099182
PETS_CREDIT_low_eff_su2_r1_d6_b01__none,none,logitguard_continuous,13bc0e5e62e93ee9e11f,0,0,0,0.7995213866233826,0.20047861337661743
PETS_CREDIT_low_eff_su2_r1_d6_b01__none,none,logitguard_continuous,d4552063b883befa7f1f,0,1,0,0.7866987586021423,0.21330124139785767
PETS_CREDIT_low_eff_su2_r1_d6_b01__none,none,logitguard_continuous,9737e13af29b3e71e58d,0,0,0,0.7998414635658264,0.20015855133533478
PETS_CREDIT_low_eff_su2_r1_d6_b01__none,none,logitguard_continuous,65878445affdd2869314,0,0,0,0.8086452484130859,0.19135476648807526
PETS_CREDIT_low_eff_su2_r1_d6_b01__none,none,logitguard_continuous,c9b4e83642e08382f4a6,0,0,0,0.8050939440727234,0.1949060559272766
PETS_CREDIT_low_eff_su2_r1_d6_b01__none,none,logitguard_continuous,e68ff9c46623f5834b2a,0,0,0,0.799713671207428,0.20028629899024963
PETS_CREDIT_low_eff_su2_r1_d6_b01__none,none,logitguard_continuous,ee145a9d7a0dd082d343,0,0,0,0.802666187286377,0.19733382761478424
PETS_CREDIT_low_eff_su2_r1_d6_b01__none,none,logitguard_continuous,8b77bc8a325b32f8d38a,0,1,0,0.7980891466140747,0.20191088318824768
PETS_CREDIT_low_eff_su2_r1_d6_b01__none,none,logitguard_continuous,15902995b3e0e8fdafb5,0,1,0,0.8036172389984131,0.1963827908039093
PETS_CREDIT_low_eff_su2_r1_d6_b01__none,none,logitguard_continuous,442418c1ce6eee466e66,0,0,0,0.801924467086792,0.1980755478143692
PETS_CREDIT_low_eff_su2_r1_d6_b01__none,none,logitguard_continuous,cdbf66466c43de4d3398,0,0,0,0.8035638332366943,0.19643615186214447
PETS_CREDIT_low_eff_su2_r1_d6_b01__none,none,logitguard_continuous,d219a9acadf7d11fea78,0,0,0,0.806215763092041,0.19378426671028137
PETS_CREDIT_low_eff_su2_r1_d6_b01__none,none,logitguard_quantized,eaab06e0e9770f0cb322,1,0,0,0.7891817092895508,0.2108183056116104
PETS_CREDIT_low_eff_su2_r1_d6_b01__none,none,logitguard_quantized,883a42269d6847aec70c,1,0,0,0.7989909648895264,0.20100900530815125
PETS_CREDIT_low_eff_su2_r1_d6_b01__none,none,logitguard_quantized,6bf07a3ff23f9e3249c5,1,0,0,0.805338442325592,0.19466160237789154
PETS_CREDIT_low_eff_su2_r1_d6_b01__none,none,logitguard_quantized,272c38b1ecd099be7890,1,0,0,0.8084546327590942,0.19154536724090576
PETS_CREDIT_low_eff_su2_r1_d6_b01__none,none,logitguard_quantized,f2a589817382059b0dcc,1,0,0,0.805338442325592,0.19466160237789154
PETS_CREDIT_low_eff_su2_r1_d6_b01__none,none,logitguard_quantized,ab97fae957e08270ffce,1,1,0,0.7989909648895264,0.20100900530815125
PETS_CREDIT_low_eff_su2_r1_d6_b01__none,none,logitguard_quantized,0674ce029ebb21d32e38,1,0,0,0.8115326762199402,0.188467338681221
PETS_CREDIT_low_eff_su2_r1_d6_b01__none,none,logitguard_quantized,a9752ae3047aff503fb3,1,1,0,0.805338442325592,0.19466160237789154
PETS_CREDIT_low_eff_su2_r1_d6_b01__none,none,logitguard_quantized,5b7629cbd1fb6e879520,1,1,0,0.8084546327590942,0.19154536724090576
PETS_CREDIT_low_eff_su2_r1_d6_b01__none,none,logitguard_quantized,4dde24d981dd8981f71f,1,0,0,0.8292045593261719,0.1707954853773117
PETS_CREDIT_low_eff_su2_r1_d6_b01__none,none,logitguard_quantized,4df4658f2eb41564da87,1,0,0,0.8145726323127747,0.18542742729187012
PETS_CREDIT_low_eff_su2_r1_d6_b01__none,none,logitguard_quantized,ab00e756b29c98fd6674,1,0,0,0.7891817092895508,0.2108183056116104
PETS_CREDIT_low_eff_su2_r1_d6_b01__none,none,logitguard_quantized,69ef03b5c6f4f7ecef33,1,0,0,0.8115326762199402,0.188467338681221
PETS_CREDIT_low_eff_su2_r1_d6_b01__none,none,logitguard_quantized,dba69027df0122535f19,1,0,0,0.8145726323127747,0.18542742729187012
PETS_CREDIT_low_eff_su2_r1_d6_b01__none,none,logitguard_quantized,cbd912351cdbc83a9184,1,0,0,0.7891817092895508,0.2108183056116104
PETS_CREDIT_low_eff_su2_r1_d6_b01__none,none,logitguard_quantized,7be2869c238aa35d440a,1,1,0,0.8021839261054993,0.1978161334991455
PETS_CREDIT_low_eff_su2_r1_d6_b01__none,none,logitguard_quantized,7ce1135db7560daf7e70,1,0,0,0.805338442325592,0.19466160237789154
PETS_CREDIT_low_eff_su2_r1_d6_b01__none,none,logitguard_quantized,988a4b4dcb53bafffb01,1,0,0,0.805338442325592,0.19466160237789154
PETS_CREDIT_low_eff_su2_r1_d6_b01__none,none,logitguard_quantized,66fa33821884d4568b02,1,0,0,0.8021839261054993,0.1978161334991455
PETS_CREDIT_low_eff_su2_r1_d6_b01__none,none,logitguard_quantized,f073d35785cf76f1409c,1,1,0,0.8021839261054993,0.1978161334991455
PETS_CREDIT_low_eff_su2_r1_d6_b01__none,none,logitguard_quantized,6c0e663b6848864dc914,1,0,0,0.7989909648895264,0.20100900530815125
PETS_CREDIT_low_eff_su2_r1_d6_b01__none,none,logitguard_quantized,14865093b1485a5c3a41,1,0,0,0.8021839261054993,0.1978161334991455
PETS_CREDIT_low_eff_su2_r1_d6_b01__none,none,logitguard_quantized,c4b2c9357254e51af6a9,1,0,0,0.8084546327590942,0.19154536724090576
PETS_CREDIT_low_eff_su2_r1_d6_b01__none,none,logitguard_quantized,b0f47ae4b56b3aa4d111,1,0,0,0.7957597374916077,0.20424030721187592
PETS_CREDIT_low_eff_su2_r1_d6_b01__none,none,logitguard_quantized,f05df67fe5ac7ed38643,1,0,0,0.8175745010375977,0.18242552876472473
PETS_CREDIT_low_eff_su2_r1_d6_b01__none,none,logitguard_quantized,a55e4e1cd3465563efc4,1,0,0,0.7989909648895264,0.20100900530815125
PETS_CREDIT_low_eff_su2_r1_d6_b01__none,none,logitguard_quantized,c9acdb61159286a4c2ce,1,0,0,0.8084546327590942,0.19154536724090576
PETS_CREDIT_low_eff_su2_r1_d6_b01__none,none,logitguard_quantized,6ea2a519a69c09016323,1,0,0,0.8021839261054993,0.1978161334991455
PETS_CREDIT_low_eff_su2_r1_d6_b01__none,none,logitguard_quantized,f332cc500c7a62b19024,1,0,0,0.8021839261054993,0.1978161334991455
PETS_CREDIT_low_eff_su2_r1_d6_b01__none,none,logitguard_quantized,6992a9babb7ae6302cb5,1,0,0,0.7891817092895508,0.2108183056116104
PETS_CREDIT_low_eff_su2_r1_d6_b01__none,none,logitguard_quantized,d1d396dc69ac0aeade66,1,0,0,0.8021839261054993,0.1978161334991455
PETS_CREDIT_low_eff_su2_r1_d6_b01__none,none,logitguard_quantized,4def6ca8e27be84aeb54,1,0,0,0.7957597374916077,0.20424030721187592
PETS_CREDIT_low_eff_su2_r1_d6_b01__none,none,logitguard_quantized,d46f8b9f4d57f90db615,1,1,0,0.805338442325592,0.19466160237789154
PETS_CREDIT_low_eff_su2_r1_d6_b01__none,none,logitguard_quantized,347bd04364dce3c5342e,1,0,0,0.8115326762199402,0.188467338681221
PETS_CREDIT_low_eff_su2_r1_d6_b01__none,none,logitguard_quantized,32babcc385bd70eddb90,1,1,0,0.805338442325592,0.19466160237789154
PETS_CREDIT_low_eff_su2_r1_d6_b01__none,none,logitguard_quantized,0772d1e68bccea98e68f,1,0,0,0.7790261507034302,0.2209739089012146
PETS_CREDIT_low_eff_su2_r1_d6_b01__none,none,logitguard_quantized,72bf8a475d5aa5538cd3,1,0,0,0.8234647512435913,0.17653529345989227
PETS_CREDIT_low_eff_su2_r1_d6_b01__none,none,logitguard_quantized,092efc45ab978715a8fa,1,0,0,0.7989909648895264,0.20100900530815125
PETS_CREDIT_low_eff_su2_r1_d6_b01__none,none,logitguard_quantized,25bed8f88a506c4cc366,1,1,0,0.7858350276947021,0.21416503190994263
PETS_CREDIT_low_eff_su2_r1_d6_b01__none,none,logitguard_quantized,c8a7bd1cd35ba1e89b80,1,0,0,0.805338442325592,0.19466160237789154
PETS_CREDIT_low_eff_su2_r1_d6_b01__none,none,logitguard_quantized,073dbbd888ef767c75de,1,0,0,0.8021839261054993,0.1978161334991455
PETS_CREDIT_low_eff_su2_r1_d6_b01__none,none,logitguard_quantized,8f95586c1c6fb3f2a750,1,1,0,0.8021839261054993,0.1978161334991455
PETS_CREDIT_low_eff_su2_r1_d6_b01__none,none,logitguard_quantized,c75c31af2389cc3a594f,1,0,0,0.805338442325592,0.19466160237789154
PETS_CREDIT_low_eff_su2_r1_d6_b01__none,none,logitguard_quantized,bd6c7e8fd4e7879e23df,1,0,0,0.8021839261054993,0.1978161334991455
PETS_CREDIT_low_eff_su2_r1_d6_b01__none,none,logitguard_quantized,072f10d00d9156aab9f2,1,0,0,0.7924899458885193,0.2075100541114807
PETS_CREDIT_low_eff_su2_r1_d6_b01__none,none,logitguard_quantized,82d40bd4122f5c76cdfb,1,0,0,0.7957597374916077,0.20424030721187592
PETS_CREDIT_low_eff_su2_r1_d6_b01__none,none,logitguard_quantized,81817fc85a01b1cc7dcf,1,0,0,0.8021839261054993,0.1978161334991455
PETS_CREDIT_low_eff_su2_r1_d6_b01__none,none,logitguard_quantized,d75c3e52dbcaf5a5ec2a,1,0,0,0.7989909648895264,0.20100900530815125
PETS_CREDIT_low_eff_su2_r1_d6_b01__none,none,logitguard_quantized,e0cf68ff7b13424759c5,1,1,1,0.21416503190994263,0.7858350276947021
PETS_CREDIT_low_eff_su2_r1_d6_b01__none,none,logitguard_quantized,92516ca36411fad7d9c9,1,0,0,0.8021839261054993,0.1978161334991455
PETS_CREDIT_low_eff_su2_r1_d6_b01__none,none,logitguard_quantized,1dd9f8371cdcaa1758b3,1,0,0,0.8021839261054993,0.1978161334991455
PETS_CREDIT_low_eff_su2_r1_d6_b01__none,none,logitguard_quantized,a4fc6b0808359418c098,1,0,0,0.8021839261054993,0.1978161334991455
PETS_CREDIT_low_eff_su2_r1_d6_b01__none,none,logitguard_quantized,e07f107ec2deef516f4f,1,0,0,0.8021839261054993,0.1978161334991455
PETS_CREDIT_low_eff_su2_r1_d6_b01__none,none,logitguard_quantized,7311863aa70952806ffc,1,0,0,0.805338442325592,0.19466160237789154
PETS_CREDIT_low_eff_su2_r1_d6_b01__none,none,logitguard_quantized,eb849709f12c60edd50b,1,1,0,0.7989909648895264,0.20100900530815125
PETS_CREDIT_low_eff_su2_r1_d6_b01__none,none,logitguard_quantized,0a09121dee0e5db09dfe,1,1,0,0.7989909648895264,0.20100900530815125
PETS_CREDIT_low_eff_su2_r1_d6_b01__none,none,logitguard_quantized,29a333df83b13ef7fea3,1,0,0,0.7924899458885193,0.2075100541114807
PETS_CREDIT_low_eff_su2_r1_d6_b01__none,none,logitguard_quantized,b84ff32b3c14263b0dd5,1,1,0,0.7957597374916077,0.20424030721187592
PETS_CREDIT_low_eff_su2_r1_d6_b01__none,none,logitguard_quantized,ae1704e8283a10912765,1,0,0,0.7924899458885193,0.2075100541114807
PETS_CREDIT_low_eff_su2_r1_d6_b01__none,none,logitguard_quantized,78edbc6916b12b570866,1,0,0,0.7924899458885193,0.2075100541114807
PETS_CREDIT_low_eff_su2_r1_d6_b01__none,none,logitguard_quantized,196d92dfff0523a23237,1,1,0,0.7957597374916077,0.20424030721187592
PETS_CREDIT_low_eff_su2_r1_d6_b01__none,none,logitguard_quantized,c0daa10532a8487ca803,1,1,0,0.8084546327590942,0.19154536724090576
PETS_CREDIT_low_eff_su2_r1_d6_b01__none,none,logitguard_quantized,a5b1091e7ec67f7a06ed,1,0,0,0.7957597374916077,0.20424030721187592
PETS_CREDIT_low_eff_su2_r1_d6_b01__none,none,logitguard_quantized,bfa7b1aca5d187760a16,1,0,0,0.8021839261054993,0.1978161334991455
PETS_CREDIT_low_eff_su2_r1_d6_b01__none,none,logitguard_quantized,39f8154e08ad72170108,1,0,0,0.805338442325592,0.19466160237789154
PETS_CREDIT_low_eff_su2_r1_d6_b01__none,none,logitguard_quantized,2379dd478643b9cc0bc1,1,0,0,0.805338442325592,0.19466160237789154
PETS_CREDIT_low_eff_su2_r1_d6_b01__none,none,logitguard_quantized,418dd0dffa2f4aacf5a8,1,0,0,0.7924899458885193,0.2075100541114807
PETS_CREDIT_low_eff_su2_r1_d6_b01__none,none,logitguard_quantized,26b6a5da65cdaeb8e184,1,0,0,0.805338442325592,0.19466160237789154
PETS_CREDIT_low_eff_su2_r1_d6_b01__none,none,logitguard_quantized,c50e57ca37a497df3a13,1,0,0,0.8021839261054993,0.1978161334991455
PETS_CREDIT_low_eff_su2_r1_d6_b01__none,none,logitguard_quantized,0ec364cc4624f409f87e,1,1,0,0.8021839261054993,0.1978161334991455
PETS_CREDIT_low_eff_su2_r1_d6_b01__none,none,logitguard_quantized,49b15e9ec4784be42cd2,1,0,0,0.7858350276947021,0.21416503190994263
PETS_CREDIT_low_eff_su2_r1_d6_b01__none,none,logitguard_quantized,ce8a11f272895da8cd7f,1,0,0,0.8145726323127747,0.18542742729187012
PETS_CREDIT_low_eff_su2_r1_d6_b01__none,none,logitguard_quantized,f929be357f68bdda4236,1,0,0,0.7989909648895264,0.20100900530815125
PETS_CREDIT_low_eff_su2_r1_d6_b01__none,none,logitguard_quantized,619b46d6086e6aad3d84,1,0,0,0.805338442325592,0.19466160237789154
PETS_CREDIT_low_eff_su2_r1_d6_b01__none,none,logitguard_quantized,c91e3b5a028c06ad1f92,1,0,0,0.8205385208129883,0.1794615387916565
PETS_CREDIT_low_eff_su2_r1_d6_b01__none,none,logitguard_quantized,f640cb068a6e0cafd8f7,1,0,0,0.7924899458885193,0.2075100541114807
PETS_CREDIT_low_eff_su2_r1_d6_b01__none,none,logitguard_quantized,a1b01a469dc7802f51d3,1,0,0,0.8021839261054993,0.1978161334991455
PETS_CREDIT_low_eff_su2_r1_d6_b01__none,none,logitguard_quantized,5cb75d859aa2d3df94b0,1,0,0,0.8021839261054993,0.1978161334991455
PETS_CREDIT_low_eff_su2_r1_d6_b01__none,none,logitguard_quantized,5e48c11768cb070aefe6,1,1,0,0.7858350276947021,0.21416503190994263
PETS_CREDIT_low_eff_su2_r1_d6_b01__none,none,logitguard_quantized,3ac7ac4bc65a6ffec899,1,0,0,0.8021839261054993,0.1978161334991455
PETS_CREDIT_low_eff_su2_r1_d6_b01__none,none,logitguard_quantized,ac5f40db5db91c18a83b,1,1,0,0.805338442325592,0.19466160237789154
PETS_CREDIT_low_eff_su2_r1_d6_b01__none,none,logitguard_quantized,973b363916938dbaaf31,1,0,0,0.7989909648895264,0.20100900530815125
PETS_CREDIT_low_eff_su2_r1_d6_b01__none,none,logitguard_quantized,df16a30c67111933fccc,1,0,0,0.7957597374916077,0.20424030721187592
PETS_CREDIT_low_eff_su2_r1_d6_b01__none,none,logitguard_quantized,402e2e33d278085f817f,1,0,0,0.8084546327590942,0.19154536724090576
PETS_CREDIT_low_eff_su2_r1_d6_b01__none,none,logitguard_quantized,a62d80fa1349c54517ce,1,1,0,0.8021839261054993,0.1978161334991455
PETS_CREDIT_low_eff_su2_r1_d6_b01__none,none,logitguard_quantized,d9170d275d5e05922e82,1,0,0,0.805338442325592,0.19466160237789154
PETS_CREDIT_low_eff_su2_r1_d6_b01__none,none,logitguard_quantized,01743ddf295d8f6b5a46,1,0,0,0.7957597374916077,0.20424030721187592
PETS_CREDIT_low_eff_su2_r1_d6_b01__none,none,logitguard_quantized,e030c0aa4ae0f1011f2f,1,0,0,0.805338442325592,0.19466160237789154
PETS_CREDIT_low_eff_su2_r1_d6_b01__none,none,logitguard_quantized,bf465d63c434358f77e4,1,0,0,0.8021839261054993,0.1978161334991455
PETS_CREDIT_low_eff_su2_r1_d6_b01__none,none,logitguard_quantized,9eb158e3cbe5bc901e26,1,1,1,0.21416503190994263,0.7858350276947021
PETS_CREDIT_low_eff_su2_r1_d6_b01__none,none,logitguard_quantized,a6dfd0dc4ba32e6c00e6,1,0,0,0.7989909648895264,0.20100900530815125
PETS_CREDIT_low_eff_su2_r1_d6_b01__none,none,logitguard_quantized,a5628044ec0880a52490,1,0,0,0.805338442325592,0.19466160237789154
PETS_CREDIT_low_eff_su2_r1_d6_b01__none,none,logitguard_quantized,4cfea97c73e6dbfbc698,1,0,0,0.7989909648895264,0.20100900530815125
PETS_CREDIT_low_eff_su2_r1_d6_b01__none,none,logitguard_quantized,006df97946d214e0111f,1,0,0,0.8084546327590942,0.19154536724090576
PETS_CREDIT_low_eff_su2_r1_d6_b01__none,none,logitguard_quantized,75e559f2a9928f47e4ef,1,0,0,0.805338442325592,0.19466160237789154
PETS_CREDIT_low_eff_su2_r1_d6_b01__none,none,logitguard_quantized,526cee77dcfea7ee8138,1,1,0,0.7824497818946838,0.21755023300647736
PETS_CREDIT_low_eff_su2_r1_d6_b01__none,none,logitguard_quantized,2c2eb339de59d2b86f66,1,1,0,0.8145726323127747,0.18542742729187012
PETS_CREDIT_low_eff_su2_r1_d6_b01__none,none,logitguard_quantized,fbbb0f469e10095b9cc1,1,0,0,0.7989909648895264,0.20100900530815125
PETS_CREDIT_low_eff_su2_r1_d6_b01__none,none,logitguard_quantized,c2f9d20d5b53c00ef5f4,1,0,0,0.805338442325592,0.19466160237789154
PETS_CREDIT_low_eff_su2_r1_d6_b01__none,none,logitguard_quantized,1313972ddf1c6e9eb2c9,1,0,1,0.2209739089012146,0.7790261507034302
PETS_CREDIT_low_eff_su2_r1_d6_b01__none,none,logitguard_quantized,775e0bc8a00b354d7d21,0,0,0,0.7957597374916077,0.20424030721187592
PETS_CREDIT_low_eff_su2_r1_d6_b01__none,none,logitguard_quantized,19eaeaae64289dba8ce8,0,0,0,0.8021839261054993,0.1978161334991455
PETS_CREDIT_low_eff_su2_r1_d6_b01__none,none,logitguard_quantized,af85096b9d68ea111a40,0,0,0,0.8175745010375977,0.18242552876472473
PETS_CREDIT_low_eff_su2_r1_d6_b01__none,none,logitguard_quantized,eb58b2ec144b95696995,0,0,0,0.805338442325592,0.19466160237789154
PETS_CREDIT_low_eff_su2_r1_d6_b01__none,none,logitguard_quantized,c87adcad5c5b8bacab20,0,0,0,0.8021839261054993,0.1978161334991455
PETS_CREDIT_low_eff_su2_r1_d6_b01__none,none,logitguard_quantized,8b38dcbabda11b315cba,0,1,0,0.7957597374916077,0.20424030721187592
PETS_CREDIT_low_eff_su2_r1_d6_b01__none,none,logitguard_quantized,46cf73574cd89d5b0a38,0,0,0,0.8115326762199402,0.188467338681221
PETS_CREDIT_low_eff_su2_r1_d6_b01__none,none,logitguard_quantized,f1d5fbea8d8fc197f689,0,1,0,0.7989909648895264,0.20100900530815125
PETS_CREDIT_low_eff_su2_r1_d6_b01__none,none,logitguard_quantized,0ccf866b02ec9d1e0e17,0,1,0,0.7989909648895264,0.20100900530815125
PETS_CREDIT_low_eff_su2_r1_d6_b01__none,none,logitguard_quantized,3bb90fb9f41d8cd780fb,0,0,0,0.805338442325592,0.19466160237789154
PETS_CREDIT_low_eff_su2_r1_d6_b01__none,none,logitguard_quantized,b1bdd9f125cf64d76133,0,0,0,0.8021839261054993,0.1978161334991455
PETS_CREDIT_low_eff_su2_r1_d6_b01__none,none,logitguard_quantized,eb21418ddcffa69cc01e,0,0,0,0.805338442325592,0.19466160237789154
PETS_CREDIT_low_eff_su2_r1_d6_b01__none,none,logitguard_quantized,512bf5d49257f12e0379,0,0,0,0.805338442325592,0.19466160237789154
PETS_CREDIT_low_eff_su2_r1_d6_b01__none,none,logitguard_quantized,6feab55c27ef6fd8098c,0,0,0,0.8084546327590942,0.19154536724090576
PETS_CREDIT_low_eff_su2_r1_d6_b01__none,none,logitguard_quantized,05d5b5a237e6011985dc,0,0,0,0.7989909648895264,0.20100900530815125
PETS_CREDIT_low_eff_su2_r1_d6_b01__none,none,logitguard_quantized,508544f059d9966fa4fd,0,1,0,0.805338442325592,0.19466160237789154
PETS_CREDIT_low_eff_su2_r1_d6_b01__none,none,logitguard_quantized,02b75fde595a1ffcf156,0,0,0,0.7891817092895508,0.2108183056116104
PETS_CREDIT_low_eff_su2_r1_d6_b01__none,none,logitguard_quantized,3a50f7141ac819d29be9,0,0,0,0.805338442325592,0.19466160237789154
PETS_CREDIT_low_eff_su2_r1_d6_b01__none,none,logitguard_quantized,76e22647644159c9f31f,0,0,0,0.7989909648895264,0.20100900530815125
PETS_CREDIT_low_eff_su2_r1_d6_b01__none,none,logitguard_quantized,ded01dd09f53e3f3edc7,0,1,0,0.805338442325592,0.19466160237789154
PETS_CREDIT_low_eff_su2_r1_d6_b01__none,none,logitguard_quantized,516fe3ca66f5f580688d,0,0,0,0.7989909648895264,0.20100900530815125
PETS_CREDIT_low_eff_su2_r1_d6_b01__none,none,logitguard_quantized,7dbb07f72b26cae53e10,0,0,0,0.7924899458885193,0.2075100541114807
PETS_CREDIT_low_eff_su2_r1_d6_b01__none,none,logitguard_quantized,65e0c3d4f1bee9081f1e,0,0,0,0.805338442325592,0.19466160237789154
PETS_CREDIT_low_eff_su2_r1_d6_b01__none,none,logitguard_quantized,05cfc0ff414af47c03a5,0,0,0,0.8021839261054993,0.1978161334991455
PETS_CREDIT_low_eff_su2_r1_d6_b01__none,none,logitguard_quantized,ada868403e0aacd584e1,0,0,0,0.8021839261054993,0.1978161334991455
PETS_CREDIT_low_eff_su2_r1_d6_b01__none,none,logitguard_quantized,4007b1ad7da10c650d44,0,0,0,0.805338442325592,0.19466160237789154
PETS_CREDIT_low_eff_su2_r1_d6_b01__none,none,logitguard_quantized,d31cd7debcfc574857b7,0,0,0,0.805338442325592,0.19466160237789154
PETS_CREDIT_low_eff_su2_r1_d6_b01__none,none,logitguard_quantized,5e54efebb9b29b940c99,0,0,0,0.8021839261054993,0.1978161334991455
PETS_CREDIT_low_eff_su2_r1_d6_b01__none,none,logitguard_quantized,454315dad33a268150e0,0,0,0,0.805338442325592,0.19466160237789154
PETS_CREDIT_low_eff_su2_r1_d6_b01__none,none,logitguard_quantized,b224dfc19404bbda9ee4,0,0,0,0.805338442325592,0.19466160237789154
PETS_CREDIT_low_eff_su2_r1_d6_b01__none,none,logitguard_quantized,bbee22d3ea243b98e36f,0,0,0,0.7924899458885193,0.2075100541114807
PETS_CREDIT_low_eff_su2_r1_d6_b01__none,none,logitguard_quantized,53501233f30eb80e8d05,0,0,0,0.8084546327590942,0.19154536724090576
PETS_CREDIT_low_eff_su2_r1_d6_b01__none,none,logitguard_quantized,d988f293d7bb6d4a8ab7,0,1,0,0.8084546327590942,0.19154536724090576
PETS_CREDIT_low_eff_su2_r1_d6_b01__none,none,logitguard_quantized,545cb2ecd34d5146e49a,0,0,0,0.8021839261054993,0.1978161334991455
PETS_CREDIT_low_eff_su2_r1_d6_b01__none,none,logitguard_quantized,fedc0dc11aeb9674f49a,0,1,0,0.8021839261054993,0.1978161334991455
PETS_CREDIT_low_eff_su2_r1_d6_b01__none,none,logitguard_quantized,838fb6514f9d13f5f89a,0,0,0,0.7989909648895264,0.20100900530815125
PETS_CREDIT_low_eff_su2_r1_d6_b01__none,none,logitguard_quantized,a024fa1846e4335ade36,0,0,0,0.8021839261054993,0.1978161334991455
PETS_CREDIT_low_eff_su2_r1_d6_b01__none,none,logitguard_quantized,dd5f176581699325a9b1,0,0,0,0.805338442325592,0.19466160237789154
PETS_CREDIT_low_eff_su2_r1_d6_b01__none,none,logitguard_quantized,45b2f42889463dbbbda3,0,1,1,0.21755023300647736,0.7824497818946838
PETS_CREDIT_low_eff_su2_r1_d6_b01__none,none,logitguard_quantized,5c479147049976461a13,0,0,0,0.8175745010375977,0.18242552876472473
PETS_CREDIT_low_eff_su2_r1_d6_b01__none,none,logitguard_quantized,5ff6b7662bfef65ea0bd,0,0,0,0.7989909648895264,0.20100900530815125
PETS_CREDIT_low_eff_su2_r1_d6_b01__none,none,logitguard_quantized,f83af86a0376fc684202,0,1,0,0.8021839261054993,0.1978161334991455
PETS_CREDIT_low_eff_su2_r1_d6_b01__none,none,logitguard_quantized,49ba0900d21d03ea42a9,0,0,0,0.8115326762199402,0.188467338681221
PETS_CREDIT_low_eff_su2_r1_d6_b01__none,none,logitguard_quantized,d7c5bc379679e38af136,0,0,0,0.8115326762199402,0.188467338681221
PETS_CREDIT_low_eff_su2_r1_d6_b01__none,none,logitguard_quantized,1de5fd2a3f26ba72a9c1,0,0,0,0.8145726323127747,0.18542742729187012
PETS_CREDIT_low_eff_su2_r1_d6_b01__none,none,logitguard_quantized,9905912b0d924a7b3ca5,0,0,0,0.8021839261054993,0.1978161334991455
PETS_CREDIT_low_eff_su2_r1_d6_b01__none,none,logitguard_quantized,a0c6458763e7f0d7b722,0,0,0,0.7989909648895264,0.20100900530815125
PETS_CREDIT_low_eff_su2_r1_d6_b01__none,none,logitguard_quantized,6146ee4e50398bd2590b,0,0,0,0.7989909648895264,0.20100900530815125
PETS_CREDIT_low_eff_su2_r1_d6_b01__none,none,logitguard_quantized,c4c052470c6698896a64,0,1,0,0.7957597374916077,0.20424030721187592
PETS_CREDIT_low_eff_su2_r1_d6_b01__none,none,logitguard_quantized,d4f5d45b61b7bb9d81d2,0,0,0,0.7989909648895264,0.20100900530815125
PETS_CREDIT_low_eff_su2_r1_d6_b01__none,none,logitguard_quantized,8b2149d6d65d7dff0391,0,0,0,0.8084546327590942,0.19154536724090576
PETS_CREDIT_low_eff_su2_r1_d6_b01__none,none,logitguard_quantized,2f0ee475d6ce6c987db1,0,0,0,0.8021839261054993,0.1978161334991455
PETS_CREDIT_low_eff_su2_r1_d6_b01__none,none,logitguard_quantized,9e70744c580dba073780,0,0,0,0.8145726323127747,0.18542742729187012
PETS_CREDIT_low_eff_su2_r1_d6_b01__none,none,logitguard_quantized,2c3b25125281e8e5ea14,0,0,0,0.8145726323127747,0.18542742729187012
PETS_CREDIT_low_eff_su2_r1_d6_b01__none,none,logitguard_quantized,d324c41c466449fc77a4,0,1,0,0.7891817092895508,0.2108183056116104
PETS_CREDIT_low_eff_su2_r1_d6_b01__none,none,logitguard_quantized,b2afd8ac93139c6436ca,0,1,0,0.8021839261054993,0.1978161334991455
PETS_CREDIT_low_eff_su2_r1_d6_b01__none,none,logitguard_quantized,f0873fcaa4725b7b28fd,0,0,0,0.7989909648895264,0.20100900530815125
PETS_CREDIT_low_eff_su2_r1_d6_b01__none,none,logitguard_quantized,33f2ea1bb1c7d6a437bf,0,1,0,0.7957597374916077,0.20424030721187592
PETS_CREDIT_low_eff_su2_r1_d6_b01__none,none,logitguard_quantized,63426de2bcac10c978ef,0,0,0,0.8021839261054993,0.1978161334991455
PETS_CREDIT_low_eff_su2_r1_d6_b01__none,none,logitguard_quantized,6083c35ef0dd27c47f39,0,0,0,0.7989909648895264,0.20100900530815125
PETS_CREDIT_low_eff_su2_r1_d6_b01__none,none,logitguard_quantized,9ac4b9bb1cccbe8c8162,0,1,0,0.8021839261054993,0.1978161334991455
PETS_CREDIT_low_eff_su2_r1_d6_b01__none,none,logitguard_quantized,15e0146e9b8967882d3c,0,1,0,0.8021839261054993,0.1978161334991455
PETS_CREDIT_low_eff_su2_r1_d6_b01__none,none,logitguard_quantized,37dc9fbd1cc1b8e7aeec,0,0,0,0.7957597374916077,0.20424030721187592
PETS_CREDIT_low_eff_su2_r1_d6_b01__none,none,logitguard_quantized,9e00c9a73f8502e1beb6,0,0,0,0.7989909648895264,0.20100900530815125
PETS_CREDIT_low_eff_su2_r1_d6_b01__none,none,logitguard_quantized,91f87ca67e3c04007486,0,0,0,0.8021839261054993,0.1978161334991455
PETS_CREDIT_low_eff_su2_r1_d6_b01__none,none,logitguard_quantized,c6f44b9c0cc7a4317767,0,0,0,0.805338442325592,0.19466160237789154
PETS_CREDIT_low_eff_su2_r1_d6_b01__none,none,logitguard_quantized,cd6bf5351920ef71b772,0,0,0,0.8145726323127747,0.18542742729187012
PETS_CREDIT_low_eff_su2_r1_d6_b01__none,none,logitguard_quantized,8dcf26c9f074a4b5de0e,0,0,0,0.7989909648895264,0.20100900530815125
PETS_CREDIT_low_eff_su2_r1_d6_b01__none,none,logitguard_quantized,de98a8baab2807797bb8,0,0,0,0.805338442325592,0.19466160237789154
PETS_CREDIT_low_eff_su2_r1_d6_b01__none,none,logitguard_quantized,f28c583d896798880d4b,0,1,0,0.7790261507034302,0.2209739089012146
PETS_CREDIT_low_eff_su2_r1_d6_b01__none,none,logitguard_quantized,ac56169f19bc768a992f,0,0,0,0.805338442325592,0.19466160237789154
PETS_CREDIT_low_eff_su2_r1_d6_b01__none,none,logitguard_quantized,3921b288ed88010b2bd2,0,0,0,0.7957597374916077,0.20424030721187592
PETS_CREDIT_low_eff_su2_r1_d6_b01__none,none,logitguard_quantized,0988ebf7cfaacc632363,0,0,0,0.8021839261054993,0.1978161334991455
PETS_CREDIT_low_eff_su2_r1_d6_b01__none,none,logitguard_quantized,19f22c4a26ede80db5bc,0,0,0,0.7924899458885193,0.2075100541114807
PETS_CREDIT_low_eff_su2_r1_d6_b01__none,none,logitguard_quantized,96c64f83677ec33bce29,0,0,0,0.8021839261054993,0.1978161334991455
PETS_CREDIT_low_eff_su2_r1_d6_b01__none,none,logitguard_quantized,9843ca85067735c6a50c,0,0,0,0.7891817092895508,0.2108183056116104
PETS_CREDIT_low_eff_su2_r1_d6_b01__none,none,logitguard_quantized,12ef83c14d018f8929c0,0,0,0,0.7790261507034302,0.2209739089012146
PETS_CREDIT_low_eff_su2_r1_d6_b01__none,none,logitguard_quantized,9b5637baba30c32741f7,0,0,0,0.8115326762199402,0.188467338681221
PETS_CREDIT_low_eff_su2_r1_d6_b01__none,none,logitguard_quantized,82ebd78d69582401b822,0,1,0,0.7824497818946838,0.21755023300647736
PETS_CREDIT_low_eff_su2_r1_d6_b01__none,none,logitguard_quantized,c154986c4ac0e18baa8e,0,0,0,0.805338442325592,0.19466160237789154
PETS_CREDIT_low_eff_su2_r1_d6_b01__none,none,logitguard_quantized,5c1eaee6580358b55afc,0,1,0,0.8021839261054993,0.1978161334991455
PETS_CREDIT_low_eff_su2_r1_d6_b01__none,none,logitguard_quantized,cb251470deed8436762a,0,0,0,0.805338442325592,0.19466160237789154
PETS_CREDIT_low_eff_su2_r1_d6_b01__none,none,logitguard_quantized,da5f5efb7790004fff98,0,0,0,0.8084546327590942,0.19154536724090576
PETS_CREDIT_low_eff_su2_r1_d6_b01__none,none,logitguard_quantized,a1971c19af6fbce2a2b8,0,0,0,0.8021839261054993,0.1978161334991455
PETS_CREDIT_low_eff_su2_r1_d6_b01__none,none,logitguard_quantized,f88c75f25b6e20b11d53,0,1,0,0.7891817092895508,0.2108183056116104
PETS_CREDIT_low_eff_su2_r1_d6_b01__none,none,logitguard_quantized,625fbebab124d6b6cfe9,0,0,0,0.8021839261054993,0.1978161334991455
PETS_CREDIT_low_eff_su2_r1_d6_b01__none,none,logitguard_quantized,aad721f07309f09ae48b,0,0,0,0.8021839261054993,0.1978161334991455
PETS_CREDIT_low_eff_su2_r1_d6_b01__none,none,logitguard_quantized,3e5959b02df8356effc1,0,0,0,0.8021839261054993,0.1978161334991455
PETS_CREDIT_low_eff_su2_r1_d6_b01__none,none,logitguard_quantized,13bc0e5e62e93ee9e11f,0,0,0,0.7989909648895264,0.20100900530815125
PETS_CREDIT_low_eff_su2_r1_d6_b01__none,none,logitguard_quantized,d4552063b883befa7f1f,0,1,0,0.7858350276947021,0.21416503190994263
PETS_CREDIT_low_eff_su2_r1_d6_b01__none,none,logitguard_quantized,9737e13af29b3e71e58d,0,0,0,0.7989909648895264,0.20100900530815125
PETS_CREDIT_low_eff_su2_r1_d6_b01__none,none,logitguard_quantized,65878445affdd2869314,0,0,0,0.8084546327590942,0.19154536724090576
PETS_CREDIT_low_eff_su2_r1_d6_b01__none,none,logitguard_quantized,c9b4e83642e08382f4a6,0,0,0,0.805338442325592,0.19466160237789154
PETS_CREDIT_low_eff_su2_r1_d6_b01__none,none,logitguard_quantized,e68ff9c46623f5834b2a,0,0,0,0.7989909648895264,0.20100900530815125
PETS_CREDIT_low_eff_su2_r1_d6_b01__none,none,logitguard_quantized,ee145a9d7a0dd082d343,0,0,0,0.8021839261054993,0.1978161334991455
PETS_CREDIT_low_eff_su2_r1_d6_b01__none,none,logitguard_quantized,8b77bc8a325b32f8d38a,0,1,0,0.7989909648895264,0.20100900530815125
PETS_CREDIT_low_eff_su2_r1_d6_b01__none,none,logitguard_quantized,15902995b3e0e8fdafb5,0,1,0,0.8021839261054993,0.1978161334991455
PETS_CREDIT_low_eff_su2_r1_d6_b01__none,none,logitguard_quantized,442418c1ce6eee466e66,0,0,0,0.8021839261054993,0.1978161334991455
PETS_CREDIT_low_eff_su2_r1_d6_b01__none,none,logitguard_quantized,cdbf66466c43de4d3398,0,0,0,0.8021839261054993,0.1978161334991455
PETS_CREDIT_low_eff_su2_r1_d6_b01__none,none,logitguard_quantized,d219a9acadf7d11fea78,0,0,0,0.805338442325592,0.19466160237789154
PETS_CREDIT_low_eff_su2_r1_d6_b01__none,none,measurementguard_continuous,eaab06e0e9770f0cb322,1,0,0,0.8100637197494507,0.18993628025054932
PETS_CREDIT_low_eff_su2_r1_d6_b01__none,none,measurementguard_continuous,883a42269d6847aec70c,1,0,0,0.7863867878913879,0.21361321210861206
PETS_CREDIT_low_eff_su2_r1_d6_b01__none,none,measurementguard_continuous,6bf07a3ff23f9e3249c5,1,0,0,0.7692053914070129,0.23079462349414825
PETS_CREDIT_low_eff_su2_r1_d6_b01__none,none,measurementguard_continuous,272c38b1ecd099be7890,1,0,0,0.7766772508621216,0.22332274913787842
PETS_CREDIT_low_eff_su2_r1_d6_b01__none,none,measurementguard_continuous,f2a589817382059b0dcc,1,0,0,0.8290380835533142,0.1709618866443634
PETS_CREDIT_low_eff_su2_r1_d6_b01__none,none,measurementguard_continuous,ab97fae957e08270ffce,1,1,0,0.8002159595489502,0.19978401064872742
PETS_CREDIT_low_eff_su2_r1_d6_b01__none,none,measurementguard_continuous,0674ce029ebb21d32e38,1,0,0,0.795717179775238,0.20428282022476196
PETS_CREDIT_low_eff_su2_r1_d6_b01__none,none,measurementguard_continuous,a9752ae3047aff503fb3,1,1,0,0.8045058250427246,0.1954941749572754
PETS_CREDIT_low_eff_su2_r1_d6_b01__none,none,measurementguard_continuous,5b7629cbd1fb6e879520,1,1,0,0.8092606067657471,0.19073939323425293
PETS_CREDIT_low_eff_su2_r1_d6_b01__none,none,measurementguard_continuous,4dde24d981dd8981f71f,1,0,0,0.8311148881912231,0.16888511180877686
PETS_CREDIT_low_eff_su2_r1_d6_b01__none,none,measurementguard_continuous,4df4658f2eb41564da87,1,0,0,0.788529098033905,0.21147093176841736
PETS_CREDIT_low_eff_su2_r1_d6_b01__none,none,measurementguard_continuous,ab00e756b29c98fd6674,1,0,0,0.7861800193786621,0.2138199806213379
PETS_CREDIT_low_eff_su2_r1_d6_b01__none,none,measurementguard_continuous,69ef03b5c6f4f7ecef33,1,0,0,0.7906510233879089,0.20934900641441345
PETS_CREDIT_low_eff_su2_r1_d6_b01__none,none,measurementguard_continuous,dba69027df0122535f19,1,0,0,0.7845076322555542,0.21549242734909058
PETS_CREDIT_low_eff_su2_r1_d6_b01__none,none,measurementguard_continuous,cbd912351cdbc83a9184,1,0,0,0.8118795156478882,0.188120499253273
PETS_CREDIT_low_eff_su2_r1_d6_b01__none,none,measurementguard_continuous,7be2869c238aa35d440a,1,1,0,0.7991614937782288,0.20083853602409363
PETS_CREDIT_low_eff_su2_r1_d6_b01__none,none,measurementguard_continuous,7ce1135db7560daf7e70,1,0,0,0.7876443266868591,0.21235571801662445
PETS_CREDIT_low_eff_su2_r1_d6_b01__none,none,measurementguard_continuous,988a4b4dcb53bafffb01,1,0,0,0.8109051585197449,0.18909481167793274
PETS_CREDIT_low_eff_su2_r1_d6_b01__none,none,measurementguard_continuous,66fa33821884d4568b02,1,0,0,0.7809797525405884,0.21902026236057281
PETS_CREDIT_low_eff_su2_r1_d6_b01__none,none,measurementguard_continuous,f073d35785cf76f1409c,1,1,0,0.7946946620941162,0.2053053379058838
PETS_CREDIT_low_eff_su2_r1_d6_b01__none,none,measurementguard_continuous,6c0e663b6848864dc914,1,0,0,0.8065977096557617,0.19340229034423828
PETS_CREDIT_low_eff_su2_r1_d6_b01__none,none,measurementguard_continuous,14865093b1485a5c3a41,1,0,0,0.7928804755210876,0.20711950957775116
PETS_CREDIT_low_eff_su2_r1_d6_b01__none,none,measurementguard_continuous,c4b2c9357254e51af6a9,1,0,0,0.8084824085235596,0.191517636179924
PETS_CREDIT_low_eff_su2_r1_d6_b01__none,none,measurementguard_continuous,b0f47ae4b56b3aa4d111,1,0,0,0.7821893095970154,0.2178107351064682
PETS_CREDIT_low_eff_su2_r1_d6_b01__none,none,measurementguard_continuous,f05df67fe5ac7ed38643,1,0,0,0.7907127141952515,0.20928733050823212
PETS_CREDIT_low_eff_su2_r1_d6_b01__none,none,measurementguard_continuous,a55e4e1cd3465563efc4,1,0,0,0.7916645407676697,0.2083354890346527
PETS_CREDIT_low_eff_su2_r1_d6_b01__none,none,measurementguard_continuous,c9acdb61159286a4c2ce,1,0,0,0.7708229422569275,0.2291770726442337
PETS_CREDIT_low_eff_su2_r1_d6_b01__none,none,measurementguard_continuous,6ea2a519a69c09016323,1,0,0,0.7912691831588745,0.2087308019399643
PETS_CREDIT_low_eff_su2_r1_d6_b01__none,none,measurementguard_continuous,f332cc500c7a62b19024,1,0,0,0.7780078053474426,0.22199216485023499
PETS_CREDIT_low_eff_su2_r1_d6_b01__none,none,measurementguard_continuous,6992a9babb7ae6302cb5,1,0,0,0.81306391954422,0.1869361400604248
PETS_CREDIT_low_eff_su2_r1_d6_b01__none,none,measurementguard_continuous,d1d396dc69ac0aeade66,1,0,0,0.8236847519874573,0.17631523311138153
PETS_CREDIT_low_eff_su2_r1_d6_b01__none,none,measurementguard_continuous,4def6ca8e27be84aeb54,1,0,0,0.7773658633232117,0.22263410687446594
PETS_CREDIT_low_eff_su2_r1_d6_b01__none,none,measurementguard_continuous,d46f8b9f4d57f90db615,1,1,0,0.8109779953956604,0.1890220195055008
PETS_CREDIT_low_eff_su2_r1_d6_b01__none,none,measurementguard_continuous,347bd04364dce3c5342e,1,0,0,0.7710830569267273,0.2289169579744339
PETS_CREDIT_low_eff_su2_r1_d6_b01__none,none,measurementguard_continuous,32babcc385bd70eddb90,1,1,0,0.7820578217506409,0.21794220805168152
PETS_CREDIT_low_eff_su2_r1_d6_b01__none,none,measurementguard_continuous,0772d1e68bccea98e68f,1,0,0,0.787969172000885,0.21203084290027618
PETS_CREDIT_low_eff_su2_r1_d6_b01__none,none,measurementguard_continuous,72bf8a475d5aa5538cd3,1,0,0,0.7918040156364441,0.2081959992647171
PETS_CREDIT_low_eff_su2_r1_d6_b01__none,none,measurementguard_continuous,092efc45ab978715a8fa,1,0,0,0.7815885543823242,0.21841147541999817
PETS_CREDIT_low_eff_su2_r1_d6_b01__none,none,measurementguard_continuous,25bed8f88a506c4cc366,1,1,0,0.809507429599762,0.19049255549907684
PETS_CREDIT_low_eff_su2_r1_d6_b01__none,none,measurementguard_continuous,c8a7bd1cd35ba1e89b80,1,0,0,0.7924600839614868,0.20753991603851318
PETS_CREDIT_low_eff_su2_r1_d6_b01__none,none,measurementguard_continuous,073dbbd888ef767c75de,1,0,0,0.8325709700584412,0.16742900013923645
PETS_CREDIT_low_eff_su2_r1_d6_b01__none,none,measurementguard_continuous,8f95586c1c6fb3f2a750,1,1,0,0.8273722529411316,0.17262780666351318
PETS_CREDIT_low_eff_su2_r1_d6_b01__none,none,measurementguard_continuous,c75c31af2389cc3a594f,1,0,0,0.7834621071815491,0.21653786301612854
PETS_CREDIT_low_eff_su2_r1_d6_b01__none,none,measurementguard_continuous,bd6c7e8fd4e7879e23df,1,0,0,0.8220032453536987,0.17799673974514008
PETS_CREDIT_low_eff_su2_r1_d6_b01__none,none,measurementguard_continuous,072f10d00d9156aab9f2,1,0,0,0.7843040823936462,0.21569596230983734
PETS_CREDIT_low_eff_su2_r1_d6_b01__none,none,measurementguard_continuous,82d40bd4122f5c76cdfb,1,0,0,0.7824975252151489,0.21750247478485107
PETS_CREDIT_low_eff_su2_r1_d6_b01__none,none,measurementguard_continuous,81817fc85a01b1cc7dcf,1,0,0,0.8346557021141052,0.16534428298473358
PETS_CREDIT_low_eff_su2_r1_d6_b01__none,none,measurementguard_continuous,d75c3e52dbcaf5a5ec2a,1,0,0,0.7774569392204285,0.22254310548305511
PETS_CREDIT_low_eff_su2_r1_d6_b01__none,none,measurementguard_continuous,e0cf68ff7b13424759c5,1,1,1,0.18182805180549622,0.8181719779968262
PETS_CREDIT_low_eff_su2_r1_d6_b01__none,none,measurementguard_continuous,92516ca36411fad7d9c9,1,0,0,0.7930951118469238,0.20690491795539856
PETS_CREDIT_low_eff_su2_r1_d6_b01__none,none,measurementguard_continuous,1dd9f8371cdcaa1758b3,1,0,0,0.8168767094612122,0.18312335014343262
PETS_CREDIT_low_eff_su2_r1_d6_b01__none,none,measurementguard_continuous,a4fc6b0808359418c098,1,0,0,0.7738382816314697,0.22616171836853027
PETS_CREDIT_low_eff_su2_r1_d6_b01__none,none,measurementguard_continuous,e07f107ec2deef516f4f,1,0,0,0.8135573863983154,0.18644259870052338
PETS_CREDIT_low_eff_su2_r1_d6_b01__none,none,measurementguard_continuous,7311863aa70952806ffc,1,0,0,0.8311159014701843,0.16888411343097687
PETS_CREDIT_low_eff_su2_r1_d6_b01__none,none,measurementguard_continuous,eb849709f12c60edd50b,1,1,0,0.7856363654136658,0.21436363458633423
PETS_CREDIT_low_eff_su2_r1_d6_b01__none,none,measurementguard_continuous,0a09121dee0e5db09dfe,1,1,0,0.825682520866394,0.17431749403476715
PETS_CREDIT_low_eff_su2_r1_d6_b01__none,none,measurementguard_continuous,29a333df83b13ef7fea3,1,0,0,0.7954661846160889,0.20453381538391113
PETS_CREDIT_low_eff_su2_r1_d6_b01__none,none,measurementguard_continuous,b84ff32b3c14263b0dd5,1,1,0,0.8222652673721313,0.17773473262786865
PETS_CREDIT_low_eff_su2_r1_d6_b01__none,none,measurementguard_continuous,ae1704e8283a10912765,1,0,0,0.7926620244979858,0.20733802020549774
PETS_CREDIT_low_eff_su2_r1_d6_b01__none,none,measurementguard_continuous,78edbc6916b12b570866,1,0,0,0.8023989200592041,0.1976010948419571
PETS_CREDIT_low_eff_su2_r1_d6_b01__none,none,measurementguard_continuous,196d92dfff0523a23237,1,1,0,0.8228092789649963,0.17719076573848724
PETS_CREDIT_low_eff_su2_r1_d6_b01__none,none,measurementguard_continuous,c0daa10532a8487ca803,1,1,0,0.7710025906562805,0.22899743914604187
PETS_CREDIT_low_eff_su2_r1_d6_b01__none,none,measurementguard_continuous,a5b1091e7ec67f7a06ed,1,0,0,0.7770448327064514,0.2229551374912262
PETS_CREDIT_low_eff_su2_r1_d6_b01__none,none,measurementguard_continuous,bfa7b1aca5d187760a16,1,0,0,0.8212887048721313,0.17871132493019104
PETS_CREDIT_low_eff_su2_r1_d6_b01__none,none,measurementguard_continuous,39f8154e08ad72170108,1,0,0,0.7976358532905579,0.20236407220363617
PETS_CREDIT_low_eff_su2_r1_d6_b01__none,none,measurementguard_continuous,2379dd478643b9cc0bc1,1,0,0,0.8257796764373779,0.17422035336494446
PETS_CREDIT_low_eff_su2_r1_d6_b01__none,none,measurementguard_continuous,418dd0dffa2f4aacf5a8,1,0,0,0.8033051490783691,0.19669482111930847
PETS_CREDIT_low_eff_su2_r1_d6_b01__none,none,measurementguard_continuous,26b6a5da65cdaeb8e184,1,0,0,0.8107515573501587,0.1892484575510025
PETS_CREDIT_low_eff_su2_r1_d6_b01__none,none,measurementguard_continuous,c50e57ca37a497df3a13,1,0,0,0.8106688857078552,0.1893310397863388
PETS_CREDIT_low_eff_su2_r1_d6_b01__none,none,measurementguard_continuous,0ec364cc4624f409f87e,1,1,0,0.7727375626564026,0.2272624671459198
PETS_CREDIT_low_eff_su2_r1_d6_b01__none,none,measurementguard_continuous,49b15e9ec4784be42cd2,1,0,0,0.8090774416923523,0.1909225583076477
PETS_CREDIT_low_eff_su2_r1_d6_b01__none,none,measurementguard_continuous,ce8a11f272895da8cd7f,1,0,0,0.7848665118217468,0.21513351798057556
PETS_CREDIT_low_eff_su2_r1_d6_b01__none,none,measurementguard_continuous,f929be357f68bdda4236,1,0,0,0.7763556838035583,0.22364433109760284
PETS_CREDIT_low_eff_su2_r1_d6_b01__none,none,measurementguard_continuous,619b46d6086e6aad3d84,1,0,0,0.8318606019020081,0.16813939809799194
PETS_CREDIT_low_eff_su2_r1_d6_b01__none,none,measurementguard_continuous,c91e3b5a028c06ad1f92,1,0,0,0.8220191597938538,0.17798087000846863
PETS_CREDIT_low_eff_su2_r1_d6_b01__none,none,measurementguard_continuous,f640cb068a6e0cafd8f7,1,0,0,0.7962154150009155,0.20378455519676208
PETS_CREDIT_low_eff_su2_r1_d6_b01__none,none,measurementguard_continuous,a1b01a469dc7802f51d3,1,0,0,0.7776998281478882,0.22230014204978943
PETS_CREDIT_low_eff_su2_r1_d6_b01__none,none,measurementguard_continuous,5cb75d859aa2d3df94b0,1,0,0,0.8059214949607849,0.19407853484153748
PETS_CREDIT_low_eff_su2_r1_d6_b01__none,none,measurementguard_continuous,5e48c11768cb070aefe6,1,1,0,0.8154590129852295,0.1845410019159317
PETS_CREDIT_low_eff_su2_r1_d6_b01__none,none,measurementguard_continuous,3ac7ac4bc65a6ffec899,1,0,0,0.7970125675201416,0.2029874622821808
PETS_CREDIT_low_eff_su2_r1_d6_b01__none,none,measurementguard_continuous,ac5f40db5db91c18a83b,1,1,0,0.8309841752052307,0.16901585459709167
PETS_CREDIT_low_eff_su2_r1_d6_b01__none,none,measurementguard_continuous,973b363916938dbaaf31,1,0,0,0.782036542892456,0.21796345710754395
PETS_CREDIT_low_eff_su2_r1_d6_b01__none,none,measurementguard_continuous,df16a30c67111933fccc,1,0,0,0.8174026012420654,0.18259741365909576
PETS_CREDIT_low_eff_su2_r1_d6_b01__none,none,measurementguard_continuous,402e2e33d278085f817f,1,0,0,0.817642867565155,0.18235713243484497
PETS_CREDIT_low_eff_su2_r1_d6_b01__none,none,measurementguard_continuous,a62d80fa1349c54517ce,1,1,0,0.816532552242279,0.18346741795539856
PETS_CREDIT_low_eff_su2_r1_d6_b01__none,none,measurementguard_continuous,d9170d275d5e05922e82,1,0,0,0.7743508815765381,0.2256491780281067
PETS_CREDIT_low_eff_su2_r1_d6_b01__none,none,measurementguard_continuous,01743ddf295d8f6b5a46,1,0,0,0.8271602392196655,0.17283979058265686
PETS_CREDIT_low_eff_su2_r1_d6_b01__none,none,measurementguard_continuous,e030c0aa4ae0f1011f2f,1,0,0,0.8051862120628357,0.1948137730360031
PETS_CREDIT_low_eff_su2_r1_d6_b01__none,none,measurementguard_continuous,bf465d63c434358f77e4,1,0,0,0.8282384872436523,0.17176154255867004
PETS_CREDIT_low_eff_su2_r1_d6_b01__none,none,measurementguard_continuous,9eb158e3cbe5bc901e26,1,1,1,0.19546851515769958,0.804531455039978
PETS_CREDIT_low_eff_su2_r1_d6_b01__none,none,measurementguard_continuous,a6dfd0dc4ba32e6c00e6,1,0,0,0.7716481685638428,0.22835183143615723
PETS_CREDIT_low_eff_su2_r1_d6_b01__none,none,measurementguard_continuous,a5628044ec0880a52490,1,0,0,0.7735870480537415,0.22641293704509735
PETS_CREDIT_low_eff_su2_r1_d6_b01__none,none,measurementguard_continuous,4cfea97c73e6dbfbc698,1,0,0,0.8291491270065308,0.17085087299346924
PETS_CREDIT_low_eff_su2_r1_d6_b01__none,none,measurementguard_continuous,006df97946d214e0111f,1,0,0,0.8202524185180664,0.17974764108657837
PETS_CREDIT_low_eff_su2_r1_d6_b01__none,none,measurementguard_continuous,75e559f2a9928f47e4ef,1,0,0,0.794081449508667,0.20591852068901062
PETS_CREDIT_low_eff_su2_r1_d6_b01__none,none,measurementguard_continuous,526cee77dcfea7ee8138,1,1,0,0.7801429629325867,0.21985705196857452
PETS_CREDIT_low_eff_su2_r1_d6_b01__none,none,measurementguard_continuous,2c2eb339de59d2b86f66,1,1,0,0.7850995659828186,0.2149004191160202
PETS_CREDIT_low_eff_su2_r1_d6_b01__none,none,measurementguard_continuous,fbbb0f469e10095b9cc1,1,0,0,0.8076816201210022,0.19231835007667542
PETS_CREDIT_low_eff_su2_r1_d6_b01__none,none,measurementguard_continuous,c2f9d20d5b53c00ef5f4,1,0,0,0.8213068246841431,0.17869317531585693
PETS_CREDIT_low_eff_su2_r1_d6_b01__none,none,measurementguard_continuous,1313972ddf1c6e9eb2c9,1,0,1,0.21918600797653198,0.780813992023468
PETS_CREDIT_low_eff_su2_r1_d6_b01__none,none,measurementguard_continuous,775e0bc8a00b354d7d21,0,0,0,0.7874239087104797,0.21257613599300385
PETS_CREDIT_low_eff_su2_r1_d6_b01__none,none,measurementguard_continuous,19eaeaae64289dba8ce8,0,0,0,0.8104872107505798,0.18951281905174255
PETS_CREDIT_low_eff_su2_r1_d6_b01__none,none,measurementguard_continuous,af85096b9d68ea111a40,0,0,0,0.8036540746688843,0.19634591042995453
PETS_CREDIT_low_eff_su2_r1_d6_b01__none,none,measurementguard_continuous,eb58b2ec144b95696995,0,0,0,0.7900797724723816,0.2099202275276184
PETS_CREDIT_low_eff_su2_r1_d6_b01__none,none,measurementguard_continuous,c87adcad5c5b8bacab20,0,0,0,0.824362576007843,0.1756374090909958
PETS_CREDIT_low_eff_su2_r1_d6_b01__none,none,measurementguard_continuous,8b38dcbabda11b315cba,0,1,0,0.8169510960578918,0.18304893374443054
PETS_CREDIT_low_eff_su2_r1_d6_b01__none,none,measurementguard_continuous,46cf73574cd89d5b0a38,0,0,0,0.8235201835632324,0.17647984623908997
PETS_CREDIT_low_eff_su2_r1_d6_b01__none,none,measurementguard_continuous,f1d5fbea8d8fc197f689,0,1,0,0.8174376487731934,0.18256232142448425
PETS_CREDIT_low_eff_su2_r1_d6_b01__none,none,measurementguard_continuous,0ccf866b02ec9d1e0e17,0,1,0,0.8048514723777771,0.1951485276222229
PETS_CREDIT_low_eff_su2_r1_d6_b01__none,none,measurementguard_continuous,3bb90fb9f41d8cd780fb,0,0,0,0.7834386229515076,0.216561421751976
PETS_CREDIT_low_eff_su2_r1_d6_b01__none,none,measurementguard_continuous,b1bdd9f125cf64d76133,0,0,0,0.8101933598518372,0.18980666995048523
PETS_CREDIT_low_eff_su2_r1_d6_b01__none,none,measurementguard_continuous,eb21418ddcffa69cc01e,0,0,0,0.784541666507721,0.21545837819576263
PETS_CREDIT_low_eff_su2_r1_d6_b01__none,none,measurementguard_continuous,512bf5d49257f12e0379,0,0,0,0.8108569979667664,0.18914301693439484
PETS_CREDIT_low_eff_su2_r1_d6_b01__none,none,measurementguard_continuous,6feab55c27ef6fd8098c,0,0,0,0.8077723979949951,0.19222761690616608
PETS_CREDIT_low_eff_su2_r1_d6_b01__none,none,measurementguard_continuous,05d5b5a237e6011985dc,0,0,0,0.7753416299819946,0.22465834021568298
PETS_CREDIT_low_eff_su2_r1_d6_b01__none,none,measurementguard_continuous,508544f059d9966fa4fd,0,1,0,0.806609570980072,0.19339047372341156
PETS_CREDIT_low_eff_su2_r1_d6_b01__none,none,measurementguard_continuous,02b75fde595a1ffcf156,0,0,0,0.8044548034667969,0.19554518163204193
PETS_CREDIT_low_eff_su2_r1_d6_b01__none,none,measurementguard_continuous,3a50f7141ac819d29be9,0,0,0,0.7797896265983582,0.22021037340164185
PETS_CREDIT_low_eff_su2_r1_d6_b01__none,none,measurementguard_continuous,76e22647644159c9f31f,0,0,0,0.7836166024208069,0.2163834273815155
PETS_CREDIT_low_eff_su2_r1_d6_b01__none,none,measurementguard_continuous,ded01dd09f53e3f3edc7,0,1,0,0.8106529712677002,0.1893470585346222
PETS_CREDIT_low_eff_su2_r1_d6_b01__none,none,measurementguard_continuous,516fe3ca66f5f580688d,0,0,0,0.7873053550720215,0.21269463002681732
PETS_CREDIT_low_eff_su2_r1_d6_b01__none,none,measurementguard_continuous,7dbb07f72b26cae53e10,0,0,0,0.8119081854820251,0.18809184432029724
PETS_CREDIT_low_eff_su2_r1_d6_b01__none,none,measurementguard_continuous,65e0c3d4f1bee9081f1e,0,0,0,0.8173893094062805,0.18261075019836426
PETS_CREDIT_low_eff_su2_r1_d6_b01__none,none,measurementguard_continuous,05cfc0ff414af47c03a5,0,0,0,0.8291969895362854,0.1708029806613922
PETS_CREDIT_low_eff_su2_r1_d6_b01__none,none,measurementguard_continuous,ada868403e0aacd584e1,0,0,0,0.7838001251220703,0.2161998599767685
PETS_CREDIT_low_eff_su2_r1_d6_b01__none,none,measurementguard_continuous,4007b1ad7da10c650d44,0,0,0,0.8310678601264954,0.16893215477466583
PETS_CREDIT_low_eff_su2_r1_d6_b01__none,none,measurementguard_continuous,d31cd7debcfc574857b7,0,0,0,0.78577721118927,0.21422280371189117
PETS_CREDIT_low_eff_su2_r1_d6_b01__none,none,measurementguard_continuous,5e54efebb9b29b940c99,0,0,0,0.7849853038787842,0.2150147259235382
PETS_CREDIT_low_eff_su2_r1_d6_b01__none,none,measurementguard_continuous,454315dad33a268150e0,0,0,0,0.796085774898529,0.20391426980495453
PETS_CREDIT_low_eff_su2_r1_d6_b01__none,none,measurementguard_continuous,b224dfc19404bbda9ee4,0,0,0,0.8117858171463013,0.18821419775485992
PETS_CREDIT_low_eff_su2_r1_d6_b01__none,none,measurementguard_continuous,bbee22d3ea243b98e36f,0,0,0,0.8195493817329407,0.1804506480693817
PETS_CREDIT_low_eff_su2_r1_d6_b01__none,none,measurementguard_continuous,53501233f30eb80e8d05,0,0,0,0.819497287273407,0.18050265312194824
PETS_CREDIT_low_eff_su2_r1_d6_b01__none,none,measurementguard_continuous,d988f293d7bb6d4a8ab7,0,1,0,0.7890825271606445,0.21091747283935547
PETS_CREDIT_low_eff_su2_r1_d6_b01__none,none,measurementguard_continuous,545cb2ecd34d5146e49a,0,0,0,0.8212074041366577,0.17879264056682587
PETS_CREDIT_low_eff_su2_r1_d6_b01__none,none,measurementguard_continuous,fedc0dc11aeb9674f49a,0,1,0,0.829383373260498,0.17061664164066315
PETS_CREDIT_low_eff_su2_r1_d6_b01__none,none,measurementguard_continuous,838fb6514f9d13f5f89a,0,0,0,0.8072441816329956,0.19275584816932678
PETS_CREDIT_low_eff_su2_r1_d6_b01__none,none,measurementguard_continuous,a024fa1846e4335ade36,0,0,0,0.7816157341003418,0.218384250998497
PETS_CREDIT_low_eff_su2_r1_d6_b01__none,none,measurementguard_continuous,dd5f176581699325a9b1,0,0,0,0.8315327167510986,0.16846729815006256
PETS_CREDIT_low_eff_su2_r1_d6_b01__none,none,measurementguard_continuous,45b2f42889463dbbbda3,0,1,1,0.18076202273368835,0.819238007068634
PETS_CREDIT_low_eff_su2_r1_d6_b01__none,none,measurementguard_continuous,5c479147049976461a13,0,0,0,0.8195870518684387,0.1804129183292389
PETS_CREDIT_low_eff_su2_r1_d6_b01__none,none,measurementguard_continuous,5ff6b7662bfef65ea0bd,0,0,0,0.7808368802070618,0.21916308999061584
PETS_CREDIT_low_eff_su2_r1_d6_b01__none,none,measurementguard_continuous,f83af86a0376fc684202,0,1,0,0.8041673898696899,0.19583258032798767
PETS_CREDIT_low_eff_su2_r1_d6_b01__none,none,measurementguard_continuous,49ba0900d21d03ea42a9,0,0,0,0.8331060409545898,0.16689401865005493
PETS_CREDIT_low_eff_su2_r1_d6_b01__none,none,measurementguard_continuous,d7c5bc379679e38af136,0,0,0,0.7715327143669128,0.22846725583076477
PETS_CREDIT_low_eff_su2_r1_d6_b01__none,none,measurementguard_continuous,1de5fd2a3f26ba72a9c1,0,0,0,0.7715184092521667,0.22848159074783325
PETS_CREDIT_low_eff_su2_r1_d6_b01__none,none,measurementguard_continuous,9905912b0d924a7b3ca5,0,0,0,0.7785230278968811,0.22147701680660248
PETS_CREDIT_low_eff_su2_r1_d6_b01__none,none,measurementguard_continuous,a0c6458763e7f0d7b722,0,0,0,0.7937268614768982,0.2062731683254242
PETS_CREDIT_low_eff_su2_r1_d6_b01__none,none,measurementguard_continuous,6146ee4e50398bd2590b,0,0,0,0.8141676783561707,0.18583232164382935
PETS_CREDIT_low_eff_su2_r1_d6_b01__none,none,measurementguard_continuous,c4c052470c6698896a64,0,1,0,0.8356115221977234,0.164388507604599
PETS_CREDIT_low_eff_su2_r1_d6_b01__none,none,measurementguard_continuous,d4f5d45b61b7bb9d81d2,0,0,0,0.7833832502365112,0.21661677956581116
PETS_CREDIT_low_eff_su2_r1_d6_b01__none,none,measurementguard_continuous,8b2149d6d65d7dff0391,0,0,0,0.8171289563179016,0.1828710436820984
PETS_CREDIT_low_eff_su2_r1_d6_b01__none,none,measurementguard_continuous,2f0ee475d6ce6c987db1,0,0,0,0.786454439163208,0.21354559063911438
PETS_CREDIT_low_eff_su2_r1_d6_b01__none,none,measurementguard_continuous,9e70744c580dba073780,0,0,0,0.8008795380592346,0.19912047684192657
PETS_CREDIT_low_eff_su2_r1_d6_b01__none,none,measurementguard_continuous,2c3b25125281e8e5ea14,0,0,0,0.7883329391479492,0.2116670310497284
PETS_CREDIT_low_eff_su2_r1_d6_b01__none,none,measurementguard_continuous,d324c41c466449fc77a4,0,1,0,0.8129749298095703,0.1870250105857849
PETS_CREDIT_low_eff_su2_r1_d6_b01__none,none,measurementguard_continuous,b2afd8ac93139c6436ca,0,1,0,0.7716132402420044,0.22838672995567322
PETS_CREDIT_low_eff_su2_r1_d6_b01__none,none,measurementguard_continuous,f0873fcaa4725b7b28fd,0,0,0,0.7851970195770264,0.21480298042297363
PETS_CREDIT_low_eff_su2_r1_d6_b01__none,none,measurementguard_continuous,33f2ea1bb1c7d6a437bf,0,1,0,0.7994638681411743,0.20053616166114807
PETS_CREDIT_low_eff_su2_r1_d6_b01__none,none,measurementguard_continuous,63426de2bcac10c978ef,0,0,0,0.7719928622245789,0.22800716757774353
PETS_CREDIT_low_eff_su2_r1_d6_b01__none,none,measurementguard_continuous,6083c35ef0dd27c47f39,0,0,0,0.7966877222061157,0.20331230759620667
PETS_CREDIT_low_eff_su2_r1_d6_b01__none,none,measurementguard_continuous,9ac4b9bb1cccbe8c8162,0,1,0,0.8098926544189453,0.19010739028453827
PETS_CREDIT_low_eff_su2_r1_d6_b01__none,none,measurementguard_continuous,15e0146e9b8967882d3c,0,1,0,0.8051958680152893,0.1948041021823883
PETS_CREDIT_low_eff_su2_r1_d6_b01__none,none,measurementguard_continuous,37dc9fbd1cc1b8e7aeec,0,0,0,0.7870926260948181,0.21290743350982666
PETS_CREDIT_low_eff_su2_r1_d6_b01__none,none,measurementguard_continuous,9e00c9a73f8502e1beb6,0,0,0,0.7978329658508301,0.2021670639514923
PETS_CREDIT_low_eff_su2_r1_d6_b01__none,none,measurementguard_continuous,91f87ca67e3c04007486,0,0,0,0.8329556584358215,0.16704440116882324
PETS_CREDIT_low_eff_su2_r1_d6_b01__none,none,measurementguard_continuous,c6f44b9c0cc7a4317767,0,0,0,0.8241564631462097,0.1758435219526291
PETS_CREDIT_low_eff_su2_r1_d6_b01__none,none,measurementguard_continuous,cd6bf5351920ef71b772,0,0,0,0.8015719652175903,0.19842803478240967
PETS_CREDIT_low_eff_su2_r1_d6_b01__none,none,measurementguard_continuous,8dcf26c9f074a4b5de0e,0,0,0,0.8122703433036804,0.1877296268939972
PETS_CREDIT_low_eff_su2_r1_d6_b01__none,none,measurementguard_continuous,de98a8baab2807797bb8,0,0,0,0.8046888113021851,0.19531121850013733
PETS_CREDIT_low_eff_su2_r1_d6_b01__none,none,measurementguard_continuous,f28c583d896798880d4b,0,1,0,0.8246389627456665,0.17536106705665588
PETS_CREDIT_low_eff_su2_r1_d6_b01__none,none,measurementguard_continuous,ac56169f19bc768a992f,0,0,0,0.8083652853965759,0.19163472950458527
PETS_CREDIT_low_eff_su2_r1_d6_b01__none,none,measurementguard_continuous,3921b288ed88010b2bd2,0,0,0,0.7819905877113342,0.2180093377828598
PETS_CREDIT_low_eff_su2_r1_d6_b01__none,none,measurementguard_continuous,0988ebf7cfaacc632363,0,0,0,0.8009835481643677,0.19901643693447113
PETS_CREDIT_low_eff_su2_r1_d6_b01__none,none,measurementguard_continuous,19f22c4a26ede80db5bc,0,0,0,0.7807340025901794,0.21926601231098175
PETS_CREDIT_low_eff_su2_r1_d6_b01__none,none,measurementguard_continuous,96c64f83677ec33bce29,0,0,0,0.8114743232727051,0.18852569162845612
PETS_CREDIT_low_eff_su2_r1_d6_b01__none,none,measurementguard_continuous,9843ca85067735c6a50c,0,0,0,0.790986955165863,0.20901310443878174
PETS_CREDIT_low_eff_su2_r1_d6_b01__none,none,measurementguard_continuous,12ef83c14d018f8929c0,0,0,0,0.7945483922958374,0.2054516077041626
PETS_CREDIT_low_eff_su2_r1_d6_b01__none,none,measurementguard_continuous,9b5637baba30c32741f7,0,0,0,0.8322744965553284,0.16772548854351044
PETS_CREDIT_low_eff_su2_r1_d6_b01__none,none,measurementguard_continuous,82ebd78d69582401b822,0,1,0,0.8049933314323425,0.19500668346881866
PETS_CREDIT_low_eff_su2_r1_d6_b01__none,none,measurementguard_continuous,c154986c4ac0e18baa8e,0,0,0,0.8268589377403259,0.17314107716083527
PETS_CREDIT_low_eff_su2_r1_d6_b01__none,none,measurementguard_continuous,5c1eaee6580358b55afc,0,1,0,0.8330804109573364,0.16691957414150238
PETS_CREDIT_low_eff_su2_r1_d6_b01__none,none,measurementguard_continuous,cb251470deed8436762a,0,0,0,0.7838810682296753,0.2161189615726471
PETS_CREDIT_low_eff_su2_r1_d6_b01__none,none,measurementguard_continuous,da5f5efb7790004fff98,0,0,0,0.808700442314148,0.19129957258701324
PETS_CREDIT_low_eff_su2_r1_d6_b01__none,none,measurementguard_continuous,a1971c19af6fbce2a2b8,0,0,0,0.7969299554824829,0.20307007431983948
PETS_CREDIT_low_eff_su2_r1_d6_b01__none,none,measurementguard_continuous,f88c75f25b6e20b11d53,0,1,0,0.811860203742981,0.18813984096050262
PETS_CREDIT_low_eff_su2_r1_d6_b01__none,none,measurementguard_continuous,625fbebab124d6b6cfe9,0,0,0,0.8226545453071594,0.17734548449516296
PETS_CREDIT_low_eff_su2_r1_d6_b01__none,none,measurementguard_continuous,aad721f07309f09ae48b,0,0,0,0.8329124450683594,0.16708752512931824
PETS_CREDIT_low_eff_su2_r1_d6_b01__none,none,measurementguard_continuous,3e5959b02df8356effc1,0,0,0,0.8100248575210571,0.18997515738010406
PETS_CREDIT_low_eff_su2_r1_d6_b01__none,none,measurementguard_continuous,13bc0e5e62e93ee9e11f,0,0,0,0.7793734669685364,0.22062654793262482
PETS_CREDIT_low_eff_su2_r1_d6_b01__none,none,measurementguard_continuous,d4552063b883befa7f1f,0,1,0,0.789598822593689,0.21040114760398865
PETS_CREDIT_low_eff_su2_r1_d6_b01__none,none,measurementguard_continuous,9737e13af29b3e71e58d,0,0,0,0.8324763178825378,0.16752374172210693
PETS_CREDIT_low_eff_su2_r1_d6_b01__none,none,measurementguard_continuous,65878445affdd2869314,0,0,0,0.7971270680427551,0.20287297666072845
PETS_CREDIT_low_eff_su2_r1_d6_b01__none,none,measurementguard_continuous,c9b4e83642e08382f4a6,0,0,0,0.7905882596969604,0.20941177010536194
PETS_CREDIT_low_eff_su2_r1_d6_b01__none,none,measurementguard_continuous,e68ff9c46623f5834b2a,0,0,0,0.7869213223457336,0.21307867765426636
PETS_CREDIT_low_eff_su2_r1_d6_b01__none,none,measurementguard_continuous,ee145a9d7a0dd082d343,0,0,0,0.834548830986023,0.16545115411281586
PETS_CREDIT_low_eff_su2_r1_d6_b01__none,none,measurementguard_continuous,8b77bc8a325b32f8d38a,0,1,0,0.7775875926017761,0.22241242229938507
PETS_CREDIT_low_eff_su2_r1_d6_b01__none,none,measurementguard_continuous,15902995b3e0e8fdafb5,0,1,0,0.7985382676124573,0.2014617621898651
PETS_CREDIT_low_eff_su2_r1_d6_b01__none,none,measurementguard_continuous,442418c1ce6eee466e66,0,0,0,0.8140419721603394,0.18595804274082184
PETS_CREDIT_low_eff_su2_r1_d6_b01__none,none,measurementguard_continuous,cdbf66466c43de4d3398,0,0,0,0.835174024105072,0.16482596099376678
PETS_CREDIT_low_eff_su2_r1_d6_b01__none,none,measurementguard_continuous,d219a9acadf7d11fea78,0,0,0,0.8040781617164612,0.1959218531847
PETS_CREDIT_low_eff_su2_r1_d6_b01__none,none,lattice_round,eaab06e0e9770f0cb322,1,0,0,0.5416480302810669,0.4583519995212555
PETS_CREDIT_low_eff_su2_r1_d6_b01__none,none,lattice_round,883a42269d6847aec70c,1,0,0,0.7082814574241638,0.2917185127735138
PETS_CREDIT_low_eff_su2_r1_d6_b01__none,none,lattice_round,6bf07a3ff23f9e3249c5,1,0,0,0.8354132771492004,0.16458672285079956
PETS_CREDIT_low_eff_su2_r1_d6_b01__none,none,lattice_round,272c38b1ecd099be7890,1,0,0,0.8926679491996765,0.1073320284485817
PETS_CREDIT_low_eff_su2_r1_d6_b01__none,none,lattice_round,f2a589817382059b0dcc,1,0,0,0.7632898688316345,0.23671013116836548
PETS_CREDIT_low_eff_su2_r1_d6_b01__none,none,lattice_round,ab97fae957e08270ffce,1,1,0,0.6396605372428894,0.3603394329547882
PETS_CREDIT_low_eff_su2_r1_d6_b01__none,none,lattice_round,0674ce029ebb21d32e38,1,0,0,0.5284169912338257,0.4715830385684967
PETS_CREDIT_low_eff_su2_r1_d6_b01__none,none,lattice_round,a9752ae3047aff503fb3,1,1,0,0.8601331114768982,0.13986694812774658
PETS_CREDIT_low_eff_su2_r1_d6_b01__none,none,lattice_round,5b7629cbd1fb6e879520,1,1,0,0.7419507503509521,0.25804927945137024
PETS_CREDIT_low_eff_su2_r1_d6_b01__none,none,lattice_round,4dde24d981dd8981f71f,1,0,0,0.963089108467102,0.036910880357027054
PETS_CREDIT_low_eff_su2_r1_d6_b01__none,none,lattice_round,4df4658f2eb41564da87,1,0,0,0.7098187208175659,0.2901812791824341
PETS_CREDIT_low_eff_su2_r1_d6_b01__none,none,lattice_round,ab00e756b29c98fd6674,1,0,0,0.6033838391304016,0.3966161906719208
PETS_CREDIT_low_eff_su2_r1_d6_b01__none,none,lattice_round,69ef03b5c6f4f7ecef33,1,0,0,0.8560485243797302,0.14395146071910858
PETS_CREDIT_low_eff_su2_r1_d6_b01__none,none,lattice_round,dba69027df0122535f19,1,0,0,0.8932448625564575,0.10675519704818726
PETS_CREDIT_low_eff_su2_r1_d6_b01__none,none,lattice_round,cbd912351cdbc83a9184,1,0,0,0.6455451250076294,0.354454904794693
PETS_CREDIT_low_eff_su2_r1_d6_b01__none,none,lattice_round,7be2869c238aa35d440a,1,1,0,0.8995869755744934,0.100413016974926
PETS_CREDIT_low_eff_su2_r1_d6_b01__none,none,lattice_round,7ce1135db7560daf7e70,1,0,0,0.7879675030708313,0.2120324969291687
PETS_CREDIT_low_eff_su2_r1_d6_b01__none,none,lattice_round,988a4b4dcb53bafffb01,1,0,0,0.8107500672340393,0.18924996256828308
PETS_CREDIT_low_eff_su2_r1_d6_b01__none,none,lattice_round,66fa33821884d4568b02,1,0,0,0.8449702262878418,0.1550298035144806
PETS_CREDIT_low_eff_su2_r1_d6_b01__none,none,lattice_round,f073d35785cf76f1409c,1,1,0,0.7963575720787048,0.20364245772361755
PETS_CREDIT_low_eff_su2_r1_d6_b01__none,none,lattice_round,6c0e663b6848864dc914,1,0,0,0.7344051003456116,0.26559486985206604
PETS_CREDIT_low_eff_su2_r1_d6_b01__none,none,lattice_round,14865093b1485a5c3a41,1,0,0,0.8540969491004944,0.14590302109718323
PETS_CREDIT_low_eff_su2_r1_d6_b01__none,none,lattice_round,c4b2c9357254e51af6a9,1,0,0,0.7376253008842468,0.2623746991157532
PETS_CREDIT_low_eff_su2_r1_d6_b01__none,none,lattice_round,b0f47ae4b56b3aa4d111,1,0,0,0.8898130059242249,0.11018700152635574
PETS_CREDIT_low_eff_su2_r1_d6_b01__none,none,lattice_round,f05df67fe5ac7ed38643,1,0,0,0.9534955620765686,0.04650444909930229
PETS_CREDIT_low_eff_su2_r1_d6_b01__none,none,lattice_round,a55e4e1cd3465563efc4,1,0,0,0.787916362285614,0.212083637714386
PETS_CREDIT_low_eff_su2_r1_d6_b01__none,none,lattice_round,c9acdb61159286a4c2ce,1,0,0,0.6889139413833618,0.3110860586166382
PETS_CREDIT_low_eff_su2_r1_d6_b01__none,none,lattice_round,6ea2a519a69c09016323,1,0,0,0.7886559963226318,0.21134401857852936
PETS_CREDIT_low_eff_su2_r1_d6_b01__none,none,lattice_round,f332cc500c7a62b19024,1,0,0,0.7752122282981873,0.22478778660297394
PETS_CREDIT_low_eff_su2_r1_d6_b01__none,none,lattice_round,6992a9babb7ae6302cb5,1,0,0,0.6516091823577881,0.3483907878398895
PETS_CREDIT_low_eff_su2_r1_d6_b01__none,none,lattice_round,d1d396dc69ac0aeade66,1,0,0,0.7585775256156921,0.24142247438430786
PETS_CREDIT_low_eff_su2_r1_d6_b01__none,none,lattice_round,4def6ca8e27be84aeb54,1,0,0,0.949111819267273,0.05088815838098526
PETS_CREDIT_low_eff_su2_r1_d6_b01__none,none,lattice_round,d46f8b9f4d57f90db615,1,1,0,0.8069040179252625,0.19309598207473755
PETS_CREDIT_low_eff_su2_r1_d6_b01__none,none,lattice_round,347bd04364dce3c5342e,1,0,0,0.6905566453933716,0.3094433844089508
PETS_CREDIT_low_eff_su2_r1_d6_b01__none,none,lattice_round,32babcc385bd70eddb90,1,1,0,0.8445686101913452,0.15543141961097717
PETS_CREDIT_low_eff_su2_r1_d6_b01__none,none,lattice_round,0772d1e68bccea98e68f,1,0,0,0.6181343197822571,0.3818657398223877
PETS_CREDIT_low_eff_su2_r1_d6_b01__none,none,lattice_round,72bf8a475d5aa5538cd3,1,0,0,0.9684970378875732,0.03150302171707153
PETS_CREDIT_low_eff_su2_r1_d6_b01__none,none,lattice_round,092efc45ab978715a8fa,1,0,0,0.8421847820281982,0.15781524777412415
PETS_CREDIT_low_eff_su2_r1_d6_b01__none,none,lattice_round,25bed8f88a506c4cc366,1,1,0,0.6420784592628479,0.3579215705394745
PETS_CREDIT_low_eff_su2_r1_d6_b01__none,none,lattice_round,c8a7bd1cd35ba1e89b80,1,0,0,0.7960668206214905,0.20393314957618713
PETS_CREDIT_low_eff_su2_r1_d6_b01__none,none,lattice_round,073dbbd888ef767c75de,1,0,0,0.8844732046127319,0.11552681028842926
PETS_CREDIT_low_eff_su2_r1_d6_b01__none,none,lattice_round,8f95586c1c6fb3f2a750,1,1,0,0.6781274676322937,0.3218725323677063
PETS_CREDIT_low_eff_su2_r1_d6_b01__none,none,lattice_round,c75c31af2389cc3a594f,1,0,0,0.7048906683921814,0.295109361410141
PETS_CREDIT_low_eff_su2_r1_d6_b01__none,none,lattice_round,bd6c7e8fd4e7879e23df,1,0,0,0.7500797510147095,0.24992024898529053
PETS_CREDIT_low_eff_su2_r1_d6_b01__none,none,lattice_round,072f10d00d9156aab9f2,1,0,0,0.9281138777732849,0.07188612967729568
PETS_CREDIT_low_eff_su2_r1_d6_b01__none,none,lattice_round,82d40bd4122f5c76cdfb,1,0,0,0.8933903574943542,0.10660965740680695
PETS_CREDIT_low_eff_su2_r1_d6_b01__none,none,lattice_round,81817fc85a01b1cc7dcf,1,0,0,0.8316413760185242,0.16835863888263702
PETS_CREDIT_low_eff_su2_r1_d6_b01__none,none,lattice_round,d75c3e52dbcaf5a5ec2a,1,0,0,0.7059000730514526,0.294099897146225
PETS_CREDIT_low_eff_su2_r1_d6_b01__none,none,lattice_round,e0cf68ff7b13424759c5,1,1,1,0.44658440351486206,0.5534155964851379
PETS_CREDIT_low_eff_su2_r1_d6_b01__none,none,lattice_round,92516ca36411fad7d9c9,1,0,0,0.7910668849945068,0.20893312990665436
PETS_CREDIT_low_eff_su2_r1_d6_b01__none,none,lattice_round,1dd9f8371cdcaa1758b3,1,0,0,0.7430686354637146,0.2569313943386078
PETS_CREDIT_low_eff_su2_r1_d6_b01__none,none,lattice_round,a4fc6b0808359418c098,1,0,0,0.9779477715492249,0.022052288055419922
PETS_CREDIT_low_eff_su2_r1_d6_b01__none,none,lattice_round,e07f107ec2deef516f4f,1,0,0,0.8722168803215027,0.12778308987617493
PETS_CREDIT_low_eff_su2_r1_d6_b01__none,none,lattice_round,7311863aa70952806ffc,1,0,0,0.8328418135643005,0.16715820133686066
PETS_CREDIT_low_eff_su2_r1_d6_b01__none,none,lattice_round,eb849709f12c60edd50b,1,1,0,0.6999461054801941,0.3000539243221283
PETS_CREDIT_low_eff_su2_r1_d6_b01__none,none,lattice_round,0a09121dee0e5db09dfe,1,1,0,0.7514395713806152,0.24856042861938477
PETS_CREDIT_low_eff_su2_r1_d6_b01__none,none,lattice_round,29a333df83b13ef7fea3,1,0,0,0.7175642251968384,0.282435804605484
PETS_CREDIT_low_eff_su2_r1_d6_b01__none,none,lattice_round,b84ff32b3c14263b0dd5,1,1,0,0.6597871780395508,0.340212881565094
PETS_CREDIT_low_eff_su2_r1_d6_b01__none,none,lattice_round,ae1704e8283a10912765,1,0,0,0.979568600654602,0.02043142542243004
PETS_CREDIT_low_eff_su2_r1_d6_b01__none,none,lattice_round,78edbc6916b12b570866,1,0,0,0.7259664535522461,0.2740335762500763
PETS_CREDIT_low_eff_su2_r1_d6_b01__none,none,lattice_round,196d92dfff0523a23237,1,1,0,0.6611408591270447,0.3388591408729553
PETS_CREDIT_low_eff_su2_r1_d6_b01__none,none,lattice_round,c0daa10532a8487ca803,1,1,0,0.6820524334907532,0.3179475665092468
PETS_CREDIT_low_eff_su2_r1_d6_b01__none,none,lattice_round,a5b1091e7ec67f7a06ed,1,0,0,0.6925369501113892,0.3074630796909332
PETS_CREDIT_low_eff_su2_r1_d6_b01__none,none,lattice_round,bfa7b1aca5d187760a16,1,0,0,0.8230705857276917,0.17692939937114716
PETS_CREDIT_low_eff_su2_r1_d6_b01__none,none,lattice_round,39f8154e08ad72170108,1,0,0,0.7168972492218018,0.283102810382843
PETS_CREDIT_low_eff_su2_r1_d6_b01__none,none,lattice_round,2379dd478643b9cc0bc1,1,0,0,0.8783361315727234,0.12166386097669601
PETS_CREDIT_low_eff_su2_r1_d6_b01__none,none,lattice_round,418dd0dffa2f4aacf5a8,1,0,0,0.7295323014259338,0.27046769857406616
PETS_CREDIT_low_eff_su2_r1_d6_b01__none,none,lattice_round,26b6a5da65cdaeb8e184,1,0,0,0.8705511093139648,0.12944887578487396
PETS_CREDIT_low_eff_su2_r1_d6_b01__none,none,lattice_round,c50e57ca37a497df3a13,1,0,0,0.8632646799087524,0.13673526048660278
PETS_CREDIT_low_eff_su2_r1_d6_b01__none,none,lattice_round,0ec364cc4624f409f87e,1,1,0,0.8391909599304199,0.16080904006958008
PETS_CREDIT_low_eff_su2_r1_d6_b01__none,none,lattice_round,49b15e9ec4784be42cd2,1,0,0,0.6437689661979675,0.35623109340667725
PETS_CREDIT_low_eff_su2_r1_d6_b01__none,none,lattice_round,ce8a11f272895da8cd7f,1,0,0,0.8947407007217407,0.10525929927825928
PETS_CREDIT_low_eff_su2_r1_d6_b01__none,none,lattice_round,f929be357f68bdda4236,1,0,0,0.7732430100440979,0.2267570048570633
PETS_CREDIT_low_eff_su2_r1_d6_b01__none,none,lattice_round,619b46d6086e6aad3d84,1,0,0,0.946657121181488,0.05334291234612465
PETS_CREDIT_low_eff_su2_r1_d6_b01__none,none,lattice_round,c91e3b5a028c06ad1f92,1,0,0,0.9621067643165588,0.037893280386924744
PETS_CREDIT_low_eff_su2_r1_d6_b01__none,none,lattice_round,f640cb068a6e0cafd8f7,1,0,0,0.7251592874526978,0.27484071254730225
PETS_CREDIT_low_eff_su2_r1_d6_b01__none,none,lattice_round,a1b01a469dc7802f51d3,1,0,0,0.8402241468429565,0.15977588295936584
PETS_CREDIT_low_eff_su2_r1_d6_b01__none,none,lattice_round,5cb75d859aa2d3df94b0,1,0,0,0.8032819628715515,0.19671806693077087
PETS_CREDIT_low_eff_su2_r1_d6_b01__none,none,lattice_round,5e48c11768cb070aefe6,1,1,0,0.555085301399231,0.44491466879844666
PETS_CREDIT_low_eff_su2_r1_d6_b01__none,none,lattice_round,3ac7ac4bc65a6ffec899,1,0,0,0.8590213656425476,0.14097867906093597
PETS_CREDIT_low_eff_su2_r1_d6_b01__none,none,lattice_round,ac5f40db5db91c18a83b,1,1,0,0.6826395988464355,0.31736043095588684
PETS_CREDIT_low_eff_su2_r1_d6_b01__none,none,lattice_round,973b363916938dbaaf31,1,0,0,0.9259571433067322,0.07404284924268723
PETS_CREDIT_low_eff_su2_r1_d6_b01__none,none,lattice_round,df16a30c67111933fccc,1,0,0,0.9105167388916016,0.08948324620723724
PETS_CREDIT_low_eff_su2_r1_d6_b01__none,none,lattice_round,402e2e33d278085f817f,1,0,0,0.814227819442749,0.18577219545841217
PETS_CREDIT_low_eff_su2_r1_d6_b01__none,none,lattice_round,a62d80fa1349c54517ce,1,1,0,0.7415832281112671,0.2584168016910553
PETS_CREDIT_low_eff_su2_r1_d6_b01__none,none,lattice_round,d9170d275d5e05922e82,1,0,0,0.7720739245414734,0.22792606055736542
PETS_CREDIT_low_eff_su2_r1_d6_b01__none,none,lattice_round,01743ddf295d8f6b5a46,1,0,0,0.879583477973938,0.12041645497083664
PETS_CREDIT_low_eff_su2_r1_d6_b01__none,none,lattice_round,e030c0aa4ae0f1011f2f,1,0,0,0.8102177977561951,0.18978218734264374
PETS_CREDIT_low_eff_su2_r1_d6_b01__none,none,lattice_round,bf465d63c434358f77e4,1,0,0,0.8816362619400024,0.11836375296115875
PETS_CREDIT_low_eff_su2_r1_d6_b01__none,none,lattice_round,9eb158e3cbe5bc901e26,1,1,1,0.46112295985221863,0.538877010345459
PETS_CREDIT_low_eff_su2_r1_d6_b01__none,none,lattice_round,a6dfd0dc4ba32e6c00e6,1,0,0,0.8387660384178162,0.16123399138450623
PETS_CREDIT_low_eff_su2_r1_d6_b01__none,none,lattice_round,a5628044ec0880a52490,1,0,0,0.6929200887680054,0.30707991123199463
PETS_CREDIT_low_eff_su2_r1_d6_b01__none,none,lattice_round,4cfea97c73e6dbfbc698,1,0,0,0.9212256073951721,0.07877442240715027
PETS_CREDIT_low_eff_su2_r1_d6_b01__none,none,lattice_round,006df97946d214e0111f,1,0,0,0.6602329611778259,0.33976706862449646
PETS_CREDIT_low_eff_su2_r1_d6_b01__none,none,lattice_round,75e559f2a9928f47e4ef,1,0,0,0.851415753364563,0.1485842764377594
PETS_CREDIT_low_eff_su2_r1_d6_b01__none,none,lattice_round,526cee77dcfea7ee8138,1,1,0,0.5972710251808167,0.40272894501686096
PETS_CREDIT_low_eff_su2_r1_d6_b01__none,none,lattice_round,2c2eb339de59d2b86f66,1,1,0,0.8943965435028076,0.10560343414545059
PETS_CREDIT_low_eff_su2_r1_d6_b01__none,none,lattice_round,fbbb0f469e10095b9cc1,1,0,0,0.8663922548294067,0.13360774517059326
PETS_CREDIT_low_eff_su2_r1_d6_b01__none,none,lattice_round,c2f9d20d5b53c00ef5f4,1,0,0,0.8205811381340027,0.1794189065694809
PETS_CREDIT_low_eff_su2_r1_d6_b01__none,none,lattice_round,1313972ddf1c6e9eb2c9,1,0,1,0.39629635214805603,0.6037036776542664
PETS_CREDIT_low_eff_su2_r1_d6_b01__none,none,lattice_round,775e0bc8a00b354d7d21,0,0,0,0.7892469167709351,0.21075309813022614
PETS_CREDIT_low_eff_su2_r1_d6_b01__none,none,lattice_round,19eaeaae64289dba8ce8,0,0,0,0.8660653829574585,0.1339346468448639
PETS_CREDIT_low_eff_su2_r1_d6_b01__none,none,lattice_round,af85096b9d68ea111a40,0,0,0,0.9560377597808838,0.04396228492259979
PETS_CREDIT_low_eff_su2_r1_d6_b01__none,none,lattice_round,eb58b2ec144b95696995,0,0,0,0.8526297807693481,0.14737023413181305
PETS_CREDIT_low_eff_su2_r1_d6_b01__none,none,lattice_round,c87adcad5c5b8bacab20,0,0,0,0.8761125802993774,0.12388745695352554
PETS_CREDIT_low_eff_su2_r1_d6_b01__none,none,lattice_round,8b38dcbabda11b315cba,0,1,0,0.6532526612281799,0.3467473089694977
PETS_CREDIT_low_eff_su2_r1_d6_b01__none,none,lattice_round,46cf73574cd89d5b0a38,0,0,0,0.8212032914161682,0.17879676818847656
PETS_CREDIT_low_eff_su2_r1_d6_b01__none,none,lattice_round,f1d5fbea8d8fc197f689,0,1,0,0.6502110362052917,0.34978893399238586
PETS_CREDIT_low_eff_su2_r1_d6_b01__none,none,lattice_round,0ccf866b02ec9d1e0e17,0,1,0,0.6400920748710632,0.35990795493125916
PETS_CREDIT_low_eff_su2_r1_d6_b01__none,none,lattice_round,3bb90fb9f41d8cd780fb,0,0,0,0.8453809022903442,0.15461914241313934
PETS_CREDIT_low_eff_su2_r1_d6_b01__none,none,lattice_round,b1bdd9f125cf64d76133,0,0,0,0.8686928153038025,0.1313071846961975
PETS_CREDIT_low_eff_su2_r1_d6_b01__none,none,lattice_round,eb21418ddcffa69cc01e,0,0,0,0.8483434319496155,0.1516566127538681
PETS_CREDIT_low_eff_su2_r1_d6_b01__none,none,lattice_round,512bf5d49257f12e0379,0,0,0,0.7321631908416748,0.2678368389606476
PETS_CREDIT_low_eff_su2_r1_d6_b01__none,none,lattice_round,6feab55c27ef6fd8098c,0,0,0,0.904999315738678,0.09500068426132202
PETS_CREDIT_low_eff_su2_r1_d6_b01__none,none,lattice_round,05d5b5a237e6011985dc,0,0,0,0.8408800959587097,0.1591198891401291
PETS_CREDIT_low_eff_su2_r1_d6_b01__none,none,lattice_round,508544f059d9966fa4fd,0,1,0,0.8097753524780273,0.19022464752197266
PETS_CREDIT_low_eff_su2_r1_d6_b01__none,none,lattice_round,02b75fde595a1ffcf156,0,0,0,0.6381773948669434,0.36182257533073425
PETS_CREDIT_low_eff_su2_r1_d6_b01__none,none,lattice_round,3a50f7141ac819d29be9,0,0,0,0.8908577561378479,0.1091422364115715
PETS_CREDIT_low_eff_su2_r1_d6_b01__none,none,lattice_round,76e22647644159c9f31f,0,0,0,0.8496090769767761,0.15039093792438507
PETS_CREDIT_low_eff_su2_r1_d6_b01__none,none,lattice_round,ded01dd09f53e3f3edc7,0,1,0,0.8107806444168091,0.1892193704843521
PETS_CREDIT_low_eff_su2_r1_d6_b01__none,none,lattice_round,516fe3ca66f5f580688d,0,0,0,0.7124390602111816,0.28756096959114075
PETS_CREDIT_low_eff_su2_r1_d6_b01__none,none,lattice_round,7dbb07f72b26cae53e10,0,0,0,0.7376632690429688,0.26233673095703125
PETS_CREDIT_low_eff_su2_r1_d6_b01__none,none,lattice_round,65e0c3d4f1bee9081f1e,0,0,0,0.7444524168968201,0.2555476129055023
PETS_CREDIT_low_eff_su2_r1_d6_b01__none,none,lattice_round,05cfc0ff414af47c03a5,0,0,0,0.6757044196128845,0.3242955803871155
PETS_CREDIT_low_eff_su2_r1_d6_b01__none,none,lattice_round,ada868403e0aacd584e1,0,0,0,0.7834886908531189,0.2165112942457199
PETS_CREDIT_low_eff_su2_r1_d6_b01__none,none,lattice_round,4007b1ad7da10c650d44,0,0,0,0.6811637878417969,0.31883618235588074
PETS_CREDIT_low_eff_su2_r1_d6_b01__none,none,lattice_round,d31cd7debcfc574857b7,0,0,0,0.7798784971237183,0.22012147307395935
PETS_CREDIT_low_eff_su2_r1_d6_b01__none,none,lattice_round,5e54efebb9b29b940c99,0,0,0,0.7852790951728821,0.2147209346294403
PETS_CREDIT_low_eff_su2_r1_d6_b01__none,none,lattice_round,454315dad33a268150e0,0,0,0,0.7948800921440125,0.20511989295482635
PETS_CREDIT_low_eff_su2_r1_d6_b01__none,none,lattice_round,b224dfc19404bbda9ee4,0,0,0,0.8121239542961121,0.18787597119808197
PETS_CREDIT_low_eff_su2_r1_d6_b01__none,none,lattice_round,bbee22d3ea243b98e36f,0,0,0,0.7501538395881653,0.24984616041183472
PETS_CREDIT_low_eff_su2_r1_d6_b01__none,none,lattice_round,53501233f30eb80e8d05,0,0,0,0.8188737034797668,0.18112631142139435
PETS_CREDIT_low_eff_su2_r1_d6_b01__none,none,lattice_round,d988f293d7bb6d4a8ab7,0,1,0,0.8956650495529175,0.1043350026011467
PETS_CREDIT_low_eff_su2_r1_d6_b01__none,none,lattice_round,545cb2ecd34d5146e49a,0,0,0,0.7548974752426147,0.24510256946086884
PETS_CREDIT_low_eff_su2_r1_d6_b01__none,none,lattice_round,fedc0dc11aeb9674f49a,0,1,0,0.6725561618804932,0.32744380831718445
PETS_CREDIT_low_eff_su2_r1_d6_b01__none,none,lattice_round,838fb6514f9d13f5f89a,0,0,0,0.7360404133796692,0.2639595568180084
PETS_CREDIT_low_eff_su2_r1_d6_b01__none,none,lattice_round,a024fa1846e4335ade36,0,0,0,0.8448716402053833,0.1551283299922943
PETS_CREDIT_low_eff_su2_r1_d6_b01__none,none,lattice_round,dd5f176581699325a9b1,0,0,0,0.831213116645813,0.16878685355186462
PETS_CREDIT_low_eff_su2_r1_d6_b01__none,none,lattice_round,45b2f42889463dbbbda3,0,1,1,0.4358196258544922,0.5641803741455078
PETS_CREDIT_low_eff_su2_r1_d6_b01__none,none,lattice_round,5c479147049976461a13,0,0,0,0.9617394804954529,0.03826051205396652
PETS_CREDIT_low_eff_su2_r1_d6_b01__none,none,lattice_round,5ff6b7662bfef65ea0bd,0,0,0,0.7008588910102844,0.29914113879203796
PETS_CREDIT_low_eff_su2_r1_d6_b01__none,none,lattice_round,f83af86a0376fc684202,0,1,0,0.8025400638580322,0.19745993614196777
PETS_CREDIT_low_eff_su2_r1_d6_b01__none,none,lattice_round,49ba0900d21d03ea42a9,0,0,0,0.6804006695747375,0.31959930062294006
PETS_CREDIT_low_eff_su2_r1_d6_b01__none,none,lattice_round,d7c5bc379679e38af136,0,0,0,0.8884539604187012,0.11154606938362122
PETS_CREDIT_low_eff_su2_r1_d6_b01__none,none,lattice_round,1de5fd2a3f26ba72a9c1,0,0,0,0.9485524296760559,0.05144757032394409
PETS_CREDIT_low_eff_su2_r1_d6_b01__none,none,lattice_round,9905912b0d924a7b3ca5,0,0,0,0.8900036215782166,0.10999640077352524
PETS_CREDIT_low_eff_su2_r1_d6_b01__none,none,lattice_round,a0c6458763e7f0d7b722,0,0,0,0.7195351123809814,0.28046491742134094
PETS_CREDIT_low_eff_su2_r1_d6_b01__none,none,lattice_round,6146ee4e50398bd2590b,0,0,0,0.8127237558364868,0.18727627396583557
PETS_CREDIT_low_eff_su2_r1_d6_b01__none,none,lattice_round,c4c052470c6698896a64,0,1,0,0.9229782819747925,0.07702169567346573
PETS_CREDIT_low_eff_su2_r1_d6_b01__none,none,lattice_round,d4f5d45b61b7bb9d81d2,0,0,0,0.8474582433700562,0.15254177153110504
PETS_CREDIT_low_eff_su2_r1_d6_b01__none,none,lattice_round,8b2149d6d65d7dff0391,0,0,0,0.871488630771637,0.12851133942604065
PETS_CREDIT_low_eff_su2_r1_d6_b01__none,none,lattice_round,2f0ee475d6ce6c987db1,0,0,0,0.7892163991928101,0.21078361570835114
PETS_CREDIT_low_eff_su2_r1_d6_b01__none,none,lattice_round,9e70744c580dba073780,0,0,0,0.8585583567619324,0.14144167304039001
PETS_CREDIT_low_eff_su2_r1_d6_b01__none,none,lattice_round,2c3b25125281e8e5ea14,0,0,0,0.7143356204032898,0.2856644093990326
PETS_CREDIT_low_eff_su2_r1_d6_b01__none,none,lattice_round,d324c41c466449fc77a4,0,1,0,0.6537796258926392,0.3462204039096832
PETS_CREDIT_low_eff_su2_r1_d6_b01__none,none,lattice_round,b2afd8ac93139c6436ca,0,1,0,0.7712125182151794,0.22878745198249817
PETS_CREDIT_low_eff_su2_r1_d6_b01__none,none,lattice_round,f0873fcaa4725b7b28fd,0,0,0,0.6984918713569641,0.3015081584453583
PETS_CREDIT_low_eff_su2_r1_d6_b01__none,none,lattice_round,33f2ea1bb1c7d6a437bf,0,1,0,0.727224588394165,0.27277544140815735
PETS_CREDIT_low_eff_su2_r1_d6_b01__none,none,lattice_round,63426de2bcac10c978ef,0,0,0,0.7730129957199097,0.22698701918125153
PETS_CREDIT_low_eff_su2_r1_d6_b01__none,none,lattice_round,6083c35ef0dd27c47f39,0,0,0,0.9558432102203369,0.04415680840611458
PETS_CREDIT_low_eff_su2_r1_d6_b01__none,none,lattice_round,9ac4b9bb1cccbe8c8162,0,1,0,0.8067429661750793,0.19325704872608185
PETS_CREDIT_low_eff_su2_r1_d6_b01__none,none,lattice_round,15e0146e9b8967882d3c,0,1,0,0.7260648012161255,0.2739351689815521
PETS_CREDIT_low_eff_su2_r1_d6_b01__none,none,lattice_round,37dc9fbd1cc1b8e7aeec,0,0,0,0.7075405120849609,0.29245948791503906
PETS_CREDIT_low_eff_su2_r1_d6_b01__none,none,lattice_round,9e00c9a73f8502e1beb6,0,0,0,0.79561448097229,0.20438556373119354
PETS_CREDIT_low_eff_su2_r1_d6_b01__none,none,lattice_round,91f87ca67e3c04007486,0,0,0,0.8861070871353149,0.11389294266700745
PETS_CREDIT_low_eff_su2_r1_d6_b01__none,none,lattice_round,c6f44b9c0cc7a4317767,0,0,0,0.914756715297699,0.08524331450462341
PETS_CREDIT_low_eff_su2_r1_d6_b01__none,none,lattice_round,cd6bf5351920ef71b772,0,0,0,0.8563490509986877,0.14365091919898987
PETS_CREDIT_low_eff_su2_r1_d6_b01__none,none,lattice_round,8dcf26c9f074a4b5de0e,0,0,0,0.8711836338043213,0.1288164258003235
PETS_CREDIT_low_eff_su2_r1_d6_b01__none,none,lattice_round,de98a8baab2807797bb8,0,0,0,0.8058664798736572,0.19413353502750397
PETS_CREDIT_low_eff_su2_r1_d6_b01__none,none,lattice_round,f28c583d896798880d4b,0,1,0,0.5654308795928955,0.4345691204071045
PETS_CREDIT_low_eff_su2_r1_d6_b01__none,none,lattice_round,ac56169f19bc768a992f,0,0,0,0.8115465641021729,0.18845340609550476
PETS_CREDIT_low_eff_su2_r1_d6_b01__none,none,lattice_round,3921b288ed88010b2bd2,0,0,0,0.8929682970046997,0.10703171789646149
PETS_CREDIT_low_eff_su2_r1_d6_b01__none,none,lattice_round,0988ebf7cfaacc632363,0,0,0,0.9045310020446777,0.09546900540590286
PETS_CREDIT_low_eff_su2_r1_d6_b01__none,none,lattice_round,19f22c4a26ede80db5bc,0,0,0,0.7800813317298889,0.21991868317127228
PETS_CREDIT_low_eff_su2_r1_d6_b01__none,none,lattice_round,96c64f83677ec33bce29,0,0,0,0.7333506345748901,0.26664939522743225
PETS_CREDIT_low_eff_su2_r1_d6_b01__none,none,lattice_round,9843ca85067735c6a50c,0,0,0,0.616625964641571,0.38337406516075134
PETS_CREDIT_low_eff_su2_r1_d6_b01__none,none,lattice_round,12ef83c14d018f8929c0,0,0,0,0.6194694638252258,0.38053056597709656
PETS_CREDIT_low_eff_su2_r1_d6_b01__none,none,lattice_round,9b5637baba30c32741f7,0,0,0,0.683028519153595,0.3169715106487274
PETS_CREDIT_low_eff_su2_r1_d6_b01__none,none,lattice_round,82ebd78d69582401b822,0,1,0,0.5345554351806641,0.46544456481933594
PETS_CREDIT_low_eff_su2_r1_d6_b01__none,none,lattice_round,c154986c4ac0e18baa8e,0,0,0,0.8260529637336731,0.1739470511674881
PETS_CREDIT_low_eff_su2_r1_d6_b01__none,none,lattice_round,5c1eaee6580358b55afc,0,1,0,0.8859505653381348,0.11404941976070404
PETS_CREDIT_low_eff_su2_r1_d6_b01__none,none,lattice_round,cb251470deed8436762a,0,0,0,0.8467211723327637,0.15327881276607513
PETS_CREDIT_low_eff_su2_r1_d6_b01__none,none,lattice_round,da5f5efb7790004fff98,0,0,0,0.9077523946762085,0.09224764257669449
PETS_CREDIT_low_eff_su2_r1_d6_b01__none,none,lattice_round,a1971c19af6fbce2a2b8,0,0,0,0.7919933199882507,0.20800666511058807
PETS_CREDIT_low_eff_su2_r1_d6_b01__none,none,lattice_round,f88c75f25b6e20b11d53,0,1,0,0.5526948571205139,0.4473051428794861
PETS_CREDIT_low_eff_su2_r1_d6_b01__none,none,lattice_round,625fbebab124d6b6cfe9,0,0,0,0.8239879608154297,0.1760120689868927
PETS_CREDIT_low_eff_su2_r1_d6_b01__none,none,lattice_round,aad721f07309f09ae48b,0,0,0,0.8862775564193726,0.11372246593236923
PETS_CREDIT_low_eff_su2_r1_d6_b01__none,none,lattice_round,3e5959b02df8356effc1,0,0,0,0.7400308847427368,0.2599691152572632
PETS_CREDIT_low_eff_su2_r1_d6_b01__none,none,lattice_round,13bc0e5e62e93ee9e11f,0,0,0,0.7756704688072205,0.22432953119277954
PETS_CREDIT_low_eff_su2_r1_d6_b01__none,none,lattice_round,d4552063b883befa7f1f,0,1,0,0.6225014328956604,0.3774985373020172
PETS_CREDIT_low_eff_su2_r1_d6_b01__none,none,lattice_round,9737e13af29b3e71e58d,0,0,0,0.7619340419769287,0.2380659431219101
PETS_CREDIT_low_eff_su2_r1_d6_b01__none,none,lattice_round,65878445affdd2869314,0,0,0,0.7970647811889648,0.20293523371219635
PETS_CREDIT_low_eff_su2_r1_d6_b01__none,none,lattice_round,c9b4e83642e08382f4a6,0,0,0,0.7126353979110718,0.2873646318912506
PETS_CREDIT_low_eff_su2_r1_d6_b01__none,none,lattice_round,e68ff9c46623f5834b2a,0,0,0,0.7023476958274841,0.29765233397483826
PETS_CREDIT_low_eff_su2_r1_d6_b01__none,none,lattice_round,ee145a9d7a0dd082d343,0,0,0,0.8864293694496155,0.11357063800096512
PETS_CREDIT_low_eff_su2_r1_d6_b01__none,none,lattice_round,8b77bc8a325b32f8d38a,0,1,0,0.6975589990615845,0.30244097113609314
PETS_CREDIT_low_eff_su2_r1_d6_b01__none,none,lattice_round,15902995b3e0e8fdafb5,0,1,0,0.7164546847343445,0.2835453748703003
PETS_CREDIT_low_eff_su2_r1_d6_b01__none,none,lattice_round,442418c1ce6eee466e66,0,0,0,0.745563805103302,0.2544362545013428
PETS_CREDIT_low_eff_su2_r1_d6_b01__none,none,lattice_round,cdbf66466c43de4d3398,0,0,0,0.6857837438583374,0.314216285943985
PETS_CREDIT_low_eff_su2_r1_d6_b01__none,none,lattice_round,d219a9acadf7d11fea78,0,0,0,0.8649323582649231,0.1350676566362381
PETS_CREDIT_low_eff_su2_r1_d6_b01__none,none,memgq_lattice,eaab06e0e9770f0cb322,1,0,0,0.7951291799545288,0.20487084984779358
PETS_CREDIT_low_eff_su2_r1_d6_b01__none,none,memgq_lattice,883a42269d6847aec70c,1,0,0,0.7830337882041931,0.21696622669696808
PETS_CREDIT_low_eff_su2_r1_d6_b01__none,none,memgq_lattice,6bf07a3ff23f9e3249c5,1,0,0,0.7734870910644531,0.22651290893554688
PETS_CREDIT_low_eff_su2_r1_d6_b01__none,none,memgq_lattice,272c38b1ecd099be7890,1,0,0,0.7900992035865784,0.20990078151226044
PETS_CREDIT_low_eff_su2_r1_d6_b01__none,none,memgq_lattice,f2a589817382059b0dcc,1,0,0,0.8273817300796509,0.17261826992034912
PETS_CREDIT_low_eff_su2_r1_d6_b01__none,none,memgq_lattice,ab97fae957e08270ffce,1,1,0,0.7968392372131348,0.20316077768802643
PETS_CREDIT_low_eff_su2_r1_d6_b01__none,none,memgq_lattice,0674ce029ebb21d32e38,1,0,0,0.5284169912338257,0.4715830385684967
PETS_CREDIT_low_eff_su2_r1_d6_b01__none,none,memgq_lattice,a9752ae3047aff503fb3,1,1,0,0.8053405284881592,0.19465948641300201
PETS_CREDIT_low_eff_su2_r1_d6_b01__none,none,memgq_lattice,5b7629cbd1fb6e879520,1,1,0,0.8103851079940796,0.189614936709404
PETS_CREDIT_low_eff_su2_r1_d6_b01__none,none,memgq_lattice,4dde24d981dd8981f71f,1,0,0,0.7824037075042725,0.21759626269340515
PETS_CREDIT_low_eff_su2_r1_d6_b01__none,none,memgq_lattice,4df4658f2eb41564da87,1,0,0,0.7842971086502075,0.21570290625095367
PETS_CREDIT_low_eff_su2_r1_d6_b01__none,none,memgq_lattice,ab00e756b29c98fd6674,1,0,0,0.8332350254058838,0.16676494479179382
PETS_CREDIT_low_eff_su2_r1_d6_b01__none,none,memgq_lattice,69ef03b5c6f4f7ecef33,1,0,0,0.8000279664993286,0.19997206330299377
PETS_CREDIT_low_eff_su2_r1_d6_b01__none,none,memgq_lattice,dba69027df0122535f19,1,0,0,0.7910982966423035,0.20890171825885773
PETS_CREDIT_low_eff_su2_r1_d6_b01__none,none,memgq_lattice,cbd912351cdbc83a9184,1,0,0,0.8009556531906128,0.1990443468093872
PETS_CREDIT_low_eff_su2_r1_d6_b01__none,none,memgq_lattice,7be2869c238aa35d440a,1,1,0,0.8021648526191711,0.19783517718315125
PETS_CREDIT_low_eff_su2_r1_d6_b01__none,none,memgq_lattice,7ce1135db7560daf7e70,1,0,0,0.7879675030708313,0.2120324969291687
PETS_CREDIT_low_eff_su2_r1_d6_b01__none,none,memgq_lattice,988a4b4dcb53bafffb01,1,0,0,0.8107500672340393,0.18924996256828308
PETS_CREDIT_low_eff_su2_r1_d6_b01__none,none,memgq_lattice,66fa33821884d4568b02,1,0,0,0.7857175469398499,0.21428251266479492
PETS_CREDIT_low_eff_su2_r1_d6_b01__none,none,memgq_lattice,f073d35785cf76f1409c,1,1,0,0.7963575720787048,0.20364245772361755
PETS_CREDIT_low_eff_su2_r1_d6_b01__none,none,memgq_lattice,6c0e663b6848864dc914,1,0,0,0.8043128252029419,0.1956872195005417
PETS_CREDIT_low_eff_su2_r1_d6_b01__none,none,memgq_lattice,14865093b1485a5c3a41,1,0,0,0.7974965572357178,0.20250345766544342
PETS_CREDIT_low_eff_su2_r1_d6_b01__none,none,memgq_lattice,c4b2c9357254e51af6a9,1,0,0,0.8069081902503967,0.19309177994728088
PETS_CREDIT_low_eff_su2_r1_d6_b01__none,none,memgq_lattice,b0f47ae4b56b3aa4d111,1,0,0,0.7851725816726685,0.21482741832733154
PETS_CREDIT_low_eff_su2_r1_d6_b01__none,none,memgq_lattice,f05df67fe5ac7ed38643,1,0,0,0.807688295841217,0.19231171905994415
PETS_CREDIT_low_eff_su2_r1_d6_b01__none,none,memgq_lattice,a55e4e1cd3465563efc4,1,0,0,0.787916362285614,0.212083637714386
PETS_CREDIT_low_eff_su2_r1_d6_b01__none,none,memgq_lattice,c9acdb61159286a4c2ce,1,0,0,0.8303079009056091,0.16969212889671326
PETS_CREDIT_low_eff_su2_r1_d6_b01__none,none,memgq_lattice,6ea2a519a69c09016323,1,0,0,0.7886559963226318,0.21134401857852936
PETS_CREDIT_low_eff_su2_r1_d6_b01__none,none,memgq_lattice,f332cc500c7a62b19024,1,0,0,0.7752122282981873,0.22478778660297394
PETS_CREDIT_low_eff_su2_r1_d6_b01__none,none,memgq_lattice,6992a9babb7ae6302cb5,1,0,0,0.8051634430885315,0.1948365420103073
PETS_CREDIT_low_eff_su2_r1_d6_b01__none,none,memgq_lattice,d1d396dc69ac0aeade66,1,0,0,0.8236505389213562,0.17634950578212738
PETS_CREDIT_low_eff_su2_r1_d6_b01__none,none,memgq_lattice,4def6ca8e27be84aeb54,1,0,0,0.7925505042076111,0.20744948089122772
PETS_CREDIT_low_eff_su2_r1_d6_b01__none,none,memgq_lattice,d46f8b9f4d57f90db615,1,1,0,0.8069040179252625,0.19309598207473755
PETS_CREDIT_low_eff_su2_r1_d6_b01__none,none,memgq_lattice,347bd04364dce3c5342e,1,0,0,0.8313866853713989,0.16861334443092346
PETS_CREDIT_low_eff_su2_r1_d6_b01__none,none,memgq_lattice,32babcc385bd70eddb90,1,1,0,0.785201370716095,0.21479859948158264
PETS_CREDIT_low_eff_su2_r1_d6_b01__none,none,memgq_lattice,0772d1e68bccea98e68f,1,0,0,0.7814951539039612,0.21850483119487762
PETS_CREDIT_low_eff_su2_r1_d6_b01__none,none,memgq_lattice,72bf8a475d5aa5538cd3,1,0,0,0.8090350031852722,0.19096504151821136
PETS_CREDIT_low_eff_su2_r1_d6_b01__none,none,memgq_lattice,092efc45ab978715a8fa,1,0,0,0.782141923904419,0.21785804629325867
PETS_CREDIT_low_eff_su2_r1_d6_b01__none,none,memgq_lattice,25bed8f88a506c4cc366,1,1,0,0.7985345721244812,0.2014654129743576
PETS_CREDIT_low_eff_su2_r1_d6_b01__none,none,memgq_lattice,c8a7bd1cd35ba1e89b80,1,0,0,0.7960668206214905,0.20393314957618713
PETS_CREDIT_low_eff_su2_r1_d6_b01__none,none,memgq_lattice,073dbbd888ef767c75de,1,0,0,0.7760380506515503,0.22396191954612732
PETS_CREDIT_low_eff_su2_r1_d6_b01__none,none,memgq_lattice,8f95586c1c6fb3f2a750,1,1,0,0.8231655955314636,0.176834374666214
PETS_CREDIT_low_eff_su2_r1_d6_b01__none,none,memgq_lattice,c75c31af2389cc3a594f,1,0,0,0.7802422642707825,0.21975773572921753
PETS_CREDIT_low_eff_su2_r1_d6_b01__none,none,memgq_lattice,bd6c7e8fd4e7879e23df,1,0,0,0.8168903589248657,0.18310968577861786
PETS_CREDIT_low_eff_su2_r1_d6_b01__none,none,memgq_lattice,072f10d00d9156aab9f2,1,0,0,0.797206461429596,0.20279353857040405
PETS_CREDIT_low_eff_su2_r1_d6_b01__none,none,memgq_lattice,82d40bd4122f5c76cdfb,1,0,0,0.7913505434989929,0.20864945650100708
PETS_CREDIT_low_eff_su2_r1_d6_b01__none,none,memgq_lattice,81817fc85a01b1cc7dcf,1,0,0,0.8316413760185242,0.16835863888263702
PETS_CREDIT_low_eff_su2_r1_d6_b01__none,none,memgq_lattice,d75c3e52dbcaf5a5ec2a,1,0,0,0.781074047088623,0.21892598271369934
PETS_CREDIT_low_eff_su2_r1_d6_b01__none,none,memgq_lattice,e0cf68ff7b13424759c5,1,1,1,0.19724124670028687,0.8027587532997131
PETS_CREDIT_low_eff_su2_r1_d6_b01__none,none,memgq_lattice,92516ca36411fad7d9c9,1,0,0,0.7910668849945068,0.20893312990665436
PETS_CREDIT_low_eff_su2_r1_d6_b01__none,none,memgq_lattice,1dd9f8371cdcaa1758b3,1,0,0,0.8112819194793701,0.18871811032295227
PETS_CREDIT_low_eff_su2_r1_d6_b01__none,none,memgq_lattice,a4fc6b0808359418c098,1,0,0,0.8043563961982727,0.1956436038017273
PETS_CREDIT_low_eff_su2_r1_d6_b01__none,none,memgq_lattice,e07f107ec2deef516f4f,1,0,0,0.8211740255355835,0.1788259893655777
PETS_CREDIT_low_eff_su2_r1_d6_b01__none,none,memgq_lattice,7311863aa70952806ffc,1,0,0,0.8328418135643005,0.16715820133686066
PETS_CREDIT_low_eff_su2_r1_d6_b01__none,none,memgq_lattice,eb849709f12c60edd50b,1,1,0,0.7761592864990234,0.22384068369865417
PETS_CREDIT_low_eff_su2_r1_d6_b01__none,none,memgq_lattice,0a09121dee0e5db09dfe,1,1,0,0.817974865436554,0.18202511966228485
PETS_CREDIT_low_eff_su2_r1_d6_b01__none,none,memgq_lattice,29a333df83b13ef7fea3,1,0,0,0.7906409502029419,0.2093590497970581
PETS_CREDIT_low_eff_su2_r1_d6_b01__none,none,memgq_lattice,b84ff32b3c14263b0dd5,1,1,0,0.8107835650444031,0.18921643495559692
PETS_CREDIT_low_eff_su2_r1_d6_b01__none,none,memgq_lattice,ae1704e8283a10912765,1,0,0,0.8163402676582336,0.18365976214408875
PETS_CREDIT_low_eff_su2_r1_d6_b01__none,none,memgq_lattice,78edbc6916b12b570866,1,0,0,0.7974827885627747,0.20251722633838654
PETS_CREDIT_low_eff_su2_r1_d6_b01__none,none,memgq_lattice,196d92dfff0523a23237,1,1,0,0.8117079734802246,0.18829205632209778
PETS_CREDIT_low_eff_su2_r1_d6_b01__none,none,memgq_lattice,c0daa10532a8487ca803,1,1,0,0.8257762789726257,0.1742236614227295
PETS_CREDIT_low_eff_su2_r1_d6_b01__none,none,memgq_lattice,a5b1091e7ec67f7a06ed,1,0,0,0.8326840996742249,0.16731590032577515
PETS_CREDIT_low_eff_su2_r1_d6_b01__none,none,memgq_lattice,bfa7b1aca5d187760a16,1,0,0,0.8230705857276917,0.17692939937114716
PETS_CREDIT_low_eff_su2_r1_d6_b01__none,none,memgq_lattice,39f8154e08ad72170108,1,0,0,0.7900960445404053,0.20990397036075592
PETS_CREDIT_low_eff_su2_r1_d6_b01__none,none,memgq_lattice,2379dd478643b9cc0bc1,1,0,0,0.8292590379714966,0.17074093222618103
PETS_CREDIT_low_eff_su2_r1_d6_b01__none,none,memgq_lattice,418dd0dffa2f4aacf5a8,1,0,0,0.800373911857605,0.1996261179447174
PETS_CREDIT_low_eff_su2_r1_d6_b01__none,none,memgq_lattice,26b6a5da65cdaeb8e184,1,0,0,0.8189809322357178,0.18101905286312103
PETS_CREDIT_low_eff_su2_r1_d6_b01__none,none,memgq_lattice,c50e57ca37a497df3a13,1,0,0,0.8094272017478943,0.19057276844978333
PETS_CREDIT_low_eff_su2_r1_d6_b01__none,none,memgq_lattice,0ec364cc4624f409f87e,1,1,0,0.7783089280128479,0.2216910719871521
PETS_CREDIT_low_eff_su2_r1_d6_b01__none,none,memgq_lattice,49b15e9ec4784be42cd2,1,0,0,0.799716591835022,0.20028337836265564
PETS_CREDIT_low_eff_su2_r1_d6_b01__none,none,memgq_lattice,ce8a11f272895da8cd7f,1,0,0,0.7936949133872986,0.2063051164150238
PETS_CREDIT_low_eff_su2_r1_d6_b01__none,none,memgq_lattice,f929be357f68bdda4236,1,0,0,0.7732430100440979,0.2267570048570633
PETS_CREDIT_low_eff_su2_r1_d6_b01__none,none,memgq_lattice,619b46d6086e6aad3d84,1,0,0,0.7842602133750916,0.21573981642723083
PETS_CREDIT_low_eff_su2_r1_d6_b01__none,none,memgq_lattice,c91e3b5a028c06ad1f92,1,0,0,0.7777222394943237,0.22227776050567627
PETS_CREDIT_low_eff_su2_r1_d6_b01__none,none,memgq_lattice,f640cb068a6e0cafd8f7,1,0,0,0.7968273758888245,0.2031726837158203
PETS_CREDIT_low_eff_su2_r1_d6_b01__none,none,memgq_lattice,a1b01a469dc7802f51d3,1,0,0,0.7796305418014526,0.22036942839622498
PETS_CREDIT_low_eff_su2_r1_d6_b01__none,none,memgq_lattice,5cb75d859aa2d3df94b0,1,0,0,0.8032819628715515,0.19671806693077087
PETS_CREDIT_low_eff_su2_r1_d6_b01__none,none,memgq_lattice,5e48c11768cb070aefe6,1,1,0,0.555085301399231,0.44491466879844666
PETS_CREDIT_low_eff_su2_r1_d6_b01__none,none,memgq_lattice,3ac7ac4bc65a6ffec899,1,0,0,0.8038926124572754,0.196107417345047
PETS_CREDIT_low_eff_su2_r1_d6_b01__none,none,memgq_lattice,ac5f40db5db91c18a83b,1,1,0,0.8261657357215881,0.17383429408073425
PETS_CREDIT_low_eff_su2_r1_d6_b01__none,none,memgq_lattice,973b363916938dbaaf31,1,0,0,0.7920024394989014,0.20799759030342102
PETS_CREDIT_low_eff_su2_r1_d6_b01__none,none,memgq_lattice,df16a30c67111933fccc,1,0,0,0.8215957880020142,0.17840422689914703
PETS_CREDIT_low_eff_su2_r1_d6_b01__none,none,memgq_lattice,402e2e33d278085f817f,1,0,0,0.814227819442749,0.18577219545841217
PETS_CREDIT_low_eff_su2_r1_d6_b01__none,none,memgq_lattice,a62d80fa1349c54517ce,1,1,0,0.8100900650024414,0.1899099200963974
PETS_CREDIT_low_eff_su2_r1_d6_b01__none,none,memgq_lattice,d9170d275d5e05922e82,1,0,0,0.7720739245414734,0.22792606055736542
PETS_CREDIT_low_eff_su2_r1_d6_b01__none,none,memgq_lattice,01743ddf295d8f6b5a46,1,0,0,0.8309128284454346,0.16908720135688782
PETS_CREDIT_low_eff_su2_r1_d6_b01__none,none,memgq_lattice,e030c0aa4ae0f1011f2f,1,0,0,0.8102177977561951,0.18978218734264374
PETS_CREDIT_low_eff_su2_r1_d6_b01__none,none,memgq_lattice,bf465d63c434358f77e4,1,0,0,0.7712271213531494,0.22877289354801178
PETS_CREDIT_low_eff_su2_r1_d6_b01__none,none,memgq_lattice,9eb158e3cbe5bc901e26,1,1,1,0.46112295985221863,0.538877010345459
PETS_CREDIT_low_eff_su2_r1_d6_b01__none,none,memgq_lattice,a6dfd0dc4ba32e6c00e6,1,0,0,0.777765691280365,0.222234308719635
PETS_CREDIT_low_eff_su2_r1_d6_b01__none,none,memgq_lattice,a5628044ec0880a52490,1,0,0,0.8329347372055054,0.16706526279449463
PETS_CREDIT_low_eff_su2_r1_d6_b01__none,none,memgq_lattice,4cfea97c73e6dbfbc698,1,0,0,0.7807377576828003,0.2192622572183609
PETS_CREDIT_low_eff_su2_r1_d6_b01__none,none,memgq_lattice,006df97946d214e0111f,1,0,0,0.8110881447792053,0.1889118254184723
PETS_CREDIT_low_eff_su2_r1_d6_b01__none,none,memgq_lattice,75e559f2a9928f47e4ef,1,0,0,0.7940259575843811,0.2059740126132965
PETS_CREDIT_low_eff_su2_r1_d6_b01__none,none,memgq_lattice,526cee77dcfea7ee8138,1,1,0,0.8296647667884827,0.17033524811267853
PETS_CREDIT_low_eff_su2_r1_d6_b01__none,none,memgq_lattice,2c2eb339de59d2b86f66,1,1,0,0.7930968403816223,0.20690315961837769
PETS_CREDIT_low_eff_su2_r1_d6_b01__none,none,memgq_lattice,fbbb0f469e10095b9cc1,1,0,0,0.8135201334953308,0.186479851603508
PETS_CREDIT_low_eff_su2_r1_d6_b01__none,none,memgq_lattice,c2f9d20d5b53c00ef5f4,1,0,0,0.8205811381340027,0.1794189065694809
PETS_CREDIT_low_eff_su2_r1_d6_b01__none,none,memgq_lattice,1313972ddf1c6e9eb2c9,1,0,1,0.16657929122447968,0.8334207534790039
PETS_CREDIT_low_eff_su2_r1_d6_b01__none,none,memgq_lattice,775e0bc8a00b354d7d21,0,0,0,0.7892469167709351,0.21075309813022614
PETS_CREDIT_low_eff_su2_r1_d6_b01__none,none,memgq_lattice,19eaeaae64289dba8ce8,0,0,0,0.8130918145179749,0.18690820038318634
PETS_CREDIT_low_eff_su2_r1_d6_b01__none,none,memgq_lattice,af85096b9d68ea111a40,0,0,0,0.8166685104370117,0.1833314597606659
PETS_CREDIT_low_eff_su2_r1_d6_b01__none,none,memgq_lattice,eb58b2ec144b95696995,0,0,0,0.7955963611602783,0.20440362393856049
PETS_CREDIT_low_eff_su2_r1_d6_b01__none,none,memgq_lattice,c87adcad5c5b8bacab20,0,0,0,0.8263159394264221,0.17368409037590027
PETS_CREDIT_low_eff_su2_r1_d6_b01__none,none,memgq_lattice,8b38dcbabda11b315cba,0,1,0,0.8062978982925415,0.19370213150978088
PETS_CREDIT_low_eff_su2_r1_d6_b01__none,none,memgq_lattice,46cf73574cd89d5b0a38,0,0,0,0.8212032914161682,0.17879676818847656
PETS_CREDIT_low_eff_su2_r1_d6_b01__none,none,memgq_lattice,f1d5fbea8d8fc197f689,0,1,0,0.8041963577270508,0.1958036720752716
PETS_CREDIT_low_eff_su2_r1_d6_b01__none,none,memgq_lattice,0ccf866b02ec9d1e0e17,0,1,0,0.7971422076225281,0.20285779237747192
PETS_CREDIT_low_eff_su2_r1_d6_b01__none,none,memgq_lattice,3bb90fb9f41d8cd780fb,0,0,0,0.7862454056739807,0.2137545794248581
PETS_CREDIT_low_eff_su2_r1_d6_b01__none,none,memgq_lattice,b1bdd9f125cf64d76133,0,0,0,0.8165383338928223,0.18346169590950012
PETS_CREDIT_low_eff_su2_r1_d6_b01__none,none,memgq_lattice,eb21418ddcffa69cc01e,0,0,0,0.7900596261024475,0.20994041860103607
PETS_CREDIT_low_eff_su2_r1_d6_b01__none,none,memgq_lattice,512bf5d49257f12e0379,0,0,0,0.8025022149085999,0.19749777019023895
PETS_CREDIT_low_eff_su2_r1_d6_b01__none,none,memgq_lattice,6feab55c27ef6fd8098c,0,0,0,0.8117292523384094,0.18827073276042938
PETS_CREDIT_low_eff_su2_r1_d6_b01__none,none,memgq_lattice,05d5b5a237e6011985dc,0,0,0,0.7804703116416931,0.2195296734571457
PETS_CREDIT_low_eff_su2_r1_d6_b01__none,none,memgq_lattice,508544f059d9966fa4fd,0,1,0,0.8097753524780273,0.19022464752197266
PETS_CREDIT_low_eff_su2_r1_d6_b01__none,none,memgq_lattice,02b75fde595a1ffcf156,0,0,0,0.7957965135574341,0.2042035162448883
PETS_CREDIT_low_eff_su2_r1_d6_b01__none,none,memgq_lattice,3a50f7141ac819d29be9,0,0,0,0.7869718670845032,0.21302805840969086
PETS_CREDIT_low_eff_su2_r1_d6_b01__none,none,memgq_lattice,76e22647644159c9f31f,0,0,0,0.7916922569274902,0.20830774307250977
PETS_CREDIT_low_eff_su2_r1_d6_b01__none,none,memgq_lattice,ded01dd09f53e3f3edc7,0,1,0,0.8107806444168091,0.1892193704843521
PETS_CREDIT_low_eff_su2_r1_d6_b01__none,none,memgq_lattice,516fe3ca66f5f580688d,0,0,0,0.7864472270011902,0.2135528028011322
PETS_CREDIT_low_eff_su2_r1_d6_b01__none,none,memgq_lattice,7dbb07f72b26cae53e10,0,0,0,0.8069388270378113,0.1930612027645111
PETS_CREDIT_low_eff_su2_r1_d6_b01__none,none,memgq_lattice,65e0c3d4f1bee9081f1e,0,0,0,0.8123910427093506,0.18760894238948822
PETS_CREDIT_low_eff_su2_r1_d6_b01__none,none,memgq_lattice,05cfc0ff414af47c03a5,0,0,0,0.8215470314025879,0.17845293879508972
PETS_CREDIT_low_eff_su2_r1_d6_b01__none,none,memgq_lattice,ada868403e0aacd584e1,0,0,0,0.7834886908531189,0.2165112942457199
PETS_CREDIT_low_eff_su2_r1_d6_b01__none,none,memgq_lattice,4007b1ad7da10c650d44,0,0,0,0.8251864910125732,0.17481353878974915
PETS_CREDIT_low_eff_su2_r1_d6_b01__none,none,memgq_lattice,d31cd7debcfc574857b7,0,0,0,0.7798784971237183,0.22012147307395935
PETS_CREDIT_low_eff_su2_r1_d6_b01__none,none,memgq_lattice,5e54efebb9b29b940c99,0,0,0,0.7852790951728821,0.2147209346294403
PETS_CREDIT_low_eff_su2_r1_d6_b01__none,none,memgq_lattice,454315dad33a268150e0,0,0,0,0.7948800921440125,0.20511989295482635
PETS_CREDIT_low_eff_su2_r1_d6_b01__none,none,memgq_lattice,b224dfc19404bbda9ee4,0,0,0,0.8121239542961121,0.18787597119808197
PETS_CREDIT_low_eff_su2_r1_d6_b01__none,none,memgq_lattice,bbee22d3ea243b98e36f,0,0,0,0.8169494867324829,0.18305054306983948
PETS_CREDIT_low_eff_su2_r1_d6_b01__none,none,memgq_lattice,53501233f30eb80e8d05,0,0,0,0.8188737034797668,0.18112631142139435
PETS_CREDIT_low_eff_su2_r1_d6_b01__none,none,memgq_lattice,d988f293d7bb6d4a8ab7,0,1,0,0.7953035235404968,0.20469646155834198
PETS_CREDIT_low_eff_su2_r1_d6_b01__none,none,memgq_lattice,545cb2ecd34d5146e49a,0,0,0,0.8207279443740845,0.17927205562591553
PETS_CREDIT_low_eff_su2_r1_d6_b01__none,none,memgq_lattice,fedc0dc11aeb9674f49a,0,1,0,0.8194363117218018,0.18056367337703705
PETS_CREDIT_low_eff_su2_r1_d6_b01__none,none,memgq_lattice,838fb6514f9d13f5f89a,0,0,0,0.8056315779685974,0.1943684071302414
PETS_CREDIT_low_eff_su2_r1_d6_b01__none,none,memgq_lattice,a024fa1846e4335ade36,0,0,0,0.7855908274650574,0.21440917253494263
PETS_CREDIT_low_eff_su2_r1_d6_b01__none,none,memgq_lattice,dd5f176581699325a9b1,0,0,0,0.831213116645813,0.16878685355186462
PETS_CREDIT_low_eff_su2_r1_d6_b01__none,none,memgq_lattice,45b2f42889463dbbbda3,0,1,1,0.19041875004768372,0.8095812201499939
PETS_CREDIT_low_eff_su2_r1_d6_b01__none,none,memgq_lattice,5c479147049976461a13,0,0,0,0.7759841084480286,0.22401589155197144
PETS_CREDIT_low_eff_su2_r1_d6_b01__none,none,memgq_lattice,5ff6b7662bfef65ea0bd,0,0,0,0.776914119720459,0.22308588027954102
PETS_CREDIT_low_eff_su2_r1_d6_b01__none,none,memgq_lattice,f83af86a0376fc684202,0,1,0,0.8025400638580322,0.19745993614196777
PETS_CREDIT_low_eff_su2_r1_d6_b01__none,none,memgq_lattice,49ba0900d21d03ea42a9,0,0,0,0.8246793150901794,0.17532069981098175
PETS_CREDIT_low_eff_su2_r1_d6_b01__none,none,memgq_lattice,d7c5bc379679e38af136,0,0,0,0.7828378081321716,0.21716216206550598
PETS_CREDIT_low_eff_su2_r1_d6_b01__none,none,memgq_lattice,1de5fd2a3f26ba72a9c1,0,0,0,0.7906496524810791,0.2093503326177597
PETS_CREDIT_low_eff_su2_r1_d6_b01__none,none,memgq_lattice,9905912b0d924a7b3ca5,0,0,0,0.7855005264282227,0.21449950337409973
PETS_CREDIT_low_eff_su2_r1_d6_b01__none,none,memgq_lattice,a0c6458763e7f0d7b722,0,0,0,0.7922495007514954,0.20775048434734344
PETS_CREDIT_low_eff_su2_r1_d6_b01__none,none,memgq_lattice,6146ee4e50398bd2590b,0,0,0,0.8127237558364868,0.18727627396583557
PETS_CREDIT_low_eff_su2_r1_d6_b01__none,none,memgq_lattice,c4c052470c6698896a64,0,1,0,0.784886360168457,0.21511361002922058
PETS_CREDIT_low_eff_su2_r1_d6_b01__none,none,memgq_lattice,d4f5d45b61b7bb9d81d2,0,0,0,0.7889189124107361,0.2110811024904251
PETS_CREDIT_low_eff_su2_r1_d6_b01__none,none,memgq_lattice,8b2149d6d65d7dff0391,0,0,0,0.8202148675918579,0.17978517711162567
PETS_CREDIT_low_eff_su2_r1_d6_b01__none,none,memgq_lattice,2f0ee475d6ce6c987db1,0,0,0,0.7892163991928101,0.21078361570835114
PETS_CREDIT_low_eff_su2_r1_d6_b01__none,none,memgq_lattice,9e70744c580dba073780,0,0,0,0.8032900094985962,0.1967099905014038
PETS_CREDIT_low_eff_su2_r1_d6_b01__none,none,memgq_lattice,2c3b25125281e8e5ea14,0,0,0,0.7880009412765503,0.2119990885257721
PETS_CREDIT_low_eff_su2_r1_d6_b01__none,none,memgq_lattice,d324c41c466449fc77a4,0,1,0,0.806661069393158,0.19333897531032562
PETS_CREDIT_low_eff_su2_r1_d6_b01__none,none,memgq_lattice,b2afd8ac93139c6436ca,0,1,0,0.7712125182151794,0.22878745198249817
PETS_CREDIT_low_eff_su2_r1_d6_b01__none,none,memgq_lattice,f0873fcaa4725b7b28fd,0,0,0,0.774955689907074,0.2250443398952484
PETS_CREDIT_low_eff_su2_r1_d6_b01__none,none,memgq_lattice,33f2ea1bb1c7d6a437bf,0,1,0,0.7985036969184875,0.20149630308151245
PETS_CREDIT_low_eff_su2_r1_d6_b01__none,none,memgq_lattice,63426de2bcac10c978ef,0,0,0,0.7730129957199097,0.22698701918125153
PETS_CREDIT_low_eff_su2_r1_d6_b01__none,none,memgq_lattice,6083c35ef0dd27c47f39,0,0,0,0.8159760236740112,0.18402399122714996
PETS_CREDIT_low_eff_su2_r1_d6_b01__none,none,memgq_lattice,9ac4b9bb1cccbe8c8162,0,1,0,0.8067429661750793,0.19325704872608185
PETS_CREDIT_low_eff_su2_r1_d6_b01__none,none,memgq_lattice,15e0146e9b8967882d3c,0,1,0,0.7975626587867737,0.20243734121322632
PETS_CREDIT_low_eff_su2_r1_d6_b01__none,none,memgq_lattice,37dc9fbd1cc1b8e7aeec,0,0,0,0.7824243903160095,0.21757562458515167
PETS_CREDIT_low_eff_su2_r1_d6_b01__none,none,memgq_lattice,9e00c9a73f8502e1beb6,0,0,0,0.79561448097229,0.20438556373119354
PETS_CREDIT_low_eff_su2_r1_d6_b01__none,none,memgq_lattice,91f87ca67e3c04007486,0,0,0,0.7788220047950745,0.22117799520492554
PETS_CREDIT_low_eff_su2_r1_d6_b01__none,none,memgq_lattice,c6f44b9c0cc7a4317767,0,0,0,0.8292589783668518,0.1707410365343094
PETS_CREDIT_low_eff_su2_r1_d6_b01__none,none,memgq_lattice,cd6bf5351920ef71b772,0,0,0,0.8004181981086731,0.1995818167924881
PETS_CREDIT_low_eff_su2_r1_d6_b01__none,none,memgq_lattice,8dcf26c9f074a4b5de0e,0,0,0,0.8198131918907166,0.18018680810928345
PETS_CREDIT_low_eff_su2_r1_d6_b01__none,none,memgq_lattice,de98a8baab2807797bb8,0,0,0,0.8058664798736572,0.19413353502750397
PETS_CREDIT_low_eff_su2_r1_d6_b01__none,none,memgq_lattice,f28c583d896798880d4b,0,1,0,0.8103642463684082,0.18963567912578583
PETS_CREDIT_low_eff_su2_r1_d6_b01__none,none,memgq_lattice,ac56169f19bc768a992f,0,0,0,0.8115465641021729,0.18845340609550476
PETS_CREDIT_low_eff_su2_r1_d6_b01__none,none,memgq_lattice,3921b288ed88010b2bd2,0,0,0,0.7906191945075989,0.20938077569007874
PETS_CREDIT_low_eff_su2_r1_d6_b01__none,none,memgq_lattice,0988ebf7cfaacc632363,0,0,0,0.8108972311019897,0.18910269439220428
PETS_CREDIT_low_eff_su2_r1_d6_b01__none,none,memgq_lattice,19f22c4a26ede80db5bc,0,0,0,0.7800813317298889,0.21991868317127228
PETS_CREDIT_low_eff_su2_r1_d6_b01__none,none,memgq_lattice,96c64f83677ec33bce29,0,0,0,0.8034615516662598,0.19653844833374023
PETS_CREDIT_low_eff_su2_r1_d6_b01__none,none,memgq_lattice,9843ca85067735c6a50c,0,0,0,0.7804028391838074,0.21959714591503143
PETS_CREDIT_low_eff_su2_r1_d6_b01__none,none,memgq_lattice,12ef83c14d018f8929c0,0,0,0,0.7824601531028748,0.21753986179828644
PETS_CREDIT_low_eff_su2_r1_d6_b01__none,none,memgq_lattice,9b5637baba30c32741f7,0,0,0,0.8264234662055969,0.17357653379440308
PETS_CREDIT_low_eff_su2_r1_d6_b01__none,none,memgq_lattice,82ebd78d69582401b822,0,1,0,0.7904414534568787,0.20955857634544373
PETS_CREDIT_low_eff_su2_r1_d6_b01__none,none,memgq_lattice,c154986c4ac0e18baa8e,0,0,0,0.8260529637336731,0.1739470511674881
PETS_CREDIT_low_eff_su2_r1_d6_b01__none,none,memgq_lattice,5c1eaee6580358b55afc,0,1,0,0.7785550355911255,0.2214450091123581
PETS_CREDIT_low_eff_su2_r1_d6_b01__none,none,memgq_lattice,cb251470deed8436762a,0,0,0,0.7879697680473328,0.21203024685382843
PETS_CREDIT_low_eff_su2_r1_d6_b01__none,none,memgq_lattice,da5f5efb7790004fff98,0,0,0,0.8166376352310181,0.18336240947246552
PETS_CREDIT_low_eff_su2_r1_d6_b01__none,none,memgq_lattice,a1971c19af6fbce2a2b8,0,0,0,0.7919933199882507,0.20800666511058807
PETS_CREDIT_low_eff_su2_r1_d6_b01__none,none,memgq_lattice,f88c75f25b6e20b11d53,0,1,0,0.5526948571205139,0.4473051428794861
PETS_CREDIT_low_eff_su2_r1_d6_b01__none,none,memgq_lattice,625fbebab124d6b6cfe9,0,0,0,0.8239879608154297,0.1760120689868927
PETS_CREDIT_low_eff_su2_r1_d6_b01__none,none,memgq_lattice,aad721f07309f09ae48b,0,0,0,0.7791130542755127,0.2208869457244873
PETS_CREDIT_low_eff_su2_r1_d6_b01__none,none,memgq_lattice,3e5959b02df8356effc1,0,0,0,0.808843195438385,0.1911567896604538
PETS_CREDIT_low_eff_su2_r1_d6_b01__none,none,memgq_lattice,13bc0e5e62e93ee9e11f,0,0,0,0.7756704688072205,0.22432953119277954
PETS_CREDIT_low_eff_su2_r1_d6_b01__none,none,memgq_lattice,d4552063b883befa7f1f,0,1,0,0.7846449613571167,0.2153550535440445
PETS_CREDIT_low_eff_su2_r1_d6_b01__none,none,memgq_lattice,9737e13af29b3e71e58d,0,0,0,0.8263095021247864,0.17369051277637482
PETS_CREDIT_low_eff_su2_r1_d6_b01__none,none,memgq_lattice,65878445affdd2869314,0,0,0,0.7970647811889648,0.20293523371219635
PETS_CREDIT_low_eff_su2_r1_d6_b01__none,none,memgq_lattice,c9b4e83642e08382f4a6,0,0,0,0.7866081595420837,0.21339187026023865
PETS_CREDIT_low_eff_su2_r1_d6_b01__none,none,memgq_lattice,e68ff9c46623f5834b2a,0,0,0,0.7781442403793335,0.2218557745218277
PETS_CREDIT_low_eff_su2_r1_d6_b01__none,none,memgq_lattice,ee145a9d7a0dd082d343,0,0,0,0.7793723940849304,0.22062765061855316
PETS_CREDIT_low_eff_su2_r1_d6_b01__none,none,memgq_lattice,8b77bc8a325b32f8d38a,0,1,0,0.774182915687561,0.22581705451011658
PETS_CREDIT_low_eff_su2_r1_d6_b01__none,none,memgq_lattice,15902995b3e0e8fdafb5,0,1,0,0.7897343635559082,0.21026568114757538
PETS_CREDIT_low_eff_su2_r1_d6_b01__none,none,memgq_lattice,442418c1ce6eee466e66,0,0,0,0.8132810592651367,0.1867189258337021
PETS_CREDIT_low_eff_su2_r1_d6_b01__none,none,memgq_lattice,cdbf66466c43de4d3398,0,0,0,0.8282456994056702,0.17175430059432983
PETS_CREDIT_low_eff_su2_r1_d6_b01__none,none,memgq_lattice,d219a9acadf7d11fea78,0,0,0,0.8116081357002258,0.18839183449745178
PETS_CREDIT_low_eff_su2_r1_d6_b01__none,none,memgq_lattice_sticky,eaab06e0e9770f0cb322,1,0,0,0.7951291799545288,0.20487084984779358
PETS_CREDIT_low_eff_su2_r1_d6_b01__none,none,memgq_lattice_sticky,883a42269d6847aec70c,1,0,0,0.7830337882041931,0.21696622669696808
PETS_CREDIT_low_eff_su2_r1_d6_b01__none,none,memgq_lattice_sticky,6bf07a3ff23f9e3249c5,1,0,0,0.827815592288971,0.17218437790870667
PETS_CREDIT_low_eff_su2_r1_d6_b01__none,none,memgq_lattice_sticky,272c38b1ecd099be7890,1,0,0,0.7793723940849304,0.22062765061855316
PETS_CREDIT_low_eff_su2_r1_d6_b01__none,none,memgq_lattice_sticky,f2a589817382059b0dcc,1,0,0,0.8273817300796509,0.17261826992034912
PETS_CREDIT_low_eff_su2_r1_d6_b01__none,none,memgq_lattice_sticky,ab97fae957e08270ffce,1,1,0,0.7968392372131348,0.20316077768802643
PETS_CREDIT_low_eff_su2_r1_d6_b01__none,none,memgq_lattice_sticky,0674ce029ebb21d32e38,1,0,0,0.5284169912338257,0.4715830385684967
PETS_CREDIT_low_eff_su2_r1_d6_b01__none,none,memgq_lattice_sticky,a9752ae3047aff503fb3,1,1,0,0.8053405284881592,0.19465948641300201
PETS_CREDIT_low_eff_su2_r1_d6_b01__none,none,memgq_lattice_sticky,5b7629cbd1fb6e879520,1,1,0,0.8103851079940796,0.189614936709404
PETS_CREDIT_low_eff_su2_r1_d6_b01__none,none,memgq_lattice_sticky,4dde24d981dd8981f71f,1,0,0,0.7824037075042725,0.21759626269340515
PETS_CREDIT_low_eff_su2_r1_d6_b01__none,none,memgq_lattice_sticky,4df4658f2eb41564da87,1,0,0,0.7842971086502075,0.21570290625095367
PETS_CREDIT_low_eff_su2_r1_d6_b01__none,none,memgq_lattice_sticky,ab00e756b29c98fd6674,1,0,0,0.8332350254058838,0.16676494479179382
PETS_CREDIT_low_eff_su2_r1_d6_b01__none,none,memgq_lattice_sticky,69ef03b5c6f4f7ecef33,1,0,0,0.8000279664993286,0.19997206330299377
PETS_CREDIT_low_eff_su2_r1_d6_b01__none,none,memgq_lattice_sticky,dba69027df0122535f19,1,0,0,0.7910982966423035,0.20890171825885773
PETS_CREDIT_low_eff_su2_r1_d6_b01__none,none,memgq_lattice_sticky,cbd912351cdbc83a9184,1,0,0,0.802425742149353,0.19757427275180817
PETS_CREDIT_low_eff_su2_r1_d6_b01__none,none,memgq_lattice_sticky,7be2869c238aa35d440a,1,1,0,0.8062018752098083,0.19379815459251404
PETS_CREDIT_low_eff_su2_r1_d6_b01__none,none,memgq_lattice_sticky,7ce1135db7560daf7e70,1,0,0,0.7922192215919495,0.20778080821037292
PETS_CREDIT_low_eff_su2_r1_d6_b01__none,none,memgq_lattice_sticky,988a4b4dcb53bafffb01,1,0,0,0.8107500672340393,0.18924996256828308
PETS_CREDIT_low_eff_su2_r1_d6_b01__none,none,memgq_lattice_sticky,66fa33821884d4568b02,1,0,0,0.7813695073127747,0.21863053739070892
PETS_CREDIT_low_eff_su2_r1_d6_b01__none,none,memgq_lattice_sticky,f073d35785cf76f1409c,1,1,0,0.8004836440086365,0.1995164006948471
PETS_CREDIT_low_eff_su2_r1_d6_b01__none,none,memgq_lattice_sticky,6c0e663b6848864dc914,1,0,0,0.8043128252029419,0.1956872195005417
PETS_CREDIT_low_eff_su2_r1_d6_b01__none,none,memgq_lattice_sticky,14865093b1485a5c3a41,1,0,0,0.7974965572357178,0.20250345766544342
PETS_CREDIT_low_eff_su2_r1_d6_b01__none,none,memgq_lattice_sticky,c4b2c9357254e51af6a9,1,0,0,0.8108713030815125,0.18912871181964874
PETS_CREDIT_low_eff_su2_r1_d6_b01__none,none,memgq_lattice_sticky,b0f47ae4b56b3aa4d111,1,0,0,0.7851725816726685,0.21482741832733154
PETS_CREDIT_low_eff_su2_r1_d6_b01__none,none,memgq_lattice_sticky,f05df67fe5ac7ed38643,1,0,0,0.807688295841217,0.19231171905994415
PETS_CREDIT_low_eff_su2_r1_d6_b01__none,none,memgq_lattice_sticky,a55e4e1cd3465563efc4,1,0,0,0.787916362285614,0.212083637714386
PETS_CREDIT_low_eff_su2_r1_d6_b01__none,none,memgq_lattice_sticky,c9acdb61159286a4c2ce,1,0,0,0.8303079009056091,0.16969212889671326
PETS_CREDIT_low_eff_su2_r1_d6_b01__none,none,memgq_lattice_sticky,6ea2a519a69c09016323,1,0,0,0.7886559963226318,0.21134401857852936
PETS_CREDIT_low_eff_su2_r1_d6_b01__none,none,memgq_lattice_sticky,f332cc500c7a62b19024,1,0,0,0.7752122282981873,0.22478778660297394
PETS_CREDIT_low_eff_su2_r1_d6_b01__none,none,memgq_lattice_sticky,6992a9babb7ae6302cb5,1,0,0,0.8091538548469543,0.19084616005420685
PETS_CREDIT_low_eff_su2_r1_d6_b01__none,none,memgq_lattice_sticky,d1d396dc69ac0aeade66,1,0,0,0.8198957443237305,0.18010427057743073
PETS_CREDIT_low_eff_su2_r1_d6_b01__none,none,memgq_lattice_sticky,4def6ca8e27be84aeb54,1,0,0,0.7928582429885864,0.20714180171489716
PETS_CREDIT_low_eff_su2_r1_d6_b01__none,none,memgq_lattice_sticky,d46f8b9f4d57f90db615,1,1,0,0.8152183890342712,0.18478155136108398
PETS_CREDIT_low_eff_su2_r1_d6_b01__none,none,memgq_lattice_sticky,347bd04364dce3c5342e,1,0,0,0.8313866853713989,0.16861334443092346
PETS_CREDIT_low_eff_su2_r1_d6_b01__none,none,memgq_lattice_sticky,32babcc385bd70eddb90,1,1,0,0.785201370716095,0.21479859948158264
PETS_CREDIT_low_eff_su2_r1_d6_b01__none,none,memgq_lattice_sticky,0772d1e68bccea98e68f,1,0,0,0.7814951539039612,0.21850483119487762
PETS_CREDIT_low_eff_su2_r1_d6_b01__none,none,memgq_lattice_sticky,72bf8a475d5aa5538cd3,1,0,0,0.8090350031852722,0.19096504151821136
PETS_CREDIT_low_eff_su2_r1_d6_b01__none,none,memgq_lattice_sticky,092efc45ab978715a8fa,1,0,0,0.7940095067024231,0.2059904932975769
PETS_CREDIT_low_eff_su2_r1_d6_b01__none,none,memgq_lattice_sticky,25bed8f88a506c4cc366,1,1,0,0.8012251853942871,0.19877485930919647
PETS_CREDIT_low_eff_su2_r1_d6_b01__none,none,memgq_lattice_sticky,c8a7bd1cd35ba1e89b80,1,0,0,0.7933244705200195,0.20667554438114166
PETS_CREDIT_low_eff_su2_r1_d6_b01__none,none,memgq_lattice_sticky,073dbbd888ef767c75de,1,0,0,0.7760380506515503,0.22396191954612732
PETS_CREDIT_low_eff_su2_r1_d6_b01__none,none,memgq_lattice_sticky,8f95586c1c6fb3f2a750,1,1,0,0.826866626739502,0.17313340306282043
PETS_CREDIT_low_eff_su2_r1_d6_b01__none,none,memgq_lattice_sticky,c75c31af2389cc3a594f,1,0,0,0.7802422642707825,0.21975773572921753
PETS_CREDIT_low_eff_su2_r1_d6_b01__none,none,memgq_lattice_sticky,bd6c7e8fd4e7879e23df,1,0,0,0.8168903589248657,0.18310968577861786
PETS_CREDIT_low_eff_su2_r1_d6_b01__none,none,memgq_lattice_sticky,072f10d00d9156aab9f2,1,0,0,0.8002098798751831,0.19979017972946167
PETS_CREDIT_low_eff_su2_r1_d6_b01__none,none,memgq_lattice_sticky,82d40bd4122f5c76cdfb,1,0,0,0.7873102426528931,0.21268980205059052
PETS_CREDIT_low_eff_su2_r1_d6_b01__none,none,memgq_lattice_sticky,81817fc85a01b1cc7dcf,1,0,0,0.8319033980369568,0.1680966168642044
PETS_CREDIT_low_eff_su2_r1_d6_b01__none,none,memgq_lattice_sticky,d75c3e52dbcaf5a5ec2a,1,0,0,0.781074047088623,0.21892598271369934
PETS_CREDIT_low_eff_su2_r1_d6_b01__none,none,memgq_lattice_sticky,e0cf68ff7b13424759c5,1,1,1,0.19724124670028687,0.8027587532997131
PETS_CREDIT_low_eff_su2_r1_d6_b01__none,none,memgq_lattice_sticky,92516ca36411fad7d9c9,1,0,0,0.7910668849945068,0.20893312990665436
PETS_CREDIT_low_eff_su2_r1_d6_b01__none,none,memgq_lattice_sticky,1dd9f8371cdcaa1758b3,1,0,0,0.8151757717132568,0.18482424318790436
PETS_CREDIT_low_eff_su2_r1_d6_b01__none,none,memgq_lattice_sticky,a4fc6b0808359418c098,1,0,0,0.7956757545471191,0.20432426035404205
PETS_CREDIT_low_eff_su2_r1_d6_b01__none,none,memgq_lattice_sticky,e07f107ec2deef516f4f,1,0,0,0.8211740255355835,0.1788259893655777
PETS_CREDIT_low_eff_su2_r1_d6_b01__none,none,memgq_lattice_sticky,7311863aa70952806ffc,1,0,0,0.8328418135643005,0.16715820133686066
PETS_CREDIT_low_eff_su2_r1_d6_b01__none,none,memgq_lattice_sticky,eb849709f12c60edd50b,1,1,0,0.7854455709457397,0.21455444395542145
PETS_CREDIT_low_eff_su2_r1_d6_b01__none,none,memgq_lattice_sticky,0a09121dee0e5db09dfe,1,1,0,0.8215647339820862,0.1784352958202362
PETS_CREDIT_low_eff_su2_r1_d6_b01__none,none,memgq_lattice_sticky,29a333df83b13ef7fea3,1,0,0,0.7909507751464844,0.209049254655838
PETS_CREDIT_low_eff_su2_r1_d6_b01__none,none,memgq_lattice_sticky,b84ff32b3c14263b0dd5,1,1,0,0.8107835650444031,0.18921643495559692
PETS_CREDIT_low_eff_su2_r1_d6_b01__none,none,memgq_lattice_sticky,ae1704e8283a10912765,1,0,0,0.8163402676582336,0.18365976214408875
PETS_CREDIT_low_eff_su2_r1_d6_b01__none,none,memgq_lattice_sticky,78edbc6916b12b570866,1,0,0,0.7933106422424316,0.20668932795524597
PETS_CREDIT_low_eff_su2_r1_d6_b01__none,none,memgq_lattice_sticky,196d92dfff0523a23237,1,1,0,0.8117079734802246,0.18829205632209778
PETS_CREDIT_low_eff_su2_r1_d6_b01__none,none,memgq_lattice_sticky,c0daa10532a8487ca803,1,1,0,0.8244420289993286,0.17555798590183258
PETS_CREDIT_low_eff_su2_r1_d6_b01__none,none,memgq_lattice_sticky,a5b1091e7ec67f7a06ed,1,0,0,0.7794824838638306,0.22051750123500824
PETS_CREDIT_low_eff_su2_r1_d6_b01__none,none,memgq_lattice_sticky,bfa7b1aca5d187760a16,1,0,0,0.8230705857276917,0.17692939937114716
PETS_CREDIT_low_eff_su2_r1_d6_b01__none,none,memgq_lattice_sticky,39f8154e08ad72170108,1,0,0,0.7956051230430603,0.20439492166042328
PETS_CREDIT_low_eff_su2_r1_d6_b01__none,none,memgq_lattice_sticky,2379dd478643b9cc0bc1,1,0,0,0.8292590379714966,0.17074093222618103
PETS_CREDIT_low_eff_su2_r1_d6_b01__none,none,memgq_lattice_sticky,418dd0dffa2f4aacf5a8,1,0,0,0.8018472194671631,0.1981528103351593
PETS_CREDIT_low_eff_su2_r1_d6_b01__none,none,memgq_lattice_sticky,26b6a5da65cdaeb8e184,1,0,0,0.8189809322357178,0.18101905286312103
PETS_CREDIT_low_eff_su2_r1_d6_b01__none,none,memgq_lattice_sticky,c50e57ca37a497df3a13,1,0,0,0.8176575303077698,0.18234243988990784
PETS_CREDIT_low_eff_su2_r1_d6_b01__none,none,memgq_lattice_sticky,0ec364cc4624f409f87e,1,1,0,0.7783089280128479,0.2216910719871521
PETS_CREDIT_low_eff_su2_r1_d6_b01__none,none,memgq_lattice_sticky,49b15e9ec4784be42cd2,1,0,0,0.799716591835022,0.20028337836265564
PETS_CREDIT_low_eff_su2_r1_d6_b01__none,none,memgq_lattice_sticky,ce8a11f272895da8cd7f,1,0,0,0.7936949133872986,0.2063051164150238
PETS_CREDIT_low_eff_su2_r1_d6_b01__none,none,memgq_lattice_sticky,f929be357f68bdda4236,1,0,0,0.7732430100440979,0.2267570048570633
PETS_CREDIT_low_eff_su2_r1_d6_b01__none,none,memgq_lattice_sticky,619b46d6086e6aad3d84,1,0,0,0.7842602133750916,0.21573981642723083
PETS_CREDIT_low_eff_su2_r1_d6_b01__none,none,memgq_lattice_sticky,c91e3b5a028c06ad1f92,1,0,0,0.7777222394943237,0.22227776050567627
PETS_CREDIT_low_eff_su2_r1_d6_b01__none,none,memgq_lattice_sticky,f640cb068a6e0cafd8f7,1,0,0,0.7838117480278015,0.2161882370710373
PETS_CREDIT_low_eff_su2_r1_d6_b01__none,none,memgq_lattice_sticky,a1b01a469dc7802f51d3,1,0,0,0.7799521088600159,0.22004789113998413
PETS_CREDIT_low_eff_su2_r1_d6_b01__none,none,memgq_lattice_sticky,5cb75d859aa2d3df94b0,1,0,0,0.8032819628715515,0.19671806693077087
PETS_CREDIT_low_eff_su2_r1_d6_b01__none,none,memgq_lattice_sticky,5e48c11768cb070aefe6,1,1,0,0.8038267493247986,0.196173295378685
PETS_CREDIT_low_eff_su2_r1_d6_b01__none,none,memgq_lattice_sticky,3ac7ac4bc65a6ffec899,1,0,0,0.8038926124572754,0.196107417345047
PETS_CREDIT_low_eff_su2_r1_d6_b01__none,none,memgq_lattice_sticky,ac5f40db5db91c18a83b,1,1,0,0.8143899440765381,0.1856100708246231
PETS_CREDIT_low_eff_su2_r1_d6_b01__none,none,memgq_lattice_sticky,973b363916938dbaaf31,1,0,0,0.800800085067749,0.19919992983341217
PETS_CREDIT_low_eff_su2_r1_d6_b01__none,none,memgq_lattice_sticky,df16a30c67111933fccc,1,0,0,0.8215957880020142,0.17840422689914703
PETS_CREDIT_low_eff_su2_r1_d6_b01__none,none,memgq_lattice_sticky,402e2e33d278085f817f,1,0,0,0.814227819442749,0.18577219545841217
PETS_CREDIT_low_eff_su2_r1_d6_b01__none,none,memgq_lattice_sticky,a62d80fa1349c54517ce,1,1,0,0.822079062461853,0.17792093753814697
PETS_CREDIT_low_eff_su2_r1_d6_b01__none,none,memgq_lattice_sticky,d9170d275d5e05922e82,1,0,0,0.7750183343887329,0.22498169541358948
PETS_CREDIT_low_eff_su2_r1_d6_b01__none,none,memgq_lattice_sticky,01743ddf295d8f6b5a46,1,0,0,0.8309128284454346,0.16908720135688782
PETS_CREDIT_low_eff_su2_r1_d6_b01__none,none,memgq_lattice_sticky,e030c0aa4ae0f1011f2f,1,0,0,0.8102177977561951,0.18978218734264374
PETS_CREDIT_low_eff_su2_r1_d6_b01__none,none,memgq_lattice_sticky,bf465d63c434358f77e4,1,0,0,0.7728544473648071,0.22714555263519287
PETS_CREDIT_low_eff_su2_r1_d6_b01__none,none,memgq_lattice_sticky,9eb158e3cbe5bc901e26,1,1,1,0.45475906133651733,0.5452409386634827
PETS_CREDIT_low_eff_su2_r1_d6_b01__none,none,memgq_lattice_sticky,a6dfd0dc4ba32e6c00e6,1,0,0,0.777765691280365,0.222234308719635
PETS_CREDIT_low_eff_su2_r1_d6_b01__none,none,memgq_lattice_sticky,a5628044ec0880a52490,1,0,0,0.8316440582275391,0.16835595667362213
PETS_CREDIT_low_eff_su2_r1_d6_b01__none,none,memgq_lattice_sticky,4cfea97c73e6dbfbc698,1,0,0,0.8324151635169983,0.16758480668067932
PETS_CREDIT_low_eff_su2_r1_d6_b01__none,none,memgq_lattice_sticky,006df97946d214e0111f,1,0,0,0.8110881447792053,0.1889118254184723
PETS_CREDIT_low_eff_su2_r1_d6_b01__none,none,memgq_lattice_sticky,75e559f2a9928f47e4ef,1,0,0,0.7940259575843811,0.2059740126132965
PETS_CREDIT_low_eff_su2_r1_d6_b01__none,none,memgq_lattice_sticky,526cee77dcfea7ee8138,1,1,0,0.8296647667884827,0.17033524811267853
PETS_CREDIT_low_eff_su2_r1_d6_b01__none,none,memgq_lattice_sticky,2c2eb339de59d2b86f66,1,1,0,0.7930968403816223,0.20690315961837769
PETS_CREDIT_low_eff_su2_r1_d6_b01__none,none,memgq_lattice_sticky,fbbb0f469e10095b9cc1,1,0,0,0.8135201334953308,0.186479851603508
PETS_CREDIT_low_eff_su2_r1_d6_b01__none,none,memgq_lattice_sticky,c2f9d20d5b53c00ef5f4,1,0,0,0.8243246674537659,0.17567534744739532
PETS_CREDIT_low_eff_su2_r1_d6_b01__none,none,memgq_lattice_sticky,1313972ddf1c6e9eb2c9,1,0,1,0.22871920466423035,0.771280825138092
PETS_CREDIT_low_eff_su2_r1_d6_b01__none,none,memgq_lattice_sticky,775e0bc8a00b354d7d21,0,0,0,0.7756493091583252,0.22435066103935242
PETS_CREDIT_low_eff_su2_r1_d6_b01__none,none,memgq_lattice_sticky,19eaeaae64289dba8ce8,0,0,0,0.8156328201293945,0.18436717987060547
PETS_CREDIT_low_eff_su2_r1_d6_b01__none,none,memgq_lattice_sticky,af85096b9d68ea111a40,0,0,0,0.8166685104370117,0.1833314597606659
PETS_CREDIT_low_eff_su2_r1_d6_b01__none,none,memgq_lattice_sticky,eb58b2ec144b95696995,0,0,0,0.7955963611602783,0.20440362393856049
PETS_CREDIT_low_eff_su2_r1_d6_b01__none,none,memgq_lattice_sticky,c87adcad5c5b8bacab20,0,0,0,0.8238903284072876,0.1761096864938736
PETS_CREDIT_low_eff_su2_r1_d6_b01__none,none,memgq_lattice_sticky,8b38dcbabda11b315cba,0,1,0,0.8060052394866943,0.19399477541446686
PETS_CREDIT_low_eff_su2_r1_d6_b01__none,none,memgq_lattice_sticky,46cf73574cd89d5b0a38,0,0,0,0.8247430920600891,0.17525692284107208
PETS_CREDIT_low_eff_su2_r1_d6_b01__none,none,memgq_lattice_sticky,f1d5fbea8d8fc197f689,0,1,0,0.8082018494606018,0.191798135638237
PETS_CREDIT_low_eff_su2_r1_d6_b01__none,none,memgq_lattice_sticky,0ccf866b02ec9d1e0e17,0,1,0,0.7971422076225281,0.20285779237747192
PETS_CREDIT_low_eff_su2_r1_d6_b01__none,none,memgq_lattice_sticky,3bb90fb9f41d8cd780fb,0,0,0,0.7862454056739807,0.2137545794248581
PETS_CREDIT_low_eff_su2_r1_d6_b01__none,none,memgq_lattice_sticky,b1bdd9f125cf64d76133,0,0,0,0.8165383338928223,0.18346169590950012
PETS_CREDIT_low_eff_su2_r1_d6_b01__none,none,memgq_lattice_sticky,eb21418ddcffa69cc01e,0,0,0,0.7900596261024475,0.20994041860103607
PETS_CREDIT_low_eff_su2_r1_d6_b01__none,none,memgq_lattice_sticky,512bf5d49257f12e0379,0,0,0,0.7984074354171753,0.2015926092863083
PETS_CREDIT_low_eff_su2_r1_d6_b01__none,none,memgq_lattice_sticky,6feab55c27ef6fd8098c,0,0,0,0.818130373954773,0.18186961114406586
PETS_CREDIT_low_eff_su2_r1_d6_b01__none,none,memgq_lattice_sticky,05d5b5a237e6011985dc,0,0,0,0.7775768637657166,0.22242319583892822
PETS_CREDIT_low_eff_su2_r1_d6_b01__none,none,memgq_lattice_sticky,508544f059d9966fa4fd,0,1,0,0.8097753524780273,0.19022464752197266
PETS_CREDIT_low_eff_su2_r1_d6_b01__none,none,memgq_lattice_sticky,02b75fde595a1ffcf156,0,0,0,0.7954920530319214,0.204507976770401
PETS_CREDIT_low_eff_su2_r1_d6_b01__none,none,memgq_lattice_sticky,3a50f7141ac819d29be9,0,0,0,0.7869718670845032,0.21302805840969086
PETS_CREDIT_low_eff_su2_r1_d6_b01__none,none,memgq_lattice_sticky,76e22647644159c9f31f,0,0,0,0.7876567244529724,0.2123432606458664
PETS_CREDIT_low_eff_su2_r1_d6_b01__none,none,memgq_lattice_sticky,ded01dd09f53e3f3edc7,0,1,0,0.8107806444168091,0.1892193704843521
PETS_CREDIT_low_eff_su2_r1_d6_b01__none,none,memgq_lattice_sticky,516fe3ca66f5f580688d,0,0,0,0.7864472270011902,0.2135528028011322
PETS_CREDIT_low_eff_su2_r1_d6_b01__none,none,memgq_lattice_sticky,7dbb07f72b26cae53e10,0,0,0,0.8069388270378113,0.1930612027645111
PETS_CREDIT_low_eff_su2_r1_d6_b01__none,none,memgq_lattice_sticky,65e0c3d4f1bee9081f1e,0,0,0,0.8123910427093506,0.18760894238948822
PETS_CREDIT_low_eff_su2_r1_d6_b01__none,none,memgq_lattice_sticky,05cfc0ff414af47c03a5,0,0,0,0.8212723731994629,0.1787276417016983
PETS_CREDIT_low_eff_su2_r1_d6_b01__none,none,memgq_lattice_sticky,ada868403e0aacd584e1,0,0,0,0.7791081070899963,0.22089186310768127
PETS_CREDIT_low_eff_su2_r1_d6_b01__none,none,memgq_lattice_sticky,4007b1ad7da10c650d44,0,0,0,0.8251864910125732,0.17481353878974915
PETS_CREDIT_low_eff_su2_r1_d6_b01__none,none,memgq_lattice_sticky,d31cd7debcfc574857b7,0,0,0,0.7798784971237183,0.22012147307395935
PETS_CREDIT_low_eff_su2_r1_d6_b01__none,none,memgq_lattice_sticky,5e54efebb9b29b940c99,0,0,0,0.7850531339645386,0.21494686603546143
PETS_CREDIT_low_eff_su2_r1_d6_b01__none,none,memgq_lattice_sticky,454315dad33a268150e0,0,0,0,0.7948800921440125,0.20511989295482635
PETS_CREDIT_low_eff_su2_r1_d6_b01__none,none,memgq_lattice_sticky,b224dfc19404bbda9ee4,0,0,0,0.8078905344009399,0.19210946559906006
PETS_CREDIT_low_eff_su2_r1_d6_b01__none,none,memgq_lattice_sticky,bbee22d3ea243b98e36f,0,0,0,0.8169494867324829,0.18305054306983948
PETS_CREDIT_low_eff_su2_r1_d6_b01__none,none,memgq_lattice_sticky,53501233f30eb80e8d05,0,0,0,0.8149771094322205,0.18502295017242432
PETS_CREDIT_low_eff_su2_r1_d6_b01__none,none,memgq_lattice_sticky,d988f293d7bb6d4a8ab7,0,1,0,0.7953035235404968,0.20469646155834198
PETS_CREDIT_low_eff_su2_r1_d6_b01__none,none,memgq_lattice_sticky,545cb2ecd34d5146e49a,0,0,0,0.8169247508049011,0.1830752193927765
PETS_CREDIT_low_eff_su2_r1_d6_b01__none,none,memgq_lattice_sticky,fedc0dc11aeb9674f49a,0,1,0,0.8194363117218018,0.18056367337703705
PETS_CREDIT_low_eff_su2_r1_d6_b01__none,none,memgq_lattice_sticky,838fb6514f9d13f5f89a,0,0,0,0.7969932556152344,0.2030067890882492
PETS_CREDIT_low_eff_su2_r1_d6_b01__none,none,memgq_lattice_sticky,a024fa1846e4335ade36,0,0,0,0.7855908274650574,0.21440917253494263
PETS_CREDIT_low_eff_su2_r1_d6_b01__none,none,memgq_lattice_sticky,dd5f176581699325a9b1,0,0,0,0.831213116645813,0.16878685355186462
PETS_CREDIT_low_eff_su2_r1_d6_b01__none,none,memgq_lattice_sticky,45b2f42889463dbbbda3,0,1,1,0.19041875004768372,0.8095812201499939
PETS_CREDIT_low_eff_su2_r1_d6_b01__none,none,memgq_lattice_sticky,5c479147049976461a13,0,0,0,0.7759841084480286,0.22401589155197144
PETS_CREDIT_low_eff_su2_r1_d6_b01__none,none,memgq_lattice_sticky,5ff6b7662bfef65ea0bd,0,0,0,0.7724392414093018,0.22756080329418182
PETS_CREDIT_low_eff_su2_r1_d6_b01__none,none,memgq_lattice_sticky,f83af86a0376fc684202,0,1,0,0.8025400638580322,0.19745993614196777
PETS_CREDIT_low_eff_su2_r1_d6_b01__none,none,memgq_lattice_sticky,49ba0900d21d03ea42a9,0,0,0,0.828779935836792,0.1712200939655304
PETS_CREDIT_low_eff_su2_r1_d6_b01__none,none,memgq_lattice_sticky,d7c5bc379679e38af136,0,0,0,0.7856817841529846,0.21431827545166016
PETS_CREDIT_low_eff_su2_r1_d6_b01__none,none,memgq_lattice_sticky,1de5fd2a3f26ba72a9c1,0,0,0,0.7909594774246216,0.2090405523777008
PETS_CREDIT_low_eff_su2_r1_d6_b01__none,none,memgq_lattice_sticky,9905912b0d924a7b3ca5,0,0,0,0.7855005264282227,0.21449950337409973
PETS_CREDIT_low_eff_su2_r1_d6_b01__none,none,memgq_lattice_sticky,a0c6458763e7f0d7b722,0,0,0,0.7922495007514954,0.20775048434734344
PETS_CREDIT_low_eff_su2_r1_d6_b01__none,none,memgq_lattice_sticky,6146ee4e50398bd2590b,0,0,0,0.8127237558364868,0.18727627396583557
PETS_CREDIT_low_eff_su2_r1_d6_b01__none,none,memgq_lattice_sticky,c4c052470c6698896a64,0,1,0,0.784886360168457,0.21511361002922058
PETS_CREDIT_low_eff_su2_r1_d6_b01__none,none,memgq_lattice_sticky,d4f5d45b61b7bb9d81d2,0,0,0,0.7889189124107361,0.2110811024904251
PETS_CREDIT_low_eff_su2_r1_d6_b01__none,none,memgq_lattice_sticky,8b2149d6d65d7dff0391,0,0,0,0.8202148675918579,0.17978517711162567
PETS_CREDIT_low_eff_su2_r1_d6_b01__none,none,memgq_lattice_sticky,2f0ee475d6ce6c987db1,0,0,0,0.7833547592163086,0.2166452556848526
PETS_CREDIT_low_eff_su2_r1_d6_b01__none,none,memgq_lattice_sticky,9e70744c580dba073780,0,0,0,0.8059325218200684,0.19406752288341522
PETS_CREDIT_low_eff_su2_r1_d6_b01__none,none,memgq_lattice_sticky,2c3b25125281e8e5ea14,0,0,0,0.7880009412765503,0.2119990885257721
PETS_CREDIT_low_eff_su2_r1_d6_b01__none,none,memgq_lattice_sticky,d324c41c466449fc77a4,0,1,0,0.806661069393158,0.19333897531032562
PETS_CREDIT_low_eff_su2_r1_d6_b01__none,none,memgq_lattice_sticky,b2afd8ac93139c6436ca,0,1,0,0.7757046222686768,0.22429539263248444
PETS_CREDIT_low_eff_su2_r1_d6_b01__none,none,memgq_lattice_sticky,f0873fcaa4725b7b28fd,0,0,0,0.7842780351638794,0.21572202444076538
PETS_CREDIT_low_eff_su2_r1_d6_b01__none,none,memgq_lattice_sticky,33f2ea1bb1c7d6a437bf,0,1,0,0.7985036969184875,0.20149630308151245
PETS_CREDIT_low_eff_su2_r1_d6_b01__none,none,memgq_lattice_sticky,63426de2bcac10c978ef,0,0,0,0.8314793109893799,0.1685207188129425
PETS_CREDIT_low_eff_su2_r1_d6_b01__none,none,memgq_lattice_sticky,6083c35ef0dd27c47f39,0,0,0,0.8159760236740112,0.18402399122714996
PETS_CREDIT_low_eff_su2_r1_d6_b01__none,none,memgq_lattice_sticky,9ac4b9bb1cccbe8c8162,0,1,0,0.8067429661750793,0.19325704872608185
PETS_CREDIT_low_eff_su2_r1_d6_b01__none,none,memgq_lattice_sticky,15e0146e9b8967882d3c,0,1,0,0.7975626587867737,0.20243734121322632
PETS_CREDIT_low_eff_su2_r1_d6_b01__none,none,memgq_lattice_sticky,37dc9fbd1cc1b8e7aeec,0,0,0,0.7824243903160095,0.21757562458515167
PETS_CREDIT_low_eff_su2_r1_d6_b01__none,none,memgq_lattice_sticky,9e00c9a73f8502e1beb6,0,0,0,0.79561448097229,0.20438556373119354
PETS_CREDIT_low_eff_su2_r1_d6_b01__none,none,memgq_lattice_sticky,91f87ca67e3c04007486,0,0,0,0.7788220047950745,0.22117799520492554
PETS_CREDIT_low_eff_su2_r1_d6_b01__none,none,memgq_lattice_sticky,c6f44b9c0cc7a4317767,0,0,0,0.82579106092453,0.17420890927314758
PETS_CREDIT_low_eff_su2_r1_d6_b01__none,none,memgq_lattice_sticky,cd6bf5351920ef71b772,0,0,0,0.8001188635826111,0.1998811662197113
PETS_CREDIT_low_eff_su2_r1_d6_b01__none,none,memgq_lattice_sticky,8dcf26c9f074a4b5de0e,0,0,0,0.8173168897628784,0.18268311023712158
PETS_CREDIT_low_eff_su2_r1_d6_b01__none,none,memgq_lattice_sticky,de98a8baab2807797bb8,0,0,0,0.8020368814468384,0.19796311855316162
PETS_CREDIT_low_eff_su2_r1_d6_b01__none,none,memgq_lattice_sticky,f28c583d896798880d4b,0,1,0,0.8063931465148926,0.19360685348510742
PETS_CREDIT_low_eff_su2_r1_d6_b01__none,none,memgq_lattice_sticky,ac56169f19bc768a992f,0,0,0,0.8115465641021729,0.18845340609550476
PETS_CREDIT_low_eff_su2_r1_d6_b01__none,none,memgq_lattice_sticky,3921b288ed88010b2bd2,0,0,0,0.7906191945075989,0.20938077569007874
PETS_CREDIT_low_eff_su2_r1_d6_b01__none,none,memgq_lattice_sticky,0988ebf7cfaacc632363,0,0,0,0.8150796294212341,0.18492034077644348
PETS_CREDIT_low_eff_su2_r1_d6_b01__none,none,memgq_lattice_sticky,19f22c4a26ede80db5bc,0,0,0,0.7844479084014893,0.21555206179618835
PETS_CREDIT_low_eff_su2_r1_d6_b01__none,none,memgq_lattice_sticky,96c64f83677ec33bce29,0,0,0,0.811227560043335,0.18877243995666504
PETS_CREDIT_low_eff_su2_r1_d6_b01__none,none,memgq_lattice_sticky,9843ca85067735c6a50c,0,0,0,0.7804028391838074,0.21959714591503143
PETS_CREDIT_low_eff_su2_r1_d6_b01__none,none,memgq_lattice_sticky,12ef83c14d018f8929c0,0,0,0,0.7824601531028748,0.21753986179828644
PETS_CREDIT_low_eff_su2_r1_d6_b01__none,none,memgq_lattice_sticky,9b5637baba30c32741f7,0,0,0,0.8264234662055969,0.17357653379440308
PETS_CREDIT_low_eff_su2_r1_d6_b01__none,none,memgq_lattice_sticky,82ebd78d69582401b822,0,1,0,0.7861632108688354,0.21383684873580933
PETS_CREDIT_low_eff_su2_r1_d6_b01__none,none,memgq_lattice_sticky,c154986c4ac0e18baa8e,0,0,0,0.8260529637336731,0.1739470511674881
PETS_CREDIT_low_eff_su2_r1_d6_b01__none,none,memgq_lattice_sticky,5c1eaee6580358b55afc,0,1,0,0.7785550355911255,0.2214450091123581
PETS_CREDIT_low_eff_su2_r1_d6_b01__none,none,memgq_lattice_sticky,cb251470deed8436762a,0,0,0,0.7879697680473328,0.21203024685382843
PETS_CREDIT_low_eff_su2_r1_d6_b01__none,none,memgq_lattice_sticky,da5f5efb7790004fff98,0,0,0,0.8166376352310181,0.18336240947246552
PETS_CREDIT_low_eff_su2_r1_d6_b01__none,none,memgq_lattice_sticky,a1971c19af6fbce2a2b8,0,0,0,0.7919933199882507,0.20800666511058807
PETS_CREDIT_low_eff_su2_r1_d6_b01__none,none,memgq_lattice_sticky,f88c75f25b6e20b11d53,0,1,0,0.8022966980934143,0.1977032870054245
PETS_CREDIT_low_eff_su2_r1_d6_b01__none,none,memgq_lattice_sticky,625fbebab124d6b6cfe9,0,0,0,0.8197974562644958,0.18020248413085938
PETS_CREDIT_low_eff_su2_r1_d6_b01__none,none,memgq_lattice_sticky,aad721f07309f09ae48b,0,0,0,0.7791130542755127,0.2208869457244873
PETS_CREDIT_low_eff_su2_r1_d6_b01__none,none,memgq_lattice_sticky,3e5959b02df8356effc1,0,0,0,0.8003122210502625,0.19968780875205994
PETS_CREDIT_low_eff_su2_r1_d6_b01__none,none,memgq_lattice_sticky,13bc0e5e62e93ee9e11f,0,0,0,0.7849714159965515,0.2150285840034485
PETS_CREDIT_low_eff_su2_r1_d6_b01__none,none,memgq_lattice_sticky,d4552063b883befa7f1f,0,1,0,0.7846449613571167,0.2153550535440445
PETS_CREDIT_low_eff_su2_r1_d6_b01__none,none,memgq_lattice_sticky,9737e13af29b3e71e58d,0,0,0,0.8263095021247864,0.17369051277637482
PETS_CREDIT_low_eff_su2_r1_d6_b01__none,none,memgq_lattice_sticky,65878445affdd2869314,0,0,0,0.7881458401679993,0.21185420453548431
PETS_CREDIT_low_eff_su2_r1_d6_b01__none,none,memgq_lattice_sticky,c9b4e83642e08382f4a6,0,0,0,0.7866081595420837,0.21339187026023865
PETS_CREDIT_low_eff_su2_r1_d6_b01__none,none,memgq_lattice_sticky,e68ff9c46623f5834b2a,0,0,0,0.7781442403793335,0.2218557745218277
PETS_CREDIT_low_eff_su2_r1_d6_b01__none,none,memgq_lattice_sticky,ee145a9d7a0dd082d343,0,0,0,0.7790501713752747,0.22094979882240295
PETS_CREDIT_low_eff_su2_r1_d6_b01__none,none,memgq_lattice_sticky,8b77bc8a325b32f8d38a,0,1,0,0.774182915687561,0.22581705451011658
PETS_CREDIT_low_eff_su2_r1_d6_b01__none,none,memgq_lattice_sticky,15902995b3e0e8fdafb5,0,1,0,0.7897343635559082,0.21026568114757538
PETS_CREDIT_low_eff_su2_r1_d6_b01__none,none,memgq_lattice_sticky,442418c1ce6eee466e66,0,0,0,0.8132810592651367,0.1867189258337021
PETS_CREDIT_low_eff_su2_r1_d6_b01__none,none,memgq_lattice_sticky,cdbf66466c43de4d3398,0,0,0,0.8282456994056702,0.17175430059432983
PETS_CREDIT_low_eff_su2_r1_d6_b01__none,none,memgq_lattice_sticky,d219a9acadf7d11fea78,0,0,0,0.8154968023300171,0.18450318276882172
