target_id,structural_cell_id,fm_kind,reps,depth,model_seed,data_seed,mode,queries,shots,total_shots_per_target_record,simulator_seed,attack,auc,auc_record_ci95_low,auc_record_ci95_high,valid_record_bootstrap_replicates,tpr_at_0_05_fpr,attained_fpr_for_0_05,tpr_at_0_10_fpr,attained_fpr_for_0_10,n_member,n_nonmember,num_reference_models,reference_calibration_circuit_shots,target_attack_circuit_shots,calibration_timestamp,backend_name,snapshot_manifest_sha256,sample_score_file,balanced_accuracy_crossfit,membership_advantage_crossfit,crossfit_tpr,crossfit_fpr,threshold_median,threshold_folds
MNIST_QNN_eff_su2_r1_d6_s43,eff_su2_r1_d6,eff_su2,1,6,43,43,ideal_shot,1,512,512,0,lira_online,0.503025,0.4420975,0.558925625,1000,0.085,0.05,0.14,0.1,200,200,16,3276800,204800,2026-08-18T20:33:07+08:00,ibm_kingston,516fac22a7de7c7485ebe5cd518ec5e695426213c3b2c286adcf026c78554362,/home/najeeb/qurift_satML/satml_results/noise/n3_attack_breadth/noisy_lira/sample_scores/MNIST_QNN_eff_su2_r1_d6_s43_ideal_shot_sim0.npz,0.475,-0.05,0.23,0.28,0.9099720199965632,5
MNIST_QNN_eff_su2_r1_d6_s43,eff_su2_r1_d6,eff_su2,1,6,43,43,ideal_shot,1,512,512,0,lira_online_fixed_variance,0.5025499999999999,0.446195625,0.563609375,1000,0.06,0.045,0.125,0.1,200,200,16,3276800,204800,2026-08-18T20:33:07+08:00,ibm_kingston,516fac22a7de7c7485ebe5cd518ec5e695426213c3b2c286adcf026c78554362,/home/najeeb/qurift_satML/satml_results/noise/n3_attack_breadth/noisy_lira/sample_scores/MNIST_QNN_eff_su2_r1_d6_s43_ideal_shot_sim0.npz,0.4875,-0.025,0.295,0.32,0.0862985828995899,5
MNIST_QNN_eff_su2_r1_d6_s43,eff_su2_r1_d6,eff_su2,1,6,43,43,ideal_shot,1,512,512,0,lira_offline,0.5055000000000001,0.449323125,0.56171375,1000,0.085,0.05,0.11,0.1,200,200,16,3276800,204800,2026-08-18T20:33:07+08:00,ibm_kingston,516fac22a7de7c7485ebe5cd518ec5e695426213c3b2c286adcf026c78554362,/home/najeeb/qurift_satML/satml_results/noise/n3_attack_breadth/noisy_lira/sample_scores/MNIST_QNN_eff_su2_r1_d6_s43_ideal_shot_sim0.npz,0.51,0.02,0.335,0.315,1.2816381628936355,5
MNIST_QNN_eff_su2_r1_d6_s43,eff_su2_r1_d6,eff_su2,1,6,43,43,ideal_shot,1,512,512,0,lira_offline_fixed_variance,0.5311750000000001,0.47164625,0.585879375,1000,0.05,0.05,0.11,0.075,200,200,16,3276800,204800,2026-08-18T20:33:07+08:00,ibm_kingston,516fac22a7de7c7485ebe5cd518ec5e695426213c3b2c286adcf026c78554362,/home/najeeb/qurift_satML/satml_results/noise/n3_attack_breadth/noisy_lira/sample_scores/MNIST_QNN_eff_su2_r1_d6_s43_ideal_shot_sim0.npz,0.525,0.05,0.77,0.72,0.8253742593041622,5
MNIST_QNN_eff_su2_r1_d6_s43,eff_su2_r1_d6,eff_su2,1,6,43,43,ideal_shot,1,512,512,0,global_true_class_log_odds,0.5662750000000001,0.514601875,0.623108125,1000,0.085,0.05,0.14,0.1,200,200,16,3276800,204800,2026-08-18T20:33:07+08:00,ibm_kingston,516fac22a7de7c7485ebe5cd518ec5e695426213c3b2c286adcf026c78554362,/home/najeeb/qurift_satML/satml_results/noise/n3_attack_breadth/noisy_lira/sample_scores/MNIST_QNN_eff_su2_r1_d6_s43_ideal_shot_sim0.npz,0.5449999999999999,0.0899999999999999,0.71,0.62,-0.1740636254807521,5
MNIST_QNN_eff_su2_r1_d6_s43,eff_su2_r1_d6,eff_su2,1,6,43,43,ideal_shot,1,512,512,1,lira_online,0.5341,0.4737025,0.5899012499999999,1000,0.06,0.05,0.085,0.08,200,200,16,3276800,204800,2026-08-18T20:33:07+08:00,ibm_kingston,516fac22a7de7c7485ebe5cd518ec5e695426213c3b2c286adcf026c78554362,/home/najeeb/qurift_satML/satml_results/noise/n3_attack_breadth/noisy_lira/sample_scores/MNIST_QNN_eff_su2_r1_d6_s43_ideal_shot_sim1.npz,0.525,0.05,0.755,0.705,-0.6972209653050522,5
MNIST_QNN_eff_su2_r1_d6_s43,eff_su2_r1_d6,eff_su2,1,6,43,43,ideal_shot,1,512,512,1,lira_online_fixed_variance,0.51915,0.4638462499999999,0.57746,1000,0.015,0.02,0.1,0.09,200,200,16,3276800,204800,2026-08-18T20:33:07+08:00,ibm_kingston,516fac22a7de7c7485ebe5cd518ec5e695426213c3b2c286adcf026c78554362,/home/najeeb/qurift_satML/satml_results/noise/n3_attack_breadth/noisy_lira/sample_scores/MNIST_QNN_eff_su2_r1_d6_s43_ideal_shot_sim1.npz,0.5,0.0,0.58,0.58,-0.0273068280710269,5
MNIST_QNN_eff_su2_r1_d6_s43,eff_su2_r1_d6,eff_su2,1,6,43,43,ideal_shot,1,512,512,1,lira_offline,0.5017,0.4420962499999999,0.56019875,1000,0.04,0.03,0.065,0.095,200,200,16,3276800,204800,2026-08-18T20:33:07+08:00,ibm_kingston,516fac22a7de7c7485ebe5cd518ec5e695426213c3b2c286adcf026c78554362,/home/najeeb/qurift_satML/satml_results/noise/n3_attack_breadth/noisy_lira/sample_scores/MNIST_QNN_eff_su2_r1_d6_s43_ideal_shot_sim1.npz,0.515,0.0299999999999999,0.82,0.79,0.6212553431544773,5
MNIST_QNN_eff_su2_r1_d6_s43,eff_su2_r1_d6,eff_su2,1,6,43,43,ideal_shot,1,512,512,1,lira_offline_fixed_variance,0.50015,0.4406474999999999,0.5583943749999999,1000,0.025,0.05,0.065,0.095,200,200,16,3276800,204800,2026-08-18T20:33:07+08:00,ibm_kingston,516fac22a7de7c7485ebe5cd518ec5e695426213c3b2c286adcf026c78554362,/home/najeeb/qurift_satML/satml_results/noise/n3_attack_breadth/noisy_lira/sample_scores/MNIST_QNN_eff_su2_r1_d6_s43_ideal_shot_sim1.npz,0.48,-0.04,0.63,0.67,0.8129997967186959,5
MNIST_QNN_eff_su2_r1_d6_s43,eff_su2_r1_d6,eff_su2,1,6,43,43,ideal_shot,1,512,512,1,global_true_class_log_odds,0.50825,0.450408125,0.5645662499999999,1000,0.03,0.015,0.07,0.1,200,200,16,3276800,204800,2026-08-18T20:33:07+08:00,ibm_kingston,516fac22a7de7c7485ebe5cd518ec5e695426213c3b2c286adcf026c78554362,/home/najeeb/qurift_satML/satml_results/noise/n3_attack_breadth/noisy_lira/sample_scores/MNIST_QNN_eff_su2_r1_d6_s43_ideal_shot_sim1.npz,0.51,0.02,0.67,0.65,-0.0874627057637201,5
MNIST_QNN_eff_su2_r1_d6_s43,eff_su2_r1_d6,eff_su2,1,6,43,43,ideal_shot,1,512,512,2,lira_online,0.5001,0.442919375,0.550565,1000,0.055,0.05,0.1,0.1,200,200,16,3276800,204800,2026-08-18T20:33:07+08:00,ibm_kingston,516fac22a7de7c7485ebe5cd518ec5e695426213c3b2c286adcf026c78554362,/home/najeeb/qurift_satML/satml_results/noise/n3_attack_breadth/noisy_lira/sample_scores/MNIST_QNN_eff_su2_r1_d6_s43_ideal_shot_sim2.npz,0.53,0.06,0.795,0.735,-0.4801818486448057,5
MNIST_QNN_eff_su2_r1_d6_s43,eff_su2_r1_d6,eff_su2,1,6,43,43,ideal_shot,1,512,512,2,lira_online_fixed_variance,0.507525,0.4482974999999999,0.56655625,1000,0.035,0.03,0.085,0.1,200,200,16,3276800,204800,2026-08-18T20:33:07+08:00,ibm_kingston,516fac22a7de7c7485ebe5cd518ec5e695426213c3b2c286adcf026c78554362,/home/najeeb/qurift_satML/satml_results/noise/n3_attack_breadth/noisy_lira/sample_scores/MNIST_QNN_eff_su2_r1_d6_s43_ideal_shot_sim2.npz,0.5,0.0,0.49,0.49,0.0683256803818108,5
MNIST_QNN_eff_su2_r1_d6_s43,eff_su2_r1_d6,eff_su2,1,6,43,43,ideal_shot,1,512,512,2,lira_offline,0.4995000000000001,0.44294125,0.5577124999999999,1000,0.05,0.03,0.095,0.09,200,200,16,3276800,204800,2026-08-18T20:33:07+08:00,ibm_kingston,516fac22a7de7c7485ebe5cd518ec5e695426213c3b2c286adcf026c78554362,/home/najeeb/qurift_satML/satml_results/noise/n3_attack_breadth/noisy_lira/sample_scores/MNIST_QNN_eff_su2_r1_d6_s43_ideal_shot_sim2.npz,0.4975,-0.005,0.8,0.805,0.3540018241163892,5
MNIST_QNN_eff_su2_r1_d6_s43,eff_su2_r1_d6,eff_su2,1,6,43,43,ideal_shot,1,512,512,2,lira_offline_fixed_variance,0.519325,0.4636725,0.5753425,1000,0.045,0.05,0.08,0.1,200,200,16,3276800,204800,2026-08-18T20:33:07+08:00,ibm_kingston,516fac22a7de7c7485ebe5cd518ec5e695426213c3b2c286adcf026c78554362,/home/najeeb/qurift_satML/satml_results/noise/n3_attack_breadth/noisy_lira/sample_scores/MNIST_QNN_eff_su2_r1_d6_s43_ideal_shot_sim2.npz,0.51,0.02,0.765,0.745,0.7591670913245221,5
MNIST_QNN_eff_su2_r1_d6_s43,eff_su2_r1_d6,eff_su2,1,6,43,43,ideal_shot,1,512,512,2,global_true_class_log_odds,0.5383000000000001,0.4824675,0.59847125,1000,0.045,0.03,0.085,0.09,200,200,16,3276800,204800,2026-08-18T20:33:07+08:00,ibm_kingston,516fac22a7de7c7485ebe5cd518ec5e695426213c3b2c286adcf026c78554362,/home/najeeb/qurift_satML/satml_results/noise/n3_attack_breadth/noisy_lira/sample_scores/MNIST_QNN_eff_su2_r1_d6_s43_ideal_shot_sim2.npz,0.525,0.0499999999999999,0.415,0.365,1.2557191596903956,5
MNIST_QNN_eff_su2_r1_d6_s43,eff_su2_r1_d6,eff_su2,1,6,43,43,ideal_shot,1,512,512,3,lira_online,0.4934,0.443856875,0.549823125,1000,0.055,0.05,0.1,0.1,200,200,16,3276800,204800,2026-08-18T20:33:07+08:00,ibm_kingston,516fac22a7de7c7485ebe5cd518ec5e695426213c3b2c286adcf026c78554362,/home/najeeb/qurift_satML/satml_results/noise/n3_attack_breadth/noisy_lira/sample_scores/MNIST_QNN_eff_su2_r1_d6_s43_ideal_shot_sim3.npz,0.5,0.0,0.875,0.875,-1.8139917077756689,5
MNIST_QNN_eff_su2_r1_d6_s43,eff_su2_r1_d6,eff_su2,1,6,43,43,ideal_shot,1,512,512,3,lira_online_fixed_variance,0.5178750000000001,0.4611225,0.5828568749999999,1000,0.075,0.05,0.1,0.09,200,200,16,3276800,204800,2026-08-18T20:33:07+08:00,ibm_kingston,516fac22a7de7c7485ebe5cd518ec5e695426213c3b2c286adcf026c78554362,/home/najeeb/qurift_satML/satml_results/noise/n3_attack_breadth/noisy_lira/sample_scores/MNIST_QNN_eff_su2_r1_d6_s43_ideal_shot_sim3.npz,0.4974999999999999,-0.005,0.815,0.82,-0.6519857906803768,5
MNIST_QNN_eff_su2_r1_d6_s43,eff_su2_r1_d6,eff_su2,1,6,43,43,ideal_shot,1,512,512,3,lira_offline,0.472025,0.4165425,0.533155625,1000,0.04,0.05,0.115,0.1,200,200,16,3276800,204800,2026-08-18T20:33:07+08:00,ibm_kingston,516fac22a7de7c7485ebe5cd518ec5e695426213c3b2c286adcf026c78554362,/home/najeeb/qurift_satML/satml_results/noise/n3_attack_breadth/noisy_lira/sample_scores/MNIST_QNN_eff_su2_r1_d6_s43_ideal_shot_sim3.npz,0.4775,-0.0449999999999999,0.165,0.21,2.672806628241129,5
MNIST_QNN_eff_su2_r1_d6_s43,eff_su2_r1_d6,eff_su2,1,6,43,43,ideal_shot,1,512,512,3,lira_offline_fixed_variance,0.4815,0.421448125,0.53910125,1000,0.05,0.05,0.1,0.095,200,200,16,3276800,204800,2026-08-18T20:33:07+08:00,ibm_kingston,516fac22a7de7c7485ebe5cd518ec5e695426213c3b2c286adcf026c78554362,/home/najeeb/qurift_satML/satml_results/noise/n3_attack_breadth/noisy_lira/sample_scores/MNIST_QNN_eff_su2_r1_d6_s43_ideal_shot_sim3.npz,0.4599999999999999,-0.08,0.58,0.66,0.8174986336005907,5
MNIST_QNN_eff_su2_r1_d6_s43,eff_su2_r1_d6,eff_su2,1,6,43,43,ideal_shot,1,512,512,3,global_true_class_log_odds,0.55525,0.498844375,0.61253,1000,0.095,0.045,0.145,0.095,200,200,16,3276800,204800,2026-08-18T20:33:07+08:00,ibm_kingston,516fac22a7de7c7485ebe5cd518ec5e695426213c3b2c286adcf026c78554362,/home/najeeb/qurift_satML/satml_results/noise/n3_attack_breadth/noisy_lira/sample_scores/MNIST_QNN_eff_su2_r1_d6_s43_ideal_shot_sim3.npz,0.52,0.04,0.515,0.475,0.5776486241265539,5
MNIST_QNN_eff_su2_r1_d6_s43,eff_su2_r1_d6,eff_su2,1,6,43,43,ideal_shot,1,512,512,4,lira_online,0.502925,0.449065625,0.5596774999999999,1000,0.045,0.05,0.085,0.095,200,200,16,3276800,204800,2026-08-18T20:33:07+08:00,ibm_kingston,516fac22a7de7c7485ebe5cd518ec5e695426213c3b2c286adcf026c78554362,/home/najeeb/qurift_satML/satml_results/noise/n3_attack_breadth/noisy_lira/sample_scores/MNIST_QNN_eff_su2_r1_d6_s43_ideal_shot_sim4.npz,0.5025,0.005,0.24,0.235,0.5125489195401756,5
MNIST_QNN_eff_su2_r1_d6_s43,eff_su2_r1_d6,eff_su2,1,6,43,43,ideal_shot,1,512,512,4,lira_online_fixed_variance,0.5142,0.458624375,0.572301875,1000,0.04,0.045,0.115,0.085,200,200,16,3276800,204800,2026-08-18T20:33:07+08:00,ibm_kingston,516fac22a7de7c7485ebe5cd518ec5e695426213c3b2c286adcf026c78554362,/home/najeeb/qurift_satML/satml_results/noise/n3_attack_breadth/noisy_lira/sample_scores/MNIST_QNN_eff_su2_r1_d6_s43_ideal_shot_sim4.npz,0.485,-0.03,0.48,0.51,0.0628875769636481,5
MNIST_QNN_eff_su2_r1_d6_s43,eff_su2_r1_d6,eff_su2,1,6,43,43,ideal_shot,1,512,512,4,lira_offline,0.4943499999999999,0.434925,0.547535,1000,0.035,0.04,0.06,0.085,200,200,16,3276800,204800,2026-08-18T20:33:07+08:00,ibm_kingston,516fac22a7de7c7485ebe5cd518ec5e695426213c3b2c286adcf026c78554362,/home/najeeb/qurift_satML/satml_results/noise/n3_attack_breadth/noisy_lira/sample_scores/MNIST_QNN_eff_su2_r1_d6_s43_ideal_shot_sim4.npz,0.55,0.0999999999999999,0.835,0.735,0.6242775195816583,5
MNIST_QNN_eff_su2_r1_d6_s43,eff_su2_r1_d6,eff_su2,1,6,43,43,ideal_shot,1,512,512,4,lira_offline_fixed_variance,0.49905,0.4412181249999999,0.555753125,1000,0.04,0.045,0.08,0.1,200,200,16,3276800,204800,2026-08-18T20:33:07+08:00,ibm_kingston,516fac22a7de7c7485ebe5cd518ec5e695426213c3b2c286adcf026c78554362,/home/najeeb/qurift_satML/satml_results/noise/n3_attack_breadth/noisy_lira/sample_scores/MNIST_QNN_eff_su2_r1_d6_s43_ideal_shot_sim4.npz,0.495,-0.01,0.745,0.755,0.8333228067844372,5
MNIST_QNN_eff_su2_r1_d6_s43,eff_su2_r1_d6,eff_su2,1,6,43,43,ideal_shot,1,512,512,4,global_true_class_log_odds,0.5408999999999999,0.4850212499999999,0.5969956249999999,1000,0.035,0.035,0.105,0.1,200,200,16,3276800,204800,2026-08-18T20:33:07+08:00,ibm_kingston,516fac22a7de7c7485ebe5cd518ec5e695426213c3b2c286adcf026c78554362,/home/najeeb/qurift_satML/satml_results/noise/n3_attack_breadth/noisy_lira/sample_scores/MNIST_QNN_eff_su2_r1_d6_s43_ideal_shot_sim4.npz,0.4975,-0.005,0.31,0.315,2.155256896881009,5
MNIST_QNN_eff_su2_r1_d6_s43,eff_su2_r1_d6,eff_su2,1,6,43,43,noisy_shot,1,512,512,0,lira_online,0.5166000000000001,0.456689375,0.5714531249999999,1000,0.025,0.025,0.07,0.095,200,200,16,3276800,204800,2026-08-18T20:33:07+08:00,ibm_kingston,516fac22a7de7c7485ebe5cd518ec5e695426213c3b2c286adcf026c78554362,/home/najeeb/qurift_satML/satml_results/noise/n3_attack_breadth/noisy_lira/sample_scores/MNIST_QNN_eff_su2_r1_d6_s43_noisy_shot_sim0.npz,0.53,0.06,0.4,0.34,0.3006460777952333,5
MNIST_QNN_eff_su2_r1_d6_s43,eff_su2_r1_d6,eff_su2,1,6,43,43,noisy_shot,1,512,512,0,lira_online_fixed_variance,0.5411,0.4864168749999999,0.59561625,1000,0.06,0.045,0.11,0.1,200,200,16,3276800,204800,2026-08-18T20:33:07+08:00,ibm_kingston,516fac22a7de7c7485ebe5cd518ec5e695426213c3b2c286adcf026c78554362,/home/najeeb/qurift_satML/satml_results/noise/n3_attack_breadth/noisy_lira/sample_scores/MNIST_QNN_eff_su2_r1_d6_s43_noisy_shot_sim0.npz,0.53,0.06,0.48,0.42,0.0840885672107808,5
MNIST_QNN_eff_su2_r1_d6_s43,eff_su2_r1_d6,eff_su2,1,6,43,43,noisy_shot,1,512,512,0,lira_offline,0.5361,0.4770137499999999,0.5926062499999999,1000,0.065,0.05,0.115,0.095,200,200,16,3276800,204800,2026-08-18T20:33:07+08:00,ibm_kingston,516fac22a7de7c7485ebe5cd518ec5e695426213c3b2c286adcf026c78554362,/home/najeeb/qurift_satML/satml_results/noise/n3_attack_breadth/noisy_lira/sample_scores/MNIST_QNN_eff_su2_r1_d6_s43_noisy_shot_sim0.npz,0.53,0.06,0.51,0.45,0.9625463497381296,5
MNIST_QNN_eff_su2_r1_d6_s43,eff_su2_r1_d6,eff_su2,1,6,43,43,noisy_shot,1,512,512,0,lira_offline_fixed_variance,0.5645249999999999,0.509574375,0.6228287499999999,1000,0.11,0.05,0.14,0.09,200,200,16,3276800,204800,2026-08-18T20:33:07+08:00,ibm_kingston,516fac22a7de7c7485ebe5cd518ec5e695426213c3b2c286adcf026c78554362,/home/najeeb/qurift_satML/satml_results/noise/n3_attack_breadth/noisy_lira/sample_scores/MNIST_QNN_eff_su2_r1_d6_s43_noisy_shot_sim0.npz,0.555,0.11,0.56,0.45,0.8694552909754862,5
MNIST_QNN_eff_su2_r1_d6_s43,eff_su2_r1_d6,eff_su2,1,6,43,43,noisy_shot,1,512,512,0,global_true_class_log_odds,0.566125,0.509895,0.619775,1000,0.135,0.05,0.21,0.1,200,200,16,3276800,204800,2026-08-18T20:33:07+08:00,ibm_kingston,516fac22a7de7c7485ebe5cd518ec5e695426213c3b2c286adcf026c78554362,/home/najeeb/qurift_satML/satml_results/noise/n3_attack_breadth/noisy_lira/sample_scores/MNIST_QNN_eff_su2_r1_d6_s43_noisy_shot_sim0.npz,0.545,0.09,0.315,0.225,1.0882757156424463,5
MNIST_QNN_eff_su2_r1_d6_s43,eff_su2_r1_d6,eff_su2,1,6,43,43,noisy_shot,1,512,512,1,lira_online,0.518425,0.46118,0.5741824999999999,1000,0.045,0.05,0.095,0.1,200,200,16,3276800,204800,2026-08-18T20:33:07+08:00,ibm_kingston,516fac22a7de7c7485ebe5cd518ec5e695426213c3b2c286adcf026c78554362,/home/najeeb/qurift_satML/satml_results/noise/n3_attack_breadth/noisy_lira/sample_scores/MNIST_QNN_eff_su2_r1_d6_s43_noisy_shot_sim1.npz,0.5325,0.065,0.785,0.72,-0.4326122923430552,5
MNIST_QNN_eff_su2_r1_d6_s43,eff_su2_r1_d6,eff_su2,1,6,43,43,noisy_shot,1,512,512,1,lira_online_fixed_variance,0.506225,0.448695,0.55973125,1000,0.035,0.05,0.12,0.09,200,200,16,3276800,204800,2026-08-18T20:33:07+08:00,ibm_kingston,516fac22a7de7c7485ebe5cd518ec5e695426213c3b2c286adcf026c78554362,/home/najeeb/qurift_satML/satml_results/noise/n3_attack_breadth/noisy_lira/sample_scores/MNIST_QNN_eff_su2_r1_d6_s43_noisy_shot_sim1.npz,0.515,0.03,0.855,0.825,-0.5746360742329555,5
MNIST_QNN_eff_su2_r1_d6_s43,eff_su2_r1_d6,eff_su2,1,6,43,43,noisy_shot,1,512,512,1,lira_offline,0.490025,0.4327225,0.5489793749999999,1000,0.03,0.04,0.085,0.1,200,200,16,3276800,204800,2026-08-18T20:33:07+08:00,ibm_kingston,516fac22a7de7c7485ebe5cd518ec5e695426213c3b2c286adcf026c78554362,/home/najeeb/qurift_satML/satml_results/noise/n3_attack_breadth/noisy_lira/sample_scores/MNIST_QNN_eff_su2_r1_d6_s43_noisy_shot_sim1.npz,0.5275000000000001,0.055,0.935,0.88,0.2258408348670773,5
MNIST_QNN_eff_su2_r1_d6_s43,eff_su2_r1_d6,eff_su2,1,6,43,43,noisy_shot,1,512,512,1,lira_offline_fixed_variance,0.4924,0.43775,0.548154375,1000,0.045,0.05,0.085,0.1,200,200,16,3276800,204800,2026-08-18T20:33:07+08:00,ibm_kingston,516fac22a7de7c7485ebe5cd518ec5e695426213c3b2c286adcf026c78554362,/home/najeeb/qurift_satML/satml_results/noise/n3_attack_breadth/noisy_lira/sample_scores/MNIST_QNN_eff_su2_r1_d6_s43_noisy_shot_sim1.npz,0.5025,0.005,0.75,0.745,0.6548796123219915,5
MNIST_QNN_eff_su2_r1_d6_s43,eff_su2_r1_d6,eff_su2,1,6,43,43,noisy_shot,1,512,512,1,global_true_class_log_odds,0.515,0.456034375,0.56732,1000,0.055,0.04,0.095,0.095,200,200,16,3276800,204800,2026-08-18T20:33:07+08:00,ibm_kingston,516fac22a7de7c7485ebe5cd518ec5e695426213c3b2c286adcf026c78554362,/home/najeeb/qurift_satML/satml_results/noise/n3_attack_breadth/noisy_lira/sample_scores/MNIST_QNN_eff_su2_r1_d6_s43_noisy_shot_sim1.npz,0.505,0.01,0.325,0.315,1.0342371108816928,5
MNIST_QNN_eff_su2_r1_d6_s43,eff_su2_r1_d6,eff_su2,1,6,43,43,noisy_shot,1,512,512,2,lira_online,0.5236500000000001,0.474048125,0.580845625,1000,0.065,0.05,0.125,0.1,200,200,16,3276800,204800,2026-08-18T20:33:07+08:00,ibm_kingston,516fac22a7de7c7485ebe5cd518ec5e695426213c3b2c286adcf026c78554362,/home/najeeb/qurift_satML/satml_results/noise/n3_attack_breadth/noisy_lira/sample_scores/MNIST_QNN_eff_su2_r1_d6_s43_noisy_shot_sim2.npz,0.53,0.06,0.445,0.385,0.1973257236030209,5
MNIST_QNN_eff_su2_r1_d6_s43,eff_su2_r1_d6,eff_su2,1,6,43,43,noisy_shot,1,512,512,2,lira_online_fixed_variance,0.5497750000000001,0.49789125,0.608600625,1000,0.04,0.045,0.095,0.095,200,200,16,3276800,204800,2026-08-18T20:33:07+08:00,ibm_kingston,516fac22a7de7c7485ebe5cd518ec5e695426213c3b2c286adcf026c78554362,/home/najeeb/qurift_satML/satml_results/noise/n3_attack_breadth/noisy_lira/sample_scores/MNIST_QNN_eff_su2_r1_d6_s43_noisy_shot_sim2.npz,0.55,0.1,0.535,0.435,0.0125985869152972,5
MNIST_QNN_eff_su2_r1_d6_s43,eff_su2_r1_d6,eff_su2,1,6,43,43,noisy_shot,1,512,512,2,lira_offline,0.50075,0.442999375,0.5532025,1000,0.075,0.05,0.115,0.1,200,200,16,3276800,204800,2026-08-18T20:33:07+08:00,ibm_kingston,516fac22a7de7c7485ebe5cd518ec5e695426213c3b2c286adcf026c78554362,/home/najeeb/qurift_satML/satml_results/noise/n3_attack_breadth/noisy_lira/sample_scores/MNIST_QNN_eff_su2_r1_d6_s43_noisy_shot_sim2.npz,0.4825,-0.035,0.59,0.625,0.6706041062068532,5
MNIST_QNN_eff_su2_r1_d6_s43,eff_su2_r1_d6,eff_su2,1,6,43,43,noisy_shot,1,512,512,2,lira_offline_fixed_variance,0.497125,0.4424175,0.552586875,1000,0.08,0.05,0.11,0.1,200,200,16,3276800,204800,2026-08-18T20:33:07+08:00,ibm_kingston,516fac22a7de7c7485ebe5cd518ec5e695426213c3b2c286adcf026c78554362,/home/najeeb/qurift_satML/satml_results/noise/n3_attack_breadth/noisy_lira/sample_scores/MNIST_QNN_eff_su2_r1_d6_s43_noisy_shot_sim2.npz,0.4775,-0.045,0.735,0.78,0.6200483485133153,5
MNIST_QNN_eff_su2_r1_d6_s43,eff_su2_r1_d6,eff_su2,1,6,43,43,noisy_shot,1,512,512,2,global_true_class_log_odds,0.530875,0.474964375,0.58976125,1000,0.055,0.04,0.1,0.095,200,200,16,3276800,204800,2026-08-18T20:33:07+08:00,ibm_kingston,516fac22a7de7c7485ebe5cd518ec5e695426213c3b2c286adcf026c78554362,/home/najeeb/qurift_satML/satml_results/noise/n3_attack_breadth/noisy_lira/sample_scores/MNIST_QNN_eff_su2_r1_d6_s43_noisy_shot_sim2.npz,0.5349999999999999,0.07,0.49,0.42,0.5346221884980387,5
MNIST_QNN_eff_su2_r1_d6_s43,eff_su2_r1_d6,eff_su2,1,6,43,43,noisy_shot,1,512,512,3,lira_online,0.5168750000000001,0.4629825,0.571131875,1000,0.015,0.05,0.08,0.095,200,200,16,3276800,204800,2026-08-18T20:33:07+08:00,ibm_kingston,516fac22a7de7c7485ebe5cd518ec5e695426213c3b2c286adcf026c78554362,/home/najeeb/qurift_satML/satml_results/noise/n3_attack_breadth/noisy_lira/sample_scores/MNIST_QNN_eff_su2_r1_d6_s43_noisy_shot_sim3.npz,0.495,-0.01,0.445,0.455,-0.1013058527717333,5
MNIST_QNN_eff_su2_r1_d6_s43,eff_su2_r1_d6,eff_su2,1,6,43,43,noisy_shot,1,512,512,3,lira_online_fixed_variance,0.5138,0.457190625,0.569606875,1000,0.035,0.045,0.11,0.1,200,200,16,3276800,204800,2026-08-18T20:33:07+08:00,ibm_kingston,516fac22a7de7c7485ebe5cd518ec5e695426213c3b2c286adcf026c78554362,/home/najeeb/qurift_satML/satml_results/noise/n3_attack_breadth/noisy_lira/sample_scores/MNIST_QNN_eff_su2_r1_d6_s43_noisy_shot_sim3.npz,0.4725,-0.055,0.625,0.68,-0.0960936704430033,5
MNIST_QNN_eff_su2_r1_d6_s43,eff_su2_r1_d6,eff_su2,1,6,43,43,noisy_shot,1,512,512,3,lira_offline,0.460925,0.405679375,0.514400625,1000,0.02,0.045,0.045,0.1,200,200,16,3276800,204800,2026-08-18T20:33:07+08:00,ibm_kingston,516fac22a7de7c7485ebe5cd518ec5e695426213c3b2c286adcf026c78554362,/home/najeeb/qurift_satML/satml_results/noise/n3_attack_breadth/noisy_lira/sample_scores/MNIST_QNN_eff_su2_r1_d6_s43_noisy_shot_sim3.npz,0.4975,-0.005,0.87,0.875,0.3531641111620514,5
MNIST_QNN_eff_su2_r1_d6_s43,eff_su2_r1_d6,eff_su2,1,6,43,43,noisy_shot,1,512,512,3,lira_offline_fixed_variance,0.474425,0.4174075,0.5341775,1000,0.01,0.03,0.055,0.1,200,200,16,3276800,204800,2026-08-18T20:33:07+08:00,ibm_kingston,516fac22a7de7c7485ebe5cd518ec5e695426213c3b2c286adcf026c78554362,/home/najeeb/qurift_satML/satml_results/noise/n3_attack_breadth/noisy_lira/sample_scores/MNIST_QNN_eff_su2_r1_d6_s43_noisy_shot_sim3.npz,0.49,-0.02,0.815,0.835,0.6085914953960747,5
MNIST_QNN_eff_su2_r1_d6_s43,eff_su2_r1_d6,eff_su2,1,6,43,43,noisy_shot,1,512,512,3,global_true_class_log_odds,0.5418999999999999,0.4839425,0.59765375,1000,0.09,0.05,0.14,0.1,200,200,16,3276800,204800,2026-08-18T20:33:07+08:00,ibm_kingston,516fac22a7de7c7485ebe5cd518ec5e695426213c3b2c286adcf026c78554362,/home/najeeb/qurift_satML/satml_results/noise/n3_attack_breadth/noisy_lira/sample_scores/MNIST_QNN_eff_su2_r1_d6_s43_noisy_shot_sim3.npz,0.5325,0.065,0.54,0.475,0.0784708944020289,5
MNIST_QNN_eff_su2_r1_d6_s43,eff_su2_r1_d6,eff_su2,1,6,43,43,noisy_shot,1,512,512,4,lira_online,0.4892,0.43294,0.54746375,1000,0.025,0.05,0.075,0.1,200,200,16,3276800,204800,2026-08-18T20:33:07+08:00,ibm_kingston,516fac22a7de7c7485ebe5cd518ec5e695426213c3b2c286adcf026c78554362,/home/najeeb/qurift_satML/satml_results/noise/n3_attack_breadth/noisy_lira/sample_scores/MNIST_QNN_eff_su2_r1_d6_s43_noisy_shot_sim4.npz,0.4625,-0.075,0.285,0.36,0.197583414574308,5
MNIST_QNN_eff_su2_r1_d6_s43,eff_su2_r1_d6,eff_su2,1,6,43,43,noisy_shot,1,512,512,4,lira_online_fixed_variance,0.5022,0.446405625,0.563610625,1000,0.025,0.03,0.065,0.095,200,200,16,3276800,204800,2026-08-18T20:33:07+08:00,ibm_kingston,516fac22a7de7c7485ebe5cd518ec5e695426213c3b2c286adcf026c78554362,/home/najeeb/qurift_satML/satml_results/noise/n3_attack_breadth/noisy_lira/sample_scores/MNIST_QNN_eff_su2_r1_d6_s43_noisy_shot_sim4.npz,0.49,-0.02,0.715,0.735,-0.2170702543319341,5
MNIST_QNN_eff_su2_r1_d6_s43,eff_su2_r1_d6,eff_su2,1,6,43,43,noisy_shot,1,512,512,4,lira_offline,0.47385,0.41888875,0.5316543749999999,1000,0.03,0.04,0.055,0.1,200,200,16,3276800,204800,2026-08-18T20:33:07+08:00,ibm_kingston,516fac22a7de7c7485ebe5cd518ec5e695426213c3b2c286adcf026c78554362,/home/najeeb/qurift_satML/satml_results/noise/n3_attack_breadth/noisy_lira/sample_scores/MNIST_QNN_eff_su2_r1_d6_s43_noisy_shot_sim4.npz,0.4599999999999999,-0.08,0.57,0.65,0.9038576925702544,5
MNIST_QNN_eff_su2_r1_d6_s43,eff_su2_r1_d6,eff_su2,1,6,43,43,noisy_shot,1,512,512,4,lira_offline_fixed_variance,0.47775,0.425411875,0.534555625,1000,0.025,0.035,0.08,0.085,200,200,16,3276800,204800,2026-08-18T20:33:07+08:00,ibm_kingston,516fac22a7de7c7485ebe5cd518ec5e695426213c3b2c286adcf026c78554362,/home/najeeb/qurift_satML/satml_results/noise/n3_attack_breadth/noisy_lira/sample_scores/MNIST_QNN_eff_su2_r1_d6_s43_noisy_shot_sim4.npz,0.5075000000000001,0.015,0.925,0.91,0.6060063655294363,5
MNIST_QNN_eff_su2_r1_d6_s43,eff_su2_r1_d6,eff_su2,1,6,43,43,noisy_shot,1,512,512,4,global_true_class_log_odds,0.548575,0.4901193749999999,0.6064824999999999,1000,0.05,0.05,0.135,0.095,200,200,16,3276800,204800,2026-08-18T20:33:07+08:00,ibm_kingston,516fac22a7de7c7485ebe5cd518ec5e695426213c3b2c286adcf026c78554362,/home/najeeb/qurift_satML/satml_results/noise/n3_attack_breadth/noisy_lira/sample_scores/MNIST_QNN_eff_su2_r1_d6_s43_noisy_shot_sim4.npz,0.5225,0.0449999999999999,0.495,0.45,0.3477679163740427,5
MNIST_QNN_eff_su2_r1_d6_s44,eff_su2_r1_d6,eff_su2,1,6,44,43,ideal_shot,1,512,512,0,lira_online,0.51675,0.459229375,0.5712106250000001,1000,0.035,0.045,0.11,0.1,200,200,16,3276800,204800,2026-08-18T20:33:07+08:00,ibm_kingston,516fac22a7de7c7485ebe5cd518ec5e695426213c3b2c286adcf026c78554362,/home/najeeb/qurift_satML/satml_results/noise/n3_attack_breadth/noisy_lira/sample_scores/MNIST_QNN_eff_su2_r1_d6_s44_ideal_shot_sim0.npz,0.5225,0.045,0.745,0.7,-0.4915051521707092,5
MNIST_QNN_eff_su2_r1_d6_s44,eff_su2_r1_d6,eff_su2,1,6,44,43,ideal_shot,1,512,512,0,lira_online_fixed_variance,0.5165,0.460795,0.5726631249999999,1000,0.05,0.045,0.09,0.1,200,200,16,3276800,204800,2026-08-18T20:33:07+08:00,ibm_kingston,516fac22a7de7c7485ebe5cd518ec5e695426213c3b2c286adcf026c78554362,/home/najeeb/qurift_satML/satml_results/noise/n3_attack_breadth/noisy_lira/sample_scores/MNIST_QNN_eff_su2_r1_d6_s44_ideal_shot_sim0.npz,0.525,0.05,0.655,0.605,-0.0815788295682748,5
MNIST_QNN_eff_su2_r1_d6_s44,eff_su2_r1_d6,eff_su2,1,6,44,43,ideal_shot,1,512,512,0,lira_offline,0.499475,0.443966875,0.556455625,1000,0.05,0.05,0.08,0.095,200,200,16,3276800,204800,2026-08-18T20:33:07+08:00,ibm_kingston,516fac22a7de7c7485ebe5cd518ec5e695426213c3b2c286adcf026c78554362,/home/najeeb/qurift_satML/satml_results/noise/n3_attack_breadth/noisy_lira/sample_scores/MNIST_QNN_eff_su2_r1_d6_s44_ideal_shot_sim0.npz,0.5075,0.0149999999999999,0.565,0.55,1.049706318490856,5
MNIST_QNN_eff_su2_r1_d6_s44,eff_su2_r1_d6,eff_su2,1,6,44,43,ideal_shot,1,512,512,0,lira_offline_fixed_variance,0.4889,0.429809375,0.5432262499999999,1000,0.03,0.05,0.07,0.09,200,200,16,3276800,204800,2026-08-18T20:33:07+08:00,ibm_kingston,516fac22a7de7c7485ebe5cd518ec5e695426213c3b2c286adcf026c78554362,/home/najeeb/qurift_satML/satml_results/noise/n3_attack_breadth/noisy_lira/sample_scores/MNIST_QNN_eff_su2_r1_d6_s44_ideal_shot_sim0.npz,0.5,0.0,0.455,0.455,0.9762698691975888,5
MNIST_QNN_eff_su2_r1_d6_s44,eff_su2_r1_d6,eff_su2,1,6,44,43,ideal_shot,1,512,512,0,global_true_class_log_odds,0.525375,0.4724418749999999,0.58435125,1000,0.055,0.05,0.125,0.1,200,200,16,3276800,204800,2026-08-18T20:33:07+08:00,ibm_kingston,516fac22a7de7c7485ebe5cd518ec5e695426213c3b2c286adcf026c78554362,/home/najeeb/qurift_satML/satml_results/noise/n3_attack_breadth/noisy_lira/sample_scores/MNIST_QNN_eff_su2_r1_d6_s44_ideal_shot_sim0.npz,0.5025,0.005,0.505,0.5,0.9003616080698702,5
MNIST_QNN_eff_su2_r1_d6_s44,eff_su2_r1_d6,eff_su2,1,6,44,43,ideal_shot,1,512,512,1,lira_online,0.560675,0.500584375,0.6162375,1000,0.085,0.05,0.16,0.1,200,200,16,3276800,204800,2026-08-18T20:33:07+08:00,ibm_kingston,516fac22a7de7c7485ebe5cd518ec5e695426213c3b2c286adcf026c78554362,/home/najeeb/qurift_satML/satml_results/noise/n3_attack_breadth/noisy_lira/sample_scores/MNIST_QNN_eff_su2_r1_d6_s44_ideal_shot_sim1.npz,0.5225,0.0449999999999999,0.475,0.43,0.1064086499580421,5
MNIST_QNN_eff_su2_r1_d6_s44,eff_su2_r1_d6,eff_su2,1,6,44,43,ideal_shot,1,512,512,1,lira_online_fixed_variance,0.54615,0.48650875,0.600251875,1000,0.075,0.05,0.18,0.1,200,200,16,3276800,204800,2026-08-18T20:33:07+08:00,ibm_kingston,516fac22a7de7c7485ebe5cd518ec5e695426213c3b2c286adcf026c78554362,/home/najeeb/qurift_satML/satml_results/noise/n3_attack_breadth/noisy_lira/sample_scores/MNIST_QNN_eff_su2_r1_d6_s44_ideal_shot_sim1.npz,0.505,0.01,0.355,0.345,0.1832733092517017,5
MNIST_QNN_eff_su2_r1_d6_s44,eff_su2_r1_d6,eff_su2,1,6,44,43,ideal_shot,1,512,512,1,lira_offline,0.5546,0.498071875,0.613031875,1000,0.07,0.05,0.15,0.095,200,200,16,3276800,204800,2026-08-18T20:33:07+08:00,ibm_kingston,516fac22a7de7c7485ebe5cd518ec5e695426213c3b2c286adcf026c78554362,/home/najeeb/qurift_satML/satml_results/noise/n3_attack_breadth/noisy_lira/sample_scores/MNIST_QNN_eff_su2_r1_d6_s44_ideal_shot_sim1.npz,0.525,0.0499999999999999,0.42,0.37,1.6195979892818149,5
MNIST_QNN_eff_su2_r1_d6_s44,eff_su2_r1_d6,eff_su2,1,6,44,43,ideal_shot,1,512,512,1,lira_offline_fixed_variance,0.546675,0.4855181249999999,0.6018543749999999,1000,0.08,0.045,0.12,0.09,200,200,16,3276800,204800,2026-08-18T20:33:07+08:00,ibm_kingston,516fac22a7de7c7485ebe5cd518ec5e695426213c3b2c286adcf026c78554362,/home/najeeb/qurift_satML/satml_results/noise/n3_attack_breadth/noisy_lira/sample_scores/MNIST_QNN_eff_su2_r1_d6_s44_ideal_shot_sim1.npz,0.5225,0.0449999999999999,0.29,0.245,1.2287858442396922,5
MNIST_QNN_eff_su2_r1_d6_s44,eff_su2_r1_d6,eff_su2,1,6,44,43,ideal_shot,1,512,512,1,global_true_class_log_odds,0.5418999999999999,0.48914375,0.598151875,1000,0.06,0.02,0.135,0.1,200,200,16,3276800,204800,2026-08-18T20:33:07+08:00,ibm_kingston,516fac22a7de7c7485ebe5cd518ec5e695426213c3b2c286adcf026c78554362,/home/najeeb/qurift_satML/satml_results/noise/n3_attack_breadth/noisy_lira/sample_scores/MNIST_QNN_eff_su2_r1_d6_s44_ideal_shot_sim1.npz,0.5125,0.025,0.6,0.575,0.4868400982169513,5
MNIST_QNN_eff_su2_r1_d6_s44,eff_su2_r1_d6,eff_su2,1,6,44,43,ideal_shot,1,512,512,2,lira_online,0.496,0.4422425,0.5543987499999999,1000,0.04,0.05,0.08,0.1,200,200,16,3276800,204800,2026-08-18T20:33:07+08:00,ibm_kingston,516fac22a7de7c7485ebe5cd518ec5e695426213c3b2c286adcf026c78554362,/home/najeeb/qurift_satML/satml_results/noise/n3_attack_breadth/noisy_lira/sample_scores/MNIST_QNN_eff_su2_r1_d6_s44_ideal_shot_sim2.npz,0.4625,-0.0749999999999999,0.535,0.61,-0.2056379357779236,5
MNIST_QNN_eff_su2_r1_d6_s44,eff_su2_r1_d6,eff_su2,1,6,44,43,ideal_shot,1,512,512,2,lira_online_fixed_variance,0.49335,0.436315,0.550323125,1000,0.055,0.045,0.095,0.1,200,200,16,3276800,204800,2026-08-18T20:33:07+08:00,ibm_kingston,516fac22a7de7c7485ebe5cd518ec5e695426213c3b2c286adcf026c78554362,/home/najeeb/qurift_satML/satml_results/noise/n3_attack_breadth/noisy_lira/sample_scores/MNIST_QNN_eff_su2_r1_d6_s44_ideal_shot_sim2.npz,0.4599999999999999,-0.0799999999999999,0.5,0.58,-0.070291628582447,5
MNIST_QNN_eff_su2_r1_d6_s44,eff_su2_r1_d6,eff_su2,1,6,44,43,ideal_shot,1,512,512,2,lira_offline,0.505125,0.4441825,0.564075,1000,0.045,0.05,0.08,0.1,200,200,16,3276800,204800,2026-08-18T20:33:07+08:00,ibm_kingston,516fac22a7de7c7485ebe5cd518ec5e695426213c3b2c286adcf026c78554362,/home/najeeb/qurift_satML/satml_results/noise/n3_attack_breadth/noisy_lira/sample_scores/MNIST_QNN_eff_su2_r1_d6_s44_ideal_shot_sim2.npz,0.535,0.07,0.77,0.7,0.7605642626825355,5
MNIST_QNN_eff_su2_r1_d6_s44,eff_su2_r1_d6,eff_su2,1,6,44,43,ideal_shot,1,512,512,2,lira_offline_fixed_variance,0.4892000000000001,0.430994375,0.54408125,1000,0.045,0.05,0.05,0.07,200,200,16,3276800,204800,2026-08-18T20:33:07+08:00,ibm_kingston,516fac22a7de7c7485ebe5cd518ec5e695426213c3b2c286adcf026c78554362,/home/najeeb/qurift_satML/satml_results/noise/n3_attack_breadth/noisy_lira/sample_scores/MNIST_QNN_eff_su2_r1_d6_s44_ideal_shot_sim2.npz,0.4625,-0.075,0.45,0.525,0.9352208337171384,5
MNIST_QNN_eff_su2_r1_d6_s44,eff_su2_r1_d6,eff_su2,1,6,44,43,ideal_shot,1,512,512,2,global_true_class_log_odds,0.547975,0.494766875,0.606130625,1000,0.055,0.05,0.115,0.1,200,200,16,3276800,204800,2026-08-18T20:33:07+08:00,ibm_kingston,516fac22a7de7c7485ebe5cd518ec5e695426213c3b2c286adcf026c78554362,/home/najeeb/qurift_satML/satml_results/noise/n3_attack_breadth/noisy_lira/sample_scores/MNIST_QNN_eff_su2_r1_d6_s44_ideal_shot_sim2.npz,0.5225,0.045,0.62,0.575,0.0835195753259749,5
MNIST_QNN_eff_su2_r1_d6_s44,eff_su2_r1_d6,eff_su2,1,6,44,43,ideal_shot,1,512,512,3,lira_online,0.513625,0.457395,0.567503125,1000,0.045,0.05,0.105,0.09,200,200,16,3276800,204800,2026-08-18T20:33:07+08:00,ibm_kingston,516fac22a7de7c7485ebe5cd518ec5e695426213c3b2c286adcf026c78554362,/home/najeeb/qurift_satML/satml_results/noise/n3_attack_breadth/noisy_lira/sample_scores/MNIST_QNN_eff_su2_r1_d6_s44_ideal_shot_sim3.npz,0.5325,0.065,0.265,0.2,0.6246016856218475,5
MNIST_QNN_eff_su2_r1_d6_s44,eff_su2_r1_d6,eff_su2,1,6,44,43,ideal_shot,1,512,512,3,lira_online_fixed_variance,0.498025,0.443438125,0.5543775,1000,0.05,0.05,0.11,0.1,200,200,16,3276800,204800,2026-08-18T20:33:07+08:00,ibm_kingston,516fac22a7de7c7485ebe5cd518ec5e695426213c3b2c286adcf026c78554362,/home/najeeb/qurift_satML/satml_results/noise/n3_attack_breadth/noisy_lira/sample_scores/MNIST_QNN_eff_su2_r1_d6_s44_ideal_shot_sim3.npz,0.4575,-0.085,0.38,0.465,0.101907035329285,5
MNIST_QNN_eff_su2_r1_d6_s44,eff_su2_r1_d6,eff_su2,1,6,44,43,ideal_shot,1,512,512,3,lira_offline,0.533575,0.4791175,0.58999625,1000,0.045,0.045,0.085,0.085,200,200,16,3276800,204800,2026-08-18T20:33:07+08:00,ibm_kingston,516fac22a7de7c7485ebe5cd518ec5e695426213c3b2c286adcf026c78554362,/home/najeeb/qurift_satML/satml_results/noise/n3_attack_breadth/noisy_lira/sample_scores/MNIST_QNN_eff_su2_r1_d6_s44_ideal_shot_sim3.npz,0.5175000000000001,0.035,0.67,0.635,0.6235597374211197,5
MNIST_QNN_eff_su2_r1_d6_s44,eff_su2_r1_d6,eff_su2,1,6,44,43,ideal_shot,1,512,512,3,lira_offline_fixed_variance,0.5207,0.466360625,0.5744775,1000,0.045,0.05,0.08,0.09,200,200,16,3276800,204800,2026-08-18T20:33:07+08:00,ibm_kingston,516fac22a7de7c7485ebe5cd518ec5e695426213c3b2c286adcf026c78554362,/home/najeeb/qurift_satML/satml_results/noise/n3_attack_breadth/noisy_lira/sample_scores/MNIST_QNN_eff_su2_r1_d6_s44_ideal_shot_sim3.npz,0.5325,0.0649999999999999,0.62,0.555,0.8650481668327837,5
MNIST_QNN_eff_su2_r1_d6_s44,eff_su2_r1_d6,eff_su2,1,6,44,43,ideal_shot,1,512,512,3,global_true_class_log_odds,0.53355,0.47637375,0.5890193749999999,1000,0.075,0.04,0.1,0.1,200,200,16,3276800,204800,2026-08-18T20:33:07+08:00,ibm_kingston,516fac22a7de7c7485ebe5cd518ec5e695426213c3b2c286adcf026c78554362,/home/najeeb/qurift_satML/satml_results/noise/n3_attack_breadth/noisy_lira/sample_scores/MNIST_QNN_eff_su2_r1_d6_s44_ideal_shot_sim3.npz,0.5025,0.005,0.605,0.6,0.1278788411417013,5
MNIST_QNN_eff_su2_r1_d6_s44,eff_su2_r1_d6,eff_su2,1,6,44,43,ideal_shot,1,512,512,4,lira_online,0.50335,0.4497181249999999,0.5619181249999999,1000,0.02,0.04,0.1,0.1,200,200,16,3276800,204800,2026-08-18T20:33:07+08:00,ibm_kingston,516fac22a7de7c7485ebe5cd518ec5e695426213c3b2c286adcf026c78554362,/home/najeeb/qurift_satML/satml_results/noise/n3_attack_breadth/noisy_lira/sample_scores/MNIST_QNN_eff_su2_r1_d6_s44_ideal_shot_sim4.npz,0.5075000000000001,0.0149999999999999,0.47,0.455,0.285159118064461,5
MNIST_QNN_eff_su2_r1_d6_s44,eff_su2_r1_d6,eff_su2,1,6,44,43,ideal_shot,1,512,512,4,lira_online_fixed_variance,0.526525,0.467260625,0.5854793749999999,1000,0.04,0.03,0.11,0.1,200,200,16,3276800,204800,2026-08-18T20:33:07+08:00,ibm_kingston,516fac22a7de7c7485ebe5cd518ec5e695426213c3b2c286adcf026c78554362,/home/najeeb/qurift_satML/satml_results/noise/n3_attack_breadth/noisy_lira/sample_scores/MNIST_QNN_eff_su2_r1_d6_s44_ideal_shot_sim4.npz,0.495,-0.01,0.615,0.625,0.0351516982155551,5
MNIST_QNN_eff_su2_r1_d6_s44,eff_su2_r1_d6,eff_su2,1,6,44,43,ideal_shot,1,512,512,4,lira_offline,0.4937499999999999,0.4384925,0.5532075,1000,0.02,0.025,0.08,0.1,200,200,16,3276800,204800,2026-08-18T20:33:07+08:00,ibm_kingston,516fac22a7de7c7485ebe5cd518ec5e695426213c3b2c286adcf026c78554362,/home/najeeb/qurift_satML/satml_results/noise/n3_attack_breadth/noisy_lira/sample_scores/MNIST_QNN_eff_su2_r1_d6_s44_ideal_shot_sim4.npz,0.5349999999999999,0.0699999999999999,0.825,0.755,0.599306141131928,5
MNIST_QNN_eff_su2_r1_d6_s44,eff_su2_r1_d6,eff_su2,1,6,44,43,ideal_shot,1,512,512,4,lira_offline_fixed_variance,0.498075,0.441069375,0.555255,1000,0.055,0.045,0.11,0.095,200,200,16,3276800,204800,2026-08-18T20:33:07+08:00,ibm_kingston,516fac22a7de7c7485ebe5cd518ec5e695426213c3b2c286adcf026c78554362,/home/najeeb/qurift_satML/satml_results/noise/n3_attack_breadth/noisy_lira/sample_scores/MNIST_QNN_eff_su2_r1_d6_s44_ideal_shot_sim4.npz,0.4499999999999999,-0.1,0.29,0.39,1.1125545114558846,5
MNIST_QNN_eff_su2_r1_d6_s44,eff_su2_r1_d6,eff_su2,1,6,44,43,ideal_shot,1,512,512,4,global_true_class_log_odds,0.5521750000000001,0.498403125,0.60971125,1000,0.06,0.05,0.09,0.075,200,200,16,3276800,204800,2026-08-18T20:33:07+08:00,ibm_kingston,516fac22a7de7c7485ebe5cd518ec5e695426213c3b2c286adcf026c78554362,/home/najeeb/qurift_satML/satml_results/noise/n3_attack_breadth/noisy_lira/sample_scores/MNIST_QNN_eff_su2_r1_d6_s44_ideal_shot_sim4.npz,0.5175,0.035,0.605,0.57,0.6971832262531477,5
MNIST_QNN_eff_su2_r1_d6_s44,eff_su2_r1_d6,eff_su2,1,6,44,43,noisy_shot,1,512,512,0,lira_online,0.520925,0.464665,0.578380625,1000,0.055,0.045,0.13,0.09,200,200,16,3276800,204800,2026-08-18T20:33:07+08:00,ibm_kingston,516fac22a7de7c7485ebe5cd518ec5e695426213c3b2c286adcf026c78554362,/home/najeeb/qurift_satML/satml_results/noise/n3_attack_breadth/noisy_lira/sample_scores/MNIST_QNN_eff_su2_r1_d6_s44_noisy_shot_sim0.npz,0.4875,-0.0249999999999999,0.22,0.245,0.4829985118515187,5
MNIST_QNN_eff_su2_r1_d6_s44,eff_su2_r1_d6,eff_su2,1,6,44,43,noisy_shot,1,512,512,0,lira_online_fixed_variance,0.52015,0.465651875,0.577211875,1000,0.065,0.04,0.12,0.1,200,200,16,3276800,204800,2026-08-18T20:33:07+08:00,ibm_kingston,516fac22a7de7c7485ebe5cd518ec5e695426213c3b2c286adcf026c78554362,/home/najeeb/qurift_satML/satml_results/noise/n3_attack_breadth/noisy_lira/sample_scores/MNIST_QNN_eff_su2_r1_d6_s44_noisy_shot_sim0.npz,0.5025000000000001,0.005,0.465,0.46,0.0776189620763005,5
MNIST_QNN_eff_su2_r1_d6_s44,eff_su2_r1_d6,eff_su2,1,6,44,43,noisy_shot,1,512,512,0,lira_offline,0.52125,0.46676875,0.57612625,1000,0.065,0.05,0.14,0.1,200,200,16,3276800,204800,2026-08-18T20:33:07+08:00,ibm_kingston,516fac22a7de7c7485ebe5cd518ec5e695426213c3b2c286adcf026c78554362,/home/najeeb/qurift_satML/satml_results/noise/n3_attack_breadth/noisy_lira/sample_scores/MNIST_QNN_eff_su2_r1_d6_s44_noisy_shot_sim0.npz,0.515,0.0299999999999999,0.475,0.445,1.065848644433776,5
MNIST_QNN_eff_su2_r1_d6_s44,eff_su2_r1_d6,eff_su2,1,6,44,43,noisy_shot,1,512,512,0,lira_offline_fixed_variance,0.537925,0.47923625,0.594853125,1000,0.05,0.05,0.13,0.1,200,200,16,3276800,204800,2026-08-18T20:33:07+08:00,ibm_kingston,516fac22a7de7c7485ebe5cd518ec5e695426213c3b2c286adcf026c78554362,/home/najeeb/qurift_satML/satml_results/noise/n3_attack_breadth/noisy_lira/sample_scores/MNIST_QNN_eff_su2_r1_d6_s44_noisy_shot_sim0.npz,0.54,0.08,0.49,0.41,0.965479382097023,5
MNIST_QNN_eff_su2_r1_d6_s44,eff_su2_r1_d6,eff_su2,1,6,44,43,noisy_shot,1,512,512,0,global_true_class_log_odds,0.51615,0.46084125,0.5737131249999999,1000,0.04,0.05,0.08,0.095,200,200,16,3276800,204800,2026-08-18T20:33:07+08:00,ibm_kingston,516fac22a7de7c7485ebe5cd518ec5e695426213c3b2c286adcf026c78554362,/home/najeeb/qurift_satML/satml_results/noise/n3_attack_breadth/noisy_lira/sample_scores/MNIST_QNN_eff_su2_r1_d6_s44_noisy_shot_sim0.npz,0.525,0.05,0.81,0.76,-0.6360739214465001,5
MNIST_QNN_eff_su2_r1_d6_s44,eff_su2_r1_d6,eff_su2,1,6,44,43,noisy_shot,1,512,512,1,lira_online,0.548625,0.4930593749999999,0.60580625,1000,0.065,0.05,0.11,0.1,200,200,16,3276800,204800,2026-08-18T20:33:07+08:00,ibm_kingston,516fac22a7de7c7485ebe5cd518ec5e695426213c3b2c286adcf026c78554362,/home/najeeb/qurift_satML/satml_results/noise/n3_attack_breadth/noisy_lira/sample_scores/MNIST_QNN_eff_su2_r1_d6_s44_noisy_shot_sim1.npz,0.52,0.0399999999999999,0.71,0.67,-0.1821772457420492,5
MNIST_QNN_eff_su2_r1_d6_s44,eff_su2_r1_d6,eff_su2,1,6,44,43,noisy_shot,1,512,512,1,lira_online_fixed_variance,0.5587249999999999,0.5026475,0.61332625,1000,0.095,0.05,0.16,0.1,200,200,16,3276800,204800,2026-08-18T20:33:07+08:00,ibm_kingston,516fac22a7de7c7485ebe5cd518ec5e695426213c3b2c286adcf026c78554362,/home/najeeb/qurift_satML/satml_results/noise/n3_attack_breadth/noisy_lira/sample_scores/MNIST_QNN_eff_su2_r1_d6_s44_noisy_shot_sim1.npz,0.5675,0.135,0.805,0.67,-0.2247310414389973,5
MNIST_QNN_eff_su2_r1_d6_s44,eff_su2_r1_d6,eff_su2,1,6,44,43,noisy_shot,1,512,512,1,lira_offline,0.51135,0.45042,0.567254375,1000,0.065,0.04,0.1,0.1,200,200,16,3276800,204800,2026-08-18T20:33:07+08:00,ibm_kingston,516fac22a7de7c7485ebe5cd518ec5e695426213c3b2c286adcf026c78554362,/home/najeeb/qurift_satML/satml_results/noise/n3_attack_breadth/noisy_lira/sample_scores/MNIST_QNN_eff_su2_r1_d6_s44_noisy_shot_sim1.npz,0.5175,0.0349999999999999,0.415,0.38,1.234425130664946,5
MNIST_QNN_eff_su2_r1_d6_s44,eff_su2_r1_d6,eff_su2,1,6,44,43,noisy_shot,1,512,512,1,lira_offline_fixed_variance,0.5137499999999999,0.456374375,0.569125625,1000,0.075,0.05,0.11,0.1,200,200,16,3276800,204800,2026-08-18T20:33:07+08:00,ibm_kingston,516fac22a7de7c7485ebe5cd518ec5e695426213c3b2c286adcf026c78554362,/home/najeeb/qurift_satML/satml_results/noise/n3_attack_breadth/noisy_lira/sample_scores/MNIST_QNN_eff_su2_r1_d6_s44_noisy_shot_sim1.npz,0.5025000000000001,0.005,0.455,0.45,0.8531755119374625,5
MNIST_QNN_eff_su2_r1_d6_s44,eff_su2_r1_d6,eff_su2,1,6,44,43,noisy_shot,1,512,512,1,global_true_class_log_odds,0.564225,0.512618125,0.6185275,1000,0.105,0.05,0.155,0.095,200,200,16,3276800,204800,2026-08-18T20:33:07+08:00,ibm_kingston,516fac22a7de7c7485ebe5cd518ec5e695426213c3b2c286adcf026c78554362,/home/najeeb/qurift_satML/satml_results/noise/n3_attack_breadth/noisy_lira/sample_scores/MNIST_QNN_eff_su2_r1_d6_s44_noisy_shot_sim1.npz,0.5525,0.1049999999999999,0.62,0.515,0.0911284182892929,5
MNIST_QNN_eff_su2_r1_d6_s44,eff_su2_r1_d6,eff_su2,1,6,44,43,noisy_shot,1,512,512,2,lira_online,0.512225,0.45584375,0.5663525,1000,0.055,0.045,0.13,0.1,200,200,16,3276800,204800,2026-08-18T20:33:07+08:00,ibm_kingston,516fac22a7de7c7485ebe5cd518ec5e695426213c3b2c286adcf026c78554362,/home/najeeb/qurift_satML/satml_results/noise/n3_attack_breadth/noisy_lira/sample_scores/MNIST_QNN_eff_su2_r1_d6_s44_noisy_shot_sim2.npz,0.5275,0.0549999999999999,0.365,0.31,0.2496675903261735,5
MNIST_QNN_eff_su2_r1_d6_s44,eff_su2_r1_d6,eff_su2,1,6,44,43,noisy_shot,1,512,512,2,lira_online_fixed_variance,0.538675,0.481914375,0.59341,1000,0.055,0.05,0.16,0.085,200,200,16,3276800,204800,2026-08-18T20:33:07+08:00,ibm_kingston,516fac22a7de7c7485ebe5cd518ec5e695426213c3b2c286adcf026c78554362,/home/najeeb/qurift_satML/satml_results/noise/n3_attack_breadth/noisy_lira/sample_scores/MNIST_QNN_eff_su2_r1_d6_s44_noisy_shot_sim2.npz,0.5349999999999999,0.07,0.37,0.3,0.1642970452402906,5
MNIST_QNN_eff_su2_r1_d6_s44,eff_su2_r1_d6,eff_su2,1,6,44,43,noisy_shot,1,512,512,2,lira_offline,0.515525,0.45647875,0.57386375,1000,0.04,0.04,0.12,0.075,200,200,16,3276800,204800,2026-08-18T20:33:07+08:00,ibm_kingston,516fac22a7de7c7485ebe5cd518ec5e695426213c3b2c286adcf026c78554362,/home/najeeb/qurift_satML/satml_results/noise/n3_attack_breadth/noisy_lira/sample_scores/MNIST_QNN_eff_su2_r1_d6_s44_noisy_shot_sim2.npz,0.5375,0.0749999999999999,0.285,0.21,1.5289527591803356,5
MNIST_QNN_eff_su2_r1_d6_s44,eff_su2_r1_d6,eff_su2,1,6,44,43,noisy_shot,1,512,512,2,lira_offline_fixed_variance,0.523375,0.467774375,0.57973375,1000,0.05,0.05,0.13,0.085,200,200,16,3276800,204800,2026-08-18T20:33:07+08:00,ibm_kingston,516fac22a7de7c7485ebe5cd518ec5e695426213c3b2c286adcf026c78554362,/home/najeeb/qurift_satML/satml_results/noise/n3_attack_breadth/noisy_lira/sample_scores/MNIST_QNN_eff_su2_r1_d6_s44_noisy_shot_sim2.npz,0.515,0.03,0.27,0.24,1.7105834332164112,5
MNIST_QNN_eff_su2_r1_d6_s44,eff_su2_r1_d6,eff_su2,1,6,44,43,noisy_shot,1,512,512,2,global_true_class_log_odds,0.567875,0.510525625,0.624225625,1000,0.05,0.05,0.16,0.1,200,200,16,3276800,204800,2026-08-18T20:33:07+08:00,ibm_kingston,516fac22a7de7c7485ebe5cd518ec5e695426213c3b2c286adcf026c78554362,/home/najeeb/qurift_satML/satml_results/noise/n3_attack_breadth/noisy_lira/sample_scores/MNIST_QNN_eff_su2_r1_d6_s44_noisy_shot_sim2.npz,0.5449999999999999,0.09,0.505,0.415,0.2302757447981648,5
MNIST_QNN_eff_su2_r1_d6_s44,eff_su2_r1_d6,eff_su2,1,6,44,43,noisy_shot,1,512,512,3,lira_online,0.512875,0.4542918749999999,0.568028125,1000,0.035,0.04,0.105,0.1,200,200,16,3276800,204800,2026-08-18T20:33:07+08:00,ibm_kingston,516fac22a7de7c7485ebe5cd518ec5e695426213c3b2c286adcf026c78554362,/home/najeeb/qurift_satML/satml_results/noise/n3_attack_breadth/noisy_lira/sample_scores/MNIST_QNN_eff_su2_r1_d6_s44_noisy_shot_sim3.npz,0.5075000000000001,0.015,0.38,0.365,0.2363663785835363,5
MNIST_QNN_eff_su2_r1_d6_s44,eff_su2_r1_d6,eff_su2,1,6,44,43,noisy_shot,1,512,512,3,lira_online_fixed_variance,0.5215500000000001,0.4638474999999999,0.576275625,1000,0.065,0.05,0.12,0.1,200,200,16,3276800,204800,2026-08-18T20:33:07+08:00,ibm_kingston,516fac22a7de7c7485ebe5cd518ec5e695426213c3b2c286adcf026c78554362,/home/najeeb/qurift_satML/satml_results/noise/n3_attack_breadth/noisy_lira/sample_scores/MNIST_QNN_eff_su2_r1_d6_s44_noisy_shot_sim3.npz,0.47,-0.06,0.44,0.5,0.1222968442258969,5
MNIST_QNN_eff_su2_r1_d6_s44,eff_su2_r1_d6,eff_su2,1,6,44,43,noisy_shot,1,512,512,3,lira_offline,0.51195,0.4580825,0.5670025,1000,0.05,0.045,0.075,0.1,200,200,16,3276800,204800,2026-08-18T20:33:07+08:00,ibm_kingston,516fac22a7de7c7485ebe5cd518ec5e695426213c3b2c286adcf026c78554362,/home/najeeb/qurift_satML/satml_results/noise/n3_attack_breadth/noisy_lira/sample_scores/MNIST_QNN_eff_su2_r1_d6_s44_noisy_shot_sim3.npz,0.505,0.01,0.61,0.6,0.856394974820414,5
MNIST_QNN_eff_su2_r1_d6_s44,eff_su2_r1_d6,eff_su2,1,6,44,43,noisy_shot,1,512,512,3,lira_offline_fixed_variance,0.5221750000000001,0.46487625,0.577203125,1000,0.03,0.045,0.075,0.09,200,200,16,3276800,204800,2026-08-18T20:33:07+08:00,ibm_kingston,516fac22a7de7c7485ebe5cd518ec5e695426213c3b2c286adcf026c78554362,/home/najeeb/qurift_satML/satml_results/noise/n3_attack_breadth/noisy_lira/sample_scores/MNIST_QNN_eff_su2_r1_d6_s44_noisy_shot_sim3.npz,0.5425,0.0849999999999999,0.625,0.54,0.8034082199875584,5
MNIST_QNN_eff_su2_r1_d6_s44,eff_su2_r1_d6,eff_su2,1,6,44,43,noisy_shot,1,512,512,3,global_true_class_log_odds,0.524425,0.46870125,0.58198125,1000,0.035,0.05,0.125,0.095,200,200,16,3276800,204800,2026-08-18T20:33:07+08:00,ibm_kingston,516fac22a7de7c7485ebe5cd518ec5e695426213c3b2c286adcf026c78554362,/home/najeeb/qurift_satML/satml_results/noise/n3_attack_breadth/noisy_lira/sample_scores/MNIST_QNN_eff_su2_r1_d6_s44_noisy_shot_sim3.npz,0.485,-0.03,0.715,0.745,-0.7800672381220901,5
MNIST_QNN_eff_su2_r1_d6_s44,eff_su2_r1_d6,eff_su2,1,6,44,43,noisy_shot,1,512,512,4,lira_online,0.56995,0.5142706250000001,0.621519375,1000,0.09,0.05,0.13,0.095,200,200,16,3276800,204800,2026-08-18T20:33:07+08:00,ibm_kingston,516fac22a7de7c7485ebe5cd518ec5e695426213c3b2c286adcf026c78554362,/home/najeeb/qurift_satML/satml_results/noise/n3_attack_breadth/noisy_lira/sample_scores/MNIST_QNN_eff_su2_r1_d6_s44_noisy_shot_sim4.npz,0.5625,0.125,0.665,0.54,-0.1357096530545307,5
MNIST_QNN_eff_su2_r1_d6_s44,eff_su2_r1_d6,eff_su2,1,6,44,43,noisy_shot,1,512,512,4,lira_online_fixed_variance,0.54765,0.493445625,0.603786875,1000,0.065,0.045,0.13,0.095,200,200,16,3276800,204800,2026-08-18T20:33:07+08:00,ibm_kingston,516fac22a7de7c7485ebe5cd518ec5e695426213c3b2c286adcf026c78554362,/home/najeeb/qurift_satML/satml_results/noise/n3_attack_breadth/noisy_lira/sample_scores/MNIST_QNN_eff_su2_r1_d6_s44_noisy_shot_sim4.npz,0.535,0.07,0.66,0.59,-0.2623938409962636,5
MNIST_QNN_eff_su2_r1_d6_s44,eff_su2_r1_d6,eff_su2,1,6,44,43,noisy_shot,1,512,512,4,lira_offline,0.4871999999999999,0.43150625,0.545879375,1000,0.05,0.045,0.08,0.09,200,200,16,3276800,204800,2026-08-18T20:33:07+08:00,ibm_kingston,516fac22a7de7c7485ebe5cd518ec5e695426213c3b2c286adcf026c78554362,/home/najeeb/qurift_satML/satml_results/noise/n3_attack_breadth/noisy_lira/sample_scores/MNIST_QNN_eff_su2_r1_d6_s44_noisy_shot_sim4.npz,0.5175000000000001,0.035,0.27,0.235,1.5213799853407313,5
MNIST_QNN_eff_su2_r1_d6_s44,eff_su2_r1_d6,eff_su2,1,6,44,43,noisy_shot,1,512,512,4,lira_offline_fixed_variance,0.4978250000000001,0.441006875,0.554264375,1000,0.05,0.05,0.115,0.1,200,200,16,3276800,204800,2026-08-18T20:33:07+08:00,ibm_kingston,516fac22a7de7c7485ebe5cd518ec5e695426213c3b2c286adcf026c78554362,/home/najeeb/qurift_satML/satml_results/noise/n3_attack_breadth/noisy_lira/sample_scores/MNIST_QNN_eff_su2_r1_d6_s44_noisy_shot_sim4.npz,0.535,0.07,0.215,0.145,1.624715450102788,5
MNIST_QNN_eff_su2_r1_d6_s44,eff_su2_r1_d6,eff_su2,1,6,44,43,noisy_shot,1,512,512,4,global_true_class_log_odds,0.5489999999999999,0.4890374999999999,0.602526875,1000,0.08,0.045,0.15,0.1,200,200,16,3276800,204800,2026-08-18T20:33:07+08:00,ibm_kingston,516fac22a7de7c7485ebe5cd518ec5e695426213c3b2c286adcf026c78554362,/home/najeeb/qurift_satML/satml_results/noise/n3_attack_breadth/noisy_lira/sample_scores/MNIST_QNN_eff_su2_r1_d6_s44_noisy_shot_sim4.npz,0.5225,0.0449999999999999,0.475,0.43,0.1932704317445929,5
MNIST_QNN_eff_su2_r1_d6_s45,eff_su2_r1_d6,eff_su2,1,6,45,43,ideal_shot,1,512,512,0,lira_online,0.573875,0.51627,0.6307262499999999,1000,0.105,0.05,0.175,0.1,200,200,16,3276800,204800,2026-08-18T20:33:07+08:00,ibm_kingston,516fac22a7de7c7485ebe5cd518ec5e695426213c3b2c286adcf026c78554362,/home/najeeb/qurift_satML/satml_results/noise/n3_attack_breadth/noisy_lira/sample_scores/MNIST_QNN_eff_su2_r1_d6_s45_ideal_shot_sim0.npz,0.5525,0.105,0.465,0.36,0.0374294946971227,5
MNIST_QNN_eff_su2_r1_d6_s45,eff_su2_r1_d6,eff_su2,1,6,45,43,ideal_shot,1,512,512,0,lira_online_fixed_variance,0.58875,0.53366125,0.63970625,1000,0.12,0.05,0.2,0.1,200,200,16,3276800,204800,2026-08-18T20:33:07+08:00,ibm_kingston,516fac22a7de7c7485ebe5cd518ec5e695426213c3b2c286adcf026c78554362,/home/najeeb/qurift_satML/satml_results/noise/n3_attack_breadth/noisy_lira/sample_scores/MNIST_QNN_eff_su2_r1_d6_s45_ideal_shot_sim0.npz,0.5375,0.075,0.435,0.36,0.0555090564502703,5
MNIST_QNN_eff_su2_r1_d6_s45,eff_su2_r1_d6,eff_su2,1,6,45,43,ideal_shot,1,512,512,0,lira_offline,0.5567249999999999,0.502328125,0.612008125,1000,0.06,0.05,0.15,0.1,200,200,16,3276800,204800,2026-08-18T20:33:07+08:00,ibm_kingston,516fac22a7de7c7485ebe5cd518ec5e695426213c3b2c286adcf026c78554362,/home/najeeb/qurift_satML/satml_results/noise/n3_attack_breadth/noisy_lira/sample_scores/MNIST_QNN_eff_su2_r1_d6_s45_ideal_shot_sim0.npz,0.5549999999999999,0.1099999999999999,0.48,0.37,1.193777005439077,5
MNIST_QNN_eff_su2_r1_d6_s45,eff_su2_r1_d6,eff_su2,1,6,45,43,ideal_shot,1,512,512,0,lira_offline_fixed_variance,0.5676,0.51034625,0.622789375,1000,0.04,0.04,0.135,0.095,200,200,16,3276800,204800,2026-08-18T20:33:07+08:00,ibm_kingston,516fac22a7de7c7485ebe5cd518ec5e695426213c3b2c286adcf026c78554362,/home/najeeb/qurift_satML/satml_results/noise/n3_attack_breadth/noisy_lira/sample_scores/MNIST_QNN_eff_su2_r1_d6_s45_ideal_shot_sim0.npz,0.52,0.0399999999999999,0.43,0.39,1.120274764950279,5
MNIST_QNN_eff_su2_r1_d6_s45,eff_su2_r1_d6,eff_su2,1,6,45,43,ideal_shot,1,512,512,0,global_true_class_log_odds,0.5634250000000001,0.510075,0.6209425,1000,0.06,0.05,0.155,0.1,200,200,16,3276800,204800,2026-08-18T20:33:07+08:00,ibm_kingston,516fac22a7de7c7485ebe5cd518ec5e695426213c3b2c286adcf026c78554362,/home/najeeb/qurift_satML/satml_results/noise/n3_attack_breadth/noisy_lira/sample_scores/MNIST_QNN_eff_su2_r1_d6_s45_ideal_shot_sim0.npz,0.5175000000000001,0.035,0.795,0.76,-0.429970320427182,5
MNIST_QNN_eff_su2_r1_d6_s45,eff_su2_r1_d6,eff_su2,1,6,45,43,ideal_shot,1,512,512,1,lira_online,0.5498500000000001,0.49337375,0.6049768750000001,1000,0.06,0.05,0.09,0.09,200,200,16,3276800,204800,2026-08-18T20:33:07+08:00,ibm_kingston,516fac22a7de7c7485ebe5cd518ec5e695426213c3b2c286adcf026c78554362,/home/najeeb/qurift_satML/satml_results/noise/n3_attack_breadth/noisy_lira/sample_scores/MNIST_QNN_eff_su2_r1_d6_s45_ideal_shot_sim1.npz,0.55,0.0999999999999999,0.83,0.73,-0.5939049390856033,5
MNIST_QNN_eff_su2_r1_d6_s45,eff_su2_r1_d6,eff_su2,1,6,45,43,ideal_shot,1,512,512,1,lira_online_fixed_variance,0.530075,0.4741675,0.581430625,1000,0.025,0.05,0.095,0.095,200,200,16,3276800,204800,2026-08-18T20:33:07+08:00,ibm_kingston,516fac22a7de7c7485ebe5cd518ec5e695426213c3b2c286adcf026c78554362,/home/najeeb/qurift_satML/satml_results/noise/n3_attack_breadth/noisy_lira/sample_scores/MNIST_QNN_eff_su2_r1_d6_s45_ideal_shot_sim1.npz,0.5175,0.0349999999999999,0.47,0.435,0.1682005134966481,5
MNIST_QNN_eff_su2_r1_d6_s45,eff_su2_r1_d6,eff_su2,1,6,45,43,ideal_shot,1,512,512,1,lira_offline,0.497475,0.43756,0.5508037499999999,1000,0.055,0.05,0.085,0.095,200,200,16,3276800,204800,2026-08-18T20:33:07+08:00,ibm_kingston,516fac22a7de7c7485ebe5cd518ec5e695426213c3b2c286adcf026c78554362,/home/najeeb/qurift_satML/satml_results/noise/n3_attack_breadth/noisy_lira/sample_scores/MNIST_QNN_eff_su2_r1_d6_s45_ideal_shot_sim1.npz,0.5175,0.035,0.89,0.855,0.4714326140586226,5
MNIST_QNN_eff_su2_r1_d6_s45,eff_su2_r1_d6,eff_su2,1,6,45,43,ideal_shot,1,512,512,1,lira_offline_fixed_variance,0.484925,0.42879375,0.546825625,1000,0.045,0.05,0.085,0.095,200,200,16,3276800,204800,2026-08-18T20:33:07+08:00,ibm_kingston,516fac22a7de7c7485ebe5cd518ec5e695426213c3b2c286adcf026c78554362,/home/najeeb/qurift_satML/satml_results/noise/n3_attack_breadth/noisy_lira/sample_scores/MNIST_QNN_eff_su2_r1_d6_s45_ideal_shot_sim1.npz,0.4599999999999999,-0.0799999999999999,0.61,0.69,0.8980574857375732,5
MNIST_QNN_eff_su2_r1_d6_s45,eff_su2_r1_d6,eff_su2,1,6,45,43,ideal_shot,1,512,512,1,global_true_class_log_odds,0.5034000000000001,0.4472387499999999,0.5577537499999999,1000,0.055,0.045,0.075,0.1,200,200,16,3276800,204800,2026-08-18T20:33:07+08:00,ibm_kingston,516fac22a7de7c7485ebe5cd518ec5e695426213c3b2c286adcf026c78554362,/home/najeeb/qurift_satML/satml_results/noise/n3_attack_breadth/noisy_lira/sample_scores/MNIST_QNN_eff_su2_r1_d6_s45_ideal_shot_sim1.npz,0.475,-0.05,0.715,0.765,-0.4699032472458446,5
MNIST_QNN_eff_su2_r1_d6_s45,eff_su2_r1_d6,eff_su2,1,6,45,43,ideal_shot,1,512,512,2,lira_online,0.523425,0.4674025,0.578715,1000,0.035,0.045,0.115,0.1,200,200,16,3276800,204800,2026-08-18T20:33:07+08:00,ibm_kingston,516fac22a7de7c7485ebe5cd518ec5e695426213c3b2c286adcf026c78554362,/home/najeeb/qurift_satML/satml_results/noise/n3_attack_breadth/noisy_lira/sample_scores/MNIST_QNN_eff_su2_r1_d6_s45_ideal_shot_sim2.npz,0.4975,-0.005,0.725,0.73,-0.5332197750786469,5
MNIST_QNN_eff_su2_r1_d6_s45,eff_su2_r1_d6,eff_su2,1,6,45,43,ideal_shot,1,512,512,2,lira_online_fixed_variance,0.5282,0.475744375,0.58385625,1000,0.035,0.045,0.07,0.09,200,200,16,3276800,204800,2026-08-18T20:33:07+08:00,ibm_kingston,516fac22a7de7c7485ebe5cd518ec5e695426213c3b2c286adcf026c78554362,/home/najeeb/qurift_satML/satml_results/noise/n3_attack_breadth/noisy_lira/sample_scores/MNIST_QNN_eff_su2_r1_d6_s45_ideal_shot_sim2.npz,0.505,0.01,0.635,0.625,0.0651692535665345,5
MNIST_QNN_eff_su2_r1_d6_s45,eff_su2_r1_d6,eff_su2,1,6,45,43,ideal_shot,1,512,512,2,lira_offline,0.4967249999999999,0.444595,0.5519149999999999,1000,0.04,0.045,0.105,0.095,200,200,16,3276800,204800,2026-08-18T20:33:07+08:00,ibm_kingston,516fac22a7de7c7485ebe5cd518ec5e695426213c3b2c286adcf026c78554362,/home/najeeb/qurift_satML/satml_results/noise/n3_attack_breadth/noisy_lira/sample_scores/MNIST_QNN_eff_su2_r1_d6_s45_ideal_shot_sim2.npz,0.4649999999999999,-0.0699999999999999,0.515,0.585,1.021133566311595,5
MNIST_QNN_eff_su2_r1_d6_s45,eff_su2_r1_d6,eff_su2,1,6,45,43,ideal_shot,1,512,512,2,lira_offline_fixed_variance,0.5180750000000001,0.460189375,0.57821625,1000,0.04,0.045,0.095,0.1,200,200,16,3276800,204800,2026-08-18T20:33:07+08:00,ibm_kingston,516fac22a7de7c7485ebe5cd518ec5e695426213c3b2c286adcf026c78554362,/home/najeeb/qurift_satML/satml_results/noise/n3_attack_breadth/noisy_lira/sample_scores/MNIST_QNN_eff_su2_r1_d6_s45_ideal_shot_sim2.npz,0.49,-0.02,0.595,0.615,0.9061232429650556,5
MNIST_QNN_eff_su2_r1_d6_s45,eff_su2_r1_d6,eff_su2,1,6,45,43,ideal_shot,1,512,512,2,global_true_class_log_odds,0.525175,0.47202625,0.579750625,1000,0.06,0.045,0.12,0.1,200,200,16,3276800,204800,2026-08-18T20:33:07+08:00,ibm_kingston,516fac22a7de7c7485ebe5cd518ec5e695426213c3b2c286adcf026c78554362,/home/najeeb/qurift_satML/satml_results/noise/n3_attack_breadth/noisy_lira/sample_scores/MNIST_QNN_eff_su2_r1_d6_s45_ideal_shot_sim2.npz,0.4875,-0.025,0.635,0.66,0.6082720374479145,5
MNIST_QNN_eff_su2_r1_d6_s45,eff_su2_r1_d6,eff_su2,1,6,45,43,ideal_shot,1,512,512,3,lira_online,0.50335,0.446196875,0.557335625,1000,0.07,0.05,0.115,0.1,200,200,16,3276800,204800,2026-08-18T20:33:07+08:00,ibm_kingston,516fac22a7de7c7485ebe5cd518ec5e695426213c3b2c286adcf026c78554362,/home/najeeb/qurift_satML/satml_results/noise/n3_attack_breadth/noisy_lira/sample_scores/MNIST_QNN_eff_su2_r1_d6_s45_ideal_shot_sim3.npz,0.47,-0.06,0.465,0.525,0.1812456533411932,5
MNIST_QNN_eff_su2_r1_d6_s45,eff_su2_r1_d6,eff_su2,1,6,45,43,ideal_shot,1,512,512,3,lira_online_fixed_variance,0.507275,0.44967,0.5635306250000001,1000,0.055,0.05,0.095,0.1,200,200,16,3276800,204800,2026-08-18T20:33:07+08:00,ibm_kingston,516fac22a7de7c7485ebe5cd518ec5e695426213c3b2c286adcf026c78554362,/home/najeeb/qurift_satML/satml_results/noise/n3_attack_breadth/noisy_lira/sample_scores/MNIST_QNN_eff_su2_r1_d6_s45_ideal_shot_sim3.npz,0.4625,-0.0749999999999999,0.555,0.63,0.0146782749320415,5
MNIST_QNN_eff_su2_r1_d6_s45,eff_su2_r1_d6,eff_su2,1,6,45,43,ideal_shot,1,512,512,3,lira_offline,0.505425,0.447924375,0.560368125,1000,0.045,0.05,0.12,0.1,200,200,16,3276800,204800,2026-08-18T20:33:07+08:00,ibm_kingston,516fac22a7de7c7485ebe5cd518ec5e695426213c3b2c286adcf026c78554362,/home/najeeb/qurift_satML/satml_results/noise/n3_attack_breadth/noisy_lira/sample_scores/MNIST_QNN_eff_su2_r1_d6_s45_ideal_shot_sim3.npz,0.5175000000000001,0.035,0.56,0.525,1.0750113114606867,5
MNIST_QNN_eff_su2_r1_d6_s45,eff_su2_r1_d6,eff_su2,1,6,45,43,ideal_shot,1,512,512,3,lira_offline_fixed_variance,0.515525,0.458671875,0.5725081249999999,1000,0.02,0.045,0.1,0.1,200,200,16,3276800,204800,2026-08-18T20:33:07+08:00,ibm_kingston,516fac22a7de7c7485ebe5cd518ec5e695426213c3b2c286adcf026c78554362,/home/najeeb/qurift_satML/satml_results/noise/n3_attack_breadth/noisy_lira/sample_scores/MNIST_QNN_eff_su2_r1_d6_s45_ideal_shot_sim3.npz,0.5125,0.0249999999999999,0.47,0.445,1.0345739076016125,5
MNIST_QNN_eff_su2_r1_d6_s45,eff_su2_r1_d6,eff_su2,1,6,45,43,ideal_shot,1,512,512,3,global_true_class_log_odds,0.53825,0.480444375,0.593335625,1000,0.13,0.05,0.19,0.1,200,200,16,3276800,204800,2026-08-18T20:33:07+08:00,ibm_kingston,516fac22a7de7c7485ebe5cd518ec5e695426213c3b2c286adcf026c78554362,/home/najeeb/qurift_satML/satml_results/noise/n3_attack_breadth/noisy_lira/sample_scores/MNIST_QNN_eff_su2_r1_d6_s45_ideal_shot_sim3.npz,0.495,-0.01,0.355,0.365,3.215378486852803,5
MNIST_QNN_eff_su2_r1_d6_s45,eff_su2_r1_d6,eff_su2,1,6,45,43,ideal_shot,1,512,512,4,lira_online,0.52195,0.466759375,0.5744075,1000,0.095,0.04,0.145,0.09,200,200,16,3276800,204800,2026-08-18T20:33:07+08:00,ibm_kingston,516fac22a7de7c7485ebe5cd518ec5e695426213c3b2c286adcf026c78554362,/home/najeeb/qurift_satML/satml_results/noise/n3_attack_breadth/noisy_lira/sample_scores/MNIST_QNN_eff_su2_r1_d6_s45_ideal_shot_sim4.npz,0.5075000000000001,0.015,0.52,0.505,-0.1483709101522408,5
MNIST_QNN_eff_su2_r1_d6_s45,eff_su2_r1_d6,eff_su2,1,6,45,43,ideal_shot,1,512,512,4,lira_online_fixed_variance,0.5255000000000001,0.468634375,0.580426875,1000,0.09,0.05,0.105,0.09,200,200,16,3276800,204800,2026-08-18T20:33:07+08:00,ibm_kingston,516fac22a7de7c7485ebe5cd518ec5e695426213c3b2c286adcf026c78554362,/home/najeeb/qurift_satML/satml_results/noise/n3_attack_breadth/noisy_lira/sample_scores/MNIST_QNN_eff_su2_r1_d6_s45_ideal_shot_sim4.npz,0.505,0.01,0.51,0.5,0.0109668942241911,5
MNIST_QNN_eff_su2_r1_d6_s45,eff_su2_r1_d6,eff_su2,1,6,45,43,ideal_shot,1,512,512,4,lira_offline,0.522025,0.471819375,0.575775625,1000,0.1,0.045,0.145,0.1,200,200,16,3276800,204800,2026-08-18T20:33:07+08:00,ibm_kingston,516fac22a7de7c7485ebe5cd518ec5e695426213c3b2c286adcf026c78554362,/home/najeeb/qurift_satML/satml_results/noise/n3_attack_breadth/noisy_lira/sample_scores/MNIST_QNN_eff_su2_r1_d6_s45_ideal_shot_sim4.npz,0.48,-0.04,0.35,0.39,1.6905897527592977,5
MNIST_QNN_eff_su2_r1_d6_s45,eff_su2_r1_d6,eff_su2,1,6,45,43,ideal_shot,1,512,512,4,lira_offline_fixed_variance,0.52615,0.4694712499999999,0.581128125,1000,0.11,0.05,0.14,0.08,200,200,16,3276800,204800,2026-08-18T20:33:07+08:00,ibm_kingston,516fac22a7de7c7485ebe5cd518ec5e695426213c3b2c286adcf026c78554362,/home/najeeb/qurift_satML/satml_results/noise/n3_attack_breadth/noisy_lira/sample_scores/MNIST_QNN_eff_su2_r1_d6_s45_ideal_shot_sim4.npz,0.485,-0.03,0.355,0.385,0.8718743812986929,5
MNIST_QNN_eff_su2_r1_d6_s45,eff_su2_r1_d6,eff_su2,1,6,45,43,ideal_shot,1,512,512,4,global_true_class_log_odds,0.5471,0.494371875,0.60595625,1000,0.08,0.03,0.13,0.1,200,200,16,3276800,204800,2026-08-18T20:33:07+08:00,ibm_kingston,516fac22a7de7c7485ebe5cd518ec5e695426213c3b2c286adcf026c78554362,/home/najeeb/qurift_satML/satml_results/noise/n3_attack_breadth/noisy_lira/sample_scores/MNIST_QNN_eff_su2_r1_d6_s45_ideal_shot_sim4.npz,0.535,0.07,0.385,0.315,1.5392656000644436,5
MNIST_QNN_eff_su2_r1_d6_s45,eff_su2_r1_d6,eff_su2,1,6,45,43,noisy_shot,1,512,512,0,lira_online,0.552625,0.4956575,0.610504375,1000,0.02,0.05,0.1,0.095,200,200,16,3276800,204800,2026-08-18T20:33:07+08:00,ibm_kingston,516fac22a7de7c7485ebe5cd518ec5e695426213c3b2c286adcf026c78554362,/home/najeeb/qurift_satML/satml_results/noise/n3_attack_breadth/noisy_lira/sample_scores/MNIST_QNN_eff_su2_r1_d6_s45_noisy_shot_sim0.npz,0.5325,0.065,0.465,0.4,0.0147420128613464,5
MNIST_QNN_eff_su2_r1_d6_s45,eff_su2_r1_d6,eff_su2,1,6,45,43,noisy_shot,1,512,512,0,lira_online_fixed_variance,0.5351250000000001,0.480925,0.5947293749999999,1000,0.04,0.05,0.115,0.1,200,200,16,3276800,204800,2026-08-18T20:33:07+08:00,ibm_kingston,516fac22a7de7c7485ebe5cd518ec5e695426213c3b2c286adcf026c78554362,/home/najeeb/qurift_satML/satml_results/noise/n3_attack_breadth/noisy_lira/sample_scores/MNIST_QNN_eff_su2_r1_d6_s45_noisy_shot_sim0.npz,0.52,0.0399999999999999,0.425,0.385,0.0195035008432925,5
MNIST_QNN_eff_su2_r1_d6_s45,eff_su2_r1_d6,eff_su2,1,6,45,43,noisy_shot,1,512,512,0,lira_offline,0.515275,0.4578487499999999,0.56853,1000,0.035,0.04,0.07,0.1,200,200,16,3276800,204800,2026-08-18T20:33:07+08:00,ibm_kingston,516fac22a7de7c7485ebe5cd518ec5e695426213c3b2c286adcf026c78554362,/home/najeeb/qurift_satML/satml_results/noise/n3_attack_breadth/noisy_lira/sample_scores/MNIST_QNN_eff_su2_r1_d6_s45_noisy_shot_sim0.npz,0.4874999999999999,-0.025,0.565,0.59,0.7156202987013633,5
MNIST_QNN_eff_su2_r1_d6_s45,eff_su2_r1_d6,eff_su2,1,6,45,43,noisy_shot,1,512,512,0,lira_offline_fixed_variance,0.4957,0.4421168749999999,0.550409375,1000,0.03,0.05,0.09,0.1,200,200,16,3276800,204800,2026-08-18T20:33:07+08:00,ibm_kingston,516fac22a7de7c7485ebe5cd518ec5e695426213c3b2c286adcf026c78554362,/home/najeeb/qurift_satML/satml_results/noise/n3_attack_breadth/noisy_lira/sample_scores/MNIST_QNN_eff_su2_r1_d6_s45_noisy_shot_sim0.npz,0.49,-0.02,0.36,0.38,1.114425985069246,5
MNIST_QNN_eff_su2_r1_d6_s45,eff_su2_r1_d6,eff_su2,1,6,45,43,noisy_shot,1,512,512,0,global_true_class_log_odds,0.5575249999999999,0.5010512500000001,0.6162268750000001,1000,0.085,0.05,0.135,0.09,200,200,16,3276800,204800,2026-08-18T20:33:07+08:00,ibm_kingston,516fac22a7de7c7485ebe5cd518ec5e695426213c3b2c286adcf026c78554362,/home/najeeb/qurift_satML/satml_results/noise/n3_attack_breadth/noisy_lira/sample_scores/MNIST_QNN_eff_su2_r1_d6_s45_noisy_shot_sim0.npz,0.5425,0.0849999999999999,0.77,0.685,-0.6219834338878504,5
MNIST_QNN_eff_su2_r1_d6_s45,eff_su2_r1_d6,eff_su2,1,6,45,43,noisy_shot,1,512,512,1,lira_online,0.523175,0.468173125,0.5748325,1000,0.02,0.05,0.085,0.1,200,200,16,3276800,204800,2026-08-18T20:33:07+08:00,ibm_kingston,516fac22a7de7c7485ebe5cd518ec5e695426213c3b2c286adcf026c78554362,/home/najeeb/qurift_satML/satml_results/noise/n3_attack_breadth/noisy_lira/sample_scores/MNIST_QNN_eff_su2_r1_d6_s45_noisy_shot_sim1.npz,0.5025,0.005,0.57,0.565,-0.3413898666386489,5
MNIST_QNN_eff_su2_r1_d6_s45,eff_su2_r1_d6,eff_su2,1,6,45,43,noisy_shot,1,512,512,1,lira_online_fixed_variance,0.500975,0.445891875,0.560454375,1000,0.025,0.04,0.055,0.1,200,200,16,3276800,204800,2026-08-18T20:33:07+08:00,ibm_kingston,516fac22a7de7c7485ebe5cd518ec5e695426213c3b2c286adcf026c78554362,/home/najeeb/qurift_satML/satml_results/noise/n3_attack_breadth/noisy_lira/sample_scores/MNIST_QNN_eff_su2_r1_d6_s45_noisy_shot_sim1.npz,0.49,-0.02,0.73,0.75,-0.6067016453082725,5
MNIST_QNN_eff_su2_r1_d6_s45,eff_su2_r1_d6,eff_su2,1,6,45,43,noisy_shot,1,512,512,1,lira_offline,0.5332,0.4781525,0.5970268750000001,1000,0.045,0.05,0.095,0.075,200,200,16,3276800,204800,2026-08-18T20:33:07+08:00,ibm_kingston,516fac22a7de7c7485ebe5cd518ec5e695426213c3b2c286adcf026c78554362,/home/najeeb/qurift_satML/satml_results/noise/n3_attack_breadth/noisy_lira/sample_scores/MNIST_QNN_eff_su2_r1_d6_s45_noisy_shot_sim1.npz,0.5175000000000001,0.035,0.785,0.75,0.4183836857333527,5
MNIST_QNN_eff_su2_r1_d6_s45,eff_su2_r1_d6,eff_su2,1,6,45,43,noisy_shot,1,512,512,1,lira_offline_fixed_variance,0.5263249999999999,0.4693887499999999,0.581504375,1000,0.035,0.05,0.08,0.095,200,200,16,3276800,204800,2026-08-18T20:33:07+08:00,ibm_kingston,516fac22a7de7c7485ebe5cd518ec5e695426213c3b2c286adcf026c78554362,/home/najeeb/qurift_satML/satml_results/noise/n3_attack_breadth/noisy_lira/sample_scores/MNIST_QNN_eff_su2_r1_d6_s45_noisy_shot_sim1.npz,0.5175,0.035,0.62,0.585,0.760133926689798,5
MNIST_QNN_eff_su2_r1_d6_s45,eff_su2_r1_d6,eff_su2,1,6,45,43,noisy_shot,1,512,512,1,global_true_class_log_odds,0.502475,0.44716625,0.56200375,1000,0.045,0.04,0.105,0.095,200,200,16,3276800,204800,2026-08-18T20:33:07+08:00,ibm_kingston,516fac22a7de7c7485ebe5cd518ec5e695426213c3b2c286adcf026c78554362,/home/najeeb/qurift_satML/satml_results/noise/n3_attack_breadth/noisy_lira/sample_scores/MNIST_QNN_eff_su2_r1_d6_s45_noisy_shot_sim1.npz,0.48,-0.04,0.615,0.655,-0.2774663774260653,5
MNIST_QNN_eff_su2_r1_d6_s45,eff_su2_r1_d6,eff_su2,1,6,45,43,noisy_shot,1,512,512,2,lira_online,0.5290250000000001,0.472349375,0.5876468749999999,1000,0.05,0.05,0.125,0.1,200,200,16,3276800,204800,2026-08-18T20:33:07+08:00,ibm_kingston,516fac22a7de7c7485ebe5cd518ec5e695426213c3b2c286adcf026c78554362,/home/najeeb/qurift_satML/satml_results/noise/n3_attack_breadth/noisy_lira/sample_scores/MNIST_QNN_eff_su2_r1_d6_s45_noisy_shot_sim2.npz,0.505,0.01,0.68,0.67,0.0665977480988796,5
MNIST_QNN_eff_su2_r1_d6_s45,eff_su2_r1_d6,eff_su2,1,6,45,43,noisy_shot,1,512,512,2,lira_online_fixed_variance,0.536425,0.47837375,0.593656875,1000,0.04,0.04,0.105,0.095,200,200,16,3276800,204800,2026-08-18T20:33:07+08:00,ibm_kingston,516fac22a7de7c7485ebe5cd518ec5e695426213c3b2c286adcf026c78554362,/home/najeeb/qurift_satML/satml_results/noise/n3_attack_breadth/noisy_lira/sample_scores/MNIST_QNN_eff_su2_r1_d6_s45_noisy_shot_sim2.npz,0.5425,0.085,0.465,0.38,0.0867479132715101,5
MNIST_QNN_eff_su2_r1_d6_s45,eff_su2_r1_d6,eff_su2,1,6,45,43,noisy_shot,1,512,512,2,lira_offline,0.544525,0.4854725,0.600726875,1000,0.09,0.045,0.115,0.09,200,200,16,3276800,204800,2026-08-18T20:33:07+08:00,ibm_kingston,516fac22a7de7c7485ebe5cd518ec5e695426213c3b2c286adcf026c78554362,/home/najeeb/qurift_satML/satml_results/noise/n3_attack_breadth/noisy_lira/sample_scores/MNIST_QNN_eff_su2_r1_d6_s45_noisy_shot_sim2.npz,0.5075,0.015,0.6,0.585,0.6357987327082332,5
MNIST_QNN_eff_su2_r1_d6_s45,eff_su2_r1_d6,eff_su2,1,6,45,43,noisy_shot,1,512,512,2,lira_offline_fixed_variance,0.5191250000000001,0.464815625,0.578374375,1000,0.025,0.05,0.11,0.1,200,200,16,3276800,204800,2026-08-18T20:33:07+08:00,ibm_kingston,516fac22a7de7c7485ebe5cd518ec5e695426213c3b2c286adcf026c78554362,/home/najeeb/qurift_satML/satml_results/noise/n3_attack_breadth/noisy_lira/sample_scores/MNIST_QNN_eff_su2_r1_d6_s45_noisy_shot_sim2.npz,0.4975,-0.005,0.46,0.465,0.83095112343428,5
MNIST_QNN_eff_su2_r1_d6_s45,eff_su2_r1_d6,eff_su2,1,6,45,43,noisy_shot,1,512,512,2,global_true_class_log_odds,0.5323,0.4757475,0.587575,1000,0.065,0.05,0.09,0.095,200,200,16,3276800,204800,2026-08-18T20:33:07+08:00,ibm_kingston,516fac22a7de7c7485ebe5cd518ec5e695426213c3b2c286adcf026c78554362,/home/najeeb/qurift_satML/satml_results/noise/n3_attack_breadth/noisy_lira/sample_scores/MNIST_QNN_eff_su2_r1_d6_s45_noisy_shot_sim2.npz,0.505,0.0099999999999998,0.695,0.685,-0.4915055900695338,5
MNIST_QNN_eff_su2_r1_d6_s45,eff_su2_r1_d6,eff_su2,1,6,45,43,noisy_shot,1,512,512,3,lira_online,0.531425,0.474809375,0.587713125,1000,0.045,0.05,0.075,0.1,200,200,16,3276800,204800,2026-08-18T20:33:07+08:00,ibm_kingston,516fac22a7de7c7485ebe5cd518ec5e695426213c3b2c286adcf026c78554362,/home/najeeb/qurift_satML/satml_results/noise/n3_attack_breadth/noisy_lira/sample_scores/MNIST_QNN_eff_su2_r1_d6_s45_noisy_shot_sim3.npz,0.4925,-0.0149999999999999,0.675,0.69,-0.4556615376560975,5
MNIST_QNN_eff_su2_r1_d6_s45,eff_su2_r1_d6,eff_su2,1,6,45,43,noisy_shot,1,512,512,3,lira_online_fixed_variance,0.5440499999999999,0.4916312499999999,0.600900625,1000,0.025,0.045,0.095,0.095,200,200,16,3276800,204800,2026-08-18T20:33:07+08:00,ibm_kingston,516fac22a7de7c7485ebe5cd518ec5e695426213c3b2c286adcf026c78554362,/home/najeeb/qurift_satML/satml_results/noise/n3_attack_breadth/noisy_lira/sample_scores/MNIST_QNN_eff_su2_r1_d6_s45_noisy_shot_sim3.npz,0.5349999999999999,0.0699999999999999,0.815,0.745,-0.2451257729239564,5
MNIST_QNN_eff_su2_r1_d6_s45,eff_su2_r1_d6,eff_su2,1,6,45,43,noisy_shot,1,512,512,3,lira_offline,0.46875,0.4095975,0.529126875,1000,0.025,0.05,0.055,0.095,200,200,16,3276800,204800,2026-08-18T20:33:07+08:00,ibm_kingston,516fac22a7de7c7485ebe5cd518ec5e695426213c3b2c286adcf026c78554362,/home/najeeb/qurift_satML/satml_results/noise/n3_attack_breadth/noisy_lira/sample_scores/MNIST_QNN_eff_su2_r1_d6_s45_noisy_shot_sim3.npz,0.4925,-0.015,0.845,0.86,0.4509088194164738,5
MNIST_QNN_eff_su2_r1_d6_s45,eff_su2_r1_d6,eff_su2,1,6,45,43,noisy_shot,1,512,512,3,lira_offline_fixed_variance,0.464775,0.4092425,0.522804375,1000,0.01,0.02,0.065,0.095,200,200,16,3276800,204800,2026-08-18T20:33:07+08:00,ibm_kingston,516fac22a7de7c7485ebe5cd518ec5e695426213c3b2c286adcf026c78554362,/home/najeeb/qurift_satML/satml_results/noise/n3_attack_breadth/noisy_lira/sample_scores/MNIST_QNN_eff_su2_r1_d6_s45_noisy_shot_sim3.npz,0.4775,-0.045,0.705,0.75,0.6330749698030709,5
MNIST_QNN_eff_su2_r1_d6_s45,eff_su2_r1_d6,eff_su2,1,6,45,43,noisy_shot,1,512,512,3,global_true_class_log_odds,0.54465,0.487244375,0.597114375,1000,0.1,0.045,0.13,0.095,200,200,16,3276800,204800,2026-08-18T20:33:07+08:00,ibm_kingston,516fac22a7de7c7485ebe5cd518ec5e695426213c3b2c286adcf026c78554362,/home/najeeb/qurift_satML/satml_results/noise/n3_attack_breadth/noisy_lira/sample_scores/MNIST_QNN_eff_su2_r1_d6_s45_noisy_shot_sim3.npz,0.5125,0.0249999999999999,0.41,0.385,0.1515749471552945,5
MNIST_QNN_eff_su2_r1_d6_s45,eff_su2_r1_d6,eff_su2,1,6,45,43,noisy_shot,1,512,512,4,lira_online,0.499375,0.441165625,0.555355,1000,0.02,0.04,0.07,0.095,200,200,16,3276800,204800,2026-08-18T20:33:07+08:00,ibm_kingston,516fac22a7de7c7485ebe5cd518ec5e695426213c3b2c286adcf026c78554362,/home/najeeb/qurift_satML/satml_results/noise/n3_attack_breadth/noisy_lira/sample_scores/MNIST_QNN_eff_su2_r1_d6_s45_noisy_shot_sim4.npz,0.4825,-0.0349999999999999,0.67,0.705,-0.4106976943532153,5
MNIST_QNN_eff_su2_r1_d6_s45,eff_su2_r1_d6,eff_su2,1,6,45,43,noisy_shot,1,512,512,4,lira_online_fixed_variance,0.4876749999999999,0.435299375,0.54396,1000,0.02,0.025,0.065,0.1,200,200,16,3276800,204800,2026-08-18T20:33:07+08:00,ibm_kingston,516fac22a7de7c7485ebe5cd518ec5e695426213c3b2c286adcf026c78554362,/home/najeeb/qurift_satML/satml_results/noise/n3_attack_breadth/noisy_lira/sample_scores/MNIST_QNN_eff_su2_r1_d6_s45_noisy_shot_sim4.npz,0.4475,-0.1050000000000001,0.57,0.675,-0.2415082030183322,5
MNIST_QNN_eff_su2_r1_d6_s45,eff_su2_r1_d6,eff_su2,1,6,45,43,noisy_shot,1,512,512,4,lira_offline,0.47855,0.421075,0.5350075,1000,0.025,0.05,0.035,0.1,200,200,16,3276800,204800,2026-08-18T20:33:07+08:00,ibm_kingston,516fac22a7de7c7485ebe5cd518ec5e695426213c3b2c286adcf026c78554362,/home/najeeb/qurift_satML/satml_results/noise/n3_attack_breadth/noisy_lira/sample_scores/MNIST_QNN_eff_su2_r1_d6_s45_noisy_shot_sim4.npz,0.495,-0.01,0.815,0.825,0.5248446641217661,5
MNIST_QNN_eff_su2_r1_d6_s45,eff_su2_r1_d6,eff_su2,1,6,45,43,noisy_shot,1,512,512,4,lira_offline_fixed_variance,0.4824500000000001,0.4245299999999999,0.534636875,1000,0.03,0.045,0.055,0.095,200,200,16,3276800,204800,2026-08-18T20:33:07+08:00,ibm_kingston,516fac22a7de7c7485ebe5cd518ec5e695426213c3b2c286adcf026c78554362,/home/najeeb/qurift_satML/satml_results/noise/n3_attack_breadth/noisy_lira/sample_scores/MNIST_QNN_eff_su2_r1_d6_s45_noisy_shot_sim4.npz,0.505,0.01,0.835,0.825,0.6180217400547012,5
MNIST_QNN_eff_su2_r1_d6_s45,eff_su2_r1_d6,eff_su2,1,6,45,43,noisy_shot,1,512,512,4,global_true_class_log_odds,0.5425,0.488465625,0.59892625,1000,0.055,0.045,0.115,0.1,200,200,16,3276800,204800,2026-08-18T20:33:07+08:00,ibm_kingston,516fac22a7de7c7485ebe5cd518ec5e695426213c3b2c286adcf026c78554362,/home/najeeb/qurift_satML/satml_results/noise/n3_attack_breadth/noisy_lira/sample_scores/MNIST_QNN_eff_su2_r1_d6_s45_noisy_shot_sim4.npz,0.505,0.01,0.5,0.49,0.6332386581012287,5
MNIST_QNN_zz_r5_d6_s43,zz_r5_d6,zz,5,6,43,43,ideal_shot,1,512,512,0,lira_online,0.674475,0.62489125,0.728850625,1000,0.125,0.045,0.24,0.1,200,200,16,3276800,204800,2026-08-18T20:33:07+08:00,ibm_kingston,516fac22a7de7c7485ebe5cd518ec5e695426213c3b2c286adcf026c78554362,/home/najeeb/qurift_satML/satml_results/noise/n3_attack_breadth/noisy_lira/sample_scores/MNIST_QNN_zz_r5_d6_s43_ideal_shot_sim0.npz,0.625,0.25,0.735,0.485,-0.0473913170560187,5
MNIST_QNN_zz_r5_d6_s43,zz_r5_d6,zz,5,6,43,43,ideal_shot,1,512,512,0,lira_online_fixed_variance,0.6941499999999999,0.6410081249999999,0.74231125,1000,0.16,0.05,0.25,0.1,200,200,16,3276800,204800,2026-08-18T20:33:07+08:00,ibm_kingston,516fac22a7de7c7485ebe5cd518ec5e695426213c3b2c286adcf026c78554362,/home/najeeb/qurift_satML/satml_results/noise/n3_attack_breadth/noisy_lira/sample_scores/MNIST_QNN_zz_r5_d6_s43_ideal_shot_sim0.npz,0.635,0.27,0.78,0.51,0.0186622723751088,5
MNIST_QNN_zz_r5_d6_s43,zz_r5_d6,zz,5,6,43,43,ideal_shot,1,512,512,0,lira_offline,0.4899749999999999,0.431515,0.5477775,1000,0.065,0.05,0.115,0.1,200,200,16,3276800,204800,2026-08-18T20:33:07+08:00,ibm_kingston,516fac22a7de7c7485ebe5cd518ec5e695426213c3b2c286adcf026c78554362,/home/najeeb/qurift_satML/satml_results/noise/n3_attack_breadth/noisy_lira/sample_scores/MNIST_QNN_zz_r5_d6_s43_ideal_shot_sim0.npz,0.48,-0.04,0.24,0.28,3.094846428750919,5
MNIST_QNN_zz_r5_d6_s43,zz_r5_d6,zz,5,6,43,43,ideal_shot,1,512,512,0,lira_offline_fixed_variance,0.496225,0.438474375,0.553450625,1000,0.085,0.045,0.105,0.075,200,200,16,3276800,204800,2026-08-18T20:33:07+08:00,ibm_kingston,516fac22a7de7c7485ebe5cd518ec5e695426213c3b2c286adcf026c78554362,/home/najeeb/qurift_satML/satml_results/noise/n3_attack_breadth/noisy_lira/sample_scores/MNIST_QNN_zz_r5_d6_s43_ideal_shot_sim0.npz,0.5,0.0,0.405,0.405,2.32969836655999,5
MNIST_QNN_zz_r5_d6_s43,zz_r5_d6,zz,5,6,43,43,ideal_shot,1,512,512,0,global_true_class_log_odds,0.6469750000000001,0.590169375,0.7004793749999999,1000,0.035,0.05,0.085,0.085,200,200,16,3276800,204800,2026-08-18T20:33:07+08:00,ibm_kingston,516fac22a7de7c7485ebe5cd518ec5e695426213c3b2c286adcf026c78554362,/home/najeeb/qurift_satML/satml_results/noise/n3_attack_breadth/noisy_lira/sample_scores/MNIST_QNN_zz_r5_d6_s43_ideal_shot_sim0.npz,0.625,0.25,0.845,0.595,-0.7821547322066683,5
MNIST_QNN_zz_r5_d6_s43,zz_r5_d6,zz,5,6,43,43,ideal_shot,1,512,512,1,lira_online,0.7149249999999999,0.6649287500000001,0.7674043749999999,1000,0.14,0.05,0.255,0.1,200,200,16,3276800,204800,2026-08-18T20:33:07+08:00,ibm_kingston,516fac22a7de7c7485ebe5cd518ec5e695426213c3b2c286adcf026c78554362,/home/najeeb/qurift_satML/satml_results/noise/n3_attack_breadth/noisy_lira/sample_scores/MNIST_QNN_zz_r5_d6_s43_ideal_shot_sim1.npz,0.675,0.35,0.77,0.42,-0.1796748795636329,5
MNIST_QNN_zz_r5_d6_s43,zz_r5_d6,zz,5,6,43,43,ideal_shot,1,512,512,1,lira_online_fixed_variance,0.7101249999999999,0.6608925,0.758511875,1000,0.12,0.05,0.255,0.1,200,200,16,3276800,204800,2026-08-18T20:33:07+08:00,ibm_kingston,516fac22a7de7c7485ebe5cd518ec5e695426213c3b2c286adcf026c78554362,/home/najeeb/qurift_satML/satml_results/noise/n3_attack_breadth/noisy_lira/sample_scores/MNIST_QNN_zz_r5_d6_s43_ideal_shot_sim1.npz,0.66,0.32,0.81,0.49,-0.1038803470266827,5
MNIST_QNN_zz_r5_d6_s43,zz_r5_d6,zz,5,6,43,43,ideal_shot,1,512,512,1,lira_offline,0.511625,0.454165,0.5670525000000001,1000,0.055,0.04,0.115,0.1,200,200,16,3276800,204800,2026-08-18T20:33:07+08:00,ibm_kingston,516fac22a7de7c7485ebe5cd518ec5e695426213c3b2c286adcf026c78554362,/home/najeeb/qurift_satML/satml_results/noise/n3_attack_breadth/noisy_lira/sample_scores/MNIST_QNN_zz_r5_d6_s43_ideal_shot_sim1.npz,0.5275,0.055,0.34,0.285,2.348143132306264,5
MNIST_QNN_zz_r5_d6_s43,zz_r5_d6,zz,5,6,43,43,ideal_shot,1,512,512,1,lira_offline_fixed_variance,0.519175,0.462438125,0.57577625,1000,0.06,0.05,0.13,0.1,200,200,16,3276800,204800,2026-08-18T20:33:07+08:00,ibm_kingston,516fac22a7de7c7485ebe5cd518ec5e695426213c3b2c286adcf026c78554362,/home/najeeb/qurift_satML/satml_results/noise/n3_attack_breadth/noisy_lira/sample_scores/MNIST_QNN_zz_r5_d6_s43_ideal_shot_sim1.npz,0.4875,-0.025,0.605,0.63,1.6673360085172124,5
MNIST_QNN_zz_r5_d6_s43,zz_r5_d6,zz,5,6,43,43,ideal_shot,1,512,512,1,global_true_class_log_odds,0.6472249999999999,0.592396875,0.7000593749999999,1000,0.02,0.03,0.085,0.095,200,200,16,3276800,204800,2026-08-18T20:33:07+08:00,ibm_kingston,516fac22a7de7c7485ebe5cd518ec5e695426213c3b2c286adcf026c78554362,/home/najeeb/qurift_satML/satml_results/noise/n3_attack_breadth/noisy_lira/sample_scores/MNIST_QNN_zz_r5_d6_s43_ideal_shot_sim1.npz,0.6575,0.3149999999999999,0.86,0.545,-0.3810550204663084,5
MNIST_QNN_zz_r5_d6_s43,zz_r5_d6,zz,5,6,43,43,ideal_shot,1,512,512,2,lira_online,0.7069,0.65283375,0.75495125,1000,0.165,0.045,0.295,0.1,200,200,16,3276800,204800,2026-08-18T20:33:07+08:00,ibm_kingston,516fac22a7de7c7485ebe5cd518ec5e695426213c3b2c286adcf026c78554362,/home/najeeb/qurift_satML/satml_results/noise/n3_attack_breadth/noisy_lira/sample_scores/MNIST_QNN_zz_r5_d6_s43_ideal_shot_sim2.npz,0.6675,0.3349999999999999,0.85,0.515,-0.3558629089932523,5
MNIST_QNN_zz_r5_d6_s43,zz_r5_d6,zz,5,6,43,43,ideal_shot,1,512,512,2,lira_online_fixed_variance,0.7237500000000001,0.670615625,0.76678125,1000,0.185,0.05,0.255,0.095,200,200,16,3276800,204800,2026-08-18T20:33:07+08:00,ibm_kingston,516fac22a7de7c7485ebe5cd518ec5e695426213c3b2c286adcf026c78554362,/home/najeeb/qurift_satML/satml_results/noise/n3_attack_breadth/noisy_lira/sample_scores/MNIST_QNN_zz_r5_d6_s43_ideal_shot_sim2.npz,0.6499999999999999,0.3,0.73,0.43,0.0159131343585665,5
MNIST_QNN_zz_r5_d6_s43,zz_r5_d6,zz,5,6,43,43,ideal_shot,1,512,512,2,lira_offline,0.53085,0.47486375,0.587183125,1000,0.035,0.04,0.12,0.095,200,200,16,3276800,204800,2026-08-18T20:33:07+08:00,ibm_kingston,516fac22a7de7c7485ebe5cd518ec5e695426213c3b2c286adcf026c78554362,/home/najeeb/qurift_satML/satml_results/noise/n3_attack_breadth/noisy_lira/sample_scores/MNIST_QNN_zz_r5_d6_s43_ideal_shot_sim2.npz,0.54,0.08,0.56,0.48,1.9226592127302755,5
MNIST_QNN_zz_r5_d6_s43,zz_r5_d6,zz,5,6,43,43,ideal_shot,1,512,512,2,lira_offline_fixed_variance,0.52645,0.47569625,0.5829337499999999,1000,0.075,0.045,0.12,0.1,200,200,16,3276800,204800,2026-08-18T20:33:07+08:00,ibm_kingston,516fac22a7de7c7485ebe5cd518ec5e695426213c3b2c286adcf026c78554362,/home/najeeb/qurift_satML/satml_results/noise/n3_attack_breadth/noisy_lira/sample_scores/MNIST_QNN_zz_r5_d6_s43_ideal_shot_sim2.npz,0.5,0.0,0.38,0.38,2.174196944621711,5
MNIST_QNN_zz_r5_d6_s43,zz_r5_d6,zz,5,6,43,43,ideal_shot,1,512,512,2,global_true_class_log_odds,0.64205,0.5847268750000001,0.6973825,1000,0.03,0.035,0.105,0.1,200,200,16,3276800,204800,2026-08-18T20:33:07+08:00,ibm_kingston,516fac22a7de7c7485ebe5cd518ec5e695426213c3b2c286adcf026c78554362,/home/najeeb/qurift_satML/satml_results/noise/n3_attack_breadth/noisy_lira/sample_scores/MNIST_QNN_zz_r5_d6_s43_ideal_shot_sim2.npz,0.63,0.26,0.855,0.595,-0.8480540454965103,5
MNIST_QNN_zz_r5_d6_s43,zz_r5_d6,zz,5,6,43,43,ideal_shot,1,512,512,3,lira_online,0.6916249999999999,0.6422650000000001,0.7440512499999999,1000,0.135,0.05,0.23,0.1,200,200,16,3276800,204800,2026-08-18T20:33:07+08:00,ibm_kingston,516fac22a7de7c7485ebe5cd518ec5e695426213c3b2c286adcf026c78554362,/home/najeeb/qurift_satML/satml_results/noise/n3_attack_breadth/noisy_lira/sample_scores/MNIST_QNN_zz_r5_d6_s43_ideal_shot_sim3.npz,0.6425000000000001,0.285,0.795,0.51,-0.3991567540601199,5
MNIST_QNN_zz_r5_d6_s43,zz_r5_d6,zz,5,6,43,43,ideal_shot,1,512,512,3,lira_online_fixed_variance,0.7024,0.6546974999999999,0.749705,1000,0.1,0.045,0.205,0.095,200,200,16,3276800,204800,2026-08-18T20:33:07+08:00,ibm_kingston,516fac22a7de7c7485ebe5cd518ec5e695426213c3b2c286adcf026c78554362,/home/najeeb/qurift_satML/satml_results/noise/n3_attack_breadth/noisy_lira/sample_scores/MNIST_QNN_zz_r5_d6_s43_ideal_shot_sim3.npz,0.6425,0.285,0.715,0.43,0.1555921785828904,5
MNIST_QNN_zz_r5_d6_s43,zz_r5_d6,zz,5,6,43,43,ideal_shot,1,512,512,3,lira_offline,0.5284249999999999,0.473068125,0.587176875,1000,0.065,0.05,0.14,0.1,200,200,16,3276800,204800,2026-08-18T20:33:07+08:00,ibm_kingston,516fac22a7de7c7485ebe5cd518ec5e695426213c3b2c286adcf026c78554362,/home/najeeb/qurift_satML/satml_results/noise/n3_attack_breadth/noisy_lira/sample_scores/MNIST_QNN_zz_r5_d6_s43_ideal_shot_sim3.npz,0.5275000000000001,0.055,0.535,0.48,2.000015568836667,5
MNIST_QNN_zz_r5_d6_s43,zz_r5_d6,zz,5,6,43,43,ideal_shot,1,512,512,3,lira_offline_fixed_variance,0.53015,0.46811875,0.585363125,1000,0.075,0.05,0.12,0.09,200,200,16,3276800,204800,2026-08-18T20:33:07+08:00,ibm_kingston,516fac22a7de7c7485ebe5cd518ec5e695426213c3b2c286adcf026c78554362,/home/najeeb/qurift_satML/satml_results/noise/n3_attack_breadth/noisy_lira/sample_scores/MNIST_QNN_zz_r5_d6_s43_ideal_shot_sim3.npz,0.5375,0.075,0.485,0.41,1.9652023465938075,5
MNIST_QNN_zz_r5_d6_s43,zz_r5_d6,zz,5,6,43,43,ideal_shot,1,512,512,3,global_true_class_log_odds,0.66005,0.6052474999999999,0.71682875,1000,0.045,0.05,0.105,0.1,200,200,16,3276800,204800,2026-08-18T20:33:07+08:00,ibm_kingston,516fac22a7de7c7485ebe5cd518ec5e695426213c3b2c286adcf026c78554362,/home/najeeb/qurift_satML/satml_results/noise/n3_attack_breadth/noisy_lira/sample_scores/MNIST_QNN_zz_r5_d6_s43_ideal_shot_sim3.npz,0.63,0.26,0.85,0.59,-0.8431730141296888,5
MNIST_QNN_zz_r5_d6_s43,zz_r5_d6,zz,5,6,43,43,ideal_shot,1,512,512,4,lira_online,0.700775,0.650074375,0.7509087499999999,1000,0.145,0.035,0.235,0.095,200,200,16,3276800,204800,2026-08-18T20:33:07+08:00,ibm_kingston,516fac22a7de7c7485ebe5cd518ec5e695426213c3b2c286adcf026c78554362,/home/najeeb/qurift_satML/satml_results/noise/n3_attack_breadth/noisy_lira/sample_scores/MNIST_QNN_zz_r5_d6_s43_ideal_shot_sim4.npz,0.6499999999999999,0.2999999999999999,0.825,0.525,-0.5284101166550135,5
MNIST_QNN_zz_r5_d6_s43,zz_r5_d6,zz,5,6,43,43,ideal_shot,1,512,512,4,lira_online_fixed_variance,0.69705,0.644581875,0.745275625,1000,0.175,0.045,0.22,0.095,200,200,16,3276800,204800,2026-08-18T20:33:07+08:00,ibm_kingston,516fac22a7de7c7485ebe5cd518ec5e695426213c3b2c286adcf026c78554362,/home/najeeb/qurift_satML/satml_results/noise/n3_attack_breadth/noisy_lira/sample_scores/MNIST_QNN_zz_r5_d6_s43_ideal_shot_sim4.npz,0.6575,0.315,0.785,0.47,-0.1876041304014442,5
MNIST_QNN_zz_r5_d6_s43,zz_r5_d6,zz,5,6,43,43,ideal_shot,1,512,512,4,lira_offline,0.5048,0.450311875,0.5621275,1000,0.055,0.045,0.085,0.1,200,200,16,3276800,204800,2026-08-18T20:33:07+08:00,ibm_kingston,516fac22a7de7c7485ebe5cd518ec5e695426213c3b2c286adcf026c78554362,/home/najeeb/qurift_satML/satml_results/noise/n3_attack_breadth/noisy_lira/sample_scores/MNIST_QNN_zz_r5_d6_s43_ideal_shot_sim4.npz,0.46,-0.0799999999999999,0.655,0.735,1.8897138477397348,5
MNIST_QNN_zz_r5_d6_s43,zz_r5_d6,zz,5,6,43,43,ideal_shot,1,512,512,4,lira_offline_fixed_variance,0.5025999999999999,0.446645625,0.5568768749999999,1000,0.035,0.04,0.105,0.095,200,200,16,3276800,204800,2026-08-18T20:33:07+08:00,ibm_kingston,516fac22a7de7c7485ebe5cd518ec5e695426213c3b2c286adcf026c78554362,/home/najeeb/qurift_satML/satml_results/noise/n3_attack_breadth/noisy_lira/sample_scores/MNIST_QNN_zz_r5_d6_s43_ideal_shot_sim4.npz,0.4725,-0.055,0.69,0.745,1.6862698468787034,5
MNIST_QNN_zz_r5_d6_s43,zz_r5_d6,zz,5,6,43,43,ideal_shot,1,512,512,4,global_true_class_log_odds,0.65165,0.601255,0.707406875,1000,0.03,0.045,0.06,0.1,200,200,16,3276800,204800,2026-08-18T20:33:07+08:00,ibm_kingston,516fac22a7de7c7485ebe5cd518ec5e695426213c3b2c286adcf026c78554362,/home/najeeb/qurift_satML/satml_results/noise/n3_attack_breadth/noisy_lira/sample_scores/MNIST_QNN_zz_r5_d6_s43_ideal_shot_sim4.npz,0.6325000000000001,0.265,0.89,0.625,-1.037657864350476,5
MNIST_QNN_zz_r5_d6_s43,zz_r5_d6,zz,5,6,43,43,noisy_shot,1,512,512,0,lira_online,0.5601499999999999,0.504798125,0.6160074999999999,1000,0.06,0.05,0.125,0.095,200,200,16,3276800,204800,2026-08-18T20:33:07+08:00,ibm_kingston,516fac22a7de7c7485ebe5cd518ec5e695426213c3b2c286adcf026c78554362,/home/najeeb/qurift_satML/satml_results/noise/n3_attack_breadth/noisy_lira/sample_scores/MNIST_QNN_zz_r5_d6_s43_noisy_shot_sim0.npz,0.5675,0.135,0.79,0.655,-0.3859321418363696,5
MNIST_QNN_zz_r5_d6_s43,zz_r5_d6,zz,5,6,43,43,noisy_shot,1,512,512,0,lira_online_fixed_variance,0.566675,0.512004375,0.626506875,1000,0.065,0.045,0.11,0.1,200,200,16,3276800,204800,2026-08-18T20:33:07+08:00,ibm_kingston,516fac22a7de7c7485ebe5cd518ec5e695426213c3b2c286adcf026c78554362,/home/najeeb/qurift_satML/satml_results/noise/n3_attack_breadth/noisy_lira/sample_scores/MNIST_QNN_zz_r5_d6_s43_noisy_shot_sim0.npz,0.5525,0.1049999999999999,0.645,0.54,-0.0413664703713932,5
MNIST_QNN_zz_r5_d6_s43,zz_r5_d6,zz,5,6,43,43,noisy_shot,1,512,512,0,lira_offline,0.477025,0.423324375,0.534675,1000,0.03,0.04,0.085,0.1,200,200,16,3276800,204800,2026-08-18T20:33:07+08:00,ibm_kingston,516fac22a7de7c7485ebe5cd518ec5e695426213c3b2c286adcf026c78554362,/home/najeeb/qurift_satML/satml_results/noise/n3_attack_breadth/noisy_lira/sample_scores/MNIST_QNN_zz_r5_d6_s43_noisy_shot_sim0.npz,0.4575,-0.085,0.46,0.545,1.2684168911321638,5
MNIST_QNN_zz_r5_d6_s43,zz_r5_d6,zz,5,6,43,43,noisy_shot,1,512,512,0,lira_offline_fixed_variance,0.478775,0.424625,0.534086875,1000,0.05,0.04,0.085,0.09,200,200,16,3276800,204800,2026-08-18T20:33:07+08:00,ibm_kingston,516fac22a7de7c7485ebe5cd518ec5e695426213c3b2c286adcf026c78554362,/home/najeeb/qurift_satML/satml_results/noise/n3_attack_breadth/noisy_lira/sample_scores/MNIST_QNN_zz_r5_d6_s43_noisy_shot_sim0.npz,0.475,-0.0499999999999999,0.465,0.515,0.8165073890932273,5
MNIST_QNN_zz_r5_d6_s43,zz_r5_d6,zz,5,6,43,43,noisy_shot,1,512,512,0,global_true_class_log_odds,0.556525,0.499700625,0.6111356250000001,1000,0.055,0.05,0.125,0.1,200,200,16,3276800,204800,2026-08-18T20:33:07+08:00,ibm_kingston,516fac22a7de7c7485ebe5cd518ec5e695426213c3b2c286adcf026c78554362,/home/najeeb/qurift_satML/satml_results/noise/n3_attack_breadth/noisy_lira/sample_scores/MNIST_QNN_zz_r5_d6_s43_noisy_shot_sim0.npz,0.5499999999999999,0.0999999999999999,0.69,0.59,-1.3163760136302858,5
MNIST_QNN_zz_r5_d6_s43,zz_r5_d6,zz,5,6,43,43,noisy_shot,1,512,512,1,lira_online,0.5238499999999999,0.466993125,0.5789356250000001,1000,0.02,0.045,0.065,0.09,200,200,16,3276800,204800,2026-08-18T20:33:07+08:00,ibm_kingston,516fac22a7de7c7485ebe5cd518ec5e695426213c3b2c286adcf026c78554362,/home/najeeb/qurift_satML/satml_results/noise/n3_attack_breadth/noisy_lira/sample_scores/MNIST_QNN_zz_r5_d6_s43_noisy_shot_sim1.npz,0.5325,0.0649999999999999,0.84,0.775,-0.8002423733035497,5
MNIST_QNN_zz_r5_d6_s43,zz_r5_d6,zz,5,6,43,43,noisy_shot,1,512,512,1,lira_online_fixed_variance,0.5666249999999999,0.5099375,0.6236050000000001,1000,0.075,0.05,0.125,0.1,200,200,16,3276800,204800,2026-08-18T20:33:07+08:00,ibm_kingston,516fac22a7de7c7485ebe5cd518ec5e695426213c3b2c286adcf026c78554362,/home/najeeb/qurift_satML/satml_results/noise/n3_attack_breadth/noisy_lira/sample_scores/MNIST_QNN_zz_r5_d6_s43_noisy_shot_sim1.npz,0.5800000000000001,0.1599999999999999,0.625,0.465,0.0434326245424947,5
MNIST_QNN_zz_r5_d6_s43,zz_r5_d6,zz,5,6,43,43,noisy_shot,1,512,512,1,lira_offline,0.4428000000000001,0.382945,0.4930668749999999,1000,0.005,0.04,0.035,0.095,200,200,16,3276800,204800,2026-08-18T20:33:07+08:00,ibm_kingston,516fac22a7de7c7485ebe5cd518ec5e695426213c3b2c286adcf026c78554362,/home/najeeb/qurift_satML/satml_results/noise/n3_attack_breadth/noisy_lira/sample_scores/MNIST_QNN_zz_r5_d6_s43_noisy_shot_sim1.npz,0.4775,-0.0449999999999999,0.4,0.445,1.0934590447704822,5
MNIST_QNN_zz_r5_d6_s43,zz_r5_d6,zz,5,6,43,43,noisy_shot,1,512,512,1,lira_offline_fixed_variance,0.44945,0.390829375,0.505275,1000,0.02,0.04,0.075,0.1,200,200,16,3276800,204800,2026-08-18T20:33:07+08:00,ibm_kingston,516fac22a7de7c7485ebe5cd518ec5e695426213c3b2c286adcf026c78554362,/home/najeeb/qurift_satML/satml_results/noise/n3_attack_breadth/noisy_lira/sample_scores/MNIST_QNN_zz_r5_d6_s43_noisy_shot_sim1.npz,0.4925,-0.015,0.74,0.755,0.7813296609716078,5
MNIST_QNN_zz_r5_d6_s43,zz_r5_d6,zz,5,6,43,43,noisy_shot,1,512,512,1,global_true_class_log_odds,0.558225,0.502613125,0.614856875,1000,0.055,0.05,0.12,0.095,200,200,16,3276800,204800,2026-08-18T20:33:07+08:00,ibm_kingston,516fac22a7de7c7485ebe5cd518ec5e695426213c3b2c286adcf026c78554362,/home/najeeb/qurift_satML/satml_results/noise/n3_attack_breadth/noisy_lira/sample_scores/MNIST_QNN_zz_r5_d6_s43_noisy_shot_sim1.npz,0.5475,0.0949999999999999,0.815,0.72,-1.759830579465285,5
MNIST_QNN_zz_r5_d6_s43,zz_r5_d6,zz,5,6,43,43,noisy_shot,1,512,512,2,lira_online,0.519575,0.460785,0.58043,1000,0.035,0.05,0.115,0.1,200,200,16,3276800,204800,2026-08-18T20:33:07+08:00,ibm_kingston,516fac22a7de7c7485ebe5cd518ec5e695426213c3b2c286adcf026c78554362,/home/najeeb/qurift_satML/satml_results/noise/n3_attack_breadth/noisy_lira/sample_scores/MNIST_QNN_zz_r5_d6_s43_noisy_shot_sim2.npz,0.5025000000000001,0.005,0.545,0.54,0.0884358367265421,5
MNIST_QNN_zz_r5_d6_s43,zz_r5_d6,zz,5,6,43,43,noisy_shot,1,512,512,2,lira_online_fixed_variance,0.5343749999999999,0.477988125,0.59092375,1000,0.085,0.04,0.14,0.1,200,200,16,3276800,204800,2026-08-18T20:33:07+08:00,ibm_kingston,516fac22a7de7c7485ebe5cd518ec5e695426213c3b2c286adcf026c78554362,/home/najeeb/qurift_satML/satml_results/noise/n3_attack_breadth/noisy_lira/sample_scores/MNIST_QNN_zz_r5_d6_s43_noisy_shot_sim2.npz,0.495,-0.01,0.495,0.505,0.0470174755509538,5
MNIST_QNN_zz_r5_d6_s43,zz_r5_d6,zz,5,6,43,43,noisy_shot,1,512,512,2,lira_offline,0.5053749999999999,0.450543125,0.559030625,1000,0.045,0.05,0.1,0.095,200,200,16,3276800,204800,2026-08-18T20:33:07+08:00,ibm_kingston,516fac22a7de7c7485ebe5cd518ec5e695426213c3b2c286adcf026c78554362,/home/najeeb/qurift_satML/satml_results/noise/n3_attack_breadth/noisy_lira/sample_scores/MNIST_QNN_zz_r5_d6_s43_noisy_shot_sim2.npz,0.485,-0.03,0.565,0.595,0.9420612315090204,5
MNIST_QNN_zz_r5_d6_s43,zz_r5_d6,zz,5,6,43,43,noisy_shot,1,512,512,2,lira_offline_fixed_variance,0.49575,0.4386075,0.550855,1000,0.06,0.04,0.13,0.1,200,200,16,3276800,204800,2026-08-18T20:33:07+08:00,ibm_kingston,516fac22a7de7c7485ebe5cd518ec5e695426213c3b2c286adcf026c78554362,/home/najeeb/qurift_satML/satml_results/noise/n3_attack_breadth/noisy_lira/sample_scores/MNIST_QNN_zz_r5_d6_s43_noisy_shot_sim2.npz,0.4599999999999999,-0.08,0.305,0.385,1.4569872988475263,5
MNIST_QNN_zz_r5_d6_s43,zz_r5_d6,zz,5,6,43,43,noisy_shot,1,512,512,2,global_true_class_log_odds,0.5688,0.513834375,0.62433375,1000,0.125,0.05,0.19,0.1,200,200,16,3276800,204800,2026-08-18T20:33:07+08:00,ibm_kingston,516fac22a7de7c7485ebe5cd518ec5e695426213c3b2c286adcf026c78554362,/home/najeeb/qurift_satML/satml_results/noise/n3_attack_breadth/noisy_lira/sample_scores/MNIST_QNN_zz_r5_d6_s43_noisy_shot_sim2.npz,0.53,0.06,0.51,0.45,-0.9561258785892256,5
MNIST_QNN_zz_r5_d6_s43,zz_r5_d6,zz,5,6,43,43,noisy_shot,1,512,512,3,lira_online,0.589825,0.536396875,0.64753,1000,0.07,0.045,0.17,0.095,200,200,16,3276800,204800,2026-08-18T20:33:07+08:00,ibm_kingston,516fac22a7de7c7485ebe5cd518ec5e695426213c3b2c286adcf026c78554362,/home/najeeb/qurift_satML/satml_results/noise/n3_attack_breadth/noisy_lira/sample_scores/MNIST_QNN_zz_r5_d6_s43_noisy_shot_sim3.npz,0.5774999999999999,0.1549999999999999,0.585,0.43,0.0238133033831962,5
MNIST_QNN_zz_r5_d6_s43,zz_r5_d6,zz,5,6,43,43,noisy_shot,1,512,512,3,lira_online_fixed_variance,0.5855,0.5283175,0.637625625,1000,0.105,0.05,0.14,0.1,200,200,16,3276800,204800,2026-08-18T20:33:07+08:00,ibm_kingston,516fac22a7de7c7485ebe5cd518ec5e695426213c3b2c286adcf026c78554362,/home/najeeb/qurift_satML/satml_results/noise/n3_attack_breadth/noisy_lira/sample_scores/MNIST_QNN_zz_r5_d6_s43_noisy_shot_sim3.npz,0.5725,0.145,0.555,0.41,0.0716729879498013,5
MNIST_QNN_zz_r5_d6_s43,zz_r5_d6,zz,5,6,43,43,noisy_shot,1,512,512,3,lira_offline,0.515275,0.457846875,0.574528125,1000,0.06,0.05,0.105,0.085,200,200,16,3276800,204800,2026-08-18T20:33:07+08:00,ibm_kingston,516fac22a7de7c7485ebe5cd518ec5e695426213c3b2c286adcf026c78554362,/home/najeeb/qurift_satML/satml_results/noise/n3_attack_breadth/noisy_lira/sample_scores/MNIST_QNN_zz_r5_d6_s43_noisy_shot_sim3.npz,0.49,-0.02,0.71,0.73,0.8089958150468207,5
MNIST_QNN_zz_r5_d6_s43,zz_r5_d6,zz,5,6,43,43,noisy_shot,1,512,512,3,lira_offline_fixed_variance,0.5062,0.45344125,0.563104375,1000,0.045,0.025,0.11,0.095,200,200,16,3276800,204800,2026-08-18T20:33:07+08:00,ibm_kingston,516fac22a7de7c7485ebe5cd518ec5e695426213c3b2c286adcf026c78554362,/home/najeeb/qurift_satML/satml_results/noise/n3_attack_breadth/noisy_lira/sample_scores/MNIST_QNN_zz_r5_d6_s43_noisy_shot_sim3.npz,0.4825,-0.0349999999999999,0.265,0.3,1.9275309544306312,5
MNIST_QNN_zz_r5_d6_s43,zz_r5_d6,zz,5,6,43,43,noisy_shot,1,512,512,3,global_true_class_log_odds,0.5385500000000001,0.480671875,0.596786875,1000,0.065,0.05,0.12,0.095,200,200,16,3276800,204800,2026-08-18T20:33:07+08:00,ibm_kingston,516fac22a7de7c7485ebe5cd518ec5e695426213c3b2c286adcf026c78554362,/home/najeeb/qurift_satML/satml_results/noise/n3_attack_breadth/noisy_lira/sample_scores/MNIST_QNN_zz_r5_d6_s43_noisy_shot_sim3.npz,0.515,0.0299999999999999,0.475,0.445,-1.1856909857938331,5
MNIST_QNN_zz_r5_d6_s43,zz_r5_d6,zz,5,6,43,43,noisy_shot,1,512,512,4,lira_online,0.5482,0.4890137499999999,0.603478125,1000,0.055,0.05,0.1,0.09,200,200,16,3276800,204800,2026-08-18T20:33:07+08:00,ibm_kingston,516fac22a7de7c7485ebe5cd518ec5e695426213c3b2c286adcf026c78554362,/home/najeeb/qurift_satML/satml_results/noise/n3_attack_breadth/noisy_lira/sample_scores/MNIST_QNN_zz_r5_d6_s43_noisy_shot_sim4.npz,0.5575000000000001,0.115,0.56,0.445,0.0656133429479064,5
MNIST_QNN_zz_r5_d6_s43,zz_r5_d6,zz,5,6,43,43,noisy_shot,1,512,512,4,lira_online_fixed_variance,0.55745,0.50461125,0.6116762499999999,1000,0.07,0.05,0.115,0.1,200,200,16,3276800,204800,2026-08-18T20:33:07+08:00,ibm_kingston,516fac22a7de7c7485ebe5cd518ec5e695426213c3b2c286adcf026c78554362,/home/najeeb/qurift_satML/satml_results/noise/n3_attack_breadth/noisy_lira/sample_scores/MNIST_QNN_zz_r5_d6_s43_noisy_shot_sim4.npz,0.5375,0.0749999999999999,0.715,0.64,-0.1551129736376623,5
MNIST_QNN_zz_r5_d6_s43,zz_r5_d6,zz,5,6,43,43,noisy_shot,1,512,512,4,lira_offline,0.473525,0.418681875,0.528856875,1000,0.05,0.04,0.065,0.1,200,200,16,3276800,204800,2026-08-18T20:33:07+08:00,ibm_kingston,516fac22a7de7c7485ebe5cd518ec5e695426213c3b2c286adcf026c78554362,/home/najeeb/qurift_satML/satml_results/noise/n3_attack_breadth/noisy_lira/sample_scores/MNIST_QNN_zz_r5_d6_s43_noisy_shot_sim4.npz,0.4825,-0.0349999999999999,0.39,0.425,1.132424196147666,5
MNIST_QNN_zz_r5_d6_s43,zz_r5_d6,zz,5,6,43,43,noisy_shot,1,512,512,4,lira_offline_fixed_variance,0.4752499999999999,0.4188975,0.5311775,1000,0.065,0.045,0.095,0.095,200,200,16,3276800,204800,2026-08-18T20:33:07+08:00,ibm_kingston,516fac22a7de7c7485ebe5cd518ec5e695426213c3b2c286adcf026c78554362,/home/najeeb/qurift_satML/satml_results/noise/n3_attack_breadth/noisy_lira/sample_scores/MNIST_QNN_zz_r5_d6_s43_noisy_shot_sim4.npz,0.4649999999999999,-0.07,0.425,0.495,1.1627681124504357,5
MNIST_QNN_zz_r5_d6_s43,zz_r5_d6,zz,5,6,43,43,noisy_shot,1,512,512,4,global_true_class_log_odds,0.5423500000000001,0.48554875,0.5980512499999999,1000,0.045,0.045,0.135,0.1,200,200,16,3276800,204800,2026-08-18T20:33:07+08:00,ibm_kingston,516fac22a7de7c7485ebe5cd518ec5e695426213c3b2c286adcf026c78554362,/home/najeeb/qurift_satML/satml_results/noise/n3_attack_breadth/noisy_lira/sample_scores/MNIST_QNN_zz_r5_d6_s43_noisy_shot_sim4.npz,0.51,0.02,0.675,0.655,-1.7151762544456697,5
MNIST_QNN_zz_r5_d6_s44,zz_r5_d6,zz,5,6,44,43,ideal_shot,1,512,512,0,lira_online,0.74045,0.689183125,0.789978125,1000,0.115,0.035,0.255,0.1,200,200,16,3276800,204800,2026-08-18T20:33:07+08:00,ibm_kingston,516fac22a7de7c7485ebe5cd518ec5e695426213c3b2c286adcf026c78554362,/home/najeeb/qurift_satML/satml_results/noise/n3_attack_breadth/noisy_lira/sample_scores/MNIST_QNN_zz_r5_d6_s44_ideal_shot_sim0.npz,0.66,0.32,0.665,0.345,0.0466824356801043,5
MNIST_QNN_zz_r5_d6_s44,zz_r5_d6,zz,5,6,44,43,ideal_shot,1,512,512,0,lira_online_fixed_variance,0.7513,0.706088125,0.794250625,1000,0.185,0.045,0.295,0.095,200,200,16,3276800,204800,2026-08-18T20:33:07+08:00,ibm_kingston,516fac22a7de7c7485ebe5cd518ec5e695426213c3b2c286adcf026c78554362,/home/najeeb/qurift_satML/satml_results/noise/n3_attack_breadth/noisy_lira/sample_scores/MNIST_QNN_zz_r5_d6_s44_ideal_shot_sim0.npz,0.685,0.37,0.675,0.305,0.2810939756110275,5
MNIST_QNN_zz_r5_d6_s44,zz_r5_d6,zz,5,6,44,43,ideal_shot,1,512,512,0,lira_offline,0.5353749999999999,0.479979375,0.587315625,1000,0.07,0.045,0.145,0.1,200,200,16,3276800,204800,2026-08-18T20:33:07+08:00,ibm_kingston,516fac22a7de7c7485ebe5cd518ec5e695426213c3b2c286adcf026c78554362,/home/najeeb/qurift_satML/satml_results/noise/n3_attack_breadth/noisy_lira/sample_scores/MNIST_QNN_zz_r5_d6_s44_ideal_shot_sim0.npz,0.5025000000000001,0.005,0.34,0.335,2.1691633269911588,5
MNIST_QNN_zz_r5_d6_s44,zz_r5_d6,zz,5,6,44,43,ideal_shot,1,512,512,0,lira_offline_fixed_variance,0.5311250000000001,0.47177125,0.58568875,1000,0.055,0.04,0.13,0.1,200,200,16,3276800,204800,2026-08-18T20:33:07+08:00,ibm_kingston,516fac22a7de7c7485ebe5cd518ec5e695426213c3b2c286adcf026c78554362,/home/najeeb/qurift_satML/satml_results/noise/n3_attack_breadth/noisy_lira/sample_scores/MNIST_QNN_zz_r5_d6_s44_ideal_shot_sim0.npz,0.5175,0.035,0.33,0.295,2.6009704330872454,5
MNIST_QNN_zz_r5_d6_s44,zz_r5_d6,zz,5,6,44,43,ideal_shot,1,512,512,0,global_true_class_log_odds,0.675775,0.618574375,0.72708125,1000,0.05,0.045,0.12,0.1,200,200,16,3276800,204800,2026-08-18T20:33:07+08:00,ibm_kingston,516fac22a7de7c7485ebe5cd518ec5e695426213c3b2c286adcf026c78554362,/home/najeeb/qurift_satML/satml_results/noise/n3_attack_breadth/noisy_lira/sample_scores/MNIST_QNN_zz_r5_d6_s44_ideal_shot_sim0.npz,0.6599999999999999,0.3199999999999999,0.835,0.515,-0.4301818686008307,5
MNIST_QNN_zz_r5_d6_s44,zz_r5_d6,zz,5,6,44,43,ideal_shot,1,512,512,1,lira_online,0.735125,0.68304875,0.7859050000000001,1000,0.145,0.05,0.21,0.07,200,200,16,3276800,204800,2026-08-18T20:33:07+08:00,ibm_kingston,516fac22a7de7c7485ebe5cd518ec5e695426213c3b2c286adcf026c78554362,/home/najeeb/qurift_satML/satml_results/noise/n3_attack_breadth/noisy_lira/sample_scores/MNIST_QNN_zz_r5_d6_s44_ideal_shot_sim1.npz,0.675,0.35,0.73,0.38,0.0416803773692313,5
MNIST_QNN_zz_r5_d6_s44,zz_r5_d6,zz,5,6,44,43,ideal_shot,1,512,512,1,lira_online_fixed_variance,0.745125,0.6948481249999999,0.79188125,1000,0.13,0.05,0.285,0.1,200,200,16,3276800,204800,2026-08-18T20:33:07+08:00,ibm_kingston,516fac22a7de7c7485ebe5cd518ec5e695426213c3b2c286adcf026c78554362,/home/najeeb/qurift_satML/satml_results/noise/n3_attack_breadth/noisy_lira/sample_scores/MNIST_QNN_zz_r5_d6_s44_ideal_shot_sim1.npz,0.6950000000000001,0.3899999999999999,0.725,0.335,0.1581309072501207,5
MNIST_QNN_zz_r5_d6_s44,zz_r5_d6,zz,5,6,44,43,ideal_shot,1,512,512,1,lira_offline,0.5502250000000001,0.4980168749999999,0.6024999999999999,1000,0.055,0.045,0.075,0.095,200,200,16,3276800,204800,2026-08-18T20:33:07+08:00,ibm_kingston,516fac22a7de7c7485ebe5cd518ec5e695426213c3b2c286adcf026c78554362,/home/najeeb/qurift_satML/satml_results/noise/n3_attack_breadth/noisy_lira/sample_scores/MNIST_QNN_zz_r5_d6_s44_ideal_shot_sim1.npz,0.5275000000000001,0.0549999999999999,0.5,0.445,2.162848576856842,5
MNIST_QNN_zz_r5_d6_s44,zz_r5_d6,zz,5,6,44,43,ideal_shot,1,512,512,1,lira_offline_fixed_variance,0.55615,0.49889875,0.61433375,1000,0.065,0.05,0.105,0.1,200,200,16,3276800,204800,2026-08-18T20:33:07+08:00,ibm_kingston,516fac22a7de7c7485ebe5cd518ec5e695426213c3b2c286adcf026c78554362,/home/najeeb/qurift_satML/satml_results/noise/n3_attack_breadth/noisy_lira/sample_scores/MNIST_QNN_zz_r5_d6_s44_ideal_shot_sim1.npz,0.5249999999999999,0.0499999999999999,0.57,0.52,1.8240878168372543,5
MNIST_QNN_zz_r5_d6_s44,zz_r5_d6,zz,5,6,44,43,ideal_shot,1,512,512,1,global_true_class_log_odds,0.667025,0.61021125,0.720264375,1000,0.06,0.045,0.125,0.1,200,200,16,3276800,204800,2026-08-18T20:33:07+08:00,ibm_kingston,516fac22a7de7c7485ebe5cd518ec5e695426213c3b2c286adcf026c78554362,/home/najeeb/qurift_satML/satml_results/noise/n3_attack_breadth/noisy_lira/sample_scores/MNIST_QNN_zz_r5_d6_s44_ideal_shot_sim1.npz,0.6575,0.3149999999999999,0.835,0.52,-0.1799366975996721,5
MNIST_QNN_zz_r5_d6_s44,zz_r5_d6,zz,5,6,44,43,ideal_shot,1,512,512,2,lira_online,0.74465,0.695900625,0.79136,1000,0.13,0.05,0.275,0.1,200,200,16,3276800,204800,2026-08-18T20:33:07+08:00,ibm_kingston,516fac22a7de7c7485ebe5cd518ec5e695426213c3b2c286adcf026c78554362,/home/najeeb/qurift_satML/satml_results/noise/n3_attack_breadth/noisy_lira/sample_scores/MNIST_QNN_zz_r5_d6_s44_ideal_shot_sim2.npz,0.6925,0.3849999999999999,0.825,0.44,-0.3754252600486039,5
MNIST_QNN_zz_r5_d6_s44,zz_r5_d6,zz,5,6,44,43,ideal_shot,1,512,512,2,lira_online_fixed_variance,0.7515750000000001,0.702021875,0.799739375,1000,0.16,0.05,0.345,0.1,200,200,16,3276800,204800,2026-08-18T20:33:07+08:00,ibm_kingston,516fac22a7de7c7485ebe5cd518ec5e695426213c3b2c286adcf026c78554362,/home/najeeb/qurift_satML/satml_results/noise/n3_attack_breadth/noisy_lira/sample_scores/MNIST_QNN_zz_r5_d6_s44_ideal_shot_sim2.npz,0.6725,0.345,0.69,0.345,0.2337744709335032,5
MNIST_QNN_zz_r5_d6_s44,zz_r5_d6,zz,5,6,44,43,ideal_shot,1,512,512,2,lira_offline,0.54435,0.485970625,0.6015262499999999,1000,0.045,0.045,0.09,0.1,200,200,16,3276800,204800,2026-08-18T20:33:07+08:00,ibm_kingston,516fac22a7de7c7485ebe5cd518ec5e695426213c3b2c286adcf026c78554362,/home/najeeb/qurift_satML/satml_results/noise/n3_attack_breadth/noisy_lira/sample_scores/MNIST_QNN_zz_r5_d6_s44_ideal_shot_sim2.npz,0.55,0.1,0.54,0.44,2.0390259958264205,5
MNIST_QNN_zz_r5_d6_s44,zz_r5_d6,zz,5,6,44,43,ideal_shot,1,512,512,2,lira_offline_fixed_variance,0.5309,0.474196875,0.58727875,1000,0.06,0.04,0.09,0.1,200,200,16,3276800,204800,2026-08-18T20:33:07+08:00,ibm_kingston,516fac22a7de7c7485ebe5cd518ec5e695426213c3b2c286adcf026c78554362,/home/najeeb/qurift_satML/satml_results/noise/n3_attack_breadth/noisy_lira/sample_scores/MNIST_QNN_zz_r5_d6_s44_ideal_shot_sim2.npz,0.525,0.0499999999999999,0.515,0.465,1.9829561516037384,5
MNIST_QNN_zz_r5_d6_s44,zz_r5_d6,zz,5,6,44,43,ideal_shot,1,512,512,2,global_true_class_log_odds,0.66685,0.61438625,0.7193112500000001,1000,0.045,0.05,0.115,0.085,200,200,16,3276800,204800,2026-08-18T20:33:07+08:00,ibm_kingston,516fac22a7de7c7485ebe5cd518ec5e695426213c3b2c286adcf026c78554362,/home/najeeb/qurift_satML/satml_results/noise/n3_attack_breadth/noisy_lira/sample_scores/MNIST_QNN_zz_r5_d6_s44_ideal_shot_sim2.npz,0.65,0.3,0.89,0.59,-0.577428853205191,5
MNIST_QNN_zz_r5_d6_s44,zz_r5_d6,zz,5,6,44,43,ideal_shot,1,512,512,3,lira_online,0.7259,0.67384625,0.776104375,1000,0.175,0.05,0.26,0.1,200,200,16,3276800,204800,2026-08-18T20:33:07+08:00,ibm_kingston,516fac22a7de7c7485ebe5cd518ec5e695426213c3b2c286adcf026c78554362,/home/najeeb/qurift_satML/satml_results/noise/n3_attack_breadth/noisy_lira/sample_scores/MNIST_QNN_zz_r5_d6_s44_ideal_shot_sim3.npz,0.67,0.34,0.675,0.335,0.0616793059057907,5
MNIST_QNN_zz_r5_d6_s44,zz_r5_d6,zz,5,6,44,43,ideal_shot,1,512,512,3,lira_online_fixed_variance,0.72875,0.676321875,0.77549,1000,0.165,0.05,0.3,0.1,200,200,16,3276800,204800,2026-08-18T20:33:07+08:00,ibm_kingston,516fac22a7de7c7485ebe5cd518ec5e695426213c3b2c286adcf026c78554362,/home/najeeb/qurift_satML/satml_results/noise/n3_attack_breadth/noisy_lira/sample_scores/MNIST_QNN_zz_r5_d6_s44_ideal_shot_sim3.npz,0.6599999999999999,0.32,0.745,0.425,-0.0541733790830663,5
MNIST_QNN_zz_r5_d6_s44,zz_r5_d6,zz,5,6,44,43,ideal_shot,1,512,512,3,lira_offline,0.5494,0.495663125,0.60333875,1000,0.05,0.045,0.14,0.1,200,200,16,3276800,204800,2026-08-18T20:33:07+08:00,ibm_kingston,516fac22a7de7c7485ebe5cd518ec5e695426213c3b2c286adcf026c78554362,/home/najeeb/qurift_satML/satml_results/noise/n3_attack_breadth/noisy_lira/sample_scores/MNIST_QNN_zz_r5_d6_s44_ideal_shot_sim3.npz,0.53,0.06,0.535,0.475,2.0866004462002663,5
MNIST_QNN_zz_r5_d6_s44,zz_r5_d6,zz,5,6,44,43,ideal_shot,1,512,512,3,lira_offline_fixed_variance,0.54865,0.493808125,0.6041099999999999,1000,0.08,0.045,0.12,0.1,200,200,16,3276800,204800,2026-08-18T20:33:07+08:00,ibm_kingston,516fac22a7de7c7485ebe5cd518ec5e695426213c3b2c286adcf026c78554362,/home/najeeb/qurift_satML/satml_results/noise/n3_attack_breadth/noisy_lira/sample_scores/MNIST_QNN_zz_r5_d6_s44_ideal_shot_sim3.npz,0.5075000000000001,0.015,0.61,0.595,1.804414887310386,5
MNIST_QNN_zz_r5_d6_s44,zz_r5_d6,zz,5,6,44,43,ideal_shot,1,512,512,3,global_true_class_log_odds,0.6778,0.6279174999999999,0.72501125,1000,0.04,0.04,0.165,0.1,200,200,16,3276800,204800,2026-08-18T20:33:07+08:00,ibm_kingston,516fac22a7de7c7485ebe5cd518ec5e695426213c3b2c286adcf026c78554362,/home/najeeb/qurift_satML/satml_results/noise/n3_attack_breadth/noisy_lira/sample_scores/MNIST_QNN_zz_r5_d6_s44_ideal_shot_sim3.npz,0.6475,0.295,0.775,0.48,0.1550960254857339,5
MNIST_QNN_zz_r5_d6_s44,zz_r5_d6,zz,5,6,44,43,ideal_shot,1,512,512,4,lira_online,0.75315,0.704021875,0.796050625,1000,0.155,0.05,0.33,0.1,200,200,16,3276800,204800,2026-08-18T20:33:07+08:00,ibm_kingston,516fac22a7de7c7485ebe5cd518ec5e695426213c3b2c286adcf026c78554362,/home/najeeb/qurift_satML/satml_results/noise/n3_attack_breadth/noisy_lira/sample_scores/MNIST_QNN_zz_r5_d6_s44_ideal_shot_sim4.npz,0.6775,0.355,0.685,0.33,0.0964972607274163,5
MNIST_QNN_zz_r5_d6_s44,zz_r5_d6,zz,5,6,44,43,ideal_shot,1,512,512,4,lira_online_fixed_variance,0.753725,0.707846875,0.798781875,1000,0.16,0.05,0.285,0.1,200,200,16,3276800,204800,2026-08-18T20:33:07+08:00,ibm_kingston,516fac22a7de7c7485ebe5cd518ec5e695426213c3b2c286adcf026c78554362,/home/najeeb/qurift_satML/satml_results/noise/n3_attack_breadth/noisy_lira/sample_scores/MNIST_QNN_zz_r5_d6_s44_ideal_shot_sim4.npz,0.71,0.42,0.77,0.35,0.0979946804887836,5
MNIST_QNN_zz_r5_d6_s44,zz_r5_d6,zz,5,6,44,43,ideal_shot,1,512,512,4,lira_offline,0.535575,0.47409375,0.593878125,1000,0.055,0.05,0.07,0.09,200,200,16,3276800,204800,2026-08-18T20:33:07+08:00,ibm_kingston,516fac22a7de7c7485ebe5cd518ec5e695426213c3b2c286adcf026c78554362,/home/najeeb/qurift_satML/satml_results/noise/n3_attack_breadth/noisy_lira/sample_scores/MNIST_QNN_zz_r5_d6_s44_ideal_shot_sim4.npz,0.565,0.1299999999999999,0.57,0.44,2.067433025775732,5
MNIST_QNN_zz_r5_d6_s44,zz_r5_d6,zz,5,6,44,43,ideal_shot,1,512,512,4,lira_offline_fixed_variance,0.5595749999999999,0.499315,0.6159275,1000,0.075,0.05,0.115,0.1,200,200,16,3276800,204800,2026-08-18T20:33:07+08:00,ibm_kingston,516fac22a7de7c7485ebe5cd518ec5e695426213c3b2c286adcf026c78554362,/home/najeeb/qurift_satML/satml_results/noise/n3_attack_breadth/noisy_lira/sample_scores/MNIST_QNN_zz_r5_d6_s44_ideal_shot_sim4.npz,0.5425,0.0849999999999999,0.63,0.545,1.7282012413757144,5
MNIST_QNN_zz_r5_d6_s44,zz_r5_d6,zz,5,6,44,43,ideal_shot,1,512,512,4,global_true_class_log_odds,0.6789499999999999,0.6256781250000001,0.72628125,1000,0.05,0.045,0.115,0.095,200,200,16,3276800,204800,2026-08-18T20:33:07+08:00,ibm_kingston,516fac22a7de7c7485ebe5cd518ec5e695426213c3b2c286adcf026c78554362,/home/najeeb/qurift_satML/satml_results/noise/n3_attack_breadth/noisy_lira/sample_scores/MNIST_QNN_zz_r5_d6_s44_ideal_shot_sim4.npz,0.65,0.2999999999999999,0.845,0.545,-0.0977578702773984,5
MNIST_QNN_zz_r5_d6_s44,zz_r5_d6,zz,5,6,44,43,noisy_shot,1,512,512,0,lira_online,0.6049500000000001,0.547405625,0.65893125,1000,0.12,0.045,0.165,0.095,200,200,16,3276800,204800,2026-08-18T20:33:07+08:00,ibm_kingston,516fac22a7de7c7485ebe5cd518ec5e695426213c3b2c286adcf026c78554362,/home/najeeb/qurift_satML/satml_results/noise/n3_attack_breadth/noisy_lira/sample_scores/MNIST_QNN_zz_r5_d6_s44_noisy_shot_sim0.npz,0.55,0.0999999999999999,0.625,0.525,0.1991612567733636,5
MNIST_QNN_zz_r5_d6_s44,zz_r5_d6,zz,5,6,44,43,noisy_shot,1,512,512,0,lira_online_fixed_variance,0.5953250000000001,0.5385475,0.6495681249999999,1000,0.12,0.04,0.165,0.1,200,200,16,3276800,204800,2026-08-18T20:33:07+08:00,ibm_kingston,516fac22a7de7c7485ebe5cd518ec5e695426213c3b2c286adcf026c78554362,/home/najeeb/qurift_satML/satml_results/noise/n3_attack_breadth/noisy_lira/sample_scores/MNIST_QNN_zz_r5_d6_s44_noisy_shot_sim0.npz,0.5775,0.155,0.515,0.36,0.135326567627758,5
MNIST_QNN_zz_r5_d6_s44,zz_r5_d6,zz,5,6,44,43,noisy_shot,1,512,512,0,lira_offline,0.531925,0.4764212499999999,0.5887625,1000,0.05,0.045,0.13,0.095,200,200,16,3276800,204800,2026-08-18T20:33:07+08:00,ibm_kingston,516fac22a7de7c7485ebe5cd518ec5e695426213c3b2c286adcf026c78554362,/home/najeeb/qurift_satML/satml_results/noise/n3_attack_breadth/noisy_lira/sample_scores/MNIST_QNN_zz_r5_d6_s44_noisy_shot_sim0.npz,0.49,-0.0199999999999999,0.46,0.48,1.8789626859195636,5
MNIST_QNN_zz_r5_d6_s44,zz_r5_d6,zz,5,6,44,43,noisy_shot,1,512,512,0,lira_offline_fixed_variance,0.523775,0.4685,0.57430125,1000,0.065,0.045,0.115,0.1,200,200,16,3276800,204800,2026-08-18T20:33:07+08:00,ibm_kingston,516fac22a7de7c7485ebe5cd518ec5e695426213c3b2c286adcf026c78554362,/home/najeeb/qurift_satML/satml_results/noise/n3_attack_breadth/noisy_lira/sample_scores/MNIST_QNN_zz_r5_d6_s44_noisy_shot_sim0.npz,0.5125,0.0249999999999999,0.83,0.805,0.7946124990711589,5
MNIST_QNN_zz_r5_d6_s44,zz_r5_d6,zz,5,6,44,43,noisy_shot,1,512,512,0,global_true_class_log_odds,0.548075,0.490165,0.6033550000000001,1000,0.13,0.05,0.195,0.1,200,200,16,3276800,204800,2026-08-18T20:33:07+08:00,ibm_kingston,516fac22a7de7c7485ebe5cd518ec5e695426213c3b2c286adcf026c78554362,/home/najeeb/qurift_satML/satml_results/noise/n3_attack_breadth/noisy_lira/sample_scores/MNIST_QNN_zz_r5_d6_s44_noisy_shot_sim0.npz,0.52,0.0399999999999999,0.305,0.265,0.9106415596818777,5
MNIST_QNN_zz_r5_d6_s44,zz_r5_d6,zz,5,6,44,43,noisy_shot,1,512,512,1,lira_online,0.5318,0.47590625,0.59225125,1000,0.05,0.03,0.135,0.1,200,200,16,3276800,204800,2026-08-18T20:33:07+08:00,ibm_kingston,516fac22a7de7c7485ebe5cd518ec5e695426213c3b2c286adcf026c78554362,/home/najeeb/qurift_satML/satml_results/noise/n3_attack_breadth/noisy_lira/sample_scores/MNIST_QNN_zz_r5_d6_s44_noisy_shot_sim1.npz,0.525,0.05,0.87,0.82,-0.9323498221061346,5
MNIST_QNN_zz_r5_d6_s44,zz_r5_d6,zz,5,6,44,43,noisy_shot,1,512,512,1,lira_online_fixed_variance,0.5554,0.4987162499999999,0.608308125,1000,0.08,0.045,0.15,0.1,200,200,16,3276800,204800,2026-08-18T20:33:07+08:00,ibm_kingston,516fac22a7de7c7485ebe5cd518ec5e695426213c3b2c286adcf026c78554362,/home/najeeb/qurift_satML/satml_results/noise/n3_attack_breadth/noisy_lira/sample_scores/MNIST_QNN_zz_r5_d6_s44_noisy_shot_sim1.npz,0.5275,0.0549999999999999,0.735,0.68,-0.4095436226238204,5
MNIST_QNN_zz_r5_d6_s44,zz_r5_d6,zz,5,6,44,43,noisy_shot,1,512,512,1,lira_offline,0.47035,0.411668125,0.52833125,1000,0.035,0.035,0.07,0.1,200,200,16,3276800,204800,2026-08-18T20:33:07+08:00,ibm_kingston,516fac22a7de7c7485ebe5cd518ec5e695426213c3b2c286adcf026c78554362,/home/najeeb/qurift_satML/satml_results/noise/n3_attack_breadth/noisy_lira/sample_scores/MNIST_QNN_zz_r5_d6_s44_noisy_shot_sim1.npz,0.49,-0.02,0.495,0.515,1.0759869981494092,5
MNIST_QNN_zz_r5_d6_s44,zz_r5_d6,zz,5,6,44,43,noisy_shot,1,512,512,1,lira_offline_fixed_variance,0.47905,0.425368125,0.54017375,1000,0.03,0.05,0.08,0.095,200,200,16,3276800,204800,2026-08-18T20:33:07+08:00,ibm_kingston,516fac22a7de7c7485ebe5cd518ec5e695426213c3b2c286adcf026c78554362,/home/najeeb/qurift_satML/satml_results/noise/n3_attack_breadth/noisy_lira/sample_scores/MNIST_QNN_zz_r5_d6_s44_noisy_shot_sim1.npz,0.4775,-0.0449999999999999,0.81,0.855,0.7880987177084435,5
MNIST_QNN_zz_r5_d6_s44,zz_r5_d6,zz,5,6,44,43,noisy_shot,1,512,512,1,global_true_class_log_odds,0.557725,0.5021943750000001,0.615278125,1000,0.08,0.05,0.13,0.09,200,200,16,3276800,204800,2026-08-18T20:33:07+08:00,ibm_kingston,516fac22a7de7c7485ebe5cd518ec5e695426213c3b2c286adcf026c78554362,/home/najeeb/qurift_satML/satml_results/noise/n3_attack_breadth/noisy_lira/sample_scores/MNIST_QNN_zz_r5_d6_s44_noisy_shot_sim1.npz,0.53,0.0599999999999999,0.595,0.535,-0.6129113387492311,5
MNIST_QNN_zz_r5_d6_s44,zz_r5_d6,zz,5,6,44,43,noisy_shot,1,512,512,2,lira_online,0.5804,0.52554375,0.6289287499999999,1000,0.07,0.045,0.165,0.1,200,200,16,3276800,204800,2026-08-18T20:33:07+08:00,ibm_kingston,516fac22a7de7c7485ebe5cd518ec5e695426213c3b2c286adcf026c78554362,/home/najeeb/qurift_satML/satml_results/noise/n3_attack_breadth/noisy_lira/sample_scores/MNIST_QNN_zz_r5_d6_s44_noisy_shot_sim2.npz,0.5575,0.1149999999999999,0.51,0.395,0.2100143088976017,5
MNIST_QNN_zz_r5_d6_s44,zz_r5_d6,zz,5,6,44,43,noisy_shot,1,512,512,2,lira_online_fixed_variance,0.5924,0.541699375,0.65025375,1000,0.1,0.045,0.16,0.1,200,200,16,3276800,204800,2026-08-18T20:33:07+08:00,ibm_kingston,516fac22a7de7c7485ebe5cd518ec5e695426213c3b2c286adcf026c78554362,/home/najeeb/qurift_satML/satml_results/noise/n3_attack_breadth/noisy_lira/sample_scores/MNIST_QNN_zz_r5_d6_s44_noisy_shot_sim2.npz,0.56,0.12,0.54,0.42,0.0465963953835432,5
MNIST_QNN_zz_r5_d6_s44,zz_r5_d6,zz,5,6,44,43,noisy_shot,1,512,512,2,lira_offline,0.51345,0.456946875,0.568561875,1000,0.03,0.05,0.055,0.1,200,200,16,3276800,204800,2026-08-18T20:33:07+08:00,ibm_kingston,516fac22a7de7c7485ebe5cd518ec5e695426213c3b2c286adcf026c78554362,/home/najeeb/qurift_satML/satml_results/noise/n3_attack_breadth/noisy_lira/sample_scores/MNIST_QNN_zz_r5_d6_s44_noisy_shot_sim2.npz,0.505,0.01,0.63,0.62,1.202892884354001,5
MNIST_QNN_zz_r5_d6_s44,zz_r5_d6,zz,5,6,44,43,noisy_shot,1,512,512,2,lira_offline_fixed_variance,0.51515,0.457954375,0.5714018750000001,1000,0.04,0.05,0.075,0.095,200,200,16,3276800,204800,2026-08-18T20:33:07+08:00,ibm_kingston,516fac22a7de7c7485ebe5cd518ec5e695426213c3b2c286adcf026c78554362,/home/najeeb/qurift_satML/satml_results/noise/n3_attack_breadth/noisy_lira/sample_scores/MNIST_QNN_zz_r5_d6_s44_noisy_shot_sim2.npz,0.5075,0.0149999999999999,0.695,0.68,0.8509020489769147,5
MNIST_QNN_zz_r5_d6_s44,zz_r5_d6,zz,5,6,44,43,noisy_shot,1,512,512,2,global_true_class_log_odds,0.562725,0.5084,0.61693,1000,0.105,0.05,0.17,0.09,200,200,16,3276800,204800,2026-08-18T20:33:07+08:00,ibm_kingston,516fac22a7de7c7485ebe5cd518ec5e695426213c3b2c286adcf026c78554362,/home/najeeb/qurift_satML/satml_results/noise/n3_attack_breadth/noisy_lira/sample_scores/MNIST_QNN_zz_r5_d6_s44_noisy_shot_sim2.npz,0.5525,0.1049999999999999,0.37,0.265,0.0758766172680061,5
MNIST_QNN_zz_r5_d6_s44,zz_r5_d6,zz,5,6,44,43,noisy_shot,1,512,512,3,lira_online,0.5399499999999999,0.487741875,0.5929331250000001,1000,0.08,0.05,0.12,0.1,200,200,16,3276800,204800,2026-08-18T20:33:07+08:00,ibm_kingston,516fac22a7de7c7485ebe5cd518ec5e695426213c3b2c286adcf026c78554362,/home/najeeb/qurift_satML/satml_results/noise/n3_attack_breadth/noisy_lira/sample_scores/MNIST_QNN_zz_r5_d6_s44_noisy_shot_sim3.npz,0.52,0.04,0.78,0.74,-0.5802476621958947,5
MNIST_QNN_zz_r5_d6_s44,zz_r5_d6,zz,5,6,44,43,noisy_shot,1,512,512,3,lira_online_fixed_variance,0.562425,0.504545,0.617575625,1000,0.075,0.035,0.135,0.095,200,200,16,3276800,204800,2026-08-18T20:33:07+08:00,ibm_kingston,516fac22a7de7c7485ebe5cd518ec5e695426213c3b2c286adcf026c78554362,/home/najeeb/qurift_satML/satml_results/noise/n3_attack_breadth/noisy_lira/sample_scores/MNIST_QNN_zz_r5_d6_s44_noisy_shot_sim3.npz,0.53,0.0599999999999999,0.71,0.65,-0.1492107140447203,5
MNIST_QNN_zz_r5_d6_s44,zz_r5_d6,zz,5,6,44,43,noisy_shot,1,512,512,3,lira_offline,0.51595,0.4593712499999999,0.575928125,1000,0.03,0.04,0.05,0.095,200,200,16,3276800,204800,2026-08-18T20:33:07+08:00,ibm_kingston,516fac22a7de7c7485ebe5cd518ec5e695426213c3b2c286adcf026c78554362,/home/najeeb/qurift_satML/satml_results/noise/n3_attack_breadth/noisy_lira/sample_scores/MNIST_QNN_zz_r5_d6_s44_noisy_shot_sim3.npz,0.5349999999999999,0.07,0.505,0.435,1.4569361929906055,5
MNIST_QNN_zz_r5_d6_s44,zz_r5_d6,zz,5,6,44,43,noisy_shot,1,512,512,3,lira_offline_fixed_variance,0.514425,0.456505,0.5714756249999999,1000,0.035,0.04,0.085,0.09,200,200,16,3276800,204800,2026-08-18T20:33:07+08:00,ibm_kingston,516fac22a7de7c7485ebe5cd518ec5e695426213c3b2c286adcf026c78554362,/home/najeeb/qurift_satML/satml_results/noise/n3_attack_breadth/noisy_lira/sample_scores/MNIST_QNN_zz_r5_d6_s44_noisy_shot_sim3.npz,0.515,0.03,0.54,0.51,1.2098221661224322,5
MNIST_QNN_zz_r5_d6_s44,zz_r5_d6,zz,5,6,44,43,noisy_shot,1,512,512,3,global_true_class_log_odds,0.5710500000000001,0.5133075,0.6257262499999999,1000,0.11,0.05,0.195,0.095,200,200,16,3276800,204800,2026-08-18T20:33:07+08:00,ibm_kingston,516fac22a7de7c7485ebe5cd518ec5e695426213c3b2c286adcf026c78554362,/home/najeeb/qurift_satML/satml_results/noise/n3_attack_breadth/noisy_lira/sample_scores/MNIST_QNN_zz_r5_d6_s44_noisy_shot_sim3.npz,0.5475,0.0949999999999999,0.35,0.255,0.3174725574559445,5
MNIST_QNN_zz_r5_d6_s44,zz_r5_d6,zz,5,6,44,43,noisy_shot,1,512,512,4,lira_online,0.5520499999999999,0.495848125,0.6103543749999999,1000,0.065,0.045,0.14,0.09,200,200,16,3276800,204800,2026-08-18T20:33:07+08:00,ibm_kingston,516fac22a7de7c7485ebe5cd518ec5e695426213c3b2c286adcf026c78554362,/home/najeeb/qurift_satML/satml_results/noise/n3_attack_breadth/noisy_lira/sample_scores/MNIST_QNN_zz_r5_d6_s44_noisy_shot_sim4.npz,0.515,0.0299999999999999,0.47,0.44,0.295657069461722,5
MNIST_QNN_zz_r5_d6_s44,zz_r5_d6,zz,5,6,44,43,noisy_shot,1,512,512,4,lira_online_fixed_variance,0.5678,0.5124206250000001,0.625580625,1000,0.135,0.045,0.17,0.1,200,200,16,3276800,204800,2026-08-18T20:33:07+08:00,ibm_kingston,516fac22a7de7c7485ebe5cd518ec5e695426213c3b2c286adcf026c78554362,/home/najeeb/qurift_satML/satml_results/noise/n3_attack_breadth/noisy_lira/sample_scores/MNIST_QNN_zz_r5_d6_s44_noisy_shot_sim4.npz,0.5625,0.125,0.44,0.315,0.1916205460161469,5
MNIST_QNN_zz_r5_d6_s44,zz_r5_d6,zz,5,6,44,43,noisy_shot,1,512,512,4,lira_offline,0.5265000000000001,0.47074125,0.58423,1000,0.025,0.05,0.085,0.095,200,200,16,3276800,204800,2026-08-18T20:33:07+08:00,ibm_kingston,516fac22a7de7c7485ebe5cd518ec5e695426213c3b2c286adcf026c78554362,/home/najeeb/qurift_satML/satml_results/noise/n3_attack_breadth/noisy_lira/sample_scores/MNIST_QNN_zz_r5_d6_s44_noisy_shot_sim4.npz,0.535,0.0699999999999999,0.615,0.545,1.1637745688399872,5
MNIST_QNN_zz_r5_d6_s44,zz_r5_d6,zz,5,6,44,43,noisy_shot,1,512,512,4,lira_offline_fixed_variance,0.551825,0.494949375,0.6056256250000001,1000,0.1,0.05,0.15,0.1,200,200,16,3276800,204800,2026-08-18T20:33:07+08:00,ibm_kingston,516fac22a7de7c7485ebe5cd518ec5e695426213c3b2c286adcf026c78554362,/home/najeeb/qurift_satML/satml_results/noise/n3_attack_breadth/noisy_lira/sample_scores/MNIST_QNN_zz_r5_d6_s44_noisy_shot_sim4.npz,0.515,0.0299999999999999,0.71,0.68,0.8855039370500676,5
MNIST_QNN_zz_r5_d6_s44,zz_r5_d6,zz,5,6,44,43,noisy_shot,1,512,512,4,global_true_class_log_odds,0.5832,0.52849625,0.64053125,1000,0.085,0.035,0.185,0.1,200,200,16,3276800,204800,2026-08-18T20:33:07+08:00,ibm_kingston,516fac22a7de7c7485ebe5cd518ec5e695426213c3b2c286adcf026c78554362,/home/najeeb/qurift_satML/satml_results/noise/n3_attack_breadth/noisy_lira/sample_scores/MNIST_QNN_zz_r5_d6_s44_noisy_shot_sim4.npz,0.5575,0.1149999999999999,0.44,0.325,-0.2341169608679869,5
MNIST_QNN_zz_r5_d6_s45,zz_r5_d6,zz,5,6,45,43,ideal_shot,1,512,512,0,lira_online,0.716225,0.667321875,0.76691625,1000,0.185,0.05,0.28,0.1,200,200,16,3276800,204800,2026-08-18T20:33:07+08:00,ibm_kingston,516fac22a7de7c7485ebe5cd518ec5e695426213c3b2c286adcf026c78554362,/home/najeeb/qurift_satML/satml_results/noise/n3_attack_breadth/noisy_lira/sample_scores/MNIST_QNN_zz_r5_d6_s45_ideal_shot_sim0.npz,0.6625,0.325,0.905,0.58,-0.6252874513308186,5
MNIST_QNN_zz_r5_d6_s45,zz_r5_d6,zz,5,6,45,43,ideal_shot,1,512,512,0,lira_online_fixed_variance,0.7243999999999999,0.6754275,0.769769375,1000,0.18,0.05,0.31,0.1,200,200,16,3276800,204800,2026-08-18T20:33:07+08:00,ibm_kingston,516fac22a7de7c7485ebe5cd518ec5e695426213c3b2c286adcf026c78554362,/home/najeeb/qurift_satML/satml_results/noise/n3_attack_breadth/noisy_lira/sample_scores/MNIST_QNN_zz_r5_d6_s45_ideal_shot_sim0.npz,0.6599999999999999,0.3199999999999999,0.85,0.53,-0.2563701656101642,5
MNIST_QNN_zz_r5_d6_s45,zz_r5_d6,zz,5,6,45,43,ideal_shot,1,512,512,0,lira_offline,0.561525,0.5072893749999999,0.619210625,1000,0.085,0.05,0.165,0.1,200,200,16,3276800,204800,2026-08-18T20:33:07+08:00,ibm_kingston,516fac22a7de7c7485ebe5cd518ec5e695426213c3b2c286adcf026c78554362,/home/najeeb/qurift_satML/satml_results/noise/n3_attack_breadth/noisy_lira/sample_scores/MNIST_QNN_zz_r5_d6_s45_ideal_shot_sim0.npz,0.5549999999999999,0.1099999999999999,0.495,0.385,2.1812988454672357,5
MNIST_QNN_zz_r5_d6_s45,zz_r5_d6,zz,5,6,45,43,ideal_shot,1,512,512,0,lira_offline_fixed_variance,0.5643,0.51021125,0.618850625,1000,0.075,0.04,0.155,0.095,200,200,16,3276800,204800,2026-08-18T20:33:07+08:00,ibm_kingston,516fac22a7de7c7485ebe5cd518ec5e695426213c3b2c286adcf026c78554362,/home/najeeb/qurift_satML/satml_results/noise/n3_attack_breadth/noisy_lira/sample_scores/MNIST_QNN_zz_r5_d6_s45_ideal_shot_sim0.npz,0.54,0.0799999999999999,0.41,0.33,2.178220171955484,5
MNIST_QNN_zz_r5_d6_s45,zz_r5_d6,zz,5,6,45,43,ideal_shot,1,512,512,0,global_true_class_log_odds,0.6961,0.639094375,0.752695,1000,0.055,0.04,0.115,0.1,200,200,16,3276800,204800,2026-08-18T20:33:07+08:00,ibm_kingston,516fac22a7de7c7485ebe5cd518ec5e695426213c3b2c286adcf026c78554362,/home/najeeb/qurift_satML/satml_results/noise/n3_attack_breadth/noisy_lira/sample_scores/MNIST_QNN_zz_r5_d6_s45_ideal_shot_sim0.npz,0.645,0.2899999999999999,0.82,0.53,0.2643938449701775,5
MNIST_QNN_zz_r5_d6_s45,zz_r5_d6,zz,5,6,45,43,ideal_shot,1,512,512,1,lira_online,0.72035,0.672271875,0.768225625,1000,0.135,0.05,0.245,0.1,200,200,16,3276800,204800,2026-08-18T20:33:07+08:00,ibm_kingston,516fac22a7de7c7485ebe5cd518ec5e695426213c3b2c286adcf026c78554362,/home/najeeb/qurift_satML/satml_results/noise/n3_attack_breadth/noisy_lira/sample_scores/MNIST_QNN_zz_r5_d6_s45_ideal_shot_sim1.npz,0.69,0.38,0.775,0.395,0.0956883697646846,5
MNIST_QNN_zz_r5_d6_s45,zz_r5_d6,zz,5,6,45,43,ideal_shot,1,512,512,1,lira_online_fixed_variance,0.7257750000000001,0.6699406250000001,0.7703387500000001,1000,0.175,0.05,0.26,0.1,200,200,16,3276800,204800,2026-08-18T20:33:07+08:00,ibm_kingston,516fac22a7de7c7485ebe5cd518ec5e695426213c3b2c286adcf026c78554362,/home/najeeb/qurift_satML/satml_results/noise/n3_attack_breadth/noisy_lira/sample_scores/MNIST_QNN_zz_r5_d6_s45_ideal_shot_sim1.npz,0.6475,0.2949999999999999,0.69,0.395,-0.0377328457097958,5
MNIST_QNN_zz_r5_d6_s45,zz_r5_d6,zz,5,6,45,43,ideal_shot,1,512,512,1,lira_offline,0.564275,0.50869875,0.62057125,1000,0.055,0.05,0.12,0.1,200,200,16,3276800,204800,2026-08-18T20:33:07+08:00,ibm_kingston,516fac22a7de7c7485ebe5cd518ec5e695426213c3b2c286adcf026c78554362,/home/najeeb/qurift_satML/satml_results/noise/n3_attack_breadth/noisy_lira/sample_scores/MNIST_QNN_zz_r5_d6_s45_ideal_shot_sim1.npz,0.515,0.03,0.5,0.47,2.121085493596301,5
MNIST_QNN_zz_r5_d6_s45,zz_r5_d6,zz,5,6,45,43,ideal_shot,1,512,512,1,lira_offline_fixed_variance,0.5663750000000001,0.513445625,0.6197381249999999,1000,0.09,0.05,0.145,0.1,200,200,16,3276800,204800,2026-08-18T20:33:07+08:00,ibm_kingston,516fac22a7de7c7485ebe5cd518ec5e695426213c3b2c286adcf026c78554362,/home/najeeb/qurift_satML/satml_results/noise/n3_attack_breadth/noisy_lira/sample_scores/MNIST_QNN_zz_r5_d6_s45_ideal_shot_sim1.npz,0.5449999999999999,0.0899999999999999,0.59,0.5,2.0293037690955846,5
MNIST_QNN_zz_r5_d6_s45,zz_r5_d6,zz,5,6,45,43,ideal_shot,1,512,512,1,global_true_class_log_odds,0.6711750000000001,0.615416875,0.727161875,1000,0.06,0.04,0.1,0.1,200,200,16,3276800,204800,2026-08-18T20:33:07+08:00,ibm_kingston,516fac22a7de7c7485ebe5cd518ec5e695426213c3b2c286adcf026c78554362,/home/najeeb/qurift_satML/satml_results/noise/n3_attack_breadth/noisy_lira/sample_scores/MNIST_QNN_zz_r5_d6_s45_ideal_shot_sim1.npz,0.655,0.3099999999999999,0.865,0.555,-0.5205335363438327,5
MNIST_QNN_zz_r5_d6_s45,zz_r5_d6,zz,5,6,45,43,ideal_shot,1,512,512,2,lira_online,0.7240749999999999,0.678320625,0.771758125,1000,0.14,0.045,0.28,0.095,200,200,16,3276800,204800,2026-08-18T20:33:07+08:00,ibm_kingston,516fac22a7de7c7485ebe5cd518ec5e695426213c3b2c286adcf026c78554362,/home/najeeb/qurift_satML/satml_results/noise/n3_attack_breadth/noisy_lira/sample_scores/MNIST_QNN_zz_r5_d6_s45_ideal_shot_sim2.npz,0.6799999999999999,0.36,0.755,0.395,-0.0016488929672264,5
MNIST_QNN_zz_r5_d6_s45,zz_r5_d6,zz,5,6,45,43,ideal_shot,1,512,512,2,lira_online_fixed_variance,0.73285,0.6856225,0.78313625,1000,0.18,0.045,0.29,0.1,200,200,16,3276800,204800,2026-08-18T20:33:07+08:00,ibm_kingston,516fac22a7de7c7485ebe5cd518ec5e695426213c3b2c286adcf026c78554362,/home/najeeb/qurift_satML/satml_results/noise/n3_attack_breadth/noisy_lira/sample_scores/MNIST_QNN_zz_r5_d6_s45_ideal_shot_sim2.npz,0.655,0.31,0.785,0.475,-0.3203766295113679,5
MNIST_QNN_zz_r5_d6_s45,zz_r5_d6,zz,5,6,45,43,ideal_shot,1,512,512,2,lira_offline,0.568275,0.510609375,0.62416625,1000,0.045,0.05,0.185,0.1,200,200,16,3276800,204800,2026-08-18T20:33:07+08:00,ibm_kingston,516fac22a7de7c7485ebe5cd518ec5e695426213c3b2c286adcf026c78554362,/home/najeeb/qurift_satML/satml_results/noise/n3_attack_breadth/noisy_lira/sample_scores/MNIST_QNN_zz_r5_d6_s45_ideal_shot_sim2.npz,0.52,0.0399999999999999,0.48,0.44,2.1818129527544388,5
MNIST_QNN_zz_r5_d6_s45,zz_r5_d6,zz,5,6,45,43,ideal_shot,1,512,512,2,lira_offline_fixed_variance,0.561925,0.51003,0.6147793749999999,1000,0.055,0.05,0.14,0.095,200,200,16,3276800,204800,2026-08-18T20:33:07+08:00,ibm_kingston,516fac22a7de7c7485ebe5cd518ec5e695426213c3b2c286adcf026c78554362,/home/najeeb/qurift_satML/satml_results/noise/n3_attack_breadth/noisy_lira/sample_scores/MNIST_QNN_zz_r5_d6_s45_ideal_shot_sim2.npz,0.5275,0.0549999999999999,0.36,0.305,2.5209980855422094,5
MNIST_QNN_zz_r5_d6_s45,zz_r5_d6,zz,5,6,45,43,ideal_shot,1,512,512,2,global_true_class_log_odds,0.680875,0.6231725,0.7373599999999999,1000,0.04,0.05,0.12,0.09,200,200,16,3276800,204800,2026-08-18T20:33:07+08:00,ibm_kingston,516fac22a7de7c7485ebe5cd518ec5e695426213c3b2c286adcf026c78554362,/home/najeeb/qurift_satML/satml_results/noise/n3_attack_breadth/noisy_lira/sample_scores/MNIST_QNN_zz_r5_d6_s45_ideal_shot_sim2.npz,0.665,0.3299999999999999,0.885,0.555,-0.4857302086059687,5
MNIST_QNN_zz_r5_d6_s45,zz_r5_d6,zz,5,6,45,43,ideal_shot,1,512,512,3,lira_online,0.701325,0.653445625,0.750128125,1000,0.135,0.045,0.245,0.1,200,200,16,3276800,204800,2026-08-18T20:33:07+08:00,ibm_kingston,516fac22a7de7c7485ebe5cd518ec5e695426213c3b2c286adcf026c78554362,/home/najeeb/qurift_satML/satml_results/noise/n3_attack_breadth/noisy_lira/sample_scores/MNIST_QNN_zz_r5_d6_s45_ideal_shot_sim3.npz,0.6375000000000001,0.275,0.81,0.535,-0.7212048306685759,5
MNIST_QNN_zz_r5_d6_s45,zz_r5_d6,zz,5,6,45,43,ideal_shot,1,512,512,3,lira_online_fixed_variance,0.7251499999999999,0.675071875,0.775734375,1000,0.155,0.05,0.295,0.1,200,200,16,3276800,204800,2026-08-18T20:33:07+08:00,ibm_kingston,516fac22a7de7c7485ebe5cd518ec5e695426213c3b2c286adcf026c78554362,/home/najeeb/qurift_satML/satml_results/noise/n3_attack_breadth/noisy_lira/sample_scores/MNIST_QNN_zz_r5_d6_s45_ideal_shot_sim3.npz,0.6699999999999999,0.3399999999999999,0.745,0.405,-0.035310636855862,5
MNIST_QNN_zz_r5_d6_s45,zz_r5_d6,zz,5,6,45,43,ideal_shot,1,512,512,3,lira_offline,0.5498,0.4930474999999999,0.611684375,1000,0.035,0.04,0.13,0.095,200,200,16,3276800,204800,2026-08-18T20:33:07+08:00,ibm_kingston,516fac22a7de7c7485ebe5cd518ec5e695426213c3b2c286adcf026c78554362,/home/najeeb/qurift_satML/satml_results/noise/n3_attack_breadth/noisy_lira/sample_scores/MNIST_QNN_zz_r5_d6_s45_ideal_shot_sim3.npz,0.56,0.12,0.455,0.335,2.2308064063224515,5
MNIST_QNN_zz_r5_d6_s45,zz_r5_d6,zz,5,6,45,43,ideal_shot,1,512,512,3,lira_offline_fixed_variance,0.553625,0.5010506250000001,0.6093006249999999,1000,0.055,0.05,0.16,0.1,200,200,16,3276800,204800,2026-08-18T20:33:07+08:00,ibm_kingston,516fac22a7de7c7485ebe5cd518ec5e695426213c3b2c286adcf026c78554362,/home/najeeb/qurift_satML/satml_results/noise/n3_attack_breadth/noisy_lira/sample_scores/MNIST_QNN_zz_r5_d6_s45_ideal_shot_sim3.npz,0.5475,0.0949999999999999,0.42,0.325,2.242436495262373,5
MNIST_QNN_zz_r5_d6_s45,zz_r5_d6,zz,5,6,45,43,ideal_shot,1,512,512,3,global_true_class_log_odds,0.6984250000000001,0.644665,0.748625625,1000,0.065,0.04,0.1,0.095,200,200,16,3276800,204800,2026-08-18T20:33:07+08:00,ibm_kingston,516fac22a7de7c7485ebe5cd518ec5e695426213c3b2c286adcf026c78554362,/home/najeeb/qurift_satML/satml_results/noise/n3_attack_breadth/noisy_lira/sample_scores/MNIST_QNN_zz_r5_d6_s45_ideal_shot_sim3.npz,0.67,0.3399999999999999,0.88,0.54,-0.3966178447604996,5
MNIST_QNN_zz_r5_d6_s45,zz_r5_d6,zz,5,6,45,43,ideal_shot,1,512,512,4,lira_online,0.72395,0.673399375,0.7711918750000001,1000,0.135,0.05,0.225,0.1,200,200,16,3276800,204800,2026-08-18T20:33:07+08:00,ibm_kingston,516fac22a7de7c7485ebe5cd518ec5e695426213c3b2c286adcf026c78554362,/home/najeeb/qurift_satML/satml_results/noise/n3_attack_breadth/noisy_lira/sample_scores/MNIST_QNN_zz_r5_d6_s45_ideal_shot_sim4.npz,0.6825,0.365,0.8,0.435,-0.1617738929396281,5
MNIST_QNN_zz_r5_d6_s45,zz_r5_d6,zz,5,6,45,43,ideal_shot,1,512,512,4,lira_online_fixed_variance,0.728525,0.67915,0.7752987499999999,1000,0.155,0.05,0.24,0.1,200,200,16,3276800,204800,2026-08-18T20:33:07+08:00,ibm_kingston,516fac22a7de7c7485ebe5cd518ec5e695426213c3b2c286adcf026c78554362,/home/najeeb/qurift_satML/satml_results/noise/n3_attack_breadth/noisy_lira/sample_scores/MNIST_QNN_zz_r5_d6_s45_ideal_shot_sim4.npz,0.6925,0.385,0.805,0.42,-0.0103921948213465,5
MNIST_QNN_zz_r5_d6_s45,zz_r5_d6,zz,5,6,45,43,ideal_shot,1,512,512,4,lira_offline,0.54745,0.49024125,0.6070875,1000,0.015,0.015,0.095,0.1,200,200,16,3276800,204800,2026-08-18T20:33:07+08:00,ibm_kingston,516fac22a7de7c7485ebe5cd518ec5e695426213c3b2c286adcf026c78554362,/home/najeeb/qurift_satML/satml_results/noise/n3_attack_breadth/noisy_lira/sample_scores/MNIST_QNN_zz_r5_d6_s45_ideal_shot_sim4.npz,0.5275000000000001,0.055,0.675,0.62,2.012298677751585,5
MNIST_QNN_zz_r5_d6_s45,zz_r5_d6,zz,5,6,45,43,ideal_shot,1,512,512,4,lira_offline_fixed_variance,0.559875,0.5072924999999999,0.6130025,1000,0.065,0.05,0.09,0.09,200,200,16,3276800,204800,2026-08-18T20:33:07+08:00,ibm_kingston,516fac22a7de7c7485ebe5cd518ec5e695426213c3b2c286adcf026c78554362,/home/najeeb/qurift_satML/satml_results/noise/n3_attack_breadth/noisy_lira/sample_scores/MNIST_QNN_zz_r5_d6_s45_ideal_shot_sim4.npz,0.52,0.0399999999999999,0.575,0.535,1.777278382259293,5
MNIST_QNN_zz_r5_d6_s45,zz_r5_d6,zz,5,6,45,43,ideal_shot,1,512,512,4,global_true_class_log_odds,0.6891500000000002,0.63374125,0.7416025,1000,0.035,0.05,0.085,0.095,200,200,16,3276800,204800,2026-08-18T20:33:07+08:00,ibm_kingston,516fac22a7de7c7485ebe5cd518ec5e695426213c3b2c286adcf026c78554362,/home/najeeb/qurift_satML/satml_results/noise/n3_attack_breadth/noisy_lira/sample_scores/MNIST_QNN_zz_r5_d6_s45_ideal_shot_sim4.npz,0.6799999999999999,0.36,0.855,0.495,-0.0546422023080833,5
MNIST_QNN_zz_r5_d6_s45,zz_r5_d6,zz,5,6,45,43,noisy_shot,1,512,512,0,lira_online,0.573175,0.51302,0.6292775,1000,0.08,0.05,0.14,0.1,200,200,16,3276800,204800,2026-08-18T20:33:07+08:00,ibm_kingston,516fac22a7de7c7485ebe5cd518ec5e695426213c3b2c286adcf026c78554362,/home/najeeb/qurift_satML/satml_results/noise/n3_attack_breadth/noisy_lira/sample_scores/MNIST_QNN_zz_r5_d6_s45_noisy_shot_sim0.npz,0.5225,0.045,0.665,0.62,-0.5480475410719119,5
MNIST_QNN_zz_r5_d6_s45,zz_r5_d6,zz,5,6,45,43,noisy_shot,1,512,512,0,lira_online_fixed_variance,0.5809500000000001,0.522391875,0.64001,1000,0.125,0.04,0.185,0.09,200,200,16,3276800,204800,2026-08-18T20:33:07+08:00,ibm_kingston,516fac22a7de7c7485ebe5cd518ec5e695426213c3b2c286adcf026c78554362,/home/najeeb/qurift_satML/satml_results/noise/n3_attack_breadth/noisy_lira/sample_scores/MNIST_QNN_zz_r5_d6_s45_noisy_shot_sim0.npz,0.54,0.08,0.555,0.475,0.0672128198446482,5
MNIST_QNN_zz_r5_d6_s45,zz_r5_d6,zz,5,6,45,43,noisy_shot,1,512,512,0,lira_offline,0.5078,0.450870625,0.5604943749999999,1000,0.04,0.05,0.105,0.1,200,200,16,3276800,204800,2026-08-18T20:33:07+08:00,ibm_kingston,516fac22a7de7c7485ebe5cd518ec5e695426213c3b2c286adcf026c78554362,/home/najeeb/qurift_satML/satml_results/noise/n3_attack_breadth/noisy_lira/sample_scores/MNIST_QNN_zz_r5_d6_s45_noisy_shot_sim0.npz,0.495,-0.01,0.715,0.725,0.7187012009338627,5
MNIST_QNN_zz_r5_d6_s45,zz_r5_d6,zz,5,6,45,43,noisy_shot,1,512,512,0,lira_offline_fixed_variance,0.51555,0.4588562499999999,0.5704093749999999,1000,0.045,0.05,0.115,0.1,200,200,16,3276800,204800,2026-08-18T20:33:07+08:00,ibm_kingston,516fac22a7de7c7485ebe5cd518ec5e695426213c3b2c286adcf026c78554362,/home/najeeb/qurift_satML/satml_results/noise/n3_attack_breadth/noisy_lira/sample_scores/MNIST_QNN_zz_r5_d6_s45_noisy_shot_sim0.npz,0.4925,-0.015,0.545,0.56,1.220645608227204,5
MNIST_QNN_zz_r5_d6_s45,zz_r5_d6,zz,5,6,45,43,noisy_shot,1,512,512,0,global_true_class_log_odds,0.56335,0.507673125,0.6189374999999999,1000,0.085,0.045,0.155,0.1,200,200,16,3276800,204800,2026-08-18T20:33:07+08:00,ibm_kingston,516fac22a7de7c7485ebe5cd518ec5e695426213c3b2c286adcf026c78554362,/home/najeeb/qurift_satML/satml_results/noise/n3_attack_breadth/noisy_lira/sample_scores/MNIST_QNN_zz_r5_d6_s45_noisy_shot_sim0.npz,0.5375,0.0749999999999999,0.35,0.275,-0.1272542730048256,5
MNIST_QNN_zz_r5_d6_s45,zz_r5_d6,zz,5,6,45,43,noisy_shot,1,512,512,1,lira_online,0.557775,0.503745,0.6152568749999999,1000,0.05,0.05,0.14,0.095,200,200,16,3276800,204800,2026-08-18T20:33:07+08:00,ibm_kingston,516fac22a7de7c7485ebe5cd518ec5e695426213c3b2c286adcf026c78554362,/home/najeeb/qurift_satML/satml_results/noise/n3_attack_breadth/noisy_lira/sample_scores/MNIST_QNN_zz_r5_d6_s45_noisy_shot_sim1.npz,0.5349999999999999,0.0699999999999999,0.585,0.515,-0.3926322509602939,5
MNIST_QNN_zz_r5_d6_s45,zz_r5_d6,zz,5,6,45,43,noisy_shot,1,512,512,1,lira_online_fixed_variance,0.565875,0.5083481249999999,0.618981875,1000,0.045,0.05,0.1,0.1,200,200,16,3276800,204800,2026-08-18T20:33:07+08:00,ibm_kingston,516fac22a7de7c7485ebe5cd518ec5e695426213c3b2c286adcf026c78554362,/home/najeeb/qurift_satML/satml_results/noise/n3_attack_breadth/noisy_lira/sample_scores/MNIST_QNN_zz_r5_d6_s45_noisy_shot_sim1.npz,0.5675,0.1349999999999999,0.82,0.685,-0.3477574085422399,5
MNIST_QNN_zz_r5_d6_s45,zz_r5_d6,zz,5,6,45,43,noisy_shot,1,512,512,1,lira_offline,0.50145,0.443331875,0.558136875,1000,0.025,0.05,0.06,0.1,200,200,16,3276800,204800,2026-08-18T20:33:07+08:00,ibm_kingston,516fac22a7de7c7485ebe5cd518ec5e695426213c3b2c286adcf026c78554362,/home/najeeb/qurift_satML/satml_results/noise/n3_attack_breadth/noisy_lira/sample_scores/MNIST_QNN_zz_r5_d6_s45_noisy_shot_sim1.npz,0.53,0.0599999999999999,0.61,0.55,1.1014277928392533,5
MNIST_QNN_zz_r5_d6_s45,zz_r5_d6,zz,5,6,45,43,noisy_shot,1,512,512,1,lira_offline_fixed_variance,0.4821250000000001,0.4263925,0.54602125,1000,0.04,0.05,0.055,0.1,200,200,16,3276800,204800,2026-08-18T20:33:07+08:00,ibm_kingston,516fac22a7de7c7485ebe5cd518ec5e695426213c3b2c286adcf026c78554362,/home/najeeb/qurift_satML/satml_results/noise/n3_attack_breadth/noisy_lira/sample_scores/MNIST_QNN_zz_r5_d6_s45_noisy_shot_sim1.npz,0.51,0.02,0.5,0.48,1.136623231097433,5
MNIST_QNN_zz_r5_d6_s45,zz_r5_d6,zz,5,6,45,43,noisy_shot,1,512,512,1,global_true_class_log_odds,0.56195,0.506555,0.616575625,1000,0.07,0.05,0.135,0.1,200,200,16,3276800,204800,2026-08-18T20:33:07+08:00,ibm_kingston,516fac22a7de7c7485ebe5cd518ec5e695426213c3b2c286adcf026c78554362,/home/najeeb/qurift_satML/satml_results/noise/n3_attack_breadth/noisy_lira/sample_scores/MNIST_QNN_zz_r5_d6_s45_noisy_shot_sim1.npz,0.5375,0.075,0.425,0.35,-0.316509147812094,5
MNIST_QNN_zz_r5_d6_s45,zz_r5_d6,zz,5,6,45,43,noisy_shot,1,512,512,2,lira_online,0.51125,0.45441125,0.569729375,1000,0.065,0.05,0.13,0.09,200,200,16,3276800,204800,2026-08-18T20:33:07+08:00,ibm_kingston,516fac22a7de7c7485ebe5cd518ec5e695426213c3b2c286adcf026c78554362,/home/najeeb/qurift_satML/satml_results/noise/n3_attack_breadth/noisy_lira/sample_scores/MNIST_QNN_zz_r5_d6_s45_noisy_shot_sim2.npz,0.5025000000000001,0.005,0.68,0.675,-0.3223527235540847,5
MNIST_QNN_zz_r5_d6_s45,zz_r5_d6,zz,5,6,45,43,noisy_shot,1,512,512,2,lira_online_fixed_variance,0.529525,0.474265625,0.58772125,1000,0.05,0.05,0.09,0.1,200,200,16,3276800,204800,2026-08-18T20:33:07+08:00,ibm_kingston,516fac22a7de7c7485ebe5cd518ec5e695426213c3b2c286adcf026c78554362,/home/najeeb/qurift_satML/satml_results/noise/n3_attack_breadth/noisy_lira/sample_scores/MNIST_QNN_zz_r5_d6_s45_noisy_shot_sim2.npz,0.5549999999999999,0.1099999999999999,0.61,0.5,0.0171925014389058,5
MNIST_QNN_zz_r5_d6_s45,zz_r5_d6,zz,5,6,45,43,noisy_shot,1,512,512,2,lira_offline,0.493375,0.431241875,0.546515,1000,0.055,0.035,0.1,0.1,200,200,16,3276800,204800,2026-08-18T20:33:07+08:00,ibm_kingston,516fac22a7de7c7485ebe5cd518ec5e695426213c3b2c286adcf026c78554362,/home/najeeb/qurift_satML/satml_results/noise/n3_attack_breadth/noisy_lira/sample_scores/MNIST_QNN_zz_r5_d6_s45_noisy_shot_sim2.npz,0.495,-0.01,0.735,0.745,0.7946513618964832,5
MNIST_QNN_zz_r5_d6_s45,zz_r5_d6,zz,5,6,45,43,noisy_shot,1,512,512,2,lira_offline_fixed_variance,0.483725,0.4272525,0.53734125,1000,0.055,0.01,0.095,0.095,200,200,16,3276800,204800,2026-08-18T20:33:07+08:00,ibm_kingston,516fac22a7de7c7485ebe5cd518ec5e695426213c3b2c286adcf026c78554362,/home/najeeb/qurift_satML/satml_results/noise/n3_attack_breadth/noisy_lira/sample_scores/MNIST_QNN_zz_r5_d6_s45_noisy_shot_sim2.npz,0.495,-0.01,0.12,0.13,4.75376422374498,5
MNIST_QNN_zz_r5_d6_s45,zz_r5_d6,zz,5,6,45,43,noisy_shot,1,512,512,2,global_true_class_log_odds,0.550625,0.491190625,0.60947375,1000,0.1,0.04,0.155,0.1,200,200,16,3276800,204800,2026-08-18T20:33:07+08:00,ibm_kingston,516fac22a7de7c7485ebe5cd518ec5e695426213c3b2c286adcf026c78554362,/home/najeeb/qurift_satML/satml_results/noise/n3_attack_breadth/noisy_lira/sample_scores/MNIST_QNN_zz_r5_d6_s45_noisy_shot_sim2.npz,0.5425,0.0849999999999999,0.63,0.545,-1.029422802108739,5
MNIST_QNN_zz_r5_d6_s45,zz_r5_d6,zz,5,6,45,43,noisy_shot,1,512,512,3,lira_online,0.5619750000000001,0.506413125,0.616650625,1000,0.08,0.045,0.125,0.095,200,200,16,3276800,204800,2026-08-18T20:33:07+08:00,ibm_kingston,516fac22a7de7c7485ebe5cd518ec5e695426213c3b2c286adcf026c78554362,/home/najeeb/qurift_satML/satml_results/noise/n3_attack_breadth/noisy_lira/sample_scores/MNIST_QNN_zz_r5_d6_s45_noisy_shot_sim3.npz,0.54,0.0799999999999999,0.59,0.51,-0.1294011405847019,5
MNIST_QNN_zz_r5_d6_s45,zz_r5_d6,zz,5,6,45,43,noisy_shot,1,512,512,3,lira_online_fixed_variance,0.5758,0.522815,0.628663125,1000,0.095,0.05,0.145,0.1,200,200,16,3276800,204800,2026-08-18T20:33:07+08:00,ibm_kingston,516fac22a7de7c7485ebe5cd518ec5e695426213c3b2c286adcf026c78554362,/home/najeeb/qurift_satML/satml_results/noise/n3_attack_breadth/noisy_lira/sample_scores/MNIST_QNN_zz_r5_d6_s45_noisy_shot_sim3.npz,0.555,0.1100000000000001,0.685,0.575,-0.0075255816350346,5
MNIST_QNN_zz_r5_d6_s45,zz_r5_d6,zz,5,6,45,43,noisy_shot,1,512,512,3,lira_offline,0.5112000000000001,0.45854125,0.565720625,1000,0.055,0.05,0.105,0.1,200,200,16,3276800,204800,2026-08-18T20:33:07+08:00,ibm_kingston,516fac22a7de7c7485ebe5cd518ec5e695426213c3b2c286adcf026c78554362,/home/najeeb/qurift_satML/satml_results/noise/n3_attack_breadth/noisy_lira/sample_scores/MNIST_QNN_zz_r5_d6_s45_noisy_shot_sim3.npz,0.4975,-0.005,0.6,0.605,1.125572023574394,5
MNIST_QNN_zz_r5_d6_s45,zz_r5_d6,zz,5,6,45,43,noisy_shot,1,512,512,3,lira_offline_fixed_variance,0.505375,0.449129375,0.569233125,1000,0.045,0.04,0.08,0.08,200,200,16,3276800,204800,2026-08-18T20:33:07+08:00,ibm_kingston,516fac22a7de7c7485ebe5cd518ec5e695426213c3b2c286adcf026c78554362,/home/najeeb/qurift_satML/satml_results/noise/n3_attack_breadth/noisy_lira/sample_scores/MNIST_QNN_zz_r5_d6_s45_noisy_shot_sim3.npz,0.4974999999999999,-0.005,0.705,0.71,0.8382757651775636,5
MNIST_QNN_zz_r5_d6_s45,zz_r5_d6,zz,5,6,45,43,noisy_shot,1,512,512,3,global_true_class_log_odds,0.5761000000000001,0.5228931250000001,0.6332887500000001,1000,0.075,0.05,0.165,0.1,200,200,16,3276800,204800,2026-08-18T20:33:07+08:00,ibm_kingston,516fac22a7de7c7485ebe5cd518ec5e695426213c3b2c286adcf026c78554362,/home/najeeb/qurift_satML/satml_results/noise/n3_attack_breadth/noisy_lira/sample_scores/MNIST_QNN_zz_r5_d6_s45_noisy_shot_sim3.npz,0.5625,0.125,0.61,0.485,-0.8633143899447764,5
MNIST_QNN_zz_r5_d6_s45,zz_r5_d6,zz,5,6,45,43,noisy_shot,1,512,512,4,lira_online,0.50475,0.446424375,0.5606074999999999,1000,0.03,0.035,0.085,0.09,200,200,16,3276800,204800,2026-08-18T20:33:07+08:00,ibm_kingston,516fac22a7de7c7485ebe5cd518ec5e695426213c3b2c286adcf026c78554362,/home/najeeb/qurift_satML/satml_results/noise/n3_attack_breadth/noisy_lira/sample_scores/MNIST_QNN_zz_r5_d6_s45_noisy_shot_sim4.npz,0.49,-0.02,0.75,0.77,-0.6152166022543257,5
MNIST_QNN_zz_r5_d6_s45,zz_r5_d6,zz,5,6,45,43,noisy_shot,1,512,512,4,lira_online_fixed_variance,0.533425,0.4750312499999999,0.59081375,1000,0.09,0.045,0.12,0.09,200,200,16,3276800,204800,2026-08-18T20:33:07+08:00,ibm_kingston,516fac22a7de7c7485ebe5cd518ec5e695426213c3b2c286adcf026c78554362,/home/najeeb/qurift_satML/satml_results/noise/n3_attack_breadth/noisy_lira/sample_scores/MNIST_QNN_zz_r5_d6_s45_noisy_shot_sim4.npz,0.54,0.08,0.905,0.825,-1.0947387085720963,5
MNIST_QNN_zz_r5_d6_s45,zz_r5_d6,zz,5,6,45,43,noisy_shot,1,512,512,4,lira_offline,0.471925,0.418605625,0.5289818749999999,1000,0.035,0.045,0.04,0.085,200,200,16,3276800,204800,2026-08-18T20:33:07+08:00,ibm_kingston,516fac22a7de7c7485ebe5cd518ec5e695426213c3b2c286adcf026c78554362,/home/najeeb/qurift_satML/satml_results/noise/n3_attack_breadth/noisy_lira/sample_scores/MNIST_QNN_zz_r5_d6_s45_noisy_shot_sim4.npz,0.4625,-0.075,0.325,0.4,1.660935894597496,5
MNIST_QNN_zz_r5_d6_s45,zz_r5_d6,zz,5,6,45,43,noisy_shot,1,512,512,4,lira_offline_fixed_variance,0.4699,0.410488125,0.5265525,1000,0.075,0.04,0.085,0.095,200,200,16,3276800,204800,2026-08-18T20:33:07+08:00,ibm_kingston,516fac22a7de7c7485ebe5cd518ec5e695426213c3b2c286adcf026c78554362,/home/najeeb/qurift_satML/satml_results/noise/n3_attack_breadth/noisy_lira/sample_scores/MNIST_QNN_zz_r5_d6_s45_noisy_shot_sim4.npz,0.4925,-0.015,0.09,0.105,3.736717124267911,5
MNIST_QNN_zz_r5_d6_s45,zz_r5_d6,zz,5,6,45,43,noisy_shot,1,512,512,4,global_true_class_log_odds,0.5590250000000001,0.505199375,0.6139362500000001,1000,0.095,0.05,0.17,0.095,200,200,16,3276800,204800,2026-08-18T20:33:07+08:00,ibm_kingston,516fac22a7de7c7485ebe5cd518ec5e695426213c3b2c286adcf026c78554362,/home/najeeb/qurift_satML/satml_results/noise/n3_attack_breadth/noisy_lira/sample_scores/MNIST_QNN_zz_r5_d6_s45_noisy_shot_sim4.npz,0.54,0.08,0.65,0.57,-1.3475036993756733,5
