[START] Unattended SaTML pipeline run_tag=20260823T090236Z repo=/home/najeeb/qurift_satML
[MONITOR] current stage: cat satml_results/unattended_pipeline/current_stage.txt
[MONITOR] master log: tail -f satml_logs/satml_all_remaining_20260823T090236Z.log
[MONITOR] events: column -ts $'	' satml_results/unattended_pipeline/events_20260823T090236Z.tsv
[MONITOR] GPU telemetry: satml_logs/gpu_telemetry_20260823T090236Z.csv (pid=903433)
targets=96 complete=96 partial=0 errors=0 not_started=0
progress=100.0%
[PREFLIGHT] GPUs=0,1,2,3,4,5,6,7 jobs_per_gpu=1 noise_jobs_per_gpu=auto free_gb=269
{
  "n1": {
    "path": "satml_targets/noise/mnist_noise_n1_structural_targets.csv",
    "targets": 36
  },
  "n2": {
    "path": "satml_targets/noise/mnist_noise_n2_query_targets.csv",
    "targets": 6
  },
  "n3": {
    "path": "satml_targets/noise/mnist_noise_n3_lira_targets.csv",
    "targets": 6
  },
  "n3_label": {
    "path": "satml_targets/noise/mnist_noise_n3_label_targets.csv",
    "targets": 2
  }
}
[OK] targets=36 artifacts=108 manifest=/home/najeeb/qurift_satML/satml_results/imported_mnist_manifest.json
[PREFLIGHT] Reusing pipeline-frozen snapshot: /home/najeeb/qurift_satML/satml_results/backend_snapshots/unattended_20260818T134940Z
[SNAPSHOT VERIFIED] path=/home/najeeb/qurift_satML/satml_results/backend_snapshots/unattended_20260818T134940Z backend=ibm_kingston calibration=2026-08-18T20:33:07+08:00
[SKIP] stage=prepare already completed; marker=satml_results/unattended_pipeline/completed_stages/prepare.done
[SKIP] stage=credit_factorial_analysis already completed; marker=satml_results/unattended_pipeline/completed_stages/credit_factorial_analysis.done
[SKIP] stage=credit_geometry already completed; marker=satml_results/unattended_pipeline/completed_stages/credit_geometry.done
[SKIP] stage=credit_mechanism already completed; marker=satml_results/unattended_pipeline/completed_stages/credit_mechanism.done
[SKIP] stage=fashion_factorial already completed; marker=satml_results/unattended_pipeline/completed_stages/fashion_factorial.done
[SKIP] stage=fashion_analysis already completed; marker=satml_results/unattended_pipeline/completed_stages/fashion_analysis.done
[SKIP] stage=wdbc_targeted already completed; marker=satml_results/unattended_pipeline/completed_stages/wdbc_targeted.done
[SKIP] stage=wdbc_analysis already completed; marker=satml_results/unattended_pipeline/completed_stages/wdbc_analysis.done
[SKIP] stage=added_geometry already completed; marker=satml_results/unattended_pipeline/completed_stages/added_geometry.done
[SKIP] stage=added_mechanisms already completed; marker=satml_results/unattended_pipeline/completed_stages/added_mechanisms.done
[SKIP] stage=credit_attacks already completed; marker=satml_results/unattended_pipeline/completed_stages/credit_attacks.done
[SKIP] stage=added_attacks already completed; marker=satml_results/unattended_pipeline/completed_stages/added_attacks.done
[SKIP] stage=encoding_scale already completed; marker=satml_results/unattended_pipeline/completed_stages/encoding_scale.done
[SKIP] Retaining the existing frozen selector decision.
[SKIP] stage=selector_fresh already completed; marker=satml_results/unattended_pipeline/completed_stages/selector_fresh.done
[SKIP] stage=noise_n1_structural already completed; marker=satml_results/unattended_pipeline/completed_stages/noise_n1_structural.done

[STAGE] noise_n2_query_policy started at 2026-08-23T09:02:57Z
{
  "n1": {
    "path": "satml_targets/noise/mnist_noise_n1_structural_targets.csv",
    "targets": 36
  },
  "n2": {
    "path": "satml_targets/noise/mnist_noise_n2_query_targets.csv",
    "targets": 6
  },
  "n3": {
    "path": "satml_targets/noise/mnist_noise_n3_lira_targets.csv",
    "targets": 6
  },
  "n3_label": {
    "path": "satml_targets/noise/mnist_noise_n3_label_targets.csv",
    "targets": 2
  }
}
[AER PLAN] devices=('CPU',) condition_shards_per_target=4
[SNAPSHOT] backend=ibm_kingston calibration=2026-08-18T20:33:07+08:00 path=/home/najeeb/qurift_satML/satml_results/backend_snapshots/unattended_20260818T134940Z
[GPU PLAN] profile=aer_cpu mode=adaptive-auto concurrency=24
[GPU PLAN] gpu=0 used=42691MiB free=39229MiB util=0% safe_capacity=4 assigned_slots=3
[GPU PLAN] gpu=1 used=42691MiB free=39229MiB util=0% safe_capacity=4 assigned_slots=3
[GPU PLAN] gpu=2 used=0MiB free=81920MiB util=0% safe_capacity=4 assigned_slots=3
[GPU PLAN] gpu=3 used=0MiB free=81920MiB util=0% safe_capacity=4 assigned_slots=3
[GPU PLAN] gpu=4 used=0MiB free=81920MiB util=0% safe_capacity=4 assigned_slots=3
[GPU PLAN] gpu=5 used=0MiB free=81920MiB util=0% safe_capacity=4 assigned_slots=3
[GPU PLAN] gpu=6 used=42691MiB free=39229MiB util=0% safe_capacity=4 assigned_slots=3
[GPU PLAN] gpu=7 used=42691MiB free=39229MiB util=0% safe_capacity=4 assigned_slots=3
[START] study=n2_query_policy targets=24 GPUs=[0, 1, 2, 3, 4, 5, 6, 7] jobs_per_gpu_max=auto concurrency=24
[1/24] n2_query_policy_MNIST_QNN_z_r1_d6_s43_shard000 -> ok (gpu=0, sec=1443.6)
[2/24] n2_query_policy_MNIST_QNN_z_r1_d6_s43_shard001 -> ok (gpu=1, sec=1445.0)
[3/24] n2_query_policy_MNIST_QNN_z_r5_d6_s43_shard000 -> ok (gpu=4, sec=1455.4)
[4/24] n2_query_policy_MNIST_QNN_z_r5_d6_s43_shard001 -> ok (gpu=5, sec=1464.3)
[5/24] n2_query_policy_MNIST_QNN_eff_su2_r1_d6_s43_shard000 -> ok (gpu=0, sec=1582.8)
[6/24] n2_query_policy_MNIST_QNN_eff_su2_r1_d6_s43_shard001 -> ok (gpu=1, sec=1599.5)
[7/24] n2_query_policy_MNIST_QNN_z_r1_d6_s43_shard002 -> ok (gpu=2, sec=1834.8)
[8/24] n2_query_policy_MNIST_QNN_z_r1_d6_s43_shard003 -> ok (gpu=3, sec=1846.4)
[9/24] n2_query_policy_MNIST_QNN_z_r5_d6_s43_shard003 -> ok (gpu=7, sec=1851.2)
[10/24] n2_query_policy_MNIST_QNN_z_r5_d6_s43_shard002 -> ok (gpu=6, sec=1854.7)
[11/24] n2_query_policy_MNIST_QNN_eff_su2_r1_d6_s43_shard003 -> ok (gpu=3, sec=2028.0)
[12/24] n2_query_policy_MNIST_QNN_eff_su2_r1_d6_s43_shard002 -> ok (gpu=2, sec=2042.6)
[13/24] n2_query_policy_MNIST_QNN_eff_su2_r5_d6_s43_shard001 -> ok (gpu=5, sec=2145.7)
[14/24] n2_query_policy_MNIST_QNN_eff_su2_r5_d6_s43_shard000 -> ok (gpu=4, sec=2171.7)
[15/24] n2_query_policy_MNIST_QNN_zz_r1_d6_s43_shard001 -> ok (gpu=1, sec=2194.1)
[16/24] n2_query_policy_MNIST_QNN_zz_r1_d6_s43_shard000 -> ok (gpu=0, sec=2195.7)
[17/24] n2_query_policy_MNIST_QNN_zz_r1_d6_s43_shard002 -> ok (gpu=2, sec=2723.7)
[18/24] n2_query_policy_MNIST_QNN_eff_su2_r5_d6_s43_shard002 -> ok (gpu=6, sec=2830.1)
[19/24] n2_query_policy_MNIST_QNN_eff_su2_r5_d6_s43_shard003 -> ok (gpu=7, sec=2838.3)
[20/24] n2_query_policy_MNIST_QNN_zz_r1_d6_s43_shard003 -> ok (gpu=3, sec=2900.8)
[21/24] n2_query_policy_MNIST_QNN_zz_r5_d6_s43_shard000 -> ok (gpu=4, sec=5150.0)
[22/24] n2_query_policy_MNIST_QNN_zz_r5_d6_s43_shard001 -> ok (gpu=5, sec=5160.0)
[23/24] n2_query_policy_MNIST_QNN_zz_r5_d6_s43_shard003 -> ok (gpu=7, sec=6658.9)
[24/24] n2_query_policy_MNIST_QNN_zz_r5_d6_s43_shard002 -> ok (gpu=6, sec=6666.6)
[SHARDS MERGED] target=MNIST_QNN_eff_su2_r1_d6_s43 report={'conditions': 121, 'metric_rows': 2353, 'prediction_rows': 72400, 'failures': 0}
[SHARDS MERGED] target=MNIST_QNN_eff_su2_r5_d6_s43 report={'conditions': 121, 'metric_rows': 2353, 'prediction_rows': 72400, 'failures': 0}
[SHARDS MERGED] target=MNIST_QNN_z_r1_d6_s43 report={'conditions': 121, 'metric_rows': 2353, 'prediction_rows': 72400, 'failures': 0}
[SHARDS MERGED] target=MNIST_QNN_z_r5_d6_s43 report={'conditions': 121, 'metric_rows': 2353, 'prediction_rows': 72400, 'failures': 0}
[SHARDS MERGED] target=MNIST_QNN_zz_r1_d6_s43 report={'conditions': 121, 'metric_rows': 2353, 'prediction_rows': 72400, 'failures': 0}
[SHARDS MERGED] target=MNIST_QNN_zz_r5_d6_s43 report={'conditions': 121, 'metric_rows': 2353, 'prediction_rows': 72400, 'failures': 0}
[DONE] study=n2_query_policy output=/home/najeeb/qurift_satML/satml_results/noise/n2_query_policy/conditions
[1/1452] MNIST_QNN_eff_su2_r1_d6_s43 exact q=0 shots=0 learned_mlp_pv auc=0.505
[2/1452] MNIST_QNN_eff_su2_r1_d6_s43 exact q=0 shots=0 learned_mlp_pv_mean_std auc=0.531
[3/1452] MNIST_QNN_eff_su2_r1_d6_s43 ideal_shot q=1 shots=128 learned_mlp_pv auc=0.549
[4/1452] MNIST_QNN_eff_su2_r1_d6_s43 ideal_shot q=1 shots=128 learned_mlp_pv_mean_std auc=0.558
[5/1452] MNIST_QNN_eff_su2_r1_d6_s43 ideal_shot q=1 shots=128 learned_mlp_pv auc=0.515
[6/1452] MNIST_QNN_eff_su2_r1_d6_s43 ideal_shot q=1 shots=128 learned_mlp_pv_mean_std auc=0.538
[7/1452] MNIST_QNN_eff_su2_r1_d6_s43 ideal_shot q=1 shots=128 learned_mlp_pv auc=0.473
[8/1452] MNIST_QNN_eff_su2_r1_d6_s43 ideal_shot q=1 shots=128 learned_mlp_pv_mean_std auc=0.491
[9/1452] MNIST_QNN_eff_su2_r1_d6_s43 ideal_shot q=1 shots=128 learned_mlp_pv auc=0.518
[10/1452] MNIST_QNN_eff_su2_r1_d6_s43 ideal_shot q=1 shots=128 learned_mlp_pv_mean_std auc=0.506
[11/1452] MNIST_QNN_eff_su2_r1_d6_s43 ideal_shot q=1 shots=128 learned_mlp_pv auc=0.524
[12/1452] MNIST_QNN_eff_su2_r1_d6_s43 ideal_shot q=1 shots=128 learned_mlp_pv_mean_std auc=0.495
[13/1452] MNIST_QNN_eff_su2_r1_d6_s43 ideal_shot q=1 shots=128 learned_mlp_pv auc=0.528
[14/1452] MNIST_QNN_eff_su2_r1_d6_s43 ideal_shot q=1 shots=128 learned_mlp_pv_mean_std auc=0.506
[15/1452] MNIST_QNN_eff_su2_r1_d6_s43 ideal_shot q=1 shots=128 learned_mlp_pv auc=0.540
[16/1452] MNIST_QNN_eff_su2_r1_d6_s43 ideal_shot q=1 shots=128 learned_mlp_pv_mean_std auc=0.530
[17/1452] MNIST_QNN_eff_su2_r1_d6_s43 ideal_shot q=1 shots=128 learned_mlp_pv auc=0.515
[18/1452] MNIST_QNN_eff_su2_r1_d6_s43 ideal_shot q=1 shots=128 learned_mlp_pv_mean_std auc=0.507
[19/1452] MNIST_QNN_eff_su2_r1_d6_s43 ideal_shot q=1 shots=128 learned_mlp_pv auc=0.573
[20/1452] MNIST_QNN_eff_su2_r1_d6_s43 ideal_shot q=1 shots=128 learned_mlp_pv_mean_std auc=0.569
[21/1452] MNIST_QNN_eff_su2_r1_d6_s43 ideal_shot q=1 shots=128 learned_mlp_pv auc=0.514
[22/1452] MNIST_QNN_eff_su2_r1_d6_s43 ideal_shot q=1 shots=128 learned_mlp_pv_mean_std auc=0.511
[23/1452] MNIST_QNN_eff_su2_r1_d6_s43 ideal_shot q=1 shots=2560 learned_mlp_pv auc=0.530
[24/1452] MNIST_QNN_eff_su2_r1_d6_s43 ideal_shot q=1 shots=2560 learned_mlp_pv_mean_std auc=0.511
[25/1452] MNIST_QNN_eff_su2_r1_d6_s43 ideal_shot q=1 shots=2560 learned_mlp_pv auc=0.510
[26/1452] MNIST_QNN_eff_su2_r1_d6_s43 ideal_shot q=1 shots=2560 learned_mlp_pv_mean_std auc=0.510
[27/1452] MNIST_QNN_eff_su2_r1_d6_s43 ideal_shot q=1 shots=2560 learned_mlp_pv auc=0.522
[28/1452] MNIST_QNN_eff_su2_r1_d6_s43 ideal_shot q=1 shots=2560 learned_mlp_pv_mean_std auc=0.535
[29/1452] MNIST_QNN_eff_su2_r1_d6_s43 ideal_shot q=1 shots=2560 learned_mlp_pv auc=0.515
[30/1452] MNIST_QNN_eff_su2_r1_d6_s43 ideal_shot q=1 shots=2560 learned_mlp_pv_mean_std auc=0.538
[31/1452] MNIST_QNN_eff_su2_r1_d6_s43 ideal_shot q=1 shots=2560 learned_mlp_pv auc=0.526
[32/1452] MNIST_QNN_eff_su2_r1_d6_s43 ideal_shot q=1 shots=2560 learned_mlp_pv_mean_std auc=0.516
[33/1452] MNIST_QNN_eff_su2_r1_d6_s43 ideal_shot q=1 shots=2560 learned_mlp_pv auc=0.514
[34/1452] MNIST_QNN_eff_su2_r1_d6_s43 ideal_shot q=1 shots=2560 learned_mlp_pv_mean_std auc=0.513
[35/1452] MNIST_QNN_eff_su2_r1_d6_s43 ideal_shot q=1 shots=2560 learned_mlp_pv auc=0.536
[36/1452] MNIST_QNN_eff_su2_r1_d6_s43 ideal_shot q=1 shots=2560 learned_mlp_pv_mean_std auc=0.500
[37/1452] MNIST_QNN_eff_su2_r1_d6_s43 ideal_shot q=1 shots=2560 learned_mlp_pv auc=0.530
[38/1452] MNIST_QNN_eff_su2_r1_d6_s43 ideal_shot q=1 shots=2560 learned_mlp_pv_mean_std auc=0.506
[39/1452] MNIST_QNN_eff_su2_r1_d6_s43 ideal_shot q=1 shots=2560 learned_mlp_pv auc=0.508
[40/1452] MNIST_QNN_eff_su2_r1_d6_s43 ideal_shot q=1 shots=2560 learned_mlp_pv_mean_std auc=0.504
[41/1452] MNIST_QNN_eff_su2_r1_d6_s43 ideal_shot q=1 shots=2560 learned_mlp_pv auc=0.516
[42/1452] MNIST_QNN_eff_su2_r1_d6_s43 ideal_shot q=1 shots=2560 learned_mlp_pv_mean_std auc=0.520
[43/1452] MNIST_QNN_eff_su2_r1_d6_s43 ideal_shot q=1 shots=512 learned_mlp_pv auc=0.482
[44/1452] MNIST_QNN_eff_su2_r1_d6_s43 ideal_shot q=1 shots=512 learned_mlp_pv_mean_std auc=0.490
[45/1452] MNIST_QNN_eff_su2_r1_d6_s43 ideal_shot q=1 shots=512 learned_mlp_pv auc=0.495
[46/1452] MNIST_QNN_eff_su2_r1_d6_s43 ideal_shot q=1 shots=512 learned_mlp_pv_mean_std auc=0.514
[47/1452] MNIST_QNN_eff_su2_r1_d6_s43 ideal_shot q=1 shots=512 learned_mlp_pv auc=0.518
[48/1452] MNIST_QNN_eff_su2_r1_d6_s43 ideal_shot q=1 shots=512 learned_mlp_pv_mean_std auc=0.516
[49/1452] MNIST_QNN_eff_su2_r1_d6_s43 ideal_shot q=1 shots=512 learned_mlp_pv auc=0.498
[50/1452] MNIST_QNN_eff_su2_r1_d6_s43 ideal_shot q=1 shots=512 learned_mlp_pv_mean_std auc=0.484
[51/1452] MNIST_QNN_eff_su2_r1_d6_s43 ideal_shot q=1 shots=512 learned_mlp_pv auc=0.521
[52/1452] MNIST_QNN_eff_su2_r1_d6_s43 ideal_shot q=1 shots=512 learned_mlp_pv_mean_std auc=0.506
[53/1452] MNIST_QNN_eff_su2_r1_d6_s43 ideal_shot q=1 shots=512 learned_mlp_pv auc=0.519
[54/1452] MNIST_QNN_eff_su2_r1_d6_s43 ideal_shot q=1 shots=512 learned_mlp_pv_mean_std auc=0.523
[55/1452] MNIST_QNN_eff_su2_r1_d6_s43 ideal_shot q=1 shots=512 learned_mlp_pv auc=0.543
[56/1452] MNIST_QNN_eff_su2_r1_d6_s43 ideal_shot q=1 shots=512 learned_mlp_pv_mean_std auc=0.540
[57/1452] MNIST_QNN_eff_su2_r1_d6_s43 ideal_shot q=1 shots=512 learned_mlp_pv auc=0.506
[58/1452] MNIST_QNN_eff_su2_r1_d6_s43 ideal_shot q=1 shots=512 learned_mlp_pv_mean_std auc=0.485
[59/1452] MNIST_QNN_eff_su2_r1_d6_s43 ideal_shot q=1 shots=512 learned_mlp_pv auc=0.488
[60/1452] MNIST_QNN_eff_su2_r1_d6_s43 ideal_shot q=1 shots=512 learned_mlp_pv_mean_std auc=0.508
[61/1452] MNIST_QNN_eff_su2_r1_d6_s43 ideal_shot q=1 shots=512 learned_mlp_pv auc=0.526
[62/1452] MNIST_QNN_eff_su2_r1_d6_s43 ideal_shot q=1 shots=512 learned_mlp_pv_mean_std auc=0.503
[63/1452] MNIST_QNN_eff_su2_r1_d6_s43 ideal_shot q=20 shots=128 learned_mlp_pv auc=0.528
[64/1452] MNIST_QNN_eff_su2_r1_d6_s43 ideal_shot q=20 shots=128 learned_mlp_pv_mean_std auc=0.559
[65/1452] MNIST_QNN_eff_su2_r1_d6_s43 ideal_shot q=20 shots=128 learned_mlp_pv auc=0.583
[66/1452] MNIST_QNN_eff_su2_r1_d6_s43 ideal_shot q=20 shots=128 learned_mlp_pv_mean_std auc=0.587
[67/1452] MNIST_QNN_eff_su2_r1_d6_s43 ideal_shot q=20 shots=128 learned_mlp_pv auc=0.529
[68/1452] MNIST_QNN_eff_su2_r1_d6_s43 ideal_shot q=20 shots=128 learned_mlp_pv_mean_std auc=0.562
[69/1452] MNIST_QNN_eff_su2_r1_d6_s43 ideal_shot q=20 shots=128 learned_mlp_pv auc=0.556
[70/1452] MNIST_QNN_eff_su2_r1_d6_s43 ideal_shot q=20 shots=128 learned_mlp_pv_mean_std auc=0.557
[71/1452] MNIST_QNN_eff_su2_r1_d6_s43 ideal_shot q=20 shots=128 learned_mlp_pv auc=0.550
[72/1452] MNIST_QNN_eff_su2_r1_d6_s43 ideal_shot q=20 shots=128 learned_mlp_pv_mean_std auc=0.573
[73/1452] MNIST_QNN_eff_su2_r1_d6_s43 ideal_shot q=20 shots=128 learned_mlp_pv auc=0.496
[74/1452] MNIST_QNN_eff_su2_r1_d6_s43 ideal_shot q=20 shots=128 learned_mlp_pv_mean_std auc=0.490
[75/1452] MNIST_QNN_eff_su2_r1_d6_s43 ideal_shot q=20 shots=128 learned_mlp_pv auc=0.530
[76/1452] MNIST_QNN_eff_su2_r1_d6_s43 ideal_shot q=20 shots=128 learned_mlp_pv_mean_std auc=0.529
[77/1452] MNIST_QNN_eff_su2_r1_d6_s43 ideal_shot q=20 shots=128 learned_mlp_pv auc=0.560
[78/1452] MNIST_QNN_eff_su2_r1_d6_s43 ideal_shot q=20 shots=128 learned_mlp_pv_mean_std auc=0.531
[79/1452] MNIST_QNN_eff_su2_r1_d6_s43 ideal_shot q=20 shots=128 learned_mlp_pv auc=0.509
[80/1452] MNIST_QNN_eff_su2_r1_d6_s43 ideal_shot q=20 shots=128 learned_mlp_pv_mean_std auc=0.532
[81/1452] MNIST_QNN_eff_su2_r1_d6_s43 ideal_shot q=20 shots=128 learned_mlp_pv auc=0.536
[82/1452] MNIST_QNN_eff_su2_r1_d6_s43 ideal_shot q=20 shots=128 learned_mlp_pv_mean_std auc=0.534
[83/1452] MNIST_QNN_eff_su2_r1_d6_s43 ideal_shot q=5 shots=128 learned_mlp_pv auc=0.522
[84/1452] MNIST_QNN_eff_su2_r1_d6_s43 ideal_shot q=5 shots=128 learned_mlp_pv_mean_std auc=0.516
[85/1452] MNIST_QNN_eff_su2_r1_d6_s43 ideal_shot q=5 shots=128 learned_mlp_pv auc=0.586
[86/1452] MNIST_QNN_eff_su2_r1_d6_s43 ideal_shot q=5 shots=128 learned_mlp_pv_mean_std auc=0.592
[87/1452] MNIST_QNN_eff_su2_r1_d6_s43 ideal_shot q=5 shots=128 learned_mlp_pv auc=0.529
[88/1452] MNIST_QNN_eff_su2_r1_d6_s43 ideal_shot q=5 shots=128 learned_mlp_pv_mean_std auc=0.508
[89/1452] MNIST_QNN_eff_su2_r1_d6_s43 ideal_shot q=5 shots=128 learned_mlp_pv auc=0.519
[90/1452] MNIST_QNN_eff_su2_r1_d6_s43 ideal_shot q=5 shots=128 learned_mlp_pv_mean_std auc=0.555
[91/1452] MNIST_QNN_eff_su2_r1_d6_s43 ideal_shot q=5 shots=128 learned_mlp_pv auc=0.537
[92/1452] MNIST_QNN_eff_su2_r1_d6_s43 ideal_shot q=5 shots=128 learned_mlp_pv_mean_std auc=0.553
[93/1452] MNIST_QNN_eff_su2_r1_d6_s43 ideal_shot q=5 shots=128 learned_mlp_pv auc=0.507
[94/1452] MNIST_QNN_eff_su2_r1_d6_s43 ideal_shot q=5 shots=128 learned_mlp_pv_mean_std auc=0.489
[95/1452] MNIST_QNN_eff_su2_r1_d6_s43 ideal_shot q=5 shots=128 learned_mlp_pv auc=0.513
[96/1452] MNIST_QNN_eff_su2_r1_d6_s43 ideal_shot q=5 shots=128 learned_mlp_pv_mean_std auc=0.534
[97/1452] MNIST_QNN_eff_su2_r1_d6_s43 ideal_shot q=5 shots=128 learned_mlp_pv auc=0.510
[98/1452] MNIST_QNN_eff_su2_r1_d6_s43 ideal_shot q=5 shots=128 learned_mlp_pv_mean_std auc=0.483
[99/1452] MNIST_QNN_eff_su2_r1_d6_s43 ideal_shot q=5 shots=128 learned_mlp_pv auc=0.547
[100/1452] MNIST_QNN_eff_su2_r1_d6_s43 ideal_shot q=5 shots=128 learned_mlp_pv_mean_std auc=0.510
[101/1452] MNIST_QNN_eff_su2_r1_d6_s43 ideal_shot q=5 shots=128 learned_mlp_pv auc=0.554
[102/1452] MNIST_QNN_eff_su2_r1_d6_s43 ideal_shot q=5 shots=128 learned_mlp_pv_mean_std auc=0.591
[103/1452] MNIST_QNN_eff_su2_r1_d6_s43 ideal_shot q=5 shots=512 learned_mlp_pv auc=0.522
[104/1452] MNIST_QNN_eff_su2_r1_d6_s43 ideal_shot q=5 shots=512 learned_mlp_pv_mean_std auc=0.552
[105/1452] MNIST_QNN_eff_su2_r1_d6_s43 ideal_shot q=5 shots=512 learned_mlp_pv auc=0.560
[106/1452] MNIST_QNN_eff_su2_r1_d6_s43 ideal_shot q=5 shots=512 learned_mlp_pv_mean_std auc=0.581
[107/1452] MNIST_QNN_eff_su2_r1_d6_s43 ideal_shot q=5 shots=512 learned_mlp_pv auc=0.518
[108/1452] MNIST_QNN_eff_su2_r1_d6_s43 ideal_shot q=5 shots=512 learned_mlp_pv_mean_std auc=0.492
[109/1452] MNIST_QNN_eff_su2_r1_d6_s43 ideal_shot q=5 shots=512 learned_mlp_pv auc=0.526
[110/1452] MNIST_QNN_eff_su2_r1_d6_s43 ideal_shot q=5 shots=512 learned_mlp_pv_mean_std auc=0.485
[111/1452] MNIST_QNN_eff_su2_r1_d6_s43 ideal_shot q=5 shots=512 learned_mlp_pv auc=0.541
[112/1452] MNIST_QNN_eff_su2_r1_d6_s43 ideal_shot q=5 shots=512 learned_mlp_pv_mean_std auc=0.546
[113/1452] MNIST_QNN_eff_su2_r1_d6_s43 ideal_shot q=5 shots=512 learned_mlp_pv auc=0.509
[114/1452] MNIST_QNN_eff_su2_r1_d6_s43 ideal_shot q=5 shots=512 learned_mlp_pv_mean_std auc=0.570
[115/1452] MNIST_QNN_eff_su2_r1_d6_s43 ideal_shot q=5 shots=512 learned_mlp_pv auc=0.534
[116/1452] MNIST_QNN_eff_su2_r1_d6_s43 ideal_shot q=5 shots=512 learned_mlp_pv_mean_std auc=0.540
[117/1452] MNIST_QNN_eff_su2_r1_d6_s43 ideal_shot q=5 shots=512 learned_mlp_pv auc=0.517
[118/1452] MNIST_QNN_eff_su2_r1_d6_s43 ideal_shot q=5 shots=512 learned_mlp_pv_mean_std auc=0.544
[119/1452] MNIST_QNN_eff_su2_r1_d6_s43 ideal_shot q=5 shots=512 learned_mlp_pv auc=0.557
[120/1452] MNIST_QNN_eff_su2_r1_d6_s43 ideal_shot q=5 shots=512 learned_mlp_pv_mean_std auc=0.569
[121/1452] MNIST_QNN_eff_su2_r1_d6_s43 ideal_shot q=5 shots=512 learned_mlp_pv auc=0.510
[122/1452] MNIST_QNN_eff_su2_r1_d6_s43 ideal_shot q=5 shots=512 learned_mlp_pv_mean_std auc=0.521
[123/1452] MNIST_QNN_eff_su2_r1_d6_s43 noisy_shot q=1 shots=128 learned_mlp_pv auc=0.505
[124/1452] MNIST_QNN_eff_su2_r1_d6_s43 noisy_shot q=1 shots=128 learned_mlp_pv_mean_std auc=0.485
[125/1452] MNIST_QNN_eff_su2_r1_d6_s43 noisy_shot q=1 shots=128 learned_mlp_pv auc=0.521
[126/1452] MNIST_QNN_eff_su2_r1_d6_s43 noisy_shot q=1 shots=128 learned_mlp_pv_mean_std auc=0.567
[127/1452] MNIST_QNN_eff_su2_r1_d6_s43 noisy_shot q=1 shots=128 learned_mlp_pv auc=0.499
[128/1452] MNIST_QNN_eff_su2_r1_d6_s43 noisy_shot q=1 shots=128 learned_mlp_pv_mean_std auc=0.524
[129/1452] MNIST_QNN_eff_su2_r1_d6_s43 noisy_shot q=1 shots=128 learned_mlp_pv auc=0.554
[130/1452] MNIST_QNN_eff_su2_r1_d6_s43 noisy_shot q=1 shots=128 learned_mlp_pv_mean_std auc=0.570
[131/1452] MNIST_QNN_eff_su2_r1_d6_s43 noisy_shot q=1 shots=128 learned_mlp_pv auc=0.452
[132/1452] MNIST_QNN_eff_su2_r1_d6_s43 noisy_shot q=1 shots=128 learned_mlp_pv_mean_std auc=0.511
[133/1452] MNIST_QNN_eff_su2_r1_d6_s43 noisy_shot q=1 shots=128 learned_mlp_pv auc=0.515
[134/1452] MNIST_QNN_eff_su2_r1_d6_s43 noisy_shot q=1 shots=128 learned_mlp_pv_mean_std auc=0.540
[135/1452] MNIST_QNN_eff_su2_r1_d6_s43 noisy_shot q=1 shots=128 learned_mlp_pv auc=0.488
[136/1452] MNIST_QNN_eff_su2_r1_d6_s43 noisy_shot q=1 shots=128 learned_mlp_pv_mean_std auc=0.479
[137/1452] MNIST_QNN_eff_su2_r1_d6_s43 noisy_shot q=1 shots=128 learned_mlp_pv auc=0.536
[138/1452] MNIST_QNN_eff_su2_r1_d6_s43 noisy_shot q=1 shots=128 learned_mlp_pv_mean_std auc=0.548
[139/1452] MNIST_QNN_eff_su2_r1_d6_s43 noisy_shot q=1 shots=128 learned_mlp_pv auc=0.542
[140/1452] MNIST_QNN_eff_su2_r1_d6_s43 noisy_shot q=1 shots=128 learned_mlp_pv_mean_std auc=0.543
[141/1452] MNIST_QNN_eff_su2_r1_d6_s43 noisy_shot q=1 shots=128 learned_mlp_pv auc=0.500
[142/1452] MNIST_QNN_eff_su2_r1_d6_s43 noisy_shot q=1 shots=128 learned_mlp_pv_mean_std auc=0.495
[143/1452] MNIST_QNN_eff_su2_r1_d6_s43 noisy_shot q=1 shots=2560 learned_mlp_pv auc=0.544
[144/1452] MNIST_QNN_eff_su2_r1_d6_s43 noisy_shot q=1 shots=2560 learned_mlp_pv_mean_std auc=0.527
[145/1452] MNIST_QNN_eff_su2_r1_d6_s43 noisy_shot q=1 shots=2560 learned_mlp_pv auc=0.503
[146/1452] MNIST_QNN_eff_su2_r1_d6_s43 noisy_shot q=1 shots=2560 learned_mlp_pv_mean_std auc=0.524
[147/1452] MNIST_QNN_eff_su2_r1_d6_s43 noisy_shot q=1 shots=2560 learned_mlp_pv auc=0.523
[148/1452] MNIST_QNN_eff_su2_r1_d6_s43 noisy_shot q=1 shots=2560 learned_mlp_pv_mean_std auc=0.508
[149/1452] MNIST_QNN_eff_su2_r1_d6_s43 noisy_shot q=1 shots=2560 learned_mlp_pv auc=0.547
[150/1452] MNIST_QNN_eff_su2_r1_d6_s43 noisy_shot q=1 shots=2560 learned_mlp_pv_mean_std auc=0.591
[151/1452] MNIST_QNN_eff_su2_r1_d6_s43 noisy_shot q=1 shots=2560 learned_mlp_pv auc=0.514
[152/1452] MNIST_QNN_eff_su2_r1_d6_s43 noisy_shot q=1 shots=2560 learned_mlp_pv_mean_std auc=0.561
[153/1452] MNIST_QNN_eff_su2_r1_d6_s43 noisy_shot q=1 shots=2560 learned_mlp_pv auc=0.577
[154/1452] MNIST_QNN_eff_su2_r1_d6_s43 noisy_shot q=1 shots=2560 learned_mlp_pv_mean_std auc=0.525
[155/1452] MNIST_QNN_eff_su2_r1_d6_s43 noisy_shot q=1 shots=2560 learned_mlp_pv auc=0.505
[156/1452] MNIST_QNN_eff_su2_r1_d6_s43 noisy_shot q=1 shots=2560 learned_mlp_pv_mean_std auc=0.547
[157/1452] MNIST_QNN_eff_su2_r1_d6_s43 noisy_shot q=1 shots=2560 learned_mlp_pv auc=0.538
[158/1452] MNIST_QNN_eff_su2_r1_d6_s43 noisy_shot q=1 shots=2560 learned_mlp_pv_mean_std auc=0.519
[159/1452] MNIST_QNN_eff_su2_r1_d6_s43 noisy_shot q=1 shots=2560 learned_mlp_pv auc=0.578
[160/1452] MNIST_QNN_eff_su2_r1_d6_s43 noisy_shot q=1 shots=2560 learned_mlp_pv_mean_std auc=0.602
[161/1452] MNIST_QNN_eff_su2_r1_d6_s43 noisy_shot q=1 shots=2560 learned_mlp_pv auc=0.521
[162/1452] MNIST_QNN_eff_su2_r1_d6_s43 noisy_shot q=1 shots=2560 learned_mlp_pv_mean_std auc=0.533
[163/1452] MNIST_QNN_eff_su2_r1_d6_s43 noisy_shot q=1 shots=512 learned_mlp_pv auc=0.512
[164/1452] MNIST_QNN_eff_su2_r1_d6_s43 noisy_shot q=1 shots=512 learned_mlp_pv_mean_std auc=0.537
[165/1452] MNIST_QNN_eff_su2_r1_d6_s43 noisy_shot q=1 shots=512 learned_mlp_pv auc=0.547
[166/1452] MNIST_QNN_eff_su2_r1_d6_s43 noisy_shot q=1 shots=512 learned_mlp_pv_mean_std auc=0.587
[167/1452] MNIST_QNN_eff_su2_r1_d6_s43 noisy_shot q=1 shots=512 learned_mlp_pv auc=0.550
[168/1452] MNIST_QNN_eff_su2_r1_d6_s43 noisy_shot q=1 shots=512 learned_mlp_pv_mean_std auc=0.556
[169/1452] MNIST_QNN_eff_su2_r1_d6_s43 noisy_shot q=1 shots=512 learned_mlp_pv auc=0.509
[170/1452] MNIST_QNN_eff_su2_r1_d6_s43 noisy_shot q=1 shots=512 learned_mlp_pv_mean_std auc=0.476
[171/1452] MNIST_QNN_eff_su2_r1_d6_s43 noisy_shot q=1 shots=512 learned_mlp_pv auc=0.477
[172/1452] MNIST_QNN_eff_su2_r1_d6_s43 noisy_shot q=1 shots=512 learned_mlp_pv_mean_std auc=0.493
[173/1452] MNIST_QNN_eff_su2_r1_d6_s43 noisy_shot q=1 shots=512 learned_mlp_pv auc=0.496
[174/1452] MNIST_QNN_eff_su2_r1_d6_s43 noisy_shot q=1 shots=512 learned_mlp_pv_mean_std auc=0.512
[175/1452] MNIST_QNN_eff_su2_r1_d6_s43 noisy_shot q=1 shots=512 learned_mlp_pv auc=0.501
[176/1452] MNIST_QNN_eff_su2_r1_d6_s43 noisy_shot q=1 shots=512 learned_mlp_pv_mean_std auc=0.553
[177/1452] MNIST_QNN_eff_su2_r1_d6_s43 noisy_shot q=1 shots=512 learned_mlp_pv auc=0.491
[178/1452] MNIST_QNN_eff_su2_r1_d6_s43 noisy_shot q=1 shots=512 learned_mlp_pv_mean_std auc=0.499
[179/1452] MNIST_QNN_eff_su2_r1_d6_s43 noisy_shot q=1 shots=512 learned_mlp_pv auc=0.505
[180/1452] MNIST_QNN_eff_su2_r1_d6_s43 noisy_shot q=1 shots=512 learned_mlp_pv_mean_std auc=0.537
[181/1452] MNIST_QNN_eff_su2_r1_d6_s43 noisy_shot q=1 shots=512 learned_mlp_pv auc=0.512
[182/1452] MNIST_QNN_eff_su2_r1_d6_s43 noisy_shot q=1 shots=512 learned_mlp_pv_mean_std auc=0.523
[183/1452] MNIST_QNN_eff_su2_r1_d6_s43 noisy_shot q=20 shots=128 learned_mlp_pv auc=0.533
[184/1452] MNIST_QNN_eff_su2_r1_d6_s43 noisy_shot q=20 shots=128 learned_mlp_pv_mean_std auc=0.527
[185/1452] MNIST_QNN_eff_su2_r1_d6_s43 noisy_shot q=20 shots=128 learned_mlp_pv auc=0.577
[186/1452] MNIST_QNN_eff_su2_r1_d6_s43 noisy_shot q=20 shots=128 learned_mlp_pv_mean_std auc=0.576
[187/1452] MNIST_QNN_eff_su2_r1_d6_s43 noisy_shot q=20 shots=128 learned_mlp_pv auc=0.547
[188/1452] MNIST_QNN_eff_su2_r1_d6_s43 noisy_shot q=20 shots=128 learned_mlp_pv_mean_std auc=0.533
[189/1452] MNIST_QNN_eff_su2_r1_d6_s43 noisy_shot q=20 shots=128 learned_mlp_pv auc=0.549
[190/1452] MNIST_QNN_eff_su2_r1_d6_s43 noisy_shot q=20 shots=128 learned_mlp_pv_mean_std auc=0.562
[191/1452] MNIST_QNN_eff_su2_r1_d6_s43 noisy_shot q=20 shots=128 learned_mlp_pv auc=0.569
[192/1452] MNIST_QNN_eff_su2_r1_d6_s43 noisy_shot q=20 shots=128 learned_mlp_pv_mean_std auc=0.500
[193/1452] MNIST_QNN_eff_su2_r1_d6_s43 noisy_shot q=20 shots=128 learned_mlp_pv auc=0.499
[194/1452] MNIST_QNN_eff_su2_r1_d6_s43 noisy_shot q=20 shots=128 learned_mlp_pv_mean_std auc=0.514
[195/1452] MNIST_QNN_eff_su2_r1_d6_s43 noisy_shot q=20 shots=128 learned_mlp_pv auc=0.558
[196/1452] MNIST_QNN_eff_su2_r1_d6_s43 noisy_shot q=20 shots=128 learned_mlp_pv_mean_std auc=0.595
[197/1452] MNIST_QNN_eff_su2_r1_d6_s43 noisy_shot q=20 shots=128 learned_mlp_pv auc=0.520
[198/1452] MNIST_QNN_eff_su2_r1_d6_s43 noisy_shot q=20 shots=128 learned_mlp_pv_mean_std auc=0.528
[199/1452] MNIST_QNN_eff_su2_r1_d6_s43 noisy_shot q=20 shots=128 learned_mlp_pv auc=0.548
[200/1452] MNIST_QNN_eff_su2_r1_d6_s43 noisy_shot q=20 shots=128 learned_mlp_pv_mean_std auc=0.558
[201/1452] MNIST_QNN_eff_su2_r1_d6_s43 noisy_shot q=20 shots=128 learned_mlp_pv auc=0.521
[202/1452] MNIST_QNN_eff_su2_r1_d6_s43 noisy_shot q=20 shots=128 learned_mlp_pv_mean_std auc=0.600
[203/1452] MNIST_QNN_eff_su2_r1_d6_s43 noisy_shot q=5 shots=128 learned_mlp_pv auc=0.503
[204/1452] MNIST_QNN_eff_su2_r1_d6_s43 noisy_shot q=5 shots=128 learned_mlp_pv_mean_std auc=0.488
[205/1452] MNIST_QNN_eff_su2_r1_d6_s43 noisy_shot q=5 shots=128 learned_mlp_pv auc=0.603
[206/1452] MNIST_QNN_eff_su2_r1_d6_s43 noisy_shot q=5 shots=128 learned_mlp_pv_mean_std auc=0.524
[207/1452] MNIST_QNN_eff_su2_r1_d6_s43 noisy_shot q=5 shots=128 learned_mlp_pv auc=0.511
[208/1452] MNIST_QNN_eff_su2_r1_d6_s43 noisy_shot q=5 shots=128 learned_mlp_pv_mean_std auc=0.535
[209/1452] MNIST_QNN_eff_su2_r1_d6_s43 noisy_shot q=5 shots=128 learned_mlp_pv auc=0.504
[210/1452] MNIST_QNN_eff_su2_r1_d6_s43 noisy_shot q=5 shots=128 learned_mlp_pv_mean_std auc=0.532
[211/1452] MNIST_QNN_eff_su2_r1_d6_s43 noisy_shot q=5 shots=128 learned_mlp_pv auc=0.484
[212/1452] MNIST_QNN_eff_su2_r1_d6_s43 noisy_shot q=5 shots=128 learned_mlp_pv_mean_std auc=0.522
[213/1452] MNIST_QNN_eff_su2_r1_d6_s43 noisy_shot q=5 shots=128 learned_mlp_pv auc=0.505
[214/1452] MNIST_QNN_eff_su2_r1_d6_s43 noisy_shot q=5 shots=128 learned_mlp_pv_mean_std auc=0.492
[215/1452] MNIST_QNN_eff_su2_r1_d6_s43 noisy_shot q=5 shots=128 learned_mlp_pv auc=0.462
[216/1452] MNIST_QNN_eff_su2_r1_d6_s43 noisy_shot q=5 shots=128 learned_mlp_pv_mean_std auc=0.505
[217/1452] MNIST_QNN_eff_su2_r1_d6_s43 noisy_shot q=5 shots=128 learned_mlp_pv auc=0.484
[218/1452] MNIST_QNN_eff_su2_r1_d6_s43 noisy_shot q=5 shots=128 learned_mlp_pv_mean_std auc=0.516
[219/1452] MNIST_QNN_eff_su2_r1_d6_s43 noisy_shot q=5 shots=128 learned_mlp_pv auc=0.530
[220/1452] MNIST_QNN_eff_su2_r1_d6_s43 noisy_shot q=5 shots=128 learned_mlp_pv_mean_std auc=0.517
[221/1452] MNIST_QNN_eff_su2_r1_d6_s43 noisy_shot q=5 shots=128 learned_mlp_pv auc=0.532
[222/1452] MNIST_QNN_eff_su2_r1_d6_s43 noisy_shot q=5 shots=128 learned_mlp_pv_mean_std auc=0.535
[223/1452] MNIST_QNN_eff_su2_r1_d6_s43 noisy_shot q=5 shots=512 learned_mlp_pv auc=0.537
[224/1452] MNIST_QNN_eff_su2_r1_d6_s43 noisy_shot q=5 shots=512 learned_mlp_pv_mean_std auc=0.531
[225/1452] MNIST_QNN_eff_su2_r1_d6_s43 noisy_shot q=5 shots=512 learned_mlp_pv auc=0.544
[226/1452] MNIST_QNN_eff_su2_r1_d6_s43 noisy_shot q=5 shots=512 learned_mlp_pv_mean_std auc=0.624
[227/1452] MNIST_QNN_eff_su2_r1_d6_s43 noisy_shot q=5 shots=512 learned_mlp_pv auc=0.538
[228/1452] MNIST_QNN_eff_su2_r1_d6_s43 noisy_shot q=5 shots=512 learned_mlp_pv_mean_std auc=0.556
[229/1452] MNIST_QNN_eff_su2_r1_d6_s43 noisy_shot q=5 shots=512 learned_mlp_pv auc=0.518
[230/1452] MNIST_QNN_eff_su2_r1_d6_s43 noisy_shot q=5 shots=512 learned_mlp_pv_mean_std auc=0.548
[231/1452] MNIST_QNN_eff_su2_r1_d6_s43 noisy_shot q=5 shots=512 learned_mlp_pv auc=0.574
[232/1452] MNIST_QNN_eff_su2_r1_d6_s43 noisy_shot q=5 shots=512 learned_mlp_pv_mean_std auc=0.536
[233/1452] MNIST_QNN_eff_su2_r1_d6_s43 noisy_shot q=5 shots=512 learned_mlp_pv auc=0.529
[234/1452] MNIST_QNN_eff_su2_r1_d6_s43 noisy_shot q=5 shots=512 learned_mlp_pv_mean_std auc=0.496
[235/1452] MNIST_QNN_eff_su2_r1_d6_s43 noisy_shot q=5 shots=512 learned_mlp_pv auc=0.520
[236/1452] MNIST_QNN_eff_su2_r1_d6_s43 noisy_shot q=5 shots=512 learned_mlp_pv_mean_std auc=0.554
[237/1452] MNIST_QNN_eff_su2_r1_d6_s43 noisy_shot q=5 shots=512 learned_mlp_pv auc=0.502
[238/1452] MNIST_QNN_eff_su2_r1_d6_s43 noisy_shot q=5 shots=512 learned_mlp_pv_mean_std auc=0.452
[239/1452] MNIST_QNN_eff_su2_r1_d6_s43 noisy_shot q=5 shots=512 learned_mlp_pv auc=0.533
[240/1452] MNIST_QNN_eff_su2_r1_d6_s43 noisy_shot q=5 shots=512 learned_mlp_pv_mean_std auc=0.519
[241/1452] MNIST_QNN_eff_su2_r1_d6_s43 noisy_shot q=5 shots=512 learned_mlp_pv auc=0.598
[242/1452] MNIST_QNN_eff_su2_r1_d6_s43 noisy_shot q=5 shots=512 learned_mlp_pv_mean_std auc=0.566
[243/1452] MNIST_QNN_eff_su2_r5_d6_s43 exact q=0 shots=0 learned_mlp_pv auc=0.534
[244/1452] MNIST_QNN_eff_su2_r5_d6_s43 exact q=0 shots=0 learned_mlp_pv_mean_std auc=0.555
[245/1452] MNIST_QNN_eff_su2_r5_d6_s43 ideal_shot q=1 shots=128 learned_mlp_pv auc=0.481
[246/1452] MNIST_QNN_eff_su2_r5_d6_s43 ideal_shot q=1 shots=128 learned_mlp_pv_mean_std auc=0.478
[247/1452] MNIST_QNN_eff_su2_r5_d6_s43 ideal_shot q=1 shots=128 learned_mlp_pv auc=0.561
[248/1452] MNIST_QNN_eff_su2_r5_d6_s43 ideal_shot q=1 shots=128 learned_mlp_pv_mean_std auc=0.554
[249/1452] MNIST_QNN_eff_su2_r5_d6_s43 ideal_shot q=1 shots=128 learned_mlp_pv auc=0.483
[250/1452] MNIST_QNN_eff_su2_r5_d6_s43 ideal_shot q=1 shots=128 learned_mlp_pv_mean_std auc=0.466
[251/1452] MNIST_QNN_eff_su2_r5_d6_s43 ideal_shot q=1 shots=128 learned_mlp_pv auc=0.509
[252/1452] MNIST_QNN_eff_su2_r5_d6_s43 ideal_shot q=1 shots=128 learned_mlp_pv_mean_std auc=0.499
[253/1452] MNIST_QNN_eff_su2_r5_d6_s43 ideal_shot q=1 shots=128 learned_mlp_pv auc=0.486
[254/1452] MNIST_QNN_eff_su2_r5_d6_s43 ideal_shot q=1 shots=128 learned_mlp_pv_mean_std auc=0.510
[255/1452] MNIST_QNN_eff_su2_r5_d6_s43 ideal_shot q=1 shots=128 learned_mlp_pv auc=0.484
[256/1452] MNIST_QNN_eff_su2_r5_d6_s43 ideal_shot q=1 shots=128 learned_mlp_pv_mean_std auc=0.483
[257/1452] MNIST_QNN_eff_su2_r5_d6_s43 ideal_shot q=1 shots=128 learned_mlp_pv auc=0.498
[258/1452] MNIST_QNN_eff_su2_r5_d6_s43 ideal_shot q=1 shots=128 learned_mlp_pv_mean_std auc=0.496
[259/1452] MNIST_QNN_eff_su2_r5_d6_s43 ideal_shot q=1 shots=128 learned_mlp_pv auc=0.525
[260/1452] MNIST_QNN_eff_su2_r5_d6_s43 ideal_shot q=1 shots=128 learned_mlp_pv_mean_std auc=0.492
[261/1452] MNIST_QNN_eff_su2_r5_d6_s43 ideal_shot q=1 shots=128 learned_mlp_pv auc=0.535
[262/1452] MNIST_QNN_eff_su2_r5_d6_s43 ideal_shot q=1 shots=128 learned_mlp_pv_mean_std auc=0.527
[263/1452] MNIST_QNN_eff_su2_r5_d6_s43 ideal_shot q=1 shots=128 learned_mlp_pv auc=0.474
[264/1452] MNIST_QNN_eff_su2_r5_d6_s43 ideal_shot q=1 shots=128 learned_mlp_pv_mean_std auc=0.507
[265/1452] MNIST_QNN_eff_su2_r5_d6_s43 ideal_shot q=1 shots=2560 learned_mlp_pv auc=0.565
[266/1452] MNIST_QNN_eff_su2_r5_d6_s43 ideal_shot q=1 shots=2560 learned_mlp_pv_mean_std auc=0.544
[267/1452] MNIST_QNN_eff_su2_r5_d6_s43 ideal_shot q=1 shots=2560 learned_mlp_pv auc=0.535
[268/1452] MNIST_QNN_eff_su2_r5_d6_s43 ideal_shot q=1 shots=2560 learned_mlp_pv_mean_std auc=0.511
[269/1452] MNIST_QNN_eff_su2_r5_d6_s43 ideal_shot q=1 shots=2560 learned_mlp_pv auc=0.509
[270/1452] MNIST_QNN_eff_su2_r5_d6_s43 ideal_shot q=1 shots=2560 learned_mlp_pv_mean_std auc=0.514
[271/1452] MNIST_QNN_eff_su2_r5_d6_s43 ideal_shot q=1 shots=2560 learned_mlp_pv auc=0.496
[272/1452] MNIST_QNN_eff_su2_r5_d6_s43 ideal_shot q=1 shots=2560 learned_mlp_pv_mean_std auc=0.503
[273/1452] MNIST_QNN_eff_su2_r5_d6_s43 ideal_shot q=1 shots=2560 learned_mlp_pv auc=0.501
[274/1452] MNIST_QNN_eff_su2_r5_d6_s43 ideal_shot q=1 shots=2560 learned_mlp_pv_mean_std auc=0.499
[275/1452] MNIST_QNN_eff_su2_r5_d6_s43 ideal_shot q=1 shots=2560 learned_mlp_pv auc=0.514
[276/1452] MNIST_QNN_eff_su2_r5_d6_s43 ideal_shot q=1 shots=2560 learned_mlp_pv_mean_std auc=0.539
[277/1452] MNIST_QNN_eff_su2_r5_d6_s43 ideal_shot q=1 shots=2560 learned_mlp_pv auc=0.527
[278/1452] MNIST_QNN_eff_su2_r5_d6_s43 ideal_shot q=1 shots=2560 learned_mlp_pv_mean_std auc=0.499
[279/1452] MNIST_QNN_eff_su2_r5_d6_s43 ideal_shot q=1 shots=2560 learned_mlp_pv auc=0.536
[280/1452] MNIST_QNN_eff_su2_r5_d6_s43 ideal_shot q=1 shots=2560 learned_mlp_pv_mean_std auc=0.540
[281/1452] MNIST_QNN_eff_su2_r5_d6_s43 ideal_shot q=1 shots=2560 learned_mlp_pv auc=0.579
[282/1452] MNIST_QNN_eff_su2_r5_d6_s43 ideal_shot q=1 shots=2560 learned_mlp_pv_mean_std auc=0.557
[283/1452] MNIST_QNN_eff_su2_r5_d6_s43 ideal_shot q=1 shots=2560 learned_mlp_pv auc=0.533
[284/1452] MNIST_QNN_eff_su2_r5_d6_s43 ideal_shot q=1 shots=2560 learned_mlp_pv_mean_std auc=0.515
[285/1452] MNIST_QNN_eff_su2_r5_d6_s43 ideal_shot q=1 shots=512 learned_mlp_pv auc=0.498
[286/1452] MNIST_QNN_eff_su2_r5_d6_s43 ideal_shot q=1 shots=512 learned_mlp_pv_mean_std auc=0.507
[287/1452] MNIST_QNN_eff_su2_r5_d6_s43 ideal_shot q=1 shots=512 learned_mlp_pv auc=0.525
[288/1452] MNIST_QNN_eff_su2_r5_d6_s43 ideal_shot q=1 shots=512 learned_mlp_pv_mean_std auc=0.505
[289/1452] MNIST_QNN_eff_su2_r5_d6_s43 ideal_shot q=1 shots=512 learned_mlp_pv auc=0.476
[290/1452] MNIST_QNN_eff_su2_r5_d6_s43 ideal_shot q=1 shots=512 learned_mlp_pv_mean_std auc=0.525
[291/1452] MNIST_QNN_eff_su2_r5_d6_s43 ideal_shot q=1 shots=512 learned_mlp_pv auc=0.503
[292/1452] MNIST_QNN_eff_su2_r5_d6_s43 ideal_shot q=1 shots=512 learned_mlp_pv_mean_std auc=0.506
[293/1452] MNIST_QNN_eff_su2_r5_d6_s43 ideal_shot q=1 shots=512 learned_mlp_pv auc=0.478
[294/1452] MNIST_QNN_eff_su2_r5_d6_s43 ideal_shot q=1 shots=512 learned_mlp_pv_mean_std auc=0.491
[295/1452] MNIST_QNN_eff_su2_r5_d6_s43 ideal_shot q=1 shots=512 learned_mlp_pv auc=0.506
[296/1452] MNIST_QNN_eff_su2_r5_d6_s43 ideal_shot q=1 shots=512 learned_mlp_pv_mean_std auc=0.526
[297/1452] MNIST_QNN_eff_su2_r5_d6_s43 ideal_shot q=1 shots=512 learned_mlp_pv auc=0.528
[298/1452] MNIST_QNN_eff_su2_r5_d6_s43 ideal_shot q=1 shots=512 learned_mlp_pv_mean_std auc=0.510
[299/1452] MNIST_QNN_eff_su2_r5_d6_s43 ideal_shot q=1 shots=512 learned_mlp_pv auc=0.542
[300/1452] MNIST_QNN_eff_su2_r5_d6_s43 ideal_shot q=1 shots=512 learned_mlp_pv_mean_std auc=0.532
[301/1452] MNIST_QNN_eff_su2_r5_d6_s43 ideal_shot q=1 shots=512 learned_mlp_pv auc=0.557
[302/1452] MNIST_QNN_eff_su2_r5_d6_s43 ideal_shot q=1 shots=512 learned_mlp_pv_mean_std auc=0.564
[303/1452] MNIST_QNN_eff_su2_r5_d6_s43 ideal_shot q=1 shots=512 learned_mlp_pv auc=0.526
[304/1452] MNIST_QNN_eff_su2_r5_d6_s43 ideal_shot q=1 shots=512 learned_mlp_pv_mean_std auc=0.520
[305/1452] MNIST_QNN_eff_su2_r5_d6_s43 ideal_shot q=20 shots=128 learned_mlp_pv auc=0.553
[306/1452] MNIST_QNN_eff_su2_r5_d6_s43 ideal_shot q=20 shots=128 learned_mlp_pv_mean_std auc=0.541
[307/1452] MNIST_QNN_eff_su2_r5_d6_s43 ideal_shot q=20 shots=128 learned_mlp_pv auc=0.494
[308/1452] MNIST_QNN_eff_su2_r5_d6_s43 ideal_shot q=20 shots=128 learned_mlp_pv_mean_std auc=0.546
[309/1452] MNIST_QNN_eff_su2_r5_d6_s43 ideal_shot q=20 shots=128 learned_mlp_pv auc=0.536
[310/1452] MNIST_QNN_eff_su2_r5_d6_s43 ideal_shot q=20 shots=128 learned_mlp_pv_mean_std auc=0.557
[311/1452] MNIST_QNN_eff_su2_r5_d6_s43 ideal_shot q=20 shots=128 learned_mlp_pv auc=0.542
[312/1452] MNIST_QNN_eff_su2_r5_d6_s43 ideal_shot q=20 shots=128 learned_mlp_pv_mean_std auc=0.511
[313/1452] MNIST_QNN_eff_su2_r5_d6_s43 ideal_shot q=20 shots=128 learned_mlp_pv auc=0.498
[314/1452] MNIST_QNN_eff_su2_r5_d6_s43 ideal_shot q=20 shots=128 learned_mlp_pv_mean_std auc=0.549
[315/1452] MNIST_QNN_eff_su2_r5_d6_s43 ideal_shot q=20 shots=128 learned_mlp_pv auc=0.541
[316/1452] MNIST_QNN_eff_su2_r5_d6_s43 ideal_shot q=20 shots=128 learned_mlp_pv_mean_std auc=0.490
[317/1452] MNIST_QNN_eff_su2_r5_d6_s43 ideal_shot q=20 shots=128 learned_mlp_pv auc=0.565
[318/1452] MNIST_QNN_eff_su2_r5_d6_s43 ideal_shot q=20 shots=128 learned_mlp_pv_mean_std auc=0.556
[319/1452] MNIST_QNN_eff_su2_r5_d6_s43 ideal_shot q=20 shots=128 learned_mlp_pv auc=0.526
[320/1452] MNIST_QNN_eff_su2_r5_d6_s43 ideal_shot q=20 shots=128 learned_mlp_pv_mean_std auc=0.473
[321/1452] MNIST_QNN_eff_su2_r5_d6_s43 ideal_shot q=20 shots=128 learned_mlp_pv auc=0.560
[322/1452] MNIST_QNN_eff_su2_r5_d6_s43 ideal_shot q=20 shots=128 learned_mlp_pv_mean_std auc=0.556
[323/1452] MNIST_QNN_eff_su2_r5_d6_s43 ideal_shot q=20 shots=128 learned_mlp_pv auc=0.510
[324/1452] MNIST_QNN_eff_su2_r5_d6_s43 ideal_shot q=20 shots=128 learned_mlp_pv_mean_std auc=0.528
[325/1452] MNIST_QNN_eff_su2_r5_d6_s43 ideal_shot q=5 shots=128 learned_mlp_pv auc=0.537
[326/1452] MNIST_QNN_eff_su2_r5_d6_s43 ideal_shot q=5 shots=128 learned_mlp_pv_mean_std auc=0.459
[327/1452] MNIST_QNN_eff_su2_r5_d6_s43 ideal_shot q=5 shots=128 learned_mlp_pv auc=0.526
[328/1452] MNIST_QNN_eff_su2_r5_d6_s43 ideal_shot q=5 shots=128 learned_mlp_pv_mean_std auc=0.533
[329/1452] MNIST_QNN_eff_su2_r5_d6_s43 ideal_shot q=5 shots=128 learned_mlp_pv auc=0.522
[330/1452] MNIST_QNN_eff_su2_r5_d6_s43 ideal_shot q=5 shots=128 learned_mlp_pv_mean_std auc=0.508
[331/1452] MNIST_QNN_eff_su2_r5_d6_s43 ideal_shot q=5 shots=128 learned_mlp_pv auc=0.522
[332/1452] MNIST_QNN_eff_su2_r5_d6_s43 ideal_shot q=5 shots=128 learned_mlp_pv_mean_std auc=0.511
[333/1452] MNIST_QNN_eff_su2_r5_d6_s43 ideal_shot q=5 shots=128 learned_mlp_pv auc=0.542
[334/1452] MNIST_QNN_eff_su2_r5_d6_s43 ideal_shot q=5 shots=128 learned_mlp_pv_mean_std auc=0.490
[335/1452] MNIST_QNN_eff_su2_r5_d6_s43 ideal_shot q=5 shots=128 learned_mlp_pv auc=0.508
[336/1452] MNIST_QNN_eff_su2_r5_d6_s43 ideal_shot q=5 shots=128 learned_mlp_pv_mean_std auc=0.486
[337/1452] MNIST_QNN_eff_su2_r5_d6_s43 ideal_shot q=5 shots=128 learned_mlp_pv auc=0.510
[338/1452] MNIST_QNN_eff_su2_r5_d6_s43 ideal_shot q=5 shots=128 learned_mlp_pv_mean_std auc=0.491
[339/1452] MNIST_QNN_eff_su2_r5_d6_s43 ideal_shot q=5 shots=128 learned_mlp_pv auc=0.483
[340/1452] MNIST_QNN_eff_su2_r5_d6_s43 ideal_shot q=5 shots=128 learned_mlp_pv_mean_std auc=0.529
[341/1452] MNIST_QNN_eff_su2_r5_d6_s43 ideal_shot q=5 shots=128 learned_mlp_pv auc=0.503
[342/1452] MNIST_QNN_eff_su2_r5_d6_s43 ideal_shot q=5 shots=128 learned_mlp_pv_mean_std auc=0.528
[343/1452] MNIST_QNN_eff_su2_r5_d6_s43 ideal_shot q=5 shots=128 learned_mlp_pv auc=0.477
[344/1452] MNIST_QNN_eff_su2_r5_d6_s43 ideal_shot q=5 shots=128 learned_mlp_pv_mean_std auc=0.492
[345/1452] MNIST_QNN_eff_su2_r5_d6_s43 ideal_shot q=5 shots=512 learned_mlp_pv auc=0.522
[346/1452] MNIST_QNN_eff_su2_r5_d6_s43 ideal_shot q=5 shots=512 learned_mlp_pv_mean_std auc=0.443
[347/1452] MNIST_QNN_eff_su2_r5_d6_s43 ideal_shot q=5 shots=512 learned_mlp_pv auc=0.542
[348/1452] MNIST_QNN_eff_su2_r5_d6_s43 ideal_shot q=5 shots=512 learned_mlp_pv_mean_std auc=0.532
[349/1452] MNIST_QNN_eff_su2_r5_d6_s43 ideal_shot q=5 shots=512 learned_mlp_pv auc=0.507
[350/1452] MNIST_QNN_eff_su2_r5_d6_s43 ideal_shot q=5 shots=512 learned_mlp_pv_mean_std auc=0.516
[351/1452] MNIST_QNN_eff_su2_r5_d6_s43 ideal_shot q=5 shots=512 learned_mlp_pv auc=0.506
[352/1452] MNIST_QNN_eff_su2_r5_d6_s43 ideal_shot q=5 shots=512 learned_mlp_pv_mean_std auc=0.491
[353/1452] MNIST_QNN_eff_su2_r5_d6_s43 ideal_shot q=5 shots=512 learned_mlp_pv auc=0.534
[354/1452] MNIST_QNN_eff_su2_r5_d6_s43 ideal_shot q=5 shots=512 learned_mlp_pv_mean_std auc=0.546
[355/1452] MNIST_QNN_eff_su2_r5_d6_s43 ideal_shot q=5 shots=512 learned_mlp_pv auc=0.541
[356/1452] MNIST_QNN_eff_su2_r5_d6_s43 ideal_shot q=5 shots=512 learned_mlp_pv_mean_std auc=0.535
[357/1452] MNIST_QNN_eff_su2_r5_d6_s43 ideal_shot q=5 shots=512 learned_mlp_pv auc=0.506
[358/1452] MNIST_QNN_eff_su2_r5_d6_s43 ideal_shot q=5 shots=512 learned_mlp_pv_mean_std auc=0.509
[359/1452] MNIST_QNN_eff_su2_r5_d6_s43 ideal_shot q=5 shots=512 learned_mlp_pv auc=0.519
[360/1452] MNIST_QNN_eff_su2_r5_d6_s43 ideal_shot q=5 shots=512 learned_mlp_pv_mean_std auc=0.513
[361/1452] MNIST_QNN_eff_su2_r5_d6_s43 ideal_shot q=5 shots=512 learned_mlp_pv auc=0.581
[362/1452] MNIST_QNN_eff_su2_r5_d6_s43 ideal_shot q=5 shots=512 learned_mlp_pv_mean_std auc=0.558
[363/1452] MNIST_QNN_eff_su2_r5_d6_s43 ideal_shot q=5 shots=512 learned_mlp_pv auc=0.491
[364/1452] MNIST_QNN_eff_su2_r5_d6_s43 ideal_shot q=5 shots=512 learned_mlp_pv_mean_std auc=0.525
[365/1452] MNIST_QNN_eff_su2_r5_d6_s43 noisy_shot q=1 shots=128 learned_mlp_pv auc=0.482
[366/1452] MNIST_QNN_eff_su2_r5_d6_s43 noisy_shot q=1 shots=128 learned_mlp_pv_mean_std auc=0.517
[367/1452] MNIST_QNN_eff_su2_r5_d6_s43 noisy_shot q=1 shots=128 learned_mlp_pv auc=0.508
[368/1452] MNIST_QNN_eff_su2_r5_d6_s43 noisy_shot q=1 shots=128 learned_mlp_pv_mean_std auc=0.521
[369/1452] MNIST_QNN_eff_su2_r5_d6_s43 noisy_shot q=1 shots=128 learned_mlp_pv auc=0.514
[370/1452] MNIST_QNN_eff_su2_r5_d6_s43 noisy_shot q=1 shots=128 learned_mlp_pv_mean_std auc=0.475
[371/1452] MNIST_QNN_eff_su2_r5_d6_s43 noisy_shot q=1 shots=128 learned_mlp_pv auc=0.480
[372/1452] MNIST_QNN_eff_su2_r5_d6_s43 noisy_shot q=1 shots=128 learned_mlp_pv_mean_std auc=0.478
[373/1452] MNIST_QNN_eff_su2_r5_d6_s43 noisy_shot q=1 shots=128 learned_mlp_pv auc=0.531
[374/1452] MNIST_QNN_eff_su2_r5_d6_s43 noisy_shot q=1 shots=128 learned_mlp_pv_mean_std auc=0.508
[375/1452] MNIST_QNN_eff_su2_r5_d6_s43 noisy_shot q=1 shots=128 learned_mlp_pv auc=0.538
[376/1452] MNIST_QNN_eff_su2_r5_d6_s43 noisy_shot q=1 shots=128 learned_mlp_pv_mean_std auc=0.532
[377/1452] MNIST_QNN_eff_su2_r5_d6_s43 noisy_shot q=1 shots=128 learned_mlp_pv auc=0.481
[378/1452] MNIST_QNN_eff_su2_r5_d6_s43 noisy_shot q=1 shots=128 learned_mlp_pv_mean_std auc=0.468
[379/1452] MNIST_QNN_eff_su2_r5_d6_s43 noisy_shot q=1 shots=128 learned_mlp_pv auc=0.507
[380/1452] MNIST_QNN_eff_su2_r5_d6_s43 noisy_shot q=1 shots=128 learned_mlp_pv_mean_std auc=0.527
[381/1452] MNIST_QNN_eff_su2_r5_d6_s43 noisy_shot q=1 shots=128 learned_mlp_pv auc=0.455
[382/1452] MNIST_QNN_eff_su2_r5_d6_s43 noisy_shot q=1 shots=128 learned_mlp_pv_mean_std auc=0.477
[383/1452] MNIST_QNN_eff_su2_r5_d6_s43 noisy_shot q=1 shots=128 learned_mlp_pv auc=0.495
[384/1452] MNIST_QNN_eff_su2_r5_d6_s43 noisy_shot q=1 shots=128 learned_mlp_pv_mean_std auc=0.496
[385/1452] MNIST_QNN_eff_su2_r5_d6_s43 noisy_shot q=1 shots=2560 learned_mlp_pv auc=0.540
[386/1452] MNIST_QNN_eff_su2_r5_d6_s43 noisy_shot q=1 shots=2560 learned_mlp_pv_mean_std auc=0.548
[387/1452] MNIST_QNN_eff_su2_r5_d6_s43 noisy_shot q=1 shots=2560 learned_mlp_pv auc=0.528
[388/1452] MNIST_QNN_eff_su2_r5_d6_s43 noisy_shot q=1 shots=2560 learned_mlp_pv_mean_std auc=0.524
[389/1452] MNIST_QNN_eff_su2_r5_d6_s43 noisy_shot q=1 shots=2560 learned_mlp_pv auc=0.585
[390/1452] MNIST_QNN_eff_su2_r5_d6_s43 noisy_shot q=1 shots=2560 learned_mlp_pv_mean_std auc=0.557
[391/1452] MNIST_QNN_eff_su2_r5_d6_s43 noisy_shot q=1 shots=2560 learned_mlp_pv auc=0.517
[392/1452] MNIST_QNN_eff_su2_r5_d6_s43 noisy_shot q=1 shots=2560 learned_mlp_pv_mean_std auc=0.506
[393/1452] MNIST_QNN_eff_su2_r5_d6_s43 noisy_shot q=1 shots=2560 learned_mlp_pv auc=0.530
[394/1452] MNIST_QNN_eff_su2_r5_d6_s43 noisy_shot q=1 shots=2560 learned_mlp_pv_mean_std auc=0.542
[395/1452] MNIST_QNN_eff_su2_r5_d6_s43 noisy_shot q=1 shots=2560 learned_mlp_pv auc=0.550
[396/1452] MNIST_QNN_eff_su2_r5_d6_s43 noisy_shot q=1 shots=2560 learned_mlp_pv_mean_std auc=0.518
[397/1452] MNIST_QNN_eff_su2_r5_d6_s43 noisy_shot q=1 shots=2560 learned_mlp_pv auc=0.495
[398/1452] MNIST_QNN_eff_su2_r5_d6_s43 noisy_shot q=1 shots=2560 learned_mlp_pv_mean_std auc=0.508
[399/1452] MNIST_QNN_eff_su2_r5_d6_s43 noisy_shot q=1 shots=2560 learned_mlp_pv auc=0.557
[400/1452] MNIST_QNN_eff_su2_r5_d6_s43 noisy_shot q=1 shots=2560 learned_mlp_pv_mean_std auc=0.523
[401/1452] MNIST_QNN_eff_su2_r5_d6_s43 noisy_shot q=1 shots=2560 learned_mlp_pv auc=0.576
[402/1452] MNIST_QNN_eff_su2_r5_d6_s43 noisy_shot q=1 shots=2560 learned_mlp_pv_mean_std auc=0.558
[403/1452] MNIST_QNN_eff_su2_r5_d6_s43 noisy_shot q=1 shots=2560 learned_mlp_pv auc=0.515
[404/1452] MNIST_QNN_eff_su2_r5_d6_s43 noisy_shot q=1 shots=2560 learned_mlp_pv_mean_std auc=0.556
[405/1452] MNIST_QNN_eff_su2_r5_d6_s43 noisy_shot q=1 shots=512 learned_mlp_pv auc=0.546
[406/1452] MNIST_QNN_eff_su2_r5_d6_s43 noisy_shot q=1 shots=512 learned_mlp_pv_mean_std auc=0.511
[407/1452] MNIST_QNN_eff_su2_r5_d6_s43 noisy_shot q=1 shots=512 learned_mlp_pv auc=0.537
[408/1452] MNIST_QNN_eff_su2_r5_d6_s43 noisy_shot q=1 shots=512 learned_mlp_pv_mean_std auc=0.544
[409/1452] MNIST_QNN_eff_su2_r5_d6_s43 noisy_shot q=1 shots=512 learned_mlp_pv auc=0.526
[410/1452] MNIST_QNN_eff_su2_r5_d6_s43 noisy_shot q=1 shots=512 learned_mlp_pv_mean_std auc=0.518
[411/1452] MNIST_QNN_eff_su2_r5_d6_s43 noisy_shot q=1 shots=512 learned_mlp_pv auc=0.503
[412/1452] MNIST_QNN_eff_su2_r5_d6_s43 noisy_shot q=1 shots=512 learned_mlp_pv_mean_std auc=0.523
[413/1452] MNIST_QNN_eff_su2_r5_d6_s43 noisy_shot q=1 shots=512 learned_mlp_pv auc=0.506
[414/1452] MNIST_QNN_eff_su2_r5_d6_s43 noisy_shot q=1 shots=512 learned_mlp_pv_mean_std auc=0.486
[415/1452] MNIST_QNN_eff_su2_r5_d6_s43 noisy_shot q=1 shots=512 learned_mlp_pv auc=0.504
[416/1452] MNIST_QNN_eff_su2_r5_d6_s43 noisy_shot q=1 shots=512 learned_mlp_pv_mean_std auc=0.513
[417/1452] MNIST_QNN_eff_su2_r5_d6_s43 noisy_shot q=1 shots=512 learned_mlp_pv auc=0.526
[418/1452] MNIST_QNN_eff_su2_r5_d6_s43 noisy_shot q=1 shots=512 learned_mlp_pv_mean_std auc=0.502
[419/1452] MNIST_QNN_eff_su2_r5_d6_s43 noisy_shot q=1 shots=512 learned_mlp_pv auc=0.501
[420/1452] MNIST_QNN_eff_su2_r5_d6_s43 noisy_shot q=1 shots=512 learned_mlp_pv_mean_std auc=0.504
[421/1452] MNIST_QNN_eff_su2_r5_d6_s43 noisy_shot q=1 shots=512 learned_mlp_pv auc=0.556
[422/1452] MNIST_QNN_eff_su2_r5_d6_s43 noisy_shot q=1 shots=512 learned_mlp_pv_mean_std auc=0.540
[423/1452] MNIST_QNN_eff_su2_r5_d6_s43 noisy_shot q=1 shots=512 learned_mlp_pv auc=0.499
[424/1452] MNIST_QNN_eff_su2_r5_d6_s43 noisy_shot q=1 shots=512 learned_mlp_pv_mean_std auc=0.520
[425/1452] MNIST_QNN_eff_su2_r5_d6_s43 noisy_shot q=20 shots=128 learned_mlp_pv auc=0.515
[426/1452] MNIST_QNN_eff_su2_r5_d6_s43 noisy_shot q=20 shots=128 learned_mlp_pv_mean_std auc=0.536
[427/1452] MNIST_QNN_eff_su2_r5_d6_s43 noisy_shot q=20 shots=128 learned_mlp_pv auc=0.504
[428/1452] MNIST_QNN_eff_su2_r5_d6_s43 noisy_shot q=20 shots=128 learned_mlp_pv_mean_std auc=0.544
[429/1452] MNIST_QNN_eff_su2_r5_d6_s43 noisy_shot q=20 shots=128 learned_mlp_pv auc=0.489
[430/1452] MNIST_QNN_eff_su2_r5_d6_s43 noisy_shot q=20 shots=128 learned_mlp_pv_mean_std auc=0.512
[431/1452] MNIST_QNN_eff_su2_r5_d6_s43 noisy_shot q=20 shots=128 learned_mlp_pv auc=0.534
[432/1452] MNIST_QNN_eff_su2_r5_d6_s43 noisy_shot q=20 shots=128 learned_mlp_pv_mean_std auc=0.511
[433/1452] MNIST_QNN_eff_su2_r5_d6_s43 noisy_shot q=20 shots=128 learned_mlp_pv auc=0.551
[434/1452] MNIST_QNN_eff_su2_r5_d6_s43 noisy_shot q=20 shots=128 learned_mlp_pv_mean_std auc=0.575
[435/1452] MNIST_QNN_eff_su2_r5_d6_s43 noisy_shot q=20 shots=128 learned_mlp_pv auc=0.576
[436/1452] MNIST_QNN_eff_su2_r5_d6_s43 noisy_shot q=20 shots=128 learned_mlp_pv_mean_std auc=0.523
[437/1452] MNIST_QNN_eff_su2_r5_d6_s43 noisy_shot q=20 shots=128 learned_mlp_pv auc=0.550
[438/1452] MNIST_QNN_eff_su2_r5_d6_s43 noisy_shot q=20 shots=128 learned_mlp_pv_mean_std auc=0.527
[439/1452] MNIST_QNN_eff_su2_r5_d6_s43 noisy_shot q=20 shots=128 learned_mlp_pv auc=0.531
[440/1452] MNIST_QNN_eff_su2_r5_d6_s43 noisy_shot q=20 shots=128 learned_mlp_pv_mean_std auc=0.555
[441/1452] MNIST_QNN_eff_su2_r5_d6_s43 noisy_shot q=20 shots=128 learned_mlp_pv auc=0.540
[442/1452] MNIST_QNN_eff_su2_r5_d6_s43 noisy_shot q=20 shots=128 learned_mlp_pv_mean_std auc=0.543
[443/1452] MNIST_QNN_eff_su2_r5_d6_s43 noisy_shot q=20 shots=128 learned_mlp_pv auc=0.524
[444/1452] MNIST_QNN_eff_su2_r5_d6_s43 noisy_shot q=20 shots=128 learned_mlp_pv_mean_std auc=0.534
[445/1452] MNIST_QNN_eff_su2_r5_d6_s43 noisy_shot q=5 shots=128 learned_mlp_pv auc=0.494
[446/1452] MNIST_QNN_eff_su2_r5_d6_s43 noisy_shot q=5 shots=128 learned_mlp_pv_mean_std auc=0.458
[447/1452] MNIST_QNN_eff_su2_r5_d6_s43 noisy_shot q=5 shots=128 learned_mlp_pv auc=0.514
[448/1452] MNIST_QNN_eff_su2_r5_d6_s43 noisy_shot q=5 shots=128 learned_mlp_pv_mean_std auc=0.524
[449/1452] MNIST_QNN_eff_su2_r5_d6_s43 noisy_shot q=5 shots=128 learned_mlp_pv auc=0.516
[450/1452] MNIST_QNN_eff_su2_r5_d6_s43 noisy_shot q=5 shots=128 learned_mlp_pv_mean_std auc=0.490
[451/1452] MNIST_QNN_eff_su2_r5_d6_s43 noisy_shot q=5 shots=128 learned_mlp_pv auc=0.520
[452/1452] MNIST_QNN_eff_su2_r5_d6_s43 noisy_shot q=5 shots=128 learned_mlp_pv_mean_std auc=0.480
[453/1452] MNIST_QNN_eff_su2_r5_d6_s43 noisy_shot q=5 shots=128 learned_mlp_pv auc=0.464
[454/1452] MNIST_QNN_eff_su2_r5_d6_s43 noisy_shot q=5 shots=128 learned_mlp_pv_mean_std auc=0.434
[455/1452] MNIST_QNN_eff_su2_r5_d6_s43 noisy_shot q=5 shots=128 learned_mlp_pv auc=0.556
[456/1452] MNIST_QNN_eff_su2_r5_d6_s43 noisy_shot q=5 shots=128 learned_mlp_pv_mean_std auc=0.536
[457/1452] MNIST_QNN_eff_su2_r5_d6_s43 noisy_shot q=5 shots=128 learned_mlp_pv auc=0.479
[458/1452] MNIST_QNN_eff_su2_r5_d6_s43 noisy_shot q=5 shots=128 learned_mlp_pv_mean_std auc=0.475
[459/1452] MNIST_QNN_eff_su2_r5_d6_s43 noisy_shot q=5 shots=128 learned_mlp_pv auc=0.540
[460/1452] MNIST_QNN_eff_su2_r5_d6_s43 noisy_shot q=5 shots=128 learned_mlp_pv_mean_std auc=0.542
[461/1452] MNIST_QNN_eff_su2_r5_d6_s43 noisy_shot q=5 shots=128 learned_mlp_pv auc=0.497
[462/1452] MNIST_QNN_eff_su2_r5_d6_s43 noisy_shot q=5 shots=128 learned_mlp_pv_mean_std auc=0.480
[463/1452] MNIST_QNN_eff_su2_r5_d6_s43 noisy_shot q=5 shots=128 learned_mlp_pv auc=0.504
[464/1452] MNIST_QNN_eff_su2_r5_d6_s43 noisy_shot q=5 shots=128 learned_mlp_pv_mean_std auc=0.500
[465/1452] MNIST_QNN_eff_su2_r5_d6_s43 noisy_shot q=5 shots=512 learned_mlp_pv auc=0.553
[466/1452] MNIST_QNN_eff_su2_r5_d6_s43 noisy_shot q=5 shots=512 learned_mlp_pv_mean_std auc=0.507
[467/1452] MNIST_QNN_eff_su2_r5_d6_s43 noisy_shot q=5 shots=512 learned_mlp_pv auc=0.546
[468/1452] MNIST_QNN_eff_su2_r5_d6_s43 noisy_shot q=5 shots=512 learned_mlp_pv_mean_std auc=0.501
[469/1452] MNIST_QNN_eff_su2_r5_d6_s43 noisy_shot q=5 shots=512 learned_mlp_pv auc=0.571
[470/1452] MNIST_QNN_eff_su2_r5_d6_s43 noisy_shot q=5 shots=512 learned_mlp_pv_mean_std auc=0.548
[471/1452] MNIST_QNN_eff_su2_r5_d6_s43 noisy_shot q=5 shots=512 learned_mlp_pv auc=0.588
[472/1452] MNIST_QNN_eff_su2_r5_d6_s43 noisy_shot q=5 shots=512 learned_mlp_pv_mean_std auc=0.486
[473/1452] MNIST_QNN_eff_su2_r5_d6_s43 noisy_shot q=5 shots=512 learned_mlp_pv auc=0.546
[474/1452] MNIST_QNN_eff_su2_r5_d6_s43 noisy_shot q=5 shots=512 learned_mlp_pv_mean_std auc=0.518
[475/1452] MNIST_QNN_eff_su2_r5_d6_s43 noisy_shot q=5 shots=512 learned_mlp_pv auc=0.514
[476/1452] MNIST_QNN_eff_su2_r5_d6_s43 noisy_shot q=5 shots=512 learned_mlp_pv_mean_std auc=0.536
[477/1452] MNIST_QNN_eff_su2_r5_d6_s43 noisy_shot q=5 shots=512 learned_mlp_pv auc=0.525
[478/1452] MNIST_QNN_eff_su2_r5_d6_s43 noisy_shot q=5 shots=512 learned_mlp_pv_mean_std auc=0.507
[479/1452] MNIST_QNN_eff_su2_r5_d6_s43 noisy_shot q=5 shots=512 learned_mlp_pv auc=0.498
[480/1452] MNIST_QNN_eff_su2_r5_d6_s43 noisy_shot q=5 shots=512 learned_mlp_pv_mean_std auc=0.521
[481/1452] MNIST_QNN_eff_su2_r5_d6_s43 noisy_shot q=5 shots=512 learned_mlp_pv auc=0.574
[482/1452] MNIST_QNN_eff_su2_r5_d6_s43 noisy_shot q=5 shots=512 learned_mlp_pv_mean_std auc=0.482
[483/1452] MNIST_QNN_eff_su2_r5_d6_s43 noisy_shot q=5 shots=512 learned_mlp_pv auc=0.531
[484/1452] MNIST_QNN_eff_su2_r5_d6_s43 noisy_shot q=5 shots=512 learned_mlp_pv_mean_std auc=0.522
[485/1452] MNIST_QNN_z_r1_d6_s43 exact q=0 shots=0 learned_mlp_pv auc=0.446
[486/1452] MNIST_QNN_z_r1_d6_s43 exact q=0 shots=0 learned_mlp_pv_mean_std auc=0.484
[487/1452] MNIST_QNN_z_r1_d6_s43 ideal_shot q=1 shots=128 learned_mlp_pv auc=0.511
[488/1452] MNIST_QNN_z_r1_d6_s43 ideal_shot q=1 shots=128 learned_mlp_pv_mean_std auc=0.522
[489/1452] MNIST_QNN_z_r1_d6_s43 ideal_shot q=1 shots=128 learned_mlp_pv auc=0.487
[490/1452] MNIST_QNN_z_r1_d6_s43 ideal_shot q=1 shots=128 learned_mlp_pv_mean_std auc=0.509
[491/1452] MNIST_QNN_z_r1_d6_s43 ideal_shot q=1 shots=128 learned_mlp_pv auc=0.437
[492/1452] MNIST_QNN_z_r1_d6_s43 ideal_shot q=1 shots=128 learned_mlp_pv_mean_std auc=0.445
[493/1452] MNIST_QNN_z_r1_d6_s43 ideal_shot q=1 shots=128 learned_mlp_pv auc=0.508
[494/1452] MNIST_QNN_z_r1_d6_s43 ideal_shot q=1 shots=128 learned_mlp_pv_mean_std auc=0.469
[495/1452] MNIST_QNN_z_r1_d6_s43 ideal_shot q=1 shots=128 learned_mlp_pv auc=0.493
[496/1452] MNIST_QNN_z_r1_d6_s43 ideal_shot q=1 shots=128 learned_mlp_pv_mean_std auc=0.470
[497/1452] MNIST_QNN_z_r1_d6_s43 ideal_shot q=1 shots=128 learned_mlp_pv auc=0.479
[498/1452] MNIST_QNN_z_r1_d6_s43 ideal_shot q=1 shots=128 learned_mlp_pv_mean_std auc=0.532
[499/1452] MNIST_QNN_z_r1_d6_s43 ideal_shot q=1 shots=128 learned_mlp_pv auc=0.425
[500/1452] MNIST_QNN_z_r1_d6_s43 ideal_shot q=1 shots=128 learned_mlp_pv_mean_std auc=0.487
[501/1452] MNIST_QNN_z_r1_d6_s43 ideal_shot q=1 shots=128 learned_mlp_pv auc=0.470
[502/1452] MNIST_QNN_z_r1_d6_s43 ideal_shot q=1 shots=128 learned_mlp_pv_mean_std auc=0.509
[503/1452] MNIST_QNN_z_r1_d6_s43 ideal_shot q=1 shots=128 learned_mlp_pv auc=0.538
[504/1452] MNIST_QNN_z_r1_d6_s43 ideal_shot q=1 shots=128 learned_mlp_pv_mean_std auc=0.510
[505/1452] MNIST_QNN_z_r1_d6_s43 ideal_shot q=1 shots=128 learned_mlp_pv auc=0.477
[506/1452] MNIST_QNN_z_r1_d6_s43 ideal_shot q=1 shots=128 learned_mlp_pv_mean_std auc=0.464
[507/1452] MNIST_QNN_z_r1_d6_s43 ideal_shot q=1 shots=2560 learned_mlp_pv auc=0.483
[508/1452] MNIST_QNN_z_r1_d6_s43 ideal_shot q=1 shots=2560 learned_mlp_pv_mean_std auc=0.484
[509/1452] MNIST_QNN_z_r1_d6_s43 ideal_shot q=1 shots=2560 learned_mlp_pv auc=0.486
[510/1452] MNIST_QNN_z_r1_d6_s43 ideal_shot q=1 shots=2560 learned_mlp_pv_mean_std auc=0.496
[511/1452] MNIST_QNN_z_r1_d6_s43 ideal_shot q=1 shots=2560 learned_mlp_pv auc=0.496
[512/1452] MNIST_QNN_z_r1_d6_s43 ideal_shot q=1 shots=2560 learned_mlp_pv_mean_std auc=0.497
[513/1452] MNIST_QNN_z_r1_d6_s43 ideal_shot q=1 shots=2560 learned_mlp_pv auc=0.507
[514/1452] MNIST_QNN_z_r1_d6_s43 ideal_shot q=1 shots=2560 learned_mlp_pv_mean_std auc=0.497
[515/1452] MNIST_QNN_z_r1_d6_s43 ideal_shot q=1 shots=2560 learned_mlp_pv auc=0.458
[516/1452] MNIST_QNN_z_r1_d6_s43 ideal_shot q=1 shots=2560 learned_mlp_pv_mean_std auc=0.449
[517/1452] MNIST_QNN_z_r1_d6_s43 ideal_shot q=1 shots=2560 learned_mlp_pv auc=0.523
[518/1452] MNIST_QNN_z_r1_d6_s43 ideal_shot q=1 shots=2560 learned_mlp_pv_mean_std auc=0.503
[519/1452] MNIST_QNN_z_r1_d6_s43 ideal_shot q=1 shots=2560 learned_mlp_pv auc=0.457
[520/1452] MNIST_QNN_z_r1_d6_s43 ideal_shot q=1 shots=2560 learned_mlp_pv_mean_std auc=0.496
[521/1452] MNIST_QNN_z_r1_d6_s43 ideal_shot q=1 shots=2560 learned_mlp_pv auc=0.500
[522/1452] MNIST_QNN_z_r1_d6_s43 ideal_shot q=1 shots=2560 learned_mlp_pv_mean_std auc=0.475
[523/1452] MNIST_QNN_z_r1_d6_s43 ideal_shot q=1 shots=2560 learned_mlp_pv auc=0.472
[524/1452] MNIST_QNN_z_r1_d6_s43 ideal_shot q=1 shots=2560 learned_mlp_pv_mean_std auc=0.513
[525/1452] MNIST_QNN_z_r1_d6_s43 ideal_shot q=1 shots=2560 learned_mlp_pv auc=0.535
[526/1452] MNIST_QNN_z_r1_d6_s43 ideal_shot q=1 shots=2560 learned_mlp_pv_mean_std auc=0.479
[527/1452] MNIST_QNN_z_r1_d6_s43 ideal_shot q=1 shots=512 learned_mlp_pv auc=0.487
[528/1452] MNIST_QNN_z_r1_d6_s43 ideal_shot q=1 shots=512 learned_mlp_pv_mean_std auc=0.460
[529/1452] MNIST_QNN_z_r1_d6_s43 ideal_shot q=1 shots=512 learned_mlp_pv auc=0.470
[530/1452] MNIST_QNN_z_r1_d6_s43 ideal_shot q=1 shots=512 learned_mlp_pv_mean_std auc=0.506
[531/1452] MNIST_QNN_z_r1_d6_s43 ideal_shot q=1 shots=512 learned_mlp_pv auc=0.526
[532/1452] MNIST_QNN_z_r1_d6_s43 ideal_shot q=1 shots=512 learned_mlp_pv_mean_std auc=0.471
[533/1452] MNIST_QNN_z_r1_d6_s43 ideal_shot q=1 shots=512 learned_mlp_pv auc=0.493
[534/1452] MNIST_QNN_z_r1_d6_s43 ideal_shot q=1 shots=512 learned_mlp_pv_mean_std auc=0.473
[535/1452] MNIST_QNN_z_r1_d6_s43 ideal_shot q=1 shots=512 learned_mlp_pv auc=0.472
[536/1452] MNIST_QNN_z_r1_d6_s43 ideal_shot q=1 shots=512 learned_mlp_pv_mean_std auc=0.518
[537/1452] MNIST_QNN_z_r1_d6_s43 ideal_shot q=1 shots=512 learned_mlp_pv auc=0.510
[538/1452] MNIST_QNN_z_r1_d6_s43 ideal_shot q=1 shots=512 learned_mlp_pv_mean_std auc=0.495
[539/1452] MNIST_QNN_z_r1_d6_s43 ideal_shot q=1 shots=512 learned_mlp_pv auc=0.480
[540/1452] MNIST_QNN_z_r1_d6_s43 ideal_shot q=1 shots=512 learned_mlp_pv_mean_std auc=0.470
[541/1452] MNIST_QNN_z_r1_d6_s43 ideal_shot q=1 shots=512 learned_mlp_pv auc=0.513
[542/1452] MNIST_QNN_z_r1_d6_s43 ideal_shot q=1 shots=512 learned_mlp_pv_mean_std auc=0.526
[543/1452] MNIST_QNN_z_r1_d6_s43 ideal_shot q=1 shots=512 learned_mlp_pv auc=0.501
[544/1452] MNIST_QNN_z_r1_d6_s43 ideal_shot q=1 shots=512 learned_mlp_pv_mean_std auc=0.497
[545/1452] MNIST_QNN_z_r1_d6_s43 ideal_shot q=1 shots=512 learned_mlp_pv auc=0.512
[546/1452] MNIST_QNN_z_r1_d6_s43 ideal_shot q=1 shots=512 learned_mlp_pv_mean_std auc=0.477
[547/1452] MNIST_QNN_z_r1_d6_s43 ideal_shot q=20 shots=128 learned_mlp_pv auc=0.500
[548/1452] MNIST_QNN_z_r1_d6_s43 ideal_shot q=20 shots=128 learned_mlp_pv_mean_std auc=0.523
[549/1452] MNIST_QNN_z_r1_d6_s43 ideal_shot q=20 shots=128 learned_mlp_pv auc=0.503
[550/1452] MNIST_QNN_z_r1_d6_s43 ideal_shot q=20 shots=128 learned_mlp_pv_mean_std auc=0.483
[551/1452] MNIST_QNN_z_r1_d6_s43 ideal_shot q=20 shots=128 learned_mlp_pv auc=0.489
[552/1452] MNIST_QNN_z_r1_d6_s43 ideal_shot q=20 shots=128 learned_mlp_pv_mean_std auc=0.439
[553/1452] MNIST_QNN_z_r1_d6_s43 ideal_shot q=20 shots=128 learned_mlp_pv auc=0.507
[554/1452] MNIST_QNN_z_r1_d6_s43 ideal_shot q=20 shots=128 learned_mlp_pv_mean_std auc=0.507
[555/1452] MNIST_QNN_z_r1_d6_s43 ideal_shot q=20 shots=128 learned_mlp_pv auc=0.531
[556/1452] MNIST_QNN_z_r1_d6_s43 ideal_shot q=20 shots=128 learned_mlp_pv_mean_std auc=0.506
[557/1452] MNIST_QNN_z_r1_d6_s43 ideal_shot q=20 shots=128 learned_mlp_pv auc=0.496
[558/1452] MNIST_QNN_z_r1_d6_s43 ideal_shot q=20 shots=128 learned_mlp_pv_mean_std auc=0.509
[559/1452] MNIST_QNN_z_r1_d6_s43 ideal_shot q=20 shots=128 learned_mlp_pv auc=0.511
[560/1452] MNIST_QNN_z_r1_d6_s43 ideal_shot q=20 shots=128 learned_mlp_pv_mean_std auc=0.486
[561/1452] MNIST_QNN_z_r1_d6_s43 ideal_shot q=20 shots=128 learned_mlp_pv auc=0.495
[562/1452] MNIST_QNN_z_r1_d6_s43 ideal_shot q=20 shots=128 learned_mlp_pv_mean_std auc=0.461
[563/1452] MNIST_QNN_z_r1_d6_s43 ideal_shot q=20 shots=128 learned_mlp_pv auc=0.501
[564/1452] MNIST_QNN_z_r1_d6_s43 ideal_shot q=20 shots=128 learned_mlp_pv_mean_std auc=0.537
[565/1452] MNIST_QNN_z_r1_d6_s43 ideal_shot q=20 shots=128 learned_mlp_pv auc=0.475
[566/1452] MNIST_QNN_z_r1_d6_s43 ideal_shot q=20 shots=128 learned_mlp_pv_mean_std auc=0.466
[567/1452] MNIST_QNN_z_r1_d6_s43 ideal_shot q=5 shots=128 learned_mlp_pv auc=0.505
[568/1452] MNIST_QNN_z_r1_d6_s43 ideal_shot q=5 shots=128 learned_mlp_pv_mean_std auc=0.504
[569/1452] MNIST_QNN_z_r1_d6_s43 ideal_shot q=5 shots=128 learned_mlp_pv auc=0.487
[570/1452] MNIST_QNN_z_r1_d6_s43 ideal_shot q=5 shots=128 learned_mlp_pv_mean_std auc=0.499
[571/1452] MNIST_QNN_z_r1_d6_s43 ideal_shot q=5 shots=128 learned_mlp_pv auc=0.527
[572/1452] MNIST_QNN_z_r1_d6_s43 ideal_shot q=5 shots=128 learned_mlp_pv_mean_std auc=0.431
[573/1452] MNIST_QNN_z_r1_d6_s43 ideal_shot q=5 shots=128 learned_mlp_pv auc=0.477
[574/1452] MNIST_QNN_z_r1_d6_s43 ideal_shot q=5 shots=128 learned_mlp_pv_mean_std auc=0.493
[575/1452] MNIST_QNN_z_r1_d6_s43 ideal_shot q=5 shots=128 learned_mlp_pv auc=0.508
[576/1452] MNIST_QNN_z_r1_d6_s43 ideal_shot q=5 shots=128 learned_mlp_pv_mean_std auc=0.460
[577/1452] MNIST_QNN_z_r1_d6_s43 ideal_shot q=5 shots=128 learned_mlp_pv auc=0.487
[578/1452] MNIST_QNN_z_r1_d6_s43 ideal_shot q=5 shots=128 learned_mlp_pv_mean_std auc=0.486
[579/1452] MNIST_QNN_z_r1_d6_s43 ideal_shot q=5 shots=128 learned_mlp_pv auc=0.483
[580/1452] MNIST_QNN_z_r1_d6_s43 ideal_shot q=5 shots=128 learned_mlp_pv_mean_std auc=0.495
[581/1452] MNIST_QNN_z_r1_d6_s43 ideal_shot q=5 shots=128 learned_mlp_pv auc=0.522
[582/1452] MNIST_QNN_z_r1_d6_s43 ideal_shot q=5 shots=128 learned_mlp_pv_mean_std auc=0.482
[583/1452] MNIST_QNN_z_r1_d6_s43 ideal_shot q=5 shots=128 learned_mlp_pv auc=0.481
[584/1452] MNIST_QNN_z_r1_d6_s43 ideal_shot q=5 shots=128 learned_mlp_pv_mean_std auc=0.503
[585/1452] MNIST_QNN_z_r1_d6_s43 ideal_shot q=5 shots=128 learned_mlp_pv auc=0.482
[586/1452] MNIST_QNN_z_r1_d6_s43 ideal_shot q=5 shots=128 learned_mlp_pv_mean_std auc=0.510
[587/1452] MNIST_QNN_z_r1_d6_s43 ideal_shot q=5 shots=512 learned_mlp_pv auc=0.483
[588/1452] MNIST_QNN_z_r1_d6_s43 ideal_shot q=5 shots=512 learned_mlp_pv_mean_std auc=0.511
[589/1452] MNIST_QNN_z_r1_d6_s43 ideal_shot q=5 shots=512 learned_mlp_pv auc=0.503
[590/1452] MNIST_QNN_z_r1_d6_s43 ideal_shot q=5 shots=512 learned_mlp_pv_mean_std auc=0.510
[591/1452] MNIST_QNN_z_r1_d6_s43 ideal_shot q=5 shots=512 learned_mlp_pv auc=0.521
[592/1452] MNIST_QNN_z_r1_d6_s43 ideal_shot q=5 shots=512 learned_mlp_pv_mean_std auc=0.530
[593/1452] MNIST_QNN_z_r1_d6_s43 ideal_shot q=5 shots=512 learned_mlp_pv auc=0.477
[594/1452] MNIST_QNN_z_r1_d6_s43 ideal_shot q=5 shots=512 learned_mlp_pv_mean_std auc=0.467
[595/1452] MNIST_QNN_z_r1_d6_s43 ideal_shot q=5 shots=512 learned_mlp_pv auc=0.494
[596/1452] MNIST_QNN_z_r1_d6_s43 ideal_shot q=5 shots=512 learned_mlp_pv_mean_std auc=0.469
[597/1452] MNIST_QNN_z_r1_d6_s43 ideal_shot q=5 shots=512 learned_mlp_pv auc=0.514
[598/1452] MNIST_QNN_z_r1_d6_s43 ideal_shot q=5 shots=512 learned_mlp_pv_mean_std auc=0.507
[599/1452] MNIST_QNN_z_r1_d6_s43 ideal_shot q=5 shots=512 learned_mlp_pv auc=0.524
[600/1452] MNIST_QNN_z_r1_d6_s43 ideal_shot q=5 shots=512 learned_mlp_pv_mean_std auc=0.516
[601/1452] MNIST_QNN_z_r1_d6_s43 ideal_shot q=5 shots=512 learned_mlp_pv auc=0.512
[602/1452] MNIST_QNN_z_r1_d6_s43 ideal_shot q=5 shots=512 learned_mlp_pv_mean_std auc=0.513
[603/1452] MNIST_QNN_z_r1_d6_s43 ideal_shot q=5 shots=512 learned_mlp_pv auc=0.535
[604/1452] MNIST_QNN_z_r1_d6_s43 ideal_shot q=5 shots=512 learned_mlp_pv_mean_std auc=0.535
[605/1452] MNIST_QNN_z_r1_d6_s43 ideal_shot q=5 shots=512 learned_mlp_pv auc=0.465
[606/1452] MNIST_QNN_z_r1_d6_s43 ideal_shot q=5 shots=512 learned_mlp_pv_mean_std auc=0.477
[607/1452] MNIST_QNN_z_r1_d6_s43 noisy_shot q=1 shots=128 learned_mlp_pv auc=0.488
[608/1452] MNIST_QNN_z_r1_d6_s43 noisy_shot q=1 shots=128 learned_mlp_pv_mean_std auc=0.497
[609/1452] MNIST_QNN_z_r1_d6_s43 noisy_shot q=1 shots=128 learned_mlp_pv auc=0.464
[610/1452] MNIST_QNN_z_r1_d6_s43 noisy_shot q=1 shots=128 learned_mlp_pv_mean_std auc=0.496
[611/1452] MNIST_QNN_z_r1_d6_s43 noisy_shot q=1 shots=128 learned_mlp_pv auc=0.496
[612/1452] MNIST_QNN_z_r1_d6_s43 noisy_shot q=1 shots=128 learned_mlp_pv_mean_std auc=0.490
[613/1452] MNIST_QNN_z_r1_d6_s43 noisy_shot q=1 shots=128 learned_mlp_pv auc=0.501
[614/1452] MNIST_QNN_z_r1_d6_s43 noisy_shot q=1 shots=128 learned_mlp_pv_mean_std auc=0.485
[615/1452] MNIST_QNN_z_r1_d6_s43 noisy_shot q=1 shots=128 learned_mlp_pv auc=0.489
[616/1452] MNIST_QNN_z_r1_d6_s43 noisy_shot q=1 shots=128 learned_mlp_pv_mean_std auc=0.485
[617/1452] MNIST_QNN_z_r1_d6_s43 noisy_shot q=1 shots=128 learned_mlp_pv auc=0.445
[618/1452] MNIST_QNN_z_r1_d6_s43 noisy_shot q=1 shots=128 learned_mlp_pv_mean_std auc=0.469
[619/1452] MNIST_QNN_z_r1_d6_s43 noisy_shot q=1 shots=128 learned_mlp_pv auc=0.452
[620/1452] MNIST_QNN_z_r1_d6_s43 noisy_shot q=1 shots=128 learned_mlp_pv_mean_std auc=0.479
[621/1452] MNIST_QNN_z_r1_d6_s43 noisy_shot q=1 shots=128 learned_mlp_pv auc=0.483
[622/1452] MNIST_QNN_z_r1_d6_s43 noisy_shot q=1 shots=128 learned_mlp_pv_mean_std auc=0.461
[623/1452] MNIST_QNN_z_r1_d6_s43 noisy_shot q=1 shots=128 learned_mlp_pv auc=0.500
[624/1452] MNIST_QNN_z_r1_d6_s43 noisy_shot q=1 shots=128 learned_mlp_pv_mean_std auc=0.462
[625/1452] MNIST_QNN_z_r1_d6_s43 noisy_shot q=1 shots=128 learned_mlp_pv auc=0.483
[626/1452] MNIST_QNN_z_r1_d6_s43 noisy_shot q=1 shots=128 learned_mlp_pv_mean_std auc=0.465
[627/1452] MNIST_QNN_z_r1_d6_s43 noisy_shot q=1 shots=2560 learned_mlp_pv auc=0.492
[628/1452] MNIST_QNN_z_r1_d6_s43 noisy_shot q=1 shots=2560 learned_mlp_pv_mean_std auc=0.512
[629/1452] MNIST_QNN_z_r1_d6_s43 noisy_shot q=1 shots=2560 learned_mlp_pv auc=0.468
[630/1452] MNIST_QNN_z_r1_d6_s43 noisy_shot q=1 shots=2560 learned_mlp_pv_mean_std auc=0.495
[631/1452] MNIST_QNN_z_r1_d6_s43 noisy_shot q=1 shots=2560 learned_mlp_pv auc=0.468
[632/1452] MNIST_QNN_z_r1_d6_s43 noisy_shot q=1 shots=2560 learned_mlp_pv_mean_std auc=0.514
[633/1452] MNIST_QNN_z_r1_d6_s43 noisy_shot q=1 shots=2560 learned_mlp_pv auc=0.472
[634/1452] MNIST_QNN_z_r1_d6_s43 noisy_shot q=1 shots=2560 learned_mlp_pv_mean_std auc=0.502
[635/1452] MNIST_QNN_z_r1_d6_s43 noisy_shot q=1 shots=2560 learned_mlp_pv auc=0.475
[636/1452] MNIST_QNN_z_r1_d6_s43 noisy_shot q=1 shots=2560 learned_mlp_pv_mean_std auc=0.472
[637/1452] MNIST_QNN_z_r1_d6_s43 noisy_shot q=1 shots=2560 learned_mlp_pv auc=0.513
[638/1452] MNIST_QNN_z_r1_d6_s43 noisy_shot q=1 shots=2560 learned_mlp_pv_mean_std auc=0.497
[639/1452] MNIST_QNN_z_r1_d6_s43 noisy_shot q=1 shots=2560 learned_mlp_pv auc=0.509
[640/1452] MNIST_QNN_z_r1_d6_s43 noisy_shot q=1 shots=2560 learned_mlp_pv_mean_std auc=0.522
[641/1452] MNIST_QNN_z_r1_d6_s43 noisy_shot q=1 shots=2560 learned_mlp_pv auc=0.529
[642/1452] MNIST_QNN_z_r1_d6_s43 noisy_shot q=1 shots=2560 learned_mlp_pv_mean_std auc=0.493
[643/1452] MNIST_QNN_z_r1_d6_s43 noisy_shot q=1 shots=2560 learned_mlp_pv auc=0.489
[644/1452] MNIST_QNN_z_r1_d6_s43 noisy_shot q=1 shots=2560 learned_mlp_pv_mean_std auc=0.489
[645/1452] MNIST_QNN_z_r1_d6_s43 noisy_shot q=1 shots=2560 learned_mlp_pv auc=0.499
[646/1452] MNIST_QNN_z_r1_d6_s43 noisy_shot q=1 shots=2560 learned_mlp_pv_mean_std auc=0.494
[647/1452] MNIST_QNN_z_r1_d6_s43 noisy_shot q=1 shots=512 learned_mlp_pv auc=0.494
[648/1452] MNIST_QNN_z_r1_d6_s43 noisy_shot q=1 shots=512 learned_mlp_pv_mean_std auc=0.505
[649/1452] MNIST_QNN_z_r1_d6_s43 noisy_shot q=1 shots=512 learned_mlp_pv auc=0.485
[650/1452] MNIST_QNN_z_r1_d6_s43 noisy_shot q=1 shots=512 learned_mlp_pv_mean_std auc=0.464
[651/1452] MNIST_QNN_z_r1_d6_s43 noisy_shot q=1 shots=512 learned_mlp_pv auc=0.504
[652/1452] MNIST_QNN_z_r1_d6_s43 noisy_shot q=1 shots=512 learned_mlp_pv_mean_std auc=0.489
[653/1452] MNIST_QNN_z_r1_d6_s43 noisy_shot q=1 shots=512 learned_mlp_pv auc=0.513
[654/1452] MNIST_QNN_z_r1_d6_s43 noisy_shot q=1 shots=512 learned_mlp_pv_mean_std auc=0.510
[655/1452] MNIST_QNN_z_r1_d6_s43 noisy_shot q=1 shots=512 learned_mlp_pv auc=0.463
[656/1452] MNIST_QNN_z_r1_d6_s43 noisy_shot q=1 shots=512 learned_mlp_pv_mean_std auc=0.500
[657/1452] MNIST_QNN_z_r1_d6_s43 noisy_shot q=1 shots=512 learned_mlp_pv auc=0.439
[658/1452] MNIST_QNN_z_r1_d6_s43 noisy_shot q=1 shots=512 learned_mlp_pv_mean_std auc=0.510
[659/1452] MNIST_QNN_z_r1_d6_s43 noisy_shot q=1 shots=512 learned_mlp_pv auc=0.532
[660/1452] MNIST_QNN_z_r1_d6_s43 noisy_shot q=1 shots=512 learned_mlp_pv_mean_std auc=0.525
[661/1452] MNIST_QNN_z_r1_d6_s43 noisy_shot q=1 shots=512 learned_mlp_pv auc=0.515
[662/1452] MNIST_QNN_z_r1_d6_s43 noisy_shot q=1 shots=512 learned_mlp_pv_mean_std auc=0.518
[663/1452] MNIST_QNN_z_r1_d6_s43 noisy_shot q=1 shots=512 learned_mlp_pv auc=0.498
[664/1452] MNIST_QNN_z_r1_d6_s43 noisy_shot q=1 shots=512 learned_mlp_pv_mean_std auc=0.480
[665/1452] MNIST_QNN_z_r1_d6_s43 noisy_shot q=1 shots=512 learned_mlp_pv auc=0.514
[666/1452] MNIST_QNN_z_r1_d6_s43 noisy_shot q=1 shots=512 learned_mlp_pv_mean_std auc=0.488
[667/1452] MNIST_QNN_z_r1_d6_s43 noisy_shot q=20 shots=128 learned_mlp_pv auc=0.505
[668/1452] MNIST_QNN_z_r1_d6_s43 noisy_shot q=20 shots=128 learned_mlp_pv_mean_std auc=0.559
[669/1452] MNIST_QNN_z_r1_d6_s43 noisy_shot q=20 shots=128 learned_mlp_pv auc=0.532
[670/1452] MNIST_QNN_z_r1_d6_s43 noisy_shot q=20 shots=128 learned_mlp_pv_mean_std auc=0.497
[671/1452] MNIST_QNN_z_r1_d6_s43 noisy_shot q=20 shots=128 learned_mlp_pv auc=0.499
[672/1452] MNIST_QNN_z_r1_d6_s43 noisy_shot q=20 shots=128 learned_mlp_pv_mean_std auc=0.520
[673/1452] MNIST_QNN_z_r1_d6_s43 noisy_shot q=20 shots=128 learned_mlp_pv auc=0.494
[674/1452] MNIST_QNN_z_r1_d6_s43 noisy_shot q=20 shots=128 learned_mlp_pv_mean_std auc=0.504
[675/1452] MNIST_QNN_z_r1_d6_s43 noisy_shot q=20 shots=128 learned_mlp_pv auc=0.487
[676/1452] MNIST_QNN_z_r1_d6_s43 noisy_shot q=20 shots=128 learned_mlp_pv_mean_std auc=0.502
[677/1452] MNIST_QNN_z_r1_d6_s43 noisy_shot q=20 shots=128 learned_mlp_pv auc=0.494
[678/1452] MNIST_QNN_z_r1_d6_s43 noisy_shot q=20 shots=128 learned_mlp_pv_mean_std auc=0.534
[679/1452] MNIST_QNN_z_r1_d6_s43 noisy_shot q=20 shots=128 learned_mlp_pv auc=0.495
[680/1452] MNIST_QNN_z_r1_d6_s43 noisy_shot q=20 shots=128 learned_mlp_pv_mean_std auc=0.520
[681/1452] MNIST_QNN_z_r1_d6_s43 noisy_shot q=20 shots=128 learned_mlp_pv auc=0.572
[682/1452] MNIST_QNN_z_r1_d6_s43 noisy_shot q=20 shots=128 learned_mlp_pv_mean_std auc=0.526
[683/1452] MNIST_QNN_z_r1_d6_s43 noisy_shot q=20 shots=128 learned_mlp_pv auc=0.527
[684/1452] MNIST_QNN_z_r1_d6_s43 noisy_shot q=20 shots=128 learned_mlp_pv_mean_std auc=0.576
[685/1452] MNIST_QNN_z_r1_d6_s43 noisy_shot q=20 shots=128 learned_mlp_pv auc=0.542
[686/1452] MNIST_QNN_z_r1_d6_s43 noisy_shot q=20 shots=128 learned_mlp_pv_mean_std auc=0.537
[687/1452] MNIST_QNN_z_r1_d6_s43 noisy_shot q=5 shots=128 learned_mlp_pv auc=0.478
[688/1452] MNIST_QNN_z_r1_d6_s43 noisy_shot q=5 shots=128 learned_mlp_pv_mean_std auc=0.544
[689/1452] MNIST_QNN_z_r1_d6_s43 noisy_shot q=5 shots=128 learned_mlp_pv auc=0.495
[690/1452] MNIST_QNN_z_r1_d6_s43 noisy_shot q=5 shots=128 learned_mlp_pv_mean_std auc=0.508
[691/1452] MNIST_QNN_z_r1_d6_s43 noisy_shot q=5 shots=128 learned_mlp_pv auc=0.513
[692/1452] MNIST_QNN_z_r1_d6_s43 noisy_shot q=5 shots=128 learned_mlp_pv_mean_std auc=0.514
[693/1452] MNIST_QNN_z_r1_d6_s43 noisy_shot q=5 shots=128 learned_mlp_pv auc=0.449
[694/1452] MNIST_QNN_z_r1_d6_s43 noisy_shot q=5 shots=128 learned_mlp_pv_mean_std auc=0.508
[695/1452] MNIST_QNN_z_r1_d6_s43 noisy_shot q=5 shots=128 learned_mlp_pv auc=0.511
[696/1452] MNIST_QNN_z_r1_d6_s43 noisy_shot q=5 shots=128 learned_mlp_pv_mean_std auc=0.533
[697/1452] MNIST_QNN_z_r1_d6_s43 noisy_shot q=5 shots=128 learned_mlp_pv auc=0.470
[698/1452] MNIST_QNN_z_r1_d6_s43 noisy_shot q=5 shots=128 learned_mlp_pv_mean_std auc=0.494
[699/1452] MNIST_QNN_z_r1_d6_s43 noisy_shot q=5 shots=128 learned_mlp_pv auc=0.529
[700/1452] MNIST_QNN_z_r1_d6_s43 noisy_shot q=5 shots=128 learned_mlp_pv_mean_std auc=0.479
[701/1452] MNIST_QNN_z_r1_d6_s43 noisy_shot q=5 shots=128 learned_mlp_pv auc=0.540
[702/1452] MNIST_QNN_z_r1_d6_s43 noisy_shot q=5 shots=128 learned_mlp_pv_mean_std auc=0.508
[703/1452] MNIST_QNN_z_r1_d6_s43 noisy_shot q=5 shots=128 learned_mlp_pv auc=0.504
[704/1452] MNIST_QNN_z_r1_d6_s43 noisy_shot q=5 shots=128 learned_mlp_pv_mean_std auc=0.485
[705/1452] MNIST_QNN_z_r1_d6_s43 noisy_shot q=5 shots=128 learned_mlp_pv auc=0.485
[706/1452] MNIST_QNN_z_r1_d6_s43 noisy_shot q=5 shots=128 learned_mlp_pv_mean_std auc=0.509
[707/1452] MNIST_QNN_z_r1_d6_s43 noisy_shot q=5 shots=512 learned_mlp_pv auc=0.490
[708/1452] MNIST_QNN_z_r1_d6_s43 noisy_shot q=5 shots=512 learned_mlp_pv_mean_std auc=0.529
[709/1452] MNIST_QNN_z_r1_d6_s43 noisy_shot q=5 shots=512 learned_mlp_pv auc=0.515
[710/1452] MNIST_QNN_z_r1_d6_s43 noisy_shot q=5 shots=512 learned_mlp_pv_mean_std auc=0.439
[711/1452] MNIST_QNN_z_r1_d6_s43 noisy_shot q=5 shots=512 learned_mlp_pv auc=0.505
[712/1452] MNIST_QNN_z_r1_d6_s43 noisy_shot q=5 shots=512 learned_mlp_pv_mean_std auc=0.459
[713/1452] MNIST_QNN_z_r1_d6_s43 noisy_shot q=5 shots=512 learned_mlp_pv auc=0.499
[714/1452] MNIST_QNN_z_r1_d6_s43 noisy_shot q=5 shots=512 learned_mlp_pv_mean_std auc=0.488
[715/1452] MNIST_QNN_z_r1_d6_s43 noisy_shot q=5 shots=512 learned_mlp_pv auc=0.486
[716/1452] MNIST_QNN_z_r1_d6_s43 noisy_shot q=5 shots=512 learned_mlp_pv_mean_std auc=0.530
[717/1452] MNIST_QNN_z_r1_d6_s43 noisy_shot q=5 shots=512 learned_mlp_pv auc=0.493
[718/1452] MNIST_QNN_z_r1_d6_s43 noisy_shot q=5 shots=512 learned_mlp_pv_mean_std auc=0.497
[719/1452] MNIST_QNN_z_r1_d6_s43 noisy_shot q=5 shots=512 learned_mlp_pv auc=0.525
[720/1452] MNIST_QNN_z_r1_d6_s43 noisy_shot q=5 shots=512 learned_mlp_pv_mean_std auc=0.519
[721/1452] MNIST_QNN_z_r1_d6_s43 noisy_shot q=5 shots=512 learned_mlp_pv auc=0.504
[722/1452] MNIST_QNN_z_r1_d6_s43 noisy_shot q=5 shots=512 learned_mlp_pv_mean_std auc=0.518
[723/1452] MNIST_QNN_z_r1_d6_s43 noisy_shot q=5 shots=512 learned_mlp_pv auc=0.481
[724/1452] MNIST_QNN_z_r1_d6_s43 noisy_shot q=5 shots=512 learned_mlp_pv_mean_std auc=0.485
[725/1452] MNIST_QNN_z_r1_d6_s43 noisy_shot q=5 shots=512 learned_mlp_pv auc=0.518
[726/1452] MNIST_QNN_z_r1_d6_s43 noisy_shot q=5 shots=512 learned_mlp_pv_mean_std auc=0.552
[727/1452] MNIST_QNN_z_r5_d6_s43 exact q=0 shots=0 learned_mlp_pv auc=0.487
[728/1452] MNIST_QNN_z_r5_d6_s43 exact q=0 shots=0 learned_mlp_pv_mean_std auc=0.437
[729/1452] MNIST_QNN_z_r5_d6_s43 ideal_shot q=1 shots=128 learned_mlp_pv auc=0.490
[730/1452] MNIST_QNN_z_r5_d6_s43 ideal_shot q=1 shots=128 learned_mlp_pv_mean_std auc=0.505
[731/1452] MNIST_QNN_z_r5_d6_s43 ideal_shot q=1 shots=128 learned_mlp_pv auc=0.520
[732/1452] MNIST_QNN_z_r5_d6_s43 ideal_shot q=1 shots=128 learned_mlp_pv_mean_std auc=0.491
[733/1452] MNIST_QNN_z_r5_d6_s43 ideal_shot q=1 shots=128 learned_mlp_pv auc=0.497
[734/1452] MNIST_QNN_z_r5_d6_s43 ideal_shot q=1 shots=128 learned_mlp_pv_mean_std auc=0.504
[735/1452] MNIST_QNN_z_r5_d6_s43 ideal_shot q=1 shots=128 learned_mlp_pv auc=0.462
[736/1452] MNIST_QNN_z_r5_d6_s43 ideal_shot q=1 shots=128 learned_mlp_pv_mean_std auc=0.506
[737/1452] MNIST_QNN_z_r5_d6_s43 ideal_shot q=1 shots=128 learned_mlp_pv auc=0.518
[738/1452] MNIST_QNN_z_r5_d6_s43 ideal_shot q=1 shots=128 learned_mlp_pv_mean_std auc=0.535
[739/1452] MNIST_QNN_z_r5_d6_s43 ideal_shot q=1 shots=128 learned_mlp_pv auc=0.514
[740/1452] MNIST_QNN_z_r5_d6_s43 ideal_shot q=1 shots=128 learned_mlp_pv_mean_std auc=0.510
[741/1452] MNIST_QNN_z_r5_d6_s43 ideal_shot q=1 shots=128 learned_mlp_pv auc=0.469
[742/1452] MNIST_QNN_z_r5_d6_s43 ideal_shot q=1 shots=128 learned_mlp_pv_mean_std auc=0.500
[743/1452] MNIST_QNN_z_r5_d6_s43 ideal_shot q=1 shots=128 learned_mlp_pv auc=0.459
[744/1452] MNIST_QNN_z_r5_d6_s43 ideal_shot q=1 shots=128 learned_mlp_pv_mean_std auc=0.454
[745/1452] MNIST_QNN_z_r5_d6_s43 ideal_shot q=1 shots=128 learned_mlp_pv auc=0.493
[746/1452] MNIST_QNN_z_r5_d6_s43 ideal_shot q=1 shots=128 learned_mlp_pv_mean_std auc=0.524
[747/1452] MNIST_QNN_z_r5_d6_s43 ideal_shot q=1 shots=128 learned_mlp_pv auc=0.507
[748/1452] MNIST_QNN_z_r5_d6_s43 ideal_shot q=1 shots=128 learned_mlp_pv_mean_std auc=0.510
[749/1452] MNIST_QNN_z_r5_d6_s43 ideal_shot q=1 shots=2560 learned_mlp_pv auc=0.546
[750/1452] MNIST_QNN_z_r5_d6_s43 ideal_shot q=1 shots=2560 learned_mlp_pv_mean_std auc=0.485
[751/1452] MNIST_QNN_z_r5_d6_s43 ideal_shot q=1 shots=2560 learned_mlp_pv auc=0.502
[752/1452] MNIST_QNN_z_r5_d6_s43 ideal_shot q=1 shots=2560 learned_mlp_pv_mean_std auc=0.458
[753/1452] MNIST_QNN_z_r5_d6_s43 ideal_shot q=1 shots=2560 learned_mlp_pv auc=0.518
[754/1452] MNIST_QNN_z_r5_d6_s43 ideal_shot q=1 shots=2560 learned_mlp_pv_mean_std auc=0.483
[755/1452] MNIST_QNN_z_r5_d6_s43 ideal_shot q=1 shots=2560 learned_mlp_pv auc=0.484
[756/1452] MNIST_QNN_z_r5_d6_s43 ideal_shot q=1 shots=2560 learned_mlp_pv_mean_std auc=0.464
[757/1452] MNIST_QNN_z_r5_d6_s43 ideal_shot q=1 shots=2560 learned_mlp_pv auc=0.484
[758/1452] MNIST_QNN_z_r5_d6_s43 ideal_shot q=1 shots=2560 learned_mlp_pv_mean_std auc=0.484
[759/1452] MNIST_QNN_z_r5_d6_s43 ideal_shot q=1 shots=2560 learned_mlp_pv auc=0.494
[760/1452] MNIST_QNN_z_r5_d6_s43 ideal_shot q=1 shots=2560 learned_mlp_pv_mean_std auc=0.508
[761/1452] MNIST_QNN_z_r5_d6_s43 ideal_shot q=1 shots=2560 learned_mlp_pv auc=0.507
[762/1452] MNIST_QNN_z_r5_d6_s43 ideal_shot q=1 shots=2560 learned_mlp_pv_mean_std auc=0.505
[763/1452] MNIST_QNN_z_r5_d6_s43 ideal_shot q=1 shots=2560 learned_mlp_pv auc=0.506
[764/1452] MNIST_QNN_z_r5_d6_s43 ideal_shot q=1 shots=2560 learned_mlp_pv_mean_std auc=0.489
[765/1452] MNIST_QNN_z_r5_d6_s43 ideal_shot q=1 shots=2560 learned_mlp_pv auc=0.496
[766/1452] MNIST_QNN_z_r5_d6_s43 ideal_shot q=1 shots=2560 learned_mlp_pv_mean_std auc=0.489
[767/1452] MNIST_QNN_z_r5_d6_s43 ideal_shot q=1 shots=2560 learned_mlp_pv auc=0.507
[768/1452] MNIST_QNN_z_r5_d6_s43 ideal_shot q=1 shots=2560 learned_mlp_pv_mean_std auc=0.499
[769/1452] MNIST_QNN_z_r5_d6_s43 ideal_shot q=1 shots=512 learned_mlp_pv auc=0.518
[770/1452] MNIST_QNN_z_r5_d6_s43 ideal_shot q=1 shots=512 learned_mlp_pv_mean_std auc=0.513
[771/1452] MNIST_QNN_z_r5_d6_s43 ideal_shot q=1 shots=512 learned_mlp_pv auc=0.469
[772/1452] MNIST_QNN_z_r5_d6_s43 ideal_shot q=1 shots=512 learned_mlp_pv_mean_std auc=0.523
[773/1452] MNIST_QNN_z_r5_d6_s43 ideal_shot q=1 shots=512 learned_mlp_pv auc=0.461
[774/1452] MNIST_QNN_z_r5_d6_s43 ideal_shot q=1 shots=512 learned_mlp_pv_mean_std auc=0.492
[775/1452] MNIST_QNN_z_r5_d6_s43 ideal_shot q=1 shots=512 learned_mlp_pv auc=0.478
[776/1452] MNIST_QNN_z_r5_d6_s43 ideal_shot q=1 shots=512 learned_mlp_pv_mean_std auc=0.482
[777/1452] MNIST_QNN_z_r5_d6_s43 ideal_shot q=1 shots=512 learned_mlp_pv auc=0.497
[778/1452] MNIST_QNN_z_r5_d6_s43 ideal_shot q=1 shots=512 learned_mlp_pv_mean_std auc=0.479
[779/1452] MNIST_QNN_z_r5_d6_s43 ideal_shot q=1 shots=512 learned_mlp_pv auc=0.516
[780/1452] MNIST_QNN_z_r5_d6_s43 ideal_shot q=1 shots=512 learned_mlp_pv_mean_std auc=0.509
[781/1452] MNIST_QNN_z_r5_d6_s43 ideal_shot q=1 shots=512 learned_mlp_pv auc=0.498
[782/1452] MNIST_QNN_z_r5_d6_s43 ideal_shot q=1 shots=512 learned_mlp_pv_mean_std auc=0.515
[783/1452] MNIST_QNN_z_r5_d6_s43 ideal_shot q=1 shots=512 learned_mlp_pv auc=0.519
[784/1452] MNIST_QNN_z_r5_d6_s43 ideal_shot q=1 shots=512 learned_mlp_pv_mean_std auc=0.499
[785/1452] MNIST_QNN_z_r5_d6_s43 ideal_shot q=1 shots=512 learned_mlp_pv auc=0.481
[786/1452] MNIST_QNN_z_r5_d6_s43 ideal_shot q=1 shots=512 learned_mlp_pv_mean_std auc=0.484
[787/1452] MNIST_QNN_z_r5_d6_s43 ideal_shot q=1 shots=512 learned_mlp_pv auc=0.505
[788/1452] MNIST_QNN_z_r5_d6_s43 ideal_shot q=1 shots=512 learned_mlp_pv_mean_std auc=0.493
[789/1452] MNIST_QNN_z_r5_d6_s43 ideal_shot q=20 shots=128 learned_mlp_pv auc=0.515
[790/1452] MNIST_QNN_z_r5_d6_s43 ideal_shot q=20 shots=128 learned_mlp_pv_mean_std auc=0.531
[791/1452] MNIST_QNN_z_r5_d6_s43 ideal_shot q=20 shots=128 learned_mlp_pv auc=0.494
[792/1452] MNIST_QNN_z_r5_d6_s43 ideal_shot q=20 shots=128 learned_mlp_pv_mean_std auc=0.511
[793/1452] MNIST_QNN_z_r5_d6_s43 ideal_shot q=20 shots=128 learned_mlp_pv auc=0.497
[794/1452] MNIST_QNN_z_r5_d6_s43 ideal_shot q=20 shots=128 learned_mlp_pv_mean_std auc=0.497
[795/1452] MNIST_QNN_z_r5_d6_s43 ideal_shot q=20 shots=128 learned_mlp_pv auc=0.464
[796/1452] MNIST_QNN_z_r5_d6_s43 ideal_shot q=20 shots=128 learned_mlp_pv_mean_std auc=0.505
[797/1452] MNIST_QNN_z_r5_d6_s43 ideal_shot q=20 shots=128 learned_mlp_pv auc=0.463
[798/1452] MNIST_QNN_z_r5_d6_s43 ideal_shot q=20 shots=128 learned_mlp_pv_mean_std auc=0.530
[799/1452] MNIST_QNN_z_r5_d6_s43 ideal_shot q=20 shots=128 learned_mlp_pv auc=0.491
[800/1452] MNIST_QNN_z_r5_d6_s43 ideal_shot q=20 shots=128 learned_mlp_pv_mean_std auc=0.519
[801/1452] MNIST_QNN_z_r5_d6_s43 ideal_shot q=20 shots=128 learned_mlp_pv auc=0.478
[802/1452] MNIST_QNN_z_r5_d6_s43 ideal_shot q=20 shots=128 learned_mlp_pv_mean_std auc=0.488
[803/1452] MNIST_QNN_z_r5_d6_s43 ideal_shot q=20 shots=128 learned_mlp_pv auc=0.506
[804/1452] MNIST_QNN_z_r5_d6_s43 ideal_shot q=20 shots=128 learned_mlp_pv_mean_std auc=0.538
[805/1452] MNIST_QNN_z_r5_d6_s43 ideal_shot q=20 shots=128 learned_mlp_pv auc=0.525
[806/1452] MNIST_QNN_z_r5_d6_s43 ideal_shot q=20 shots=128 learned_mlp_pv_mean_std auc=0.528
[807/1452] MNIST_QNN_z_r5_d6_s43 ideal_shot q=20 shots=128 learned_mlp_pv auc=0.458
[808/1452] MNIST_QNN_z_r5_d6_s43 ideal_shot q=20 shots=128 learned_mlp_pv_mean_std auc=0.494
[809/1452] MNIST_QNN_z_r5_d6_s43 ideal_shot q=5 shots=128 learned_mlp_pv auc=0.505
[810/1452] MNIST_QNN_z_r5_d6_s43 ideal_shot q=5 shots=128 learned_mlp_pv_mean_std auc=0.477
[811/1452] MNIST_QNN_z_r5_d6_s43 ideal_shot q=5 shots=128 learned_mlp_pv auc=0.507
[812/1452] MNIST_QNN_z_r5_d6_s43 ideal_shot q=5 shots=128 learned_mlp_pv_mean_std auc=0.530
[813/1452] MNIST_QNN_z_r5_d6_s43 ideal_shot q=5 shots=128 learned_mlp_pv auc=0.524
[814/1452] MNIST_QNN_z_r5_d6_s43 ideal_shot q=5 shots=128 learned_mlp_pv_mean_std auc=0.576
[815/1452] MNIST_QNN_z_r5_d6_s43 ideal_shot q=5 shots=128 learned_mlp_pv auc=0.467
[816/1452] MNIST_QNN_z_r5_d6_s43 ideal_shot q=5 shots=128 learned_mlp_pv_mean_std auc=0.520
[817/1452] MNIST_QNN_z_r5_d6_s43 ideal_shot q=5 shots=128 learned_mlp_pv auc=0.528
[818/1452] MNIST_QNN_z_r5_d6_s43 ideal_shot q=5 shots=128 learned_mlp_pv_mean_std auc=0.499
[819/1452] MNIST_QNN_z_r5_d6_s43 ideal_shot q=5 shots=128 learned_mlp_pv auc=0.511
[820/1452] MNIST_QNN_z_r5_d6_s43 ideal_shot q=5 shots=128 learned_mlp_pv_mean_std auc=0.519
[821/1452] MNIST_QNN_z_r5_d6_s43 ideal_shot q=5 shots=128 learned_mlp_pv auc=0.485
[822/1452] MNIST_QNN_z_r5_d6_s43 ideal_shot q=5 shots=128 learned_mlp_pv_mean_std auc=0.510
[823/1452] MNIST_QNN_z_r5_d6_s43 ideal_shot q=5 shots=128 learned_mlp_pv auc=0.548
[824/1452] MNIST_QNN_z_r5_d6_s43 ideal_shot q=5 shots=128 learned_mlp_pv_mean_std auc=0.496
[825/1452] MNIST_QNN_z_r5_d6_s43 ideal_shot q=5 shots=128 learned_mlp_pv auc=0.497
[826/1452] MNIST_QNN_z_r5_d6_s43 ideal_shot q=5 shots=128 learned_mlp_pv_mean_std auc=0.531
[827/1452] MNIST_QNN_z_r5_d6_s43 ideal_shot q=5 shots=128 learned_mlp_pv auc=0.488
[828/1452] MNIST_QNN_z_r5_d6_s43 ideal_shot q=5 shots=128 learned_mlp_pv_mean_std auc=0.523
[829/1452] MNIST_QNN_z_r5_d6_s43 ideal_shot q=5 shots=512 learned_mlp_pv auc=0.504
[830/1452] MNIST_QNN_z_r5_d6_s43 ideal_shot q=5 shots=512 learned_mlp_pv_mean_std auc=0.487
[831/1452] MNIST_QNN_z_r5_d6_s43 ideal_shot q=5 shots=512 learned_mlp_pv auc=0.485
[832/1452] MNIST_QNN_z_r5_d6_s43 ideal_shot q=5 shots=512 learned_mlp_pv_mean_std auc=0.511
[833/1452] MNIST_QNN_z_r5_d6_s43 ideal_shot q=5 shots=512 learned_mlp_pv auc=0.504
[834/1452] MNIST_QNN_z_r5_d6_s43 ideal_shot q=5 shots=512 learned_mlp_pv_mean_std auc=0.515
[835/1452] MNIST_QNN_z_r5_d6_s43 ideal_shot q=5 shots=512 learned_mlp_pv auc=0.467
[836/1452] MNIST_QNN_z_r5_d6_s43 ideal_shot q=5 shots=512 learned_mlp_pv_mean_std auc=0.546
[837/1452] MNIST_QNN_z_r5_d6_s43 ideal_shot q=5 shots=512 learned_mlp_pv auc=0.468
[838/1452] MNIST_QNN_z_r5_d6_s43 ideal_shot q=5 shots=512 learned_mlp_pv_mean_std auc=0.538
[839/1452] MNIST_QNN_z_r5_d6_s43 ideal_shot q=5 shots=512 learned_mlp_pv auc=0.513
[840/1452] MNIST_QNN_z_r5_d6_s43 ideal_shot q=5 shots=512 learned_mlp_pv_mean_std auc=0.520
[841/1452] MNIST_QNN_z_r5_d6_s43 ideal_shot q=5 shots=512 learned_mlp_pv auc=0.493
[842/1452] MNIST_QNN_z_r5_d6_s43 ideal_shot q=5 shots=512 learned_mlp_pv_mean_std auc=0.513
[843/1452] MNIST_QNN_z_r5_d6_s43 ideal_shot q=5 shots=512 learned_mlp_pv auc=0.471
[844/1452] MNIST_QNN_z_r5_d6_s43 ideal_shot q=5 shots=512 learned_mlp_pv_mean_std auc=0.474
[845/1452] MNIST_QNN_z_r5_d6_s43 ideal_shot q=5 shots=512 learned_mlp_pv auc=0.522
[846/1452] MNIST_QNN_z_r5_d6_s43 ideal_shot q=5 shots=512 learned_mlp_pv_mean_std auc=0.508
[847/1452] MNIST_QNN_z_r5_d6_s43 ideal_shot q=5 shots=512 learned_mlp_pv auc=0.510
[848/1452] MNIST_QNN_z_r5_d6_s43 ideal_shot q=5 shots=512 learned_mlp_pv_mean_std auc=0.560
[849/1452] MNIST_QNN_z_r5_d6_s43 noisy_shot q=1 shots=128 learned_mlp_pv auc=0.520
[850/1452] MNIST_QNN_z_r5_d6_s43 noisy_shot q=1 shots=128 learned_mlp_pv_mean_std auc=0.514
[851/1452] MNIST_QNN_z_r5_d6_s43 noisy_shot q=1 shots=128 learned_mlp_pv auc=0.531
[852/1452] MNIST_QNN_z_r5_d6_s43 noisy_shot q=1 shots=128 learned_mlp_pv_mean_std auc=0.550
[853/1452] MNIST_QNN_z_r5_d6_s43 noisy_shot q=1 shots=128 learned_mlp_pv auc=0.465
[854/1452] MNIST_QNN_z_r5_d6_s43 noisy_shot q=1 shots=128 learned_mlp_pv_mean_std auc=0.465
[855/1452] MNIST_QNN_z_r5_d6_s43 noisy_shot q=1 shots=128 learned_mlp_pv auc=0.446
[856/1452] MNIST_QNN_z_r5_d6_s43 noisy_shot q=1 shots=128 learned_mlp_pv_mean_std auc=0.483
[857/1452] MNIST_QNN_z_r5_d6_s43 noisy_shot q=1 shots=128 learned_mlp_pv auc=0.506
[858/1452] MNIST_QNN_z_r5_d6_s43 noisy_shot q=1 shots=128 learned_mlp_pv_mean_std auc=0.449
[859/1452] MNIST_QNN_z_r5_d6_s43 noisy_shot q=1 shots=128 learned_mlp_pv auc=0.502
[860/1452] MNIST_QNN_z_r5_d6_s43 noisy_shot q=1 shots=128 learned_mlp_pv_mean_std auc=0.475
[861/1452] MNIST_QNN_z_r5_d6_s43 noisy_shot q=1 shots=128 learned_mlp_pv auc=0.496
[862/1452] MNIST_QNN_z_r5_d6_s43 noisy_shot q=1 shots=128 learned_mlp_pv_mean_std auc=0.534
[863/1452] MNIST_QNN_z_r5_d6_s43 noisy_shot q=1 shots=128 learned_mlp_pv auc=0.499
[864/1452] MNIST_QNN_z_r5_d6_s43 noisy_shot q=1 shots=128 learned_mlp_pv_mean_std auc=0.485
[865/1452] MNIST_QNN_z_r5_d6_s43 noisy_shot q=1 shots=128 learned_mlp_pv auc=0.520
[866/1452] MNIST_QNN_z_r5_d6_s43 noisy_shot q=1 shots=128 learned_mlp_pv_mean_std auc=0.511
[867/1452] MNIST_QNN_z_r5_d6_s43 noisy_shot q=1 shots=128 learned_mlp_pv auc=0.511
[868/1452] MNIST_QNN_z_r5_d6_s43 noisy_shot q=1 shots=128 learned_mlp_pv_mean_std auc=0.531
[869/1452] MNIST_QNN_z_r5_d6_s43 noisy_shot q=1 shots=2560 learned_mlp_pv auc=0.505
[870/1452] MNIST_QNN_z_r5_d6_s43 noisy_shot q=1 shots=2560 learned_mlp_pv_mean_std auc=0.488
[871/1452] MNIST_QNN_z_r5_d6_s43 noisy_shot q=1 shots=2560 learned_mlp_pv auc=0.522
[872/1452] MNIST_QNN_z_r5_d6_s43 noisy_shot q=1 shots=2560 learned_mlp_pv_mean_std auc=0.502
[873/1452] MNIST_QNN_z_r5_d6_s43 noisy_shot q=1 shots=2560 learned_mlp_pv auc=0.474
[874/1452] MNIST_QNN_z_r5_d6_s43 noisy_shot q=1 shots=2560 learned_mlp_pv_mean_std auc=0.520
[875/1452] MNIST_QNN_z_r5_d6_s43 noisy_shot q=1 shots=2560 learned_mlp_pv auc=0.512
[876/1452] MNIST_QNN_z_r5_d6_s43 noisy_shot q=1 shots=2560 learned_mlp_pv_mean_std auc=0.482
[877/1452] MNIST_QNN_z_r5_d6_s43 noisy_shot q=1 shots=2560 learned_mlp_pv auc=0.472
[878/1452] MNIST_QNN_z_r5_d6_s43 noisy_shot q=1 shots=2560 learned_mlp_pv_mean_std auc=0.482
[879/1452] MNIST_QNN_z_r5_d6_s43 noisy_shot q=1 shots=2560 learned_mlp_pv auc=0.516
[880/1452] MNIST_QNN_z_r5_d6_s43 noisy_shot q=1 shots=2560 learned_mlp_pv_mean_std auc=0.499
[881/1452] MNIST_QNN_z_r5_d6_s43 noisy_shot q=1 shots=2560 learned_mlp_pv auc=0.498
[882/1452] MNIST_QNN_z_r5_d6_s43 noisy_shot q=1 shots=2560 learned_mlp_pv_mean_std auc=0.496
[883/1452] MNIST_QNN_z_r5_d6_s43 noisy_shot q=1 shots=2560 learned_mlp_pv auc=0.482
[884/1452] MNIST_QNN_z_r5_d6_s43 noisy_shot q=1 shots=2560 learned_mlp_pv_mean_std auc=0.484
[885/1452] MNIST_QNN_z_r5_d6_s43 noisy_shot q=1 shots=2560 learned_mlp_pv auc=0.481
[886/1452] MNIST_QNN_z_r5_d6_s43 noisy_shot q=1 shots=2560 learned_mlp_pv_mean_std auc=0.520
[887/1452] MNIST_QNN_z_r5_d6_s43 noisy_shot q=1 shots=2560 learned_mlp_pv auc=0.516
[888/1452] MNIST_QNN_z_r5_d6_s43 noisy_shot q=1 shots=2560 learned_mlp_pv_mean_std auc=0.512
[889/1452] MNIST_QNN_z_r5_d6_s43 noisy_shot q=1 shots=512 learned_mlp_pv auc=0.456
[890/1452] MNIST_QNN_z_r5_d6_s43 noisy_shot q=1 shots=512 learned_mlp_pv_mean_std auc=0.453
[891/1452] MNIST_QNN_z_r5_d6_s43 noisy_shot q=1 shots=512 learned_mlp_pv auc=0.512
[892/1452] MNIST_QNN_z_r5_d6_s43 noisy_shot q=1 shots=512 learned_mlp_pv_mean_std auc=0.501
[893/1452] MNIST_QNN_z_r5_d6_s43 noisy_shot q=1 shots=512 learned_mlp_pv auc=0.482
[894/1452] MNIST_QNN_z_r5_d6_s43 noisy_shot q=1 shots=512 learned_mlp_pv_mean_std auc=0.499
[895/1452] MNIST_QNN_z_r5_d6_s43 noisy_shot q=1 shots=512 learned_mlp_pv auc=0.460
[896/1452] MNIST_QNN_z_r5_d6_s43 noisy_shot q=1 shots=512 learned_mlp_pv_mean_std auc=0.478
[897/1452] MNIST_QNN_z_r5_d6_s43 noisy_shot q=1 shots=512 learned_mlp_pv auc=0.445
[898/1452] MNIST_QNN_z_r5_d6_s43 noisy_shot q=1 shots=512 learned_mlp_pv_mean_std auc=0.488
[899/1452] MNIST_QNN_z_r5_d6_s43 noisy_shot q=1 shots=512 learned_mlp_pv auc=0.477
[900/1452] MNIST_QNN_z_r5_d6_s43 noisy_shot q=1 shots=512 learned_mlp_pv_mean_std auc=0.444
[901/1452] MNIST_QNN_z_r5_d6_s43 noisy_shot q=1 shots=512 learned_mlp_pv auc=0.523
[902/1452] MNIST_QNN_z_r5_d6_s43 noisy_shot q=1 shots=512 learned_mlp_pv_mean_std auc=0.477
[903/1452] MNIST_QNN_z_r5_d6_s43 noisy_shot q=1 shots=512 learned_mlp_pv auc=0.478
[904/1452] MNIST_QNN_z_r5_d6_s43 noisy_shot q=1 shots=512 learned_mlp_pv_mean_std auc=0.475
[905/1452] MNIST_QNN_z_r5_d6_s43 noisy_shot q=1 shots=512 learned_mlp_pv auc=0.463
[906/1452] MNIST_QNN_z_r5_d6_s43 noisy_shot q=1 shots=512 learned_mlp_pv_mean_std auc=0.465
[907/1452] MNIST_QNN_z_r5_d6_s43 noisy_shot q=1 shots=512 learned_mlp_pv auc=0.486
[908/1452] MNIST_QNN_z_r5_d6_s43 noisy_shot q=1 shots=512 learned_mlp_pv_mean_std auc=0.511
[909/1452] MNIST_QNN_z_r5_d6_s43 noisy_shot q=20 shots=128 learned_mlp_pv auc=0.497
[910/1452] MNIST_QNN_z_r5_d6_s43 noisy_shot q=20 shots=128 learned_mlp_pv_mean_std auc=0.492
[911/1452] MNIST_QNN_z_r5_d6_s43 noisy_shot q=20 shots=128 learned_mlp_pv auc=0.481
[912/1452] MNIST_QNN_z_r5_d6_s43 noisy_shot q=20 shots=128 learned_mlp_pv_mean_std auc=0.510
[913/1452] MNIST_QNN_z_r5_d6_s43 noisy_shot q=20 shots=128 learned_mlp_pv auc=0.522
[914/1452] MNIST_QNN_z_r5_d6_s43 noisy_shot q=20 shots=128 learned_mlp_pv_mean_std auc=0.497
[915/1452] MNIST_QNN_z_r5_d6_s43 noisy_shot q=20 shots=128 learned_mlp_pv auc=0.512
[916/1452] MNIST_QNN_z_r5_d6_s43 noisy_shot q=20 shots=128 learned_mlp_pv_mean_std auc=0.525
[917/1452] MNIST_QNN_z_r5_d6_s43 noisy_shot q=20 shots=128 learned_mlp_pv auc=0.499
[918/1452] MNIST_QNN_z_r5_d6_s43 noisy_shot q=20 shots=128 learned_mlp_pv_mean_std auc=0.496
[919/1452] MNIST_QNN_z_r5_d6_s43 noisy_shot q=20 shots=128 learned_mlp_pv auc=0.506
[920/1452] MNIST_QNN_z_r5_d6_s43 noisy_shot q=20 shots=128 learned_mlp_pv_mean_std auc=0.479
[921/1452] MNIST_QNN_z_r5_d6_s43 noisy_shot q=20 shots=128 learned_mlp_pv auc=0.496
[922/1452] MNIST_QNN_z_r5_d6_s43 noisy_shot q=20 shots=128 learned_mlp_pv_mean_std auc=0.507
[923/1452] MNIST_QNN_z_r5_d6_s43 noisy_shot q=20 shots=128 learned_mlp_pv auc=0.525
[924/1452] MNIST_QNN_z_r5_d6_s43 noisy_shot q=20 shots=128 learned_mlp_pv_mean_std auc=0.502
[925/1452] MNIST_QNN_z_r5_d6_s43 noisy_shot q=20 shots=128 learned_mlp_pv auc=0.492
[926/1452] MNIST_QNN_z_r5_d6_s43 noisy_shot q=20 shots=128 learned_mlp_pv_mean_std auc=0.508
[927/1452] MNIST_QNN_z_r5_d6_s43 noisy_shot q=20 shots=128 learned_mlp_pv auc=0.509
[928/1452] MNIST_QNN_z_r5_d6_s43 noisy_shot q=20 shots=128 learned_mlp_pv_mean_std auc=0.504
[929/1452] MNIST_QNN_z_r5_d6_s43 noisy_shot q=5 shots=128 learned_mlp_pv auc=0.494
[930/1452] MNIST_QNN_z_r5_d6_s43 noisy_shot q=5 shots=128 learned_mlp_pv_mean_std auc=0.474
[931/1452] MNIST_QNN_z_r5_d6_s43 noisy_shot q=5 shots=128 learned_mlp_pv auc=0.467
[932/1452] MNIST_QNN_z_r5_d6_s43 noisy_shot q=5 shots=128 learned_mlp_pv_mean_std auc=0.485
[933/1452] MNIST_QNN_z_r5_d6_s43 noisy_shot q=5 shots=128 learned_mlp_pv auc=0.498
[934/1452] MNIST_QNN_z_r5_d6_s43 noisy_shot q=5 shots=128 learned_mlp_pv_mean_std auc=0.525
[935/1452] MNIST_QNN_z_r5_d6_s43 noisy_shot q=5 shots=128 learned_mlp_pv auc=0.504
[936/1452] MNIST_QNN_z_r5_d6_s43 noisy_shot q=5 shots=128 learned_mlp_pv_mean_std auc=0.492
[937/1452] MNIST_QNN_z_r5_d6_s43 noisy_shot q=5 shots=128 learned_mlp_pv auc=0.518
[938/1452] MNIST_QNN_z_r5_d6_s43 noisy_shot q=5 shots=128 learned_mlp_pv_mean_std auc=0.517
[939/1452] MNIST_QNN_z_r5_d6_s43 noisy_shot q=5 shots=128 learned_mlp_pv auc=0.485
[940/1452] MNIST_QNN_z_r5_d6_s43 noisy_shot q=5 shots=128 learned_mlp_pv_mean_std auc=0.487
[941/1452] MNIST_QNN_z_r5_d6_s43 noisy_shot q=5 shots=128 learned_mlp_pv auc=0.490
[942/1452] MNIST_QNN_z_r5_d6_s43 noisy_shot q=5 shots=128 learned_mlp_pv_mean_std auc=0.532
[943/1452] MNIST_QNN_z_r5_d6_s43 noisy_shot q=5 shots=128 learned_mlp_pv auc=0.525
[944/1452] MNIST_QNN_z_r5_d6_s43 noisy_shot q=5 shots=128 learned_mlp_pv_mean_std auc=0.526
[945/1452] MNIST_QNN_z_r5_d6_s43 noisy_shot q=5 shots=128 learned_mlp_pv auc=0.548
[946/1452] MNIST_QNN_z_r5_d6_s43 noisy_shot q=5 shots=128 learned_mlp_pv_mean_std auc=0.506
[947/1452] MNIST_QNN_z_r5_d6_s43 noisy_shot q=5 shots=128 learned_mlp_pv auc=0.473
[948/1452] MNIST_QNN_z_r5_d6_s43 noisy_shot q=5 shots=128 learned_mlp_pv_mean_std auc=0.493
[949/1452] MNIST_QNN_z_r5_d6_s43 noisy_shot q=5 shots=512 learned_mlp_pv auc=0.520
[950/1452] MNIST_QNN_z_r5_d6_s43 noisy_shot q=5 shots=512 learned_mlp_pv_mean_std auc=0.511
[951/1452] MNIST_QNN_z_r5_d6_s43 noisy_shot q=5 shots=512 learned_mlp_pv auc=0.523
[952/1452] MNIST_QNN_z_r5_d6_s43 noisy_shot q=5 shots=512 learned_mlp_pv_mean_std auc=0.532
[953/1452] MNIST_QNN_z_r5_d6_s43 noisy_shot q=5 shots=512 learned_mlp_pv auc=0.487
[954/1452] MNIST_QNN_z_r5_d6_s43 noisy_shot q=5 shots=512 learned_mlp_pv_mean_std auc=0.512
[955/1452] MNIST_QNN_z_r5_d6_s43 noisy_shot q=5 shots=512 learned_mlp_pv auc=0.529
[956/1452] MNIST_QNN_z_r5_d6_s43 noisy_shot q=5 shots=512 learned_mlp_pv_mean_std auc=0.517
[957/1452] MNIST_QNN_z_r5_d6_s43 noisy_shot q=5 shots=512 learned_mlp_pv auc=0.499
[958/1452] MNIST_QNN_z_r5_d6_s43 noisy_shot q=5 shots=512 learned_mlp_pv_mean_std auc=0.525
[959/1452] MNIST_QNN_z_r5_d6_s43 noisy_shot q=5 shots=512 learned_mlp_pv auc=0.500
[960/1452] MNIST_QNN_z_r5_d6_s43 noisy_shot q=5 shots=512 learned_mlp_pv_mean_std auc=0.481
[961/1452] MNIST_QNN_z_r5_d6_s43 noisy_shot q=5 shots=512 learned_mlp_pv auc=0.476
[962/1452] MNIST_QNN_z_r5_d6_s43 noisy_shot q=5 shots=512 learned_mlp_pv_mean_std auc=0.501
[963/1452] MNIST_QNN_z_r5_d6_s43 noisy_shot q=5 shots=512 learned_mlp_pv auc=0.509
[964/1452] MNIST_QNN_z_r5_d6_s43 noisy_shot q=5 shots=512 learned_mlp_pv_mean_std auc=0.499
[965/1452] MNIST_QNN_z_r5_d6_s43 noisy_shot q=5 shots=512 learned_mlp_pv auc=0.489
[966/1452] MNIST_QNN_z_r5_d6_s43 noisy_shot q=5 shots=512 learned_mlp_pv_mean_std auc=0.538
[967/1452] MNIST_QNN_z_r5_d6_s43 noisy_shot q=5 shots=512 learned_mlp_pv auc=0.483
[968/1452] MNIST_QNN_z_r5_d6_s43 noisy_shot q=5 shots=512 learned_mlp_pv_mean_std auc=0.500
[969/1452] MNIST_QNN_zz_r1_d6_s43 exact q=0 shots=0 learned_mlp_pv auc=0.536
[970/1452] MNIST_QNN_zz_r1_d6_s43 exact q=0 shots=0 learned_mlp_pv_mean_std auc=0.520
[971/1452] MNIST_QNN_zz_r1_d6_s43 ideal_shot q=1 shots=128 learned_mlp_pv auc=0.536
[972/1452] MNIST_QNN_zz_r1_d6_s43 ideal_shot q=1 shots=128 learned_mlp_pv_mean_std auc=0.526
[973/1452] MNIST_QNN_zz_r1_d6_s43 ideal_shot q=1 shots=128 learned_mlp_pv auc=0.516
[974/1452] MNIST_QNN_zz_r1_d6_s43 ideal_shot q=1 shots=128 learned_mlp_pv_mean_std auc=0.460
[975/1452] MNIST_QNN_zz_r1_d6_s43 ideal_shot q=1 shots=128 learned_mlp_pv auc=0.534
[976/1452] MNIST_QNN_zz_r1_d6_s43 ideal_shot q=1 shots=128 learned_mlp_pv_mean_std auc=0.467
[977/1452] MNIST_QNN_zz_r1_d6_s43 ideal_shot q=1 shots=128 learned_mlp_pv auc=0.515
[978/1452] MNIST_QNN_zz_r1_d6_s43 ideal_shot q=1 shots=128 learned_mlp_pv_mean_std auc=0.544
[979/1452] MNIST_QNN_zz_r1_d6_s43 ideal_shot q=1 shots=128 learned_mlp_pv auc=0.520
[980/1452] MNIST_QNN_zz_r1_d6_s43 ideal_shot q=1 shots=128 learned_mlp_pv_mean_std auc=0.522
[981/1452] MNIST_QNN_zz_r1_d6_s43 ideal_shot q=1 shots=128 learned_mlp_pv auc=0.507
[982/1452] MNIST_QNN_zz_r1_d6_s43 ideal_shot q=1 shots=128 learned_mlp_pv_mean_std auc=0.523
[983/1452] MNIST_QNN_zz_r1_d6_s43 ideal_shot q=1 shots=128 learned_mlp_pv auc=0.540
[984/1452] MNIST_QNN_zz_r1_d6_s43 ideal_shot q=1 shots=128 learned_mlp_pv_mean_std auc=0.494
[985/1452] MNIST_QNN_zz_r1_d6_s43 ideal_shot q=1 shots=128 learned_mlp_pv auc=0.460
[986/1452] MNIST_QNN_zz_r1_d6_s43 ideal_shot q=1 shots=128 learned_mlp_pv_mean_std auc=0.492
[987/1452] MNIST_QNN_zz_r1_d6_s43 ideal_shot q=1 shots=128 learned_mlp_pv auc=0.493
[988/1452] MNIST_QNN_zz_r1_d6_s43 ideal_shot q=1 shots=128 learned_mlp_pv_mean_std auc=0.500
[989/1452] MNIST_QNN_zz_r1_d6_s43 ideal_shot q=1 shots=128 learned_mlp_pv auc=0.461
[990/1452] MNIST_QNN_zz_r1_d6_s43 ideal_shot q=1 shots=128 learned_mlp_pv_mean_std auc=0.485
[991/1452] MNIST_QNN_zz_r1_d6_s43 ideal_shot q=1 shots=2560 learned_mlp_pv auc=0.515
[992/1452] MNIST_QNN_zz_r1_d6_s43 ideal_shot q=1 shots=2560 learned_mlp_pv_mean_std auc=0.512
[993/1452] MNIST_QNN_zz_r1_d6_s43 ideal_shot q=1 shots=2560 learned_mlp_pv auc=0.552
[994/1452] MNIST_QNN_zz_r1_d6_s43 ideal_shot q=1 shots=2560 learned_mlp_pv_mean_std auc=0.508
[995/1452] MNIST_QNN_zz_r1_d6_s43 ideal_shot q=1 shots=2560 learned_mlp_pv auc=0.529
[996/1452] MNIST_QNN_zz_r1_d6_s43 ideal_shot q=1 shots=2560 learned_mlp_pv_mean_std auc=0.505
[997/1452] MNIST_QNN_zz_r1_d6_s43 ideal_shot q=1 shots=2560 learned_mlp_pv auc=0.545
[998/1452] MNIST_QNN_zz_r1_d6_s43 ideal_shot q=1 shots=2560 learned_mlp_pv_mean_std auc=0.521
[999/1452] MNIST_QNN_zz_r1_d6_s43 ideal_shot q=1 shots=2560 learned_mlp_pv auc=0.542
[1000/1452] MNIST_QNN_zz_r1_d6_s43 ideal_shot q=1 shots=2560 learned_mlp_pv_mean_std auc=0.526
[1001/1452] MNIST_QNN_zz_r1_d6_s43 ideal_shot q=1 shots=2560 learned_mlp_pv auc=0.558
[1002/1452] MNIST_QNN_zz_r1_d6_s43 ideal_shot q=1 shots=2560 learned_mlp_pv_mean_std auc=0.532
[1003/1452] MNIST_QNN_zz_r1_d6_s43 ideal_shot q=1 shots=2560 learned_mlp_pv auc=0.537
[1004/1452] MNIST_QNN_zz_r1_d6_s43 ideal_shot q=1 shots=2560 learned_mlp_pv_mean_std auc=0.520
[1005/1452] MNIST_QNN_zz_r1_d6_s43 ideal_shot q=1 shots=2560 learned_mlp_pv auc=0.520
[1006/1452] MNIST_QNN_zz_r1_d6_s43 ideal_shot q=1 shots=2560 learned_mlp_pv_mean_std auc=0.502
[1007/1452] MNIST_QNN_zz_r1_d6_s43 ideal_shot q=1 shots=2560 learned_mlp_pv auc=0.513
[1008/1452] MNIST_QNN_zz_r1_d6_s43 ideal_shot q=1 shots=2560 learned_mlp_pv_mean_std auc=0.527
[1009/1452] MNIST_QNN_zz_r1_d6_s43 ideal_shot q=1 shots=2560 learned_mlp_pv auc=0.521
[1010/1452] MNIST_QNN_zz_r1_d6_s43 ideal_shot q=1 shots=2560 learned_mlp_pv_mean_std auc=0.536
[1011/1452] MNIST_QNN_zz_r1_d6_s43 ideal_shot q=1 shots=512 learned_mlp_pv auc=0.559
[1012/1452] MNIST_QNN_zz_r1_d6_s43 ideal_shot q=1 shots=512 learned_mlp_pv_mean_std auc=0.544
[1013/1452] MNIST_QNN_zz_r1_d6_s43 ideal_shot q=1 shots=512 learned_mlp_pv auc=0.521
[1014/1452] MNIST_QNN_zz_r1_d6_s43 ideal_shot q=1 shots=512 learned_mlp_pv_mean_std auc=0.510
[1015/1452] MNIST_QNN_zz_r1_d6_s43 ideal_shot q=1 shots=512 learned_mlp_pv auc=0.540
[1016/1452] MNIST_QNN_zz_r1_d6_s43 ideal_shot q=1 shots=512 learned_mlp_pv_mean_std auc=0.511
[1017/1452] MNIST_QNN_zz_r1_d6_s43 ideal_shot q=1 shots=512 learned_mlp_pv auc=0.558
[1018/1452] MNIST_QNN_zz_r1_d6_s43 ideal_shot q=1 shots=512 learned_mlp_pv_mean_std auc=0.542
[1019/1452] MNIST_QNN_zz_r1_d6_s43 ideal_shot q=1 shots=512 learned_mlp_pv auc=0.500
[1020/1452] MNIST_QNN_zz_r1_d6_s43 ideal_shot q=1 shots=512 learned_mlp_pv_mean_std auc=0.529
[1021/1452] MNIST_QNN_zz_r1_d6_s43 ideal_shot q=1 shots=512 learned_mlp_pv auc=0.513
[1022/1452] MNIST_QNN_zz_r1_d6_s43 ideal_shot q=1 shots=512 learned_mlp_pv_mean_std auc=0.563
[1023/1452] MNIST_QNN_zz_r1_d6_s43 ideal_shot q=1 shots=512 learned_mlp_pv auc=0.551
[1024/1452] MNIST_QNN_zz_r1_d6_s43 ideal_shot q=1 shots=512 learned_mlp_pv_mean_std auc=0.503
[1025/1452] MNIST_QNN_zz_r1_d6_s43 ideal_shot q=1 shots=512 learned_mlp_pv auc=0.470
[1026/1452] MNIST_QNN_zz_r1_d6_s43 ideal_shot q=1 shots=512 learned_mlp_pv_mean_std auc=0.482
[1027/1452] MNIST_QNN_zz_r1_d6_s43 ideal_shot q=1 shots=512 learned_mlp_pv auc=0.536
[1028/1452] MNIST_QNN_zz_r1_d6_s43 ideal_shot q=1 shots=512 learned_mlp_pv_mean_std auc=0.521
[1029/1452] MNIST_QNN_zz_r1_d6_s43 ideal_shot q=1 shots=512 learned_mlp_pv auc=0.533
[1030/1452] MNIST_QNN_zz_r1_d6_s43 ideal_shot q=1 shots=512 learned_mlp_pv_mean_std auc=0.542
[1031/1452] MNIST_QNN_zz_r1_d6_s43 ideal_shot q=20 shots=128 learned_mlp_pv auc=0.488
[1032/1452] MNIST_QNN_zz_r1_d6_s43 ideal_shot q=20 shots=128 learned_mlp_pv_mean_std auc=0.509
[1033/1452] MNIST_QNN_zz_r1_d6_s43 ideal_shot q=20 shots=128 learned_mlp_pv auc=0.536
[1034/1452] MNIST_QNN_zz_r1_d6_s43 ideal_shot q=20 shots=128 learned_mlp_pv_mean_std auc=0.505
[1035/1452] MNIST_QNN_zz_r1_d6_s43 ideal_shot q=20 shots=128 learned_mlp_pv auc=0.545
[1036/1452] MNIST_QNN_zz_r1_d6_s43 ideal_shot q=20 shots=128 learned_mlp_pv_mean_std auc=0.533
[1037/1452] MNIST_QNN_zz_r1_d6_s43 ideal_shot q=20 shots=128 learned_mlp_pv auc=0.567
[1038/1452] MNIST_QNN_zz_r1_d6_s43 ideal_shot q=20 shots=128 learned_mlp_pv_mean_std auc=0.487
[1039/1452] MNIST_QNN_zz_r1_d6_s43 ideal_shot q=20 shots=128 learned_mlp_pv auc=0.529
[1040/1452] MNIST_QNN_zz_r1_d6_s43 ideal_shot q=20 shots=128 learned_mlp_pv_mean_std auc=0.528
[1041/1452] MNIST_QNN_zz_r1_d6_s43 ideal_shot q=20 shots=128 learned_mlp_pv auc=0.494
[1042/1452] MNIST_QNN_zz_r1_d6_s43 ideal_shot q=20 shots=128 learned_mlp_pv_mean_std auc=0.513
[1043/1452] MNIST_QNN_zz_r1_d6_s43 ideal_shot q=20 shots=128 learned_mlp_pv auc=0.556
[1044/1452] MNIST_QNN_zz_r1_d6_s43 ideal_shot q=20 shots=128 learned_mlp_pv_mean_std auc=0.515
[1045/1452] MNIST_QNN_zz_r1_d6_s43 ideal_shot q=20 shots=128 learned_mlp_pv auc=0.488
[1046/1452] MNIST_QNN_zz_r1_d6_s43 ideal_shot q=20 shots=128 learned_mlp_pv_mean_std auc=0.502
[1047/1452] MNIST_QNN_zz_r1_d6_s43 ideal_shot q=20 shots=128 learned_mlp_pv auc=0.514
[1048/1452] MNIST_QNN_zz_r1_d6_s43 ideal_shot q=20 shots=128 learned_mlp_pv_mean_std auc=0.542
[1049/1452] MNIST_QNN_zz_r1_d6_s43 ideal_shot q=20 shots=128 learned_mlp_pv auc=0.533
[1050/1452] MNIST_QNN_zz_r1_d6_s43 ideal_shot q=20 shots=128 learned_mlp_pv_mean_std auc=0.512
[1051/1452] MNIST_QNN_zz_r1_d6_s43 ideal_shot q=5 shots=128 learned_mlp_pv auc=0.540
[1052/1452] MNIST_QNN_zz_r1_d6_s43 ideal_shot q=5 shots=128 learned_mlp_pv_mean_std auc=0.517
[1053/1452] MNIST_QNN_zz_r1_d6_s43 ideal_shot q=5 shots=128 learned_mlp_pv auc=0.511
[1054/1452] MNIST_QNN_zz_r1_d6_s43 ideal_shot q=5 shots=128 learned_mlp_pv_mean_std auc=0.483
[1055/1452] MNIST_QNN_zz_r1_d6_s43 ideal_shot q=5 shots=128 learned_mlp_pv auc=0.528
[1056/1452] MNIST_QNN_zz_r1_d6_s43 ideal_shot q=5 shots=128 learned_mlp_pv_mean_std auc=0.496
[1057/1452] MNIST_QNN_zz_r1_d6_s43 ideal_shot q=5 shots=128 learned_mlp_pv auc=0.556
[1058/1452] MNIST_QNN_zz_r1_d6_s43 ideal_shot q=5 shots=128 learned_mlp_pv_mean_std auc=0.535
[1059/1452] MNIST_QNN_zz_r1_d6_s43 ideal_shot q=5 shots=128 learned_mlp_pv auc=0.537
[1060/1452] MNIST_QNN_zz_r1_d6_s43 ideal_shot q=5 shots=128 learned_mlp_pv_mean_std auc=0.488
[1061/1452] MNIST_QNN_zz_r1_d6_s43 ideal_shot q=5 shots=128 learned_mlp_pv auc=0.491
[1062/1452] MNIST_QNN_zz_r1_d6_s43 ideal_shot q=5 shots=128 learned_mlp_pv_mean_std auc=0.530
[1063/1452] MNIST_QNN_zz_r1_d6_s43 ideal_shot q=5 shots=128 learned_mlp_pv auc=0.533
[1064/1452] MNIST_QNN_zz_r1_d6_s43 ideal_shot q=5 shots=128 learned_mlp_pv_mean_std auc=0.525
[1065/1452] MNIST_QNN_zz_r1_d6_s43 ideal_shot q=5 shots=128 learned_mlp_pv auc=0.513
[1066/1452] MNIST_QNN_zz_r1_d6_s43 ideal_shot q=5 shots=128 learned_mlp_pv_mean_std auc=0.495
[1067/1452] MNIST_QNN_zz_r1_d6_s43 ideal_shot q=5 shots=128 learned_mlp_pv auc=0.512
[1068/1452] MNIST_QNN_zz_r1_d6_s43 ideal_shot q=5 shots=128 learned_mlp_pv_mean_std auc=0.557
[1069/1452] MNIST_QNN_zz_r1_d6_s43 ideal_shot q=5 shots=128 learned_mlp_pv auc=0.539
[1070/1452] MNIST_QNN_zz_r1_d6_s43 ideal_shot q=5 shots=128 learned_mlp_pv_mean_std auc=0.516
[1071/1452] MNIST_QNN_zz_r1_d6_s43 ideal_shot q=5 shots=512 learned_mlp_pv auc=0.513
[1072/1452] MNIST_QNN_zz_r1_d6_s43 ideal_shot q=5 shots=512 learned_mlp_pv_mean_std auc=0.515
[1073/1452] MNIST_QNN_zz_r1_d6_s43 ideal_shot q=5 shots=512 learned_mlp_pv auc=0.519
[1074/1452] MNIST_QNN_zz_r1_d6_s43 ideal_shot q=5 shots=512 learned_mlp_pv_mean_std auc=0.548
[1075/1452] MNIST_QNN_zz_r1_d6_s43 ideal_shot q=5 shots=512 learned_mlp_pv auc=0.518
[1076/1452] MNIST_QNN_zz_r1_d6_s43 ideal_shot q=5 shots=512 learned_mlp_pv_mean_std auc=0.519
[1077/1452] MNIST_QNN_zz_r1_d6_s43 ideal_shot q=5 shots=512 learned_mlp_pv auc=0.521
[1078/1452] MNIST_QNN_zz_r1_d6_s43 ideal_shot q=5 shots=512 learned_mlp_pv_mean_std auc=0.534
[1079/1452] MNIST_QNN_zz_r1_d6_s43 ideal_shot q=5 shots=512 learned_mlp_pv auc=0.526
[1080/1452] MNIST_QNN_zz_r1_d6_s43 ideal_shot q=5 shots=512 learned_mlp_pv_mean_std auc=0.480
[1081/1452] MNIST_QNN_zz_r1_d6_s43 ideal_shot q=5 shots=512 learned_mlp_pv auc=0.523
[1082/1452] MNIST_QNN_zz_r1_d6_s43 ideal_shot q=5 shots=512 learned_mlp_pv_mean_std auc=0.493
[1083/1452] MNIST_QNN_zz_r1_d6_s43 ideal_shot q=5 shots=512 learned_mlp_pv auc=0.537
[1084/1452] MNIST_QNN_zz_r1_d6_s43 ideal_shot q=5 shots=512 learned_mlp_pv_mean_std auc=0.551
[1085/1452] MNIST_QNN_zz_r1_d6_s43 ideal_shot q=5 shots=512 learned_mlp_pv auc=0.519
[1086/1452] MNIST_QNN_zz_r1_d6_s43 ideal_shot q=5 shots=512 learned_mlp_pv_mean_std auc=0.507
[1087/1452] MNIST_QNN_zz_r1_d6_s43 ideal_shot q=5 shots=512 learned_mlp_pv auc=0.527
[1088/1452] MNIST_QNN_zz_r1_d6_s43 ideal_shot q=5 shots=512 learned_mlp_pv_mean_std auc=0.500
[1089/1452] MNIST_QNN_zz_r1_d6_s43 ideal_shot q=5 shots=512 learned_mlp_pv auc=0.544
[1090/1452] MNIST_QNN_zz_r1_d6_s43 ideal_shot q=5 shots=512 learned_mlp_pv_mean_std auc=0.520
[1091/1452] MNIST_QNN_zz_r1_d6_s43 noisy_shot q=1 shots=128 learned_mlp_pv auc=0.525
[1092/1452] MNIST_QNN_zz_r1_d6_s43 noisy_shot q=1 shots=128 learned_mlp_pv_mean_std auc=0.492
[1093/1452] MNIST_QNN_zz_r1_d6_s43 noisy_shot q=1 shots=128 learned_mlp_pv auc=0.479
[1094/1452] MNIST_QNN_zz_r1_d6_s43 noisy_shot q=1 shots=128 learned_mlp_pv_mean_std auc=0.465
[1095/1452] MNIST_QNN_zz_r1_d6_s43 noisy_shot q=1 shots=128 learned_mlp_pv auc=0.535
[1096/1452] MNIST_QNN_zz_r1_d6_s43 noisy_shot q=1 shots=128 learned_mlp_pv_mean_std auc=0.511
[1097/1452] MNIST_QNN_zz_r1_d6_s43 noisy_shot q=1 shots=128 learned_mlp_pv auc=0.506
[1098/1452] MNIST_QNN_zz_r1_d6_s43 noisy_shot q=1 shots=128 learned_mlp_pv_mean_std auc=0.504
[1099/1452] MNIST_QNN_zz_r1_d6_s43 noisy_shot q=1 shots=128 learned_mlp_pv auc=0.497
[1100/1452] MNIST_QNN_zz_r1_d6_s43 noisy_shot q=1 shots=128 learned_mlp_pv_mean_std auc=0.521
[1101/1452] MNIST_QNN_zz_r1_d6_s43 noisy_shot q=1 shots=128 learned_mlp_pv auc=0.528
[1102/1452] MNIST_QNN_zz_r1_d6_s43 noisy_shot q=1 shots=128 learned_mlp_pv_mean_std auc=0.502
[1103/1452] MNIST_QNN_zz_r1_d6_s43 noisy_shot q=1 shots=128 learned_mlp_pv auc=0.545
[1104/1452] MNIST_QNN_zz_r1_d6_s43 noisy_shot q=1 shots=128 learned_mlp_pv_mean_std auc=0.509
[1105/1452] MNIST_QNN_zz_r1_d6_s43 noisy_shot q=1 shots=128 learned_mlp_pv auc=0.567
[1106/1452] MNIST_QNN_zz_r1_d6_s43 noisy_shot q=1 shots=128 learned_mlp_pv_mean_std auc=0.550
[1107/1452] MNIST_QNN_zz_r1_d6_s43 noisy_shot q=1 shots=128 learned_mlp_pv auc=0.504
[1108/1452] MNIST_QNN_zz_r1_d6_s43 noisy_shot q=1 shots=128 learned_mlp_pv_mean_std auc=0.493
[1109/1452] MNIST_QNN_zz_r1_d6_s43 noisy_shot q=1 shots=128 learned_mlp_pv auc=0.517
[1110/1452] MNIST_QNN_zz_r1_d6_s43 noisy_shot q=1 shots=128 learned_mlp_pv_mean_std auc=0.488
[1111/1452] MNIST_QNN_zz_r1_d6_s43 noisy_shot q=1 shots=2560 learned_mlp_pv auc=0.566
[1112/1452] MNIST_QNN_zz_r1_d6_s43 noisy_shot q=1 shots=2560 learned_mlp_pv_mean_std auc=0.545
[1113/1452] MNIST_QNN_zz_r1_d6_s43 noisy_shot q=1 shots=2560 learned_mlp_pv auc=0.555
[1114/1452] MNIST_QNN_zz_r1_d6_s43 noisy_shot q=1 shots=2560 learned_mlp_pv_mean_std auc=0.564
[1115/1452] MNIST_QNN_zz_r1_d6_s43 noisy_shot q=1 shots=2560 learned_mlp_pv auc=0.526
[1116/1452] MNIST_QNN_zz_r1_d6_s43 noisy_shot q=1 shots=2560 learned_mlp_pv_mean_std auc=0.497
[1117/1452] MNIST_QNN_zz_r1_d6_s43 noisy_shot q=1 shots=2560 learned_mlp_pv auc=0.543
[1118/1452] MNIST_QNN_zz_r1_d6_s43 noisy_shot q=1 shots=2560 learned_mlp_pv_mean_std auc=0.510
[1119/1452] MNIST_QNN_zz_r1_d6_s43 noisy_shot q=1 shots=2560 learned_mlp_pv auc=0.535
[1120/1452] MNIST_QNN_zz_r1_d6_s43 noisy_shot q=1 shots=2560 learned_mlp_pv_mean_std auc=0.544
[1121/1452] MNIST_QNN_zz_r1_d6_s43 noisy_shot q=1 shots=2560 learned_mlp_pv auc=0.552
[1122/1452] MNIST_QNN_zz_r1_d6_s43 noisy_shot q=1 shots=2560 learned_mlp_pv_mean_std auc=0.535
[1123/1452] MNIST_QNN_zz_r1_d6_s43 noisy_shot q=1 shots=2560 learned_mlp_pv auc=0.509
[1124/1452] MNIST_QNN_zz_r1_d6_s43 noisy_shot q=1 shots=2560 learned_mlp_pv_mean_std auc=0.522
[1125/1452] MNIST_QNN_zz_r1_d6_s43 noisy_shot q=1 shots=2560 learned_mlp_pv auc=0.500
[1126/1452] MNIST_QNN_zz_r1_d6_s43 noisy_shot q=1 shots=2560 learned_mlp_pv_mean_std auc=0.530
[1127/1452] MNIST_QNN_zz_r1_d6_s43 noisy_shot q=1 shots=2560 learned_mlp_pv auc=0.553
[1128/1452] MNIST_QNN_zz_r1_d6_s43 noisy_shot q=1 shots=2560 learned_mlp_pv_mean_std auc=0.533
[1129/1452] MNIST_QNN_zz_r1_d6_s43 noisy_shot q=1 shots=2560 learned_mlp_pv auc=0.485
[1130/1452] MNIST_QNN_zz_r1_d6_s43 noisy_shot q=1 shots=2560 learned_mlp_pv_mean_std auc=0.502
[1131/1452] MNIST_QNN_zz_r1_d6_s43 noisy_shot q=1 shots=512 learned_mlp_pv auc=0.569
[1132/1452] MNIST_QNN_zz_r1_d6_s43 noisy_shot q=1 shots=512 learned_mlp_pv_mean_std auc=0.530
[1133/1452] MNIST_QNN_zz_r1_d6_s43 noisy_shot q=1 shots=512 learned_mlp_pv auc=0.515
[1134/1452] MNIST_QNN_zz_r1_d6_s43 noisy_shot q=1 shots=512 learned_mlp_pv_mean_std auc=0.535
[1135/1452] MNIST_QNN_zz_r1_d6_s43 noisy_shot q=1 shots=512 learned_mlp_pv auc=0.536
[1136/1452] MNIST_QNN_zz_r1_d6_s43 noisy_shot q=1 shots=512 learned_mlp_pv_mean_std auc=0.579
[1137/1452] MNIST_QNN_zz_r1_d6_s43 noisy_shot q=1 shots=512 learned_mlp_pv auc=0.553
[1138/1452] MNIST_QNN_zz_r1_d6_s43 noisy_shot q=1 shots=512 learned_mlp_pv_mean_std auc=0.492
[1139/1452] MNIST_QNN_zz_r1_d6_s43 noisy_shot q=1 shots=512 learned_mlp_pv auc=0.502
[1140/1452] MNIST_QNN_zz_r1_d6_s43 noisy_shot q=1 shots=512 learned_mlp_pv_mean_std auc=0.525
[1141/1452] MNIST_QNN_zz_r1_d6_s43 noisy_shot q=1 shots=512 learned_mlp_pv auc=0.541
[1142/1452] MNIST_QNN_zz_r1_d6_s43 noisy_shot q=1 shots=512 learned_mlp_pv_mean_std auc=0.528
[1143/1452] MNIST_QNN_zz_r1_d6_s43 noisy_shot q=1 shots=512 learned_mlp_pv auc=0.533
[1144/1452] MNIST_QNN_zz_r1_d6_s43 noisy_shot q=1 shots=512 learned_mlp_pv_mean_std auc=0.504
[1145/1452] MNIST_QNN_zz_r1_d6_s43 noisy_shot q=1 shots=512 learned_mlp_pv auc=0.464
[1146/1452] MNIST_QNN_zz_r1_d6_s43 noisy_shot q=1 shots=512 learned_mlp_pv_mean_std auc=0.520
[1147/1452] MNIST_QNN_zz_r1_d6_s43 noisy_shot q=1 shots=512 learned_mlp_pv auc=0.582
[1148/1452] MNIST_QNN_zz_r1_d6_s43 noisy_shot q=1 shots=512 learned_mlp_pv_mean_std auc=0.573
[1149/1452] MNIST_QNN_zz_r1_d6_s43 noisy_shot q=1 shots=512 learned_mlp_pv auc=0.536
[1150/1452] MNIST_QNN_zz_r1_d6_s43 noisy_shot q=1 shots=512 learned_mlp_pv_mean_std auc=0.524
[1151/1452] MNIST_QNN_zz_r1_d6_s43 noisy_shot q=20 shots=128 learned_mlp_pv auc=0.536
[1152/1452] MNIST_QNN_zz_r1_d6_s43 noisy_shot q=20 shots=128 learned_mlp_pv_mean_std auc=0.558
[1153/1452] MNIST_QNN_zz_r1_d6_s43 noisy_shot q=20 shots=128 learned_mlp_pv auc=0.520
[1154/1452] MNIST_QNN_zz_r1_d6_s43 noisy_shot q=20 shots=128 learned_mlp_pv_mean_std auc=0.556
[1155/1452] MNIST_QNN_zz_r1_d6_s43 noisy_shot q=20 shots=128 learned_mlp_pv auc=0.522
[1156/1452] MNIST_QNN_zz_r1_d6_s43 noisy_shot q=20 shots=128 learned_mlp_pv_mean_std auc=0.565
[1157/1452] MNIST_QNN_zz_r1_d6_s43 noisy_shot q=20 shots=128 learned_mlp_pv auc=0.543
[1158/1452] MNIST_QNN_zz_r1_d6_s43 noisy_shot q=20 shots=128 learned_mlp_pv_mean_std auc=0.528
[1159/1452] MNIST_QNN_zz_r1_d6_s43 noisy_shot q=20 shots=128 learned_mlp_pv auc=0.556
[1160/1452] MNIST_QNN_zz_r1_d6_s43 noisy_shot q=20 shots=128 learned_mlp_pv_mean_std auc=0.537
[1161/1452] MNIST_QNN_zz_r1_d6_s43 noisy_shot q=20 shots=128 learned_mlp_pv auc=0.522
[1162/1452] MNIST_QNN_zz_r1_d6_s43 noisy_shot q=20 shots=128 learned_mlp_pv_mean_std auc=0.486
[1163/1452] MNIST_QNN_zz_r1_d6_s43 noisy_shot q=20 shots=128 learned_mlp_pv auc=0.546
[1164/1452] MNIST_QNN_zz_r1_d6_s43 noisy_shot q=20 shots=128 learned_mlp_pv_mean_std auc=0.555
[1165/1452] MNIST_QNN_zz_r1_d6_s43 noisy_shot q=20 shots=128 learned_mlp_pv auc=0.534
[1166/1452] MNIST_QNN_zz_r1_d6_s43 noisy_shot q=20 shots=128 learned_mlp_pv_mean_std auc=0.481
[1167/1452] MNIST_QNN_zz_r1_d6_s43 noisy_shot q=20 shots=128 learned_mlp_pv auc=0.542
[1168/1452] MNIST_QNN_zz_r1_d6_s43 noisy_shot q=20 shots=128 learned_mlp_pv_mean_std auc=0.585
[1169/1452] MNIST_QNN_zz_r1_d6_s43 noisy_shot q=20 shots=128 learned_mlp_pv auc=0.563
[1170/1452] MNIST_QNN_zz_r1_d6_s43 noisy_shot q=20 shots=128 learned_mlp_pv_mean_std auc=0.597
[1171/1452] MNIST_QNN_zz_r1_d6_s43 noisy_shot q=5 shots=128 learned_mlp_pv auc=0.535
[1172/1452] MNIST_QNN_zz_r1_d6_s43 noisy_shot q=5 shots=128 learned_mlp_pv_mean_std auc=0.552
[1173/1452] MNIST_QNN_zz_r1_d6_s43 noisy_shot q=5 shots=128 learned_mlp_pv auc=0.553
[1174/1452] MNIST_QNN_zz_r1_d6_s43 noisy_shot q=5 shots=128 learned_mlp_pv_mean_std auc=0.543
[1175/1452] MNIST_QNN_zz_r1_d6_s43 noisy_shot q=5 shots=128 learned_mlp_pv auc=0.523
[1176/1452] MNIST_QNN_zz_r1_d6_s43 noisy_shot q=5 shots=128 learned_mlp_pv_mean_std auc=0.515
[1177/1452] MNIST_QNN_zz_r1_d6_s43 noisy_shot q=5 shots=128 learned_mlp_pv auc=0.541
[1178/1452] MNIST_QNN_zz_r1_d6_s43 noisy_shot q=5 shots=128 learned_mlp_pv_mean_std auc=0.503
[1179/1452] MNIST_QNN_zz_r1_d6_s43 noisy_shot q=5 shots=128 learned_mlp_pv auc=0.528
[1180/1452] MNIST_QNN_zz_r1_d6_s43 noisy_shot q=5 shots=128 learned_mlp_pv_mean_std auc=0.527
[1181/1452] MNIST_QNN_zz_r1_d6_s43 noisy_shot q=5 shots=128 learned_mlp_pv auc=0.549
[1182/1452] MNIST_QNN_zz_r1_d6_s43 noisy_shot q=5 shots=128 learned_mlp_pv_mean_std auc=0.471
[1183/1452] MNIST_QNN_zz_r1_d6_s43 noisy_shot q=5 shots=128 learned_mlp_pv auc=0.575
[1184/1452] MNIST_QNN_zz_r1_d6_s43 noisy_shot q=5 shots=128 learned_mlp_pv_mean_std auc=0.514
[1185/1452] MNIST_QNN_zz_r1_d6_s43 noisy_shot q=5 shots=128 learned_mlp_pv auc=0.512
[1186/1452] MNIST_QNN_zz_r1_d6_s43 noisy_shot q=5 shots=128 learned_mlp_pv_mean_std auc=0.493
[1187/1452] MNIST_QNN_zz_r1_d6_s43 noisy_shot q=5 shots=128 learned_mlp_pv auc=0.556
[1188/1452] MNIST_QNN_zz_r1_d6_s43 noisy_shot q=5 shots=128 learned_mlp_pv_mean_std auc=0.557
[1189/1452] MNIST_QNN_zz_r1_d6_s43 noisy_shot q=5 shots=128 learned_mlp_pv auc=0.503
[1190/1452] MNIST_QNN_zz_r1_d6_s43 noisy_shot q=5 shots=128 learned_mlp_pv_mean_std auc=0.537
[1191/1452] MNIST_QNN_zz_r1_d6_s43 noisy_shot q=5 shots=512 learned_mlp_pv auc=0.548
[1192/1452] MNIST_QNN_zz_r1_d6_s43 noisy_shot q=5 shots=512 learned_mlp_pv_mean_std auc=0.503
[1193/1452] MNIST_QNN_zz_r1_d6_s43 noisy_shot q=5 shots=512 learned_mlp_pv auc=0.572
[1194/1452] MNIST_QNN_zz_r1_d6_s43 noisy_shot q=5 shots=512 learned_mlp_pv_mean_std auc=0.546
[1195/1452] MNIST_QNN_zz_r1_d6_s43 noisy_shot q=5 shots=512 learned_mlp_pv auc=0.539
[1196/1452] MNIST_QNN_zz_r1_d6_s43 noisy_shot q=5 shots=512 learned_mlp_pv_mean_std auc=0.559
[1197/1452] MNIST_QNN_zz_r1_d6_s43 noisy_shot q=5 shots=512 learned_mlp_pv auc=0.546
[1198/1452] MNIST_QNN_zz_r1_d6_s43 noisy_shot q=5 shots=512 learned_mlp_pv_mean_std auc=0.525
[1199/1452] MNIST_QNN_zz_r1_d6_s43 noisy_shot q=5 shots=512 learned_mlp_pv auc=0.539
[1200/1452] MNIST_QNN_zz_r1_d6_s43 noisy_shot q=5 shots=512 learned_mlp_pv_mean_std auc=0.551
[1201/1452] MNIST_QNN_zz_r1_d6_s43 noisy_shot q=5 shots=512 learned_mlp_pv auc=0.538
[1202/1452] MNIST_QNN_zz_r1_d6_s43 noisy_shot q=5 shots=512 learned_mlp_pv_mean_std auc=0.516
[1203/1452] MNIST_QNN_zz_r1_d6_s43 noisy_shot q=5 shots=512 learned_mlp_pv auc=0.549
[1204/1452] MNIST_QNN_zz_r1_d6_s43 noisy_shot q=5 shots=512 learned_mlp_pv_mean_std auc=0.543
[1205/1452] MNIST_QNN_zz_r1_d6_s43 noisy_shot q=5 shots=512 learned_mlp_pv auc=0.510
[1206/1452] MNIST_QNN_zz_r1_d6_s43 noisy_shot q=5 shots=512 learned_mlp_pv_mean_std auc=0.491
[1207/1452] MNIST_QNN_zz_r1_d6_s43 noisy_shot q=5 shots=512 learned_mlp_pv auc=0.535
[1208/1452] MNIST_QNN_zz_r1_d6_s43 noisy_shot q=5 shots=512 learned_mlp_pv_mean_std auc=0.584
[1209/1452] MNIST_QNN_zz_r1_d6_s43 noisy_shot q=5 shots=512 learned_mlp_pv auc=0.558
[1210/1452] MNIST_QNN_zz_r1_d6_s43 noisy_shot q=5 shots=512 learned_mlp_pv_mean_std auc=0.545
[1211/1452] MNIST_QNN_zz_r5_d6_s43 exact q=0 shots=0 learned_mlp_pv auc=0.505
[1212/1452] MNIST_QNN_zz_r5_d6_s43 exact q=0 shots=0 learned_mlp_pv_mean_std auc=0.505
[1213/1452] MNIST_QNN_zz_r5_d6_s43 ideal_shot q=1 shots=128 learned_mlp_pv auc=0.574
[1214/1452] MNIST_QNN_zz_r5_d6_s43 ideal_shot q=1 shots=128 learned_mlp_pv_mean_std auc=0.528
[1215/1452] MNIST_QNN_zz_r5_d6_s43 ideal_shot q=1 shots=128 learned_mlp_pv auc=0.477
[1216/1452] MNIST_QNN_zz_r5_d6_s43 ideal_shot q=1 shots=128 learned_mlp_pv_mean_std auc=0.488
[1217/1452] MNIST_QNN_zz_r5_d6_s43 ideal_shot q=1 shots=128 learned_mlp_pv auc=0.514
[1218/1452] MNIST_QNN_zz_r5_d6_s43 ideal_shot q=1 shots=128 learned_mlp_pv_mean_std auc=0.535
[1219/1452] MNIST_QNN_zz_r5_d6_s43 ideal_shot q=1 shots=128 learned_mlp_pv auc=0.536
[1220/1452] MNIST_QNN_zz_r5_d6_s43 ideal_shot q=1 shots=128 learned_mlp_pv_mean_std auc=0.503
[1221/1452] MNIST_QNN_zz_r5_d6_s43 ideal_shot q=1 shots=128 learned_mlp_pv auc=0.525
[1222/1452] MNIST_QNN_zz_r5_d6_s43 ideal_shot q=1 shots=128 learned_mlp_pv_mean_std auc=0.533
[1223/1452] MNIST_QNN_zz_r5_d6_s43 ideal_shot q=1 shots=128 learned_mlp_pv auc=0.502
[1224/1452] MNIST_QNN_zz_r5_d6_s43 ideal_shot q=1 shots=128 learned_mlp_pv_mean_std auc=0.513
[1225/1452] MNIST_QNN_zz_r5_d6_s43 ideal_shot q=1 shots=128 learned_mlp_pv auc=0.470
[1226/1452] MNIST_QNN_zz_r5_d6_s43 ideal_shot q=1 shots=128 learned_mlp_pv_mean_std auc=0.514
[1227/1452] MNIST_QNN_zz_r5_d6_s43 ideal_shot q=1 shots=128 learned_mlp_pv auc=0.492
[1228/1452] MNIST_QNN_zz_r5_d6_s43 ideal_shot q=1 shots=128 learned_mlp_pv_mean_std auc=0.486
[1229/1452] MNIST_QNN_zz_r5_d6_s43 ideal_shot q=1 shots=128 learned_mlp_pv auc=0.543
[1230/1452] MNIST_QNN_zz_r5_d6_s43 ideal_shot q=1 shots=128 learned_mlp_pv_mean_std auc=0.537
[1231/1452] MNIST_QNN_zz_r5_d6_s43 ideal_shot q=1 shots=128 learned_mlp_pv auc=0.504
[1232/1452] MNIST_QNN_zz_r5_d6_s43 ideal_shot q=1 shots=128 learned_mlp_pv_mean_std auc=0.506
[1233/1452] MNIST_QNN_zz_r5_d6_s43 ideal_shot q=1 shots=2560 learned_mlp_pv auc=0.503
[1234/1452] MNIST_QNN_zz_r5_d6_s43 ideal_shot q=1 shots=2560 learned_mlp_pv_mean_std auc=0.517
[1235/1452] MNIST_QNN_zz_r5_d6_s43 ideal_shot q=1 shots=2560 learned_mlp_pv auc=0.478
[1236/1452] MNIST_QNN_zz_r5_d6_s43 ideal_shot q=1 shots=2560 learned_mlp_pv_mean_std auc=0.494
[1237/1452] MNIST_QNN_zz_r5_d6_s43 ideal_shot q=1 shots=2560 learned_mlp_pv auc=0.496
[1238/1452] MNIST_QNN_zz_r5_d6_s43 ideal_shot q=1 shots=2560 learned_mlp_pv_mean_std auc=0.500
[1239/1452] MNIST_QNN_zz_r5_d6_s43 ideal_shot q=1 shots=2560 learned_mlp_pv auc=0.516
[1240/1452] MNIST_QNN_zz_r5_d6_s43 ideal_shot q=1 shots=2560 learned_mlp_pv_mean_std auc=0.512
[1241/1452] MNIST_QNN_zz_r5_d6_s43 ideal_shot q=1 shots=2560 learned_mlp_pv auc=0.493
[1242/1452] MNIST_QNN_zz_r5_d6_s43 ideal_shot q=1 shots=2560 learned_mlp_pv_mean_std auc=0.495
[1243/1452] MNIST_QNN_zz_r5_d6_s43 ideal_shot q=1 shots=2560 learned_mlp_pv auc=0.489
[1244/1452] MNIST_QNN_zz_r5_d6_s43 ideal_shot q=1 shots=2560 learned_mlp_pv_mean_std auc=0.510
[1245/1452] MNIST_QNN_zz_r5_d6_s43 ideal_shot q=1 shots=2560 learned_mlp_pv auc=0.495
[1246/1452] MNIST_QNN_zz_r5_d6_s43 ideal_shot q=1 shots=2560 learned_mlp_pv_mean_std auc=0.486
[1247/1452] MNIST_QNN_zz_r5_d6_s43 ideal_shot q=1 shots=2560 learned_mlp_pv auc=0.526
[1248/1452] MNIST_QNN_zz_r5_d6_s43 ideal_shot q=1 shots=2560 learned_mlp_pv_mean_std auc=0.503
[1249/1452] MNIST_QNN_zz_r5_d6_s43 ideal_shot q=1 shots=2560 learned_mlp_pv auc=0.503
[1250/1452] MNIST_QNN_zz_r5_d6_s43 ideal_shot q=1 shots=2560 learned_mlp_pv_mean_std auc=0.490
[1251/1452] MNIST_QNN_zz_r5_d6_s43 ideal_shot q=1 shots=2560 learned_mlp_pv auc=0.482
[1252/1452] MNIST_QNN_zz_r5_d6_s43 ideal_shot q=1 shots=2560 learned_mlp_pv_mean_std auc=0.496
[1253/1452] MNIST_QNN_zz_r5_d6_s43 ideal_shot q=1 shots=512 learned_mlp_pv auc=0.508
[1254/1452] MNIST_QNN_zz_r5_d6_s43 ideal_shot q=1 shots=512 learned_mlp_pv_mean_std auc=0.477
[1255/1452] MNIST_QNN_zz_r5_d6_s43 ideal_shot q=1 shots=512 learned_mlp_pv auc=0.476
[1256/1452] MNIST_QNN_zz_r5_d6_s43 ideal_shot q=1 shots=512 learned_mlp_pv_mean_std auc=0.467
[1257/1452] MNIST_QNN_zz_r5_d6_s43 ideal_shot q=1 shots=512 learned_mlp_pv auc=0.490
[1258/1452] MNIST_QNN_zz_r5_d6_s43 ideal_shot q=1 shots=512 learned_mlp_pv_mean_std auc=0.513
[1259/1452] MNIST_QNN_zz_r5_d6_s43 ideal_shot q=1 shots=512 learned_mlp_pv auc=0.483
[1260/1452] MNIST_QNN_zz_r5_d6_s43 ideal_shot q=1 shots=512 learned_mlp_pv_mean_std auc=0.468
[1261/1452] MNIST_QNN_zz_r5_d6_s43 ideal_shot q=1 shots=512 learned_mlp_pv auc=0.495
[1262/1452] MNIST_QNN_zz_r5_d6_s43 ideal_shot q=1 shots=512 learned_mlp_pv_mean_std auc=0.491
[1263/1452] MNIST_QNN_zz_r5_d6_s43 ideal_shot q=1 shots=512 learned_mlp_pv auc=0.503
[1264/1452] MNIST_QNN_zz_r5_d6_s43 ideal_shot q=1 shots=512 learned_mlp_pv_mean_std auc=0.507
[1265/1452] MNIST_QNN_zz_r5_d6_s43 ideal_shot q=1 shots=512 learned_mlp_pv auc=0.501
[1266/1452] MNIST_QNN_zz_r5_d6_s43 ideal_shot q=1 shots=512 learned_mlp_pv_mean_std auc=0.515
[1267/1452] MNIST_QNN_zz_r5_d6_s43 ideal_shot q=1 shots=512 learned_mlp_pv auc=0.512
[1268/1452] MNIST_QNN_zz_r5_d6_s43 ideal_shot q=1 shots=512 learned_mlp_pv_mean_std auc=0.529
[1269/1452] MNIST_QNN_zz_r5_d6_s43 ideal_shot q=1 shots=512 learned_mlp_pv auc=0.505
[1270/1452] MNIST_QNN_zz_r5_d6_s43 ideal_shot q=1 shots=512 learned_mlp_pv_mean_std auc=0.504
[1271/1452] MNIST_QNN_zz_r5_d6_s43 ideal_shot q=1 shots=512 learned_mlp_pv auc=0.522
[1272/1452] MNIST_QNN_zz_r5_d6_s43 ideal_shot q=1 shots=512 learned_mlp_pv_mean_std auc=0.517
[1273/1452] MNIST_QNN_zz_r5_d6_s43 ideal_shot q=20 shots=128 learned_mlp_pv auc=0.492
[1274/1452] MNIST_QNN_zz_r5_d6_s43 ideal_shot q=20 shots=128 learned_mlp_pv_mean_std auc=0.509
[1275/1452] MNIST_QNN_zz_r5_d6_s43 ideal_shot q=20 shots=128 learned_mlp_pv auc=0.521
[1276/1452] MNIST_QNN_zz_r5_d6_s43 ideal_shot q=20 shots=128 learned_mlp_pv_mean_std auc=0.508
[1277/1452] MNIST_QNN_zz_r5_d6_s43 ideal_shot q=20 shots=128 learned_mlp_pv auc=0.506
[1278/1452] MNIST_QNN_zz_r5_d6_s43 ideal_shot q=20 shots=128 learned_mlp_pv_mean_std auc=0.484
[1279/1452] MNIST_QNN_zz_r5_d6_s43 ideal_shot q=20 shots=128 learned_mlp_pv auc=0.508
[1280/1452] MNIST_QNN_zz_r5_d6_s43 ideal_shot q=20 shots=128 learned_mlp_pv_mean_std auc=0.517
[1281/1452] MNIST_QNN_zz_r5_d6_s43 ideal_shot q=20 shots=128 learned_mlp_pv auc=0.508
[1282/1452] MNIST_QNN_zz_r5_d6_s43 ideal_shot q=20 shots=128 learned_mlp_pv_mean_std auc=0.513
[1283/1452] MNIST_QNN_zz_r5_d6_s43 ideal_shot q=20 shots=128 learned_mlp_pv auc=0.508
[1284/1452] MNIST_QNN_zz_r5_d6_s43 ideal_shot q=20 shots=128 learned_mlp_pv_mean_std auc=0.488
[1285/1452] MNIST_QNN_zz_r5_d6_s43 ideal_shot q=20 shots=128 learned_mlp_pv auc=0.531
[1286/1452] MNIST_QNN_zz_r5_d6_s43 ideal_shot q=20 shots=128 learned_mlp_pv_mean_std auc=0.528
[1287/1452] MNIST_QNN_zz_r5_d6_s43 ideal_shot q=20 shots=128 learned_mlp_pv auc=0.478
[1288/1452] MNIST_QNN_zz_r5_d6_s43 ideal_shot q=20 shots=128 learned_mlp_pv_mean_std auc=0.459
[1289/1452] MNIST_QNN_zz_r5_d6_s43 ideal_shot q=20 shots=128 learned_mlp_pv auc=0.482
[1290/1452] MNIST_QNN_zz_r5_d6_s43 ideal_shot q=20 shots=128 learned_mlp_pv_mean_std auc=0.460
[1291/1452] MNIST_QNN_zz_r5_d6_s43 ideal_shot q=20 shots=128 learned_mlp_pv auc=0.523
[1292/1452] MNIST_QNN_zz_r5_d6_s43 ideal_shot q=20 shots=128 learned_mlp_pv_mean_std auc=0.500
[1293/1452] MNIST_QNN_zz_r5_d6_s43 ideal_shot q=5 shots=128 learned_mlp_pv auc=0.482
[1294/1452] MNIST_QNN_zz_r5_d6_s43 ideal_shot q=5 shots=128 learned_mlp_pv_mean_std auc=0.491
[1295/1452] MNIST_QNN_zz_r5_d6_s43 ideal_shot q=5 shots=128 learned_mlp_pv auc=0.468
[1296/1452] MNIST_QNN_zz_r5_d6_s43 ideal_shot q=5 shots=128 learned_mlp_pv_mean_std auc=0.517
[1297/1452] MNIST_QNN_zz_r5_d6_s43 ideal_shot q=5 shots=128 learned_mlp_pv auc=0.474
[1298/1452] MNIST_QNN_zz_r5_d6_s43 ideal_shot q=5 shots=128 learned_mlp_pv_mean_std auc=0.509
[1299/1452] MNIST_QNN_zz_r5_d6_s43 ideal_shot q=5 shots=128 learned_mlp_pv auc=0.498
[1300/1452] MNIST_QNN_zz_r5_d6_s43 ideal_shot q=5 shots=128 learned_mlp_pv_mean_std auc=0.485
[1301/1452] MNIST_QNN_zz_r5_d6_s43 ideal_shot q=5 shots=128 learned_mlp_pv auc=0.442
[1302/1452] MNIST_QNN_zz_r5_d6_s43 ideal_shot q=5 shots=128 learned_mlp_pv_mean_std auc=0.517
[1303/1452] MNIST_QNN_zz_r5_d6_s43 ideal_shot q=5 shots=128 learned_mlp_pv auc=0.484
[1304/1452] MNIST_QNN_zz_r5_d6_s43 ideal_shot q=5 shots=128 learned_mlp_pv_mean_std auc=0.486
[1305/1452] MNIST_QNN_zz_r5_d6_s43 ideal_shot q=5 shots=128 learned_mlp_pv auc=0.505
[1306/1452] MNIST_QNN_zz_r5_d6_s43 ideal_shot q=5 shots=128 learned_mlp_pv_mean_std auc=0.492
[1307/1452] MNIST_QNN_zz_r5_d6_s43 ideal_shot q=5 shots=128 learned_mlp_pv auc=0.506
[1308/1452] MNIST_QNN_zz_r5_d6_s43 ideal_shot q=5 shots=128 learned_mlp_pv_mean_std auc=0.508
[1309/1452] MNIST_QNN_zz_r5_d6_s43 ideal_shot q=5 shots=128 learned_mlp_pv auc=0.509
[1310/1452] MNIST_QNN_zz_r5_d6_s43 ideal_shot q=5 shots=128 learned_mlp_pv_mean_std auc=0.552
[1311/1452] MNIST_QNN_zz_r5_d6_s43 ideal_shot q=5 shots=128 learned_mlp_pv auc=0.505
[1312/1452] MNIST_QNN_zz_r5_d6_s43 ideal_shot q=5 shots=128 learned_mlp_pv_mean_std auc=0.483
[1313/1452] MNIST_QNN_zz_r5_d6_s43 ideal_shot q=5 shots=512 learned_mlp_pv auc=0.500
[1314/1452] MNIST_QNN_zz_r5_d6_s43 ideal_shot q=5 shots=512 learned_mlp_pv_mean_std auc=0.533
[1315/1452] MNIST_QNN_zz_r5_d6_s43 ideal_shot q=5 shots=512 learned_mlp_pv auc=0.486
[1316/1452] MNIST_QNN_zz_r5_d6_s43 ideal_shot q=5 shots=512 learned_mlp_pv_mean_std auc=0.474
[1317/1452] MNIST_QNN_zz_r5_d6_s43 ideal_shot q=5 shots=512 learned_mlp_pv auc=0.519
[1318/1452] MNIST_QNN_zz_r5_d6_s43 ideal_shot q=5 shots=512 learned_mlp_pv_mean_std auc=0.486
[1319/1452] MNIST_QNN_zz_r5_d6_s43 ideal_shot q=5 shots=512 learned_mlp_pv auc=0.492
[1320/1452] MNIST_QNN_zz_r5_d6_s43 ideal_shot q=5 shots=512 learned_mlp_pv_mean_std auc=0.509
[1321/1452] MNIST_QNN_zz_r5_d6_s43 ideal_shot q=5 shots=512 learned_mlp_pv auc=0.477
[1322/1452] MNIST_QNN_zz_r5_d6_s43 ideal_shot q=5 shots=512 learned_mlp_pv_mean_std auc=0.508
[1323/1452] MNIST_QNN_zz_r5_d6_s43 ideal_shot q=5 shots=512 learned_mlp_pv auc=0.516
[1324/1452] MNIST_QNN_zz_r5_d6_s43 ideal_shot q=5 shots=512 learned_mlp_pv_mean_std auc=0.559
[1325/1452] MNIST_QNN_zz_r5_d6_s43 ideal_shot q=5 shots=512 learned_mlp_pv auc=0.549
[1326/1452] MNIST_QNN_zz_r5_d6_s43 ideal_shot q=5 shots=512 learned_mlp_pv_mean_std auc=0.515
[1327/1452] MNIST_QNN_zz_r5_d6_s43 ideal_shot q=5 shots=512 learned_mlp_pv auc=0.491
[1328/1452] MNIST_QNN_zz_r5_d6_s43 ideal_shot q=5 shots=512 learned_mlp_pv_mean_std auc=0.484
[1329/1452] MNIST_QNN_zz_r5_d6_s43 ideal_shot q=5 shots=512 learned_mlp_pv auc=0.526
[1330/1452] MNIST_QNN_zz_r5_d6_s43 ideal_shot q=5 shots=512 learned_mlp_pv_mean_std auc=0.470
[1331/1452] MNIST_QNN_zz_r5_d6_s43 ideal_shot q=5 shots=512 learned_mlp_pv auc=0.510
[1332/1452] MNIST_QNN_zz_r5_d6_s43 ideal_shot q=5 shots=512 learned_mlp_pv_mean_std auc=0.518
[1333/1452] MNIST_QNN_zz_r5_d6_s43 noisy_shot q=1 shots=128 learned_mlp_pv auc=0.518
[1334/1452] MNIST_QNN_zz_r5_d6_s43 noisy_shot q=1 shots=128 learned_mlp_pv_mean_std auc=0.500
[1335/1452] MNIST_QNN_zz_r5_d6_s43 noisy_shot q=1 shots=128 learned_mlp_pv auc=0.488
[1336/1452] MNIST_QNN_zz_r5_d6_s43 noisy_shot q=1 shots=128 learned_mlp_pv_mean_std auc=0.458
[1337/1452] MNIST_QNN_zz_r5_d6_s43 noisy_shot q=1 shots=128 learned_mlp_pv auc=0.536
[1338/1452] MNIST_QNN_zz_r5_d6_s43 noisy_shot q=1 shots=128 learned_mlp_pv_mean_std auc=0.478
[1339/1452] MNIST_QNN_zz_r5_d6_s43 noisy_shot q=1 shots=128 learned_mlp_pv auc=0.479
[1340/1452] MNIST_QNN_zz_r5_d6_s43 noisy_shot q=1 shots=128 learned_mlp_pv_mean_std auc=0.546
[1341/1452] MNIST_QNN_zz_r5_d6_s43 noisy_shot q=1 shots=128 learned_mlp_pv auc=0.491
[1342/1452] MNIST_QNN_zz_r5_d6_s43 noisy_shot q=1 shots=128 learned_mlp_pv_mean_std auc=0.486
[1343/1452] MNIST_QNN_zz_r5_d6_s43 noisy_shot q=1 shots=128 learned_mlp_pv auc=0.528
[1344/1452] MNIST_QNN_zz_r5_d6_s43 noisy_shot q=1 shots=128 learned_mlp_pv_mean_std auc=0.504
[1345/1452] MNIST_QNN_zz_r5_d6_s43 noisy_shot q=1 shots=128 learned_mlp_pv auc=0.510
[1346/1452] MNIST_QNN_zz_r5_d6_s43 noisy_shot q=1 shots=128 learned_mlp_pv_mean_std auc=0.517
[1347/1452] MNIST_QNN_zz_r5_d6_s43 noisy_shot q=1 shots=128 learned_mlp_pv auc=0.547
[1348/1452] MNIST_QNN_zz_r5_d6_s43 noisy_shot q=1 shots=128 learned_mlp_pv_mean_std auc=0.500
[1349/1452] MNIST_QNN_zz_r5_d6_s43 noisy_shot q=1 shots=128 learned_mlp_pv auc=0.452
[1350/1452] MNIST_QNN_zz_r5_d6_s43 noisy_shot q=1 shots=128 learned_mlp_pv_mean_std auc=0.471
[1351/1452] MNIST_QNN_zz_r5_d6_s43 noisy_shot q=1 shots=128 learned_mlp_pv auc=0.532
[1352/1452] MNIST_QNN_zz_r5_d6_s43 noisy_shot q=1 shots=128 learned_mlp_pv_mean_std auc=0.543
[1353/1452] MNIST_QNN_zz_r5_d6_s43 noisy_shot q=1 shots=2560 learned_mlp_pv auc=0.515
[1354/1452] MNIST_QNN_zz_r5_d6_s43 noisy_shot q=1 shots=2560 learned_mlp_pv_mean_std auc=0.506
[1355/1452] MNIST_QNN_zz_r5_d6_s43 noisy_shot q=1 shots=2560 learned_mlp_pv auc=0.510
[1356/1452] MNIST_QNN_zz_r5_d6_s43 noisy_shot q=1 shots=2560 learned_mlp_pv_mean_std auc=0.505
[1357/1452] MNIST_QNN_zz_r5_d6_s43 noisy_shot q=1 shots=2560 learned_mlp_pv auc=0.508
[1358/1452] MNIST_QNN_zz_r5_d6_s43 noisy_shot q=1 shots=2560 learned_mlp_pv_mean_std auc=0.507
[1359/1452] MNIST_QNN_zz_r5_d6_s43 noisy_shot q=1 shots=2560 learned_mlp_pv auc=0.466
[1360/1452] MNIST_QNN_zz_r5_d6_s43 noisy_shot q=1 shots=2560 learned_mlp_pv_mean_std auc=0.485
[1361/1452] MNIST_QNN_zz_r5_d6_s43 noisy_shot q=1 shots=2560 learned_mlp_pv auc=0.479
[1362/1452] MNIST_QNN_zz_r5_d6_s43 noisy_shot q=1 shots=2560 learned_mlp_pv_mean_std auc=0.488
[1363/1452] MNIST_QNN_zz_r5_d6_s43 noisy_shot q=1 shots=2560 learned_mlp_pv auc=0.498
[1364/1452] MNIST_QNN_zz_r5_d6_s43 noisy_shot q=1 shots=2560 learned_mlp_pv_mean_std auc=0.488
[1365/1452] MNIST_QNN_zz_r5_d6_s43 noisy_shot q=1 shots=2560 learned_mlp_pv auc=0.497
[1366/1452] MNIST_QNN_zz_r5_d6_s43 noisy_shot q=1 shots=2560 learned_mlp_pv_mean_std auc=0.500
[1367/1452] MNIST_QNN_zz_r5_d6_s43 noisy_shot q=1 shots=2560 learned_mlp_pv auc=0.449
[1368/1452] MNIST_QNN_zz_r5_d6_s43 noisy_shot q=1 shots=2560 learned_mlp_pv_mean_std auc=0.474
[1369/1452] MNIST_QNN_zz_r5_d6_s43 noisy_shot q=1 shots=2560 learned_mlp_pv auc=0.485
[1370/1452] MNIST_QNN_zz_r5_d6_s43 noisy_shot q=1 shots=2560 learned_mlp_pv_mean_std auc=0.520
[1371/1452] MNIST_QNN_zz_r5_d6_s43 noisy_shot q=1 shots=2560 learned_mlp_pv auc=0.474
[1372/1452] MNIST_QNN_zz_r5_d6_s43 noisy_shot q=1 shots=2560 learned_mlp_pv_mean_std auc=0.471
[1373/1452] MNIST_QNN_zz_r5_d6_s43 noisy_shot q=1 shots=512 learned_mlp_pv auc=0.516
[1374/1452] MNIST_QNN_zz_r5_d6_s43 noisy_shot q=1 shots=512 learned_mlp_pv_mean_std auc=0.533
[1375/1452] MNIST_QNN_zz_r5_d6_s43 noisy_shot q=1 shots=512 learned_mlp_pv auc=0.502
[1376/1452] MNIST_QNN_zz_r5_d6_s43 noisy_shot q=1 shots=512 learned_mlp_pv_mean_std auc=0.477
[1377/1452] MNIST_QNN_zz_r5_d6_s43 noisy_shot q=1 shots=512 learned_mlp_pv auc=0.547
[1378/1452] MNIST_QNN_zz_r5_d6_s43 noisy_shot q=1 shots=512 learned_mlp_pv_mean_std auc=0.508
[1379/1452] MNIST_QNN_zz_r5_d6_s43 noisy_shot q=1 shots=512 learned_mlp_pv auc=0.559
[1380/1452] MNIST_QNN_zz_r5_d6_s43 noisy_shot q=1 shots=512 learned_mlp_pv_mean_std auc=0.543
[1381/1452] MNIST_QNN_zz_r5_d6_s43 noisy_shot q=1 shots=512 learned_mlp_pv auc=0.502
[1382/1452] MNIST_QNN_zz_r5_d6_s43 noisy_shot q=1 shots=512 learned_mlp_pv_mean_std auc=0.473
[1383/1452] MNIST_QNN_zz_r5_d6_s43 noisy_shot q=1 shots=512 learned_mlp_pv auc=0.474
[1384/1452] MNIST_QNN_zz_r5_d6_s43 noisy_shot q=1 shots=512 learned_mlp_pv_mean_std auc=0.492
[1385/1452] MNIST_QNN_zz_r5_d6_s43 noisy_shot q=1 shots=512 learned_mlp_pv auc=0.518
[1386/1452] MNIST_QNN_zz_r5_d6_s43 noisy_shot q=1 shots=512 learned_mlp_pv_mean_std auc=0.520
[1387/1452] MNIST_QNN_zz_r5_d6_s43 noisy_shot q=1 shots=512 learned_mlp_pv auc=0.515
[1388/1452] MNIST_QNN_zz_r5_d6_s43 noisy_shot q=1 shots=512 learned_mlp_pv_mean_std auc=0.470
[1389/1452] MNIST_QNN_zz_r5_d6_s43 noisy_shot q=1 shots=512 learned_mlp_pv auc=0.526
[1390/1452] MNIST_QNN_zz_r5_d6_s43 noisy_shot q=1 shots=512 learned_mlp_pv_mean_std auc=0.501
[1391/1452] MNIST_QNN_zz_r5_d6_s43 noisy_shot q=1 shots=512 learned_mlp_pv auc=0.512
[1392/1452] MNIST_QNN_zz_r5_d6_s43 noisy_shot q=1 shots=512 learned_mlp_pv_mean_std auc=0.453
[1393/1452] MNIST_QNN_zz_r5_d6_s43 noisy_shot q=20 shots=128 learned_mlp_pv auc=0.518
[1394/1452] MNIST_QNN_zz_r5_d6_s43 noisy_shot q=20 shots=128 learned_mlp_pv_mean_std auc=0.494
[1395/1452] MNIST_QNN_zz_r5_d6_s43 noisy_shot q=20 shots=128 learned_mlp_pv auc=0.484
[1396/1452] MNIST_QNN_zz_r5_d6_s43 noisy_shot q=20 shots=128 learned_mlp_pv_mean_std auc=0.536
[1397/1452] MNIST_QNN_zz_r5_d6_s43 noisy_shot q=20 shots=128 learned_mlp_pv auc=0.482
[1398/1452] MNIST_QNN_zz_r5_d6_s43 noisy_shot q=20 shots=128 learned_mlp_pv_mean_std auc=0.497
[1399/1452] MNIST_QNN_zz_r5_d6_s43 noisy_shot q=20 shots=128 learned_mlp_pv auc=0.492
[1400/1452] MNIST_QNN_zz_r5_d6_s43 noisy_shot q=20 shots=128 learned_mlp_pv_mean_std auc=0.471
[1401/1452] MNIST_QNN_zz_r5_d6_s43 noisy_shot q=20 shots=128 learned_mlp_pv auc=0.474
[1402/1452] MNIST_QNN_zz_r5_d6_s43 noisy_shot q=20 shots=128 learned_mlp_pv_mean_std auc=0.497
[1403/1452] MNIST_QNN_zz_r5_d6_s43 noisy_shot q=20 shots=128 learned_mlp_pv auc=0.491
[1404/1452] MNIST_QNN_zz_r5_d6_s43 noisy_shot q=20 shots=128 learned_mlp_pv_mean_std auc=0.542
[1405/1452] MNIST_QNN_zz_r5_d6_s43 noisy_shot q=20 shots=128 learned_mlp_pv auc=0.525
[1406/1452] MNIST_QNN_zz_r5_d6_s43 noisy_shot q=20 shots=128 learned_mlp_pv_mean_std auc=0.470
[1407/1452] MNIST_QNN_zz_r5_d6_s43 noisy_shot q=20 shots=128 learned_mlp_pv auc=0.464
[1408/1452] MNIST_QNN_zz_r5_d6_s43 noisy_shot q=20 shots=128 learned_mlp_pv_mean_std auc=0.413
[1409/1452] MNIST_QNN_zz_r5_d6_s43 noisy_shot q=20 shots=128 learned_mlp_pv auc=0.519
[1410/1452] MNIST_QNN_zz_r5_d6_s43 noisy_shot q=20 shots=128 learned_mlp_pv_mean_std auc=0.532
[1411/1452] MNIST_QNN_zz_r5_d6_s43 noisy_shot q=20 shots=128 learned_mlp_pv auc=0.497
[1412/1452] MNIST_QNN_zz_r5_d6_s43 noisy_shot q=20 shots=128 learned_mlp_pv_mean_std auc=0.462
[1413/1452] MNIST_QNN_zz_r5_d6_s43 noisy_shot q=5 shots=128 learned_mlp_pv auc=0.526
[1414/1452] MNIST_QNN_zz_r5_d6_s43 noisy_shot q=5 shots=128 learned_mlp_pv_mean_std auc=0.510
[1415/1452] MNIST_QNN_zz_r5_d6_s43 noisy_shot q=5 shots=128 learned_mlp_pv auc=0.519
[1416/1452] MNIST_QNN_zz_r5_d6_s43 noisy_shot q=5 shots=128 learned_mlp_pv_mean_std auc=0.540
[1417/1452] MNIST_QNN_zz_r5_d6_s43 noisy_shot q=5 shots=128 learned_mlp_pv auc=0.516
[1418/1452] MNIST_QNN_zz_r5_d6_s43 noisy_shot q=5 shots=128 learned_mlp_pv_mean_std auc=0.482
[1419/1452] MNIST_QNN_zz_r5_d6_s43 noisy_shot q=5 shots=128 learned_mlp_pv auc=0.517
[1420/1452] MNIST_QNN_zz_r5_d6_s43 noisy_shot q=5 shots=128 learned_mlp_pv_mean_std auc=0.544
[1421/1452] MNIST_QNN_zz_r5_d6_s43 noisy_shot q=5 shots=128 learned_mlp_pv auc=0.502
[1422/1452] MNIST_QNN_zz_r5_d6_s43 noisy_shot q=5 shots=128 learned_mlp_pv_mean_std auc=0.470
[1423/1452] MNIST_QNN_zz_r5_d6_s43 noisy_shot q=5 shots=128 learned_mlp_pv auc=0.499
[1424/1452] MNIST_QNN_zz_r5_d6_s43 noisy_shot q=5 shots=128 learned_mlp_pv_mean_std auc=0.533
[1425/1452] MNIST_QNN_zz_r5_d6_s43 noisy_shot q=5 shots=128 learned_mlp_pv auc=0.518
[1426/1452] MNIST_QNN_zz_r5_d6_s43 noisy_shot q=5 shots=128 learned_mlp_pv_mean_std auc=0.534
[1427/1452] MNIST_QNN_zz_r5_d6_s43 noisy_shot q=5 shots=128 learned_mlp_pv auc=0.484
[1428/1452] MNIST_QNN_zz_r5_d6_s43 noisy_shot q=5 shots=128 learned_mlp_pv_mean_std auc=0.525
[1429/1452] MNIST_QNN_zz_r5_d6_s43 noisy_shot q=5 shots=128 learned_mlp_pv auc=0.483
[1430/1452] MNIST_QNN_zz_r5_d6_s43 noisy_shot q=5 shots=128 learned_mlp_pv_mean_std auc=0.500
[1431/1452] MNIST_QNN_zz_r5_d6_s43 noisy_shot q=5 shots=128 learned_mlp_pv auc=0.468
[1432/1452] MNIST_QNN_zz_r5_d6_s43 noisy_shot q=5 shots=128 learned_mlp_pv_mean_std auc=0.490
[1433/1452] MNIST_QNN_zz_r5_d6_s43 noisy_shot q=5 shots=512 learned_mlp_pv auc=0.480
[1434/1452] MNIST_QNN_zz_r5_d6_s43 noisy_shot q=5 shots=512 learned_mlp_pv_mean_std auc=0.507
[1435/1452] MNIST_QNN_zz_r5_d6_s43 noisy_shot q=5 shots=512 learned_mlp_pv auc=0.494
[1436/1452] MNIST_QNN_zz_r5_d6_s43 noisy_shot q=5 shots=512 learned_mlp_pv_mean_std auc=0.480
[1437/1452] MNIST_QNN_zz_r5_d6_s43 noisy_shot q=5 shots=512 learned_mlp_pv auc=0.496
[1438/1452] MNIST_QNN_zz_r5_d6_s43 noisy_shot q=5 shots=512 learned_mlp_pv_mean_std auc=0.495
[1439/1452] MNIST_QNN_zz_r5_d6_s43 noisy_shot q=5 shots=512 learned_mlp_pv auc=0.515
[1440/1452] MNIST_QNN_zz_r5_d6_s43 noisy_shot q=5 shots=512 learned_mlp_pv_mean_std auc=0.506
[1441/1452] MNIST_QNN_zz_r5_d6_s43 noisy_shot q=5 shots=512 learned_mlp_pv auc=0.495
[1442/1452] MNIST_QNN_zz_r5_d6_s43 noisy_shot q=5 shots=512 learned_mlp_pv_mean_std auc=0.493
[1443/1452] MNIST_QNN_zz_r5_d6_s43 noisy_shot q=5 shots=512 learned_mlp_pv auc=0.491
[1444/1452] MNIST_QNN_zz_r5_d6_s43 noisy_shot q=5 shots=512 learned_mlp_pv_mean_std auc=0.487
[1445/1452] MNIST_QNN_zz_r5_d6_s43 noisy_shot q=5 shots=512 learned_mlp_pv auc=0.485
[1446/1452] MNIST_QNN_zz_r5_d6_s43 noisy_shot q=5 shots=512 learned_mlp_pv_mean_std auc=0.533
[1447/1452] MNIST_QNN_zz_r5_d6_s43 noisy_shot q=5 shots=512 learned_mlp_pv auc=0.478
[1448/1452] MNIST_QNN_zz_r5_d6_s43 noisy_shot q=5 shots=512 learned_mlp_pv_mean_std auc=0.472
[1449/1452] MNIST_QNN_zz_r5_d6_s43 noisy_shot q=5 shots=512 learned_mlp_pv auc=0.490
[1450/1452] MNIST_QNN_zz_r5_d6_s43 noisy_shot q=5 shots=512 learned_mlp_pv_mean_std auc=0.488
[1451/1452] MNIST_QNN_zz_r5_d6_s43 noisy_shot q=5 shots=512 learned_mlp_pv auc=0.425
[1452/1452] MNIST_QNN_zz_r5_d6_s43 noisy_shot q=5 shots=512 learned_mlp_pv_mean_std auc=0.467
[OK] learned noisy MIA rows=1452 -> /home/najeeb/qurift_satML/satml_results/noise/n2_query_policy/learned_mia
[OK] N2 analysis -> /home/najeeb/qurift_satML/satml_results/noise/n2_query_policy/analysis
[STAGE] noise_n2_query_policy completed at 2026-08-23T11:39:32Z

[STAGE] noise_n3_lira started at 2026-08-23T11:39:32Z
{
  "n1": {
    "path": "satml_targets/noise/mnist_noise_n1_structural_targets.csv",
    "targets": 36
  },
  "n2": {
    "path": "satml_targets/noise/mnist_noise_n2_query_targets.csv",
    "targets": 6
  },
  "n3": {
    "path": "satml_targets/noise/mnist_noise_n3_lira_targets.csv",
    "targets": 6
  },
  "n3_label": {
    "path": "satml_targets/noise/mnist_noise_n3_label_targets.csv",
    "targets": 2
  }
}
[GPU PLAN] profile=lira mode=adaptive-auto concurrency=48
[GPU PLAN] gpu=0 used=42691MiB free=39229MiB util=0% safe_capacity=6 assigned_slots=6
[GPU PLAN] gpu=1 used=42691MiB free=39229MiB util=0% safe_capacity=6 assigned_slots=6
[GPU PLAN] gpu=2 used=0MiB free=81920MiB util=0% safe_capacity=6 assigned_slots=6
[GPU PLAN] gpu=3 used=0MiB free=81920MiB util=0% safe_capacity=6 assigned_slots=6
[GPU PLAN] gpu=4 used=0MiB free=81920MiB util=0% safe_capacity=6 assigned_slots=6
[GPU PLAN] gpu=5 used=0MiB free=81920MiB util=0% safe_capacity=6 assigned_slots=6
[GPU PLAN] gpu=6 used=42691MiB free=39229MiB util=0% safe_capacity=6 assigned_slots=6
[GPU PLAN] gpu=7 used=42691MiB free=39229MiB util=0% safe_capacity=6 assigned_slots=6
GPUs=[0, 1, 2, 3, 4, 5, 6, 7]; jobs_per_gpu=auto; concurrency=48; cells=2; targets=6
[1/32] train_eff_su2_r1_d6_wd0_ref000 -> ok (gpu=0, sec=388.3)
[2/32] train_eff_su2_r1_d6_wd0_ref015 -> ok (gpu=7, sec=388.4)
[3/32] train_eff_su2_r1_d6_wd0_ref008 -> ok (gpu=0, sec=395.2)
[4/32] train_eff_su2_r1_d6_wd0_ref002 -> ok (gpu=2, sec=396.7)
[5/32] train_eff_su2_r1_d6_wd0_ref010 -> ok (gpu=2, sec=397.0)
[6/32] train_eff_su2_r1_d6_wd0_ref014 -> ok (gpu=6, sec=397.6)
[7/32] train_eff_su2_r1_d6_wd0_ref012 -> ok (gpu=4, sec=398.7)
[8/32] train_eff_su2_r1_d6_wd0_ref003 -> ok (gpu=3, sec=400.9)
[9/32] train_eff_su2_r1_d6_wd0_ref004 -> ok (gpu=4, sec=402.3)
[10/32] train_eff_su2_r1_d6_wd0_ref013 -> ok (gpu=5, sec=402.4)
[11/32] train_eff_su2_r1_d6_wd0_ref005 -> ok (gpu=5, sec=403.2)
[12/32] train_eff_su2_r1_d6_wd0_ref001 -> ok (gpu=1, sec=404.1)
[13/32] train_eff_su2_r1_d6_wd0_ref007 -> ok (gpu=7, sec=405.3)
[14/32] train_eff_su2_r1_d6_wd0_ref006 -> ok (gpu=6, sec=406.6)
[15/32] train_eff_su2_r1_d6_wd0_ref011 -> ok (gpu=3, sec=409.4)
[16/32] train_eff_su2_r1_d6_wd0_ref009 -> ok (gpu=1, sec=410.5)
[17/32] train_zz_r5_d6_wd0_ref005 -> ok (gpu=5, sec=1077.9)
[18/32] train_zz_r5_d6_wd0_ref010 -> ok (gpu=2, sec=1078.8)
[19/32] train_zz_r5_d6_wd0_ref009 -> ok (gpu=1, sec=1083.7)
[20/32] train_zz_r5_d6_wd0_ref003 -> ok (gpu=3, sec=1086.3)
[21/32] train_zz_r5_d6_wd0_ref013 -> ok (gpu=5, sec=1086.5)
[22/32] train_zz_r5_d6_wd0_ref002 -> ok (gpu=2, sec=1090.7)
[23/32] train_zz_r5_d6_wd0_ref001 -> ok (gpu=1, sec=1091.1)
[24/32] train_zz_r5_d6_wd0_ref014 -> ok (gpu=6, sec=1099.1)
[25/32] train_zz_r5_d6_wd0_ref006 -> ok (gpu=6, sec=1100.1)
[26/32] train_zz_r5_d6_wd0_ref012 -> ok (gpu=4, sec=1100.2)
[27/32] train_zz_r5_d6_wd0_ref011 -> ok (gpu=3, sec=1100.4)
[28/32] train_zz_r5_d6_wd0_ref015 -> ok (gpu=7, sec=1105.3)
[29/32] train_zz_r5_d6_wd0_ref004 -> ok (gpu=4, sec=1108.5)
[30/32] train_zz_r5_d6_wd0_ref008 -> ok (gpu=0, sec=1109.2)
[31/32] train_zz_r5_d6_wd0_ref007 -> ok (gpu=7, sec=1112.5)
[32/32] train_zz_r5_d6_wd0_ref000 -> ok (gpu=0, sec=1119.2)
[1/6] score_MNIST_QNN_eff_su2_r1_d6_s45 -> ok (gpu=2, sec=16.0)
[2/6] score_MNIST_QNN_eff_su2_r1_d6_s43 -> ok (gpu=0, sec=16.3)
[3/6] score_MNIST_QNN_eff_su2_r1_d6_s44 -> ok (gpu=1, sec=17.7)
[4/6] score_MNIST_QNN_zz_r5_d6_s44 -> ok (gpu=4, sec=21.7)
[5/6] score_MNIST_QNN_zz_r5_d6_s43 -> ok (gpu=3, sec=22.3)
[6/6] score_MNIST_QNN_zz_r5_d6_s45 -> ok (gpu=5, sec=23.2)
[OK] raw=30 summary=10 -> /home/najeeb/qurift_satML/satml_results/noise/n3_attack_breadth/lira_references
[GPU PLAN] profile=noisy_lira mode=adaptive-auto concurrency=6
[GPU PLAN] gpu=0 used=42691MiB free=39229MiB util=0% safe_capacity=1 assigned_slots=1
[GPU PLAN] gpu=1 used=42691MiB free=39229MiB util=0% safe_capacity=1 assigned_slots=1
[GPU PLAN] gpu=2 used=0MiB free=81920MiB util=0% safe_capacity=1 assigned_slots=1
[GPU PLAN] gpu=3 used=0MiB free=81920MiB util=0% safe_capacity=1 assigned_slots=1
[GPU PLAN] gpu=4 used=0MiB free=81920MiB util=0% safe_capacity=1 assigned_slots=1
[GPU PLAN] gpu=5 used=0MiB free=81920MiB util=0% safe_capacity=1 assigned_slots=1
[GPU PLAN] gpu=6 used=42691MiB free=39229MiB util=0% safe_capacity=1 assigned_slots=0
[GPU PLAN] gpu=7 used=42691MiB free=39229MiB util=0% safe_capacity=1 assigned_slots=0
[1/6] noisy_lira_MNIST_QNN_eff_su2_r1_d6_s44 -> ok (gpu=1, sec=3472.6)
[2/6] noisy_lira_MNIST_QNN_eff_su2_r1_d6_s45 -> ok (gpu=2, sec=3509.0)
[3/6] noisy_lira_MNIST_QNN_eff_su2_r1_d6_s43 -> ok (gpu=0, sec=3654.0)
[4/6] noisy_lira_MNIST_QNN_zz_r5_d6_s43 -> ok (gpu=3, sec=8437.7)
[5/6] noisy_lira_MNIST_QNN_zz_r5_d6_s44 -> ok (gpu=4, sec=8557.2)
[6/6] noisy_lira_MNIST_QNN_zz_r5_d6_s45 -> ok (gpu=5, sec=8604.0)
[OK] noisy LiRA targets=6 rows=300
[OK] N3 LiRA contrasts -> /home/najeeb/qurift_satML/satml_results/noise/n3_attack_breadth/analysis
[INFO] Noisy label-only remains an optional, separately budgeted pilot.
[STAGE] noise_n3_lira completed at 2026-08-23T14:22:08Z
[SKIP] Optional noisy label-only pilot was not requested.

[STAGE] paper_artifacts started at 2026-08-23T14:22:08Z
[OK] loaded=20 missing=0 errors=0 files=45
Tables:  satml_results/paper_artifacts/tables/satml_tables.md
LaTeX:   satml_results/paper_artifacts/tables/satml_tables.tex
Figures: satml_results/paper_artifacts/figures/
[STAGE] paper_artifacts completed at 2026-08-23T14:22:23Z

[STAGE] repository_verification started at 2026-08-23T14:22:23Z
[2026-08-23 22:22:29.120] Only use the front 40 images as TRAIN set.
[2026-08-23 22:22:29.126] Only use the front 20 images as VALID set.
[2026-08-23 22:22:29.131] Only use the front 40 images as TEST set.
[2026-08-23 22:22:29.150] Only use the front 40 images as TRAIN set.
[2026-08-23 22:22:29.155] Only use the front 20 images as VALID set.
[2026-08-23 22:22:29.160] Only use the front 40 images as TEST set.
[2026-08-23 22:22:29.178] Only use the front 40 images as TRAIN set.
[2026-08-23 22:22:29.182] Only use the front 20 images as VALID set.
[2026-08-23 22:22:29.187] Only use the front 40 images as TEST set.
/home/najeeb/.conda/envs/tq39_vv2/lib/python3.9/site-packages/qiskit_aer/noise/errors/quantum_error.py:322: DeprecationWarning: The property ``qiskit.circuit.instruction.Instruction.condition`` is deprecated as of qiskit 1.3.0. It will be removed in 2.0.0.
  condition = getattr(inst.operation, "condition", None)
/home/najeeb/qurift_satML/reviewer_tools/qurift_qiskit_bridge.py:334: DeprecationWarning: from_dict has been deprecated as of qiskit-aer 0.15.0 and will be removed no earlier than 3 months from that release date.
  noise_model = NoiseModel.from_dict(noise_dictionary)
[OK] N3 LiRA contrasts -> /tmp/tmpm51611cx/analysis
----------------------------------------------------------------------
Ran 50 tests in 16.970s

OK
warning: CRLF will be replaced by LF in satml_results/credit_factorial/learned_mia/launcher_status.csv.
The file will have its original line endings in your working directory
[STAGE] repository_verification completed at 2026-08-23T14:22:47Z
[DONE] All required SaTML stages completed. Master log: satml_logs/satml_all_remaining_20260823T090236Z.log
