target_id,training_defense,defense,record_id,membership,true_label,predicted_label,probability_0,probability_1
PETS_CREDIT_high_eff_su2_r5_d6_b02__none,none,none,26b6a5da65cdaeb8e184,1,0,0,0.5770334005355835,0.4229665696620941
PETS_CREDIT_high_eff_su2_r5_d6_b02__none,none,none,aaca4c9adb936209ae4f,1,0,0,0.8132514357566833,0.18674859404563904
PETS_CREDIT_high_eff_su2_r5_d6_b02__none,none,none,5b4cdc8a84b914138d2b,1,0,0,0.9594224691390991,0.04057753458619118
PETS_CREDIT_high_eff_su2_r5_d6_b02__none,none,none,d2c3d34fb102babfa194,1,0,0,0.6577528119087219,0.3422471880912781
PETS_CREDIT_high_eff_su2_r5_d6_b02__none,none,none,26f8e0268dd95cba45fd,1,0,0,0.6608209013938904,0.3391791880130768
PETS_CREDIT_high_eff_su2_r5_d6_b02__none,none,none,877b93e6aa8797d2cd0b,1,1,0,0.8597707748413086,0.1402292400598526
PETS_CREDIT_high_eff_su2_r5_d6_b02__none,none,none,e0b33cacbadcac9f3d26,1,0,0,0.7271822690963745,0.2728177309036255
PETS_CREDIT_high_eff_su2_r5_d6_b02__none,none,none,df16a30c67111933fccc,1,1,1,0.21805554628372192,0.7819444537162781
PETS_CREDIT_high_eff_su2_r5_d6_b02__none,none,none,7105743f10682ac4a1cc,1,1,0,0.571997344493866,0.42800265550613403
PETS_CREDIT_high_eff_su2_r5_d6_b02__none,none,none,0ffd3e39286157b02ad4,1,0,0,0.9199590682983398,0.08004097640514374
PETS_CREDIT_high_eff_su2_r5_d6_b02__none,none,none,e4890079e5df86b99388,1,0,0,0.7383732795715332,0.2616266906261444
PETS_CREDIT_high_eff_su2_r5_d6_b02__none,none,none,e07f107ec2deef516f4f,1,0,0,0.7120964527130127,0.2879035770893097
PETS_CREDIT_high_eff_su2_r5_d6_b02__none,none,none,c91e3b5a028c06ad1f92,1,0,0,0.7860656380653381,0.21393433213233948
PETS_CREDIT_high_eff_su2_r5_d6_b02__none,none,none,d606f1831b9734bb90e1,1,0,0,0.8529196977615356,0.14708025753498077
PETS_CREDIT_high_eff_su2_r5_d6_b02__none,none,none,c3a59fc71e20658f6341,1,0,0,0.8368363380432129,0.16316361725330353
PETS_CREDIT_high_eff_su2_r5_d6_b02__none,none,none,78edbc6916b12b570866,1,1,0,0.7211124300956726,0.2788875997066498
PETS_CREDIT_high_eff_su2_r5_d6_b02__none,none,none,a62d80fa1349c54517ce,1,0,0,0.9874179363250732,0.012582069262862206
PETS_CREDIT_high_eff_su2_r5_d6_b02__none,none,none,46dbe6ca2f4531385a05,1,0,0,0.5465546250343323,0.4534453749656677
PETS_CREDIT_high_eff_su2_r5_d6_b02__none,none,none,8b629ccf361c8da0309f,1,0,0,0.9583451151847839,0.041654907166957855
PETS_CREDIT_high_eff_su2_r5_d6_b02__none,none,none,4dde24d981dd8981f71f,1,1,0,0.6420603394508362,0.35793963074684143
PETS_CREDIT_high_eff_su2_r5_d6_b02__none,none,none,ab00e756b29c98fd6674,1,0,0,0.9960963726043701,0.0039036208763718605
PETS_CREDIT_high_eff_su2_r5_d6_b02__none,none,none,196d92dfff0523a23237,1,0,0,0.7303459644317627,0.26965394616127014
PETS_CREDIT_high_eff_su2_r5_d6_b02__none,none,none,988a4b4dcb53bafffb01,1,0,0,0.9422414898872375,0.05775848776102066
PETS_CREDIT_high_eff_su2_r5_d6_b02__none,none,none,c8a7bd1cd35ba1e89b80,1,0,0,0.8219143152236938,0.17808566987514496
PETS_CREDIT_high_eff_su2_r5_d6_b02__none,none,none,6093ce809aa33ce6693b,1,0,0,0.9768213629722595,0.023178650066256523
PETS_CREDIT_high_eff_su2_r5_d6_b02__none,none,none,00405a37dd709b2d51a8,1,0,0,0.7813169360160828,0.21868301928043365
PETS_CREDIT_high_eff_su2_r5_d6_b02__none,none,none,aaff47c50ec280d97eda,1,0,0,0.6648130416870117,0.33518698811531067
PETS_CREDIT_high_eff_su2_r5_d6_b02__none,none,none,a6dfd0dc4ba32e6c00e6,1,0,0,0.7844022512435913,0.2155977040529251
PETS_CREDIT_high_eff_su2_r5_d6_b02__none,none,none,75e559f2a9928f47e4ef,1,0,0,0.9343637228012085,0.06563626974821091
PETS_CREDIT_high_eff_su2_r5_d6_b02__none,none,none,f1068bd99413d081a271,1,0,0,0.7531412839889526,0.24685874581336975
PETS_CREDIT_high_eff_su2_r5_d6_b02__none,none,none,58cb80b3d0535cb4343a,1,0,0,0.7322506904602051,0.2677493095397949
PETS_CREDIT_high_eff_su2_r5_d6_b02__none,none,none,5cb75d859aa2d3df94b0,1,0,0,0.8937132954597473,0.10628675669431686
PETS_CREDIT_high_eff_su2_r5_d6_b02__none,none,none,6e144bf85d42e3ac6fae,1,1,0,0.6502959132194519,0.3497040569782257
PETS_CREDIT_high_eff_su2_r5_d6_b02__none,none,none,e8613e68d8ca2ea9e7fd,1,0,0,0.7336703538894653,0.26632970571517944
PETS_CREDIT_high_eff_su2_r5_d6_b02__none,none,none,0674ce029ebb21d32e38,1,1,1,0.4877469837665558,0.5122530460357666
PETS_CREDIT_high_eff_su2_r5_d6_b02__none,none,none,b0f47ae4b56b3aa4d111,1,0,0,0.733780562877655,0.26621943712234497
PETS_CREDIT_high_eff_su2_r5_d6_b02__none,none,none,e76cce60bc3507d0d7b2,1,0,0,0.6261700987815857,0.3738298714160919
PETS_CREDIT_high_eff_su2_r5_d6_b02__none,none,none,72bf8a475d5aa5538cd3,1,0,0,0.6072874069213867,0.3927125930786133
PETS_CREDIT_high_eff_su2_r5_d6_b02__none,none,none,f3ca91dd8e5aba8d83d9,1,1,0,0.5514408946037292,0.44855913519859314
PETS_CREDIT_high_eff_su2_r5_d6_b02__none,none,none,70d271c728323ea28d90,1,0,0,0.993058443069458,0.006941544357687235
PETS_CREDIT_high_eff_su2_r5_d6_b02__none,none,none,a55e4e1cd3465563efc4,1,0,0,0.6751945614814758,0.3248053789138794
PETS_CREDIT_high_eff_su2_r5_d6_b02__none,none,none,4def6ca8e27be84aeb54,1,1,0,0.5015794038772583,0.4984205663204193
PETS_CREDIT_high_eff_su2_r5_d6_b02__none,none,none,347bd04364dce3c5342e,1,0,0,0.6739469766616821,0.32605308294296265
PETS_CREDIT_high_eff_su2_r5_d6_b02__none,none,none,bf465d63c434358f77e4,1,0,0,0.7367796301841736,0.26322048902511597
PETS_CREDIT_high_eff_su2_r5_d6_b02__none,none,none,c9e5785745f04cec0d37,1,0,0,0.9932558536529541,0.006744135171175003
PETS_CREDIT_high_eff_su2_r5_d6_b02__none,none,none,c536d8f2ff559c7756e7,1,0,0,0.9349117875099182,0.06508821249008179
PETS_CREDIT_high_eff_su2_r5_d6_b02__none,none,none,f0c1637eb1fa5204c581,1,0,0,0.6909698247909546,0.3090301752090454
PETS_CREDIT_high_eff_su2_r5_d6_b02__none,none,none,bfa7b1aca5d187760a16,1,0,0,0.6401070952415466,0.35989293456077576
PETS_CREDIT_high_eff_su2_r5_d6_b02__none,none,none,cec5a851be4f6e7c0887,1,1,0,0.7713792324066162,0.22862079739570618
PETS_CREDIT_high_eff_su2_r5_d6_b02__none,none,none,619b46d6086e6aad3d84,1,0,0,0.9040944576263428,0.09590555727481842
PETS_CREDIT_high_eff_su2_r5_d6_b02__none,none,none,1dd9f8371cdcaa1758b3,1,0,0,0.8732318878173828,0.126768097281456
PETS_CREDIT_high_eff_su2_r5_d6_b02__none,none,none,a4fc6b0808359418c098,1,0,0,0.5871658325195312,0.41283416748046875
PETS_CREDIT_high_eff_su2_r5_d6_b02__none,none,none,073dbbd888ef767c75de,1,0,0,0.9543966054916382,0.0456034280359745
PETS_CREDIT_high_eff_su2_r5_d6_b02__none,none,none,7c7fe88dcec806be29da,1,0,0,0.9292994737625122,0.07070054858922958
PETS_CREDIT_high_eff_su2_r5_d6_b02__none,none,none,fbbb0f469e10095b9cc1,1,1,0,0.7962207794189453,0.2037791907787323
PETS_CREDIT_high_eff_su2_r5_d6_b02__none,none,none,c0daa10532a8487ca803,1,1,0,0.5876716375350952,0.4123283624649048
PETS_CREDIT_high_eff_su2_r5_d6_b02__none,none,none,bacc1c25b75ae0e1b780,1,0,0,0.9939663410186768,0.006033627316355705
PETS_CREDIT_high_eff_su2_r5_d6_b02__none,none,none,1313972ddf1c6e9eb2c9,1,1,0,0.6339260935783386,0.366073876619339
PETS_CREDIT_high_eff_su2_r5_d6_b02__none,none,none,1819fe5c399a17316fee,1,0,0,0.9161490201950073,0.08385109156370163
PETS_CREDIT_high_eff_su2_r5_d6_b02__none,none,none,70e46e61db439dd8e308,1,0,0,0.7375774383544922,0.2624225914478302
PETS_CREDIT_high_eff_su2_r5_d6_b02__none,none,none,01743ddf295d8f6b5a46,1,1,0,0.7208594679832458,0.27914053201675415
PETS_CREDIT_high_eff_su2_r5_d6_b02__none,none,none,a5628044ec0880a52490,1,1,1,0.44022804498672485,0.5597719550132751
PETS_CREDIT_high_eff_su2_r5_d6_b02__none,none,none,6a75db22a6087741eef2,1,0,0,0.751219630241394,0.24878033995628357
PETS_CREDIT_high_eff_su2_r5_d6_b02__none,none,none,92516ca36411fad7d9c9,1,0,0,0.7738552689552307,0.22614477574825287
PETS_CREDIT_high_eff_su2_r5_d6_b02__none,none,none,787c85a205e13b242012,1,0,0,0.6295895576477051,0.3704104721546173
PETS_CREDIT_high_eff_su2_r5_d6_b02__none,none,none,8d5ec20ca179ede5da84,1,0,0,0.6914623379707336,0.30853766202926636
PETS_CREDIT_high_eff_su2_r5_d6_b02__none,none,none,973b363916938dbaaf31,1,0,0,0.7525464296340942,0.24745357036590576
PETS_CREDIT_high_eff_su2_r5_d6_b02__none,none,none,e3e282f64bed70282149,1,0,0,0.9201748967170715,0.07982505857944489
PETS_CREDIT_high_eff_su2_r5_d6_b02__none,none,none,c50e57ca37a497df3a13,1,0,0,0.8886876702308655,0.11131235957145691
PETS_CREDIT_high_eff_su2_r5_d6_b02__none,none,none,6c0e663b6848864dc914,1,1,0,0.5972622632980347,0.40273773670196533
PETS_CREDIT_high_eff_su2_r5_d6_b02__none,none,none,ac5f40db5db91c18a83b,1,0,0,0.9503704905509949,0.04962944611907005
PETS_CREDIT_high_eff_su2_r5_d6_b02__none,none,none,072f10d00d9156aab9f2,1,0,0,0.9841127991676331,0.015887193381786346
PETS_CREDIT_high_eff_su2_r5_d6_b02__none,none,none,526cee77dcfea7ee8138,1,0,0,0.9716020822525024,0.02839791588485241
PETS_CREDIT_high_eff_su2_r5_d6_b02__none,none,none,25282b20e9c64236ec4d,1,0,0,0.9373624920845032,0.06263753771781921
PETS_CREDIT_high_eff_su2_r5_d6_b02__none,none,none,14ee67db08b82edf07a3,1,0,0,0.7578556537628174,0.24214434623718262
PETS_CREDIT_high_eff_su2_r5_d6_b02__none,none,none,eb849709f12c60edd50b,1,0,0,0.8846957683563232,0.11530429124832153
PETS_CREDIT_high_eff_su2_r5_d6_b02__none,none,none,b91b8614dbf7826436cf,1,0,0,0.9703490734100342,0.029650913551449776
PETS_CREDIT_high_eff_su2_r5_d6_b02__none,none,none,8f95586c1c6fb3f2a750,1,0,0,0.9933948516845703,0.0066050938330590725
PETS_CREDIT_high_eff_su2_r5_d6_b02__none,none,none,5e48c11768cb070aefe6,1,1,0,0.8209300637245178,0.17906992137432098
PETS_CREDIT_high_eff_su2_r5_d6_b02__none,none,none,7ce1135db7560daf7e70,1,0,0,0.827447235584259,0.17255271971225739
PETS_CREDIT_high_eff_su2_r5_d6_b02__none,none,none,f332cc500c7a62b19024,1,1,0,0.5281243920326233,0.4718755781650543
PETS_CREDIT_high_eff_su2_r5_d6_b02__none,none,none,192395141a760795b97a,1,0,0,0.8337485194206238,0.16625148057937622
PETS_CREDIT_high_eff_su2_r5_d6_b02__none,none,none,9fc5fbe55717fe6862a4,1,0,0,0.9442905187606812,0.05570952221751213
PETS_CREDIT_high_eff_su2_r5_d6_b02__none,none,none,8fe0ac3103b5acc00cdc,1,0,0,0.9740360975265503,0.025963906198740005
PETS_CREDIT_high_eff_su2_r5_d6_b02__none,none,none,d46f8b9f4d57f90db615,1,1,0,0.5660327672958374,0.4339672029018402
PETS_CREDIT_high_eff_su2_r5_d6_b02__none,none,none,11ccb38ba9653d61e950,1,0,0,0.7699486613273621,0.23005138337612152
PETS_CREDIT_high_eff_su2_r5_d6_b02__none,none,none,b84ff32b3c14263b0dd5,1,0,0,0.9353156685829163,0.06468428671360016
PETS_CREDIT_high_eff_su2_r5_d6_b02__none,none,none,ab97fae957e08270ffce,1,0,0,0.9757764935493469,0.02422351762652397
PETS_CREDIT_high_eff_su2_r5_d6_b02__none,none,none,6af56a8b2e15acc1e086,1,0,0,0.961301863193512,0.0386982262134552
PETS_CREDIT_high_eff_su2_r5_d6_b02__none,none,none,07d4d260e30d7cf5b71f,1,1,1,0.13329645991325378,0.8667036294937134
PETS_CREDIT_high_eff_su2_r5_d6_b02__none,none,none,fb40711278aca2b43c69,1,0,0,0.972541332244873,0.027458634227514267
PETS_CREDIT_high_eff_su2_r5_d6_b02__none,none,none,1c7eb9e50fc08e5f8cf0,1,0,0,0.6905235648155212,0.30947646498680115
PETS_CREDIT_high_eff_su2_r5_d6_b02__none,none,none,5383d08662564ec7ab0d,1,0,0,0.9600163102149963,0.039983730763196945
PETS_CREDIT_high_eff_su2_r5_d6_b02__none,none,none,006df97946d214e0111f,1,0,0,0.5782808661460876,0.42171913385391235
PETS_CREDIT_high_eff_su2_r5_d6_b02__none,none,none,6f47824d3363865de61a,1,0,0,0.955310046672821,0.04468994587659836
PETS_CREDIT_high_eff_su2_r5_d6_b02__none,none,none,3ac7ac4bc65a6ffec899,1,1,0,0.6462347507476807,0.3537652790546417
PETS_CREDIT_high_eff_su2_r5_d6_b02__none,none,none,29a333df83b13ef7fea3,1,1,0,0.7773366570472717,0.22266341745853424
PETS_CREDIT_high_eff_su2_r5_d6_b02__none,none,none,39f8154e08ad72170108,1,0,0,0.8576339483261108,0.14236602187156677
PETS_CREDIT_high_eff_su2_r5_d6_b02__none,none,none,25bed8f88a506c4cc366,1,0,0,0.9197478294372559,0.08025212585926056
PETS_CREDIT_high_eff_su2_r5_d6_b02__none,none,none,c75c31af2389cc3a594f,1,0,1,0.4796203374862671,0.5203796625137329
PETS_CREDIT_high_eff_su2_r5_d6_b02__none,none,none,cbee3c9401120608f2ba,0,0,0,0.9968315958976746,0.003168403171002865
PETS_CREDIT_high_eff_su2_r5_d6_b02__none,none,none,1c3e9f95fcefe2e9f555,0,0,0,0.8685412406921387,0.13145874440670013
PETS_CREDIT_high_eff_su2_r5_d6_b02__none,none,none,47955bec8c8c8b0d6ecd,0,0,0,0.7658114433288574,0.2341885268688202
PETS_CREDIT_high_eff_su2_r5_d6_b02__none,none,none,925cfc4ba01b802e6fea,0,0,0,0.6101514101028442,0.3898486793041229
PETS_CREDIT_high_eff_su2_r5_d6_b02__none,none,none,cf2b344b8a066b41a298,0,0,0,0.9611748456954956,0.038825131952762604
PETS_CREDIT_high_eff_su2_r5_d6_b02__none,none,none,44ce9ab8bd9bd704ad04,0,1,0,0.9296150207519531,0.07038495689630508
PETS_CREDIT_high_eff_su2_r5_d6_b02__none,none,none,d2f0fdb253d121d24db4,0,0,0,0.8263241648674011,0.17367592453956604
PETS_CREDIT_high_eff_su2_r5_d6_b02__none,none,none,11958d422323d7de5da8,0,1,1,0.4355579912662506,0.5644420385360718
PETS_CREDIT_high_eff_su2_r5_d6_b02__none,none,none,ee145a9d7a0dd082d343,0,1,1,0.15950581431388855,0.8404942154884338
PETS_CREDIT_high_eff_su2_r5_d6_b02__none,none,none,3bb90fb9f41d8cd780fb,0,0,0,0.8452816605567932,0.15471835434436798
PETS_CREDIT_high_eff_su2_r5_d6_b02__none,none,none,1df211fa59aa1d5f8ac4,0,0,0,0.9657989740371704,0.03420102223753929
PETS_CREDIT_high_eff_su2_r5_d6_b02__none,none,none,864edb9124799ed14941,0,0,0,0.9579796195030212,0.04202042147517204
PETS_CREDIT_high_eff_su2_r5_d6_b02__none,none,none,71a5cf1405bd2714ab77,0,0,0,0.6037605404853821,0.3962394595146179
PETS_CREDIT_high_eff_su2_r5_d6_b02__none,none,none,ec314aa70302252ef357,0,0,0,0.5705674290657043,0.42943257093429565
PETS_CREDIT_high_eff_su2_r5_d6_b02__none,none,none,07849266aa8f190a63f2,0,0,0,0.5851072669029236,0.4148927330970764
PETS_CREDIT_high_eff_su2_r5_d6_b02__none,none,none,9905912b0d924a7b3ca5,0,1,0,0.7730918526649475,0.2269081324338913
PETS_CREDIT_high_eff_su2_r5_d6_b02__none,none,none,10906783256975cefbbb,0,0,0,0.8746300339698792,0.12536992132663727
PETS_CREDIT_high_eff_su2_r5_d6_b02__none,none,none,7ff0c461042567dfe447,0,0,0,0.7468517422676086,0.25314825773239136
PETS_CREDIT_high_eff_su2_r5_d6_b02__none,none,none,34cd383be85fcb382ea6,0,0,0,0.7561304569244385,0.24386955797672272
PETS_CREDIT_high_eff_su2_r5_d6_b02__none,none,none,da601eb1fce6bb696bf8,0,1,0,0.9994828104972839,0.0005171662196516991
PETS_CREDIT_high_eff_su2_r5_d6_b02__none,none,none,555680807658211b545c,0,0,0,0.7377166748046875,0.2622833847999573
PETS_CREDIT_high_eff_su2_r5_d6_b02__none,none,none,7dbb07f72b26cae53e10,0,0,1,0.2935786843299866,0.7064213752746582
PETS_CREDIT_high_eff_su2_r5_d6_b02__none,none,none,3692ecea3b8cc152ac74,0,0,0,0.5099104642868042,0.4900895357131958
PETS_CREDIT_high_eff_su2_r5_d6_b02__none,none,none,685e2ecf9c9c42d485ce,0,0,0,0.81085205078125,0.18914799392223358
PETS_CREDIT_high_eff_su2_r5_d6_b02__none,none,none,3a38d3079b87b1aa292b,0,0,0,0.995030403137207,0.004969627130776644
PETS_CREDIT_high_eff_su2_r5_d6_b02__none,none,none,4a088c612fee9ef613b8,0,0,0,0.8494037985801697,0.15059621632099152
PETS_CREDIT_high_eff_su2_r5_d6_b02__none,none,none,e662ed68ef3f99bd0ed7,0,0,0,0.7905651330947876,0.2094348818063736
PETS_CREDIT_high_eff_su2_r5_d6_b02__none,none,none,baf60f731977893683c9,0,0,0,0.8308587670326233,0.16914132237434387
PETS_CREDIT_high_eff_su2_r5_d6_b02__none,none,none,af85096b9d68ea111a40,0,0,0,0.9883600473403931,0.01163992565125227
PETS_CREDIT_high_eff_su2_r5_d6_b02__none,none,none,948f6a099d3241c9a1ec,0,0,0,0.9108535647392273,0.08914638310670853
PETS_CREDIT_high_eff_su2_r5_d6_b02__none,none,none,5f65233bde8585faedb5,0,0,0,0.7506482005119324,0.24935181438922882
PETS_CREDIT_high_eff_su2_r5_d6_b02__none,none,none,5acd05c508162abd3783,0,0,0,0.8276643753051758,0.1723356693983078
PETS_CREDIT_high_eff_su2_r5_d6_b02__none,none,none,349b65ac22308893e3ec,0,1,0,0.764845073223114,0.2351549118757248
PETS_CREDIT_high_eff_su2_r5_d6_b02__none,none,none,1deef9da8e2ee98331dc,0,0,1,0.4864515960216522,0.5135483741760254
PETS_CREDIT_high_eff_su2_r5_d6_b02__none,none,none,ccba09c993c170faae38,0,1,1,0.4115240275859833,0.5884759426116943
PETS_CREDIT_high_eff_su2_r5_d6_b02__none,none,none,4882932be60b65305c84,0,0,0,0.760199248790741,0.23980079591274261
PETS_CREDIT_high_eff_su2_r5_d6_b02__none,none,none,b244235968526b38867d,0,0,0,0.9843649864196777,0.01563495770096779
PETS_CREDIT_high_eff_su2_r5_d6_b02__none,none,none,c3a927c03687d1a576df,0,0,0,0.9782136082649231,0.021786466240882874
PETS_CREDIT_high_eff_su2_r5_d6_b02__none,none,none,fa1f9563eb089a4c05eb,0,1,0,0.8822025060653687,0.11779753118753433
PETS_CREDIT_high_eff_su2_r5_d6_b02__none,none,none,555c4408bbd55bf9a01b,0,0,0,0.9942997097969055,0.005700390320271254
PETS_CREDIT_high_eff_su2_r5_d6_b02__none,none,none,6bb3006cf2b47b29d044,0,0,0,0.6397422552108765,0.3602577745914459
PETS_CREDIT_high_eff_su2_r5_d6_b02__none,none,none,a3076f399cf32e671da9,0,1,0,0.7161344289779663,0.2838655710220337
PETS_CREDIT_high_eff_su2_r5_d6_b02__none,none,none,d0ead593664a3694fc2c,0,0,0,0.7756114602088928,0.22438859939575195
PETS_CREDIT_high_eff_su2_r5_d6_b02__none,none,none,f4686f1ccb3b1f5b89c1,0,0,0,0.9984427094459534,0.0015573044074699283
PETS_CREDIT_high_eff_su2_r5_d6_b02__none,none,none,6b7219cfa53e1ae4e686,0,0,0,0.5751104950904846,0.42488956451416016
PETS_CREDIT_high_eff_su2_r5_d6_b02__none,none,none,88f9384f8a0cf279c07b,0,0,0,0.7139142155647278,0.2860858142375946
PETS_CREDIT_high_eff_su2_r5_d6_b02__none,none,none,8ac37e6efcfd84f4bf90,0,0,0,0.7746939659118652,0.22530597448349
PETS_CREDIT_high_eff_su2_r5_d6_b02__none,none,none,e947ef8b0f016ee69de8,0,0,0,0.8181153535842896,0.18188466131687164
PETS_CREDIT_high_eff_su2_r5_d6_b02__none,none,none,6c53aaf7ecbc425941a4,0,1,0,0.663017749786377,0.3369823098182678
PETS_CREDIT_high_eff_su2_r5_d6_b02__none,none,none,b215fc8b709612d72d29,0,0,0,0.7841445207595825,0.21585549414157867
PETS_CREDIT_high_eff_su2_r5_d6_b02__none,none,none,87c7d3469677d57e0f68,0,0,0,0.99100661277771,0.0089933592826128
PETS_CREDIT_high_eff_su2_r5_d6_b02__none,none,none,aca397f6cfe96c665e23,0,0,0,0.722463071346283,0.27753695845603943
PETS_CREDIT_high_eff_su2_r5_d6_b02__none,none,none,f1d5fbea8d8fc197f689,0,0,0,0.8744918704032898,0.1255081743001938
PETS_CREDIT_high_eff_su2_r5_d6_b02__none,none,none,a660b0769301bab3f88d,0,0,0,0.9356554746627808,0.06434450298547745
PETS_CREDIT_high_eff_su2_r5_d6_b02__none,none,none,fb41b4f01480a9067cf9,0,1,0,0.5510391592979431,0.4489608705043793
PETS_CREDIT_high_eff_su2_r5_d6_b02__none,none,none,c65308558f565034903d,0,1,0,0.9714697003364563,0.02853027731180191
PETS_CREDIT_high_eff_su2_r5_d6_b02__none,none,none,61985a6dca52dc5fe733,0,0,0,0.8135051131248474,0.18649491667747498
PETS_CREDIT_high_eff_su2_r5_d6_b02__none,none,none,79d13f79e25dd355b797,0,1,0,0.9187397360801697,0.0812603309750557
PETS_CREDIT_high_eff_su2_r5_d6_b02__none,none,none,6df7b8af4894c02f1865,0,0,0,0.8421118259429932,0.1578882336616516
PETS_CREDIT_high_eff_su2_r5_d6_b02__none,none,none,f50f173b25417d940819,0,0,0,0.9878005981445312,0.012199397198855877
PETS_CREDIT_high_eff_su2_r5_d6_b02__none,none,none,73ce0aaf437e0a73c182,0,1,0,0.6045826077461243,0.3954174220561981
PETS_CREDIT_high_eff_su2_r5_d6_b02__none,none,none,0748c8ca29b369b66e6f,0,1,0,0.9538426995277405,0.046157270669937134
PETS_CREDIT_high_eff_su2_r5_d6_b02__none,none,none,e5cdd46506910a0d29a4,0,0,0,0.7191157937049866,0.2808842957019806
PETS_CREDIT_high_eff_su2_r5_d6_b02__none,none,none,266c16f52337745816e5,0,0,0,0.9842603802680969,0.01573965884745121
PETS_CREDIT_high_eff_su2_r5_d6_b02__none,none,none,806319326d809b9eae67,0,0,0,0.713456392288208,0.2865435779094696
PETS_CREDIT_high_eff_su2_r5_d6_b02__none,none,none,3da17ae4582b2ac6ac6a,0,0,0,0.9097900390625,0.09021001309156418
PETS_CREDIT_high_eff_su2_r5_d6_b02__none,none,none,cd6bf5351920ef71b772,0,0,0,0.7544955015182495,0.2455044835805893
PETS_CREDIT_high_eff_su2_r5_d6_b02__none,none,none,f1fa5a6ee10e25b70a00,0,0,0,0.7510008811950684,0.24899907410144806
PETS_CREDIT_high_eff_su2_r5_d6_b02__none,none,none,de98a8baab2807797bb8,0,0,0,0.9412841200828552,0.058715905994176865
PETS_CREDIT_high_eff_su2_r5_d6_b02__none,none,none,4c7af58561c27a6e341e,0,1,0,0.9775166511535645,0.022483328357338905
PETS_CREDIT_high_eff_su2_r5_d6_b02__none,none,none,38ba8c1ecc8be69eb7d0,0,0,0,0.9451686143875122,0.05483129993081093
PETS_CREDIT_high_eff_su2_r5_d6_b02__none,none,none,1b857744e17f39b46f16,0,0,0,0.969731330871582,0.030268652364611626
PETS_CREDIT_high_eff_su2_r5_d6_b02__none,none,none,31d01a38894b805bfc80,0,0,0,0.7039843201637268,0.2960156798362732
PETS_CREDIT_high_eff_su2_r5_d6_b02__none,none,none,231156f957719dd417d9,0,0,0,0.8052234053611755,0.19477662444114685
PETS_CREDIT_high_eff_su2_r5_d6_b02__none,none,none,7bfb843a13cff05233ad,0,0,0,0.7373677492141724,0.26263225078582764
PETS_CREDIT_high_eff_su2_r5_d6_b02__none,none,none,24850cc249ef6fef8baa,0,0,0,0.896989107131958,0.10301091521978378
PETS_CREDIT_high_eff_su2_r5_d6_b02__none,none,none,f80b742f70e5ef1f2f75,0,0,0,0.6652660965919495,0.33473390340805054
PETS_CREDIT_high_eff_su2_r5_d6_b02__none,none,none,392fabb059005262a0a6,0,0,0,0.759568452835083,0.2404315024614334
PETS_CREDIT_high_eff_su2_r5_d6_b02__none,none,none,e5731b75bfb8647f33f0,0,1,1,0.4748740494251251,0.5251259207725525
PETS_CREDIT_high_eff_su2_r5_d6_b02__none,none,none,63426de2bcac10c978ef,0,0,0,0.7359446883201599,0.2640552818775177
PETS_CREDIT_high_eff_su2_r5_d6_b02__none,none,none,346b2d56d8b09d426f47,0,1,1,0.41045400500297546,0.5895460844039917
PETS_CREDIT_high_eff_su2_r5_d6_b02__none,none,none,79ede8f524cb4755d342,0,0,0,0.8632678389549255,0.13673217594623566
PETS_CREDIT_high_eff_su2_r5_d6_b02__none,none,none,9b15c4988e577e46b572,0,0,0,0.9613953232765198,0.03860469534993172
PETS_CREDIT_high_eff_su2_r5_d6_b02__none,none,none,2ae5fdcfe3923a4263b6,0,0,0,0.9881983399391174,0.011801722459495068
PETS_CREDIT_high_eff_su2_r5_d6_b02__none,none,none,b690772de8eb14084d30,0,1,0,0.7441858649253845,0.2558141350746155
PETS_CREDIT_high_eff_su2_r5_d6_b02__none,none,none,a19516268df63768faeb,0,0,0,0.7260627746582031,0.2739371955394745
PETS_CREDIT_high_eff_su2_r5_d6_b02__none,none,none,2e900caa6bf6a7e56807,0,0,0,0.9355013370513916,0.0644986480474472
PETS_CREDIT_high_eff_su2_r5_d6_b02__none,none,none,3e5959b02df8356effc1,0,0,0,0.9670199155807495,0.03298002481460571
PETS_CREDIT_high_eff_su2_r5_d6_b02__none,none,none,b6b16448c07ca52d41fb,0,0,0,0.7830262184143066,0.21697375178337097
PETS_CREDIT_high_eff_su2_r5_d6_b02__none,none,none,bf9825a8b0d7138b3690,0,1,0,0.8859984874725342,0.11400151252746582
PETS_CREDIT_high_eff_su2_r5_d6_b02__none,none,none,ae831412dedceb901cc4,0,0,0,0.6996912956237793,0.3003087341785431
PETS_CREDIT_high_eff_su2_r5_d6_b02__none,none,none,1b791f7fc091a40a0494,0,0,0,0.811909556388855,0.18809042870998383
PETS_CREDIT_high_eff_su2_r5_d6_b02__none,none,none,2951667761deda7d6d9f,0,0,0,0.9779422879219055,0.022057773545384407
PETS_CREDIT_high_eff_su2_r5_d6_b02__none,none,none,c55786a9941cc04c9348,0,0,0,0.8234819769859314,0.17651809751987457
PETS_CREDIT_high_eff_su2_r5_d6_b02__none,none,none,67fb36e26b798796d6fd,0,0,0,0.9955939650535583,0.0044060214422643185
PETS_CREDIT_high_eff_su2_r5_d6_b02__none,none,none,f8f44150ace4d5e110b6,0,1,0,0.7130780816078186,0.2869218587875366
PETS_CREDIT_high_eff_su2_r5_d6_b02__none,none,none,92becb8f0ed68752cc52,0,1,0,0.7781116366386414,0.22188836336135864
PETS_CREDIT_high_eff_su2_r5_d6_b02__none,none,none,cab8e2ac7eeaf27d3d2c,0,0,0,0.7743857502937317,0.2256142646074295
PETS_CREDIT_high_eff_su2_r5_d6_b02__none,none,none,d1db35b6c9e008df971d,0,0,1,0.482440322637558,0.5175596475601196
PETS_CREDIT_high_eff_su2_r5_d6_b02__none,none,none,83d86a08997d81c1643f,0,0,0,0.8976500630378723,0.1023498997092247
PETS_CREDIT_high_eff_su2_r5_d6_b02__none,none,dynanoise,26b6a5da65cdaeb8e184,1,0,0,0.5180477499961853,0.4819522500038147
PETS_CREDIT_high_eff_su2_r5_d6_b02__none,none,dynanoise,aaca4c9adb936209ae4f,1,0,0,0.5468882918357849,0.4531116783618927
PETS_CREDIT_high_eff_su2_r5_d6_b02__none,none,dynanoise,5b4cdc8a84b914138d2b,1,0,0,0.6134677529335022,0.3865323066711426
PETS_CREDIT_high_eff_su2_r5_d6_b02__none,none,dynanoise,d2c3d34fb102babfa194,1,0,1,0.48349136114120483,0.5165086984634399
PETS_CREDIT_high_eff_su2_r5_d6_b02__none,none,dynanoise,26f8e0268dd95cba45fd,1,0,1,0.46303868293762207,0.5369613170623779
PETS_CREDIT_high_eff_su2_r5_d6_b02__none,none,dynanoise,877b93e6aa8797d2cd0b,1,1,0,0.5398369431495667,0.46016305685043335
PETS_CREDIT_high_eff_su2_r5_d6_b02__none,none,dynanoise,e0b33cacbadcac9f3d26,1,0,0,0.5357474088668823,0.4642525911331177
PETS_CREDIT_high_eff_su2_r5_d6_b02__none,none,dynanoise,df16a30c67111933fccc,1,1,1,0.4440556466579437,0.5559443831443787
PETS_CREDIT_high_eff_su2_r5_d6_b02__none,none,dynanoise,7105743f10682ac4a1cc,1,1,0,0.5077735185623169,0.4922265112400055
PETS_CREDIT_high_eff_su2_r5_d6_b02__none,none,dynanoise,0ffd3e39286157b02ad4,1,0,0,0.5655978322029114,0.434402197599411
PETS_CREDIT_high_eff_su2_r5_d6_b02__none,none,dynanoise,e4890079e5df86b99388,1,0,0,0.5408262610435486,0.45917370915412903
PETS_CREDIT_high_eff_su2_r5_d6_b02__none,none,dynanoise,e07f107ec2deef516f4f,1,0,0,0.509739100933075,0.49026086926460266
PETS_CREDIT_high_eff_su2_r5_d6_b02__none,none,dynanoise,c91e3b5a028c06ad1f92,1,0,0,0.5630375742912292,0.43696245551109314
PETS_CREDIT_high_eff_su2_r5_d6_b02__none,none,dynanoise,d606f1831b9734bb90e1,1,0,0,0.5089931488037109,0.4910068213939667
PETS_CREDIT_high_eff_su2_r5_d6_b02__none,none,dynanoise,c3a59fc71e20658f6341,1,0,0,0.5250231623649597,0.4749768376350403
PETS_CREDIT_high_eff_su2_r5_d6_b02__none,none,dynanoise,78edbc6916b12b570866,1,1,0,0.523331880569458,0.476668119430542
PETS_CREDIT_high_eff_su2_r5_d6_b02__none,none,dynanoise,a62d80fa1349c54517ce,1,0,0,0.6446395516395569,0.3553605079650879
PETS_CREDIT_high_eff_su2_r5_d6_b02__none,none,dynanoise,46dbe6ca2f4531385a05,1,0,0,0.5111163258552551,0.48888370394706726
PETS_CREDIT_high_eff_su2_r5_d6_b02__none,none,dynanoise,8b629ccf361c8da0309f,1,0,0,0.5191968679428101,0.48080310225486755
PETS_CREDIT_high_eff_su2_r5_d6_b02__none,none,dynanoise,4dde24d981dd8981f71f,1,1,0,0.527873158454895,0.472126841545105
PETS_CREDIT_high_eff_su2_r5_d6_b02__none,none,dynanoise,ab00e756b29c98fd6674,1,0,0,0.6154525876045227,0.3845474421977997
PETS_CREDIT_high_eff_su2_r5_d6_b02__none,none,dynanoise,196d92dfff0523a23237,1,0,1,0.483096718788147,0.5169033408164978
PETS_CREDIT_high_eff_su2_r5_d6_b02__none,none,dynanoise,988a4b4dcb53bafffb01,1,0,0,0.5845046043395996,0.4154954254627228
PETS_CREDIT_high_eff_su2_r5_d6_b02__none,none,dynanoise,c8a7bd1cd35ba1e89b80,1,0,0,0.5246922373771667,0.47530779242515564
PETS_CREDIT_high_eff_su2_r5_d6_b02__none,none,dynanoise,6093ce809aa33ce6693b,1,0,0,0.5269694328308105,0.47303053736686707
PETS_CREDIT_high_eff_su2_r5_d6_b02__none,none,dynanoise,00405a37dd709b2d51a8,1,0,1,0.4901403486728668,0.5098596215248108
PETS_CREDIT_high_eff_su2_r5_d6_b02__none,none,dynanoise,aaff47c50ec280d97eda,1,0,0,0.5120102167129517,0.4879898428916931
PETS_CREDIT_high_eff_su2_r5_d6_b02__none,none,dynanoise,a6dfd0dc4ba32e6c00e6,1,0,0,0.5757932662963867,0.42420676350593567
PETS_CREDIT_high_eff_su2_r5_d6_b02__none,none,dynanoise,75e559f2a9928f47e4ef,1,0,0,0.5845212936401367,0.4154786765575409
PETS_CREDIT_high_eff_su2_r5_d6_b02__none,none,dynanoise,f1068bd99413d081a271,1,0,0,0.5236284136772156,0.47637155652046204
PETS_CREDIT_high_eff_su2_r5_d6_b02__none,none,dynanoise,58cb80b3d0535cb4343a,1,0,0,0.5062667727470398,0.4937332570552826
PETS_CREDIT_high_eff_su2_r5_d6_b02__none,none,dynanoise,5cb75d859aa2d3df94b0,1,0,0,0.5266303420066833,0.47336965799331665
PETS_CREDIT_high_eff_su2_r5_d6_b02__none,none,dynanoise,6e144bf85d42e3ac6fae,1,1,0,0.5371094346046448,0.462890625
PETS_CREDIT_high_eff_su2_r5_d6_b02__none,none,dynanoise,e8613e68d8ca2ea9e7fd,1,0,0,0.5255917906761169,0.47440823912620544
PETS_CREDIT_high_eff_su2_r5_d6_b02__none,none,dynanoise,0674ce029ebb21d32e38,1,1,1,0.49671879410743713,0.5032811760902405
PETS_CREDIT_high_eff_su2_r5_d6_b02__none,none,dynanoise,b0f47ae4b56b3aa4d111,1,0,0,0.5189111232757568,0.48108893632888794
PETS_CREDIT_high_eff_su2_r5_d6_b02__none,none,dynanoise,e76cce60bc3507d0d7b2,1,0,0,0.5112744569778442,0.48872557282447815
PETS_CREDIT_high_eff_su2_r5_d6_b02__none,none,dynanoise,72bf8a475d5aa5538cd3,1,0,1,0.483856201171875,0.516143798828125
PETS_CREDIT_high_eff_su2_r5_d6_b02__none,none,dynanoise,f3ca91dd8e5aba8d83d9,1,1,0,0.522098958492279,0.47790107131004333
PETS_CREDIT_high_eff_su2_r5_d6_b02__none,none,dynanoise,70d271c728323ea28d90,1,0,0,0.649615466594696,0.35038450360298157
PETS_CREDIT_high_eff_su2_r5_d6_b02__none,none,dynanoise,a55e4e1cd3465563efc4,1,0,0,0.5473586916923523,0.4526412785053253
PETS_CREDIT_high_eff_su2_r5_d6_b02__none,none,dynanoise,4def6ca8e27be84aeb54,1,1,1,0.44221770763397217,0.5577822923660278
PETS_CREDIT_high_eff_su2_r5_d6_b02__none,none,dynanoise,347bd04364dce3c5342e,1,0,0,0.5441997051239014,0.45580029487609863
PETS_CREDIT_high_eff_su2_r5_d6_b02__none,none,dynanoise,bf465d63c434358f77e4,1,0,0,0.5027749538421631,0.4972250759601593
PETS_CREDIT_high_eff_su2_r5_d6_b02__none,none,dynanoise,c9e5785745f04cec0d37,1,0,0,0.6826826930046082,0.31731733679771423
PETS_CREDIT_high_eff_su2_r5_d6_b02__none,none,dynanoise,c536d8f2ff559c7756e7,1,0,0,0.5989367961883545,0.4010632634162903
PETS_CREDIT_high_eff_su2_r5_d6_b02__none,none,dynanoise,f0c1637eb1fa5204c581,1,0,0,0.5068255662918091,0.4931744635105133
PETS_CREDIT_high_eff_su2_r5_d6_b02__none,none,dynanoise,bfa7b1aca5d187760a16,1,0,0,0.521023690700531,0.4789763391017914
PETS_CREDIT_high_eff_su2_r5_d6_b02__none,none,dynanoise,cec5a851be4f6e7c0887,1,1,0,0.5147027373313904,0.48529723286628723
PETS_CREDIT_high_eff_su2_r5_d6_b02__none,none,dynanoise,619b46d6086e6aad3d84,1,0,0,0.5803599953651428,0.4196399748325348
PETS_CREDIT_high_eff_su2_r5_d6_b02__none,none,dynanoise,1dd9f8371cdcaa1758b3,1,0,0,0.5416818261146545,0.45831823348999023
PETS_CREDIT_high_eff_su2_r5_d6_b02__none,none,dynanoise,a4fc6b0808359418c098,1,0,0,0.5040748715400696,0.4959251284599304
PETS_CREDIT_high_eff_su2_r5_d6_b02__none,none,dynanoise,073dbbd888ef767c75de,1,0,0,0.5892730355262756,0.41072699427604675
PETS_CREDIT_high_eff_su2_r5_d6_b02__none,none,dynanoise,7c7fe88dcec806be29da,1,0,0,0.5612815618515015,0.4387184679508209
PETS_CREDIT_high_eff_su2_r5_d6_b02__none,none,dynanoise,fbbb0f469e10095b9cc1,1,1,0,0.5071903467178345,0.4928096830844879
PETS_CREDIT_high_eff_su2_r5_d6_b02__none,none,dynanoise,c0daa10532a8487ca803,1,1,0,0.5145283937454224,0.48547160625457764
PETS_CREDIT_high_eff_su2_r5_d6_b02__none,none,dynanoise,bacc1c25b75ae0e1b780,1,0,0,0.6628342270851135,0.3371657729148865
PETS_CREDIT_high_eff_su2_r5_d6_b02__none,none,dynanoise,1313972ddf1c6e9eb2c9,1,1,1,0.4910968840122223,0.5089031457901001
PETS_CREDIT_high_eff_su2_r5_d6_b02__none,none,dynanoise,1819fe5c399a17316fee,1,0,0,0.5512291193008423,0.4487708806991577
PETS_CREDIT_high_eff_su2_r5_d6_b02__none,none,dynanoise,70e46e61db439dd8e308,1,0,0,0.520608127117157,0.479391872882843
PETS_CREDIT_high_eff_su2_r5_d6_b02__none,none,dynanoise,01743ddf295d8f6b5a46,1,1,0,0.5381647944450378,0.46183520555496216
PETS_CREDIT_high_eff_su2_r5_d6_b02__none,none,dynanoise,a5628044ec0880a52490,1,1,0,0.522720217704773,0.47727978229522705
PETS_CREDIT_high_eff_su2_r5_d6_b02__none,none,dynanoise,6a75db22a6087741eef2,1,0,0,0.5674802660942078,0.43251973390579224
PETS_CREDIT_high_eff_su2_r5_d6_b02__none,none,dynanoise,92516ca36411fad7d9c9,1,0,0,0.5814952254295349,0.4185047447681427
PETS_CREDIT_high_eff_su2_r5_d6_b02__none,none,dynanoise,787c85a205e13b242012,1,0,0,0.5360339879989624,0.46396604180336
PETS_CREDIT_high_eff_su2_r5_d6_b02__none,none,dynanoise,8d5ec20ca179ede5da84,1,0,0,0.5122540593147278,0.4877459406852722
PETS_CREDIT_high_eff_su2_r5_d6_b02__none,none,dynanoise,973b363916938dbaaf31,1,0,0,0.5685290098190308,0.4314710199832916
PETS_CREDIT_high_eff_su2_r5_d6_b02__none,none,dynanoise,e3e282f64bed70282149,1,0,0,0.574821949005127,0.42517808079719543
PETS_CREDIT_high_eff_su2_r5_d6_b02__none,none,dynanoise,c50e57ca37a497df3a13,1,0,0,0.6020016074180603,0.3979983627796173
PETS_CREDIT_high_eff_su2_r5_d6_b02__none,none,dynanoise,6c0e663b6848864dc914,1,1,0,0.5047316551208496,0.4952683746814728
PETS_CREDIT_high_eff_su2_r5_d6_b02__none,none,dynanoise,ac5f40db5db91c18a83b,1,0,0,0.5454179048538208,0.4545821249485016
PETS_CREDIT_high_eff_su2_r5_d6_b02__none,none,dynanoise,072f10d00d9156aab9f2,1,0,0,0.5670920610427856,0.43290793895721436
PETS_CREDIT_high_eff_su2_r5_d6_b02__none,none,dynanoise,526cee77dcfea7ee8138,1,0,0,0.640895426273346,0.35910457372665405
PETS_CREDIT_high_eff_su2_r5_d6_b02__none,none,dynanoise,25282b20e9c64236ec4d,1,0,0,0.5509111285209656,0.4490889012813568
PETS_CREDIT_high_eff_su2_r5_d6_b02__none,none,dynanoise,14ee67db08b82edf07a3,1,0,0,0.5001397132873535,0.49986034631729126
PETS_CREDIT_high_eff_su2_r5_d6_b02__none,none,dynanoise,eb849709f12c60edd50b,1,0,0,0.5571010708808899,0.4428989887237549
PETS_CREDIT_high_eff_su2_r5_d6_b02__none,none,dynanoise,b91b8614dbf7826436cf,1,0,0,0.6171957850456238,0.3828042149543762
PETS_CREDIT_high_eff_su2_r5_d6_b02__none,none,dynanoise,8f95586c1c6fb3f2a750,1,0,0,0.614702582359314,0.38529741764068604
PETS_CREDIT_high_eff_su2_r5_d6_b02__none,none,dynanoise,5e48c11768cb070aefe6,1,1,0,0.5658248662948608,0.4341751039028168
PETS_CREDIT_high_eff_su2_r5_d6_b02__none,none,dynanoise,7ce1135db7560daf7e70,1,0,1,0.49947527050971985,0.5005246996879578
PETS_CREDIT_high_eff_su2_r5_d6_b02__none,none,dynanoise,f332cc500c7a62b19024,1,1,0,0.5433624386787415,0.45663753151893616
PETS_CREDIT_high_eff_su2_r5_d6_b02__none,none,dynanoise,192395141a760795b97a,1,0,0,0.5940253138542175,0.40597471594810486
PETS_CREDIT_high_eff_su2_r5_d6_b02__none,none,dynanoise,9fc5fbe55717fe6862a4,1,0,0,0.5666221976280212,0.43337777256965637
PETS_CREDIT_high_eff_su2_r5_d6_b02__none,none,dynanoise,8fe0ac3103b5acc00cdc,1,0,0,0.5753077864646912,0.4246922433376312
PETS_CREDIT_high_eff_su2_r5_d6_b02__none,none,dynanoise,d46f8b9f4d57f90db615,1,1,1,0.4981011748313904,0.5018988847732544
PETS_CREDIT_high_eff_su2_r5_d6_b02__none,none,dynanoise,11ccb38ba9653d61e950,1,0,0,0.5175619721412659,0.4824380576610565
PETS_CREDIT_high_eff_su2_r5_d6_b02__none,none,dynanoise,b84ff32b3c14263b0dd5,1,0,0,0.5901324152946472,0.4098675847053528
PETS_CREDIT_high_eff_su2_r5_d6_b02__none,none,dynanoise,ab97fae957e08270ffce,1,0,0,0.5517690181732178,0.4482309818267822
PETS_CREDIT_high_eff_su2_r5_d6_b02__none,none,dynanoise,6af56a8b2e15acc1e086,1,0,0,0.6282142996788025,0.3717856705188751
PETS_CREDIT_high_eff_su2_r5_d6_b02__none,none,dynanoise,07d4d260e30d7cf5b71f,1,1,1,0.43532803654670715,0.5646719932556152
PETS_CREDIT_high_eff_su2_r5_d6_b02__none,none,dynanoise,fb40711278aca2b43c69,1,0,0,0.6144567131996155,0.3855432868003845
PETS_CREDIT_high_eff_su2_r5_d6_b02__none,none,dynanoise,1c7eb9e50fc08e5f8cf0,1,0,1,0.48666200041770935,0.513338029384613
PETS_CREDIT_high_eff_su2_r5_d6_b02__none,none,dynanoise,5383d08662564ec7ab0d,1,0,0,0.5867307782173157,0.4132692515850067
PETS_CREDIT_high_eff_su2_r5_d6_b02__none,none,dynanoise,006df97946d214e0111f,1,0,0,0.522093653678894,0.47790637612342834
PETS_CREDIT_high_eff_su2_r5_d6_b02__none,none,dynanoise,6f47824d3363865de61a,1,0,0,0.5690041780471802,0.4309958219528198
PETS_CREDIT_high_eff_su2_r5_d6_b02__none,none,dynanoise,3ac7ac4bc65a6ffec899,1,1,1,0.46712878346443176,0.5328712463378906
PETS_CREDIT_high_eff_su2_r5_d6_b02__none,none,dynanoise,29a333df83b13ef7fea3,1,1,0,0.5463749766349792,0.45362499356269836
PETS_CREDIT_high_eff_su2_r5_d6_b02__none,none,dynanoise,39f8154e08ad72170108,1,0,0,0.5206049084663391,0.4793951213359833
PETS_CREDIT_high_eff_su2_r5_d6_b02__none,none,dynanoise,25bed8f88a506c4cc366,1,0,0,0.5510131120681763,0.44898685812950134
PETS_CREDIT_high_eff_su2_r5_d6_b02__none,none,dynanoise,c75c31af2389cc3a594f,1,0,0,0.5049063563346863,0.49509361386299133
PETS_CREDIT_high_eff_su2_r5_d6_b02__none,none,dynanoise,cbee3c9401120608f2ba,0,0,0,0.6549954414367676,0.3450045883655548
PETS_CREDIT_high_eff_su2_r5_d6_b02__none,none,dynanoise,1c3e9f95fcefe2e9f555,0,0,0,0.5360305905342102,0.4639694094657898
PETS_CREDIT_high_eff_su2_r5_d6_b02__none,none,dynanoise,47955bec8c8c8b0d6ecd,0,0,0,0.5281344652175903,0.47186553478240967
PETS_CREDIT_high_eff_su2_r5_d6_b02__none,none,dynanoise,925cfc4ba01b802e6fea,0,0,0,0.5054429173469543,0.49455705285072327
PETS_CREDIT_high_eff_su2_r5_d6_b02__none,none,dynanoise,cf2b344b8a066b41a298,0,0,0,0.5810708403587341,0.4189291298389435
PETS_CREDIT_high_eff_su2_r5_d6_b02__none,none,dynanoise,44ce9ab8bd9bd704ad04,0,1,0,0.5449692606925964,0.45503079891204834
PETS_CREDIT_high_eff_su2_r5_d6_b02__none,none,dynanoise,d2f0fdb253d121d24db4,0,0,0,0.5151457786560059,0.48485422134399414
PETS_CREDIT_high_eff_su2_r5_d6_b02__none,none,dynanoise,11958d422323d7de5da8,0,1,1,0.4613865315914154,0.538613498210907
PETS_CREDIT_high_eff_su2_r5_d6_b02__none,none,dynanoise,ee145a9d7a0dd082d343,0,1,1,0.45891866087913513,0.5410813689231873
PETS_CREDIT_high_eff_su2_r5_d6_b02__none,none,dynanoise,3bb90fb9f41d8cd780fb,0,0,0,0.5421939492225647,0.4578060507774353
PETS_CREDIT_high_eff_su2_r5_d6_b02__none,none,dynanoise,1df211fa59aa1d5f8ac4,0,0,0,0.5340049266815186,0.46599504351615906
PETS_CREDIT_high_eff_su2_r5_d6_b02__none,none,dynanoise,864edb9124799ed14941,0,0,0,0.5332585573196411,0.4667414724826813
PETS_CREDIT_high_eff_su2_r5_d6_b02__none,none,dynanoise,71a5cf1405bd2714ab77,0,0,1,0.4995301067829132,0.5004698634147644
PETS_CREDIT_high_eff_su2_r5_d6_b02__none,none,dynanoise,ec314aa70302252ef357,0,0,0,0.5082234740257263,0.49177655577659607
PETS_CREDIT_high_eff_su2_r5_d6_b02__none,none,dynanoise,07849266aa8f190a63f2,0,0,1,0.4786975085735321,0.5213025212287903
PETS_CREDIT_high_eff_su2_r5_d6_b02__none,none,dynanoise,9905912b0d924a7b3ca5,0,1,0,0.53570157289505,0.46429839730262756
PETS_CREDIT_high_eff_su2_r5_d6_b02__none,none,dynanoise,10906783256975cefbbb,0,0,0,0.5480586886405945,0.4519413113594055
PETS_CREDIT_high_eff_su2_r5_d6_b02__none,none,dynanoise,7ff0c461042567dfe447,0,0,0,0.5408668518066406,0.4591331481933594
PETS_CREDIT_high_eff_su2_r5_d6_b02__none,none,dynanoise,34cd383be85fcb382ea6,0,0,0,0.5576124787330627,0.44238752126693726
PETS_CREDIT_high_eff_su2_r5_d6_b02__none,none,dynanoise,da601eb1fce6bb696bf8,0,1,0,0.675925076007843,0.3240748941898346
PETS_CREDIT_high_eff_su2_r5_d6_b02__none,none,dynanoise,555680807658211b545c,0,0,0,0.5068784952163696,0.49312150478363037
PETS_CREDIT_high_eff_su2_r5_d6_b02__none,none,dynanoise,7dbb07f72b26cae53e10,0,0,1,0.4822211265563965,0.5177788734436035
PETS_CREDIT_high_eff_su2_r5_d6_b02__none,none,dynanoise,3692ecea3b8cc152ac74,0,0,0,0.513081967830658,0.48691800236701965
PETS_CREDIT_high_eff_su2_r5_d6_b02__none,none,dynanoise,685e2ecf9c9c42d485ce,0,0,0,0.527553915977478,0.472446084022522
PETS_CREDIT_high_eff_su2_r5_d6_b02__none,none,dynanoise,3a38d3079b87b1aa292b,0,0,0,0.6082291007041931,0.39177095890045166
PETS_CREDIT_high_eff_su2_r5_d6_b02__none,none,dynanoise,4a088c612fee9ef613b8,0,0,0,0.518508791923523,0.48149120807647705
PETS_CREDIT_high_eff_su2_r5_d6_b02__none,none,dynanoise,e662ed68ef3f99bd0ed7,0,0,0,0.5588803291320801,0.4411196708679199
PETS_CREDIT_high_eff_su2_r5_d6_b02__none,none,dynanoise,baf60f731977893683c9,0,0,0,0.5371196866035461,0.46288034319877625
PETS_CREDIT_high_eff_su2_r5_d6_b02__none,none,dynanoise,af85096b9d68ea111a40,0,0,0,0.6532559990882874,0.34674403071403503
PETS_CREDIT_high_eff_su2_r5_d6_b02__none,none,dynanoise,948f6a099d3241c9a1ec,0,0,0,0.5339543223381042,0.46604567766189575
PETS_CREDIT_high_eff_su2_r5_d6_b02__none,none,dynanoise,5f65233bde8585faedb5,0,0,0,0.5415520071983337,0.45844802260398865
PETS_CREDIT_high_eff_su2_r5_d6_b02__none,none,dynanoise,5acd05c508162abd3783,0,0,0,0.5377349853515625,0.4622650146484375
PETS_CREDIT_high_eff_su2_r5_d6_b02__none,none,dynanoise,349b65ac22308893e3ec,0,1,0,0.5309140682220459,0.4690859317779541
PETS_CREDIT_high_eff_su2_r5_d6_b02__none,none,dynanoise,1deef9da8e2ee98331dc,0,0,0,0.5017833113670349,0.4982166886329651
PETS_CREDIT_high_eff_su2_r5_d6_b02__none,none,dynanoise,ccba09c993c170faae38,0,1,1,0.46134358644485474,0.5386564135551453
PETS_CREDIT_high_eff_su2_r5_d6_b02__none,none,dynanoise,4882932be60b65305c84,0,0,0,0.5519856810569763,0.4480143189430237
PETS_CREDIT_high_eff_su2_r5_d6_b02__none,none,dynanoise,b244235968526b38867d,0,0,0,0.5645006895065308,0.43549931049346924
PETS_CREDIT_high_eff_su2_r5_d6_b02__none,none,dynanoise,c3a927c03687d1a576df,0,0,0,0.6096748113632202,0.39032524824142456
PETS_CREDIT_high_eff_su2_r5_d6_b02__none,none,dynanoise,fa1f9563eb089a4c05eb,0,1,0,0.5815184116363525,0.4184815585613251
PETS_CREDIT_high_eff_su2_r5_d6_b02__none,none,dynanoise,555c4408bbd55bf9a01b,0,0,0,0.6674306392669678,0.3325693607330322
PETS_CREDIT_high_eff_su2_r5_d6_b02__none,none,dynanoise,6bb3006cf2b47b29d044,0,0,0,0.508063018321991,0.49193695187568665
PETS_CREDIT_high_eff_su2_r5_d6_b02__none,none,dynanoise,a3076f399cf32e671da9,0,1,0,0.5665680170059204,0.4334319829940796
PETS_CREDIT_high_eff_su2_r5_d6_b02__none,none,dynanoise,d0ead593664a3694fc2c,0,0,0,0.5406985878944397,0.4593014121055603
PETS_CREDIT_high_eff_su2_r5_d6_b02__none,none,dynanoise,f4686f1ccb3b1f5b89c1,0,0,0,0.6502074599266052,0.34979256987571716
PETS_CREDIT_high_eff_su2_r5_d6_b02__none,none,dynanoise,6b7219cfa53e1ae4e686,0,0,0,0.5219432711601257,0.47805672883987427
PETS_CREDIT_high_eff_su2_r5_d6_b02__none,none,dynanoise,88f9384f8a0cf279c07b,0,0,0,0.5167831182479858,0.48321688175201416
PETS_CREDIT_high_eff_su2_r5_d6_b02__none,none,dynanoise,8ac37e6efcfd84f4bf90,0,0,0,0.5107863545417786,0.4892136752605438
PETS_CREDIT_high_eff_su2_r5_d6_b02__none,none,dynanoise,e947ef8b0f016ee69de8,0,0,1,0.49391818046569824,0.5060818195343018
PETS_CREDIT_high_eff_su2_r5_d6_b02__none,none,dynanoise,6c53aaf7ecbc425941a4,0,1,0,0.521752119064331,0.47824791073799133
PETS_CREDIT_high_eff_su2_r5_d6_b02__none,none,dynanoise,b215fc8b709612d72d29,0,0,0,0.5476011037826538,0.4523988664150238
PETS_CREDIT_high_eff_su2_r5_d6_b02__none,none,dynanoise,87c7d3469677d57e0f68,0,0,0,0.6049410104751587,0.3950590193271637
PETS_CREDIT_high_eff_su2_r5_d6_b02__none,none,dynanoise,aca397f6cfe96c665e23,0,0,0,0.5147045850753784,0.4852953851222992
PETS_CREDIT_high_eff_su2_r5_d6_b02__none,none,dynanoise,f1d5fbea8d8fc197f689,0,0,0,0.5629357695579529,0.4370642304420471
PETS_CREDIT_high_eff_su2_r5_d6_b02__none,none,dynanoise,a660b0769301bab3f88d,0,0,0,0.5866405367851257,0.41335949301719666
PETS_CREDIT_high_eff_su2_r5_d6_b02__none,none,dynanoise,fb41b4f01480a9067cf9,0,1,1,0.4790084958076477,0.5209915041923523
PETS_CREDIT_high_eff_su2_r5_d6_b02__none,none,dynanoise,c65308558f565034903d,0,1,0,0.6108927130699158,0.38910725712776184
PETS_CREDIT_high_eff_su2_r5_d6_b02__none,none,dynanoise,61985a6dca52dc5fe733,0,0,0,0.5363053679466248,0.46369463205337524
PETS_CREDIT_high_eff_su2_r5_d6_b02__none,none,dynanoise,79d13f79e25dd355b797,0,1,0,0.5381115674972534,0.4618884325027466
PETS_CREDIT_high_eff_su2_r5_d6_b02__none,none,dynanoise,6df7b8af4894c02f1865,0,0,0,0.5048167109489441,0.4951832890510559
PETS_CREDIT_high_eff_su2_r5_d6_b02__none,none,dynanoise,f50f173b25417d940819,0,0,0,0.6274268627166748,0.3725731372833252
PETS_CREDIT_high_eff_su2_r5_d6_b02__none,none,dynanoise,73ce0aaf437e0a73c182,0,1,1,0.48805269598960876,0.5119473338127136
PETS_CREDIT_high_eff_su2_r5_d6_b02__none,none,dynanoise,0748c8ca29b369b66e6f,0,1,0,0.5784156322479248,0.4215843677520752
PETS_CREDIT_high_eff_su2_r5_d6_b02__none,none,dynanoise,e5cdd46506910a0d29a4,0,0,0,0.5436543226242065,0.45634564757347107
PETS_CREDIT_high_eff_su2_r5_d6_b02__none,none,dynanoise,266c16f52337745816e5,0,0,0,0.590196430683136,0.4098035991191864
PETS_CREDIT_high_eff_su2_r5_d6_b02__none,none,dynanoise,806319326d809b9eae67,0,0,0,0.5455459952354431,0.4544539749622345
PETS_CREDIT_high_eff_su2_r5_d6_b02__none,none,dynanoise,3da17ae4582b2ac6ac6a,0,0,0,0.5317953824996948,0.46820464730262756
PETS_CREDIT_high_eff_su2_r5_d6_b02__none,none,dynanoise,cd6bf5351920ef71b772,0,0,0,0.5697281956672668,0.43027180433273315
PETS_CREDIT_high_eff_su2_r5_d6_b02__none,none,dynanoise,f1fa5a6ee10e25b70a00,0,0,0,0.503293514251709,0.496706485748291
PETS_CREDIT_high_eff_su2_r5_d6_b02__none,none,dynanoise,de98a8baab2807797bb8,0,0,0,0.5694794654846191,0.43052056431770325
PETS_CREDIT_high_eff_su2_r5_d6_b02__none,none,dynanoise,4c7af58561c27a6e341e,0,1,0,0.6029884219169617,0.3970116078853607
PETS_CREDIT_high_eff_su2_r5_d6_b02__none,none,dynanoise,38ba8c1ecc8be69eb7d0,0,0,0,0.5321859121322632,0.46781405806541443
PETS_CREDIT_high_eff_su2_r5_d6_b02__none,none,dynanoise,1b857744e17f39b46f16,0,0,0,0.5949761867523193,0.40502384305000305
PETS_CREDIT_high_eff_su2_r5_d6_b02__none,none,dynanoise,31d01a38894b805bfc80,0,0,0,0.5799645185470581,0.4200355112552643
PETS_CREDIT_high_eff_su2_r5_d6_b02__none,none,dynanoise,231156f957719dd417d9,0,0,0,0.5211396217346191,0.47886037826538086
PETS_CREDIT_high_eff_su2_r5_d6_b02__none,none,dynanoise,7bfb843a13cff05233ad,0,0,0,0.5387064218521118,0.4612935483455658
PETS_CREDIT_high_eff_su2_r5_d6_b02__none,none,dynanoise,24850cc249ef6fef8baa,0,0,0,0.5545578002929688,0.445442259311676
PETS_CREDIT_high_eff_su2_r5_d6_b02__none,none,dynanoise,f80b742f70e5ef1f2f75,0,0,1,0.4717794358730316,0.5282205939292908
PETS_CREDIT_high_eff_su2_r5_d6_b02__none,none,dynanoise,392fabb059005262a0a6,0,0,0,0.500678300857544,0.49932169914245605
PETS_CREDIT_high_eff_su2_r5_d6_b02__none,none,dynanoise,e5731b75bfb8647f33f0,0,1,1,0.4991028606891632,0.5008971095085144
PETS_CREDIT_high_eff_su2_r5_d6_b02__none,none,dynanoise,63426de2bcac10c978ef,0,0,0,0.5524725914001465,0.44752737879753113
PETS_CREDIT_high_eff_su2_r5_d6_b02__none,none,dynanoise,346b2d56d8b09d426f47,0,1,1,0.4954879581928253,0.5045120716094971
PETS_CREDIT_high_eff_su2_r5_d6_b02__none,none,dynanoise,79ede8f524cb4755d342,0,0,0,0.5418532490730286,0.45814675092697144
PETS_CREDIT_high_eff_su2_r5_d6_b02__none,none,dynanoise,9b15c4988e577e46b572,0,0,0,0.5534047484397888,0.4465952217578888
PETS_CREDIT_high_eff_su2_r5_d6_b02__none,none,dynanoise,2ae5fdcfe3923a4263b6,0,0,0,0.6177260279655457,0.38227394223213196
PETS_CREDIT_high_eff_su2_r5_d6_b02__none,none,dynanoise,b690772de8eb14084d30,0,1,0,0.5295373797416687,0.4704625904560089
PETS_CREDIT_high_eff_su2_r5_d6_b02__none,none,dynanoise,a19516268df63768faeb,0,0,0,0.545086681842804,0.45491328835487366
PETS_CREDIT_high_eff_su2_r5_d6_b02__none,none,dynanoise,2e900caa6bf6a7e56807,0,0,0,0.5224741697311401,0.47752586007118225
PETS_CREDIT_high_eff_su2_r5_d6_b02__none,none,dynanoise,3e5959b02df8356effc1,0,0,0,0.5529242753982544,0.447075754404068
PETS_CREDIT_high_eff_su2_r5_d6_b02__none,none,dynanoise,b6b16448c07ca52d41fb,0,0,0,0.5486278533935547,0.4513721466064453
PETS_CREDIT_high_eff_su2_r5_d6_b02__none,none,dynanoise,bf9825a8b0d7138b3690,0,1,0,0.5584785342216492,0.44152143597602844
PETS_CREDIT_high_eff_su2_r5_d6_b02__none,none,dynanoise,ae831412dedceb901cc4,0,0,1,0.47910213470458984,0.5208978652954102
PETS_CREDIT_high_eff_su2_r5_d6_b02__none,none,dynanoise,1b791f7fc091a40a0494,0,0,0,0.5349785685539246,0.4650214910507202
PETS_CREDIT_high_eff_su2_r5_d6_b02__none,none,dynanoise,2951667761deda7d6d9f,0,0,0,0.5699980854988098,0.4300018846988678
PETS_CREDIT_high_eff_su2_r5_d6_b02__none,none,dynanoise,c55786a9941cc04c9348,0,0,0,0.5937236547470093,0.4062763452529907
PETS_CREDIT_high_eff_su2_r5_d6_b02__none,none,dynanoise,67fb36e26b798796d6fd,0,0,0,0.5815364718437195,0.4184635579586029
PETS_CREDIT_high_eff_su2_r5_d6_b02__none,none,dynanoise,f8f44150ace4d5e110b6,0,1,0,0.5286380648612976,0.4713619649410248
PETS_CREDIT_high_eff_su2_r5_d6_b02__none,none,dynanoise,92becb8f0ed68752cc52,0,1,0,0.5670305490493774,0.43296948075294495
PETS_CREDIT_high_eff_su2_r5_d6_b02__none,none,dynanoise,cab8e2ac7eeaf27d3d2c,0,0,0,0.5748987793922424,0.42510125041007996
PETS_CREDIT_high_eff_su2_r5_d6_b02__none,none,dynanoise,d1db35b6c9e008df971d,0,0,1,0.4894307553768158,0.5105692744255066
PETS_CREDIT_high_eff_su2_r5_d6_b02__none,none,dynanoise,83d86a08997d81c1643f,0,0,0,0.6023536920547485,0.3976462781429291
PETS_CREDIT_high_eff_su2_r5_d6_b02__none,none,hamp_output,26b6a5da65cdaeb8e184,1,0,0,0.9182605147361755,0.08173945546150208
PETS_CREDIT_high_eff_su2_r5_d6_b02__none,none,hamp_output,aaca4c9adb936209ae4f,1,0,0,0.9952782392501831,0.004721732810139656
PETS_CREDIT_high_eff_su2_r5_d6_b02__none,none,hamp_output,5b4cdc8a84b914138d2b,1,0,0,0.9144713282585144,0.08552862703800201
PETS_CREDIT_high_eff_su2_r5_d6_b02__none,none,hamp_output,d2c3d34fb102babfa194,1,0,0,0.9812759757041931,0.01872403360903263
PETS_CREDIT_high_eff_su2_r5_d6_b02__none,none,hamp_output,26f8e0268dd95cba45fd,1,0,0,0.9619482159614563,0.03805180639028549
PETS_CREDIT_high_eff_su2_r5_d6_b02__none,none,hamp_output,877b93e6aa8797d2cd0b,1,1,0,0.892078697681427,0.10792131721973419
PETS_CREDIT_high_eff_su2_r5_d6_b02__none,none,hamp_output,e0b33cacbadcac9f3d26,1,0,0,0.9958535432815552,0.0041464995592832565
PETS_CREDIT_high_eff_su2_r5_d6_b02__none,none,hamp_output,df16a30c67111933fccc,1,1,1,0.06265291571617126,0.9373470544815063
PETS_CREDIT_high_eff_su2_r5_d6_b02__none,none,hamp_output,7105743f10682ac4a1cc,1,1,0,0.9994807839393616,0.0005191608215682209
PETS_CREDIT_high_eff_su2_r5_d6_b02__none,none,hamp_output,0ffd3e39286157b02ad4,1,0,0,0.8261622190475464,0.17383776605129242
PETS_CREDIT_high_eff_su2_r5_d6_b02__none,none,hamp_output,e4890079e5df86b99388,1,0,0,0.5175523161888123,0.48244768381118774
PETS_CREDIT_high_eff_su2_r5_d6_b02__none,none,hamp_output,e07f107ec2deef516f4f,1,0,0,0.9131729006767273,0.0868271216750145
PETS_CREDIT_high_eff_su2_r5_d6_b02__none,none,hamp_output,c91e3b5a028c06ad1f92,1,0,0,0.5768609046936035,0.4231390655040741
PETS_CREDIT_high_eff_su2_r5_d6_b02__none,none,hamp_output,d606f1831b9734bb90e1,1,0,0,0.9449555277824402,0.05504448339343071
PETS_CREDIT_high_eff_su2_r5_d6_b02__none,none,hamp_output,c3a59fc71e20658f6341,1,0,0,0.9356510043144226,0.06434901058673859
PETS_CREDIT_high_eff_su2_r5_d6_b02__none,none,hamp_output,78edbc6916b12b570866,1,1,0,0.7771412134170532,0.22285884618759155
PETS_CREDIT_high_eff_su2_r5_d6_b02__none,none,hamp_output,a62d80fa1349c54517ce,1,0,0,0.9298838973045349,0.07011609524488449
PETS_CREDIT_high_eff_su2_r5_d6_b02__none,none,hamp_output,46dbe6ca2f4531385a05,1,0,0,0.5276346206665039,0.4723653495311737
PETS_CREDIT_high_eff_su2_r5_d6_b02__none,none,hamp_output,8b629ccf361c8da0309f,1,0,0,0.9035609364509583,0.09643911570310593
PETS_CREDIT_high_eff_su2_r5_d6_b02__none,none,hamp_output,4dde24d981dd8981f71f,1,1,0,0.9767814874649048,0.02321852743625641
PETS_CREDIT_high_eff_su2_r5_d6_b02__none,none,hamp_output,ab00e756b29c98fd6674,1,0,0,0.9684444665908813,0.03155552223324776
PETS_CREDIT_high_eff_su2_r5_d6_b02__none,none,hamp_output,196d92dfff0523a23237,1,0,0,0.5875024199485779,0.4124976098537445
PETS_CREDIT_high_eff_su2_r5_d6_b02__none,none,hamp_output,988a4b4dcb53bafffb01,1,0,0,0.9279268383979797,0.07207316160202026
PETS_CREDIT_high_eff_su2_r5_d6_b02__none,none,hamp_output,c8a7bd1cd35ba1e89b80,1,0,0,0.8121969699859619,0.18780308961868286
PETS_CREDIT_high_eff_su2_r5_d6_b02__none,none,hamp_output,6093ce809aa33ce6693b,1,0,0,0.9135326743125916,0.08646729588508606
PETS_CREDIT_high_eff_su2_r5_d6_b02__none,none,hamp_output,00405a37dd709b2d51a8,1,0,0,0.9909663200378418,0.009033629670739174
PETS_CREDIT_high_eff_su2_r5_d6_b02__none,none,hamp_output,aaff47c50ec280d97eda,1,0,0,0.8218204379081726,0.1781795173883438
PETS_CREDIT_high_eff_su2_r5_d6_b02__none,none,hamp_output,a6dfd0dc4ba32e6c00e6,1,0,0,0.908850908279419,0.09114912152290344
PETS_CREDIT_high_eff_su2_r5_d6_b02__none,none,hamp_output,75e559f2a9928f47e4ef,1,0,0,0.8576892614364624,0.14231076836585999
PETS_CREDIT_high_eff_su2_r5_d6_b02__none,none,hamp_output,f1068bd99413d081a271,1,0,0,0.6949570178985596,0.30504298210144043
PETS_CREDIT_high_eff_su2_r5_d6_b02__none,none,hamp_output,58cb80b3d0535cb4343a,1,0,0,0.8237557411193848,0.17624430358409882
PETS_CREDIT_high_eff_su2_r5_d6_b02__none,none,hamp_output,5cb75d859aa2d3df94b0,1,0,0,0.901637077331543,0.09836292266845703
PETS_CREDIT_high_eff_su2_r5_d6_b02__none,none,hamp_output,6e144bf85d42e3ac6fae,1,1,0,0.9492759108543396,0.05072407051920891
PETS_CREDIT_high_eff_su2_r5_d6_b02__none,none,hamp_output,e8613e68d8ca2ea9e7fd,1,0,0,0.7141580581665039,0.2858419418334961
PETS_CREDIT_high_eff_su2_r5_d6_b02__none,none,hamp_output,0674ce029ebb21d32e38,1,1,1,0.28388938307762146,0.7161106467247009
PETS_CREDIT_high_eff_su2_r5_d6_b02__none,none,hamp_output,b0f47ae4b56b3aa4d111,1,0,0,0.7741321325302124,0.2258678674697876
PETS_CREDIT_high_eff_su2_r5_d6_b02__none,none,hamp_output,e76cce60bc3507d0d7b2,1,0,0,0.839813768863678,0.1601862907409668
PETS_CREDIT_high_eff_su2_r5_d6_b02__none,none,hamp_output,72bf8a475d5aa5538cd3,1,0,0,0.9015136957168579,0.0984862744808197
PETS_CREDIT_high_eff_su2_r5_d6_b02__none,none,hamp_output,f3ca91dd8e5aba8d83d9,1,1,0,0.6150957942008972,0.38490423560142517
PETS_CREDIT_high_eff_su2_r5_d6_b02__none,none,hamp_output,70d271c728323ea28d90,1,0,0,0.8850307464599609,0.11496926099061966
PETS_CREDIT_high_eff_su2_r5_d6_b02__none,none,hamp_output,a55e4e1cd3465563efc4,1,0,0,0.7239901423454285,0.27600985765457153
PETS_CREDIT_high_eff_su2_r5_d6_b02__none,none,hamp_output,4def6ca8e27be84aeb54,1,1,0,0.9878832101821899,0.012116847559809685
PETS_CREDIT_high_eff_su2_r5_d6_b02__none,none,hamp_output,347bd04364dce3c5342e,1,0,0,0.9975385665893555,0.002461419440805912
PETS_CREDIT_high_eff_su2_r5_d6_b02__none,none,hamp_output,bf465d63c434358f77e4,1,0,0,0.8585829734802246,0.14141707122325897
PETS_CREDIT_high_eff_su2_r5_d6_b02__none,none,hamp_output,c9e5785745f04cec0d37,1,0,0,0.9861427545547485,0.013857248239219189
PETS_CREDIT_high_eff_su2_r5_d6_b02__none,none,hamp_output,c536d8f2ff559c7756e7,1,0,0,0.5982295274734497,0.4017705023288727
PETS_CREDIT_high_eff_su2_r5_d6_b02__none,none,hamp_output,f0c1637eb1fa5204c581,1,0,0,0.534945547580719,0.465054452419281
PETS_CREDIT_high_eff_su2_r5_d6_b02__none,none,hamp_output,bfa7b1aca5d187760a16,1,0,0,0.8144752979278564,0.18552471697330475
PETS_CREDIT_high_eff_su2_r5_d6_b02__none,none,hamp_output,cec5a851be4f6e7c0887,1,1,0,0.8447295427322388,0.15527047216892242
PETS_CREDIT_high_eff_su2_r5_d6_b02__none,none,hamp_output,619b46d6086e6aad3d84,1,0,0,0.9942110180854797,0.005788957700133324
PETS_CREDIT_high_eff_su2_r5_d6_b02__none,none,hamp_output,1dd9f8371cdcaa1758b3,1,0,0,0.9328421354293823,0.06715785712003708
PETS_CREDIT_high_eff_su2_r5_d6_b02__none,none,hamp_output,a4fc6b0808359418c098,1,0,0,0.9523176550865173,0.04768238216638565
PETS_CREDIT_high_eff_su2_r5_d6_b02__none,none,hamp_output,073dbbd888ef767c75de,1,0,0,0.8455350399017334,0.1544649302959442
PETS_CREDIT_high_eff_su2_r5_d6_b02__none,none,hamp_output,7c7fe88dcec806be29da,1,0,0,0.9321380257606506,0.06786198168992996
PETS_CREDIT_high_eff_su2_r5_d6_b02__none,none,hamp_output,fbbb0f469e10095b9cc1,1,1,0,0.9700088500976562,0.029991162940859795
PETS_CREDIT_high_eff_su2_r5_d6_b02__none,none,hamp_output,c0daa10532a8487ca803,1,1,0,0.9803115725517273,0.01968843676149845
PETS_CREDIT_high_eff_su2_r5_d6_b02__none,none,hamp_output,bacc1c25b75ae0e1b780,1,0,0,0.5108785629272461,0.4891214668750763
PETS_CREDIT_high_eff_su2_r5_d6_b02__none,none,hamp_output,1313972ddf1c6e9eb2c9,1,1,0,0.9248236417770386,0.07517636567354202
PETS_CREDIT_high_eff_su2_r5_d6_b02__none,none,hamp_output,1819fe5c399a17316fee,1,0,0,0.9627856016159058,0.03721441701054573
PETS_CREDIT_high_eff_su2_r5_d6_b02__none,none,hamp_output,70e46e61db439dd8e308,1,0,0,0.988088846206665,0.011911170557141304
PETS_CREDIT_high_eff_su2_r5_d6_b02__none,none,hamp_output,01743ddf295d8f6b5a46,1,1,0,0.6935623288154602,0.3064376711845398
PETS_CREDIT_high_eff_su2_r5_d6_b02__none,none,hamp_output,a5628044ec0880a52490,1,1,1,0.14076566696166992,0.8592343330383301
PETS_CREDIT_high_eff_su2_r5_d6_b02__none,none,hamp_output,6a75db22a6087741eef2,1,0,0,0.762399435043335,0.23760060966014862
PETS_CREDIT_high_eff_su2_r5_d6_b02__none,none,hamp_output,92516ca36411fad7d9c9,1,0,0,0.6628928780555725,0.3371071517467499
PETS_CREDIT_high_eff_su2_r5_d6_b02__none,none,hamp_output,787c85a205e13b242012,1,0,0,0.7360343337059021,0.2639656960964203
PETS_CREDIT_high_eff_su2_r5_d6_b02__none,none,hamp_output,8d5ec20ca179ede5da84,1,0,0,0.6805987358093262,0.31940126419067383
PETS_CREDIT_high_eff_su2_r5_d6_b02__none,none,hamp_output,973b363916938dbaaf31,1,0,0,0.8712019324302673,0.12879806756973267
PETS_CREDIT_high_eff_su2_r5_d6_b02__none,none,hamp_output,e3e282f64bed70282149,1,0,0,0.8575009107589722,0.1424991339445114
PETS_CREDIT_high_eff_su2_r5_d6_b02__none,none,hamp_output,c50e57ca37a497df3a13,1,0,0,0.8594402074813843,0.14055980741977692
PETS_CREDIT_high_eff_su2_r5_d6_b02__none,none,hamp_output,6c0e663b6848864dc914,1,1,0,0.8888376951217651,0.11116234958171844
PETS_CREDIT_high_eff_su2_r5_d6_b02__none,none,hamp_output,ac5f40db5db91c18a83b,1,0,0,0.7742994427680969,0.22570061683654785
PETS_CREDIT_high_eff_su2_r5_d6_b02__none,none,hamp_output,072f10d00d9156aab9f2,1,0,0,0.9004784822463989,0.0995214506983757
PETS_CREDIT_high_eff_su2_r5_d6_b02__none,none,hamp_output,526cee77dcfea7ee8138,1,0,0,0.6740536689758301,0.3259463310241699
PETS_CREDIT_high_eff_su2_r5_d6_b02__none,none,hamp_output,25282b20e9c64236ec4d,1,0,0,0.6185666918754578,0.381433367729187
PETS_CREDIT_high_eff_su2_r5_d6_b02__none,none,hamp_output,14ee67db08b82edf07a3,1,0,0,0.9117348790168762,0.08826511353254318
PETS_CREDIT_high_eff_su2_r5_d6_b02__none,none,hamp_output,eb849709f12c60edd50b,1,0,0,0.9413706660270691,0.05862933769822121
PETS_CREDIT_high_eff_su2_r5_d6_b02__none,none,hamp_output,b91b8614dbf7826436cf,1,0,0,0.6180201172828674,0.3819798529148102
PETS_CREDIT_high_eff_su2_r5_d6_b02__none,none,hamp_output,8f95586c1c6fb3f2a750,1,0,0,0.7137184739112854,0.2862814962863922
PETS_CREDIT_high_eff_su2_r5_d6_b02__none,none,hamp_output,5e48c11768cb070aefe6,1,1,0,0.9936574697494507,0.006342526059597731
PETS_CREDIT_high_eff_su2_r5_d6_b02__none,none,hamp_output,7ce1135db7560daf7e70,1,0,0,0.8617038130760193,0.1382962465286255
PETS_CREDIT_high_eff_su2_r5_d6_b02__none,none,hamp_output,f332cc500c7a62b19024,1,1,0,0.9316636323928833,0.0683363676071167
PETS_CREDIT_high_eff_su2_r5_d6_b02__none,none,hamp_output,192395141a760795b97a,1,0,0,0.8141676783561707,0.18583227694034576
PETS_CREDIT_high_eff_su2_r5_d6_b02__none,none,hamp_output,9fc5fbe55717fe6862a4,1,0,0,0.799126386642456,0.20087359845638275
PETS_CREDIT_high_eff_su2_r5_d6_b02__none,none,hamp_output,8fe0ac3103b5acc00cdc,1,0,0,0.9961418509483337,0.0038581273984164
PETS_CREDIT_high_eff_su2_r5_d6_b02__none,none,hamp_output,d46f8b9f4d57f90db615,1,1,0,0.9013199210166931,0.09868010133504868
PETS_CREDIT_high_eff_su2_r5_d6_b02__none,none,hamp_output,11ccb38ba9653d61e950,1,0,0,0.5505304932594299,0.44946953654289246
PETS_CREDIT_high_eff_su2_r5_d6_b02__none,none,hamp_output,b84ff32b3c14263b0dd5,1,0,0,0.8422510623931885,0.1577489823102951
PETS_CREDIT_high_eff_su2_r5_d6_b02__none,none,hamp_output,ab97fae957e08270ffce,1,0,0,0.5449812412261963,0.4550187885761261
PETS_CREDIT_high_eff_su2_r5_d6_b02__none,none,hamp_output,6af56a8b2e15acc1e086,1,0,0,0.8906852006912231,0.10931481420993805
PETS_CREDIT_high_eff_su2_r5_d6_b02__none,none,hamp_output,07d4d260e30d7cf5b71f,1,1,1,0.39561375975608826,0.6043862104415894
PETS_CREDIT_high_eff_su2_r5_d6_b02__none,none,hamp_output,fb40711278aca2b43c69,1,0,0,0.8297785520553589,0.1702215075492859
PETS_CREDIT_high_eff_su2_r5_d6_b02__none,none,hamp_output,1c7eb9e50fc08e5f8cf0,1,0,0,0.8981835246086121,0.10181650519371033
PETS_CREDIT_high_eff_su2_r5_d6_b02__none,none,hamp_output,5383d08662564ec7ab0d,1,0,0,0.9397262930870056,0.06027373671531677
PETS_CREDIT_high_eff_su2_r5_d6_b02__none,none,hamp_output,006df97946d214e0111f,1,0,0,0.7379125952720642,0.2620874345302582
PETS_CREDIT_high_eff_su2_r5_d6_b02__none,none,hamp_output,6f47824d3363865de61a,1,0,0,0.9941892623901367,0.005810752976685762
PETS_CREDIT_high_eff_su2_r5_d6_b02__none,none,hamp_output,3ac7ac4bc65a6ffec899,1,1,0,0.6090959310531616,0.39090409874916077
PETS_CREDIT_high_eff_su2_r5_d6_b02__none,none,hamp_output,29a333df83b13ef7fea3,1,1,0,0.7041895389556885,0.2958104908466339
PETS_CREDIT_high_eff_su2_r5_d6_b02__none,none,hamp_output,39f8154e08ad72170108,1,0,0,0.8723463416099548,0.12765362858772278
PETS_CREDIT_high_eff_su2_r5_d6_b02__none,none,hamp_output,25bed8f88a506c4cc366,1,0,0,0.9315727949142456,0.06842726469039917
PETS_CREDIT_high_eff_su2_r5_d6_b02__none,none,hamp_output,c75c31af2389cc3a594f,1,0,1,0.08860177546739578,0.91139817237854
PETS_CREDIT_high_eff_su2_r5_d6_b02__none,none,hamp_output,cbee3c9401120608f2ba,0,0,0,0.9943406581878662,0.005659351125359535
PETS_CREDIT_high_eff_su2_r5_d6_b02__none,none,hamp_output,1c3e9f95fcefe2e9f555,0,0,0,0.8902612924575806,0.10973868519067764
PETS_CREDIT_high_eff_su2_r5_d6_b02__none,none,hamp_output,47955bec8c8c8b0d6ecd,0,0,0,0.8417643308639526,0.15823571383953094
PETS_CREDIT_high_eff_su2_r5_d6_b02__none,none,hamp_output,925cfc4ba01b802e6fea,0,0,0,0.6878716945648193,0.31212833523750305
PETS_CREDIT_high_eff_su2_r5_d6_b02__none,none,hamp_output,cf2b344b8a066b41a298,0,0,0,0.6151020526885986,0.384897917509079
PETS_CREDIT_high_eff_su2_r5_d6_b02__none,none,hamp_output,44ce9ab8bd9bd704ad04,0,1,0,0.6692140698432922,0.3307859003543854
PETS_CREDIT_high_eff_su2_r5_d6_b02__none,none,hamp_output,d2f0fdb253d121d24db4,0,0,0,0.8213356137275696,0.17866437137126923
PETS_CREDIT_high_eff_su2_r5_d6_b02__none,none,hamp_output,11958d422323d7de5da8,0,1,1,0.1824793517589569,0.8175206780433655
PETS_CREDIT_high_eff_su2_r5_d6_b02__none,none,hamp_output,ee145a9d7a0dd082d343,0,1,1,0.3047586679458618,0.6952413320541382
PETS_CREDIT_high_eff_su2_r5_d6_b02__none,none,hamp_output,3bb90fb9f41d8cd780fb,0,0,0,0.8968924283981323,0.10310754925012589
PETS_CREDIT_high_eff_su2_r5_d6_b02__none,none,hamp_output,1df211fa59aa1d5f8ac4,0,0,0,0.7126843929290771,0.2873156666755676
PETS_CREDIT_high_eff_su2_r5_d6_b02__none,none,hamp_output,864edb9124799ed14941,0,0,0,0.9783637523651123,0.021636255085468292
PETS_CREDIT_high_eff_su2_r5_d6_b02__none,none,hamp_output,71a5cf1405bd2714ab77,0,0,0,0.958411455154419,0.04158857837319374
PETS_CREDIT_high_eff_su2_r5_d6_b02__none,none,hamp_output,ec314aa70302252ef357,0,0,0,0.9979985952377319,0.0020013523753732443
PETS_CREDIT_high_eff_su2_r5_d6_b02__none,none,hamp_output,07849266aa8f190a63f2,0,0,0,0.9354867935180664,0.06451324373483658
PETS_CREDIT_high_eff_su2_r5_d6_b02__none,none,hamp_output,9905912b0d924a7b3ca5,0,1,0,0.9585562944412231,0.04144374653697014
PETS_CREDIT_high_eff_su2_r5_d6_b02__none,none,hamp_output,10906783256975cefbbb,0,0,0,0.9194470047950745,0.08055296540260315
PETS_CREDIT_high_eff_su2_r5_d6_b02__none,none,hamp_output,7ff0c461042567dfe447,0,0,0,0.9875938296318054,0.01240614429116249
PETS_CREDIT_high_eff_su2_r5_d6_b02__none,none,hamp_output,34cd383be85fcb382ea6,0,0,0,0.9980617761611938,0.0019382564350962639
PETS_CREDIT_high_eff_su2_r5_d6_b02__none,none,hamp_output,da601eb1fce6bb696bf8,0,1,0,0.9407187700271606,0.059281229972839355
PETS_CREDIT_high_eff_su2_r5_d6_b02__none,none,hamp_output,555680807658211b545c,0,0,0,0.7388694286346436,0.2611306309700012
PETS_CREDIT_high_eff_su2_r5_d6_b02__none,none,hamp_output,7dbb07f72b26cae53e10,0,0,1,0.34735968708992004,0.6526403427124023
PETS_CREDIT_high_eff_su2_r5_d6_b02__none,none,hamp_output,3692ecea3b8cc152ac74,0,0,0,0.7511381506919861,0.24886177480220795
PETS_CREDIT_high_eff_su2_r5_d6_b02__none,none,hamp_output,685e2ecf9c9c42d485ce,0,0,0,0.6035822033882141,0.3964178264141083
PETS_CREDIT_high_eff_su2_r5_d6_b02__none,none,hamp_output,3a38d3079b87b1aa292b,0,0,0,0.9848379492759705,0.015162080526351929
PETS_CREDIT_high_eff_su2_r5_d6_b02__none,none,hamp_output,4a088c612fee9ef613b8,0,0,0,0.6322430968284607,0.3677569031715393
PETS_CREDIT_high_eff_su2_r5_d6_b02__none,none,hamp_output,e662ed68ef3f99bd0ed7,0,0,0,0.9951369762420654,0.004863004200160503
PETS_CREDIT_high_eff_su2_r5_d6_b02__none,none,hamp_output,baf60f731977893683c9,0,0,0,0.7556182742118835,0.24438174068927765
PETS_CREDIT_high_eff_su2_r5_d6_b02__none,none,hamp_output,af85096b9d68ea111a40,0,0,0,0.8365107774734497,0.1634892225265503
PETS_CREDIT_high_eff_su2_r5_d6_b02__none,none,hamp_output,948f6a099d3241c9a1ec,0,0,0,0.9684972763061523,0.03150277957320213
PETS_CREDIT_high_eff_su2_r5_d6_b02__none,none,hamp_output,5f65233bde8585faedb5,0,0,0,0.6778705716133118,0.3221294581890106
PETS_CREDIT_high_eff_su2_r5_d6_b02__none,none,hamp_output,5acd05c508162abd3783,0,0,0,0.9609606862068176,0.03903934359550476
PETS_CREDIT_high_eff_su2_r5_d6_b02__none,none,hamp_output,349b65ac22308893e3ec,0,1,0,0.8497791290283203,0.1502208560705185
PETS_CREDIT_high_eff_su2_r5_d6_b02__none,none,hamp_output,1deef9da8e2ee98331dc,0,0,1,0.04103442654013634,0.9589655995368958
PETS_CREDIT_high_eff_su2_r5_d6_b02__none,none,hamp_output,ccba09c993c170faae38,0,1,1,0.2941550314426422,0.7058449983596802
PETS_CREDIT_high_eff_su2_r5_d6_b02__none,none,hamp_output,4882932be60b65305c84,0,0,0,0.5758260488510132,0.42417392134666443
PETS_CREDIT_high_eff_su2_r5_d6_b02__none,none,hamp_output,b244235968526b38867d,0,0,0,0.9044451713562012,0.09555482119321823
PETS_CREDIT_high_eff_su2_r5_d6_b02__none,none,hamp_output,c3a927c03687d1a576df,0,0,0,0.9429261684417725,0.05707383528351784
PETS_CREDIT_high_eff_su2_r5_d6_b02__none,none,hamp_output,fa1f9563eb089a4c05eb,0,1,0,0.9677878618240356,0.032212115824222565
PETS_CREDIT_high_eff_su2_r5_d6_b02__none,none,hamp_output,555c4408bbd55bf9a01b,0,0,0,0.7992295026779175,0.2007705569267273
PETS_CREDIT_high_eff_su2_r5_d6_b02__none,none,hamp_output,6bb3006cf2b47b29d044,0,0,0,0.8494333028793335,0.15056675672531128
PETS_CREDIT_high_eff_su2_r5_d6_b02__none,none,hamp_output,a3076f399cf32e671da9,0,1,0,0.6863381266593933,0.3136618733406067
PETS_CREDIT_high_eff_su2_r5_d6_b02__none,none,hamp_output,d0ead593664a3694fc2c,0,0,0,0.8505178093910217,0.14948217570781708
PETS_CREDIT_high_eff_su2_r5_d6_b02__none,none,hamp_output,f4686f1ccb3b1f5b89c1,0,0,0,0.970615029335022,0.029384955763816833
PETS_CREDIT_high_eff_su2_r5_d6_b02__none,none,hamp_output,6b7219cfa53e1ae4e686,0,0,0,0.6717746257781982,0.32822540402412415
PETS_CREDIT_high_eff_su2_r5_d6_b02__none,none,hamp_output,88f9384f8a0cf279c07b,0,0,0,0.9264912605285645,0.07350874692201614
PETS_CREDIT_high_eff_su2_r5_d6_b02__none,none,hamp_output,8ac37e6efcfd84f4bf90,0,0,0,0.8194253444671631,0.18057464063167572
PETS_CREDIT_high_eff_su2_r5_d6_b02__none,none,hamp_output,e947ef8b0f016ee69de8,0,0,0,0.9277477860450745,0.07225220650434494
PETS_CREDIT_high_eff_su2_r5_d6_b02__none,none,hamp_output,6c53aaf7ecbc425941a4,0,1,0,0.5685185194015503,0.4314815402030945
PETS_CREDIT_high_eff_su2_r5_d6_b02__none,none,hamp_output,b215fc8b709612d72d29,0,0,0,0.7018904089927673,0.29810962080955505
PETS_CREDIT_high_eff_su2_r5_d6_b02__none,none,hamp_output,87c7d3469677d57e0f68,0,0,0,0.83853679895401,0.1614631861448288
PETS_CREDIT_high_eff_su2_r5_d6_b02__none,none,hamp_output,aca397f6cfe96c665e23,0,0,0,0.9880006909370422,0.011999320238828659
PETS_CREDIT_high_eff_su2_r5_d6_b02__none,none,hamp_output,f1d5fbea8d8fc197f689,0,0,0,0.8458177447319031,0.1541822999715805
PETS_CREDIT_high_eff_su2_r5_d6_b02__none,none,hamp_output,a660b0769301bab3f88d,0,0,0,0.9728745222091675,0.02712550014257431
PETS_CREDIT_high_eff_su2_r5_d6_b02__none,none,hamp_output,fb41b4f01480a9067cf9,0,1,0,0.7167437076568604,0.28325632214546204
PETS_CREDIT_high_eff_su2_r5_d6_b02__none,none,hamp_output,c65308558f565034903d,0,1,0,0.8359023928642273,0.1640976220369339
PETS_CREDIT_high_eff_su2_r5_d6_b02__none,none,hamp_output,61985a6dca52dc5fe733,0,0,0,0.6846388578414917,0.3153611421585083
PETS_CREDIT_high_eff_su2_r5_d6_b02__none,none,hamp_output,79d13f79e25dd355b797,0,1,0,0.9779224395751953,0.022077608853578568
PETS_CREDIT_high_eff_su2_r5_d6_b02__none,none,hamp_output,6df7b8af4894c02f1865,0,0,0,0.9272086024284363,0.0727914497256279
PETS_CREDIT_high_eff_su2_r5_d6_b02__none,none,hamp_output,f50f173b25417d940819,0,0,0,0.8822508454322815,0.11774914711713791
PETS_CREDIT_high_eff_su2_r5_d6_b02__none,none,hamp_output,73ce0aaf437e0a73c182,0,1,0,0.8356854319572449,0.16431453824043274
PETS_CREDIT_high_eff_su2_r5_d6_b02__none,none,hamp_output,0748c8ca29b369b66e6f,0,1,0,0.8871567249298096,0.11284328252077103
PETS_CREDIT_high_eff_su2_r5_d6_b02__none,none,hamp_output,e5cdd46506910a0d29a4,0,0,0,0.6228651404380798,0.3771348297595978
PETS_CREDIT_high_eff_su2_r5_d6_b02__none,none,hamp_output,266c16f52337745816e5,0,0,0,0.7979024648666382,0.202097550034523
PETS_CREDIT_high_eff_su2_r5_d6_b02__none,none,hamp_output,806319326d809b9eae67,0,0,0,0.9615163207054138,0.03848365694284439
PETS_CREDIT_high_eff_su2_r5_d6_b02__none,none,hamp_output,3da17ae4582b2ac6ac6a,0,0,0,0.911118745803833,0.0888812243938446
PETS_CREDIT_high_eff_su2_r5_d6_b02__none,none,hamp_output,cd6bf5351920ef71b772,0,0,0,0.7501288652420044,0.2498711347579956
PETS_CREDIT_high_eff_su2_r5_d6_b02__none,none,hamp_output,f1fa5a6ee10e25b70a00,0,0,0,0.9908532500267029,0.00914674811065197
PETS_CREDIT_high_eff_su2_r5_d6_b02__none,none,hamp_output,de98a8baab2807797bb8,0,0,0,0.7999849319458008,0.2000151127576828
PETS_CREDIT_high_eff_su2_r5_d6_b02__none,none,hamp_output,4c7af58561c27a6e341e,0,1,0,0.830787181854248,0.16921278834342957
PETS_CREDIT_high_eff_su2_r5_d6_b02__none,none,hamp_output,38ba8c1ecc8be69eb7d0,0,0,0,0.975685179233551,0.02431485988199711
PETS_CREDIT_high_eff_su2_r5_d6_b02__none,none,hamp_output,1b857744e17f39b46f16,0,0,0,0.8922950029373169,0.1077050268650055
PETS_CREDIT_high_eff_su2_r5_d6_b02__none,none,hamp_output,31d01a38894b805bfc80,0,0,0,0.7041119337081909,0.29588809609413147
PETS_CREDIT_high_eff_su2_r5_d6_b02__none,none,hamp_output,231156f957719dd417d9,0,0,0,0.9954474568367004,0.004552553873509169
PETS_CREDIT_high_eff_su2_r5_d6_b02__none,none,hamp_output,7bfb843a13cff05233ad,0,0,0,0.7928717732429504,0.20712819695472717
PETS_CREDIT_high_eff_su2_r5_d6_b02__none,none,hamp_output,24850cc249ef6fef8baa,0,0,0,0.940481960773468,0.05951808765530586
PETS_CREDIT_high_eff_su2_r5_d6_b02__none,none,hamp_output,f80b742f70e5ef1f2f75,0,0,0,0.9923577308654785,0.007642302196472883
PETS_CREDIT_high_eff_su2_r5_d6_b02__none,none,hamp_output,392fabb059005262a0a6,0,0,0,0.914713442325592,0.08528655022382736
PETS_CREDIT_high_eff_su2_r5_d6_b02__none,none,hamp_output,e5731b75bfb8647f33f0,0,1,1,0.013070170767605305,0.9869298338890076
PETS_CREDIT_high_eff_su2_r5_d6_b02__none,none,hamp_output,63426de2bcac10c978ef,0,0,0,0.9943738579750061,0.005626083351671696
PETS_CREDIT_high_eff_su2_r5_d6_b02__none,none,hamp_output,346b2d56d8b09d426f47,0,1,1,0.15577802062034607,0.8442219495773315
PETS_CREDIT_high_eff_su2_r5_d6_b02__none,none,hamp_output,79ede8f524cb4755d342,0,0,0,0.9976349472999573,0.0023650918155908585
PETS_CREDIT_high_eff_su2_r5_d6_b02__none,none,hamp_output,9b15c4988e577e46b572,0,0,0,0.8297659754753113,0.17023396492004395
PETS_CREDIT_high_eff_su2_r5_d6_b02__none,none,hamp_output,2ae5fdcfe3923a4263b6,0,0,0,0.7034017443656921,0.2965982258319855
PETS_CREDIT_high_eff_su2_r5_d6_b02__none,none,hamp_output,b690772de8eb14084d30,0,1,0,0.8797144889831543,0.12028554826974869
PETS_CREDIT_high_eff_su2_r5_d6_b02__none,none,hamp_output,a19516268df63768faeb,0,0,0,0.6453593969345093,0.3546406030654907
PETS_CREDIT_high_eff_su2_r5_d6_b02__none,none,hamp_output,2e900caa6bf6a7e56807,0,0,0,0.9084862470626831,0.09151379019021988
PETS_CREDIT_high_eff_su2_r5_d6_b02__none,none,hamp_output,3e5959b02df8356effc1,0,0,0,0.9761680364608765,0.023831995204091072
PETS_CREDIT_high_eff_su2_r5_d6_b02__none,none,hamp_output,b6b16448c07ca52d41fb,0,0,0,0.8092361688613892,0.19076386094093323
PETS_CREDIT_high_eff_su2_r5_d6_b02__none,none,hamp_output,bf9825a8b0d7138b3690,0,1,0,0.6849040389060974,0.3150959610939026
PETS_CREDIT_high_eff_su2_r5_d6_b02__none,none,hamp_output,ae831412dedceb901cc4,0,0,0,0.9565063714981079,0.04349360242486
PETS_CREDIT_high_eff_su2_r5_d6_b02__none,none,hamp_output,1b791f7fc091a40a0494,0,0,0,0.8943105936050415,0.10568934679031372
PETS_CREDIT_high_eff_su2_r5_d6_b02__none,none,hamp_output,2951667761deda7d6d9f,0,0,0,0.9952504634857178,0.00474953930824995
PETS_CREDIT_high_eff_su2_r5_d6_b02__none,none,hamp_output,c55786a9941cc04c9348,0,0,0,0.5483829379081726,0.4516170918941498
PETS_CREDIT_high_eff_su2_r5_d6_b02__none,none,hamp_output,67fb36e26b798796d6fd,0,0,0,0.9885784387588501,0.011421610601246357
PETS_CREDIT_high_eff_su2_r5_d6_b02__none,none,hamp_output,f8f44150ace4d5e110b6,0,1,0,0.7403066158294678,0.2596934139728546
PETS_CREDIT_high_eff_su2_r5_d6_b02__none,none,hamp_output,92becb8f0ed68752cc52,0,1,0,0.5320653915405273,0.46793457865715027
PETS_CREDIT_high_eff_su2_r5_d6_b02__none,none,hamp_output,cab8e2ac7eeaf27d3d2c,0,0,0,0.92324298620224,0.07675695419311523
PETS_CREDIT_high_eff_su2_r5_d6_b02__none,none,hamp_output,d1db35b6c9e008df971d,0,0,1,0.32931917905807495,0.6706808805465698
PETS_CREDIT_high_eff_su2_r5_d6_b02__none,none,hamp_output,83d86a08997d81c1643f,0,0,0,0.9243590235710144,0.07564099878072739
PETS_CREDIT_high_eff_su2_r5_d6_b02__none,none,memguard,26b6a5da65cdaeb8e184,1,0,0,0.5770334005355835,0.4229665696620941
PETS_CREDIT_high_eff_su2_r5_d6_b02__none,none,memguard,aaca4c9adb936209ae4f,1,0,0,0.8132514357566833,0.18674860894680023
PETS_CREDIT_high_eff_su2_r5_d6_b02__none,none,memguard,5b4cdc8a84b914138d2b,1,0,0,0.9392806887626648,0.060719285160303116
PETS_CREDIT_high_eff_su2_r5_d6_b02__none,none,memguard,d2c3d34fb102babfa194,1,0,0,0.6577528119087219,0.34224721789360046
PETS_CREDIT_high_eff_su2_r5_d6_b02__none,none,memguard,26f8e0268dd95cba45fd,1,0,0,0.6608208417892456,0.3391791880130768
PETS_CREDIT_high_eff_su2_r5_d6_b02__none,none,memguard,877b93e6aa8797d2cd0b,1,1,0,0.8597707748413086,0.1402292251586914
PETS_CREDIT_high_eff_su2_r5_d6_b02__none,none,memguard,e0b33cacbadcac9f3d26,1,0,0,0.7271822690963745,0.2728177309036255
PETS_CREDIT_high_eff_su2_r5_d6_b02__none,none,memguard,df16a30c67111933fccc,1,1,1,0.21805556118488312,0.7819444537162781
PETS_CREDIT_high_eff_su2_r5_d6_b02__none,none,memguard,7105743f10682ac4a1cc,1,1,0,0.571997344493866,0.42800265550613403
PETS_CREDIT_high_eff_su2_r5_d6_b02__none,none,memguard,0ffd3e39286157b02ad4,1,0,0,0.9089075922966003,0.09109237790107727
PETS_CREDIT_high_eff_su2_r5_d6_b02__none,none,memguard,e4890079e5df86b99388,1,0,0,0.7383732795715332,0.2616266906261444
PETS_CREDIT_high_eff_su2_r5_d6_b02__none,none,memguard,e07f107ec2deef516f4f,1,0,0,0.7120963931083679,0.2879035770893097
PETS_CREDIT_high_eff_su2_r5_d6_b02__none,none,memguard,c91e3b5a028c06ad1f92,1,0,0,0.7860656380653381,0.21393436193466187
PETS_CREDIT_high_eff_su2_r5_d6_b02__none,none,memguard,d606f1831b9734bb90e1,1,0,0,0.8529197573661804,0.14708024263381958
PETS_CREDIT_high_eff_su2_r5_d6_b02__none,none,memguard,c3a59fc71e20658f6341,1,0,0,0.8368363976478577,0.16316363215446472
PETS_CREDIT_high_eff_su2_r5_d6_b02__none,none,memguard,78edbc6916b12b570866,1,1,0,0.7211123704910278,0.27888762950897217
PETS_CREDIT_high_eff_su2_r5_d6_b02__none,none,memguard,a62d80fa1349c54517ce,1,0,0,0.9349760413169861,0.06502397358417511
PETS_CREDIT_high_eff_su2_r5_d6_b02__none,none,memguard,46dbe6ca2f4531385a05,1,0,0,0.5465546250343323,0.4534454047679901
PETS_CREDIT_high_eff_su2_r5_d6_b02__none,none,memguard,8b629ccf361c8da0309f,1,0,0,0.9377032518386841,0.06229672208428383
PETS_CREDIT_high_eff_su2_r5_d6_b02__none,none,memguard,4dde24d981dd8981f71f,1,1,0,0.6420603394508362,0.35793963074684143
PETS_CREDIT_high_eff_su2_r5_d6_b02__none,none,memguard,ab00e756b29c98fd6674,1,0,0,0.9378193020820618,0.06218068674206734
PETS_CREDIT_high_eff_su2_r5_d6_b02__none,none,memguard,196d92dfff0523a23237,1,0,0,0.7303460240364075,0.2696540057659149
PETS_CREDIT_high_eff_su2_r5_d6_b02__none,none,memguard,988a4b4dcb53bafffb01,1,0,0,0.9340460896492004,0.06595388799905777
PETS_CREDIT_high_eff_su2_r5_d6_b02__none,none,memguard,c8a7bd1cd35ba1e89b80,1,0,0,0.8219143152236938,0.17808566987514496
PETS_CREDIT_high_eff_su2_r5_d6_b02__none,none,memguard,6093ce809aa33ce6693b,1,0,0,0.9399767518043518,0.06002326309680939
PETS_CREDIT_high_eff_su2_r5_d6_b02__none,none,memguard,00405a37dd709b2d51a8,1,0,0,0.7813170552253723,0.21868298947811127
PETS_CREDIT_high_eff_su2_r5_d6_b02__none,none,memguard,aaff47c50ec280d97eda,1,0,0,0.6648130416870117,0.33518701791763306
PETS_CREDIT_high_eff_su2_r5_d6_b02__none,none,memguard,a6dfd0dc4ba32e6c00e6,1,0,0,0.7844023108482361,0.2155977040529251
PETS_CREDIT_high_eff_su2_r5_d6_b02__none,none,memguard,75e559f2a9928f47e4ef,1,0,0,0.9251393675804138,0.07486063987016678
PETS_CREDIT_high_eff_su2_r5_d6_b02__none,none,memguard,f1068bd99413d081a271,1,0,0,0.7531412839889526,0.24685874581336975
PETS_CREDIT_high_eff_su2_r5_d6_b02__none,none,memguard,58cb80b3d0535cb4343a,1,0,0,0.7322506904602051,0.2677493095397949
PETS_CREDIT_high_eff_su2_r5_d6_b02__none,none,memguard,5cb75d859aa2d3df94b0,1,0,0,0.8937132358551025,0.10628674924373627
PETS_CREDIT_high_eff_su2_r5_d6_b02__none,none,memguard,6e144bf85d42e3ac6fae,1,1,0,0.6502959132194519,0.3497040867805481
PETS_CREDIT_high_eff_su2_r5_d6_b02__none,none,memguard,e8613e68d8ca2ea9e7fd,1,0,0,0.7336702942848206,0.26632970571517944
PETS_CREDIT_high_eff_su2_r5_d6_b02__none,none,memguard,0674ce029ebb21d32e38,1,1,1,0.4877469539642334,0.5122530460357666
PETS_CREDIT_high_eff_su2_r5_d6_b02__none,none,memguard,b0f47ae4b56b3aa4d111,1,0,0,0.733780562877655,0.26621943712234497
PETS_CREDIT_high_eff_su2_r5_d6_b02__none,none,memguard,e76cce60bc3507d0d7b2,1,0,0,0.6261700987815857,0.3738299012184143
PETS_CREDIT_high_eff_su2_r5_d6_b02__none,none,memguard,72bf8a475d5aa5538cd3,1,0,0,0.6072874069213867,0.39271262288093567
PETS_CREDIT_high_eff_su2_r5_d6_b02__none,none,memguard,f3ca91dd8e5aba8d83d9,1,1,0,0.5514408946037292,0.4485591650009155
PETS_CREDIT_high_eff_su2_r5_d6_b02__none,none,memguard,70d271c728323ea28d90,1,0,0,0.937057614326477,0.06294243782758713
PETS_CREDIT_high_eff_su2_r5_d6_b02__none,none,memguard,a55e4e1cd3465563efc4,1,0,0,0.6751945614814758,0.3248054087162018
PETS_CREDIT_high_eff_su2_r5_d6_b02__none,none,memguard,4def6ca8e27be84aeb54,1,1,0,0.5015794038772583,0.4984205663204193
PETS_CREDIT_high_eff_su2_r5_d6_b02__none,none,memguard,347bd04364dce3c5342e,1,0,0,0.6739469170570374,0.32605308294296265
PETS_CREDIT_high_eff_su2_r5_d6_b02__none,none,memguard,bf465d63c434358f77e4,1,0,0,0.7367795705795288,0.2632204592227936
PETS_CREDIT_high_eff_su2_r5_d6_b02__none,none,memguard,c9e5785745f04cec0d37,1,0,0,0.938749372959137,0.06125062704086304
PETS_CREDIT_high_eff_su2_r5_d6_b02__none,none,memguard,c536d8f2ff559c7756e7,1,0,0,0.9257583022117615,0.07424169033765793
PETS_CREDIT_high_eff_su2_r5_d6_b02__none,none,memguard,f0c1637eb1fa5204c581,1,0,0,0.6909698247909546,0.309030145406723
PETS_CREDIT_high_eff_su2_r5_d6_b02__none,none,memguard,bfa7b1aca5d187760a16,1,0,0,0.6401070952415466,0.35989290475845337
PETS_CREDIT_high_eff_su2_r5_d6_b02__none,none,memguard,cec5a851be4f6e7c0887,1,1,0,0.7713792324066162,0.22862078249454498
PETS_CREDIT_high_eff_su2_r5_d6_b02__none,none,memguard,619b46d6086e6aad3d84,1,0,0,0.9040944576263428,0.09590556472539902
PETS_CREDIT_high_eff_su2_r5_d6_b02__none,none,memguard,1dd9f8371cdcaa1758b3,1,0,0,0.8880785703659058,0.11192139983177185
PETS_CREDIT_high_eff_su2_r5_d6_b02__none,none,memguard,a4fc6b0808359418c098,1,0,0,0.5871658325195312,0.41283413767814636
PETS_CREDIT_high_eff_su2_r5_d6_b02__none,none,memguard,073dbbd888ef767c75de,1,0,0,0.9403778314590454,0.05962219089269638
PETS_CREDIT_high_eff_su2_r5_d6_b02__none,none,memguard,7c7fe88dcec806be29da,1,0,0,0.9194247722625732,0.08057526499032974
PETS_CREDIT_high_eff_su2_r5_d6_b02__none,none,memguard,fbbb0f469e10095b9cc1,1,1,0,0.7962207794189453,0.2037791907787323
PETS_CREDIT_high_eff_su2_r5_d6_b02__none,none,memguard,c0daa10532a8487ca803,1,1,0,0.5876716375350952,0.4123283326625824
PETS_CREDIT_high_eff_su2_r5_d6_b02__none,none,memguard,bacc1c25b75ae0e1b780,1,0,0,0.937038004398346,0.06296201795339584
PETS_CREDIT_high_eff_su2_r5_d6_b02__none,none,memguard,1313972ddf1c6e9eb2c9,1,1,0,0.6339260935783386,0.3660739064216614
PETS_CREDIT_high_eff_su2_r5_d6_b02__none,none,memguard,1819fe5c399a17316fee,1,0,0,0.9046259522438049,0.09537404030561447
PETS_CREDIT_high_eff_su2_r5_d6_b02__none,none,memguard,70e46e61db439dd8e308,1,0,0,0.7375773787498474,0.2624226212501526
PETS_CREDIT_high_eff_su2_r5_d6_b02__none,none,memguard,01743ddf295d8f6b5a46,1,1,0,0.7208594083786011,0.27914056181907654
PETS_CREDIT_high_eff_su2_r5_d6_b02__none,none,memguard,a5628044ec0880a52490,1,1,1,0.44022804498672485,0.5597719550132751
PETS_CREDIT_high_eff_su2_r5_d6_b02__none,none,memguard,6a75db22a6087741eef2,1,0,0,0.751219630241394,0.24878033995628357
PETS_CREDIT_high_eff_su2_r5_d6_b02__none,none,memguard,92516ca36411fad7d9c9,1,0,0,0.7738552689552307,0.22614476084709167
PETS_CREDIT_high_eff_su2_r5_d6_b02__none,none,memguard,787c85a205e13b242012,1,0,0,0.6295894980430603,0.3704104721546173
PETS_CREDIT_high_eff_su2_r5_d6_b02__none,none,memguard,8d5ec20ca179ede5da84,1,0,0,0.6914623379707336,0.30853766202926636
PETS_CREDIT_high_eff_su2_r5_d6_b02__none,none,memguard,973b363916938dbaaf31,1,0,0,0.7525464296340942,0.24745354056358337
PETS_CREDIT_high_eff_su2_r5_d6_b02__none,none,memguard,e3e282f64bed70282149,1,0,0,0.9091504216194153,0.09084960073232651
PETS_CREDIT_high_eff_su2_r5_d6_b02__none,none,memguard,c50e57ca37a497df3a13,1,0,0,0.8886876702308655,0.1113123744726181
PETS_CREDIT_high_eff_su2_r5_d6_b02__none,none,memguard,6c0e663b6848864dc914,1,1,0,0.5972622632980347,0.40273770689964294
PETS_CREDIT_high_eff_su2_r5_d6_b02__none,none,memguard,ac5f40db5db91c18a83b,1,0,0,0.935198187828064,0.06480180472135544
PETS_CREDIT_high_eff_su2_r5_d6_b02__none,none,memguard,072f10d00d9156aab9f2,1,0,0,0.9377318620681763,0.06226815655827522
PETS_CREDIT_high_eff_su2_r5_d6_b02__none,none,memguard,526cee77dcfea7ee8138,1,0,0,0.9360820055007935,0.06391797214746475
PETS_CREDIT_high_eff_su2_r5_d6_b02__none,none,memguard,25282b20e9c64236ec4d,1,0,0,0.928527295589447,0.07147271186113358
PETS_CREDIT_high_eff_su2_r5_d6_b02__none,none,memguard,14ee67db08b82edf07a3,1,0,0,0.7578556537628174,0.24214434623718262
PETS_CREDIT_high_eff_su2_r5_d6_b02__none,none,memguard,eb849709f12c60edd50b,1,0,0,0.8846957087516785,0.11530429124832153
PETS_CREDIT_high_eff_su2_r5_d6_b02__none,none,memguard,b91b8614dbf7826436cf,1,0,0,0.9333692789077759,0.06663073599338531
PETS_CREDIT_high_eff_su2_r5_d6_b02__none,none,memguard,8f95586c1c6fb3f2a750,1,0,0,0.9399442076683044,0.060055822134017944
PETS_CREDIT_high_eff_su2_r5_d6_b02__none,none,memguard,5e48c11768cb070aefe6,1,1,0,0.8209300637245178,0.17906992137432098
PETS_CREDIT_high_eff_su2_r5_d6_b02__none,none,memguard,7ce1135db7560daf7e70,1,0,0,0.827447235584259,0.17255273461341858
PETS_CREDIT_high_eff_su2_r5_d6_b02__none,none,memguard,f332cc500c7a62b19024,1,1,0,0.5281243920326233,0.4718756079673767
PETS_CREDIT_high_eff_su2_r5_d6_b02__none,none,memguard,192395141a760795b97a,1,0,0,0.8337485194206238,0.16625146567821503
PETS_CREDIT_high_eff_su2_r5_d6_b02__none,none,memguard,9fc5fbe55717fe6862a4,1,0,0,0.9363662004470825,0.06363382935523987
PETS_CREDIT_high_eff_su2_r5_d6_b02__none,none,memguard,8fe0ac3103b5acc00cdc,1,0,0,0.941376805305481,0.058623190969228745
PETS_CREDIT_high_eff_su2_r5_d6_b02__none,none,memguard,d46f8b9f4d57f90db615,1,1,0,0.5660327672958374,0.4339672029018402
PETS_CREDIT_high_eff_su2_r5_d6_b02__none,none,memguard,11ccb38ba9653d61e950,1,0,0,0.7699486017227173,0.23005136847496033
PETS_CREDIT_high_eff_su2_r5_d6_b02__none,none,memguard,b84ff32b3c14263b0dd5,1,0,0,0.9262145757675171,0.0737854465842247
PETS_CREDIT_high_eff_su2_r5_d6_b02__none,none,memguard,ab97fae957e08270ffce,1,0,0,0.9373774528503418,0.06262257695198059
PETS_CREDIT_high_eff_su2_r5_d6_b02__none,none,memguard,6af56a8b2e15acc1e086,1,0,0,0.9338141083717346,0.06618593633174896
PETS_CREDIT_high_eff_su2_r5_d6_b02__none,none,memguard,07d4d260e30d7cf5b71f,1,1,1,0.13329645991325378,0.8667035698890686
PETS_CREDIT_high_eff_su2_r5_d6_b02__none,none,memguard,fb40711278aca2b43c69,1,0,0,0.9381213784217834,0.061878662556409836
PETS_CREDIT_high_eff_su2_r5_d6_b02__none,none,memguard,1c7eb9e50fc08e5f8cf0,1,0,0,0.6905235648155212,0.30947643518447876
PETS_CREDIT_high_eff_su2_r5_d6_b02__none,none,memguard,5383d08662564ec7ab0d,1,0,0,0.9401508569717407,0.059849124401807785
PETS_CREDIT_high_eff_su2_r5_d6_b02__none,none,memguard,006df97946d214e0111f,1,0,0,0.5782808661460876,0.42171919345855713
PETS_CREDIT_high_eff_su2_r5_d6_b02__none,none,memguard,6f47824d3363865de61a,1,0,0,0.9332689642906189,0.0667310282588005
PETS_CREDIT_high_eff_su2_r5_d6_b02__none,none,memguard,3ac7ac4bc65a6ffec899,1,1,0,0.6462346911430359,0.3537652790546417
PETS_CREDIT_high_eff_su2_r5_d6_b02__none,none,memguard,29a333df83b13ef7fea3,1,1,0,0.777336597442627,0.22266341745853424
PETS_CREDIT_high_eff_su2_r5_d6_b02__none,none,memguard,39f8154e08ad72170108,1,0,0,0.8576340079307556,0.14236600697040558
PETS_CREDIT_high_eff_su2_r5_d6_b02__none,none,memguard,25bed8f88a506c4cc366,1,0,0,0.90867018699646,0.09132982045412064
PETS_CREDIT_high_eff_su2_r5_d6_b02__none,none,memguard,c75c31af2389cc3a594f,1,0,1,0.4796203374862671,0.5203796625137329
PETS_CREDIT_high_eff_su2_r5_d6_b02__none,none,memguard,cbee3c9401120608f2ba,0,0,0,0.9333972930908203,0.06660272926092148
PETS_CREDIT_high_eff_su2_r5_d6_b02__none,none,memguard,1c3e9f95fcefe2e9f555,0,0,0,0.8685413002967834,0.13145872950553894
PETS_CREDIT_high_eff_su2_r5_d6_b02__none,none,memguard,47955bec8c8c8b0d6ecd,0,0,0,0.7658114433288574,0.23418855667114258
PETS_CREDIT_high_eff_su2_r5_d6_b02__none,none,memguard,925cfc4ba01b802e6fea,0,0,0,0.6101513504981995,0.38984864950180054
PETS_CREDIT_high_eff_su2_r5_d6_b02__none,none,memguard,cf2b344b8a066b41a298,0,0,0,0.9336032271385193,0.06639675796031952
PETS_CREDIT_high_eff_su2_r5_d6_b02__none,none,memguard,44ce9ab8bd9bd704ad04,0,1,0,0.9197806119918823,0.08021940290927887
PETS_CREDIT_high_eff_su2_r5_d6_b02__none,none,memguard,d2f0fdb253d121d24db4,0,0,0,0.8263240456581116,0.17367589473724365
PETS_CREDIT_high_eff_su2_r5_d6_b02__none,none,memguard,11958d422323d7de5da8,0,1,1,0.4355579912662506,0.5644420385360718
PETS_CREDIT_high_eff_su2_r5_d6_b02__none,none,memguard,ee145a9d7a0dd082d343,0,1,1,0.15950578451156616,0.8404942154884338
PETS_CREDIT_high_eff_su2_r5_d6_b02__none,none,memguard,3bb90fb9f41d8cd780fb,0,0,0,0.8452816605567932,0.1547183245420456
PETS_CREDIT_high_eff_su2_r5_d6_b02__none,none,memguard,1df211fa59aa1d5f8ac4,0,0,0,0.9413106441497803,0.05868935585021973
PETS_CREDIT_high_eff_su2_r5_d6_b02__none,none,memguard,864edb9124799ed14941,0,0,0,0.937168538570404,0.06283148378133774
PETS_CREDIT_high_eff_su2_r5_d6_b02__none,none,memguard,71a5cf1405bd2714ab77,0,0,0,0.6037605404853821,0.3962394893169403
PETS_CREDIT_high_eff_su2_r5_d6_b02__none,none,memguard,ec314aa70302252ef357,0,0,0,0.5705674290657043,0.42943257093429565
PETS_CREDIT_high_eff_su2_r5_d6_b02__none,none,memguard,07849266aa8f190a63f2,0,0,0,0.5851072669029236,0.41489270329475403
PETS_CREDIT_high_eff_su2_r5_d6_b02__none,none,memguard,9905912b0d924a7b3ca5,0,1,0,0.7730918526649475,0.2269081175327301
PETS_CREDIT_high_eff_su2_r5_d6_b02__none,none,memguard,10906783256975cefbbb,0,0,0,0.8893337249755859,0.11066628247499466
PETS_CREDIT_high_eff_su2_r5_d6_b02__none,none,memguard,7ff0c461042567dfe447,0,0,0,0.7468517422676086,0.25314825773239136
PETS_CREDIT_high_eff_su2_r5_d6_b02__none,none,memguard,34cd383be85fcb382ea6,0,0,0,0.7561304569244385,0.24386954307556152
PETS_CREDIT_high_eff_su2_r5_d6_b02__none,none,memguard,da601eb1fce6bb696bf8,0,1,0,0.9994828104972839,0.00051716627785936
PETS_CREDIT_high_eff_su2_r5_d6_b02__none,none,memguard,555680807658211b545c,0,0,0,0.7377166748046875,0.2622833549976349
PETS_CREDIT_high_eff_su2_r5_d6_b02__none,none,memguard,7dbb07f72b26cae53e10,0,0,1,0.2935786843299866,0.7064213752746582
PETS_CREDIT_high_eff_su2_r5_d6_b02__none,none,memguard,3692ecea3b8cc152ac74,0,0,0,0.5099104642868042,0.4900895655155182
PETS_CREDIT_high_eff_su2_r5_d6_b02__none,none,memguard,685e2ecf9c9c42d485ce,0,0,0,0.81085205078125,0.18914799392223358
PETS_CREDIT_high_eff_su2_r5_d6_b02__none,none,memguard,3a38d3079b87b1aa292b,0,0,0,0.9401301145553589,0.059869881719350815
PETS_CREDIT_high_eff_su2_r5_d6_b02__none,none,memguard,4a088c612fee9ef613b8,0,0,0,0.8494037985801697,0.15059621632099152
PETS_CREDIT_high_eff_su2_r5_d6_b02__none,none,memguard,e662ed68ef3f99bd0ed7,0,0,0,0.7905650734901428,0.2094348967075348
PETS_CREDIT_high_eff_su2_r5_d6_b02__none,none,memguard,baf60f731977893683c9,0,0,0,0.8308587074279785,0.16914130747318268
PETS_CREDIT_high_eff_su2_r5_d6_b02__none,none,memguard,af85096b9d68ea111a40,0,0,0,0.9396048784255981,0.060395170003175735
PETS_CREDIT_high_eff_su2_r5_d6_b02__none,none,memguard,948f6a099d3241c9a1ec,0,0,0,0.898683488368988,0.10131654888391495
PETS_CREDIT_high_eff_su2_r5_d6_b02__none,none,memguard,5f65233bde8585faedb5,0,0,0,0.7506482005119324,0.24935179948806763
PETS_CREDIT_high_eff_su2_r5_d6_b02__none,none,memguard,5acd05c508162abd3783,0,0,0,0.827664315700531,0.1723356544971466
PETS_CREDIT_high_eff_su2_r5_d6_b02__none,none,memguard,349b65ac22308893e3ec,0,1,0,0.764845073223114,0.2351548969745636
PETS_CREDIT_high_eff_su2_r5_d6_b02__none,none,memguard,1deef9da8e2ee98331dc,0,0,1,0.4864516258239746,0.5135483741760254
PETS_CREDIT_high_eff_su2_r5_d6_b02__none,none,memguard,ccba09c993c170faae38,0,1,1,0.4115240275859833,0.5884759426116943
PETS_CREDIT_high_eff_su2_r5_d6_b02__none,none,memguard,4882932be60b65305c84,0,0,0,0.760199248790741,0.23980076611042023
PETS_CREDIT_high_eff_su2_r5_d6_b02__none,none,memguard,b244235968526b38867d,0,0,0,0.9386745691299438,0.06132541224360466
PETS_CREDIT_high_eff_su2_r5_d6_b02__none,none,memguard,c3a927c03687d1a576df,0,0,0,0.9354186654090881,0.06458134204149246
PETS_CREDIT_high_eff_su2_r5_d6_b02__none,none,memguard,fa1f9563eb089a4c05eb,0,1,0,0.8961235284805298,0.10387647897005081
PETS_CREDIT_high_eff_su2_r5_d6_b02__none,none,memguard,555c4408bbd55bf9a01b,0,0,0,0.9403266310691833,0.05967337265610695
PETS_CREDIT_high_eff_su2_r5_d6_b02__none,none,memguard,6bb3006cf2b47b29d044,0,0,0,0.6397422552108765,0.36025774478912354
PETS_CREDIT_high_eff_su2_r5_d6_b02__none,none,memguard,a3076f399cf32e671da9,0,1,0,0.7161344289779663,0.2838656008243561
PETS_CREDIT_high_eff_su2_r5_d6_b02__none,none,memguard,d0ead593664a3694fc2c,0,0,0,0.775611400604248,0.22438858449459076
PETS_CREDIT_high_eff_su2_r5_d6_b02__none,none,memguard,f4686f1ccb3b1f5b89c1,0,0,0,0.9336938261985779,0.0663062110543251
PETS_CREDIT_high_eff_su2_r5_d6_b02__none,none,memguard,6b7219cfa53e1ae4e686,0,0,0,0.5751104950904846,0.42488953471183777
PETS_CREDIT_high_eff_su2_r5_d6_b02__none,none,memguard,88f9384f8a0cf279c07b,0,0,0,0.713914155960083,0.286085844039917
PETS_CREDIT_high_eff_su2_r5_d6_b02__none,none,memguard,8ac37e6efcfd84f4bf90,0,0,0,0.77469402551651,0.22530598938465118
PETS_CREDIT_high_eff_su2_r5_d6_b02__none,none,memguard,e947ef8b0f016ee69de8,0,0,0,0.8181153535842896,0.18188466131687164
PETS_CREDIT_high_eff_su2_r5_d6_b02__none,none,memguard,6c53aaf7ecbc425941a4,0,1,0,0.663017749786377,0.33698228001594543
PETS_CREDIT_high_eff_su2_r5_d6_b02__none,none,memguard,b215fc8b709612d72d29,0,0,0,0.7841445207595825,0.21585547924041748
PETS_CREDIT_high_eff_su2_r5_d6_b02__none,none,memguard,87c7d3469677d57e0f68,0,0,0,0.9383318424224854,0.061668142676353455
PETS_CREDIT_high_eff_su2_r5_d6_b02__none,none,memguard,aca397f6cfe96c665e23,0,0,0,0.722463071346283,0.2775369882583618
PETS_CREDIT_high_eff_su2_r5_d6_b02__none,none,memguard,f1d5fbea8d8fc197f689,0,0,0,0.8892096281051636,0.11079034954309464
PETS_CREDIT_high_eff_su2_r5_d6_b02__none,none,memguard,a660b0769301bab3f88d,0,0,0,0.9265983700752258,0.07340160757303238
PETS_CREDIT_high_eff_su2_r5_d6_b02__none,none,memguard,fb41b4f01480a9067cf9,0,1,0,0.5510391592979431,0.4489608705043793
PETS_CREDIT_high_eff_su2_r5_d6_b02__none,none,memguard,c65308558f565034903d,0,1,0,0.9357950687408447,0.06420495361089706
PETS_CREDIT_high_eff_su2_r5_d6_b02__none,none,memguard,61985a6dca52dc5fe733,0,0,0,0.8135050535202026,0.1864948868751526
PETS_CREDIT_high_eff_su2_r5_d6_b02__none,none,memguard,79d13f79e25dd355b797,0,1,0,0.9075368642807007,0.0924631804227829
PETS_CREDIT_high_eff_su2_r5_d6_b02__none,none,memguard,6df7b8af4894c02f1865,0,0,0,0.8421117663383484,0.1578882336616516
PETS_CREDIT_high_eff_su2_r5_d6_b02__none,none,memguard,f50f173b25417d940819,0,0,0,0.9368516802787781,0.06314834952354431
PETS_CREDIT_high_eff_su2_r5_d6_b02__none,none,memguard,73ce0aaf437e0a73c182,0,1,0,0.6045826077461243,0.39541739225387573
PETS_CREDIT_high_eff_su2_r5_d6_b02__none,none,memguard,0748c8ca29b369b66e6f,0,1,0,0.9396644830703735,0.060335539281368256
PETS_CREDIT_high_eff_su2_r5_d6_b02__none,none,memguard,e5cdd46506910a0d29a4,0,0,0,0.7191157341003418,0.2808842957019806
PETS_CREDIT_high_eff_su2_r5_d6_b02__none,none,memguard,266c16f52337745816e5,0,0,0,0.9382830858230591,0.06171692907810211
PETS_CREDIT_high_eff_su2_r5_d6_b02__none,none,memguard,806319326d809b9eae67,0,0,0,0.713456392288208,0.2865435779094696
PETS_CREDIT_high_eff_su2_r5_d6_b02__none,none,memguard,3da17ae4582b2ac6ac6a,0,0,0,0.9097900390625,0.09021002054214478
PETS_CREDIT_high_eff_su2_r5_d6_b02__none,none,memguard,cd6bf5351920ef71b772,0,0,0,0.7544955015182495,0.2455044984817505
PETS_CREDIT_high_eff_su2_r5_d6_b02__none,none,memguard,f1fa5a6ee10e25b70a00,0,0,0,0.7510009407997131,0.24899908900260925
PETS_CREDIT_high_eff_su2_r5_d6_b02__none,none,memguard,de98a8baab2807797bb8,0,0,0,0.9329624772071838,0.06703750044107437
PETS_CREDIT_high_eff_su2_r5_d6_b02__none,none,memguard,4c7af58561c27a6e341e,0,1,0,0.9334460496902466,0.06655392050743103
PETS_CREDIT_high_eff_su2_r5_d6_b02__none,none,memguard,38ba8c1ecc8be69eb7d0,0,0,0,0.9373610615730286,0.06263897567987442
PETS_CREDIT_high_eff_su2_r5_d6_b02__none,none,memguard,1b857744e17f39b46f16,0,0,0,0.940464437007904,0.059535566717386246
PETS_CREDIT_high_eff_su2_r5_d6_b02__none,none,memguard,31d01a38894b805bfc80,0,0,0,0.7039843201637268,0.2960157096385956
PETS_CREDIT_high_eff_su2_r5_d6_b02__none,none,memguard,231156f957719dd417d9,0,0,0,0.8052234053611755,0.19477662444114685
PETS_CREDIT_high_eff_su2_r5_d6_b02__none,none,memguard,7bfb843a13cff05233ad,0,0,0,0.7373677492141724,0.26263225078582764
PETS_CREDIT_high_eff_su2_r5_d6_b02__none,none,memguard,24850cc249ef6fef8baa,0,0,0,0.896989107131958,0.10301090031862259
PETS_CREDIT_high_eff_su2_r5_d6_b02__none,none,memguard,f80b742f70e5ef1f2f75,0,0,0,0.6652660965919495,0.33473390340805054
PETS_CREDIT_high_eff_su2_r5_d6_b02__none,none,memguard,392fabb059005262a0a6,0,0,0,0.759568452835083,0.2404315173625946
PETS_CREDIT_high_eff_su2_r5_d6_b02__none,none,memguard,e5731b75bfb8647f33f0,0,1,1,0.4748741090297699,0.5251259207725525
PETS_CREDIT_high_eff_su2_r5_d6_b02__none,none,memguard,63426de2bcac10c978ef,0,0,0,0.7359447479248047,0.2640552520751953
PETS_CREDIT_high_eff_su2_r5_d6_b02__none,none,memguard,346b2d56d8b09d426f47,0,1,1,0.41045400500297546,0.5895460247993469
PETS_CREDIT_high_eff_su2_r5_d6_b02__none,none,memguard,79ede8f524cb4755d342,0,0,0,0.8632677793502808,0.13673219084739685
PETS_CREDIT_high_eff_su2_r5_d6_b02__none,none,memguard,9b15c4988e577e46b572,0,0,0,0.9339694976806641,0.06603053212165833
PETS_CREDIT_high_eff_su2_r5_d6_b02__none,none,memguard,2ae5fdcfe3923a4263b6,0,0,0,0.9388073086738586,0.06119270995259285
PETS_CREDIT_high_eff_su2_r5_d6_b02__none,none,memguard,b690772de8eb14084d30,0,1,0,0.7441858649253845,0.2558141350746155
PETS_CREDIT_high_eff_su2_r5_d6_b02__none,none,memguard,a19516268df63768faeb,0,0,0,0.7260627150535583,0.27393725514411926
PETS_CREDIT_high_eff_su2_r5_d6_b02__none,none,memguard,2e900caa6bf6a7e56807,0,0,0,0.9264242649078369,0.07357572019100189
PETS_CREDIT_high_eff_su2_r5_d6_b02__none,none,memguard,3e5959b02df8356effc1,0,0,0,0.9353063106536865,0.06469368189573288
PETS_CREDIT_high_eff_su2_r5_d6_b02__none,none,memguard,b6b16448c07ca52d41fb,0,0,0,0.7830262780189514,0.21697375178337097
PETS_CREDIT_high_eff_su2_r5_d6_b02__none,none,memguard,bf9825a8b0d7138b3690,0,1,0,0.8859984874725342,0.11400152742862701
PETS_CREDIT_high_eff_su2_r5_d6_b02__none,none,memguard,ae831412dedceb901cc4,0,0,0,0.6996912956237793,0.3003087043762207
PETS_CREDIT_high_eff_su2_r5_d6_b02__none,none,memguard,1b791f7fc091a40a0494,0,0,0,0.811909556388855,0.18809042870998383
PETS_CREDIT_high_eff_su2_r5_d6_b02__none,none,memguard,2951667761deda7d6d9f,0,0,0,0.9346500039100647,0.06534997373819351
PETS_CREDIT_high_eff_su2_r5_d6_b02__none,none,memguard,c55786a9941cc04c9348,0,0,0,0.8234819173812866,0.17651809751987457
PETS_CREDIT_high_eff_su2_r5_d6_b02__none,none,memguard,67fb36e26b798796d6fd,0,0,0,0.9389667510986328,0.0610332228243351
PETS_CREDIT_high_eff_su2_r5_d6_b02__none,none,memguard,f8f44150ace4d5e110b6,0,1,0,0.7130781412124634,0.286921888589859
PETS_CREDIT_high_eff_su2_r5_d6_b02__none,none,memguard,92becb8f0ed68752cc52,0,1,0,0.7781116366386414,0.22188836336135864
PETS_CREDIT_high_eff_su2_r5_d6_b02__none,none,memguard,cab8e2ac7eeaf27d3d2c,0,0,0,0.7743857502937317,0.2256142646074295
PETS_CREDIT_high_eff_su2_r5_d6_b02__none,none,memguard,d1db35b6c9e008df971d,0,0,1,0.482440322637558,0.5175596475601196
PETS_CREDIT_high_eff_su2_r5_d6_b02__none,none,memguard,83d86a08997d81c1643f,0,0,0,0.8976500630378723,0.1023499071598053
PETS_CREDIT_high_eff_su2_r5_d6_b02__none,none,logitguard_continuous,26b6a5da65cdaeb8e184,1,0,0,0.5790673494338989,0.4209326207637787
PETS_CREDIT_high_eff_su2_r5_d6_b02__none,none,logitguard_continuous,aaca4c9adb936209ae4f,1,0,0,0.8087472319602966,0.19125279784202576
PETS_CREDIT_high_eff_su2_r5_d6_b02__none,none,logitguard_continuous,5b4cdc8a84b914138d2b,1,0,0,0.8982176780700684,0.10178234428167343
PETS_CREDIT_high_eff_su2_r5_d6_b02__none,none,logitguard_continuous,d2c3d34fb102babfa194,1,0,0,0.6578877568244934,0.342112272977829
PETS_CREDIT_high_eff_su2_r5_d6_b02__none,none,logitguard_continuous,26f8e0268dd95cba45fd,1,0,0,0.6610978841781616,0.33890214562416077
PETS_CREDIT_high_eff_su2_r5_d6_b02__none,none,logitguard_continuous,877b93e6aa8797d2cd0b,1,1,0,0.861947238445282,0.1380527913570404
PETS_CREDIT_high_eff_su2_r5_d6_b02__none,none,logitguard_continuous,e0b33cacbadcac9f3d26,1,0,0,0.7252458930015564,0.2747541069984436
PETS_CREDIT_high_eff_su2_r5_d6_b02__none,none,logitguard_continuous,df16a30c67111933fccc,1,1,1,0.21784865856170654,0.7821514010429382
PETS_CREDIT_high_eff_su2_r5_d6_b02__none,none,logitguard_continuous,7105743f10682ac4a1cc,1,1,0,0.5726062059402466,0.42739376425743103
PETS_CREDIT_high_eff_su2_r5_d6_b02__none,none,logitguard_continuous,0ffd3e39286157b02ad4,1,0,0,0.897917628288269,0.10208237171173096
PETS_CREDIT_high_eff_su2_r5_d6_b02__none,none,logitguard_continuous,e4890079e5df86b99388,1,0,0,0.7368110418319702,0.2631889879703522
PETS_CREDIT_high_eff_su2_r5_d6_b02__none,none,logitguard_continuous,e07f107ec2deef516f4f,1,0,0,0.707801103591919,0.29219889640808105
PETS_CREDIT_high_eff_su2_r5_d6_b02__none,none,logitguard_continuous,c91e3b5a028c06ad1f92,1,0,0,0.786402702331543,0.21359726786613464
PETS_CREDIT_high_eff_su2_r5_d6_b02__none,none,logitguard_continuous,d606f1831b9734bb90e1,1,0,0,0.849307119846344,0.1506929099559784
PETS_CREDIT_high_eff_su2_r5_d6_b02__none,none,logitguard_continuous,c3a59fc71e20658f6341,1,0,0,0.833366334438324,0.16663366556167603
PETS_CREDIT_high_eff_su2_r5_d6_b02__none,none,logitguard_continuous,78edbc6916b12b570866,1,1,0,0.7204625010490417,0.27953749895095825
PETS_CREDIT_high_eff_su2_r5_d6_b02__none,none,logitguard_continuous,a62d80fa1349c54517ce,1,0,0,0.9047359228134155,0.09526407718658447
PETS_CREDIT_high_eff_su2_r5_d6_b02__none,none,logitguard_continuous,46dbe6ca2f4531385a05,1,0,0,0.5451657772064209,0.4548342227935791
PETS_CREDIT_high_eff_su2_r5_d6_b02__none,none,logitguard_continuous,8b629ccf361c8da0309f,1,0,0,0.8993026614189148,0.10069727897644043
PETS_CREDIT_high_eff_su2_r5_d6_b02__none,none,logitguard_continuous,4dde24d981dd8981f71f,1,1,0,0.6467889547348022,0.35321107506752014
PETS_CREDIT_high_eff_su2_r5_d6_b02__none,none,logitguard_continuous,ab00e756b29c98fd6674,1,0,0,0.9001232981681824,0.09987667948007584
PETS_CREDIT_high_eff_su2_r5_d6_b02__none,none,logitguard_continuous,196d92dfff0523a23237,1,0,0,0.7269343733787537,0.27306562662124634
PETS_CREDIT_high_eff_su2_r5_d6_b02__none,none,logitguard_continuous,988a4b4dcb53bafffb01,1,0,0,0.9009079337120056,0.09909207373857498
PETS_CREDIT_high_eff_su2_r5_d6_b02__none,none,logitguard_continuous,c8a7bd1cd35ba1e89b80,1,0,0,0.8177682757377625,0.18223178386688232
PETS_CREDIT_high_eff_su2_r5_d6_b02__none,none,logitguard_continuous,6093ce809aa33ce6693b,1,0,0,0.90384441614151,0.09615562111139297
PETS_CREDIT_high_eff_su2_r5_d6_b02__none,none,logitguard_continuous,00405a37dd709b2d51a8,1,0,0,0.7794705033302307,0.2205294817686081
PETS_CREDIT_high_eff_su2_r5_d6_b02__none,none,logitguard_continuous,aaff47c50ec280d97eda,1,0,0,0.6652730107307434,0.33472704887390137
PETS_CREDIT_high_eff_su2_r5_d6_b02__none,none,logitguard_continuous,a6dfd0dc4ba32e6c00e6,1,0,0,0.7827052474021912,0.21729475259780884
PETS_CREDIT_high_eff_su2_r5_d6_b02__none,none,logitguard_continuous,75e559f2a9928f47e4ef,1,0,0,0.8948742151260376,0.10512581467628479
PETS_CREDIT_high_eff_su2_r5_d6_b02__none,none,logitguard_continuous,f1068bd99413d081a271,1,0,0,0.752047598361969,0.2479523867368698
PETS_CREDIT_high_eff_su2_r5_d6_b02__none,none,logitguard_continuous,58cb80b3d0535cb4343a,1,0,0,0.730485737323761,0.2695142924785614
PETS_CREDIT_high_eff_su2_r5_d6_b02__none,none,logitguard_continuous,5cb75d859aa2d3df94b0,1,0,0,0.8995897769927979,0.10041019320487976
PETS_CREDIT_high_eff_su2_r5_d6_b02__none,none,logitguard_continuous,6e144bf85d42e3ac6fae,1,1,0,0.6448611617088318,0.3551388680934906
PETS_CREDIT_high_eff_su2_r5_d6_b02__none,none,logitguard_continuous,e8613e68d8ca2ea9e7fd,1,0,0,0.7304145097732544,0.2695854902267456
PETS_CREDIT_high_eff_su2_r5_d6_b02__none,none,logitguard_continuous,0674ce029ebb21d32e38,1,1,1,0.38673844933509827,0.6132615804672241
PETS_CREDIT_high_eff_su2_r5_d6_b02__none,none,logitguard_continuous,b0f47ae4b56b3aa4d111,1,0,0,0.7320666909217834,0.26793330907821655
PETS_CREDIT_high_eff_su2_r5_d6_b02__none,none,logitguard_continuous,e76cce60bc3507d0d7b2,1,0,0,0.6195169687271118,0.3804830312728882
PETS_CREDIT_high_eff_su2_r5_d6_b02__none,none,logitguard_continuous,72bf8a475d5aa5538cd3,1,0,0,0.599957287311554,0.40004271268844604
PETS_CREDIT_high_eff_su2_r5_d6_b02__none,none,logitguard_continuous,f3ca91dd8e5aba8d83d9,1,1,0,0.5416066646575928,0.4583933353424072
PETS_CREDIT_high_eff_su2_r5_d6_b02__none,none,logitguard_continuous,70d271c728323ea28d90,1,0,0,0.8893426656723022,0.11065733432769775
PETS_CREDIT_high_eff_su2_r5_d6_b02__none,none,logitguard_continuous,a55e4e1cd3465563efc4,1,0,0,0.6761189699172974,0.323881059885025
PETS_CREDIT_high_eff_su2_r5_d6_b02__none,none,logitguard_continuous,4def6ca8e27be84aeb54,1,1,0,0.6556732058525085,0.34432676434516907
PETS_CREDIT_high_eff_su2_r5_d6_b02__none,none,logitguard_continuous,347bd04364dce3c5342e,1,0,0,0.6748164296150208,0.32518360018730164
PETS_CREDIT_high_eff_su2_r5_d6_b02__none,none,logitguard_continuous,bf465d63c434358f77e4,1,0,0,0.735164999961853,0.264835000038147
PETS_CREDIT_high_eff_su2_r5_d6_b02__none,none,logitguard_continuous,c9e5785745f04cec0d37,1,0,0,0.8922266364097595,0.10777339339256287
PETS_CREDIT_high_eff_su2_r5_d6_b02__none,none,logitguard_continuous,c536d8f2ff559c7756e7,1,0,0,0.8973979353904724,0.10260209441184998
PETS_CREDIT_high_eff_su2_r5_d6_b02__none,none,logitguard_continuous,f0c1637eb1fa5204c581,1,0,0,0.6824377179145813,0.3175622522830963
PETS_CREDIT_high_eff_su2_r5_d6_b02__none,none,logitguard_continuous,bfa7b1aca5d187760a16,1,0,0,0.6411978602409363,0.35880210995674133
PETS_CREDIT_high_eff_su2_r5_d6_b02__none,none,logitguard_continuous,cec5a851be4f6e7c0887,1,1,0,0.7690340876579285,0.23096588253974915
PETS_CREDIT_high_eff_su2_r5_d6_b02__none,none,logitguard_continuous,619b46d6086e6aad3d84,1,0,0,0.8981340527534485,0.10186588019132614
PETS_CREDIT_high_eff_su2_r5_d6_b02__none,none,logitguard_continuous,1dd9f8371cdcaa1758b3,1,0,0,0.8987938165664673,0.1012062355875969
PETS_CREDIT_high_eff_su2_r5_d6_b02__none,none,logitguard_continuous,a4fc6b0808359418c098,1,0,0,0.5873785018920898,0.41262149810791016
PETS_CREDIT_high_eff_su2_r5_d6_b02__none,none,logitguard_continuous,073dbbd888ef767c75de,1,0,0,0.8997854590415955,0.10021454095840454
PETS_CREDIT_high_eff_su2_r5_d6_b02__none,none,logitguard_continuous,7c7fe88dcec806be29da,1,0,0,0.9055635333061218,0.09443648159503937
PETS_CREDIT_high_eff_su2_r5_d6_b02__none,none,logitguard_continuous,fbbb0f469e10095b9cc1,1,1,0,0.7983583211898804,0.20164167881011963
PETS_CREDIT_high_eff_su2_r5_d6_b02__none,none,logitguard_continuous,c0daa10532a8487ca803,1,1,0,0.5873835682868958,0.41261646151542664
PETS_CREDIT_high_eff_su2_r5_d6_b02__none,none,logitguard_continuous,bacc1c25b75ae0e1b780,1,0,0,0.8873310089111328,0.11266898363828659
PETS_CREDIT_high_eff_su2_r5_d6_b02__none,none,logitguard_continuous,1313972ddf1c6e9eb2c9,1,1,0,0.6297172904014587,0.37028273940086365
PETS_CREDIT_high_eff_su2_r5_d6_b02__none,none,logitguard_continuous,1819fe5c399a17316fee,1,0,0,0.8991363644599915,0.10086364299058914
PETS_CREDIT_high_eff_su2_r5_d6_b02__none,none,logitguard_continuous,70e46e61db439dd8e308,1,0,0,0.7369754910469055,0.2630244791507721
PETS_CREDIT_high_eff_su2_r5_d6_b02__none,none,logitguard_continuous,01743ddf295d8f6b5a46,1,1,0,0.7201961278915405,0.27980393171310425
PETS_CREDIT_high_eff_su2_r5_d6_b02__none,none,logitguard_continuous,a5628044ec0880a52490,1,1,1,0.4360350966453552,0.5639649033546448
PETS_CREDIT_high_eff_su2_r5_d6_b02__none,none,logitguard_continuous,6a75db22a6087741eef2,1,0,0,0.7500668168067932,0.24993321299552917
PETS_CREDIT_high_eff_su2_r5_d6_b02__none,none,logitguard_continuous,92516ca36411fad7d9c9,1,0,0,0.7716368436813354,0.22836318612098694
PETS_CREDIT_high_eff_su2_r5_d6_b02__none,none,logitguard_continuous,787c85a205e13b242012,1,0,0,0.6259697079658508,0.37403029203414917
PETS_CREDIT_high_eff_su2_r5_d6_b02__none,none,logitguard_continuous,8d5ec20ca179ede5da84,1,0,0,0.6768547892570496,0.3231452405452728
PETS_CREDIT_high_eff_su2_r5_d6_b02__none,none,logitguard_continuous,973b363916938dbaaf31,1,0,0,0.7501420974731445,0.24985793232917786
PETS_CREDIT_high_eff_su2_r5_d6_b02__none,none,logitguard_continuous,e3e282f64bed70282149,1,0,0,0.8969776630401611,0.10302235931158066
PETS_CREDIT_high_eff_su2_r5_d6_b02__none,none,logitguard_continuous,c50e57ca37a497df3a13,1,0,0,0.9009878039360046,0.09901219606399536
PETS_CREDIT_high_eff_su2_r5_d6_b02__none,none,logitguard_continuous,6c0e663b6848864dc914,1,1,0,0.5865569114685059,0.41344311833381653
PETS_CREDIT_high_eff_su2_r5_d6_b02__none,none,logitguard_continuous,ac5f40db5db91c18a83b,1,0,0,0.8960227966308594,0.10397723317146301
PETS_CREDIT_high_eff_su2_r5_d6_b02__none,none,logitguard_continuous,072f10d00d9156aab9f2,1,0,0,0.9024848937988281,0.09751512855291367
PETS_CREDIT_high_eff_su2_r5_d6_b02__none,none,logitguard_continuous,526cee77dcfea7ee8138,1,0,0,0.8990544080734253,0.10094558447599411
PETS_CREDIT_high_eff_su2_r5_d6_b02__none,none,logitguard_continuous,25282b20e9c64236ec4d,1,0,0,0.8973510265350342,0.10264896601438522
PETS_CREDIT_high_eff_su2_r5_d6_b02__none,none,logitguard_continuous,14ee67db08b82edf07a3,1,0,0,0.7569052577018738,0.24309474229812622
PETS_CREDIT_high_eff_su2_r5_d6_b02__none,none,logitguard_continuous,eb849709f12c60edd50b,1,0,0,0.8976365923881531,0.10236342996358871
PETS_CREDIT_high_eff_su2_r5_d6_b02__none,none,logitguard_continuous,b91b8614dbf7826436cf,1,0,0,0.8964486718177795,0.10355132818222046
PETS_CREDIT_high_eff_su2_r5_d6_b02__none,none,logitguard_continuous,8f95586c1c6fb3f2a750,1,0,0,0.8782957792282104,0.12170422077178955
PETS_CREDIT_high_eff_su2_r5_d6_b02__none,none,logitguard_continuous,5e48c11768cb070aefe6,1,1,0,0.8167377710342407,0.18326221406459808
PETS_CREDIT_high_eff_su2_r5_d6_b02__none,none,logitguard_continuous,7ce1135db7560daf7e70,1,0,0,0.8281131386756897,0.1718868911266327
PETS_CREDIT_high_eff_su2_r5_d6_b02__none,none,logitguard_continuous,f332cc500c7a62b19024,1,1,0,0.6058657169342041,0.3941343426704407
PETS_CREDIT_high_eff_su2_r5_d6_b02__none,none,logitguard_continuous,192395141a760795b97a,1,0,0,0.8332839608192444,0.1667160540819168
PETS_CREDIT_high_eff_su2_r5_d6_b02__none,none,logitguard_continuous,9fc5fbe55717fe6862a4,1,0,0,0.9024068713188171,0.09759317338466644
PETS_CREDIT_high_eff_su2_r5_d6_b02__none,none,logitguard_continuous,8fe0ac3103b5acc00cdc,1,0,0,0.9007456302642822,0.09925442188978195
PETS_CREDIT_high_eff_su2_r5_d6_b02__none,none,logitguard_continuous,d46f8b9f4d57f90db615,1,1,0,0.5547436475753784,0.4452563226222992
PETS_CREDIT_high_eff_su2_r5_d6_b02__none,none,logitguard_continuous,11ccb38ba9653d61e950,1,0,0,0.7693503499031067,0.2306496500968933
PETS_CREDIT_high_eff_su2_r5_d6_b02__none,none,logitguard_continuous,b84ff32b3c14263b0dd5,1,0,0,0.8957688212394714,0.10423122346401215
PETS_CREDIT_high_eff_su2_r5_d6_b02__none,none,logitguard_continuous,ab97fae957e08270ffce,1,0,0,0.8932121396064758,0.10678789019584656
PETS_CREDIT_high_eff_su2_r5_d6_b02__none,none,logitguard_continuous,6af56a8b2e15acc1e086,1,0,0,0.8943509459495544,0.10564906895160675
PETS_CREDIT_high_eff_su2_r5_d6_b02__none,none,logitguard_continuous,07d4d260e30d7cf5b71f,1,1,1,0.10557720065116882,0.8944227695465088
PETS_CREDIT_high_eff_su2_r5_d6_b02__none,none,logitguard_continuous,fb40711278aca2b43c69,1,0,0,0.8980538845062256,0.1019461527466774
PETS_CREDIT_high_eff_su2_r5_d6_b02__none,none,logitguard_continuous,1c7eb9e50fc08e5f8cf0,1,0,0,0.6943758726119995,0.3056240975856781
PETS_CREDIT_high_eff_su2_r5_d6_b02__none,none,logitguard_continuous,5383d08662564ec7ab0d,1,0,0,0.8983855843544006,0.10161443054676056
PETS_CREDIT_high_eff_su2_r5_d6_b02__none,none,logitguard_continuous,006df97946d214e0111f,1,0,0,0.5700792074203491,0.4299207925796509
PETS_CREDIT_high_eff_su2_r5_d6_b02__none,none,logitguard_continuous,6f47824d3363865de61a,1,0,0,0.895976722240448,0.10402321070432663
PETS_CREDIT_high_eff_su2_r5_d6_b02__none,none,logitguard_continuous,3ac7ac4bc65a6ffec899,1,1,0,0.6417489051818848,0.3582511246204376
PETS_CREDIT_high_eff_su2_r5_d6_b02__none,none,logitguard_continuous,29a333df83b13ef7fea3,1,1,0,0.7749455571174622,0.22505448758602142
PETS_CREDIT_high_eff_su2_r5_d6_b02__none,none,logitguard_continuous,39f8154e08ad72170108,1,0,0,0.8593598008155823,0.14064019918441772
PETS_CREDIT_high_eff_su2_r5_d6_b02__none,none,logitguard_continuous,25bed8f88a506c4cc366,1,0,0,0.896338701248169,0.10366126894950867
PETS_CREDIT_high_eff_su2_r5_d6_b02__none,none,logitguard_continuous,c75c31af2389cc3a594f,1,0,1,0.3790343701839447,0.6209656596183777
PETS_CREDIT_high_eff_su2_r5_d6_b02__none,none,logitguard_continuous,cbee3c9401120608f2ba,0,0,0,0.9171447157859802,0.08285525441169739
PETS_CREDIT_high_eff_su2_r5_d6_b02__none,none,logitguard_continuous,1c3e9f95fcefe2e9f555,0,0,0,0.8979877233505249,0.10201229155063629
PETS_CREDIT_high_eff_su2_r5_d6_b02__none,none,logitguard_continuous,47955bec8c8c8b0d6ecd,0,0,0,0.7601263523101807,0.23987361788749695
PETS_CREDIT_high_eff_su2_r5_d6_b02__none,none,logitguard_continuous,925cfc4ba01b802e6fea,0,0,0,0.5990074872970581,0.4009925127029419
PETS_CREDIT_high_eff_su2_r5_d6_b02__none,none,logitguard_continuous,cf2b344b8a066b41a298,0,0,0,0.8940770030021667,0.10592300444841385
PETS_CREDIT_high_eff_su2_r5_d6_b02__none,none,logitguard_continuous,44ce9ab8bd9bd704ad04,0,1,0,0.8994798064231873,0.10052017122507095
PETS_CREDIT_high_eff_su2_r5_d6_b02__none,none,logitguard_continuous,d2f0fdb253d121d24db4,0,0,0,0.8255590200424194,0.17444100975990295
PETS_CREDIT_high_eff_su2_r5_d6_b02__none,none,logitguard_continuous,11958d422323d7de5da8,0,1,1,0.446923166513443,0.5530768632888794
PETS_CREDIT_high_eff_su2_r5_d6_b02__none,none,logitguard_continuous,ee145a9d7a0dd082d343,0,1,1,0.1628173589706421,0.8371826410293579
PETS_CREDIT_high_eff_su2_r5_d6_b02__none,none,logitguard_continuous,3bb90fb9f41d8cd780fb,0,0,0,0.8411888480186462,0.15881115198135376
PETS_CREDIT_high_eff_su2_r5_d6_b02__none,none,logitguard_continuous,1df211fa59aa1d5f8ac4,0,0,0,0.8938379287719727,0.10616206377744675
PETS_CREDIT_high_eff_su2_r5_d6_b02__none,none,logitguard_continuous,864edb9124799ed14941,0,0,0,0.9023375511169434,0.09766244143247604
PETS_CREDIT_high_eff_su2_r5_d6_b02__none,none,logitguard_continuous,71a5cf1405bd2714ab77,0,0,0,0.5981792211532593,0.4018207788467407
PETS_CREDIT_high_eff_su2_r5_d6_b02__none,none,logitguard_continuous,ec314aa70302252ef357,0,0,0,0.5584694147109985,0.44153061509132385
PETS_CREDIT_high_eff_su2_r5_d6_b02__none,none,logitguard_continuous,07849266aa8f190a63f2,0,0,0,0.5787743926048279,0.42122557759284973
PETS_CREDIT_high_eff_su2_r5_d6_b02__none,none,logitguard_continuous,9905912b0d924a7b3ca5,0,1,0,0.7708345651626587,0.2291654646396637
PETS_CREDIT_high_eff_su2_r5_d6_b02__none,none,logitguard_continuous,10906783256975cefbbb,0,0,0,0.8975622653961182,0.10243773460388184
PETS_CREDIT_high_eff_su2_r5_d6_b02__none,none,logitguard_continuous,7ff0c461042567dfe447,0,0,0,0.7455621957778931,0.25443777441978455
PETS_CREDIT_high_eff_su2_r5_d6_b02__none,none,logitguard_continuous,34cd383be85fcb382ea6,0,0,0,0.7529720067977905,0.24702796339988708
PETS_CREDIT_high_eff_su2_r5_d6_b02__none,none,logitguard_continuous,da601eb1fce6bb696bf8,0,1,0,0.9854573607444763,0.014542665332555771
PETS_CREDIT_high_eff_su2_r5_d6_b02__none,none,logitguard_continuous,555680807658211b545c,0,0,0,0.7335050702095032,0.2664949595928192
PETS_CREDIT_high_eff_su2_r5_d6_b02__none,none,logitguard_continuous,7dbb07f72b26cae53e10,0,0,1,0.2896723449230194,0.710327684879303
PETS_CREDIT_high_eff_su2_r5_d6_b02__none,none,logitguard_continuous,3692ecea3b8cc152ac74,0,0,0,0.6111100316047668,0.38889002799987793
PETS_CREDIT_high_eff_su2_r5_d6_b02__none,none,logitguard_continuous,685e2ecf9c9c42d485ce,0,0,0,0.8131596446037292,0.18684035539627075
PETS_CREDIT_high_eff_su2_r5_d6_b02__none,none,logitguard_continuous,3a38d3079b87b1aa292b,0,0,0,0.8821573853492737,0.1178426444530487
PETS_CREDIT_high_eff_su2_r5_d6_b02__none,none,logitguard_continuous,4a088c612fee9ef613b8,0,0,0,0.846466064453125,0.1535339206457138
PETS_CREDIT_high_eff_su2_r5_d6_b02__none,none,logitguard_continuous,e662ed68ef3f99bd0ed7,0,0,0,0.7923404574394226,0.20765957236289978
PETS_CREDIT_high_eff_su2_r5_d6_b02__none,none,logitguard_continuous,baf60f731977893683c9,0,0,0,0.8271234035491943,0.17287662625312805
PETS_CREDIT_high_eff_su2_r5_d6_b02__none,none,logitguard_continuous,af85096b9d68ea111a40,0,0,0,0.9057692885398865,0.09423071891069412
PETS_CREDIT_high_eff_su2_r5_d6_b02__none,none,logitguard_continuous,948f6a099d3241c9a1ec,0,0,0,0.9024547338485718,0.09754530340433121
PETS_CREDIT_high_eff_su2_r5_d6_b02__none,none,logitguard_continuous,5f65233bde8585faedb5,0,0,0,0.7471839189529419,0.2528160512447357
PETS_CREDIT_high_eff_su2_r5_d6_b02__none,none,logitguard_continuous,5acd05c508162abd3783,0,0,0,0.8237841725349426,0.17621582746505737
PETS_CREDIT_high_eff_su2_r5_d6_b02__none,none,logitguard_continuous,349b65ac22308893e3ec,0,1,0,0.7621583938598633,0.2378416508436203
PETS_CREDIT_high_eff_su2_r5_d6_b02__none,none,logitguard_continuous,1deef9da8e2ee98331dc,0,0,1,0.3850060999393463,0.6149939298629761
PETS_CREDIT_high_eff_su2_r5_d6_b02__none,none,logitguard_continuous,ccba09c993c170faae38,0,1,1,0.418588250875473,0.5814117193222046
PETS_CREDIT_high_eff_su2_r5_d6_b02__none,none,logitguard_continuous,4882932be60b65305c84,0,0,0,0.7572633028030396,0.24273669719696045
PETS_CREDIT_high_eff_su2_r5_d6_b02__none,none,logitguard_continuous,b244235968526b38867d,0,0,0,0.9039617776870728,0.09603819251060486
PETS_CREDIT_high_eff_su2_r5_d6_b02__none,none,logitguard_continuous,c3a927c03687d1a576df,0,0,0,0.8947779536247253,0.10522205382585526
PETS_CREDIT_high_eff_su2_r5_d6_b02__none,none,logitguard_continuous,fa1f9563eb089a4c05eb,0,1,0,0.8946848511695862,0.10531515628099442
PETS_CREDIT_high_eff_su2_r5_d6_b02__none,none,logitguard_continuous,555c4408bbd55bf9a01b,0,0,0,0.8789380192756653,0.1210620105266571
PETS_CREDIT_high_eff_su2_r5_d6_b02__none,none,logitguard_continuous,6bb3006cf2b47b29d044,0,0,0,0.6408199071884155,0.3591800630092621
PETS_CREDIT_high_eff_su2_r5_d6_b02__none,none,logitguard_continuous,a3076f399cf32e671da9,0,1,0,0.712038516998291,0.28796151280403137
PETS_CREDIT_high_eff_su2_r5_d6_b02__none,none,logitguard_continuous,d0ead593664a3694fc2c,0,0,0,0.775170087814331,0.22482988238334656
PETS_CREDIT_high_eff_su2_r5_d6_b02__none,none,logitguard_continuous,f4686f1ccb3b1f5b89c1,0,0,0,0.9575737118721008,0.04242629185318947
PETS_CREDIT_high_eff_su2_r5_d6_b02__none,none,logitguard_continuous,6b7219cfa53e1ae4e686,0,0,0,0.5745266079902649,0.4254733622074127
PETS_CREDIT_high_eff_su2_r5_d6_b02__none,none,logitguard_continuous,88f9384f8a0cf279c07b,0,0,0,0.713935375213623,0.28606465458869934
PETS_CREDIT_high_eff_su2_r5_d6_b02__none,none,logitguard_continuous,8ac37e6efcfd84f4bf90,0,0,0,0.7742276787757874,0.22577232122421265
PETS_CREDIT_high_eff_su2_r5_d6_b02__none,none,logitguard_continuous,e947ef8b0f016ee69de8,0,0,0,0.813789963722229,0.186210036277771
PETS_CREDIT_high_eff_su2_r5_d6_b02__none,none,logitguard_continuous,6c53aaf7ecbc425941a4,0,1,0,0.6520399451255798,0.34796008467674255
PETS_CREDIT_high_eff_su2_r5_d6_b02__none,none,logitguard_continuous,b215fc8b709612d72d29,0,0,0,0.7824351191520691,0.2175649255514145
PETS_CREDIT_high_eff_su2_r5_d6_b02__none,none,logitguard_continuous,87c7d3469677d57e0f68,0,0,0,0.8975129127502441,0.10248706489801407
PETS_CREDIT_high_eff_su2_r5_d6_b02__none,none,logitguard_continuous,aca397f6cfe96c665e23,0,0,0,0.7186753153800964,0.2813246548175812
PETS_CREDIT_high_eff_su2_r5_d6_b02__none,none,logitguard_continuous,f1d5fbea8d8fc197f689,0,0,0,0.8936746120452881,0.10632544010877609
PETS_CREDIT_high_eff_su2_r5_d6_b02__none,none,logitguard_continuous,a660b0769301bab3f88d,0,0,0,0.9012642502784729,0.09873580187559128
PETS_CREDIT_high_eff_su2_r5_d6_b02__none,none,logitguard_continuous,fb41b4f01480a9067cf9,0,1,0,0.5554408431053162,0.44455915689468384
PETS_CREDIT_high_eff_su2_r5_d6_b02__none,none,logitguard_continuous,c65308558f565034903d,0,1,0,0.8986095190048218,0.10139048844575882
PETS_CREDIT_high_eff_su2_r5_d6_b02__none,none,logitguard_continuous,61985a6dca52dc5fe733,0,0,0,0.8081904649734497,0.1918095350265503
PETS_CREDIT_high_eff_su2_r5_d6_b02__none,none,logitguard_continuous,79d13f79e25dd355b797,0,1,0,0.8939904570579529,0.10600955784320831
PETS_CREDIT_high_eff_su2_r5_d6_b02__none,none,logitguard_continuous,6df7b8af4894c02f1865,0,0,0,0.8435007333755493,0.1564992517232895
PETS_CREDIT_high_eff_su2_r5_d6_b02__none,none,logitguard_continuous,f50f173b25417d940819,0,0,0,0.9077425599098206,0.09225746244192123
PETS_CREDIT_high_eff_su2_r5_d6_b02__none,none,logitguard_continuous,73ce0aaf437e0a73c182,0,1,0,0.6049290895462036,0.3950709104537964
PETS_CREDIT_high_eff_su2_r5_d6_b02__none,none,logitguard_continuous,0748c8ca29b369b66e6f,0,1,0,0.8996975421905518,0.10030244290828705
PETS_CREDIT_high_eff_su2_r5_d6_b02__none,none,logitguard_continuous,e5cdd46506910a0d29a4,0,0,0,0.7151656746864319,0.2848342955112457
PETS_CREDIT_high_eff_su2_r5_d6_b02__none,none,logitguard_continuous,266c16f52337745816e5,0,0,0,0.90309739112854,0.09690261632204056
PETS_CREDIT_high_eff_su2_r5_d6_b02__none,none,logitguard_continuous,806319326d809b9eae67,0,0,0,0.709228515625,0.2907715141773224
PETS_CREDIT_high_eff_su2_r5_d6_b02__none,none,logitguard_continuous,3da17ae4582b2ac6ac6a,0,0,0,0.8962061405181885,0.10379385948181152
PETS_CREDIT_high_eff_su2_r5_d6_b02__none,none,logitguard_continuous,cd6bf5351920ef71b772,0,0,0,0.7521756887435913,0.2478242963552475
PETS_CREDIT_high_eff_su2_r5_d6_b02__none,none,logitguard_continuous,f1fa5a6ee10e25b70a00,0,0,0,0.7498413324356079,0.2501586973667145
PETS_CREDIT_high_eff_su2_r5_d6_b02__none,none,logitguard_continuous,de98a8baab2807797bb8,0,0,0,0.8970166444778442,0.10298336297273636
PETS_CREDIT_high_eff_su2_r5_d6_b02__none,none,logitguard_continuous,4c7af58561c27a6e341e,0,1,0,0.9069902896881104,0.09300972521305084
PETS_CREDIT_high_eff_su2_r5_d6_b02__none,none,logitguard_continuous,38ba8c1ecc8be69eb7d0,0,0,0,0.9002073407173157,0.09979268908500671
PETS_CREDIT_high_eff_su2_r5_d6_b02__none,none,logitguard_continuous,1b857744e17f39b46f16,0,0,0,0.8946240544319153,0.10537593811750412
PETS_CREDIT_high_eff_su2_r5_d6_b02__none,none,logitguard_continuous,31d01a38894b805bfc80,0,0,0,0.7078167796134949,0.29218319058418274
PETS_CREDIT_high_eff_su2_r5_d6_b02__none,none,logitguard_continuous,231156f957719dd417d9,0,0,0,0.8074703812599182,0.1925295889377594
PETS_CREDIT_high_eff_su2_r5_d6_b02__none,none,logitguard_continuous,7bfb843a13cff05233ad,0,0,0,0.7357726097106934,0.2642274498939514
PETS_CREDIT_high_eff_su2_r5_d6_b02__none,none,logitguard_continuous,24850cc249ef6fef8baa,0,0,0,0.8986868262290955,0.10131321102380753
PETS_CREDIT_high_eff_su2_r5_d6_b02__none,none,logitguard_continuous,f80b742f70e5ef1f2f75,0,0,0,0.6582754850387573,0.34172454476356506
PETS_CREDIT_high_eff_su2_r5_d6_b02__none,none,logitguard_continuous,392fabb059005262a0a6,0,0,0,0.7574653029441833,0.24253469705581665
PETS_CREDIT_high_eff_su2_r5_d6_b02__none,none,logitguard_continuous,e5731b75bfb8647f33f0,0,1,1,0.38854312896728516,0.6114569306373596
PETS_CREDIT_high_eff_su2_r5_d6_b02__none,none,logitguard_continuous,63426de2bcac10c978ef,0,0,0,0.7343025803565979,0.2656973898410797
PETS_CREDIT_high_eff_su2_r5_d6_b02__none,none,logitguard_continuous,346b2d56d8b09d426f47,0,1,1,0.410661518573761,0.589338481426239
PETS_CREDIT_high_eff_su2_r5_d6_b02__none,none,logitguard_continuous,79ede8f524cb4755d342,0,0,0,0.8991763591766357,0.10082367062568665
PETS_CREDIT_high_eff_su2_r5_d6_b02__none,none,logitguard_continuous,9b15c4988e577e46b572,0,0,0,0.8946264386177063,0.10537360608577728
PETS_CREDIT_high_eff_su2_r5_d6_b02__none,none,logitguard_continuous,2ae5fdcfe3923a4263b6,0,0,0,0.90453040599823,0.09546959400177002
PETS_CREDIT_high_eff_su2_r5_d6_b02__none,none,logitguard_continuous,b690772de8eb14084d30,0,1,0,0.7428116202354431,0.2571883797645569
PETS_CREDIT_high_eff_su2_r5_d6_b02__none,none,logitguard_continuous,a19516268df63768faeb,0,0,0,0.725673258304596,0.27432674169540405
PETS_CREDIT_high_eff_su2_r5_d6_b02__none,none,logitguard_continuous,2e900caa6bf6a7e56807,0,0,0,0.9007624387741089,0.0992375910282135
PETS_CREDIT_high_eff_su2_r5_d6_b02__none,none,logitguard_continuous,3e5959b02df8356effc1,0,0,0,0.8991578817367554,0.10084214806556702
PETS_CREDIT_high_eff_su2_r5_d6_b02__none,none,logitguard_continuous,b6b16448c07ca52d41fb,0,0,0,0.7812628149986267,0.21873719990253448
PETS_CREDIT_high_eff_su2_r5_d6_b02__none,none,logitguard_continuous,bf9825a8b0d7138b3690,0,1,0,0.8968769907951355,0.10312304645776749
PETS_CREDIT_high_eff_su2_r5_d6_b02__none,none,logitguard_continuous,ae831412dedceb901cc4,0,0,0,0.6888914704322815,0.3111085295677185
PETS_CREDIT_high_eff_su2_r5_d6_b02__none,none,logitguard_continuous,1b791f7fc091a40a0494,0,0,0,0.8073445558547974,0.19265545904636383
PETS_CREDIT_high_eff_su2_r5_d6_b02__none,none,logitguard_continuous,2951667761deda7d6d9f,0,0,0,0.8963295817375183,0.1036704033613205
PETS_CREDIT_high_eff_su2_r5_d6_b02__none,none,logitguard_continuous,c55786a9941cc04c9348,0,0,0,0.8240566849708557,0.17594334483146667
PETS_CREDIT_high_eff_su2_r5_d6_b02__none,none,logitguard_continuous,67fb36e26b798796d6fd,0,0,0,0.8877393007278442,0.11226075887680054
PETS_CREDIT_high_eff_su2_r5_d6_b02__none,none,logitguard_continuous,f8f44150ace4d5e110b6,0,1,0,0.7106490731239319,0.2893509864807129
PETS_CREDIT_high_eff_su2_r5_d6_b02__none,none,logitguard_continuous,92becb8f0ed68752cc52,0,1,0,0.7777379155158997,0.22226211428642273
PETS_CREDIT_high_eff_su2_r5_d6_b02__none,none,logitguard_continuous,cab8e2ac7eeaf27d3d2c,0,0,0,0.7739108204841614,0.2260892242193222
PETS_CREDIT_high_eff_su2_r5_d6_b02__none,none,logitguard_continuous,d1db35b6c9e008df971d,0,0,1,0.381667822599411,0.6183322072029114
PETS_CREDIT_high_eff_su2_r5_d6_b02__none,none,logitguard_continuous,83d86a08997d81c1643f,0,0,0,0.8960233926773071,0.10397662222385406
PETS_CREDIT_high_eff_su2_r5_d6_b02__none,none,logitguard_quantized,26b6a5da65cdaeb8e184,1,0,0,0.5793242454528809,0.42067575454711914
PETS_CREDIT_high_eff_su2_r5_d6_b02__none,none,logitguard_quantized,aaca4c9adb936209ae4f,1,0,0,0.8084546327590942,0.19154536724090576
PETS_CREDIT_high_eff_su2_r5_d6_b02__none,none,logitguard_quantized,5b4cdc8a84b914138d2b,1,0,0,0.8984391093254089,0.10156092047691345
PETS_CREDIT_high_eff_su2_r5_d6_b02__none,none,logitguard_quantized,d2c3d34fb102babfa194,1,0,0,0.6592603921890259,0.3407396376132965
PETS_CREDIT_high_eff_su2_r5_d6_b02__none,none,logitguard_quantized,26f8e0268dd95cba45fd,1,0,0,0.6592603921890259,0.3407396376132965
PETS_CREDIT_high_eff_su2_r5_d6_b02__none,none,logitguard_quantized,877b93e6aa8797d2cd0b,1,1,0,0.8629487156867981,0.1370512992143631
PETS_CREDIT_high_eff_su2_r5_d6_b02__none,none,logitguard_quantized,e0b33cacbadcac9f3d26,1,0,0,0.7271081805229187,0.2728917896747589
PETS_CREDIT_high_eff_su2_r5_d6_b02__none,none,logitguard_quantized,df16a30c67111933fccc,1,1,1,0.21755023300647736,0.7824497818946838
PETS_CREDIT_high_eff_su2_r5_d6_b02__none,none,logitguard_quantized,7105743f10682ac4a1cc,1,1,0,0.5744425058364868,0.4255574643611908
PETS_CREDIT_high_eff_su2_r5_d6_b02__none,none,logitguard_quantized,0ffd3e39286157b02ad4,1,0,0,0.8984391093254089,0.10156092047691345
PETS_CREDIT_high_eff_su2_r5_d6_b02__none,none,logitguard_quantized,e4890079e5df86b99388,1,0,0,0.7349725961685181,0.26502740383148193
PETS_CREDIT_high_eff_su2_r5_d6_b02__none,none,logitguard_quantized,e07f107ec2deef516f4f,1,0,0,0.7068222165107727,0.2931777834892273
PETS_CREDIT_high_eff_su2_r5_d6_b02__none,none,logitguard_quantized,c91e3b5a028c06ad1f92,1,0,0,0.7858350276947021,0.21416503190994263
PETS_CREDIT_high_eff_su2_r5_d6_b02__none,none,logitguard_quantized,d606f1831b9734bb90e1,1,0,0,0.8481287956237793,0.15187117457389832
PETS_CREDIT_high_eff_su2_r5_d6_b02__none,none,logitguard_quantized,c3a59fc71e20658f6341,1,0,0,0.8320183753967285,0.16798163950443268
PETS_CREDIT_high_eff_su2_r5_d6_b02__none,none,logitguard_quantized,78edbc6916b12b570866,1,1,0,0.7190996408462524,0.28090032935142517
PETS_CREDIT_high_eff_su2_r5_d6_b02__none,none,logitguard_quantized,a62d80fa1349c54517ce,1,0,0,0.9055096507072449,0.09449037164449692
PETS_CREDIT_high_eff_su2_r5_d6_b02__none,none,logitguard_quantized,46dbe6ca2f4531385a05,1,0,0,0.5448789000511169,0.45512112975120544
PETS_CREDIT_high_eff_su2_r5_d6_b02__none,none,logitguard_quantized,8b629ccf361c8da0309f,1,0,0,0.8984391093254089,0.10156092047691345
PETS_CREDIT_high_eff_su2_r5_d6_b02__none,none,logitguard_quantized,4dde24d981dd8981f71f,1,1,0,0.6456562876701355,0.3543436825275421
PETS_CREDIT_high_eff_su2_r5_d6_b02__none,none,logitguard_quantized,ab00e756b29c98fd6674,1,0,0,0.9002495408058167,0.09975048154592514
PETS_CREDIT_high_eff_su2_r5_d6_b02__none,none,logitguard_quantized,196d92dfff0523a23237,1,0,0,0.7271081805229187,0.2728917896747589
PETS_CREDIT_high_eff_su2_r5_d6_b02__none,none,logitguard_quantized,988a4b4dcb53bafffb01,1,0,0,0.9002495408058167,0.09975048154592514
PETS_CREDIT_high_eff_su2_r5_d6_b02__none,none,logitguard_quantized,c8a7bd1cd35ba1e89b80,1,0,0,0.8175745010375977,0.18242552876472473
PETS_CREDIT_high_eff_su2_r5_d6_b02__none,none,logitguard_quantized,6093ce809aa33ce6693b,1,0,0,0.903784453868866,0.09621553122997284
PETS_CREDIT_high_eff_su2_r5_d6_b02__none,none,logitguard_quantized,00405a37dd709b2d51a8,1,0,0,0.7790261507034302,0.2209739089012146
PETS_CREDIT_high_eff_su2_r5_d6_b02__none,none,logitguard_quantized,aaff47c50ec280d97eda,1,0,0,0.6637387275695801,0.3362612724304199
PETS_CREDIT_high_eff_su2_r5_d6_b02__none,none,logitguard_quantized,a6dfd0dc4ba32e6c00e6,1,0,0,0.7824497818946838,0.21755023300647736
PETS_CREDIT_high_eff_su2_r5_d6_b02__none,none,logitguard_quantized,75e559f2a9928f47e4ef,1,0,0,0.8947306275367737,0.1052694022655487
PETS_CREDIT_high_eff_su2_r5_d6_b02__none,none,logitguard_quantized,f1068bd99413d081a271,1,0,0,0.7502601146697998,0.2497398853302002
PETS_CREDIT_high_eff_su2_r5_d6_b02__none,none,logitguard_quantized,58cb80b3d0535cb4343a,1,0,0,0.7310585379600525,0.2689414322376251
PETS_CREDIT_high_eff_su2_r5_d6_b02__none,none,logitguard_quantized,5cb75d859aa2d3df94b0,1,0,0,0.9002495408058167,0.09975048154592514
PETS_CREDIT_high_eff_su2_r5_d6_b02__none,none,logitguard_quantized,6e144bf85d42e3ac6fae,1,1,0,0.6456562876701355,0.3543436825275421
PETS_CREDIT_high_eff_su2_r5_d6_b02__none,none,logitguard_quantized,e8613e68d8ca2ea9e7fd,1,0,0,0.7310585379600525,0.2689414322376251
PETS_CREDIT_high_eff_su2_r5_d6_b02__none,none,logitguard_quantized,0674ce029ebb21d32e38,1,1,1,0.3869858384132385,0.6130141615867615
PETS_CREDIT_high_eff_su2_r5_d6_b02__none,none,logitguard_quantized,b0f47ae4b56b3aa4d111,1,0,0,0.7310585379600525,0.2689414322376251
PETS_CREDIT_high_eff_su2_r5_d6_b02__none,none,logitguard_quantized,e76cce60bc3507d0d7b2,1,0,0,0.6177478432655334,0.38225212693214417
PETS_CREDIT_high_eff_su2_r5_d6_b02__none,none,logitguard_quantized,72bf8a475d5aa5538cd3,1,0,0,0.5986876487731934,0.40131238102912903
PETS_CREDIT_high_eff_su2_r5_d6_b02__none,none,logitguard_quantized,f3ca91dd8e5aba8d83d9,1,1,0,0.5399149060249329,0.46008509397506714
PETS_CREDIT_high_eff_su2_r5_d6_b02__none,none,logitguard_quantized,70d271c728323ea28d90,1,0,0,0.8889440298080444,0.11105597764253616
PETS_CREDIT_high_eff_su2_r5_d6_b02__none,none,logitguard_quantized,a55e4e1cd3465563efc4,1,0,0,0.6769958734512329,0.3230041563510895
PETS_CREDIT_high_eff_su2_r5_d6_b02__none,none,logitguard_quantized,4def6ca8e27be84aeb54,1,1,0,0.6547534465789795,0.3452465236186981
PETS_CREDIT_high_eff_su2_r5_d6_b02__none,none,logitguard_quantized,347bd04364dce3c5342e,1,0,0,0.6769958734512329,0.3230041563510895
PETS_CREDIT_high_eff_su2_r5_d6_b02__none,none,logitguard_quantized,bf465d63c434358f77e4,1,0,0,0.7349725961685181,0.26502740383148193
PETS_CREDIT_high_eff_su2_r5_d6_b02__none,none,logitguard_quantized,c9e5785745f04cec0d37,1,0,0,0.8928318619728088,0.10716807097196579
PETS_CREDIT_high_eff_su2_r5_d6_b02__none,none,logitguard_quantized,c536d8f2ff559c7756e7,1,0,0,0.8965995907783508,0.10340046882629395
PETS_CREDIT_high_eff_su2_r5_d6_b02__none,none,logitguard_quantized,f0c1637eb1fa5204c581,1,0,0,0.681353747844696,0.31864628195762634
PETS_CREDIT_high_eff_su2_r5_d6_b02__none,none,logitguard_quantized,bfa7b1aca5d187760a16,1,0,0,0.641067385673523,0.35893258452415466
PETS_CREDIT_high_eff_su2_r5_d6_b02__none,none,logitguard_quantized,cec5a851be4f6e7c0887,1,1,0,0.768524706363678,0.23147521913051605
PETS_CREDIT_high_eff_su2_r5_d6_b02__none,none,logitguard_quantized,619b46d6086e6aad3d84,1,0,0,0.8984391093254089,0.10156092047691345
PETS_CREDIT_high_eff_su2_r5_d6_b02__none,none,logitguard_quantized,1dd9f8371cdcaa1758b3,1,0,0,0.8984391093254089,0.10156092047691345
PETS_CREDIT_high_eff_su2_r5_d6_b02__none,none,logitguard_quantized,a4fc6b0808359418c098,1,0,0,0.5890403985977173,0.4109595715999603
PETS_CREDIT_high_eff_su2_r5_d6_b02__none,none,logitguard_quantized,073dbbd888ef767c75de,1,0,0,0.9002495408058167,0.09975048154592514
PETS_CREDIT_high_eff_su2_r5_d6_b02__none,none,logitguard_quantized,7c7fe88dcec806be29da,1,0,0,0.9055096507072449,0.09449037164449692
PETS_CREDIT_high_eff_su2_r5_d6_b02__none,none,logitguard_quantized,fbbb0f469e10095b9cc1,1,1,0,0.7989909648895264,0.20100900530815125
PETS_CREDIT_high_eff_su2_r5_d6_b02__none,none,logitguard_quantized,c0daa10532a8487ca803,1,1,0,0.5890403985977173,0.4109595715999603
PETS_CREDIT_high_eff_su2_r5_d6_b02__none,none,logitguard_quantized,bacc1c25b75ae0e1b780,1,0,0,0.8869541883468628,0.1130458414554596
PETS_CREDIT_high_eff_su2_r5_d6_b02__none,none,logitguard_quantized,1313972ddf1c6e9eb2c9,1,1,0,0.6318124532699585,0.3681875765323639
PETS_CREDIT_high_eff_su2_r5_d6_b02__none,none,logitguard_quantized,1819fe5c399a17316fee,1,0,0,0.8984391093254089,0.10156092047691345
PETS_CREDIT_high_eff_su2_r5_d6_b02__none,none,logitguard_quantized,70e46e61db439dd8e308,1,0,0,0.7388499975204468,0.2611500024795532
PETS_CREDIT_high_eff_su2_r5_d6_b02__none,none,logitguard_quantized,01743ddf295d8f6b5a46,1,1,0,0.7190996408462524,0.28090032935142517
PETS_CREDIT_high_eff_su2_r5_d6_b02__none,none,logitguard_quantized,a5628044ec0880a52490,1,1,1,0.43536368012428284,0.5646362900733948
PETS_CREDIT_high_eff_su2_r5_d6_b02__none,none,logitguard_quantized,6a75db22a6087741eef2,1,0,0,0.7502601146697998,0.2497398853302002
PETS_CREDIT_high_eff_su2_r5_d6_b02__none,none,logitguard_quantized,92516ca36411fad7d9c9,1,0,0,0.7720635533332825,0.22793644666671753
PETS_CREDIT_high_eff_su2_r5_d6_b02__none,none,logitguard_quantized,787c85a205e13b242012,1,0,0,0.6271477341651917,0.37285223603248596
PETS_CREDIT_high_eff_su2_r5_d6_b02__none,none,logitguard_quantized,8d5ec20ca179ede5da84,1,0,0,0.6769958734512329,0.3230041563510895
PETS_CREDIT_high_eff_su2_r5_d6_b02__none,none,logitguard_quantized,973b363916938dbaaf31,1,0,0,0.7502601146697998,0.2497398853302002
PETS_CREDIT_high_eff_su2_r5_d6_b02__none,none,logitguard_quantized,e3e282f64bed70282149,1,0,0,0.8965995907783508,0.10340046882629395
PETS_CREDIT_high_eff_su2_r5_d6_b02__none,none,logitguard_quantized,c50e57ca37a497df3a13,1,0,0,0.9002495408058167,0.09975048154592514
PETS_CREDIT_high_eff_su2_r5_d6_b02__none,none,logitguard_quantized,6c0e663b6848864dc914,1,1,0,0.5841905474662781,0.4158095121383667
PETS_CREDIT_high_eff_su2_r5_d6_b02__none,none,logitguard_quantized,ac5f40db5db91c18a83b,1,0,0,0.8965995907783508,0.10340046882629395
PETS_CREDIT_high_eff_su2_r5_d6_b02__none,none,logitguard_quantized,072f10d00d9156aab9f2,1,0,0,0.9020312428474426,0.09796880185604095
PETS_CREDIT_high_eff_su2_r5_d6_b02__none,none,logitguard_quantized,526cee77dcfea7ee8138,1,0,0,0.8984391093254089,0.10156092047691345
PETS_CREDIT_high_eff_su2_r5_d6_b02__none,none,logitguard_quantized,25282b20e9c64236ec4d,1,0,0,0.8965995907783508,0.10340046882629395
PETS_CREDIT_high_eff_su2_r5_d6_b02__none,none,logitguard_quantized,14ee67db08b82edf07a3,1,0,0,0.7576796412467957,0.24232037365436554
PETS_CREDIT_high_eff_su2_r5_d6_b02__none,none,logitguard_quantized,eb849709f12c60edd50b,1,0,0,0.8984391093254089,0.10156092047691345
PETS_CREDIT_high_eff_su2_r5_d6_b02__none,none,logitguard_quantized,b91b8614dbf7826436cf,1,0,0,0.8965995907783508,0.10340046882629395
PETS_CREDIT_high_eff_su2_r5_d6_b02__none,none,logitguard_quantized,8f95586c1c6fb3f2a750,1,0,0,0.8786811828613281,0.12131884694099426
PETS_CREDIT_high_eff_su2_r5_d6_b02__none,none,logitguard_quantized,5e48c11768cb070aefe6,1,1,0,0.8175745010375977,0.18242552876472473
PETS_CREDIT_high_eff_su2_r5_d6_b02__none,none,logitguard_quantized,7ce1135db7560daf7e70,1,0,0,0.8292045593261719,0.1707954853773117
PETS_CREDIT_high_eff_su2_r5_d6_b02__none,none,logitguard_quantized,f332cc500c7a62b19024,1,1,0,0.603483259677887,0.3965167701244354
PETS_CREDIT_high_eff_su2_r5_d6_b02__none,none,logitguard_quantized,192395141a760795b97a,1,0,0,0.8320183753967285,0.16798163950443268
PETS_CREDIT_high_eff_su2_r5_d6_b02__none,none,logitguard_quantized,9fc5fbe55717fe6862a4,1,0,0,0.9020312428474426,0.09796880185604095
PETS_CREDIT_high_eff_su2_r5_d6_b02__none,none,logitguard_quantized,8fe0ac3103b5acc00cdc,1,0,0,0.9002495408058167,0.09975048154592514
PETS_CREDIT_high_eff_su2_r5_d6_b02__none,none,logitguard_quantized,d46f8b9f4d57f90db615,1,1,0,0.5547792315483093,0.4452207386493683
PETS_CREDIT_high_eff_su2_r5_d6_b02__none,none,logitguard_quantized,11ccb38ba9653d61e950,1,0,0,0.768524706363678,0.23147521913051605
PETS_CREDIT_high_eff_su2_r5_d6_b02__none,none,logitguard_quantized,b84ff32b3c14263b0dd5,1,0,0,0.8965995907783508,0.10340046882629395
PETS_CREDIT_high_eff_su2_r5_d6_b02__none,none,logitguard_quantized,ab97fae957e08270ffce,1,0,0,0.8928318619728088,0.10716807097196579
PETS_CREDIT_high_eff_su2_r5_d6_b02__none,none,logitguard_quantized,6af56a8b2e15acc1e086,1,0,0,0.8947306275367737,0.1052694022655487
PETS_CREDIT_high_eff_su2_r5_d6_b02__none,none,logitguard_quantized,07d4d260e30d7cf5b71f,1,1,1,0.1052694022655487,0.8947306275367737
PETS_CREDIT_high_eff_su2_r5_d6_b02__none,none,logitguard_quantized,fb40711278aca2b43c69,1,0,0,0.8984391093254089,0.10156092047691345
PETS_CREDIT_high_eff_su2_r5_d6_b02__none,none,logitguard_quantized,1c7eb9e50fc08e5f8cf0,1,0,0,0.6942363977432251,0.3057636618614197
PETS_CREDIT_high_eff_su2_r5_d6_b02__none,none,logitguard_quantized,5383d08662564ec7ab0d,1,0,0,0.8984391093254089,0.10156092047691345
PETS_CREDIT_high_eff_su2_r5_d6_b02__none,none,logitguard_quantized,006df97946d214e0111f,1,0,0,0.5695462226867676,0.43045374751091003
PETS_CREDIT_high_eff_su2_r5_d6_b02__none,none,logitguard_quantized,6f47824d3363865de61a,1,0,0,0.8965995907783508,0.10340046882629395
PETS_CREDIT_high_eff_su2_r5_d6_b02__none,none,logitguard_quantized,3ac7ac4bc65a6ffec899,1,1,0,0.641067385673523,0.35893258452415466
PETS_CREDIT_high_eff_su2_r5_d6_b02__none,none,logitguard_quantized,29a333df83b13ef7fea3,1,1,0,0.7755640149116516,0.2244359850883484
PETS_CREDIT_high_eff_su2_r5_d6_b02__none,none,logitguard_quantized,39f8154e08ad72170108,1,0,0,0.8581489324569702,0.14185109734535217
PETS_CREDIT_high_eff_su2_r5_d6_b02__none,none,logitguard_quantized,25bed8f88a506c4cc366,1,0,0,0.8965995907783508,0.10340046882629395
PETS_CREDIT_high_eff_su2_r5_d6_b02__none,none,logitguard_quantized,c75c31af2389cc3a594f,1,0,1,0.3775406777858734,0.622459352016449
PETS_CREDIT_high_eff_su2_r5_d6_b02__none,none,logitguard_quantized,cbee3c9401120608f2ba,0,0,0,0.9168272614479065,0.08317270874977112
PETS_CREDIT_high_eff_su2_r5_d6_b02__none,none,logitguard_quantized,1c3e9f95fcefe2e9f555,0,0,0,0.8984391093254089,0.10156092047691345
PETS_CREDIT_high_eff_su2_r5_d6_b02__none,none,logitguard_quantized,47955bec8c8c8b0d6ecd,0,0,0,0.7613326907157898,0.23866727948188782
PETS_CREDIT_high_eff_su2_r5_d6_b02__none,none,logitguard_quantized,925cfc4ba01b802e6fea,0,0,0,0.5986876487731934,0.40131238102912903
PETS_CREDIT_high_eff_su2_r5_d6_b02__none,none,logitguard_quantized,cf2b344b8a066b41a298,0,0,0,0.8947306275367737,0.1052694022655487
PETS_CREDIT_high_eff_su2_r5_d6_b02__none,none,logitguard_quantized,44ce9ab8bd9bd704ad04,0,1,0,0.9002495408058167,0.09975048154592514
PETS_CREDIT_high_eff_su2_r5_d6_b02__none,none,logitguard_quantized,d2f0fdb253d121d24db4,0,0,0,0.8263533711433411,0.17364664375782013
PETS_CREDIT_high_eff_su2_r5_d6_b02__none,none,logitguard_quantized,11958d422323d7de5da8,0,1,1,0.4452207386493683,0.5547792315483093
PETS_CREDIT_high_eff_su2_r5_d6_b02__none,none,logitguard_quantized,ee145a9d7a0dd082d343,0,1,1,0.16246506571769714,0.8375349044799805
PETS_CREDIT_high_eff_su2_r5_d6_b02__none,none,logitguard_quantized,3bb90fb9f41d8cd780fb,0,0,0,0.8402379751205444,0.15976199507713318
PETS_CREDIT_high_eff_su2_r5_d6_b02__none,none,logitguard_quantized,1df211fa59aa1d5f8ac4,0,0,0,0.8947306275367737,0.1052694022655487
PETS_CREDIT_high_eff_su2_r5_d6_b02__none,none,logitguard_quantized,864edb9124799ed14941,0,0,0,0.9020312428474426,0.09796880185604095
PETS_CREDIT_high_eff_su2_r5_d6_b02__none,none,logitguard_quantized,71a5cf1405bd2714ab77,0,0,0,0.5986876487731934,0.40131238102912903
PETS_CREDIT_high_eff_su2_r5_d6_b02__none,none,logitguard_quantized,ec314aa70302252ef357,0,0,0,0.5597136616706848,0.4402863681316376
PETS_CREDIT_high_eff_su2_r5_d6_b02__none,none,logitguard_quantized,07849266aa8f190a63f2,0,0,0,0.5793242454528809,0.42067575454711914
PETS_CREDIT_high_eff_su2_r5_d6_b02__none,none,logitguard_quantized,9905912b0d924a7b3ca5,0,1,0,0.7720635533332825,0.22793644666671753
PETS_CREDIT_high_eff_su2_r5_d6_b02__none,none,logitguard_quantized,10906783256975cefbbb,0,0,0,0.8984391093254089,0.10156092047691345
PETS_CREDIT_high_eff_su2_r5_d6_b02__none,none,logitguard_quantized,7ff0c461042567dfe447,0,0,0,0.7464939951896667,0.25350600481033325
PETS_CREDIT_high_eff_su2_r5_d6_b02__none,none,logitguard_quantized,34cd383be85fcb382ea6,0,0,0,0.7539887428283691,0.24601128697395325
PETS_CREDIT_high_eff_su2_r5_d6_b02__none,none,logitguard_quantized,da601eb1fce6bb696bf8,0,1,0,0.9855142831802368,0.014485727995634079
PETS_CREDIT_high_eff_su2_r5_d6_b02__none,none,logitguard_quantized,555680807658211b545c,0,0,0,0.7349725961685181,0.26502740383148193
PETS_CREDIT_high_eff_su2_r5_d6_b02__none,none,logitguard_quantized,7dbb07f72b26cae53e10,0,0,1,0.28905051946640015,0.7109494805335999
PETS_CREDIT_high_eff_su2_r5_d6_b02__none,none,logitguard_quantized,3692ecea3b8cc152ac74,0,0,0,0.6130141615867615,0.3869858384132385
PETS_CREDIT_high_eff_su2_r5_d6_b02__none,none,logitguard_quantized,685e2ecf9c9c42d485ce,0,0,0,0.8145726323127747,0.18542742729187012
PETS_CREDIT_high_eff_su2_r5_d6_b02__none,none,logitguard_quantized,3a38d3079b87b1aa292b,0,0,0,0.8828809857368469,0.11711899191141129
PETS_CREDIT_high_eff_su2_r5_d6_b02__none,none,logitguard_quantized,4a088c612fee9ef613b8,0,0,0,0.8455346822738647,0.15446525812149048
PETS_CREDIT_high_eff_su2_r5_d6_b02__none,none,logitguard_quantized,e662ed68ef3f99bd0ed7,0,0,0,0.7924899458885193,0.2075100541114807
PETS_CREDIT_high_eff_su2_r5_d6_b02__none,none,logitguard_quantized,baf60f731977893683c9,0,0,0,0.8263533711433411,0.17364664375782013
PETS_CREDIT_high_eff_su2_r5_d6_b02__none,none,logitguard_quantized,af85096b9d68ea111a40,0,0,0,0.9055096507072449,0.09449037164449692
PETS_CREDIT_high_eff_su2_r5_d6_b02__none,none,logitguard_quantized,948f6a099d3241c9a1ec,0,0,0,0.9020312428474426,0.09796880185604095
PETS_CREDIT_high_eff_su2_r5_d6_b02__none,none,logitguard_quantized,5f65233bde8585faedb5,0,0,0,0.7464939951896667,0.25350600481033325
PETS_CREDIT_high_eff_su2_r5_d6_b02__none,none,logitguard_quantized,5acd05c508162abd3783,0,0,0,0.8234647512435913,0.17653529345989227
PETS_CREDIT_high_eff_su2_r5_d6_b02__none,none,logitguard_quantized,349b65ac22308893e3ec,0,1,0,0.7613326907157898,0.23866727948188782
PETS_CREDIT_high_eff_su2_r5_d6_b02__none,none,logitguard_quantized,1deef9da8e2ee98331dc,0,0,1,0.3869858384132385,0.6130141615867615
PETS_CREDIT_high_eff_su2_r5_d6_b02__none,none,logitguard_quantized,ccba09c993c170faae38,0,1,1,0.42067575454711914,0.5793242454528809
PETS_CREDIT_high_eff_su2_r5_d6_b02__none,none,logitguard_quantized,4882932be60b65305c84,0,0,0,0.7576796412467957,0.24232037365436554
PETS_CREDIT_high_eff_su2_r5_d6_b02__none,none,logitguard_quantized,b244235968526b38867d,0,0,0,0.903784453868866,0.09621553122997284
PETS_CREDIT_high_eff_su2_r5_d6_b02__none,none,logitguard_quantized,c3a927c03687d1a576df,0,0,0,0.8947306275367737,0.1052694022655487
PETS_CREDIT_high_eff_su2_r5_d6_b02__none,none,logitguard_quantized,fa1f9563eb089a4c05eb,0,1,0,0.8947306275367737,0.1052694022655487
PETS_CREDIT_high_eff_su2_r5_d6_b02__none,none,logitguard_quantized,555c4408bbd55bf9a01b,0,0,0,0.8786811828613281,0.12131884694099426
PETS_CREDIT_high_eff_su2_r5_d6_b02__none,none,logitguard_quantized,6bb3006cf2b47b29d044,0,0,0,0.641067385673523,0.35893258452415466
PETS_CREDIT_high_eff_su2_r5_d6_b02__none,none,logitguard_quantized,a3076f399cf32e671da9,0,1,0,0.7109494805335999,0.28905051946640015
PETS_CREDIT_high_eff_su2_r5_d6_b02__none,none,logitguard_quantized,d0ead593664a3694fc2c,0,0,0,0.7755640149116516,0.2244359850883484
PETS_CREDIT_high_eff_su2_r5_d6_b02__none,none,logitguard_quantized,f4686f1ccb3b1f5b89c1,0,0,0,0.9577102661132812,0.04228977859020233
PETS_CREDIT_high_eff_su2_r5_d6_b02__none,none,logitguard_quantized,6b7219cfa53e1ae4e686,0,0,0,0.5744425058364868,0.4255574643611908
PETS_CREDIT_high_eff_su2_r5_d6_b02__none,none,logitguard_quantized,88f9384f8a0cf279c07b,0,0,0,0.7150421142578125,0.2849579155445099
PETS_CREDIT_high_eff_su2_r5_d6_b02__none,none,logitguard_quantized,8ac37e6efcfd84f4bf90,0,0,0,0.7755640149116516,0.2244359850883484
PETS_CREDIT_high_eff_su2_r5_d6_b02__none,none,logitguard_quantized,e947ef8b0f016ee69de8,0,0,0,0.8145726323127747,0.18542742729187012
PETS_CREDIT_high_eff_su2_r5_d6_b02__none,none,logitguard_quantized,6c53aaf7ecbc425941a4,0,1,0,0.6502185463905334,0.34978145360946655
PETS_CREDIT_high_eff_su2_r5_d6_b02__none,none,logitguard_quantized,b215fc8b709612d72d29,0,0,0,0.7824497818946838,0.21755023300647736
PETS_CREDIT_high_eff_su2_r5_d6_b02__none,none,logitguard_quantized,87c7d3469677d57e0f68,0,0,0,0.8965995907783508,0.10340046882629395
PETS_CREDIT_high_eff_su2_r5_d6_b02__none,none,logitguard_quantized,aca397f6cfe96c665e23,0,0,0,0.7190996408462524,0.28090032935142517
PETS_CREDIT_high_eff_su2_r5_d6_b02__none,none,logitguard_quantized,f1d5fbea8d8fc197f689,0,0,0,0.8928318619728088,0.10716807097196579
PETS_CREDIT_high_eff_su2_r5_d6_b02__none,none,logitguard_quantized,a660b0769301bab3f88d,0,0,0,0.9020312428474426,0.09796880185604095
PETS_CREDIT_high_eff_su2_r5_d6_b02__none,none,logitguard_quantized,fb41b4f01480a9067cf9,0,1,0,0.5547792315483093,0.4452207386493683
PETS_CREDIT_high_eff_su2_r5_d6_b02__none,none,logitguard_quantized,c65308558f565034903d,0,1,0,0.8984391093254089,0.10156092047691345
PETS_CREDIT_high_eff_su2_r5_d6_b02__none,none,logitguard_quantized,61985a6dca52dc5fe733,0,0,0,0.8084546327590942,0.19154536724090576
PETS_CREDIT_high_eff_su2_r5_d6_b02__none,none,logitguard_quantized,79d13f79e25dd355b797,0,1,0,0.8947306275367737,0.1052694022655487
PETS_CREDIT_high_eff_su2_r5_d6_b02__none,none,logitguard_quantized,6df7b8af4894c02f1865,0,0,0,0.8429045677185059,0.15709547698497772
PETS_CREDIT_high_eff_su2_r5_d6_b02__none,none,logitguard_quantized,f50f173b25417d940819,0,0,0,0.9072070717811584,0.09279295802116394
PETS_CREDIT_high_eff_su2_r5_d6_b02__none,none,logitguard_quantized,73ce0aaf437e0a73c182,0,1,0,0.603483259677887,0.3965167701244354
PETS_CREDIT_high_eff_su2_r5_d6_b02__none,none,logitguard_quantized,0748c8ca29b369b66e6f,0,1,0,0.9002495408058167,0.09975048154592514
PETS_CREDIT_high_eff_su2_r5_d6_b02__none,none,logitguard_quantized,e5cdd46506910a0d29a4,0,0,0,0.7150421142578125,0.2849579155445099
PETS_CREDIT_high_eff_su2_r5_d6_b02__none,none,logitguard_quantized,266c16f52337745816e5,0,0,0,0.903784453868866,0.09621553122997284
PETS_CREDIT_high_eff_su2_r5_d6_b02__none,none,logitguard_quantized,806319326d809b9eae67,0,0,0,0.7109494805335999,0.28905051946640015
PETS_CREDIT_high_eff_su2_r5_d6_b02__none,none,logitguard_quantized,3da17ae4582b2ac6ac6a,0,0,0,0.8965995907783508,0.10340046882629395
PETS_CREDIT_high_eff_su2_r5_d6_b02__none,none,logitguard_quantized,cd6bf5351920ef71b772,0,0,0,0.7539887428283691,0.24601128697395325
PETS_CREDIT_high_eff_su2_r5_d6_b02__none,none,logitguard_quantized,f1fa5a6ee10e25b70a00,0,0,0,0.7502601146697998,0.2497398853302002
PETS_CREDIT_high_eff_su2_r5_d6_b02__none,none,logitguard_quantized,de98a8baab2807797bb8,0,0,0,0.8965995907783508,0.10340046882629395
PETS_CREDIT_high_eff_su2_r5_d6_b02__none,none,logitguard_quantized,4c7af58561c27a6e341e,0,1,0,0.9072070717811584,0.09279295802116394
PETS_CREDIT_high_eff_su2_r5_d6_b02__none,none,logitguard_quantized,38ba8c1ecc8be69eb7d0,0,0,0,0.9002495408058167,0.09975048154592514
PETS_CREDIT_high_eff_su2_r5_d6_b02__none,none,logitguard_quantized,1b857744e17f39b46f16,0,0,0,0.8947306275367737,0.1052694022655487
PETS_CREDIT_high_eff_su2_r5_d6_b02__none,none,logitguard_quantized,31d01a38894b805bfc80,0,0,0,0.7068222165107727,0.2931777834892273
PETS_CREDIT_high_eff_su2_r5_d6_b02__none,none,logitguard_quantized,231156f957719dd417d9,0,0,0,0.8084546327590942,0.19154536724090576
PETS_CREDIT_high_eff_su2_r5_d6_b02__none,none,logitguard_quantized,7bfb843a13cff05233ad,0,0,0,0.7349725961685181,0.26502740383148193
PETS_CREDIT_high_eff_su2_r5_d6_b02__none,none,logitguard_quantized,24850cc249ef6fef8baa,0,0,0,0.8984391093254089,0.10156092047691345
PETS_CREDIT_high_eff_su2_r5_d6_b02__none,none,logitguard_quantized,f80b742f70e5ef1f2f75,0,0,0,0.6592603921890259,0.3407396376132965
PETS_CREDIT_high_eff_su2_r5_d6_b02__none,none,logitguard_quantized,392fabb059005262a0a6,0,0,0,0.7576796412467957,0.24232037365436554
PETS_CREDIT_high_eff_su2_r5_d6_b02__none,none,logitguard_quantized,e5731b75bfb8647f33f0,0,1,1,0.3869858384132385,0.6130141615867615
PETS_CREDIT_high_eff_su2_r5_d6_b02__none,none,logitguard_quantized,63426de2bcac10c978ef,0,0,0,0.7349725961685181,0.26502740383148193
PETS_CREDIT_high_eff_su2_r5_d6_b02__none,none,logitguard_quantized,346b2d56d8b09d426f47,0,1,1,0.4109595715999603,0.5890403985977173
PETS_CREDIT_high_eff_su2_r5_d6_b02__none,none,logitguard_quantized,79ede8f524cb4755d342,0,0,0,0.8984391093254089,0.10156092047691345
PETS_CREDIT_high_eff_su2_r5_d6_b02__none,none,logitguard_quantized,9b15c4988e577e46b572,0,0,0,0.8947306275367737,0.1052694022655487
PETS_CREDIT_high_eff_su2_r5_d6_b02__none,none,logitguard_quantized,2ae5fdcfe3923a4263b6,0,0,0,0.903784453868866,0.09621553122997284
PETS_CREDIT_high_eff_su2_r5_d6_b02__none,none,logitguard_quantized,b690772de8eb14084d30,0,1,0,0.7426905632019043,0.2573094666004181
PETS_CREDIT_high_eff_su2_r5_d6_b02__none,none,logitguard_quantized,a19516268df63768faeb,0,0,0,0.7271081805229187,0.2728917896747589
PETS_CREDIT_high_eff_su2_r5_d6_b02__none,none,logitguard_quantized,2e900caa6bf6a7e56807,0,0,0,0.9002495408058167,0.09975048154592514
PETS_CREDIT_high_eff_su2_r5_d6_b02__none,none,logitguard_quantized,3e5959b02df8356effc1,0,0,0,0.8984391093254089,0.10156092047691345
PETS_CREDIT_high_eff_su2_r5_d6_b02__none,none,logitguard_quantized,b6b16448c07ca52d41fb,0,0,0,0.7824497818946838,0.21755023300647736
PETS_CREDIT_high_eff_su2_r5_d6_b02__none,none,logitguard_quantized,bf9825a8b0d7138b3690,0,1,0,0.8965995907783508,0.10340046882629395
PETS_CREDIT_high_eff_su2_r5_d6_b02__none,none,logitguard_quantized,ae831412dedceb901cc4,0,0,0,0.6899744868278503,0.31002554297447205
PETS_CREDIT_high_eff_su2_r5_d6_b02__none,none,logitguard_quantized,1b791f7fc091a40a0494,0,0,0,0.8084546327590942,0.19154536724090576
PETS_CREDIT_high_eff_su2_r5_d6_b02__none,none,logitguard_quantized,2951667761deda7d6d9f,0,0,0,0.8965995907783508,0.10340046882629395
PETS_CREDIT_high_eff_su2_r5_d6_b02__none,none,logitguard_quantized,c55786a9941cc04c9348,0,0,0,0.8234647512435913,0.17653529345989227
PETS_CREDIT_high_eff_su2_r5_d6_b02__none,none,logitguard_quantized,67fb36e26b798796d6fd,0,0,0,0.8869541883468628,0.1130458414554596
PETS_CREDIT_high_eff_su2_r5_d6_b02__none,none,logitguard_quantized,f8f44150ace4d5e110b6,0,1,0,0.7109494805335999,0.28905051946640015
PETS_CREDIT_high_eff_su2_r5_d6_b02__none,none,logitguard_quantized,92becb8f0ed68752cc52,0,1,0,0.7790261507034302,0.2209739089012146
PETS_CREDIT_high_eff_su2_r5_d6_b02__none,none,logitguard_quantized,cab8e2ac7eeaf27d3d2c,0,0,0,0.7755640149116516,0.2244359850883484
PETS_CREDIT_high_eff_su2_r5_d6_b02__none,none,logitguard_quantized,d1db35b6c9e008df971d,0,0,1,0.38225212693214417,0.6177478432655334
PETS_CREDIT_high_eff_su2_r5_d6_b02__none,none,logitguard_quantized,83d86a08997d81c1643f,0,0,0,0.8965995907783508,0.10340046882629395
PETS_CREDIT_high_eff_su2_r5_d6_b02__none,none,measurementguard_continuous,26b6a5da65cdaeb8e184,1,0,0,0.5770334005355835,0.4229665696620941
PETS_CREDIT_high_eff_su2_r5_d6_b02__none,none,measurementguard_continuous,aaca4c9adb936209ae4f,1,0,0,0.8132514357566833,0.18674860894680023
PETS_CREDIT_high_eff_su2_r5_d6_b02__none,none,measurementguard_continuous,5b4cdc8a84b914138d2b,1,0,0,0.8751428127288818,0.12485719472169876
PETS_CREDIT_high_eff_su2_r5_d6_b02__none,none,measurementguard_continuous,d2c3d34fb102babfa194,1,0,0,0.6577528119087219,0.34224721789360046
PETS_CREDIT_high_eff_su2_r5_d6_b02__none,none,measurementguard_continuous,26f8e0268dd95cba45fd,1,0,0,0.6608208417892456,0.3391791880130768
PETS_CREDIT_high_eff_su2_r5_d6_b02__none,none,measurementguard_continuous,877b93e6aa8797d2cd0b,1,1,0,0.6450811624526978,0.35491886734962463
PETS_CREDIT_high_eff_su2_r5_d6_b02__none,none,measurementguard_continuous,e0b33cacbadcac9f3d26,1,0,0,0.7271822690963745,0.2728177309036255
PETS_CREDIT_high_eff_su2_r5_d6_b02__none,none,measurementguard_continuous,df16a30c67111933fccc,1,1,1,0.21805556118488312,0.7819444537162781
PETS_CREDIT_high_eff_su2_r5_d6_b02__none,none,measurementguard_continuous,7105743f10682ac4a1cc,1,1,0,0.571997344493866,0.42800262570381165
PETS_CREDIT_high_eff_su2_r5_d6_b02__none,none,measurementguard_continuous,0ffd3e39286157b02ad4,1,0,0,0.7730984091758728,0.2269016057252884
PETS_CREDIT_high_eff_su2_r5_d6_b02__none,none,measurementguard_continuous,e4890079e5df86b99388,1,0,0,0.7383732795715332,0.2616266906261444
PETS_CREDIT_high_eff_su2_r5_d6_b02__none,none,measurementguard_continuous,e07f107ec2deef516f4f,1,0,0,0.8929742574691772,0.10702577233314514
PETS_CREDIT_high_eff_su2_r5_d6_b02__none,none,measurementguard_continuous,c91e3b5a028c06ad1f92,1,0,0,0.7860656380653381,0.21393436193466187
PETS_CREDIT_high_eff_su2_r5_d6_b02__none,none,measurementguard_continuous,d606f1831b9734bb90e1,1,0,0,0.632227897644043,0.36777207255363464
PETS_CREDIT_high_eff_su2_r5_d6_b02__none,none,measurementguard_continuous,c3a59fc71e20658f6341,1,0,0,0.6032378077507019,0.3967621922492981
PETS_CREDIT_high_eff_su2_r5_d6_b02__none,none,measurementguard_continuous,78edbc6916b12b570866,1,1,0,0.8971440196037292,0.10285598039627075
PETS_CREDIT_high_eff_su2_r5_d6_b02__none,none,measurementguard_continuous,a62d80fa1349c54517ce,1,0,0,0.8733622431755066,0.1266377866268158
PETS_CREDIT_high_eff_su2_r5_d6_b02__none,none,measurementguard_continuous,46dbe6ca2f4531385a05,1,0,0,0.5465546250343323,0.4534454047679901
PETS_CREDIT_high_eff_su2_r5_d6_b02__none,none,measurementguard_continuous,8b629ccf361c8da0309f,1,0,0,0.8721259832382202,0.12787404656410217
PETS_CREDIT_high_eff_su2_r5_d6_b02__none,none,measurementguard_continuous,4dde24d981dd8981f71f,1,1,0,0.6420603394508362,0.35793963074684143
PETS_CREDIT_high_eff_su2_r5_d6_b02__none,none,measurementguard_continuous,ab00e756b29c98fd6674,1,0,0,0.8692379593849182,0.1307620108127594
PETS_CREDIT_high_eff_su2_r5_d6_b02__none,none,measurementguard_continuous,196d92dfff0523a23237,1,0,0,0.9013468027114868,0.09865321218967438
PETS_CREDIT_high_eff_su2_r5_d6_b02__none,none,measurementguard_continuous,988a4b4dcb53bafffb01,1,0,0,0.828650176525116,0.17134982347488403
PETS_CREDIT_high_eff_su2_r5_d6_b02__none,none,measurementguard_continuous,c8a7bd1cd35ba1e89b80,1,0,0,0.577732264995575,0.42226776480674744
PETS_CREDIT_high_eff_su2_r5_d6_b02__none,none,measurementguard_continuous,6093ce809aa33ce6693b,1,0,0,0.7873912453651428,0.21260881423950195
PETS_CREDIT_high_eff_su2_r5_d6_b02__none,none,measurementguard_continuous,00405a37dd709b2d51a8,1,0,0,0.5143603682518005,0.48563966155052185
PETS_CREDIT_high_eff_su2_r5_d6_b02__none,none,measurementguard_continuous,aaff47c50ec280d97eda,1,0,0,0.6648130416870117,0.33518701791763306
PETS_CREDIT_high_eff_su2_r5_d6_b02__none,none,measurementguard_continuous,a6dfd0dc4ba32e6c00e6,1,0,0,0.5188928842544556,0.4811071455478668
PETS_CREDIT_high_eff_su2_r5_d6_b02__none,none,measurementguard_continuous,75e559f2a9928f47e4ef,1,0,0,0.8084294199943542,0.19157059490680695
PETS_CREDIT_high_eff_su2_r5_d6_b02__none,none,measurementguard_continuous,f1068bd99413d081a271,1,0,0,0.7531412839889526,0.24685874581336975
PETS_CREDIT_high_eff_su2_r5_d6_b02__none,none,measurementguard_continuous,58cb80b3d0535cb4343a,1,0,0,0.7322506904602051,0.2677493095397949
PETS_CREDIT_high_eff_su2_r5_d6_b02__none,none,measurementguard_continuous,5cb75d859aa2d3df94b0,1,0,0,0.8937132358551025,0.10628674924373627
PETS_CREDIT_high_eff_su2_r5_d6_b02__none,none,measurementguard_continuous,6e144bf85d42e3ac6fae,1,1,0,0.6502959728240967,0.3497040569782257
PETS_CREDIT_high_eff_su2_r5_d6_b02__none,none,measurementguard_continuous,e8613e68d8ca2ea9e7fd,1,0,0,0.9028434157371521,0.0971565917134285
PETS_CREDIT_high_eff_su2_r5_d6_b02__none,none,measurementguard_continuous,0674ce029ebb21d32e38,1,1,1,0.487746924161911,0.5122530460357666
PETS_CREDIT_high_eff_su2_r5_d6_b02__none,none,measurementguard_continuous,b0f47ae4b56b3aa4d111,1,0,0,0.733780562877655,0.26621943712234497
PETS_CREDIT_high_eff_su2_r5_d6_b02__none,none,measurementguard_continuous,e76cce60bc3507d0d7b2,1,0,0,0.6261700987815857,0.3738299012184143
PETS_CREDIT_high_eff_su2_r5_d6_b02__none,none,measurementguard_continuous,72bf8a475d5aa5538cd3,1,0,0,0.6072874069213867,0.3927125930786133
PETS_CREDIT_high_eff_su2_r5_d6_b02__none,none,measurementguard_continuous,f3ca91dd8e5aba8d83d9,1,1,0,0.5514408946037292,0.4485591650009155
PETS_CREDIT_high_eff_su2_r5_d6_b02__none,none,measurementguard_continuous,70d271c728323ea28d90,1,0,0,0.7884427309036255,0.2115572988986969
PETS_CREDIT_high_eff_su2_r5_d6_b02__none,none,measurementguard_continuous,a55e4e1cd3465563efc4,1,0,0,0.6751945614814758,0.3248054087162018
PETS_CREDIT_high_eff_su2_r5_d6_b02__none,none,measurementguard_continuous,4def6ca8e27be84aeb54,1,1,0,0.5015794038772583,0.4984205663204193
PETS_CREDIT_high_eff_su2_r5_d6_b02__none,none,measurementguard_continuous,347bd04364dce3c5342e,1,0,0,0.6739469170570374,0.32605308294296265
PETS_CREDIT_high_eff_su2_r5_d6_b02__none,none,measurementguard_continuous,bf465d63c434358f77e4,1,0,0,0.7367795705795288,0.2632204592227936
PETS_CREDIT_high_eff_su2_r5_d6_b02__none,none,measurementguard_continuous,c9e5785745f04cec0d37,1,0,0,0.7932476997375488,0.20675231516361237
PETS_CREDIT_high_eff_su2_r5_d6_b02__none,none,measurementguard_continuous,c536d8f2ff559c7756e7,1,0,0,0.8098149299621582,0.1901850700378418
PETS_CREDIT_high_eff_su2_r5_d6_b02__none,none,measurementguard_continuous,f0c1637eb1fa5204c581,1,0,0,0.6909698843955994,0.309030145406723
PETS_CREDIT_high_eff_su2_r5_d6_b02__none,none,measurementguard_continuous,bfa7b1aca5d187760a16,1,0,0,0.6401070952415466,0.35989290475845337
PETS_CREDIT_high_eff_su2_r5_d6_b02__none,none,measurementguard_continuous,cec5a851be4f6e7c0887,1,1,0,0.5000537633895874,0.4999462366104126
PETS_CREDIT_high_eff_su2_r5_d6_b02__none,none,measurementguard_continuous,619b46d6086e6aad3d84,1,0,0,0.9040944576263428,0.09590556472539902
PETS_CREDIT_high_eff_su2_r5_d6_b02__none,none,measurementguard_continuous,1dd9f8371cdcaa1758b3,1,0,0,0.8732318878173828,0.1267681121826172
PETS_CREDIT_high_eff_su2_r5_d6_b02__none,none,measurementguard_continuous,a4fc6b0808359418c098,1,0,0,0.587165892124176,0.41283413767814636
PETS_CREDIT_high_eff_su2_r5_d6_b02__none,none,measurementguard_continuous,073dbbd888ef767c75de,1,0,0,0.8611884117126465,0.13881155848503113
PETS_CREDIT_high_eff_su2_r5_d6_b02__none,none,measurementguard_continuous,7c7fe88dcec806be29da,1,0,0,0.7957722544670105,0.20422771573066711
PETS_CREDIT_high_eff_su2_r5_d6_b02__none,none,measurementguard_continuous,fbbb0f469e10095b9cc1,1,1,0,0.5366688370704651,0.4633312225341797
PETS_CREDIT_high_eff_su2_r5_d6_b02__none,none,measurementguard_continuous,c0daa10532a8487ca803,1,1,0,0.5876716375350952,0.4123283326625824
PETS_CREDIT_high_eff_su2_r5_d6_b02__none,none,measurementguard_continuous,bacc1c25b75ae0e1b780,1,0,0,0.8110202550888062,0.18897975981235504
PETS_CREDIT_high_eff_su2_r5_d6_b02__none,none,measurementguard_continuous,1313972ddf1c6e9eb2c9,1,1,0,0.6339260935783386,0.3660739064216614
PETS_CREDIT_high_eff_su2_r5_d6_b02__none,none,measurementguard_continuous,1819fe5c399a17316fee,1,0,0,0.9161489605903625,0.08385109901428223
PETS_CREDIT_high_eff_su2_r5_d6_b02__none,none,measurementguard_continuous,70e46e61db439dd8e308,1,0,0,0.9045915007591248,0.09540854394435883
PETS_CREDIT_high_eff_su2_r5_d6_b02__none,none,measurementguard_continuous,01743ddf295d8f6b5a46,1,1,0,0.8970279693603516,0.10297206789255142
PETS_CREDIT_high_eff_su2_r5_d6_b02__none,none,measurementguard_continuous,a5628044ec0880a52490,1,1,1,0.44022804498672485,0.5597719550132751
PETS_CREDIT_high_eff_su2_r5_d6_b02__none,none,measurementguard_continuous,6a75db22a6087741eef2,1,0,0,0.751219630241394,0.24878033995628357
PETS_CREDIT_high_eff_su2_r5_d6_b02__none,none,measurementguard_continuous,92516ca36411fad7d9c9,1,0,0,0.5035771727561951,0.49642279744148254
PETS_CREDIT_high_eff_su2_r5_d6_b02__none,none,measurementguard_continuous,787c85a205e13b242012,1,0,0,0.6295894980430603,0.3704104721546173
PETS_CREDIT_high_eff_su2_r5_d6_b02__none,none,measurementguard_continuous,8d5ec20ca179ede5da84,1,0,0,0.6914623379707336,0.30853763222694397
PETS_CREDIT_high_eff_su2_r5_d6_b02__none,none,measurementguard_continuous,973b363916938dbaaf31,1,0,0,0.9111809730529785,0.08881905674934387
PETS_CREDIT_high_eff_su2_r5_d6_b02__none,none,measurementguard_continuous,e3e282f64bed70282149,1,0,0,0.7736130356788635,0.2263869345188141
PETS_CREDIT_high_eff_su2_r5_d6_b02__none,none,measurementguard_continuous,c50e57ca37a497df3a13,1,0,0,0.8886876702308655,0.1113123744726181
PETS_CREDIT_high_eff_su2_r5_d6_b02__none,none,measurementguard_continuous,6c0e663b6848864dc914,1,1,0,0.5972622632980347,0.40273770689964294
PETS_CREDIT_high_eff_su2_r5_d6_b02__none,none,measurementguard_continuous,ac5f40db5db91c18a83b,1,0,0,0.8502250909805298,0.1497749537229538
PETS_CREDIT_high_eff_su2_r5_d6_b02__none,none,measurementguard_continuous,072f10d00d9156aab9f2,1,0,0,0.8448053598403931,0.15519461035728455
PETS_CREDIT_high_eff_su2_r5_d6_b02__none,none,measurementguard_continuous,526cee77dcfea7ee8138,1,0,0,0.9102531671524048,0.08974684029817581
PETS_CREDIT_high_eff_su2_r5_d6_b02__none,none,measurementguard_continuous,25282b20e9c64236ec4d,1,0,0,0.8160489797592163,0.18395103514194489
PETS_CREDIT_high_eff_su2_r5_d6_b02__none,none,measurementguard_continuous,14ee67db08b82edf07a3,1,0,0,0.7578556537628174,0.24214434623718262
PETS_CREDIT_high_eff_su2_r5_d6_b02__none,none,measurementguard_continuous,eb849709f12c60edd50b,1,0,0,0.8846957087516785,0.11530429124832153
PETS_CREDIT_high_eff_su2_r5_d6_b02__none,none,measurementguard_continuous,b91b8614dbf7826436cf,1,0,0,0.9065536260604858,0.09344638139009476
PETS_CREDIT_high_eff_su2_r5_d6_b02__none,none,measurementguard_continuous,8f95586c1c6fb3f2a750,1,0,0,0.7966660261154175,0.2033340185880661
PETS_CREDIT_high_eff_su2_r5_d6_b02__none,none,measurementguard_continuous,5e48c11768cb070aefe6,1,1,0,0.5760944485664368,0.42390555143356323
PETS_CREDIT_high_eff_su2_r5_d6_b02__none,none,measurementguard_continuous,7ce1135db7560daf7e70,1,0,0,0.827447235584259,0.17255273461341858
PETS_CREDIT_high_eff_su2_r5_d6_b02__none,none,measurementguard_continuous,f332cc500c7a62b19024,1,1,0,0.5281243920326233,0.4718756079673767
PETS_CREDIT_high_eff_su2_r5_d6_b02__none,none,measurementguard_continuous,192395141a760795b97a,1,0,0,0.5978536009788513,0.4021463692188263
PETS_CREDIT_high_eff_su2_r5_d6_b02__none,none,measurementguard_continuous,9fc5fbe55717fe6862a4,1,0,0,0.8340189456939697,0.16598108410835266
PETS_CREDIT_high_eff_su2_r5_d6_b02__none,none,measurementguard_continuous,8fe0ac3103b5acc00cdc,1,0,0,0.9174990057945251,0.08250103890895844
PETS_CREDIT_high_eff_su2_r5_d6_b02__none,none,measurementguard_continuous,d46f8b9f4d57f90db615,1,1,0,0.5660327672958374,0.4339672029018402
PETS_CREDIT_high_eff_su2_r5_d6_b02__none,none,measurementguard_continuous,11ccb38ba9653d61e950,1,0,0,0.7699486017227173,0.23005136847496033
PETS_CREDIT_high_eff_su2_r5_d6_b02__none,none,measurementguard_continuous,b84ff32b3c14263b0dd5,1,0,0,0.8108381032943726,0.18916191160678864
PETS_CREDIT_high_eff_su2_r5_d6_b02__none,none,measurementguard_continuous,ab97fae957e08270ffce,1,0,0,0.7797325253486633,0.22026745975017548
PETS_CREDIT_high_eff_su2_r5_d6_b02__none,none,measurementguard_continuous,6af56a8b2e15acc1e086,1,0,0,0.880439043045044,0.11956097930669785
PETS_CREDIT_high_eff_su2_r5_d6_b02__none,none,measurementguard_continuous,07d4d260e30d7cf5b71f,1,1,1,0.3415890336036682,0.6584109663963318
PETS_CREDIT_high_eff_su2_r5_d6_b02__none,none,measurementguard_continuous,fb40711278aca2b43c69,1,0,0,0.9130399823188782,0.08695999532938004
PETS_CREDIT_high_eff_su2_r5_d6_b02__none,none,measurementguard_continuous,1c7eb9e50fc08e5f8cf0,1,0,0,0.6905235648155212,0.30947643518447876
PETS_CREDIT_high_eff_su2_r5_d6_b02__none,none,measurementguard_continuous,5383d08662564ec7ab0d,1,0,0,0.8768115639686584,0.12318842858076096
PETS_CREDIT_high_eff_su2_r5_d6_b02__none,none,measurementguard_continuous,006df97946d214e0111f,1,0,0,0.5782808661460876,0.42171919345855713
PETS_CREDIT_high_eff_su2_r5_d6_b02__none,none,measurementguard_continuous,6f47824d3363865de61a,1,0,0,0.8637022972106934,0.13629770278930664
PETS_CREDIT_high_eff_su2_r5_d6_b02__none,none,measurementguard_continuous,3ac7ac4bc65a6ffec899,1,1,0,0.6462347507476807,0.3537652790546417
PETS_CREDIT_high_eff_su2_r5_d6_b02__none,none,measurementguard_continuous,29a333df83b13ef7fea3,1,1,0,0.777336597442627,0.22266341745853424
PETS_CREDIT_high_eff_su2_r5_d6_b02__none,none,measurementguard_continuous,39f8154e08ad72170108,1,0,0,0.6410388350486755,0.35896119475364685
PETS_CREDIT_high_eff_su2_r5_d6_b02__none,none,measurementguard_continuous,25bed8f88a506c4cc366,1,0,0,0.9197478890419006,0.08025214076042175
PETS_CREDIT_high_eff_su2_r5_d6_b02__none,none,measurementguard_continuous,c75c31af2389cc3a594f,1,0,1,0.4796203374862671,0.5203796625137329
PETS_CREDIT_high_eff_su2_r5_d6_b02__none,none,measurementguard_continuous,cbee3c9401120608f2ba,0,0,0,0.8912577629089355,0.10874225199222565
PETS_CREDIT_high_eff_su2_r5_d6_b02__none,none,measurementguard_continuous,1c3e9f95fcefe2e9f555,0,0,0,0.6620004177093506,0.337999552488327
PETS_CREDIT_high_eff_su2_r5_d6_b02__none,none,measurementguard_continuous,47955bec8c8c8b0d6ecd,0,0,0,0.9168814420700073,0.08311856538057327
PETS_CREDIT_high_eff_su2_r5_d6_b02__none,none,measurementguard_continuous,925cfc4ba01b802e6fea,0,0,0,0.6101513504981995,0.38984864950180054
PETS_CREDIT_high_eff_su2_r5_d6_b02__none,none,measurementguard_continuous,cf2b344b8a066b41a298,0,0,0,0.8800800442695618,0.11992000043392181
PETS_CREDIT_high_eff_su2_r5_d6_b02__none,none,measurementguard_continuous,44ce9ab8bd9bd704ad04,0,1,0,0.796553373336792,0.20344659686088562
PETS_CREDIT_high_eff_su2_r5_d6_b02__none,none,measurementguard_continuous,d2f0fdb253d121d24db4,0,0,0,0.5851365327835083,0.4148634970188141
PETS_CREDIT_high_eff_su2_r5_d6_b02__none,none,measurementguard_continuous,11958d422323d7de5da8,0,1,1,0.4355579912662506,0.5644420385360718
PETS_CREDIT_high_eff_su2_r5_d6_b02__none,none,measurementguard_continuous,ee145a9d7a0dd082d343,0,1,1,0.39031001925468445,0.6096899509429932
PETS_CREDIT_high_eff_su2_r5_d6_b02__none,none,measurementguard_continuous,3bb90fb9f41d8cd780fb,0,0,0,0.6182585954666138,0.3817414343357086
PETS_CREDIT_high_eff_su2_r5_d6_b02__none,none,measurementguard_continuous,1df211fa59aa1d5f8ac4,0,0,0,0.8932903409004211,0.10670968890190125
PETS_CREDIT_high_eff_su2_r5_d6_b02__none,none,measurementguard_continuous,864edb9124799ed14941,0,0,0,0.8711056709289551,0.1288943588733673
PETS_CREDIT_high_eff_su2_r5_d6_b02__none,none,measurementguard_continuous,71a5cf1405bd2714ab77,0,0,0,0.6037605404853821,0.3962394893169403
PETS_CREDIT_high_eff_su2_r5_d6_b02__none,none,measurementguard_continuous,ec314aa70302252ef357,0,0,0,0.5705674290657043,0.42943257093429565
PETS_CREDIT_high_eff_su2_r5_d6_b02__none,none,measurementguard_continuous,07849266aa8f190a63f2,0,0,0,0.5851072669029236,0.41489270329475403
PETS_CREDIT_high_eff_su2_r5_d6_b02__none,none,measurementguard_continuous,9905912b0d924a7b3ca5,0,1,0,0.5024880170822144,0.49751198291778564
PETS_CREDIT_high_eff_su2_r5_d6_b02__none,none,measurementguard_continuous,10906783256975cefbbb,0,0,0,0.8746300339698792,0.12536993622779846
PETS_CREDIT_high_eff_su2_r5_d6_b02__none,none,measurementguard_continuous,7ff0c461042567dfe447,0,0,0,0.7468517422676086,0.25314825773239136
PETS_CREDIT_high_eff_su2_r5_d6_b02__none,none,measurementguard_continuous,34cd383be85fcb382ea6,0,0,0,0.7561304569244385,0.24386954307556152
PETS_CREDIT_high_eff_su2_r5_d6_b02__none,none,measurementguard_continuous,da601eb1fce6bb696bf8,0,1,0,0.8156465291976929,0.18435344099998474
PETS_CREDIT_high_eff_su2_r5_d6_b02__none,none,measurementguard_continuous,555680807658211b545c,0,0,0,0.7377166748046875,0.2622833549976349
PETS_CREDIT_high_eff_su2_r5_d6_b02__none,none,measurementguard_continuous,7dbb07f72b26cae53e10,0,0,1,0.2935786843299866,0.7064213752746582
PETS_CREDIT_high_eff_su2_r5_d6_b02__none,none,measurementguard_continuous,3692ecea3b8cc152ac74,0,0,0,0.5099104642868042,0.4900895357131958
PETS_CREDIT_high_eff_su2_r5_d6_b02__none,none,measurementguard_continuous,685e2ecf9c9c42d485ce,0,0,0,0.5596287250518799,0.4403713047504425
PETS_CREDIT_high_eff_su2_r5_d6_b02__none,none,measurementguard_continuous,3a38d3079b87b1aa292b,0,0,0,0.839124321937561,0.16087569296360016
PETS_CREDIT_high_eff_su2_r5_d6_b02__none,none,measurementguard_continuous,4a088c612fee9ef613b8,0,0,0,0.6257511377334595,0.37424883246421814
PETS_CREDIT_high_eff_su2_r5_d6_b02__none,none,measurementguard_continuous,e662ed68ef3f99bd0ed7,0,0,0,0.7905650734901428,0.2094348967075348
PETS_CREDIT_high_eff_su2_r5_d6_b02__none,none,measurementguard_continuous,baf60f731977893683c9,0,0,0,0.5928657054901123,0.4071342945098877
PETS_CREDIT_high_eff_su2_r5_d6_b02__none,none,measurementguard_continuous,af85096b9d68ea111a40,0,0,0,0.8818227052688599,0.11817727982997894
PETS_CREDIT_high_eff_su2_r5_d6_b02__none,none,measurementguard_continuous,948f6a099d3241c9a1ec,0,0,0,0.9108536839485168,0.08914636075496674
PETS_CREDIT_high_eff_su2_r5_d6_b02__none,none,measurementguard_continuous,5f65233bde8585faedb5,0,0,0,0.7506482005119324,0.24935179948806763
PETS_CREDIT_high_eff_su2_r5_d6_b02__none,none,measurementguard_continuous,5acd05c508162abd3783,0,0,0,0.5874086022377014,0.4125913977622986
PETS_CREDIT_high_eff_su2_r5_d6_b02__none,none,measurementguard_continuous,349b65ac22308893e3ec,0,1,0,0.764845073223114,0.2351548969745636
PETS_CREDIT_high_eff_su2_r5_d6_b02__none,none,measurementguard_continuous,1deef9da8e2ee98331dc,0,0,1,0.4864516258239746,0.5135483741760254
PETS_CREDIT_high_eff_su2_r5_d6_b02__none,none,measurementguard_continuous,ccba09c993c170faae38,0,1,1,0.4115240275859833,0.5884759426116943
PETS_CREDIT_high_eff_su2_r5_d6_b02__none,none,measurementguard_continuous,4882932be60b65305c84,0,0,0,0.760199248790741,0.23980076611042023
PETS_CREDIT_high_eff_su2_r5_d6_b02__none,none,measurementguard_continuous,b244235968526b38867d,0,0,0,0.8469253778457642,0.15307465195655823
PETS_CREDIT_high_eff_su2_r5_d6_b02__none,none,measurementguard_continuous,c3a927c03687d1a576df,0,0,0,0.7978060245513916,0.2021939754486084
PETS_CREDIT_high_eff_su2_r5_d6_b02__none,none,measurementguard_continuous,fa1f9563eb089a4c05eb,0,1,0,0.8822025060653687,0.11779752373695374
PETS_CREDIT_high_eff_su2_r5_d6_b02__none,none,measurementguard_continuous,555c4408bbd55bf9a01b,0,0,0,0.8196240663528442,0.18037599325180054
PETS_CREDIT_high_eff_su2_r5_d6_b02__none,none,measurementguard_continuous,6bb3006cf2b47b29d044,0,0,0,0.6397422552108765,0.36025774478912354
PETS_CREDIT_high_eff_su2_r5_d6_b02__none,none,measurementguard_continuous,a3076f399cf32e671da9,0,1,0,0.894849956035614,0.10515006631612778
PETS_CREDIT_high_eff_su2_r5_d6_b02__none,none,measurementguard_continuous,d0ead593664a3694fc2c,0,0,0,0.5060926079750061,0.4939073920249939
PETS_CREDIT_high_eff_su2_r5_d6_b02__none,none,measurementguard_continuous,f4686f1ccb3b1f5b89c1,0,0,0,0.8319678902626038,0.16803215444087982
PETS_CREDIT_high_eff_su2_r5_d6_b02__none,none,measurementguard_continuous,6b7219cfa53e1ae4e686,0,0,0,0.5751104950904846,0.42488953471183777
PETS_CREDIT_high_eff_su2_r5_d6_b02__none,none,measurementguard_continuous,88f9384f8a0cf279c07b,0,0,0,0.8938202857971191,0.10617975145578384
PETS_CREDIT_high_eff_su2_r5_d6_b02__none,none,measurementguard_continuous,8ac37e6efcfd84f4bf90,0,0,0,0.5047768950462341,0.4952230751514435
PETS_CREDIT_high_eff_su2_r5_d6_b02__none,none,measurementguard_continuous,e947ef8b0f016ee69de8,0,0,0,0.5714403390884399,0.42855963110923767
PETS_CREDIT_high_eff_su2_r5_d6_b02__none,none,measurementguard_continuous,6c53aaf7ecbc425941a4,0,1,0,0.663017749786377,0.33698228001594543
PETS_CREDIT_high_eff_su2_r5_d6_b02__none,none,measurementguard_continuous,b215fc8b709612d72d29,0,0,0,0.518512487411499,0.48148754239082336
PETS_CREDIT_high_eff_su2_r5_d6_b02__none,none,measurementguard_continuous,87c7d3469677d57e0f68,0,0,0,0.9063986539840698,0.09360139071941376
PETS_CREDIT_high_eff_su2_r5_d6_b02__none,none,measurementguard_continuous,aca397f6cfe96c665e23,0,0,0,0.8977630138397217,0.10223698616027832
PETS_CREDIT_high_eff_su2_r5_d6_b02__none,none,measurementguard_continuous,f1d5fbea8d8fc197f689,0,0,0,0.874491810798645,0.1255081743001938
PETS_CREDIT_high_eff_su2_r5_d6_b02__none,none,measurementguard_continuous,a660b0769301bab3f88d,0,0,0,0.8117001056671143,0.18829986453056335
PETS_CREDIT_high_eff_su2_r5_d6_b02__none,none,measurementguard_continuous,fb41b4f01480a9067cf9,0,1,0,0.5510391592979431,0.4489608705043793
PETS_CREDIT_high_eff_su2_r5_d6_b02__none,none,measurementguard_continuous,c65308558f565034903d,0,1,0,0.9098613858222961,0.09013859182596207
PETS_CREDIT_high_eff_su2_r5_d6_b02__none,none,measurementguard_continuous,61985a6dca52dc5fe733,0,0,0,0.5639104843139648,0.43608957529067993
PETS_CREDIT_high_eff_su2_r5_d6_b02__none,none,measurementguard_continuous,79d13f79e25dd355b797,0,1,0,0.9187396764755249,0.0812603235244751
PETS_CREDIT_high_eff_su2_r5_d6_b02__none,none,measurementguard_continuous,6df7b8af4894c02f1865,0,0,0,0.8421117663383484,0.1578882336616516
PETS_CREDIT_high_eff_su2_r5_d6_b02__none,none,measurementguard_continuous,f50f173b25417d940819,0,0,0,0.8767809271812439,0.1232190802693367
PETS_CREDIT_high_eff_su2_r5_d6_b02__none,none,measurementguard_continuous,73ce0aaf437e0a73c182,0,1,0,0.604582667350769,0.39541736245155334
PETS_CREDIT_high_eff_su2_r5_d6_b02__none,none,measurementguard_continuous,0748c8ca29b369b66e6f,0,1,0,0.8596690893173218,0.1403309553861618
PETS_CREDIT_high_eff_su2_r5_d6_b02__none,none,measurementguard_continuous,e5cdd46506910a0d29a4,0,0,0,0.8962262868881226,0.10377372056245804
PETS_CREDIT_high_eff_su2_r5_d6_b02__none,none,measurementguard_continuous,266c16f52337745816e5,0,0,0,0.84604412317276,0.1539558619260788
PETS_CREDIT_high_eff_su2_r5_d6_b02__none,none,measurementguard_continuous,806319326d809b9eae67,0,0,0,0.893607497215271,0.10639253258705139
PETS_CREDIT_high_eff_su2_r5_d6_b02__none,none,measurementguard_continuous,3da17ae4582b2ac6ac6a,0,0,0,0.9097900390625,0.09021002054214478
PETS_CREDIT_high_eff_su2_r5_d6_b02__none,none,measurementguard_continuous,cd6bf5351920ef71b772,0,0,0,0.912026584148407,0.08797340840101242
PETS_CREDIT_high_eff_su2_r5_d6_b02__none,none,measurementguard_continuous,f1fa5a6ee10e25b70a00,0,0,0,0.7510009407997131,0.24899908900260925
PETS_CREDIT_high_eff_su2_r5_d6_b02__none,none,measurementguard_continuous,de98a8baab2807797bb8,0,0,0,0.8261572122573853,0.17384278774261475
PETS_CREDIT_high_eff_su2_r5_d6_b02__none,none,measurementguard_continuous,4c7af58561c27a6e341e,0,1,0,0.7925623655319214,0.207437664270401
PETS_CREDIT_high_eff_su2_r5_d6_b02__none,none,measurementguard_continuous,38ba8c1ecc8be69eb7d0,0,0,0,0.8363341689109802,0.16366581618785858
PETS_CREDIT_high_eff_su2_r5_d6_b02__none,none,measurementguard_continuous,1b857744e17f39b46f16,0,0,0,0.9047372937202454,0.09526271373033524
PETS_CREDIT_high_eff_su2_r5_d6_b02__none,none,measurementguard_continuous,31d01a38894b805bfc80,0,0,0,0.7039843201637268,0.2960156798362732
PETS_CREDIT_high_eff_su2_r5_d6_b02__none,none,measurementguard_continuous,231156f957719dd417d9,0,0,0,0.5506669878959656,0.4493330121040344
PETS_CREDIT_high_eff_su2_r5_d6_b02__none,none,measurementguard_continuous,7bfb843a13cff05233ad,0,0,0,0.7373677492141724,0.26263225078582764
PETS_CREDIT_high_eff_su2_r5_d6_b02__none,none,measurementguard_continuous,24850cc249ef6fef8baa,0,0,0,0.896989107131958,0.10301090031862259
PETS_CREDIT_high_eff_su2_r5_d6_b02__none,none,measurementguard_continuous,f80b742f70e5ef1f2f75,0,0,0,0.6652660965919495,0.33473390340805054
PETS_CREDIT_high_eff_su2_r5_d6_b02__none,none,measurementguard_continuous,392fabb059005262a0a6,0,0,0,0.914214551448822,0.08578546345233917
PETS_CREDIT_high_eff_su2_r5_d6_b02__none,none,measurementguard_continuous,e5731b75bfb8647f33f0,0,1,1,0.4748741090297699,0.5251259207725525
PETS_CREDIT_high_eff_su2_r5_d6_b02__none,none,measurementguard_continuous,63426de2bcac10c978ef,0,0,0,0.7359446883201599,0.2640552818775177
PETS_CREDIT_high_eff_su2_r5_d6_b02__none,none,measurementguard_continuous,346b2d56d8b09d426f47,0,1,1,0.41045400500297546,0.5895460247993469
PETS_CREDIT_high_eff_su2_r5_d6_b02__none,none,measurementguard_continuous,79ede8f524cb4755d342,0,0,0,0.6517636179924011,0.3482363522052765
PETS_CREDIT_high_eff_su2_r5_d6_b02__none,none,measurementguard_continuous,9b15c4988e577e46b572,0,0,0,0.8807037472724915,0.11929624527692795
PETS_CREDIT_high_eff_su2_r5_d6_b02__none,none,measurementguard_continuous,2ae5fdcfe3923a4263b6,0,0,0,0.8803593516349792,0.11964068561792374
PETS_CREDIT_high_eff_su2_r5_d6_b02__none,none,measurementguard_continuous,b690772de8eb14084d30,0,1,0,0.7441858649253845,0.2558141350746155
PETS_CREDIT_high_eff_su2_r5_d6_b02__none,none,measurementguard_continuous,a19516268df63768faeb,0,0,0,0.8994056582450867,0.10059435665607452
PETS_CREDIT_high_eff_su2_r5_d6_b02__none,none,measurementguard_continuous,2e900caa6bf6a7e56807,0,0,0,0.8113089799880981,0.18869103491306305
PETS_CREDIT_high_eff_su2_r5_d6_b02__none,none,measurementguard_continuous,3e5959b02df8356effc1,0,0,0,0.8968234062194824,0.10317659378051758
PETS_CREDIT_high_eff_su2_r5_d6_b02__none,none,measurementguard_continuous,b6b16448c07ca52d41fb,0,0,0,0.5168659090995789,0.48313406109809875
PETS_CREDIT_high_eff_su2_r5_d6_b02__none,none,measurementguard_continuous,bf9825a8b0d7138b3690,0,1,0,0.8859984874725342,0.11400152742862701
PETS_CREDIT_high_eff_su2_r5_d6_b02__none,none,measurementguard_continuous,ae831412dedceb901cc4,0,0,0,0.6996912956237793,0.3003086745738983
PETS_CREDIT_high_eff_su2_r5_d6_b02__none,none,measurementguard_continuous,1b791f7fc091a40a0494,0,0,0,0.811909556388855,0.18809044361114502
PETS_CREDIT_high_eff_su2_r5_d6_b02__none,none,measurementguard_continuous,2951667761deda7d6d9f,0,0,0,0.7957572340965271,0.2042427808046341
PETS_CREDIT_high_eff_su2_r5_d6_b02__none,none,measurementguard_continuous,c55786a9941cc04c9348,0,0,0,0.8234819173812866,0.17651809751987457
PETS_CREDIT_high_eff_su2_r5_d6_b02__none,none,measurementguard_continuous,67fb36e26b798796d6fd,0,0,0,0.8547888398170471,0.14521117508411407
PETS_CREDIT_high_eff_su2_r5_d6_b02__none,none,measurementguard_continuous,f8f44150ace4d5e110b6,0,1,0,0.7130781412124634,0.286921888589859
PETS_CREDIT_high_eff_su2_r5_d6_b02__none,none,measurementguard_continuous,92becb8f0ed68752cc52,0,1,0,0.5096976161003113,0.4903024137020111
PETS_CREDIT_high_eff_su2_r5_d6_b02__none,none,measurementguard_continuous,cab8e2ac7eeaf27d3d2c,0,0,0,0.5043355822563171,0.4956643879413605
PETS_CREDIT_high_eff_su2_r5_d6_b02__none,none,measurementguard_continuous,d1db35b6c9e008df971d,0,0,1,0.482440322637558,0.5175597071647644
PETS_CREDIT_high_eff_su2_r5_d6_b02__none,none,measurementguard_continuous,83d86a08997d81c1643f,0,0,0,0.8976500630378723,0.1023499071598053
PETS_CREDIT_high_eff_su2_r5_d6_b02__none,none,lattice_round,26b6a5da65cdaeb8e184,1,0,0,0.5776627063751221,0.42233729362487793
PETS_CREDIT_high_eff_su2_r5_d6_b02__none,none,lattice_round,aaca4c9adb936209ae4f,1,0,0,0.8130592703819275,0.1869407594203949
PETS_CREDIT_high_eff_su2_r5_d6_b02__none,none,lattice_round,5b4cdc8a84b914138d2b,1,0,0,0.9594603776931763,0.040539633482694626
PETS_CREDIT_high_eff_su2_r5_d6_b02__none,none,lattice_round,d2c3d34fb102babfa194,1,0,0,0.6643322110176086,0.33566781878471375
PETS_CREDIT_high_eff_su2_r5_d6_b02__none,none,lattice_round,26f8e0268dd95cba45fd,1,0,0,0.6800907850265503,0.3199092745780945
PETS_CREDIT_high_eff_su2_r5_d6_b02__none,none,lattice_round,877b93e6aa8797d2cd0b,1,1,0,0.8651939034461975,0.1348060816526413
PETS_CREDIT_high_eff_su2_r5_d6_b02__none,none,lattice_round,e0b33cacbadcac9f3d26,1,0,0,0.7174073457717896,0.28259268403053284
PETS_CREDIT_high_eff_su2_r5_d6_b02__none,none,lattice_round,df16a30c67111933fccc,1,1,1,0.22304362058639526,0.7769564390182495
PETS_CREDIT_high_eff_su2_r5_d6_b02__none,none,lattice_round,7105743f10682ac4a1cc,1,1,0,0.5649505853652954,0.435049444437027
PETS_CREDIT_high_eff_su2_r5_d6_b02__none,none,lattice_round,0ffd3e39286157b02ad4,1,0,0,0.9177018404006958,0.082298144698143
PETS_CREDIT_high_eff_su2_r5_d6_b02__none,none,lattice_round,e4890079e5df86b99388,1,0,0,0.7460709810256958,0.2539290189743042
PETS_CREDIT_high_eff_su2_r5_d6_b02__none,none,lattice_round,e07f107ec2deef516f4f,1,0,0,0.7106126546859741,0.28938737511634827
PETS_CREDIT_high_eff_su2_r5_d6_b02__none,none,lattice_round,c91e3b5a028c06ad1f92,1,0,0,0.7823954224586487,0.21760457754135132
PETS_CREDIT_high_eff_su2_r5_d6_b02__none,none,lattice_round,d606f1831b9734bb90e1,1,0,0,0.8503037691116333,0.1496962159872055
PETS_CREDIT_high_eff_su2_r5_d6_b02__none,none,lattice_round,c3a59fc71e20658f6341,1,0,0,0.8350971937179565,0.16490282118320465
PETS_CREDIT_high_eff_su2_r5_d6_b02__none,none,lattice_round,78edbc6916b12b570866,1,1,0,0.7143186330795288,0.2856813967227936
PETS_CREDIT_high_eff_su2_r5_d6_b02__none,none,lattice_round,a62d80fa1349c54517ce,1,0,0,0.986022412776947,0.013977572321891785
PETS_CREDIT_high_eff_su2_r5_d6_b02__none,none,lattice_round,46dbe6ca2f4531385a05,1,0,0,0.534606397151947,0.465393602848053
PETS_CREDIT_high_eff_su2_r5_d6_b02__none,none,lattice_round,8b629ccf361c8da0309f,1,0,0,0.9605134725570679,0.039486534893512726
PETS_CREDIT_high_eff_su2_r5_d6_b02__none,none,lattice_round,4dde24d981dd8981f71f,1,1,0,0.6462334990501404,0.353766530752182
PETS_CREDIT_high_eff_su2_r5_d6_b02__none,none,lattice_round,ab00e756b29c98fd6674,1,0,0,0.9963561296463013,0.0036438845563679934
PETS_CREDIT_high_eff_su2_r5_d6_b02__none,none,lattice_round,196d92dfff0523a23237,1,0,0,0.7253827452659607,0.2746172845363617
PETS_CREDIT_high_eff_su2_r5_d6_b02__none,none,lattice_round,988a4b4dcb53bafffb01,1,0,0,0.943392813205719,0.0566071942448616
PETS_CREDIT_high_eff_su2_r5_d6_b02__none,none,lattice_round,c8a7bd1cd35ba1e89b80,1,0,0,0.8284576535224915,0.17154237627983093
PETS_CREDIT_high_eff_su2_r5_d6_b02__none,none,lattice_round,6093ce809aa33ce6693b,1,0,0,0.977974534034729,0.022025492042303085
PETS_CREDIT_high_eff_su2_r5_d6_b02__none,none,lattice_round,00405a37dd709b2d51a8,1,0,0,0.784995436668396,0.2150045931339264
PETS_CREDIT_high_eff_su2_r5_d6_b02__none,none,lattice_round,aaff47c50ec280d97eda,1,0,0,0.6669413447380066,0.3330586850643158
PETS_CREDIT_high_eff_su2_r5_d6_b02__none,none,lattice_round,a6dfd0dc4ba32e6c00e6,1,0,0,0.787320077419281,0.21267995238304138
PETS_CREDIT_high_eff_su2_r5_d6_b02__none,none,lattice_round,75e559f2a9928f47e4ef,1,0,0,0.9321219325065613,0.06787805259227753
PETS_CREDIT_high_eff_su2_r5_d6_b02__none,none,lattice_round,f1068bd99413d081a271,1,0,0,0.7569298148155212,0.24307022988796234
PETS_CREDIT_high_eff_su2_r5_d6_b02__none,none,lattice_round,58cb80b3d0535cb4343a,1,0,0,0.7420488595962524,0.25795114040374756
PETS_CREDIT_high_eff_su2_r5_d6_b02__none,none,lattice_round,5cb75d859aa2d3df94b0,1,0,0,0.890741229057312,0.1092587485909462
PETS_CREDIT_high_eff_su2_r5_d6_b02__none,none,lattice_round,6e144bf85d42e3ac6fae,1,1,0,0.6414681077003479,0.3585318922996521
PETS_CREDIT_high_eff_su2_r5_d6_b02__none,none,lattice_round,e8613e68d8ca2ea9e7fd,1,0,0,0.7421833276748657,0.25781670212745667
PETS_CREDIT_high_eff_su2_r5_d6_b02__none,none,lattice_round,0674ce029ebb21d32e38,1,1,1,0.48118913173675537,0.5188108682632446
PETS_CREDIT_high_eff_su2_r5_d6_b02__none,none,lattice_round,b0f47ae4b56b3aa4d111,1,0,0,0.7426537871360779,0.25734618306159973
PETS_CREDIT_high_eff_su2_r5_d6_b02__none,none,lattice_round,e76cce60bc3507d0d7b2,1,0,0,0.6154623031616211,0.3845376670360565
PETS_CREDIT_high_eff_su2_r5_d6_b02__none,none,lattice_round,72bf8a475d5aa5538cd3,1,0,0,0.5773329734802246,0.4226670563220978
PETS_CREDIT_high_eff_su2_r5_d6_b02__none,none,lattice_round,f3ca91dd8e5aba8d83d9,1,1,0,0.5466740727424622,0.45332592725753784
PETS_CREDIT_high_eff_su2_r5_d6_b02__none,none,lattice_round,70d271c728323ea28d90,1,0,0,0.9931166768074036,0.0068833171389997005
PETS_CREDIT_high_eff_su2_r5_d6_b02__none,none,lattice_round,a55e4e1cd3465563efc4,1,0,0,0.6736129522323608,0.32638707756996155
PETS_CREDIT_high_eff_su2_r5_d6_b02__none,none,lattice_round,4def6ca8e27be84aeb54,1,1,0,0.5234886407852173,0.4765113294124603
PETS_CREDIT_high_eff_su2_r5_d6_b02__none,none,lattice_round,347bd04364dce3c5342e,1,0,0,0.6548051834106445,0.3451947867870331
PETS_CREDIT_high_eff_su2_r5_d6_b02__none,none,lattice_round,bf465d63c434358f77e4,1,0,0,0.7346611618995667,0.26533886790275574
PETS_CREDIT_high_eff_su2_r5_d6_b02__none,none,lattice_round,c9e5785745f04cec0d37,1,0,0,0.9931819438934326,0.006818082649260759
PETS_CREDIT_high_eff_su2_r5_d6_b02__none,none,lattice_round,c536d8f2ff559c7756e7,1,0,0,0.9390197396278381,0.06098029017448425
PETS_CREDIT_high_eff_su2_r5_d6_b02__none,none,lattice_round,f0c1637eb1fa5204c581,1,0,0,0.6651357412338257,0.3348643183708191
PETS_CREDIT_high_eff_su2_r5_d6_b02__none,none,lattice_round,bfa7b1aca5d187760a16,1,0,0,0.6606513261795044,0.3393486440181732
PETS_CREDIT_high_eff_su2_r5_d6_b02__none,none,lattice_round,cec5a851be4f6e7c0887,1,1,0,0.7737436294555664,0.22625643014907837
PETS_CREDIT_high_eff_su2_r5_d6_b02__none,none,lattice_round,619b46d6086e6aad3d84,1,0,0,0.9045423865318298,0.09545763581991196
PETS_CREDIT_high_eff_su2_r5_d6_b02__none,none,lattice_round,1dd9f8371cdcaa1758b3,1,0,0,0.8773396015167236,0.12266041338443756
PETS_CREDIT_high_eff_su2_r5_d6_b02__none,none,lattice_round,a4fc6b0808359418c098,1,0,0,0.5904495716094971,0.40955039858818054
PETS_CREDIT_high_eff_su2_r5_d6_b02__none,none,lattice_round,073dbbd888ef767c75de,1,0,0,0.9557303190231323,0.04426969587802887
PETS_CREDIT_high_eff_su2_r5_d6_b02__none,none,lattice_round,7c7fe88dcec806be29da,1,0,0,0.9312472343444824,0.06875281035900116
PETS_CREDIT_high_eff_su2_r5_d6_b02__none,none,lattice_round,fbbb0f469e10095b9cc1,1,1,0,0.7885163426399231,0.2114836871623993
PETS_CREDIT_high_eff_su2_r5_d6_b02__none,none,lattice_round,c0daa10532a8487ca803,1,1,0,0.5972908139228821,0.4027091860771179
PETS_CREDIT_high_eff_su2_r5_d6_b02__none,none,lattice_round,bacc1c25b75ae0e1b780,1,0,0,0.9938931465148926,0.006106912158429623
PETS_CREDIT_high_eff_su2_r5_d6_b02__none,none,lattice_round,1313972ddf1c6e9eb2c9,1,1,0,0.6399401426315308,0.36005985736846924
PETS_CREDIT_high_eff_su2_r5_d6_b02__none,none,lattice_round,1819fe5c399a17316fee,1,0,0,0.9249652028083801,0.07503479719161987
PETS_CREDIT_high_eff_su2_r5_d6_b02__none,none,lattice_round,70e46e61db439dd8e308,1,0,0,0.7401430010795593,0.25985705852508545
PETS_CREDIT_high_eff_su2_r5_d6_b02__none,none,lattice_round,01743ddf295d8f6b5a46,1,1,0,0.7054685354232788,0.2945314347743988
PETS_CREDIT_high_eff_su2_r5_d6_b02__none,none,lattice_round,a5628044ec0880a52490,1,1,1,0.4299415647983551,0.5700584650039673
PETS_CREDIT_high_eff_su2_r5_d6_b02__none,none,lattice_round,6a75db22a6087741eef2,1,0,0,0.763690173625946,0.23630988597869873
PETS_CREDIT_high_eff_su2_r5_d6_b02__none,none,lattice_round,92516ca36411fad7d9c9,1,0,0,0.7573824524879456,0.24261756241321564
PETS_CREDIT_high_eff_su2_r5_d6_b02__none,none,lattice_round,787c85a205e13b242012,1,0,0,0.6343644261360168,0.36563557386398315
PETS_CREDIT_high_eff_su2_r5_d6_b02__none,none,lattice_round,8d5ec20ca179ede5da84,1,0,0,0.7058181762695312,0.29418182373046875
PETS_CREDIT_high_eff_su2_r5_d6_b02__none,none,lattice_round,973b363916938dbaaf31,1,0,0,0.7621520757675171,0.2378479391336441
PETS_CREDIT_high_eff_su2_r5_d6_b02__none,none,lattice_round,e3e282f64bed70282149,1,0,0,0.918384850025177,0.081615149974823
PETS_CREDIT_high_eff_su2_r5_d6_b02__none,none,lattice_round,c50e57ca37a497df3a13,1,0,0,0.895235002040863,0.10476503521203995
PETS_CREDIT_high_eff_su2_r5_d6_b02__none,none,lattice_round,6c0e663b6848864dc914,1,1,0,0.5912694931030273,0.40873050689697266
PETS_CREDIT_high_eff_su2_r5_d6_b02__none,none,lattice_round,ac5f40db5db91c18a83b,1,0,0,0.9481024742126465,0.05189750716090202
PETS_CREDIT_high_eff_su2_r5_d6_b02__none,none,lattice_round,072f10d00d9156aab9f2,1,0,0,0.9846875071525574,0.015312530100345612
PETS_CREDIT_high_eff_su2_r5_d6_b02__none,none,lattice_round,526cee77dcfea7ee8138,1,0,0,0.97174471616745,0.02825530804693699
PETS_CREDIT_high_eff_su2_r5_d6_b02__none,none,lattice_round,25282b20e9c64236ec4d,1,0,0,0.9355032444000244,0.06449677050113678
PETS_CREDIT_high_eff_su2_r5_d6_b02__none,none,lattice_round,14ee67db08b82edf07a3,1,0,0,0.7596259713172913,0.24037404358386993
PETS_CREDIT_high_eff_su2_r5_d6_b02__none,none,lattice_round,eb849709f12c60edd50b,1,0,0,0.8798990249633789,0.12010090798139572
PETS_CREDIT_high_eff_su2_r5_d6_b02__none,none,lattice_round,b91b8614dbf7826436cf,1,0,0,0.9698783755302429,0.03012164495885372
PETS_CREDIT_high_eff_su2_r5_d6_b02__none,none,lattice_round,8f95586c1c6fb3f2a750,1,0,0,0.9933449029922485,0.006655109580606222
PETS_CREDIT_high_eff_su2_r5_d6_b02__none,none,lattice_round,5e48c11768cb070aefe6,1,1,0,0.8152427077293396,0.1847572773694992
PETS_CREDIT_high_eff_su2_r5_d6_b02__none,none,lattice_round,7ce1135db7560daf7e70,1,0,0,0.8143261671066284,0.18567386269569397
PETS_CREDIT_high_eff_su2_r5_d6_b02__none,none,lattice_round,f332cc500c7a62b19024,1,1,0,0.525841474533081,0.47415849566459656
PETS_CREDIT_high_eff_su2_r5_d6_b02__none,none,lattice_round,192395141a760795b97a,1,0,0,0.8302270174026489,0.16977298259735107
PETS_CREDIT_high_eff_su2_r5_d6_b02__none,none,lattice_round,9fc5fbe55717fe6862a4,1,0,0,0.942943274974823,0.057056695222854614
PETS_CREDIT_high_eff_su2_r5_d6_b02__none,none,lattice_round,8fe0ac3103b5acc00cdc,1,0,0,0.9734578132629395,0.026542166247963905
PETS_CREDIT_high_eff_su2_r5_d6_b02__none,none,lattice_round,d46f8b9f4d57f90db615,1,1,0,0.5822893977165222,0.4177106022834778
PETS_CREDIT_high_eff_su2_r5_d6_b02__none,none,lattice_round,11ccb38ba9653d61e950,1,0,0,0.764468789100647,0.23553124070167542
PETS_CREDIT_high_eff_su2_r5_d6_b02__none,none,lattice_round,b84ff32b3c14263b0dd5,1,0,0,0.9313732981681824,0.0686267614364624
PETS_CREDIT_high_eff_su2_r5_d6_b02__none,none,lattice_round,ab97fae957e08270ffce,1,0,0,0.9770609140396118,0.022939063608646393
PETS_CREDIT_high_eff_su2_r5_d6_b02__none,none,lattice_round,6af56a8b2e15acc1e086,1,0,0,0.9621708989143372,0.03782907500863075
PETS_CREDIT_high_eff_su2_r5_d6_b02__none,none,lattice_round,07d4d260e30d7cf5b71f,1,1,1,0.14022894203662872,0.8597710728645325
PETS_CREDIT_high_eff_su2_r5_d6_b02__none,none,lattice_round,fb40711278aca2b43c69,1,0,0,0.9741108417510986,0.025889215990900993
PETS_CREDIT_high_eff_su2_r5_d6_b02__none,none,lattice_round,1c7eb9e50fc08e5f8cf0,1,0,0,0.6761077046394348,0.3238923251628876
PETS_CREDIT_high_eff_su2_r5_d6_b02__none,none,lattice_round,5383d08662564ec7ab0d,1,0,0,0.9636827707290649,0.03631724417209625
PETS_CREDIT_high_eff_su2_r5_d6_b02__none,none,lattice_round,006df97946d214e0111f,1,0,0,0.5835843682289124,0.41641566157341003
PETS_CREDIT_high_eff_su2_r5_d6_b02__none,none,lattice_round,6f47824d3363865de61a,1,0,0,0.9536603093147278,0.04633970558643341
PETS_CREDIT_high_eff_su2_r5_d6_b02__none,none,lattice_round,3ac7ac4bc65a6ffec899,1,1,0,0.644141435623169,0.35585856437683105
PETS_CREDIT_high_eff_su2_r5_d6_b02__none,none,lattice_round,29a333df83b13ef7fea3,1,1,0,0.7786399126052856,0.22136010229587555
PETS_CREDIT_high_eff_su2_r5_d6_b02__none,none,lattice_round,39f8154e08ad72170108,1,0,0,0.8478432297706604,0.1521567851305008
PETS_CREDIT_high_eff_su2_r5_d6_b02__none,none,lattice_round,25bed8f88a506c4cc366,1,0,0,0.9142797589302063,0.08572026342153549
PETS_CREDIT_high_eff_su2_r5_d6_b02__none,none,lattice_round,c75c31af2389cc3a594f,1,0,1,0.490948885679245,0.5090511441230774
PETS_CREDIT_high_eff_su2_r5_d6_b02__none,none,lattice_round,cbee3c9401120608f2ba,0,0,0,0.9968865513801575,0.003113477723672986
PETS_CREDIT_high_eff_su2_r5_d6_b02__none,none,lattice_round,1c3e9f95fcefe2e9f555,0,0,0,0.8658484816551208,0.13415154814720154
PETS_CREDIT_high_eff_su2_r5_d6_b02__none,none,lattice_round,47955bec8c8c8b0d6ecd,0,0,0,0.7904652953147888,0.20953470468521118
PETS_CREDIT_high_eff_su2_r5_d6_b02__none,none,lattice_round,925cfc4ba01b802e6fea,0,0,0,0.6043137311935425,0.39568623900413513
PETS_CREDIT_high_eff_su2_r5_d6_b02__none,none,lattice_round,cf2b344b8a066b41a298,0,0,0,0.9631938338279724,0.03680618107318878
PETS_CREDIT_high_eff_su2_r5_d6_b02__none,none,lattice_round,44ce9ab8bd9bd704ad04,0,1,0,0.9327270984649658,0.06727295368909836
PETS_CREDIT_high_eff_su2_r5_d6_b02__none,none,lattice_round,d2f0fdb253d121d24db4,0,0,0,0.8144144415855408,0.18558558821678162
PETS_CREDIT_high_eff_su2_r5_d6_b02__none,none,lattice_round,11958d422323d7de5da8,0,1,1,0.44663938879966736,0.5533605813980103
PETS_CREDIT_high_eff_su2_r5_d6_b02__none,none,lattice_round,ee145a9d7a0dd082d343,0,1,1,0.1614752858877182,0.8385246992111206
PETS_CREDIT_high_eff_su2_r5_d6_b02__none,none,lattice_round,3bb90fb9f41d8cd780fb,0,0,0,0.8540611267089844,0.145938903093338
PETS_CREDIT_high_eff_su2_r5_d6_b02__none,none,lattice_round,1df211fa59aa1d5f8ac4,0,0,0,0.9660775661468506,0.03392241895198822
PETS_CREDIT_high_eff_su2_r5_d6_b02__none,none,lattice_round,864edb9124799ed14941,0,0,0,0.9555231928825378,0.044476818293333054
PETS_CREDIT_high_eff_su2_r5_d6_b02__none,none,lattice_round,71a5cf1405bd2714ab77,0,0,0,0.6199953556060791,0.3800046443939209
PETS_CREDIT_high_eff_su2_r5_d6_b02__none,none,lattice_round,ec314aa70302252ef357,0,0,0,0.5763047933578491,0.4236952066421509
PETS_CREDIT_high_eff_su2_r5_d6_b02__none,none,lattice_round,07849266aa8f190a63f2,0,0,0,0.5861261487007141,0.4138738512992859
PETS_CREDIT_high_eff_su2_r5_d6_b02__none,none,lattice_round,9905912b0d924a7b3ca5,0,1,0,0.7881990075111389,0.21180102229118347
PETS_CREDIT_high_eff_su2_r5_d6_b02__none,none,lattice_round,10906783256975cefbbb,0,0,0,0.8761470317840576,0.12385299056768417
PETS_CREDIT_high_eff_su2_r5_d6_b02__none,none,lattice_round,7ff0c461042567dfe447,0,0,0,0.7470627427101135,0.2529372274875641
PETS_CREDIT_high_eff_su2_r5_d6_b02__none,none,lattice_round,34cd383be85fcb382ea6,0,0,0,0.7565776705741882,0.24342231452465057
PETS_CREDIT_high_eff_su2_r5_d6_b02__none,none,lattice_round,da601eb1fce6bb696bf8,0,1,0,0.9994886517524719,0.0005113644292578101
PETS_CREDIT_high_eff_su2_r5_d6_b02__none,none,lattice_round,555680807658211b545c,0,0,0,0.7521471977233887,0.24785281717777252
PETS_CREDIT_high_eff_su2_r5_d6_b02__none,none,lattice_round,7dbb07f72b26cae53e10,0,0,1,0.3078995645046234,0.6921004056930542
PETS_CREDIT_high_eff_su2_r5_d6_b02__none,none,lattice_round,3692ecea3b8cc152ac74,0,0,1,0.4926576316356659,0.5073423981666565
PETS_CREDIT_high_eff_su2_r5_d6_b02__none,none,lattice_round,685e2ecf9c9c42d485ce,0,0,0,0.8093996047973633,0.1906004250049591
PETS_CREDIT_high_eff_su2_r5_d6_b02__none,none,lattice_round,3a38d3079b87b1aa292b,0,0,0,0.994976282119751,0.005023697391152382
PETS_CREDIT_high_eff_su2_r5_d6_b02__none,none,lattice_round,4a088c612fee9ef613b8,0,0,0,0.8388165831565857,0.16118338704109192
PETS_CREDIT_high_eff_su2_r5_d6_b02__none,none,lattice_round,e662ed68ef3f99bd0ed7,0,0,0,0.7785009145736694,0.22149910032749176
PETS_CREDIT_high_eff_su2_r5_d6_b02__none,none,lattice_round,baf60f731977893683c9,0,0,0,0.8303108215332031,0.16968916356563568
PETS_CREDIT_high_eff_su2_r5_d6_b02__none,none,lattice_round,af85096b9d68ea111a40,0,0,0,0.9880114197731018,0.011988578364253044
PETS_CREDIT_high_eff_su2_r5_d6_b02__none,none,lattice_round,948f6a099d3241c9a1ec,0,0,0,0.9061805009841919,0.09381946921348572
PETS_CREDIT_high_eff_su2_r5_d6_b02__none,none,lattice_round,5f65233bde8585faedb5,0,0,0,0.7640577554702759,0.23594225943088531
PETS_CREDIT_high_eff_su2_r5_d6_b02__none,none,lattice_round,5acd05c508162abd3783,0,0,0,0.8280782103538513,0.17192178964614868
PETS_CREDIT_high_eff_su2_r5_d6_b02__none,none,lattice_round,349b65ac22308893e3ec,0,1,0,0.7687922120094299,0.23120780289173126
PETS_CREDIT_high_eff_su2_r5_d6_b02__none,none,lattice_round,1deef9da8e2ee98331dc,0,0,1,0.48193830251693726,0.5180616974830627
PETS_CREDIT_high_eff_su2_r5_d6_b02__none,none,lattice_round,ccba09c993c170faae38,0,1,1,0.4285540282726288,0.5714459419250488
PETS_CREDIT_high_eff_su2_r5_d6_b02__none,none,lattice_round,4882932be60b65305c84,0,0,0,0.757093071937561,0.24290694296360016
PETS_CREDIT_high_eff_su2_r5_d6_b02__none,none,lattice_round,b244235968526b38867d,0,0,0,0.9840973019599915,0.015902705490589142
PETS_CREDIT_high_eff_su2_r5_d6_b02__none,none,lattice_round,c3a927c03687d1a576df,0,0,0,0.9785637855529785,0.02143620140850544
PETS_CREDIT_high_eff_su2_r5_d6_b02__none,none,lattice_round,fa1f9563eb089a4c05eb,0,1,0,0.890977680683136,0.10902233421802521
PETS_CREDIT_high_eff_su2_r5_d6_b02__none,none,lattice_round,555c4408bbd55bf9a01b,0,0,0,0.994346022605896,0.005653964821249247
PETS_CREDIT_high_eff_su2_r5_d6_b02__none,none,lattice_round,6bb3006cf2b47b29d044,0,0,0,0.6402074694633484,0.359792560338974
PETS_CREDIT_high_eff_su2_r5_d6_b02__none,none,lattice_round,a3076f399cf32e671da9,0,1,0,0.6999594569206238,0.3000405430793762
PETS_CREDIT_high_eff_su2_r5_d6_b02__none,none,lattice_round,d0ead593664a3694fc2c,0,0,0,0.7707528471946716,0.22924713790416718
PETS_CREDIT_high_eff_su2_r5_d6_b02__none,none,lattice_round,f4686f1ccb3b1f5b89c1,0,0,0,0.9985325932502747,0.0014674076810479164
PETS_CREDIT_high_eff_su2_r5_d6_b02__none,none,lattice_round,6b7219cfa53e1ae4e686,0,0,0,0.573420524597168,0.4265795052051544
PETS_CREDIT_high_eff_su2_r5_d6_b02__none,none,lattice_round,88f9384f8a0cf279c07b,0,0,0,0.7195905447006226,0.2804095149040222
PETS_CREDIT_high_eff_su2_r5_d6_b02__none,none,lattice_round,8ac37e6efcfd84f4bf90,0,0,0,0.7724087834358215,0.22759124636650085
PETS_CREDIT_high_eff_su2_r5_d6_b02__none,none,lattice_round,e947ef8b0f016ee69de8,0,0,0,0.8140719532966614,0.185928076505661
PETS_CREDIT_high_eff_su2_r5_d6_b02__none,none,lattice_round,6c53aaf7ecbc425941a4,0,1,0,0.6589023470878601,0.34109771251678467
PETS_CREDIT_high_eff_su2_r5_d6_b02__none,none,lattice_round,b215fc8b709612d72d29,0,0,0,0.7682957649230957,0.23170426487922668
PETS_CREDIT_high_eff_su2_r5_d6_b02__none,none,lattice_round,87c7d3469677d57e0f68,0,0,0,0.9908412098884583,0.009158812463283539
PETS_CREDIT_high_eff_su2_r5_d6_b02__none,none,lattice_round,aca397f6cfe96c665e23,0,0,0,0.7317017316818237,0.26829826831817627
PETS_CREDIT_high_eff_su2_r5_d6_b02__none,none,lattice_round,f1d5fbea8d8fc197f689,0,0,0,0.863832950592041,0.13616707921028137
PETS_CREDIT_high_eff_su2_r5_d6_b02__none,none,lattice_round,a660b0769301bab3f88d,0,0,0,0.9339563250541687,0.06604368984699249
PETS_CREDIT_high_eff_su2_r5_d6_b02__none,none,lattice_round,fb41b4f01480a9067cf9,0,1,0,0.5722855925559998,0.42771440744400024
PETS_CREDIT_high_eff_su2_r5_d6_b02__none,none,lattice_round,c65308558f565034903d,0,1,0,0.9721718430519104,0.027828186750411987
PETS_CREDIT_high_eff_su2_r5_d6_b02__none,none,lattice_round,61985a6dca52dc5fe733,0,0,0,0.8004642724990845,0.19953569769859314
PETS_CREDIT_high_eff_su2_r5_d6_b02__none,none,lattice_round,79d13f79e25dd355b797,0,1,0,0.9228098392486572,0.07719016820192337
PETS_CREDIT_high_eff_su2_r5_d6_b02__none,none,lattice_round,6df7b8af4894c02f1865,0,0,0,0.8437638878822327,0.15623609721660614
PETS_CREDIT_high_eff_su2_r5_d6_b02__none,none,lattice_round,f50f173b25417d940819,0,0,0,0.9877338409423828,0.012266149744391441
PETS_CREDIT_high_eff_su2_r5_d6_b02__none,none,lattice_round,73ce0aaf437e0a73c182,0,1,0,0.6000308990478516,0.39996907114982605
PETS_CREDIT_high_eff_su2_r5_d6_b02__none,none,lattice_round,0748c8ca29b369b66e6f,0,1,0,0.958918035030365,0.0410819947719574
PETS_CREDIT_high_eff_su2_r5_d6_b02__none,none,lattice_round,e5cdd46506910a0d29a4,0,0,0,0.7132128477096558,0.28678712248802185
PETS_CREDIT_high_eff_su2_r5_d6_b02__none,none,lattice_round,266c16f52337745816e5,0,0,0,0.9838138818740845,0.01618613675236702
PETS_CREDIT_high_eff_su2_r5_d6_b02__none,none,lattice_round,806319326d809b9eae67,0,0,0,0.7126243114471436,0.28737565875053406
PETS_CREDIT_high_eff_su2_r5_d6_b02__none,none,lattice_round,3da17ae4582b2ac6ac6a,0,0,0,0.9091325998306274,0.09086740761995316
PETS_CREDIT_high_eff_su2_r5_d6_b02__none,none,lattice_round,cd6bf5351920ef71b772,0,0,0,0.7551099061965942,0.24489009380340576
PETS_CREDIT_high_eff_su2_r5_d6_b02__none,none,lattice_round,f1fa5a6ee10e25b70a00,0,0,0,0.7514931559562683,0.24850685894489288
PETS_CREDIT_high_eff_su2_r5_d6_b02__none,none,lattice_round,de98a8baab2807797bb8,0,0,0,0.9368817806243896,0.06311825662851334
PETS_CREDIT_high_eff_su2_r5_d6_b02__none,none,lattice_round,4c7af58561c27a6e341e,0,1,0,0.9767865538597107,0.02321343496441841
PETS_CREDIT_high_eff_su2_r5_d6_b02__none,none,lattice_round,38ba8c1ecc8be69eb7d0,0,0,0,0.9405456781387329,0.05945434793829918
PETS_CREDIT_high_eff_su2_r5_d6_b02__none,none,lattice_round,1b857744e17f39b46f16,0,0,0,0.9681675434112549,0.031832434237003326
PETS_CREDIT_high_eff_su2_r5_d6_b02__none,none,lattice_round,31d01a38894b805bfc80,0,0,0,0.7035338282585144,0.2964661717414856
PETS_CREDIT_high_eff_su2_r5_d6_b02__none,none,lattice_round,231156f957719dd417d9,0,0,0,0.7953165173530579,0.20468351244926453
PETS_CREDIT_high_eff_su2_r5_d6_b02__none,none,lattice_round,7bfb843a13cff05233ad,0,0,0,0.7448869347572327,0.2551131248474121
PETS_CREDIT_high_eff_su2_r5_d6_b02__none,none,lattice_round,24850cc249ef6fef8baa,0,0,0,0.8944597244262695,0.10554026067256927
PETS_CREDIT_high_eff_su2_r5_d6_b02__none,none,lattice_round,f80b742f70e5ef1f2f75,0,0,0,0.6505870223045349,0.3494129776954651
PETS_CREDIT_high_eff_su2_r5_d6_b02__none,none,lattice_round,392fabb059005262a0a6,0,0,0,0.7596546411514282,0.24034535884857178
PETS_CREDIT_high_eff_su2_r5_d6_b02__none,none,lattice_round,e5731b75bfb8647f33f0,0,1,1,0.4742185175418854,0.5257814526557922
PETS_CREDIT_high_eff_su2_r5_d6_b02__none,none,lattice_round,63426de2bcac10c978ef,0,0,0,0.7366626262664795,0.2633374035358429
PETS_CREDIT_high_eff_su2_r5_d6_b02__none,none,lattice_round,346b2d56d8b09d426f47,0,1,1,0.4140307903289795,0.5859692692756653
PETS_CREDIT_high_eff_su2_r5_d6_b02__none,none,lattice_round,79ede8f524cb4755d342,0,0,0,0.8582819104194641,0.1417180895805359
PETS_CREDIT_high_eff_su2_r5_d6_b02__none,none,lattice_round,9b15c4988e577e46b572,0,0,0,0.959721028804779,0.04027898982167244
PETS_CREDIT_high_eff_su2_r5_d6_b02__none,none,lattice_round,2ae5fdcfe3923a4263b6,0,0,0,0.988369882106781,0.01163012720644474
PETS_CREDIT_high_eff_su2_r5_d6_b02__none,none,lattice_round,b690772de8eb14084d30,0,1,0,0.7490956783294678,0.2509043514728546
PETS_CREDIT_high_eff_su2_r5_d6_b02__none,none,lattice_round,a19516268df63768faeb,0,0,0,0.7186287045478821,0.2813713252544403
PETS_CREDIT_high_eff_su2_r5_d6_b02__none,none,lattice_round,2e900caa6bf6a7e56807,0,0,0,0.9315589666366577,0.06844102591276169
PETS_CREDIT_high_eff_su2_r5_d6_b02__none,none,lattice_round,3e5959b02df8356effc1,0,0,0,0.9664876461029053,0.03351234644651413
PETS_CREDIT_high_eff_su2_r5_d6_b02__none,none,lattice_round,b6b16448c07ca52d41fb,0,0,0,0.7734754085540771,0.22652462124824524
PETS_CREDIT_high_eff_su2_r5_d6_b02__none,none,lattice_round,bf9825a8b0d7138b3690,0,1,0,0.890168309211731,0.10983172804117203
PETS_CREDIT_high_eff_su2_r5_d6_b02__none,none,lattice_round,ae831412dedceb901cc4,0,0,0,0.6746392846107483,0.3253606855869293
PETS_CREDIT_high_eff_su2_r5_d6_b02__none,none,lattice_round,1b791f7fc091a40a0494,0,0,0,0.8124114274978638,0.18758860230445862
PETS_CREDIT_high_eff_su2_r5_d6_b02__none,none,lattice_round,2951667761deda7d6d9f,0,0,0,0.9775225520133972,0.022477423772215843
PETS_CREDIT_high_eff_su2_r5_d6_b02__none,none,lattice_round,c55786a9941cc04c9348,0,0,0,0.8158203363418579,0.18417967855930328
PETS_CREDIT_high_eff_su2_r5_d6_b02__none,none,lattice_round,67fb36e26b798796d6fd,0,0,0,0.9954555034637451,0.004544482566416264
PETS_CREDIT_high_eff_su2_r5_d6_b02__none,none,lattice_round,f8f44150ace4d5e110b6,0,1,0,0.7230749726295471,0.27692505717277527
PETS_CREDIT_high_eff_su2_r5_d6_b02__none,none,lattice_round,92becb8f0ed68752cc52,0,1,0,0.7826216816902161,0.21737831830978394
PETS_CREDIT_high_eff_su2_r5_d6_b02__none,none,lattice_round,cab8e2ac7eeaf27d3d2c,0,0,0,0.7893835306167603,0.21061649918556213
PETS_CREDIT_high_eff_su2_r5_d6_b02__none,none,lattice_round,d1db35b6c9e008df971d,0,0,1,0.47551432251930237,0.5244856476783752
PETS_CREDIT_high_eff_su2_r5_d6_b02__none,none,lattice_round,83d86a08997d81c1643f,0,0,0,0.896574854850769,0.10342519730329514
PETS_CREDIT_high_eff_su2_r5_d6_b02__none,none,memgq_lattice,26b6a5da65cdaeb8e184,1,0,0,0.5776627063751221,0.42233729362487793
PETS_CREDIT_high_eff_su2_r5_d6_b02__none,none,memgq_lattice,aaca4c9adb936209ae4f,1,0,0,0.8130592703819275,0.1869407594203949
PETS_CREDIT_high_eff_su2_r5_d6_b02__none,none,memgq_lattice,5b4cdc8a84b914138d2b,1,0,0,0.883313000202179,0.11668702960014343
PETS_CREDIT_high_eff_su2_r5_d6_b02__none,none,memgq_lattice,d2c3d34fb102babfa194,1,0,0,0.6643322110176086,0.33566781878471375
PETS_CREDIT_high_eff_su2_r5_d6_b02__none,none,memgq_lattice,26f8e0268dd95cba45fd,1,0,0,0.6800907850265503,0.3199092745780945
PETS_CREDIT_high_eff_su2_r5_d6_b02__none,none,memgq_lattice,877b93e6aa8797d2cd0b,1,1,0,0.6724329590797424,0.32756704092025757
PETS_CREDIT_high_eff_su2_r5_d6_b02__none,none,memgq_lattice,e0b33cacbadcac9f3d26,1,0,0,0.8881064653396606,0.11189353466033936
PETS_CREDIT_high_eff_su2_r5_d6_b02__none,none,memgq_lattice,df16a30c67111933fccc,1,1,1,0.08409822732210159,0.915901780128479
PETS_CREDIT_high_eff_su2_r5_d6_b02__none,none,memgq_lattice,7105743f10682ac4a1cc,1,1,0,0.5649505853652954,0.435049444437027
PETS_CREDIT_high_eff_su2_r5_d6_b02__none,none,memgq_lattice,0ffd3e39286157b02ad4,1,0,0,0.9177018404006958,0.082298144698143
PETS_CREDIT_high_eff_su2_r5_d6_b02__none,none,memgq_lattice,e4890079e5df86b99388,1,0,0,0.7460709810256958,0.2539290189743042
PETS_CREDIT_high_eff_su2_r5_d6_b02__none,none,memgq_lattice,e07f107ec2deef516f4f,1,0,0,0.8847568035125732,0.11524320393800735
PETS_CREDIT_high_eff_su2_r5_d6_b02__none,none,memgq_lattice,c91e3b5a028c06ad1f92,1,0,0,0.9183088541030884,0.0816911906003952
PETS_CREDIT_high_eff_su2_r5_d6_b02__none,none,memgq_lattice,d606f1831b9734bb90e1,1,0,0,0.8503037691116333,0.1496962159872055
PETS_CREDIT_high_eff_su2_r5_d6_b02__none,none,memgq_lattice,c3a59fc71e20658f6341,1,0,0,0.8350971937179565,0.16490282118320465
PETS_CREDIT_high_eff_su2_r5_d6_b02__none,none,memgq_lattice,78edbc6916b12b570866,1,1,0,0.8865885734558105,0.11341143399477005
PETS_CREDIT_high_eff_su2_r5_d6_b02__none,none,memgq_lattice,a62d80fa1349c54517ce,1,0,0,0.8782981634140015,0.12170188128948212
PETS_CREDIT_high_eff_su2_r5_d6_b02__none,none,memgq_lattice,46dbe6ca2f4531385a05,1,0,0,0.534606397151947,0.465393602848053
PETS_CREDIT_high_eff_su2_r5_d6_b02__none,none,memgq_lattice,8b629ccf361c8da0309f,1,0,0,0.8861092925071716,0.1138906478881836
PETS_CREDIT_high_eff_su2_r5_d6_b02__none,none,memgq_lattice,4dde24d981dd8981f71f,1,1,0,0.6462334990501404,0.353766530752182
PETS_CREDIT_high_eff_su2_r5_d6_b02__none,none,memgq_lattice,ab00e756b29c98fd6674,1,0,0,0.8994686007499695,0.10053140670061111
PETS_CREDIT_high_eff_su2_r5_d6_b02__none,none,memgq_lattice,196d92dfff0523a23237,1,0,0,0.8919896483421326,0.10801034420728683
PETS_CREDIT_high_eff_su2_r5_d6_b02__none,none,memgq_lattice,988a4b4dcb53bafffb01,1,0,0,0.8420339226722717,0.15796612203121185
PETS_CREDIT_high_eff_su2_r5_d6_b02__none,none,memgq_lattice,c8a7bd1cd35ba1e89b80,1,0,0,0.6070261001586914,0.3929738998413086
PETS_CREDIT_high_eff_su2_r5_d6_b02__none,none,memgq_lattice,6093ce809aa33ce6693b,1,0,0,0.8195748925209045,0.18042515218257904
PETS_CREDIT_high_eff_su2_r5_d6_b02__none,none,memgq_lattice,00405a37dd709b2d51a8,1,0,0,0.5387004017829895,0.4612996280193329
PETS_CREDIT_high_eff_su2_r5_d6_b02__none,none,memgq_lattice,aaff47c50ec280d97eda,1,0,0,0.6669413447380066,0.3330586850643158
PETS_CREDIT_high_eff_su2_r5_d6_b02__none,none,memgq_lattice,a6dfd0dc4ba32e6c00e6,1,0,0,0.5421347618103027,0.45786526799201965
PETS_CREDIT_high_eff_su2_r5_d6_b02__none,none,memgq_lattice,75e559f2a9928f47e4ef,1,0,0,0.8145490884780884,0.18545092642307281
PETS_CREDIT_high_eff_su2_r5_d6_b02__none,none,memgq_lattice,f1068bd99413d081a271,1,0,0,0.7569298148155212,0.24307022988796234
PETS_CREDIT_high_eff_su2_r5_d6_b02__none,none,memgq_lattice,58cb80b3d0535cb4343a,1,0,0,0.7420488595962524,0.25795114040374756
PETS_CREDIT_high_eff_su2_r5_d6_b02__none,none,memgq_lattice,5cb75d859aa2d3df94b0,1,0,0,0.890741229057312,0.1092587485909462
PETS_CREDIT_high_eff_su2_r5_d6_b02__none,none,memgq_lattice,6e144bf85d42e3ac6fae,1,1,0,0.6414681077003479,0.3585318922996521
PETS_CREDIT_high_eff_su2_r5_d6_b02__none,none,memgq_lattice,e8613e68d8ca2ea9e7fd,1,0,0,0.7421833276748657,0.25781670212745667
PETS_CREDIT_high_eff_su2_r5_d6_b02__none,none,memgq_lattice,0674ce029ebb21d32e38,1,1,1,0.48118913173675537,0.5188108682632446
PETS_CREDIT_high_eff_su2_r5_d6_b02__none,none,memgq_lattice,b0f47ae4b56b3aa4d111,1,0,0,0.7426537871360779,0.25734618306159973
PETS_CREDIT_high_eff_su2_r5_d6_b02__none,none,memgq_lattice,e76cce60bc3507d0d7b2,1,0,0,0.6154623031616211,0.3845376670360565
PETS_CREDIT_high_eff_su2_r5_d6_b02__none,none,memgq_lattice,72bf8a475d5aa5538cd3,1,0,0,0.5773329734802246,0.4226670563220978
PETS_CREDIT_high_eff_su2_r5_d6_b02__none,none,memgq_lattice,f3ca91dd8e5aba8d83d9,1,1,0,0.5466740727424622,0.45332592725753784
PETS_CREDIT_high_eff_su2_r5_d6_b02__none,none,memgq_lattice,70d271c728323ea28d90,1,0,0,0.8252062797546387,0.17479370534420013
PETS_CREDIT_high_eff_su2_r5_d6_b02__none,none,memgq_lattice,a55e4e1cd3465563efc4,1,0,0,0.6736129522323608,0.32638707756996155
PETS_CREDIT_high_eff_su2_r5_d6_b02__none,none,memgq_lattice,4def6ca8e27be84aeb54,1,1,0,0.5234886407852173,0.4765113294124603
PETS_CREDIT_high_eff_su2_r5_d6_b02__none,none,memgq_lattice,347bd04364dce3c5342e,1,0,0,0.6548051834106445,0.3451947867870331
PETS_CREDIT_high_eff_su2_r5_d6_b02__none,none,memgq_lattice,bf465d63c434358f77e4,1,0,0,0.8964426517486572,0.10355739295482635
PETS_CREDIT_high_eff_su2_r5_d6_b02__none,none,memgq_lattice,c9e5785745f04cec0d37,1,0,0,0.8265849947929382,0.17341500520706177
PETS_CREDIT_high_eff_su2_r5_d6_b02__none,none,memgq_lattice,c536d8f2ff559c7756e7,1,0,0,0.8312313556671143,0.16876868903636932
PETS_CREDIT_high_eff_su2_r5_d6_b02__none,none,memgq_lattice,f0c1637eb1fa5204c581,1,0,0,0.6651357412338257,0.3348643183708191
PETS_CREDIT_high_eff_su2_r5_d6_b02__none,none,memgq_lattice,bfa7b1aca5d187760a16,1,0,0,0.6606513261795044,0.3393486440181732
PETS_CREDIT_high_eff_su2_r5_d6_b02__none,none,memgq_lattice,cec5a851be4f6e7c0887,1,1,0,0.5224012136459351,0.47759881615638733
PETS_CREDIT_high_eff_su2_r5_d6_b02__none,none,memgq_lattice,619b46d6086e6aad3d84,1,0,0,0.9045423865318298,0.09545763581991196
PETS_CREDIT_high_eff_su2_r5_d6_b02__none,none,memgq_lattice,1dd9f8371cdcaa1758b3,1,0,0,0.8773396015167236,0.12266041338443756
PETS_CREDIT_high_eff_su2_r5_d6_b02__none,none,memgq_lattice,a4fc6b0808359418c098,1,0,0,0.5904495716094971,0.40955039858818054
PETS_CREDIT_high_eff_su2_r5_d6_b02__none,none,memgq_lattice,073dbbd888ef767c75de,1,0,0,0.8735003471374512,0.12649965286254883
PETS_CREDIT_high_eff_su2_r5_d6_b02__none,none,memgq_lattice,7c7fe88dcec806be29da,1,0,0,0.8124639391899109,0.18753603100776672
PETS_CREDIT_high_eff_su2_r5_d6_b02__none,none,memgq_lattice,fbbb0f469e10095b9cc1,1,1,0,0.7885163426399231,0.2114836871623993
PETS_CREDIT_high_eff_su2_r5_d6_b02__none,none,memgq_lattice,c0daa10532a8487ca803,1,1,0,0.5972908139228821,0.4027091860771179
PETS_CREDIT_high_eff_su2_r5_d6_b02__none,none,memgq_lattice,bacc1c25b75ae0e1b780,1,0,0,0.8419073224067688,0.1580926924943924
PETS_CREDIT_high_eff_su2_r5_d6_b02__none,none,memgq_lattice,1313972ddf1c6e9eb2c9,1,1,0,0.6399401426315308,0.36005985736846924
PETS_CREDIT_high_eff_su2_r5_d6_b02__none,none,memgq_lattice,1819fe5c399a17316fee,1,0,0,0.7976865172386169,0.20231351256370544
PETS_CREDIT_high_eff_su2_r5_d6_b02__none,none,memgq_lattice,70e46e61db439dd8e308,1,0,0,0.7401430010795593,0.25985705852508545
PETS_CREDIT_high_eff_su2_r5_d6_b02__none,none,memgq_lattice,01743ddf295d8f6b5a46,1,1,0,0.8821951150894165,0.11780493706464767
PETS_CREDIT_high_eff_su2_r5_d6_b02__none,none,memgq_lattice,a5628044ec0880a52490,1,1,1,0.4299415647983551,0.5700584650039673
PETS_CREDIT_high_eff_su2_r5_d6_b02__none,none,memgq_lattice,6a75db22a6087741eef2,1,0,0,0.5082771182060242,0.49172288179397583
PETS_CREDIT_high_eff_su2_r5_d6_b02__none,none,memgq_lattice,92516ca36411fad7d9c9,1,0,0,0.9070628881454468,0.09293710440397263
PETS_CREDIT_high_eff_su2_r5_d6_b02__none,none,memgq_lattice,787c85a205e13b242012,1,0,0,0.6343644261360168,0.36563557386398315
PETS_CREDIT_high_eff_su2_r5_d6_b02__none,none,memgq_lattice,8d5ec20ca179ede5da84,1,0,0,0.7058181762695312,0.29418182373046875
PETS_CREDIT_high_eff_su2_r5_d6_b02__none,none,memgq_lattice,973b363916938dbaaf31,1,0,0,0.5061516165733337,0.49384835362434387
PETS_CREDIT_high_eff_su2_r5_d6_b02__none,none,memgq_lattice,e3e282f64bed70282149,1,0,0,0.918384850025177,0.081615149974823
PETS_CREDIT_high_eff_su2_r5_d6_b02__none,none,memgq_lattice,c50e57ca37a497df3a13,1,0,0,0.895235002040863,0.10476503521203995
PETS_CREDIT_high_eff_su2_r5_d6_b02__none,none,memgq_lattice,6c0e663b6848864dc914,1,1,0,0.5912694931030273,0.40873050689697266
PETS_CREDIT_high_eff_su2_r5_d6_b02__none,none,memgq_lattice,ac5f40db5db91c18a83b,1,0,0,0.8538703918457031,0.14612960815429688
PETS_CREDIT_high_eff_su2_r5_d6_b02__none,none,memgq_lattice,072f10d00d9156aab9f2,1,0,0,0.8680515289306641,0.13194848597049713
PETS_CREDIT_high_eff_su2_r5_d6_b02__none,none,memgq_lattice,526cee77dcfea7ee8138,1,0,0,0.9166674613952637,0.08333258330821991
PETS_CREDIT_high_eff_su2_r5_d6_b02__none,none,memgq_lattice,25282b20e9c64236ec4d,1,0,0,0.8226729035377502,0.17732708156108856
PETS_CREDIT_high_eff_su2_r5_d6_b02__none,none,memgq_lattice,14ee67db08b82edf07a3,1,0,0,0.502680778503418,0.49731919169425964
PETS_CREDIT_high_eff_su2_r5_d6_b02__none,none,memgq_lattice,eb849709f12c60edd50b,1,0,0,0.8798990249633789,0.12010090798139572
PETS_CREDIT_high_eff_su2_r5_d6_b02__none,none,memgq_lattice,b91b8614dbf7826436cf,1,0,0,0.9114944338798523,0.0885055810213089
PETS_CREDIT_high_eff_su2_r5_d6_b02__none,none,memgq_lattice,8f95586c1c6fb3f2a750,1,0,0,0.8300487399101257,0.16995126008987427
PETS_CREDIT_high_eff_su2_r5_d6_b02__none,none,memgq_lattice,5e48c11768cb070aefe6,1,1,0,0.8152427077293396,0.1847572773694992
PETS_CREDIT_high_eff_su2_r5_d6_b02__none,none,memgq_lattice,7ce1135db7560daf7e70,1,0,0,0.8143261671066284,0.18567386269569397
PETS_CREDIT_high_eff_su2_r5_d6_b02__none,none,memgq_lattice,f332cc500c7a62b19024,1,1,0,0.525841474533081,0.47415849566459656
PETS_CREDIT_high_eff_su2_r5_d6_b02__none,none,memgq_lattice,192395141a760795b97a,1,0,0,0.8302270174026489,0.16977298259735107
PETS_CREDIT_high_eff_su2_r5_d6_b02__none,none,memgq_lattice,9fc5fbe55717fe6862a4,1,0,0,0.8409152626991272,0.1590847223997116
PETS_CREDIT_high_eff_su2_r5_d6_b02__none,none,memgq_lattice,8fe0ac3103b5acc00cdc,1,0,0,0.7895651459693909,0.21043485403060913
PETS_CREDIT_high_eff_su2_r5_d6_b02__none,none,memgq_lattice,d46f8b9f4d57f90db615,1,1,0,0.5822893977165222,0.4177106022834778
PETS_CREDIT_high_eff_su2_r5_d6_b02__none,none,memgq_lattice,11ccb38ba9653d61e950,1,0,0,0.9102951884269714,0.08970481902360916
PETS_CREDIT_high_eff_su2_r5_d6_b02__none,none,memgq_lattice,b84ff32b3c14263b0dd5,1,0,0,0.8127639889717102,0.18723604083061218
PETS_CREDIT_high_eff_su2_r5_d6_b02__none,none,memgq_lattice,ab97fae957e08270ffce,1,0,0,0.813345193862915,0.18665486574172974
PETS_CREDIT_high_eff_su2_r5_d6_b02__none,none,memgq_lattice,6af56a8b2e15acc1e086,1,0,0,0.8905340433120728,0.10946601629257202
PETS_CREDIT_high_eff_su2_r5_d6_b02__none,none,memgq_lattice,07d4d260e30d7cf5b71f,1,1,1,0.14022894203662872,0.8597710728645325
PETS_CREDIT_high_eff_su2_r5_d6_b02__none,none,memgq_lattice,fb40711278aca2b43c69,1,0,0,0.7937837243080139,0.20621632039546967
PETS_CREDIT_high_eff_su2_r5_d6_b02__none,none,memgq_lattice,1c7eb9e50fc08e5f8cf0,1,0,0,0.6761077046394348,0.3238923251628876
PETS_CREDIT_high_eff_su2_r5_d6_b02__none,none,memgq_lattice,5383d08662564ec7ab0d,1,0,0,0.8945951461791992,0.1054048240184784
PETS_CREDIT_high_eff_su2_r5_d6_b02__none,none,memgq_lattice,006df97946d214e0111f,1,0,0,0.5835843682289124,0.41641566157341003
PETS_CREDIT_high_eff_su2_r5_d6_b02__none,none,memgq_lattice,6f47824d3363865de61a,1,0,0,0.8681159019470215,0.1318841278553009
PETS_CREDIT_high_eff_su2_r5_d6_b02__none,none,memgq_lattice,3ac7ac4bc65a6ffec899,1,1,0,0.644141435623169,0.35585856437683105
PETS_CREDIT_high_eff_su2_r5_d6_b02__none,none,memgq_lattice,29a333df83b13ef7fea3,1,1,0,0.5294287800788879,0.47057127952575684
PETS_CREDIT_high_eff_su2_r5_d6_b02__none,none,memgq_lattice,39f8154e08ad72170108,1,0,0,0.8478432297706604,0.1521567851305008
PETS_CREDIT_high_eff_su2_r5_d6_b02__none,none,memgq_lattice,25bed8f88a506c4cc366,1,0,0,0.9142797589302063,0.08572026342153549
PETS_CREDIT_high_eff_su2_r5_d6_b02__none,none,memgq_lattice,c75c31af2389cc3a594f,1,0,1,0.490948885679245,0.5090511441230774
PETS_CREDIT_high_eff_su2_r5_d6_b02__none,none,memgq_lattice,cbee3c9401120608f2ba,0,0,0,0.9128687381744385,0.08713126927614212
PETS_CREDIT_high_eff_su2_r5_d6_b02__none,none,memgq_lattice,1c3e9f95fcefe2e9f555,0,0,0,0.8658484816551208,0.13415154814720154
PETS_CREDIT_high_eff_su2_r5_d6_b02__none,none,memgq_lattice,47955bec8c8c8b0d6ecd,0,0,0,0.5468188524246216,0.4531811475753784
PETS_CREDIT_high_eff_su2_r5_d6_b02__none,none,memgq_lattice,925cfc4ba01b802e6fea,0,0,0,0.6043137311935425,0.39568623900413513
PETS_CREDIT_high_eff_su2_r5_d6_b02__none,none,memgq_lattice,cf2b344b8a066b41a298,0,0,0,0.8932790756225586,0.10672090947628021
PETS_CREDIT_high_eff_su2_r5_d6_b02__none,none,memgq_lattice,44ce9ab8bd9bd704ad04,0,1,0,0.8159953951835632,0.18400464951992035
PETS_CREDIT_high_eff_su2_r5_d6_b02__none,none,memgq_lattice,d2f0fdb253d121d24db4,0,0,0,0.8144144415855408,0.18558558821678162
PETS_CREDIT_high_eff_su2_r5_d6_b02__none,none,memgq_lattice,11958d422323d7de5da8,0,1,1,0.44663938879966736,0.5533605813980103
PETS_CREDIT_high_eff_su2_r5_d6_b02__none,none,memgq_lattice,ee145a9d7a0dd082d343,0,1,1,0.1614752858877182,0.8385246992111206
PETS_CREDIT_high_eff_su2_r5_d6_b02__none,none,memgq_lattice,3bb90fb9f41d8cd780fb,0,0,0,0.6517879962921143,0.34821197390556335
PETS_CREDIT_high_eff_su2_r5_d6_b02__none,none,memgq_lattice,1df211fa59aa1d5f8ac4,0,0,0,0.9010781049728394,0.09892188757658005
PETS_CREDIT_high_eff_su2_r5_d6_b02__none,none,memgq_lattice,864edb9124799ed14941,0,0,0,0.872959554195404,0.12704038619995117
PETS_CREDIT_high_eff_su2_r5_d6_b02__none,none,memgq_lattice,71a5cf1405bd2714ab77,0,0,0,0.6199953556060791,0.3800046443939209
PETS_CREDIT_high_eff_su2_r5_d6_b02__none,none,memgq_lattice,ec314aa70302252ef357,0,0,0,0.5763047933578491,0.4236952066421509
PETS_CREDIT_high_eff_su2_r5_d6_b02__none,none,memgq_lattice,07849266aa8f190a63f2,0,0,0,0.5861261487007141,0.4138738512992859
PETS_CREDIT_high_eff_su2_r5_d6_b02__none,none,memgq_lattice,9905912b0d924a7b3ca5,0,1,0,0.5434393286705017,0.4565606415271759
PETS_CREDIT_high_eff_su2_r5_d6_b02__none,none,memgq_lattice,10906783256975cefbbb,0,0,0,0.8761470317840576,0.12385299056768417
PETS_CREDIT_high_eff_su2_r5_d6_b02__none,none,memgq_lattice,7ff0c461042567dfe447,0,0,0,0.7470627427101135,0.2529372274875641
PETS_CREDIT_high_eff_su2_r5_d6_b02__none,none,memgq_lattice,34cd383be85fcb382ea6,0,0,0,0.7565776705741882,0.24342231452465057
PETS_CREDIT_high_eff_su2_r5_d6_b02__none,none,memgq_lattice,da601eb1fce6bb696bf8,0,1,0,0.867425262928009,0.13257473707199097
PETS_CREDIT_high_eff_su2_r5_d6_b02__none,none,memgq_lattice,555680807658211b545c,0,0,0,0.7521471977233887,0.24785281717777252
PETS_CREDIT_high_eff_su2_r5_d6_b02__none,none,memgq_lattice,7dbb07f72b26cae53e10,0,0,1,0.12456820160150528,0.8754317760467529
PETS_CREDIT_high_eff_su2_r5_d6_b02__none,none,memgq_lattice,3692ecea3b8cc152ac74,0,0,0,0.752228856086731,0.24777114391326904
PETS_CREDIT_high_eff_su2_r5_d6_b02__none,none,memgq_lattice,685e2ecf9c9c42d485ce,0,0,0,0.8093996047973633,0.1906004250049591
PETS_CREDIT_high_eff_su2_r5_d6_b02__none,none,memgq_lattice,3a38d3079b87b1aa292b,0,0,0,0.8663231730461121,0.13367687165737152
PETS_CREDIT_high_eff_su2_r5_d6_b02__none,none,memgq_lattice,4a088c612fee9ef613b8,0,0,0,0.8388165831565857,0.16118338704109192
PETS_CREDIT_high_eff_su2_r5_d6_b02__none,none,memgq_lattice,e662ed68ef3f99bd0ed7,0,0,0,0.9165874123573303,0.08341258764266968
PETS_CREDIT_high_eff_su2_r5_d6_b02__none,none,memgq_lattice,baf60f731977893683c9,0,0,0,0.8303108215332031,0.16968916356563568
PETS_CREDIT_high_eff_su2_r5_d6_b02__none,none,memgq_lattice,af85096b9d68ea111a40,0,0,0,0.8939677476882935,0.10603223741054535
PETS_CREDIT_high_eff_su2_r5_d6_b02__none,none,memgq_lattice,948f6a099d3241c9a1ec,0,0,0,0.9061805009841919,0.09381946921348572
PETS_CREDIT_high_eff_su2_r5_d6_b02__none,none,memgq_lattice,5f65233bde8585faedb5,0,0,0,0.5087864398956299,0.4912135601043701
PETS_CREDIT_high_eff_su2_r5_d6_b02__none,none,memgq_lattice,5acd05c508162abd3783,0,0,0,0.6063896417617798,0.3936103582382202
PETS_CREDIT_high_eff_su2_r5_d6_b02__none,none,memgq_lattice,349b65ac22308893e3ec,0,1,0,0.515394389629364,0.484605610370636
PETS_CREDIT_high_eff_su2_r5_d6_b02__none,none,memgq_lattice,1deef9da8e2ee98331dc,0,0,1,0.48193830251693726,0.5180616974830627
PETS_CREDIT_high_eff_su2_r5_d6_b02__none,none,memgq_lattice,ccba09c993c170faae38,0,1,1,0.4285540282726288,0.5714459419250488
PETS_CREDIT_high_eff_su2_r5_d6_b02__none,none,memgq_lattice,4882932be60b65305c84,0,0,0,0.9069300889968872,0.093069888651371
PETS_CREDIT_high_eff_su2_r5_d6_b02__none,none,memgq_lattice,b244235968526b38867d,0,0,0,0.8635886907577515,0.13641129434108734
PETS_CREDIT_high_eff_su2_r5_d6_b02__none,none,memgq_lattice,c3a927c03687d1a576df,0,0,0,0.8236379027366638,0.17636212706565857
PETS_CREDIT_high_eff_su2_r5_d6_b02__none,none,memgq_lattice,fa1f9563eb089a4c05eb,0,1,0,0.890977680683136,0.10902233421802521
PETS_CREDIT_high_eff_su2_r5_d6_b02__none,none,memgq_lattice,555c4408bbd55bf9a01b,0,0,0,0.8519538044929504,0.14804616570472717
PETS_CREDIT_high_eff_su2_r5_d6_b02__none,none,memgq_lattice,6bb3006cf2b47b29d044,0,0,0,0.6402074694633484,0.359792560338974
PETS_CREDIT_high_eff_su2_r5_d6_b02__none,none,memgq_lattice,a3076f399cf32e671da9,0,1,0,0.8794266581535339,0.12057340145111084
PETS_CREDIT_high_eff_su2_r5_d6_b02__none,none,memgq_lattice,d0ead593664a3694fc2c,0,0,0,0.9131306409835815,0.08686935156583786
PETS_CREDIT_high_eff_su2_r5_d6_b02__none,none,memgq_lattice,f4686f1ccb3b1f5b89c1,0,0,0,0.8768748044967651,0.12312522530555725
PETS_CREDIT_high_eff_su2_r5_d6_b02__none,none,memgq_lattice,6b7219cfa53e1ae4e686,0,0,0,0.573420524597168,0.4265795052051544
PETS_CREDIT_high_eff_su2_r5_d6_b02__none,none,memgq_lattice,88f9384f8a0cf279c07b,0,0,0,0.7195905447006226,0.2804095149040222
PETS_CREDIT_high_eff_su2_r5_d6_b02__none,none,memgq_lattice,8ac37e6efcfd84f4bf90,0,0,0,0.9138730764389038,0.08612694591283798
PETS_CREDIT_high_eff_su2_r5_d6_b02__none,none,memgq_lattice,e947ef8b0f016ee69de8,0,0,0,0.8140719532966614,0.185928076505661
PETS_CREDIT_high_eff_su2_r5_d6_b02__none,none,memgq_lattice,6c53aaf7ecbc425941a4,0,1,0,0.6589023470878601,0.34109771251678467
PETS_CREDIT_high_eff_su2_r5_d6_b02__none,none,memgq_lattice,b215fc8b709612d72d29,0,0,0,0.9120253920555115,0.08797462284564972
PETS_CREDIT_high_eff_su2_r5_d6_b02__none,none,memgq_lattice,87c7d3469677d57e0f68,0,0,0,0.9171336889266968,0.082866370677948
PETS_CREDIT_high_eff_su2_r5_d6_b02__none,none,memgq_lattice,aca397f6cfe96c665e23,0,0,0,0.7317017316818237,0.26829826831817627
PETS_CREDIT_high_eff_su2_r5_d6_b02__none,none,memgq_lattice,f1d5fbea8d8fc197f689,0,0,0,0.863832950592041,0.13616707921028137
PETS_CREDIT_high_eff_su2_r5_d6_b02__none,none,memgq_lattice,a660b0769301bab3f88d,0,0,0,0.8189436197280884,0.1810564249753952
PETS_CREDIT_high_eff_su2_r5_d6_b02__none,none,memgq_lattice,fb41b4f01480a9067cf9,0,1,0,0.5722855925559998,0.42771440744400024
PETS_CREDIT_high_eff_su2_r5_d6_b02__none,none,memgq_lattice,c65308558f565034903d,0,1,0,0.9178566932678223,0.08214325457811356
PETS_CREDIT_high_eff_su2_r5_d6_b02__none,none,memgq_lattice,61985a6dca52dc5fe733,0,0,0,0.8004642724990845,0.19953569769859314
PETS_CREDIT_high_eff_su2_r5_d6_b02__none,none,memgq_lattice,79d13f79e25dd355b797,0,1,0,0.7926945090293884,0.20730549097061157
PETS_CREDIT_high_eff_su2_r5_d6_b02__none,none,memgq_lattice,6df7b8af4894c02f1865,0,0,0,0.6333458423614502,0.3666541576385498
PETS_CREDIT_high_eff_su2_r5_d6_b02__none,none,memgq_lattice,f50f173b25417d940819,0,0,0,0.8917514085769653,0.10824862122535706
PETS_CREDIT_high_eff_su2_r5_d6_b02__none,none,memgq_lattice,73ce0aaf437e0a73c182,0,1,0,0.6000308990478516,0.39996907114982605
PETS_CREDIT_high_eff_su2_r5_d6_b02__none,none,memgq_lattice,0748c8ca29b369b66e6f,0,1,0,0.8818773031234741,0.11812272667884827
PETS_CREDIT_high_eff_su2_r5_d6_b02__none,none,memgq_lattice,e5cdd46506910a0d29a4,0,0,0,0.8860432505607605,0.11395679414272308
PETS_CREDIT_high_eff_su2_r5_d6_b02__none,none,memgq_lattice,266c16f52337745816e5,0,0,0,0.8614598512649536,0.13854016363620758
PETS_CREDIT_high_eff_su2_r5_d6_b02__none,none,memgq_lattice,806319326d809b9eae67,0,0,0,0.8857525587081909,0.11424744874238968
PETS_CREDIT_high_eff_su2_r5_d6_b02__none,none,memgq_lattice,3da17ae4582b2ac6ac6a,0,0,0,0.9091325998306274,0.09086740761995316
PETS_CREDIT_high_eff_su2_r5_d6_b02__none,none,memgq_lattice,cd6bf5351920ef71b772,0,0,0,0.7551099061965942,0.24489009380340576
PETS_CREDIT_high_eff_su2_r5_d6_b02__none,none,memgq_lattice,f1fa5a6ee10e25b70a00,0,0,0,0.7514931559562683,0.24850685894489288
PETS_CREDIT_high_eff_su2_r5_d6_b02__none,none,memgq_lattice,de98a8baab2807797bb8,0,0,0,0.8260144591331482,0.1739855408668518
PETS_CREDIT_high_eff_su2_r5_d6_b02__none,none,memgq_lattice,4c7af58561c27a6e341e,0,1,0,0.8114903569221497,0.18850962817668915
PETS_CREDIT_high_eff_su2_r5_d6_b02__none,none,memgq_lattice,38ba8c1ecc8be69eb7d0,0,0,0,0.8349805474281311,0.16501948237419128
PETS_CREDIT_high_eff_su2_r5_d6_b02__none,none,memgq_lattice,1b857744e17f39b46f16,0,0,0,0.906786322593689,0.09321366995573044
PETS_CREDIT_high_eff_su2_r5_d6_b02__none,none,memgq_lattice,31d01a38894b805bfc80,0,0,0,0.8812257647514343,0.11877424269914627
PETS_CREDIT_high_eff_su2_r5_d6_b02__none,none,memgq_lattice,231156f957719dd417d9,0,0,0,0.7953165173530579,0.20468351244926453
PETS_CREDIT_high_eff_su2_r5_d6_b02__none,none,memgq_lattice,7bfb843a13cff05233ad,0,0,0,0.7448869347572327,0.2551131248474121
PETS_CREDIT_high_eff_su2_r5_d6_b02__none,none,memgq_lattice,24850cc249ef6fef8baa,0,0,0,0.8944597244262695,0.10554026067256927
PETS_CREDIT_high_eff_su2_r5_d6_b02__none,none,memgq_lattice,f80b742f70e5ef1f2f75,0,0,0,0.6505870223045349,0.3494129776954651
PETS_CREDIT_high_eff_su2_r5_d6_b02__none,none,memgq_lattice,392fabb059005262a0a6,0,0,0,0.502720057964325,0.49727991223335266
PETS_CREDIT_high_eff_su2_r5_d6_b02__none,none,memgq_lattice,e5731b75bfb8647f33f0,0,1,1,0.4742185175418854,0.5257814526557922
PETS_CREDIT_high_eff_su2_r5_d6_b02__none,none,memgq_lattice,63426de2bcac10c978ef,0,0,0,0.7366626262664795,0.2633374035358429
PETS_CREDIT_high_eff_su2_r5_d6_b02__none,none,memgq_lattice,346b2d56d8b09d426f47,0,1,1,0.4140307903289795,0.5859692692756653
PETS_CREDIT_high_eff_su2_r5_d6_b02__none,none,memgq_lattice,79ede8f524cb4755d342,0,0,0,0.8582819104194641,0.1417180895805359
PETS_CREDIT_high_eff_su2_r5_d6_b02__none,none,memgq_lattice,9b15c4988e577e46b572,0,0,0,0.8840039968490601,0.11599601805210114
PETS_CREDIT_high_eff_su2_r5_d6_b02__none,none,memgq_lattice,2ae5fdcfe3923a4263b6,0,0,0,0.8968445062637329,0.10315550118684769
PETS_CREDIT_high_eff_su2_r5_d6_b02__none,none,memgq_lattice,b690772de8eb14084d30,0,1,0,0.7490956783294678,0.2509043514728546
PETS_CREDIT_high_eff_su2_r5_d6_b02__none,none,memgq_lattice,a19516268df63768faeb,0,0,0,0.8887045383453369,0.11129549145698547
PETS_CREDIT_high_eff_su2_r5_d6_b02__none,none,memgq_lattice,2e900caa6bf6a7e56807,0,0,0,0.8132063150405884,0.18679362535476685
PETS_CREDIT_high_eff_su2_r5_d6_b02__none,none,memgq_lattice,3e5959b02df8356effc1,0,0,0,0.9021943807601929,0.09780561923980713
PETS_CREDIT_high_eff_su2_r5_d6_b02__none,none,memgq_lattice,b6b16448c07ca52d41fb,0,0,0,0.9143502116203308,0.08564979583024979
PETS_CREDIT_high_eff_su2_r5_d6_b02__none,none,memgq_lattice,bf9825a8b0d7138b3690,0,1,0,0.890168309211731,0.10983172804117203
PETS_CREDIT_high_eff_su2_r5_d6_b02__none,none,memgq_lattice,ae831412dedceb901cc4,0,0,0,0.6746392846107483,0.3253606855869293
PETS_CREDIT_high_eff_su2_r5_d6_b02__none,none,memgq_lattice,1b791f7fc091a40a0494,0,0,0,0.5807490348815918,0.4192509949207306
PETS_CREDIT_high_eff_su2_r5_d6_b02__none,none,memgq_lattice,2951667761deda7d6d9f,0,0,0,0.816482663154602,0.18351730704307556
PETS_CREDIT_high_eff_su2_r5_d6_b02__none,none,memgq_lattice,c55786a9941cc04c9348,0,0,0,0.8158203363418579,0.18417967855930328
PETS_CREDIT_high_eff_su2_r5_d6_b02__none,none,memgq_lattice,67fb36e26b798796d6fd,0,0,0,0.877564549446106,0.12243547290563583
PETS_CREDIT_high_eff_su2_r5_d6_b02__none,none,memgq_lattice,f8f44150ace4d5e110b6,0,1,0,0.7230749726295471,0.27692505717277527
PETS_CREDIT_high_eff_su2_r5_d6_b02__none,none,memgq_lattice,92becb8f0ed68752cc52,0,1,0,0.5352174639701843,0.4647825360298157
PETS_CREDIT_high_eff_su2_r5_d6_b02__none,none,memgq_lattice,cab8e2ac7eeaf27d3d2c,0,0,0,0.545202910900116,0.45479708909988403
PETS_CREDIT_high_eff_su2_r5_d6_b02__none,none,memgq_lattice,d1db35b6c9e008df971d,0,0,1,0.47551432251930237,0.5244856476783752
PETS_CREDIT_high_eff_su2_r5_d6_b02__none,none,memgq_lattice,83d86a08997d81c1643f,0,0,0,0.896574854850769,0.10342519730329514
PETS_CREDIT_high_eff_su2_r5_d6_b02__none,none,memgq_lattice_sticky,26b6a5da65cdaeb8e184,1,0,0,0.5776627063751221,0.42233729362487793
PETS_CREDIT_high_eff_su2_r5_d6_b02__none,none,memgq_lattice_sticky,aaca4c9adb936209ae4f,1,0,0,0.8130592703819275,0.1869407594203949
PETS_CREDIT_high_eff_su2_r5_d6_b02__none,none,memgq_lattice_sticky,5b4cdc8a84b914138d2b,1,0,0,0.8912549018859863,0.10874509811401367
PETS_CREDIT_high_eff_su2_r5_d6_b02__none,none,memgq_lattice_sticky,d2c3d34fb102babfa194,1,0,0,0.6643322110176086,0.33566781878471375
PETS_CREDIT_high_eff_su2_r5_d6_b02__none,none,memgq_lattice_sticky,26f8e0268dd95cba45fd,1,0,0,0.6612830758094788,0.33871692419052124
PETS_CREDIT_high_eff_su2_r5_d6_b02__none,none,memgq_lattice_sticky,877b93e6aa8797d2cd0b,1,1,0,0.6724329590797424,0.32756704092025757
PETS_CREDIT_high_eff_su2_r5_d6_b02__none,none,memgq_lattice_sticky,e0b33cacbadcac9f3d26,1,0,0,0.7446320652961731,0.2553679347038269
PETS_CREDIT_high_eff_su2_r5_d6_b02__none,none,memgq_lattice_sticky,df16a30c67111933fccc,1,1,1,0.4729987680912018,0.5270012617111206
PETS_CREDIT_high_eff_su2_r5_d6_b02__none,none,memgq_lattice_sticky,7105743f10682ac4a1cc,1,1,0,0.5649505853652954,0.435049444437027
PETS_CREDIT_high_eff_su2_r5_d6_b02__none,none,memgq_lattice_sticky,0ffd3e39286157b02ad4,1,0,0,0.9161726832389832,0.08382736146450043
PETS_CREDIT_high_eff_su2_r5_d6_b02__none,none,memgq_lattice_sticky,e4890079e5df86b99388,1,0,0,0.7498560547828674,0.25014400482177734
PETS_CREDIT_high_eff_su2_r5_d6_b02__none,none,memgq_lattice_sticky,e07f107ec2deef516f4f,1,0,0,0.7106126546859741,0.28938737511634827
PETS_CREDIT_high_eff_su2_r5_d6_b02__none,none,memgq_lattice_sticky,c91e3b5a028c06ad1f92,1,0,0,0.9167898893356323,0.08321014791727066
PETS_CREDIT_high_eff_su2_r5_d6_b02__none,none,memgq_lattice_sticky,d606f1831b9734bb90e1,1,0,0,0.8503037691116333,0.1496962159872055
PETS_CREDIT_high_eff_su2_r5_d6_b02__none,none,memgq_lattice_sticky,c3a59fc71e20658f6341,1,0,0,0.8238644003868103,0.1761355698108673
PETS_CREDIT_high_eff_su2_r5_d6_b02__none,none,memgq_lattice_sticky,78edbc6916b12b570866,1,1,0,0.8865885734558105,0.11341143399477005
PETS_CREDIT_high_eff_su2_r5_d6_b02__none,none,memgq_lattice_sticky,a62d80fa1349c54517ce,1,0,0,0.8865375518798828,0.11346247792243958
PETS_CREDIT_high_eff_su2_r5_d6_b02__none,none,memgq_lattice_sticky,46dbe6ca2f4531385a05,1,0,0,0.534606397151947,0.465393602848053
PETS_CREDIT_high_eff_su2_r5_d6_b02__none,none,memgq_lattice_sticky,8b629ccf361c8da0309f,1,0,0,0.8676348924636841,0.13236510753631592
PETS_CREDIT_high_eff_su2_r5_d6_b02__none,none,memgq_lattice_sticky,4dde24d981dd8981f71f,1,1,0,0.629656195640564,0.3703438341617584
PETS_CREDIT_high_eff_su2_r5_d6_b02__none,none,memgq_lattice_sticky,ab00e756b29c98fd6674,1,0,0,0.8994686007499695,0.10053140670061111
PETS_CREDIT_high_eff_su2_r5_d6_b02__none,none,memgq_lattice_sticky,196d92dfff0523a23237,1,0,0,0.892540693283081,0.10745934396982193
PETS_CREDIT_high_eff_su2_r5_d6_b02__none,none,memgq_lattice_sticky,988a4b4dcb53bafffb01,1,0,0,0.822721004486084,0.1772790104150772
PETS_CREDIT_high_eff_su2_r5_d6_b02__none,none,memgq_lattice_sticky,c8a7bd1cd35ba1e89b80,1,0,0,0.8284576535224915,0.17154237627983093
PETS_CREDIT_high_eff_su2_r5_d6_b02__none,none,memgq_lattice_sticky,6093ce809aa33ce6693b,1,0,0,0.8137996196746826,0.18620043992996216
PETS_CREDIT_high_eff_su2_r5_d6_b02__none,none,memgq_lattice_sticky,00405a37dd709b2d51a8,1,0,0,0.5387004017829895,0.4612996280193329
PETS_CREDIT_high_eff_su2_r5_d6_b02__none,none,memgq_lattice_sticky,aaff47c50ec280d97eda,1,0,0,0.6969742774963379,0.3030256927013397
PETS_CREDIT_high_eff_su2_r5_d6_b02__none,none,memgq_lattice_sticky,a6dfd0dc4ba32e6c00e6,1,0,0,0.558069109916687,0.441930890083313
PETS_CREDIT_high_eff_su2_r5_d6_b02__none,none,memgq_lattice_sticky,75e559f2a9928f47e4ef,1,0,0,0.8145490884780884,0.18545092642307281
PETS_CREDIT_high_eff_su2_r5_d6_b02__none,none,memgq_lattice_sticky,f1068bd99413d081a271,1,0,0,0.7569298148155212,0.24307022988796234
PETS_CREDIT_high_eff_su2_r5_d6_b02__none,none,memgq_lattice_sticky,58cb80b3d0535cb4343a,1,0,0,0.8867538571357727,0.1132461205124855
PETS_CREDIT_high_eff_su2_r5_d6_b02__none,none,memgq_lattice_sticky,5cb75d859aa2d3df94b0,1,0,0,0.9055968523025513,0.09440313279628754
PETS_CREDIT_high_eff_su2_r5_d6_b02__none,none,memgq_lattice_sticky,6e144bf85d42e3ac6fae,1,1,0,0.6414681077003479,0.3585318922996521
PETS_CREDIT_high_eff_su2_r5_d6_b02__none,none,memgq_lattice_sticky,e8613e68d8ca2ea9e7fd,1,0,0,0.7421833276748657,0.25781670212745667
PETS_CREDIT_high_eff_su2_r5_d6_b02__none,none,memgq_lattice_sticky,0674ce029ebb21d32e38,1,1,0,0.5172432661056519,0.48275676369667053
PETS_CREDIT_high_eff_su2_r5_d6_b02__none,none,memgq_lattice_sticky,b0f47ae4b56b3aa4d111,1,0,0,0.7426537871360779,0.25734618306159973
PETS_CREDIT_high_eff_su2_r5_d6_b02__none,none,memgq_lattice_sticky,e76cce60bc3507d0d7b2,1,0,0,0.6154623031616211,0.3845376670360565
PETS_CREDIT_high_eff_su2_r5_d6_b02__none,none,memgq_lattice_sticky,72bf8a475d5aa5538cd3,1,0,0,0.5915778875350952,0.4084221124649048
PETS_CREDIT_high_eff_su2_r5_d6_b02__none,none,memgq_lattice_sticky,f3ca91dd8e5aba8d83d9,1,1,0,0.5171864032745361,0.48281365633010864
PETS_CREDIT_high_eff_su2_r5_d6_b02__none,none,memgq_lattice_sticky,70d271c728323ea28d90,1,0,0,0.8469209671020508,0.15307900309562683
PETS_CREDIT_high_eff_su2_r5_d6_b02__none,none,memgq_lattice_sticky,a55e4e1cd3465563efc4,1,0,0,0.6780118942260742,0.3219881057739258
PETS_CREDIT_high_eff_su2_r5_d6_b02__none,none,memgq_lattice_sticky,4def6ca8e27be84aeb54,1,1,1,0.45447126030921936,0.545528769493103
PETS_CREDIT_high_eff_su2_r5_d6_b02__none,none,memgq_lattice_sticky,347bd04364dce3c5342e,1,0,0,0.6548051834106445,0.3451947867870331
PETS_CREDIT_high_eff_su2_r5_d6_b02__none,none,memgq_lattice_sticky,bf465d63c434358f77e4,1,0,0,0.9018250703811646,0.09817497432231903
PETS_CREDIT_high_eff_su2_r5_d6_b02__none,none,memgq_lattice_sticky,c9e5785745f04cec0d37,1,0,0,0.8236879706382751,0.17631201446056366
PETS_CREDIT_high_eff_su2_r5_d6_b02__none,none,memgq_lattice_sticky,c536d8f2ff559c7756e7,1,0,0,0.8312313556671143,0.16876868903636932
PETS_CREDIT_high_eff_su2_r5_d6_b02__none,none,memgq_lattice_sticky,f0c1637eb1fa5204c581,1,0,0,0.6651357412338257,0.3348643183708191
PETS_CREDIT_high_eff_su2_r5_d6_b02__none,none,memgq_lattice_sticky,bfa7b1aca5d187760a16,1,0,0,0.6430633068084717,0.3569367229938507
PETS_CREDIT_high_eff_su2_r5_d6_b02__none,none,memgq_lattice_sticky,cec5a851be4f6e7c0887,1,1,0,0.5224012136459351,0.47759881615638733
PETS_CREDIT_high_eff_su2_r5_d6_b02__none,none,memgq_lattice_sticky,619b46d6086e6aad3d84,1,0,0,0.9045423865318298,0.09545763581991196
PETS_CREDIT_high_eff_su2_r5_d6_b02__none,none,memgq_lattice_sticky,1dd9f8371cdcaa1758b3,1,0,0,0.8592226505279541,0.14077739417552948
PETS_CREDIT_high_eff_su2_r5_d6_b02__none,none,memgq_lattice_sticky,a4fc6b0808359418c098,1,0,0,0.5904495716094971,0.40955039858818054
PETS_CREDIT_high_eff_su2_r5_d6_b02__none,none,memgq_lattice_sticky,073dbbd888ef767c75de,1,0,0,0.8735003471374512,0.12649965286254883
PETS_CREDIT_high_eff_su2_r5_d6_b02__none,none,memgq_lattice_sticky,7c7fe88dcec806be29da,1,0,0,0.8093854188919067,0.19061456620693207
PETS_CREDIT_high_eff_su2_r5_d6_b02__none,none,memgq_lattice_sticky,fbbb0f469e10095b9cc1,1,1,0,0.919519305229187,0.08048070967197418
PETS_CREDIT_high_eff_su2_r5_d6_b02__none,none,memgq_lattice_sticky,c0daa10532a8487ca803,1,1,0,0.6113160252571106,0.3886840045452118
PETS_CREDIT_high_eff_su2_r5_d6_b02__none,none,memgq_lattice_sticky,bacc1c25b75ae0e1b780,1,0,0,0.8419073224067688,0.1580926924943924
PETS_CREDIT_high_eff_su2_r5_d6_b02__none,none,memgq_lattice_sticky,1313972ddf1c6e9eb2c9,1,1,0,0.593366265296936,0.4066337049007416
PETS_CREDIT_high_eff_su2_r5_d6_b02__none,none,memgq_lattice_sticky,1819fe5c399a17316fee,1,0,0,0.7944267988204956,0.2055732011795044
PETS_CREDIT_high_eff_su2_r5_d6_b02__none,none,memgq_lattice_sticky,70e46e61db439dd8e308,1,0,0,0.7551279664039612,0.2448720633983612
PETS_CREDIT_high_eff_su2_r5_d6_b02__none,none,memgq_lattice_sticky,01743ddf295d8f6b5a46,1,1,0,0.8902036547660828,0.10979636758565903
PETS_CREDIT_high_eff_su2_r5_d6_b02__none,none,memgq_lattice_sticky,a5628044ec0880a52490,1,1,1,0.4299415647983551,0.5700584650039673
PETS_CREDIT_high_eff_su2_r5_d6_b02__none,none,memgq_lattice_sticky,6a75db22a6087741eef2,1,0,0,0.5082771182060242,0.49172288179397583
PETS_CREDIT_high_eff_su2_r5_d6_b02__none,none,memgq_lattice_sticky,92516ca36411fad7d9c9,1,0,0,0.9070628881454468,0.09293710440397263
PETS_CREDIT_high_eff_su2_r5_d6_b02__none,none,memgq_lattice_sticky,787c85a205e13b242012,1,0,0,0.6343644261360168,0.36563557386398315
PETS_CREDIT_high_eff_su2_r5_d6_b02__none,none,memgq_lattice_sticky,8d5ec20ca179ede5da84,1,0,0,0.7058181762695312,0.29418182373046875
PETS_CREDIT_high_eff_su2_r5_d6_b02__none,none,memgq_lattice_sticky,973b363916938dbaaf31,1,0,0,0.7478165626525879,0.2521834671497345
PETS_CREDIT_high_eff_su2_r5_d6_b02__none,none,memgq_lattice_sticky,e3e282f64bed70282149,1,0,0,0.9123833179473877,0.08761673420667648
PETS_CREDIT_high_eff_su2_r5_d6_b02__none,none,memgq_lattice_sticky,c50e57ca37a497df3a13,1,0,0,0.895235002040863,0.10476503521203995
PETS_CREDIT_high_eff_su2_r5_d6_b02__none,none,memgq_lattice_sticky,6c0e663b6848864dc914,1,1,0,0.5912694931030273,0.40873050689697266
PETS_CREDIT_high_eff_su2_r5_d6_b02__none,none,memgq_lattice_sticky,ac5f40db5db91c18a83b,1,0,0,0.8703247308731079,0.12967528402805328
PETS_CREDIT_high_eff_su2_r5_d6_b02__none,none,memgq_lattice_sticky,072f10d00d9156aab9f2,1,0,0,0.8680515289306641,0.13194848597049713
PETS_CREDIT_high_eff_su2_r5_d6_b02__none,none,memgq_lattice_sticky,526cee77dcfea7ee8138,1,0,0,0.9166674613952637,0.08333258330821991
PETS_CREDIT_high_eff_su2_r5_d6_b02__none,none,memgq_lattice_sticky,25282b20e9c64236ec4d,1,0,0,0.8223917484283447,0.17760822176933289
PETS_CREDIT_high_eff_su2_r5_d6_b02__none,none,memgq_lattice_sticky,14ee67db08b82edf07a3,1,0,0,0.9076107740402222,0.09238926321268082
PETS_CREDIT_high_eff_su2_r5_d6_b02__none,none,memgq_lattice_sticky,eb849709f12c60edd50b,1,0,0,0.8798990249633789,0.12010090798139572
PETS_CREDIT_high_eff_su2_r5_d6_b02__none,none,memgq_lattice_sticky,b91b8614dbf7826436cf,1,0,0,0.9114944338798523,0.0885055810213089
PETS_CREDIT_high_eff_su2_r5_d6_b02__none,none,memgq_lattice_sticky,8f95586c1c6fb3f2a750,1,0,0,0.8188328146934509,0.18116724491119385
PETS_CREDIT_high_eff_su2_r5_d6_b02__none,none,memgq_lattice_sticky,5e48c11768cb070aefe6,1,1,0,0.6044342517852783,0.3955657482147217
PETS_CREDIT_high_eff_su2_r5_d6_b02__none,none,memgq_lattice_sticky,7ce1135db7560daf7e70,1,0,0,0.8173429369926453,0.18265710771083832
PETS_CREDIT_high_eff_su2_r5_d6_b02__none,none,memgq_lattice_sticky,f332cc500c7a62b19024,1,1,0,0.525841474533081,0.47415849566459656
PETS_CREDIT_high_eff_su2_r5_d6_b02__none,none,memgq_lattice_sticky,192395141a760795b97a,1,0,0,0.8302270174026489,0.16977298259735107
PETS_CREDIT_high_eff_su2_r5_d6_b02__none,none,memgq_lattice_sticky,9fc5fbe55717fe6862a4,1,0,0,0.8513139486312866,0.14868608117103577
PETS_CREDIT_high_eff_su2_r5_d6_b02__none,none,memgq_lattice_sticky,8fe0ac3103b5acc00cdc,1,0,0,0.8021553158760071,0.1978446990251541
PETS_CREDIT_high_eff_su2_r5_d6_b02__none,none,memgq_lattice_sticky,d46f8b9f4d57f90db615,1,1,0,0.5822893977165222,0.4177106022834778
PETS_CREDIT_high_eff_su2_r5_d6_b02__none,none,memgq_lattice_sticky,11ccb38ba9653d61e950,1,0,0,0.9102951884269714,0.08970481902360916
PETS_CREDIT_high_eff_su2_r5_d6_b02__none,none,memgq_lattice_sticky,b84ff32b3c14263b0dd5,1,0,0,0.8096892237663269,0.1903107613325119
PETS_CREDIT_high_eff_su2_r5_d6_b02__none,none,memgq_lattice_sticky,ab97fae957e08270ffce,1,0,0,0.813345193862915,0.18665486574172974
PETS_CREDIT_high_eff_su2_r5_d6_b02__none,none,memgq_lattice_sticky,6af56a8b2e15acc1e086,1,0,0,0.8762794733047485,0.12372054904699326
PETS_CREDIT_high_eff_su2_r5_d6_b02__none,none,memgq_lattice_sticky,07d4d260e30d7cf5b71f,1,1,1,0.14022894203662872,0.8597710728645325
PETS_CREDIT_high_eff_su2_r5_d6_b02__none,none,memgq_lattice_sticky,fb40711278aca2b43c69,1,0,0,0.7937837243080139,0.20621632039546967
PETS_CREDIT_high_eff_su2_r5_d6_b02__none,none,memgq_lattice_sticky,1c7eb9e50fc08e5f8cf0,1,0,0,0.7056788802146912,0.29432111978530884
PETS_CREDIT_high_eff_su2_r5_d6_b02__none,none,memgq_lattice_sticky,5383d08662564ec7ab0d,1,0,0,0.895134449005127,0.10486556589603424
PETS_CREDIT_high_eff_su2_r5_d6_b02__none,none,memgq_lattice_sticky,006df97946d214e0111f,1,0,0,0.5835843682289124,0.41641566157341003
PETS_CREDIT_high_eff_su2_r5_d6_b02__none,none,memgq_lattice_sticky,6f47824d3363865de61a,1,0,0,0.8903899788856506,0.10961000621318817
PETS_CREDIT_high_eff_su2_r5_d6_b02__none,none,memgq_lattice_sticky,3ac7ac4bc65a6ffec899,1,1,0,0.644141435623169,0.35585856437683105
PETS_CREDIT_high_eff_su2_r5_d6_b02__none,none,memgq_lattice_sticky,29a333df83b13ef7fea3,1,1,0,0.9182232022285461,0.08177682757377625
PETS_CREDIT_high_eff_su2_r5_d6_b02__none,none,memgq_lattice_sticky,39f8154e08ad72170108,1,0,0,0.8393493294715881,0.16065067052841187
PETS_CREDIT_high_eff_su2_r5_d6_b02__none,none,memgq_lattice_sticky,25bed8f88a506c4cc366,1,0,0,0.9127903580665588,0.08720964938402176
PETS_CREDIT_high_eff_su2_r5_d6_b02__none,none,memgq_lattice_sticky,c75c31af2389cc3a594f,1,0,1,0.4565335810184479,0.5434664487838745
PETS_CREDIT_high_eff_su2_r5_d6_b02__none,none,memgq_lattice_sticky,cbee3c9401120608f2ba,0,0,0,0.9128687381744385,0.08713126927614212
PETS_CREDIT_high_eff_su2_r5_d6_b02__none,none,memgq_lattice_sticky,1c3e9f95fcefe2e9f555,0,0,0,0.8613038063049316,0.13869625329971313
PETS_CREDIT_high_eff_su2_r5_d6_b02__none,none,memgq_lattice_sticky,47955bec8c8c8b0d6ecd,0,0,0,0.5468188524246216,0.4531811475753784
PETS_CREDIT_high_eff_su2_r5_d6_b02__none,none,memgq_lattice_sticky,925cfc4ba01b802e6fea,0,0,0,0.6231433153152466,0.3768567144870758
PETS_CREDIT_high_eff_su2_r5_d6_b02__none,none,memgq_lattice_sticky,cf2b344b8a066b41a298,0,0,0,0.8854659795761108,0.11453399807214737
PETS_CREDIT_high_eff_su2_r5_d6_b02__none,none,memgq_lattice_sticky,44ce9ab8bd9bd704ad04,0,1,0,0.8181397318840027,0.1818602979183197
PETS_CREDIT_high_eff_su2_r5_d6_b02__none,none,memgq_lattice_sticky,d2f0fdb253d121d24db4,0,0,0,0.6353197693824768,0.3646802604198456
PETS_CREDIT_high_eff_su2_r5_d6_b02__none,none,memgq_lattice_sticky,11958d422323d7de5da8,0,1,1,0.44663938879966736,0.5533605813980103
PETS_CREDIT_high_eff_su2_r5_d6_b02__none,none,memgq_lattice_sticky,ee145a9d7a0dd082d343,0,1,1,0.37580668926239014,0.6241933107376099
PETS_CREDIT_high_eff_su2_r5_d6_b02__none,none,memgq_lattice_sticky,3bb90fb9f41d8cd780fb,0,0,0,0.6517879962921143,0.34821197390556335
PETS_CREDIT_high_eff_su2_r5_d6_b02__none,none,memgq_lattice_sticky,1df211fa59aa1d5f8ac4,0,0,0,0.8798778653144836,0.12012210488319397
PETS_CREDIT_high_eff_su2_r5_d6_b02__none,none,memgq_lattice_sticky,864edb9124799ed14941,0,0,0,0.8735939264297485,0.12640607357025146
PETS_CREDIT_high_eff_su2_r5_d6_b02__none,none,memgq_lattice_sticky,71a5cf1405bd2714ab77,0,0,0,0.6199953556060791,0.3800046443939209
PETS_CREDIT_high_eff_su2_r5_d6_b02__none,none,memgq_lattice_sticky,ec314aa70302252ef357,0,0,0,0.5777037739753723,0.4222961962223053
PETS_CREDIT_high_eff_su2_r5_d6_b02__none,none,memgq_lattice_sticky,07849266aa8f190a63f2,0,0,0,0.5861261487007141,0.4138738512992859
PETS_CREDIT_high_eff_su2_r5_d6_b02__none,none,memgq_lattice_sticky,9905912b0d924a7b3ca5,0,1,0,0.5236715078353882,0.47632846236228943
PETS_CREDIT_high_eff_su2_r5_d6_b02__none,none,memgq_lattice_sticky,10906783256975cefbbb,0,0,0,0.8761470317840576,0.12385299056768417
PETS_CREDIT_high_eff_su2_r5_d6_b02__none,none,memgq_lattice_sticky,7ff0c461042567dfe447,0,0,0,0.9022884368896484,0.09771154820919037
PETS_CREDIT_high_eff_su2_r5_d6_b02__none,none,memgq_lattice_sticky,34cd383be85fcb382ea6,0,0,0,0.9017819166183472,0.09821808338165283
PETS_CREDIT_high_eff_su2_r5_d6_b02__none,none,memgq_lattice_sticky,da601eb1fce6bb696bf8,0,1,0,0.876297116279602,0.12370288372039795
PETS_CREDIT_high_eff_su2_r5_d6_b02__none,none,memgq_lattice_sticky,555680807658211b545c,0,0,0,0.7521471977233887,0.24785281717777252
PETS_CREDIT_high_eff_su2_r5_d6_b02__none,none,memgq_lattice_sticky,7dbb07f72b26cae53e10,0,0,1,0.29554256796836853,0.7044574618339539
PETS_CREDIT_high_eff_su2_r5_d6_b02__none,none,memgq_lattice_sticky,3692ecea3b8cc152ac74,0,0,0,0.7559521198272705,0.2440478503704071
PETS_CREDIT_high_eff_su2_r5_d6_b02__none,none,memgq_lattice_sticky,685e2ecf9c9c42d485ce,0,0,0,0.8093996047973633,0.1906004250049591
PETS_CREDIT_high_eff_su2_r5_d6_b02__none,none,memgq_lattice_sticky,3a38d3079b87b1aa292b,0,0,0,0.856148362159729,0.1438516527414322
PETS_CREDIT_high_eff_su2_r5_d6_b02__none,none,memgq_lattice_sticky,4a088c612fee9ef613b8,0,0,0,0.673839807510376,0.326160192489624
PETS_CREDIT_high_eff_su2_r5_d6_b02__none,none,memgq_lattice_sticky,e662ed68ef3f99bd0ed7,0,0,0,0.5635524988174438,0.43644753098487854
PETS_CREDIT_high_eff_su2_r5_d6_b02__none,none,memgq_lattice_sticky,baf60f731977893683c9,0,0,0,0.8303108215332031,0.16968916356563568
PETS_CREDIT_high_eff_su2_r5_d6_b02__none,none,memgq_lattice_sticky,af85096b9d68ea111a40,0,0,0,0.8861986398696899,0.11380136013031006
PETS_CREDIT_high_eff_su2_r5_d6_b02__none,none,memgq_lattice_sticky,948f6a099d3241c9a1ec,0,0,0,0.9127198457717896,0.08728017657995224
PETS_CREDIT_high_eff_su2_r5_d6_b02__none,none,memgq_lattice_sticky,5f65233bde8585faedb5,0,0,0,0.5087864398956299,0.4912135601043701
PETS_CREDIT_high_eff_su2_r5_d6_b02__none,none,memgq_lattice_sticky,5acd05c508162abd3783,0,0,0,0.6063896417617798,0.3936103582382202
PETS_CREDIT_high_eff_su2_r5_d6_b02__none,none,memgq_lattice_sticky,349b65ac22308893e3ec,0,1,0,0.515394389629364,0.484605610370636
PETS_CREDIT_high_eff_su2_r5_d6_b02__none,none,memgq_lattice_sticky,1deef9da8e2ee98331dc,0,0,1,0.4621431231498718,0.5378568768501282
PETS_CREDIT_high_eff_su2_r5_d6_b02__none,none,memgq_lattice_sticky,ccba09c993c170faae38,0,1,1,0.4285540282726288,0.5714459419250488
PETS_CREDIT_high_eff_su2_r5_d6_b02__none,none,memgq_lattice_sticky,4882932be60b65305c84,0,0,0,0.9069300889968872,0.093069888651371
PETS_CREDIT_high_eff_su2_r5_d6_b02__none,none,memgq_lattice_sticky,b244235968526b38867d,0,0,0,0.8635886907577515,0.13641129434108734
PETS_CREDIT_high_eff_su2_r5_d6_b02__none,none,memgq_lattice_sticky,c3a927c03687d1a576df,0,0,0,0.8236379027366638,0.17636212706565857
PETS_CREDIT_high_eff_su2_r5_d6_b02__none,none,memgq_lattice_sticky,fa1f9563eb089a4c05eb,0,1,0,0.890977680683136,0.10902233421802521
PETS_CREDIT_high_eff_su2_r5_d6_b02__none,none,memgq_lattice_sticky,555c4408bbd55bf9a01b,0,0,0,0.8773955702781677,0.1226043701171875
PETS_CREDIT_high_eff_su2_r5_d6_b02__none,none,memgq_lattice_sticky,6bb3006cf2b47b29d044,0,0,0,0.6221657991409302,0.3778342306613922
PETS_CREDIT_high_eff_su2_r5_d6_b02__none,none,memgq_lattice_sticky,a3076f399cf32e671da9,0,1,0,0.8794266581535339,0.12057340145111084
PETS_CREDIT_high_eff_su2_r5_d6_b02__none,none,memgq_lattice_sticky,d0ead593664a3694fc2c,0,0,0,0.5327824354171753,0.4672175645828247
PETS_CREDIT_high_eff_su2_r5_d6_b02__none,none,memgq_lattice_sticky,f4686f1ccb3b1f5b89c1,0,0,0,0.8768748044967651,0.12312522530555725
PETS_CREDIT_high_eff_su2_r5_d6_b02__none,none,memgq_lattice_sticky,6b7219cfa53e1ae4e686,0,0,0,0.573420524597168,0.4265795052051544
PETS_CREDIT_high_eff_su2_r5_d6_b02__none,none,memgq_lattice_sticky,88f9384f8a0cf279c07b,0,0,0,0.8891746401786804,0.11082535237073898
PETS_CREDIT_high_eff_su2_r5_d6_b02__none,none,memgq_lattice_sticky,8ac37e6efcfd84f4bf90,0,0,0,0.5447916388511658,0.4552083909511566
PETS_CREDIT_high_eff_su2_r5_d6_b02__none,none,memgq_lattice_sticky,e947ef8b0f016ee69de8,0,0,0,0.8140719532966614,0.185928076505661
PETS_CREDIT_high_eff_su2_r5_d6_b02__none,none,memgq_lattice_sticky,6c53aaf7ecbc425941a4,0,1,0,0.6589023470878601,0.34109771251678467
PETS_CREDIT_high_eff_su2_r5_d6_b02__none,none,memgq_lattice_sticky,b215fc8b709612d72d29,0,0,0,0.5146973133087158,0.48530271649360657
PETS_CREDIT_high_eff_su2_r5_d6_b02__none,none,memgq_lattice_sticky,87c7d3469677d57e0f68,0,0,0,0.9171336889266968,0.082866370677948
PETS_CREDIT_high_eff_su2_r5_d6_b02__none,none,memgq_lattice_sticky,aca397f6cfe96c665e23,0,0,0,0.7317017316818237,0.26829826831817627
PETS_CREDIT_high_eff_su2_r5_d6_b02__none,none,memgq_lattice_sticky,f1d5fbea8d8fc197f689,0,0,0,0.863832950592041,0.13616707921028137
PETS_CREDIT_high_eff_su2_r5_d6_b02__none,none,memgq_lattice_sticky,a660b0769301bab3f88d,0,0,0,0.8068649768829346,0.19313500821590424
PETS_CREDIT_high_eff_su2_r5_d6_b02__none,none,memgq_lattice_sticky,fb41b4f01480a9067cf9,0,1,0,0.5722855925559998,0.42771440744400024
PETS_CREDIT_high_eff_su2_r5_d6_b02__none,none,memgq_lattice_sticky,c65308558f565034903d,0,1,0,0.9178566932678223,0.08214325457811356
PETS_CREDIT_high_eff_su2_r5_d6_b02__none,none,memgq_lattice_sticky,61985a6dca52dc5fe733,0,0,0,0.8004642724990845,0.19953569769859314
PETS_CREDIT_high_eff_su2_r5_d6_b02__none,none,memgq_lattice_sticky,79d13f79e25dd355b797,0,1,0,0.7950422167778015,0.20495781302452087
PETS_CREDIT_high_eff_su2_r5_d6_b02__none,none,memgq_lattice_sticky,6df7b8af4894c02f1865,0,0,0,0.6481659412384033,0.3518340289592743
PETS_CREDIT_high_eff_su2_r5_d6_b02__none,none,memgq_lattice_sticky,f50f173b25417d940819,0,0,0,0.8917514085769653,0.10824862122535706
PETS_CREDIT_high_eff_su2_r5_d6_b02__none,none,memgq_lattice_sticky,73ce0aaf437e0a73c182,0,1,0,0.6141889095306396,0.38581106066703796
PETS_CREDIT_high_eff_su2_r5_d6_b02__none,none,memgq_lattice_sticky,0748c8ca29b369b66e6f,0,1,0,0.8572141528129578,0.14278586208820343
PETS_CREDIT_high_eff_su2_r5_d6_b02__none,none,memgq_lattice_sticky,e5cdd46506910a0d29a4,0,0,0,0.8860432505607605,0.11395679414272308
PETS_CREDIT_high_eff_su2_r5_d6_b02__none,none,memgq_lattice_sticky,266c16f52337745816e5,0,0,0,0.8614598512649536,0.13854016363620758
PETS_CREDIT_high_eff_su2_r5_d6_b02__none,none,memgq_lattice_sticky,806319326d809b9eae67,0,0,0,0.7401430010795593,0.25985705852508545
PETS_CREDIT_high_eff_su2_r5_d6_b02__none,none,memgq_lattice_sticky,3da17ae4582b2ac6ac6a,0,0,0,0.9091325998306274,0.09086740761995316
PETS_CREDIT_high_eff_su2_r5_d6_b02__none,none,memgq_lattice_sticky,cd6bf5351920ef71b772,0,0,0,0.501556396484375,0.498443603515625
PETS_CREDIT_high_eff_su2_r5_d6_b02__none,none,memgq_lattice_sticky,f1fa5a6ee10e25b70a00,0,0,0,0.8972522020339966,0.1027478575706482
PETS_CREDIT_high_eff_su2_r5_d6_b02__none,none,memgq_lattice_sticky,de98a8baab2807797bb8,0,0,0,0.8260144591331482,0.1739855408668518
PETS_CREDIT_high_eff_su2_r5_d6_b02__none,none,memgq_lattice_sticky,4c7af58561c27a6e341e,0,1,0,0.8233429789543152,0.17665699124336243
PETS_CREDIT_high_eff_su2_r5_d6_b02__none,none,memgq_lattice_sticky,38ba8c1ecc8be69eb7d0,0,0,0,0.8329942226409912,0.16700580716133118
PETS_CREDIT_high_eff_su2_r5_d6_b02__none,none,memgq_lattice_sticky,1b857744e17f39b46f16,0,0,0,0.906786322593689,0.09321366995573044
PETS_CREDIT_high_eff_su2_r5_d6_b02__none,none,memgq_lattice_sticky,31d01a38894b805bfc80,0,0,0,0.8704080581665039,0.12959197163581848
PETS_CREDIT_high_eff_su2_r5_d6_b02__none,none,memgq_lattice_sticky,231156f957719dd417d9,0,0,0,0.7953165173530579,0.20468351244926453
PETS_CREDIT_high_eff_su2_r5_d6_b02__none,none,memgq_lattice_sticky,7bfb843a13cff05233ad,0,0,0,0.7448869347572327,0.2551131248474121
PETS_CREDIT_high_eff_su2_r5_d6_b02__none,none,memgq_lattice_sticky,24850cc249ef6fef8baa,0,0,0,0.8867221474647522,0.11327788233757019
PETS_CREDIT_high_eff_su2_r5_d6_b02__none,none,memgq_lattice_sticky,f80b742f70e5ef1f2f75,0,0,0,0.6505870223045349,0.3494129776954651
PETS_CREDIT_high_eff_su2_r5_d6_b02__none,none,memgq_lattice_sticky,392fabb059005262a0a6,0,0,0,0.9145212769508362,0.08547871559858322
PETS_CREDIT_high_eff_su2_r5_d6_b02__none,none,memgq_lattice_sticky,e5731b75bfb8647f33f0,0,1,1,0.4742185175418854,0.5257814526557922
PETS_CREDIT_high_eff_su2_r5_d6_b02__none,none,memgq_lattice_sticky,63426de2bcac10c978ef,0,0,0,0.8968652486801147,0.10313477367162704
PETS_CREDIT_high_eff_su2_r5_d6_b02__none,none,memgq_lattice_sticky,346b2d56d8b09d426f47,0,1,1,0.4140307903289795,0.5859692692756653
PETS_CREDIT_high_eff_su2_r5_d6_b02__none,none,memgq_lattice_sticky,79ede8f524cb4755d342,0,0,0,0.6725726127624512,0.32742735743522644
PETS_CREDIT_high_eff_su2_r5_d6_b02__none,none,memgq_lattice_sticky,9b15c4988e577e46b572,0,0,0,0.8840039968490601,0.11599601805210114
PETS_CREDIT_high_eff_su2_r5_d6_b02__none,none,memgq_lattice_sticky,2ae5fdcfe3923a4263b6,0,0,0,0.897373616695404,0.10262643545866013
PETS_CREDIT_high_eff_su2_r5_d6_b02__none,none,memgq_lattice_sticky,b690772de8eb14084d30,0,1,0,0.7490956783294678,0.2509043514728546
PETS_CREDIT_high_eff_su2_r5_d6_b02__none,none,memgq_lattice_sticky,a19516268df63768faeb,0,0,0,0.8827691078186035,0.1172308698296547
PETS_CREDIT_high_eff_su2_r5_d6_b02__none,none,memgq_lattice_sticky,2e900caa6bf6a7e56807,0,0,0,0.8540195226669312,0.14598049223423004
PETS_CREDIT_high_eff_su2_r5_d6_b02__none,none,memgq_lattice_sticky,3e5959b02df8356effc1,0,0,0,0.8949572443962097,0.10504277050495148
PETS_CREDIT_high_eff_su2_r5_d6_b02__none,none,memgq_lattice_sticky,b6b16448c07ca52d41fb,0,0,0,0.9143502116203308,0.08564979583024979
PETS_CREDIT_high_eff_su2_r5_d6_b02__none,none,memgq_lattice_sticky,bf9825a8b0d7138b3690,0,1,0,0.890168309211731,0.10983172804117203
PETS_CREDIT_high_eff_su2_r5_d6_b02__none,none,memgq_lattice_sticky,ae831412dedceb901cc4,0,0,0,0.7175175547599792,0.28248241543769836
PETS_CREDIT_high_eff_su2_r5_d6_b02__none,none,memgq_lattice_sticky,1b791f7fc091a40a0494,0,0,0,0.8033077716827393,0.19669219851493835
PETS_CREDIT_high_eff_su2_r5_d6_b02__none,none,memgq_lattice_sticky,2951667761deda7d6d9f,0,0,0,0.8469249606132507,0.15307503938674927
PETS_CREDIT_high_eff_su2_r5_d6_b02__none,none,memgq_lattice_sticky,c55786a9941cc04c9348,0,0,0,0.8271834850311279,0.17281654477119446
PETS_CREDIT_high_eff_su2_r5_d6_b02__none,none,memgq_lattice_sticky,67fb36e26b798796d6fd,0,0,0,0.8934541344642639,0.10654586553573608
PETS_CREDIT_high_eff_su2_r5_d6_b02__none,none,memgq_lattice_sticky,f8f44150ace4d5e110b6,0,1,0,0.7072887420654297,0.2927112281322479
PETS_CREDIT_high_eff_su2_r5_d6_b02__none,none,memgq_lattice_sticky,92becb8f0ed68752cc52,0,1,0,0.9069235920906067,0.09307640045881271
PETS_CREDIT_high_eff_su2_r5_d6_b02__none,none,memgq_lattice_sticky,cab8e2ac7eeaf27d3d2c,0,0,0,0.9090834259986877,0.09091661870479584
PETS_CREDIT_high_eff_su2_r5_d6_b02__none,none,memgq_lattice_sticky,d1db35b6c9e008df971d,0,0,1,0.4953547716140747,0.5046452283859253
PETS_CREDIT_high_eff_su2_r5_d6_b02__none,none,memgq_lattice_sticky,83d86a08997d81c1643f,0,0,0,0.896574854850769,0.10342519730329514
