effective_defense,structural_role,attack,outcome,blocks,mean,sd_across_blocks
dp_qml,low,lira_offline,auc,8,0.5239875,0.029076619841869013
dp_qml,low,lira_offline,tpr_at_1_fpr,8,0.018750000000000003,0.014577379737113252
dp_qml,low,lira_offline,tpr_at_5_fpr,8,0.07,0.029277002188455997
dp_qml,low,lira_offline,tpr_at_10_fpr,8,0.135,0.020701966780270628
dp_qml,low,lira_offline_density_surprise,auc,8,0.48736250000000003,0.03771028421683248
dp_qml,low,lira_offline_density_surprise,tpr_at_1_fpr,8,0.015,0.009258200997725514
dp_qml,low,lira_offline_density_surprise,tpr_at_5_fpr,8,0.052500000000000005,0.03284161123592185
dp_qml,low,lira_offline_density_surprise,tpr_at_10_fpr,8,0.11624999999999999,0.03583194903195431
dp_qml,low,lira_offline_density_surprise_fixed_variance,auc,8,0.4942,0.03858297181770366
dp_qml,low,lira_offline_density_surprise_fixed_variance,tpr_at_1_fpr,8,0.02875,0.021671244937540093
dp_qml,low,lira_offline_density_surprise_fixed_variance,tpr_at_5_fpr,8,0.07875,0.033567628964311945
dp_qml,low,lira_offline_density_surprise_fixed_variance,tpr_at_10_fpr,8,0.1275,0.055226805085936304
dp_qml,low,lira_offline_fixed_variance,auc,8,0.5296500000000001,0.02398154052003925
dp_qml,low,lira_offline_fixed_variance,tpr_at_1_fpr,8,0.03125,0.021671244937540097
dp_qml,low,lira_offline_fixed_variance,tpr_at_5_fpr,8,0.08,0.019999999999999997
dp_qml,low,lira_offline_fixed_variance,tpr_at_10_fpr,8,0.13874999999999998,0.02850438562747845
dp_qml,low,lira_offline_one_sided_z,auc,8,0.5239875,0.029076619841869013
dp_qml,low,lira_offline_one_sided_z,tpr_at_1_fpr,8,0.018750000000000003,0.014577379737113252
dp_qml,low,lira_offline_one_sided_z,tpr_at_5_fpr,8,0.07,0.029277002188455997
dp_qml,low,lira_offline_one_sided_z,tpr_at_10_fpr,8,0.135,0.020701966780270628
dp_qml,low,lira_offline_one_sided_z_fixed_variance,auc,8,0.5296500000000001,0.02398154052003925
dp_qml,low,lira_offline_one_sided_z_fixed_variance,tpr_at_1_fpr,8,0.03125,0.021671244937540097
dp_qml,low,lira_offline_one_sided_z_fixed_variance,tpr_at_5_fpr,8,0.08,0.019999999999999997
dp_qml,low,lira_offline_one_sided_z_fixed_variance,tpr_at_10_fpr,8,0.13874999999999998,0.02850438562747845
dp_qml,low,lira_online,auc,8,0.49069999999999997,0.041388024492944486
dp_qml,low,lira_online,tpr_at_1_fpr,8,0.0125,0.010350983390135314
dp_qml,low,lira_online,tpr_at_5_fpr,8,0.06875,0.02748376143938713
dp_qml,low,lira_online,tpr_at_10_fpr,8,0.11249999999999999,0.04590362575159894
dp_qml,low,lira_online_fixed_variance,auc,8,0.493625,0.03003805919163223
dp_qml,low,lira_online_fixed_variance,tpr_at_1_fpr,8,0.0325,0.021876275473019364
dp_qml,low,lira_online_fixed_variance,tpr_at_5_fpr,8,0.07500000000000001,0.02563479777846623
dp_qml,low,lira_online_fixed_variance,tpr_at_10_fpr,8,0.1225,0.01669045920792561
dp_qml,repetition,lira_offline,auc,8,0.53805,0.03460747235579544
dp_qml,repetition,lira_offline,tpr_at_1_fpr,8,0.026250000000000002,0.018468119248354137
dp_qml,repetition,lira_offline,tpr_at_5_fpr,8,0.07875,0.03681517544243328
dp_qml,repetition,lira_offline,tpr_at_10_fpr,8,0.12125,0.037961446607992014
dp_qml,repetition,lira_offline_density_surprise,auc,8,0.5089375,0.05324688958051918
dp_qml,repetition,lira_offline_density_surprise,tpr_at_1_fpr,8,0.02875,0.019594095320493145
dp_qml,repetition,lira_offline_density_surprise,tpr_at_5_fpr,8,0.07125,0.040155946010522525
dp_qml,repetition,lira_offline_density_surprise,tpr_at_10_fpr,8,0.12125000000000001,0.04189698250300543
dp_qml,repetition,lira_offline_density_surprise_fixed_variance,auc,8,0.503625,0.039906596304012554
dp_qml,repetition,lira_offline_density_surprise_fixed_variance,tpr_at_1_fpr,8,0.018750000000000003,0.021001700611413078
dp_qml,repetition,lira_offline_density_surprise_fixed_variance,tpr_at_5_fpr,8,0.05375,0.034615231989895516
dp_qml,repetition,lira_offline_density_surprise_fixed_variance,tpr_at_10_fpr,8,0.09625000000000002,0.04983902658989812
dp_qml,repetition,lira_offline_fixed_variance,auc,8,0.5410874999999999,0.03504101423434297
dp_qml,repetition,lira_offline_fixed_variance,tpr_at_1_fpr,8,0.024999999999999998,0.02203892660077359
dp_qml,repetition,lira_offline_fixed_variance,tpr_at_5_fpr,8,0.07125000000000001,0.039798600118956085
dp_qml,repetition,lira_offline_fixed_variance,tpr_at_10_fpr,8,0.12625,0.04565006649971687
dp_qml,repetition,lira_offline_one_sided_z,auc,8,0.53805,0.03460747235579544
dp_qml,repetition,lira_offline_one_sided_z,tpr_at_1_fpr,8,0.026250000000000002,0.018468119248354137
dp_qml,repetition,lira_offline_one_sided_z,tpr_at_5_fpr,8,0.07875,0.03681517544243328
dp_qml,repetition,lira_offline_one_sided_z,tpr_at_10_fpr,8,0.12125,0.037961446607992014
dp_qml,repetition,lira_offline_one_sided_z_fixed_variance,auc,8,0.5410874999999999,0.03504101423434297
dp_qml,repetition,lira_offline_one_sided_z_fixed_variance,tpr_at_1_fpr,8,0.024999999999999998,0.02203892660077359
dp_qml,repetition,lira_offline_one_sided_z_fixed_variance,tpr_at_5_fpr,8,0.07125000000000001,0.039798600118956085
dp_qml,repetition,lira_offline_one_sided_z_fixed_variance,tpr_at_10_fpr,8,0.12625,0.04565006649971687
dp_qml,repetition,lira_online,auc,8,0.51945,0.04981537341595891
dp_qml,repetition,lira_online,tpr_at_1_fpr,8,0.027500000000000004,0.0198206241793023
dp_qml,repetition,lira_online,tpr_at_5_fpr,8,0.07250000000000001,0.03615443067098219
dp_qml,repetition,lira_online,tpr_at_10_fpr,8,0.1375,0.04367084676466507
dp_qml,repetition,lira_online_fixed_variance,auc,8,0.516825,0.051860437715082974
dp_qml,repetition,lira_online_fixed_variance,tpr_at_1_fpr,8,0.0175,0.014880476182856896
dp_qml,repetition,lira_online_fixed_variance,tpr_at_5_fpr,8,0.0625,0.03453776401067595
dp_qml,repetition,lira_online_fixed_variance,tpr_at_10_fpr,8,0.12125,0.06401729676981281
dp_qml,stress,lira_offline,auc,8,0.533925,0.04392411475650767
dp_qml,stress,lira_offline,tpr_at_1_fpr,8,0.0225,0.03058944729337694
dp_qml,stress,lira_offline,tpr_at_5_fpr,8,0.07,0.0407080195679286
dp_qml,stress,lira_offline,tpr_at_10_fpr,8,0.1125,0.05035587637718448
dp_qml,stress,lira_offline_density_surprise,auc,8,0.492425,0.037939754875328316
dp_qml,stress,lira_offline_density_surprise,tpr_at_1_fpr,8,0.02,0.02563479777846623
dp_qml,stress,lira_offline_density_surprise,tpr_at_5_fpr,8,0.05,0.05264435935053794
dp_qml,stress,lira_offline_density_surprise,tpr_at_10_fpr,8,0.09875,0.05111262075065218
dp_qml,stress,lira_offline_density_surprise_fixed_variance,auc,8,0.484175,0.03768598640646906
dp_qml,stress,lira_offline_density_surprise_fixed_variance,tpr_at_1_fpr,8,0.027500000000000004,0.02251983252919207
dp_qml,stress,lira_offline_density_surprise_fixed_variance,tpr_at_5_fpr,8,0.0475,0.03150963571444682
dp_qml,stress,lira_offline_density_surprise_fixed_variance,tpr_at_10_fpr,8,0.09875,0.04086126352846736
dp_qml,stress,lira_offline_fixed_variance,auc,8,0.5403,0.044836655922199584
dp_qml,stress,lira_offline_fixed_variance,tpr_at_1_fpr,8,0.0375,0.03453776401067595
dp_qml,stress,lira_offline_fixed_variance,tpr_at_5_fpr,8,0.07375,0.051530157605591924
dp_qml,stress,lira_offline_fixed_variance,tpr_at_10_fpr,8,0.12625,0.07652030542840993
dp_qml,stress,lira_offline_one_sided_z,auc,8,0.533925,0.04392411475650767
dp_qml,stress,lira_offline_one_sided_z,tpr_at_1_fpr,8,0.0225,0.03058944729337694
dp_qml,stress,lira_offline_one_sided_z,tpr_at_5_fpr,8,0.07,0.0407080195679286
dp_qml,stress,lira_offline_one_sided_z,tpr_at_10_fpr,8,0.1125,0.05035587637718448
dp_qml,stress,lira_offline_one_sided_z_fixed_variance,auc,8,0.5403,0.044836655922199584
dp_qml,stress,lira_offline_one_sided_z_fixed_variance,tpr_at_1_fpr,8,0.0375,0.03453776401067595
dp_qml,stress,lira_offline_one_sided_z_fixed_variance,tpr_at_5_fpr,8,0.07375,0.051530157605591924
dp_qml,stress,lira_offline_one_sided_z_fixed_variance,tpr_at_10_fpr,8,0.12625,0.07652030542840993
dp_qml,stress,lira_online,auc,8,0.5123625,0.021109303128512526
dp_qml,stress,lira_online,tpr_at_1_fpr,8,0.01125,0.01807721533549109
dp_qml,stress,lira_online,tpr_at_5_fpr,8,0.05,0.03741657386773942
dp_qml,stress,lira_online,tpr_at_10_fpr,8,0.10500000000000001,0.04810702354423639
dp_qml,stress,lira_online_fixed_variance,auc,8,0.505175,0.025231485432745667
dp_qml,stress,lira_online_fixed_variance,tpr_at_1_fpr,8,0.02875,0.031819805153394644
dp_qml,stress,lira_online_fixed_variance,tpr_at_5_fpr,8,0.05,0.03779644730092272
dp_qml,stress,lira_online_fixed_variance,tpr_at_10_fpr,8,0.09125,0.04549332761123171
dynanoise,low,lira_offline,auc,8,0.542575,0.03359837368513114
dynanoise,low,lira_offline,tpr_at_1_fpr,8,0.035,0.021380899352993952
dynanoise,low,lira_offline,tpr_at_5_fpr,8,0.08625,0.03020761493398643
dynanoise,low,lira_offline,tpr_at_10_fpr,8,0.135,0.04503966505838414
dynanoise,low,lira_offline_density_surprise,auc,8,0.5070250000000001,0.03162470779085782
dynanoise,low,lira_offline_density_surprise,tpr_at_1_fpr,8,0.036250000000000004,0.021998376563477848
dynanoise,low,lira_offline_density_surprise,tpr_at_5_fpr,8,0.08,0.027774602993176543
dynanoise,low,lira_offline_density_surprise,tpr_at_10_fpr,8,0.125,0.03251373336211726
dynanoise,low,lira_offline_density_surprise_fixed_variance,auc,8,0.51035,0.04024219533914974
dynanoise,low,lira_offline_density_surprise_fixed_variance,tpr_at_1_fpr,8,0.02875,0.01642080561796093
dynanoise,low,lira_offline_density_surprise_fixed_variance,tpr_at_5_fpr,8,0.06875,0.026423744732991302
dynanoise,low,lira_offline_density_surprise_fixed_variance,tpr_at_10_fpr,8,0.125,0.04309458036856673
dynanoise,low,lira_offline_fixed_variance,auc,8,0.5381625000000001,0.029571894837593947
dynanoise,low,lira_offline_fixed_variance,tpr_at_1_fpr,8,0.02875,0.013562026818605378
dynanoise,low,lira_offline_fixed_variance,tpr_at_5_fpr,8,0.06875,0.02100170061141308
dynanoise,low,lira_offline_fixed_variance,tpr_at_10_fpr,8,0.12125,0.02356601669474803
dynanoise,low,lira_offline_one_sided_z,auc,8,0.542575,0.03359837368513114
dynanoise,low,lira_offline_one_sided_z,tpr_at_1_fpr,8,0.035,0.021380899352993952
dynanoise,low,lira_offline_one_sided_z,tpr_at_5_fpr,8,0.08625,0.03020761493398643
dynanoise,low,lira_offline_one_sided_z,tpr_at_10_fpr,8,0.135,0.04503966505838414
dynanoise,low,lira_offline_one_sided_z_fixed_variance,auc,8,0.5381625000000001,0.029571894837593947
dynanoise,low,lira_offline_one_sided_z_fixed_variance,tpr_at_1_fpr,8,0.02875,0.013562026818605378
dynanoise,low,lira_offline_one_sided_z_fixed_variance,tpr_at_5_fpr,8,0.06875,0.02100170061141308
dynanoise,low,lira_offline_one_sided_z_fixed_variance,tpr_at_10_fpr,8,0.12125,0.02356601669474803
dynanoise,low,lira_online,auc,8,0.5295624999999999,0.04668496048744482
dynanoise,low,lira_online,tpr_at_1_fpr,8,0.0225,0.0148804761828569
dynanoise,low,lira_online,tpr_at_5_fpr,8,0.06625,0.021339098923270936
dynanoise,low,lira_online,tpr_at_10_fpr,8,0.11125,0.04257346591481601
dynanoise,low,lira_online_fixed_variance,auc,8,0.529375,0.049899091030942505
dynanoise,low,lira_online_fixed_variance,tpr_at_1_fpr,8,0.0325,0.0148804761828569
dynanoise,low,lira_online_fixed_variance,tpr_at_5_fpr,8,0.08875,0.045806269065645215
dynanoise,low,lira_online_fixed_variance,tpr_at_10_fpr,8,0.13874999999999998,0.05249149590988185
dynanoise,repetition,lira_offline,auc,8,0.5891625,0.0377593105831434
dynanoise,repetition,lira_offline,tpr_at_1_fpr,8,0.0475,0.04432026302139592
dynanoise,repetition,lira_offline,tpr_at_5_fpr,8,0.1225,0.04713203338949606
dynanoise,repetition,lira_offline,tpr_at_10_fpr,8,0.185,0.05503245795502349
dynanoise,repetition,lira_offline_density_surprise,auc,8,0.506025,0.03566862366682675
dynanoise,repetition,lira_offline_density_surprise,tpr_at_1_fpr,8,0.04125,0.03681517544243328
dynanoise,repetition,lira_offline_density_surprise,tpr_at_5_fpr,8,0.07875000000000001,0.05436319658424386
dynanoise,repetition,lira_offline_density_surprise,tpr_at_10_fpr,8,0.1325,0.05548487567410986
dynanoise,repetition,lira_offline_density_surprise_fixed_variance,auc,8,0.505675,0.03333778422665275
dynanoise,repetition,lira_offline_density_surprise_fixed_variance,tpr_at_1_fpr,8,0.04000000000000001,0.028784916685156977
dynanoise,repetition,lira_offline_density_surprise_fixed_variance,tpr_at_5_fpr,8,0.08124999999999999,0.037961446607992014
dynanoise,repetition,lira_offline_density_surprise_fixed_variance,tpr_at_10_fpr,8,0.12875,0.06512350903146596
dynanoise,repetition,lira_offline_fixed_variance,auc,8,0.5891125,0.04255549108433096
dynanoise,repetition,lira_offline_fixed_variance,tpr_at_1_fpr,8,0.053750000000000006,0.03204349722308279
dynanoise,repetition,lira_offline_fixed_variance,tpr_at_5_fpr,8,0.10750000000000001,0.0511998883927355
dynanoise,repetition,lira_offline_fixed_variance,tpr_at_10_fpr,8,0.16999999999999998,0.07329003050503236
dynanoise,repetition,lira_offline_one_sided_z,auc,8,0.5891625,0.0377593105831434
dynanoise,repetition,lira_offline_one_sided_z,tpr_at_1_fpr,8,0.0475,0.04432026302139592
dynanoise,repetition,lira_offline_one_sided_z,tpr_at_5_fpr,8,0.1225,0.04713203338949606
dynanoise,repetition,lira_offline_one_sided_z,tpr_at_10_fpr,8,0.185,0.05503245795502349
dynanoise,repetition,lira_offline_one_sided_z_fixed_variance,auc,8,0.5891125,0.04255549108433096
dynanoise,repetition,lira_offline_one_sided_z_fixed_variance,tpr_at_1_fpr,8,0.053750000000000006,0.03204349722308279
dynanoise,repetition,lira_offline_one_sided_z_fixed_variance,tpr_at_5_fpr,8,0.10750000000000001,0.0511998883927355
dynanoise,repetition,lira_offline_one_sided_z_fixed_variance,tpr_at_10_fpr,8,0.16999999999999998,0.07329003050503236
dynanoise,repetition,lira_online,auc,8,0.54345,0.05466905627762121
dynanoise,repetition,lira_online,tpr_at_1_fpr,8,0.035,0.0297609523657138
dynanoise,repetition,lira_online,tpr_at_5_fpr,8,0.08625000000000001,0.058294204563698146
dynanoise,repetition,lira_online,tpr_at_10_fpr,8,0.14875,0.04611708700997618
dynanoise,repetition,lira_online_fixed_variance,auc,8,0.5617,0.04267712669401659
dynanoise,repetition,lira_online_fixed_variance,tpr_at_1_fpr,8,0.043750000000000004,0.025035688811888404
dynanoise,repetition,lira_online_fixed_variance,tpr_at_5_fpr,8,0.105,0.053184315625675105
dynanoise,repetition,lira_online_fixed_variance,tpr_at_10_fpr,8,0.165,0.05371884479132332
dynanoise,stress,lira_offline,auc,8,0.6149499999999999,0.0322227958350695
dynanoise,stress,lira_offline,tpr_at_1_fpr,8,0.036250000000000004,0.0238671920665766
dynanoise,stress,lira_offline,tpr_at_5_fpr,8,0.12125000000000001,0.03603074084326169
dynanoise,stress,lira_offline,tpr_at_10_fpr,8,0.2,0.04342481186734475
dynanoise,stress,lira_offline_density_surprise,auc,8,0.505375,0.044280784287802036
dynanoise,stress,lira_offline_density_surprise,tpr_at_1_fpr,8,0.03,0.031167748898959187
dynanoise,stress,lira_offline_density_surprise,tpr_at_5_fpr,8,0.07625000000000001,0.03204349722308279
dynanoise,stress,lira_offline_density_surprise,tpr_at_10_fpr,8,0.13625,0.05680480361981471
dynanoise,stress,lira_offline_density_surprise_fixed_variance,auc,8,0.5171375,0.05444045075650488
dynanoise,stress,lira_offline_density_surprise_fixed_variance,tpr_at_1_fpr,8,0.03875,0.037961446607992014
dynanoise,stress,lira_offline_density_surprise_fixed_variance,tpr_at_5_fpr,8,0.09375,0.04172614801981401
dynanoise,stress,lira_offline_density_surprise_fixed_variance,tpr_at_10_fpr,8,0.15125,0.04882549100038392
dynanoise,stress,lira_offline_fixed_variance,auc,8,0.6197250000000001,0.03395706322486007
dynanoise,stress,lira_offline_fixed_variance,tpr_at_1_fpr,8,0.060000000000000005,0.0625642526870234
dynanoise,stress,lira_offline_fixed_variance,tpr_at_5_fpr,8,0.1475,0.051478150704935
dynanoise,stress,lira_offline_fixed_variance,tpr_at_10_fpr,8,0.20875,0.0327053949241231
dynanoise,stress,lira_offline_one_sided_z,auc,8,0.6149499999999999,0.0322227958350695
dynanoise,stress,lira_offline_one_sided_z,tpr_at_1_fpr,8,0.036250000000000004,0.0238671920665766
dynanoise,stress,lira_offline_one_sided_z,tpr_at_5_fpr,8,0.12125000000000001,0.03603074084326169
dynanoise,stress,lira_offline_one_sided_z,tpr_at_10_fpr,8,0.2,0.04342481186734475
dynanoise,stress,lira_offline_one_sided_z_fixed_variance,auc,8,0.6197250000000001,0.03395706322486007
dynanoise,stress,lira_offline_one_sided_z_fixed_variance,tpr_at_1_fpr,8,0.060000000000000005,0.0625642526870234
dynanoise,stress,lira_offline_one_sided_z_fixed_variance,tpr_at_5_fpr,8,0.1475,0.051478150704935
dynanoise,stress,lira_offline_one_sided_z_fixed_variance,tpr_at_10_fpr,8,0.20875,0.0327053949241231
dynanoise,stress,lira_online,auc,8,0.5876125000000001,0.039337529790265176
dynanoise,stress,lira_online,tpr_at_1_fpr,8,0.03875,0.033990544903798506
dynanoise,stress,lira_online,tpr_at_5_fpr,8,0.095,0.0447213595499958
dynanoise,stress,lira_online,tpr_at_10_fpr,8,0.1575,0.07778174593052023
dynanoise,stress,lira_online_fixed_variance,auc,8,0.6002125,0.03766401987118665
dynanoise,stress,lira_online_fixed_variance,tpr_at_1_fpr,8,0.053750000000000006,0.04438065859293728
dynanoise,stress,lira_online_fixed_variance,tpr_at_5_fpr,8,0.11125,0.058416607227739614
dynanoise,stress,lira_online_fixed_variance,tpr_at_10_fpr,8,0.16125,0.08078852464481397
hamp_full,low,lira_offline,auc,8,0.5615375,0.056460249923539735
hamp_full,low,lira_offline,tpr_at_1_fpr,8,0.05,0.029277002188455997
hamp_full,low,lira_offline,tpr_at_5_fpr,8,0.08625000000000001,0.03113908889391045
hamp_full,low,lira_offline,tpr_at_10_fpr,8,0.17,0.06301927142889364
hamp_full,low,lira_offline_density_surprise,auc,8,0.5010625,0.05824514541389445
hamp_full,low,lira_offline_density_surprise,tpr_at_1_fpr,8,0.0325,0.03150963571444683
hamp_full,low,lira_offline_density_surprise,tpr_at_5_fpr,8,0.08000000000000002,0.034641016151377546
hamp_full,low,lira_offline_density_surprise,tpr_at_10_fpr,8,0.1075,0.03327375628243462
hamp_full,low,lira_offline_density_surprise_fixed_variance,auc,8,0.5066999999999999,0.05773718781810266
hamp_full,low,lira_offline_density_surprise_fixed_variance,tpr_at_1_fpr,8,0.02875,0.011259916264596033
hamp_full,low,lira_offline_density_surprise_fixed_variance,tpr_at_5_fpr,8,0.06875,0.01552647508520297
hamp_full,low,lira_offline_density_surprise_fixed_variance,tpr_at_10_fpr,8,0.11750000000000001,0.040266966255586865
hamp_full,low,lira_offline_fixed_variance,auc,8,0.562225,0.05370713573233476
hamp_full,low,lira_offline_fixed_variance,tpr_at_1_fpr,8,0.04,0.013093073414159544
hamp_full,low,lira_offline_fixed_variance,tpr_at_5_fpr,8,0.09250000000000001,0.04234214381508266
hamp_full,low,lira_offline_fixed_variance,tpr_at_10_fpr,8,0.14500000000000002,0.05732115042211108
hamp_full,low,lira_offline_one_sided_z,auc,8,0.5615375,0.056460249923539735
hamp_full,low,lira_offline_one_sided_z,tpr_at_1_fpr,8,0.05,0.029277002188455997
hamp_full,low,lira_offline_one_sided_z,tpr_at_5_fpr,8,0.08625000000000001,0.03113908889391045
hamp_full,low,lira_offline_one_sided_z,tpr_at_10_fpr,8,0.17,0.06301927142889364
hamp_full,low,lira_offline_one_sided_z_fixed_variance,auc,8,0.562225,0.05370713573233476
hamp_full,low,lira_offline_one_sided_z_fixed_variance,tpr_at_1_fpr,8,0.04,0.013093073414159544
hamp_full,low,lira_offline_one_sided_z_fixed_variance,tpr_at_5_fpr,8,0.09250000000000001,0.04234214381508266
hamp_full,low,lira_offline_one_sided_z_fixed_variance,tpr_at_10_fpr,8,0.14500000000000002,0.05732115042211108
hamp_full,low,lira_online,auc,8,0.540075,0.07072087487338619
hamp_full,low,lira_online,tpr_at_1_fpr,8,0.03375,0.023260942125619688
hamp_full,low,lira_online,tpr_at_5_fpr,8,0.08875000000000001,0.041209395599963436
hamp_full,low,lira_online,tpr_at_10_fpr,8,0.12250000000000001,0.049497474683058325
hamp_full,low,lira_online_fixed_variance,auc,8,0.5320125,0.05965082773943713
hamp_full,low,lira_online_fixed_variance,tpr_at_1_fpr,8,0.04,0.029277002188455997
hamp_full,low,lira_online_fixed_variance,tpr_at_5_fpr,8,0.09625,0.04718883039751796
hamp_full,low,lira_online_fixed_variance,tpr_at_10_fpr,8,0.1325,0.05775564289066727
hamp_full,repetition,lira_offline,auc,8,0.58275,0.03665869610338043
hamp_full,repetition,lira_offline,tpr_at_1_fpr,8,0.03125,0.02416461403433896
hamp_full,repetition,lira_offline,tpr_at_5_fpr,8,0.0825,0.026049403612586387
hamp_full,repetition,lira_offline,tpr_at_10_fpr,8,0.14875,0.042573465914816006
hamp_full,repetition,lira_offline_density_surprise,auc,8,0.47687500000000005,0.04387442307312997
hamp_full,repetition,lira_offline_density_surprise,tpr_at_1_fpr,8,0.01375,0.016850180160122075
hamp_full,repetition,lira_offline_density_surprise,tpr_at_5_fpr,8,0.04625,0.03020761493398643
hamp_full,repetition,lira_offline_density_surprise,tpr_at_10_fpr,8,0.08875,0.045493327611231704
hamp_full,repetition,lira_offline_density_surprise_fixed_variance,auc,8,0.48069999999999996,0.04949718606720411
hamp_full,repetition,lira_offline_density_surprise_fixed_variance,tpr_at_1_fpr,8,0.015000000000000001,0.013093073414159544
hamp_full,repetition,lira_offline_density_surprise_fixed_variance,tpr_at_5_fpr,8,0.05500000000000001,0.03545621041711674
hamp_full,repetition,lira_offline_density_surprise_fixed_variance,tpr_at_10_fpr,8,0.10125,0.04051013982414069
hamp_full,repetition,lira_offline_fixed_variance,auc,8,0.59375,0.03313224583824215
hamp_full,repetition,lira_offline_fixed_variance,tpr_at_1_fpr,8,0.045,0.023299294900428702
hamp_full,repetition,lira_offline_fixed_variance,tpr_at_5_fpr,8,0.1,0.031167748898959187
hamp_full,repetition,lira_offline_fixed_variance,tpr_at_10_fpr,8,0.16375,0.048088460154178364
hamp_full,repetition,lira_offline_one_sided_z,auc,8,0.58275,0.03665869610338043
hamp_full,repetition,lira_offline_one_sided_z,tpr_at_1_fpr,8,0.03125,0.02416461403433896
hamp_full,repetition,lira_offline_one_sided_z,tpr_at_5_fpr,8,0.0825,0.026049403612586387
hamp_full,repetition,lira_offline_one_sided_z,tpr_at_10_fpr,8,0.14875,0.042573465914816006
hamp_full,repetition,lira_offline_one_sided_z_fixed_variance,auc,8,0.59375,0.03313224583824215
hamp_full,repetition,lira_offline_one_sided_z_fixed_variance,tpr_at_1_fpr,8,0.045,0.023299294900428702
hamp_full,repetition,lira_offline_one_sided_z_fixed_variance,tpr_at_5_fpr,8,0.1,0.031167748898959187
hamp_full,repetition,lira_offline_one_sided_z_fixed_variance,tpr_at_10_fpr,8,0.16375,0.048088460154178364
hamp_full,repetition,lira_online,auc,8,0.5665375,0.03643538066612882
hamp_full,repetition,lira_online,tpr_at_1_fpr,8,0.01625,0.01685018016012207
hamp_full,repetition,lira_online,tpr_at_5_fpr,8,0.08000000000000002,0.0472077475481666
hamp_full,repetition,lira_online,tpr_at_10_fpr,8,0.1275,0.04496029994816062
hamp_full,repetition,lira_online_fixed_variance,auc,8,0.5851000000000001,0.03238959268477632
hamp_full,repetition,lira_online_fixed_variance,tpr_at_1_fpr,8,0.045,0.029277002188455994
hamp_full,repetition,lira_online_fixed_variance,tpr_at_5_fpr,8,0.1025,0.030589447293376936
hamp_full,repetition,lira_online_fixed_variance,tpr_at_10_fpr,8,0.16249999999999998,0.02434865792722759
hamp_full,stress,lira_offline,auc,8,0.6098250000000001,0.04164845220927868
hamp_full,stress,lira_offline,tpr_at_1_fpr,8,0.057499999999999996,0.03615443067098218
hamp_full,stress,lira_offline,tpr_at_5_fpr,8,0.11875000000000001,0.02531938839252301
hamp_full,stress,lira_offline,tpr_at_10_fpr,8,0.17,0.04472135954999579
hamp_full,stress,lira_offline_density_surprise,auc,8,0.487675,0.03025797415558416
hamp_full,stress,lira_offline_density_surprise,tpr_at_1_fpr,8,0.018750000000000003,0.016420805617960926
hamp_full,stress,lira_offline_density_surprise,tpr_at_5_fpr,8,0.07625000000000001,0.026692695630078277
hamp_full,stress,lira_offline_density_surprise,tpr_at_10_fpr,8,0.12250000000000001,0.0399106144134257
hamp_full,stress,lira_offline_density_surprise_fixed_variance,auc,8,0.4877,0.043361470718336355
hamp_full,stress,lira_offline_density_surprise_fixed_variance,tpr_at_1_fpr,8,0.025,0.020701966780270628
hamp_full,stress,lira_offline_density_surprise_fixed_variance,tpr_at_5_fpr,8,0.06875,0.033990544903798506
hamp_full,stress,lira_offline_density_surprise_fixed_variance,tpr_at_10_fpr,8,0.10875,0.042573465914816006
hamp_full,stress,lira_offline_fixed_variance,auc,8,0.6164375,0.036884334169710334
hamp_full,stress,lira_offline_fixed_variance,tpr_at_1_fpr,8,0.05,0.029277002188455997
hamp_full,stress,lira_offline_fixed_variance,tpr_at_5_fpr,8,0.11375000000000002,0.0337797487937881
hamp_full,stress,lira_offline_fixed_variance,tpr_at_10_fpr,8,0.17875000000000002,0.03907410541887958
hamp_full,stress,lira_offline_one_sided_z,auc,8,0.6098250000000001,0.04164845220927868
hamp_full,stress,lira_offline_one_sided_z,tpr_at_1_fpr,8,0.057499999999999996,0.03615443067098218
hamp_full,stress,lira_offline_one_sided_z,tpr_at_5_fpr,8,0.11875000000000001,0.02531938839252301
hamp_full,stress,lira_offline_one_sided_z,tpr_at_10_fpr,8,0.17,0.04472135954999579
hamp_full,stress,lira_offline_one_sided_z_fixed_variance,auc,8,0.6164375,0.036884334169710334
hamp_full,stress,lira_offline_one_sided_z_fixed_variance,tpr_at_1_fpr,8,0.05,0.029277002188455997
hamp_full,stress,lira_offline_one_sided_z_fixed_variance,tpr_at_5_fpr,8,0.11375000000000002,0.0337797487937881
hamp_full,stress,lira_offline_one_sided_z_fixed_variance,tpr_at_10_fpr,8,0.17875000000000002,0.03907410541887958
hamp_full,stress,lira_online,auc,8,0.5882875,0.05830681012662976
hamp_full,stress,lira_online,tpr_at_1_fpr,8,0.03875000000000001,0.02748376143938713
hamp_full,stress,lira_online,tpr_at_5_fpr,8,0.11500000000000002,0.034641016151377546
hamp_full,stress,lira_online,tpr_at_10_fpr,8,0.17250000000000001,0.05522680508593631
hamp_full,stress,lira_online_fixed_variance,auc,8,0.593075,0.06103522987352701
hamp_full,stress,lira_online_fixed_variance,tpr_at_1_fpr,8,0.049999999999999996,0.034641016151377546
hamp_full,stress,lira_online_fixed_variance,tpr_at_5_fpr,8,0.10375000000000001,0.03700868623908254
hamp_full,stress,lira_online_fixed_variance,tpr_at_10_fpr,8,0.17625000000000002,0.06390562237728831
hamp_train,low,lira_offline,auc,8,0.57145,0.03256966160620736
hamp_train,low,lira_offline,tpr_at_1_fpr,8,0.065,0.048107023544236384
hamp_train,low,lira_offline,tpr_at_5_fpr,8,0.11,0.045981362684088804
hamp_train,low,lira_offline,tpr_at_10_fpr,8,0.15875,0.045806269065645215
hamp_train,low,lira_offline_density_surprise,auc,8,0.5171125000000001,0.03963884954003009
hamp_train,low,lira_offline_density_surprise,tpr_at_1_fpr,8,0.0225,0.01908627030841055
hamp_train,low,lira_offline_density_surprise,tpr_at_5_fpr,8,0.09875,0.03522884370187913
hamp_train,low,lira_offline_density_surprise,tpr_at_10_fpr,8,0.13624999999999998,0.04307385683749649
hamp_train,low,lira_offline_density_surprise_fixed_variance,auc,8,0.5121125,0.05007769499202499
hamp_train,low,lira_offline_density_surprise_fixed_variance,tpr_at_1_fpr,8,0.02125,0.019594095320493148
hamp_train,low,lira_offline_density_surprise_fixed_variance,tpr_at_5_fpr,8,0.0675,0.019820624179302294
hamp_train,low,lira_offline_density_surprise_fixed_variance,tpr_at_10_fpr,8,0.14125,0.04611708700997619
hamp_train,low,lira_offline_fixed_variance,auc,8,0.5738624999999999,0.034381013759673444
hamp_train,low,lira_offline_fixed_variance,tpr_at_1_fpr,8,0.02875,0.025319388392523005
hamp_train,low,lira_offline_fixed_variance,tpr_at_5_fpr,8,0.09125,0.03136763573220926
hamp_train,low,lira_offline_fixed_variance,tpr_at_10_fpr,8,0.175,0.052372293656638175
hamp_train,low,lira_offline_one_sided_z,auc,8,0.57145,0.03256966160620736
hamp_train,low,lira_offline_one_sided_z,tpr_at_1_fpr,8,0.065,0.048107023544236384
hamp_train,low,lira_offline_one_sided_z,tpr_at_5_fpr,8,0.11,0.045981362684088804
hamp_train,low,lira_offline_one_sided_z,tpr_at_10_fpr,8,0.15875,0.045806269065645215
hamp_train,low,lira_offline_one_sided_z_fixed_variance,auc,8,0.5738624999999999,0.034381013759673444
hamp_train,low,lira_offline_one_sided_z_fixed_variance,tpr_at_1_fpr,8,0.02875,0.025319388392523005
hamp_train,low,lira_offline_one_sided_z_fixed_variance,tpr_at_5_fpr,8,0.09125,0.03136763573220926
hamp_train,low,lira_offline_one_sided_z_fixed_variance,tpr_at_10_fpr,8,0.175,0.052372293656638175
hamp_train,low,lira_online,auc,8,0.5422625,0.03844963078031903
hamp_train,low,lira_online,tpr_at_1_fpr,8,0.045,0.0333809184158512
hamp_train,low,lira_online,tpr_at_5_fpr,8,0.08625,0.0342000417710689
hamp_train,low,lira_online,tpr_at_10_fpr,8,0.13375,0.0337797487937881
hamp_train,low,lira_online_fixed_variance,auc,8,0.5447250000000001,0.040068111652891446
hamp_train,low,lira_online_fixed_variance,tpr_at_1_fpr,8,0.041249999999999995,0.025877458475338278
hamp_train,low,lira_online_fixed_variance,tpr_at_5_fpr,8,0.115,0.06187545093630776
hamp_train,low,lira_online_fixed_variance,tpr_at_10_fpr,8,0.16875,0.06621124203206409
hamp_train,repetition,lira_offline,auc,8,0.5972,0.0376202073359518
hamp_train,repetition,lira_offline,tpr_at_1_fpr,8,0.027500000000000004,0.01752549163769328
hamp_train,repetition,lira_offline,tpr_at_5_fpr,8,0.0875,0.021876275473019364
hamp_train,repetition,lira_offline,tpr_at_10_fpr,8,0.16499999999999998,0.06654751256486924
hamp_train,repetition,lira_offline_density_surprise,auc,8,0.49615,0.04030916237567549
hamp_train,repetition,lira_offline_density_surprise,tpr_at_1_fpr,8,0.021249999999999998,0.012464234547582248
hamp_train,repetition,lira_offline_density_surprise,tpr_at_5_fpr,8,0.065,0.03207134902949093
hamp_train,repetition,lira_offline_density_surprise,tpr_at_10_fpr,8,0.11375000000000002,0.0531675249968034
hamp_train,repetition,lira_offline_density_surprise_fixed_variance,auc,8,0.49027499999999996,0.03808095699577789
hamp_train,repetition,lira_offline_density_surprise_fixed_variance,tpr_at_1_fpr,8,0.020000000000000004,0.011952286093343936
hamp_train,repetition,lira_offline_density_surprise_fixed_variance,tpr_at_5_fpr,8,0.0625,0.05035587637718448
hamp_train,repetition,lira_offline_density_surprise_fixed_variance,tpr_at_10_fpr,8,0.10375000000000001,0.045336046837556786
hamp_train,repetition,lira_offline_fixed_variance,auc,8,0.61055,0.03189563337780629
hamp_train,repetition,lira_offline_fixed_variance,tpr_at_1_fpr,8,0.045000000000000005,0.04105745103771405
hamp_train,repetition,lira_offline_fixed_variance,tpr_at_5_fpr,8,0.09125,0.045493327611231704
hamp_train,repetition,lira_offline_fixed_variance,tpr_at_10_fpr,8,0.15875,0.049117206760971255
hamp_train,repetition,lira_offline_one_sided_z,auc,8,0.5972,0.0376202073359518
hamp_train,repetition,lira_offline_one_sided_z,tpr_at_1_fpr,8,0.027500000000000004,0.01752549163769328
hamp_train,repetition,lira_offline_one_sided_z,tpr_at_5_fpr,8,0.0875,0.021876275473019364
hamp_train,repetition,lira_offline_one_sided_z,tpr_at_10_fpr,8,0.16499999999999998,0.06654751256486924
hamp_train,repetition,lira_offline_one_sided_z_fixed_variance,auc,8,0.61055,0.03189563337780629
hamp_train,repetition,lira_offline_one_sided_z_fixed_variance,tpr_at_1_fpr,8,0.045000000000000005,0.04105745103771405
hamp_train,repetition,lira_offline_one_sided_z_fixed_variance,tpr_at_5_fpr,8,0.09125,0.045493327611231704
hamp_train,repetition,lira_offline_one_sided_z_fixed_variance,tpr_at_10_fpr,8,0.15875,0.049117206760971255
hamp_train,repetition,lira_online,auc,8,0.614175,0.016568537309353194
hamp_train,repetition,lira_online,tpr_at_1_fpr,8,0.02625,0.014078859531733587
hamp_train,repetition,lira_online,tpr_at_5_fpr,8,0.0925,0.04832922806867792
hamp_train,repetition,lira_online,tpr_at_10_fpr,8,0.165,0.03779644730092273
hamp_train,repetition,lira_online_fixed_variance,auc,8,0.6175375,0.014702569017497813
hamp_train,repetition,lira_online_fixed_variance,tpr_at_1_fpr,8,0.05,0.025071326821120354
hamp_train,repetition,lira_online_fixed_variance,tpr_at_5_fpr,8,0.11875,0.03681517544243329
hamp_train,repetition,lira_online_fixed_variance,tpr_at_10_fpr,8,0.18375,0.03925648263117098
hamp_train,stress,lira_offline,auc,8,0.6165749999999999,0.048158718243503366
hamp_train,stress,lira_offline,tpr_at_1_fpr,8,0.04375,0.028252686345094438
hamp_train,stress,lira_offline,tpr_at_5_fpr,8,0.11250000000000002,0.05873670062235366
hamp_train,stress,lira_offline,tpr_at_10_fpr,8,0.16875,0.057678295001549015
hamp_train,stress,lira_offline_density_surprise,auc,8,0.4893,0.03778431269342194
hamp_train,stress,lira_offline_density_surprise,tpr_at_1_fpr,8,0.025,0.017728105208558366
hamp_train,stress,lira_offline_density_surprise,tpr_at_5_fpr,8,0.06625,0.025035688811888404
hamp_train,stress,lira_offline_density_surprise,tpr_at_10_fpr,8,0.10250000000000001,0.021213203435596427
hamp_train,stress,lira_offline_density_surprise_fixed_variance,auc,8,0.4876125,0.048767156321793945
hamp_train,stress,lira_offline_density_surprise_fixed_variance,tpr_at_1_fpr,8,0.02125,0.013562026818605376
hamp_train,stress,lira_offline_density_surprise_fixed_variance,tpr_at_5_fpr,8,0.06,0.03854496446637726
hamp_train,stress,lira_offline_density_surprise_fixed_variance,tpr_at_10_fpr,8,0.11625,0.04103569874424671
hamp_train,stress,lira_offline_fixed_variance,auc,8,0.6173500000000001,0.04781730111282196
hamp_train,stress,lira_offline_fixed_variance,tpr_at_1_fpr,8,0.0425,0.01388730149658827
hamp_train,stress,lira_offline_fixed_variance,tpr_at_5_fpr,8,0.10875,0.04223657859520076
hamp_train,stress,lira_offline_fixed_variance,tpr_at_10_fpr,8,0.16875,0.04823676724538777
hamp_train,stress,lira_offline_one_sided_z,auc,8,0.6165749999999999,0.048158718243503366
hamp_train,stress,lira_offline_one_sided_z,tpr_at_1_fpr,8,0.04375,0.028252686345094438
hamp_train,stress,lira_offline_one_sided_z,tpr_at_5_fpr,8,0.11250000000000002,0.05873670062235366
hamp_train,stress,lira_offline_one_sided_z,tpr_at_10_fpr,8,0.16875,0.057678295001549015
hamp_train,stress,lira_offline_one_sided_z_fixed_variance,auc,8,0.6173500000000001,0.04781730111282196
hamp_train,stress,lira_offline_one_sided_z_fixed_variance,tpr_at_1_fpr,8,0.0425,0.01388730149658827
hamp_train,stress,lira_offline_one_sided_z_fixed_variance,tpr_at_5_fpr,8,0.10875,0.04223657859520076
hamp_train,stress,lira_offline_one_sided_z_fixed_variance,tpr_at_10_fpr,8,0.16875,0.04823676724538777
hamp_train,stress,lira_online,auc,8,0.6111624999999999,0.06347980415623763
hamp_train,stress,lira_online,tpr_at_1_fpr,8,0.04875,0.04673252156077791
hamp_train,stress,lira_online,tpr_at_5_fpr,8,0.10625000000000001,0.058294204563698146
hamp_train,stress,lira_online,tpr_at_10_fpr,8,0.17375000000000002,0.07170126518110702
hamp_train,stress,lira_online_fixed_variance,auc,8,0.6238375,0.05575051409115947
hamp_train,stress,lira_online_fixed_variance,tpr_at_1_fpr,8,0.05625,0.03113908889391045
hamp_train,stress,lira_online_fixed_variance,tpr_at_5_fpr,8,0.1275,0.05203021100421233
hamp_train,stress,lira_online_fixed_variance,tpr_at_10_fpr,8,0.18375,0.07633338531917548
l2,low,lira_offline,auc,8,0.55025,0.050029991005395964
l2,low,lira_offline,tpr_at_1_fpr,8,0.0375,0.03845219666769935
l2,low,lira_offline,tpr_at_5_fpr,8,0.09625,0.0550162313711664
l2,low,lira_offline,tpr_at_10_fpr,8,0.15625,0.07595816517756901
l2,low,lira_offline_density_surprise,auc,8,0.533875,0.052308419152997866
l2,low,lira_offline_density_surprise,tpr_at_1_fpr,8,0.028750000000000005,0.02167124493754009
l2,low,lira_offline_density_surprise,tpr_at_5_fpr,8,0.07125000000000001,0.04793969425970805
l2,low,lira_offline_density_surprise,tpr_at_10_fpr,8,0.1325,0.059221135223354655
l2,low,lira_offline_density_surprise_fixed_variance,auc,8,0.5216375,0.0517854071419463
l2,low,lira_offline_density_surprise_fixed_variance,tpr_at_1_fpr,8,0.0175,0.01752549163769328
l2,low,lira_offline_density_surprise_fixed_variance,tpr_at_5_fpr,8,0.06875,0.04454131308603925
l2,low,lira_offline_density_surprise_fixed_variance,tpr_at_10_fpr,8,0.12875,0.06010407640085653
l2,low,lira_offline_fixed_variance,auc,8,0.5524,0.04489829777237819
l2,low,lira_offline_fixed_variance,tpr_at_1_fpr,8,0.021249999999999998,0.01807721533549109
l2,low,lira_offline_fixed_variance,tpr_at_5_fpr,8,0.09625,0.049551560448255746
l2,low,lira_offline_fixed_variance,tpr_at_10_fpr,8,0.1575,0.0622781777878209
l2,low,lira_offline_one_sided_z,auc,8,0.55025,0.050029991005395964
l2,low,lira_offline_one_sided_z,tpr_at_1_fpr,8,0.0375,0.03845219666769935
l2,low,lira_offline_one_sided_z,tpr_at_5_fpr,8,0.09625,0.0550162313711664
l2,low,lira_offline_one_sided_z,tpr_at_10_fpr,8,0.15625,0.07595816517756901
l2,low,lira_offline_one_sided_z_fixed_variance,auc,8,0.5524,0.04489829777237819
l2,low,lira_offline_one_sided_z_fixed_variance,tpr_at_1_fpr,8,0.021249999999999998,0.01807721533549109
l2,low,lira_offline_one_sided_z_fixed_variance,tpr_at_5_fpr,8,0.09625,0.049551560448255746
l2,low,lira_offline_one_sided_z_fixed_variance,tpr_at_10_fpr,8,0.1575,0.0622781777878209
l2,low,lira_online,auc,8,0.5339625,0.05209359536998217
l2,low,lira_online,tpr_at_1_fpr,8,0.03375,0.04749060057376767
l2,low,lira_online,tpr_at_5_fpr,8,0.07500000000000001,0.049280538030458114
l2,low,lira_online,tpr_at_10_fpr,8,0.14250000000000002,0.07977647343851266
l2,low,lira_online_fixed_variance,auc,8,0.5353749999999999,0.0527386751553626
l2,low,lira_online_fixed_variance,tpr_at_1_fpr,8,0.018750000000000003,0.017268882005337972
l2,low,lira_online_fixed_variance,tpr_at_5_fpr,8,0.0825,0.04097037257057139
l2,low,lira_online_fixed_variance,tpr_at_10_fpr,8,0.14375,0.06717514421272203
l2,repetition,lira_offline,auc,8,0.5730375,0.03560637733809571
l2,repetition,lira_offline,tpr_at_1_fpr,8,0.03125000000000001,0.021671244937540093
l2,repetition,lira_offline,tpr_at_5_fpr,8,0.07500000000000001,0.03070597894314954
l2,repetition,lira_offline,tpr_at_10_fpr,8,0.13624999999999998,0.04307385683749649
l2,repetition,lira_offline_density_surprise,auc,8,0.5062249999999999,0.03627229363735199
l2,repetition,lira_offline_density_surprise,tpr_at_1_fpr,8,0.0275,0.02314550249431379
l2,repetition,lira_offline_density_surprise,tpr_at_5_fpr,8,0.06875,0.02997022331772464
l2,repetition,lira_offline_density_surprise,tpr_at_10_fpr,8,0.11,0.038172540616821106
l2,repetition,lira_offline_density_surprise_fixed_variance,auc,8,0.5023,0.038348700853390816
l2,repetition,lira_offline_density_surprise_fixed_variance,tpr_at_1_fpr,8,0.026250000000000002,0.011877349391654208
l2,repetition,lira_offline_density_surprise_fixed_variance,tpr_at_5_fpr,8,0.0675,0.038821937833431984
l2,repetition,lira_offline_density_surprise_fixed_variance,tpr_at_10_fpr,8,0.115,0.038172540616821106
l2,repetition,lira_offline_fixed_variance,auc,8,0.5835375,0.030115583887036633
l2,repetition,lira_offline_fixed_variance,tpr_at_1_fpr,8,0.05500000000000001,0.028784916685156977
l2,repetition,lira_offline_fixed_variance,tpr_at_5_fpr,8,0.09375,0.03925648263117098
l2,repetition,lira_offline_fixed_variance,tpr_at_10_fpr,8,0.16125,0.03181980515339464
l2,repetition,lira_offline_one_sided_z,auc,8,0.5730375,0.03560637733809571
l2,repetition,lira_offline_one_sided_z,tpr_at_1_fpr,8,0.03125000000000001,0.021671244937540093
l2,repetition,lira_offline_one_sided_z,tpr_at_5_fpr,8,0.07500000000000001,0.03070597894314954
l2,repetition,lira_offline_one_sided_z,tpr_at_10_fpr,8,0.13624999999999998,0.04307385683749649
l2,repetition,lira_offline_one_sided_z_fixed_variance,auc,8,0.5835375,0.030115583887036633
l2,repetition,lira_offline_one_sided_z_fixed_variance,tpr_at_1_fpr,8,0.05500000000000001,0.028784916685156977
l2,repetition,lira_offline_one_sided_z_fixed_variance,tpr_at_5_fpr,8,0.09375,0.03925648263117098
l2,repetition,lira_offline_one_sided_z_fixed_variance,tpr_at_10_fpr,8,0.16125,0.03181980515339464
l2,repetition,lira_online,auc,8,0.5456375,0.027958639732903436
l2,repetition,lira_online,tpr_at_1_fpr,8,0.0225,0.016690459207925605
l2,repetition,lira_online,tpr_at_5_fpr,8,0.0775,0.023754698783308416
l2,repetition,lira_online,tpr_at_10_fpr,8,0.13625,0.03700868623908254
l2,repetition,lira_online_fixed_variance,auc,8,0.5508,0.02121360749276612
l2,repetition,lira_online_fixed_variance,tpr_at_1_fpr,8,0.036250000000000004,0.01407885953173359
l2,repetition,lira_online_fixed_variance,tpr_at_5_fpr,8,0.07250000000000001,0.016690459207925605
l2,repetition,lira_online_fixed_variance,tpr_at_10_fpr,8,0.1275,0.03654742515847438
l2,stress,lira_offline,auc,8,0.5814499999999999,0.03455186577554717
l2,stress,lira_offline,tpr_at_1_fpr,8,0.021249999999999998,0.011259916264596033
l2,stress,lira_offline,tpr_at_5_fpr,8,0.09125,0.0467325215607779
l2,stress,lira_offline,tpr_at_10_fpr,8,0.16375,0.06254998001598402
l2,stress,lira_offline_density_surprise,auc,8,0.50685,0.059262322407604484
l2,stress,lira_offline_density_surprise,tpr_at_1_fpr,8,0.015,0.014142135623730952
l2,stress,lira_offline_density_surprise,tpr_at_5_fpr,8,0.07,0.038172540616821106
l2,stress,lira_offline_density_surprise,tpr_at_10_fpr,8,0.1275,0.040970372570571394
l2,stress,lira_offline_density_surprise_fixed_variance,auc,8,0.5075000000000001,0.050877977273360346
l2,stress,lira_offline_density_surprise_fixed_variance,tpr_at_1_fpr,8,0.018750000000000003,0.017268882005337972
l2,stress,lira_offline_density_surprise_fixed_variance,tpr_at_5_fpr,8,0.08,0.038172540616821106
l2,stress,lira_offline_density_surprise_fixed_variance,tpr_at_10_fpr,8,0.1375,0.03453776401067595
l2,stress,lira_offline_fixed_variance,auc,8,0.5821625,0.031255350970445274
l2,stress,lira_offline_fixed_variance,tpr_at_1_fpr,8,0.027499999999999997,0.03105295017040594
l2,stress,lira_offline_fixed_variance,tpr_at_5_fpr,8,0.11,0.038544964466377264
l2,stress,lira_offline_fixed_variance,tpr_at_10_fpr,8,0.16375,0.035431019500674024
l2,stress,lira_offline_one_sided_z,auc,8,0.5814499999999999,0.03455186577554717
l2,stress,lira_offline_one_sided_z,tpr_at_1_fpr,8,0.021249999999999998,0.011259916264596033
l2,stress,lira_offline_one_sided_z,tpr_at_5_fpr,8,0.09125,0.0467325215607779
l2,stress,lira_offline_one_sided_z,tpr_at_10_fpr,8,0.16375,0.06254998001598402
l2,stress,lira_offline_one_sided_z_fixed_variance,auc,8,0.5821625,0.031255350970445274
l2,stress,lira_offline_one_sided_z_fixed_variance,tpr_at_1_fpr,8,0.027499999999999997,0.03105295017040594
l2,stress,lira_offline_one_sided_z_fixed_variance,tpr_at_5_fpr,8,0.11,0.038544964466377264
l2,stress,lira_offline_one_sided_z_fixed_variance,tpr_at_10_fpr,8,0.16375,0.035431019500674024
l2,stress,lira_online,auc,8,0.5582125,0.06426886465689054
l2,stress,lira_online,tpr_at_1_fpr,8,0.035,0.03779644730092272
l2,stress,lira_online,tpr_at_5_fpr,8,0.08499999999999999,0.045981362684088804
l2,stress,lira_online,tpr_at_10_fpr,8,0.14250000000000002,0.06273527146441853
l2,stress,lira_online_fixed_variance,auc,8,0.5681,0.045389394607740066
l2,stress,lira_online_fixed_variance,tpr_at_1_fpr,8,0.03375,0.017677669529663688
l2,stress,lira_online_fixed_variance,tpr_at_5_fpr,8,0.1,0.047809144373375745
l2,stress,lira_online_fixed_variance,tpr_at_10_fpr,8,0.14375,0.05396758286230726
lattice_round,low,lira_offline,auc,8,0.55255,0.046814436112928126
lattice_round,low,lira_offline,tpr_at_1_fpr,8,0.035,0.03664501525251617
lattice_round,low,lira_offline,tpr_at_5_fpr,8,0.07500000000000001,0.04140393356054126
lattice_round,low,lira_offline,tpr_at_10_fpr,8,0.14500000000000002,0.05682051943243241
lattice_round,low,lira_offline_density_surprise,auc,8,0.4911875,0.027177114190330903
lattice_round,low,lira_offline_density_surprise,tpr_at_1_fpr,8,0.02125,0.02997022331772464
lattice_round,low,lira_offline_density_surprise,tpr_at_5_fpr,8,0.06875,0.03833592123769634
lattice_round,low,lira_offline_density_surprise,tpr_at_10_fpr,8,0.12125,0.03313931631332013
lattice_round,low,lira_offline_density_surprise_fixed_variance,auc,8,0.49528750000000005,0.02799338888788869
lattice_round,low,lira_offline_density_surprise_fixed_variance,tpr_at_1_fpr,8,0.025,0.01851640199545103
lattice_round,low,lira_offline_density_surprise_fixed_variance,tpr_at_5_fpr,8,0.061250000000000006,0.02587745847533828
lattice_round,low,lira_offline_density_surprise_fixed_variance,tpr_at_10_fpr,8,0.1125,0.02712405363721075
lattice_round,low,lira_offline_fixed_variance,auc,8,0.550225,0.039378375138791936
lattice_round,low,lira_offline_fixed_variance,tpr_at_1_fpr,8,0.02,0.010690449676496976
lattice_round,low,lira_offline_fixed_variance,tpr_at_5_fpr,8,0.0675,0.026592157812837545
lattice_round,low,lira_offline_fixed_variance,tpr_at_10_fpr,8,0.11875000000000001,0.033139316313320136
lattice_round,low,lira_offline_one_sided_z,auc,8,0.55255,0.046814436112928126
lattice_round,low,lira_offline_one_sided_z,tpr_at_1_fpr,8,0.035,0.03664501525251617
lattice_round,low,lira_offline_one_sided_z,tpr_at_5_fpr,8,0.07500000000000001,0.04140393356054126
lattice_round,low,lira_offline_one_sided_z,tpr_at_10_fpr,8,0.14500000000000002,0.05682051943243241
lattice_round,low,lira_offline_one_sided_z_fixed_variance,auc,8,0.550225,0.039378375138791936
lattice_round,low,lira_offline_one_sided_z_fixed_variance,tpr_at_1_fpr,8,0.02,0.010690449676496976
lattice_round,low,lira_offline_one_sided_z_fixed_variance,tpr_at_5_fpr,8,0.0675,0.026592157812837545
lattice_round,low,lira_offline_one_sided_z_fixed_variance,tpr_at_10_fpr,8,0.11875000000000001,0.033139316313320136
lattice_round,low,lira_online,auc,8,0.525525,0.04088222631622977
lattice_round,low,lira_online,tpr_at_1_fpr,8,0.035,0.03422613871631697
lattice_round,low,lira_online,tpr_at_5_fpr,8,0.060000000000000005,0.03207134902949093
lattice_round,low,lira_online,tpr_at_10_fpr,8,0.13,0.0552914356581818
lattice_round,low,lira_online_fixed_variance,auc,8,0.5360375,0.032180869982912884
lattice_round,low,lira_online_fixed_variance,tpr_at_1_fpr,8,0.03625,0.020658792662827958
lattice_round,low,lira_online_fixed_variance,tpr_at_5_fpr,8,0.07875,0.03681517544243328
lattice_round,low,lira_online_fixed_variance,tpr_at_10_fpr,8,0.13874999999999998,0.03313931631332013
lattice_round,repetition,lira_offline,auc,8,0.5880375,0.04307866351223075
lattice_round,repetition,lira_offline,tpr_at_1_fpr,8,0.039999999999999994,0.029760952365713796
lattice_round,repetition,lira_offline,tpr_at_5_fpr,8,0.10875,0.049117206760971255
lattice_round,repetition,lira_offline,tpr_at_10_fpr,8,0.17625000000000002,0.06501373481262028
lattice_round,repetition,lira_offline_density_surprise,auc,8,0.517725,0.03834265621620763
lattice_round,repetition,lira_offline_density_surprise,tpr_at_1_fpr,8,0.025,0.019272482233188632
lattice_round,repetition,lira_offline_density_surprise,tpr_at_5_fpr,8,0.07625,0.03335416016031584
lattice_round,repetition,lira_offline_density_surprise,tpr_at_10_fpr,8,0.11750000000000001,0.03370036032024415
lattice_round,repetition,lira_offline_density_surprise_fixed_variance,auc,8,0.51415,0.04467699951557049
lattice_round,repetition,lira_offline_density_surprise_fixed_variance,tpr_at_1_fpr,8,0.037500000000000006,0.025495097567963927
lattice_round,repetition,lira_offline_density_surprise_fixed_variance,tpr_at_5_fpr,8,0.08249999999999999,0.038078865529319536
lattice_round,repetition,lira_offline_density_surprise_fixed_variance,tpr_at_10_fpr,8,0.12,0.047809144373375745
lattice_round,repetition,lira_offline_fixed_variance,auc,8,0.5893125,0.0477433447119671
lattice_round,repetition,lira_offline_fixed_variance,tpr_at_1_fpr,8,0.052500000000000005,0.03327375628243462
lattice_round,repetition,lira_offline_fixed_variance,tpr_at_5_fpr,8,0.10375000000000001,0.048678977568791006
lattice_round,repetition,lira_offline_fixed_variance,tpr_at_10_fpr,8,0.15749999999999997,0.057008771254956896
lattice_round,repetition,lira_offline_one_sided_z,auc,8,0.5880375,0.04307866351223075
lattice_round,repetition,lira_offline_one_sided_z,tpr_at_1_fpr,8,0.039999999999999994,0.029760952365713796
lattice_round,repetition,lira_offline_one_sided_z,tpr_at_5_fpr,8,0.10875,0.049117206760971255
lattice_round,repetition,lira_offline_one_sided_z,tpr_at_10_fpr,8,0.17625000000000002,0.06501373481262028
lattice_round,repetition,lira_offline_one_sided_z_fixed_variance,auc,8,0.5893125,0.0477433447119671
lattice_round,repetition,lira_offline_one_sided_z_fixed_variance,tpr_at_1_fpr,8,0.052500000000000005,0.03327375628243462
lattice_round,repetition,lira_offline_one_sided_z_fixed_variance,tpr_at_5_fpr,8,0.10375000000000001,0.048678977568791006
lattice_round,repetition,lira_offline_one_sided_z_fixed_variance,tpr_at_10_fpr,8,0.15749999999999997,0.057008771254956896
lattice_round,repetition,lira_online,auc,8,0.5718375,0.03835525434297478
lattice_round,repetition,lira_online,tpr_at_1_fpr,8,0.0325,0.0249284690951645
lattice_round,repetition,lira_online,tpr_at_5_fpr,8,0.08,0.026186146828319087
lattice_round,repetition,lira_online,tpr_at_10_fpr,8,0.14375,0.0550162313711664
lattice_round,repetition,lira_online_fixed_variance,auc,8,0.5710375,0.04022923377346381
lattice_round,repetition,lira_online_fixed_variance,tpr_at_1_fpr,8,0.046250000000000006,0.03925648263117098
lattice_round,repetition,lira_online_fixed_variance,tpr_at_5_fpr,8,0.10500000000000001,0.0531843156256751
lattice_round,repetition,lira_online_fixed_variance,tpr_at_10_fpr,8,0.14375,0.048678977568791
lattice_round,stress,lira_offline,auc,8,0.6138874999999999,0.03560467214525968
lattice_round,stress,lira_offline,tpr_at_1_fpr,8,0.036250000000000004,0.036620642110310256
lattice_round,stress,lira_offline,tpr_at_5_fpr,8,0.1175,0.03807886552931954
lattice_round,stress,lira_offline,tpr_at_10_fpr,8,0.175,0.04503966505838413
lattice_round,stress,lira_offline_density_surprise,auc,8,0.49728750000000005,0.044732105360691436
lattice_round,stress,lira_offline_density_surprise,tpr_at_1_fpr,8,0.03125,0.03603074084326169
lattice_round,stress,lira_offline_density_surprise,tpr_at_5_fpr,8,0.07874999999999999,0.045493327611231704
lattice_round,stress,lira_offline_density_surprise,tpr_at_10_fpr,8,0.13874999999999998,0.057180790980388314
lattice_round,stress,lira_offline_density_surprise_fixed_variance,auc,8,0.5124625,0.05917977302858033
lattice_round,stress,lira_offline_density_surprise_fixed_variance,tpr_at_1_fpr,8,0.0375,0.04301162633521313
lattice_round,stress,lira_offline_density_surprise_fixed_variance,tpr_at_5_fpr,8,0.08875,0.04940720016932176
lattice_round,stress,lira_offline_density_surprise_fixed_variance,tpr_at_10_fpr,8,0.15750000000000003,0.05230405611149374
lattice_round,stress,lira_offline_fixed_variance,auc,8,0.620975,0.0350415977293926
lattice_round,stress,lira_offline_fixed_variance,tpr_at_1_fpr,8,0.05,0.04750939756661683
lattice_round,stress,lira_offline_fixed_variance,tpr_at_5_fpr,8,0.14375000000000002,0.0531675249968034
lattice_round,stress,lira_offline_fixed_variance,tpr_at_10_fpr,8,0.21500000000000002,0.02563479777846623
lattice_round,stress,lira_offline_one_sided_z,auc,8,0.6138874999999999,0.03560467214525968
lattice_round,stress,lira_offline_one_sided_z,tpr_at_1_fpr,8,0.036250000000000004,0.036620642110310256
lattice_round,stress,lira_offline_one_sided_z,tpr_at_5_fpr,8,0.1175,0.03807886552931954
lattice_round,stress,lira_offline_one_sided_z,tpr_at_10_fpr,8,0.175,0.04503966505838413
lattice_round,stress,lira_offline_one_sided_z_fixed_variance,auc,8,0.620975,0.0350415977293926
lattice_round,stress,lira_offline_one_sided_z_fixed_variance,tpr_at_1_fpr,8,0.05,0.04750939756661683
lattice_round,stress,lira_offline_one_sided_z_fixed_variance,tpr_at_5_fpr,8,0.14375000000000002,0.0531675249968034
lattice_round,stress,lira_offline_one_sided_z_fixed_variance,tpr_at_10_fpr,8,0.21500000000000002,0.02563479777846623
lattice_round,stress,lira_online,auc,8,0.5814125,0.05896077237088595
lattice_round,stress,lira_online,tpr_at_1_fpr,8,0.03375,0.03852179346069665
lattice_round,stress,lira_online,tpr_at_5_fpr,8,0.10500000000000001,0.03505098327538657
lattice_round,stress,lira_online,tpr_at_10_fpr,8,0.15375,0.04565006649971686
lattice_round,stress,lira_online_fixed_variance,auc,8,0.6007875,0.04702550789579143
lattice_round,stress,lira_online_fixed_variance,tpr_at_1_fpr,8,0.057499999999999996,0.048032726938441225
lattice_round,stress,lira_online_fixed_variance,tpr_at_5_fpr,8,0.10999999999999999,0.04407785320154718
lattice_round,stress,lira_online_fixed_variance,tpr_at_10_fpr,8,0.16375,0.0686476510887299
logitguard_continuous,low,lira_offline,auc,8,0.5362125,0.028020168119206074
logitguard_continuous,low,lira_offline,tpr_at_1_fpr,8,0.021249999999999998,0.020310096011589895
logitguard_continuous,low,lira_offline,tpr_at_5_fpr,8,0.061250000000000006,0.04733995594179856
logitguard_continuous,low,lira_offline,tpr_at_10_fpr,8,0.11625,0.05262739645035518
logitguard_continuous,low,lira_offline_density_surprise,auc,8,0.48445000000000005,0.04749023959870973
logitguard_continuous,low,lira_offline_density_surprise,tpr_at_1_fpr,8,0.01125,0.0064086994446165575
logitguard_continuous,low,lira_offline_density_surprise,tpr_at_5_fpr,8,0.052500000000000005,0.026049403612586383
logitguard_continuous,low,lira_offline_density_surprise,tpr_at_10_fpr,8,0.09375,0.019955307206712847
logitguard_continuous,low,lira_offline_density_surprise_fixed_variance,auc,8,0.494,0.04652906925476037
logitguard_continuous,low,lira_offline_density_surprise_fixed_variance,tpr_at_1_fpr,8,0.02375,0.01767766952966369
logitguard_continuous,low,lira_offline_density_surprise_fixed_variance,tpr_at_5_fpr,8,0.0625,0.021876275473019364
logitguard_continuous,low,lira_offline_density_surprise_fixed_variance,tpr_at_10_fpr,8,0.12125,0.040155946010522525
logitguard_continuous,low,lira_offline_fixed_variance,auc,8,0.540325,0.024772205046324474
logitguard_continuous,low,lira_offline_fixed_variance,tpr_at_1_fpr,8,0.025,0.014142135623730952
logitguard_continuous,low,lira_offline_fixed_variance,tpr_at_5_fpr,8,0.07375000000000001,0.031594529363709246
logitguard_continuous,low,lira_offline_fixed_variance,tpr_at_10_fpr,8,0.11000000000000001,0.03295017884191656
logitguard_continuous,low,lira_offline_one_sided_z,auc,8,0.5362125,0.028020168119206074
logitguard_continuous,low,lira_offline_one_sided_z,tpr_at_1_fpr,8,0.021249999999999998,0.020310096011589895
logitguard_continuous,low,lira_offline_one_sided_z,tpr_at_5_fpr,8,0.061250000000000006,0.04733995594179856
logitguard_continuous,low,lira_offline_one_sided_z,tpr_at_10_fpr,8,0.11625,0.05262739645035518
logitguard_continuous,low,lira_offline_one_sided_z_fixed_variance,auc,8,0.540325,0.024772205046324474
logitguard_continuous,low,lira_offline_one_sided_z_fixed_variance,tpr_at_1_fpr,8,0.025,0.014142135623730952
logitguard_continuous,low,lira_offline_one_sided_z_fixed_variance,tpr_at_5_fpr,8,0.07375000000000001,0.031594529363709246
logitguard_continuous,low,lira_offline_one_sided_z_fixed_variance,tpr_at_10_fpr,8,0.11000000000000001,0.03295017884191656
logitguard_continuous,low,lira_online,auc,8,0.5017624999999999,0.06315821262059726
logitguard_continuous,low,lira_online,tpr_at_1_fpr,8,0.0175,0.01164964745021435
logitguard_continuous,low,lira_online,tpr_at_5_fpr,8,0.056249999999999994,0.02445841952609133
logitguard_continuous,low,lira_online,tpr_at_10_fpr,8,0.10125,0.03681517544243329
logitguard_continuous,low,lira_online_fixed_variance,auc,8,0.526575,0.053400769122337044
logitguard_continuous,low,lira_online_fixed_variance,tpr_at_1_fpr,8,0.0275,0.021876275473019364
logitguard_continuous,low,lira_online_fixed_variance,tpr_at_5_fpr,8,0.08374999999999999,0.036228441865473596
logitguard_continuous,low,lira_online_fixed_variance,tpr_at_10_fpr,8,0.13375,0.047790465277381136
logitguard_continuous,repetition,lira_offline,auc,8,0.5837375,0.033435350731993656
logitguard_continuous,repetition,lira_offline,tpr_at_1_fpr,8,0.0475,0.036547425158474374
logitguard_continuous,repetition,lira_offline,tpr_at_5_fpr,8,0.11250000000000002,0.0455913525635227
logitguard_continuous,repetition,lira_offline,tpr_at_10_fpr,8,0.19,0.04309458036856673
logitguard_continuous,repetition,lira_offline_density_surprise,auc,8,0.505425,0.05070730434844388
logitguard_continuous,repetition,lira_offline_density_surprise,tpr_at_1_fpr,8,0.013750000000000002,0.010606601717798213
logitguard_continuous,repetition,lira_offline_density_surprise,tpr_at_5_fpr,8,0.057499999999999996,0.028157719063467177
logitguard_continuous,repetition,lira_offline_density_surprise,tpr_at_10_fpr,8,0.1175,0.03058944729337694
logitguard_continuous,repetition,lira_offline_density_surprise_fixed_variance,auc,8,0.5080375,0.05454190885391317
logitguard_continuous,repetition,lira_offline_density_surprise_fixed_variance,tpr_at_1_fpr,8,0.0225,0.0158113883008419
logitguard_continuous,repetition,lira_offline_density_surprise_fixed_variance,tpr_at_5_fpr,8,0.07125000000000001,0.02748376143938713
logitguard_continuous,repetition,lira_offline_density_surprise_fixed_variance,tpr_at_10_fpr,8,0.13375,0.04373213921133975
logitguard_continuous,repetition,lira_offline_fixed_variance,auc,8,0.5867249999999999,0.035620770425613846
logitguard_continuous,repetition,lira_offline_fixed_variance,tpr_at_1_fpr,8,0.06375,0.028753881725529062
logitguard_continuous,repetition,lira_offline_fixed_variance,tpr_at_5_fpr,8,0.12125000000000001,0.05667892024377317
logitguard_continuous,repetition,lira_offline_fixed_variance,tpr_at_10_fpr,8,0.185,0.051823877563477304
logitguard_continuous,repetition,lira_offline_one_sided_z,auc,8,0.5837375,0.033435350731993656
logitguard_continuous,repetition,lira_offline_one_sided_z,tpr_at_1_fpr,8,0.0475,0.036547425158474374
logitguard_continuous,repetition,lira_offline_one_sided_z,tpr_at_5_fpr,8,0.11250000000000002,0.0455913525635227
logitguard_continuous,repetition,lira_offline_one_sided_z,tpr_at_10_fpr,8,0.19,0.04309458036856673
logitguard_continuous,repetition,lira_offline_one_sided_z_fixed_variance,auc,8,0.5867249999999999,0.035620770425613846
logitguard_continuous,repetition,lira_offline_one_sided_z_fixed_variance,tpr_at_1_fpr,8,0.06375,0.028753881725529062
logitguard_continuous,repetition,lira_offline_one_sided_z_fixed_variance,tpr_at_5_fpr,8,0.12125000000000001,0.05667892024377317
logitguard_continuous,repetition,lira_offline_one_sided_z_fixed_variance,tpr_at_10_fpr,8,0.185,0.051823877563477304
logitguard_continuous,repetition,lira_online,auc,8,0.5472750000000001,0.0289361242344977
logitguard_continuous,repetition,lira_online,tpr_at_1_fpr,8,0.02125,0.016420805617960926
logitguard_continuous,repetition,lira_online,tpr_at_5_fpr,8,0.07125000000000001,0.03642506985972318
logitguard_continuous,repetition,lira_online,tpr_at_10_fpr,8,0.14500000000000002,0.035856858280031816
logitguard_continuous,repetition,lira_online_fixed_variance,auc,8,0.5612375000000001,0.028274872110358756
logitguard_continuous,repetition,lira_online_fixed_variance,tpr_at_1_fpr,8,0.04625,0.022638462845343536
logitguard_continuous,repetition,lira_online_fixed_variance,tpr_at_5_fpr,8,0.115,0.050990195135927854
logitguard_continuous,repetition,lira_online_fixed_variance,tpr_at_10_fpr,8,0.16125,0.03833592123769634
logitguard_continuous,stress,lira_offline,auc,8,0.603225,0.04572985114467667
logitguard_continuous,stress,lira_offline,tpr_at_1_fpr,8,0.035,0.019272482233188632
logitguard_continuous,stress,lira_offline,tpr_at_5_fpr,8,0.10250000000000001,0.04527692569068708
logitguard_continuous,stress,lira_offline,tpr_at_10_fpr,8,0.1725,0.07304597378168277
logitguard_continuous,stress,lira_offline_density_surprise,auc,8,0.5051375,0.05022440890642721
logitguard_continuous,stress,lira_offline_density_surprise,tpr_at_1_fpr,8,0.021249999999999998,0.011259916264596033
logitguard_continuous,stress,lira_offline_density_surprise,tpr_at_5_fpr,8,0.05500000000000001,0.020701966780270628
logitguard_continuous,stress,lira_offline_density_surprise,tpr_at_10_fpr,8,0.115,0.07502380574571933
logitguard_continuous,stress,lira_offline_density_surprise_fixed_variance,auc,8,0.5189,0.0525926121916649
logitguard_continuous,stress,lira_offline_density_surprise_fixed_variance,tpr_at_1_fpr,8,0.01875,0.014577379737113252
logitguard_continuous,stress,lira_offline_density_surprise_fixed_variance,tpr_at_5_fpr,8,0.0725,0.04832922806867792
logitguard_continuous,stress,lira_offline_density_surprise_fixed_variance,tpr_at_10_fpr,8,0.14375000000000002,0.0544944295973713
logitguard_continuous,stress,lira_offline_fixed_variance,auc,8,0.609575,0.03891297066164812
logitguard_continuous,stress,lira_offline_fixed_variance,tpr_at_1_fpr,8,0.026250000000000002,0.019226098333849678
logitguard_continuous,stress,lira_offline_fixed_variance,tpr_at_5_fpr,8,0.11750000000000001,0.041317585325655916
logitguard_continuous,stress,lira_offline_fixed_variance,tpr_at_10_fpr,8,0.19125,0.05356904756613522
logitguard_continuous,stress,lira_offline_one_sided_z,auc,8,0.603225,0.04572985114467667
logitguard_continuous,stress,lira_offline_one_sided_z,tpr_at_1_fpr,8,0.035,0.019272482233188632
logitguard_continuous,stress,lira_offline_one_sided_z,tpr_at_5_fpr,8,0.10250000000000001,0.04527692569068708
logitguard_continuous,stress,lira_offline_one_sided_z,tpr_at_10_fpr,8,0.1725,0.07304597378168277
logitguard_continuous,stress,lira_offline_one_sided_z_fixed_variance,auc,8,0.609575,0.03891297066164812
logitguard_continuous,stress,lira_offline_one_sided_z_fixed_variance,tpr_at_1_fpr,8,0.026250000000000002,0.019226098333849678
logitguard_continuous,stress,lira_offline_one_sided_z_fixed_variance,tpr_at_5_fpr,8,0.11750000000000001,0.041317585325655916
logitguard_continuous,stress,lira_offline_one_sided_z_fixed_variance,tpr_at_10_fpr,8,0.19125,0.05356904756613522
logitguard_continuous,stress,lira_online,auc,8,0.5748249999999999,0.05444246635538422
logitguard_continuous,stress,lira_online,tpr_at_1_fpr,8,0.025,0.022038926600773587
logitguard_continuous,stress,lira_online,tpr_at_5_fpr,8,0.08,0.04840306956027834
logitguard_continuous,stress,lira_online,tpr_at_10_fpr,8,0.15125,0.08236460751699463
logitguard_continuous,stress,lira_online_fixed_variance,auc,8,0.6012875,0.045401461194232835
logitguard_continuous,stress,lira_online_fixed_variance,tpr_at_1_fpr,8,0.03875,0.042907708265199025
logitguard_continuous,stress,lira_online_fixed_variance,tpr_at_5_fpr,8,0.11624999999999999,0.056552756658842775
logitguard_continuous,stress,lira_online_fixed_variance,tpr_at_10_fpr,8,0.17625000000000002,0.08517838424657483
logitguard_quantized,low,lira_offline,auc,8,0.5353187500000001,0.027993939873530795
logitguard_quantized,low,lira_offline,tpr_at_1_fpr,8,0.0225,0.023145502494313786
logitguard_quantized,low,lira_offline,tpr_at_5_fpr,8,0.060000000000000005,0.04720774754816659
logitguard_quantized,low,lira_offline,tpr_at_10_fpr,8,0.11499999999999999,0.0531843156256751
logitguard_quantized,low,lira_offline_density_surprise,auc,8,0.4834625,0.04571929687935784
logitguard_quantized,low,lira_offline_density_surprise,tpr_at_1_fpr,8,0.01,0.005345224838248488
logitguard_quantized,low,lira_offline_density_surprise,tpr_at_5_fpr,8,0.052500000000000005,0.026049403612586383
logitguard_quantized,low,lira_offline_density_surprise,tpr_at_10_fpr,8,0.095,0.017728105208558362
logitguard_quantized,low,lira_offline_density_surprise_fixed_variance,auc,8,0.49229375,0.0457419191731486
logitguard_quantized,low,lira_offline_density_surprise_fixed_variance,tpr_at_1_fpr,8,0.0225,0.017525491637693284
logitguard_quantized,low,lira_offline_density_surprise_fixed_variance,tpr_at_5_fpr,8,0.06,0.022677868380553634
logitguard_quantized,low,lira_offline_density_surprise_fixed_variance,tpr_at_10_fpr,8,0.1225,0.040620192023179805
logitguard_quantized,low,lira_offline_fixed_variance,auc,8,0.53905,0.025047084232928795
logitguard_quantized,low,lira_offline_fixed_variance,tpr_at_1_fpr,8,0.02375,0.015059406173077154
logitguard_quantized,low,lira_offline_fixed_variance,tpr_at_5_fpr,8,0.07375,0.02774243783705493
logitguard_quantized,low,lira_offline_fixed_variance,tpr_at_10_fpr,8,0.1125,0.031052950170405946
logitguard_quantized,low,lira_offline_one_sided_z,auc,8,0.5353187500000001,0.027993939873530795
logitguard_quantized,low,lira_offline_one_sided_z,tpr_at_1_fpr,8,0.0225,0.023145502494313786
logitguard_quantized,low,lira_offline_one_sided_z,tpr_at_5_fpr,8,0.060000000000000005,0.04720774754816659
logitguard_quantized,low,lira_offline_one_sided_z,tpr_at_10_fpr,8,0.11499999999999999,0.0531843156256751
logitguard_quantized,low,lira_offline_one_sided_z_fixed_variance,auc,8,0.53905,0.025047084232928795
logitguard_quantized,low,lira_offline_one_sided_z_fixed_variance,tpr_at_1_fpr,8,0.02375,0.015059406173077154
logitguard_quantized,low,lira_offline_one_sided_z_fixed_variance,tpr_at_5_fpr,8,0.07375,0.02774243783705493
logitguard_quantized,low,lira_offline_one_sided_z_fixed_variance,tpr_at_10_fpr,8,0.1125,0.031052950170405946
logitguard_quantized,low,lira_online,auc,8,0.5018374999999999,0.0623822991721209
logitguard_quantized,low,lira_online,tpr_at_1_fpr,8,0.0175,0.01164964745021435
logitguard_quantized,low,lira_online,tpr_at_5_fpr,8,0.057499999999999996,0.02815771906346718
logitguard_quantized,low,lira_online,tpr_at_10_fpr,8,0.10250000000000001,0.03284161123592185
logitguard_quantized,low,lira_online_fixed_variance,auc,8,0.524375,0.05343854948844113
logitguard_quantized,low,lira_online_fixed_variance,tpr_at_1_fpr,8,0.0275,0.021876275473019364
logitguard_quantized,low,lira_online_fixed_variance,tpr_at_5_fpr,8,0.0825,0.036936238496708275
logitguard_quantized,low,lira_online_fixed_variance,tpr_at_10_fpr,8,0.13,0.04503966505838413
logitguard_quantized,repetition,lira_offline,auc,8,0.5820375,0.032883210544505624
logitguard_quantized,repetition,lira_offline,tpr_at_1_fpr,8,0.045,0.03251373336211726
logitguard_quantized,repetition,lira_offline,tpr_at_5_fpr,8,0.11250000000000002,0.0455913525635227
logitguard_quantized,repetition,lira_offline,tpr_at_10_fpr,8,0.1875,0.04301162633521313
logitguard_quantized,repetition,lira_offline_density_surprise,auc,8,0.504325,0.05226989710012008
logitguard_quantized,repetition,lira_offline_density_surprise,tpr_at_1_fpr,8,0.015,0.010690449676496974
logitguard_quantized,repetition,lira_offline_density_surprise,tpr_at_5_fpr,8,0.057499999999999996,0.028157719063467177
logitguard_quantized,repetition,lira_offline_density_surprise,tpr_at_10_fpr,8,0.1175,0.031052950170405942
logitguard_quantized,repetition,lira_offline_density_surprise_fixed_variance,auc,8,0.5078875,0.055774339657997885
logitguard_quantized,repetition,lira_offline_density_surprise_fixed_variance,tpr_at_1_fpr,8,0.021249999999999998,0.013562026818605376
logitguard_quantized,repetition,lira_offline_density_surprise_fixed_variance,tpr_at_5_fpr,8,0.07375000000000001,0.02825268634509444
logitguard_quantized,repetition,lira_offline_density_surprise_fixed_variance,tpr_at_10_fpr,8,0.13375,0.04373213921133975
logitguard_quantized,repetition,lira_offline_fixed_variance,auc,8,0.5853187499999999,0.03499364164183462
logitguard_quantized,repetition,lira_offline_fixed_variance,tpr_at_1_fpr,8,0.06625,0.03020761493398643
logitguard_quantized,repetition,lira_offline_fixed_variance,tpr_at_5_fpr,8,0.12125000000000001,0.056172565749279625
logitguard_quantized,repetition,lira_offline_fixed_variance,tpr_at_10_fpr,8,0.18625000000000003,0.050409041139178885
logitguard_quantized,repetition,lira_offline_one_sided_z,auc,8,0.5820375,0.032883210544505624
logitguard_quantized,repetition,lira_offline_one_sided_z,tpr_at_1_fpr,8,0.045,0.03251373336211726
logitguard_quantized,repetition,lira_offline_one_sided_z,tpr_at_5_fpr,8,0.11250000000000002,0.0455913525635227
logitguard_quantized,repetition,lira_offline_one_sided_z,tpr_at_10_fpr,8,0.1875,0.04301162633521313
logitguard_quantized,repetition,lira_offline_one_sided_z_fixed_variance,auc,8,0.5853187499999999,0.03499364164183462
logitguard_quantized,repetition,lira_offline_one_sided_z_fixed_variance,tpr_at_1_fpr,8,0.06625,0.03020761493398643
logitguard_quantized,repetition,lira_offline_one_sided_z_fixed_variance,tpr_at_5_fpr,8,0.12125000000000001,0.056172565749279625
logitguard_quantized,repetition,lira_offline_one_sided_z_fixed_variance,tpr_at_10_fpr,8,0.18625000000000003,0.050409041139178885
logitguard_quantized,repetition,lira_online,auc,8,0.5474625,0.030758875025870873
logitguard_quantized,repetition,lira_online,tpr_at_1_fpr,8,0.02125,0.016420805617960926
logitguard_quantized,repetition,lira_online,tpr_at_5_fpr,8,0.06875,0.03313931631332013
logitguard_quantized,repetition,lira_online,tpr_at_10_fpr,8,0.14875,0.03642506985972318
logitguard_quantized,repetition,lira_online_fixed_variance,auc,8,0.5630437500000001,0.03027189216677977
logitguard_quantized,repetition,lira_online_fixed_variance,tpr_at_1_fpr,8,0.0475,0.023145502494313786
logitguard_quantized,repetition,lira_online_fixed_variance,tpr_at_5_fpr,8,0.11375000000000002,0.051252177654083284
logitguard_quantized,repetition,lira_online_fixed_variance,tpr_at_10_fpr,8,0.165,0.03664501525251617
logitguard_quantized,stress,lira_offline,auc,8,0.60415,0.04447382858009223
logitguard_quantized,stress,lira_offline,tpr_at_1_fpr,8,0.036250000000000004,0.019226098333849678
logitguard_quantized,stress,lira_offline,tpr_at_5_fpr,8,0.10250000000000001,0.04590362575159893
logitguard_quantized,stress,lira_offline,tpr_at_10_fpr,8,0.1725,0.07304597378168277
logitguard_quantized,stress,lira_offline_density_surprise,auc,8,0.5043,0.04989812478583595
logitguard_quantized,stress,lira_offline_density_surprise,tpr_at_1_fpr,8,0.021249999999999998,0.011259916264596033
logitguard_quantized,stress,lira_offline_density_surprise,tpr_at_5_fpr,8,0.052500000000000005,0.019086270308410556
logitguard_quantized,stress,lira_offline_density_surprise,tpr_at_10_fpr,8,0.11249999999999999,0.07126409634992525
logitguard_quantized,stress,lira_offline_density_surprise_fixed_variance,auc,8,0.519675,0.054253439653958485
logitguard_quantized,stress,lira_offline_density_surprise_fixed_variance,tpr_at_1_fpr,8,0.01875,0.014577379737113252
logitguard_quantized,stress,lira_offline_density_surprise_fixed_variance,tpr_at_5_fpr,8,0.07125,0.04642582409453971
logitguard_quantized,stress,lira_offline_density_surprise_fixed_variance,tpr_at_10_fpr,8,0.14375000000000002,0.05343554194407635
logitguard_quantized,stress,lira_offline_fixed_variance,auc,8,0.6108125,0.03697277714751761
logitguard_quantized,stress,lira_offline_fixed_variance,tpr_at_1_fpr,8,0.026250000000000002,0.019226098333849678
logitguard_quantized,stress,lira_offline_fixed_variance,tpr_at_5_fpr,8,0.11625,0.04307385683749649
logitguard_quantized,stress,lira_offline_fixed_variance,tpr_at_10_fpr,8,0.1925,0.052847489465982604
logitguard_quantized,stress,lira_offline_one_sided_z,auc,8,0.60415,0.04447382858009223
logitguard_quantized,stress,lira_offline_one_sided_z,tpr_at_1_fpr,8,0.036250000000000004,0.019226098333849678
logitguard_quantized,stress,lira_offline_one_sided_z,tpr_at_5_fpr,8,0.10250000000000001,0.04590362575159893
logitguard_quantized,stress,lira_offline_one_sided_z,tpr_at_10_fpr,8,0.1725,0.07304597378168277
logitguard_quantized,stress,lira_offline_one_sided_z_fixed_variance,auc,8,0.6108125,0.03697277714751761
logitguard_quantized,stress,lira_offline_one_sided_z_fixed_variance,tpr_at_1_fpr,8,0.026250000000000002,0.019226098333849678
logitguard_quantized,stress,lira_offline_one_sided_z_fixed_variance,tpr_at_5_fpr,8,0.11625,0.04307385683749649
logitguard_quantized,stress,lira_offline_one_sided_z_fixed_variance,tpr_at_10_fpr,8,0.1925,0.052847489465982604
logitguard_quantized,stress,lira_online,auc,8,0.5754125,0.051029051599484565
logitguard_quantized,stress,lira_online,tpr_at_1_fpr,8,0.025,0.01851640199545103
logitguard_quantized,stress,lira_online,tpr_at_5_fpr,8,0.08374999999999999,0.056552756658842775
logitguard_quantized,stress,lira_online,tpr_at_10_fpr,8,0.15375,0.08534593470944338
logitguard_quantized,stress,lira_online_fixed_variance,auc,8,0.6009500000000001,0.045198443399239806
logitguard_quantized,stress,lira_online_fixed_variance,tpr_at_1_fpr,8,0.03875,0.042907708265199025
logitguard_quantized,stress,lira_online_fixed_variance,tpr_at_5_fpr,8,0.11875,0.06243568119044018
logitguard_quantized,stress,lira_online_fixed_variance,tpr_at_10_fpr,8,0.1775,0.08207139748849343
measurementguard_continuous,low,lira_offline,auc,8,0.5544625000000001,0.03985752976002683
measurementguard_continuous,low,lira_offline,tpr_at_1_fpr,8,0.025,0.023904572186687876
measurementguard_continuous,low,lira_offline,tpr_at_5_fpr,8,0.08875,0.036425069859723186
measurementguard_continuous,low,lira_offline,tpr_at_10_fpr,8,0.14250000000000002,0.04978525312350464
measurementguard_continuous,low,lira_offline_density_surprise,auc,8,0.5013124999999999,0.03072846225988443
measurementguard_continuous,low,lira_offline_density_surprise,tpr_at_1_fpr,8,0.0275,0.02052872551885702
measurementguard_continuous,low,lira_offline_density_surprise,tpr_at_5_fpr,8,0.0575,0.025495097567963927
measurementguard_continuous,low,lira_offline_density_surprise,tpr_at_10_fpr,8,0.11625,0.03583194903195431
measurementguard_continuous,low,lira_offline_density_surprise_fixed_variance,auc,8,0.5080125,0.02557869858746865
measurementguard_continuous,low,lira_offline_density_surprise_fixed_variance,tpr_at_1_fpr,8,0.02875,0.031819805153394644
measurementguard_continuous,low,lira_offline_density_surprise_fixed_variance,tpr_at_5_fpr,8,0.07,0.03251373336211726
measurementguard_continuous,low,lira_offline_density_surprise_fixed_variance,tpr_at_10_fpr,8,0.12375000000000001,0.038149143409218815
measurementguard_continuous,low,lira_offline_fixed_variance,auc,8,0.5544,0.04043202408275612
measurementguard_continuous,low,lira_offline_fixed_variance,tpr_at_1_fpr,8,0.04625,0.020658792662827958
measurementguard_continuous,low,lira_offline_fixed_variance,tpr_at_5_fpr,8,0.08625,0.01922609833384967
measurementguard_continuous,low,lira_offline_fixed_variance,tpr_at_10_fpr,8,0.155,0.03927922024247863
measurementguard_continuous,low,lira_offline_one_sided_z,auc,8,0.5544625000000001,0.03985752976002683
measurementguard_continuous,low,lira_offline_one_sided_z,tpr_at_1_fpr,8,0.025,0.023904572186687876
measurementguard_continuous,low,lira_offline_one_sided_z,tpr_at_5_fpr,8,0.08875,0.036425069859723186
measurementguard_continuous,low,lira_offline_one_sided_z,tpr_at_10_fpr,8,0.14250000000000002,0.04978525312350464
measurementguard_continuous,low,lira_offline_one_sided_z_fixed_variance,auc,8,0.5544,0.04043202408275612
measurementguard_continuous,low,lira_offline_one_sided_z_fixed_variance,tpr_at_1_fpr,8,0.04625,0.020658792662827958
measurementguard_continuous,low,lira_offline_one_sided_z_fixed_variance,tpr_at_5_fpr,8,0.08625,0.01922609833384967
measurementguard_continuous,low,lira_offline_one_sided_z_fixed_variance,tpr_at_10_fpr,8,0.155,0.03927922024247863
measurementguard_continuous,low,lira_online,auc,8,0.512525,0.03737228728808091
measurementguard_continuous,low,lira_online,tpr_at_1_fpr,8,0.027500000000000004,0.032403703492039304
measurementguard_continuous,low,lira_online,tpr_at_5_fpr,8,0.06,0.029277002188455997
measurementguard_continuous,low,lira_online,tpr_at_10_fpr,8,0.11875,0.05276294695549682
measurementguard_continuous,low,lira_online_fixed_variance,auc,8,0.5176375,0.028536940345554155
measurementguard_continuous,low,lira_online_fixed_variance,tpr_at_1_fpr,8,0.03125,0.03226563851175781
measurementguard_continuous,low,lira_online_fixed_variance,tpr_at_5_fpr,8,0.08875,0.020310096011589902
measurementguard_continuous,low,lira_online_fixed_variance,tpr_at_10_fpr,8,0.13,0.02725540575476988
measurementguard_continuous,repetition,lira_offline,auc,8,0.561175,0.03462982818322953
measurementguard_continuous,repetition,lira_offline,tpr_at_1_fpr,8,0.04,0.02449489742783178
measurementguard_continuous,repetition,lira_offline,tpr_at_5_fpr,8,0.08375,0.03925648263117098
measurementguard_continuous,repetition,lira_offline,tpr_at_10_fpr,8,0.15125,0.049117206760971255
measurementguard_continuous,repetition,lira_offline_density_surprise,auc,8,0.5067625,0.06345526967872724
measurementguard_continuous,repetition,lira_offline_density_surprise,tpr_at_1_fpr,8,0.02,0.016903085094570332
measurementguard_continuous,repetition,lira_offline_density_surprise,tpr_at_5_fpr,8,0.06375,0.03700868623908254
measurementguard_continuous,repetition,lira_offline_density_surprise,tpr_at_10_fpr,8,0.11125000000000002,0.03979860011895608
measurementguard_continuous,repetition,lira_offline_density_surprise_fixed_variance,auc,8,0.5057375000000001,0.05491661048483293
measurementguard_continuous,repetition,lira_offline_density_surprise_fixed_variance,tpr_at_1_fpr,8,0.01625,0.013024701806293192
measurementguard_continuous,repetition,lira_offline_density_surprise_fixed_variance,tpr_at_5_fpr,8,0.06875,0.026958963523950885
measurementguard_continuous,repetition,lira_offline_density_surprise_fixed_variance,tpr_at_10_fpr,8,0.11875,0.04323936698360485
measurementguard_continuous,repetition,lira_offline_fixed_variance,auc,8,0.5696375,0.039372214187165036
measurementguard_continuous,repetition,lira_offline_fixed_variance,tpr_at_1_fpr,8,0.036250000000000004,0.01597989808656935
measurementguard_continuous,repetition,lira_offline_fixed_variance,tpr_at_5_fpr,8,0.10625000000000001,0.04533604683755679
measurementguard_continuous,repetition,lira_offline_fixed_variance,tpr_at_10_fpr,8,0.15875,0.05462534733462636
measurementguard_continuous,repetition,lira_offline_one_sided_z,auc,8,0.561175,0.03462982818322953
measurementguard_continuous,repetition,lira_offline_one_sided_z,tpr_at_1_fpr,8,0.04,0.02449489742783178
measurementguard_continuous,repetition,lira_offline_one_sided_z,tpr_at_5_fpr,8,0.08375,0.03925648263117098
measurementguard_continuous,repetition,lira_offline_one_sided_z,tpr_at_10_fpr,8,0.15125,0.049117206760971255
measurementguard_continuous,repetition,lira_offline_one_sided_z_fixed_variance,auc,8,0.5696375,0.039372214187165036
measurementguard_continuous,repetition,lira_offline_one_sided_z_fixed_variance,tpr_at_1_fpr,8,0.036250000000000004,0.01597989808656935
measurementguard_continuous,repetition,lira_offline_one_sided_z_fixed_variance,tpr_at_5_fpr,8,0.10625000000000001,0.04533604683755679
measurementguard_continuous,repetition,lira_offline_one_sided_z_fixed_variance,tpr_at_10_fpr,8,0.15875,0.05462534733462636
measurementguard_continuous,repetition,lira_online,auc,8,0.5402875,0.055041398380803186
measurementguard_continuous,repetition,lira_online,tpr_at_1_fpr,8,0.018750000000000003,0.011259916264596033
measurementguard_continuous,repetition,lira_online,tpr_at_5_fpr,8,0.08125,0.022320714274285346
measurementguard_continuous,repetition,lira_online,tpr_at_10_fpr,8,0.155,0.06590035768383311
measurementguard_continuous,repetition,lira_online_fixed_variance,auc,8,0.5492375,0.05837802760579411
measurementguard_continuous,repetition,lira_online_fixed_variance,tpr_at_1_fpr,8,0.04625,0.035431019500674024
measurementguard_continuous,repetition,lira_online_fixed_variance,tpr_at_5_fpr,8,0.0925,0.03845219666769935
measurementguard_continuous,repetition,lira_online_fixed_variance,tpr_at_10_fpr,8,0.14250000000000002,0.06670832032063166
measurementguard_continuous,stress,lira_offline,auc,8,0.5954375,0.05498160569031898
measurementguard_continuous,stress,lira_offline,tpr_at_1_fpr,8,0.053750000000000006,0.04657942525560891
measurementguard_continuous,stress,lira_offline,tpr_at_5_fpr,8,0.11000000000000001,0.046598589800857404
measurementguard_continuous,stress,lira_offline,tpr_at_10_fpr,8,0.19125,0.061976377988483884
measurementguard_continuous,stress,lira_offline_density_surprise,auc,8,0.498125,0.05270342222556064
measurementguard_continuous,stress,lira_offline_density_surprise,tpr_at_1_fpr,8,0.0275,0.026049403612586387
measurementguard_continuous,stress,lira_offline_density_surprise,tpr_at_5_fpr,8,0.08625,0.03248626083219094
measurementguard_continuous,stress,lira_offline_density_surprise,tpr_at_10_fpr,8,0.12625,0.03852179346069665
measurementguard_continuous,stress,lira_offline_density_surprise_fixed_variance,auc,8,0.5109125000000001,0.041616117670921694
measurementguard_continuous,stress,lira_offline_density_surprise_fixed_variance,tpr_at_1_fpr,8,0.03125,0.023566016694748032
measurementguard_continuous,stress,lira_offline_density_surprise_fixed_variance,tpr_at_5_fpr,8,0.08750000000000001,0.04862392121462146
measurementguard_continuous,stress,lira_offline_density_surprise_fixed_variance,tpr_at_10_fpr,8,0.135,0.057569833370313954
measurementguard_continuous,stress,lira_offline_fixed_variance,auc,8,0.6002875,0.05360787355550354
measurementguard_continuous,stress,lira_offline_fixed_variance,tpr_at_1_fpr,8,0.05,0.0381725406168211
measurementguard_continuous,stress,lira_offline_fixed_variance,tpr_at_5_fpr,8,0.12375,0.03700868623908254
measurementguard_continuous,stress,lira_offline_fixed_variance,tpr_at_10_fpr,8,0.1825,0.05203021100421232
measurementguard_continuous,stress,lira_offline_one_sided_z,auc,8,0.5954375,0.05498160569031898
measurementguard_continuous,stress,lira_offline_one_sided_z,tpr_at_1_fpr,8,0.053750000000000006,0.04657942525560891
measurementguard_continuous,stress,lira_offline_one_sided_z,tpr_at_5_fpr,8,0.11000000000000001,0.046598589800857404
measurementguard_continuous,stress,lira_offline_one_sided_z,tpr_at_10_fpr,8,0.19125,0.061976377988483884
measurementguard_continuous,stress,lira_offline_one_sided_z_fixed_variance,auc,8,0.6002875,0.05360787355550354
measurementguard_continuous,stress,lira_offline_one_sided_z_fixed_variance,tpr_at_1_fpr,8,0.05,0.0381725406168211
measurementguard_continuous,stress,lira_offline_one_sided_z_fixed_variance,tpr_at_5_fpr,8,0.12375,0.03700868623908254
measurementguard_continuous,stress,lira_offline_one_sided_z_fixed_variance,tpr_at_10_fpr,8,0.1825,0.05203021100421232
measurementguard_continuous,stress,lira_online,auc,8,0.5657625000000001,0.062219380019411956
measurementguard_continuous,stress,lira_online,tpr_at_1_fpr,8,0.036250000000000004,0.025599944196367748
measurementguard_continuous,stress,lira_online,tpr_at_5_fpr,8,0.09125,0.03681517544243328
measurementguard_continuous,stress,lira_online,tpr_at_10_fpr,8,0.165,0.06164414002968977
measurementguard_continuous,stress,lira_online_fixed_variance,auc,8,0.5780375,0.05751926230154803
measurementguard_continuous,stress,lira_online_fixed_variance,tpr_at_1_fpr,8,0.051250000000000004,0.03681517544243328
measurementguard_continuous,stress,lira_online_fixed_variance,tpr_at_5_fpr,8,0.11625,0.05040904113917887
measurementguard_continuous,stress,lira_online_fixed_variance,tpr_at_10_fpr,8,0.17625000000000002,0.07463003991117019
memgq_lattice,low,lira_offline,auc,8,0.546875,0.05436631704071402
memgq_lattice,low,lira_offline,tpr_at_1_fpr,8,0.030000000000000002,0.02390457218668788
memgq_lattice,low,lira_offline,tpr_at_5_fpr,8,0.08374999999999999,0.05125217765408329
memgq_lattice,low,lira_offline,tpr_at_10_fpr,8,0.14375000000000002,0.0711010347523659
memgq_lattice,low,lira_offline_density_surprise,auc,8,0.4938125,0.04810872916039845
memgq_lattice,low,lira_offline_density_surprise,tpr_at_1_fpr,8,0.0175,0.019086270308410553
memgq_lattice,low,lira_offline_density_surprise,tpr_at_5_fpr,8,0.04875,0.020310096011589902
memgq_lattice,low,lira_offline_density_surprise,tpr_at_10_fpr,8,0.0875,0.02549509756796393
memgq_lattice,low,lira_offline_density_surprise_fixed_variance,auc,8,0.49829999999999997,0.03662610310381691
memgq_lattice,low,lira_offline_density_surprise_fixed_variance,tpr_at_1_fpr,8,0.02,0.01927248223318863
memgq_lattice,low,lira_offline_density_surprise_fixed_variance,tpr_at_5_fpr,8,0.07624999999999998,0.03700868623908254
memgq_lattice,low,lira_offline_density_surprise_fixed_variance,tpr_at_10_fpr,8,0.13624999999999998,0.032923070504261465
memgq_lattice,low,lira_offline_fixed_variance,auc,8,0.5474499999999999,0.05142284095057925
memgq_lattice,low,lira_offline_fixed_variance,tpr_at_1_fpr,8,0.045,0.026186146828319084
memgq_lattice,low,lira_offline_fixed_variance,tpr_at_5_fpr,8,0.09625,0.037772817134623604
memgq_lattice,low,lira_offline_fixed_variance,tpr_at_10_fpr,8,0.155,0.06094494002200441
memgq_lattice,low,lira_offline_one_sided_z,auc,8,0.546875,0.05436631704071402
memgq_lattice,low,lira_offline_one_sided_z,tpr_at_1_fpr,8,0.030000000000000002,0.02390457218668788
memgq_lattice,low,lira_offline_one_sided_z,tpr_at_5_fpr,8,0.08374999999999999,0.05125217765408329
memgq_lattice,low,lira_offline_one_sided_z,tpr_at_10_fpr,8,0.14375000000000002,0.0711010347523659
memgq_lattice,low,lira_offline_one_sided_z_fixed_variance,auc,8,0.5474499999999999,0.05142284095057925
memgq_lattice,low,lira_offline_one_sided_z_fixed_variance,tpr_at_1_fpr,8,0.045,0.026186146828319084
memgq_lattice,low,lira_offline_one_sided_z_fixed_variance,tpr_at_5_fpr,8,0.09625,0.037772817134623604
memgq_lattice,low,lira_offline_one_sided_z_fixed_variance,tpr_at_10_fpr,8,0.155,0.06094494002200441
memgq_lattice,low,lira_online,auc,8,0.4882,0.03336238258021407
memgq_lattice,low,lira_online,tpr_at_1_fpr,8,0.015000000000000001,0.01511857892036909
memgq_lattice,low,lira_online,tpr_at_5_fpr,8,0.04625,0.026692695630078284
memgq_lattice,low,lira_online,tpr_at_10_fpr,8,0.10125,0.02900123150094542
memgq_lattice,low,lira_online_fixed_variance,auc,8,0.50275,0.033718456158523716
memgq_lattice,low,lira_online_fixed_variance,tpr_at_1_fpr,8,0.036250000000000004,0.032043497223082786
memgq_lattice,low,lira_online_fixed_variance,tpr_at_5_fpr,8,0.075,0.03664501525251617
memgq_lattice,low,lira_online_fixed_variance,tpr_at_10_fpr,8,0.1125,0.04131758532565592
memgq_lattice,repetition,lira_offline,auc,8,0.5681,0.049038585390923144
memgq_lattice,repetition,lira_offline,tpr_at_1_fpr,8,0.05,0.03817254061682111
memgq_lattice,repetition,lira_offline,tpr_at_5_fpr,8,0.10750000000000001,0.059940446635449285
memgq_lattice,repetition,lira_offline,tpr_at_10_fpr,8,0.1575,0.056505372690188876
memgq_lattice,repetition,lira_offline_density_surprise,auc,8,0.51575,0.057116697583606345
memgq_lattice,repetition,lira_offline_density_surprise,tpr_at_1_fpr,8,0.027500000000000004,0.01832250762625809
memgq_lattice,repetition,lira_offline_density_surprise,tpr_at_5_fpr,8,0.06625,0.03020761493398643
memgq_lattice,repetition,lira_offline_density_surprise,tpr_at_10_fpr,8,0.12125,0.05303300858899107
memgq_lattice,repetition,lira_offline_density_surprise_fixed_variance,auc,8,0.5105500000000001,0.054247764930916764
memgq_lattice,repetition,lira_offline_density_surprise_fixed_variance,tpr_at_1_fpr,8,0.021249999999999998,0.026423744732991302
memgq_lattice,repetition,lira_offline_density_surprise_fixed_variance,tpr_at_5_fpr,8,0.0625,0.02251983252919207
memgq_lattice,repetition,lira_offline_density_surprise_fixed_variance,tpr_at_10_fpr,8,0.10875000000000001,0.03796144660799202
memgq_lattice,repetition,lira_offline_fixed_variance,auc,8,0.5801000000000001,0.043232890918175455
memgq_lattice,repetition,lira_offline_fixed_variance,tpr_at_1_fpr,8,0.04875,0.039798600118956085
memgq_lattice,repetition,lira_offline_fixed_variance,tpr_at_5_fpr,8,0.11499999999999999,0.055805785670356024
memgq_lattice,repetition,lira_offline_fixed_variance,tpr_at_10_fpr,8,0.17375000000000002,0.06843923269169938
memgq_lattice,repetition,lira_offline_one_sided_z,auc,8,0.5681,0.049038585390923144
memgq_lattice,repetition,lira_offline_one_sided_z,tpr_at_1_fpr,8,0.05,0.03817254061682111
memgq_lattice,repetition,lira_offline_one_sided_z,tpr_at_5_fpr,8,0.10750000000000001,0.059940446635449285
memgq_lattice,repetition,lira_offline_one_sided_z,tpr_at_10_fpr,8,0.1575,0.056505372690188876
memgq_lattice,repetition,lira_offline_one_sided_z_fixed_variance,auc,8,0.5801000000000001,0.043232890918175455
memgq_lattice,repetition,lira_offline_one_sided_z_fixed_variance,tpr_at_1_fpr,8,0.04875,0.039798600118956085
memgq_lattice,repetition,lira_offline_one_sided_z_fixed_variance,tpr_at_5_fpr,8,0.11499999999999999,0.055805785670356024
memgq_lattice,repetition,lira_offline_one_sided_z_fixed_variance,tpr_at_10_fpr,8,0.17375000000000002,0.06843923269169938
memgq_lattice,repetition,lira_online,auc,8,0.5552999999999999,0.06473934551061555
memgq_lattice,repetition,lira_online,tpr_at_1_fpr,8,0.035,0.031167748898959187
memgq_lattice,repetition,lira_online,tpr_at_5_fpr,8,0.09125,0.0519443383412888
memgq_lattice,repetition,lira_online,tpr_at_10_fpr,8,0.15000000000000002,0.06279217421667403
memgq_lattice,repetition,lira_online_fixed_variance,auc,8,0.5621749999999999,0.0621360431403775
memgq_lattice,repetition,lira_online_fixed_variance,tpr_at_1_fpr,8,0.02875,0.01642080561796093
memgq_lattice,repetition,lira_online_fixed_variance,tpr_at_5_fpr,8,0.085,0.06023762469230862
memgq_lattice,repetition,lira_online_fixed_variance,tpr_at_10_fpr,8,0.15000000000000002,0.05182387756347729
memgq_lattice,stress,lira_offline,auc,8,0.5838125000000001,0.04650423751813228
memgq_lattice,stress,lira_offline,tpr_at_1_fpr,8,0.04875,0.04323936698360486
memgq_lattice,stress,lira_offline,tpr_at_5_fpr,8,0.11,0.048989794855663564
memgq_lattice,stress,lira_offline,tpr_at_10_fpr,8,0.18125,0.05083235752381126
memgq_lattice,stress,lira_offline_density_surprise,auc,8,0.5034000000000001,0.05257416530143733
memgq_lattice,stress,lira_offline_density_surprise,tpr_at_1_fpr,8,0.04,0.028784916685156977
memgq_lattice,stress,lira_offline_density_surprise,tpr_at_5_fpr,8,0.10125,0.05617256574927963
memgq_lattice,stress,lira_offline_density_surprise,tpr_at_10_fpr,8,0.14250000000000002,0.05338539126015655
memgq_lattice,stress,lira_offline_density_surprise_fixed_variance,auc,8,0.5122500000000001,0.05353372768638479
memgq_lattice,stress,lira_offline_density_surprise_fixed_variance,tpr_at_1_fpr,8,0.03125,0.03136763573220926
memgq_lattice,stress,lira_offline_density_surprise_fixed_variance,tpr_at_5_fpr,8,0.08375,0.03961871851969542
memgq_lattice,stress,lira_offline_density_surprise_fixed_variance,tpr_at_10_fpr,8,0.1325,0.048032726938441225
memgq_lattice,stress,lira_offline_fixed_variance,auc,8,0.5945625,0.043778205193909
memgq_lattice,stress,lira_offline_fixed_variance,tpr_at_1_fpr,8,0.0425,0.03284161123592186
memgq_lattice,stress,lira_offline_fixed_variance,tpr_at_5_fpr,8,0.11125,0.030908852176312583
memgq_lattice,stress,lira_offline_fixed_variance,tpr_at_10_fpr,8,0.18875,0.03979860011895609
memgq_lattice,stress,lira_offline_one_sided_z,auc,8,0.5838125000000001,0.04650423751813228
memgq_lattice,stress,lira_offline_one_sided_z,tpr_at_1_fpr,8,0.04875,0.04323936698360486
memgq_lattice,stress,lira_offline_one_sided_z,tpr_at_5_fpr,8,0.11,0.048989794855663564
memgq_lattice,stress,lira_offline_one_sided_z,tpr_at_10_fpr,8,0.18125,0.05083235752381126
memgq_lattice,stress,lira_offline_one_sided_z_fixed_variance,auc,8,0.5945625,0.043778205193909
memgq_lattice,stress,lira_offline_one_sided_z_fixed_variance,tpr_at_1_fpr,8,0.0425,0.03284161123592186
memgq_lattice,stress,lira_offline_one_sided_z_fixed_variance,tpr_at_5_fpr,8,0.11125,0.030908852176312583
memgq_lattice,stress,lira_offline_one_sided_z_fixed_variance,tpr_at_10_fpr,8,0.18875,0.03979860011895609
memgq_lattice,stress,lira_online,auc,8,0.55745,0.05298056247342035
memgq_lattice,stress,lira_online,tpr_at_1_fpr,8,0.045000000000000005,0.02563479777846623
memgq_lattice,stress,lira_online,tpr_at_5_fpr,8,0.10125,0.04421942042651784
memgq_lattice,stress,lira_online,tpr_at_10_fpr,8,0.16249999999999998,0.053652319880611206
memgq_lattice,stress,lira_online_fixed_variance,auc,8,0.5771,0.03046529641599251
memgq_lattice,stress,lira_online_fixed_variance,tpr_at_1_fpr,8,0.0425,0.027645717829090897
memgq_lattice,stress,lira_online_fixed_variance,tpr_at_5_fpr,8,0.09625,0.043732139211339754
memgq_lattice,stress,lira_online_fixed_variance,tpr_at_10_fpr,8,0.17625000000000002,0.06045954964153423
memgq_lattice_sticky,low,lira_offline,auc,8,0.5491999999999999,0.054229169799498676
memgq_lattice_sticky,low,lira_offline,tpr_at_1_fpr,8,0.02375,0.017677669529663688
memgq_lattice_sticky,low,lira_offline,tpr_at_5_fpr,8,0.0875,0.043342489875080194
memgq_lattice_sticky,low,lira_offline,tpr_at_10_fpr,8,0.14250000000000002,0.06692212958783834
memgq_lattice_sticky,low,lira_offline_density_surprise,auc,8,0.5035375,0.038045947315619
memgq_lattice_sticky,low,lira_offline_density_surprise,tpr_at_1_fpr,8,0.027500000000000004,0.018322507626258085
memgq_lattice_sticky,low,lira_offline_density_surprise,tpr_at_5_fpr,8,0.05625,0.022638462845343543
memgq_lattice_sticky,low,lira_offline_density_surprise,tpr_at_10_fpr,8,0.10875,0.02416461403433896
memgq_lattice_sticky,low,lira_offline_density_surprise_fixed_variance,auc,8,0.5041249999999999,0.04305484044465018
memgq_lattice_sticky,low,lira_offline_density_surprise_fixed_variance,tpr_at_1_fpr,8,0.02125,0.01959409532049314
memgq_lattice_sticky,low,lira_offline_density_surprise_fixed_variance,tpr_at_5_fpr,8,0.07125000000000001,0.04155461122770509
memgq_lattice_sticky,low,lira_offline_density_surprise_fixed_variance,tpr_at_10_fpr,8,0.1225,0.04590362575159894
memgq_lattice_sticky,low,lira_offline_fixed_variance,auc,8,0.55185,0.047500045112760556
memgq_lattice_sticky,low,lira_offline_fixed_variance,tpr_at_1_fpr,8,0.04375,0.023867192066576604
memgq_lattice_sticky,low,lira_offline_fixed_variance,tpr_at_5_fpr,8,0.08875,0.036425069859723186
memgq_lattice_sticky,low,lira_offline_fixed_variance,tpr_at_10_fpr,8,0.15,0.058554004376911994
memgq_lattice_sticky,low,lira_offline_one_sided_z,auc,8,0.5491999999999999,0.054229169799498676
memgq_lattice_sticky,low,lira_offline_one_sided_z,tpr_at_1_fpr,8,0.02375,0.017677669529663688
memgq_lattice_sticky,low,lira_offline_one_sided_z,tpr_at_5_fpr,8,0.0875,0.043342489875080194
memgq_lattice_sticky,low,lira_offline_one_sided_z,tpr_at_10_fpr,8,0.14250000000000002,0.06692212958783834
memgq_lattice_sticky,low,lira_offline_one_sided_z_fixed_variance,auc,8,0.55185,0.047500045112760556
memgq_lattice_sticky,low,lira_offline_one_sided_z_fixed_variance,tpr_at_1_fpr,8,0.04375,0.023867192066576604
memgq_lattice_sticky,low,lira_offline_one_sided_z_fixed_variance,tpr_at_5_fpr,8,0.08875,0.036425069859723186
memgq_lattice_sticky,low,lira_offline_one_sided_z_fixed_variance,tpr_at_10_fpr,8,0.15,0.058554004376911994
memgq_lattice_sticky,low,lira_online,auc,8,0.5016250000000001,0.025020719985072947
memgq_lattice_sticky,low,lira_online,tpr_at_1_fpr,8,0.025,0.022038926600773587
memgq_lattice_sticky,low,lira_online,tpr_at_5_fpr,8,0.058750000000000004,0.024748737341529162
memgq_lattice_sticky,low,lira_online,tpr_at_10_fpr,8,0.11375,0.02615202805574687
memgq_lattice_sticky,low,lira_online_fixed_variance,auc,8,0.5009250000000001,0.026698568714981188
memgq_lattice_sticky,low,lira_online_fixed_variance,tpr_at_1_fpr,8,0.026250000000000002,0.02722262714308501
memgq_lattice_sticky,low,lira_online_fixed_variance,tpr_at_5_fpr,8,0.0725,0.034121631178560534
memgq_lattice_sticky,low,lira_online_fixed_variance,tpr_at_10_fpr,8,0.12,0.04309458036856673
memgq_lattice_sticky,repetition,lira_offline,auc,8,0.5749500000000001,0.03834400679562398
memgq_lattice_sticky,repetition,lira_offline,tpr_at_1_fpr,8,0.04875,0.029001231500945416
memgq_lattice_sticky,repetition,lira_offline,tpr_at_5_fpr,8,0.1,0.04535573676110727
memgq_lattice_sticky,repetition,lira_offline,tpr_at_10_fpr,8,0.15250000000000002,0.060178306485215854
memgq_lattice_sticky,repetition,lira_offline_density_surprise,auc,8,0.504325,0.05779989495788772
memgq_lattice_sticky,repetition,lira_offline_density_surprise,tpr_at_1_fpr,8,0.02125,0.015526475085202971
memgq_lattice_sticky,repetition,lira_offline_density_surprise,tpr_at_5_fpr,8,0.065,0.027255405754769875
memgq_lattice_sticky,repetition,lira_offline_density_surprise,tpr_at_10_fpr,8,0.12375,0.06254998001598401
memgq_lattice_sticky,repetition,lira_offline_density_surprise_fixed_variance,auc,8,0.508325,0.051853385342025354
memgq_lattice_sticky,repetition,lira_offline_density_surprise_fixed_variance,tpr_at_1_fpr,8,0.02,0.015118578920369089
memgq_lattice_sticky,repetition,lira_offline_density_surprise_fixed_variance,tpr_at_5_fpr,8,0.08,0.031622776601683784
memgq_lattice_sticky,repetition,lira_offline_density_surprise_fixed_variance,tpr_at_10_fpr,8,0.12125000000000001,0.04998213966722798
memgq_lattice_sticky,repetition,lira_offline_fixed_variance,auc,8,0.584325,0.045987723517105235
memgq_lattice_sticky,repetition,lira_offline_fixed_variance,tpr_at_1_fpr,8,0.052500000000000005,0.03845219666769935
memgq_lattice_sticky,repetition,lira_offline_fixed_variance,tpr_at_5_fpr,8,0.11375,0.04749060057376767
memgq_lattice_sticky,repetition,lira_offline_fixed_variance,tpr_at_10_fpr,8,0.175,0.07171371656006363
memgq_lattice_sticky,repetition,lira_offline_one_sided_z,auc,8,0.5749500000000001,0.03834400679562398
memgq_lattice_sticky,repetition,lira_offline_one_sided_z,tpr_at_1_fpr,8,0.04875,0.029001231500945416
memgq_lattice_sticky,repetition,lira_offline_one_sided_z,tpr_at_5_fpr,8,0.1,0.04535573676110727
memgq_lattice_sticky,repetition,lira_offline_one_sided_z,tpr_at_10_fpr,8,0.15250000000000002,0.060178306485215854
memgq_lattice_sticky,repetition,lira_offline_one_sided_z_fixed_variance,auc,8,0.584325,0.045987723517105235
memgq_lattice_sticky,repetition,lira_offline_one_sided_z_fixed_variance,tpr_at_1_fpr,8,0.052500000000000005,0.03845219666769935
memgq_lattice_sticky,repetition,lira_offline_one_sided_z_fixed_variance,tpr_at_5_fpr,8,0.11375,0.04749060057376767
memgq_lattice_sticky,repetition,lira_offline_one_sided_z_fixed_variance,tpr_at_10_fpr,8,0.175,0.07171371656006363
memgq_lattice_sticky,repetition,lira_online,auc,8,0.5465625000000001,0.06196312123236807
memgq_lattice_sticky,repetition,lira_online,tpr_at_1_fpr,8,0.036250000000000004,0.031594529363709246
memgq_lattice_sticky,repetition,lira_online,tpr_at_5_fpr,8,0.08375,0.045650066499716854
memgq_lattice_sticky,repetition,lira_online,tpr_at_10_fpr,8,0.14375000000000002,0.056299581322980165
memgq_lattice_sticky,repetition,lira_online_fixed_variance,auc,8,0.5569625,0.057539227302523185
memgq_lattice_sticky,repetition,lira_online_fixed_variance,tpr_at_1_fpr,8,0.04125,0.018850918886280925
memgq_lattice_sticky,repetition,lira_online_fixed_variance,tpr_at_5_fpr,8,0.0975,0.04131758532565592
memgq_lattice_sticky,repetition,lira_online_fixed_variance,tpr_at_10_fpr,8,0.16125,0.05962681563572839
memgq_lattice_sticky,stress,lira_offline,auc,8,0.60345,0.030908205105718185
memgq_lattice_sticky,stress,lira_offline,tpr_at_1_fpr,8,0.036250000000000004,0.035831949031954316
memgq_lattice_sticky,stress,lira_offline,tpr_at_5_fpr,8,0.13125,0.04086126352846737
memgq_lattice_sticky,stress,lira_offline,tpr_at_10_fpr,8,0.195,0.04840306956027834
memgq_lattice_sticky,stress,lira_offline_density_surprise,auc,8,0.5002,0.041332519193210834
memgq_lattice_sticky,stress,lira_offline_density_surprise,tpr_at_1_fpr,8,0.027500000000000004,0.02314550249431379
memgq_lattice_sticky,stress,lira_offline_density_surprise,tpr_at_5_fpr,8,0.07625,0.023260942125619688
memgq_lattice_sticky,stress,lira_offline_density_surprise,tpr_at_10_fpr,8,0.15375,0.046271713049890736
memgq_lattice_sticky,stress,lira_offline_density_surprise_fixed_variance,auc,8,0.501625,0.048224823187115726
memgq_lattice_sticky,stress,lira_offline_density_surprise_fixed_variance,tpr_at_1_fpr,8,0.04625,0.02774243783705493
memgq_lattice_sticky,stress,lira_offline_density_surprise_fixed_variance,tpr_at_5_fpr,8,0.0875,0.03845219666769935
memgq_lattice_sticky,stress,lira_offline_density_surprise_fixed_variance,tpr_at_10_fpr,8,0.13874999999999998,0.05488624600025036
memgq_lattice_sticky,stress,lira_offline_fixed_variance,auc,8,0.6103624999999999,0.029958301377557662
memgq_lattice_sticky,stress,lira_offline_fixed_variance,tpr_at_1_fpr,8,0.05625000000000001,0.021339098923270936
memgq_lattice_sticky,stress,lira_offline_fixed_variance,tpr_at_5_fpr,8,0.13375,0.048384619752266614
memgq_lattice_sticky,stress,lira_offline_fixed_variance,tpr_at_10_fpr,8,0.2,0.05070925528371099
memgq_lattice_sticky,stress,lira_offline_one_sided_z,auc,8,0.60345,0.030908205105718185
memgq_lattice_sticky,stress,lira_offline_one_sided_z,tpr_at_1_fpr,8,0.036250000000000004,0.035831949031954316
memgq_lattice_sticky,stress,lira_offline_one_sided_z,tpr_at_5_fpr,8,0.13125,0.04086126352846737
memgq_lattice_sticky,stress,lira_offline_one_sided_z,tpr_at_10_fpr,8,0.195,0.04840306956027834
memgq_lattice_sticky,stress,lira_offline_one_sided_z_fixed_variance,auc,8,0.6103624999999999,0.029958301377557662
memgq_lattice_sticky,stress,lira_offline_one_sided_z_fixed_variance,tpr_at_1_fpr,8,0.05625000000000001,0.021339098923270936
memgq_lattice_sticky,stress,lira_offline_one_sided_z_fixed_variance,tpr_at_5_fpr,8,0.13375,0.048384619752266614
memgq_lattice_sticky,stress,lira_offline_one_sided_z_fixed_variance,tpr_at_10_fpr,8,0.2,0.05070925528371099
memgq_lattice_sticky,stress,lira_online,auc,8,0.5566125,0.04644005160265376
memgq_lattice_sticky,stress,lira_online,tpr_at_1_fpr,8,0.03375,0.025599944196367755
memgq_lattice_sticky,stress,lira_online,tpr_at_5_fpr,8,0.09,0.03664501525251617
memgq_lattice_sticky,stress,lira_online,tpr_at_10_fpr,8,0.14875,0.039438016467073275
memgq_lattice_sticky,stress,lira_online_fixed_variance,auc,8,0.569625,0.03175930684741991
memgq_lattice_sticky,stress,lira_online_fixed_variance,tpr_at_1_fpr,8,0.04625,0.030676887530703446
memgq_lattice_sticky,stress,lira_online_fixed_variance,tpr_at_5_fpr,8,0.11625,0.04565006649971686
memgq_lattice_sticky,stress,lira_online_fixed_variance,tpr_at_10_fpr,8,0.1675,0.04234214381508266
memguard,low,lira_offline,auc,8,0.5384187500000001,0.030697300224472993
memguard,low,lira_offline,tpr_at_1_fpr,8,0.03375,0.0377728171346236
memguard,low,lira_offline,tpr_at_5_fpr,8,0.0775,0.05391792704790177
memguard,low,lira_offline,tpr_at_10_fpr,8,0.13625,0.06610327417868843
memguard,low,lira_offline_density_surprise,auc,8,0.5049625,0.02394427682886127
memguard,low,lira_offline_density_surprise,tpr_at_1_fpr,8,0.02,0.018516401995451032
memguard,low,lira_offline_density_surprise,tpr_at_5_fpr,8,0.052500000000000005,0.019820624179302297
memguard,low,lira_offline_density_surprise,tpr_at_10_fpr,8,0.09625,0.02774243783705493
memguard,low,lira_offline_density_surprise_fixed_variance,auc,8,0.5083624999999999,0.03282977470441818
memguard,low,lira_offline_density_surprise_fixed_variance,tpr_at_1_fpr,8,0.0175,0.012817398889233115
memguard,low,lira_offline_density_surprise_fixed_variance,tpr_at_5_fpr,8,0.04875,0.02748376143938713
memguard,low,lira_offline_density_surprise_fixed_variance,tpr_at_10_fpr,8,0.12125,0.045493327611231704
memguard,low,lira_offline_fixed_variance,auc,8,0.5389999999999999,0.032216810163994455
memguard,low,lira_offline_fixed_variance,tpr_at_1_fpr,8,0.0175,0.01164964745021435
memguard,low,lira_offline_fixed_variance,tpr_at_5_fpr,8,0.07250000000000001,0.04166190448976481
memguard,low,lira_offline_fixed_variance,tpr_at_10_fpr,8,0.14,0.03505098327538656
memguard,low,lira_offline_one_sided_z,auc,8,0.5384375000000001,0.0307138376213161
memguard,low,lira_offline_one_sided_z,tpr_at_1_fpr,8,0.035,0.03664501525251618
memguard,low,lira_offline_one_sided_z,tpr_at_5_fpr,8,0.0775,0.05391792704790177
memguard,low,lira_offline_one_sided_z,tpr_at_10_fpr,8,0.13625,0.06610327417868843
memguard,low,lira_offline_one_sided_z_fixed_variance,auc,8,0.5389999999999999,0.032216810163994455
memguard,low,lira_offline_one_sided_z_fixed_variance,tpr_at_1_fpr,8,0.0175,0.01164964745021435
memguard,low,lira_offline_one_sided_z_fixed_variance,tpr_at_5_fpr,8,0.07250000000000001,0.04166190448976481
memguard,low,lira_offline_one_sided_z_fixed_variance,tpr_at_10_fpr,8,0.14,0.03505098327538656
memguard,low,lira_online,auc,8,0.5216375,0.04253112935586963
memguard,low,lira_online,tpr_at_1_fpr,8,0.03,0.025071326821120354
memguard,low,lira_online,tpr_at_5_fpr,8,0.06125,0.026423744732991306
memguard,low,lira_online,tpr_at_10_fpr,8,0.10625000000000001,0.031594529363709246
memguard,low,lira_online_fixed_variance,auc,8,0.524825,0.041679928365718565
memguard,low,lira_online_fixed_variance,tpr_at_1_fpr,8,0.026250000000000002,0.010606601717798213
memguard,low,lira_online_fixed_variance,tpr_at_5_fpr,8,0.06875,0.028504385627478448
memguard,low,lira_online_fixed_variance,tpr_at_10_fpr,8,0.125,0.04140393356054126
memguard,repetition,lira_offline,auc,8,0.5868375,0.03769001146571477
memguard,repetition,lira_offline,tpr_at_1_fpr,8,0.03875000000000001,0.025877458475338285
memguard,repetition,lira_offline,tpr_at_5_fpr,8,0.11875000000000001,0.04733995594179856
memguard,repetition,lira_offline,tpr_at_10_fpr,8,0.18,0.044400772194057296
memguard,repetition,lira_offline_density_surprise,auc,8,0.5059750000000001,0.04528695018592947
memguard,repetition,lira_offline_density_surprise,tpr_at_1_fpr,8,0.0175,0.012817398889233113
memguard,repetition,lira_offline_density_surprise,tpr_at_5_fpr,8,0.061250000000000006,0.03720119045714225
memguard,repetition,lira_offline_density_surprise,tpr_at_10_fpr,8,0.10375,0.04983902658989812
memguard,repetition,lira_offline_density_surprise_fixed_variance,auc,8,0.5104625,0.0412818513392992
memguard,repetition,lira_offline_density_surprise_fixed_variance,tpr_at_1_fpr,8,0.0325,0.028157719063467177
memguard,repetition,lira_offline_density_surprise_fixed_variance,tpr_at_5_fpr,8,0.07375000000000001,0.01685018016012207
memguard,repetition,lira_offline_density_surprise_fixed_variance,tpr_at_10_fpr,8,0.135,0.047509397566616825
memguard,repetition,lira_offline_fixed_variance,auc,8,0.5896250000000001,0.040848841564270336
memguard,repetition,lira_offline_fixed_variance,tpr_at_1_fpr,8,0.06375,0.036228441865473596
memguard,repetition,lira_offline_fixed_variance,tpr_at_5_fpr,8,0.12000000000000001,0.05554920598635309
memguard,repetition,lira_offline_fixed_variance,tpr_at_10_fpr,8,0.16875,0.06446205971621713
memguard,repetition,lira_offline_one_sided_z,auc,8,0.5868375,0.03769001146571477
memguard,repetition,lira_offline_one_sided_z,tpr_at_1_fpr,8,0.03875000000000001,0.025877458475338285
memguard,repetition,lira_offline_one_sided_z,tpr_at_5_fpr,8,0.11875000000000001,0.04733995594179856
memguard,repetition,lira_offline_one_sided_z,tpr_at_10_fpr,8,0.18,0.044400772194057296
memguard,repetition,lira_offline_one_sided_z_fixed_variance,auc,8,0.5896250000000001,0.040848841564270336
memguard,repetition,lira_offline_one_sided_z_fixed_variance,tpr_at_1_fpr,8,0.06375,0.036228441865473596
memguard,repetition,lira_offline_one_sided_z_fixed_variance,tpr_at_5_fpr,8,0.12000000000000001,0.05554920598635309
memguard,repetition,lira_offline_one_sided_z_fixed_variance,tpr_at_10_fpr,8,0.16875,0.06446205971621713
memguard,repetition,lira_online,auc,8,0.5430875,0.03854876086576215
memguard,repetition,lira_online,tpr_at_1_fpr,8,0.0225,0.021876275473019364
memguard,repetition,lira_online,tpr_at_5_fpr,8,0.07375000000000001,0.030676887530703446
memguard,repetition,lira_online,tpr_at_10_fpr,8,0.12875,0.029001231500945416
memguard,repetition,lira_online_fixed_variance,auc,8,0.5722625,0.02862406267960081
memguard,repetition,lira_online_fixed_variance,tpr_at_1_fpr,8,0.057499999999999996,0.03453776401067595
memguard,repetition,lira_online_fixed_variance,tpr_at_5_fpr,8,0.11625,0.031594529363709246
memguard,repetition,lira_online_fixed_variance,tpr_at_10_fpr,8,0.16625,0.022638462845343543
memguard,stress,lira_offline,auc,8,0.6133875,0.037421400962550824
memguard,stress,lira_offline,tpr_at_1_fpr,8,0.03375,0.02722262714308501
memguard,stress,lira_offline,tpr_at_5_fpr,8,0.10625000000000001,0.058048624937571576
memguard,stress,lira_offline,tpr_at_10_fpr,8,0.185,0.05126959555693246
memguard,stress,lira_offline_density_surprise,auc,8,0.5104625,0.049784247006457776
memguard,stress,lira_offline_density_surprise,tpr_at_1_fpr,8,0.01875,0.019594095320493145
memguard,stress,lira_offline_density_surprise,tpr_at_5_fpr,8,0.05375,0.03461523198989551
memguard,stress,lira_offline_density_surprise,tpr_at_10_fpr,8,0.11875000000000001,0.06468329437674439
memguard,stress,lira_offline_density_surprise_fixed_variance,auc,8,0.5316375,0.046131518122490986
memguard,stress,lira_offline_density_surprise_fixed_variance,tpr_at_1_fpr,8,0.015,0.01511857892036909
memguard,stress,lira_offline_density_surprise_fixed_variance,tpr_at_5_fpr,8,0.08625,0.05069164484550543
memguard,stress,lira_offline_density_surprise_fixed_variance,tpr_at_10_fpr,8,0.16,0.05903993805649092
memguard,stress,lira_offline_fixed_variance,auc,8,0.6188750000000001,0.03470803735653829
memguard,stress,lira_offline_fixed_variance,tpr_at_1_fpr,8,0.0225,0.027645717829090897
memguard,stress,lira_offline_fixed_variance,tpr_at_5_fpr,8,0.13,0.053718844791323335
memguard,stress,lira_offline_fixed_variance,tpr_at_10_fpr,8,0.2025,0.05284748946598261
memguard,stress,lira_offline_one_sided_z,auc,8,0.613375,0.03743065016037755
memguard,stress,lira_offline_one_sided_z,tpr_at_1_fpr,8,0.03375,0.02722262714308501
memguard,stress,lira_offline_one_sided_z,tpr_at_5_fpr,8,0.10625000000000001,0.058048624937571576
memguard,stress,lira_offline_one_sided_z,tpr_at_10_fpr,8,0.185,0.05126959555693246
memguard,stress,lira_offline_one_sided_z_fixed_variance,auc,8,0.6188750000000001,0.03470803735653829
memguard,stress,lira_offline_one_sided_z_fixed_variance,tpr_at_1_fpr,8,0.0225,0.027645717829090897
memguard,stress,lira_offline_one_sided_z_fixed_variance,tpr_at_5_fpr,8,0.13,0.053718844791323335
memguard,stress,lira_offline_one_sided_z_fixed_variance,tpr_at_10_fpr,8,0.2025,0.05284748946598261
memguard,stress,lira_online,auc,8,0.5814125,0.05554800851515738
memguard,stress,lira_online,tpr_at_1_fpr,8,0.028750000000000005,0.030443155458751557
memguard,stress,lira_online,tpr_at_5_fpr,8,0.07500000000000001,0.04840306956027834
memguard,stress,lira_online,tpr_at_10_fpr,8,0.14375,0.05475595205741825
memguard,stress,lira_online_fixed_variance,auc,8,0.6037375,0.055635187670599814
memguard,stress,lira_online_fixed_variance,tpr_at_1_fpr,8,0.05625000000000001,0.05040904113917888
memguard,stress,lira_online_fixed_variance,tpr_at_5_fpr,8,0.12375,0.05804862493757158
memguard,stress,lira_online_fixed_variance,tpr_at_10_fpr,8,0.18,0.06164414002968976
none,low,lira_offline,auc,8,0.5547,0.045907204538845836
none,low,lira_offline,tpr_at_1_fpr,8,0.034999999999999996,0.03891382420536068
none,low,lira_offline,tpr_at_5_fpr,8,0.07625,0.046271713049890736
none,low,lira_offline,tpr_at_10_fpr,8,0.1475,0.05444525428617002
none,low,lira_offline_density_surprise,auc,8,0.495525,0.025871647470873272
none,low,lira_offline_density_surprise,tpr_at_1_fpr,8,0.025,0.022038926600773587
none,low,lira_offline_density_surprise,tpr_at_5_fpr,8,0.06875,0.03758324094593227
none,low,lira_offline_density_surprise,tpr_at_10_fpr,8,0.12,0.03545621041711673
none,low,lira_offline_density_surprise_fixed_variance,auc,8,0.4967625,0.020959344148681208
none,low,lira_offline_density_surprise_fixed_variance,tpr_at_1_fpr,8,0.025,0.02
none,low,lira_offline_density_surprise_fixed_variance,tpr_at_5_fpr,8,0.05625,0.022638462845343543
none,low,lira_offline_density_surprise_fixed_variance,tpr_at_10_fpr,8,0.10875,0.03090885217631258
none,low,lira_offline_fixed_variance,auc,8,0.5499375,0.03902065158348844
none,low,lira_offline_fixed_variance,tpr_at_1_fpr,8,0.01875,0.0083452296039628
none,low,lira_offline_fixed_variance,tpr_at_5_fpr,8,0.06625,0.0337797487937881
none,low,lira_offline_fixed_variance,tpr_at_10_fpr,8,0.12375000000000001,0.0337797487937881
none,low,lira_offline_one_sided_z,auc,8,0.5547,0.045907204538845836
none,low,lira_offline_one_sided_z,tpr_at_1_fpr,8,0.034999999999999996,0.03891382420536068
none,low,lira_offline_one_sided_z,tpr_at_5_fpr,8,0.07625,0.046271713049890736
none,low,lira_offline_one_sided_z,tpr_at_10_fpr,8,0.1475,0.05444525428617002
none,low,lira_offline_one_sided_z_fixed_variance,auc,8,0.5499375,0.03902065158348844
none,low,lira_offline_one_sided_z_fixed_variance,tpr_at_1_fpr,8,0.01875,0.0083452296039628
none,low,lira_offline_one_sided_z_fixed_variance,tpr_at_5_fpr,8,0.06625,0.0337797487937881
none,low,lira_offline_one_sided_z_fixed_variance,tpr_at_10_fpr,8,0.12375000000000001,0.0337797487937881
none,low,lira_online,auc,8,0.5272875,0.04197613054718464
none,low,lira_online,tpr_at_1_fpr,8,0.03875,0.03399054490379851
none,low,lira_online,tpr_at_5_fpr,8,0.06875,0.043568501072613064
none,low,lira_online,tpr_at_10_fpr,8,0.12125,0.033567628964311945
none,low,lira_online_fixed_variance,auc,8,0.534375,0.03438678109805738
none,low,lira_online_fixed_variance,tpr_at_1_fpr,8,0.03625,0.020658792662827958
none,low,lira_online_fixed_variance,tpr_at_5_fpr,8,0.07375000000000001,0.03248626083219094
none,low,lira_online_fixed_variance,tpr_at_10_fpr,8,0.135,0.03891382420536068
none,repetition,lira_offline,auc,8,0.5907250000000001,0.04353316469740546
none,repetition,lira_offline,tpr_at_1_fpr,8,0.04125,0.03522884370187913
none,repetition,lira_offline,tpr_at_5_fpr,8,0.11,0.0469041575982343
none,repetition,lira_offline,tpr_at_10_fpr,8,0.18125,0.0775403120963541
none,repetition,lira_offline_density_surprise,auc,8,0.5210375,0.03798766482124731
none,repetition,lira_offline_density_surprise,tpr_at_1_fpr,8,0.026250000000000002,0.022638462845343543
none,repetition,lira_offline_density_surprise,tpr_at_5_fpr,8,0.08125000000000002,0.0327053949241231
none,repetition,lira_offline_density_surprise,tpr_at_10_fpr,8,0.1175,0.040970372570571394
none,repetition,lira_offline_density_surprise_fixed_variance,auc,8,0.5161125,0.04333990037235566
none,repetition,lira_offline_density_surprise_fixed_variance,tpr_at_1_fpr,8,0.03875000000000001,0.026958963523950885
none,repetition,lira_offline_density_surprise_fixed_variance,tpr_at_5_fpr,8,0.08374999999999999,0.038890872965260115
none,repetition,lira_offline_density_surprise_fixed_variance,tpr_at_10_fpr,8,0.11499999999999999,0.04750939756661683
none,repetition,lira_offline_fixed_variance,auc,8,0.5922000000000001,0.04841189346195236
none,repetition,lira_offline_fixed_variance,tpr_at_1_fpr,8,0.05500000000000001,0.03585685828003181
none,repetition,lira_offline_fixed_variance,tpr_at_5_fpr,8,0.1075,0.050638776785046004
none,repetition,lira_offline_fixed_variance,tpr_at_10_fpr,8,0.1575,0.06453127702351562
none,repetition,lira_offline_one_sided_z,auc,8,0.5907250000000001,0.04353316469740546
none,repetition,lira_offline_one_sided_z,tpr_at_1_fpr,8,0.04125,0.03522884370187913
none,repetition,lira_offline_one_sided_z,tpr_at_5_fpr,8,0.11,0.0469041575982343
none,repetition,lira_offline_one_sided_z,tpr_at_10_fpr,8,0.18125,0.0775403120963541
none,repetition,lira_offline_one_sided_z_fixed_variance,auc,8,0.5922000000000001,0.04841189346195236
none,repetition,lira_offline_one_sided_z_fixed_variance,tpr_at_1_fpr,8,0.05500000000000001,0.03585685828003181
none,repetition,lira_offline_one_sided_z_fixed_variance,tpr_at_5_fpr,8,0.1075,0.050638776785046004
none,repetition,lira_offline_one_sided_z_fixed_variance,tpr_at_10_fpr,8,0.1575,0.06453127702351562
none,repetition,lira_online,auc,8,0.5675250000000001,0.03803516230317117
none,repetition,lira_online,tpr_at_1_fpr,8,0.0325,0.026049403612586383
none,repetition,lira_online,tpr_at_5_fpr,8,0.08374999999999999,0.029246489410818914
none,repetition,lira_online,tpr_at_10_fpr,8,0.1325,0.05496752287877426
none,repetition,lira_online_fixed_variance,auc,8,0.571675,0.04001034687606269
none,repetition,lira_online_fixed_variance,tpr_at_1_fpr,8,0.046250000000000006,0.04340424600691241
none,repetition,lira_online_fixed_variance,tpr_at_5_fpr,8,0.10625,0.052355242608275905
none,repetition,lira_online_fixed_variance,tpr_at_10_fpr,8,0.14625,0.05040904113917887
none,stress,lira_offline,auc,8,0.6130375,0.03610678359295621
none,stress,lira_offline,tpr_at_1_fpr,8,0.0325,0.034121631178560534
none,stress,lira_offline,tpr_at_5_fpr,8,0.11750000000000001,0.03615443067098219
none,stress,lira_offline,tpr_at_10_fpr,8,0.17625,0.037392703642746744
none,stress,lira_offline_density_surprise,auc,8,0.49836250000000004,0.04404854262223503
none,stress,lira_offline_density_surprise,tpr_at_1_fpr,8,0.0275,0.03575711717366808
none,stress,lira_offline_density_surprise,tpr_at_5_fpr,8,0.08000000000000002,0.04566962103755937
none,stress,lira_offline_density_surprise,tpr_at_10_fpr,8,0.14375,0.062777953363991
none,stress,lira_offline_density_surprise_fixed_variance,auc,8,0.5118625,0.059491678589770634
none,stress,lira_offline_density_surprise_fixed_variance,tpr_at_1_fpr,8,0.043750000000000004,0.04926241685388278
none,stress,lira_offline_density_surprise_fixed_variance,tpr_at_5_fpr,8,0.085,0.04810702354423639
none,stress,lira_offline_density_surprise_fixed_variance,tpr_at_10_fpr,8,0.15375,0.04718883039751796
none,stress,lira_offline_fixed_variance,auc,8,0.6195875,0.03526355615727291
none,stress,lira_offline_fixed_variance,tpr_at_1_fpr,8,0.053750000000000006,0.04983902658989812
none,stress,lira_offline_fixed_variance,tpr_at_5_fpr,8,0.14,0.04629100498862758
none,stress,lira_offline_fixed_variance,tpr_at_10_fpr,8,0.21125,0.02356601669474803
none,stress,lira_offline_one_sided_z,auc,8,0.6130375,0.03610678359295621
none,stress,lira_offline_one_sided_z,tpr_at_1_fpr,8,0.0325,0.034121631178560534
none,stress,lira_offline_one_sided_z,tpr_at_5_fpr,8,0.11750000000000001,0.03615443067098219
none,stress,lira_offline_one_sided_z,tpr_at_10_fpr,8,0.17625,0.037392703642746744
none,stress,lira_offline_one_sided_z_fixed_variance,auc,8,0.6195875,0.03526355615727291
none,stress,lira_offline_one_sided_z_fixed_variance,tpr_at_1_fpr,8,0.053750000000000006,0.04983902658989812
none,stress,lira_offline_one_sided_z_fixed_variance,tpr_at_5_fpr,8,0.14,0.04629100498862758
none,stress,lira_offline_one_sided_z_fixed_variance,tpr_at_10_fpr,8,0.21125,0.02356601669474803
none,stress,lira_online,auc,8,0.5816250000000001,0.05834845450272993
none,stress,lira_online,tpr_at_1_fpr,8,0.04,0.043424811867344745
none,stress,lira_online,tpr_at_5_fpr,8,0.10250000000000001,0.03575711717366808
none,stress,lira_online,tpr_at_10_fpr,8,0.15125,0.04940720016932176
none,stress,lira_online_fixed_variance,auc,8,0.6006875,0.04701657572449471
none,stress,lira_online_fixed_variance,tpr_at_1_fpr,8,0.055,0.04407785320154718
none,stress,lira_online_fixed_variance,tpr_at_5_fpr,8,0.10375000000000001,0.043732139211339754
none,stress,lira_online_fixed_variance,tpr_at_10_fpr,8,0.16999999999999998,0.06886840453253686
