attack,effective_defense,structural_contrast,contrast,mean_auc_difference,sd_across_paired_blocks,ci95_low,ci95_high,paired_blocks,p_exact_sign_flip,p_holm_all_secondary
artifact_confidence_tau0.9,dp_qml,repetition-low,structural_difference_in_differences,-0.028814374999999996,0.026071462564801737,-0.04685187500000003,-0.012760625000000012,8,0.0078125,1.0
artifact_confidence_tau0.9,dynanoise,repetition-low,structural_difference_in_differences,-0.013356249999999993,0.01871898134247695,-0.02533081250000001,-0.0015031093750000285,8,0.09375,1.0
artifact_confidence_tau0.9,hamp_train,repetition-low,structural_difference_in_differences,0.007225000000000044,0.016693232375512422,-0.003529515624999966,0.018408125000000025,8,0.2734375,1.0
artifact_confidence_tau0.9,l2,repetition-low,structural_difference_in_differences,-0.007728125000000002,0.009169721111781826,-0.013516890625000005,-0.00156937499999997,8,0.078125,1.0
artifact_confidence_tau0.9,dp_qml,stress-low,structural_difference_in_differences,-0.03614625000000002,0.019283701435964733,-0.04810187500000002,-0.02250125000000005,8,0.015625,1.0
artifact_confidence_tau0.9,dynanoise,stress-low,structural_difference_in_differences,-0.022278125000000017,0.021163385486917173,-0.035685093750000015,-0.008193046875000045,8,0.046875,1.0
artifact_confidence_tau0.9,hamp_train,stress-low,structural_difference_in_differences,0.0005525000000000183,0.02213204657762779,-0.013969375000000027,0.014780625000000006,8,0.9296875,1.0
artifact_confidence_tau0.9,l2,stress-low,structural_difference_in_differences,-0.014540624999999988,0.017703089003556886,-0.025064374999999986,-0.0021687812499999954,8,0.078125,1.0
artifact_confidence_tau0.9,dp_qml,stress-repetition,structural_difference_in_differences,-0.007331875000000022,0.016629083588163878,-0.01836034374999998,0.003225390624999924,8,0.25,1.0
artifact_confidence_tau0.9,dynanoise,stress-repetition,structural_difference_in_differences,-0.008921875000000024,0.012999905476991525,-0.01766625000000001,-0.0005924218750000677,8,0.09375,1.0
artifact_confidence_tau0.9,hamp_train,stress-repetition,structural_difference_in_differences,-0.006672500000000026,0.01822594618355149,-0.019074375000000053,0.004321249999999978,8,0.40625,1.0
artifact_confidence_tau0.9,l2,stress-repetition,structural_difference_in_differences,-0.006812499999999985,0.015935749343625405,-0.016922499999999965,0.003320000000000066,8,0.2734375,1.0
artifact_loss_tau0.5,dp_qml,repetition-low,structural_difference_in_differences,-0.03507562500000002,0.017091327257141607,-0.04674914062499999,-0.024483750000000068,8,0.0078125,1.0
artifact_loss_tau0.5,dynanoise,repetition-low,structural_difference_in_differences,-0.005576250000000067,0.007779835083635854,-0.010489375000000085,-0.00043828125000009127,8,0.09375,1.0
artifact_loss_tau0.5,hamp_train,repetition-low,structural_difference_in_differences,0.006626250000000028,0.012310272931290209,-0.0007749999999999216,0.014987671875000006,8,0.21875,1.0
artifact_loss_tau0.5,l2,repetition-low,structural_difference_in_differences,-0.010923124999999999,0.00847901735272769,-0.016051875,-0.005126874999999996,8,0.0234375,1.0
artifact_loss_tau0.5,dp_qml,stress-low,structural_difference_in_differences,-0.05767875,0.014095627171472105,-0.06505128125000002,-0.047552499999999956,8,0.0078125,1.0
artifact_loss_tau0.5,dynanoise,stress-low,structural_difference_in_differences,-0.010178125000000003,0.010597664816060686,-0.01719701562499994,-0.003628015625000004,8,0.0078125,1.0
artifact_loss_tau0.5,hamp_train,stress-low,structural_difference_in_differences,0.006650000000000031,0.01621692524141719,-0.004073421874999981,0.017057500000000003,8,0.2734375,1.0
artifact_loss_tau0.5,l2,stress-low,structural_difference_in_differences,-0.016424374999999956,0.013323208385986749,-0.024819374999999984,-0.007765624999999977,8,0.0234375,1.0
artifact_loss_tau0.5,dp_qml,stress-repetition,structural_difference_in_differences,-0.02260312499999998,0.018335094556906836,-0.03422699999999996,-0.010753124999999947,8,0.0078125,1.0
artifact_loss_tau0.5,dynanoise,stress-repetition,structural_difference_in_differences,-0.004601874999999936,0.007953858873662688,-0.010124999999999926,0.00010625000000008544,8,0.171875,1.0
artifact_loss_tau0.5,hamp_train,stress-repetition,structural_difference_in_differences,2.3750000000002935e-05,0.014702165231692984,-0.008784999999999973,0.010220000000000048,8,0.9921875,1.0
artifact_loss_tau0.5,l2,stress-repetition,structural_difference_in_differences,-0.0055012499999999576,0.01324506532098434,-0.014061312499999954,0.00303021875000007,8,0.2734375,1.0
confidence,dp_qml,repetition-low,structural_difference_in_differences,-0.03507562500000002,0.017091327257141607,-0.046651874999999975,-0.024518750000000054,8,0.0078125,1.0
confidence,dynanoise,repetition-low,structural_difference_in_differences,-0.005576250000000067,0.007779835083635854,-0.010493750000000052,-0.0004387500000000849,8,0.09375,1.0
confidence,hamp_full,repetition-low,structural_difference_in_differences,-0.004019374999999999,0.015088136881456613,-0.013763562499999995,0.005696875000000011,8,0.46875,1.0
confidence,hamp_output,repetition-low,structural_difference_in_differences,-0.0027268749999999897,0.027846485664070605,-0.021542515625000022,0.01388750000000008,8,0.7734375,1.0
confidence,hamp_train,repetition-low,structural_difference_in_differences,0.006626250000000028,0.012310272931290209,-0.000856875,0.01478610937499999,8,0.21875,1.0
confidence,l2,repetition-low,structural_difference_in_differences,-0.010923124999999999,0.00847901735272769,-0.016094375,-0.005212171875000006,8,0.0234375,1.0
confidence,lattice_round,repetition-low,structural_difference_in_differences,-0.0011656250000000243,0.0011442509636688124,-0.0019818749999999663,-0.0005025000000000446,8,0.0234375,1.0
confidence,logitguard_continuous,repetition-low,structural_difference_in_differences,0.003235624999999992,0.01636017713785948,-0.007648124999999978,0.012838765624999941,8,0.5859375,1.0
confidence,logitguard_quantized,repetition-low,structural_difference_in_differences,0.0031337500000000046,0.016176823312999352,-0.007377499999999995,0.013117593749999988,8,0.6171875,1.0
confidence,measurementguard_continuous,repetition-low,structural_difference_in_differences,-0.012667499999999991,0.01917862556523355,-0.025304187500000033,-0.00023625000000004892,8,0.1015625,1.0
confidence,memgq_lattice,repetition-low,structural_difference_in_differences,-0.019638124999999992,0.017930868224039165,-0.030783124999999995,-0.007737281249999991,8,0.0234375,1.0
confidence,memgq_lattice_sticky,repetition-low,structural_difference_in_differences,-0.009610000000000028,0.01863090059934993,-0.021085000000000027,0.002882109374999996,8,0.1875,1.0
confidence,memguard,repetition-low,structural_difference_in_differences,0.000708124999999997,0.004916236901112137,-0.0025437656249999497,0.0037968749999999774,8,0.7265625,1.0
confidence,dp_qml,stress-low,structural_difference_in_differences,-0.05767875,0.014095627171472105,-0.06498815625000008,-0.04752096875000001,8,0.0078125,1.0
confidence,dynanoise,stress-low,structural_difference_in_differences,-0.010178125000000003,0.010597664816060686,-0.017476937500000022,-0.003869921875000068,8,0.0078125,1.0
confidence,hamp_full,stress-low,structural_difference_in_differences,-0.0017649999999999819,0.024499354656223774,-0.01718145312500001,0.013886250000000072,8,0.828125,1.0
confidence,hamp_output,stress-low,structural_difference_in_differences,0.006286250000000007,0.020594657550997472,-0.007641234375000031,0.018859374999999998,8,0.390625,1.0
confidence,hamp_train,stress-low,structural_difference_in_differences,0.006650000000000017,0.016216925241417178,-0.004039671874999983,0.01680687499999996,8,0.2734375,1.0
confidence,l2,stress-low,structural_difference_in_differences,-0.016424374999999956,0.013323208385986749,-0.02500812499999995,-0.007683750000000017,8,0.0234375,1.0
confidence,lattice_round,stress-low,structural_difference_in_differences,5.812500000001303e-05,0.0008758054965898634,-0.0005199999999999372,0.000600015624999968,8,0.859375,1.0
confidence,logitguard_continuous,stress-low,structural_difference_in_differences,-0.004058124999999968,0.010615687158130034,-0.010822624999999985,0.0028606250000000055,8,0.2578125,1.0
confidence,logitguard_quantized,stress-low,structural_difference_in_differences,-0.003812499999999941,0.01018239236553543,-0.00979374999999997,0.003070000000000038,8,0.3125,1.0
confidence,measurementguard_continuous,stress-low,structural_difference_in_differences,-0.01369,0.019986436829581615,-0.027601250000000042,-0.0016960312500000003,8,0.09375,1.0
confidence,memgq_lattice,stress-low,structural_difference_in_differences,-0.014478750000000012,0.021860381605282475,-0.029390000000000013,-0.0008574531249999574,8,0.09375,1.0
confidence,memgq_lattice_sticky,stress-low,structural_difference_in_differences,-0.0031949999999999965,0.022385942495873872,-0.017853125000000004,0.011053125000000032,8,0.6953125,1.0
confidence,memguard,stress-low,structural_difference_in_differences,0.0025018750000000214,0.004561772789403559,-0.00016137499999995276,0.005723125000000051,8,0.1328125,1.0
confidence,dp_qml,stress-repetition,structural_difference_in_differences,-0.02260312499999998,0.018335094556906836,-0.03416117187499995,-0.01055249999999995,8,0.0078125,1.0
confidence,dynanoise,stress-repetition,structural_difference_in_differences,-0.004601874999999936,0.007953858873662688,-0.01010399999999998,0.00010190625000005653,8,0.171875,1.0
confidence,hamp_full,stress-repetition,structural_difference_in_differences,0.0022543750000000168,0.012793002394585093,-0.005454375000000053,0.011089265625000084,8,0.6640625,1.0
confidence,hamp_output,stress-repetition,structural_difference_in_differences,0.009013124999999997,0.03096427237703612,-0.010221874999999964,0.029822624999999943,8,0.4609375,1.0
confidence,hamp_train,stress-repetition,structural_difference_in_differences,2.3749999999989058e-05,0.014702165231692996,-0.008882109375000106,0.010106875000000057,8,0.9921875,1.0
confidence,l2,stress-repetition,structural_difference_in_differences,-0.0055012499999999576,0.01324506532098434,-0.014049999999999924,0.003235156250000015,8,0.2734375,1.0
confidence,lattice_round,stress-repetition,structural_difference_in_differences,0.0012237500000000373,0.0008007797539184476,0.0007474843749999995,0.001767546875000059,8,0.0078125,1.0
confidence,logitguard_continuous,stress-repetition,structural_difference_in_differences,-0.00729374999999996,0.017436908259288897,-0.018496531249999993,0.0038277499999999805,8,0.265625,1.0
confidence,logitguard_quantized,stress-repetition,structural_difference_in_differences,-0.0069462499999999455,0.016323150245236697,-0.0176456249999999,0.003481250000000047,8,0.265625,1.0
confidence,measurementguard_continuous,stress-repetition,structural_difference_in_differences,-0.0010225000000000095,0.030625599819198834,-0.019644187499999972,0.019555187499999932,8,0.9375,1.0
confidence,memgq_lattice,stress-repetition,structural_difference_in_differences,0.00515937499999998,0.03547908885501631,-0.017543906250000046,0.028296874999999957,8,0.6796875,1.0
confidence,memgq_lattice_sticky,stress-repetition,structural_difference_in_differences,0.006415000000000032,0.032156890952240405,-0.014546874999999904,0.02662124999999997,8,0.59375,1.0
confidence,memguard,stress-repetition,structural_difference_in_differences,0.0017937500000000245,0.006196613562491756,-0.0018149999999999555,0.006074999999999983,8,0.5,1.0
correctness,dp_qml,repetition-low,structural_difference_in_differences,-0.019937500000000066,0.020082752906056336,-0.033125000000000064,-0.007250000000000083,8,0.03125,1.0
correctness,dynanoise,repetition-low,structural_difference_in_differences,-0.03231250000000004,0.020732888813945586,-0.04612656250000007,-0.01956250000000003,8,0.0078125,1.0
correctness,hamp_full,repetition-low,structural_difference_in_differences,0.0013749999999999873,0.026728462624807183,-0.01575000000000007,0.01868906250000004,8,0.8984375,1.0
correctness,hamp_output,repetition-low,structural_difference_in_differences,0.0,0.0,0.0,0.0,8,1.0,1.0
correctness,hamp_train,repetition-low,structural_difference_in_differences,0.0013749999999999873,0.026728462624807183,-0.016312499999999994,0.018690624999999975,8,0.8984375,1.0
correctness,l2,repetition-low,structural_difference_in_differences,-0.015562500000000028,0.03793174085493203,-0.03912656250000007,0.010249999999999988,8,0.28125,1.0
correctness,lattice_round,repetition-low,structural_difference_in_differences,6.24999999999376e-05,0.008347101721127887,-0.005874999999999991,0.004499999999999921,8,1.0,1.0
correctness,logitguard_continuous,repetition-low,structural_difference_in_differences,0.0,0.0,0.0,0.0,8,1.0,1.0
correctness,logitguard_quantized,repetition-low,structural_difference_in_differences,0.0,0.0,0.0,0.0,8,1.0,1.0
correctness,measurementguard_continuous,repetition-low,structural_difference_in_differences,0.0,0.0,0.0,0.0,8,1.0,1.0
correctness,memgq_lattice,repetition-low,structural_difference_in_differences,0.0,0.0,0.0,0.0,8,1.0,1.0
correctness,memgq_lattice_sticky,repetition-low,structural_difference_in_differences,0.0011249999999999871,0.008517838424657484,-0.003500000000000017,0.007312499999999986,8,0.8203125,1.0
correctness,memguard,repetition-low,structural_difference_in_differences,0.0,0.0,0.0,0.0,8,1.0,1.0
correctness,dp_qml,stress-low,structural_difference_in_differences,-0.039062500000000014,0.02672938123916394,-0.057562499999999954,-0.023999999999999973,8,0.0078125,1.0
correctness,dynanoise,stress-low,structural_difference_in_differences,-0.04131250000000001,0.02935367767175251,-0.060124999999999984,-0.021562500000000026,8,0.015625,1.0
correctness,hamp_full,stress-low,structural_difference_in_differences,0.008750000000000022,0.021174445514750593,-0.005251562499999988,0.02187500000000002,8,0.2890625,1.0
correctness,hamp_output,stress-low,structural_difference_in_differences,0.0,0.0,0.0,0.0,8,1.0,1.0
correctness,hamp_train,stress-low,structural_difference_in_differences,0.008750000000000022,0.021174445514750593,-0.005374999999999935,0.022062500000000013,8,0.2890625,1.0
correctness,l2,stress-low,structural_difference_in_differences,-0.005374999999999998,0.023289712627804483,-0.01974999999999994,0.01037499999999999,8,0.53125,1.0
correctness,lattice_round,stress-low,structural_difference_in_differences,0.0018125000000000085,0.008602065781792519,-0.003937499999999955,0.007126562500000024,8,0.578125,1.0
correctness,logitguard_continuous,stress-low,structural_difference_in_differences,0.0,0.0,0.0,0.0,8,1.0,1.0
correctness,logitguard_quantized,stress-low,structural_difference_in_differences,0.0,0.0,0.0,0.0,8,1.0,1.0
correctness,measurementguard_continuous,stress-low,structural_difference_in_differences,0.0,0.0,0.0,0.0,8,1.0,1.0
correctness,memgq_lattice,stress-low,structural_difference_in_differences,0.0,0.0,0.0,0.0,8,1.0,1.0
correctness,memgq_lattice_sticky,stress-low,structural_difference_in_differences,0.0031875000000000375,0.007745678518650568,-0.0017499999999999044,0.008375000000000007,8,0.3046875,1.0
correctness,memguard,stress-low,structural_difference_in_differences,0.0,0.0,0.0,0.0,8,1.0,1.0
correctness,dp_qml,stress-repetition,structural_difference_in_differences,-0.019124999999999948,0.02909559367719742,-0.03824999999999996,-0.0006874999999999798,8,0.109375,1.0
correctness,dynanoise,stress-repetition,structural_difference_in_differences,-0.008999999999999966,0.04064216670264658,-0.03468749999999998,0.017378124999999984,8,0.5625,1.0
correctness,hamp_full,stress-repetition,structural_difference_in_differences,0.007375000000000034,0.024367352280107446,-0.007501562500000032,0.02312500000000002,8,0.3671875,1.0
correctness,hamp_output,stress-repetition,structural_difference_in_differences,0.0,0.0,0.0,0.0,8,1.0,1.0
correctness,hamp_train,stress-repetition,structural_difference_in_differences,0.007375000000000034,0.024367352280107446,-0.007749999999999979,0.023562500000000056,8,0.3671875,1.0
correctness,l2,stress-repetition,structural_difference_in_differences,0.01018750000000003,0.040238518770664825,-0.014564062500000004,0.03656250000000004,8,0.5078125,1.0
correctness,lattice_round,stress-repetition,structural_difference_in_differences,0.001750000000000071,0.009639946650711854,-0.004437499999999872,0.007875000000000076,8,0.65625,1.0
correctness,logitguard_continuous,stress-repetition,structural_difference_in_differences,0.0,0.0,0.0,0.0,8,1.0,1.0
correctness,logitguard_quantized,stress-repetition,structural_difference_in_differences,0.0,0.0,0.0,0.0,8,1.0,1.0
correctness,measurementguard_continuous,stress-repetition,structural_difference_in_differences,0.0,0.0,0.0,0.0,8,1.0,1.0
correctness,memgq_lattice,stress-repetition,structural_difference_in_differences,0.0,0.0,0.0,0.0,8,1.0,1.0
correctness,memgq_lattice_sticky,stress-repetition,structural_difference_in_differences,0.0020625000000000504,0.010008701571275721,-0.005062499999999942,0.007937500000000042,8,0.5859375,1.0
correctness,memguard,stress-repetition,structural_difference_in_differences,0.0,0.0,0.0,0.0,8,1.0,1.0
entropy,dp_qml,repetition-low,structural_difference_in_differences,-0.028811875000000015,0.026070194247933824,-0.045811875000000016,-0.012740124999999944,8,0.0078125,1.0
entropy,dynanoise,repetition-low,structural_difference_in_differences,-0.013352499999999969,0.01871896612682293,-0.02545031249999996,-0.0010899999999999244,8,0.09375,1.0
entropy,hamp_full,repetition-low,structural_difference_in_differences,-0.018868125000000048,0.0280876083426609,-0.03719646875000006,-0.0007493750000000798,8,0.109375,1.0
entropy,hamp_output,repetition-low,structural_difference_in_differences,-0.019451250000000052,0.032113189407602806,-0.040536875000000056,0.0009224687499999721,8,0.1328125,1.0
entropy,hamp_train,repetition-low,structural_difference_in_differences,0.007226249999999969,0.016692170266753348,-0.0034284531250000105,0.01800574999999998,8,0.2734375,1.0
entropy,l2,repetition-low,structural_difference_in_differences,-0.0077281249999999885,0.009169721111781826,-0.013382499999999985,-0.001585624999999924,8,0.078125,1.0
entropy,lattice_round,repetition-low,structural_difference_in_differences,-0.001073750000000026,0.0022276809690797506,-0.002597531250000037,0.0002631562500000157,8,0.2265625,1.0
entropy,logitguard_continuous,repetition-low,structural_difference_in_differences,-0.001753125000000029,0.015244168425405966,-0.012158750000000072,0.007562265624999963,8,0.765625,1.0
entropy,logitguard_quantized,repetition-low,structural_difference_in_differences,-0.0025918749999999796,0.015174624245171376,-0.01234249999999995,0.007137406249999994,8,0.65625,1.0
entropy,measurementguard_continuous,repetition-low,structural_difference_in_differences,-0.018198124999999954,0.02759184946132514,-0.036611812499999986,-0.0009224999999999095,8,0.109375,1.0
entropy,memgq_lattice,repetition-low,structural_difference_in_differences,-0.02594312500000001,0.025931342857837405,-0.04243407812499996,-0.009141124999999991,8,0.03125,1.0
entropy,memgq_lattice_sticky,repetition-low,structural_difference_in_differences,-0.015073125000000048,0.033165431437126115,-0.036723750000000055,0.006242640624999887,8,0.25,1.0
entropy,memguard,repetition-low,structural_difference_in_differences,0.0011462500000000223,0.011647396934815226,-0.006180281249999977,0.00880375000000004,8,0.8203125,1.0
entropy,dp_qml,stress-low,structural_difference_in_differences,-0.03614625000000002,0.019282509978512347,-0.04816500000000004,-0.02312249999999999,8,0.015625,1.0
entropy,dynanoise,stress-low,structural_difference_in_differences,-0.02227375000000003,0.02116044520021801,-0.03591509375000002,-0.008235,8,0.046875,1.0
entropy,hamp_full,stress-low,structural_difference_in_differences,-0.022613750000000002,0.033045217154464526,-0.044529734375000005,-0.0010262500000000063,8,0.09375,1.0
entropy,hamp_output,stress-low,structural_difference_in_differences,-0.011167500000000066,0.029251132212519303,-0.029488125000000046,0.007603906249999868,8,0.3125,1.0
entropy,hamp_train,stress-low,structural_difference_in_differences,0.0005518749999999864,0.022131278598642078,-0.013889078125000018,0.014837499999999955,8,0.9296875,1.0
entropy,l2,stress-low,structural_difference_in_differences,-0.014541250000000006,0.017703220600864045,-0.025158765625000055,-0.002175484375000015,8,0.078125,1.0
entropy,lattice_round,stress-low,structural_difference_in_differences,-4.000000000001225e-05,0.001639137403810724,-0.001096874999999963,0.0010056562499999953,8,0.9609375,1.0
entropy,logitguard_continuous,stress-low,structural_difference_in_differences,-0.012532500000000057,0.018951972381334274,-0.025148171875000104,-0.0006050000000000569,8,0.1171875,1.0
entropy,logitguard_quantized,stress-low,structural_difference_in_differences,-0.01186187499999998,0.0194538192977075,-0.02455999999999999,0.00031371875000002215,8,0.140625,1.0
entropy,measurementguard_continuous,stress-low,structural_difference_in_differences,-0.024002499999999982,0.017265786978878206,-0.03402124999999998,-0.011743468750000015,8,0.0234375,1.0
entropy,memgq_lattice,stress-low,structural_difference_in_differences,-0.018845000000000008,0.04192439240551291,-0.04643007812500003,0.008031875000000008,8,0.2421875,1.0
entropy,memgq_lattice_sticky,stress-low,structural_difference_in_differences,-0.013712500000000051,0.0324699415943863,-0.035196875000000044,0.006783843749999928,8,0.3046875,1.0
entropy,memguard,stress-low,structural_difference_in_differences,0.000981875000000021,0.009925383021576547,-0.004877499999999972,0.007823703125000055,8,0.8203125,1.0
entropy,dp_qml,stress-repetition,structural_difference_in_differences,-0.007334375000000004,0.016630502835259405,-0.01836317187499999,0.003332656249999999,8,0.25,1.0
entropy,dynanoise,stress-repetition,structural_difference_in_differences,-0.008921250000000061,0.012987232672898396,-0.017406593750000022,-0.0005776718750000271,8,0.09375,1.0
entropy,hamp_full,stress-repetition,structural_difference_in_differences,-0.003745624999999954,0.0229439611472169,-0.019158749999999954,0.010556640624999999,8,0.6484375,1.0
entropy,hamp_output,stress-repetition,structural_difference_in_differences,0.008283749999999986,0.033193897325304485,-0.013708203125000014,0.02946749999999996,8,0.5234375,1.0
entropy,hamp_train,stress-repetition,structural_difference_in_differences,-0.006674374999999982,0.01822461374027288,-0.018995828124999975,0.004319375000000021,8,0.40625,1.0
entropy,l2,stress-repetition,structural_difference_in_differences,-0.006813125000000017,0.015935897692563726,-0.016915000000000013,0.0034976093750000124,8,0.2734375,1.0
entropy,lattice_round,stress-repetition,structural_difference_in_differences,0.0010337500000000138,0.0014282650564333404,0.00018750000000005568,0.002014437500000018,8,0.078125,1.0
entropy,logitguard_continuous,stress-repetition,structural_difference_in_differences,-0.010779375000000029,0.018344366094545615,-0.02340375000000007,-0.00036250000000004334,8,0.1796875,1.0
entropy,logitguard_quantized,stress-repetition,structural_difference_in_differences,-0.00927,0.017158412763756112,-0.021159343750000042,0.0007943749999999999,8,0.21875,1.0
entropy,measurementguard_continuous,stress-repetition,structural_difference_in_differences,-0.005804375000000028,0.03598515243794502,-0.02476479687500006,0.020426874999999928,8,0.7265625,1.0
entropy,memgq_lattice,stress-repetition,structural_difference_in_differences,0.007098125000000004,0.05218626495116862,-0.02284062499999999,0.044423609374999985,8,0.734375,1.0
entropy,memgq_lattice_sticky,stress-repetition,structural_difference_in_differences,0.0013606249999999973,0.0527175723913695,-0.03430700000000005,0.03477145312499995,8,0.9375,1.0
entropy,memguard,stress-repetition,structural_difference_in_differences,-0.00016437500000000133,0.009588187463712029,-0.006069031249999983,0.0060319062499999895,8,0.9609375,1.0
global_true_class_log_odds,dp_qml,repetition-low,structural_difference_in_differences,-0.040675000000000044,0.04171707427078612,-0.06738750000000004,-0.01294375000000008,8,0.0390625,1.0
global_true_class_log_odds,dynanoise,repetition-low,structural_difference_in_differences,-0.00024374999999998703,0.004324303205637405,-0.003175000000000025,0.002418750000000039,8,0.9140625,1.0
global_true_class_log_odds,hamp_full,repetition-low,structural_difference_in_differences,0.008131249999999972,0.027051840939468167,-0.009063281250000036,0.025525937499999953,8,0.453125,1.0
global_true_class_log_odds,hamp_train,repetition-low,structural_difference_in_differences,0.014531249999999968,0.019790996103928527,0.0011187499999999878,0.026825937499999973,8,0.0859375,1.0
global_true_class_log_odds,l2,repetition-low,structural_difference_in_differences,-0.01280625000000004,0.020069778942123754,-0.025163125000000047,0.00025624999999996484,8,0.140625,1.0
global_true_class_log_odds,lattice_round,repetition-low,structural_difference_in_differences,-0.001125000000000001,0.002144761058952742,-0.00251265625,0.00022499999999997695,8,0.1953125,1.0
global_true_class_log_odds,logitguard_continuous,repetition-low,structural_difference_in_differences,0.00363124999999994,0.018181131064532622,-0.008362500000000023,0.015307343749999916,8,0.59375,1.0
global_true_class_log_odds,logitguard_quantized,repetition-low,structural_difference_in_differences,0.001237499999999954,0.017557716048995208,-0.010131718750000063,0.01231874999999994,8,0.7890625,1.0
global_true_class_log_odds,measurementguard_continuous,repetition-low,structural_difference_in_differences,-0.018200000000000008,0.02845678427771789,-0.03701250000000002,-0.0002981249999999955,8,0.1328125,1.0
global_true_class_log_odds,memgq_lattice,repetition-low,structural_difference_in_differences,-0.010581249999999973,0.023234594550552674,-0.02508749999999997,0.0052687500000000165,8,0.234375,1.0
global_true_class_log_odds,memgq_lattice_sticky,repetition-low,structural_difference_in_differences,-0.008006250000000027,0.015231767496631148,-0.018481406250000054,0.00122499999999999,8,0.1796875,1.0
global_true_class_log_odds,memguard,repetition-low,structural_difference_in_differences,0.0017999999999999822,0.0068767205639233536,-0.0023687500000000444,0.006562500000000013,8,0.46875,1.0
global_true_class_log_odds,dp_qml,stress-low,structural_difference_in_differences,-0.06785000000000006,0.019552548244593182,-0.08061250000000006,-0.05538078125000008,8,0.0078125,1.0
global_true_class_log_odds,dynanoise,stress-low,structural_difference_in_differences,0.00021875000000003142,0.00652719243407363,-0.003599999999999909,0.004712500000000022,8,0.9296875,1.0
global_true_class_log_odds,hamp_full,stress-low,structural_difference_in_differences,-0.004606250000000055,0.03674674366039608,-0.028062812500000076,0.01885218749999992,8,0.7421875,1.0
global_true_class_log_odds,hamp_train,stress-low,structural_difference_in_differences,0.002843750000000006,0.024813208428173885,-0.013044062499999993,0.019082031249999982,8,0.75,1.0
global_true_class_log_odds,l2,stress-low,structural_difference_in_differences,-0.027806249999999984,0.019910880684762704,-0.04088843750000005,-0.01512500000000002,8,0.0078125,1.0
global_true_class_log_odds,lattice_round,stress-low,structural_difference_in_differences,0.0005999999999999756,0.0020001785634572978,-0.0005499999999999128,0.0019999999999999046,8,0.5078125,1.0
global_true_class_log_odds,logitguard_continuous,stress-low,structural_difference_in_differences,-0.0031062500000000673,0.013361416667297813,-0.01158750000000007,0.005093749999999918,8,0.5546875,1.0
global_true_class_log_odds,logitguard_quantized,stress-low,structural_difference_in_differences,-0.0030625000000000444,0.01209461952392768,-0.011043750000000088,0.004362500000000019,8,0.5078125,1.0
global_true_class_log_odds,measurementguard_continuous,stress-low,structural_difference_in_differences,-0.00855000000000003,0.017787716467912836,-0.02006250000000008,0.002937812499999993,8,0.1640625,1.0
global_true_class_log_odds,memgq_lattice,stress-low,structural_difference_in_differences,-0.011206250000000001,0.027705845663479917,-0.029774999999999954,0.00524390624999996,8,0.3359375,1.0
global_true_class_log_odds,memgq_lattice_sticky,stress-low,structural_difference_in_differences,0.0030999999999999847,0.02420525326688994,-0.012306250000000019,0.01958781249999991,8,0.7578125,1.0
global_true_class_log_odds,memguard,stress-low,structural_difference_in_differences,0.004106249999999978,0.007438050699900238,-0.0005437500000000581,0.008906250000000025,8,0.171875,1.0
global_true_class_log_odds,dp_qml,stress-repetition,structural_difference_in_differences,-0.02717500000000002,0.02916865979584446,-0.04621281250000001,-0.00849999999999998,8,0.0625,1.0
global_true_class_log_odds,dynanoise,stress-repetition,structural_difference_in_differences,0.00046250000000001845,0.004448093492080061,-0.0021874999999999395,0.0034749999999999504,8,0.8125,1.0
global_true_class_log_odds,hamp_full,stress-repetition,structural_difference_in_differences,-0.012737500000000027,0.04459942144083424,-0.04087500000000002,0.015950624999999954,8,0.4375,1.0
global_true_class_log_odds,hamp_train,stress-repetition,structural_difference_in_differences,-0.011687499999999962,0.020956106338180815,-0.025362499999999955,0.001987500000000031,8,0.171875,1.0
global_true_class_log_odds,l2,stress-repetition,structural_difference_in_differences,-0.014999999999999944,0.015241109820857126,-0.02363749999999995,-0.0039124999999999716,8,0.03125,1.0
global_true_class_log_odds,lattice_round,stress-repetition,structural_difference_in_differences,0.0017249999999999766,0.002106961251253954,0.00027500000000001064,0.002999999999999975,8,0.0703125,1.0
global_true_class_log_odds,logitguard_continuous,stress-repetition,structural_difference_in_differences,-0.006737500000000007,0.02028651469748875,-0.020449999999999968,0.005912499999999973,8,0.3828125,1.0
global_true_class_log_odds,logitguard_quantized,stress-repetition,structural_difference_in_differences,-0.004299999999999998,0.017763988451760603,-0.01598781249999996,0.007132187499999925,8,0.5,1.0
global_true_class_log_odds,measurementguard_continuous,stress-repetition,structural_difference_in_differences,0.009649999999999978,0.03789255486617018,-0.013900000000000051,0.03538781250000004,8,0.515625,1.0
global_true_class_log_odds,memgq_lattice,stress-repetition,structural_difference_in_differences,-0.0006250000000000283,0.04234476692242247,-0.027849999999999986,0.026300624999999953,8,0.96875,1.0
global_true_class_log_odds,memgq_lattice_sticky,stress-repetition,structural_difference_in_differences,0.011106250000000012,0.035679870650590285,-0.011075937499999921,0.0348851562499999,8,0.40625,1.0
global_true_class_log_odds,memguard,stress-repetition,structural_difference_in_differences,0.002306249999999996,0.0057508035152862794,-0.0005437500000000511,0.006437499999999999,8,0.4453125,1.0
label_only_hsj,dp_qml,repetition-low,structural_difference_in_differences,0.021875000000000012,0.08022012127354869,-0.02984374999999996,0.07406249999999998,8,0.4921875,1.0
label_only_hsj,dynanoise,repetition-low,structural_difference_in_differences,-0.016406250000000004,0.07212166524848332,-0.06609375,0.02781640624999996,8,0.578125,1.0
label_only_hsj,hamp_train,repetition-low,structural_difference_in_differences,-0.00015625000000001749,0.08246329675983124,-0.057812500000000024,0.04843749999999998,8,1.0,1.0
label_only_hsj,l2,repetition-low,structural_difference_in_differences,-0.02296874999999997,0.04638223133839698,-0.054847656249999995,0.004535156250000005,8,0.21875,1.0
label_only_hsj,lattice_round,repetition-low,structural_difference_in_differences,0.007343749999999989,0.02514633511354803,-0.009062500000000036,0.02312500000000005,8,0.4453125,1.0
label_only_hsj,memgq_lattice_sticky,repetition-low,structural_difference_in_differences,0.001406249999999977,0.014227700283501295,-0.007187499999999986,0.011249999999999982,8,0.828125,1.0
label_only_hsj,dp_qml,stress-low,structural_difference_in_differences,-0.00875000000000005,0.10428112758993627,-0.07421875000000008,0.05796874999999996,8,0.8125,1.0
label_only_hsj,dynanoise,stress-low,structural_difference_in_differences,-0.024687500000000036,0.08428997038285671,-0.08078515625000002,0.02812499999999997,8,0.4375,1.0
label_only_hsj,hamp_train,stress-low,structural_difference_in_differences,-0.014218750000000023,0.10287374695470175,-0.08187500000000006,0.04984375000000002,8,0.703125,1.0
label_only_hsj,l2,stress-low,structural_difference_in_differences,-0.021093749999999967,0.07402472288508942,-0.06797265624999996,0.02796875000000002,8,0.3984375,1.0
label_only_hsj,lattice_round,stress-low,structural_difference_in_differences,-2.0816681711721685e-17,0.020766559657295222,-0.013124999999999977,0.013750000000000012,8,1.0,1.0
label_only_hsj,memgq_lattice_sticky,stress-low,structural_difference_in_differences,-0.002031250000000019,0.01565443655736515,-0.011562499999999976,0.008437499999999945,8,0.7421875,1.0
label_only_hsj,dp_qml,stress-repetition,structural_difference_in_differences,-0.030625000000000062,0.06852723650386862,-0.07171875000000005,0.01703124999999992,8,0.2578125,1.0
label_only_hsj,dynanoise,stress-repetition,structural_difference_in_differences,-0.008281250000000032,0.09475753244654034,-0.07515625000000004,0.04703515624999995,8,0.828125,1.0
label_only_hsj,hamp_train,stress-repetition,structural_difference_in_differences,-0.014062500000000006,0.06891619522496668,-0.06078125000000002,0.03015625000000001,8,0.609375,1.0
label_only_hsj,l2,stress-repetition,structural_difference_in_differences,0.0018750000000000017,0.06669828119438845,-0.03937499999999995,0.04641406249999988,8,0.9140625,1.0
label_only_hsj,lattice_round,stress-repetition,structural_difference_in_differences,-0.00734375000000001,0.014430212291775648,-0.01625,0.0024999999999999606,8,0.21875,1.0
label_only_hsj,memgq_lattice_sticky,stress-repetition,structural_difference_in_differences,-0.003437499999999996,0.014011315580119992,-0.012343749999999973,0.00562499999999995,8,0.53125,1.0
learned_pv_stats_logistic,dp_qml,repetition-low,structural_difference_in_differences,-0.01335875000000001,0.012419807265010201,-0.02076125000000001,-0.005057375000000035,8,0.03125,1.0
learned_pv_stats_logistic,dynanoise,repetition-low,structural_difference_in_differences,0.02571499999999998,0.02770113819219092,0.00829299999999992,0.043897218749999946,8,0.0390625,1.0
learned_pv_stats_logistic,hamp_full,repetition-low,structural_difference_in_differences,0.03156999999999999,0.05849396843143012,-0.006136750000000028,0.0686425,8,0.1796875,1.0
learned_pv_stats_logistic,hamp_output,repetition-low,structural_difference_in_differences,0.017137500000000028,0.028051119025297905,0.0008462500000000345,0.03689625000000005,8,0.140625,1.0
learned_pv_stats_logistic,hamp_train,repetition-low,structural_difference_in_differences,0.013298124999999973,0.0464006343812468,-0.016916359375000002,0.04277249999999997,8,0.4375,1.0
learned_pv_stats_logistic,l2,repetition-low,structural_difference_in_differences,-0.021461250000000057,0.03853766967434028,-0.04918750000000003,0.0005724999999999203,8,0.1953125,1.0
learned_pv_stats_logistic,lattice_round,repetition-low,structural_difference_in_differences,-0.0021900000000000183,0.007866095873158067,-0.007516906250000061,0.0025650625000000027,8,0.515625,1.0
learned_pv_stats_logistic,logitguard_continuous,repetition-low,structural_difference_in_differences,-0.010079999999999985,0.03475096011006639,-0.030456468749999934,0.014769999999999978,8,0.453125,1.0
learned_pv_stats_logistic,logitguard_quantized,repetition-low,structural_difference_in_differences,-0.009586249999999977,0.034307475002853666,-0.02984451562499997,0.013637437499999999,8,0.46875,1.0
learned_pv_stats_logistic,measurementguard_continuous,repetition-low,structural_difference_in_differences,0.0007837499999999997,0.029098374003419084,-0.01656249999999998,0.020630499999999885,8,0.9375,1.0
learned_pv_stats_logistic,memgq_lattice,repetition-low,structural_difference_in_differences,-0.005371875000000026,0.01708370588298773,-0.01486812500000001,0.0071619687499999895,8,0.3828125,1.0
learned_pv_stats_logistic,memgq_lattice_sticky,repetition-low,structural_difference_in_differences,-0.016230625000000047,0.02155711689533839,-0.03073223437500004,-0.0032575000000000867,8,0.0703125,1.0
learned_pv_stats_logistic,memguard,repetition-low,structural_difference_in_differences,-0.00555062500000001,0.026344035979637397,-0.022245796875000022,0.012243328125000012,8,0.5546875,1.0
learned_pv_stats_logistic,dp_qml,stress-low,structural_difference_in_differences,-0.039912499999999976,0.04030892377271175,-0.06755315625000007,-0.01581250000000005,8,0.0234375,1.0
learned_pv_stats_logistic,dynanoise,stress-low,structural_difference_in_differences,0.005245624999999983,0.04530882312668252,-0.02624562500000001,0.03171424999999992,8,0.7890625,1.0
learned_pv_stats_logistic,hamp_full,stress-low,structural_difference_in_differences,0.00319437500000002,0.04526017702742198,-0.02579750000000005,0.03227031250000006,8,0.859375,1.0
learned_pv_stats_logistic,hamp_output,stress-low,structural_difference_in_differences,-0.012292499999999977,0.014321053183537633,-0.02164299999999996,-0.002958531250000026,8,0.0546875,1.0
learned_pv_stats_logistic,hamp_train,stress-low,structural_difference_in_differences,0.002723124999999979,0.03910243789782893,-0.024566874999999953,0.02516195312499991,8,0.8671875,1.0
learned_pv_stats_logistic,l2,stress-low,structural_difference_in_differences,-0.031972500000000015,0.04925144515646212,-0.06308646875000001,0.00023149999999996402,8,0.125,1.0
learned_pv_stats_logistic,lattice_round,stress-low,structural_difference_in_differences,-0.0008662499999999365,0.010281210236570934,-0.007284515624999873,0.005874406250000077,8,0.8125,1.0
learned_pv_stats_logistic,logitguard_continuous,stress-low,structural_difference_in_differences,-0.0029212499999999725,0.010289337667841314,-0.009889000000000035,0.0033593750000000472,8,0.453125,1.0
learned_pv_stats_logistic,logitguard_quantized,stress-low,structural_difference_in_differences,-0.0021068749999999525,0.010656492299298088,-0.009231468749999926,0.004549375000000043,8,0.6015625,1.0
learned_pv_stats_logistic,measurementguard_continuous,stress-low,structural_difference_in_differences,-0.001213124999999926,0.03459841727774554,-0.02555999999999991,0.019864125000000104,8,0.9375,1.0
learned_pv_stats_logistic,memgq_lattice,stress-low,structural_difference_in_differences,-0.004377500000000006,0.031985823980543095,-0.02491562500000001,0.016160624999999998,8,0.7109375,1.0
learned_pv_stats_logistic,memgq_lattice_sticky,stress-low,structural_difference_in_differences,-0.012928749999999975,0.03609080094012878,-0.03623817187499997,0.01000168750000001,8,0.3359375,1.0
learned_pv_stats_logistic,memguard,stress-low,structural_difference_in_differences,-0.011681250000000004,0.01893456585001539,-0.023598093749999972,0.0006287499999999696,8,0.125,1.0
learned_pv_stats_logistic,dp_qml,stress-repetition,structural_difference_in_differences,-0.026553749999999966,0.040642019753487434,-0.0544575,-0.0021412499999999,8,0.125,1.0
learned_pv_stats_logistic,dynanoise,stress-repetition,structural_difference_in_differences,-0.020469374999999998,0.036405729576292595,-0.04434187500000002,0.0033937500000000426,8,0.171875,1.0
learned_pv_stats_logistic,hamp_full,stress-repetition,structural_difference_in_differences,-0.028375624999999967,0.03243420058226676,-0.048340624999999984,-0.006588124999999946,8,0.0546875,1.0
learned_pv_stats_logistic,hamp_output,stress-repetition,structural_difference_in_differences,-0.029430000000000005,0.034290688032092405,-0.052996249999999995,-0.00844925000000001,8,0.0390625,1.0
learned_pv_stats_logistic,hamp_train,stress-repetition,structural_difference_in_differences,-0.010574999999999994,0.03244731366824864,-0.031819437499999936,0.010274687500000039,8,0.375,1.0
learned_pv_stats_logistic,l2,stress-repetition,structural_difference_in_differences,-0.010511249999999958,0.04305153736677538,-0.038859999999999964,0.016462500000000033,8,0.5,1.0
learned_pv_stats_logistic,lattice_round,stress-repetition,structural_difference_in_differences,0.0013237500000000818,0.008732114271060378,-0.004334999999999881,0.00687437500000003,8,0.65625,1.0
learned_pv_stats_logistic,logitguard_continuous,stress-repetition,structural_difference_in_differences,0.007158750000000012,0.027581412186729704,-0.013167499999999943,0.022190156249999957,8,0.5,1.0
learned_pv_stats_logistic,logitguard_quantized,stress-repetition,structural_difference_in_differences,0.007479375000000024,0.027730914342442015,-0.011980374999999944,0.022448359375000077,8,0.5078125,1.0
learned_pv_stats_logistic,measurementguard_continuous,stress-repetition,structural_difference_in_differences,-0.001996874999999926,0.03190538388708314,-0.021894374999999924,0.019168281250000047,8,0.8515625,1.0
learned_pv_stats_logistic,memgq_lattice,stress-repetition,structural_difference_in_differences,0.0009943750000000195,0.029157355410831965,-0.017269015625,0.020108906250000034,8,0.9296875,1.0
learned_pv_stats_logistic,memgq_lattice_sticky,stress-repetition,structural_difference_in_differences,0.003301875000000072,0.04039348019681779,-0.022462499999999837,0.02988934375000001,8,0.828125,1.0
learned_pv_stats_logistic,memguard,stress-repetition,structural_difference_in_differences,-0.006130624999999994,0.026377610424305396,-0.02538937499999995,0.005342499999999972,8,0.9375,1.0
lira_offline,dp_qml,repetition-low,structural_difference_in_differences,-0.02196249999999999,0.07261955536512577,-0.0689999999999999,0.024612499999999947,8,0.4375,1.0
lira_offline,dynanoise,repetition-low,structural_difference_in_differences,0.010562499999999968,0.03146971049392458,-0.00907500000000002,0.031788124999999945,8,0.4296875,1.0
lira_offline,hamp_full,repetition-low,structural_difference_in_differences,-0.0148125,0.06398485172288827,-0.05662687500000007,0.026362500000000018,8,0.5234375,1.0
lira_offline,hamp_train,repetition-low,structural_difference_in_differences,-0.010275,0.026862812851332483,-0.02871374999999998,0.006013437499999975,8,0.359375,1.0
lira_offline,l2,repetition-low,structural_difference_in_differences,-0.013237500000000041,0.03859466793298186,-0.03852500000000003,0.011287499999999895,8,0.359375,1.0
lira_offline,lattice_round,repetition-low,structural_difference_in_differences,-0.000537500000000038,0.006683655436959706,-0.005012500000000114,0.0036503125000000363,8,0.8203125,1.0
lira_offline,logitguard_continuous,repetition-low,structural_difference_in_differences,0.011499999999999982,0.039936628371887974,-0.013225,0.038187499999999985,8,0.421875,1.0
lira_offline,logitguard_quantized,repetition-low,structural_difference_in_differences,0.010693750000000023,0.03861856915951928,-0.013756249999999998,0.03623750000000007,8,0.4375,1.0
lira_offline,measurementguard_continuous,repetition-low,structural_difference_in_differences,-0.029312499999999984,0.03217272302965438,-0.04917687499999997,-0.007722500000000059,8,0.046875,1.0
lira_offline,memgq_lattice,repetition-low,structural_difference_in_differences,-0.014800000000000035,0.03540282474605664,-0.04026375000000006,0.003987499999999991,8,0.28125,1.0
lira_offline,memgq_lattice_sticky,repetition-low,structural_difference_in_differences,-0.010275000000000034,0.027490972544247573,-0.027800937500000074,0.007824999999999971,8,0.328125,1.0
lira_offline,memguard,repetition-low,structural_difference_in_differences,0.01239374999999996,0.0350829062721434,-0.007825000000000006,0.037362812499999946,8,0.40625,1.0
lira_offline,dp_qml,stress-low,structural_difference_in_differences,-0.048400000000000026,0.03195206230768658,-0.06986250000000008,-0.029537500000000057,8,0.0078125,1.0
lira_offline,dynanoise,stress-low,structural_difference_in_differences,0.01403749999999996,0.03240405342810413,-0.004387500000000044,0.03722499999999996,8,0.28125,1.0
lira_offline,hamp_full,stress-low,structural_difference_in_differences,-0.010049999999999955,0.08332787220200866,-0.06370031249999994,0.043862812499999994,8,0.734375,1.0
lira_offline,hamp_train,stress-low,structural_difference_in_differences,-0.013212500000000023,0.045530694121030654,-0.04438749999999999,0.014113124999999963,8,0.4453125,1.0
lira_offline,l2,stress-low,structural_difference_in_differences,-0.027137500000000078,0.03815292302975338,-0.05272593750000006,-0.0029125000000000817,8,0.09375,1.0
lira_offline,lattice_round,stress-low,structural_difference_in_differences,0.0030000000000000443,0.005806154370271995,-0.0008374999999999772,0.006687499999999999,8,0.1953125,1.0
lira_offline,logitguard_continuous,stress-low,structural_difference_in_differences,0.008674999999999988,0.046669560284438624,-0.02134999999999998,0.03901343749999996,8,0.609375,1.0
lira_offline,logitguard_quantized,stress-low,structural_difference_in_differences,0.010493750000000003,0.04525609222998121,-0.018856406250000003,0.03974999999999994,8,0.53125,1.0
lira_offline,measurementguard_continuous,stress-low,structural_difference_in_differences,-0.01736249999999996,0.054981449793803795,-0.05339999999999993,0.01655249999999998,8,0.4140625,1.0
lira_offline,memgq_lattice,stress-low,structural_difference_in_differences,-0.021400000000000002,0.04181144750970896,-0.04862500000000004,0.005337812500000072,8,0.2109375,1.0
lira_offline,memgq_lattice_sticky,stress-low,structural_difference_in_differences,-0.004087499999999966,0.035736713315180885,-0.028087812499999913,0.01800000000000005,8,0.78125,1.0
lira_offline,memguard,stress-low,structural_difference_in_differences,0.01663124999999998,0.04791239727356585,-0.01545000000000004,0.04642031249999995,8,0.3203125,1.0
lira_offline,dp_qml,stress-repetition,structural_difference_in_differences,-0.026437500000000037,0.06456790307221427,-0.06490000000000007,0.017224999999999935,8,0.3046875,1.0
lira_offline,dynanoise,stress-repetition,structural_difference_in_differences,0.003474999999999992,0.019089245289279556,-0.009962499999999944,0.014549999999999926,8,0.609375,1.0
lira_offline,hamp_full,stress-repetition,structural_difference_in_differences,0.0047625000000000445,0.0470544346627241,-0.025388437499999937,0.03568750000000008,8,0.7734375,1.0
lira_offline,hamp_train,stress-repetition,structural_difference_in_differences,-0.0029375000000000234,0.021624717174038185,-0.017525000000000013,0.010537812499999959,8,0.734375,1.0
lira_offline,l2,stress-repetition,structural_difference_in_differences,-0.013900000000000037,0.03271810333308275,-0.034275937499999985,0.008276562499999899,8,0.265625,1.0
lira_offline,lattice_round,stress-repetition,structural_difference_in_differences,0.0035375000000000822,0.00322708957775532,0.0015496875000000816,0.0056875000000000675,8,0.015625,1.0
lira_offline,logitguard_continuous,stress-repetition,structural_difference_in_differences,-0.002824999999999994,0.03962191853723683,-0.02974999999999997,0.021225625000000026,8,0.8984375,1.0
lira_offline,logitguard_quantized,stress-repetition,structural_difference_in_differences,-0.0002000000000000196,0.03874027066798285,-0.026687656250000004,0.02278750000000003,8,0.9921875,1.0
lira_offline,measurementguard_continuous,stress-repetition,structural_difference_in_differences,0.011950000000000023,0.05660608245964891,-0.02476031250000002,0.04797500000000002,8,0.5703125,1.0
lira_offline,memgq_lattice,stress-repetition,structural_difference_in_differences,-0.006599999999999967,0.06363283069970366,-0.04602593749999998,0.03757500000000008,8,0.765625,1.0
lira_offline,memgq_lattice_sticky,stress-repetition,structural_difference_in_differences,0.006187500000000068,0.035699517303659556,-0.016288437500000037,0.029725625000000182,8,0.6484375,1.0
lira_offline,memguard,stress-repetition,structural_difference_in_differences,0.004237500000000019,0.02791241083409731,-0.014825000000000034,0.020725000000000077,8,0.734375,1.0
lira_offline_density_surprise,dp_qml,repetition-low,structural_difference_in_differences,-0.003937500000000059,0.06596572567845907,-0.04173750000000003,0.042951874999999924,8,0.8984375,1.0
lira_offline_density_surprise,dynanoise,repetition-low,structural_difference_in_differences,-0.02651250000000001,0.05166384304880375,-0.06397499999999998,0.0030262499999999274,8,0.171875,1.0
lira_offline_density_surprise,hamp_full,repetition-low,structural_difference_in_differences,-0.04970000000000001,0.0745273871041473,-0.09861406249999995,-0.001661875000000069,8,0.09375,1.0
lira_offline_density_surprise,hamp_train,repetition-low,structural_difference_in_differences,-0.046475,0.03231323258357175,-0.06566406250000006,-0.024012499999999957,8,0.0234375,1.0
lira_offline_density_surprise,l2,repetition-low,structural_difference_in_differences,-0.05316250000000006,0.035595221890424716,-0.07768781250000005,-0.03258625000000008,8,0.0078125,1.0
lira_offline_density_surprise,lattice_round,repetition-low,structural_difference_in_differences,0.0010249999999999565,0.00907047801543946,-0.004938125000000044,0.006925312499999968,8,0.6796875,1.0
lira_offline_density_surprise,logitguard_continuous,repetition-low,structural_difference_in_differences,-0.0045375,0.04475440720516488,-0.03326343750000002,0.02457593749999999,8,0.7734375,1.0
lira_offline_density_surprise,logitguard_quantized,repetition-low,structural_difference_in_differences,-0.004650000000000001,0.0459820151177144,-0.03447499999999999,0.02477562500000001,8,0.765625,1.0
lira_offline_density_surprise,measurementguard_continuous,repetition-low,structural_difference_in_differences,-0.020062499999999983,0.06308035549994946,-0.06103812500000006,0.018575937500000007,8,0.3828125,1.0
lira_offline_density_surprise,memgq_lattice,repetition-low,structural_difference_in_differences,-0.003574999999999974,0.0513365297396921,-0.036813124999999974,0.029450000000000046,8,0.8203125,1.0
lira_offline_density_surprise,memgq_lattice_sticky,repetition-low,structural_difference_in_differences,-0.024725000000000018,0.055029466132765124,-0.057625937500000037,0.01249343749999992,8,0.2421875,1.0
lira_offline_density_surprise,memguard,repetition-low,structural_difference_in_differences,-0.024500000000000043,0.02250136503795777,-0.03922531250000003,-0.010700000000000064,8,0.0078125,1.0
lira_offline_density_surprise,dp_qml,stress-low,structural_difference_in_differences,0.002224999999999963,0.06492641439132678,-0.038825000000000005,0.04453874999999996,8,0.9453125,1.0
lira_offline_density_surprise,dynanoise,stress-low,structural_difference_in_differences,-0.004487500000000033,0.04162507614750647,-0.031513750000000014,0.022325624999999946,8,0.7734375,1.0
lira_offline_density_surprise,hamp_full,stress-low,structural_difference_in_differences,-0.016225000000000017,0.04880177836338108,-0.04819999999999999,0.014387499999999977,8,0.359375,1.0
lira_offline_density_surprise,hamp_train,stress-low,structural_difference_in_differences,-0.030649999999999983,0.03222496813696747,-0.051562499999999956,-0.010737500000000039,8,0.0390625,1.0
lira_offline_density_surprise,l2,stress-low,structural_difference_in_differences,-0.029862500000000007,0.04982649718200717,-0.06299249999999994,0.0017249999999999557,8,0.1640625,1.0
lira_offline_density_surprise,lattice_round,stress-low,structural_difference_in_differences,0.0032624999999999876,0.00854416049541603,-0.002599999999999985,0.00858781249999996,8,0.3203125,1.0
lira_offline_density_surprise,logitguard_continuous,stress-low,structural_difference_in_differences,0.017850000000000005,0.05086842972666977,-0.014162500000000001,0.05172499999999995,8,0.359375,1.0
lira_offline_density_surprise,logitguard_quantized,stress-low,structural_difference_in_differences,0.01799999999999996,0.05071964961573432,-0.014675625000000062,0.051162499999999944,8,0.3515625,1.0
lira_offline_density_surprise,measurementguard_continuous,stress-low,structural_difference_in_differences,-0.006024999999999996,0.0591791167316889,-0.04487500000000004,0.03252812499999997,8,0.7890625,1.0
lira_offline_density_surprise,memgq_lattice,stress-low,structural_difference_in_differences,0.006750000000000013,0.0641406712958768,-0.036726875,0.04660000000000003,8,0.7578125,1.0
lira_offline_density_surprise,memgq_lattice_sticky,stress-low,structural_difference_in_differences,-0.006175000000000021,0.05503442429191799,-0.04086343750000001,0.028924999999999944,8,0.765625,1.0
lira_offline_density_surprise,memguard,stress-low,structural_difference_in_differences,0.0026624999999999704,0.05187399396614842,-0.03348750000000004,0.03268749999999998,8,0.90625,1.0
lira_offline_density_surprise,dp_qml,stress-repetition,structural_difference_in_differences,0.006162500000000022,0.0938825852936985,-0.05643843749999995,0.06445000000000005,8,0.8671875,1.0
lira_offline_density_surprise,dynanoise,stress-repetition,structural_difference_in_differences,0.022024999999999975,0.026485831792003225,0.004987499999999916,0.03926312500000002,8,0.0859375,1.0
lira_offline_density_surprise,hamp_full,stress-repetition,structural_difference_in_differences,0.03347499999999999,0.06814221997306183,-0.008627187500000006,0.078063125,8,0.2109375,1.0
lira_offline_density_surprise,hamp_train,stress-repetition,structural_difference_in_differences,0.01582500000000002,0.03883053842384516,-0.008700624999999991,0.04125125000000001,8,0.296875,1.0
lira_offline_density_surprise,l2,stress-repetition,structural_difference_in_differences,0.02330000000000005,0.03884562854611644,0.00030000000000005717,0.050338125000000046,8,0.125,1.0
lira_offline_density_surprise,lattice_round,stress-repetition,structural_difference_in_differences,0.002237500000000031,0.005978518091586656,-0.0015874999999999917,0.0061750000000000485,8,0.3046875,1.0
lira_offline_density_surprise,logitguard_continuous,stress-repetition,structural_difference_in_differences,0.022387500000000005,0.0466760702685465,-0.010312500000000085,0.05020062499999996,8,0.2421875,1.0
lira_offline_density_surprise,logitguard_quantized,stress-repetition,structural_difference_in_differences,0.022649999999999962,0.0474351286344986,-0.009512500000000014,0.051049999999999957,8,0.2109375,1.0
lira_offline_density_surprise,measurementguard_continuous,stress-repetition,structural_difference_in_differences,0.014037499999999987,0.08898454019017658,-0.04507499999999998,0.06950062500000004,8,0.640625,1.0
lira_offline_density_surprise,memgq_lattice,stress-repetition,structural_difference_in_differences,0.010324999999999987,0.08984214330861504,-0.05245468750000004,0.06226250000000004,8,0.765625,1.0
lira_offline_density_surprise,memgq_lattice_sticky,stress-repetition,structural_difference_in_differences,0.018549999999999997,0.06488431463546704,-0.022987812500000007,0.06099218749999992,8,0.4140625,1.0
lira_offline_density_surprise,memguard,stress-repetition,structural_difference_in_differences,0.027162500000000013,0.0463375175825625,-0.0039375000000000035,0.05693781250000003,8,0.125,1.0
lira_offline_density_surprise_fixed_variance,dp_qml,repetition-low,structural_difference_in_differences,-0.009924999999999996,0.04156302443278161,-0.03606249999999998,0.017650000000000055,8,0.5,1.0
lira_offline_density_surprise_fixed_variance,dynanoise,repetition-low,structural_difference_in_differences,-0.024024999999999942,0.047452826199139216,-0.05413749999999995,0.005987500000000048,8,0.1953125,1.0
lira_offline_density_surprise_fixed_variance,hamp_full,repetition-low,structural_difference_in_differences,-0.04535000000000003,0.0761880943080066,-0.09423750000000002,0.0028999999999999443,8,0.1328125,1.0
lira_offline_density_surprise_fixed_variance,hamp_train,repetition-low,structural_difference_in_differences,-0.04118750000000002,0.03595475082854636,-0.06420093749999997,-0.017975000000000012,8,0.0234375,1.0
lira_offline_density_surprise_fixed_variance,l2,repetition-low,structural_difference_in_differences,-0.038687499999999986,0.031277624932666684,-0.05982593749999998,-0.019537499999999985,8,0.0078125,1.0
lira_offline_density_surprise_fixed_variance,lattice_round,repetition-low,structural_difference_in_differences,-0.00048750000000002264,0.009790438119483122,-0.006525000000000003,0.0061374999999999425,8,0.875,1.0
lira_offline_density_surprise_fixed_variance,logitguard_continuous,repetition-low,structural_difference_in_differences,-0.005312500000000012,0.04345202403636842,-0.03438749999999999,0.022099999999999995,8,0.7265625,1.0
lira_offline_density_surprise_fixed_variance,logitguard_quantized,repetition-low,structural_difference_in_differences,-0.003756249999999954,0.04417290246859492,-0.033756406249999954,0.023700000000000034,8,0.8203125,1.0
lira_offline_density_surprise_fixed_variance,measurementguard_continuous,repetition-low,structural_difference_in_differences,-0.02162499999999997,0.05714067227965938,-0.05821249999999999,0.015175000000000043,8,0.3203125,1.0
lira_offline_density_surprise_fixed_variance,memgq_lattice,repetition-low,structural_difference_in_differences,-0.0070999999999999674,0.05334143390862843,-0.04483749999999999,0.02342593750000003,8,0.796875,1.0
lira_offline_density_surprise_fixed_variance,memgq_lattice_sticky,repetition-low,structural_difference_in_differences,-0.01514999999999999,0.06388243666521896,-0.05927499999999996,0.023987499999999967,8,0.5625,1.0
lira_offline_density_surprise_fixed_variance,memguard,repetition-low,structural_difference_in_differences,-0.01724999999999998,0.0187809934318106,-0.029437812499999962,-0.004987499999999999,8,0.046875,1.0
lira_offline_density_surprise_fixed_variance,dp_qml,stress-low,structural_difference_in_differences,-0.02512500000000003,0.08475925149672876,-0.08066250000000003,0.02988937499999995,8,0.4296875,1.0
lira_offline_density_surprise_fixed_variance,dynanoise,stress-low,structural_difference_in_differences,-0.00831249999999998,0.040129377820814924,-0.03246249999999996,0.018964687500000018,8,0.5546875,1.0
lira_offline_density_surprise_fixed_variance,hamp_full,stress-low,structural_difference_in_differences,-0.03410000000000004,0.05567492382443953,-0.07070000000000005,0.001251562499999937,8,0.125,1.0
lira_offline_density_surprise_fixed_variance,hamp_train,stress-low,structural_difference_in_differences,-0.03960000000000004,0.05266053008251465,-0.0744256250000001,-0.006000000000000054,8,0.0703125,1.0
lira_offline_density_surprise_fixed_variance,l2,stress-low,structural_difference_in_differences,-0.029237500000000007,0.07770511910880962,-0.08035562500000003,0.02160249999999996,8,0.3671875,1.0
lira_offline_density_surprise_fixed_variance,lattice_round,stress-low,structural_difference_in_differences,0.002074999999999945,0.009736345750404917,-0.004150000000000029,0.00832499999999993,8,0.5234375,1.0
lira_offline_density_surprise_fixed_variance,logitguard_continuous,stress-low,structural_difference_in_differences,0.009799999999999934,0.05452137195632552,-0.026150625000000056,0.043750624999999904,8,0.6484375,1.0
lira_offline_density_surprise_fixed_variance,logitguard_quantized,stress-low,structural_difference_in_differences,0.012281249999999987,0.05583366200152018,-0.024831718750000023,0.046818749999999944,8,0.5234375,1.0
lira_offline_density_surprise_fixed_variance,measurementguard_continuous,stress-low,structural_difference_in_differences,-0.012200000000000016,0.05696690768708241,-0.04848750000000002,0.02491249999999995,8,0.5546875,1.0
lira_offline_density_surprise_fixed_variance,memgq_lattice,stress-low,structural_difference_in_differences,-0.0011499999999999982,0.05437699093235243,-0.038037499999999974,0.032300624999999944,8,0.96875,1.0
lira_offline_density_surprise_fixed_variance,memgq_lattice_sticky,stress-low,structural_difference_in_differences,-0.01760000000000001,0.055679183081035144,-0.05500093750000002,0.016974999999999997,8,0.3984375,1.0
lira_offline_density_surprise_fixed_variance,memguard,stress-low,structural_difference_in_differences,0.008174999999999981,0.04693870623331177,-0.022425000000000028,0.038540312500000014,8,0.6484375,1.0
lira_offline_density_surprise_fixed_variance,dp_qml,stress-repetition,structural_difference_in_differences,-0.015200000000000033,0.08943214506780306,-0.07557531250000002,0.04011374999999995,8,0.6328125,1.0
lira_offline_density_surprise_fixed_variance,dynanoise,stress-repetition,structural_difference_in_differences,0.015712499999999963,0.031034793262677596,-0.004113437500000017,0.0357124999999999,8,0.1953125,1.0
lira_offline_density_surprise_fixed_variance,hamp_full,stress-repetition,structural_difference_in_differences,0.01124999999999999,0.09303060940203646,-0.04560062499999998,0.07345062499999998,8,0.7734375,1.0
lira_offline_density_surprise_fixed_variance,hamp_train,stress-repetition,structural_difference_in_differences,0.0015874999999999848,0.06252456517241842,-0.04047937499999997,0.04228812499999993,8,0.90625,1.0
lira_offline_density_surprise_fixed_variance,l2,stress-repetition,structural_difference_in_differences,0.00944999999999998,0.06690257308739539,-0.03197499999999998,0.05492499999999997,8,0.71875,1.0
lira_offline_density_surprise_fixed_variance,lattice_round,stress-repetition,structural_difference_in_differences,0.0025624999999999676,0.004075339600222641,-1.2500000000005562e-05,0.005249999999999929,8,0.1484375,1.0
lira_offline_density_surprise_fixed_variance,logitguard_continuous,stress-repetition,structural_difference_in_differences,0.015112499999999945,0.039071927719454606,-0.009664062500000093,0.04096249999999992,8,0.3203125,1.0
lira_offline_density_surprise_fixed_variance,logitguard_quantized,stress-repetition,structural_difference_in_differences,0.01603749999999994,0.036991647223200495,-0.007510468750000064,0.04039374999999997,8,0.2578125,1.0
lira_offline_density_surprise_fixed_variance,measurementguard_continuous,stress-repetition,structural_difference_in_differences,0.009424999999999954,0.06518110484313253,-0.035600000000000104,0.04738781249999995,8,0.6796875,1.0
lira_offline_density_surprise_fixed_variance,memgq_lattice,stress-repetition,structural_difference_in_differences,0.005949999999999969,0.05510628691123059,-0.03078750000000012,0.04100062499999994,8,0.8046875,1.0
lira_offline_density_surprise_fixed_variance,memgq_lattice_sticky,stress-repetition,structural_difference_in_differences,-0.0024500000000000216,0.03966783511684425,-0.027225000000000027,0.023399999999999976,8,0.84375,1.0
lira_offline_density_surprise_fixed_variance,memguard,stress-repetition,structural_difference_in_differences,0.02542499999999996,0.046347068022537484,-0.002525000000000048,0.057087499999999965,8,0.1640625,1.0
lira_offline_fixed_variance,dp_qml,repetition-low,structural_difference_in_differences,-0.030824999999999998,0.08166222679865082,-0.08416375,0.02102781249999999,8,0.3125,1.0
lira_offline_fixed_variance,dynanoise,repetition-low,structural_difference_in_differences,0.008687499999999945,0.021354988543997946,-0.0047874999999999055,0.022437499999999888,8,0.296875,1.0
lira_offline_fixed_variance,hamp_full,repetition-low,structural_difference_in_differences,-0.010737499999999962,0.0668909119921597,-0.055363124999999895,0.03220000000000004,8,0.65625,1.0
lira_offline_fixed_variance,hamp_train,repetition-low,structural_difference_in_differences,-0.00557499999999999,0.03994928034395612,-0.03219999999999999,0.019812499999999997,8,0.6953125,1.0
lira_offline_fixed_variance,l2,repetition-low,structural_difference_in_differences,-0.011125000000000017,0.04694628389370737,-0.04070187500000007,0.020512499999999954,8,0.5546875,1.0
lira_offline_fixed_variance,lattice_round,repetition-low,structural_difference_in_differences,-0.0031749999999999695,0.004183897704294423,-0.0061250000000000054,-0.0006999999999999503,8,0.0625,1.0
lira_offline_fixed_variance,logitguard_continuous,repetition-low,structural_difference_in_differences,0.004137499999999968,0.04333177446829781,-0.02377499999999999,0.03178749999999994,8,0.71875,1.0
lira_offline_fixed_variance,logitguard_quantized,repetition-low,structural_difference_in_differences,0.0040062499999999265,0.04131629251016734,-0.023775312500000038,0.030431249999999882,8,0.71875,1.0
lira_offline_fixed_variance,measurementguard_continuous,repetition-low,structural_difference_in_differences,-0.027024999999999973,0.04281200599297875,-0.05427499999999987,0.0006628124999999644,8,0.1328125,1.0
lira_offline_fixed_variance,memgq_lattice,repetition-low,structural_difference_in_differences,-0.009612499999999913,0.036404294781954324,-0.0322749999999999,0.014437500000000034,8,0.4765625,1.0
lira_offline_fixed_variance,memgq_lattice_sticky,repetition-low,structural_difference_in_differences,-0.009787500000000025,0.024969606524733175,-0.024025000000000032,0.007999999999999877,8,0.3046875,1.0
lira_offline_fixed_variance,memguard,repetition-low,structural_difference_in_differences,0.008362499999999981,0.030084307133691566,-0.011000000000000024,0.0281124999999999,8,0.4765625,1.0
lira_offline_fixed_variance,dp_qml,stress-low,structural_difference_in_differences,-0.05900000000000003,0.04534439640919584,-0.09245000000000012,-0.03442499999999998,8,0.0078125,1.0
lira_offline_fixed_variance,dynanoise,stress-low,structural_difference_in_differences,0.011912499999999937,0.025560205537961865,-0.004275937500000072,0.029387499999999858,8,0.21875,1.0
lira_offline_fixed_variance,hamp_full,stress-low,structural_difference_in_differences,-0.015437500000000028,0.07827165035950119,-0.06291250000000005,0.03675031249999997,8,0.5390625,1.0
lira_offline_fixed_variance,hamp_train,stress-low,structural_difference_in_differences,-0.026162499999999998,0.04449828046436985,-0.05555437500000006,0.0010628125000000457,8,0.1640625,1.0
lira_offline_fixed_variance,l2,stress-low,structural_difference_in_differences,-0.03988750000000001,0.03758439788377243,-0.0652628125,-0.01712500000000003,8,0.015625,1.0
lira_offline_fixed_variance,lattice_round,stress-low,structural_difference_in_differences,0.0011000000000000038,0.003251812681303369,-0.0008124999999999244,0.0033499999999998414,8,0.4375,1.0
lira_offline_fixed_variance,logitguard_continuous,stress-low,structural_difference_in_differences,-0.00040000000000006003,0.03451931136542062,-0.025051250000000046,0.019587499999999952,8,0.96875,1.0
lira_offline_fixed_variance,logitguard_quantized,stress-low,structural_difference_in_differences,0.002112499999999941,0.034024043494480266,-0.021432343750000065,0.021518906249999924,8,0.8984375,1.0
lira_offline_fixed_variance,measurementguard_continuous,stress-low,structural_difference_in_differences,-0.023762500000000027,0.051989722542056326,-0.05718750000000002,0.009025625000000023,8,0.2421875,1.0
lira_offline_fixed_variance,memgq_lattice,stress-low,structural_difference_in_differences,-0.022537499999999988,0.03703422885848785,-0.0471,0.0006749999999999812,8,0.1328125,1.0
lira_offline_fixed_variance,memgq_lattice_sticky,stress-low,structural_difference_in_differences,-0.011137500000000002,0.02827608467036609,-0.02982499999999995,0.007050937499999938,8,0.2890625,1.0
lira_offline_fixed_variance,memguard,stress-low,structural_difference_in_differences,0.010224999999999942,0.048826858826440424,-0.02287593750000009,0.038932499999999905,8,0.5703125,1.0
lira_offline_fixed_variance,dp_qml,stress-repetition,structural_difference_in_differences,-0.028175000000000033,0.05962549191171746,-0.06432500000000001,0.011901250000000014,8,0.2109375,1.0
lira_offline_fixed_variance,dynanoise,stress-repetition,structural_difference_in_differences,0.0032249999999999918,0.013101553888211652,-0.004862499999999978,0.01205031249999996,8,0.515625,1.0
lira_offline_fixed_variance,hamp_full,stress-repetition,structural_difference_in_differences,-0.004700000000000065,0.0450503210706809,-0.03386250000000017,0.023650312500000055,8,0.765625,1.0
lira_offline_fixed_variance,hamp_train,stress-repetition,structural_difference_in_differences,-0.02058750000000001,0.018918655758649577,-0.03227531249999997,-0.00731125000000006,8,0.03125,1.0
lira_offline_fixed_variance,l2,stress-repetition,structural_difference_in_differences,-0.028762499999999996,0.03149103897483041,-0.047389374999999956,-0.007237499999999911,8,0.046875,1.0
lira_offline_fixed_variance,lattice_round,stress-repetition,structural_difference_in_differences,0.004274999999999973,0.003534220463654571,0.0019999999999999463,0.00653749999999996,8,0.015625,1.0
lira_offline_fixed_variance,logitguard_continuous,stress-repetition,structural_difference_in_differences,-0.004537500000000028,0.04766480994552329,-0.03680187500000001,0.024937499999999987,8,0.8203125,1.0
lira_offline_fixed_variance,logitguard_quantized,stress-repetition,structural_difference_in_differences,-0.0018937499999999857,0.04471775324585463,-0.032399999999999984,0.02508125,8,0.9296875,1.0
lira_offline_fixed_variance,measurementguard_continuous,stress-repetition,structural_difference_in_differences,0.003262499999999946,0.07102659335971072,-0.043462500000000015,0.048537499999999886,8,0.8828125,1.0
lira_offline_fixed_variance,memgq_lattice,stress-repetition,structural_difference_in_differences,-0.012925000000000075,0.06397052334585712,-0.054875625000000004,0.028912499999999883,8,0.5703125,1.0
lira_offline_fixed_variance,memgq_lattice_sticky,stress-repetition,structural_difference_in_differences,-0.0013499999999999762,0.04184266448768015,-0.02787687499999994,0.025274999999999992,8,0.9140625,1.0
lira_offline_fixed_variance,memguard,stress-repetition,structural_difference_in_differences,0.0018624999999999614,0.03751399500757769,-0.023290312499999986,0.024499999999999897,8,0.890625,1.0
lira_online,dp_qml,repetition-low,structural_difference_in_differences,-0.011487500000000025,0.07682277261891264,-0.05925000000000006,0.0395503125,8,0.671875,1.0
lira_online,dynanoise,repetition-low,structural_difference_in_differences,-0.026350000000000033,0.08685582470804291,-0.08260187500000002,0.028112499999999895,8,0.40625,1.0
lira_online,hamp_full,repetition-low,structural_difference_in_differences,-0.013775000000000051,0.07212460943197056,-0.060691875000000096,0.03236250000000001,8,0.609375,1.0
lira_online,hamp_train,repetition-low,structural_difference_in_differences,0.03167499999999996,0.06341533726158055,-0.003962500000000098,0.07532499999999998,8,0.1796875,1.0
lira_online,l2,repetition-low,structural_difference_in_differences,-0.028562500000000053,0.04349879924451128,-0.0580506250000001,-0.00174999999999996,8,0.1484375,1.0
lira_online,lattice_round,repetition-low,structural_difference_in_differences,0.0060749999999999416,0.01663616971712973,-0.005038437500000103,0.016375000000000008,8,0.3359375,1.0
lira_online,logitguard_continuous,repetition-low,structural_difference_in_differences,0.005274999999999967,0.042721648911462705,-0.020925937500000005,0.03546374999999995,8,0.75,1.0
lira_online,logitguard_quantized,repetition-low,structural_difference_in_differences,0.005387499999999955,0.04178770965931767,-0.019912500000000097,0.033625000000000016,8,0.7265625,1.0
lira_online,measurementguard_continuous,repetition-low,structural_difference_in_differences,-0.012475000000000049,0.05132631600149876,-0.046250000000000006,0.01947656249999991,8,0.5234375,1.0
lira_online,memgq_lattice,repetition-low,structural_difference_in_differences,0.026862499999999935,0.059529606979576606,-0.009325000000000035,0.06601249999999995,8,0.234375,1.0
lira_online,memgq_lattice_sticky,repetition-low,structural_difference_in_differences,0.004699999999999933,0.052330215254396045,-0.029675000000000056,0.03881249999999988,8,0.796875,1.0
lira_online,memguard,repetition-low,structural_difference_in_differences,-0.01878750000000009,0.045288517545053024,-0.048262500000000104,0.009899999999999923,8,0.2734375,1.0
lira_online,dp_qml,stress-low,structural_difference_in_differences,-0.032674999999999975,0.0975052928966276,-0.09207562499999997,0.03107499999999999,8,0.3671875,1.0
lira_online,dynanoise,stress-low,structural_difference_in_differences,0.0037124999999999866,0.07115019199853616,-0.04334249999999999,0.04908749999999993,8,0.8515625,1.0
lira_online,hamp_full,stress-low,structural_difference_in_differences,-0.006125000000000047,0.08148917105971815,-0.054687812500000106,0.05014999999999997,8,0.8046875,1.0
lira_online,hamp_train,stress-low,structural_difference_in_differences,0.014562499999999999,0.08600619475197285,-0.0345528125,0.0758375,8,0.703125,1.0
lira_online,l2,stress-low,structural_difference_in_differences,-0.030087500000000003,0.05772584064846035,-0.06727500000000008,0.006788125000000048,8,0.203125,1.0
lira_online,lattice_round,stress-low,structural_difference_in_differences,0.0015500000000000028,0.017026282204705964,-0.009687500000000009,0.01250062499999999,8,0.7890625,1.0
lira_online,logitguard_continuous,stress-low,structural_difference_in_differences,0.018724999999999985,0.04481822811567375,-0.012024999999999921,0.04553749999999997,8,0.25,1.0
lira_online,logitguard_quantized,stress-low,structural_difference_in_differences,0.019237500000000025,0.046676330419481,-0.01278749999999998,0.04716250000000004,8,0.265625,1.0
lira_online,measurementguard_continuous,stress-low,structural_difference_in_differences,-0.001099999999999983,0.035423478896670434,-0.022925624999999974,0.022387499999999998,8,0.9296875,1.0
lira_online,memgq_lattice,stress-low,structural_difference_in_differences,0.014912499999999981,0.05714428949097685,-0.021865937500000016,0.051376249999999915,8,0.46875,1.0
lira_online,memgq_lattice_sticky,stress-low,structural_difference_in_differences,0.0006499999999999978,0.043499064029339465,-0.028338749999999985,0.027800000000000012,8,0.96875,1.0
lira_online,memguard,stress-low,structural_difference_in_differences,0.005437499999999977,0.048152078652654584,-0.025100000000000053,0.03697499999999999,8,0.7578125,1.0
lira_online,dp_qml,stress-repetition,structural_difference_in_differences,-0.02118749999999995,0.09551927909365435,-0.08619093749999988,0.037237500000000014,8,0.5234375,1.0
lira_online,dynanoise,stress-repetition,structural_difference_in_differences,0.03006250000000002,0.034831264178690306,0.00673750000000002,0.0514625,8,0.0546875,1.0
lira_online,hamp_full,stress-repetition,structural_difference_in_differences,0.007650000000000004,0.05574185398526212,-0.032274999999999984,0.038925000000000015,8,0.71875,1.0
lira_online,hamp_train,stress-repetition,structural_difference_in_differences,-0.01711249999999996,0.04091393187446755,-0.045475312499999934,0.0074625000000000385,8,0.328125,1.0
lira_online,l2,stress-repetition,structural_difference_in_differences,-0.00152499999999995,0.03354680099715707,-0.021000624999999894,0.022712500000000045,8,0.90625,1.0
lira_online,lattice_round,stress-repetition,structural_difference_in_differences,-0.004524999999999939,0.00461666236891668,-0.007674999999999932,-0.0017621874999999216,8,0.0234375,1.0
lira_online,logitguard_continuous,stress-repetition,structural_difference_in_differences,0.013450000000000017,0.046559577808591476,-0.01608749999999991,0.04412531250000002,8,0.40625,1.0
lira_online,logitguard_quantized,stress-repetition,structural_difference_in_differences,0.01385000000000007,0.04407396380760741,-0.011963124999999918,0.04378812500000012,8,0.3984375,1.0
lira_online,measurementguard_continuous,stress-repetition,structural_difference_in_differences,0.011375000000000066,0.06424350439649797,-0.027099999999999902,0.05386250000000002,8,0.6171875,1.0
lira_online,memgq_lattice,stress-repetition,structural_difference_in_differences,-0.011949999999999954,0.07877323693452527,-0.05592562499999997,0.04572625000000002,8,0.71875,1.0
lira_online,memgq_lattice_sticky,stress-repetition,structural_difference_in_differences,-0.004049999999999936,0.06674612883370629,-0.046206249999999865,0.039500000000000104,8,0.875,1.0
lira_online,memguard,stress-repetition,structural_difference_in_differences,0.024225000000000066,0.05553013982128476,-0.009738437499999995,0.06132718750000012,8,0.296875,1.0
lira_online_fixed_variance,dp_qml,repetition-low,structural_difference_in_differences,-0.014100000000000036,0.07060946921523455,-0.06285156250000007,0.02592656250000005,8,0.6796875,1.0
lira_online_fixed_variance,dynanoise,repetition-low,structural_difference_in_differences,-0.004975000000000028,0.06478542053800157,-0.04696531250000004,0.03628749999999997,8,0.84375,1.0
lira_online_fixed_variance,hamp_full,repetition-low,structural_difference_in_differences,0.015787499999999982,0.06676944205890256,-0.028875000000000053,0.057037500000000005,8,0.515625,1.0
lira_online_fixed_variance,hamp_train,repetition-low,structural_difference_in_differences,0.035512499999999954,0.06468931105125268,-0.005650312500000126,0.07941343749999993,8,0.171875,1.0
lira_online_fixed_variance,l2,repetition-low,structural_difference_in_differences,-0.021875000000000033,0.06319655845059922,-0.06432593750000008,0.016625312500000024,8,0.359375,1.0
lira_online_fixed_variance,lattice_round,repetition-low,structural_difference_in_differences,-0.002300000000000045,0.006303740386242359,-0.0065512500000000605,0.001437499999999981,8,0.375,1.0
lira_online_fixed_variance,logitguard_continuous,repetition-low,structural_difference_in_differences,-0.002637500000000001,0.042884194141231784,-0.02955000000000004,0.025077187499999983,8,0.8828125,1.0
lira_online_fixed_variance,logitguard_quantized,repetition-low,structural_difference_in_differences,0.001368749999999981,0.047269319085276824,-0.028631250000000004,0.03315,8,0.9296875,1.0
lira_online_fixed_variance,measurementguard_continuous,repetition-low,structural_difference_in_differences,-0.005700000000000052,0.05839716235767435,-0.043025000000000126,0.03165249999999993,8,0.78125,1.0
lira_online_fixed_variance,memgq_lattice,repetition-low,structural_difference_in_differences,0.022124999999999936,0.057568412717888505,-0.015487812500000125,0.05791249999999991,8,0.3203125,1.0
lira_online_fixed_variance,memgq_lattice_sticky,repetition-low,structural_difference_in_differences,0.018737499999999983,0.05177213639732151,-0.016677500000000074,0.049275,8,0.3515625,1.0
lira_online_fixed_variance,memguard,repetition-low,structural_difference_in_differences,0.010137499999999994,0.03820740158286464,-0.013400312500000056,0.035300000000000005,8,0.515625,1.0
lira_online_fixed_variance,dp_qml,stress-low,structural_difference_in_differences,-0.0547625,0.07700304145199165,-0.10405062500000001,-0.0020250000000000268,8,0.0859375,1.0
lira_online_fixed_variance,dynanoise,stress-low,structural_difference_in_differences,0.004524999999999994,0.044683034492171356,-0.023113437500000045,0.034237500000000004,8,0.7734375,1.0
lira_online_fixed_variance,hamp_full,stress-low,structural_difference_in_differences,-0.005250000000000032,0.06075545830858096,-0.04343937500000002,0.03506343749999996,8,0.8046875,1.0
lira_online_fixed_variance,hamp_train,stress-low,structural_difference_in_differences,0.012799999999999971,0.06266657801412172,-0.02500093750000004,0.05527874999999991,8,0.578125,1.0
lira_online_fixed_variance,l2,stress-low,structural_difference_in_differences,-0.033587500000000006,0.05647045845901585,-0.06872500000000001,0.0038625000000000326,8,0.1328125,1.0
lira_online_fixed_variance,lattice_round,stress-low,structural_difference_in_differences,-0.0015625000000000153,0.007839813682188437,-0.006837500000000038,0.003249999999999982,8,0.6328125,1.0
lira_online_fixed_variance,logitguard_continuous,stress-low,structural_difference_in_differences,0.00839999999999999,0.06086504978815255,-0.03162500000000004,0.046464687500000004,8,0.703125,1.0
lira_online_fixed_variance,logitguard_quantized,stress-low,structural_difference_in_differences,0.010262499999999973,0.06141062466241951,-0.031231250000000002,0.04788749999999997,8,0.6796875,1.0
lira_online_fixed_variance,measurementguard_continuous,stress-low,structural_difference_in_differences,-0.005912500000000036,0.048522879360447864,-0.03681250000000008,0.026049999999999997,8,0.7265625,1.0
lira_online_fixed_variance,memgq_lattice,stress-low,structural_difference_in_differences,0.008037499999999961,0.05439114784857655,-0.028450000000000086,0.04134999999999994,8,0.6796875,1.0
lira_online_fixed_variance,memgq_lattice_sticky,stress-low,structural_difference_in_differences,0.002387499999999994,0.051883094893368585,-0.03115000000000008,0.03557687499999999,8,0.859375,1.0
lira_online_fixed_variance,memguard,stress-low,structural_difference_in_differences,0.012599999999999986,0.04186556716784951,-0.012412500000000048,0.04142500000000003,8,0.453125,1.0
lira_online_fixed_variance,dp_qml,stress-repetition,structural_difference_in_differences,-0.04066249999999996,0.0872158887474066,-0.10001249999999995,0.010875000000000065,8,0.2734375,1.0
lira_online_fixed_variance,dynanoise,stress-repetition,structural_difference_in_differences,0.009500000000000022,0.02838369753422351,-0.006249999999999978,0.02962500000000004,8,0.453125,1.0
lira_online_fixed_variance,hamp_full,stress-repetition,structural_difference_in_differences,-0.021037500000000015,0.02993077429670005,-0.04123750000000011,-0.0028996875000000034,8,0.0703125,1.0
lira_online_fixed_variance,hamp_train,stress-repetition,structural_difference_in_differences,-0.022712499999999983,0.035546486163493464,-0.04459999999999992,0.00213750000000007,8,0.125,1.0
lira_online_fixed_variance,l2,stress-repetition,structural_difference_in_differences,-0.011712499999999973,0.05212001089518576,-0.04497499999999996,0.02170000000000004,8,0.5390625,1.0
lira_online_fixed_variance,lattice_round,stress-repetition,structural_difference_in_differences,0.0007375000000000298,0.0060759332028680535,-0.0033624999999999905,0.0044750000000000345,8,0.734375,1.0
lira_online_fixed_variance,logitguard_continuous,stress-repetition,structural_difference_in_differences,0.011037499999999992,0.04553463163979073,-0.017400000000000027,0.04070062500000003,8,0.5078125,1.0
lira_online_fixed_variance,logitguard_quantized,stress-repetition,structural_difference_in_differences,0.008893749999999992,0.04576993271866842,-0.02039375000000003,0.03846875000000005,8,0.578125,1.0
lira_online_fixed_variance,measurementguard_continuous,stress-repetition,structural_difference_in_differences,-0.00021249999999998354,0.08903362827766667,-0.05848750000000002,0.05482812500000003,8,1.0,1.0
lira_online_fixed_variance,memgq_lattice,stress-repetition,structural_difference_in_differences,-0.014087499999999975,0.07599231986570378,-0.06528781250000003,0.033937812500000046,8,0.5859375,1.0
lira_online_fixed_variance,memgq_lattice_sticky,stress-repetition,structural_difference_in_differences,-0.01634999999999999,0.07370911942028816,-0.06486250000000005,0.029977187500000068,8,0.5546875,1.0
lira_online_fixed_variance,memguard,stress-repetition,structural_difference_in_differences,0.0024624999999999925,0.042178292910656674,-0.02091250000000003,0.03285000000000002,8,0.921875,1.0
loss,dp_qml,repetition-low,structural_difference_in_differences,-0.03507562500000002,0.017091327257141607,-0.04668706249999997,-0.024656250000000095,8,0.0078125,1.0
loss,dynanoise,repetition-low,structural_difference_in_differences,-0.005576250000000067,0.007779835083635854,-0.010517609375000054,-0.0004972968750000639,8,0.09375,1.0
loss,hamp_full,repetition-low,structural_difference_in_differences,-0.004019374999999999,0.015088136881456613,-0.01390817187500002,0.005628125000000012,8,0.46875,1.0
loss,hamp_output,repetition-low,structural_difference_in_differences,-0.0027268749999999897,0.027846485664070605,-0.021266812500000034,0.014288906250000049,8,0.7734375,1.0
loss,hamp_train,repetition-low,structural_difference_in_differences,0.006626250000000028,0.012310272931290209,-0.000910640624999909,0.014994750000000013,8,0.21875,1.0
loss,l2,repetition-low,structural_difference_in_differences,-0.010923124999999999,0.00847901735272769,-0.016083828125,-0.005138531250000001,8,0.0234375,1.0
loss,lattice_round,repetition-low,structural_difference_in_differences,-0.0011656250000000243,0.0011442509636688124,-0.001971390624999973,-0.0004981250000000437,8,0.0234375,1.0
loss,logitguard_continuous,repetition-low,structural_difference_in_differences,0.003235624999999992,0.01636017713785948,-0.008221249999999972,0.01315584374999989,8,0.5859375,1.0
loss,logitguard_quantized,repetition-low,structural_difference_in_differences,0.0031337500000000046,0.016176823312999352,-0.007738124999999964,0.01292062499999997,8,0.6171875,1.0
loss,measurementguard_continuous,repetition-low,structural_difference_in_differences,-0.012667499999999991,0.01917862556523355,-0.024684531250000006,-0.0002012499999999931,8,0.1015625,1.0
loss,memgq_lattice,repetition-low,structural_difference_in_differences,-0.019638124999999992,0.017930868224039165,-0.03101821875000001,-0.00764423437499997,8,0.0234375,1.0
loss,memgq_lattice_sticky,repetition-low,structural_difference_in_differences,-0.009610000000000028,0.01863090059934993,-0.021085000000000027,0.0028501875000000163,8,0.1875,1.0
loss,memguard,repetition-low,structural_difference_in_differences,0.000708124999999997,0.004916236901112137,-0.002569999999999968,0.003751249999999956,8,0.7265625,1.0
loss,dp_qml,stress-low,structural_difference_in_differences,-0.05767875,0.014095627171472105,-0.06498812500000009,-0.04752125000000001,8,0.0078125,1.0
loss,dynanoise,stress-low,structural_difference_in_differences,-0.010178125000000003,0.010597664816060686,-0.017312718749999966,-0.003733046875000099,8,0.0078125,1.0
loss,hamp_full,stress-low,structural_difference_in_differences,-0.0017649999999999819,0.024499354656223774,-0.017140000000000058,0.014133750000000112,8,0.828125,1.0
loss,hamp_output,stress-low,structural_difference_in_differences,0.006286250000000007,0.020594657550997472,-0.007468734375000011,0.018947890624999953,8,0.390625,1.0
loss,hamp_train,stress-low,structural_difference_in_differences,0.006650000000000031,0.01621692524141719,-0.004073124999999983,0.016942625000000024,8,0.2734375,1.0
loss,l2,stress-low,structural_difference_in_differences,-0.016424374999999956,0.013323208385986749,-0.024901249999999944,-0.007635624999999965,8,0.0234375,1.0
loss,lattice_round,stress-low,structural_difference_in_differences,5.812500000001303e-05,0.0008758054965898634,-0.0005406249999999346,0.0006025156249999499,8,0.859375,1.0
loss,logitguard_continuous,stress-low,structural_difference_in_differences,-0.004058124999999968,0.010615687158130034,-0.010817015625000058,0.0029987500000001055,8,0.2578125,1.0
loss,logitguard_quantized,stress-low,structural_difference_in_differences,-0.003812499999999941,0.01018239236553543,-0.010096328124999946,0.00325412500000005,8,0.3125,1.0
loss,measurementguard_continuous,stress-low,structural_difference_in_differences,-0.01369,0.019986436829581615,-0.02785125,-0.0015912187500000494,8,0.09375,1.0
loss,memgq_lattice,stress-low,structural_difference_in_differences,-0.014478750000000012,0.021860381605282475,-0.029203750000000035,-0.0008936562499999455,8,0.09375,1.0
loss,memgq_lattice_sticky,stress-low,structural_difference_in_differences,-0.0031949999999999965,0.022385942495873872,-0.017853125000000004,0.010683749999999985,8,0.6953125,1.0
loss,memguard,stress-low,structural_difference_in_differences,0.0025018750000000214,0.004561772789403559,-8.631250000000213e-05,0.005728359375000038,8,0.1328125,1.0
loss,dp_qml,stress-repetition,structural_difference_in_differences,-0.02260312499999998,0.018335094556906836,-0.034722015625000026,-0.010728468750000006,8,0.0078125,1.0
loss,dynanoise,stress-repetition,structural_difference_in_differences,-0.004601874999999936,0.007953858873662688,-0.010036343749999916,0.00020750000000005486,8,0.171875,1.0
loss,hamp_full,stress-repetition,structural_difference_in_differences,0.0022543750000000168,0.012793002394585093,-0.005463750000000031,0.010892500000000097,8,0.6640625,1.0
loss,hamp_output,stress-repetition,structural_difference_in_differences,0.009013124999999997,0.03096427237703612,-0.010341640624999942,0.02923749999999993,8,0.4609375,1.0
loss,hamp_train,stress-repetition,structural_difference_in_differences,2.3750000000002935e-05,0.014702165231692984,-0.008785624999999991,0.010209375000000118,8,0.9921875,1.0
loss,l2,stress-repetition,structural_difference_in_differences,-0.0055012499999999576,0.01324506532098434,-0.014170093749999934,0.002974062500000047,8,0.2734375,1.0
loss,lattice_round,stress-repetition,structural_difference_in_differences,0.0012237500000000373,0.0008007797539184476,0.0007312500000000721,0.0017675000000000052,8,0.0078125,1.0
loss,logitguard_continuous,stress-repetition,structural_difference_in_differences,-0.00729374999999996,0.017436908259288897,-0.019051249999999978,0.003520187500000006,8,0.265625,1.0
loss,logitguard_quantized,stress-repetition,structural_difference_in_differences,-0.0069462499999999455,0.016323150245236697,-0.01773437499999997,0.003273843750000058,8,0.265625,1.0
loss,measurementguard_continuous,stress-repetition,structural_difference_in_differences,-0.0010225000000000095,0.030625599819198834,-0.020113750000000014,0.0196477812499999,8,0.9375,1.0
loss,memgq_lattice,stress-repetition,structural_difference_in_differences,0.00515937499999998,0.03547908885501631,-0.017866171874999937,0.027849374999999954,8,0.6796875,1.0
loss,memgq_lattice_sticky,stress-repetition,structural_difference_in_differences,0.006415000000000032,0.032156890952240405,-0.014951874999999906,0.026467515624999993,8,0.59375,1.0
loss,memguard,stress-repetition,structural_difference_in_differences,0.0017937500000000245,0.006196613562491756,-0.0017731249999999449,0.006234390624999945,8,0.5,1.0
margin,dp_qml,repetition-low,structural_difference_in_differences,-0.02881187500000002,0.026071485783939207,-0.04642878125000004,-0.01305062500000001,8,0.0078125,1.0
margin,dynanoise,repetition-low,structural_difference_in_differences,-0.013355624999999989,0.018719945329113533,-0.025424609374999973,-0.0015918749999999926,8,0.09375,1.0
margin,hamp_full,repetition-low,structural_difference_in_differences,-0.01886750000000003,0.028087544138181424,-0.036666156250000054,-0.0004525000000000015,8,0.109375,1.0
margin,hamp_output,repetition-low,structural_difference_in_differences,-0.01945125000000006,0.032110948038458396,-0.04070403125000008,0.0009027187499999696,8,0.1328125,1.0
margin,hamp_train,repetition-low,structural_difference_in_differences,0.00722562500000002,0.016693296652399107,-0.0036562499999999794,0.0182475,8,0.2734375,1.0
margin,l2,repetition-low,structural_difference_in_differences,-0.007727500000000012,0.009169551710494292,-0.013426281250000002,-0.0016612187500000307,8,0.078125,1.0
margin,lattice_round,repetition-low,structural_difference_in_differences,-0.001073125000000022,0.0022280724172316843,-0.0025962812500000564,0.00028749999999996866,8,0.2265625,1.0
margin,logitguard_continuous,repetition-low,structural_difference_in_differences,-0.0017531249999999943,0.015245385938398363,-0.011947500000000007,0.007484437500000008,8,0.765625,1.0
margin,logitguard_quantized,repetition-low,structural_difference_in_differences,-0.0025912499999999894,0.015175360139289697,-0.012368124999999959,0.007138124999999981,8,0.65625,1.0
margin,measurementguard_continuous,repetition-low,structural_difference_in_differences,-0.01819812499999999,0.027590865975316136,-0.03712562499999998,-0.001341187499999974,8,0.109375,1.0
margin,memgq_lattice,repetition-low,structural_difference_in_differences,-0.02594250000000002,0.025930161974040994,-0.042691875000000004,-0.009012359375000022,8,0.03125,1.0
margin,memgq_lattice_sticky,repetition-low,structural_difference_in_differences,-0.015073125000000062,0.033165479895464034,-0.03648687500000005,0.006209749999999941,8,0.25,1.0
margin,memguard,repetition-low,structural_difference_in_differences,0.0011468750000000125,0.011646865592295656,-0.006289546874999946,0.008774999999999991,8,0.8203125,1.0
margin,dp_qml,stress-low,structural_difference_in_differences,-0.036145625000000035,0.019283878062386715,-0.04811562500000006,-0.02316200000000003,8,0.015625,1.0
margin,dynanoise,stress-low,structural_difference_in_differences,-0.022277500000000026,0.021164388891315923,-0.035958125000000014,-0.008516859375000067,8,0.046875,1.0
margin,hamp_full,stress-low,structural_difference_in_differences,-0.02261312499999999,0.0330456784442276,-0.04390500000000001,-0.0012187499999999753,8,0.09375,1.0
margin,hamp_output,stress-low,structural_difference_in_differences,-0.011167500000000073,0.02924904088781617,-0.029597687500000056,0.007645312499999892,8,0.3125,1.0
margin,hamp_train,stress-low,structural_difference_in_differences,0.0005531249999999946,0.022131072038054832,-0.013915890625000048,0.014434749999999955,8,0.9296875,1.0
margin,l2,stress-low,structural_difference_in_differences,-0.014539999999999997,0.017703339475122426,-0.02524624999999999,-0.0024658437500000097,8,0.078125,1.0
margin,lattice_round,stress-low,structural_difference_in_differences,-3.8749999999976303e-05,0.0016387882064849825,-0.001062499999999987,0.0009893750000000145,8,0.9609375,1.0
margin,logitguard_continuous,stress-low,structural_difference_in_differences,-0.012531250000000022,0.018953413893393594,-0.025033750000000028,-0.00044337500000009376,8,0.1171875,1.0
margin,logitguard_quantized,stress-low,structural_difference_in_differences,-0.011860624999999972,0.01945528434228821,-0.02439874999999994,0.0007820781249999852,8,0.140625,1.0
margin,measurementguard_continuous,stress-low,structural_difference_in_differences,-0.023811249999999985,0.017127814627925276,-0.0339075,-0.012078124999999995,8,0.0234375,1.0
margin,memgq_lattice,stress-low,structural_difference_in_differences,-0.018790625000000005,0.041916009593803864,-0.046149828124999986,0.007723921875000019,8,0.2421875,1.0
margin,memgq_lattice_sticky,stress-low,structural_difference_in_differences,-0.01363625000000003,0.032427212530527494,-0.03512125000000001,0.00646124999999996,8,0.3046875,1.0
margin,memguard,stress-low,structural_difference_in_differences,0.000982500000000039,0.009925913775855317,-0.004877874999999959,0.008062500000000042,8,0.8203125,1.0
margin,dp_qml,stress-repetition,structural_difference_in_differences,-0.007333750000000014,0.016629835440728605,-0.018387500000000043,0.003143749999999973,8,0.25,1.0
margin,dynanoise,stress-repetition,structural_difference_in_differences,-0.008921875000000037,0.012999905476991539,-0.017268453125000024,-0.0005218750000000397,8,0.09375,1.0
margin,hamp_full,stress-repetition,structural_difference_in_differences,-0.003745624999999961,0.022942611234727746,-0.01883849999999993,0.010696250000000039,8,0.6484375,1.0
margin,hamp_output,stress-repetition,structural_difference_in_differences,0.008283749999999986,0.03319261403965816,-0.012760124999999982,0.029547687499999975,8,0.5234375,1.0
margin,hamp_train,stress-repetition,structural_difference_in_differences,-0.006672500000000026,0.01822594618355149,-0.01890012500000005,0.004492562499999969,8,0.40625,1.0
margin,l2,stress-repetition,structural_difference_in_differences,-0.006812499999999985,0.015935749343625405,-0.016857500000000004,0.0038287500000000266,8,0.2734375,1.0
margin,lattice_round,stress-repetition,structural_difference_in_differences,0.0010343750000000457,0.0014274813921729148,0.0001981250000000212,0.0020112500000000408,8,0.078125,1.0
margin,logitguard_continuous,stress-repetition,structural_difference_in_differences,-0.010778125000000027,0.01834477542157051,-0.023339015625000018,-0.00029659375000007317,8,0.1796875,1.0
margin,logitguard_quantized,stress-repetition,structural_difference_in_differences,-0.009269374999999982,0.0171588014561249,-0.021183124999999962,0.000979999999999967,8,0.21875,1.0
margin,measurementguard_continuous,stress-repetition,structural_difference_in_differences,-0.005613124999999997,0.03578856131478519,-0.024424468749999987,0.020425093749999977,8,0.734375,1.0
margin,memgq_lattice,stress-repetition,structural_difference_in_differences,0.007151875000000016,0.0521688642047219,-0.02443145312499994,0.04403562499999996,8,0.734375,1.0
margin,memgq_lattice_sticky,stress-repetition,structural_difference_in_differences,0.0014368750000000319,0.05263279198760705,-0.03253460937499999,0.034409796875,8,0.9375,1.0
margin,memguard,stress-repetition,structural_difference_in_differences,-0.00016437499999997357,0.009588187463712034,-0.005989999999999919,0.0062112500000000015,8,0.9609375,1.0
maximum_probability,dp_qml,repetition-low,structural_difference_in_differences,-0.028814374999999996,0.026071462564801737,-0.046542546874999986,-0.013126249999999923,8,0.0078125,1.0
maximum_probability,dynanoise,repetition-low,structural_difference_in_differences,-0.013356249999999993,0.01871898134247695,-0.02537999999999998,-0.0015031093750000285,8,0.09375,1.0
maximum_probability,hamp_full,repetition-low,structural_difference_in_differences,-0.018868125000000034,0.028087608342660945,-0.036993750000000075,-0.0004131250000000068,8,0.109375,1.0
maximum_probability,hamp_output,repetition-low,structural_difference_in_differences,-0.019451875000000063,0.03211204001366602,-0.040188125000000074,0.0012362499999999804,8,0.1328125,1.0
maximum_probability,hamp_train,repetition-low,structural_difference_in_differences,0.007225000000000044,0.016693232375512422,-0.0037368749999999312,0.01823125000000002,8,0.2734375,1.0
maximum_probability,l2,repetition-low,structural_difference_in_differences,-0.007728125000000002,0.009169721111781826,-0.013458765624999978,-0.0015168749999999523,8,0.078125,1.0
maximum_probability,lattice_round,repetition-low,structural_difference_in_differences,-0.0010737500000000122,0.0022276809690797506,-0.002584406250000048,0.0002631562499999959,8,0.2265625,1.0
maximum_probability,logitguard_continuous,repetition-low,structural_difference_in_differences,-0.0017531249999999943,0.015245549453037114,-0.011832421874999985,0.007763124999999989,8,0.765625,1.0
maximum_probability,logitguard_quantized,repetition-low,structural_difference_in_differences,-0.0025918749999999796,0.015174624245171376,-0.012481874999999983,0.007159906249999975,8,0.65625,1.0
maximum_probability,measurementguard_continuous,repetition-low,structural_difference_in_differences,-0.01819874999999998,0.02759218545556488,-0.036533749999999955,-0.0014245625,8,0.109375,1.0
maximum_probability,memgq_lattice,repetition-low,structural_difference_in_differences,-0.025942499999999993,0.025930810135545594,-0.042676249999999985,-0.009306906250000031,8,0.03125,1.0
maximum_probability,memgq_lattice_sticky,repetition-low,structural_difference_in_differences,-0.015073750000000052,0.03316634780595707,-0.03648779687500004,0.006169999999999946,8,0.25,1.0
maximum_probability,memguard,repetition-low,structural_difference_in_differences,0.0011468750000000333,0.011647296110961925,-0.006038749999999982,0.008904375000000068,8,0.8203125,1.0
maximum_probability,dp_qml,stress-low,structural_difference_in_differences,-0.03614625000000002,0.019283701435964733,-0.04798125000000002,-0.022975234375000004,8,0.015625,1.0
maximum_probability,dynanoise,stress-low,structural_difference_in_differences,-0.022278125000000017,0.021163385486917173,-0.03589110937499997,-0.008498687500000015,8,0.046875,1.0
maximum_probability,hamp_full,stress-low,structural_difference_in_differences,-0.022613749999999995,0.03304534382048835,-0.04342437500000003,-0.0018598437499999746,8,0.09375,1.0
maximum_probability,hamp_output,stress-low,structural_difference_in_differences,-0.01116875000000006,0.029249417912401,-0.029705062500000053,0.008141249999999954,8,0.3125,1.0
maximum_probability,hamp_train,stress-low,structural_difference_in_differences,0.0005525000000000183,0.02213204657762779,-0.013711343750000014,0.014591546875000022,8,0.9296875,1.0
maximum_probability,l2,stress-low,structural_difference_in_differences,-0.014540624999999988,0.017703089003556886,-0.024976281249999985,-0.0023032187500000014,8,0.078125,1.0
maximum_probability,lattice_round,stress-low,structural_difference_in_differences,-3.937499999996652e-05,0.0016386109917069537,-0.0010775156250000138,0.001006250000000014,8,0.9609375,1.0
maximum_probability,logitguard_continuous,stress-low,structural_difference_in_differences,-0.012531875000000026,0.018952380162905267,-0.025095546875000038,-0.0003886250000000834,8,0.1171875,1.0
maximum_probability,logitguard_quantized,stress-low,structural_difference_in_differences,-0.011861249999999962,0.019454147510419025,-0.024593124999999993,0.0010991093749999918,8,0.140625,1.0
maximum_probability,measurementguard_continuous,stress-low,structural_difference_in_differences,-0.02380062499999997,0.017118704982207543,-0.034111250000000023,-0.011846640624999976,8,0.0234375,1.0
maximum_probability,memgq_lattice,stress-low,structural_difference_in_differences,-0.018791249999999995,0.041914915581619486,-0.04628562499999999,0.008033750000000034,8,0.2421875,1.0
maximum_probability,memgq_lattice_sticky,stress-low,structural_difference_in_differences,-0.013641875000000019,0.03242909550492979,-0.03507487500000003,0.0061421406249999476,8,0.3046875,1.0
maximum_probability,memguard,stress-low,structural_difference_in_differences,0.0009818750000000487,0.009925383021576561,-0.004869374999999995,0.007861437500000033,8,0.8203125,1.0
maximum_probability,dp_qml,stress-repetition,structural_difference_in_differences,-0.007331875000000022,0.016629083588163878,-0.01828874999999995,0.003266249999999922,8,0.25,1.0
maximum_probability,dynanoise,stress-repetition,structural_difference_in_differences,-0.008921875000000024,0.012999905476991525,-0.017304999999999994,-0.0007161718750000041,8,0.09375,1.0
maximum_probability,hamp_full,stress-repetition,structural_difference_in_differences,-0.003745624999999961,0.022942611234727746,-0.018648749999999943,0.010674421875000013,8,0.6484375,1.0
maximum_probability,hamp_output,stress-repetition,structural_difference_in_differences,0.008283125000000002,0.03319346632541447,-0.013519374999999945,0.029738781249999943,8,0.5234375,1.0
maximum_probability,hamp_train,stress-repetition,structural_difference_in_differences,-0.006672500000000026,0.01822594618355149,-0.018994625000000036,0.004568124999999944,8,0.40625,1.0
maximum_probability,l2,stress-repetition,structural_difference_in_differences,-0.006812499999999985,0.015935749343625405,-0.016739500000000004,0.003566281250000013,8,0.2734375,1.0
maximum_probability,lattice_round,stress-repetition,structural_difference_in_differences,0.0010343750000000457,0.0014274813921729148,0.00018312500000006155,0.002006250000000015,8,0.078125,1.0
maximum_probability,logitguard_continuous,stress-repetition,structural_difference_in_differences,-0.010778750000000031,0.018345525291315213,-0.023281562500000016,-0.00024875000000002673,8,0.1796875,1.0
maximum_probability,logitguard_quantized,stress-repetition,structural_difference_in_differences,-0.009269374999999982,0.0171588014561249,-0.02118374999999998,0.0008468749999999831,8,0.21875,1.0
maximum_probability,measurementguard_continuous,stress-repetition,structural_difference_in_differences,-0.005601874999999992,0.035777188256675065,-0.024539640624999987,0.02055874999999996,8,0.734375,1.0
maximum_probability,memgq_lattice,stress-repetition,structural_difference_in_differences,0.007151249999999998,0.052169135631137314,-0.024089562500000026,0.04340687499999997,8,0.734375,1.0
maximum_probability,memgq_lattice_sticky,stress-repetition,structural_difference_in_differences,0.0014318750000000338,0.052638366096107655,-0.03328226562500001,0.035446500000000034,8,0.9375,1.0
maximum_probability,memguard,stress-repetition,structural_difference_in_differences,-0.0001649999999999846,0.009588247642668692,-0.006024390624999956,0.006101874999999965,8,0.9609375,1.0
nearby_query_logistic_q32,lattice_round,repetition-low,structural_difference_in_differences,-0.007800000000000008,0.05415765346256637,-0.044562500000000005,0.024889062499999955,8,0.6875,1.0
nearby_query_logistic_q32,logitguard_continuous,repetition-low,structural_difference_in_differences,-0.002612499999999969,0.07175502844500067,-0.05129999999999992,0.03896250000000003,8,0.9375,1.0
nearby_query_logistic_q32,logitguard_quantized,repetition-low,structural_difference_in_differences,-0.003037499999999964,0.0729092966343407,-0.052937499999999964,0.040200312500000036,8,0.90625,1.0
nearby_query_logistic_q32,measurementguard_continuous,repetition-low,structural_difference_in_differences,0.012924999999999985,0.0701414030981091,-0.033674999999999976,0.0566125,8,0.609375,1.0
nearby_query_logistic_q32,memgq_lattice,repetition-low,structural_difference_in_differences,-0.013637499999999997,0.03744149483813766,-0.03964999999999999,0.00845000000000002,8,0.3984375,1.0
nearby_query_logistic_q32,memgq_lattice_sticky,repetition-low,structural_difference_in_differences,0.009462500000000013,0.03713388662279089,-0.014302187500000032,0.033,8,0.484375,1.0
nearby_query_logistic_q32,lattice_round,stress-low,structural_difference_in_differences,-0.021349999999999973,0.04889829094296506,-0.05619999999999999,0.004714687500000031,8,0.3125,1.0
nearby_query_logistic_q32,logitguard_continuous,stress-low,structural_difference_in_differences,0.021587500000000065,0.07664361752385428,-0.021326249999999967,0.07466312500000007,8,0.5546875,1.0
nearby_query_logistic_q32,logitguard_quantized,stress-low,structural_difference_in_differences,0.019937500000000045,0.07670872435946993,-0.024474999999999934,0.0726,8,0.6015625,1.0
nearby_query_logistic_q32,measurementguard_continuous,stress-low,structural_difference_in_differences,-0.01067499999999999,0.07879423020936056,-0.05923781250000002,0.04272531249999993,8,0.7109375,1.0
nearby_query_logistic_q32,memgq_lattice,stress-low,structural_difference_in_differences,-0.010087499999999958,0.07442604070964873,-0.059275312500000024,0.03645062500000005,8,0.703125,1.0
nearby_query_logistic_q32,memgq_lattice_sticky,stress-low,structural_difference_in_differences,-0.02604999999999997,0.0808076729030109,-0.07548781249999996,0.029801249999999963,8,0.3984375,1.0
nearby_query_logistic_q32,lattice_round,stress-repetition,structural_difference_in_differences,-0.013549999999999965,0.0454946464668411,-0.03839999999999997,0.019362500000000026,8,0.4453125,1.0
nearby_query_logistic_q32,logitguard_continuous,stress-repetition,structural_difference_in_differences,0.024200000000000034,0.08223892022637454,-0.026737499999999942,0.07938750000000001,8,0.421875,1.0
nearby_query_logistic_q32,logitguard_quantized,stress-repetition,structural_difference_in_differences,0.02297500000000001,0.0804468546841418,-0.028403124999999984,0.07619999999999999,8,0.4140625,1.0
nearby_query_logistic_q32,measurementguard_continuous,stress-repetition,structural_difference_in_differences,-0.023599999999999975,0.044536245271207364,-0.051700937499999974,0.005750000000000019,8,0.1875,1.0
nearby_query_logistic_q32,memgq_lattice,stress-repetition,structural_difference_in_differences,0.0035500000000000392,0.053165590375730785,-0.030353437499999934,0.03787500000000006,8,0.8515625,1.0
nearby_query_logistic_q32,memgq_lattice_sticky,stress-repetition,structural_difference_in_differences,-0.03551249999999998,0.05609228206396003,-0.07067500000000002,0.0025624999999999815,8,0.125,1.0
