target_id,training_defense,defense,record_id,membership,true_label,predicted_label,probability_0,probability_1
PETS_CREDIT_high_eff_su2_r5_d6_b01__none,none,none,eaab06e0e9770f0cb322,1,0,0,0.7443723082542419,0.25562775135040283
PETS_CREDIT_high_eff_su2_r5_d6_b01__none,none,none,883a42269d6847aec70c,1,0,0,0.6386383175849915,0.36136171221733093
PETS_CREDIT_high_eff_su2_r5_d6_b01__none,none,none,6bf07a3ff23f9e3249c5,1,0,0,0.9248408675193787,0.07515920698642731
PETS_CREDIT_high_eff_su2_r5_d6_b01__none,none,none,272c38b1ecd099be7890,1,0,0,0.9062744975090027,0.09372550249099731
PETS_CREDIT_high_eff_su2_r5_d6_b01__none,none,none,f2a589817382059b0dcc,1,0,0,0.6210189461708069,0.3789811134338379
PETS_CREDIT_high_eff_su2_r5_d6_b01__none,none,none,ab97fae957e08270ffce,1,1,1,0.17895177006721497,0.8210482597351074
PETS_CREDIT_high_eff_su2_r5_d6_b01__none,none,none,0674ce029ebb21d32e38,1,0,0,0.8827120065689087,0.11728796362876892
PETS_CREDIT_high_eff_su2_r5_d6_b01__none,none,none,a9752ae3047aff503fb3,1,1,0,0.8528107404708862,0.14718922972679138
PETS_CREDIT_high_eff_su2_r5_d6_b01__none,none,none,5b7629cbd1fb6e879520,1,1,0,0.8067482709884644,0.19325166940689087
PETS_CREDIT_high_eff_su2_r5_d6_b01__none,none,none,4dde24d981dd8981f71f,1,0,0,0.9859122633934021,0.014087775722146034
PETS_CREDIT_high_eff_su2_r5_d6_b01__none,none,none,4df4658f2eb41564da87,1,0,0,0.8727012872695923,0.12729869782924652
PETS_CREDIT_high_eff_su2_r5_d6_b01__none,none,none,ab00e756b29c98fd6674,1,0,0,0.530536949634552,0.469463050365448
PETS_CREDIT_high_eff_su2_r5_d6_b01__none,none,none,69ef03b5c6f4f7ecef33,1,0,0,0.8760544061660767,0.12394564598798752
PETS_CREDIT_high_eff_su2_r5_d6_b01__none,none,none,dba69027df0122535f19,1,0,0,0.9667037129402161,0.033296357840299606
PETS_CREDIT_high_eff_su2_r5_d6_b01__none,none,none,cbd912351cdbc83a9184,1,0,1,0.27084457874298096,0.7291554808616638
PETS_CREDIT_high_eff_su2_r5_d6_b01__none,none,none,7be2869c238aa35d440a,1,1,0,0.709528386592865,0.29047155380249023
PETS_CREDIT_high_eff_su2_r5_d6_b01__none,none,none,7ce1135db7560daf7e70,1,0,0,0.8429734110832214,0.15702660381793976
PETS_CREDIT_high_eff_su2_r5_d6_b01__none,none,none,988a4b4dcb53bafffb01,1,0,0,0.7831431031227112,0.21685698628425598
PETS_CREDIT_high_eff_su2_r5_d6_b01__none,none,none,66fa33821884d4568b02,1,0,0,0.774398922920227,0.22560107707977295
PETS_CREDIT_high_eff_su2_r5_d6_b01__none,none,none,f073d35785cf76f1409c,1,1,0,0.8180432319641113,0.18195673823356628
PETS_CREDIT_high_eff_su2_r5_d6_b01__none,none,none,6c0e663b6848864dc914,1,0,0,0.5718973875045776,0.4281025826931
PETS_CREDIT_high_eff_su2_r5_d6_b01__none,none,none,14865093b1485a5c3a41,1,0,0,0.9186090230941772,0.08139099925756454
PETS_CREDIT_high_eff_su2_r5_d6_b01__none,none,none,c4b2c9357254e51af6a9,1,0,0,0.7220361828804016,0.2779638171195984
PETS_CREDIT_high_eff_su2_r5_d6_b01__none,none,none,b0f47ae4b56b3aa4d111,1,0,0,0.979871392250061,0.02012861706316471
PETS_CREDIT_high_eff_su2_r5_d6_b01__none,none,none,f05df67fe5ac7ed38643,1,0,0,0.9577685594558716,0.04223141819238663
PETS_CREDIT_high_eff_su2_r5_d6_b01__none,none,none,a55e4e1cd3465563efc4,1,0,0,0.9504634737968445,0.04953655228018761
PETS_CREDIT_high_eff_su2_r5_d6_b01__none,none,none,c9acdb61159286a4c2ce,1,0,0,0.7425062656402588,0.2574937045574188
PETS_CREDIT_high_eff_su2_r5_d6_b01__none,none,none,6ea2a519a69c09016323,1,0,0,0.8853005170822144,0.11469954997301102
PETS_CREDIT_high_eff_su2_r5_d6_b01__none,none,none,f332cc500c7a62b19024,1,0,0,0.8043984174728394,0.19560158252716064
PETS_CREDIT_high_eff_su2_r5_d6_b01__none,none,none,6992a9babb7ae6302cb5,1,0,0,0.8655043840408325,0.1344955861568451
PETS_CREDIT_high_eff_su2_r5_d6_b01__none,none,none,d1d396dc69ac0aeade66,1,0,0,0.8413453102111816,0.15865470468997955
PETS_CREDIT_high_eff_su2_r5_d6_b01__none,none,none,4def6ca8e27be84aeb54,1,0,0,0.8897914886474609,0.11020856350660324
PETS_CREDIT_high_eff_su2_r5_d6_b01__none,none,none,d46f8b9f4d57f90db615,1,1,0,0.7188060283660889,0.28119397163391113
PETS_CREDIT_high_eff_su2_r5_d6_b01__none,none,none,347bd04364dce3c5342e,1,0,0,0.6971400380134583,0.3028598725795746
PETS_CREDIT_high_eff_su2_r5_d6_b01__none,none,none,32babcc385bd70eddb90,1,1,0,0.773520290851593,0.22647975385189056
PETS_CREDIT_high_eff_su2_r5_d6_b01__none,none,none,0772d1e68bccea98e68f,1,0,1,0.3956148028373718,0.6043851971626282
PETS_CREDIT_high_eff_su2_r5_d6_b01__none,none,none,72bf8a475d5aa5538cd3,1,0,0,0.9071559309959412,0.09284406900405884
PETS_CREDIT_high_eff_su2_r5_d6_b01__none,none,none,092efc45ab978715a8fa,1,0,0,0.8940843343734741,0.10591571033000946
PETS_CREDIT_high_eff_su2_r5_d6_b01__none,none,none,25bed8f88a506c4cc366,1,1,0,0.6464858055114746,0.3535141944885254
PETS_CREDIT_high_eff_su2_r5_d6_b01__none,none,none,c8a7bd1cd35ba1e89b80,1,0,0,0.8535602688789368,0.14643968641757965
PETS_CREDIT_high_eff_su2_r5_d6_b01__none,none,none,073dbbd888ef767c75de,1,0,0,0.9692326188087463,0.030767470598220825
PETS_CREDIT_high_eff_su2_r5_d6_b01__none,none,none,8f95586c1c6fb3f2a750,1,1,0,0.570407509803772,0.4295925796031952
PETS_CREDIT_high_eff_su2_r5_d6_b01__none,none,none,c75c31af2389cc3a594f,1,0,0,0.7204300761222839,0.2795700132846832
PETS_CREDIT_high_eff_su2_r5_d6_b01__none,none,none,bd6c7e8fd4e7879e23df,1,0,0,0.7421088814735413,0.25789114832878113
PETS_CREDIT_high_eff_su2_r5_d6_b01__none,none,none,072f10d00d9156aab9f2,1,0,0,0.869451642036438,0.1305483728647232
PETS_CREDIT_high_eff_su2_r5_d6_b01__none,none,none,82d40bd4122f5c76cdfb,1,0,0,0.9074316620826721,0.09256833046674728
PETS_CREDIT_high_eff_su2_r5_d6_b01__none,none,none,81817fc85a01b1cc7dcf,1,0,0,0.9285181760787964,0.07148183882236481
PETS_CREDIT_high_eff_su2_r5_d6_b01__none,none,none,d75c3e52dbcaf5a5ec2a,1,0,0,0.74222332239151,0.25777667760849
PETS_CREDIT_high_eff_su2_r5_d6_b01__none,none,none,e0cf68ff7b13424759c5,1,1,1,0.14873452484607697,0.8512653708457947
PETS_CREDIT_high_eff_su2_r5_d6_b01__none,none,none,92516ca36411fad7d9c9,1,0,0,0.8562444448471069,0.14375559985637665
PETS_CREDIT_high_eff_su2_r5_d6_b01__none,none,none,1dd9f8371cdcaa1758b3,1,0,0,0.7651209235191345,0.23487913608551025
PETS_CREDIT_high_eff_su2_r5_d6_b01__none,none,none,a4fc6b0808359418c098,1,0,0,0.9695297479629517,0.030470244586467743
PETS_CREDIT_high_eff_su2_r5_d6_b01__none,none,none,e07f107ec2deef516f4f,1,0,0,0.9172260165214539,0.08277401328086853
PETS_CREDIT_high_eff_su2_r5_d6_b01__none,none,none,7311863aa70952806ffc,1,0,0,0.893222451210022,0.10677763819694519
PETS_CREDIT_high_eff_su2_r5_d6_b01__none,none,none,eb849709f12c60edd50b,1,1,0,0.7418434023857117,0.25815656781196594
PETS_CREDIT_high_eff_su2_r5_d6_b01__none,none,none,0a09121dee0e5db09dfe,1,1,0,0.7975929379463196,0.2024070918560028
PETS_CREDIT_high_eff_su2_r5_d6_b01__none,none,none,29a333df83b13ef7fea3,1,0,0,0.9009132385253906,0.09908682852983475
PETS_CREDIT_high_eff_su2_r5_d6_b01__none,none,none,b84ff32b3c14263b0dd5,1,1,1,0.4604373276233673,0.5395626425743103
PETS_CREDIT_high_eff_su2_r5_d6_b01__none,none,none,ae1704e8283a10912765,1,0,0,0.9688305854797363,0.031169438734650612
PETS_CREDIT_high_eff_su2_r5_d6_b01__none,none,none,78edbc6916b12b570866,1,0,0,0.5794197916984558,0.4205801784992218
PETS_CREDIT_high_eff_su2_r5_d6_b01__none,none,none,196d92dfff0523a23237,1,1,0,0.5705623030662537,0.42943769693374634
PETS_CREDIT_high_eff_su2_r5_d6_b01__none,none,none,c0daa10532a8487ca803,1,1,0,0.5825865864753723,0.4174134433269501
PETS_CREDIT_high_eff_su2_r5_d6_b01__none,none,none,a5b1091e7ec67f7a06ed,1,0,0,0.8988233804702759,0.10117661952972412
PETS_CREDIT_high_eff_su2_r5_d6_b01__none,none,none,bfa7b1aca5d187760a16,1,0,0,0.986950695514679,0.013049344532191753
PETS_CREDIT_high_eff_su2_r5_d6_b01__none,none,none,39f8154e08ad72170108,1,0,0,0.532256007194519,0.46774396300315857
PETS_CREDIT_high_eff_su2_r5_d6_b01__none,none,none,2379dd478643b9cc0bc1,1,0,0,0.9702004790306091,0.029799627140164375
PETS_CREDIT_high_eff_su2_r5_d6_b01__none,none,none,418dd0dffa2f4aacf5a8,1,0,0,0.8089702725410461,0.19102974236011505
PETS_CREDIT_high_eff_su2_r5_d6_b01__none,none,none,26b6a5da65cdaeb8e184,1,0,0,0.8651844263076782,0.13481566309928894
PETS_CREDIT_high_eff_su2_r5_d6_b01__none,none,none,c50e57ca37a497df3a13,1,0,0,0.8733653426170349,0.12663467228412628
PETS_CREDIT_high_eff_su2_r5_d6_b01__none,none,none,0ec364cc4624f409f87e,1,1,0,0.8362176418304443,0.16378235816955566
PETS_CREDIT_high_eff_su2_r5_d6_b01__none,none,none,49b15e9ec4784be42cd2,1,0,0,0.8044541478157043,0.19554583728313446
PETS_CREDIT_high_eff_su2_r5_d6_b01__none,none,none,ce8a11f272895da8cd7f,1,0,0,0.9782297015190125,0.02177027054131031
PETS_CREDIT_high_eff_su2_r5_d6_b01__none,none,none,f929be357f68bdda4236,1,0,0,0.9647973775863647,0.03520265966653824
PETS_CREDIT_high_eff_su2_r5_d6_b01__none,none,none,619b46d6086e6aad3d84,1,0,0,0.9853137731552124,0.014686240814626217
PETS_CREDIT_high_eff_su2_r5_d6_b01__none,none,none,c91e3b5a028c06ad1f92,1,0,0,0.9399945735931396,0.06000542268157005
PETS_CREDIT_high_eff_su2_r5_d6_b01__none,none,none,f640cb068a6e0cafd8f7,1,0,0,0.8526747822761536,0.14732514321804047
PETS_CREDIT_high_eff_su2_r5_d6_b01__none,none,none,a1b01a469dc7802f51d3,1,0,0,0.7456189393997192,0.254381000995636
PETS_CREDIT_high_eff_su2_r5_d6_b01__none,none,none,5cb75d859aa2d3df94b0,1,0,0,0.8013683557510376,0.19863170385360718
PETS_CREDIT_high_eff_su2_r5_d6_b01__none,none,none,5e48c11768cb070aefe6,1,1,1,0.2603943645954132,0.739605724811554
PETS_CREDIT_high_eff_su2_r5_d6_b01__none,none,none,3ac7ac4bc65a6ffec899,1,0,0,0.9490613341331482,0.0509386882185936
PETS_CREDIT_high_eff_su2_r5_d6_b01__none,none,none,ac5f40db5db91c18a83b,1,1,1,0.26649466156959534,0.7335054278373718
PETS_CREDIT_high_eff_su2_r5_d6_b01__none,none,none,973b363916938dbaaf31,1,0,0,0.9787914156913757,0.02120870165526867
PETS_CREDIT_high_eff_su2_r5_d6_b01__none,none,none,df16a30c67111933fccc,1,0,0,0.9841094613075256,0.01589057222008705
PETS_CREDIT_high_eff_su2_r5_d6_b01__none,none,none,402e2e33d278085f817f,1,0,0,0.9246785044670105,0.07532151788473129
PETS_CREDIT_high_eff_su2_r5_d6_b01__none,none,none,a62d80fa1349c54517ce,1,1,0,0.5985420942306519,0.4014579653739929
PETS_CREDIT_high_eff_su2_r5_d6_b01__none,none,none,d9170d275d5e05922e82,1,0,0,0.86695796251297,0.1330420821905136
PETS_CREDIT_high_eff_su2_r5_d6_b01__none,none,none,01743ddf295d8f6b5a46,1,0,0,0.9173336029052734,0.08266644924879074
PETS_CREDIT_high_eff_su2_r5_d6_b01__none,none,none,e030c0aa4ae0f1011f2f,1,0,0,0.7650545835494995,0.23494543135166168
PETS_CREDIT_high_eff_su2_r5_d6_b01__none,none,none,bf465d63c434358f77e4,1,0,0,0.8851343393325806,0.11486572027206421
PETS_CREDIT_high_eff_su2_r5_d6_b01__none,none,none,9eb158e3cbe5bc901e26,1,1,1,0.3665584623813629,0.6334415674209595
PETS_CREDIT_high_eff_su2_r5_d6_b01__none,none,none,a6dfd0dc4ba32e6c00e6,1,0,0,0.8607674837112427,0.13923253118991852
PETS_CREDIT_high_eff_su2_r5_d6_b01__none,none,none,a5628044ec0880a52490,1,0,0,0.8983297944068909,0.10167022794485092
PETS_CREDIT_high_eff_su2_r5_d6_b01__none,none,none,4cfea97c73e6dbfbc698,1,0,0,0.9732950329780579,0.026704972609877586
PETS_CREDIT_high_eff_su2_r5_d6_b01__none,none,none,006df97946d214e0111f,1,0,0,0.6551172137260437,0.3448827862739563
PETS_CREDIT_high_eff_su2_r5_d6_b01__none,none,none,75e559f2a9928f47e4ef,1,0,0,0.9113643169403076,0.08863573521375656
PETS_CREDIT_high_eff_su2_r5_d6_b01__none,none,none,526cee77dcfea7ee8138,1,1,1,0.3141016662120819,0.6858983039855957
PETS_CREDIT_high_eff_su2_r5_d6_b01__none,none,none,2c2eb339de59d2b86f66,1,1,1,0.302889347076416,0.6971105933189392
PETS_CREDIT_high_eff_su2_r5_d6_b01__none,none,none,fbbb0f469e10095b9cc1,1,0,0,0.9360112547874451,0.06398876756429672
PETS_CREDIT_high_eff_su2_r5_d6_b01__none,none,none,c2f9d20d5b53c00ef5f4,1,0,0,0.9119256734848022,0.08807440847158432
PETS_CREDIT_high_eff_su2_r5_d6_b01__none,none,none,1313972ddf1c6e9eb2c9,1,0,0,0.5877159833908081,0.4122840166091919
PETS_CREDIT_high_eff_su2_r5_d6_b01__none,none,none,775e0bc8a00b354d7d21,0,0,0,0.877086877822876,0.12291309237480164
PETS_CREDIT_high_eff_su2_r5_d6_b01__none,none,none,19eaeaae64289dba8ce8,0,0,0,0.8738741278648376,0.1261259764432907
PETS_CREDIT_high_eff_su2_r5_d6_b01__none,none,none,af85096b9d68ea111a40,0,0,0,0.9510977268218994,0.04890228062868118
PETS_CREDIT_high_eff_su2_r5_d6_b01__none,none,none,eb58b2ec144b95696995,0,0,0,0.9466213583946228,0.05337865278124809
PETS_CREDIT_high_eff_su2_r5_d6_b01__none,none,none,c87adcad5c5b8bacab20,0,0,0,0.870931088924408,0.12906888127326965
PETS_CREDIT_high_eff_su2_r5_d6_b01__none,none,none,8b38dcbabda11b315cba,0,1,0,0.6529719233512878,0.3470280170440674
PETS_CREDIT_high_eff_su2_r5_d6_b01__none,none,none,46cf73574cd89d5b0a38,0,0,0,0.9138506650924683,0.08614935725927353
PETS_CREDIT_high_eff_su2_r5_d6_b01__none,none,none,f1d5fbea8d8fc197f689,0,1,0,0.5769370794296265,0.42306283116340637
PETS_CREDIT_high_eff_su2_r5_d6_b01__none,none,none,0ccf866b02ec9d1e0e17,0,1,1,0.15658701956272125,0.8434129953384399
PETS_CREDIT_high_eff_su2_r5_d6_b01__none,none,none,3bb90fb9f41d8cd780fb,0,0,0,0.944150984287262,0.05584895983338356
PETS_CREDIT_high_eff_su2_r5_d6_b01__none,none,none,b1bdd9f125cf64d76133,0,0,0,0.9272421598434448,0.072757788002491
PETS_CREDIT_high_eff_su2_r5_d6_b01__none,none,none,eb21418ddcffa69cc01e,0,0,0,0.8853403925895691,0.1146596148610115
PETS_CREDIT_high_eff_su2_r5_d6_b01__none,none,none,512bf5d49257f12e0379,0,0,0,0.6974861025810242,0.30251386761665344
PETS_CREDIT_high_eff_su2_r5_d6_b01__none,none,none,6feab55c27ef6fd8098c,0,0,0,0.8211501836776733,0.17884987592697144
PETS_CREDIT_high_eff_su2_r5_d6_b01__none,none,none,05d5b5a237e6011985dc,0,0,0,0.9483428001403809,0.051657211035490036
PETS_CREDIT_high_eff_su2_r5_d6_b01__none,none,none,508544f059d9966fa4fd,0,1,0,0.8487327098846436,0.15126731991767883
PETS_CREDIT_high_eff_su2_r5_d6_b01__none,none,none,02b75fde595a1ffcf156,0,0,0,0.7724296450614929,0.22757038474082947
PETS_CREDIT_high_eff_su2_r5_d6_b01__none,none,none,3a50f7141ac819d29be9,0,0,0,0.975679337978363,0.024320650845766068
PETS_CREDIT_high_eff_su2_r5_d6_b01__none,none,none,76e22647644159c9f31f,0,0,0,0.8878393769264221,0.11216064542531967
PETS_CREDIT_high_eff_su2_r5_d6_b01__none,none,none,ded01dd09f53e3f3edc7,0,1,0,0.9756386876106262,0.024361245334148407
PETS_CREDIT_high_eff_su2_r5_d6_b01__none,none,none,516fe3ca66f5f580688d,0,0,1,0.4558923840522766,0.5441076755523682
PETS_CREDIT_high_eff_su2_r5_d6_b01__none,none,none,7dbb07f72b26cae53e10,0,0,0,0.5259942412376404,0.47400569915771484
PETS_CREDIT_high_eff_su2_r5_d6_b01__none,none,none,65e0c3d4f1bee9081f1e,0,0,0,0.5583168864250183,0.4416830241680145
PETS_CREDIT_high_eff_su2_r5_d6_b01__none,none,none,05cfc0ff414af47c03a5,0,0,0,0.5246617197990417,0.47533825039863586
PETS_CREDIT_high_eff_su2_r5_d6_b01__none,none,none,ada868403e0aacd584e1,0,0,0,0.6639664769172668,0.33603352308273315
PETS_CREDIT_high_eff_su2_r5_d6_b01__none,none,none,4007b1ad7da10c650d44,0,0,0,0.8135766386985779,0.18642336130142212
PETS_CREDIT_high_eff_su2_r5_d6_b01__none,none,none,d31cd7debcfc574857b7,0,0,0,0.9245626330375671,0.07543735951185226
PETS_CREDIT_high_eff_su2_r5_d6_b01__none,none,none,5e54efebb9b29b940c99,0,0,0,0.6648814082145691,0.3351185619831085
PETS_CREDIT_high_eff_su2_r5_d6_b01__none,none,none,454315dad33a268150e0,0,0,0,0.9188958406448364,0.08110417425632477
PETS_CREDIT_high_eff_su2_r5_d6_b01__none,none,none,b224dfc19404bbda9ee4,0,0,0,0.8823246955871582,0.11767525225877762
PETS_CREDIT_high_eff_su2_r5_d6_b01__none,none,none,bbee22d3ea243b98e36f,0,0,1,0.4855743944644928,0.51442551612854
PETS_CREDIT_high_eff_su2_r5_d6_b01__none,none,none,53501233f30eb80e8d05,0,0,0,0.8468014597892761,0.15319855511188507
PETS_CREDIT_high_eff_su2_r5_d6_b01__none,none,none,d988f293d7bb6d4a8ab7,0,1,0,0.9729858636856079,0.027014153078198433
PETS_CREDIT_high_eff_su2_r5_d6_b01__none,none,none,545cb2ecd34d5146e49a,0,0,0,0.7369755506515503,0.2630245089530945
PETS_CREDIT_high_eff_su2_r5_d6_b01__none,none,none,fedc0dc11aeb9674f49a,0,1,1,0.49968865513801575,0.5003113746643066
PETS_CREDIT_high_eff_su2_r5_d6_b01__none,none,none,838fb6514f9d13f5f89a,0,0,0,0.6731084585189819,0.32689154148101807
PETS_CREDIT_high_eff_su2_r5_d6_b01__none,none,none,a024fa1846e4335ade36,0,0,0,0.9587421417236328,0.04125789925456047
PETS_CREDIT_high_eff_su2_r5_d6_b01__none,none,none,dd5f176581699325a9b1,0,0,0,0.918921947479248,0.08107803761959076
PETS_CREDIT_high_eff_su2_r5_d6_b01__none,none,none,45b2f42889463dbbbda3,0,1,1,0.49006354808807373,0.5099363923072815
PETS_CREDIT_high_eff_su2_r5_d6_b01__none,none,none,5c479147049976461a13,0,0,1,0.1601182371377945,0.8398817777633667
PETS_CREDIT_high_eff_su2_r5_d6_b01__none,none,none,5ff6b7662bfef65ea0bd,0,0,0,0.6976932883262634,0.3023066520690918
PETS_CREDIT_high_eff_su2_r5_d6_b01__none,none,none,f83af86a0376fc684202,0,1,0,0.8340014219284058,0.165998637676239
PETS_CREDIT_high_eff_su2_r5_d6_b01__none,none,none,49ba0900d21d03ea42a9,0,0,0,0.679240345954895,0.3207595646381378
PETS_CREDIT_high_eff_su2_r5_d6_b01__none,none,none,d7c5bc379679e38af136,0,0,0,0.9380576014518738,0.06194239854812622
PETS_CREDIT_high_eff_su2_r5_d6_b01__none,none,none,1de5fd2a3f26ba72a9c1,0,0,0,0.6551478505134583,0.3448522090911865
PETS_CREDIT_high_eff_su2_r5_d6_b01__none,none,none,9905912b0d924a7b3ca5,0,0,0,0.9671380519866943,0.03286196291446686
PETS_CREDIT_high_eff_su2_r5_d6_b01__none,none,none,a0c6458763e7f0d7b722,0,0,0,0.8870859742164612,0.11291400343179703
PETS_CREDIT_high_eff_su2_r5_d6_b01__none,none,none,6146ee4e50398bd2590b,0,0,0,0.517442524433136,0.4825575649738312
PETS_CREDIT_high_eff_su2_r5_d6_b01__none,none,none,c4c052470c6698896a64,0,1,0,0.7377978563308716,0.2622021734714508
PETS_CREDIT_high_eff_su2_r5_d6_b01__none,none,none,d4f5d45b61b7bb9d81d2,0,0,0,0.9262645244598389,0.07373546063899994
PETS_CREDIT_high_eff_su2_r5_d6_b01__none,none,none,8b2149d6d65d7dff0391,0,0,0,0.9502984285354614,0.04970158264040947
PETS_CREDIT_high_eff_su2_r5_d6_b01__none,none,none,2f0ee475d6ce6c987db1,0,0,0,0.8724140524864197,0.1275860220193863
PETS_CREDIT_high_eff_su2_r5_d6_b01__none,none,none,9e70744c580dba073780,0,0,0,0.961290717124939,0.03870926424860954
PETS_CREDIT_high_eff_su2_r5_d6_b01__none,none,none,2c3b25125281e8e5ea14,0,0,0,0.5303374528884888,0.4696626365184784
PETS_CREDIT_high_eff_su2_r5_d6_b01__none,none,none,d324c41c466449fc77a4,0,1,1,0.1914878487586975,0.8085122108459473
PETS_CREDIT_high_eff_su2_r5_d6_b01__none,none,none,b2afd8ac93139c6436ca,0,1,0,0.8695310950279236,0.13046890497207642
PETS_CREDIT_high_eff_su2_r5_d6_b01__none,none,none,f0873fcaa4725b7b28fd,0,0,0,0.9011386036872864,0.0988614484667778
PETS_CREDIT_high_eff_su2_r5_d6_b01__none,none,none,33f2ea1bb1c7d6a437bf,0,1,1,0.4212297797203064,0.5787702202796936
PETS_CREDIT_high_eff_su2_r5_d6_b01__none,none,none,63426de2bcac10c978ef,0,0,0,0.6920558214187622,0.307944118976593
PETS_CREDIT_high_eff_su2_r5_d6_b01__none,none,none,6083c35ef0dd27c47f39,0,0,0,0.8775762319564819,0.12242376804351807
PETS_CREDIT_high_eff_su2_r5_d6_b01__none,none,none,9ac4b9bb1cccbe8c8162,0,1,0,0.7434772849082947,0.2565227150917053
PETS_CREDIT_high_eff_su2_r5_d6_b01__none,none,none,15e0146e9b8967882d3c,0,1,1,0.37361955642700195,0.626380443572998
PETS_CREDIT_high_eff_su2_r5_d6_b01__none,none,none,37dc9fbd1cc1b8e7aeec,0,0,0,0.9172925353050232,0.08270752429962158
PETS_CREDIT_high_eff_su2_r5_d6_b01__none,none,none,9e00c9a73f8502e1beb6,0,0,0,0.8844008445739746,0.11559915542602539
PETS_CREDIT_high_eff_su2_r5_d6_b01__none,none,none,91f87ca67e3c04007486,0,0,0,0.8736729621887207,0.12632706761360168
PETS_CREDIT_high_eff_su2_r5_d6_b01__none,none,none,c6f44b9c0cc7a4317767,0,0,0,0.8294352889060974,0.17056472599506378
PETS_CREDIT_high_eff_su2_r5_d6_b01__none,none,none,cd6bf5351920ef71b772,0,0,0,0.9431751370429993,0.056824859231710434
PETS_CREDIT_high_eff_su2_r5_d6_b01__none,none,none,8dcf26c9f074a4b5de0e,0,0,0,0.8693323135375977,0.13066770136356354
PETS_CREDIT_high_eff_su2_r5_d6_b01__none,none,none,de98a8baab2807797bb8,0,0,0,0.8926347494125366,0.10736529529094696
PETS_CREDIT_high_eff_su2_r5_d6_b01__none,none,none,f28c583d896798880d4b,0,1,1,0.4570797085762024,0.5429202914237976
PETS_CREDIT_high_eff_su2_r5_d6_b01__none,none,none,ac56169f19bc768a992f,0,0,0,0.9658932685852051,0.03410672768950462
PETS_CREDIT_high_eff_su2_r5_d6_b01__none,none,none,3921b288ed88010b2bd2,0,0,0,0.9785813093185425,0.021418772637844086
PETS_CREDIT_high_eff_su2_r5_d6_b01__none,none,none,0988ebf7cfaacc632363,0,0,0,0.9418181777000427,0.05818183720111847
PETS_CREDIT_high_eff_su2_r5_d6_b01__none,none,none,19f22c4a26ede80db5bc,0,0,0,0.8750984072685242,0.1249016597867012
PETS_CREDIT_high_eff_su2_r5_d6_b01__none,none,none,96c64f83677ec33bce29,0,0,0,0.5158326625823975,0.48416733741760254
PETS_CREDIT_high_eff_su2_r5_d6_b01__none,none,none,9843ca85067735c6a50c,0,0,1,0.21241898834705353,0.7875809669494629
PETS_CREDIT_high_eff_su2_r5_d6_b01__none,none,none,12ef83c14d018f8929c0,0,0,0,0.6537229418754578,0.346277117729187
PETS_CREDIT_high_eff_su2_r5_d6_b01__none,none,none,9b5637baba30c32741f7,0,0,0,0.7915178537368774,0.20848214626312256
PETS_CREDIT_high_eff_su2_r5_d6_b01__none,none,none,82ebd78d69582401b822,0,1,0,0.5014370083808899,0.4985630512237549
PETS_CREDIT_high_eff_su2_r5_d6_b01__none,none,none,c154986c4ac0e18baa8e,0,0,0,0.9122320413589478,0.08776804804801941
PETS_CREDIT_high_eff_su2_r5_d6_b01__none,none,none,5c1eaee6580358b55afc,0,1,0,0.9101662039756775,0.08983379602432251
PETS_CREDIT_high_eff_su2_r5_d6_b01__none,none,none,cb251470deed8436762a,0,0,0,0.8924564123153687,0.10754360258579254
PETS_CREDIT_high_eff_su2_r5_d6_b01__none,none,none,da5f5efb7790004fff98,0,0,0,0.7883679270744324,0.21163210272789001
PETS_CREDIT_high_eff_su2_r5_d6_b01__none,none,none,a1971c19af6fbce2a2b8,0,0,0,0.8495234251022339,0.1504765748977661
PETS_CREDIT_high_eff_su2_r5_d6_b01__none,none,none,f88c75f25b6e20b11d53,0,1,1,0.2518386244773865,0.7481613755226135
PETS_CREDIT_high_eff_su2_r5_d6_b01__none,none,none,625fbebab124d6b6cfe9,0,0,0,0.6086060404777527,0.3913939595222473
PETS_CREDIT_high_eff_su2_r5_d6_b01__none,none,none,aad721f07309f09ae48b,0,0,0,0.962490975856781,0.03750907629728317
PETS_CREDIT_high_eff_su2_r5_d6_b01__none,none,none,3e5959b02df8356effc1,0,0,0,0.8262119293212891,0.17378807067871094
PETS_CREDIT_high_eff_su2_r5_d6_b01__none,none,none,13bc0e5e62e93ee9e11f,0,0,0,0.8902678489685059,0.10973221808671951
PETS_CREDIT_high_eff_su2_r5_d6_b01__none,none,none,d4552063b883befa7f1f,0,1,0,0.5203589200973511,0.4796411395072937
PETS_CREDIT_high_eff_su2_r5_d6_b01__none,none,none,9737e13af29b3e71e58d,0,0,0,0.5606665015220642,0.43933355808258057
PETS_CREDIT_high_eff_su2_r5_d6_b01__none,none,none,65878445affdd2869314,0,0,0,0.9103045463562012,0.08969547599554062
PETS_CREDIT_high_eff_su2_r5_d6_b01__none,none,none,c9b4e83642e08382f4a6,0,0,0,0.7339760661125183,0.2660239040851593
PETS_CREDIT_high_eff_su2_r5_d6_b01__none,none,none,e68ff9c46623f5834b2a,0,0,0,0.8084439039230347,0.19155608117580414
PETS_CREDIT_high_eff_su2_r5_d6_b01__none,none,none,ee145a9d7a0dd082d343,0,0,0,0.9238720536231995,0.07612785696983337
PETS_CREDIT_high_eff_su2_r5_d6_b01__none,none,none,8b77bc8a325b32f8d38a,0,1,0,0.8968835473060608,0.10311651974916458
PETS_CREDIT_high_eff_su2_r5_d6_b01__none,none,none,15902995b3e0e8fdafb5,0,1,0,0.7823398113250732,0.21766014397144318
PETS_CREDIT_high_eff_su2_r5_d6_b01__none,none,none,442418c1ce6eee466e66,0,0,0,0.9234827160835266,0.07651720941066742
PETS_CREDIT_high_eff_su2_r5_d6_b01__none,none,none,cdbf66466c43de4d3398,0,0,0,0.805412232875824,0.19458775222301483
PETS_CREDIT_high_eff_su2_r5_d6_b01__none,none,none,d219a9acadf7d11fea78,0,0,0,0.8715536594390869,0.12844635546207428
PETS_CREDIT_high_eff_su2_r5_d6_b01__none,none,dynanoise,eaab06e0e9770f0cb322,1,0,0,0.5384432077407837,0.4615567624568939
PETS_CREDIT_high_eff_su2_r5_d6_b01__none,none,dynanoise,883a42269d6847aec70c,1,0,0,0.5227342247962952,0.47726577520370483
PETS_CREDIT_high_eff_su2_r5_d6_b01__none,none,dynanoise,6bf07a3ff23f9e3249c5,1,0,0,0.5958598852157593,0.4041401147842407
PETS_CREDIT_high_eff_su2_r5_d6_b01__none,none,dynanoise,272c38b1ecd099be7890,1,0,0,0.5122334361076355,0.4877665936946869
PETS_CREDIT_high_eff_su2_r5_d6_b01__none,none,dynanoise,f2a589817382059b0dcc,1,0,1,0.46030285954475403,0.5396971106529236
PETS_CREDIT_high_eff_su2_r5_d6_b01__none,none,dynanoise,ab97fae957e08270ffce,1,1,1,0.4568897783756256,0.5431102514266968
PETS_CREDIT_high_eff_su2_r5_d6_b01__none,none,dynanoise,0674ce029ebb21d32e38,1,0,0,0.5639228224754333,0.43607717752456665
PETS_CREDIT_high_eff_su2_r5_d6_b01__none,none,dynanoise,a9752ae3047aff503fb3,1,1,0,0.5172682404518127,0.48273175954818726
PETS_CREDIT_high_eff_su2_r5_d6_b01__none,none,dynanoise,5b7629cbd1fb6e879520,1,1,0,0.5363110899925232,0.4636888802051544
PETS_CREDIT_high_eff_su2_r5_d6_b01__none,none,dynanoise,4dde24d981dd8981f71f,1,0,0,0.609939455986023,0.3900606036186218
PETS_CREDIT_high_eff_su2_r5_d6_b01__none,none,dynanoise,4df4658f2eb41564da87,1,0,0,0.5655725598335266,0.43442749977111816
PETS_CREDIT_high_eff_su2_r5_d6_b01__none,none,dynanoise,ab00e756b29c98fd6674,1,0,1,0.49157217144966125,0.5084278583526611
PETS_CREDIT_high_eff_su2_r5_d6_b01__none,none,dynanoise,69ef03b5c6f4f7ecef33,1,0,0,0.5829716324806213,0.41702836751937866
PETS_CREDIT_high_eff_su2_r5_d6_b01__none,none,dynanoise,dba69027df0122535f19,1,0,0,0.5422227382659912,0.4577772915363312
PETS_CREDIT_high_eff_su2_r5_d6_b01__none,none,dynanoise,cbd912351cdbc83a9184,1,0,1,0.4614657163619995,0.5385342836380005
PETS_CREDIT_high_eff_su2_r5_d6_b01__none,none,dynanoise,7be2869c238aa35d440a,1,1,0,0.5219173431396484,0.47808268666267395
PETS_CREDIT_high_eff_su2_r5_d6_b01__none,none,dynanoise,7ce1135db7560daf7e70,1,0,0,0.5729023218154907,0.4270976483821869
PETS_CREDIT_high_eff_su2_r5_d6_b01__none,none,dynanoise,988a4b4dcb53bafffb01,1,0,0,0.5398438572883606,0.4601561725139618
PETS_CREDIT_high_eff_su2_r5_d6_b01__none,none,dynanoise,66fa33821884d4568b02,1,0,1,0.4856164753437042,0.5143834948539734
PETS_CREDIT_high_eff_su2_r5_d6_b01__none,none,dynanoise,f073d35785cf76f1409c,1,1,0,0.5534319281578064,0.446568101644516
PETS_CREDIT_high_eff_su2_r5_d6_b01__none,none,dynanoise,6c0e663b6848864dc914,1,0,1,0.4947959780693054,0.5052040219306946
PETS_CREDIT_high_eff_su2_r5_d6_b01__none,none,dynanoise,14865093b1485a5c3a41,1,0,0,0.5067352056503296,0.4932647943496704
PETS_CREDIT_high_eff_su2_r5_d6_b01__none,none,dynanoise,c4b2c9357254e51af6a9,1,0,0,0.5352962017059326,0.46470382809638977
PETS_CREDIT_high_eff_su2_r5_d6_b01__none,none,dynanoise,b0f47ae4b56b3aa4d111,1,0,0,0.5791051983833313,0.4208948314189911
PETS_CREDIT_high_eff_su2_r5_d6_b01__none,none,dynanoise,f05df67fe5ac7ed38643,1,0,0,0.5138624310493469,0.4861375391483307
PETS_CREDIT_high_eff_su2_r5_d6_b01__none,none,dynanoise,a55e4e1cd3465563efc4,1,0,0,0.5204864740371704,0.4795135259628296
PETS_CREDIT_high_eff_su2_r5_d6_b01__none,none,dynanoise,c9acdb61159286a4c2ce,1,0,0,0.5209441781044006,0.47905585169792175
PETS_CREDIT_high_eff_su2_r5_d6_b01__none,none,dynanoise,6ea2a519a69c09016323,1,0,0,0.6003387570381165,0.39966124296188354
PETS_CREDIT_high_eff_su2_r5_d6_b01__none,none,dynanoise,f332cc500c7a62b19024,1,0,0,0.5508437156677246,0.4491563141345978
PETS_CREDIT_high_eff_su2_r5_d6_b01__none,none,dynanoise,6992a9babb7ae6302cb5,1,0,0,0.5415385961532593,0.4584614038467407
PETS_CREDIT_high_eff_su2_r5_d6_b01__none,none,dynanoise,d1d396dc69ac0aeade66,1,0,0,0.5200567841529846,0.47994324564933777
PETS_CREDIT_high_eff_su2_r5_d6_b01__none,none,dynanoise,4def6ca8e27be84aeb54,1,0,0,0.5257741808891296,0.47422587871551514
PETS_CREDIT_high_eff_su2_r5_d6_b01__none,none,dynanoise,d46f8b9f4d57f90db615,1,1,0,0.5464205145835876,0.45357948541641235
PETS_CREDIT_high_eff_su2_r5_d6_b01__none,none,dynanoise,347bd04364dce3c5342e,1,0,0,0.5211009383201599,0.4788990616798401
PETS_CREDIT_high_eff_su2_r5_d6_b01__none,none,dynanoise,32babcc385bd70eddb90,1,1,0,0.528197705745697,0.471802294254303
PETS_CREDIT_high_eff_su2_r5_d6_b01__none,none,dynanoise,0772d1e68bccea98e68f,1,0,1,0.4836604595184326,0.5163395404815674
PETS_CREDIT_high_eff_su2_r5_d6_b01__none,none,dynanoise,72bf8a475d5aa5538cd3,1,0,0,0.5545182824134827,0.44548171758651733
PETS_CREDIT_high_eff_su2_r5_d6_b01__none,none,dynanoise,092efc45ab978715a8fa,1,0,0,0.5160606503486633,0.48393937945365906
PETS_CREDIT_high_eff_su2_r5_d6_b01__none,none,dynanoise,25bed8f88a506c4cc366,1,1,0,0.5328916907310486,0.4671083092689514
PETS_CREDIT_high_eff_su2_r5_d6_b01__none,none,dynanoise,c8a7bd1cd35ba1e89b80,1,0,0,0.5675601959228516,0.4324398338794708
PETS_CREDIT_high_eff_su2_r5_d6_b01__none,none,dynanoise,073dbbd888ef767c75de,1,0,0,0.6267898678779602,0.3732101023197174
PETS_CREDIT_high_eff_su2_r5_d6_b01__none,none,dynanoise,8f95586c1c6fb3f2a750,1,1,1,0.44824543595314026,0.5517545938491821
PETS_CREDIT_high_eff_su2_r5_d6_b01__none,none,dynanoise,c75c31af2389cc3a594f,1,0,0,0.5508661270141602,0.44913384318351746
PETS_CREDIT_high_eff_su2_r5_d6_b01__none,none,dynanoise,bd6c7e8fd4e7879e23df,1,0,0,0.5033291578292847,0.4966708719730377
PETS_CREDIT_high_eff_su2_r5_d6_b01__none,none,dynanoise,072f10d00d9156aab9f2,1,0,0,0.5999476313591003,0.40005236864089966
PETS_CREDIT_high_eff_su2_r5_d6_b01__none,none,dynanoise,82d40bd4122f5c76cdfb,1,0,0,0.5883155465126038,0.41168445348739624
PETS_CREDIT_high_eff_su2_r5_d6_b01__none,none,dynanoise,81817fc85a01b1cc7dcf,1,0,0,0.5458663105964661,0.45413365960121155
PETS_CREDIT_high_eff_su2_r5_d6_b01__none,none,dynanoise,d75c3e52dbcaf5a5ec2a,1,0,0,0.5337038636207581,0.46629616618156433
PETS_CREDIT_high_eff_su2_r5_d6_b01__none,none,dynanoise,e0cf68ff7b13424759c5,1,1,1,0.4392572343349457,0.5607427954673767
PETS_CREDIT_high_eff_su2_r5_d6_b01__none,none,dynanoise,92516ca36411fad7d9c9,1,0,0,0.5674605369567871,0.4325394928455353
PETS_CREDIT_high_eff_su2_r5_d6_b01__none,none,dynanoise,1dd9f8371cdcaa1758b3,1,0,0,0.5239051580429077,0.4760948717594147
PETS_CREDIT_high_eff_su2_r5_d6_b01__none,none,dynanoise,a4fc6b0808359418c098,1,0,0,0.5783739686012268,0.4216260612010956
PETS_CREDIT_high_eff_su2_r5_d6_b01__none,none,dynanoise,e07f107ec2deef516f4f,1,0,0,0.5729604363441467,0.42703962326049805
PETS_CREDIT_high_eff_su2_r5_d6_b01__none,none,dynanoise,7311863aa70952806ffc,1,0,0,0.5502786040306091,0.44972142577171326
PETS_CREDIT_high_eff_su2_r5_d6_b01__none,none,dynanoise,eb849709f12c60edd50b,1,1,0,0.5012118220329285,0.4987882077693939
PETS_CREDIT_high_eff_su2_r5_d6_b01__none,none,dynanoise,0a09121dee0e5db09dfe,1,1,0,0.5410937666893005,0.4589062035083771
PETS_CREDIT_high_eff_su2_r5_d6_b01__none,none,dynanoise,29a333df83b13ef7fea3,1,0,0,0.5891995429992676,0.4108004570007324
PETS_CREDIT_high_eff_su2_r5_d6_b01__none,none,dynanoise,b84ff32b3c14263b0dd5,1,1,1,0.47442907094955444,0.5255709290504456
PETS_CREDIT_high_eff_su2_r5_d6_b01__none,none,dynanoise,ae1704e8283a10912765,1,0,0,0.5761566758155823,0.4238433837890625
PETS_CREDIT_high_eff_su2_r5_d6_b01__none,none,dynanoise,78edbc6916b12b570866,1,0,0,0.5034212470054626,0.49657872319221497
PETS_CREDIT_high_eff_su2_r5_d6_b01__none,none,dynanoise,196d92dfff0523a23237,1,1,0,0.5200535655021667,0.47994640469551086
PETS_CREDIT_high_eff_su2_r5_d6_b01__none,none,dynanoise,c0daa10532a8487ca803,1,1,0,0.5372720956802368,0.4627279043197632
PETS_CREDIT_high_eff_su2_r5_d6_b01__none,none,dynanoise,a5b1091e7ec67f7a06ed,1,0,0,0.6022514700889587,0.39774850010871887
PETS_CREDIT_high_eff_su2_r5_d6_b01__none,none,dynanoise,bfa7b1aca5d187760a16,1,0,0,0.6721489429473877,0.3278510570526123
PETS_CREDIT_high_eff_su2_r5_d6_b01__none,none,dynanoise,39f8154e08ad72170108,1,0,0,0.5250664353370667,0.47493356466293335
PETS_CREDIT_high_eff_su2_r5_d6_b01__none,none,dynanoise,2379dd478643b9cc0bc1,1,0,0,0.5749052166938782,0.42509475350379944
PETS_CREDIT_high_eff_su2_r5_d6_b01__none,none,dynanoise,418dd0dffa2f4aacf5a8,1,0,0,0.579529345035553,0.420470654964447
PETS_CREDIT_high_eff_su2_r5_d6_b01__none,none,dynanoise,26b6a5da65cdaeb8e184,1,0,0,0.5593218803405762,0.44067808985710144
PETS_CREDIT_high_eff_su2_r5_d6_b01__none,none,dynanoise,c50e57ca37a497df3a13,1,0,0,0.5973763465881348,0.40262371301651
PETS_CREDIT_high_eff_su2_r5_d6_b01__none,none,dynanoise,0ec364cc4624f409f87e,1,1,0,0.534180223941803,0.465819776058197
PETS_CREDIT_high_eff_su2_r5_d6_b01__none,none,dynanoise,49b15e9ec4784be42cd2,1,0,0,0.5126103758811951,0.4873896837234497
PETS_CREDIT_high_eff_su2_r5_d6_b01__none,none,dynanoise,ce8a11f272895da8cd7f,1,0,0,0.5596242547035217,0.44037574529647827
PETS_CREDIT_high_eff_su2_r5_d6_b01__none,none,dynanoise,f929be357f68bdda4236,1,0,0,0.6351012587547302,0.3648987114429474
PETS_CREDIT_high_eff_su2_r5_d6_b01__none,none,dynanoise,619b46d6086e6aad3d84,1,0,0,0.5861806869506836,0.413819283246994
PETS_CREDIT_high_eff_su2_r5_d6_b01__none,none,dynanoise,c91e3b5a028c06ad1f92,1,0,0,0.5320430397987366,0.4679569602012634
PETS_CREDIT_high_eff_su2_r5_d6_b01__none,none,dynanoise,f640cb068a6e0cafd8f7,1,0,0,0.5498456358909607,0.4501543939113617
PETS_CREDIT_high_eff_su2_r5_d6_b01__none,none,dynanoise,a1b01a469dc7802f51d3,1,0,0,0.5499797463417053,0.45002028346061707
PETS_CREDIT_high_eff_su2_r5_d6_b01__none,none,dynanoise,5cb75d859aa2d3df94b0,1,0,0,0.5285494923591614,0.471450537443161
PETS_CREDIT_high_eff_su2_r5_d6_b01__none,none,dynanoise,5e48c11768cb070aefe6,1,1,1,0.49936074018478394,0.5006392598152161
PETS_CREDIT_high_eff_su2_r5_d6_b01__none,none,dynanoise,3ac7ac4bc65a6ffec899,1,0,0,0.5253400802612305,0.47465991973876953
PETS_CREDIT_high_eff_su2_r5_d6_b01__none,none,dynanoise,ac5f40db5db91c18a83b,1,1,0,0.5214064121246338,0.478593647480011
PETS_CREDIT_high_eff_su2_r5_d6_b01__none,none,dynanoise,973b363916938dbaaf31,1,0,0,0.6591949462890625,0.3408050835132599
PETS_CREDIT_high_eff_su2_r5_d6_b01__none,none,dynanoise,df16a30c67111933fccc,1,0,0,0.5978446006774902,0.40215539932250977
PETS_CREDIT_high_eff_su2_r5_d6_b01__none,none,dynanoise,402e2e33d278085f817f,1,0,0,0.5490278005599976,0.45097219944000244
PETS_CREDIT_high_eff_su2_r5_d6_b01__none,none,dynanoise,a62d80fa1349c54517ce,1,1,0,0.5013150572776794,0.49868491291999817
PETS_CREDIT_high_eff_su2_r5_d6_b01__none,none,dynanoise,d9170d275d5e05922e82,1,0,0,0.5324426889419556,0.46755728125572205
PETS_CREDIT_high_eff_su2_r5_d6_b01__none,none,dynanoise,01743ddf295d8f6b5a46,1,0,0,0.5830309391021729,0.41696909070014954
PETS_CREDIT_high_eff_su2_r5_d6_b01__none,none,dynanoise,e030c0aa4ae0f1011f2f,1,0,1,0.499954491853714,0.5000454783439636
PETS_CREDIT_high_eff_su2_r5_d6_b01__none,none,dynanoise,bf465d63c434358f77e4,1,0,0,0.5947771668434143,0.4052228331565857
PETS_CREDIT_high_eff_su2_r5_d6_b01__none,none,dynanoise,9eb158e3cbe5bc901e26,1,1,1,0.4723327159881592,0.5276672840118408
PETS_CREDIT_high_eff_su2_r5_d6_b01__none,none,dynanoise,a6dfd0dc4ba32e6c00e6,1,0,0,0.5679296255111694,0.43207037448883057
PETS_CREDIT_high_eff_su2_r5_d6_b01__none,none,dynanoise,a5628044ec0880a52490,1,0,0,0.5110588073730469,0.4889412224292755
PETS_CREDIT_high_eff_su2_r5_d6_b01__none,none,dynanoise,4cfea97c73e6dbfbc698,1,0,0,0.5970119833946228,0.4029880464076996
PETS_CREDIT_high_eff_su2_r5_d6_b01__none,none,dynanoise,006df97946d214e0111f,1,0,0,0.5309233665466309,0.46907663345336914
PETS_CREDIT_high_eff_su2_r5_d6_b01__none,none,dynanoise,75e559f2a9928f47e4ef,1,0,0,0.5514695048332214,0.44853049516677856
PETS_CREDIT_high_eff_su2_r5_d6_b01__none,none,dynanoise,526cee77dcfea7ee8138,1,1,1,0.43127334117889404,0.568726658821106
PETS_CREDIT_high_eff_su2_r5_d6_b01__none,none,dynanoise,2c2eb339de59d2b86f66,1,1,1,0.4931161105632782,0.5068838596343994
PETS_CREDIT_high_eff_su2_r5_d6_b01__none,none,dynanoise,fbbb0f469e10095b9cc1,1,0,0,0.5396095514297485,0.4603904187679291
PETS_CREDIT_high_eff_su2_r5_d6_b01__none,none,dynanoise,c2f9d20d5b53c00ef5f4,1,0,0,0.548619270324707,0.45138075947761536
PETS_CREDIT_high_eff_su2_r5_d6_b01__none,none,dynanoise,1313972ddf1c6e9eb2c9,1,0,0,0.5159482955932617,0.4840517044067383
PETS_CREDIT_high_eff_su2_r5_d6_b01__none,none,dynanoise,775e0bc8a00b354d7d21,0,0,0,0.5621461272239685,0.4378538727760315
PETS_CREDIT_high_eff_su2_r5_d6_b01__none,none,dynanoise,19eaeaae64289dba8ce8,0,0,0,0.5371263027191162,0.4628736972808838
PETS_CREDIT_high_eff_su2_r5_d6_b01__none,none,dynanoise,af85096b9d68ea111a40,0,0,0,0.571794331073761,0.4282056987285614
PETS_CREDIT_high_eff_su2_r5_d6_b01__none,none,dynanoise,eb58b2ec144b95696995,0,0,0,0.5629362463951111,0.4370637834072113
PETS_CREDIT_high_eff_su2_r5_d6_b01__none,none,dynanoise,c87adcad5c5b8bacab20,0,0,0,0.5489275455474854,0.45107245445251465
PETS_CREDIT_high_eff_su2_r5_d6_b01__none,none,dynanoise,8b38dcbabda11b315cba,0,1,0,0.5020372271537781,0.4979627728462219
PETS_CREDIT_high_eff_su2_r5_d6_b01__none,none,dynanoise,46cf73574cd89d5b0a38,0,0,0,0.5319051146507263,0.4680948853492737
PETS_CREDIT_high_eff_su2_r5_d6_b01__none,none,dynanoise,f1d5fbea8d8fc197f689,0,1,1,0.47540390491485596,0.5245961546897888
PETS_CREDIT_high_eff_su2_r5_d6_b01__none,none,dynanoise,0ccf866b02ec9d1e0e17,0,1,1,0.4583755433559418,0.5416244864463806
PETS_CREDIT_high_eff_su2_r5_d6_b01__none,none,dynanoise,3bb90fb9f41d8cd780fb,0,0,0,0.5700444579124451,0.42995554208755493
PETS_CREDIT_high_eff_su2_r5_d6_b01__none,none,dynanoise,b1bdd9f125cf64d76133,0,0,0,0.5173641443252563,0.48263588547706604
PETS_CREDIT_high_eff_su2_r5_d6_b01__none,none,dynanoise,eb21418ddcffa69cc01e,0,0,0,0.5112295150756836,0.488770455121994
PETS_CREDIT_high_eff_su2_r5_d6_b01__none,none,dynanoise,512bf5d49257f12e0379,0,0,0,0.5090429186820984,0.490957111120224
PETS_CREDIT_high_eff_su2_r5_d6_b01__none,none,dynanoise,6feab55c27ef6fd8098c,0,0,0,0.5394381284713745,0.4605619013309479
PETS_CREDIT_high_eff_su2_r5_d6_b01__none,none,dynanoise,05d5b5a237e6011985dc,0,0,0,0.5272079706192017,0.47279202938079834
PETS_CREDIT_high_eff_su2_r5_d6_b01__none,none,dynanoise,508544f059d9966fa4fd,0,1,0,0.5486128330230713,0.4513871669769287
PETS_CREDIT_high_eff_su2_r5_d6_b01__none,none,dynanoise,02b75fde595a1ffcf156,0,0,0,0.5302050113677979,0.46979501843452454
PETS_CREDIT_high_eff_su2_r5_d6_b01__none,none,dynanoise,3a50f7141ac819d29be9,0,0,0,0.609908938407898,0.39009103178977966
PETS_CREDIT_high_eff_su2_r5_d6_b01__none,none,dynanoise,76e22647644159c9f31f,0,0,0,0.5861312747001648,0.4138687252998352
PETS_CREDIT_high_eff_su2_r5_d6_b01__none,none,dynanoise,ded01dd09f53e3f3edc7,0,1,0,0.5862860679626465,0.41371390223503113
PETS_CREDIT_high_eff_su2_r5_d6_b01__none,none,dynanoise,516fe3ca66f5f580688d,0,0,1,0.47910448908805847,0.5208954811096191
PETS_CREDIT_high_eff_su2_r5_d6_b01__none,none,dynanoise,7dbb07f72b26cae53e10,0,0,0,0.5063291788101196,0.49367082118988037
PETS_CREDIT_high_eff_su2_r5_d6_b01__none,none,dynanoise,65e0c3d4f1bee9081f1e,0,0,0,0.5180591940879822,0.48194077610969543
PETS_CREDIT_high_eff_su2_r5_d6_b01__none,none,dynanoise,05cfc0ff414af47c03a5,0,0,1,0.49549487233161926,0.5045050978660583
PETS_CREDIT_high_eff_su2_r5_d6_b01__none,none,dynanoise,ada868403e0aacd584e1,0,0,0,0.5028199553489685,0.4971800744533539
PETS_CREDIT_high_eff_su2_r5_d6_b01__none,none,dynanoise,4007b1ad7da10c650d44,0,0,0,0.5132786631584167,0.48672133684158325
PETS_CREDIT_high_eff_su2_r5_d6_b01__none,none,dynanoise,d31cd7debcfc574857b7,0,0,0,0.5929789543151855,0.40702104568481445
PETS_CREDIT_high_eff_su2_r5_d6_b01__none,none,dynanoise,5e54efebb9b29b940c99,0,0,0,0.5149645805358887,0.48503538966178894
PETS_CREDIT_high_eff_su2_r5_d6_b01__none,none,dynanoise,454315dad33a268150e0,0,0,0,0.6009684205055237,0.3990316092967987
PETS_CREDIT_high_eff_su2_r5_d6_b01__none,none,dynanoise,b224dfc19404bbda9ee4,0,0,0,0.5272705554962158,0.47272947430610657
PETS_CREDIT_high_eff_su2_r5_d6_b01__none,none,dynanoise,bbee22d3ea243b98e36f,0,0,0,0.5105643272399902,0.4894356429576874
PETS_CREDIT_high_eff_su2_r5_d6_b01__none,none,dynanoise,53501233f30eb80e8d05,0,0,0,0.5411895513534546,0.458810418844223
PETS_CREDIT_high_eff_su2_r5_d6_b01__none,none,dynanoise,d988f293d7bb6d4a8ab7,0,1,0,0.59058678150177,0.40941327810287476
PETS_CREDIT_high_eff_su2_r5_d6_b01__none,none,dynanoise,545cb2ecd34d5146e49a,0,0,0,0.5293515920639038,0.47064846754074097
PETS_CREDIT_high_eff_su2_r5_d6_b01__none,none,dynanoise,fedc0dc11aeb9674f49a,0,1,1,0.4708641469478607,0.5291358232498169
PETS_CREDIT_high_eff_su2_r5_d6_b01__none,none,dynanoise,838fb6514f9d13f5f89a,0,0,0,0.5392827987670898,0.46071720123291016
PETS_CREDIT_high_eff_su2_r5_d6_b01__none,none,dynanoise,a024fa1846e4335ade36,0,0,0,0.5417369604110718,0.458263099193573
PETS_CREDIT_high_eff_su2_r5_d6_b01__none,none,dynanoise,dd5f176581699325a9b1,0,0,0,0.5748761892318726,0.42512381076812744
PETS_CREDIT_high_eff_su2_r5_d6_b01__none,none,dynanoise,45b2f42889463dbbbda3,0,1,0,0.5218309760093689,0.4781689941883087
PETS_CREDIT_high_eff_su2_r5_d6_b01__none,none,dynanoise,5c479147049976461a13,0,0,1,0.49342408776283264,0.5065759420394897
PETS_CREDIT_high_eff_su2_r5_d6_b01__none,none,dynanoise,5ff6b7662bfef65ea0bd,0,0,0,0.5142883658409119,0.48571163415908813
PETS_CREDIT_high_eff_su2_r5_d6_b01__none,none,dynanoise,f83af86a0376fc684202,0,1,0,0.5899516344070435,0.4100484251976013
PETS_CREDIT_high_eff_su2_r5_d6_b01__none,none,dynanoise,49ba0900d21d03ea42a9,0,0,0,0.5275474786758423,0.4724525213241577
PETS_CREDIT_high_eff_su2_r5_d6_b01__none,none,dynanoise,d7c5bc379679e38af136,0,0,0,0.5617798566818237,0.43822017312049866
PETS_CREDIT_high_eff_su2_r5_d6_b01__none,none,dynanoise,1de5fd2a3f26ba72a9c1,0,0,0,0.5311297178268433,0.46887028217315674
PETS_CREDIT_high_eff_su2_r5_d6_b01__none,none,dynanoise,9905912b0d924a7b3ca5,0,0,0,0.5753225684165955,0.42467740178108215
PETS_CREDIT_high_eff_su2_r5_d6_b01__none,none,dynanoise,a0c6458763e7f0d7b722,0,0,0,0.528099000453949,0.4719010293483734
PETS_CREDIT_high_eff_su2_r5_d6_b01__none,none,dynanoise,6146ee4e50398bd2590b,0,0,1,0.4675704538822174,0.532429575920105
PETS_CREDIT_high_eff_su2_r5_d6_b01__none,none,dynanoise,c4c052470c6698896a64,0,1,0,0.5310412645339966,0.46895870566368103
PETS_CREDIT_high_eff_su2_r5_d6_b01__none,none,dynanoise,d4f5d45b61b7bb9d81d2,0,0,0,0.581504225730896,0.418495774269104
PETS_CREDIT_high_eff_su2_r5_d6_b01__none,none,dynanoise,8b2149d6d65d7dff0391,0,0,0,0.5632451772689819,0.43675482273101807
PETS_CREDIT_high_eff_su2_r5_d6_b01__none,none,dynanoise,2f0ee475d6ce6c987db1,0,0,0,0.5368486046791077,0.46315139532089233
PETS_CREDIT_high_eff_su2_r5_d6_b01__none,none,dynanoise,9e70744c580dba073780,0,0,0,0.5960513949394226,0.4039486050605774
PETS_CREDIT_high_eff_su2_r5_d6_b01__none,none,dynanoise,2c3b25125281e8e5ea14,0,0,0,0.5166171193122864,0.483382910490036
PETS_CREDIT_high_eff_su2_r5_d6_b01__none,none,dynanoise,d324c41c466449fc77a4,0,1,1,0.4317135214805603,0.5682865381240845
PETS_CREDIT_high_eff_su2_r5_d6_b01__none,none,dynanoise,b2afd8ac93139c6436ca,0,1,0,0.5678036212921143,0.43219637870788574
PETS_CREDIT_high_eff_su2_r5_d6_b01__none,none,dynanoise,f0873fcaa4725b7b28fd,0,0,0,0.5545161366462708,0.44548386335372925
PETS_CREDIT_high_eff_su2_r5_d6_b01__none,none,dynanoise,33f2ea1bb1c7d6a437bf,0,1,1,0.4766233265399933,0.5233766436576843
PETS_CREDIT_high_eff_su2_r5_d6_b01__none,none,dynanoise,63426de2bcac10c978ef,0,0,1,0.48926886916160583,0.5107311010360718
PETS_CREDIT_high_eff_su2_r5_d6_b01__none,none,dynanoise,6083c35ef0dd27c47f39,0,0,0,0.5657919049263,0.43420809507369995
PETS_CREDIT_high_eff_su2_r5_d6_b01__none,none,dynanoise,9ac4b9bb1cccbe8c8162,0,1,0,0.501114547252655,0.49888548254966736
PETS_CREDIT_high_eff_su2_r5_d6_b01__none,none,dynanoise,15e0146e9b8967882d3c,0,1,1,0.48932138085365295,0.5106785893440247
PETS_CREDIT_high_eff_su2_r5_d6_b01__none,none,dynanoise,37dc9fbd1cc1b8e7aeec,0,0,0,0.5856561064720154,0.414343923330307
PETS_CREDIT_high_eff_su2_r5_d6_b01__none,none,dynanoise,9e00c9a73f8502e1beb6,0,0,0,0.5404950976371765,0.4595048725605011
PETS_CREDIT_high_eff_su2_r5_d6_b01__none,none,dynanoise,91f87ca67e3c04007486,0,0,0,0.5757501721382141,0.4242498576641083
PETS_CREDIT_high_eff_su2_r5_d6_b01__none,none,dynanoise,c6f44b9c0cc7a4317767,0,0,0,0.5164613723754883,0.4835386872291565
PETS_CREDIT_high_eff_su2_r5_d6_b01__none,none,dynanoise,cd6bf5351920ef71b772,0,0,0,0.6226450204849243,0.37735500931739807
PETS_CREDIT_high_eff_su2_r5_d6_b01__none,none,dynanoise,8dcf26c9f074a4b5de0e,0,0,0,0.5189940333366394,0.4810059666633606
PETS_CREDIT_high_eff_su2_r5_d6_b01__none,none,dynanoise,de98a8baab2807797bb8,0,0,0,0.5532715916633606,0.4467284083366394
PETS_CREDIT_high_eff_su2_r5_d6_b01__none,none,dynanoise,f28c583d896798880d4b,0,1,0,0.5019357800483704,0.498064249753952
PETS_CREDIT_high_eff_su2_r5_d6_b01__none,none,dynanoise,ac56169f19bc768a992f,0,0,0,0.5430617928504944,0.4569381773471832
PETS_CREDIT_high_eff_su2_r5_d6_b01__none,none,dynanoise,3921b288ed88010b2bd2,0,0,0,0.6036595106124878,0.396340548992157
PETS_CREDIT_high_eff_su2_r5_d6_b01__none,none,dynanoise,0988ebf7cfaacc632363,0,0,0,0.6463466882705688,0.35365331172943115
PETS_CREDIT_high_eff_su2_r5_d6_b01__none,none,dynanoise,19f22c4a26ede80db5bc,0,0,0,0.5328403115272522,0.4671597480773926
PETS_CREDIT_high_eff_su2_r5_d6_b01__none,none,dynanoise,96c64f83677ec33bce29,0,0,0,0.5128042697906494,0.487195760011673
PETS_CREDIT_high_eff_su2_r5_d6_b01__none,none,dynanoise,9843ca85067735c6a50c,0,0,1,0.4678603708744049,0.5321396589279175
PETS_CREDIT_high_eff_su2_r5_d6_b01__none,none,dynanoise,12ef83c14d018f8929c0,0,0,1,0.47092998027801514,0.5290700197219849
PETS_CREDIT_high_eff_su2_r5_d6_b01__none,none,dynanoise,9b5637baba30c32741f7,0,0,0,0.5041550397872925,0.4958450198173523
PETS_CREDIT_high_eff_su2_r5_d6_b01__none,none,dynanoise,82ebd78d69582401b822,0,1,0,0.501758337020874,0.498241662979126
PETS_CREDIT_high_eff_su2_r5_d6_b01__none,none,dynanoise,c154986c4ac0e18baa8e,0,0,0,0.591740608215332,0.40825942158699036
PETS_CREDIT_high_eff_su2_r5_d6_b01__none,none,dynanoise,5c1eaee6580358b55afc,0,1,0,0.5640127062797546,0.43598732352256775
PETS_CREDIT_high_eff_su2_r5_d6_b01__none,none,dynanoise,cb251470deed8436762a,0,0,0,0.5484522581100464,0.4515477120876312
PETS_CREDIT_high_eff_su2_r5_d6_b01__none,none,dynanoise,da5f5efb7790004fff98,0,0,0,0.5121846795082092,0.48781535029411316
PETS_CREDIT_high_eff_su2_r5_d6_b01__none,none,dynanoise,a1971c19af6fbce2a2b8,0,0,0,0.550478994846344,0.4495210349559784
PETS_CREDIT_high_eff_su2_r5_d6_b01__none,none,dynanoise,f88c75f25b6e20b11d53,0,1,1,0.4756873548030853,0.5243126749992371
PETS_CREDIT_high_eff_su2_r5_d6_b01__none,none,dynanoise,625fbebab124d6b6cfe9,0,0,0,0.5298537611961365,0.4701462686061859
PETS_CREDIT_high_eff_su2_r5_d6_b01__none,none,dynanoise,aad721f07309f09ae48b,0,0,0,0.5345529317855835,0.4654470682144165
PETS_CREDIT_high_eff_su2_r5_d6_b01__none,none,dynanoise,3e5959b02df8356effc1,0,0,0,0.5137900114059448,0.48621001839637756
PETS_CREDIT_high_eff_su2_r5_d6_b01__none,none,dynanoise,13bc0e5e62e93ee9e11f,0,0,0,0.5711982846260071,0.4288017451763153
PETS_CREDIT_high_eff_su2_r5_d6_b01__none,none,dynanoise,d4552063b883befa7f1f,0,1,0,0.5073671340942383,0.4926328957080841
PETS_CREDIT_high_eff_su2_r5_d6_b01__none,none,dynanoise,9737e13af29b3e71e58d,0,0,1,0.46792224049568176,0.5320777893066406
PETS_CREDIT_high_eff_su2_r5_d6_b01__none,none,dynanoise,65878445affdd2869314,0,0,0,0.5559414029121399,0.4440585970878601
PETS_CREDIT_high_eff_su2_r5_d6_b01__none,none,dynanoise,c9b4e83642e08382f4a6,0,0,0,0.5082838535308838,0.4917161762714386
PETS_CREDIT_high_eff_su2_r5_d6_b01__none,none,dynanoise,e68ff9c46623f5834b2a,0,0,0,0.590230405330658,0.40976959466934204
PETS_CREDIT_high_eff_su2_r5_d6_b01__none,none,dynanoise,ee145a9d7a0dd082d343,0,0,0,0.5159313678741455,0.4840686321258545
PETS_CREDIT_high_eff_su2_r5_d6_b01__none,none,dynanoise,8b77bc8a325b32f8d38a,0,1,0,0.5612602233886719,0.43873974680900574
PETS_CREDIT_high_eff_su2_r5_d6_b01__none,none,dynanoise,15902995b3e0e8fdafb5,0,1,0,0.5678211450576782,0.43217888474464417
PETS_CREDIT_high_eff_su2_r5_d6_b01__none,none,dynanoise,442418c1ce6eee466e66,0,0,0,0.6152155995368958,0.38478443026542664
PETS_CREDIT_high_eff_su2_r5_d6_b01__none,none,dynanoise,cdbf66466c43de4d3398,0,0,0,0.5244297385215759,0.4755702316761017
PETS_CREDIT_high_eff_su2_r5_d6_b01__none,none,dynanoise,d219a9acadf7d11fea78,0,0,0,0.5943664908409119,0.40563350915908813
PETS_CREDIT_high_eff_su2_r5_d6_b01__none,none,hamp_output,eaab06e0e9770f0cb322,1,0,0,0.5109922885894775,0.4890076816082001
PETS_CREDIT_high_eff_su2_r5_d6_b01__none,none,hamp_output,883a42269d6847aec70c,1,0,0,0.7878892421722412,0.21211080253124237
PETS_CREDIT_high_eff_su2_r5_d6_b01__none,none,hamp_output,6bf07a3ff23f9e3249c5,1,0,0,0.9857633113861084,0.01423666626214981
PETS_CREDIT_high_eff_su2_r5_d6_b01__none,none,hamp_output,272c38b1ecd099be7890,1,0,0,0.8620344996452332,0.13796551525592804
PETS_CREDIT_high_eff_su2_r5_d6_b01__none,none,hamp_output,f2a589817382059b0dcc,1,0,0,0.9596659541130066,0.04033404588699341
PETS_CREDIT_high_eff_su2_r5_d6_b01__none,none,hamp_output,ab97fae957e08270ffce,1,1,1,0.2581939697265625,0.7418060898780823
PETS_CREDIT_high_eff_su2_r5_d6_b01__none,none,hamp_output,0674ce029ebb21d32e38,1,0,0,0.6953529715538025,0.3046470284461975
PETS_CREDIT_high_eff_su2_r5_d6_b01__none,none,hamp_output,a9752ae3047aff503fb3,1,1,0,0.947475790977478,0.05252418667078018
PETS_CREDIT_high_eff_su2_r5_d6_b01__none,none,hamp_output,5b7629cbd1fb6e879520,1,1,0,0.7801714539527893,0.21982857584953308
PETS_CREDIT_high_eff_su2_r5_d6_b01__none,none,hamp_output,4dde24d981dd8981f71f,1,0,0,0.5176856517791748,0.4823143184185028
PETS_CREDIT_high_eff_su2_r5_d6_b01__none,none,hamp_output,4df4658f2eb41564da87,1,0,0,0.9661311507225037,0.03386881947517395
PETS_CREDIT_high_eff_su2_r5_d6_b01__none,none,hamp_output,ab00e756b29c98fd6674,1,0,0,0.9863153696060181,0.013684676960110664
PETS_CREDIT_high_eff_su2_r5_d6_b01__none,none,hamp_output,69ef03b5c6f4f7ecef33,1,0,0,0.7751203775405884,0.2248796671628952
PETS_CREDIT_high_eff_su2_r5_d6_b01__none,none,hamp_output,dba69027df0122535f19,1,0,0,0.7028830647468567,0.2971169352531433
PETS_CREDIT_high_eff_su2_r5_d6_b01__none,none,hamp_output,cbd912351cdbc83a9184,1,0,1,0.2788654863834381,0.7211344838142395
PETS_CREDIT_high_eff_su2_r5_d6_b01__none,none,hamp_output,7be2869c238aa35d440a,1,1,0,0.9032431244850159,0.09675687551498413
PETS_CREDIT_high_eff_su2_r5_d6_b01__none,none,hamp_output,7ce1135db7560daf7e70,1,0,0,0.7322278022766113,0.26777219772338867
PETS_CREDIT_high_eff_su2_r5_d6_b01__none,none,hamp_output,988a4b4dcb53bafffb01,1,0,0,0.6126317977905273,0.38736820220947266
PETS_CREDIT_high_eff_su2_r5_d6_b01__none,none,hamp_output,66fa33821884d4568b02,1,0,0,0.9530885815620422,0.04691144824028015
PETS_CREDIT_high_eff_su2_r5_d6_b01__none,none,hamp_output,f073d35785cf76f1409c,1,1,0,0.9007748365402222,0.09922514855861664
PETS_CREDIT_high_eff_su2_r5_d6_b01__none,none,hamp_output,6c0e663b6848864dc914,1,0,0,0.9291131496429443,0.07088688760995865
PETS_CREDIT_high_eff_su2_r5_d6_b01__none,none,hamp_output,14865093b1485a5c3a41,1,0,0,0.565980851650238,0.4340191185474396
PETS_CREDIT_high_eff_su2_r5_d6_b01__none,none,hamp_output,c4b2c9357254e51af6a9,1,0,0,0.8225298523902893,0.1774701476097107
PETS_CREDIT_high_eff_su2_r5_d6_b01__none,none,hamp_output,b0f47ae4b56b3aa4d111,1,0,0,0.9128564596176147,0.08714356273412704
PETS_CREDIT_high_eff_su2_r5_d6_b01__none,none,hamp_output,f05df67fe5ac7ed38643,1,0,0,0.9592943787574768,0.040705613791942596
PETS_CREDIT_high_eff_su2_r5_d6_b01__none,none,hamp_output,a55e4e1cd3465563efc4,1,0,0,0.5608502626419067,0.43914973735809326
PETS_CREDIT_high_eff_su2_r5_d6_b01__none,none,hamp_output,c9acdb61159286a4c2ce,1,0,0,0.9180082678794861,0.08199171721935272
PETS_CREDIT_high_eff_su2_r5_d6_b01__none,none,hamp_output,6ea2a519a69c09016323,1,0,0,0.7740064859390259,0.22599345445632935
PETS_CREDIT_high_eff_su2_r5_d6_b01__none,none,hamp_output,f332cc500c7a62b19024,1,0,0,0.8009365797042847,0.1990634649991989
PETS_CREDIT_high_eff_su2_r5_d6_b01__none,none,hamp_output,6992a9babb7ae6302cb5,1,0,0,0.777181088924408,0.22281891107559204
PETS_CREDIT_high_eff_su2_r5_d6_b01__none,none,hamp_output,d1d396dc69ac0aeade66,1,0,0,0.9786641597747803,0.02133578062057495
PETS_CREDIT_high_eff_su2_r5_d6_b01__none,none,hamp_output,4def6ca8e27be84aeb54,1,0,0,0.9588325619697571,0.041167449206113815
PETS_CREDIT_high_eff_su2_r5_d6_b01__none,none,hamp_output,d46f8b9f4d57f90db615,1,1,0,0.956287145614624,0.04371281713247299
PETS_CREDIT_high_eff_su2_r5_d6_b01__none,none,hamp_output,347bd04364dce3c5342e,1,0,0,0.5787467360496521,0.4212532937526703
PETS_CREDIT_high_eff_su2_r5_d6_b01__none,none,hamp_output,32babcc385bd70eddb90,1,1,0,0.527502179145813,0.472497820854187
PETS_CREDIT_high_eff_su2_r5_d6_b01__none,none,hamp_output,0772d1e68bccea98e68f,1,0,1,0.0804586336016655,0.9195413589477539
PETS_CREDIT_high_eff_su2_r5_d6_b01__none,none,hamp_output,72bf8a475d5aa5538cd3,1,0,0,0.8589592576026917,0.14104072749614716
PETS_CREDIT_high_eff_su2_r5_d6_b01__none,none,hamp_output,092efc45ab978715a8fa,1,0,0,0.8245302438735962,0.175469771027565
PETS_CREDIT_high_eff_su2_r5_d6_b01__none,none,hamp_output,25bed8f88a506c4cc366,1,1,0,0.9472858905792236,0.052714090794324875
PETS_CREDIT_high_eff_su2_r5_d6_b01__none,none,hamp_output,c8a7bd1cd35ba1e89b80,1,0,0,0.8142945170402527,0.18570545315742493
PETS_CREDIT_high_eff_su2_r5_d6_b01__none,none,hamp_output,073dbbd888ef767c75de,1,0,0,0.9786929488182068,0.02130701392889023
PETS_CREDIT_high_eff_su2_r5_d6_b01__none,none,hamp_output,8f95586c1c6fb3f2a750,1,1,0,0.5372684001922607,0.46273159980773926
PETS_CREDIT_high_eff_su2_r5_d6_b01__none,none,hamp_output,c75c31af2389cc3a594f,1,0,0,0.9663531184196472,0.03364687040448189
PETS_CREDIT_high_eff_su2_r5_d6_b01__none,none,hamp_output,bd6c7e8fd4e7879e23df,1,0,0,0.7000940442085266,0.2999059557914734
PETS_CREDIT_high_eff_su2_r5_d6_b01__none,none,hamp_output,072f10d00d9156aab9f2,1,0,0,0.5957915186882019,0.4042084515094757
PETS_CREDIT_high_eff_su2_r5_d6_b01__none,none,hamp_output,82d40bd4122f5c76cdfb,1,0,0,0.5488036274909973,0.4511964023113251
PETS_CREDIT_high_eff_su2_r5_d6_b01__none,none,hamp_output,81817fc85a01b1cc7dcf,1,0,0,0.9587287306785583,0.04127128794789314
PETS_CREDIT_high_eff_su2_r5_d6_b01__none,none,hamp_output,d75c3e52dbcaf5a5ec2a,1,0,0,0.6960251927375793,0.30397477746009827
PETS_CREDIT_high_eff_su2_r5_d6_b01__none,none,hamp_output,e0cf68ff7b13424759c5,1,1,1,0.2173786759376526,0.7826213836669922
PETS_CREDIT_high_eff_su2_r5_d6_b01__none,none,hamp_output,92516ca36411fad7d9c9,1,0,0,0.5892825126647949,0.41071751713752747
PETS_CREDIT_high_eff_su2_r5_d6_b01__none,none,hamp_output,1dd9f8371cdcaa1758b3,1,0,0,0.5921070575714111,0.4078929126262665
PETS_CREDIT_high_eff_su2_r5_d6_b01__none,none,hamp_output,a4fc6b0808359418c098,1,0,0,0.5588820576667786,0.4411180019378662
PETS_CREDIT_high_eff_su2_r5_d6_b01__none,none,hamp_output,e07f107ec2deef516f4f,1,0,0,0.9783574342727661,0.021642547100782394
PETS_CREDIT_high_eff_su2_r5_d6_b01__none,none,hamp_output,7311863aa70952806ffc,1,0,0,0.9490258693695068,0.05097414180636406
PETS_CREDIT_high_eff_su2_r5_d6_b01__none,none,hamp_output,eb849709f12c60edd50b,1,1,0,0.6684694886207581,0.3315305709838867
PETS_CREDIT_high_eff_su2_r5_d6_b01__none,none,hamp_output,0a09121dee0e5db09dfe,1,1,0,0.7465166449546814,0.2534833550453186
PETS_CREDIT_high_eff_su2_r5_d6_b01__none,none,hamp_output,29a333df83b13ef7fea3,1,0,0,0.918996274471283,0.08100376278162003
PETS_CREDIT_high_eff_su2_r5_d6_b01__none,none,hamp_output,b84ff32b3c14263b0dd5,1,1,1,0.39952850341796875,0.6004714965820312
PETS_CREDIT_high_eff_su2_r5_d6_b01__none,none,hamp_output,ae1704e8283a10912765,1,0,0,0.8147842288017273,0.1852157860994339
PETS_CREDIT_high_eff_su2_r5_d6_b01__none,none,hamp_output,78edbc6916b12b570866,1,0,0,0.6737983822822571,0.3262016177177429
PETS_CREDIT_high_eff_su2_r5_d6_b01__none,none,hamp_output,196d92dfff0523a23237,1,1,0,0.911131739616394,0.08886830508708954
PETS_CREDIT_high_eff_su2_r5_d6_b01__none,none,hamp_output,c0daa10532a8487ca803,1,1,0,0.803665816783905,0.19633416831493378
PETS_CREDIT_high_eff_su2_r5_d6_b01__none,none,hamp_output,a5b1091e7ec67f7a06ed,1,0,0,0.537936806678772,0.4620632231235504
PETS_CREDIT_high_eff_su2_r5_d6_b01__none,none,hamp_output,bfa7b1aca5d187760a16,1,0,0,0.9309816360473633,0.06901834160089493
PETS_CREDIT_high_eff_su2_r5_d6_b01__none,none,hamp_output,39f8154e08ad72170108,1,0,0,0.9160228371620178,0.08397721499204636
PETS_CREDIT_high_eff_su2_r5_d6_b01__none,none,hamp_output,2379dd478643b9cc0bc1,1,0,0,0.5051177740097046,0.4948822259902954
PETS_CREDIT_high_eff_su2_r5_d6_b01__none,none,hamp_output,418dd0dffa2f4aacf5a8,1,0,0,0.6945583820343018,0.30544158816337585
PETS_CREDIT_high_eff_su2_r5_d6_b01__none,none,hamp_output,26b6a5da65cdaeb8e184,1,0,0,0.6360344290733337,0.36396557092666626
PETS_CREDIT_high_eff_su2_r5_d6_b01__none,none,hamp_output,c50e57ca37a497df3a13,1,0,0,0.9476256966590881,0.05237435922026634
PETS_CREDIT_high_eff_su2_r5_d6_b01__none,none,hamp_output,0ec364cc4624f409f87e,1,1,0,0.8742905855178833,0.1257094293832779
PETS_CREDIT_high_eff_su2_r5_d6_b01__none,none,hamp_output,49b15e9ec4784be42cd2,1,0,0,0.8714208006858826,0.12857919931411743
PETS_CREDIT_high_eff_su2_r5_d6_b01__none,none,hamp_output,ce8a11f272895da8cd7f,1,0,0,0.9593086838722229,0.04069133847951889
PETS_CREDIT_high_eff_su2_r5_d6_b01__none,none,hamp_output,f929be357f68bdda4236,1,0,0,0.7573155760765076,0.24268440902233124
PETS_CREDIT_high_eff_su2_r5_d6_b01__none,none,hamp_output,619b46d6086e6aad3d84,1,0,0,0.5265477299690247,0.47345229983329773
PETS_CREDIT_high_eff_su2_r5_d6_b01__none,none,hamp_output,c91e3b5a028c06ad1f92,1,0,0,0.7435126304626465,0.2564874291419983
PETS_CREDIT_high_eff_su2_r5_d6_b01__none,none,hamp_output,f640cb068a6e0cafd8f7,1,0,0,0.7967389225959778,0.203261137008667
PETS_CREDIT_high_eff_su2_r5_d6_b01__none,none,hamp_output,a1b01a469dc7802f51d3,1,0,0,0.9431335926055908,0.05686638876795769
PETS_CREDIT_high_eff_su2_r5_d6_b01__none,none,hamp_output,5cb75d859aa2d3df94b0,1,0,0,0.5252885818481445,0.47471144795417786
PETS_CREDIT_high_eff_su2_r5_d6_b01__none,none,hamp_output,5e48c11768cb070aefe6,1,1,1,0.44647595286369324,0.5535240173339844
PETS_CREDIT_high_eff_su2_r5_d6_b01__none,none,hamp_output,3ac7ac4bc65a6ffec899,1,0,0,0.991995096206665,0.008004944771528244
PETS_CREDIT_high_eff_su2_r5_d6_b01__none,none,hamp_output,ac5f40db5db91c18a83b,1,1,1,0.48965898156166077,0.5103410482406616
PETS_CREDIT_high_eff_su2_r5_d6_b01__none,none,hamp_output,973b363916938dbaaf31,1,0,0,0.9617445468902588,0.03825549781322479
PETS_CREDIT_high_eff_su2_r5_d6_b01__none,none,hamp_output,df16a30c67111933fccc,1,0,0,0.8447391986846924,0.15526083111763
PETS_CREDIT_high_eff_su2_r5_d6_b01__none,none,hamp_output,402e2e33d278085f817f,1,0,0,0.9807320237159729,0.019268004223704338
PETS_CREDIT_high_eff_su2_r5_d6_b01__none,none,hamp_output,a62d80fa1349c54517ce,1,1,0,0.6429818868637085,0.3570181429386139
PETS_CREDIT_high_eff_su2_r5_d6_b01__none,none,hamp_output,d9170d275d5e05922e82,1,0,0,0.9413720965385437,0.05862792953848839
PETS_CREDIT_high_eff_su2_r5_d6_b01__none,none,hamp_output,01743ddf295d8f6b5a46,1,0,0,0.8510704636573792,0.14892952144145966
PETS_CREDIT_high_eff_su2_r5_d6_b01__none,none,hamp_output,e030c0aa4ae0f1011f2f,1,0,0,0.9059299230575562,0.09407009184360504
PETS_CREDIT_high_eff_su2_r5_d6_b01__none,none,hamp_output,bf465d63c434358f77e4,1,0,0,0.7859117388725281,0.2140882909297943
PETS_CREDIT_high_eff_su2_r5_d6_b01__none,none,hamp_output,9eb158e3cbe5bc901e26,1,1,1,0.19523435831069946,0.8047656416893005
PETS_CREDIT_high_eff_su2_r5_d6_b01__none,none,hamp_output,a6dfd0dc4ba32e6c00e6,1,0,0,0.7457180023193359,0.25428202748298645
PETS_CREDIT_high_eff_su2_r5_d6_b01__none,none,hamp_output,a5628044ec0880a52490,1,0,0,0.9410579204559326,0.0589420385658741
PETS_CREDIT_high_eff_su2_r5_d6_b01__none,none,hamp_output,4cfea97c73e6dbfbc698,1,0,0,0.9519895315170288,0.04801049828529358
PETS_CREDIT_high_eff_su2_r5_d6_b01__none,none,hamp_output,006df97946d214e0111f,1,0,0,0.9096195697784424,0.0903804674744606
PETS_CREDIT_high_eff_su2_r5_d6_b01__none,none,hamp_output,75e559f2a9928f47e4ef,1,0,0,0.7088841199874878,0.2911158800125122
PETS_CREDIT_high_eff_su2_r5_d6_b01__none,none,hamp_output,526cee77dcfea7ee8138,1,1,1,0.35424932837486267,0.6457507014274597
PETS_CREDIT_high_eff_su2_r5_d6_b01__none,none,hamp_output,2c2eb339de59d2b86f66,1,1,1,0.05738389492034912,0.9426161050796509
PETS_CREDIT_high_eff_su2_r5_d6_b01__none,none,hamp_output,fbbb0f469e10095b9cc1,1,0,0,0.9725459814071655,0.027454013004899025
PETS_CREDIT_high_eff_su2_r5_d6_b01__none,none,hamp_output,c2f9d20d5b53c00ef5f4,1,0,0,0.9038281440734863,0.09617185592651367
PETS_CREDIT_high_eff_su2_r5_d6_b01__none,none,hamp_output,1313972ddf1c6e9eb2c9,1,0,0,0.8999031782150269,0.10009683668613434
PETS_CREDIT_high_eff_su2_r5_d6_b01__none,none,hamp_output,775e0bc8a00b354d7d21,0,0,0,0.9262158274650574,0.07378420978784561
PETS_CREDIT_high_eff_su2_r5_d6_b01__none,none,hamp_output,19eaeaae64289dba8ce8,0,0,0,0.8715815544128418,0.128418430685997
PETS_CREDIT_high_eff_su2_r5_d6_b01__none,none,hamp_output,af85096b9d68ea111a40,0,0,0,0.9784678220748901,0.02153216116130352
PETS_CREDIT_high_eff_su2_r5_d6_b01__none,none,hamp_output,eb58b2ec144b95696995,0,0,0,0.8859068751335144,0.11409314721822739
PETS_CREDIT_high_eff_su2_r5_d6_b01__none,none,hamp_output,c87adcad5c5b8bacab20,0,0,0,0.7506216764450073,0.2493782490491867
PETS_CREDIT_high_eff_su2_r5_d6_b01__none,none,hamp_output,8b38dcbabda11b315cba,0,1,0,0.7085715532302856,0.29142841696739197
PETS_CREDIT_high_eff_su2_r5_d6_b01__none,none,hamp_output,46cf73574cd89d5b0a38,0,0,0,0.9282381534576416,0.07176186889410019
PETS_CREDIT_high_eff_su2_r5_d6_b01__none,none,hamp_output,f1d5fbea8d8fc197f689,0,1,0,0.5199471116065979,0.4800528585910797
PETS_CREDIT_high_eff_su2_r5_d6_b01__none,none,hamp_output,0ccf866b02ec9d1e0e17,0,1,1,0.3995020091533661,0.6004980206489563
PETS_CREDIT_high_eff_su2_r5_d6_b01__none,none,hamp_output,3bb90fb9f41d8cd780fb,0,0,0,0.5488091707229614,0.4511908292770386
PETS_CREDIT_high_eff_su2_r5_d6_b01__none,none,hamp_output,b1bdd9f125cf64d76133,0,0,0,0.6356080174446106,0.3643920123577118
PETS_CREDIT_high_eff_su2_r5_d6_b01__none,none,hamp_output,eb21418ddcffa69cc01e,0,0,0,0.507371723651886,0.492628276348114
PETS_CREDIT_high_eff_su2_r5_d6_b01__none,none,hamp_output,512bf5d49257f12e0379,0,0,0,0.6017932891845703,0.3982067108154297
PETS_CREDIT_high_eff_su2_r5_d6_b01__none,none,hamp_output,6feab55c27ef6fd8098c,0,0,0,0.899250328540802,0.10074970871210098
PETS_CREDIT_high_eff_su2_r5_d6_b01__none,none,hamp_output,05d5b5a237e6011985dc,0,0,0,0.9493629336357117,0.05063706263899803
PETS_CREDIT_high_eff_su2_r5_d6_b01__none,none,hamp_output,508544f059d9966fa4fd,0,1,0,0.9902864098548889,0.009713642299175262
PETS_CREDIT_high_eff_su2_r5_d6_b01__none,none,hamp_output,02b75fde595a1ffcf156,0,0,0,0.9140058755874634,0.08599406480789185
PETS_CREDIT_high_eff_su2_r5_d6_b01__none,none,hamp_output,3a50f7141ac819d29be9,0,0,0,0.9484418630599976,0.05155811086297035
PETS_CREDIT_high_eff_su2_r5_d6_b01__none,none,hamp_output,76e22647644159c9f31f,0,0,0,0.6115420460700989,0.3884579539299011
PETS_CREDIT_high_eff_su2_r5_d6_b01__none,none,hamp_output,ded01dd09f53e3f3edc7,0,1,0,0.7175232172012329,0.28247684240341187
PETS_CREDIT_high_eff_su2_r5_d6_b01__none,none,hamp_output,516fe3ca66f5f580688d,0,0,1,0.32849133014678955,0.6715087294578552
PETS_CREDIT_high_eff_su2_r5_d6_b01__none,none,hamp_output,7dbb07f72b26cae53e10,0,0,0,0.902496337890625,0.0975036546587944
PETS_CREDIT_high_eff_su2_r5_d6_b01__none,none,hamp_output,65e0c3d4f1bee9081f1e,0,0,0,0.6391263008117676,0.3608737587928772
PETS_CREDIT_high_eff_su2_r5_d6_b01__none,none,hamp_output,05cfc0ff414af47c03a5,0,0,0,0.9177922606468201,0.08220774680376053
PETS_CREDIT_high_eff_su2_r5_d6_b01__none,none,hamp_output,ada868403e0aacd584e1,0,0,0,0.8348547220230103,0.16514529287815094
PETS_CREDIT_high_eff_su2_r5_d6_b01__none,none,hamp_output,4007b1ad7da10c650d44,0,0,0,0.8130097985267639,0.18699020147323608
PETS_CREDIT_high_eff_su2_r5_d6_b01__none,none,hamp_output,d31cd7debcfc574857b7,0,0,0,0.8699692487716675,0.1300307959318161
PETS_CREDIT_high_eff_su2_r5_d6_b01__none,none,hamp_output,5e54efebb9b29b940c99,0,0,0,0.7007197141647339,0.2992803156375885
PETS_CREDIT_high_eff_su2_r5_d6_b01__none,none,hamp_output,454315dad33a268150e0,0,0,0,0.6417972445487976,0.35820281505584717
PETS_CREDIT_high_eff_su2_r5_d6_b01__none,none,hamp_output,b224dfc19404bbda9ee4,0,0,0,0.9794837832450867,0.02051622048020363
PETS_CREDIT_high_eff_su2_r5_d6_b01__none,none,hamp_output,bbee22d3ea243b98e36f,0,0,1,0.18475297093391418,0.8152469992637634
PETS_CREDIT_high_eff_su2_r5_d6_b01__none,none,hamp_output,53501233f30eb80e8d05,0,0,0,0.9441288113594055,0.0558711402118206
PETS_CREDIT_high_eff_su2_r5_d6_b01__none,none,hamp_output,d988f293d7bb6d4a8ab7,0,1,0,0.9361240863800049,0.06387588381767273
PETS_CREDIT_high_eff_su2_r5_d6_b01__none,none,hamp_output,545cb2ecd34d5146e49a,0,0,0,0.9334170818328857,0.06658295542001724
PETS_CREDIT_high_eff_su2_r5_d6_b01__none,none,hamp_output,fedc0dc11aeb9674f49a,0,1,1,0.06702136993408203,0.932978630065918
PETS_CREDIT_high_eff_su2_r5_d6_b01__none,none,hamp_output,838fb6514f9d13f5f89a,0,0,0,0.8528837561607361,0.1471162885427475
PETS_CREDIT_high_eff_su2_r5_d6_b01__none,none,hamp_output,a024fa1846e4335ade36,0,0,0,0.7505465149879456,0.24945351481437683
PETS_CREDIT_high_eff_su2_r5_d6_b01__none,none,hamp_output,dd5f176581699325a9b1,0,0,0,0.7358731031417847,0.2641269266605377
PETS_CREDIT_high_eff_su2_r5_d6_b01__none,none,hamp_output,45b2f42889463dbbbda3,0,1,1,0.22070959210395813,0.7792903780937195
PETS_CREDIT_high_eff_su2_r5_d6_b01__none,none,hamp_output,5c479147049976461a13,0,0,1,0.3053938150405884,0.6946062445640564
PETS_CREDIT_high_eff_su2_r5_d6_b01__none,none,hamp_output,5ff6b7662bfef65ea0bd,0,0,0,0.926926851272583,0.07307319343090057
PETS_CREDIT_high_eff_su2_r5_d6_b01__none,none,hamp_output,f83af86a0376fc684202,0,1,0,0.8676982522010803,0.1323017030954361
PETS_CREDIT_high_eff_su2_r5_d6_b01__none,none,hamp_output,49ba0900d21d03ea42a9,0,0,0,0.6657907366752625,0.33420926332473755
PETS_CREDIT_high_eff_su2_r5_d6_b01__none,none,hamp_output,d7c5bc379679e38af136,0,0,0,0.7882163524627686,0.21178364753723145
PETS_CREDIT_high_eff_su2_r5_d6_b01__none,none,hamp_output,1de5fd2a3f26ba72a9c1,0,0,0,0.5705433487892151,0.4294566810131073
PETS_CREDIT_high_eff_su2_r5_d6_b01__none,none,hamp_output,9905912b0d924a7b3ca5,0,0,0,0.7475447654724121,0.2524552345275879
PETS_CREDIT_high_eff_su2_r5_d6_b01__none,none,hamp_output,a0c6458763e7f0d7b722,0,0,0,0.6370372176170349,0.36296284198760986
PETS_CREDIT_high_eff_su2_r5_d6_b01__none,none,hamp_output,6146ee4e50398bd2590b,0,0,0,0.7273401618003845,0.27265989780426025
PETS_CREDIT_high_eff_su2_r5_d6_b01__none,none,hamp_output,c4c052470c6698896a64,0,1,0,0.5396342873573303,0.46036574244499207
PETS_CREDIT_high_eff_su2_r5_d6_b01__none,none,hamp_output,d4f5d45b61b7bb9d81d2,0,0,0,0.7942062020301819,0.2057938575744629
PETS_CREDIT_high_eff_su2_r5_d6_b01__none,none,hamp_output,8b2149d6d65d7dff0391,0,0,0,0.6584300398826599,0.34157001972198486
PETS_CREDIT_high_eff_su2_r5_d6_b01__none,none,hamp_output,2f0ee475d6ce6c987db1,0,0,0,0.5716220736503601,0.4283779561519623
PETS_CREDIT_high_eff_su2_r5_d6_b01__none,none,hamp_output,9e70744c580dba073780,0,0,0,0.8741311430931091,0.12586882710456848
PETS_CREDIT_high_eff_su2_r5_d6_b01__none,none,hamp_output,2c3b25125281e8e5ea14,0,0,0,0.8157825469970703,0.18421748280525208
PETS_CREDIT_high_eff_su2_r5_d6_b01__none,none,hamp_output,d324c41c466449fc77a4,0,1,1,0.07665464282035828,0.9233453869819641
PETS_CREDIT_high_eff_su2_r5_d6_b01__none,none,hamp_output,b2afd8ac93139c6436ca,0,1,0,0.663910448551178,0.3360895812511444
PETS_CREDIT_high_eff_su2_r5_d6_b01__none,none,hamp_output,f0873fcaa4725b7b28fd,0,0,0,0.849107027053833,0.1508929580450058
PETS_CREDIT_high_eff_su2_r5_d6_b01__none,none,hamp_output,33f2ea1bb1c7d6a437bf,0,1,1,0.4412873089313507,0.5587126612663269
PETS_CREDIT_high_eff_su2_r5_d6_b01__none,none,hamp_output,63426de2bcac10c978ef,0,0,0,0.9083638787269592,0.09163609892129898
PETS_CREDIT_high_eff_su2_r5_d6_b01__none,none,hamp_output,6083c35ef0dd27c47f39,0,0,0,0.9271557331085205,0.07284420728683472
PETS_CREDIT_high_eff_su2_r5_d6_b01__none,none,hamp_output,9ac4b9bb1cccbe8c8162,0,1,0,0.6080437302589417,0.39195629954338074
PETS_CREDIT_high_eff_su2_r5_d6_b01__none,none,hamp_output,15e0146e9b8967882d3c,0,1,1,0.3464793860912323,0.6535206437110901
PETS_CREDIT_high_eff_su2_r5_d6_b01__none,none,hamp_output,37dc9fbd1cc1b8e7aeec,0,0,0,0.574651837348938,0.425348162651062
PETS_CREDIT_high_eff_su2_r5_d6_b01__none,none,hamp_output,9e00c9a73f8502e1beb6,0,0,0,0.9101908802986145,0.0898091048002243
PETS_CREDIT_high_eff_su2_r5_d6_b01__none,none,hamp_output,91f87ca67e3c04007486,0,0,0,0.5498515367507935,0.45014849305152893
PETS_CREDIT_high_eff_su2_r5_d6_b01__none,none,hamp_output,c6f44b9c0cc7a4317767,0,0,0,0.9549378156661987,0.04506220668554306
PETS_CREDIT_high_eff_su2_r5_d6_b01__none,none,hamp_output,cd6bf5351920ef71b772,0,0,0,0.70283043384552,0.29716959595680237
PETS_CREDIT_high_eff_su2_r5_d6_b01__none,none,hamp_output,8dcf26c9f074a4b5de0e,0,0,0,0.8913838267326355,0.10861620306968689
PETS_CREDIT_high_eff_su2_r5_d6_b01__none,none,hamp_output,de98a8baab2807797bb8,0,0,0,0.9784588813781738,0.021541113033890724
PETS_CREDIT_high_eff_su2_r5_d6_b01__none,none,hamp_output,f28c583d896798880d4b,0,1,1,0.3060925304889679,0.6939074993133545
PETS_CREDIT_high_eff_su2_r5_d6_b01__none,none,hamp_output,ac56169f19bc768a992f,0,0,0,0.9793931245803833,0.020606867969036102
PETS_CREDIT_high_eff_su2_r5_d6_b01__none,none,hamp_output,3921b288ed88010b2bd2,0,0,0,0.9858389496803284,0.01416104007512331
PETS_CREDIT_high_eff_su2_r5_d6_b01__none,none,hamp_output,0988ebf7cfaacc632363,0,0,0,0.8714796304702759,0.12852033972740173
PETS_CREDIT_high_eff_su2_r5_d6_b01__none,none,hamp_output,19f22c4a26ede80db5bc,0,0,0,0.8184936046600342,0.18150641024112701
PETS_CREDIT_high_eff_su2_r5_d6_b01__none,none,hamp_output,96c64f83677ec33bce29,0,0,0,0.6115801334381104,0.38841989636421204
PETS_CREDIT_high_eff_su2_r5_d6_b01__none,none,hamp_output,9843ca85067735c6a50c,0,0,1,0.03814559429883957,0.9618543982505798
PETS_CREDIT_high_eff_su2_r5_d6_b01__none,none,hamp_output,12ef83c14d018f8929c0,0,0,0,0.8424877524375916,0.15751227736473083
PETS_CREDIT_high_eff_su2_r5_d6_b01__none,none,hamp_output,9b5637baba30c32741f7,0,0,0,0.6303171515464783,0.3696828782558441
PETS_CREDIT_high_eff_su2_r5_d6_b01__none,none,hamp_output,82ebd78d69582401b822,0,1,0,0.6679455637931824,0.3320544362068176
PETS_CREDIT_high_eff_su2_r5_d6_b01__none,none,hamp_output,c154986c4ac0e18baa8e,0,0,0,0.8010543584823608,0.19894570112228394
PETS_CREDIT_high_eff_su2_r5_d6_b01__none,none,hamp_output,5c1eaee6580358b55afc,0,1,0,0.7398272156715393,0.2601727545261383
PETS_CREDIT_high_eff_su2_r5_d6_b01__none,none,hamp_output,cb251470deed8436762a,0,0,0,0.937185525894165,0.06281450390815735
PETS_CREDIT_high_eff_su2_r5_d6_b01__none,none,hamp_output,da5f5efb7790004fff98,0,0,0,0.8430044054985046,0.15699560940265656
PETS_CREDIT_high_eff_su2_r5_d6_b01__none,none,hamp_output,a1971c19af6fbce2a2b8,0,0,0,0.7020838856697083,0.29791611433029175
PETS_CREDIT_high_eff_su2_r5_d6_b01__none,none,hamp_output,f88c75f25b6e20b11d53,0,1,1,0.48220428824424744,0.517795741558075
PETS_CREDIT_high_eff_su2_r5_d6_b01__none,none,hamp_output,625fbebab124d6b6cfe9,0,0,0,0.5165082812309265,0.4834917485713959
PETS_CREDIT_high_eff_su2_r5_d6_b01__none,none,hamp_output,aad721f07309f09ae48b,0,0,0,0.510733962059021,0.4892660975456238
PETS_CREDIT_high_eff_su2_r5_d6_b01__none,none,hamp_output,3e5959b02df8356effc1,0,0,0,0.5072594881057739,0.49274054169654846
PETS_CREDIT_high_eff_su2_r5_d6_b01__none,none,hamp_output,13bc0e5e62e93ee9e11f,0,0,0,0.8488062024116516,0.15119381248950958
PETS_CREDIT_high_eff_su2_r5_d6_b01__none,none,hamp_output,d4552063b883befa7f1f,0,1,0,0.5384288430213928,0.46157118678092957
PETS_CREDIT_high_eff_su2_r5_d6_b01__none,none,hamp_output,9737e13af29b3e71e58d,0,0,0,0.8418012261390686,0.15819880366325378
PETS_CREDIT_high_eff_su2_r5_d6_b01__none,none,hamp_output,65878445affdd2869314,0,0,0,0.9048646688461304,0.09513535350561142
PETS_CREDIT_high_eff_su2_r5_d6_b01__none,none,hamp_output,c9b4e83642e08382f4a6,0,0,0,0.7919318675994873,0.20806816220283508
PETS_CREDIT_high_eff_su2_r5_d6_b01__none,none,hamp_output,e68ff9c46623f5834b2a,0,0,0,0.8407079577445984,0.1592920422554016
PETS_CREDIT_high_eff_su2_r5_d6_b01__none,none,hamp_output,ee145a9d7a0dd082d343,0,0,0,0.5871822237968445,0.4128178060054779
PETS_CREDIT_high_eff_su2_r5_d6_b01__none,none,hamp_output,8b77bc8a325b32f8d38a,0,1,0,0.8356048464775085,0.16439518332481384
PETS_CREDIT_high_eff_su2_r5_d6_b01__none,none,hamp_output,15902995b3e0e8fdafb5,0,1,0,0.9690417051315308,0.03095831722021103
PETS_CREDIT_high_eff_su2_r5_d6_b01__none,none,hamp_output,442418c1ce6eee466e66,0,0,0,0.7554454803466797,0.2445545494556427
PETS_CREDIT_high_eff_su2_r5_d6_b01__none,none,hamp_output,cdbf66466c43de4d3398,0,0,0,0.9888614416122437,0.011138574220240116
PETS_CREDIT_high_eff_su2_r5_d6_b01__none,none,hamp_output,d219a9acadf7d11fea78,0,0,0,0.5839703679084778,0.4160296618938446
PETS_CREDIT_high_eff_su2_r5_d6_b01__none,none,memguard,eaab06e0e9770f0cb322,1,0,0,0.7944011688232422,0.205598846077919
PETS_CREDIT_high_eff_su2_r5_d6_b01__none,none,memguard,883a42269d6847aec70c,1,0,0,0.781864583492279,0.21813540160655975
PETS_CREDIT_high_eff_su2_r5_d6_b01__none,none,memguard,6bf07a3ff23f9e3249c5,1,0,0,0.8404372930526733,0.15956275165081024
PETS_CREDIT_high_eff_su2_r5_d6_b01__none,none,memguard,272c38b1ecd099be7890,1,0,0,0.826620876789093,0.17337915301322937
PETS_CREDIT_high_eff_su2_r5_d6_b01__none,none,memguard,f2a589817382059b0dcc,1,0,0,0.792884886264801,0.20711515843868256
PETS_CREDIT_high_eff_su2_r5_d6_b01__none,none,memguard,ab97fae957e08270ffce,1,1,1,0.17895175516605377,0.8210482597351074
PETS_CREDIT_high_eff_su2_r5_d6_b01__none,none,memguard,0674ce029ebb21d32e38,1,0,0,0.8311925530433655,0.16880744695663452
PETS_CREDIT_high_eff_su2_r5_d6_b01__none,none,memguard,a9752ae3047aff503fb3,1,1,0,0.8341593742370605,0.16584061086177826
PETS_CREDIT_high_eff_su2_r5_d6_b01__none,none,memguard,5b7629cbd1fb6e879520,1,1,0,0.8067482709884644,0.19325169920921326
PETS_CREDIT_high_eff_su2_r5_d6_b01__none,none,memguard,4dde24d981dd8981f71f,1,0,0,0.8265333771705627,0.17346665263175964
PETS_CREDIT_high_eff_su2_r5_d6_b01__none,none,memguard,4df4658f2eb41564da87,1,0,0,0.8378360271453857,0.16216398775577545
PETS_CREDIT_high_eff_su2_r5_d6_b01__none,none,memguard,ab00e756b29c98fd6674,1,0,0,0.7779346704483032,0.22206537425518036
PETS_CREDIT_high_eff_su2_r5_d6_b01__none,none,memguard,69ef03b5c6f4f7ecef33,1,0,0,0.8419411182403564,0.15805891156196594
PETS_CREDIT_high_eff_su2_r5_d6_b01__none,none,memguard,dba69027df0122535f19,1,0,0,0.8417608141899109,0.1582392156124115
PETS_CREDIT_high_eff_su2_r5_d6_b01__none,none,memguard,cbd912351cdbc83a9184,1,0,1,0.21871261298656464,0.781287431716919
PETS_CREDIT_high_eff_su2_r5_d6_b01__none,none,memguard,7be2869c238aa35d440a,1,1,0,0.788741946220398,0.21125805377960205
PETS_CREDIT_high_eff_su2_r5_d6_b01__none,none,memguard,7ce1135db7560daf7e70,1,0,0,0.823333740234375,0.17666631937026978
PETS_CREDIT_high_eff_su2_r5_d6_b01__none,none,memguard,988a4b4dcb53bafffb01,1,0,0,0.8061990141868591,0.19380101561546326
PETS_CREDIT_high_eff_su2_r5_d6_b01__none,none,memguard,66fa33821884d4568b02,1,0,0,0.7981449365615845,0.20185509324073792
PETS_CREDIT_high_eff_su2_r5_d6_b01__none,none,memguard,f073d35785cf76f1409c,1,1,0,0.8180432319641113,0.18195676803588867
PETS_CREDIT_high_eff_su2_r5_d6_b01__none,none,memguard,6c0e663b6848864dc914,1,0,0,0.7823725342750549,0.21762748062610626
PETS_CREDIT_high_eff_su2_r5_d6_b01__none,none,memguard,14865093b1485a5c3a41,1,0,0,0.8285049200057983,0.17149507999420166
PETS_CREDIT_high_eff_su2_r5_d6_b01__none,none,memguard,c4b2c9357254e51af6a9,1,0,0,0.7751157879829407,0.22488418221473694
PETS_CREDIT_high_eff_su2_r5_d6_b01__none,none,memguard,b0f47ae4b56b3aa4d111,1,0,0,0.8351447582244873,0.1648552417755127
PETS_CREDIT_high_eff_su2_r5_d6_b01__none,none,memguard,f05df67fe5ac7ed38643,1,0,0,0.8271850943565369,0.17281495034694672
PETS_CREDIT_high_eff_su2_r5_d6_b01__none,none,memguard,a55e4e1cd3465563efc4,1,0,0,0.8234684467315674,0.17653153836727142
PETS_CREDIT_high_eff_su2_r5_d6_b01__none,none,memguard,c9acdb61159286a4c2ce,1,0,0,0.7927986979484558,0.207201287150383
PETS_CREDIT_high_eff_su2_r5_d6_b01__none,none,memguard,6ea2a519a69c09016323,1,0,0,0.8347050547599792,0.16529493033885956
PETS_CREDIT_high_eff_su2_r5_d6_b01__none,none,memguard,f332cc500c7a62b19024,1,0,0,0.8043984174728394,0.19560158252716064
PETS_CREDIT_high_eff_su2_r5_d6_b01__none,none,memguard,6992a9babb7ae6302cb5,1,0,0,0.8290541768074036,0.17094586789608002
PETS_CREDIT_high_eff_su2_r5_d6_b01__none,none,memguard,d1d396dc69ac0aeade66,1,0,0,0.8215450644493103,0.1784549504518509
PETS_CREDIT_high_eff_su2_r5_d6_b01__none,none,memguard,4def6ca8e27be84aeb54,1,0,0,0.8408209085464478,0.15917909145355225
PETS_CREDIT_high_eff_su2_r5_d6_b01__none,none,memguard,d46f8b9f4d57f90db615,1,1,0,0.7962161898612976,0.20378383994102478
PETS_CREDIT_high_eff_su2_r5_d6_b01__none,none,memguard,347bd04364dce3c5342e,1,0,0,0.7786781787872314,0.22132179141044617
PETS_CREDIT_high_eff_su2_r5_d6_b01__none,none,memguard,32babcc385bd70eddb90,1,1,0,0.7973345518112183,0.20266544818878174
PETS_CREDIT_high_eff_su2_r5_d6_b01__none,none,memguard,0772d1e68bccea98e68f,1,0,1,0.21886400878429413,0.7811360359191895
PETS_CREDIT_high_eff_su2_r5_d6_b01__none,none,memguard,72bf8a475d5aa5538cd3,1,0,0,0.8281093239784241,0.17189070582389832
PETS_CREDIT_high_eff_su2_r5_d6_b01__none,none,memguard,092efc45ab978715a8fa,1,0,0,0.8274228572845459,0.17257718741893768
PETS_CREDIT_high_eff_su2_r5_d6_b01__none,none,memguard,25bed8f88a506c4cc366,1,1,0,0.7876360416412354,0.21236400306224823
PETS_CREDIT_high_eff_su2_r5_d6_b01__none,none,memguard,c8a7bd1cd35ba1e89b80,1,0,0,0.8349855542182922,0.16501447558403015
PETS_CREDIT_high_eff_su2_r5_d6_b01__none,none,memguard,073dbbd888ef767c75de,1,0,0,0.8336291313171387,0.16637085378170013
PETS_CREDIT_high_eff_su2_r5_d6_b01__none,none,memguard,8f95586c1c6fb3f2a750,1,1,0,0.7813349962234497,0.2186649888753891
PETS_CREDIT_high_eff_su2_r5_d6_b01__none,none,memguard,c75c31af2389cc3a594f,1,0,0,0.7975190281867981,0.20248101651668549
PETS_CREDIT_high_eff_su2_r5_d6_b01__none,none,memguard,bd6c7e8fd4e7879e23df,1,0,0,0.7924572229385376,0.2075427770614624
PETS_CREDIT_high_eff_su2_r5_d6_b01__none,none,memguard,072f10d00d9156aab9f2,1,0,0,0.833865761756897,0.16613425314426422
PETS_CREDIT_high_eff_su2_r5_d6_b01__none,none,memguard,82d40bd4122f5c76cdfb,1,0,0,0.8285754323005676,0.17142458260059357
PETS_CREDIT_high_eff_su2_r5_d6_b01__none,none,memguard,81817fc85a01b1cc7dcf,1,0,0,0.8283811211585999,0.17161887884140015
PETS_CREDIT_high_eff_su2_r5_d6_b01__none,none,memguard,d75c3e52dbcaf5a5ec2a,1,0,0,0.7925556302070618,0.20744438469409943
PETS_CREDIT_high_eff_su2_r5_d6_b01__none,none,memguard,e0cf68ff7b13424759c5,1,1,1,0.16754324734210968,0.8324567675590515
PETS_CREDIT_high_eff_su2_r5_d6_b01__none,none,memguard,92516ca36411fad7d9c9,1,0,0,0.8379454612731934,0.16205456852912903
PETS_CREDIT_high_eff_su2_r5_d6_b01__none,none,memguard,1dd9f8371cdcaa1758b3,1,0,0,0.7895780801773071,0.21042190492153168
PETS_CREDIT_high_eff_su2_r5_d6_b01__none,none,memguard,a4fc6b0808359418c098,1,0,0,0.8350133895874023,0.16498661041259766
PETS_CREDIT_high_eff_su2_r5_d6_b01__none,none,memguard,e07f107ec2deef516f4f,1,0,0,0.8258810043334961,0.1741190105676651
PETS_CREDIT_high_eff_su2_r5_d6_b01__none,none,memguard,7311863aa70952806ffc,1,0,0,0.8261239528656006,0.173876091837883
PETS_CREDIT_high_eff_su2_r5_d6_b01__none,none,memguard,eb849709f12c60edd50b,1,1,0,0.7922291159629822,0.2077709138393402
PETS_CREDIT_high_eff_su2_r5_d6_b01__none,none,memguard,0a09121dee0e5db09dfe,1,1,0,0.7975929379463196,0.2024070769548416
PETS_CREDIT_high_eff_su2_r5_d6_b01__none,none,memguard,29a333df83b13ef7fea3,1,0,0,0.8377698659896851,0.16223017871379852
PETS_CREDIT_high_eff_su2_r5_d6_b01__none,none,memguard,b84ff32b3c14263b0dd5,1,1,1,0.2158607840538025,0.7841392159461975
PETS_CREDIT_high_eff_su2_r5_d6_b01__none,none,memguard,ae1704e8283a10912765,1,0,0,0.8317630887031555,0.1682368963956833
PETS_CREDIT_high_eff_su2_r5_d6_b01__none,none,memguard,78edbc6916b12b570866,1,0,0,0.7875702977180481,0.2124297171831131
PETS_CREDIT_high_eff_su2_r5_d6_b01__none,none,memguard,196d92dfff0523a23237,1,1,0,0.7814429998397827,0.21855700016021729
PETS_CREDIT_high_eff_su2_r5_d6_b01__none,none,memguard,c0daa10532a8487ca803,1,1,0,0.7897385358810425,0.2102615088224411
PETS_CREDIT_high_eff_su2_r5_d6_b01__none,none,memguard,a5b1091e7ec67f7a06ed,1,0,0,0.8345927596092224,0.1654072105884552
PETS_CREDIT_high_eff_su2_r5_d6_b01__none,none,memguard,bfa7b1aca5d187760a16,1,0,0,0.8373819589614868,0.1626180112361908
PETS_CREDIT_high_eff_su2_r5_d6_b01__none,none,memguard,39f8154e08ad72170108,1,0,0,0.7791249752044678,0.22087503969669342
PETS_CREDIT_high_eff_su2_r5_d6_b01__none,none,memguard,2379dd478643b9cc0bc1,1,0,0,0.8381503820419312,0.16184966266155243
PETS_CREDIT_high_eff_su2_r5_d6_b01__none,none,memguard,418dd0dffa2f4aacf5a8,1,0,0,0.8089702129364014,0.19102977216243744
PETS_CREDIT_high_eff_su2_r5_d6_b01__none,none,memguard,26b6a5da65cdaeb8e184,1,0,0,0.8286644816398621,0.17133551836013794
PETS_CREDIT_high_eff_su2_r5_d6_b01__none,none,memguard,c50e57ca37a497df3a13,1,0,0,0.83864825963974,0.16135172545909882
PETS_CREDIT_high_eff_su2_r5_d6_b01__none,none,memguard,0ec364cc4624f409f87e,1,1,0,0.8159175515174866,0.184082493185997
PETS_CREDIT_high_eff_su2_r5_d6_b01__none,none,memguard,49b15e9ec4784be42cd2,1,0,0,0.8044541478157043,0.19554585218429565
PETS_CREDIT_high_eff_su2_r5_d6_b01__none,none,memguard,ce8a11f272895da8cd7f,1,0,0,0.8238217830657959,0.17617826163768768
PETS_CREDIT_high_eff_su2_r5_d6_b01__none,none,memguard,f929be357f68bdda4236,1,0,0,0.8339300751686096,0.16606992483139038
PETS_CREDIT_high_eff_su2_r5_d6_b01__none,none,memguard,619b46d6086e6aad3d84,1,0,0,0.840300440788269,0.15969955921173096
PETS_CREDIT_high_eff_su2_r5_d6_b01__none,none,memguard,c91e3b5a028c06ad1f92,1,0,0,0.8348046541213989,0.16519540548324585
PETS_CREDIT_high_eff_su2_r5_d6_b01__none,none,memguard,f640cb068a6e0cafd8f7,1,0,0,0.83400958776474,0.16599039733409882
PETS_CREDIT_high_eff_su2_r5_d6_b01__none,none,memguard,a1b01a469dc7802f51d3,1,0,0,0.7954709529876709,0.2045290768146515
PETS_CREDIT_high_eff_su2_r5_d6_b01__none,none,memguard,5cb75d859aa2d3df94b0,1,0,0,0.8013682961463928,0.19863170385360718
PETS_CREDIT_high_eff_su2_r5_d6_b01__none,none,memguard,5e48c11768cb070aefe6,1,1,1,0.20969535410404205,0.7903046607971191
PETS_CREDIT_high_eff_su2_r5_d6_b01__none,none,memguard,3ac7ac4bc65a6ffec899,1,0,0,0.8391690850257874,0.16083088517189026
PETS_CREDIT_high_eff_su2_r5_d6_b01__none,none,memguard,ac5f40db5db91c18a83b,1,1,1,0.21495313942432404,0.7850468754768372
PETS_CREDIT_high_eff_su2_r5_d6_b01__none,none,memguard,973b363916938dbaaf31,1,0,0,0.8276646733283997,0.17233535647392273
PETS_CREDIT_high_eff_su2_r5_d6_b01__none,none,memguard,df16a30c67111933fccc,1,0,0,0.8292650580406189,0.17073500156402588
PETS_CREDIT_high_eff_su2_r5_d6_b01__none,none,memguard,402e2e33d278085f817f,1,0,0,0.8401241898536682,0.15987583994865417
PETS_CREDIT_high_eff_su2_r5_d6_b01__none,none,memguard,a62d80fa1349c54517ce,1,1,0,0.7769399881362915,0.22306004166603088
PETS_CREDIT_high_eff_su2_r5_d6_b01__none,none,memguard,d9170d275d5e05922e82,1,0,0,0.8308245539665222,0.1691754311323166
PETS_CREDIT_high_eff_su2_r5_d6_b01__none,none,memguard,01743ddf295d8f6b5a46,1,0,0,0.8260847330093384,0.17391525208950043
PETS_CREDIT_high_eff_su2_r5_d6_b01__none,none,memguard,e030c0aa4ae0f1011f2f,1,0,0,0.789516806602478,0.21048319339752197
PETS_CREDIT_high_eff_su2_r5_d6_b01__none,none,memguard,bf465d63c434358f77e4,1,0,0,0.8344792723655701,0.16552069783210754
PETS_CREDIT_high_eff_su2_r5_d6_b01__none,none,memguard,9eb158e3cbe5bc901e26,1,1,1,0.22198839485645294,0.7780116200447083
PETS_CREDIT_high_eff_su2_r5_d6_b01__none,none,memguard,a6dfd0dc4ba32e6c00e6,1,0,0,0.8232954740524292,0.1767045110464096
PETS_CREDIT_high_eff_su2_r5_d6_b01__none,none,memguard,a5628044ec0880a52490,1,0,0,0.8338437676429749,0.16615624725818634
PETS_CREDIT_high_eff_su2_r5_d6_b01__none,none,memguard,4cfea97c73e6dbfbc698,1,0,0,0.8342342376708984,0.16576574742794037
PETS_CREDIT_high_eff_su2_r5_d6_b01__none,none,memguard,006df97946d214e0111f,1,0,0,0.7939196825027466,0.20608031749725342
PETS_CREDIT_high_eff_su2_r5_d6_b01__none,none,memguard,75e559f2a9928f47e4ef,1,0,0,0.8352499008178711,0.1647501289844513
PETS_CREDIT_high_eff_su2_r5_d6_b01__none,none,memguard,526cee77dcfea7ee8138,1,1,1,0.2064107358455658,0.7935892939567566
PETS_CREDIT_high_eff_su2_r5_d6_b01__none,none,memguard,2c2eb339de59d2b86f66,1,1,1,0.22134587168693542,0.778654158115387
PETS_CREDIT_high_eff_su2_r5_d6_b01__none,none,memguard,fbbb0f469e10095b9cc1,1,0,0,0.8251374363899231,0.1748625934123993
PETS_CREDIT_high_eff_su2_r5_d6_b01__none,none,memguard,c2f9d20d5b53c00ef5f4,1,0,0,0.8362066745758057,0.16379335522651672
PETS_CREDIT_high_eff_su2_r5_d6_b01__none,none,memguard,1313972ddf1c6e9eb2c9,1,0,0,0.793225884437561,0.20677416026592255
PETS_CREDIT_high_eff_su2_r5_d6_b01__none,none,memguard,775e0bc8a00b354d7d21,0,0,0,0.8235903382301331,0.17640964686870575
PETS_CREDIT_high_eff_su2_r5_d6_b01__none,none,memguard,19eaeaae64289dba8ce8,0,0,0,0.839270830154419,0.16072919964790344
PETS_CREDIT_high_eff_su2_r5_d6_b01__none,none,memguard,af85096b9d68ea111a40,0,0,0,0.825430154800415,0.17456987500190735
PETS_CREDIT_high_eff_su2_r5_d6_b01__none,none,memguard,eb58b2ec144b95696995,0,0,0,0.8323948979377747,0.16760508716106415
PETS_CREDIT_high_eff_su2_r5_d6_b01__none,none,memguard,c87adcad5c5b8bacab20,0,0,0,0.8356723189353943,0.1643276810646057
PETS_CREDIT_high_eff_su2_r5_d6_b01__none,none,memguard,8b38dcbabda11b315cba,0,1,0,0.7923641800880432,0.20763583481311798
PETS_CREDIT_high_eff_su2_r5_d6_b01__none,none,memguard,46cf73574cd89d5b0a38,0,0,0,0.8394953608512878,0.16050462424755096
PETS_CREDIT_high_eff_su2_r5_d6_b01__none,none,memguard,f1d5fbea8d8fc197f689,0,1,0,0.7858622670173645,0.2141377329826355
PETS_CREDIT_high_eff_su2_r5_d6_b01__none,none,memguard,0ccf866b02ec9d1e0e17,0,1,1,0.17618325352668762,0.8238167762756348
PETS_CREDIT_high_eff_su2_r5_d6_b01__none,none,memguard,3bb90fb9f41d8cd780fb,0,0,0,0.8256121873855591,0.1743878424167633
PETS_CREDIT_high_eff_su2_r5_d6_b01__none,none,memguard,b1bdd9f125cf64d76133,0,0,0,0.8256533741950989,0.17434662580490112
PETS_CREDIT_high_eff_su2_r5_d6_b01__none,none,memguard,eb21418ddcffa69cc01e,0,0,0,0.8347592949867249,0.16524067521095276
PETS_CREDIT_high_eff_su2_r5_d6_b01__none,none,memguard,512bf5d49257f12e0379,0,0,0,0.7789605855941772,0.22103938460350037
PETS_CREDIT_high_eff_su2_r5_d6_b01__none,none,memguard,6feab55c27ef6fd8098c,0,0,0,0.8211501240730286,0.17884986102581024
PETS_CREDIT_high_eff_su2_r5_d6_b01__none,none,memguard,05d5b5a237e6011985dc,0,0,0,0.837166428565979,0.1628335863351822
PETS_CREDIT_high_eff_su2_r5_d6_b01__none,none,memguard,508544f059d9966fa4fd,0,1,0,0.8296677470207214,0.17033223807811737
PETS_CREDIT_high_eff_su2_r5_d6_b01__none,none,memguard,02b75fde595a1ffcf156,0,0,0,0.7963284254074097,0.20367160439491272
PETS_CREDIT_high_eff_su2_r5_d6_b01__none,none,memguard,3a50f7141ac819d29be9,0,0,0,0.827853262424469,0.1721467524766922
PETS_CREDIT_high_eff_su2_r5_d6_b01__none,none,memguard,76e22647644159c9f31f,0,0,0,0.8381592035293579,0.16184084117412567
PETS_CREDIT_high_eff_su2_r5_d6_b01__none,none,memguard,ded01dd09f53e3f3edc7,0,1,0,0.8276094794273376,0.17239053547382355
PETS_CREDIT_high_eff_su2_r5_d6_b01__none,none,memguard,516fe3ca66f5f580688d,0,0,1,0.21277795732021332,0.7872220277786255
PETS_CREDIT_high_eff_su2_r5_d6_b01__none,none,memguard,7dbb07f72b26cae53e10,0,0,0,0.7747696042060852,0.225230410695076
PETS_CREDIT_high_eff_su2_r5_d6_b01__none,none,memguard,65e0c3d4f1bee9081f1e,0,0,0,0.7966853976249695,0.2033146619796753
PETS_CREDIT_high_eff_su2_r5_d6_b01__none,none,memguard,05cfc0ff414af47c03a5,0,0,0,0.7738357186317444,0.226164311170578
PETS_CREDIT_high_eff_su2_r5_d6_b01__none,none,memguard,ada868403e0aacd584e1,0,0,0,0.776729166507721,0.22327083349227905
PETS_CREDIT_high_eff_su2_r5_d6_b01__none,none,memguard,4007b1ad7da10c650d44,0,0,0,0.8135766386985779,0.18642336130142212
PETS_CREDIT_high_eff_su2_r5_d6_b01__none,none,memguard,d31cd7debcfc574857b7,0,0,0,0.8399008512496948,0.16009917855262756
PETS_CREDIT_high_eff_su2_r5_d6_b01__none,none,memguard,5e54efebb9b29b940c99,0,0,0,0.7774400115013123,0.22256001830101013
PETS_CREDIT_high_eff_su2_r5_d6_b01__none,none,memguard,454315dad33a268150e0,0,0,0,0.8290501236915588,0.17094987630844116
PETS_CREDIT_high_eff_su2_r5_d6_b01__none,none,memguard,b224dfc19404bbda9ee4,0,0,0,0.8306678533554077,0.16933219134807587
PETS_CREDIT_high_eff_su2_r5_d6_b01__none,none,memguard,bbee22d3ea243b98e36f,0,0,1,0.2090749591588974,0.7909250259399414
PETS_CREDIT_high_eff_su2_r5_d6_b01__none,none,memguard,53501233f30eb80e8d05,0,0,0,0.8275426030158997,0.17245744168758392
PETS_CREDIT_high_eff_su2_r5_d6_b01__none,none,memguard,d988f293d7bb6d4a8ab7,0,1,0,0.8325920701026917,0.16740794479846954
PETS_CREDIT_high_eff_su2_r5_d6_b01__none,none,memguard,545cb2ecd34d5146e49a,0,0,0,0.7880398631095886,0.21196016669273376
PETS_CREDIT_high_eff_su2_r5_d6_b01__none,none,memguard,fedc0dc11aeb9674f49a,0,1,1,0.2185668647289276,0.7814331650733948
PETS_CREDIT_high_eff_su2_r5_d6_b01__none,none,memguard,838fb6514f9d13f5f89a,0,0,0,0.7838022708892822,0.21619772911071777
PETS_CREDIT_high_eff_su2_r5_d6_b01__none,none,memguard,a024fa1846e4335ade36,0,0,0,0.8306365609169006,0.16936346888542175
PETS_CREDIT_high_eff_su2_r5_d6_b01__none,none,memguard,dd5f176581699325a9b1,0,0,0,0.8290998935699463,0.1709001064300537
PETS_CREDIT_high_eff_su2_r5_d6_b01__none,none,memguard,45b2f42889463dbbbda3,0,1,1,0.2120615839958191,0.7879384160041809
PETS_CREDIT_high_eff_su2_r5_d6_b01__none,none,memguard,5c479147049976461a13,0,0,1,0.18006202578544617,0.8199379444122314
PETS_CREDIT_high_eff_su2_r5_d6_b01__none,none,memguard,5ff6b7662bfef65ea0bd,0,0,0,0.779129683971405,0.22087031602859497
PETS_CREDIT_high_eff_su2_r5_d6_b01__none,none,memguard,f83af86a0376fc684202,0,1,0,0.8134877681732178,0.18651223182678223
PETS_CREDIT_high_eff_su2_r5_d6_b01__none,none,memguard,49ba0900d21d03ea42a9,0,0,0,0.7885102033615112,0.21148979663848877
PETS_CREDIT_high_eff_su2_r5_d6_b01__none,none,memguard,d7c5bc379679e38af136,0,0,0,0.8300858736038208,0.1699141412973404
PETS_CREDIT_high_eff_su2_r5_d6_b01__none,none,memguard,1de5fd2a3f26ba72a9c1,0,0,0,0.793941855430603,0.20605817437171936
PETS_CREDIT_high_eff_su2_r5_d6_b01__none,none,memguard,9905912b0d924a7b3ca5,0,0,0,0.823979914188385,0.17602011561393738
PETS_CREDIT_high_eff_su2_r5_d6_b01__none,none,memguard,a0c6458763e7f0d7b722,0,0,0,0.8371332883834839,0.16286669671535492
PETS_CREDIT_high_eff_su2_r5_d6_b01__none,none,memguard,6146ee4e50398bd2590b,0,0,0,0.7929155230522156,0.20708440244197845
PETS_CREDIT_high_eff_su2_r5_d6_b01__none,none,memguard,c4c052470c6698896a64,0,1,0,0.7887483239173889,0.21125173568725586
PETS_CREDIT_high_eff_su2_r5_d6_b01__none,none,memguard,d4f5d45b61b7bb9d81d2,0,0,0,0.8235703110694885,0.1764296591281891
PETS_CREDIT_high_eff_su2_r5_d6_b01__none,none,memguard,8b2149d6d65d7dff0391,0,0,0,0.8229591846466064,0.17704084515571594
PETS_CREDIT_high_eff_su2_r5_d6_b01__none,none,memguard,2f0ee475d6ce6c987db1,0,0,0,0.8374846577644348,0.1625153124332428
PETS_CREDIT_high_eff_su2_r5_d6_b01__none,none,memguard,9e70744c580dba073780,0,0,0,0.8397760987281799,0.16022388637065887
PETS_CREDIT_high_eff_su2_r5_d6_b01__none,none,memguard,2c3b25125281e8e5ea14,0,0,0,0.77779620885849,0.22220379114151
PETS_CREDIT_high_eff_su2_r5_d6_b01__none,none,memguard,d324c41c466449fc77a4,0,1,1,0.1914878785610199,0.8085121512413025
PETS_CREDIT_high_eff_su2_r5_d6_b01__none,none,memguard,b2afd8ac93139c6436ca,0,1,0,0.8339627981185913,0.16603724658489227
PETS_CREDIT_high_eff_su2_r5_d6_b01__none,none,memguard,f0873fcaa4725b7b28fd,0,0,0,0.838113009929657,0.16188699007034302
PETS_CREDIT_high_eff_su2_r5_d6_b01__none,none,memguard,33f2ea1bb1c7d6a437bf,0,1,1,0.21287590265274048,0.7871240973472595
PETS_CREDIT_high_eff_su2_r5_d6_b01__none,none,memguard,63426de2bcac10c978ef,0,0,0,0.7745200395584106,0.22547997534275055
PETS_CREDIT_high_eff_su2_r5_d6_b01__none,none,memguard,6083c35ef0dd27c47f39,0,0,0,0.8242499828338623,0.1757500022649765
PETS_CREDIT_high_eff_su2_r5_d6_b01__none,none,memguard,9ac4b9bb1cccbe8c8162,0,1,0,0.7936328053474426,0.20636719465255737
PETS_CREDIT_high_eff_su2_r5_d6_b01__none,none,memguard,15e0146e9b8967882d3c,0,1,1,0.20338870584964752,0.7966113090515137
PETS_CREDIT_high_eff_su2_r5_d6_b01__none,none,memguard,37dc9fbd1cc1b8e7aeec,0,0,0,0.8260070085525513,0.17399299144744873
PETS_CREDIT_high_eff_su2_r5_d6_b01__none,none,memguard,9e00c9a73f8502e1beb6,0,0,0,0.8334832787513733,0.1665167510509491
PETS_CREDIT_high_eff_su2_r5_d6_b01__none,none,memguard,91f87ca67e3c04007486,0,0,0,0.8390247225761414,0.16097530722618103
PETS_CREDIT_high_eff_su2_r5_d6_b01__none,none,memguard,c6f44b9c0cc7a4317767,0,0,0,0.8084869980812073,0.19151300191879272
PETS_CREDIT_high_eff_su2_r5_d6_b01__none,none,memguard,cd6bf5351920ef71b772,0,0,0,0.8229532837867737,0.17704668641090393
PETS_CREDIT_high_eff_su2_r5_d6_b01__none,none,memguard,8dcf26c9f074a4b5de0e,0,0,0,0.8337200880050659,0.16627991199493408
PETS_CREDIT_high_eff_su2_r5_d6_b01__none,none,memguard,de98a8baab2807797bb8,0,0,0,0.8252391815185547,0.17476080358028412
PETS_CREDIT_high_eff_su2_r5_d6_b01__none,none,memguard,f28c583d896798880d4b,0,1,1,0.21358071267604828,0.7864192724227905
PETS_CREDIT_high_eff_su2_r5_d6_b01__none,none,memguard,ac56169f19bc768a992f,0,0,0,0.8384178876876831,0.16158217191696167
PETS_CREDIT_high_eff_su2_r5_d6_b01__none,none,memguard,3921b288ed88010b2bd2,0,0,0,0.8262234926223755,0.1737765669822693
PETS_CREDIT_high_eff_su2_r5_d6_b01__none,none,memguard,0988ebf7cfaacc632363,0,0,0,0.8392783403396606,0.16072162985801697
PETS_CREDIT_high_eff_su2_r5_d6_b01__none,none,memguard,19f22c4a26ede80db5bc,0,0,0,0.8407698273658752,0.15923020243644714
PETS_CREDIT_high_eff_su2_r5_d6_b01__none,none,memguard,96c64f83677ec33bce29,0,0,0,0.7918550968170166,0.2081449031829834
PETS_CREDIT_high_eff_su2_r5_d6_b01__none,none,memguard,9843ca85067735c6a50c,0,0,1,0.2124190330505371,0.7875809669494629
PETS_CREDIT_high_eff_su2_r5_d6_b01__none,none,memguard,12ef83c14d018f8929c0,0,0,0,0.7929091453552246,0.20709088444709778
PETS_CREDIT_high_eff_su2_r5_d6_b01__none,none,memguard,9b5637baba30c32741f7,0,0,0,0.7915178537368774,0.20848216116428375
PETS_CREDIT_high_eff_su2_r5_d6_b01__none,none,memguard,82ebd78d69582401b822,0,1,0,0.7822011709213257,0.21779882907867432
PETS_CREDIT_high_eff_su2_r5_d6_b01__none,none,memguard,c154986c4ac0e18baa8e,0,0,0,0.8367291688919067,0.16327080130577087
PETS_CREDIT_high_eff_su2_r5_d6_b01__none,none,memguard,5c1eaee6580358b55afc,0,1,0,0.8332113027572632,0.166788712143898
PETS_CREDIT_high_eff_su2_r5_d6_b01__none,none,memguard,cb251470deed8436762a,0,0,0,0.8249709010124207,0.17502906918525696
PETS_CREDIT_high_eff_su2_r5_d6_b01__none,none,memguard,da5f5efb7790004fff98,0,0,0,0.7883679270744324,0.21163210272789001
PETS_CREDIT_high_eff_su2_r5_d6_b01__none,none,memguard,a1971c19af6fbce2a2b8,0,0,0,0.830538272857666,0.16946175694465637
PETS_CREDIT_high_eff_su2_r5_d6_b01__none,none,memguard,f88c75f25b6e20b11d53,0,1,1,0.22613738477230072,0.7738626003265381
PETS_CREDIT_high_eff_su2_r5_d6_b01__none,none,memguard,625fbebab124d6b6cfe9,0,0,0,0.7841445803642273,0.2158554196357727
PETS_CREDIT_high_eff_su2_r5_d6_b01__none,none,memguard,aad721f07309f09ae48b,0,0,0,0.8246082067489624,0.17539183795452118
PETS_CREDIT_high_eff_su2_r5_d6_b01__none,none,memguard,3e5959b02df8356effc1,0,0,0,0.8262119293212891,0.17378808557987213
PETS_CREDIT_high_eff_su2_r5_d6_b01__none,none,memguard,13bc0e5e62e93ee9e11f,0,0,0,0.8414711952209473,0.15852881968021393
PETS_CREDIT_high_eff_su2_r5_d6_b01__none,none,memguard,d4552063b883befa7f1f,0,1,0,0.7948272824287415,0.20517271757125854
PETS_CREDIT_high_eff_su2_r5_d6_b01__none,none,memguard,9737e13af29b3e71e58d,0,0,0,0.7744858860969543,0.22551412880420685
PETS_CREDIT_high_eff_su2_r5_d6_b01__none,none,memguard,65878445affdd2869314,0,0,0,0.8334464430809021,0.1665535867214203
PETS_CREDIT_high_eff_su2_r5_d6_b01__none,none,memguard,c9b4e83642e08382f4a6,0,0,0,0.785453200340271,0.21454676985740662
PETS_CREDIT_high_eff_su2_r5_d6_b01__none,none,memguard,e68ff9c46623f5834b2a,0,0,0,0.8084439039230347,0.19155608117580414
PETS_CREDIT_high_eff_su2_r5_d6_b01__none,none,memguard,ee145a9d7a0dd082d343,0,0,0,0.8385706543922424,0.16142931580543518
PETS_CREDIT_high_eff_su2_r5_d6_b01__none,none,memguard,8b77bc8a325b32f8d38a,0,1,0,0.831652045249939,0.16834795475006104
PETS_CREDIT_high_eff_su2_r5_d6_b01__none,none,memguard,15902995b3e0e8fdafb5,0,1,0,0.8054600358009338,0.19453999400138855
PETS_CREDIT_high_eff_su2_r5_d6_b01__none,none,memguard,442418c1ce6eee466e66,0,0,0,0.8378216624259949,0.1621783822774887
PETS_CREDIT_high_eff_su2_r5_d6_b01__none,none,memguard,cdbf66466c43de4d3398,0,0,0,0.8054122924804688,0.19458773732185364
PETS_CREDIT_high_eff_su2_r5_d6_b01__none,none,memguard,d219a9acadf7d11fea78,0,0,0,0.8364329934120178,0.16356702148914337
PETS_CREDIT_high_eff_su2_r5_d6_b01__none,none,logitguard_continuous,eaab06e0e9770f0cb322,1,0,0,0.8069459199905396,0.19305410981178284
PETS_CREDIT_high_eff_su2_r5_d6_b01__none,none,logitguard_continuous,883a42269d6847aec70c,1,0,0,0.810244083404541,0.18975591659545898
PETS_CREDIT_high_eff_su2_r5_d6_b01__none,none,logitguard_continuous,6bf07a3ff23f9e3249c5,1,0,0,0.8001105785369873,0.1998894214630127
PETS_CREDIT_high_eff_su2_r5_d6_b01__none,none,logitguard_continuous,272c38b1ecd099be7890,1,0,0,0.8140013813972473,0.18599867820739746
PETS_CREDIT_high_eff_su2_r5_d6_b01__none,none,logitguard_continuous,f2a589817382059b0dcc,1,0,0,0.8108242750167847,0.18917569518089294
PETS_CREDIT_high_eff_su2_r5_d6_b01__none,none,logitguard_continuous,ab97fae957e08270ffce,1,1,1,0.18826726078987122,0.8117327690124512
PETS_CREDIT_high_eff_su2_r5_d6_b01__none,none,logitguard_continuous,0674ce029ebb21d32e38,1,0,0,0.8113193511962891,0.18868067860603333
PETS_CREDIT_high_eff_su2_r5_d6_b01__none,none,logitguard_continuous,a9752ae3047aff503fb3,1,1,0,0.8049663305282593,0.19503365457057953
PETS_CREDIT_high_eff_su2_r5_d6_b01__none,none,logitguard_continuous,5b7629cbd1fb6e879520,1,1,0,0.8081887364387512,0.19181127846240997
PETS_CREDIT_high_eff_su2_r5_d6_b01__none,none,logitguard_continuous,4dde24d981dd8981f71f,1,0,0,0.7981157898902893,0.2018841803073883
PETS_CREDIT_high_eff_su2_r5_d6_b01__none,none,logitguard_continuous,4df4658f2eb41564da87,1,0,0,0.8002859354019165,0.1997140794992447
PETS_CREDIT_high_eff_su2_r5_d6_b01__none,none,logitguard_continuous,ab00e756b29c98fd6674,1,0,0,0.7880638837814331,0.21193616092205048
PETS_CREDIT_high_eff_su2_r5_d6_b01__none,none,logitguard_continuous,69ef03b5c6f4f7ecef33,1,0,0,0.804977536201477,0.19502247869968414
PETS_CREDIT_high_eff_su2_r5_d6_b01__none,none,logitguard_continuous,dba69027df0122535f19,1,0,0,0.8128229379653931,0.1871771216392517
PETS_CREDIT_high_eff_su2_r5_d6_b01__none,none,logitguard_continuous,cbd912351cdbc83a9184,1,0,1,0.19187262654304504,0.8081274032592773
PETS_CREDIT_high_eff_su2_r5_d6_b01__none,none,logitguard_continuous,7be2869c238aa35d440a,1,1,0,0.8095250725746155,0.1904749870300293
PETS_CREDIT_high_eff_su2_r5_d6_b01__none,none,logitguard_continuous,7ce1135db7560daf7e70,1,0,0,0.8073135018348694,0.19268649816513062
PETS_CREDIT_high_eff_su2_r5_d6_b01__none,none,logitguard_continuous,988a4b4dcb53bafffb01,1,0,0,0.8069710731506348,0.19302894175052643
PETS_CREDIT_high_eff_su2_r5_d6_b01__none,none,logitguard_continuous,66fa33821884d4568b02,1,0,0,0.8103718757629395,0.18962818384170532
PETS_CREDIT_high_eff_su2_r5_d6_b01__none,none,logitguard_continuous,f073d35785cf76f1409c,1,1,0,0.809648871421814,0.19035112857818604
PETS_CREDIT_high_eff_su2_r5_d6_b01__none,none,logitguard_continuous,6c0e663b6848864dc914,1,0,0,0.795818567276001,0.20418141782283783
PETS_CREDIT_high_eff_su2_r5_d6_b01__none,none,logitguard_continuous,14865093b1485a5c3a41,1,0,0,0.811311662197113,0.18868836760520935
PETS_CREDIT_high_eff_su2_r5_d6_b01__none,none,logitguard_continuous,c4b2c9357254e51af6a9,1,0,0,0.8015664219856262,0.19843357801437378
PETS_CREDIT_high_eff_su2_r5_d6_b01__none,none,logitguard_continuous,b0f47ae4b56b3aa4d111,1,0,0,0.8038649559020996,0.19613508880138397
PETS_CREDIT_high_eff_su2_r5_d6_b01__none,none,logitguard_continuous,f05df67fe5ac7ed38643,1,0,0,0.811759889125824,0.18824009597301483
PETS_CREDIT_high_eff_su2_r5_d6_b01__none,none,logitguard_continuous,a55e4e1cd3465563efc4,1,0,0,0.8100995421409607,0.1899004727602005
PETS_CREDIT_high_eff_su2_r5_d6_b01__none,none,logitguard_continuous,c9acdb61159286a4c2ce,1,0,0,0.8061298131942749,0.1938701570034027
PETS_CREDIT_high_eff_su2_r5_d6_b01__none,none,logitguard_continuous,6ea2a519a69c09016323,1,0,0,0.8159270286560059,0.18407298624515533
PETS_CREDIT_high_eff_su2_r5_d6_b01__none,none,logitguard_continuous,f332cc500c7a62b19024,1,0,0,0.8071965575218201,0.19280344247817993
PETS_CREDIT_high_eff_su2_r5_d6_b01__none,none,logitguard_continuous,6992a9babb7ae6302cb5,1,0,0,0.8080325722694397,0.19196739792823792
PETS_CREDIT_high_eff_su2_r5_d6_b01__none,none,logitguard_continuous,d1d396dc69ac0aeade66,1,0,0,0.8073519468307495,0.1926480531692505
PETS_CREDIT_high_eff_su2_r5_d6_b01__none,none,logitguard_continuous,4def6ca8e27be84aeb54,1,0,0,0.8135517239570618,0.18644827604293823
PETS_CREDIT_high_eff_su2_r5_d6_b01__none,none,logitguard_continuous,d46f8b9f4d57f90db615,1,1,0,0.800410807132721,0.19958919286727905
PETS_CREDIT_high_eff_su2_r5_d6_b01__none,none,logitguard_continuous,347bd04364dce3c5342e,1,0,0,0.8119475841522217,0.18805243074893951
PETS_CREDIT_high_eff_su2_r5_d6_b01__none,none,logitguard_continuous,32babcc385bd70eddb90,1,1,0,0.8111566305160522,0.18884335458278656
PETS_CREDIT_high_eff_su2_r5_d6_b01__none,none,logitguard_continuous,0772d1e68bccea98e68f,1,0,1,0.2003224939107895,0.7996774911880493
PETS_CREDIT_high_eff_su2_r5_d6_b01__none,none,logitguard_continuous,72bf8a475d5aa5538cd3,1,0,0,0.8089034557342529,0.19109652936458588
PETS_CREDIT_high_eff_su2_r5_d6_b01__none,none,logitguard_continuous,092efc45ab978715a8fa,1,0,0,0.8122130036354065,0.1877869814634323
PETS_CREDIT_high_eff_su2_r5_d6_b01__none,none,logitguard_continuous,25bed8f88a506c4cc366,1,1,0,0.8124536275863647,0.18754637241363525
PETS_CREDIT_high_eff_su2_r5_d6_b01__none,none,logitguard_continuous,c8a7bd1cd35ba1e89b80,1,0,0,0.8125295042991638,0.187470480799675
PETS_CREDIT_high_eff_su2_r5_d6_b01__none,none,logitguard_continuous,073dbbd888ef767c75de,1,0,0,0.8111498355865479,0.18885020911693573
PETS_CREDIT_high_eff_su2_r5_d6_b01__none,none,logitguard_continuous,8f95586c1c6fb3f2a750,1,1,0,0.7952271103858948,0.2047729194164276
PETS_CREDIT_high_eff_su2_r5_d6_b01__none,none,logitguard_continuous,c75c31af2389cc3a594f,1,0,0,0.8007164597511292,0.19928352534770966
PETS_CREDIT_high_eff_su2_r5_d6_b01__none,none,logitguard_continuous,bd6c7e8fd4e7879e23df,1,0,0,0.8129998445510864,0.1870001256465912
PETS_CREDIT_high_eff_su2_r5_d6_b01__none,none,logitguard_continuous,072f10d00d9156aab9f2,1,0,0,0.8094536662101746,0.19054633378982544
PETS_CREDIT_high_eff_su2_r5_d6_b01__none,none,logitguard_continuous,82d40bd4122f5c76cdfb,1,0,0,0.8048720955848694,0.19512788951396942
PETS_CREDIT_high_eff_su2_r5_d6_b01__none,none,logitguard_continuous,81817fc85a01b1cc7dcf,1,0,0,0.8113502264022827,0.18864980340003967
PETS_CREDIT_high_eff_su2_r5_d6_b01__none,none,logitguard_continuous,d75c3e52dbcaf5a5ec2a,1,0,0,0.8130961060523987,0.1869039088487625
PETS_CREDIT_high_eff_su2_r5_d6_b01__none,none,logitguard_continuous,e0cf68ff7b13424759c5,1,1,1,0.194857656955719,0.805142343044281
PETS_CREDIT_high_eff_su2_r5_d6_b01__none,none,logitguard_continuous,92516ca36411fad7d9c9,1,0,0,0.8019388914108276,0.19806113839149475
PETS_CREDIT_high_eff_su2_r5_d6_b01__none,none,logitguard_continuous,1dd9f8371cdcaa1758b3,1,0,0,0.8065751194953918,0.19342485070228577
PETS_CREDIT_high_eff_su2_r5_d6_b01__none,none,logitguard_continuous,a4fc6b0808359418c098,1,0,0,0.8190941214561462,0.18090593814849854
PETS_CREDIT_high_eff_su2_r5_d6_b01__none,none,logitguard_continuous,e07f107ec2deef516f4f,1,0,0,0.8124099373817444,0.187590092420578
PETS_CREDIT_high_eff_su2_r5_d6_b01__none,none,logitguard_continuous,7311863aa70952806ffc,1,0,0,0.8087034821510315,0.1912965327501297
PETS_CREDIT_high_eff_su2_r5_d6_b01__none,none,logitguard_continuous,eb849709f12c60edd50b,1,1,0,0.8135780692100525,0.1864219456911087
PETS_CREDIT_high_eff_su2_r5_d6_b01__none,none,logitguard_continuous,0a09121dee0e5db09dfe,1,1,0,0.8051936626434326,0.19480635225772858
PETS_CREDIT_high_eff_su2_r5_d6_b01__none,none,logitguard_continuous,29a333df83b13ef7fea3,1,0,0,0.8082533478736877,0.19174662232398987
PETS_CREDIT_high_eff_su2_r5_d6_b01__none,none,logitguard_continuous,b84ff32b3c14263b0dd5,1,1,1,0.20751754939556122,0.7924824357032776
PETS_CREDIT_high_eff_su2_r5_d6_b01__none,none,logitguard_continuous,ae1704e8283a10912765,1,0,0,0.815200924873352,0.18479911983013153
PETS_CREDIT_high_eff_su2_r5_d6_b01__none,none,logitguard_continuous,78edbc6916b12b570866,1,0,0,0.7866032123565674,0.21339677274227142
PETS_CREDIT_high_eff_su2_r5_d6_b01__none,none,logitguard_continuous,196d92dfff0523a23237,1,1,0,0.7953441143035889,0.20465590059757233
PETS_CREDIT_high_eff_su2_r5_d6_b01__none,none,logitguard_continuous,c0daa10532a8487ca803,1,1,0,0.788628339767456,0.21137171983718872
PETS_CREDIT_high_eff_su2_r5_d6_b01__none,none,logitguard_continuous,a5b1091e7ec67f7a06ed,1,0,0,0.8110982179641724,0.18890175223350525
PETS_CREDIT_high_eff_su2_r5_d6_b01__none,none,logitguard_continuous,bfa7b1aca5d187760a16,1,0,0,0.7813352942466736,0.21866475045681
PETS_CREDIT_high_eff_su2_r5_d6_b01__none,none,logitguard_continuous,39f8154e08ad72170108,1,0,0,0.7893797755241394,0.2106202095746994
PETS_CREDIT_high_eff_su2_r5_d6_b01__none,none,logitguard_continuous,2379dd478643b9cc0bc1,1,0,0,0.8259073495864868,0.17409266531467438
PETS_CREDIT_high_eff_su2_r5_d6_b01__none,none,logitguard_continuous,418dd0dffa2f4aacf5a8,1,0,0,0.8073371648788452,0.19266283512115479
PETS_CREDIT_high_eff_su2_r5_d6_b01__none,none,logitguard_continuous,26b6a5da65cdaeb8e184,1,0,0,0.809373140335083,0.19062688946723938
PETS_CREDIT_high_eff_su2_r5_d6_b01__none,none,logitguard_continuous,c50e57ca37a497df3a13,1,0,0,0.8098772764205933,0.19012273848056793
PETS_CREDIT_high_eff_su2_r5_d6_b01__none,none,logitguard_continuous,0ec364cc4624f409f87e,1,1,0,0.8115649223327637,0.18843504786491394
PETS_CREDIT_high_eff_su2_r5_d6_b01__none,none,logitguard_continuous,49b15e9ec4784be42cd2,1,0,0,0.8050878643989563,0.1949121206998825
PETS_CREDIT_high_eff_su2_r5_d6_b01__none,none,logitguard_continuous,ce8a11f272895da8cd7f,1,0,0,0.8129516243934631,0.18704840540885925
PETS_CREDIT_high_eff_su2_r5_d6_b01__none,none,logitguard_continuous,f929be357f68bdda4236,1,0,0,0.8214738368988037,0.17852619290351868
PETS_CREDIT_high_eff_su2_r5_d6_b01__none,none,logitguard_continuous,619b46d6086e6aad3d84,1,0,0,0.7938566207885742,0.20614340901374817
PETS_CREDIT_high_eff_su2_r5_d6_b01__none,none,logitguard_continuous,c91e3b5a028c06ad1f92,1,0,0,0.8077378273010254,0.192262202501297
PETS_CREDIT_high_eff_su2_r5_d6_b01__none,none,logitguard_continuous,f640cb068a6e0cafd8f7,1,0,0,0.804452121257782,0.1955478936433792
PETS_CREDIT_high_eff_su2_r5_d6_b01__none,none,logitguard_continuous,a1b01a469dc7802f51d3,1,0,0,0.8085191249847412,0.19148093461990356
PETS_CREDIT_high_eff_su2_r5_d6_b01__none,none,logitguard_continuous,5cb75d859aa2d3df94b0,1,0,0,0.8151021003723145,0.18489789962768555
PETS_CREDIT_high_eff_su2_r5_d6_b01__none,none,logitguard_continuous,5e48c11768cb070aefe6,1,1,1,0.19113358855247498,0.8088664412498474
PETS_CREDIT_high_eff_su2_r5_d6_b01__none,none,logitguard_continuous,3ac7ac4bc65a6ffec899,1,0,0,0.8075955510139465,0.19240450859069824
PETS_CREDIT_high_eff_su2_r5_d6_b01__none,none,logitguard_continuous,ac5f40db5db91c18a83b,1,1,1,0.19588376581668854,0.8041162490844727
PETS_CREDIT_high_eff_su2_r5_d6_b01__none,none,logitguard_continuous,973b363916938dbaaf31,1,0,0,0.8101780414581299,0.1898219883441925
PETS_CREDIT_high_eff_su2_r5_d6_b01__none,none,logitguard_continuous,df16a30c67111933fccc,1,0,0,0.7900368571281433,0.20996320247650146
PETS_CREDIT_high_eff_su2_r5_d6_b01__none,none,logitguard_continuous,402e2e33d278085f817f,1,0,0,0.8130511045455933,0.18694892525672913
PETS_CREDIT_high_eff_su2_r5_d6_b01__none,none,logitguard_continuous,a62d80fa1349c54517ce,1,1,0,0.7951646447181702,0.20483537018299103
PETS_CREDIT_high_eff_su2_r5_d6_b01__none,none,logitguard_continuous,d9170d275d5e05922e82,1,0,0,0.8165225386619568,0.18347743153572083
PETS_CREDIT_high_eff_su2_r5_d6_b01__none,none,logitguard_continuous,01743ddf295d8f6b5a46,1,0,0,0.812443733215332,0.18755631148815155
PETS_CREDIT_high_eff_su2_r5_d6_b01__none,none,logitguard_continuous,e030c0aa4ae0f1011f2f,1,0,0,0.8085156083106995,0.19148439168930054
PETS_CREDIT_high_eff_su2_r5_d6_b01__none,none,logitguard_continuous,bf465d63c434358f77e4,1,0,0,0.8160809874534607,0.1839190274477005
PETS_CREDIT_high_eff_su2_r5_d6_b01__none,none,logitguard_continuous,9eb158e3cbe5bc901e26,1,1,1,0.19796830415725708,0.8020316958427429
PETS_CREDIT_high_eff_su2_r5_d6_b01__none,none,logitguard_continuous,a6dfd0dc4ba32e6c00e6,1,0,0,0.8176381587982178,0.18236187100410461
PETS_CREDIT_high_eff_su2_r5_d6_b01__none,none,logitguard_continuous,a5628044ec0880a52490,1,0,0,0.8160616755485535,0.18393832445144653
PETS_CREDIT_high_eff_su2_r5_d6_b01__none,none,logitguard_continuous,4cfea97c73e6dbfbc698,1,0,0,0.8154423236846924,0.1845576912164688
PETS_CREDIT_high_eff_su2_r5_d6_b01__none,none,logitguard_continuous,006df97946d214e0111f,1,0,0,0.8002200126647949,0.19977998733520508
PETS_CREDIT_high_eff_su2_r5_d6_b01__none,none,logitguard_continuous,75e559f2a9928f47e4ef,1,0,0,0.8143805861473083,0.18561944365501404
PETS_CREDIT_high_eff_su2_r5_d6_b01__none,none,logitguard_continuous,526cee77dcfea7ee8138,1,1,1,0.19859814643859863,0.8014018535614014
PETS_CREDIT_high_eff_su2_r5_d6_b01__none,none,logitguard_continuous,2c2eb339de59d2b86f66,1,1,1,0.18805772066116333,0.8119423389434814
PETS_CREDIT_high_eff_su2_r5_d6_b01__none,none,logitguard_continuous,fbbb0f469e10095b9cc1,1,0,0,0.8089125752449036,0.19108743965625763
PETS_CREDIT_high_eff_su2_r5_d6_b01__none,none,logitguard_continuous,c2f9d20d5b53c00ef5f4,1,0,0,0.81224524974823,0.18775473535060883
PETS_CREDIT_high_eff_su2_r5_d6_b01__none,none,logitguard_continuous,1313972ddf1c6e9eb2c9,1,0,0,0.7932456731796265,0.20675431191921234
PETS_CREDIT_high_eff_su2_r5_d6_b01__none,none,logitguard_continuous,775e0bc8a00b354d7d21,0,0,0,0.8077713251113892,0.19222865998744965
PETS_CREDIT_high_eff_su2_r5_d6_b01__none,none,logitguard_continuous,19eaeaae64289dba8ce8,0,0,0,0.8080855011940002,0.19191448390483856
PETS_CREDIT_high_eff_su2_r5_d6_b01__none,none,logitguard_continuous,af85096b9d68ea111a40,0,0,0,0.8040987253189087,0.1959013044834137
PETS_CREDIT_high_eff_su2_r5_d6_b01__none,none,logitguard_continuous,eb58b2ec144b95696995,0,0,0,0.8091784119606018,0.190821573138237
PETS_CREDIT_high_eff_su2_r5_d6_b01__none,none,logitguard_continuous,c87adcad5c5b8bacab20,0,0,0,0.805855929851532,0.19414405524730682
PETS_CREDIT_high_eff_su2_r5_d6_b01__none,none,logitguard_continuous,8b38dcbabda11b315cba,0,1,0,0.8150133490562439,0.1849866360425949
PETS_CREDIT_high_eff_su2_r5_d6_b01__none,none,logitguard_continuous,46cf73574cd89d5b0a38,0,0,0,0.8005064129829407,0.19949360191822052
PETS_CREDIT_high_eff_su2_r5_d6_b01__none,none,logitguard_continuous,f1d5fbea8d8fc197f689,0,1,0,0.7850609421730042,0.21493907272815704
PETS_CREDIT_high_eff_su2_r5_d6_b01__none,none,logitguard_continuous,0ccf866b02ec9d1e0e17,0,1,1,0.18938322365283966,0.8106167912483215
PETS_CREDIT_high_eff_su2_r5_d6_b01__none,none,logitguard_continuous,3bb90fb9f41d8cd780fb,0,0,0,0.8189988732337952,0.18100115656852722
PETS_CREDIT_high_eff_su2_r5_d6_b01__none,none,logitguard_continuous,b1bdd9f125cf64d76133,0,0,0,0.7981063723564148,0.20189359784126282
PETS_CREDIT_high_eff_su2_r5_d6_b01__none,none,logitguard_continuous,eb21418ddcffa69cc01e,0,0,0,0.8155146241188049,0.18448540568351746
PETS_CREDIT_high_eff_su2_r5_d6_b01__none,none,logitguard_continuous,512bf5d49257f12e0379,0,0,0,0.8121103048324585,0.1878897249698639
PETS_CREDIT_high_eff_su2_r5_d6_b01__none,none,logitguard_continuous,6feab55c27ef6fd8098c,0,0,0,0.8122564554214478,0.18774357438087463
PETS_CREDIT_high_eff_su2_r5_d6_b01__none,none,logitguard_continuous,05d5b5a237e6011985dc,0,0,0,0.8104509115219116,0.18954911828041077
PETS_CREDIT_high_eff_su2_r5_d6_b01__none,none,logitguard_continuous,508544f059d9966fa4fd,0,1,0,0.8106711506843567,0.18932881951332092
PETS_CREDIT_high_eff_su2_r5_d6_b01__none,none,logitguard_continuous,02b75fde595a1ffcf156,0,0,0,0.8113630414009094,0.18863694369792938
PETS_CREDIT_high_eff_su2_r5_d6_b01__none,none,logitguard_continuous,3a50f7141ac819d29be9,0,0,0,0.8150193691253662,0.18498069047927856
PETS_CREDIT_high_eff_su2_r5_d6_b01__none,none,logitguard_continuous,76e22647644159c9f31f,0,0,0,0.8030132055282593,0.19698679447174072
PETS_CREDIT_high_eff_su2_r5_d6_b01__none,none,logitguard_continuous,ded01dd09f53e3f3edc7,0,1,0,0.8181501626968384,0.18184980750083923
PETS_CREDIT_high_eff_su2_r5_d6_b01__none,none,logitguard_continuous,516fe3ca66f5f580688d,0,0,1,0.21675080060958862,0.7832491993904114
PETS_CREDIT_high_eff_su2_r5_d6_b01__none,none,logitguard_continuous,7dbb07f72b26cae53e10,0,0,0,0.7930586338043213,0.20694135129451752
PETS_CREDIT_high_eff_su2_r5_d6_b01__none,none,logitguard_continuous,65e0c3d4f1bee9081f1e,0,0,0,0.7830631732940674,0.2169368416070938
PETS_CREDIT_high_eff_su2_r5_d6_b01__none,none,logitguard_continuous,05cfc0ff414af47c03a5,0,0,0,0.7914724349975586,0.2085275650024414
PETS_CREDIT_high_eff_su2_r5_d6_b01__none,none,logitguard_continuous,ada868403e0aacd584e1,0,0,0,0.8134532570838928,0.18654678761959076
PETS_CREDIT_high_eff_su2_r5_d6_b01__none,none,logitguard_continuous,4007b1ad7da10c650d44,0,0,0,0.8072508573532104,0.19274914264678955
PETS_CREDIT_high_eff_su2_r5_d6_b01__none,none,logitguard_continuous,d31cd7debcfc574857b7,0,0,0,0.8067169189453125,0.1932830810546875
PETS_CREDIT_high_eff_su2_r5_d6_b01__none,none,logitguard_continuous,5e54efebb9b29b940c99,0,0,0,0.8137595653533936,0.18624040484428406
PETS_CREDIT_high_eff_su2_r5_d6_b01__none,none,logitguard_continuous,454315dad33a268150e0,0,0,0,0.8096746802330017,0.19032533466815948
PETS_CREDIT_high_eff_su2_r5_d6_b01__none,none,logitguard_continuous,b224dfc19404bbda9ee4,0,0,0,0.8090301752090454,0.1909698098897934
PETS_CREDIT_high_eff_su2_r5_d6_b01__none,none,logitguard_continuous,bbee22d3ea243b98e36f,0,0,1,0.20554064214229584,0.794459342956543
PETS_CREDIT_high_eff_su2_r5_d6_b01__none,none,logitguard_continuous,53501233f30eb80e8d05,0,0,0,0.8124396204948425,0.18756039440631866
PETS_CREDIT_high_eff_su2_r5_d6_b01__none,none,logitguard_continuous,d988f293d7bb6d4a8ab7,0,1,0,0.8224209547042847,0.17757901549339294
PETS_CREDIT_high_eff_su2_r5_d6_b01__none,none,logitguard_continuous,545cb2ecd34d5146e49a,0,0,0,0.8065595626831055,0.19344046711921692
PETS_CREDIT_high_eff_su2_r5_d6_b01__none,none,logitguard_continuous,fedc0dc11aeb9674f49a,0,1,1,0.20707494020462036,0.7929250597953796
PETS_CREDIT_high_eff_su2_r5_d6_b01__none,none,logitguard_continuous,838fb6514f9d13f5f89a,0,0,0,0.8136287331581116,0.18637125194072723
PETS_CREDIT_high_eff_su2_r5_d6_b01__none,none,logitguard_continuous,a024fa1846e4335ade36,0,0,0,0.8040108680725098,0.19598911702632904
PETS_CREDIT_high_eff_su2_r5_d6_b01__none,none,logitguard_continuous,dd5f176581699325a9b1,0,0,0,0.8067261576652527,0.1932738870382309
PETS_CREDIT_high_eff_su2_r5_d6_b01__none,none,logitguard_continuous,45b2f42889463dbbbda3,0,1,1,0.20065101981163025,0.7993489503860474
PETS_CREDIT_high_eff_su2_r5_d6_b01__none,none,logitguard_continuous,5c479147049976461a13,0,0,1,0.1944420039653778,0.8055579662322998
PETS_CREDIT_high_eff_su2_r5_d6_b01__none,none,logitguard_continuous,5ff6b7662bfef65ea0bd,0,0,0,0.812386155128479,0.1876138597726822
PETS_CREDIT_high_eff_su2_r5_d6_b01__none,none,logitguard_continuous,f83af86a0376fc684202,0,1,0,0.8108463287353516,0.18915365636348724
PETS_CREDIT_high_eff_su2_r5_d6_b01__none,none,logitguard_continuous,49ba0900d21d03ea42a9,0,0,0,0.8003528118133545,0.19964724779129028
PETS_CREDIT_high_eff_su2_r5_d6_b01__none,none,logitguard_continuous,d7c5bc379679e38af136,0,0,0,0.7998659014701843,0.20013408362865448
PETS_CREDIT_high_eff_su2_r5_d6_b01__none,none,logitguard_continuous,1de5fd2a3f26ba72a9c1,0,0,0,0.8002442121505737,0.19975583255290985
PETS_CREDIT_high_eff_su2_r5_d6_b01__none,none,logitguard_continuous,9905912b0d924a7b3ca5,0,0,0,0.8067715167999268,0.19322849810123444
PETS_CREDIT_high_eff_su2_r5_d6_b01__none,none,logitguard_continuous,a0c6458763e7f0d7b722,0,0,0,0.8118999600410461,0.18810002505779266
PETS_CREDIT_high_eff_su2_r5_d6_b01__none,none,logitguard_continuous,6146ee4e50398bd2590b,0,0,0,0.7860350012779236,0.21396499872207642
PETS_CREDIT_high_eff_su2_r5_d6_b01__none,none,logitguard_continuous,c4c052470c6698896a64,0,1,0,0.8072711825370789,0.19272884726524353
PETS_CREDIT_high_eff_su2_r5_d6_b01__none,none,logitguard_continuous,d4f5d45b61b7bb9d81d2,0,0,0,0.8041554689407349,0.19584456086158752
PETS_CREDIT_high_eff_su2_r5_d6_b01__none,none,logitguard_continuous,8b2149d6d65d7dff0391,0,0,0,0.809535026550293,0.19046500325202942
PETS_CREDIT_high_eff_su2_r5_d6_b01__none,none,logitguard_continuous,2f0ee475d6ce6c987db1,0,0,0,0.8064566850662231,0.19354332983493805
PETS_CREDIT_high_eff_su2_r5_d6_b01__none,none,logitguard_continuous,9e70744c580dba073780,0,0,0,0.8134639859199524,0.1865360289812088
PETS_CREDIT_high_eff_su2_r5_d6_b01__none,none,logitguard_continuous,2c3b25125281e8e5ea14,0,0,0,0.7883127927780151,0.21168719232082367
PETS_CREDIT_high_eff_su2_r5_d6_b01__none,none,logitguard_continuous,d324c41c466449fc77a4,0,1,1,0.1927279531955719,0.8072720766067505
PETS_CREDIT_high_eff_su2_r5_d6_b01__none,none,logitguard_continuous,b2afd8ac93139c6436ca,0,1,0,0.8095672726631165,0.19043272733688354
PETS_CREDIT_high_eff_su2_r5_d6_b01__none,none,logitguard_continuous,f0873fcaa4725b7b28fd,0,0,0,0.8045400381088257,0.1954599767923355
PETS_CREDIT_high_eff_su2_r5_d6_b01__none,none,logitguard_continuous,33f2ea1bb1c7d6a437bf,0,1,1,0.21338558197021484,0.7866144180297852
PETS_CREDIT_high_eff_su2_r5_d6_b01__none,none,logitguard_continuous,63426de2bcac10c978ef,0,0,0,0.8190235495567322,0.18097645044326782
PETS_CREDIT_high_eff_su2_r5_d6_b01__none,none,logitguard_continuous,6083c35ef0dd27c47f39,0,0,0,0.8062636256217957,0.19373638927936554
PETS_CREDIT_high_eff_su2_r5_d6_b01__none,none,logitguard_continuous,9ac4b9bb1cccbe8c8162,0,1,0,0.8061705231666565,0.1938295066356659
PETS_CREDIT_high_eff_su2_r5_d6_b01__none,none,logitguard_continuous,15e0146e9b8967882d3c,0,1,1,0.2024974822998047,0.7975025177001953
PETS_CREDIT_high_eff_su2_r5_d6_b01__none,none,logitguard_continuous,37dc9fbd1cc1b8e7aeec,0,0,0,0.8098484873771667,0.19015157222747803
PETS_CREDIT_high_eff_su2_r5_d6_b01__none,none,logitguard_continuous,9e00c9a73f8502e1beb6,0,0,0,0.8040384650230408,0.1959615796804428
PETS_CREDIT_high_eff_su2_r5_d6_b01__none,none,logitguard_continuous,91f87ca67e3c04007486,0,0,0,0.8077906370162964,0.192209392786026
PETS_CREDIT_high_eff_su2_r5_d6_b01__none,none,logitguard_continuous,c6f44b9c0cc7a4317767,0,0,0,0.8075963854789734,0.1924036294221878
PETS_CREDIT_high_eff_su2_r5_d6_b01__none,none,logitguard_continuous,cd6bf5351920ef71b772,0,0,0,0.8097274303436279,0.19027259945869446
PETS_CREDIT_high_eff_su2_r5_d6_b01__none,none,logitguard_continuous,8dcf26c9f074a4b5de0e,0,0,0,0.8098658919334412,0.19013409316539764
PETS_CREDIT_high_eff_su2_r5_d6_b01__none,none,logitguard_continuous,de98a8baab2807797bb8,0,0,0,0.8064104318618774,0.19358956813812256
PETS_CREDIT_high_eff_su2_r5_d6_b01__none,none,logitguard_continuous,f28c583d896798880d4b,0,1,1,0.20462892949581146,0.7953711152076721
PETS_CREDIT_high_eff_su2_r5_d6_b01__none,none,logitguard_continuous,ac56169f19bc768a992f,0,0,0,0.8234412670135498,0.176558718085289
PETS_CREDIT_high_eff_su2_r5_d6_b01__none,none,logitguard_continuous,3921b288ed88010b2bd2,0,0,0,0.8156474828720093,0.18435251712799072
PETS_CREDIT_high_eff_su2_r5_d6_b01__none,none,logitguard_continuous,0988ebf7cfaacc632363,0,0,0,0.8145818710327148,0.18541817367076874
PETS_CREDIT_high_eff_su2_r5_d6_b01__none,none,logitguard_continuous,19f22c4a26ede80db5bc,0,0,0,0.8116601705551147,0.18833979964256287
PETS_CREDIT_high_eff_su2_r5_d6_b01__none,none,logitguard_continuous,96c64f83677ec33bce29,0,0,0,0.784771203994751,0.2152288258075714
PETS_CREDIT_high_eff_su2_r5_d6_b01__none,none,logitguard_continuous,9843ca85067735c6a50c,0,0,1,0.194242462515831,0.8057575225830078
PETS_CREDIT_high_eff_su2_r5_d6_b01__none,none,logitguard_continuous,12ef83c14d018f8929c0,0,0,0,0.8155654072761536,0.18443457782268524
PETS_CREDIT_high_eff_su2_r5_d6_b01__none,none,logitguard_continuous,9b5637baba30c32741f7,0,0,0,0.8071549534797668,0.19284504652023315
PETS_CREDIT_high_eff_su2_r5_d6_b01__none,none,logitguard_continuous,82ebd78d69582401b822,0,1,0,0.793618381023407,0.2063816338777542
PETS_CREDIT_high_eff_su2_r5_d6_b01__none,none,logitguard_continuous,c154986c4ac0e18baa8e,0,0,0,0.8142461180686951,0.18575385212898254
PETS_CREDIT_high_eff_su2_r5_d6_b01__none,none,logitguard_continuous,5c1eaee6580358b55afc,0,1,0,0.8097197413444519,0.19028031826019287
PETS_CREDIT_high_eff_su2_r5_d6_b01__none,none,logitguard_continuous,cb251470deed8436762a,0,0,0,0.8088756203651428,0.19112440943717957
PETS_CREDIT_high_eff_su2_r5_d6_b01__none,none,logitguard_continuous,da5f5efb7790004fff98,0,0,0,0.8081464171409607,0.1918535828590393
PETS_CREDIT_high_eff_su2_r5_d6_b01__none,none,logitguard_continuous,a1971c19af6fbce2a2b8,0,0,0,0.8096222877502441,0.19037768244743347
PETS_CREDIT_high_eff_su2_r5_d6_b01__none,none,logitguard_continuous,f88c75f25b6e20b11d53,0,1,1,0.1976754516363144,0.8023245334625244
PETS_CREDIT_high_eff_su2_r5_d6_b01__none,none,logitguard_continuous,625fbebab124d6b6cfe9,0,0,0,0.7867486476898193,0.21325135231018066
PETS_CREDIT_high_eff_su2_r5_d6_b01__none,none,logitguard_continuous,aad721f07309f09ae48b,0,0,0,0.8293781876564026,0.1706218272447586
PETS_CREDIT_high_eff_su2_r5_d6_b01__none,none,logitguard_continuous,3e5959b02df8356effc1,0,0,0,0.8106929659843445,0.1893070936203003
PETS_CREDIT_high_eff_su2_r5_d6_b01__none,none,logitguard_continuous,13bc0e5e62e93ee9e11f,0,0,0,0.8143389225006104,0.18566107749938965
PETS_CREDIT_high_eff_su2_r5_d6_b01__none,none,logitguard_continuous,d4552063b883befa7f1f,0,1,0,0.7883095145225525,0.2116905152797699
PETS_CREDIT_high_eff_su2_r5_d6_b01__none,none,logitguard_continuous,9737e13af29b3e71e58d,0,0,0,0.7855272889137268,0.2144727110862732
PETS_CREDIT_high_eff_su2_r5_d6_b01__none,none,logitguard_continuous,65878445affdd2869314,0,0,0,0.8099831938743591,0.19001679122447968
PETS_CREDIT_high_eff_su2_r5_d6_b01__none,none,logitguard_continuous,c9b4e83642e08382f4a6,0,0,0,0.8039580583572388,0.19604191184043884
PETS_CREDIT_high_eff_su2_r5_d6_b01__none,none,logitguard_continuous,e68ff9c46623f5834b2a,0,0,0,0.81114262342453,0.18885736167430878
PETS_CREDIT_high_eff_su2_r5_d6_b01__none,none,logitguard_continuous,ee145a9d7a0dd082d343,0,0,0,0.8049476146697998,0.1950523853302002
PETS_CREDIT_high_eff_su2_r5_d6_b01__none,none,logitguard_continuous,8b77bc8a325b32f8d38a,0,1,0,0.8057923913002014,0.19420763850212097
PETS_CREDIT_high_eff_su2_r5_d6_b01__none,none,logitguard_continuous,15902995b3e0e8fdafb5,0,1,0,0.8061348795890808,0.19386516511440277
PETS_CREDIT_high_eff_su2_r5_d6_b01__none,none,logitguard_continuous,442418c1ce6eee466e66,0,0,0,0.8032792806625366,0.1967206448316574
PETS_CREDIT_high_eff_su2_r5_d6_b01__none,none,logitguard_continuous,cdbf66466c43de4d3398,0,0,0,0.8061644434928894,0.1938355565071106
PETS_CREDIT_high_eff_su2_r5_d6_b01__none,none,logitguard_continuous,d219a9acadf7d11fea78,0,0,0,0.8108261823654175,0.1891738772392273
PETS_CREDIT_high_eff_su2_r5_d6_b01__none,none,logitguard_quantized,eaab06e0e9770f0cb322,1,0,0,0.8084546327590942,0.19154536724090576
PETS_CREDIT_high_eff_su2_r5_d6_b01__none,none,logitguard_quantized,883a42269d6847aec70c,1,0,0,0.8115326762199402,0.188467338681221
PETS_CREDIT_high_eff_su2_r5_d6_b01__none,none,logitguard_quantized,6bf07a3ff23f9e3249c5,1,0,0,0.7989909648895264,0.20100900530815125
PETS_CREDIT_high_eff_su2_r5_d6_b01__none,none,logitguard_quantized,272c38b1ecd099be7890,1,0,0,0.8145726323127747,0.18542742729187012
PETS_CREDIT_high_eff_su2_r5_d6_b01__none,none,logitguard_quantized,f2a589817382059b0dcc,1,0,0,0.8115326762199402,0.188467338681221
PETS_CREDIT_high_eff_su2_r5_d6_b01__none,none,logitguard_quantized,ab97fae957e08270ffce,1,1,1,0.188467338681221,0.8115326762199402
PETS_CREDIT_high_eff_su2_r5_d6_b01__none,none,logitguard_quantized,0674ce029ebb21d32e38,1,0,0,0.8115326762199402,0.188467338681221
PETS_CREDIT_high_eff_su2_r5_d6_b01__none,none,logitguard_quantized,a9752ae3047aff503fb3,1,1,0,0.805338442325592,0.19466160237789154
PETS_CREDIT_high_eff_su2_r5_d6_b01__none,none,logitguard_quantized,5b7629cbd1fb6e879520,1,1,0,0.8084546327590942,0.19154536724090576
PETS_CREDIT_high_eff_su2_r5_d6_b01__none,none,logitguard_quantized,4dde24d981dd8981f71f,1,0,0,0.7989909648895264,0.20100900530815125
PETS_CREDIT_high_eff_su2_r5_d6_b01__none,none,logitguard_quantized,4df4658f2eb41564da87,1,0,0,0.7989909648895264,0.20100900530815125
PETS_CREDIT_high_eff_su2_r5_d6_b01__none,none,logitguard_quantized,ab00e756b29c98fd6674,1,0,0,0.7891817092895508,0.2108183056116104
PETS_CREDIT_high_eff_su2_r5_d6_b01__none,none,logitguard_quantized,69ef03b5c6f4f7ecef33,1,0,0,0.805338442325592,0.19466160237789154
PETS_CREDIT_high_eff_su2_r5_d6_b01__none,none,logitguard_quantized,dba69027df0122535f19,1,0,0,0.8115326762199402,0.188467338681221
PETS_CREDIT_high_eff_su2_r5_d6_b01__none,none,logitguard_quantized,cbd912351cdbc83a9184,1,0,1,0.19154536724090576,0.8084546327590942
PETS_CREDIT_high_eff_su2_r5_d6_b01__none,none,logitguard_quantized,7be2869c238aa35d440a,1,1,0,0.8084546327590942,0.19154536724090576
PETS_CREDIT_high_eff_su2_r5_d6_b01__none,none,logitguard_quantized,7ce1135db7560daf7e70,1,0,0,0.8084546327590942,0.19154536724090576
PETS_CREDIT_high_eff_su2_r5_d6_b01__none,none,logitguard_quantized,988a4b4dcb53bafffb01,1,0,0,0.8084546327590942,0.19154536724090576
PETS_CREDIT_high_eff_su2_r5_d6_b01__none,none,logitguard_quantized,66fa33821884d4568b02,1,0,0,0.8115326762199402,0.188467338681221
PETS_CREDIT_high_eff_su2_r5_d6_b01__none,none,logitguard_quantized,f073d35785cf76f1409c,1,1,0,0.8084546327590942,0.19154536724090576
PETS_CREDIT_high_eff_su2_r5_d6_b01__none,none,logitguard_quantized,6c0e663b6848864dc914,1,0,0,0.7957597374916077,0.20424030721187592
PETS_CREDIT_high_eff_su2_r5_d6_b01__none,none,logitguard_quantized,14865093b1485a5c3a41,1,0,0,0.8115326762199402,0.188467338681221
PETS_CREDIT_high_eff_su2_r5_d6_b01__none,none,logitguard_quantized,c4b2c9357254e51af6a9,1,0,0,0.8021839261054993,0.1978161334991455
PETS_CREDIT_high_eff_su2_r5_d6_b01__none,none,logitguard_quantized,b0f47ae4b56b3aa4d111,1,0,0,0.805338442325592,0.19466160237789154
PETS_CREDIT_high_eff_su2_r5_d6_b01__none,none,logitguard_quantized,f05df67fe5ac7ed38643,1,0,0,0.8115326762199402,0.188467338681221
PETS_CREDIT_high_eff_su2_r5_d6_b01__none,none,logitguard_quantized,a55e4e1cd3465563efc4,1,0,0,0.8115326762199402,0.188467338681221
PETS_CREDIT_high_eff_su2_r5_d6_b01__none,none,logitguard_quantized,c9acdb61159286a4c2ce,1,0,0,0.805338442325592,0.19466160237789154
PETS_CREDIT_high_eff_su2_r5_d6_b01__none,none,logitguard_quantized,6ea2a519a69c09016323,1,0,0,0.8145726323127747,0.18542742729187012
PETS_CREDIT_high_eff_su2_r5_d6_b01__none,none,logitguard_quantized,f332cc500c7a62b19024,1,0,0,0.8084546327590942,0.19154536724090576
PETS_CREDIT_high_eff_su2_r5_d6_b01__none,none,logitguard_quantized,6992a9babb7ae6302cb5,1,0,0,0.8084546327590942,0.19154536724090576
PETS_CREDIT_high_eff_su2_r5_d6_b01__none,none,logitguard_quantized,d1d396dc69ac0aeade66,1,0,0,0.8084546327590942,0.19154536724090576
PETS_CREDIT_high_eff_su2_r5_d6_b01__none,none,logitguard_quantized,4def6ca8e27be84aeb54,1,0,0,0.8145726323127747,0.18542742729187012
PETS_CREDIT_high_eff_su2_r5_d6_b01__none,none,logitguard_quantized,d46f8b9f4d57f90db615,1,1,0,0.7989909648895264,0.20100900530815125
PETS_CREDIT_high_eff_su2_r5_d6_b01__none,none,logitguard_quantized,347bd04364dce3c5342e,1,0,0,0.8115326762199402,0.188467338681221
PETS_CREDIT_high_eff_su2_r5_d6_b01__none,none,logitguard_quantized,32babcc385bd70eddb90,1,1,0,0.8115326762199402,0.188467338681221
PETS_CREDIT_high_eff_su2_r5_d6_b01__none,none,logitguard_quantized,0772d1e68bccea98e68f,1,0,1,0.20100900530815125,0.7989909648895264
PETS_CREDIT_high_eff_su2_r5_d6_b01__none,none,logitguard_quantized,72bf8a475d5aa5538cd3,1,0,0,0.8084546327590942,0.19154536724090576
PETS_CREDIT_high_eff_su2_r5_d6_b01__none,none,logitguard_quantized,092efc45ab978715a8fa,1,0,0,0.8115326762199402,0.188467338681221
PETS_CREDIT_high_eff_su2_r5_d6_b01__none,none,logitguard_quantized,25bed8f88a506c4cc366,1,1,0,0.8115326762199402,0.188467338681221
PETS_CREDIT_high_eff_su2_r5_d6_b01__none,none,logitguard_quantized,c8a7bd1cd35ba1e89b80,1,0,0,0.8115326762199402,0.188467338681221
PETS_CREDIT_high_eff_su2_r5_d6_b01__none,none,logitguard_quantized,073dbbd888ef767c75de,1,0,0,0.8115326762199402,0.188467338681221
PETS_CREDIT_high_eff_su2_r5_d6_b01__none,none,logitguard_quantized,8f95586c1c6fb3f2a750,1,1,0,0.7957597374916077,0.20424030721187592
PETS_CREDIT_high_eff_su2_r5_d6_b01__none,none,logitguard_quantized,c75c31af2389cc3a594f,1,0,0,0.8021839261054993,0.1978161334991455
PETS_CREDIT_high_eff_su2_r5_d6_b01__none,none,logitguard_quantized,bd6c7e8fd4e7879e23df,1,0,0,0.8115326762199402,0.188467338681221
PETS_CREDIT_high_eff_su2_r5_d6_b01__none,none,logitguard_quantized,072f10d00d9156aab9f2,1,0,0,0.8084546327590942,0.19154536724090576
PETS_CREDIT_high_eff_su2_r5_d6_b01__none,none,logitguard_quantized,82d40bd4122f5c76cdfb,1,0,0,0.805338442325592,0.19466160237789154
PETS_CREDIT_high_eff_su2_r5_d6_b01__none,none,logitguard_quantized,81817fc85a01b1cc7dcf,1,0,0,0.8115326762199402,0.188467338681221
PETS_CREDIT_high_eff_su2_r5_d6_b01__none,none,logitguard_quantized,d75c3e52dbcaf5a5ec2a,1,0,0,0.8145726323127747,0.18542742729187012
PETS_CREDIT_high_eff_su2_r5_d6_b01__none,none,logitguard_quantized,e0cf68ff7b13424759c5,1,1,1,0.19466160237789154,0.805338442325592
PETS_CREDIT_high_eff_su2_r5_d6_b01__none,none,logitguard_quantized,92516ca36411fad7d9c9,1,0,0,0.8021839261054993,0.1978161334991455
PETS_CREDIT_high_eff_su2_r5_d6_b01__none,none,logitguard_quantized,1dd9f8371cdcaa1758b3,1,0,0,0.805338442325592,0.19466160237789154
PETS_CREDIT_high_eff_su2_r5_d6_b01__none,none,logitguard_quantized,a4fc6b0808359418c098,1,0,0,0.8205385208129883,0.1794615387916565
PETS_CREDIT_high_eff_su2_r5_d6_b01__none,none,logitguard_quantized,e07f107ec2deef516f4f,1,0,0,0.8115326762199402,0.188467338681221
PETS_CREDIT_high_eff_su2_r5_d6_b01__none,none,logitguard_quantized,7311863aa70952806ffc,1,0,0,0.8084546327590942,0.19154536724090576
PETS_CREDIT_high_eff_su2_r5_d6_b01__none,none,logitguard_quantized,eb849709f12c60edd50b,1,1,0,0.8145726323127747,0.18542742729187012
PETS_CREDIT_high_eff_su2_r5_d6_b01__none,none,logitguard_quantized,0a09121dee0e5db09dfe,1,1,0,0.805338442325592,0.19466160237789154
PETS_CREDIT_high_eff_su2_r5_d6_b01__none,none,logitguard_quantized,29a333df83b13ef7fea3,1,0,0,0.8084546327590942,0.19154536724090576
PETS_CREDIT_high_eff_su2_r5_d6_b01__none,none,logitguard_quantized,b84ff32b3c14263b0dd5,1,1,1,0.2075100541114807,0.7924899458885193
PETS_CREDIT_high_eff_su2_r5_d6_b01__none,none,logitguard_quantized,ae1704e8283a10912765,1,0,0,0.8145726323127747,0.18542742729187012
PETS_CREDIT_high_eff_su2_r5_d6_b01__none,none,logitguard_quantized,78edbc6916b12b570866,1,0,0,0.7858350276947021,0.21416503190994263
PETS_CREDIT_high_eff_su2_r5_d6_b01__none,none,logitguard_quantized,196d92dfff0523a23237,1,1,0,0.7957597374916077,0.20424030721187592
PETS_CREDIT_high_eff_su2_r5_d6_b01__none,none,logitguard_quantized,c0daa10532a8487ca803,1,1,0,0.7891817092895508,0.2108183056116104
PETS_CREDIT_high_eff_su2_r5_d6_b01__none,none,logitguard_quantized,a5b1091e7ec67f7a06ed,1,0,0,0.8115326762199402,0.188467338681221
PETS_CREDIT_high_eff_su2_r5_d6_b01__none,none,logitguard_quantized,bfa7b1aca5d187760a16,1,0,0,0.7824497818946838,0.21755023300647736
PETS_CREDIT_high_eff_su2_r5_d6_b01__none,none,logitguard_quantized,39f8154e08ad72170108,1,0,0,0.7891817092895508,0.2108183056116104
PETS_CREDIT_high_eff_su2_r5_d6_b01__none,none,logitguard_quantized,2379dd478643b9cc0bc1,1,0,0,0.8263533711433411,0.17364664375782013
PETS_CREDIT_high_eff_su2_r5_d6_b01__none,none,logitguard_quantized,418dd0dffa2f4aacf5a8,1,0,0,0.8084546327590942,0.19154536724090576
PETS_CREDIT_high_eff_su2_r5_d6_b01__none,none,logitguard_quantized,26b6a5da65cdaeb8e184,1,0,0,0.8084546327590942,0.19154536724090576
PETS_CREDIT_high_eff_su2_r5_d6_b01__none,none,logitguard_quantized,c50e57ca37a497df3a13,1,0,0,0.8084546327590942,0.19154536724090576
PETS_CREDIT_high_eff_su2_r5_d6_b01__none,none,logitguard_quantized,0ec364cc4624f409f87e,1,1,0,0.8115326762199402,0.188467338681221
PETS_CREDIT_high_eff_su2_r5_d6_b01__none,none,logitguard_quantized,49b15e9ec4784be42cd2,1,0,0,0.805338442325592,0.19466160237789154
PETS_CREDIT_high_eff_su2_r5_d6_b01__none,none,logitguard_quantized,ce8a11f272895da8cd7f,1,0,0,0.8115326762199402,0.188467338681221
PETS_CREDIT_high_eff_su2_r5_d6_b01__none,none,logitguard_quantized,f929be357f68bdda4236,1,0,0,0.8205385208129883,0.1794615387916565
PETS_CREDIT_high_eff_su2_r5_d6_b01__none,none,logitguard_quantized,619b46d6086e6aad3d84,1,0,0,0.7924899458885193,0.2075100541114807
PETS_CREDIT_high_eff_su2_r5_d6_b01__none,none,logitguard_quantized,c91e3b5a028c06ad1f92,1,0,0,0.8084546327590942,0.19154536724090576
PETS_CREDIT_high_eff_su2_r5_d6_b01__none,none,logitguard_quantized,f640cb068a6e0cafd8f7,1,0,0,0.805338442325592,0.19466160237789154
PETS_CREDIT_high_eff_su2_r5_d6_b01__none,none,logitguard_quantized,a1b01a469dc7802f51d3,1,0,0,0.8084546327590942,0.19154536724090576
PETS_CREDIT_high_eff_su2_r5_d6_b01__none,none,logitguard_quantized,5cb75d859aa2d3df94b0,1,0,0,0.8145726323127747,0.18542742729187012
PETS_CREDIT_high_eff_su2_r5_d6_b01__none,none,logitguard_quantized,5e48c11768cb070aefe6,1,1,1,0.19154536724090576,0.8084546327590942
PETS_CREDIT_high_eff_su2_r5_d6_b01__none,none,logitguard_quantized,3ac7ac4bc65a6ffec899,1,0,0,0.8084546327590942,0.19154536724090576
PETS_CREDIT_high_eff_su2_r5_d6_b01__none,none,logitguard_quantized,ac5f40db5db91c18a83b,1,1,1,0.19466160237789154,0.805338442325592
PETS_CREDIT_high_eff_su2_r5_d6_b01__none,none,logitguard_quantized,973b363916938dbaaf31,1,0,0,0.8115326762199402,0.188467338681221
PETS_CREDIT_high_eff_su2_r5_d6_b01__none,none,logitguard_quantized,df16a30c67111933fccc,1,0,0,0.7891817092895508,0.2108183056116104
PETS_CREDIT_high_eff_su2_r5_d6_b01__none,none,logitguard_quantized,402e2e33d278085f817f,1,0,0,0.8115326762199402,0.188467338681221
PETS_CREDIT_high_eff_su2_r5_d6_b01__none,none,logitguard_quantized,a62d80fa1349c54517ce,1,1,0,0.7957597374916077,0.20424030721187592
PETS_CREDIT_high_eff_su2_r5_d6_b01__none,none,logitguard_quantized,d9170d275d5e05922e82,1,0,0,0.8175745010375977,0.18242552876472473
PETS_CREDIT_high_eff_su2_r5_d6_b01__none,none,logitguard_quantized,01743ddf295d8f6b5a46,1,0,0,0.8115326762199402,0.188467338681221
PETS_CREDIT_high_eff_su2_r5_d6_b01__none,none,logitguard_quantized,e030c0aa4ae0f1011f2f,1,0,0,0.8084546327590942,0.19154536724090576
PETS_CREDIT_high_eff_su2_r5_d6_b01__none,none,logitguard_quantized,bf465d63c434358f77e4,1,0,0,0.8175745010375977,0.18242552876472473
PETS_CREDIT_high_eff_su2_r5_d6_b01__none,none,logitguard_quantized,9eb158e3cbe5bc901e26,1,1,1,0.1978161334991455,0.8021839261054993
PETS_CREDIT_high_eff_su2_r5_d6_b01__none,none,logitguard_quantized,a6dfd0dc4ba32e6c00e6,1,0,0,0.8175745010375977,0.18242552876472473
PETS_CREDIT_high_eff_su2_r5_d6_b01__none,none,logitguard_quantized,a5628044ec0880a52490,1,0,0,0.8145726323127747,0.18542742729187012
PETS_CREDIT_high_eff_su2_r5_d6_b01__none,none,logitguard_quantized,4cfea97c73e6dbfbc698,1,0,0,0.8145726323127747,0.18542742729187012
PETS_CREDIT_high_eff_su2_r5_d6_b01__none,none,logitguard_quantized,006df97946d214e0111f,1,0,0,0.7989909648895264,0.20100900530815125
PETS_CREDIT_high_eff_su2_r5_d6_b01__none,none,logitguard_quantized,75e559f2a9928f47e4ef,1,0,0,0.8145726323127747,0.18542742729187012
PETS_CREDIT_high_eff_su2_r5_d6_b01__none,none,logitguard_quantized,526cee77dcfea7ee8138,1,1,1,0.1978161334991455,0.8021839261054993
PETS_CREDIT_high_eff_su2_r5_d6_b01__none,none,logitguard_quantized,2c2eb339de59d2b86f66,1,1,1,0.188467338681221,0.8115326762199402
PETS_CREDIT_high_eff_su2_r5_d6_b01__none,none,logitguard_quantized,fbbb0f469e10095b9cc1,1,0,0,0.8084546327590942,0.19154536724090576
PETS_CREDIT_high_eff_su2_r5_d6_b01__none,none,logitguard_quantized,c2f9d20d5b53c00ef5f4,1,0,0,0.8115326762199402,0.188467338681221
PETS_CREDIT_high_eff_su2_r5_d6_b01__none,none,logitguard_quantized,1313972ddf1c6e9eb2c9,1,0,0,0.7924899458885193,0.2075100541114807
PETS_CREDIT_high_eff_su2_r5_d6_b01__none,none,logitguard_quantized,775e0bc8a00b354d7d21,0,0,0,0.8084546327590942,0.19154536724090576
PETS_CREDIT_high_eff_su2_r5_d6_b01__none,none,logitguard_quantized,19eaeaae64289dba8ce8,0,0,0,0.8084546327590942,0.19154536724090576
PETS_CREDIT_high_eff_su2_r5_d6_b01__none,none,logitguard_quantized,af85096b9d68ea111a40,0,0,0,0.805338442325592,0.19466160237789154
PETS_CREDIT_high_eff_su2_r5_d6_b01__none,none,logitguard_quantized,eb58b2ec144b95696995,0,0,0,0.8084546327590942,0.19154536724090576
PETS_CREDIT_high_eff_su2_r5_d6_b01__none,none,logitguard_quantized,c87adcad5c5b8bacab20,0,0,0,0.805338442325592,0.19466160237789154
PETS_CREDIT_high_eff_su2_r5_d6_b01__none,none,logitguard_quantized,8b38dcbabda11b315cba,0,1,0,0.8145726323127747,0.18542742729187012
PETS_CREDIT_high_eff_su2_r5_d6_b01__none,none,logitguard_quantized,46cf73574cd89d5b0a38,0,0,0,0.7989909648895264,0.20100900530815125
PETS_CREDIT_high_eff_su2_r5_d6_b01__none,none,logitguard_quantized,f1d5fbea8d8fc197f689,0,1,0,0.7858350276947021,0.21416503190994263
PETS_CREDIT_high_eff_su2_r5_d6_b01__none,none,logitguard_quantized,0ccf866b02ec9d1e0e17,0,1,1,0.188467338681221,0.8115326762199402
PETS_CREDIT_high_eff_su2_r5_d6_b01__none,none,logitguard_quantized,3bb90fb9f41d8cd780fb,0,0,0,0.8175745010375977,0.18242552876472473
PETS_CREDIT_high_eff_su2_r5_d6_b01__none,none,logitguard_quantized,b1bdd9f125cf64d76133,0,0,0,0.7989909648895264,0.20100900530815125
PETS_CREDIT_high_eff_su2_r5_d6_b01__none,none,logitguard_quantized,eb21418ddcffa69cc01e,0,0,0,0.8145726323127747,0.18542742729187012
PETS_CREDIT_high_eff_su2_r5_d6_b01__none,none,logitguard_quantized,512bf5d49257f12e0379,0,0,0,0.8115326762199402,0.188467338681221
PETS_CREDIT_high_eff_su2_r5_d6_b01__none,none,logitguard_quantized,6feab55c27ef6fd8098c,0,0,0,0.8115326762199402,0.188467338681221
PETS_CREDIT_high_eff_su2_r5_d6_b01__none,none,logitguard_quantized,05d5b5a237e6011985dc,0,0,0,0.8115326762199402,0.188467338681221
PETS_CREDIT_high_eff_su2_r5_d6_b01__none,none,logitguard_quantized,508544f059d9966fa4fd,0,1,0,0.8115326762199402,0.188467338681221
PETS_CREDIT_high_eff_su2_r5_d6_b01__none,none,logitguard_quantized,02b75fde595a1ffcf156,0,0,0,0.8115326762199402,0.188467338681221
PETS_CREDIT_high_eff_su2_r5_d6_b01__none,none,logitguard_quantized,3a50f7141ac819d29be9,0,0,0,0.8145726323127747,0.18542742729187012
PETS_CREDIT_high_eff_su2_r5_d6_b01__none,none,logitguard_quantized,76e22647644159c9f31f,0,0,0,0.8021839261054993,0.1978161334991455
PETS_CREDIT_high_eff_su2_r5_d6_b01__none,none,logitguard_quantized,ded01dd09f53e3f3edc7,0,1,0,0.8175745010375977,0.18242552876472473
PETS_CREDIT_high_eff_su2_r5_d6_b01__none,none,logitguard_quantized,516fe3ca66f5f580688d,0,0,1,0.21755023300647736,0.7824497818946838
PETS_CREDIT_high_eff_su2_r5_d6_b01__none,none,logitguard_quantized,7dbb07f72b26cae53e10,0,0,0,0.7924899458885193,0.2075100541114807
PETS_CREDIT_high_eff_su2_r5_d6_b01__none,none,logitguard_quantized,65e0c3d4f1bee9081f1e,0,0,0,0.7824497818946838,0.21755023300647736
PETS_CREDIT_high_eff_su2_r5_d6_b01__none,none,logitguard_quantized,05cfc0ff414af47c03a5,0,0,0,0.7924899458885193,0.2075100541114807
PETS_CREDIT_high_eff_su2_r5_d6_b01__none,none,logitguard_quantized,ada868403e0aacd584e1,0,0,0,0.8145726323127747,0.18542742729187012
PETS_CREDIT_high_eff_su2_r5_d6_b01__none,none,logitguard_quantized,4007b1ad7da10c650d44,0,0,0,0.8084546327590942,0.19154536724090576
PETS_CREDIT_high_eff_su2_r5_d6_b01__none,none,logitguard_quantized,d31cd7debcfc574857b7,0,0,0,0.805338442325592,0.19466160237789154
PETS_CREDIT_high_eff_su2_r5_d6_b01__none,none,logitguard_quantized,5e54efebb9b29b940c99,0,0,0,0.8145726323127747,0.18542742729187012
PETS_CREDIT_high_eff_su2_r5_d6_b01__none,none,logitguard_quantized,454315dad33a268150e0,0,0,0,0.8084546327590942,0.19154536724090576
PETS_CREDIT_high_eff_su2_r5_d6_b01__none,none,logitguard_quantized,b224dfc19404bbda9ee4,0,0,0,0.8084546327590942,0.19154536724090576
PETS_CREDIT_high_eff_su2_r5_d6_b01__none,none,logitguard_quantized,bbee22d3ea243b98e36f,0,0,1,0.20424030721187592,0.7957597374916077
PETS_CREDIT_high_eff_su2_r5_d6_b01__none,none,logitguard_quantized,53501233f30eb80e8d05,0,0,0,0.8115326762199402,0.188467338681221
PETS_CREDIT_high_eff_su2_r5_d6_b01__none,none,logitguard_quantized,d988f293d7bb6d4a8ab7,0,1,0,0.8234647512435913,0.17653529345989227
PETS_CREDIT_high_eff_su2_r5_d6_b01__none,none,logitguard_quantized,545cb2ecd34d5146e49a,0,0,0,0.805338442325592,0.19466160237789154
PETS_CREDIT_high_eff_su2_r5_d6_b01__none,none,logitguard_quantized,fedc0dc11aeb9674f49a,0,1,1,0.2075100541114807,0.7924899458885193
PETS_CREDIT_high_eff_su2_r5_d6_b01__none,none,logitguard_quantized,838fb6514f9d13f5f89a,0,0,0,0.8145726323127747,0.18542742729187012
PETS_CREDIT_high_eff_su2_r5_d6_b01__none,none,logitguard_quantized,a024fa1846e4335ade36,0,0,0,0.805338442325592,0.19466160237789154
PETS_CREDIT_high_eff_su2_r5_d6_b01__none,none,logitguard_quantized,dd5f176581699325a9b1,0,0,0,0.805338442325592,0.19466160237789154
PETS_CREDIT_high_eff_su2_r5_d6_b01__none,none,logitguard_quantized,45b2f42889463dbbbda3,0,1,1,0.20100900530815125,0.7989909648895264
PETS_CREDIT_high_eff_su2_r5_d6_b01__none,none,logitguard_quantized,5c479147049976461a13,0,0,1,0.19466160237789154,0.805338442325592
PETS_CREDIT_high_eff_su2_r5_d6_b01__none,none,logitguard_quantized,5ff6b7662bfef65ea0bd,0,0,0,0.8115326762199402,0.188467338681221
PETS_CREDIT_high_eff_su2_r5_d6_b01__none,none,logitguard_quantized,f83af86a0376fc684202,0,1,0,0.8115326762199402,0.188467338681221
PETS_CREDIT_high_eff_su2_r5_d6_b01__none,none,logitguard_quantized,49ba0900d21d03ea42a9,0,0,0,0.7989909648895264,0.20100900530815125
PETS_CREDIT_high_eff_su2_r5_d6_b01__none,none,logitguard_quantized,d7c5bc379679e38af136,0,0,0,0.7989909648895264,0.20100900530815125
PETS_CREDIT_high_eff_su2_r5_d6_b01__none,none,logitguard_quantized,1de5fd2a3f26ba72a9c1,0,0,0,0.7989909648895264,0.20100900530815125
PETS_CREDIT_high_eff_su2_r5_d6_b01__none,none,logitguard_quantized,9905912b0d924a7b3ca5,0,0,0,0.805338442325592,0.19466160237789154
PETS_CREDIT_high_eff_su2_r5_d6_b01__none,none,logitguard_quantized,a0c6458763e7f0d7b722,0,0,0,0.8115326762199402,0.188467338681221
PETS_CREDIT_high_eff_su2_r5_d6_b01__none,none,logitguard_quantized,6146ee4e50398bd2590b,0,0,0,0.7858350276947021,0.21416503190994263
PETS_CREDIT_high_eff_su2_r5_d6_b01__none,none,logitguard_quantized,c4c052470c6698896a64,0,1,0,0.8084546327590942,0.19154536724090576
PETS_CREDIT_high_eff_su2_r5_d6_b01__none,none,logitguard_quantized,d4f5d45b61b7bb9d81d2,0,0,0,0.805338442325592,0.19466160237789154
PETS_CREDIT_high_eff_su2_r5_d6_b01__none,none,logitguard_quantized,8b2149d6d65d7dff0391,0,0,0,0.8084546327590942,0.19154536724090576
PETS_CREDIT_high_eff_su2_r5_d6_b01__none,none,logitguard_quantized,2f0ee475d6ce6c987db1,0,0,0,0.805338442325592,0.19466160237789154
PETS_CREDIT_high_eff_su2_r5_d6_b01__none,none,logitguard_quantized,9e70744c580dba073780,0,0,0,0.8145726323127747,0.18542742729187012
PETS_CREDIT_high_eff_su2_r5_d6_b01__none,none,logitguard_quantized,2c3b25125281e8e5ea14,0,0,0,0.7891817092895508,0.2108183056116104
PETS_CREDIT_high_eff_su2_r5_d6_b01__none,none,logitguard_quantized,d324c41c466449fc77a4,0,1,1,0.19154536724090576,0.8084546327590942
PETS_CREDIT_high_eff_su2_r5_d6_b01__none,none,logitguard_quantized,b2afd8ac93139c6436ca,0,1,0,0.8084546327590942,0.19154536724090576
PETS_CREDIT_high_eff_su2_r5_d6_b01__none,none,logitguard_quantized,f0873fcaa4725b7b28fd,0,0,0,0.805338442325592,0.19466160237789154
PETS_CREDIT_high_eff_su2_r5_d6_b01__none,none,logitguard_quantized,33f2ea1bb1c7d6a437bf,0,1,1,0.21416503190994263,0.7858350276947021
PETS_CREDIT_high_eff_su2_r5_d6_b01__none,none,logitguard_quantized,63426de2bcac10c978ef,0,0,0,0.8175745010375977,0.18242552876472473
PETS_CREDIT_high_eff_su2_r5_d6_b01__none,none,logitguard_quantized,6083c35ef0dd27c47f39,0,0,0,0.805338442325592,0.19466160237789154
PETS_CREDIT_high_eff_su2_r5_d6_b01__none,none,logitguard_quantized,9ac4b9bb1cccbe8c8162,0,1,0,0.805338442325592,0.19466160237789154
PETS_CREDIT_high_eff_su2_r5_d6_b01__none,none,logitguard_quantized,15e0146e9b8967882d3c,0,1,1,0.20100900530815125,0.7989909648895264
PETS_CREDIT_high_eff_su2_r5_d6_b01__none,none,logitguard_quantized,37dc9fbd1cc1b8e7aeec,0,0,0,0.8084546327590942,0.19154536724090576
PETS_CREDIT_high_eff_su2_r5_d6_b01__none,none,logitguard_quantized,9e00c9a73f8502e1beb6,0,0,0,0.805338442325592,0.19466160237789154
PETS_CREDIT_high_eff_su2_r5_d6_b01__none,none,logitguard_quantized,91f87ca67e3c04007486,0,0,0,0.8084546327590942,0.19154536724090576
PETS_CREDIT_high_eff_su2_r5_d6_b01__none,none,logitguard_quantized,c6f44b9c0cc7a4317767,0,0,0,0.8084546327590942,0.19154536724090576
PETS_CREDIT_high_eff_su2_r5_d6_b01__none,none,logitguard_quantized,cd6bf5351920ef71b772,0,0,0,0.8084546327590942,0.19154536724090576
PETS_CREDIT_high_eff_su2_r5_d6_b01__none,none,logitguard_quantized,8dcf26c9f074a4b5de0e,0,0,0,0.8084546327590942,0.19154536724090576
PETS_CREDIT_high_eff_su2_r5_d6_b01__none,none,logitguard_quantized,de98a8baab2807797bb8,0,0,0,0.805338442325592,0.19466160237789154
PETS_CREDIT_high_eff_su2_r5_d6_b01__none,none,logitguard_quantized,f28c583d896798880d4b,0,1,1,0.20424030721187592,0.7957597374916077
PETS_CREDIT_high_eff_su2_r5_d6_b01__none,none,logitguard_quantized,ac56169f19bc768a992f,0,0,0,0.8234647512435913,0.17653529345989227
PETS_CREDIT_high_eff_su2_r5_d6_b01__none,none,logitguard_quantized,3921b288ed88010b2bd2,0,0,0,0.8145726323127747,0.18542742729187012
PETS_CREDIT_high_eff_su2_r5_d6_b01__none,none,logitguard_quantized,0988ebf7cfaacc632363,0,0,0,0.8145726323127747,0.18542742729187012
PETS_CREDIT_high_eff_su2_r5_d6_b01__none,none,logitguard_quantized,19f22c4a26ede80db5bc,0,0,0,0.8115326762199402,0.188467338681221
PETS_CREDIT_high_eff_su2_r5_d6_b01__none,none,logitguard_quantized,96c64f83677ec33bce29,0,0,0,0.7858350276947021,0.21416503190994263
PETS_CREDIT_high_eff_su2_r5_d6_b01__none,none,logitguard_quantized,9843ca85067735c6a50c,0,0,1,0.19466160237789154,0.805338442325592
PETS_CREDIT_high_eff_su2_r5_d6_b01__none,none,logitguard_quantized,12ef83c14d018f8929c0,0,0,0,0.8145726323127747,0.18542742729187012
PETS_CREDIT_high_eff_su2_r5_d6_b01__none,none,logitguard_quantized,9b5637baba30c32741f7,0,0,0,0.8084546327590942,0.19154536724090576
PETS_CREDIT_high_eff_su2_r5_d6_b01__none,none,logitguard_quantized,82ebd78d69582401b822,0,1,0,0.7924899458885193,0.2075100541114807
PETS_CREDIT_high_eff_su2_r5_d6_b01__none,none,logitguard_quantized,c154986c4ac0e18baa8e,0,0,0,0.8145726323127747,0.18542742729187012
PETS_CREDIT_high_eff_su2_r5_d6_b01__none,none,logitguard_quantized,5c1eaee6580358b55afc,0,1,0,0.8084546327590942,0.19154536724090576
PETS_CREDIT_high_eff_su2_r5_d6_b01__none,none,logitguard_quantized,cb251470deed8436762a,0,0,0,0.8084546327590942,0.19154536724090576
PETS_CREDIT_high_eff_su2_r5_d6_b01__none,none,logitguard_quantized,da5f5efb7790004fff98,0,0,0,0.8084546327590942,0.19154536724090576
PETS_CREDIT_high_eff_su2_r5_d6_b01__none,none,logitguard_quantized,a1971c19af6fbce2a2b8,0,0,0,0.8084546327590942,0.19154536724090576
PETS_CREDIT_high_eff_su2_r5_d6_b01__none,none,logitguard_quantized,f88c75f25b6e20b11d53,0,1,1,0.1978161334991455,0.8021839261054993
PETS_CREDIT_high_eff_su2_r5_d6_b01__none,none,logitguard_quantized,625fbebab124d6b6cfe9,0,0,0,0.7858350276947021,0.21416503190994263
PETS_CREDIT_high_eff_su2_r5_d6_b01__none,none,logitguard_quantized,aad721f07309f09ae48b,0,0,0,0.8292045593261719,0.1707954853773117
PETS_CREDIT_high_eff_su2_r5_d6_b01__none,none,logitguard_quantized,3e5959b02df8356effc1,0,0,0,0.8115326762199402,0.188467338681221
PETS_CREDIT_high_eff_su2_r5_d6_b01__none,none,logitguard_quantized,13bc0e5e62e93ee9e11f,0,0,0,0.8145726323127747,0.18542742729187012
PETS_CREDIT_high_eff_su2_r5_d6_b01__none,none,logitguard_quantized,d4552063b883befa7f1f,0,1,0,0.7891817092895508,0.2108183056116104
PETS_CREDIT_high_eff_su2_r5_d6_b01__none,none,logitguard_quantized,9737e13af29b3e71e58d,0,0,0,0.7858350276947021,0.21416503190994263
PETS_CREDIT_high_eff_su2_r5_d6_b01__none,none,logitguard_quantized,65878445affdd2869314,0,0,0,0.8084546327590942,0.19154536724090576
PETS_CREDIT_high_eff_su2_r5_d6_b01__none,none,logitguard_quantized,c9b4e83642e08382f4a6,0,0,0,0.805338442325592,0.19466160237789154
PETS_CREDIT_high_eff_su2_r5_d6_b01__none,none,logitguard_quantized,e68ff9c46623f5834b2a,0,0,0,0.8115326762199402,0.188467338681221
PETS_CREDIT_high_eff_su2_r5_d6_b01__none,none,logitguard_quantized,ee145a9d7a0dd082d343,0,0,0,0.805338442325592,0.19466160237789154
PETS_CREDIT_high_eff_su2_r5_d6_b01__none,none,logitguard_quantized,8b77bc8a325b32f8d38a,0,1,0,0.805338442325592,0.19466160237789154
PETS_CREDIT_high_eff_su2_r5_d6_b01__none,none,logitguard_quantized,15902995b3e0e8fdafb5,0,1,0,0.805338442325592,0.19466160237789154
PETS_CREDIT_high_eff_su2_r5_d6_b01__none,none,logitguard_quantized,442418c1ce6eee466e66,0,0,0,0.8021839261054993,0.1978161334991455
PETS_CREDIT_high_eff_su2_r5_d6_b01__none,none,logitguard_quantized,cdbf66466c43de4d3398,0,0,0,0.805338442325592,0.19466160237789154
PETS_CREDIT_high_eff_su2_r5_d6_b01__none,none,logitguard_quantized,d219a9acadf7d11fea78,0,0,0,0.8115326762199402,0.188467338681221
PETS_CREDIT_high_eff_su2_r5_d6_b01__none,none,measurementguard_continuous,eaab06e0e9770f0cb322,1,0,0,0.7443722486495972,0.25562772154808044
PETS_CREDIT_high_eff_su2_r5_d6_b01__none,none,measurementguard_continuous,883a42269d6847aec70c,1,0,0,0.8637847900390625,0.1362152099609375
PETS_CREDIT_high_eff_su2_r5_d6_b01__none,none,measurementguard_continuous,6bf07a3ff23f9e3249c5,1,0,0,0.7742356061935425,0.22576439380645752
PETS_CREDIT_high_eff_su2_r5_d6_b01__none,none,measurementguard_continuous,272c38b1ecd099be7890,1,0,0,0.729353129863739,0.2706468999385834
PETS_CREDIT_high_eff_su2_r5_d6_b01__none,none,measurementguard_continuous,f2a589817382059b0dcc,1,0,0,0.8546446561813354,0.14535538852214813
PETS_CREDIT_high_eff_su2_r5_d6_b01__none,none,measurementguard_continuous,ab97fae957e08270ffce,1,1,1,0.17895175516605377,0.8210482597351074
PETS_CREDIT_high_eff_su2_r5_d6_b01__none,none,measurementguard_continuous,0674ce029ebb21d32e38,1,0,0,0.8827120065689087,0.11728797107934952
PETS_CREDIT_high_eff_su2_r5_d6_b01__none,none,measurementguard_continuous,a9752ae3047aff503fb3,1,1,0,0.8528107404708862,0.14718922972679138
PETS_CREDIT_high_eff_su2_r5_d6_b01__none,none,measurementguard_continuous,5b7629cbd1fb6e879520,1,1,0,0.8067482709884644,0.19325169920921326
PETS_CREDIT_high_eff_su2_r5_d6_b01__none,none,measurementguard_continuous,4dde24d981dd8981f71f,1,0,0,0.844618558883667,0.1553814709186554
PETS_CREDIT_high_eff_su2_r5_d6_b01__none,none,measurementguard_continuous,4df4658f2eb41564da87,1,0,0,0.8727012872695923,0.12729868292808533
PETS_CREDIT_high_eff_su2_r5_d6_b01__none,none,measurementguard_continuous,ab00e756b29c98fd6674,1,0,0,0.8021725416183472,0.19782738387584686
PETS_CREDIT_high_eff_su2_r5_d6_b01__none,none,measurementguard_continuous,69ef03b5c6f4f7ecef33,1,0,0,0.8760542869567871,0.12394564598798752
PETS_CREDIT_high_eff_su2_r5_d6_b01__none,none,measurementguard_continuous,dba69027df0122535f19,1,0,0,0.8900072574615479,0.10999276489019394
PETS_CREDIT_high_eff_su2_r5_d6_b01__none,none,measurementguard_continuous,cbd912351cdbc83a9184,1,0,1,0.27084457874298096,0.729155421257019
PETS_CREDIT_high_eff_su2_r5_d6_b01__none,none,measurementguard_continuous,7be2869c238aa35d440a,1,1,0,0.8975894451141357,0.10241048783063889
PETS_CREDIT_high_eff_su2_r5_d6_b01__none,none,measurementguard_continuous,7ce1135db7560daf7e70,1,0,0,0.8429734110832214,0.15702657401561737
PETS_CREDIT_high_eff_su2_r5_d6_b01__none,none,measurementguard_continuous,988a4b4dcb53bafffb01,1,0,0,0.7831430435180664,0.2168569564819336
PETS_CREDIT_high_eff_su2_r5_d6_b01__none,none,measurementguard_continuous,66fa33821884d4568b02,1,0,0,0.774398922920227,0.22560109198093414
PETS_CREDIT_high_eff_su2_r5_d6_b01__none,none,measurementguard_continuous,f073d35785cf76f1409c,1,1,0,0.8180432319641113,0.18195676803588867
PETS_CREDIT_high_eff_su2_r5_d6_b01__none,none,measurementguard_continuous,6c0e663b6848864dc914,1,0,0,0.8273877501487732,0.1726122498512268
PETS_CREDIT_high_eff_su2_r5_d6_b01__none,none,measurementguard_continuous,14865093b1485a5c3a41,1,0,0,0.7587735652923584,0.2412264347076416
PETS_CREDIT_high_eff_su2_r5_d6_b01__none,none,measurementguard_continuous,c4b2c9357254e51af6a9,1,0,0,0.9031051993370056,0.09689478576183319
PETS_CREDIT_high_eff_su2_r5_d6_b01__none,none,measurementguard_continuous,b0f47ae4b56b3aa4d111,1,0,0,0.7908440828323364,0.2091558873653412
PETS_CREDIT_high_eff_su2_r5_d6_b01__none,none,measurementguard_continuous,f05df67fe5ac7ed38643,1,0,0,0.8633990287780762,0.13660098612308502
PETS_CREDIT_high_eff_su2_r5_d6_b01__none,none,measurementguard_continuous,a55e4e1cd3465563efc4,1,0,0,0.8424551486968994,0.15754485130310059
PETS_CREDIT_high_eff_su2_r5_d6_b01__none,none,measurementguard_continuous,c9acdb61159286a4c2ce,1,0,0,0.7425062656402588,0.2574937343597412
PETS_CREDIT_high_eff_su2_r5_d6_b01__none,none,measurementguard_continuous,6ea2a519a69c09016323,1,0,0,0.8853004574775696,0.11469953507184982
PETS_CREDIT_high_eff_su2_r5_d6_b01__none,none,measurementguard_continuous,f332cc500c7a62b19024,1,0,0,0.8043984174728394,0.19560158252716064
PETS_CREDIT_high_eff_su2_r5_d6_b01__none,none,measurementguard_continuous,6992a9babb7ae6302cb5,1,0,0,0.8655044436454773,0.1344955861568451
PETS_CREDIT_high_eff_su2_r5_d6_b01__none,none,measurementguard_continuous,d1d396dc69ac0aeade66,1,0,0,0.8413453102111816,0.15865470468997955
PETS_CREDIT_high_eff_su2_r5_d6_b01__none,none,measurementguard_continuous,4def6ca8e27be84aeb54,1,0,0,0.8897914886474609,0.11020856350660324
PETS_CREDIT_high_eff_su2_r5_d6_b01__none,none,measurementguard_continuous,d46f8b9f4d57f90db615,1,1,0,0.9016927480697632,0.0983072966337204
PETS_CREDIT_high_eff_su2_r5_d6_b01__none,none,measurementguard_continuous,347bd04364dce3c5342e,1,0,0,0.8920009732246399,0.1079990491271019
PETS_CREDIT_high_eff_su2_r5_d6_b01__none,none,measurementguard_continuous,32babcc385bd70eddb90,1,1,0,0.773520290851593,0.22647973895072937
PETS_CREDIT_high_eff_su2_r5_d6_b01__none,none,measurementguard_continuous,0772d1e68bccea98e68f,1,0,1,0.1542825996875763,0.8457174301147461
PETS_CREDIT_high_eff_su2_r5_d6_b01__none,none,measurementguard_continuous,72bf8a475d5aa5538cd3,1,0,0,0.7314053177833557,0.2685947120189667
PETS_CREDIT_high_eff_su2_r5_d6_b01__none,none,measurementguard_continuous,092efc45ab978715a8fa,1,0,0,0.8940842747688293,0.10591570287942886
PETS_CREDIT_high_eff_su2_r5_d6_b01__none,none,measurementguard_continuous,25bed8f88a506c4cc366,1,1,0,0.8677554130554199,0.13224463164806366
PETS_CREDIT_high_eff_su2_r5_d6_b01__none,none,measurementguard_continuous,c8a7bd1cd35ba1e89b80,1,0,0,0.8535603284835815,0.14643967151641846
PETS_CREDIT_high_eff_su2_r5_d6_b01__none,none,measurementguard_continuous,073dbbd888ef767c75de,1,0,0,0.8977451324462891,0.10225488990545273
PETS_CREDIT_high_eff_su2_r5_d6_b01__none,none,measurementguard_continuous,8f95586c1c6fb3f2a750,1,1,0,0.8265172839164734,0.173482745885849
PETS_CREDIT_high_eff_su2_r5_d6_b01__none,none,measurementguard_continuous,c75c31af2389cc3a594f,1,0,0,0.9024038910865784,0.09759613871574402
PETS_CREDIT_high_eff_su2_r5_d6_b01__none,none,measurementguard_continuous,bd6c7e8fd4e7879e23df,1,0,0,0.7421088814735413,0.25789111852645874
PETS_CREDIT_high_eff_su2_r5_d6_b01__none,none,measurementguard_continuous,072f10d00d9156aab9f2,1,0,0,0.869451642036438,0.1305483728647232
PETS_CREDIT_high_eff_su2_r5_d6_b01__none,none,measurementguard_continuous,82d40bd4122f5c76cdfb,1,0,0,0.7320488095283508,0.26795122027397156
PETS_CREDIT_high_eff_su2_r5_d6_b01__none,none,measurementguard_continuous,81817fc85a01b1cc7dcf,1,0,0,0.7835571765899658,0.21644282341003418
PETS_CREDIT_high_eff_su2_r5_d6_b01__none,none,measurementguard_continuous,d75c3e52dbcaf5a5ec2a,1,0,0,0.7422233819961548,0.2577766478061676
PETS_CREDIT_high_eff_su2_r5_d6_b01__none,none,measurementguard_continuous,e0cf68ff7b13424759c5,1,1,1,0.14873452484607697,0.8512654900550842
PETS_CREDIT_high_eff_su2_r5_d6_b01__none,none,measurementguard_continuous,92516ca36411fad7d9c9,1,0,0,0.8562444448471069,0.14375559985637665
PETS_CREDIT_high_eff_su2_r5_d6_b01__none,none,measurementguard_continuous,1dd9f8371cdcaa1758b3,1,0,0,0.7651209235191345,0.23487912118434906
PETS_CREDIT_high_eff_su2_r5_d6_b01__none,none,measurementguard_continuous,a4fc6b0808359418c098,1,0,0,0.8986607789993286,0.10133923590183258
PETS_CREDIT_high_eff_su2_r5_d6_b01__none,none,measurementguard_continuous,e07f107ec2deef516f4f,1,0,0,0.7553976774215698,0.24460230767726898
PETS_CREDIT_high_eff_su2_r5_d6_b01__none,none,measurementguard_continuous,7311863aa70952806ffc,1,0,0,0.8932223916053772,0.10677763819694519
PETS_CREDIT_high_eff_su2_r5_d6_b01__none,none,measurementguard_continuous,eb849709f12c60edd50b,1,1,0,0.7418434023857117,0.25815656781196594
PETS_CREDIT_high_eff_su2_r5_d6_b01__none,none,measurementguard_continuous,0a09121dee0e5db09dfe,1,1,0,0.7975929379463196,0.2024070769548416
PETS_CREDIT_high_eff_su2_r5_d6_b01__none,none,measurementguard_continuous,29a333df83b13ef7fea3,1,0,0,0.9009131789207458,0.09908681362867355
PETS_CREDIT_high_eff_su2_r5_d6_b01__none,none,measurementguard_continuous,b84ff32b3c14263b0dd5,1,1,1,0.19213280081748962,0.8078672289848328
PETS_CREDIT_high_eff_su2_r5_d6_b01__none,none,measurementguard_continuous,ae1704e8283a10912765,1,0,0,0.8965089321136475,0.10349105298519135
PETS_CREDIT_high_eff_su2_r5_d6_b01__none,none,measurementguard_continuous,78edbc6916b12b570866,1,0,0,0.8317415714263916,0.168258398771286
PETS_CREDIT_high_eff_su2_r5_d6_b01__none,none,measurementguard_continuous,196d92dfff0523a23237,1,1,0,0.826607882976532,0.1733921319246292
PETS_CREDIT_high_eff_su2_r5_d6_b01__none,none,measurementguard_continuous,c0daa10532a8487ca803,1,1,0,0.8335542678833008,0.1664457619190216
PETS_CREDIT_high_eff_su2_r5_d6_b01__none,none,measurementguard_continuous,a5b1091e7ec67f7a06ed,1,0,0,0.8988233804702759,0.10117661952972412
PETS_CREDIT_high_eff_su2_r5_d6_b01__none,none,measurementguard_continuous,bfa7b1aca5d187760a16,1,0,0,0.8545352816581726,0.1454647332429886
PETS_CREDIT_high_eff_su2_r5_d6_b01__none,none,measurementguard_continuous,39f8154e08ad72170108,1,0,0,0.8032658696174622,0.19673418998718262
PETS_CREDIT_high_eff_su2_r5_d6_b01__none,none,measurementguard_continuous,2379dd478643b9cc0bc1,1,0,0,0.9007314443588257,0.09926857799291611
PETS_CREDIT_high_eff_su2_r5_d6_b01__none,none,measurementguard_continuous,418dd0dffa2f4aacf5a8,1,0,0,0.8089702129364014,0.19102977216243744
PETS_CREDIT_high_eff_su2_r5_d6_b01__none,none,measurementguard_continuous,26b6a5da65cdaeb8e184,1,0,0,0.8651843667030334,0.13481566309928894
PETS_CREDIT_high_eff_su2_r5_d6_b01__none,none,measurementguard_continuous,c50e57ca37a497df3a13,1,0,0,0.8733653426170349,0.12663467228412628
PETS_CREDIT_high_eff_su2_r5_d6_b01__none,none,measurementguard_continuous,0ec364cc4624f409f87e,1,1,0,0.8362177014350891,0.16378231346607208
PETS_CREDIT_high_eff_su2_r5_d6_b01__none,none,measurementguard_continuous,49b15e9ec4784be42cd2,1,0,0,0.8044541478157043,0.19554585218429565
PETS_CREDIT_high_eff_su2_r5_d6_b01__none,none,measurementguard_continuous,ce8a11f272895da8cd7f,1,0,0,0.7772897481918335,0.2227102816104889
PETS_CREDIT_high_eff_su2_r5_d6_b01__none,none,measurementguard_continuous,f929be357f68bdda4236,1,0,0,0.8842357397079468,0.11576426029205322
PETS_CREDIT_high_eff_su2_r5_d6_b01__none,none,measurementguard_continuous,619b46d6086e6aad3d84,1,0,0,0.838998019695282,0.1610019952058792
PETS_CREDIT_high_eff_su2_r5_d6_b01__none,none,measurementguard_continuous,c91e3b5a028c06ad1f92,1,0,0,0.8136358857154846,0.18636414408683777
PETS_CREDIT_high_eff_su2_r5_d6_b01__none,none,measurementguard_continuous,f640cb068a6e0cafd8f7,1,0,0,0.8526748418807983,0.14732512831687927
PETS_CREDIT_high_eff_su2_r5_d6_b01__none,none,measurementguard_continuous,a1b01a469dc7802f51d3,1,0,0,0.745618999004364,0.2543810307979584
PETS_CREDIT_high_eff_su2_r5_d6_b01__none,none,measurementguard_continuous,5cb75d859aa2d3df94b0,1,0,0,0.8013682961463928,0.19863170385360718
PETS_CREDIT_high_eff_su2_r5_d6_b01__none,none,measurementguard_continuous,5e48c11768cb070aefe6,1,1,1,0.2603943347930908,0.739605724811554
PETS_CREDIT_high_eff_su2_r5_d6_b01__none,none,measurementguard_continuous,3ac7ac4bc65a6ffec899,1,0,0,0.8385152220726013,0.1614847630262375
PETS_CREDIT_high_eff_su2_r5_d6_b01__none,none,measurementguard_continuous,ac5f40db5db91c18a83b,1,1,1,0.26649463176727295,0.733505368232727
PETS_CREDIT_high_eff_su2_r5_d6_b01__none,none,measurementguard_continuous,973b363916938dbaaf31,1,0,0,0.7818788886070251,0.21812108159065247
PETS_CREDIT_high_eff_su2_r5_d6_b01__none,none,measurementguard_continuous,df16a30c67111933fccc,1,0,0,0.8278909921646118,0.17210903763771057
PETS_CREDIT_high_eff_su2_r5_d6_b01__none,none,measurementguard_continuous,402e2e33d278085f817f,1,0,0,0.7738275527954102,0.22617244720458984
PETS_CREDIT_high_eff_su2_r5_d6_b01__none,none,measurementguard_continuous,a62d80fa1349c54517ce,1,1,0,0.842509925365448,0.1574900895357132
PETS_CREDIT_high_eff_su2_r5_d6_b01__none,none,measurementguard_continuous,d9170d275d5e05922e82,1,0,0,0.86695796251297,0.13304205238819122
PETS_CREDIT_high_eff_su2_r5_d6_b01__none,none,measurementguard_continuous,01743ddf295d8f6b5a46,1,0,0,0.7556595206260681,0.24434047937393188
PETS_CREDIT_high_eff_su2_r5_d6_b01__none,none,measurementguard_continuous,e030c0aa4ae0f1011f2f,1,0,0,0.7650545835494995,0.23494544625282288
PETS_CREDIT_high_eff_su2_r5_d6_b01__none,none,measurementguard_continuous,bf465d63c434358f77e4,1,0,0,0.8851342797279358,0.1148657351732254
PETS_CREDIT_high_eff_su2_r5_d6_b01__none,none,measurementguard_continuous,9eb158e3cbe5bc901e26,1,1,1,0.1388782560825348,0.8611217737197876
PETS_CREDIT_high_eff_su2_r5_d6_b01__none,none,measurementguard_continuous,a6dfd0dc4ba32e6c00e6,1,0,0,0.8607674837112427,0.13923251628875732
PETS_CREDIT_high_eff_su2_r5_d6_b01__none,none,measurementguard_continuous,a5628044ec0880a52490,1,0,0,0.8983297944068909,0.10167022794485092
PETS_CREDIT_high_eff_su2_r5_d6_b01__none,none,measurementguard_continuous,4cfea97c73e6dbfbc698,1,0,0,0.7389618754386902,0.2610381245613098
PETS_CREDIT_high_eff_su2_r5_d6_b01__none,none,measurementguard_continuous,006df97946d214e0111f,1,0,0,0.8720535039901733,0.12794652581214905
PETS_CREDIT_high_eff_su2_r5_d6_b01__none,none,measurementguard_continuous,75e559f2a9928f47e4ef,1,0,0,0.7413082122802734,0.25869184732437134
PETS_CREDIT_high_eff_su2_r5_d6_b01__none,none,measurementguard_continuous,526cee77dcfea7ee8138,1,1,1,0.11318212747573853,0.8868178725242615
PETS_CREDIT_high_eff_su2_r5_d6_b01__none,none,measurementguard_continuous,2c2eb339de59d2b86f66,1,1,1,0.10801250487565994,0.8919875025749207
PETS_CREDIT_high_eff_su2_r5_d6_b01__none,none,measurementguard_continuous,fbbb0f469e10095b9cc1,1,0,0,0.8030221462249756,0.19697777926921844
PETS_CREDIT_high_eff_su2_r5_d6_b01__none,none,measurementguard_continuous,c2f9d20d5b53c00ef5f4,1,0,0,0.742642343044281,0.2573576271533966
PETS_CREDIT_high_eff_su2_r5_d6_b01__none,none,measurementguard_continuous,1313972ddf1c6e9eb2c9,1,0,0,0.8364653587341309,0.16353462636470795
PETS_CREDIT_high_eff_su2_r5_d6_b01__none,none,measurementguard_continuous,775e0bc8a00b354d7d21,0,0,0,0.877086877822876,0.12291309982538223
PETS_CREDIT_high_eff_su2_r5_d6_b01__none,none,measurementguard_continuous,19eaeaae64289dba8ce8,0,0,0,0.8738740682601929,0.12612596154212952
PETS_CREDIT_high_eff_su2_r5_d6_b01__none,none,measurementguard_continuous,af85096b9d68ea111a40,0,0,0,0.8442457318305969,0.15575425326824188
PETS_CREDIT_high_eff_su2_r5_d6_b01__none,none,measurementguard_continuous,eb58b2ec144b95696995,0,0,0,0.8317190408706665,0.16828098893165588
PETS_CREDIT_high_eff_su2_r5_d6_b01__none,none,measurementguard_continuous,c87adcad5c5b8bacab20,0,0,0,0.870931088924408,0.12906888127326965
PETS_CREDIT_high_eff_su2_r5_d6_b01__none,none,measurementguard_continuous,8b38dcbabda11b315cba,0,1,0,0.8709918856620789,0.12900811433792114
PETS_CREDIT_high_eff_su2_r5_d6_b01__none,none,measurementguard_continuous,46cf73574cd89d5b0a38,0,0,0,0.7472419142723083,0.25275811553001404
PETS_CREDIT_high_eff_su2_r5_d6_b01__none,none,measurementguard_continuous,f1d5fbea8d8fc197f689,0,1,0,0.8303122520446777,0.16968780755996704
PETS_CREDIT_high_eff_su2_r5_d6_b01__none,none,measurementguard_continuous,0ccf866b02ec9d1e0e17,0,1,1,0.15658703446388245,0.8434129953384399
PETS_CREDIT_high_eff_su2_r5_d6_b01__none,none,measurementguard_continuous,3bb90fb9f41d8cd780fb,0,0,0,0.8249146342277527,0.17508533596992493
PETS_CREDIT_high_eff_su2_r5_d6_b01__none,none,measurementguard_continuous,b1bdd9f125cf64d76133,0,0,0,0.7803059220314026,0.21969406306743622
PETS_CREDIT_high_eff_su2_r5_d6_b01__none,none,measurementguard_continuous,eb21418ddcffa69cc01e,0,0,0,0.8853403925895691,0.11465959995985031
PETS_CREDIT_high_eff_su2_r5_d6_b01__none,none,measurementguard_continuous,512bf5d49257f12e0379,0,0,0,0.8921588063240051,0.10784120112657547
PETS_CREDIT_high_eff_su2_r5_d6_b01__none,none,measurementguard_continuous,6feab55c27ef6fd8098c,0,0,0,0.8211501240730286,0.17884984612464905
PETS_CREDIT_high_eff_su2_r5_d6_b01__none,none,measurementguard_continuous,05d5b5a237e6011985dc,0,0,0,0.8365060091018677,0.16349400579929352
PETS_CREDIT_high_eff_su2_r5_d6_b01__none,none,measurementguard_continuous,508544f059d9966fa4fd,0,1,0,0.8487326502799988,0.15126731991767883
PETS_CREDIT_high_eff_su2_r5_d6_b01__none,none,measurementguard_continuous,02b75fde595a1ffcf156,0,0,0,0.7724296450614929,0.22757038474082947
PETS_CREDIT_high_eff_su2_r5_d6_b01__none,none,measurementguard_continuous,3a50f7141ac819d29be9,0,0,0,0.7570458054542542,0.24295423924922943
PETS_CREDIT_high_eff_su2_r5_d6_b01__none,none,measurementguard_continuous,76e22647644159c9f31f,0,0,0,0.8878393769264221,0.11216064542531967
PETS_CREDIT_high_eff_su2_r5_d6_b01__none,none,measurementguard_continuous,ded01dd09f53e3f3edc7,0,1,0,0.7567311525344849,0.24326877295970917
PETS_CREDIT_high_eff_su2_r5_d6_b01__none,none,measurementguard_continuous,516fe3ca66f5f580688d,0,0,1,0.18930703401565552,0.8106929659843445
PETS_CREDIT_high_eff_su2_r5_d6_b01__none,none,measurementguard_continuous,7dbb07f72b26cae53e10,0,0,0,0.7992638349533081,0.2007361501455307
PETS_CREDIT_high_eff_su2_r5_d6_b01__none,none,measurementguard_continuous,65e0c3d4f1bee9081f1e,0,0,0,0.8193519711494446,0.1806480437517166
PETS_CREDIT_high_eff_su2_r5_d6_b01__none,none,measurementguard_continuous,05cfc0ff414af47c03a5,0,0,0,0.7984050512313843,0.20159491896629333
PETS_CREDIT_high_eff_su2_r5_d6_b01__none,none,measurementguard_continuous,ada868403e0aacd584e1,0,0,0,0.8763867020606995,0.12361326813697815
PETS_CREDIT_high_eff_su2_r5_d6_b01__none,none,measurementguard_continuous,4007b1ad7da10c650d44,0,0,0,0.8135766386985779,0.18642336130142212
PETS_CREDIT_high_eff_su2_r5_d6_b01__none,none,measurementguard_continuous,d31cd7debcfc574857b7,0,0,0,0.7735365629196167,0.2264634072780609
PETS_CREDIT_high_eff_su2_r5_d6_b01__none,none,measurementguard_continuous,5e54efebb9b29b940c99,0,0,0,0.8768305778503418,0.1231694146990776
PETS_CREDIT_high_eff_su2_r5_d6_b01__none,none,measurementguard_continuous,454315dad33a268150e0,0,0,0,0.7594761252403259,0.24052388966083527
PETS_CREDIT_high_eff_su2_r5_d6_b01__none,none,measurementguard_continuous,b224dfc19404bbda9ee4,0,0,0,0.882324755191803,0.11767525225877762
PETS_CREDIT_high_eff_su2_r5_d6_b01__none,none,measurementguard_continuous,bbee22d3ea243b98e36f,0,0,1,0.20827624201774597,0.7917237877845764
PETS_CREDIT_high_eff_su2_r5_d6_b01__none,none,measurementguard_continuous,53501233f30eb80e8d05,0,0,0,0.8468014597892761,0.15319857001304626
PETS_CREDIT_high_eff_su2_r5_d6_b01__none,none,measurementguard_continuous,d988f293d7bb6d4a8ab7,0,1,0,0.7366736531257629,0.26332634687423706
PETS_CREDIT_high_eff_su2_r5_d6_b01__none,none,measurementguard_continuous,545cb2ecd34d5146e49a,0,0,0,0.7369754910469055,0.2630244791507721
PETS_CREDIT_high_eff_su2_r5_d6_b01__none,none,measurementguard_continuous,fedc0dc11aeb9674f49a,0,1,1,0.21774189174175262,0.7822580933570862
PETS_CREDIT_high_eff_su2_r5_d6_b01__none,none,measurementguard_continuous,838fb6514f9d13f5f89a,0,0,0,0.8807873129844666,0.11921270191669464
PETS_CREDIT_high_eff_su2_r5_d6_b01__none,none,measurementguard_continuous,a024fa1846e4335ade36,0,0,0,0.8662441372871399,0.13375583291053772
PETS_CREDIT_high_eff_su2_r5_d6_b01__none,none,measurementguard_continuous,dd5f176581699325a9b1,0,0,0,0.7595402598381042,0.24045976996421814
PETS_CREDIT_high_eff_su2_r5_d6_b01__none,none,measurementguard_continuous,45b2f42889463dbbbda3,0,1,1,0.21125458180904388,0.7887454032897949
PETS_CREDIT_high_eff_su2_r5_d6_b01__none,none,measurementguard_continuous,5c479147049976461a13,0,0,1,0.1601182371377945,0.8398817777633667
PETS_CREDIT_high_eff_su2_r5_d6_b01__none,none,measurementguard_continuous,5ff6b7662bfef65ea0bd,0,0,0,0.8922532200813293,0.10774675011634827
PETS_CREDIT_high_eff_su2_r5_d6_b01__none,none,measurementguard_continuous,f83af86a0376fc684202,0,1,0,0.8340014219284058,0.16599862277507782
PETS_CREDIT_high_eff_su2_r5_d6_b01__none,none,measurementguard_continuous,49ba0900d21d03ea42a9,0,0,0,0.8836966753005981,0.11630333214998245
PETS_CREDIT_high_eff_su2_r5_d6_b01__none,none,measurementguard_continuous,d7c5bc379679e38af136,0,0,0,0.8084511756896973,0.19154880940914154
PETS_CREDIT_high_eff_su2_r5_d6_b01__none,none,measurementguard_continuous,1de5fd2a3f26ba72a9c1,0,0,0,0.8720685839653015,0.1279314160346985
PETS_CREDIT_high_eff_su2_r5_d6_b01__none,none,measurementguard_continuous,9905912b0d924a7b3ca5,0,0,0,0.8913297653198242,0.10867026448249817
PETS_CREDIT_high_eff_su2_r5_d6_b01__none,none,measurementguard_continuous,a0c6458763e7f0d7b722,0,0,0,0.8870859742164612,0.11291401088237762
PETS_CREDIT_high_eff_su2_r5_d6_b01__none,none,measurementguard_continuous,6146ee4e50398bd2590b,0,0,0,0.7937086224555969,0.2062913477420807
PETS_CREDIT_high_eff_su2_r5_d6_b01__none,none,measurementguard_continuous,c4c052470c6698896a64,0,1,0,0.7377978563308716,0.2622021734714508
PETS_CREDIT_high_eff_su2_r5_d6_b01__none,none,measurementguard_continuous,d4f5d45b61b7bb9d81d2,0,0,0,0.7778269052505493,0.22217312455177307
PETS_CREDIT_high_eff_su2_r5_d6_b01__none,none,measurementguard_continuous,8b2149d6d65d7dff0391,0,0,0,0.8419901132583618,0.15800988674163818
PETS_CREDIT_high_eff_su2_r5_d6_b01__none,none,measurementguard_continuous,2f0ee475d6ce6c987db1,0,0,0,0.8724139928817749,0.1275860220193863
PETS_CREDIT_high_eff_su2_r5_d6_b01__none,none,measurementguard_continuous,9e70744c580dba073780,0,0,0,0.8737542629241943,0.12624572217464447
PETS_CREDIT_high_eff_su2_r5_d6_b01__none,none,measurementguard_continuous,2c3b25125281e8e5ea14,0,0,0,0.8020454049110413,0.19795460999011993
PETS_CREDIT_high_eff_su2_r5_d6_b01__none,none,measurementguard_continuous,d324c41c466449fc77a4,0,1,1,0.1914878785610199,0.8085121512413025
PETS_CREDIT_high_eff_su2_r5_d6_b01__none,none,measurementguard_continuous,b2afd8ac93139c6436ca,0,1,0,0.8695310950279236,0.13046889007091522
PETS_CREDIT_high_eff_su2_r5_d6_b01__none,none,measurementguard_continuous,f0873fcaa4725b7b28fd,0,0,0,0.9011386036872864,0.0988614410161972
PETS_CREDIT_high_eff_su2_r5_d6_b01__none,none,measurementguard_continuous,33f2ea1bb1c7d6a437bf,0,1,1,0.16863170266151428,0.8313683271408081
PETS_CREDIT_high_eff_su2_r5_d6_b01__none,none,measurementguard_continuous,63426de2bcac10c978ef,0,0,0,0.8896702527999878,0.110329769551754
PETS_CREDIT_high_eff_su2_r5_d6_b01__none,none,measurementguard_continuous,6083c35ef0dd27c47f39,0,0,0,0.8775762319564819,0.12242376059293747
PETS_CREDIT_high_eff_su2_r5_d6_b01__none,none,measurementguard_continuous,9ac4b9bb1cccbe8c8162,0,1,0,0.7434772849082947,0.2565227150917053
PETS_CREDIT_high_eff_su2_r5_d6_b01__none,none,measurementguard_continuous,15e0146e9b8967882d3c,0,1,1,0.14254038035869598,0.8574596047401428
PETS_CREDIT_high_eff_su2_r5_d6_b01__none,none,measurementguard_continuous,37dc9fbd1cc1b8e7aeec,0,0,0,0.7555596232414246,0.24444036185741425
PETS_CREDIT_high_eff_su2_r5_d6_b01__none,none,measurementguard_continuous,9e00c9a73f8502e1beb6,0,0,0,0.8844009041786194,0.1155991405248642
PETS_CREDIT_high_eff_su2_r5_d6_b01__none,none,measurementguard_continuous,91f87ca67e3c04007486,0,0,0,0.8736729621887207,0.12632706761360168
PETS_CREDIT_high_eff_su2_r5_d6_b01__none,none,measurementguard_continuous,c6f44b9c0cc7a4317767,0,0,0,0.8294352889060974,0.17056472599506378
PETS_CREDIT_high_eff_su2_r5_d6_b01__none,none,measurementguard_continuous,cd6bf5351920ef71b772,0,0,0,0.8222475647926331,0.17775249481201172
PETS_CREDIT_high_eff_su2_r5_d6_b01__none,none,measurementguard_continuous,8dcf26c9f074a4b5de0e,0,0,0,0.8693323135375977,0.13066771626472473
PETS_CREDIT_high_eff_su2_r5_d6_b01__none,none,measurementguard_continuous,de98a8baab2807797bb8,0,0,0,0.8926347494125366,0.10736529529094696
PETS_CREDIT_high_eff_su2_r5_d6_b01__none,none,measurementguard_continuous,f28c583d896798880d4b,0,1,1,0.19004258513450623,0.8099573850631714
PETS_CREDIT_high_eff_su2_r5_d6_b01__none,none,measurementguard_continuous,ac56169f19bc768a992f,0,0,0,0.8875473737716675,0.11245264858007431
PETS_CREDIT_high_eff_su2_r5_d6_b01__none,none,measurementguard_continuous,3921b288ed88010b2bd2,0,0,0,0.7801564335823059,0.2198435366153717
PETS_CREDIT_high_eff_su2_r5_d6_b01__none,none,measurementguard_continuous,0988ebf7cfaacc632363,0,0,0,0.8185582756996155,0.18144170939922333
PETS_CREDIT_high_eff_su2_r5_d6_b01__none,none,measurementguard_continuous,19f22c4a26ede80db5bc,0,0,0,0.8750983476638794,0.12490163743495941
PETS_CREDIT_high_eff_su2_r5_d6_b01__none,none,measurementguard_continuous,96c64f83677ec33bce29,0,0,0,0.7926511764526367,0.20734885334968567
PETS_CREDIT_high_eff_su2_r5_d6_b01__none,none,measurementguard_continuous,9843ca85067735c6a50c,0,0,1,0.2124190330505371,0.7875809669494629
PETS_CREDIT_high_eff_su2_r5_d6_b01__none,none,measurementguard_continuous,12ef83c14d018f8929c0,0,0,0,0.8713639974594116,0.12863600254058838
PETS_CREDIT_high_eff_su2_r5_d6_b01__none,none,measurementguard_continuous,9b5637baba30c32741f7,0,0,0,0.7915177941322327,0.20848220586776733
PETS_CREDIT_high_eff_su2_r5_d6_b01__none,none,measurementguard_continuous,82ebd78d69582401b822,0,1,0,0.78302401304245,0.21697597205638885
PETS_CREDIT_high_eff_su2_r5_d6_b01__none,none,measurementguard_continuous,c154986c4ac0e18baa8e,0,0,0,0.743371844291687,0.2566281855106354
PETS_CREDIT_high_eff_su2_r5_d6_b01__none,none,measurementguard_continuous,5c1eaee6580358b55afc,0,1,0,0.7384710907936096,0.261528879404068
PETS_CREDIT_high_eff_su2_r5_d6_b01__none,none,measurementguard_continuous,cb251470deed8436762a,0,0,0,0.8924564123153687,0.10754361748695374
PETS_CREDIT_high_eff_su2_r5_d6_b01__none,none,measurementguard_continuous,da5f5efb7790004fff98,0,0,0,0.7883679270744324,0.21163210272789001
PETS_CREDIT_high_eff_su2_r5_d6_b01__none,none,measurementguard_continuous,a1971c19af6fbce2a2b8,0,0,0,0.8495234251022339,0.15047655999660492
PETS_CREDIT_high_eff_su2_r5_d6_b01__none,none,measurementguard_continuous,f88c75f25b6e20b11d53,0,1,1,0.2518385946750641,0.7481613755226135
PETS_CREDIT_high_eff_su2_r5_d6_b01__none,none,measurementguard_continuous,625fbebab124d6b6cfe9,0,0,0,0.8480110168457031,0.15198899805545807
PETS_CREDIT_high_eff_su2_r5_d6_b01__none,none,measurementguard_continuous,aad721f07309f09ae48b,0,0,0,0.8773221969604492,0.12267783284187317
PETS_CREDIT_high_eff_su2_r5_d6_b01__none,none,measurementguard_continuous,3e5959b02df8356effc1,0,0,0,0.8262119293212891,0.17378808557987213
PETS_CREDIT_high_eff_su2_r5_d6_b01__none,none,measurementguard_continuous,13bc0e5e62e93ee9e11f,0,0,0,0.8902677893638611,0.10973221063613892
PETS_CREDIT_high_eff_su2_r5_d6_b01__none,none,measurementguard_continuous,d4552063b883befa7f1f,0,1,0,0.7956148982048035,0.20438508689403534
PETS_CREDIT_high_eff_su2_r5_d6_b01__none,none,measurementguard_continuous,9737e13af29b3e71e58d,0,0,0,0.8207586407661438,0.1792413294315338
PETS_CREDIT_high_eff_su2_r5_d6_b01__none,none,measurementguard_continuous,65878445affdd2869314,0,0,0,0.7387980222702026,0.26120203733444214
PETS_CREDIT_high_eff_su2_r5_d6_b01__none,none,measurementguard_continuous,c9b4e83642e08382f4a6,0,0,0,0.7339760661125183,0.2660239040851593
PETS_CREDIT_high_eff_su2_r5_d6_b01__none,none,measurementguard_continuous,e68ff9c46623f5834b2a,0,0,0,0.8084439039230347,0.19155608117580414
PETS_CREDIT_high_eff_su2_r5_d6_b01__none,none,measurementguard_continuous,ee145a9d7a0dd082d343,0,0,0,0.7718048691749573,0.22819514572620392
PETS_CREDIT_high_eff_su2_r5_d6_b01__none,none,measurementguard_continuous,8b77bc8a325b32f8d38a,0,1,0,0.896883487701416,0.10311651974916458
PETS_CREDIT_high_eff_su2_r5_d6_b01__none,none,measurementguard_continuous,15902995b3e0e8fdafb5,0,1,0,0.782339870929718,0.21766012907028198
PETS_CREDIT_high_eff_su2_r5_d6_b01__none,none,measurementguard_continuous,442418c1ce6eee466e66,0,0,0,0.7708306908607483,0.2291693538427353
PETS_CREDIT_high_eff_su2_r5_d6_b01__none,none,measurementguard_continuous,cdbf66466c43de4d3398,0,0,0,0.805412232875824,0.19458776712417603
PETS_CREDIT_high_eff_su2_r5_d6_b01__none,none,measurementguard_continuous,d219a9acadf7d11fea78,0,0,0,0.8715536594390869,0.12844634056091309
PETS_CREDIT_high_eff_su2_r5_d6_b01__none,none,lattice_round,eaab06e0e9770f0cb322,1,0,0,0.7471193075180054,0.252880722284317
PETS_CREDIT_high_eff_su2_r5_d6_b01__none,none,lattice_round,883a42269d6847aec70c,1,0,0,0.6392883062362671,0.3607116639614105
PETS_CREDIT_high_eff_su2_r5_d6_b01__none,none,lattice_round,6bf07a3ff23f9e3249c5,1,0,0,0.921290934085846,0.07870908826589584
PETS_CREDIT_high_eff_su2_r5_d6_b01__none,none,lattice_round,272c38b1ecd099be7890,1,0,0,0.905279815196991,0.09472017735242844
PETS_CREDIT_high_eff_su2_r5_d6_b01__none,none,lattice_round,f2a589817382059b0dcc,1,0,0,0.622431755065918,0.37756824493408203
PETS_CREDIT_high_eff_su2_r5_d6_b01__none,none,lattice_round,ab97fae957e08270ffce,1,1,1,0.17855675518512726,0.8214432597160339
PETS_CREDIT_high_eff_su2_r5_d6_b01__none,none,lattice_round,0674ce029ebb21d32e38,1,0,0,0.8856513500213623,0.1143486350774765
PETS_CREDIT_high_eff_su2_r5_d6_b01__none,none,lattice_round,a9752ae3047aff503fb3,1,1,0,0.8593719601631165,0.14062802493572235
PETS_CREDIT_high_eff_su2_r5_d6_b01__none,none,lattice_round,5b7629cbd1fb6e879520,1,1,0,0.7970864772796631,0.20291349291801453
PETS_CREDIT_high_eff_su2_r5_d6_b01__none,none,lattice_round,4dde24d981dd8981f71f,1,0,0,0.9862236380577087,0.013776309788227081
PETS_CREDIT_high_eff_su2_r5_d6_b01__none,none,lattice_round,4df4658f2eb41564da87,1,0,0,0.8736403584480286,0.12635967135429382
PETS_CREDIT_high_eff_su2_r5_d6_b01__none,none,lattice_round,ab00e756b29c98fd6674,1,0,0,0.5173562169075012,0.4826437532901764
PETS_CREDIT_high_eff_su2_r5_d6_b01__none,none,lattice_round,69ef03b5c6f4f7ecef33,1,0,0,0.8651823997497559,0.13481757044792175
PETS_CREDIT_high_eff_su2_r5_d6_b01__none,none,lattice_round,dba69027df0122535f19,1,0,0,0.9651894569396973,0.03481055423617363
PETS_CREDIT_high_eff_su2_r5_d6_b01__none,none,lattice_round,cbd912351cdbc83a9184,1,0,1,0.27387842535972595,0.7261215448379517
PETS_CREDIT_high_eff_su2_r5_d6_b01__none,none,lattice_round,7be2869c238aa35d440a,1,1,0,0.6975419521331787,0.3024580776691437
PETS_CREDIT_high_eff_su2_r5_d6_b01__none,none,lattice_round,7ce1135db7560daf7e70,1,0,0,0.8321353793144226,0.167864590883255
PETS_CREDIT_high_eff_su2_r5_d6_b01__none,none,lattice_round,988a4b4dcb53bafffb01,1,0,0,0.7893088459968567,0.21069112420082092
PETS_CREDIT_high_eff_su2_r5_d6_b01__none,none,lattice_round,66fa33821884d4568b02,1,0,0,0.7558853626251221,0.24411462247371674
PETS_CREDIT_high_eff_su2_r5_d6_b01__none,none,lattice_round,f073d35785cf76f1409c,1,1,0,0.82430100440979,0.17569899559020996
PETS_CREDIT_high_eff_su2_r5_d6_b01__none,none,lattice_round,6c0e663b6848864dc914,1,0,0,0.5636128783226013,0.4363871216773987
PETS_CREDIT_high_eff_su2_r5_d6_b01__none,none,lattice_round,14865093b1485a5c3a41,1,0,0,0.9206424355506897,0.0793575718998909
PETS_CREDIT_high_eff_su2_r5_d6_b01__none,none,lattice_round,c4b2c9357254e51af6a9,1,0,0,0.7247241735458374,0.275275856256485
PETS_CREDIT_high_eff_su2_r5_d6_b01__none,none,lattice_round,b0f47ae4b56b3aa4d111,1,0,0,0.9798096418380737,0.020190328359603882
PETS_CREDIT_high_eff_su2_r5_d6_b01__none,none,lattice_round,f05df67fe5ac7ed38643,1,0,0,0.95841383934021,0.04158616065979004
PETS_CREDIT_high_eff_su2_r5_d6_b01__none,none,lattice_round,a55e4e1cd3465563efc4,1,0,0,0.9524863362312317,0.0475136935710907
PETS_CREDIT_high_eff_su2_r5_d6_b01__none,none,lattice_round,c9acdb61159286a4c2ce,1,0,0,0.7406466007232666,0.259353369474411
PETS_CREDIT_high_eff_su2_r5_d6_b01__none,none,lattice_round,6ea2a519a69c09016323,1,0,0,0.8888527154922485,0.11114732921123505
PETS_CREDIT_high_eff_su2_r5_d6_b01__none,none,lattice_round,f332cc500c7a62b19024,1,0,0,0.7970214486122131,0.20297856628894806
PETS_CREDIT_high_eff_su2_r5_d6_b01__none,none,lattice_round,6992a9babb7ae6302cb5,1,0,0,0.8656409382820129,0.13435909152030945
PETS_CREDIT_high_eff_su2_r5_d6_b01__none,none,lattice_round,d1d396dc69ac0aeade66,1,0,0,0.8290690779685974,0.1709309071302414
PETS_CREDIT_high_eff_su2_r5_d6_b01__none,none,lattice_round,4def6ca8e27be84aeb54,1,0,0,0.8934261202812195,0.10657387971878052
PETS_CREDIT_high_eff_su2_r5_d6_b01__none,none,lattice_round,d46f8b9f4d57f90db615,1,1,0,0.7091982364654541,0.2908017933368683
PETS_CREDIT_high_eff_su2_r5_d6_b01__none,none,lattice_round,347bd04364dce3c5342e,1,0,0,0.7060790061950684,0.29392102360725403
PETS_CREDIT_high_eff_su2_r5_d6_b01__none,none,lattice_round,32babcc385bd70eddb90,1,1,0,0.7699772715568542,0.23002272844314575
PETS_CREDIT_high_eff_su2_r5_d6_b01__none,none,lattice_round,0772d1e68bccea98e68f,1,0,1,0.383055180311203,0.6169448494911194
PETS_CREDIT_high_eff_su2_r5_d6_b01__none,none,lattice_round,72bf8a475d5aa5538cd3,1,0,0,0.9118719100952148,0.08812808245420456
PETS_CREDIT_high_eff_su2_r5_d6_b01__none,none,lattice_round,092efc45ab978715a8fa,1,0,0,0.894191324710846,0.10580870509147644
PETS_CREDIT_high_eff_su2_r5_d6_b01__none,none,lattice_round,25bed8f88a506c4cc366,1,1,0,0.6628963351249695,0.3371036946773529
PETS_CREDIT_high_eff_su2_r5_d6_b01__none,none,lattice_round,c8a7bd1cd35ba1e89b80,1,0,0,0.8537742495536804,0.14622576534748077
PETS_CREDIT_high_eff_su2_r5_d6_b01__none,none,lattice_round,073dbbd888ef767c75de,1,0,0,0.9697831273078918,0.030216895043849945
PETS_CREDIT_high_eff_su2_r5_d6_b01__none,none,lattice_round,8f95586c1c6fb3f2a750,1,1,0,0.5594396591186523,0.44056034088134766
PETS_CREDIT_high_eff_su2_r5_d6_b01__none,none,lattice_round,c75c31af2389cc3a594f,1,0,0,0.7263705134391785,0.2736295461654663
PETS_CREDIT_high_eff_su2_r5_d6_b01__none,none,lattice_round,bd6c7e8fd4e7879e23df,1,0,0,0.7347235679626465,0.2652764320373535
PETS_CREDIT_high_eff_su2_r5_d6_b01__none,none,lattice_round,072f10d00d9156aab9f2,1,0,0,0.8776549100875854,0.12234507501125336
PETS_CREDIT_high_eff_su2_r5_d6_b01__none,none,lattice_round,82d40bd4122f5c76cdfb,1,0,0,0.9028946161270142,0.09710540622472763
PETS_CREDIT_high_eff_su2_r5_d6_b01__none,none,lattice_round,81817fc85a01b1cc7dcf,1,0,0,0.9287874102592468,0.07121255993843079
PETS_CREDIT_high_eff_su2_r5_d6_b01__none,none,lattice_round,d75c3e52dbcaf5a5ec2a,1,0,0,0.7560155987739563,0.2439843714237213
PETS_CREDIT_high_eff_su2_r5_d6_b01__none,none,lattice_round,e0cf68ff7b13424759c5,1,1,1,0.143541619181633,0.8564583659172058
PETS_CREDIT_high_eff_su2_r5_d6_b01__none,none,lattice_round,92516ca36411fad7d9c9,1,0,0,0.8409425616264343,0.15905745327472687
PETS_CREDIT_high_eff_su2_r5_d6_b01__none,none,lattice_round,1dd9f8371cdcaa1758b3,1,0,0,0.7567315697669983,0.2432684451341629
PETS_CREDIT_high_eff_su2_r5_d6_b01__none,none,lattice_round,a4fc6b0808359418c098,1,0,0,0.968975841999054,0.031024130061268806
PETS_CREDIT_high_eff_su2_r5_d6_b01__none,none,lattice_round,e07f107ec2deef516f4f,1,0,0,0.9145994186401367,0.08540061861276627
PETS_CREDIT_high_eff_su2_r5_d6_b01__none,none,lattice_round,7311863aa70952806ffc,1,0,0,0.8923624753952026,0.10763745754957199
PETS_CREDIT_high_eff_su2_r5_d6_b01__none,none,lattice_round,eb849709f12c60edd50b,1,1,0,0.7434758543968201,0.25652414560317993
PETS_CREDIT_high_eff_su2_r5_d6_b01__none,none,lattice_round,0a09121dee0e5db09dfe,1,1,0,0.8035236597061157,0.19647635519504547
PETS_CREDIT_high_eff_su2_r5_d6_b01__none,none,lattice_round,29a333df83b13ef7fea3,1,0,0,0.8976420164108276,0.10235803574323654
PETS_CREDIT_high_eff_su2_r5_d6_b01__none,none,lattice_round,b84ff32b3c14263b0dd5,1,1,1,0.4745091199874878,0.525490939617157
PETS_CREDIT_high_eff_su2_r5_d6_b01__none,none,lattice_round,ae1704e8283a10912765,1,0,0,0.9683931469917297,0.03160688653588295
PETS_CREDIT_high_eff_su2_r5_d6_b01__none,none,lattice_round,78edbc6916b12b570866,1,0,0,0.5788710713386536,0.4211289882659912
PETS_CREDIT_high_eff_su2_r5_d6_b01__none,none,lattice_round,196d92dfff0523a23237,1,1,0,0.5898847579956055,0.41011524200439453
PETS_CREDIT_high_eff_su2_r5_d6_b01__none,none,lattice_round,c0daa10532a8487ca803,1,1,0,0.5869695544242859,0.4130304455757141
PETS_CREDIT_high_eff_su2_r5_d6_b01__none,none,lattice_round,a5b1091e7ec67f7a06ed,1,0,0,0.9038705229759216,0.09612951427698135
PETS_CREDIT_high_eff_su2_r5_d6_b01__none,none,lattice_round,bfa7b1aca5d187760a16,1,0,0,0.986894428730011,0.013105585239827633
PETS_CREDIT_high_eff_su2_r5_d6_b01__none,none,lattice_round,39f8154e08ad72170108,1,0,0,0.5453512072563171,0.45464879274368286
PETS_CREDIT_high_eff_su2_r5_d6_b01__none,none,lattice_round,2379dd478643b9cc0bc1,1,0,0,0.9715351462364197,0.02846486121416092
PETS_CREDIT_high_eff_su2_r5_d6_b01__none,none,lattice_round,418dd0dffa2f4aacf5a8,1,0,0,0.8098617792129517,0.19013825058937073
PETS_CREDIT_high_eff_su2_r5_d6_b01__none,none,lattice_round,26b6a5da65cdaeb8e184,1,0,0,0.8708640933036804,0.1291358768939972
PETS_CREDIT_high_eff_su2_r5_d6_b01__none,none,lattice_round,c50e57ca37a497df3a13,1,0,0,0.8749274015426636,0.12507264316082
PETS_CREDIT_high_eff_su2_r5_d6_b01__none,none,lattice_round,0ec364cc4624f409f87e,1,1,0,0.8310753703117371,0.16892459988594055
PETS_CREDIT_high_eff_su2_r5_d6_b01__none,none,lattice_round,49b15e9ec4784be42cd2,1,0,0,0.8144790530204773,0.1855209916830063
PETS_CREDIT_high_eff_su2_r5_d6_b01__none,none,lattice_round,ce8a11f272895da8cd7f,1,0,0,0.9772196412086487,0.02278032898902893
PETS_CREDIT_high_eff_su2_r5_d6_b01__none,none,lattice_round,f929be357f68bdda4236,1,0,0,0.960811197757721,0.03918881341814995
PETS_CREDIT_high_eff_su2_r5_d6_b01__none,none,lattice_round,619b46d6086e6aad3d84,1,0,0,0.9844197630882263,0.01558029092848301
PETS_CREDIT_high_eff_su2_r5_d6_b01__none,none,lattice_round,c91e3b5a028c06ad1f92,1,0,0,0.9391153454780579,0.06088468059897423
PETS_CREDIT_high_eff_su2_r5_d6_b01__none,none,lattice_round,f640cb068a6e0cafd8f7,1,0,0,0.8486834168434143,0.1513165980577469
PETS_CREDIT_high_eff_su2_r5_d6_b01__none,none,lattice_round,a1b01a469dc7802f51d3,1,0,0,0.7429284453392029,0.25707152485847473
PETS_CREDIT_high_eff_su2_r5_d6_b01__none,none,lattice_round,5cb75d859aa2d3df94b0,1,0,0,0.7940149903297424,0.20598500967025757
PETS_CREDIT_high_eff_su2_r5_d6_b01__none,none,lattice_round,5e48c11768cb070aefe6,1,1,1,0.24105076491832733,0.7589492201805115
PETS_CREDIT_high_eff_su2_r5_d6_b01__none,none,lattice_round,3ac7ac4bc65a6ffec899,1,0,0,0.9474594593048096,0.05254059284925461
PETS_CREDIT_high_eff_su2_r5_d6_b01__none,none,lattice_round,ac5f40db5db91c18a83b,1,1,1,0.2604063153266907,0.7395937442779541
PETS_CREDIT_high_eff_su2_r5_d6_b01__none,none,lattice_round,973b363916938dbaaf31,1,0,0,0.9781129360198975,0.02188708633184433
PETS_CREDIT_high_eff_su2_r5_d6_b01__none,none,lattice_round,df16a30c67111933fccc,1,0,0,0.983063817024231,0.016936209052801132
PETS_CREDIT_high_eff_su2_r5_d6_b01__none,none,lattice_round,402e2e33d278085f817f,1,0,0,0.925866961479187,0.07413306832313538
PETS_CREDIT_high_eff_su2_r5_d6_b01__none,none,lattice_round,a62d80fa1349c54517ce,1,1,0,0.6066003441810608,0.3933996856212616
PETS_CREDIT_high_eff_su2_r5_d6_b01__none,none,lattice_round,d9170d275d5e05922e82,1,0,0,0.8620972633361816,0.13790273666381836
PETS_CREDIT_high_eff_su2_r5_d6_b01__none,none,lattice_round,01743ddf295d8f6b5a46,1,0,0,0.9161143898963928,0.08388562500476837
PETS_CREDIT_high_eff_su2_r5_d6_b01__none,none,lattice_round,e030c0aa4ae0f1011f2f,1,0,0,0.7672856450080872,0.23271438479423523
PETS_CREDIT_high_eff_su2_r5_d6_b01__none,none,lattice_round,bf465d63c434358f77e4,1,0,0,0.8877474665641785,0.11225255578756332
PETS_CREDIT_high_eff_su2_r5_d6_b01__none,none,lattice_round,9eb158e3cbe5bc901e26,1,1,1,0.36878037452697754,0.6312196254730225
PETS_CREDIT_high_eff_su2_r5_d6_b01__none,none,lattice_round,a6dfd0dc4ba32e6c00e6,1,0,0,0.8592290878295898,0.14077094197273254
PETS_CREDIT_high_eff_su2_r5_d6_b01__none,none,lattice_round,a5628044ec0880a52490,1,0,0,0.9056797027587891,0.09432031959295273
PETS_CREDIT_high_eff_su2_r5_d6_b01__none,none,lattice_round,4cfea97c73e6dbfbc698,1,0,0,0.972661018371582,0.027338994666934013
PETS_CREDIT_high_eff_su2_r5_d6_b01__none,none,lattice_round,006df97946d214e0111f,1,0,0,0.6651528477668762,0.33484718203544617
PETS_CREDIT_high_eff_su2_r5_d6_b01__none,none,lattice_round,75e559f2a9928f47e4ef,1,0,0,0.9105331301689148,0.08946684002876282
PETS_CREDIT_high_eff_su2_r5_d6_b01__none,none,lattice_round,526cee77dcfea7ee8138,1,1,1,0.32930946350097656,0.6706905364990234
PETS_CREDIT_high_eff_su2_r5_d6_b01__none,none,lattice_round,2c2eb339de59d2b86f66,1,1,1,0.31143057346343994,0.6885694265365601
PETS_CREDIT_high_eff_su2_r5_d6_b01__none,none,lattice_round,fbbb0f469e10095b9cc1,1,0,0,0.9292571544647217,0.07074286043643951
PETS_CREDIT_high_eff_su2_r5_d6_b01__none,none,lattice_round,c2f9d20d5b53c00ef5f4,1,0,0,0.9108678102493286,0.08913224190473557
PETS_CREDIT_high_eff_su2_r5_d6_b01__none,none,lattice_round,1313972ddf1c6e9eb2c9,1,0,0,0.5896263718605042,0.41037362813949585
PETS_CREDIT_high_eff_su2_r5_d6_b01__none,none,lattice_round,775e0bc8a00b354d7d21,0,0,0,0.8802411556243896,0.11975885927677155
PETS_CREDIT_high_eff_su2_r5_d6_b01__none,none,lattice_round,19eaeaae64289dba8ce8,0,0,0,0.8604754209518433,0.13952454924583435
PETS_CREDIT_high_eff_su2_r5_d6_b01__none,none,lattice_round,af85096b9d68ea111a40,0,0,0,0.9498797655105591,0.050120264291763306
PETS_CREDIT_high_eff_su2_r5_d6_b01__none,none,lattice_round,eb58b2ec144b95696995,0,0,0,0.9483302235603333,0.05166979506611824
PETS_CREDIT_high_eff_su2_r5_d6_b01__none,none,lattice_round,c87adcad5c5b8bacab20,0,0,0,0.865572452545166,0.13442754745483398
PETS_CREDIT_high_eff_su2_r5_d6_b01__none,none,lattice_round,8b38dcbabda11b315cba,0,1,0,0.6406749486923218,0.359325110912323
PETS_CREDIT_high_eff_su2_r5_d6_b01__none,none,lattice_round,46cf73574cd89d5b0a38,0,0,0,0.9086907505989075,0.09130924195051193
PETS_CREDIT_high_eff_su2_r5_d6_b01__none,none,lattice_round,f1d5fbea8d8fc197f689,0,1,0,0.5833947658538818,0.41660526394844055
PETS_CREDIT_high_eff_su2_r5_d6_b01__none,none,lattice_round,0ccf866b02ec9d1e0e17,0,1,1,0.15907856822013855,0.8409214615821838
PETS_CREDIT_high_eff_su2_r5_d6_b01__none,none,lattice_round,3bb90fb9f41d8cd780fb,0,0,0,0.939302384853363,0.06069764494895935
PETS_CREDIT_high_eff_su2_r5_d6_b01__none,none,lattice_round,b1bdd9f125cf64d76133,0,0,0,0.9303798079490662,0.06962021440267563
PETS_CREDIT_high_eff_su2_r5_d6_b01__none,none,lattice_round,eb21418ddcffa69cc01e,0,0,0,0.8874175548553467,0.1125824898481369
PETS_CREDIT_high_eff_su2_r5_d6_b01__none,none,lattice_round,512bf5d49257f12e0379,0,0,0,0.6780824065208435,0.3219176232814789
PETS_CREDIT_high_eff_su2_r5_d6_b01__none,none,lattice_round,6feab55c27ef6fd8098c,0,0,0,0.8204505443572998,0.17954948544502258
PETS_CREDIT_high_eff_su2_r5_d6_b01__none,none,lattice_round,05d5b5a237e6011985dc,0,0,0,0.9469901323318481,0.053009841591119766
PETS_CREDIT_high_eff_su2_r5_d6_b01__none,none,lattice_round,508544f059d9966fa4fd,0,1,0,0.8452503085136414,0.15474970638751984
PETS_CREDIT_high_eff_su2_r5_d6_b01__none,none,lattice_round,02b75fde595a1ffcf156,0,0,0,0.7576472759246826,0.24235273897647858
PETS_CREDIT_high_eff_su2_r5_d6_b01__none,none,lattice_round,3a50f7141ac819d29be9,0,0,0,0.9756103754043579,0.024389643222093582
PETS_CREDIT_high_eff_su2_r5_d6_b01__none,none,lattice_round,76e22647644159c9f31f,0,0,0,0.8911650776863098,0.10883498191833496
PETS_CREDIT_high_eff_su2_r5_d6_b01__none,none,lattice_round,ded01dd09f53e3f3edc7,0,1,0,0.9752382040023804,0.02476181834936142
PETS_CREDIT_high_eff_su2_r5_d6_b01__none,none,lattice_round,516fe3ca66f5f580688d,0,0,1,0.4297010898590088,0.5702989101409912
PETS_CREDIT_high_eff_su2_r5_d6_b01__none,none,lattice_round,7dbb07f72b26cae53e10,0,0,0,0.546438992023468,0.453561007976532
PETS_CREDIT_high_eff_su2_r5_d6_b01__none,none,lattice_round,65e0c3d4f1bee9081f1e,0,0,0,0.5551238656044006,0.44487616419792175
PETS_CREDIT_high_eff_su2_r5_d6_b01__none,none,lattice_round,05cfc0ff414af47c03a5,0,0,0,0.5004066228866577,0.4995933771133423
PETS_CREDIT_high_eff_su2_r5_d6_b01__none,none,lattice_round,ada868403e0aacd584e1,0,0,0,0.6601788401603699,0.3398211896419525
PETS_CREDIT_high_eff_su2_r5_d6_b01__none,none,lattice_round,4007b1ad7da10c650d44,0,0,0,0.8224426507949829,0.17755739390850067
PETS_CREDIT_high_eff_su2_r5_d6_b01__none,none,lattice_round,d31cd7debcfc574857b7,0,0,0,0.9228373765945435,0.07716263085603714
PETS_CREDIT_high_eff_su2_r5_d6_b01__none,none,lattice_round,5e54efebb9b29b940c99,0,0,0,0.6611695885658264,0.3388303816318512
PETS_CREDIT_high_eff_su2_r5_d6_b01__none,none,lattice_round,454315dad33a268150e0,0,0,0,0.9215530157089233,0.07844701409339905
PETS_CREDIT_high_eff_su2_r5_d6_b01__none,none,lattice_round,b224dfc19404bbda9ee4,0,0,0,0.8742291331291199,0.12577083706855774
PETS_CREDIT_high_eff_su2_r5_d6_b01__none,none,lattice_round,bbee22d3ea243b98e36f,0,0,1,0.4818216860294342,0.5181783437728882
PETS_CREDIT_high_eff_su2_r5_d6_b01__none,none,lattice_round,53501233f30eb80e8d05,0,0,0,0.840960681438446,0.15903937816619873
PETS_CREDIT_high_eff_su2_r5_d6_b01__none,none,lattice_round,d988f293d7bb6d4a8ab7,0,1,0,0.9709420204162598,0.029057979583740234
PETS_CREDIT_high_eff_su2_r5_d6_b01__none,none,lattice_round,545cb2ecd34d5146e49a,0,0,0,0.7393210530281067,0.2606789171695709
PETS_CREDIT_high_eff_su2_r5_d6_b01__none,none,lattice_round,fedc0dc11aeb9674f49a,0,1,1,0.4803285598754883,0.5196714401245117
PETS_CREDIT_high_eff_su2_r5_d6_b01__none,none,lattice_round,838fb6514f9d13f5f89a,0,0,0,0.652542769908905,0.34745725989341736
PETS_CREDIT_high_eff_su2_r5_d6_b01__none,none,lattice_round,a024fa1846e4335ade36,0,0,0,0.9607692360877991,0.03923077881336212
PETS_CREDIT_high_eff_su2_r5_d6_b01__none,none,lattice_round,dd5f176581699325a9b1,0,0,0,0.9110742807388306,0.08892565965652466
PETS_CREDIT_high_eff_su2_r5_d6_b01__none,none,lattice_round,45b2f42889463dbbbda3,0,1,1,0.48961442708969116,0.5103856325149536
PETS_CREDIT_high_eff_su2_r5_d6_b01__none,none,lattice_round,5c479147049976461a13,0,0,1,0.16182105243206024,0.8381789326667786
PETS_CREDIT_high_eff_su2_r5_d6_b01__none,none,lattice_round,5ff6b7662bfef65ea0bd,0,0,0,0.6980770826339722,0.30192291736602783
PETS_CREDIT_high_eff_su2_r5_d6_b01__none,none,lattice_round,f83af86a0376fc684202,0,1,0,0.8334695100784302,0.16653047502040863
PETS_CREDIT_high_eff_su2_r5_d6_b01__none,none,lattice_round,49ba0900d21d03ea42a9,0,0,0,0.6793088316917419,0.32069119811058044
PETS_CREDIT_high_eff_su2_r5_d6_b01__none,none,lattice_round,d7c5bc379679e38af136,0,0,0,0.9373980164527893,0.06260202825069427
PETS_CREDIT_high_eff_su2_r5_d6_b01__none,none,lattice_round,1de5fd2a3f26ba72a9c1,0,0,0,0.6631158590316772,0.33688417077064514
PETS_CREDIT_high_eff_su2_r5_d6_b01__none,none,lattice_round,9905912b0d924a7b3ca5,0,0,0,0.9658055305480957,0.0341944620013237
PETS_CREDIT_high_eff_su2_r5_d6_b01__none,none,lattice_round,a0c6458763e7f0d7b722,0,0,0,0.8849121332168579,0.1150878369808197
PETS_CREDIT_high_eff_su2_r5_d6_b01__none,none,lattice_round,6146ee4e50398bd2590b,0,0,0,0.5303762555122375,0.46962377429008484
PETS_CREDIT_high_eff_su2_r5_d6_b01__none,none,lattice_round,c4c052470c6698896a64,0,1,0,0.7370637655258179,0.26293623447418213
PETS_CREDIT_high_eff_su2_r5_d6_b01__none,none,lattice_round,d4f5d45b61b7bb9d81d2,0,0,0,0.918863832950592,0.08113616704940796
PETS_CREDIT_high_eff_su2_r5_d6_b01__none,none,lattice_round,8b2149d6d65d7dff0391,0,0,0,0.9541889429092407,0.04581109434366226
PETS_CREDIT_high_eff_su2_r5_d6_b01__none,none,lattice_round,2f0ee475d6ce6c987db1,0,0,0,0.8687878251075745,0.13121218979358673
PETS_CREDIT_high_eff_su2_r5_d6_b01__none,none,lattice_round,9e70744c580dba073780,0,0,0,0.960378885269165,0.039621129631996155
PETS_CREDIT_high_eff_su2_r5_d6_b01__none,none,lattice_round,2c3b25125281e8e5ea14,0,0,0,0.5061768889427185,0.4938231110572815
PETS_CREDIT_high_eff_su2_r5_d6_b01__none,none,lattice_round,d324c41c466449fc77a4,0,1,1,0.18736091256141663,0.8126391172409058
PETS_CREDIT_high_eff_su2_r5_d6_b01__none,none,lattice_round,b2afd8ac93139c6436ca,0,1,0,0.8691121935844421,0.13088782131671906
PETS_CREDIT_high_eff_su2_r5_d6_b01__none,none,lattice_round,f0873fcaa4725b7b28fd,0,0,0,0.9038554430007935,0.09614457935094833
PETS_CREDIT_high_eff_su2_r5_d6_b01__none,none,lattice_round,33f2ea1bb1c7d6a437bf,0,1,1,0.41635385155677795,0.5836461186408997
PETS_CREDIT_high_eff_su2_r5_d6_b01__none,none,lattice_round,63426de2bcac10c978ef,0,0,0,0.6859583854675293,0.3140416443347931
PETS_CREDIT_high_eff_su2_r5_d6_b01__none,none,lattice_round,6083c35ef0dd27c47f39,0,0,0,0.8804942965507507,0.11950574815273285
PETS_CREDIT_high_eff_su2_r5_d6_b01__none,none,lattice_round,9ac4b9bb1cccbe8c8162,0,1,0,0.7467591762542725,0.2532408535480499
PETS_CREDIT_high_eff_su2_r5_d6_b01__none,none,lattice_round,15e0146e9b8967882d3c,0,1,1,0.37496012449264526,0.6250398755073547
PETS_CREDIT_high_eff_su2_r5_d6_b01__none,none,lattice_round,37dc9fbd1cc1b8e7aeec,0,0,0,0.9098215103149414,0.09017852693796158
PETS_CREDIT_high_eff_su2_r5_d6_b01__none,none,lattice_round,9e00c9a73f8502e1beb6,0,0,0,0.8759660124778748,0.12403403222560883
PETS_CREDIT_high_eff_su2_r5_d6_b01__none,none,lattice_round,91f87ca67e3c04007486,0,0,0,0.873686671257019,0.12631332874298096
PETS_CREDIT_high_eff_su2_r5_d6_b01__none,none,lattice_round,c6f44b9c0cc7a4317767,0,0,0,0.8275358080863953,0.17246416211128235
PETS_CREDIT_high_eff_su2_r5_d6_b01__none,none,lattice_round,cd6bf5351920ef71b772,0,0,0,0.9471004605293274,0.05289953202009201
PETS_CREDIT_high_eff_su2_r5_d6_b01__none,none,lattice_round,8dcf26c9f074a4b5de0e,0,0,0,0.8722544312477112,0.12774555385112762
PETS_CREDIT_high_eff_su2_r5_d6_b01__none,none,lattice_round,de98a8baab2807797bb8,0,0,0,0.8954984545707703,0.10450152307748795
PETS_CREDIT_high_eff_su2_r5_d6_b01__none,none,lattice_round,f28c583d896798880d4b,0,1,1,0.45080068707466125,0.5491993427276611
PETS_CREDIT_high_eff_su2_r5_d6_b01__none,none,lattice_round,ac56169f19bc768a992f,0,0,0,0.9645163416862488,0.035483650863170624
PETS_CREDIT_high_eff_su2_r5_d6_b01__none,none,lattice_round,3921b288ed88010b2bd2,0,0,0,0.9782031774520874,0.021796809509396553
PETS_CREDIT_high_eff_su2_r5_d6_b01__none,none,lattice_round,0988ebf7cfaacc632363,0,0,0,0.946337103843689,0.05366290733218193
PETS_CREDIT_high_eff_su2_r5_d6_b01__none,none,lattice_round,19f22c4a26ede80db5bc,0,0,0,0.8749990463256836,0.1250009387731552
PETS_CREDIT_high_eff_su2_r5_d6_b01__none,none,lattice_round,96c64f83677ec33bce29,0,0,0,0.5057557821273804,0.49424421787261963
PETS_CREDIT_high_eff_su2_r5_d6_b01__none,none,lattice_round,9843ca85067735c6a50c,0,0,1,0.21728453040122986,0.7827154397964478
PETS_CREDIT_high_eff_su2_r5_d6_b01__none,none,lattice_round,12ef83c14d018f8929c0,0,0,0,0.6509153842926025,0.3490845859050751
PETS_CREDIT_high_eff_su2_r5_d6_b01__none,none,lattice_round,9b5637baba30c32741f7,0,0,0,0.792546272277832,0.20745375752449036
PETS_CREDIT_high_eff_su2_r5_d6_b01__none,none,lattice_round,82ebd78d69582401b822,0,1,0,0.5012943148612976,0.4987057149410248
PETS_CREDIT_high_eff_su2_r5_d6_b01__none,none,lattice_round,c154986c4ac0e18baa8e,0,0,0,0.9163792729377747,0.08362074941396713
PETS_CREDIT_high_eff_su2_r5_d6_b01__none,none,lattice_round,5c1eaee6580358b55afc,0,1,0,0.9146685004234314,0.0853314995765686
PETS_CREDIT_high_eff_su2_r5_d6_b01__none,none,lattice_round,cb251470deed8436762a,0,0,0,0.8927897810935974,0.10721027106046677
PETS_CREDIT_high_eff_su2_r5_d6_b01__none,none,lattice_round,da5f5efb7790004fff98,0,0,0,0.7944164276123047,0.2055835723876953
PETS_CREDIT_high_eff_su2_r5_d6_b01__none,none,lattice_round,a1971c19af6fbce2a2b8,0,0,0,0.8558287024497986,0.1441713124513626
PETS_CREDIT_high_eff_su2_r5_d6_b01__none,none,lattice_round,f88c75f25b6e20b11d53,0,1,1,0.24056050181388855,0.7594395279884338
PETS_CREDIT_high_eff_su2_r5_d6_b01__none,none,lattice_round,625fbebab124d6b6cfe9,0,0,0,0.6146979331970215,0.3853021264076233
PETS_CREDIT_high_eff_su2_r5_d6_b01__none,none,lattice_round,aad721f07309f09ae48b,0,0,0,0.9619523286819458,0.038047682493925095
PETS_CREDIT_high_eff_su2_r5_d6_b01__none,none,lattice_round,3e5959b02df8356effc1,0,0,0,0.8338515162467957,0.16614848375320435
PETS_CREDIT_high_eff_su2_r5_d6_b01__none,none,lattice_round,13bc0e5e62e93ee9e11f,0,0,0,0.8948747515678406,0.10512527823448181
PETS_CREDIT_high_eff_su2_r5_d6_b01__none,none,lattice_round,d4552063b883befa7f1f,0,1,0,0.5147878527641296,0.485212117433548
PETS_CREDIT_high_eff_su2_r5_d6_b01__none,none,lattice_round,9737e13af29b3e71e58d,0,0,0,0.5707457661628723,0.4292542338371277
PETS_CREDIT_high_eff_su2_r5_d6_b01__none,none,lattice_round,65878445affdd2869314,0,0,0,0.9071518778800964,0.09284815192222595
PETS_CREDIT_high_eff_su2_r5_d6_b01__none,none,lattice_round,c9b4e83642e08382f4a6,0,0,0,0.7449691295623779,0.25503087043762207
PETS_CREDIT_high_eff_su2_r5_d6_b01__none,none,lattice_round,e68ff9c46623f5834b2a,0,0,0,0.8182567954063416,0.18174318969249725
PETS_CREDIT_high_eff_su2_r5_d6_b01__none,none,lattice_round,ee145a9d7a0dd082d343,0,0,0,0.9231517910957336,0.07684821635484695
PETS_CREDIT_high_eff_su2_r5_d6_b01__none,none,lattice_round,8b77bc8a325b32f8d38a,0,1,0,0.9017140865325928,0.09828595817089081
PETS_CREDIT_high_eff_su2_r5_d6_b01__none,none,lattice_round,15902995b3e0e8fdafb5,0,1,0,0.7819905877113342,0.21800941228866577
PETS_CREDIT_high_eff_su2_r5_d6_b01__none,none,lattice_round,442418c1ce6eee466e66,0,0,0,0.9280087351799011,0.07199128717184067
PETS_CREDIT_high_eff_su2_r5_d6_b01__none,none,lattice_round,cdbf66466c43de4d3398,0,0,0,0.8054180145263672,0.194582000374794
PETS_CREDIT_high_eff_su2_r5_d6_b01__none,none,lattice_round,d219a9acadf7d11fea78,0,0,0,0.8715370893478394,0.12846295535564423
PETS_CREDIT_high_eff_su2_r5_d6_b01__none,none,memgq_lattice,eaab06e0e9770f0cb322,1,0,0,0.7471193075180054,0.252880722284317
PETS_CREDIT_high_eff_su2_r5_d6_b01__none,none,memgq_lattice,883a42269d6847aec70c,1,0,0,0.8544643521308899,0.1455356627702713
PETS_CREDIT_high_eff_su2_r5_d6_b01__none,none,memgq_lattice,6bf07a3ff23f9e3249c5,1,0,0,0.7794114947319031,0.22058850526809692
PETS_CREDIT_high_eff_su2_r5_d6_b01__none,none,memgq_lattice,272c38b1ecd099be7890,1,0,0,0.7426027059555054,0.257397323846817
PETS_CREDIT_high_eff_su2_r5_d6_b01__none,none,memgq_lattice,f2a589817382059b0dcc,1,0,0,0.8452288508415222,0.15477117896080017
PETS_CREDIT_high_eff_su2_r5_d6_b01__none,none,memgq_lattice,ab97fae957e08270ffce,1,1,1,0.17855675518512726,0.8214432597160339
PETS_CREDIT_high_eff_su2_r5_d6_b01__none,none,memgq_lattice,0674ce029ebb21d32e38,1,0,0,0.8856513500213623,0.1143486350774765
PETS_CREDIT_high_eff_su2_r5_d6_b01__none,none,memgq_lattice,a9752ae3047aff503fb3,1,1,0,0.8593719601631165,0.14062802493572235
PETS_CREDIT_high_eff_su2_r5_d6_b01__none,none,memgq_lattice,5b7629cbd1fb6e879520,1,1,0,0.7970864772796631,0.20291349291801453
PETS_CREDIT_high_eff_su2_r5_d6_b01__none,none,memgq_lattice,4dde24d981dd8981f71f,1,0,0,0.8670793771743774,0.13292060792446136
PETS_CREDIT_high_eff_su2_r5_d6_b01__none,none,memgq_lattice,4df4658f2eb41564da87,1,0,0,0.8736403584480286,0.12635967135429382
PETS_CREDIT_high_eff_su2_r5_d6_b01__none,none,memgq_lattice,ab00e756b29c98fd6674,1,0,0,0.7802681922912598,0.21973183751106262
PETS_CREDIT_high_eff_su2_r5_d6_b01__none,none,memgq_lattice,69ef03b5c6f4f7ecef33,1,0,0,0.8651823997497559,0.13481757044792175
PETS_CREDIT_high_eff_su2_r5_d6_b01__none,none,memgq_lattice,dba69027df0122535f19,1,0,0,0.8932738900184631,0.10672614723443985
PETS_CREDIT_high_eff_su2_r5_d6_b01__none,none,memgq_lattice,cbd912351cdbc83a9184,1,0,1,0.1022188737988472,0.8977811336517334
PETS_CREDIT_high_eff_su2_r5_d6_b01__none,none,memgq_lattice,7be2869c238aa35d440a,1,1,0,0.8842592239379883,0.1157408058643341
PETS_CREDIT_high_eff_su2_r5_d6_b01__none,none,memgq_lattice,7ce1135db7560daf7e70,1,0,0,0.8321353793144226,0.167864590883255
PETS_CREDIT_high_eff_su2_r5_d6_b01__none,none,memgq_lattice,988a4b4dcb53bafffb01,1,0,0,0.7893088459968567,0.21069112420082092
PETS_CREDIT_high_eff_su2_r5_d6_b01__none,none,memgq_lattice,66fa33821884d4568b02,1,0,0,0.7558853626251221,0.24411462247371674
PETS_CREDIT_high_eff_su2_r5_d6_b01__none,none,memgq_lattice,f073d35785cf76f1409c,1,1,0,0.82430100440979,0.17569899559020996
PETS_CREDIT_high_eff_su2_r5_d6_b01__none,none,memgq_lattice,6c0e663b6848864dc914,1,0,0,0.8105541467666626,0.1894458532333374
PETS_CREDIT_high_eff_su2_r5_d6_b01__none,none,memgq_lattice,14865093b1485a5c3a41,1,0,0,0.7778759598731995,0.22212406992912292
PETS_CREDIT_high_eff_su2_r5_d6_b01__none,none,memgq_lattice,c4b2c9357254e51af6a9,1,0,0,0.8971354961395264,0.10286449640989304
PETS_CREDIT_high_eff_su2_r5_d6_b01__none,none,memgq_lattice,b0f47ae4b56b3aa4d111,1,0,0,0.8155675530433655,0.1844325065612793
PETS_CREDIT_high_eff_su2_r5_d6_b01__none,none,memgq_lattice,f05df67fe5ac7ed38643,1,0,0,0.8743230104446411,0.1256769746541977
PETS_CREDIT_high_eff_su2_r5_d6_b01__none,none,memgq_lattice,a55e4e1cd3465563efc4,1,0,0,0.8581831455230713,0.1418168991804123
PETS_CREDIT_high_eff_su2_r5_d6_b01__none,none,memgq_lattice,c9acdb61159286a4c2ce,1,0,0,0.7406466007232666,0.259353369474411
PETS_CREDIT_high_eff_su2_r5_d6_b01__none,none,memgq_lattice,6ea2a519a69c09016323,1,0,0,0.8888527154922485,0.11114732921123505
PETS_CREDIT_high_eff_su2_r5_d6_b01__none,none,memgq_lattice,f332cc500c7a62b19024,1,0,0,0.7970214486122131,0.20297856628894806
PETS_CREDIT_high_eff_su2_r5_d6_b01__none,none,memgq_lattice,6992a9babb7ae6302cb5,1,0,0,0.8656409382820129,0.13435909152030945
PETS_CREDIT_high_eff_su2_r5_d6_b01__none,none,memgq_lattice,d1d396dc69ac0aeade66,1,0,0,0.8290690779685974,0.1709309071302414
PETS_CREDIT_high_eff_su2_r5_d6_b01__none,none,memgq_lattice,4def6ca8e27be84aeb54,1,0,0,0.8934261202812195,0.10657387971878052
PETS_CREDIT_high_eff_su2_r5_d6_b01__none,none,memgq_lattice,d46f8b9f4d57f90db615,1,1,0,0.8898558616638184,0.11014407873153687
PETS_CREDIT_high_eff_su2_r5_d6_b01__none,none,memgq_lattice,347bd04364dce3c5342e,1,0,0,0.8883694410324097,0.11163055151700974
PETS_CREDIT_high_eff_su2_r5_d6_b01__none,none,memgq_lattice,32babcc385bd70eddb90,1,1,0,0.7699772715568542,0.23002272844314575
PETS_CREDIT_high_eff_su2_r5_d6_b01__none,none,memgq_lattice,0772d1e68bccea98e68f,1,0,1,0.15784144401550293,0.8421585559844971
PETS_CREDIT_high_eff_su2_r5_d6_b01__none,none,memgq_lattice,72bf8a475d5aa5538cd3,1,0,0,0.7574833631515503,0.2425166517496109
PETS_CREDIT_high_eff_su2_r5_d6_b01__none,none,memgq_lattice,092efc45ab978715a8fa,1,0,0,0.894191324710846,0.10580870509147644
PETS_CREDIT_high_eff_su2_r5_d6_b01__none,none,memgq_lattice,25bed8f88a506c4cc366,1,1,0,0.866921067237854,0.13307897746562958
PETS_CREDIT_high_eff_su2_r5_d6_b01__none,none,memgq_lattice,c8a7bd1cd35ba1e89b80,1,0,0,0.8537742495536804,0.14622576534748077
PETS_CREDIT_high_eff_su2_r5_d6_b01__none,none,memgq_lattice,073dbbd888ef767c75de,1,0,0,0.7451893091201782,0.25481072068214417
PETS_CREDIT_high_eff_su2_r5_d6_b01__none,none,memgq_lattice,8f95586c1c6fb3f2a750,1,1,0,0.8079378008842468,0.19206224381923676
PETS_CREDIT_high_eff_su2_r5_d6_b01__none,none,memgq_lattice,c75c31af2389cc3a594f,1,0,0,0.8978959321975708,0.10210400819778442
PETS_CREDIT_high_eff_su2_r5_d6_b01__none,none,memgq_lattice,bd6c7e8fd4e7879e23df,1,0,0,0.7347235679626465,0.2652764320373535
PETS_CREDIT_high_eff_su2_r5_d6_b01__none,none,memgq_lattice,072f10d00d9156aab9f2,1,0,0,0.8776549100875854,0.12234507501125336
PETS_CREDIT_high_eff_su2_r5_d6_b01__none,none,memgq_lattice,82d40bd4122f5c76cdfb,1,0,0,0.7373096942901611,0.26269036531448364
PETS_CREDIT_high_eff_su2_r5_d6_b01__none,none,memgq_lattice,81817fc85a01b1cc7dcf,1,0,0,0.7974501848220825,0.2025497853755951
PETS_CREDIT_high_eff_su2_r5_d6_b01__none,none,memgq_lattice,d75c3e52dbcaf5a5ec2a,1,0,0,0.7560155987739563,0.2439843714237213
PETS_CREDIT_high_eff_su2_r5_d6_b01__none,none,memgq_lattice,e0cf68ff7b13424759c5,1,1,1,0.143541619181633,0.8564583659172058
PETS_CREDIT_high_eff_su2_r5_d6_b01__none,none,memgq_lattice,92516ca36411fad7d9c9,1,0,0,0.8409425616264343,0.15905745327472687
PETS_CREDIT_high_eff_su2_r5_d6_b01__none,none,memgq_lattice,1dd9f8371cdcaa1758b3,1,0,0,0.7567315697669983,0.2432684451341629
PETS_CREDIT_high_eff_su2_r5_d6_b01__none,none,memgq_lattice,a4fc6b0808359418c098,1,0,0,0.7399907112121582,0.2600092887878418
PETS_CREDIT_high_eff_su2_r5_d6_b01__none,none,memgq_lattice,e07f107ec2deef516f4f,1,0,0,0.7637510299682617,0.23624897003173828
PETS_CREDIT_high_eff_su2_r5_d6_b01__none,none,memgq_lattice,7311863aa70952806ffc,1,0,0,0.8923624753952026,0.10763745754957199
PETS_CREDIT_high_eff_su2_r5_d6_b01__none,none,memgq_lattice,eb849709f12c60edd50b,1,1,0,0.7434758543968201,0.25652414560317993
PETS_CREDIT_high_eff_su2_r5_d6_b01__none,none,memgq_lattice,0a09121dee0e5db09dfe,1,1,0,0.8035236597061157,0.19647635519504547
PETS_CREDIT_high_eff_su2_r5_d6_b01__none,none,memgq_lattice,29a333df83b13ef7fea3,1,0,0,0.8976420164108276,0.10235803574323654
PETS_CREDIT_high_eff_su2_r5_d6_b01__none,none,memgq_lattice,b84ff32b3c14263b0dd5,1,1,1,0.21419374644756317,0.7858062982559204
PETS_CREDIT_high_eff_su2_r5_d6_b01__none,none,memgq_lattice,ae1704e8283a10912765,1,0,0,0.7362774014472961,0.26372256875038147
PETS_CREDIT_high_eff_su2_r5_d6_b01__none,none,memgq_lattice,78edbc6916b12b570866,1,0,0,0.8199365139007568,0.18006345629692078
PETS_CREDIT_high_eff_su2_r5_d6_b01__none,none,memgq_lattice,196d92dfff0523a23237,1,1,0,0.8265349268913269,0.1734650731086731
PETS_CREDIT_high_eff_su2_r5_d6_b01__none,none,memgq_lattice,c0daa10532a8487ca803,1,1,0,0.8248022794723511,0.17519769072532654
PETS_CREDIT_high_eff_su2_r5_d6_b01__none,none,memgq_lattice,a5b1091e7ec67f7a06ed,1,0,0,0.7394694685935974,0.26053059101104736
PETS_CREDIT_high_eff_su2_r5_d6_b01__none,none,memgq_lattice,bfa7b1aca5d187760a16,1,0,0,0.872802734375,0.127197265625
PETS_CREDIT_high_eff_su2_r5_d6_b01__none,none,memgq_lattice,39f8154e08ad72170108,1,0,0,0.7989398837089539,0.20106013119220734
PETS_CREDIT_high_eff_su2_r5_d6_b01__none,none,memgq_lattice,2379dd478643b9cc0bc1,1,0,0,0.7566965818405151,0.24330340325832367
PETS_CREDIT_high_eff_su2_r5_d6_b01__none,none,memgq_lattice,418dd0dffa2f4aacf5a8,1,0,0,0.8098617792129517,0.19013825058937073
PETS_CREDIT_high_eff_su2_r5_d6_b01__none,none,memgq_lattice,26b6a5da65cdaeb8e184,1,0,0,0.8708640933036804,0.1291358768939972
PETS_CREDIT_high_eff_su2_r5_d6_b01__none,none,memgq_lattice,c50e57ca37a497df3a13,1,0,0,0.8749274015426636,0.12507264316082
PETS_CREDIT_high_eff_su2_r5_d6_b01__none,none,memgq_lattice,0ec364cc4624f409f87e,1,1,0,0.8310753703117371,0.16892459988594055
PETS_CREDIT_high_eff_su2_r5_d6_b01__none,none,memgq_lattice,49b15e9ec4784be42cd2,1,0,0,0.8144790530204773,0.1855209916830063
PETS_CREDIT_high_eff_su2_r5_d6_b01__none,none,memgq_lattice,ce8a11f272895da8cd7f,1,0,0,0.7962890267372131,0.20371098816394806
PETS_CREDIT_high_eff_su2_r5_d6_b01__none,none,memgq_lattice,f929be357f68bdda4236,1,0,0,0.8809659481048584,0.1190340593457222
PETS_CREDIT_high_eff_su2_r5_d6_b01__none,none,memgq_lattice,619b46d6086e6aad3d84,1,0,0,0.8520147800445557,0.14798521995544434
PETS_CREDIT_high_eff_su2_r5_d6_b01__none,none,memgq_lattice,c91e3b5a028c06ad1f92,1,0,0,0.8231999278068542,0.17680004239082336
PETS_CREDIT_high_eff_su2_r5_d6_b01__none,none,memgq_lattice,f640cb068a6e0cafd8f7,1,0,0,0.8486834168434143,0.1513165980577469
PETS_CREDIT_high_eff_su2_r5_d6_b01__none,none,memgq_lattice,a1b01a469dc7802f51d3,1,0,0,0.7429284453392029,0.25707152485847473
PETS_CREDIT_high_eff_su2_r5_d6_b01__none,none,memgq_lattice,5cb75d859aa2d3df94b0,1,0,0,0.7940149903297424,0.20598500967025757
PETS_CREDIT_high_eff_su2_r5_d6_b01__none,none,memgq_lattice,5e48c11768cb070aefe6,1,1,1,0.24105076491832733,0.7589492201805115
PETS_CREDIT_high_eff_su2_r5_d6_b01__none,none,memgq_lattice,3ac7ac4bc65a6ffec899,1,0,0,0.8448047041893005,0.15519534051418304
PETS_CREDIT_high_eff_su2_r5_d6_b01__none,none,memgq_lattice,ac5f40db5db91c18a83b,1,1,1,0.2604063153266907,0.7395937442779541
PETS_CREDIT_high_eff_su2_r5_d6_b01__none,none,memgq_lattice,973b363916938dbaaf31,1,0,0,0.8028454780578613,0.19715453684329987
PETS_CREDIT_high_eff_su2_r5_d6_b01__none,none,memgq_lattice,df16a30c67111933fccc,1,0,0,0.8409971594810486,0.1590028703212738
PETS_CREDIT_high_eff_su2_r5_d6_b01__none,none,memgq_lattice,402e2e33d278085f817f,1,0,0,0.7903592586517334,0.209640771150589
PETS_CREDIT_high_eff_su2_r5_d6_b01__none,none,memgq_lattice,a62d80fa1349c54517ce,1,1,0,0.8362820744514465,0.16371794044971466
PETS_CREDIT_high_eff_su2_r5_d6_b01__none,none,memgq_lattice,d9170d275d5e05922e82,1,0,0,0.8620972633361816,0.13790273666381836
PETS_CREDIT_high_eff_su2_r5_d6_b01__none,none,memgq_lattice,01743ddf295d8f6b5a46,1,0,0,0.7672610878944397,0.23273888230323792
PETS_CREDIT_high_eff_su2_r5_d6_b01__none,none,memgq_lattice,e030c0aa4ae0f1011f2f,1,0,0,0.7672856450080872,0.23271438479423523
PETS_CREDIT_high_eff_su2_r5_d6_b01__none,none,memgq_lattice,bf465d63c434358f77e4,1,0,0,0.8877474665641785,0.11225255578756332
PETS_CREDIT_high_eff_su2_r5_d6_b01__none,none,memgq_lattice,9eb158e3cbe5bc901e26,1,1,1,0.14991989731788635,0.8500800728797913
PETS_CREDIT_high_eff_su2_r5_d6_b01__none,none,memgq_lattice,a6dfd0dc4ba32e6c00e6,1,0,0,0.8592290878295898,0.14077094197273254
PETS_CREDIT_high_eff_su2_r5_d6_b01__none,none,memgq_lattice,a5628044ec0880a52490,1,0,0,0.7434946894645691,0.2565053105354309
PETS_CREDIT_high_eff_su2_r5_d6_b01__none,none,memgq_lattice,4cfea97c73e6dbfbc698,1,0,0,0.7642579674720764,0.2357420176267624
PETS_CREDIT_high_eff_su2_r5_d6_b01__none,none,memgq_lattice,006df97946d214e0111f,1,0,0,0.8680835962295532,0.13191638886928558
PETS_CREDIT_high_eff_su2_r5_d6_b01__none,none,memgq_lattice,75e559f2a9928f47e4ef,1,0,0,0.7544309496879578,0.24556909501552582
PETS_CREDIT_high_eff_su2_r5_d6_b01__none,none,memgq_lattice,526cee77dcfea7ee8138,1,1,1,0.12908346951007843,0.8709165453910828
PETS_CREDIT_high_eff_su2_r5_d6_b01__none,none,memgq_lattice,2c2eb339de59d2b86f66,1,1,1,0.12012817710638046,0.8798718452453613
PETS_CREDIT_high_eff_su2_r5_d6_b01__none,none,memgq_lattice,fbbb0f469e10095b9cc1,1,0,0,0.7985983490943909,0.20140168070793152
PETS_CREDIT_high_eff_su2_r5_d6_b01__none,none,memgq_lattice,c2f9d20d5b53c00ef5f4,1,0,0,0.7551923394203186,0.2448076605796814
PETS_CREDIT_high_eff_su2_r5_d6_b01__none,none,memgq_lattice,1313972ddf1c6e9eb2c9,1,0,0,0.8263818025588989,0.17361822724342346
PETS_CREDIT_high_eff_su2_r5_d6_b01__none,none,memgq_lattice,775e0bc8a00b354d7d21,0,0,0,0.8802411556243896,0.11975885927677155
PETS_CREDIT_high_eff_su2_r5_d6_b01__none,none,memgq_lattice,19eaeaae64289dba8ce8,0,0,0,0.8604754209518433,0.13952454924583435
PETS_CREDIT_high_eff_su2_r5_d6_b01__none,none,memgq_lattice,af85096b9d68ea111a40,0,0,0,0.8512113094329834,0.1487886905670166
PETS_CREDIT_high_eff_su2_r5_d6_b01__none,none,memgq_lattice,eb58b2ec144b95696995,0,0,0,0.8471023440361023,0.1528977006673813
PETS_CREDIT_high_eff_su2_r5_d6_b01__none,none,memgq_lattice,c87adcad5c5b8bacab20,0,0,0,0.865572452545166,0.13442754745483398
PETS_CREDIT_high_eff_su2_r5_d6_b01__none,none,memgq_lattice,8b38dcbabda11b315cba,0,1,0,0.8552111387252808,0.14478887617588043
PETS_CREDIT_high_eff_su2_r5_d6_b01__none,none,memgq_lattice,46cf73574cd89d5b0a38,0,0,0,0.7502555847167969,0.24974443018436432
PETS_CREDIT_high_eff_su2_r5_d6_b01__none,none,memgq_lattice,f1d5fbea8d8fc197f689,0,1,0,0.8226640820503235,0.1773359477519989
PETS_CREDIT_high_eff_su2_r5_d6_b01__none,none,memgq_lattice,0ccf866b02ec9d1e0e17,0,1,1,0.15907856822013855,0.8409214615821838
PETS_CREDIT_high_eff_su2_r5_d6_b01__none,none,memgq_lattice,3bb90fb9f41d8cd780fb,0,0,0,0.8236762285232544,0.1763237714767456
PETS_CREDIT_high_eff_su2_r5_d6_b01__none,none,memgq_lattice,b1bdd9f125cf64d76133,0,0,0,0.8013511896133423,0.19864881038665771
PETS_CREDIT_high_eff_su2_r5_d6_b01__none,none,memgq_lattice,eb21418ddcffa69cc01e,0,0,0,0.8874175548553467,0.1125824898481369
PETS_CREDIT_high_eff_su2_r5_d6_b01__none,none,memgq_lattice,512bf5d49257f12e0379,0,0,0,0.8746539950370789,0.12534603476524353
PETS_CREDIT_high_eff_su2_r5_d6_b01__none,none,memgq_lattice,6feab55c27ef6fd8098c,0,0,0,0.8204505443572998,0.17954948544502258
PETS_CREDIT_high_eff_su2_r5_d6_b01__none,none,memgq_lattice,05d5b5a237e6011985dc,0,0,0,0.8435699343681335,0.15643003582954407
PETS_CREDIT_high_eff_su2_r5_d6_b01__none,none,memgq_lattice,508544f059d9966fa4fd,0,1,0,0.8452503085136414,0.15474970638751984
PETS_CREDIT_high_eff_su2_r5_d6_b01__none,none,memgq_lattice,02b75fde595a1ffcf156,0,0,0,0.7576472759246826,0.24235273897647858
PETS_CREDIT_high_eff_su2_r5_d6_b01__none,none,memgq_lattice,3a50f7141ac819d29be9,0,0,0,0.7847138047218323,0.2152862250804901
PETS_CREDIT_high_eff_su2_r5_d6_b01__none,none,memgq_lattice,76e22647644159c9f31f,0,0,0,0.8911650776863098,0.10883498191833496
PETS_CREDIT_high_eff_su2_r5_d6_b01__none,none,memgq_lattice,ded01dd09f53e3f3edc7,0,1,0,0.7820793390274048,0.2179206907749176
PETS_CREDIT_high_eff_su2_r5_d6_b01__none,none,memgq_lattice,516fe3ca66f5f580688d,0,0,1,0.18529938161373138,0.8147006034851074
PETS_CREDIT_high_eff_su2_r5_d6_b01__none,none,memgq_lattice,7dbb07f72b26cae53e10,0,0,0,0.799643874168396,0.2003561556339264
PETS_CREDIT_high_eff_su2_r5_d6_b01__none,none,memgq_lattice,65e0c3d4f1bee9081f1e,0,0,0,0.8052086234092712,0.19479139149188995
PETS_CREDIT_high_eff_su2_r5_d6_b01__none,none,memgq_lattice,05cfc0ff414af47c03a5,0,0,0,0.7684186697006226,0.23158133029937744
PETS_CREDIT_high_eff_su2_r5_d6_b01__none,none,memgq_lattice,ada868403e0aacd584e1,0,0,0,0.8655145764350891,0.13448545336723328
PETS_CREDIT_high_eff_su2_r5_d6_b01__none,none,memgq_lattice,4007b1ad7da10c650d44,0,0,0,0.8224426507949829,0.17755739390850067
PETS_CREDIT_high_eff_su2_r5_d6_b01__none,none,memgq_lattice,d31cd7debcfc574857b7,0,0,0,0.7830892205238342,0.21691077947616577
PETS_CREDIT_high_eff_su2_r5_d6_b01__none,none,memgq_lattice,5e54efebb9b29b940c99,0,0,0,0.8660281896591187,0.13397184014320374
PETS_CREDIT_high_eff_su2_r5_d6_b01__none,none,memgq_lattice,454315dad33a268150e0,0,0,0,0.7800332307815552,0.21996676921844482
PETS_CREDIT_high_eff_su2_r5_d6_b01__none,none,memgq_lattice,b224dfc19404bbda9ee4,0,0,0,0.8742291331291199,0.12577083706855774
PETS_CREDIT_high_eff_su2_r5_d6_b01__none,none,memgq_lattice,bbee22d3ea243b98e36f,0,0,1,0.2191677987575531,0.7808322310447693
PETS_CREDIT_high_eff_su2_r5_d6_b01__none,none,memgq_lattice,53501233f30eb80e8d05,0,0,0,0.840960681438446,0.15903937816619873
PETS_CREDIT_high_eff_su2_r5_d6_b01__none,none,memgq_lattice,d988f293d7bb6d4a8ab7,0,1,0,0.7527661323547363,0.24723391234874725
PETS_CREDIT_high_eff_su2_r5_d6_b01__none,none,memgq_lattice,545cb2ecd34d5146e49a,0,0,0,0.7393210530281067,0.2606789171695709
PETS_CREDIT_high_eff_su2_r5_d6_b01__none,none,memgq_lattice,fedc0dc11aeb9674f49a,0,1,1,0.21814599633216858,0.781853973865509
PETS_CREDIT_high_eff_su2_r5_d6_b01__none,none,memgq_lattice,838fb6514f9d13f5f89a,0,0,0,0.861524760723114,0.13847528398036957
PETS_CREDIT_high_eff_su2_r5_d6_b01__none,none,memgq_lattice,a024fa1846e4335ade36,0,0,0,0.8808491230010986,0.11915088444948196
PETS_CREDIT_high_eff_su2_r5_d6_b01__none,none,memgq_lattice,dd5f176581699325a9b1,0,0,0,0.7556629180908203,0.2443370819091797
PETS_CREDIT_high_eff_su2_r5_d6_b01__none,none,memgq_lattice,45b2f42889463dbbbda3,0,1,1,0.2245534360408783,0.7754465341567993
PETS_CREDIT_high_eff_su2_r5_d6_b01__none,none,memgq_lattice,5c479147049976461a13,0,0,1,0.16182105243206024,0.8381789326667786
PETS_CREDIT_high_eff_su2_r5_d6_b01__none,none,memgq_lattice,5ff6b7662bfef65ea0bd,0,0,0,0.8845186829566956,0.11548131704330444
PETS_CREDIT_high_eff_su2_r5_d6_b01__none,none,memgq_lattice,f83af86a0376fc684202,0,1,0,0.8334695100784302,0.16653047502040863
PETS_CREDIT_high_eff_su2_r5_d6_b01__none,none,memgq_lattice,49ba0900d21d03ea42a9,0,0,0,0.8752692937850952,0.12473073601722717
PETS_CREDIT_high_eff_su2_r5_d6_b01__none,none,memgq_lattice,d7c5bc379679e38af136,0,0,0,0.8188437819480896,0.18115626275539398
PETS_CREDIT_high_eff_su2_r5_d6_b01__none,none,memgq_lattice,1de5fd2a3f26ba72a9c1,0,0,0,0.8670343160629272,0.13296566903591156
PETS_CREDIT_high_eff_su2_r5_d6_b01__none,none,memgq_lattice,9905912b0d924a7b3ca5,0,0,0,0.895024299621582,0.10497572273015976
PETS_CREDIT_high_eff_su2_r5_d6_b01__none,none,memgq_lattice,a0c6458763e7f0d7b722,0,0,0,0.8849121332168579,0.1150878369808197
PETS_CREDIT_high_eff_su2_r5_d6_b01__none,none,memgq_lattice,6146ee4e50398bd2590b,0,0,0,0.7890872359275818,0.210912823677063
PETS_CREDIT_high_eff_su2_r5_d6_b01__none,none,memgq_lattice,c4c052470c6698896a64,0,1,0,0.7370637655258179,0.26293623447418213
PETS_CREDIT_high_eff_su2_r5_d6_b01__none,none,memgq_lattice,d4f5d45b61b7bb9d81d2,0,0,0,0.7736842036247253,0.22631584107875824
PETS_CREDIT_high_eff_su2_r5_d6_b01__none,none,memgq_lattice,8b2149d6d65d7dff0391,0,0,0,0.8627781271934509,0.13722188770771027
PETS_CREDIT_high_eff_su2_r5_d6_b01__none,none,memgq_lattice,2f0ee475d6ce6c987db1,0,0,0,0.8687878251075745,0.13121218979358673
PETS_CREDIT_high_eff_su2_r5_d6_b01__none,none,memgq_lattice,9e70744c580dba073780,0,0,0,0.8797630667686462,0.12023696303367615
PETS_CREDIT_high_eff_su2_r5_d6_b01__none,none,memgq_lattice,2c3b25125281e8e5ea14,0,0,0,0.7725006937980652,0.22749927639961243
PETS_CREDIT_high_eff_su2_r5_d6_b01__none,none,memgq_lattice,d324c41c466449fc77a4,0,1,1,0.18736091256141663,0.8126391172409058
PETS_CREDIT_high_eff_su2_r5_d6_b01__none,none,memgq_lattice,b2afd8ac93139c6436ca,0,1,0,0.8691121935844421,0.13088782131671906
PETS_CREDIT_high_eff_su2_r5_d6_b01__none,none,memgq_lattice,f0873fcaa4725b7b28fd,0,0,0,0.7394360303878784,0.26056399941444397
PETS_CREDIT_high_eff_su2_r5_d6_b01__none,none,memgq_lattice,33f2ea1bb1c7d6a437bf,0,1,1,0.1771850734949112,0.82281494140625
PETS_CREDIT_high_eff_su2_r5_d6_b01__none,none,memgq_lattice,63426de2bcac10c978ef,0,0,0,0.8785818219184875,0.12141820043325424
PETS_CREDIT_high_eff_su2_r5_d6_b01__none,none,memgq_lattice,6083c35ef0dd27c47f39,0,0,0,0.8804942965507507,0.11950574815273285
PETS_CREDIT_high_eff_su2_r5_d6_b01__none,none,memgq_lattice,9ac4b9bb1cccbe8c8162,0,1,0,0.7467591762542725,0.2532408535480499
PETS_CREDIT_high_eff_su2_r5_d6_b01__none,none,memgq_lattice,15e0146e9b8967882d3c,0,1,1,0.1533229649066925,0.8466770052909851
PETS_CREDIT_high_eff_su2_r5_d6_b01__none,none,memgq_lattice,37dc9fbd1cc1b8e7aeec,0,0,0,0.7528145909309387,0.24718540906906128
PETS_CREDIT_high_eff_su2_r5_d6_b01__none,none,memgq_lattice,9e00c9a73f8502e1beb6,0,0,0,0.8759660124778748,0.12403403222560883
PETS_CREDIT_high_eff_su2_r5_d6_b01__none,none,memgq_lattice,91f87ca67e3c04007486,0,0,0,0.873686671257019,0.12631332874298096
PETS_CREDIT_high_eff_su2_r5_d6_b01__none,none,memgq_lattice,c6f44b9c0cc7a4317767,0,0,0,0.8275358080863953,0.17246416211128235
PETS_CREDIT_high_eff_su2_r5_d6_b01__none,none,memgq_lattice,cd6bf5351920ef71b772,0,0,0,0.8438600301742554,0.15613999962806702
PETS_CREDIT_high_eff_su2_r5_d6_b01__none,none,memgq_lattice,8dcf26c9f074a4b5de0e,0,0,0,0.8722544312477112,0.12774555385112762
PETS_CREDIT_high_eff_su2_r5_d6_b01__none,none,memgq_lattice,de98a8baab2807797bb8,0,0,0,0.8954984545707703,0.10450152307748795
PETS_CREDIT_high_eff_su2_r5_d6_b01__none,none,memgq_lattice,f28c583d896798880d4b,0,1,1,0.19857677817344666,0.8014232516288757
PETS_CREDIT_high_eff_su2_r5_d6_b01__none,none,memgq_lattice,ac56169f19bc768a992f,0,0,0,0.8913666605949402,0.10863333195447922
PETS_CREDIT_high_eff_su2_r5_d6_b01__none,none,memgq_lattice,3921b288ed88010b2bd2,0,0,0,0.8035134673118591,0.19648657739162445
PETS_CREDIT_high_eff_su2_r5_d6_b01__none,none,memgq_lattice,0988ebf7cfaacc632363,0,0,0,0.841855525970459,0.15814441442489624
PETS_CREDIT_high_eff_su2_r5_d6_b01__none,none,memgq_lattice,19f22c4a26ede80db5bc,0,0,0,0.8749990463256836,0.1250009387731552
PETS_CREDIT_high_eff_su2_r5_d6_b01__none,none,memgq_lattice,96c64f83677ec33bce29,0,0,0,0.772204577922821,0.22779548168182373
PETS_CREDIT_high_eff_su2_r5_d6_b01__none,none,memgq_lattice,9843ca85067735c6a50c,0,0,1,0.21728453040122986,0.7827154397964478
PETS_CREDIT_high_eff_su2_r5_d6_b01__none,none,memgq_lattice,12ef83c14d018f8929c0,0,0,0,0.8606671690940857,0.1393328458070755
PETS_CREDIT_high_eff_su2_r5_d6_b01__none,none,memgq_lattice,9b5637baba30c32741f7,0,0,0,0.792546272277832,0.20745375752449036
PETS_CREDIT_high_eff_su2_r5_d6_b01__none,none,memgq_lattice,82ebd78d69582401b822,0,1,0,0.769049882888794,0.23095013201236725
PETS_CREDIT_high_eff_su2_r5_d6_b01__none,none,memgq_lattice,c154986c4ac0e18baa8e,0,0,0,0.767876923084259,0.23212310671806335
PETS_CREDIT_high_eff_su2_r5_d6_b01__none,none,memgq_lattice,5c1eaee6580358b55afc,0,1,0,0.7639107704162598,0.23608925938606262
PETS_CREDIT_high_eff_su2_r5_d6_b01__none,none,memgq_lattice,cb251470deed8436762a,0,0,0,0.8927897810935974,0.10721027106046677
PETS_CREDIT_high_eff_su2_r5_d6_b01__none,none,memgq_lattice,da5f5efb7790004fff98,0,0,0,0.7944164276123047,0.2055835723876953
PETS_CREDIT_high_eff_su2_r5_d6_b01__none,none,memgq_lattice,a1971c19af6fbce2a2b8,0,0,0,0.8558287024497986,0.1441713124513626
PETS_CREDIT_high_eff_su2_r5_d6_b01__none,none,memgq_lattice,f88c75f25b6e20b11d53,0,1,1,0.24056050181388855,0.7594395279884338
PETS_CREDIT_high_eff_su2_r5_d6_b01__none,none,memgq_lattice,625fbebab124d6b6cfe9,0,0,0,0.84089195728302,0.1591079831123352
PETS_CREDIT_high_eff_su2_r5_d6_b01__none,none,memgq_lattice,aad721f07309f09ae48b,0,0,0,0.8841517567634583,0.11584826558828354
PETS_CREDIT_high_eff_su2_r5_d6_b01__none,none,memgq_lattice,3e5959b02df8356effc1,0,0,0,0.8338515162467957,0.16614848375320435
PETS_CREDIT_high_eff_su2_r5_d6_b01__none,none,memgq_lattice,13bc0e5e62e93ee9e11f,0,0,0,0.8948747515678406,0.10512527823448181
PETS_CREDIT_high_eff_su2_r5_d6_b01__none,none,memgq_lattice,d4552063b883befa7f1f,0,1,0,0.7784999012947083,0.22150008380413055
PETS_CREDIT_high_eff_su2_r5_d6_b01__none,none,memgq_lattice,9737e13af29b3e71e58d,0,0,0,0.8149757385253906,0.185024231672287
PETS_CREDIT_high_eff_su2_r5_d6_b01__none,none,memgq_lattice,65878445affdd2869314,0,0,0,0.7467905282974243,0.25320950150489807
PETS_CREDIT_high_eff_su2_r5_d6_b01__none,none,memgq_lattice,c9b4e83642e08382f4a6,0,0,0,0.7449691295623779,0.25503087043762207
PETS_CREDIT_high_eff_su2_r5_d6_b01__none,none,memgq_lattice,e68ff9c46623f5834b2a,0,0,0,0.8182567954063416,0.18174318969249725
PETS_CREDIT_high_eff_su2_r5_d6_b01__none,none,memgq_lattice,ee145a9d7a0dd082d343,0,0,0,0.7838397026062012,0.21616028249263763
PETS_CREDIT_high_eff_su2_r5_d6_b01__none,none,memgq_lattice,8b77bc8a325b32f8d38a,0,1,0,0.7347074747085571,0.26529255509376526
PETS_CREDIT_high_eff_su2_r5_d6_b01__none,none,memgq_lattice,15902995b3e0e8fdafb5,0,1,0,0.7819905877113342,0.21800941228866577
PETS_CREDIT_high_eff_su2_r5_d6_b01__none,none,memgq_lattice,442418c1ce6eee466e66,0,0,0,0.7955513596534729,0.20444856584072113
PETS_CREDIT_high_eff_su2_r5_d6_b01__none,none,memgq_lattice,cdbf66466c43de4d3398,0,0,0,0.8054180145263672,0.194582000374794
PETS_CREDIT_high_eff_su2_r5_d6_b01__none,none,memgq_lattice,d219a9acadf7d11fea78,0,0,0,0.8715370893478394,0.12846295535564423
PETS_CREDIT_high_eff_su2_r5_d6_b01__none,none,memgq_lattice_sticky,eaab06e0e9770f0cb322,1,0,0,0.7471193075180054,0.252880722284317
PETS_CREDIT_high_eff_su2_r5_d6_b01__none,none,memgq_lattice_sticky,883a42269d6847aec70c,1,0,0,0.845761775970459,0.1542382389307022
PETS_CREDIT_high_eff_su2_r5_d6_b01__none,none,memgq_lattice_sticky,6bf07a3ff23f9e3249c5,1,0,0,0.7794114947319031,0.22058850526809692
PETS_CREDIT_high_eff_su2_r5_d6_b01__none,none,memgq_lattice_sticky,272c38b1ecd099be7890,1,0,0,0.8963727951049805,0.10362719744443893
PETS_CREDIT_high_eff_su2_r5_d6_b01__none,none,memgq_lattice_sticky,f2a589817382059b0dcc,1,0,0,0.8555614352226257,0.14443854987621307
PETS_CREDIT_high_eff_su2_r5_d6_b01__none,none,memgq_lattice_sticky,ab97fae957e08270ffce,1,1,1,0.17855675518512726,0.8214432597160339
PETS_CREDIT_high_eff_su2_r5_d6_b01__none,none,memgq_lattice_sticky,0674ce029ebb21d32e38,1,0,0,0.8856513500213623,0.1143486350774765
PETS_CREDIT_high_eff_su2_r5_d6_b01__none,none,memgq_lattice_sticky,a9752ae3047aff503fb3,1,1,0,0.8593719601631165,0.14062802493572235
PETS_CREDIT_high_eff_su2_r5_d6_b01__none,none,memgq_lattice_sticky,5b7629cbd1fb6e879520,1,1,0,0.807576596736908,0.19242341816425323
PETS_CREDIT_high_eff_su2_r5_d6_b01__none,none,memgq_lattice_sticky,4dde24d981dd8981f71f,1,0,0,0.8670793771743774,0.13292060792446136
PETS_CREDIT_high_eff_su2_r5_d6_b01__none,none,memgq_lattice_sticky,4df4658f2eb41564da87,1,0,0,0.8760824203491211,0.12391757220029831
PETS_CREDIT_high_eff_su2_r5_d6_b01__none,none,memgq_lattice_sticky,ab00e756b29c98fd6674,1,0,0,0.7802681922912598,0.21973183751106262
PETS_CREDIT_high_eff_su2_r5_d6_b01__none,none,memgq_lattice_sticky,69ef03b5c6f4f7ecef33,1,0,0,0.8727143406867981,0.1272856891155243
PETS_CREDIT_high_eff_su2_r5_d6_b01__none,none,memgq_lattice_sticky,dba69027df0122535f19,1,0,0,0.8932738900184631,0.10672614723443985
PETS_CREDIT_high_eff_su2_r5_d6_b01__none,none,memgq_lattice_sticky,cbd912351cdbc83a9184,1,0,1,0.10800012946128845,0.8919999003410339
PETS_CREDIT_high_eff_su2_r5_d6_b01__none,none,memgq_lattice_sticky,7be2869c238aa35d440a,1,1,0,0.8842592239379883,0.1157408058643341
PETS_CREDIT_high_eff_su2_r5_d6_b01__none,none,memgq_lattice_sticky,7ce1135db7560daf7e70,1,0,0,0.8324898481369019,0.16751012206077576
PETS_CREDIT_high_eff_su2_r5_d6_b01__none,none,memgq_lattice_sticky,988a4b4dcb53bafffb01,1,0,0,0.7893088459968567,0.21069112420082092
PETS_CREDIT_high_eff_su2_r5_d6_b01__none,none,memgq_lattice_sticky,66fa33821884d4568b02,1,0,0,0.7558853626251221,0.24411462247371674
PETS_CREDIT_high_eff_su2_r5_d6_b01__none,none,memgq_lattice_sticky,f073d35785cf76f1409c,1,1,0,0.82430100440979,0.17569899559020996
PETS_CREDIT_high_eff_su2_r5_d6_b01__none,none,memgq_lattice_sticky,6c0e663b6848864dc914,1,0,0,0.8001862168312073,0.19981379806995392
PETS_CREDIT_high_eff_su2_r5_d6_b01__none,none,memgq_lattice_sticky,14865093b1485a5c3a41,1,0,0,0.7778759598731995,0.22212406992912292
PETS_CREDIT_high_eff_su2_r5_d6_b01__none,none,memgq_lattice_sticky,c4b2c9357254e51af6a9,1,0,0,0.8893924951553345,0.11060753464698792
PETS_CREDIT_high_eff_su2_r5_d6_b01__none,none,memgq_lattice_sticky,b0f47ae4b56b3aa4d111,1,0,0,0.8256224393844604,0.17437753081321716
PETS_CREDIT_high_eff_su2_r5_d6_b01__none,none,memgq_lattice_sticky,f05df67fe5ac7ed38643,1,0,0,0.8674109578132629,0.13258904218673706
PETS_CREDIT_high_eff_su2_r5_d6_b01__none,none,memgq_lattice_sticky,a55e4e1cd3465563efc4,1,0,0,0.8581831455230713,0.1418168991804123
PETS_CREDIT_high_eff_su2_r5_d6_b01__none,none,memgq_lattice_sticky,c9acdb61159286a4c2ce,1,0,0,0.7406466007232666,0.259353369474411
PETS_CREDIT_high_eff_su2_r5_d6_b01__none,none,memgq_lattice_sticky,6ea2a519a69c09016323,1,0,0,0.8819222450256348,0.11807776242494583
PETS_CREDIT_high_eff_su2_r5_d6_b01__none,none,memgq_lattice_sticky,f332cc500c7a62b19024,1,0,0,0.7970214486122131,0.20297856628894806
PETS_CREDIT_high_eff_su2_r5_d6_b01__none,none,memgq_lattice_sticky,6992a9babb7ae6302cb5,1,0,0,0.8604586720466614,0.13954129815101624
PETS_CREDIT_high_eff_su2_r5_d6_b01__none,none,memgq_lattice_sticky,d1d396dc69ac0aeade66,1,0,0,0.8290690779685974,0.1709309071302414
PETS_CREDIT_high_eff_su2_r5_d6_b01__none,none,memgq_lattice_sticky,4def6ca8e27be84aeb54,1,0,0,0.8934261202812195,0.10657387971878052
PETS_CREDIT_high_eff_su2_r5_d6_b01__none,none,memgq_lattice_sticky,d46f8b9f4d57f90db615,1,1,0,0.7293355464935303,0.2706644833087921
PETS_CREDIT_high_eff_su2_r5_d6_b01__none,none,memgq_lattice_sticky,347bd04364dce3c5342e,1,0,0,0.8883694410324097,0.11163055151700974
PETS_CREDIT_high_eff_su2_r5_d6_b01__none,none,memgq_lattice_sticky,32babcc385bd70eddb90,1,1,0,0.7666813135147095,0.23331867158412933
PETS_CREDIT_high_eff_su2_r5_d6_b01__none,none,memgq_lattice_sticky,0772d1e68bccea98e68f,1,0,1,0.17155924439430237,0.8284407258033752
PETS_CREDIT_high_eff_su2_r5_d6_b01__none,none,memgq_lattice_sticky,72bf8a475d5aa5538cd3,1,0,0,0.7460120320320129,0.25398799777030945
PETS_CREDIT_high_eff_su2_r5_d6_b01__none,none,memgq_lattice_sticky,092efc45ab978715a8fa,1,0,0,0.894191324710846,0.10580870509147644
PETS_CREDIT_high_eff_su2_r5_d6_b01__none,none,memgq_lattice_sticky,25bed8f88a506c4cc366,1,1,0,0.8767998814582825,0.12320014089345932
PETS_CREDIT_high_eff_su2_r5_d6_b01__none,none,memgq_lattice_sticky,c8a7bd1cd35ba1e89b80,1,0,0,0.8537742495536804,0.14622576534748077
PETS_CREDIT_high_eff_su2_r5_d6_b01__none,none,memgq_lattice_sticky,073dbbd888ef767c75de,1,0,0,0.7451893091201782,0.25481072068214417
PETS_CREDIT_high_eff_su2_r5_d6_b01__none,none,memgq_lattice_sticky,8f95586c1c6fb3f2a750,1,1,0,0.8291175365447998,0.170882448554039
PETS_CREDIT_high_eff_su2_r5_d6_b01__none,none,memgq_lattice_sticky,c75c31af2389cc3a594f,1,0,0,0.8978959321975708,0.10210400819778442
PETS_CREDIT_high_eff_su2_r5_d6_b01__none,none,memgq_lattice_sticky,bd6c7e8fd4e7879e23df,1,0,0,0.7347235679626465,0.2652764320373535
PETS_CREDIT_high_eff_su2_r5_d6_b01__none,none,memgq_lattice_sticky,072f10d00d9156aab9f2,1,0,0,0.8686602115631104,0.13133981823921204
PETS_CREDIT_high_eff_su2_r5_d6_b01__none,none,memgq_lattice_sticky,82d40bd4122f5c76cdfb,1,0,0,0.7373096942901611,0.26269036531448364
PETS_CREDIT_high_eff_su2_r5_d6_b01__none,none,memgq_lattice_sticky,81817fc85a01b1cc7dcf,1,0,0,0.7974501848220825,0.2025497853755951
PETS_CREDIT_high_eff_su2_r5_d6_b01__none,none,memgq_lattice_sticky,d75c3e52dbcaf5a5ec2a,1,0,0,0.7560155987739563,0.2439843714237213
PETS_CREDIT_high_eff_su2_r5_d6_b01__none,none,memgq_lattice_sticky,e0cf68ff7b13424759c5,1,1,1,0.143541619181633,0.8564583659172058
PETS_CREDIT_high_eff_su2_r5_d6_b01__none,none,memgq_lattice_sticky,92516ca36411fad7d9c9,1,0,0,0.8498688340187073,0.1501312255859375
PETS_CREDIT_high_eff_su2_r5_d6_b01__none,none,memgq_lattice_sticky,1dd9f8371cdcaa1758b3,1,0,0,0.7687025666236877,0.23129749298095703
PETS_CREDIT_high_eff_su2_r5_d6_b01__none,none,memgq_lattice_sticky,a4fc6b0808359418c098,1,0,0,0.7587211728096008,0.24127887189388275
PETS_CREDIT_high_eff_su2_r5_d6_b01__none,none,memgq_lattice_sticky,e07f107ec2deef516f4f,1,0,0,0.781275749206543,0.21872425079345703
PETS_CREDIT_high_eff_su2_r5_d6_b01__none,none,memgq_lattice_sticky,7311863aa70952806ffc,1,0,0,0.7268706560134888,0.27312934398651123
PETS_CREDIT_high_eff_su2_r5_d6_b01__none,none,memgq_lattice_sticky,eb849709f12c60edd50b,1,1,0,0.7550241351127625,0.24497590959072113
PETS_CREDIT_high_eff_su2_r5_d6_b01__none,none,memgq_lattice_sticky,0a09121dee0e5db09dfe,1,1,0,0.7936367392539978,0.206363245844841
PETS_CREDIT_high_eff_su2_r5_d6_b01__none,none,memgq_lattice_sticky,29a333df83b13ef7fea3,1,0,0,0.8976420164108276,0.10235803574323654
PETS_CREDIT_high_eff_su2_r5_d6_b01__none,none,memgq_lattice_sticky,b84ff32b3c14263b0dd5,1,1,1,0.21419374644756317,0.7858062982559204
PETS_CREDIT_high_eff_su2_r5_d6_b01__none,none,memgq_lattice_sticky,ae1704e8283a10912765,1,0,0,0.7489209175109863,0.2510790526866913
PETS_CREDIT_high_eff_su2_r5_d6_b01__none,none,memgq_lattice_sticky,78edbc6916b12b570866,1,0,0,0.8099616765975952,0.19003832340240479
PETS_CREDIT_high_eff_su2_r5_d6_b01__none,none,memgq_lattice_sticky,196d92dfff0523a23237,1,1,0,0.8265349268913269,0.1734650731086731
PETS_CREDIT_high_eff_su2_r5_d6_b01__none,none,memgq_lattice_sticky,c0daa10532a8487ca803,1,1,0,0.8248022794723511,0.17519769072532654
PETS_CREDIT_high_eff_su2_r5_d6_b01__none,none,memgq_lattice_sticky,a5b1091e7ec67f7a06ed,1,0,0,0.8965759873390198,0.10342402756214142
PETS_CREDIT_high_eff_su2_r5_d6_b01__none,none,memgq_lattice_sticky,bfa7b1aca5d187760a16,1,0,0,0.879967987537384,0.12003203481435776
PETS_CREDIT_high_eff_su2_r5_d6_b01__none,none,memgq_lattice_sticky,39f8154e08ad72170108,1,0,0,0.795332670211792,0.204667329788208
PETS_CREDIT_high_eff_su2_r5_d6_b01__none,none,memgq_lattice_sticky,2379dd478643b9cc0bc1,1,0,0,0.7566965818405151,0.24330340325832367
PETS_CREDIT_high_eff_su2_r5_d6_b01__none,none,memgq_lattice_sticky,418dd0dffa2f4aacf5a8,1,0,0,0.8201591968536377,0.1798408031463623
PETS_CREDIT_high_eff_su2_r5_d6_b01__none,none,memgq_lattice_sticky,26b6a5da65cdaeb8e184,1,0,0,0.8708640933036804,0.1291358768939972
PETS_CREDIT_high_eff_su2_r5_d6_b01__none,none,memgq_lattice_sticky,c50e57ca37a497df3a13,1,0,0,0.8749274015426636,0.12507264316082
PETS_CREDIT_high_eff_su2_r5_d6_b01__none,none,memgq_lattice_sticky,0ec364cc4624f409f87e,1,1,0,0.8401607275009155,0.15983928740024567
PETS_CREDIT_high_eff_su2_r5_d6_b01__none,none,memgq_lattice_sticky,49b15e9ec4784be42cd2,1,0,0,0.8144790530204773,0.1855209916830063
PETS_CREDIT_high_eff_su2_r5_d6_b01__none,none,memgq_lattice_sticky,ce8a11f272895da8cd7f,1,0,0,0.7962890267372131,0.20371098816394806
PETS_CREDIT_high_eff_su2_r5_d6_b01__none,none,memgq_lattice_sticky,f929be357f68bdda4236,1,0,0,0.8899345397949219,0.11006546765565872
PETS_CREDIT_high_eff_su2_r5_d6_b01__none,none,memgq_lattice_sticky,619b46d6086e6aad3d84,1,0,0,0.85390704870224,0.1460929811000824
PETS_CREDIT_high_eff_su2_r5_d6_b01__none,none,memgq_lattice_sticky,c91e3b5a028c06ad1f92,1,0,0,0.8231999278068542,0.17680004239082336
PETS_CREDIT_high_eff_su2_r5_d6_b01__none,none,memgq_lattice_sticky,f640cb068a6e0cafd8f7,1,0,0,0.8481960296630859,0.15180400013923645
PETS_CREDIT_high_eff_su2_r5_d6_b01__none,none,memgq_lattice_sticky,a1b01a469dc7802f51d3,1,0,0,0.7391350865364075,0.2608649432659149
PETS_CREDIT_high_eff_su2_r5_d6_b01__none,none,memgq_lattice_sticky,5cb75d859aa2d3df94b0,1,0,0,0.7940149903297424,0.20598500967025757
PETS_CREDIT_high_eff_su2_r5_d6_b01__none,none,memgq_lattice_sticky,5e48c11768cb070aefe6,1,1,1,0.25801602005958557,0.7419840097427368
PETS_CREDIT_high_eff_su2_r5_d6_b01__none,none,memgq_lattice_sticky,3ac7ac4bc65a6ffec899,1,0,0,0.8356356024742126,0.16436442732810974
PETS_CREDIT_high_eff_su2_r5_d6_b01__none,none,memgq_lattice_sticky,ac5f40db5db91c18a83b,1,1,1,0.2604063153266907,0.7395937442779541
PETS_CREDIT_high_eff_su2_r5_d6_b01__none,none,memgq_lattice_sticky,973b363916938dbaaf31,1,0,0,0.8244647979736328,0.1755352020263672
PETS_CREDIT_high_eff_su2_r5_d6_b01__none,none,memgq_lattice_sticky,df16a30c67111933fccc,1,0,0,0.8409971594810486,0.1590028703212738
PETS_CREDIT_high_eff_su2_r5_d6_b01__none,none,memgq_lattice_sticky,402e2e33d278085f817f,1,0,0,0.7903592586517334,0.209640771150589
PETS_CREDIT_high_eff_su2_r5_d6_b01__none,none,memgq_lattice_sticky,a62d80fa1349c54517ce,1,1,0,0.8332049250602722,0.1667950451374054
PETS_CREDIT_high_eff_su2_r5_d6_b01__none,none,memgq_lattice_sticky,d9170d275d5e05922e82,1,0,0,0.8722814917564392,0.12771855294704437
PETS_CREDIT_high_eff_su2_r5_d6_b01__none,none,memgq_lattice_sticky,01743ddf295d8f6b5a46,1,0,0,0.7672610878944397,0.23273888230323792
PETS_CREDIT_high_eff_su2_r5_d6_b01__none,none,memgq_lattice_sticky,e030c0aa4ae0f1011f2f,1,0,0,0.7672856450080872,0.23271438479423523
PETS_CREDIT_high_eff_su2_r5_d6_b01__none,none,memgq_lattice_sticky,bf465d63c434358f77e4,1,0,0,0.8877474665641785,0.11225255578756332
PETS_CREDIT_high_eff_su2_r5_d6_b01__none,none,memgq_lattice_sticky,9eb158e3cbe5bc901e26,1,1,1,0.13955232501029968,0.8604477047920227
PETS_CREDIT_high_eff_su2_r5_d6_b01__none,none,memgq_lattice_sticky,a6dfd0dc4ba32e6c00e6,1,0,0,0.8491125702857971,0.1508874148130417
PETS_CREDIT_high_eff_su2_r5_d6_b01__none,none,memgq_lattice_sticky,a5628044ec0880a52490,1,0,0,0.735953688621521,0.264046311378479
PETS_CREDIT_high_eff_su2_r5_d6_b01__none,none,memgq_lattice_sticky,4cfea97c73e6dbfbc698,1,0,0,0.7458134293556213,0.25418663024902344
PETS_CREDIT_high_eff_su2_r5_d6_b01__none,none,memgq_lattice_sticky,006df97946d214e0111f,1,0,0,0.8680835962295532,0.13191638886928558
PETS_CREDIT_high_eff_su2_r5_d6_b01__none,none,memgq_lattice_sticky,75e559f2a9928f47e4ef,1,0,0,0.7544309496879578,0.24556909501552582
PETS_CREDIT_high_eff_su2_r5_d6_b01__none,none,memgq_lattice_sticky,526cee77dcfea7ee8138,1,1,1,0.11540117859840393,0.8845988512039185
PETS_CREDIT_high_eff_su2_r5_d6_b01__none,none,memgq_lattice_sticky,2c2eb339de59d2b86f66,1,1,1,0.11330949515104294,0.8866904973983765
PETS_CREDIT_high_eff_su2_r5_d6_b01__none,none,memgq_lattice_sticky,fbbb0f469e10095b9cc1,1,0,0,0.7985983490943909,0.20140168070793152
PETS_CREDIT_high_eff_su2_r5_d6_b01__none,none,memgq_lattice_sticky,c2f9d20d5b53c00ef5f4,1,0,0,0.7551923394203186,0.2448076605796814
PETS_CREDIT_high_eff_su2_r5_d6_b01__none,none,memgq_lattice_sticky,1313972ddf1c6e9eb2c9,1,0,0,0.8115995526313782,0.18840044736862183
PETS_CREDIT_high_eff_su2_r5_d6_b01__none,none,memgq_lattice_sticky,775e0bc8a00b354d7d21,0,0,0,0.8802411556243896,0.11975885927677155
PETS_CREDIT_high_eff_su2_r5_d6_b01__none,none,memgq_lattice_sticky,19eaeaae64289dba8ce8,0,0,0,0.8808232545852661,0.11917677521705627
PETS_CREDIT_high_eff_su2_r5_d6_b01__none,none,memgq_lattice_sticky,af85096b9d68ea111a40,0,0,0,0.8406254649162292,0.15937454998493195
PETS_CREDIT_high_eff_su2_r5_d6_b01__none,none,memgq_lattice_sticky,eb58b2ec144b95696995,0,0,0,0.8471023440361023,0.1528977006673813
PETS_CREDIT_high_eff_su2_r5_d6_b01__none,none,memgq_lattice_sticky,c87adcad5c5b8bacab20,0,0,0,0.872566282749176,0.12743371725082397
PETS_CREDIT_high_eff_su2_r5_d6_b01__none,none,memgq_lattice_sticky,8b38dcbabda11b315cba,0,1,0,0.8465452194213867,0.15345482528209686
PETS_CREDIT_high_eff_su2_r5_d6_b01__none,none,memgq_lattice_sticky,46cf73574cd89d5b0a38,0,0,0,0.7684779167175293,0.2315220683813095
PETS_CREDIT_high_eff_su2_r5_d6_b01__none,none,memgq_lattice_sticky,f1d5fbea8d8fc197f689,0,1,0,0.8226640820503235,0.1773359477519989
PETS_CREDIT_high_eff_su2_r5_d6_b01__none,none,memgq_lattice_sticky,0ccf866b02ec9d1e0e17,0,1,1,0.15463456511497498,0.8453654646873474
PETS_CREDIT_high_eff_su2_r5_d6_b01__none,none,memgq_lattice_sticky,3bb90fb9f41d8cd780fb,0,0,0,0.8333794474601746,0.16662058234214783
PETS_CREDIT_high_eff_su2_r5_d6_b01__none,none,memgq_lattice_sticky,b1bdd9f125cf64d76133,0,0,0,0.8167559504508972,0.1832440346479416
PETS_CREDIT_high_eff_su2_r5_d6_b01__none,none,memgq_lattice_sticky,eb21418ddcffa69cc01e,0,0,0,0.8804096579551697,0.11959037184715271
PETS_CREDIT_high_eff_su2_r5_d6_b01__none,none,memgq_lattice_sticky,512bf5d49257f12e0379,0,0,0,0.879382848739624,0.1206170991063118
PETS_CREDIT_high_eff_su2_r5_d6_b01__none,none,memgq_lattice_sticky,6feab55c27ef6fd8098c,0,0,0,0.8101658821105957,0.1898341178894043
PETS_CREDIT_high_eff_su2_r5_d6_b01__none,none,memgq_lattice_sticky,05d5b5a237e6011985dc,0,0,0,0.8435699343681335,0.15643003582954407
PETS_CREDIT_high_eff_su2_r5_d6_b01__none,none,memgq_lattice_sticky,508544f059d9966fa4fd,0,1,0,0.8481456637382507,0.15185435116291046
PETS_CREDIT_high_eff_su2_r5_d6_b01__none,none,memgq_lattice_sticky,02b75fde595a1ffcf156,0,0,0,0.7576472759246826,0.24235273897647858
PETS_CREDIT_high_eff_su2_r5_d6_b01__none,none,memgq_lattice_sticky,3a50f7141ac819d29be9,0,0,0,0.7847138047218323,0.2152862250804901
PETS_CREDIT_high_eff_su2_r5_d6_b01__none,none,memgq_lattice_sticky,76e22647644159c9f31f,0,0,0,0.8820590972900391,0.11794089525938034
PETS_CREDIT_high_eff_su2_r5_d6_b01__none,none,memgq_lattice_sticky,ded01dd09f53e3f3edc7,0,1,0,0.7820793390274048,0.2179206907749176
PETS_CREDIT_high_eff_su2_r5_d6_b01__none,none,memgq_lattice_sticky,516fe3ca66f5f580688d,0,0,1,0.19476014375686646,0.8052398562431335
PETS_CREDIT_high_eff_su2_r5_d6_b01__none,none,memgq_lattice_sticky,7dbb07f72b26cae53e10,0,0,0,0.7921711802482605,0.2078288197517395
PETS_CREDIT_high_eff_su2_r5_d6_b01__none,none,memgq_lattice_sticky,65e0c3d4f1bee9081f1e,0,0,0,0.8176364898681641,0.18236345052719116
PETS_CREDIT_high_eff_su2_r5_d6_b01__none,none,memgq_lattice_sticky,05cfc0ff414af47c03a5,0,0,0,0.7856943011283875,0.21430569887161255
PETS_CREDIT_high_eff_su2_r5_d6_b01__none,none,memgq_lattice_sticky,ada868403e0aacd584e1,0,0,0,0.8581966757774353,0.14180338382720947
PETS_CREDIT_high_eff_su2_r5_d6_b01__none,none,memgq_lattice_sticky,4007b1ad7da10c650d44,0,0,0,0.8054671883583069,0.1945328414440155
PETS_CREDIT_high_eff_su2_r5_d6_b01__none,none,memgq_lattice_sticky,d31cd7debcfc574857b7,0,0,0,0.7830892205238342,0.21691077947616577
PETS_CREDIT_high_eff_su2_r5_d6_b01__none,none,memgq_lattice_sticky,5e54efebb9b29b940c99,0,0,0,0.8660281896591187,0.13397184014320374
PETS_CREDIT_high_eff_su2_r5_d6_b01__none,none,memgq_lattice_sticky,454315dad33a268150e0,0,0,0,0.7624392509460449,0.23756076395511627
PETS_CREDIT_high_eff_su2_r5_d6_b01__none,none,memgq_lattice_sticky,b224dfc19404bbda9ee4,0,0,0,0.8928210139274597,0.10717898607254028
PETS_CREDIT_high_eff_su2_r5_d6_b01__none,none,memgq_lattice_sticky,bbee22d3ea243b98e36f,0,0,1,0.2191677987575531,0.7808322310447693
PETS_CREDIT_high_eff_su2_r5_d6_b01__none,none,memgq_lattice_sticky,53501233f30eb80e8d05,0,0,0,0.8496105074882507,0.15038949251174927
PETS_CREDIT_high_eff_su2_r5_d6_b01__none,none,memgq_lattice_sticky,d988f293d7bb6d4a8ab7,0,1,0,0.7527661323547363,0.24723391234874725
PETS_CREDIT_high_eff_su2_r5_d6_b01__none,none,memgq_lattice_sticky,545cb2ecd34d5146e49a,0,0,0,0.7393210530281067,0.2606789171695709
PETS_CREDIT_high_eff_su2_r5_d6_b01__none,none,memgq_lattice_sticky,fedc0dc11aeb9674f49a,0,1,1,0.23563836514949799,0.7643616199493408
PETS_CREDIT_high_eff_su2_r5_d6_b01__none,none,memgq_lattice_sticky,838fb6514f9d13f5f89a,0,0,0,0.861524760723114,0.13847528398036957
PETS_CREDIT_high_eff_su2_r5_d6_b01__none,none,memgq_lattice_sticky,a024fa1846e4335ade36,0,0,0,0.8720549941062927,0.12794502079486847
PETS_CREDIT_high_eff_su2_r5_d6_b01__none,none,memgq_lattice_sticky,dd5f176581699325a9b1,0,0,0,0.7556629180908203,0.2443370819091797
PETS_CREDIT_high_eff_su2_r5_d6_b01__none,none,memgq_lattice_sticky,45b2f42889463dbbbda3,0,1,1,0.2245534360408783,0.7754465341567993
PETS_CREDIT_high_eff_su2_r5_d6_b01__none,none,memgq_lattice_sticky,5c479147049976461a13,0,0,1,0.1452474147081375,0.8547526001930237
PETS_CREDIT_high_eff_su2_r5_d6_b01__none,none,memgq_lattice_sticky,5ff6b7662bfef65ea0bd,0,0,0,0.878089189529419,0.12191083282232285
PETS_CREDIT_high_eff_su2_r5_d6_b01__none,none,memgq_lattice_sticky,f83af86a0376fc684202,0,1,0,0.8334695100784302,0.16653047502040863
PETS_CREDIT_high_eff_su2_r5_d6_b01__none,none,memgq_lattice_sticky,49ba0900d21d03ea42a9,0,0,0,0.8661258816719055,0.13387414813041687
PETS_CREDIT_high_eff_su2_r5_d6_b01__none,none,memgq_lattice_sticky,d7c5bc379679e38af136,0,0,0,0.8221292495727539,0.17787078022956848
PETS_CREDIT_high_eff_su2_r5_d6_b01__none,none,memgq_lattice_sticky,1de5fd2a3f26ba72a9c1,0,0,0,0.8597856760025024,0.14021429419517517
PETS_CREDIT_high_eff_su2_r5_d6_b01__none,none,memgq_lattice_sticky,9905912b0d924a7b3ca5,0,0,0,0.8891063332557678,0.11089364439249039
PETS_CREDIT_high_eff_su2_r5_d6_b01__none,none,memgq_lattice_sticky,a0c6458763e7f0d7b722,0,0,0,0.8849121332168579,0.1150878369808197
PETS_CREDIT_high_eff_su2_r5_d6_b01__none,none,memgq_lattice_sticky,6146ee4e50398bd2590b,0,0,0,0.7752484083175659,0.2247515618801117
PETS_CREDIT_high_eff_su2_r5_d6_b01__none,none,memgq_lattice_sticky,c4c052470c6698896a64,0,1,0,0.7525030970573425,0.24749693274497986
PETS_CREDIT_high_eff_su2_r5_d6_b01__none,none,memgq_lattice_sticky,d4f5d45b61b7bb9d81d2,0,0,0,0.8113465905189514,0.18865343928337097
PETS_CREDIT_high_eff_su2_r5_d6_b01__none,none,memgq_lattice_sticky,8b2149d6d65d7dff0391,0,0,0,0.8553361892700195,0.14466384053230286
PETS_CREDIT_high_eff_su2_r5_d6_b01__none,none,memgq_lattice_sticky,2f0ee475d6ce6c987db1,0,0,0,0.8679049015045166,0.1320950835943222
PETS_CREDIT_high_eff_su2_r5_d6_b01__none,none,memgq_lattice_sticky,9e70744c580dba073780,0,0,0,0.8865871429443359,0.11341287195682526
PETS_CREDIT_high_eff_su2_r5_d6_b01__none,none,memgq_lattice_sticky,2c3b25125281e8e5ea14,0,0,0,0.7895552515983582,0.21044477820396423
PETS_CREDIT_high_eff_su2_r5_d6_b01__none,none,memgq_lattice_sticky,d324c41c466449fc77a4,0,1,1,0.18736091256141663,0.8126391172409058
PETS_CREDIT_high_eff_su2_r5_d6_b01__none,none,memgq_lattice_sticky,b2afd8ac93139c6436ca,0,1,0,0.8573400974273682,0.14265990257263184
PETS_CREDIT_high_eff_su2_r5_d6_b01__none,none,memgq_lattice_sticky,f0873fcaa4725b7b28fd,0,0,0,0.7351151704788208,0.2648848295211792
PETS_CREDIT_high_eff_su2_r5_d6_b01__none,none,memgq_lattice_sticky,33f2ea1bb1c7d6a437bf,0,1,1,0.1771850734949112,0.82281494140625
PETS_CREDIT_high_eff_su2_r5_d6_b01__none,none,memgq_lattice_sticky,63426de2bcac10c978ef,0,0,0,0.8809414505958557,0.11905856430530548
PETS_CREDIT_high_eff_su2_r5_d6_b01__none,none,memgq_lattice_sticky,6083c35ef0dd27c47f39,0,0,0,0.8804942965507507,0.11950574815273285
PETS_CREDIT_high_eff_su2_r5_d6_b01__none,none,memgq_lattice_sticky,9ac4b9bb1cccbe8c8162,0,1,0,0.7467591762542725,0.2532408535480499
PETS_CREDIT_high_eff_su2_r5_d6_b01__none,none,memgq_lattice_sticky,15e0146e9b8967882d3c,0,1,1,0.1533229649066925,0.8466770052909851
PETS_CREDIT_high_eff_su2_r5_d6_b01__none,none,memgq_lattice_sticky,37dc9fbd1cc1b8e7aeec,0,0,0,0.7528145909309387,0.24718540906906128
PETS_CREDIT_high_eff_su2_r5_d6_b01__none,none,memgq_lattice_sticky,9e00c9a73f8502e1beb6,0,0,0,0.8906591534614563,0.1093408465385437
PETS_CREDIT_high_eff_su2_r5_d6_b01__none,none,memgq_lattice_sticky,91f87ca67e3c04007486,0,0,0,0.8761280179023743,0.12387200444936752
PETS_CREDIT_high_eff_su2_r5_d6_b01__none,none,memgq_lattice_sticky,c6f44b9c0cc7a4317767,0,0,0,0.8458914160728455,0.15410861372947693
PETS_CREDIT_high_eff_su2_r5_d6_b01__none,none,memgq_lattice_sticky,cd6bf5351920ef71b772,0,0,0,0.8349436521530151,0.16505636274814606
PETS_CREDIT_high_eff_su2_r5_d6_b01__none,none,memgq_lattice_sticky,8dcf26c9f074a4b5de0e,0,0,0,0.8644468784332275,0.13555310666561127
PETS_CREDIT_high_eff_su2_r5_d6_b01__none,none,memgq_lattice_sticky,de98a8baab2807797bb8,0,0,0,0.8896039724349976,0.11039602011442184
PETS_CREDIT_high_eff_su2_r5_d6_b01__none,none,memgq_lattice_sticky,f28c583d896798880d4b,0,1,1,0.19857677817344666,0.8014232516288757
PETS_CREDIT_high_eff_su2_r5_d6_b01__none,none,memgq_lattice_sticky,ac56169f19bc768a992f,0,0,0,0.8913666605949402,0.10863333195447922
PETS_CREDIT_high_eff_su2_r5_d6_b01__none,none,memgq_lattice_sticky,3921b288ed88010b2bd2,0,0,0,0.8035134673118591,0.19648657739162445
PETS_CREDIT_high_eff_su2_r5_d6_b01__none,none,memgq_lattice_sticky,0988ebf7cfaacc632363,0,0,0,0.8325468301773071,0.16745319962501526
PETS_CREDIT_high_eff_su2_r5_d6_b01__none,none,memgq_lattice_sticky,19f22c4a26ede80db5bc,0,0,0,0.8749990463256836,0.1250009387731552
PETS_CREDIT_high_eff_su2_r5_d6_b01__none,none,memgq_lattice_sticky,96c64f83677ec33bce29,0,0,0,0.772204577922821,0.22779548168182373
PETS_CREDIT_high_eff_su2_r5_d6_b01__none,none,memgq_lattice_sticky,9843ca85067735c6a50c,0,0,1,0.21509358286857605,0.7849063873291016
PETS_CREDIT_high_eff_su2_r5_d6_b01__none,none,memgq_lattice_sticky,12ef83c14d018f8929c0,0,0,0,0.8606671690940857,0.1393328458070755
PETS_CREDIT_high_eff_su2_r5_d6_b01__none,none,memgq_lattice_sticky,9b5637baba30c32741f7,0,0,0,0.792546272277832,0.20745375752449036
PETS_CREDIT_high_eff_su2_r5_d6_b01__none,none,memgq_lattice_sticky,82ebd78d69582401b822,0,1,0,0.7729881405830383,0.22701190412044525
PETS_CREDIT_high_eff_su2_r5_d6_b01__none,none,memgq_lattice_sticky,c154986c4ac0e18baa8e,0,0,0,0.767876923084259,0.23212310671806335
PETS_CREDIT_high_eff_su2_r5_d6_b01__none,none,memgq_lattice_sticky,5c1eaee6580358b55afc,0,1,0,0.751771867275238,0.24822816252708435
PETS_CREDIT_high_eff_su2_r5_d6_b01__none,none,memgq_lattice_sticky,cb251470deed8436762a,0,0,0,0.8927897810935974,0.10721027106046677
PETS_CREDIT_high_eff_su2_r5_d6_b01__none,none,memgq_lattice_sticky,da5f5efb7790004fff98,0,0,0,0.7944164276123047,0.2055835723876953
PETS_CREDIT_high_eff_su2_r5_d6_b01__none,none,memgq_lattice_sticky,a1971c19af6fbce2a2b8,0,0,0,0.8558287024497986,0.1441713124513626
PETS_CREDIT_high_eff_su2_r5_d6_b01__none,none,memgq_lattice_sticky,f88c75f25b6e20b11d53,0,1,1,0.251970112323761,0.7480299472808838
PETS_CREDIT_high_eff_su2_r5_d6_b01__none,none,memgq_lattice_sticky,625fbebab124d6b6cfe9,0,0,0,0.8357027769088745,0.1642972081899643
PETS_CREDIT_high_eff_su2_r5_d6_b01__none,none,memgq_lattice_sticky,aad721f07309f09ae48b,0,0,0,0.892217218875885,0.10778278857469559
PETS_CREDIT_high_eff_su2_r5_d6_b01__none,none,memgq_lattice_sticky,3e5959b02df8356effc1,0,0,0,0.8338515162467957,0.16614848375320435
PETS_CREDIT_high_eff_su2_r5_d6_b01__none,none,memgq_lattice_sticky,13bc0e5e62e93ee9e11f,0,0,0,0.8948747515678406,0.10512527823448181
PETS_CREDIT_high_eff_su2_r5_d6_b01__none,none,memgq_lattice_sticky,d4552063b883befa7f1f,0,1,0,0.7784999012947083,0.22150008380413055
PETS_CREDIT_high_eff_su2_r5_d6_b01__none,none,memgq_lattice_sticky,9737e13af29b3e71e58d,0,0,0,0.8199894428253174,0.1800105720758438
PETS_CREDIT_high_eff_su2_r5_d6_b01__none,none,memgq_lattice_sticky,65878445affdd2869314,0,0,0,0.7467905282974243,0.25320950150489807
PETS_CREDIT_high_eff_su2_r5_d6_b01__none,none,memgq_lattice_sticky,c9b4e83642e08382f4a6,0,0,0,0.7449691295623779,0.25503087043762207
PETS_CREDIT_high_eff_su2_r5_d6_b01__none,none,memgq_lattice_sticky,e68ff9c46623f5834b2a,0,0,0,0.8182567954063416,0.18174318969249725
PETS_CREDIT_high_eff_su2_r5_d6_b01__none,none,memgq_lattice_sticky,ee145a9d7a0dd082d343,0,0,0,0.8002640008926392,0.19973599910736084
PETS_CREDIT_high_eff_su2_r5_d6_b01__none,none,memgq_lattice_sticky,8b77bc8a325b32f8d38a,0,1,0,0.7347074747085571,0.26529255509376526
PETS_CREDIT_high_eff_su2_r5_d6_b01__none,none,memgq_lattice_sticky,15902995b3e0e8fdafb5,0,1,0,0.7819905877113342,0.21800941228866577
PETS_CREDIT_high_eff_su2_r5_d6_b01__none,none,memgq_lattice_sticky,442418c1ce6eee466e66,0,0,0,0.7788467407226562,0.22115325927734375
PETS_CREDIT_high_eff_su2_r5_d6_b01__none,none,memgq_lattice_sticky,cdbf66466c43de4d3398,0,0,0,0.8178355693817139,0.18216440081596375
PETS_CREDIT_high_eff_su2_r5_d6_b01__none,none,memgq_lattice_sticky,d219a9acadf7d11fea78,0,0,0,0.8782641887664795,0.12173580378293991
