target_id,training_defense,defense,record_id,membership,true_label,predicted_label,probability_0,probability_1
PETS_CREDIT_high_eff_su2_r5_d6_b04__none,none,none,22730a71b34176a3ba37,1,0,0,0.9099085927009583,0.09009142965078354
PETS_CREDIT_high_eff_su2_r5_d6_b04__none,none,none,01e7168ae2a624ff9916,1,0,0,0.9518294930458069,0.04817044734954834
PETS_CREDIT_high_eff_su2_r5_d6_b04__none,none,none,d8e3c3c718aea110b2d9,1,0,0,0.8294528126716614,0.17054714262485504
PETS_CREDIT_high_eff_su2_r5_d6_b04__none,none,none,bf5a9031a45524933e21,1,0,0,0.5048407316207886,0.4951592683792114
PETS_CREDIT_high_eff_su2_r5_d6_b04__none,none,none,7311863aa70952806ffc,1,0,0,0.934381365776062,0.0656186044216156
PETS_CREDIT_high_eff_su2_r5_d6_b04__none,none,none,0772d1e68bccea98e68f,1,1,0,0.6083336472511292,0.39166635274887085
PETS_CREDIT_high_eff_su2_r5_d6_b04__none,none,none,f073d35785cf76f1409c,1,0,0,0.7254989147186279,0.2745010554790497
PETS_CREDIT_high_eff_su2_r5_d6_b04__none,none,none,006df97946d214e0111f,1,1,0,0.7697200179100037,0.23027998208999634
PETS_CREDIT_high_eff_su2_r5_d6_b04__none,none,none,7673e8a0f0b037cc51e5,1,1,1,0.35880526900291443,0.6411947011947632
PETS_CREDIT_high_eff_su2_r5_d6_b04__none,none,none,7be2869c238aa35d440a,1,0,0,0.5183911919593811,0.4816088378429413
PETS_CREDIT_high_eff_su2_r5_d6_b04__none,none,none,85bbf6f61dd23b95b6e7,1,0,0,0.9812679886817932,0.018731938675045967
PETS_CREDIT_high_eff_su2_r5_d6_b04__none,none,none,e07f107ec2deef516f4f,1,0,0,0.9656277298927307,0.03437221422791481
PETS_CREDIT_high_eff_su2_r5_d6_b04__none,none,none,70d271c728323ea28d90,1,0,0,0.9994540214538574,0.000545998103916645
PETS_CREDIT_high_eff_su2_r5_d6_b04__none,none,none,69ef03b5c6f4f7ecef33,1,0,0,0.990805447101593,0.009194464422762394
PETS_CREDIT_high_eff_su2_r5_d6_b04__none,none,none,5b7629cbd1fb6e879520,1,0,0,0.9998785853385925,0.00012149476970080286
PETS_CREDIT_high_eff_su2_r5_d6_b04__none,none,none,526cee77dcfea7ee8138,1,1,0,0.5687966346740723,0.4312033951282501
PETS_CREDIT_high_eff_su2_r5_d6_b04__none,none,none,a62d80fa1349c54517ce,1,0,0,0.9050874710083008,0.09491259604692459
PETS_CREDIT_high_eff_su2_r5_d6_b04__none,none,none,daf2c33eb0f2b7518584,1,0,0,0.9128351807594299,0.08716483414173126
PETS_CREDIT_high_eff_su2_r5_d6_b04__none,none,none,d2c3d34fb102babfa194,1,0,0,0.990047812461853,0.009952111169695854
PETS_CREDIT_high_eff_su2_r5_d6_b04__none,none,none,d606f1831b9734bb90e1,1,1,0,0.5385780334472656,0.4614219665527344
PETS_CREDIT_high_eff_su2_r5_d6_b04__none,none,none,a5628044ec0880a52490,1,0,0,0.8181462287902832,0.18185371160507202
PETS_CREDIT_high_eff_su2_r5_d6_b04__none,none,none,4df4658f2eb41564da87,1,0,0,0.9938785433769226,0.006121446378529072
PETS_CREDIT_high_eff_su2_r5_d6_b04__none,none,none,c4b2c9357254e51af6a9,1,0,0,0.9643877148628235,0.03561227768659592
PETS_CREDIT_high_eff_su2_r5_d6_b04__none,none,none,0ffd3e39286157b02ad4,1,0,0,0.8856186866760254,0.11438124626874924
PETS_CREDIT_high_eff_su2_r5_d6_b04__none,none,none,24e13410bd96d58bb8a8,1,0,0,0.9329711198806763,0.0670289471745491
PETS_CREDIT_high_eff_su2_r5_d6_b04__none,none,none,26f8e0268dd95cba45fd,1,0,1,0.44505786895751953,0.5549421310424805
PETS_CREDIT_high_eff_su2_r5_d6_b04__none,none,none,08a6c27fcb32f81ff375,1,0,0,0.9815723896026611,0.018427567556500435
PETS_CREDIT_high_eff_su2_r5_d6_b04__none,none,none,4def6ca8e27be84aeb54,1,0,0,0.6332358717918396,0.3667641282081604
PETS_CREDIT_high_eff_su2_r5_d6_b04__none,none,none,75e559f2a9928f47e4ef,1,0,0,0.9407932162284851,0.05920679122209549
PETS_CREDIT_high_eff_su2_r5_d6_b04__none,none,none,c490de3382c28742eeb6,1,0,0,0.7316504120826721,0.2683495581150055
PETS_CREDIT_high_eff_su2_r5_d6_b04__none,none,none,c75c31af2389cc3a594f,1,0,0,0.8753455877304077,0.12465450167655945
PETS_CREDIT_high_eff_su2_r5_d6_b04__none,none,none,78edbc6916b12b570866,1,0,0,0.8246103525161743,0.1753896176815033
PETS_CREDIT_high_eff_su2_r5_d6_b04__none,none,none,5f9c02f5ec03a28e4f53,1,1,1,0.2871777415275574,0.7128223180770874
PETS_CREDIT_high_eff_su2_r5_d6_b04__none,none,none,2c3058336909d855b1f0,1,0,0,0.8980289101600647,0.10197111964225769
PETS_CREDIT_high_eff_su2_r5_d6_b04__none,none,none,1819fe5c399a17316fee,1,1,0,0.7378700971603394,0.26212993264198303
PETS_CREDIT_high_eff_su2_r5_d6_b04__none,none,none,4b8fbfef25d81e60d4a6,1,0,0,0.8008382320404053,0.1991618275642395
PETS_CREDIT_high_eff_su2_r5_d6_b04__none,none,none,108acbd92e651db6ac49,1,0,0,0.8845921158790588,0.11540787667036057
PETS_CREDIT_high_eff_su2_r5_d6_b04__none,none,none,c536d8f2ff559c7756e7,1,0,0,0.9387903809547424,0.06120968610048294
PETS_CREDIT_high_eff_su2_r5_d6_b04__none,none,none,8d289eb2b513288c6cba,1,1,1,0.3676447570323944,0.6323553323745728
PETS_CREDIT_high_eff_su2_r5_d6_b04__none,none,none,b0f47ae4b56b3aa4d111,1,0,0,0.952741801738739,0.047258179634809494
PETS_CREDIT_high_eff_su2_r5_d6_b04__none,none,none,f2a589817382059b0dcc,1,0,0,0.7678646445274353,0.23213541507720947
PETS_CREDIT_high_eff_su2_r5_d6_b04__none,none,none,5cb75d859aa2d3df94b0,1,1,1,0.2995646297931671,0.7004354596138
PETS_CREDIT_high_eff_su2_r5_d6_b04__none,none,none,58cb80b3d0535cb4343a,1,0,1,0.45307835936546326,0.5469216704368591
PETS_CREDIT_high_eff_su2_r5_d6_b04__none,none,none,f3ca91dd8e5aba8d83d9,1,0,0,0.9842497706413269,0.01575026661157608
PETS_CREDIT_high_eff_su2_r5_d6_b04__none,none,none,6c0e663b6848864dc914,1,0,0,0.7341169118881226,0.2658831477165222
PETS_CREDIT_high_eff_su2_r5_d6_b04__none,none,none,f929be357f68bdda4236,1,0,0,0.9740229845046997,0.025977062061429024
PETS_CREDIT_high_eff_su2_r5_d6_b04__none,none,none,356e520dcf3a6473ffb2,1,0,0,0.9381564855575562,0.061843518167734146
PETS_CREDIT_high_eff_su2_r5_d6_b04__none,none,none,d75c3e52dbcaf5a5ec2a,1,0,0,0.9680790305137634,0.031921032816171646
PETS_CREDIT_high_eff_su2_r5_d6_b04__none,none,none,01743ddf295d8f6b5a46,1,1,0,0.7139738202095032,0.2860261797904968
PETS_CREDIT_high_eff_su2_r5_d6_b04__none,none,none,f97851146238bb9a3754,1,0,0,0.9944204688072205,0.005579517688602209
PETS_CREDIT_high_eff_su2_r5_d6_b04__none,none,none,1dd9f8371cdcaa1758b3,1,0,0,0.9958488941192627,0.004151065368205309
PETS_CREDIT_high_eff_su2_r5_d6_b04__none,none,none,ae429a6a1d645aacb94e,1,0,0,0.6530333757400513,0.34696653485298157
PETS_CREDIT_high_eff_su2_r5_d6_b04__none,none,none,073dbbd888ef767c75de,1,0,0,0.8822740912437439,0.11772582679986954
PETS_CREDIT_high_eff_su2_r5_d6_b04__none,none,none,6ea2a519a69c09016323,1,0,0,0.9241882562637329,0.0758117213845253
PETS_CREDIT_high_eff_su2_r5_d6_b04__none,none,none,8d5ec20ca179ede5da84,1,1,0,0.5686943531036377,0.43130558729171753
PETS_CREDIT_high_eff_su2_r5_d6_b04__none,none,none,092efc45ab978715a8fa,1,1,0,0.7138622999191284,0.2861376702785492
PETS_CREDIT_high_eff_su2_r5_d6_b04__none,none,none,c05d34fbff8b3f10a857,1,0,0,0.6248992681503296,0.3751007616519928
PETS_CREDIT_high_eff_su2_r5_d6_b04__none,none,none,cec5a851be4f6e7c0887,1,1,1,0.2199997901916504,0.7800002694129944
PETS_CREDIT_high_eff_su2_r5_d6_b04__none,none,none,a230bf08b60c3cd268df,1,0,0,0.8048135042190552,0.19518649578094482
PETS_CREDIT_high_eff_su2_r5_d6_b04__none,none,none,e030c0aa4ae0f1011f2f,1,0,0,0.7240907549858093,0.2759092450141907
PETS_CREDIT_high_eff_su2_r5_d6_b04__none,none,none,5383d08662564ec7ab0d,1,1,1,0.46172529458999634,0.5382747054100037
PETS_CREDIT_high_eff_su2_r5_d6_b04__none,none,none,25bed8f88a506c4cc366,1,1,0,0.6921303868293762,0.30786964297294617
PETS_CREDIT_high_eff_su2_r5_d6_b04__none,none,none,39f8154e08ad72170108,1,0,0,0.9257294535636902,0.07427061349153519
PETS_CREDIT_high_eff_su2_r5_d6_b04__none,none,none,f0c1637eb1fa5204c581,1,0,1,0.2768288552761078,0.7231711149215698
PETS_CREDIT_high_eff_su2_r5_d6_b04__none,none,none,bf465d63c434358f77e4,1,0,0,0.8075693249702454,0.19243067502975464
PETS_CREDIT_high_eff_su2_r5_d6_b04__none,none,none,4b85b1f42c0154e0d47c,1,0,0,0.9667801856994629,0.0332198403775692
PETS_CREDIT_high_eff_su2_r5_d6_b04__none,none,none,5d21e75cb6066696e6e2,1,0,0,0.9838380813598633,0.01616191305220127
PETS_CREDIT_high_eff_su2_r5_d6_b04__none,none,none,11ccb38ba9653d61e950,1,0,0,0.6809272170066833,0.31907278299331665
PETS_CREDIT_high_eff_su2_r5_d6_b04__none,none,none,c50e57ca37a497df3a13,1,0,0,0.8867286443710327,0.11327135562896729
PETS_CREDIT_high_eff_su2_r5_d6_b04__none,none,none,eb849709f12c60edd50b,1,1,1,0.4771564304828644,0.5228435397148132
PETS_CREDIT_high_eff_su2_r5_d6_b04__none,none,none,a6dfd0dc4ba32e6c00e6,1,0,0,0.87857985496521,0.1214202418923378
PETS_CREDIT_high_eff_su2_r5_d6_b04__none,none,none,e3e282f64bed70282149,1,0,0,0.9820235967636108,0.017976393923163414
PETS_CREDIT_high_eff_su2_r5_d6_b04__none,none,none,877b93e6aa8797d2cd0b,1,0,0,0.9801536798477173,0.01984628103673458
PETS_CREDIT_high_eff_su2_r5_d6_b04__none,none,none,26b6a5da65cdaeb8e184,1,0,0,0.9800698161125183,0.019930148497223854
PETS_CREDIT_high_eff_su2_r5_d6_b04__none,none,none,0674ce029ebb21d32e38,1,0,0,0.9891824722290039,0.010817425325512886
PETS_CREDIT_high_eff_su2_r5_d6_b04__none,none,none,cbd912351cdbc83a9184,1,0,0,0.8249920010566711,0.17500798404216766
PETS_CREDIT_high_eff_su2_r5_d6_b04__none,none,none,b91b8614dbf7826436cf,1,0,0,0.871574878692627,0.12842519581317902
PETS_CREDIT_high_eff_su2_r5_d6_b04__none,none,none,e76cce60bc3507d0d7b2,1,0,0,0.7201123237609863,0.27988776564598083
PETS_CREDIT_high_eff_su2_r5_d6_b04__none,none,none,16e3ff8c6f696f231824,1,1,1,0.33839520812034607,0.6616047620773315
PETS_CREDIT_high_eff_su2_r5_d6_b04__none,none,none,7ce1135db7560daf7e70,1,0,0,0.9605568051338196,0.03944313898682594
PETS_CREDIT_high_eff_su2_r5_d6_b04__none,none,none,3ac7ac4bc65a6ffec899,1,1,0,0.506535530090332,0.49346449971199036
PETS_CREDIT_high_eff_su2_r5_d6_b04__none,none,none,693c448a296e96fc4d08,1,0,0,0.78658127784729,0.21341878175735474
PETS_CREDIT_high_eff_su2_r5_d6_b04__none,none,none,dba69027df0122535f19,1,0,0,0.8251407146453857,0.17485927045345306
PETS_CREDIT_high_eff_su2_r5_d6_b04__none,none,none,8fe0ac3103b5acc00cdc,1,0,0,0.9999949336051941,5.132746991876047e-06
PETS_CREDIT_high_eff_su2_r5_d6_b04__none,none,none,d46f8b9f4d57f90db615,1,1,0,0.561712920665741,0.4382871389389038
PETS_CREDIT_high_eff_su2_r5_d6_b04__none,none,none,61afce8119059a5cee82,1,0,0,0.9954842329025269,0.004515755921602249
PETS_CREDIT_high_eff_su2_r5_d6_b04__none,none,none,66fa33821884d4568b02,1,0,0,0.8390169739723206,0.16098305583000183
PETS_CREDIT_high_eff_su2_r5_d6_b04__none,none,none,4dde24d981dd8981f71f,1,0,0,0.9688865542411804,0.031113432720303535
PETS_CREDIT_high_eff_su2_r5_d6_b04__none,none,none,ce8a11f272895da8cd7f,1,0,0,0.9049064517021179,0.09509357810020447
PETS_CREDIT_high_eff_su2_r5_d6_b04__none,none,none,6a75db22a6087741eef2,1,1,0,0.7781633138656616,0.22183667123317719
PETS_CREDIT_high_eff_su2_r5_d6_b04__none,none,none,72bf8a475d5aa5538cd3,1,0,0,0.8964233994483948,0.1035766750574112
PETS_CREDIT_high_eff_su2_r5_d6_b04__none,none,none,1c7eb9e50fc08e5f8cf0,1,0,0,0.9406257271766663,0.05937427282333374
PETS_CREDIT_high_eff_su2_r5_d6_b04__none,none,none,b84ff32b3c14263b0dd5,1,0,0,0.8451443314552307,0.1548556536436081
PETS_CREDIT_high_eff_su2_r5_d6_b04__none,none,none,a9752ae3047aff503fb3,1,0,0,0.9564348459243774,0.04356510937213898
PETS_CREDIT_high_eff_su2_r5_d6_b04__none,none,none,6f47824d3363865de61a,1,0,0,0.955305814743042,0.0446941964328289
PETS_CREDIT_high_eff_su2_r5_d6_b04__none,none,none,6093ce809aa33ce6693b,1,1,0,0.5850167274475098,0.41498324275016785
PETS_CREDIT_high_eff_su2_r5_d6_b04__none,none,none,c053f623dd8f2bfb7915,1,1,1,0.2935352623462677,0.7064647078514099
PETS_CREDIT_high_eff_su2_r5_d6_b04__none,none,none,f1068bd99413d081a271,1,0,0,0.957101047039032,0.04289893060922623
PETS_CREDIT_high_eff_su2_r5_d6_b04__none,none,none,ab00e756b29c98fd6674,1,0,0,0.9484933018684387,0.051506683230400085
PETS_CREDIT_high_eff_su2_r5_d6_b04__none,none,none,1313972ddf1c6e9eb2c9,1,0,0,0.6870225071907043,0.31297746300697327
PETS_CREDIT_high_eff_su2_r5_d6_b04__none,none,none,cca86135655a3f3f0727,0,0,0,0.9043708443641663,0.09562920778989792
PETS_CREDIT_high_eff_su2_r5_d6_b04__none,none,none,93a3d4057fcaa594a8d6,0,0,0,0.9978668093681335,0.0021332597825676203
PETS_CREDIT_high_eff_su2_r5_d6_b04__none,none,none,973b033623e52ecc534b,0,0,0,0.7791134715080261,0.22088654339313507
PETS_CREDIT_high_eff_su2_r5_d6_b04__none,none,none,d7b3b622ad501cc46324,0,0,0,0.9289999008178711,0.0710001215338707
PETS_CREDIT_high_eff_su2_r5_d6_b04__none,none,none,5ccd79222ef1b5250d91,0,0,0,0.8012856841087341,0.19871431589126587
PETS_CREDIT_high_eff_su2_r5_d6_b04__none,none,none,64f43af80af04a1795e2,0,1,0,0.9617282748222351,0.03827178105711937
PETS_CREDIT_high_eff_su2_r5_d6_b04__none,none,none,94b5f1f88153a9cadc61,0,0,0,0.7482761144638062,0.2517237961292267
PETS_CREDIT_high_eff_su2_r5_d6_b04__none,none,none,9d16b315411ee80bab47,0,1,0,0.9284048676490784,0.07159505784511566
PETS_CREDIT_high_eff_su2_r5_d6_b04__none,none,none,346b2d56d8b09d426f47,0,1,0,0.5043931007385254,0.495606929063797
PETS_CREDIT_high_eff_su2_r5_d6_b04__none,none,none,4c434bf56ebb2774a731,0,0,0,0.831232488155365,0.168767511844635
PETS_CREDIT_high_eff_su2_r5_d6_b04__none,none,none,c54deb95c61200776a89,0,0,0,0.6869838237762451,0.3130160868167877
PETS_CREDIT_high_eff_su2_r5_d6_b04__none,none,none,a75b386334feb544e4d2,0,0,0,0.8787049055099487,0.12129516154527664
PETS_CREDIT_high_eff_su2_r5_d6_b04__none,none,none,625f2e57e0e6a02526b6,0,0,0,0.8519211411476135,0.1480787992477417
PETS_CREDIT_high_eff_su2_r5_d6_b04__none,none,none,2cecf3fe4ef6ad144c88,0,0,0,0.9654238224029541,0.034576185047626495
PETS_CREDIT_high_eff_su2_r5_d6_b04__none,none,none,4c4445ff57fc497b680a,0,0,0,0.9840883016586304,0.015911703929305077
PETS_CREDIT_high_eff_su2_r5_d6_b04__none,none,none,4c4d8f9748cad40f5244,0,1,0,0.8346246480941772,0.16537532210350037
PETS_CREDIT_high_eff_su2_r5_d6_b04__none,none,none,9ebfa8a19f66465c515a,0,0,0,0.6494191288948059,0.3505808115005493
PETS_CREDIT_high_eff_su2_r5_d6_b04__none,none,none,06b8005b0fc375383b1e,0,0,0,0.5656951665878296,0.4343048334121704
PETS_CREDIT_high_eff_su2_r5_d6_b04__none,none,none,7e7ddba4c04376ff7a44,0,0,0,0.6958708763122559,0.30412915349006653
PETS_CREDIT_high_eff_su2_r5_d6_b04__none,none,none,6d1c41efb24b3abb9035,0,1,0,0.6490362882614136,0.35096368193626404
PETS_CREDIT_high_eff_su2_r5_d6_b04__none,none,none,47955bec8c8c8b0d6ecd,0,0,0,0.9715001583099365,0.028499800711870193
PETS_CREDIT_high_eff_su2_r5_d6_b04__none,none,none,90aa3dc827baf03a0b7f,0,0,0,0.7587019205093384,0.241298109292984
PETS_CREDIT_high_eff_su2_r5_d6_b04__none,none,none,4159bb910f35e10214c2,0,0,0,0.901830792427063,0.09816919267177582
PETS_CREDIT_high_eff_su2_r5_d6_b04__none,none,none,8dcf26c9f074a4b5de0e,0,0,0,0.5304650664329529,0.4695349335670471
PETS_CREDIT_high_eff_su2_r5_d6_b04__none,none,none,6732cf9cccc2b370e663,0,0,0,0.999782383441925,0.00021760628442279994
PETS_CREDIT_high_eff_su2_r5_d6_b04__none,none,none,df58da5e9ce0493bef89,0,0,0,0.7610369920730591,0.2389630228281021
PETS_CREDIT_high_eff_su2_r5_d6_b04__none,none,none,fa627b253289aa8a3a5a,0,0,0,0.9522590041160583,0.04774097353219986
PETS_CREDIT_high_eff_su2_r5_d6_b04__none,none,none,2478313b949e4a19fec5,0,0,0,0.5230438709259033,0.47695615887641907
PETS_CREDIT_high_eff_su2_r5_d6_b04__none,none,none,a6f8faff37efe9eca5fe,0,0,1,0.4982615113258362,0.5017384886741638
PETS_CREDIT_high_eff_su2_r5_d6_b04__none,none,none,65387b844cf38bc1d41b,0,0,0,0.9781602025032043,0.021839819848537445
PETS_CREDIT_high_eff_su2_r5_d6_b04__none,none,none,471df40f4bdddddc09ec,0,0,0,0.9943596720695496,0.005640394985675812
PETS_CREDIT_high_eff_su2_r5_d6_b04__none,none,none,e443a43c3c6ede470732,0,0,1,0.48963022232055664,0.5103697776794434
PETS_CREDIT_high_eff_su2_r5_d6_b04__none,none,none,825b566ac4e2dd570f93,0,1,0,0.6522090435028076,0.34779098629951477
PETS_CREDIT_high_eff_su2_r5_d6_b04__none,none,none,0624e96e01e475f2d70d,0,0,1,0.4370362460613251,0.5629637837409973
PETS_CREDIT_high_eff_su2_r5_d6_b04__none,none,none,ca9443d2383be5fa47ca,0,1,0,0.9504557251930237,0.04954433813691139
PETS_CREDIT_high_eff_su2_r5_d6_b04__none,none,none,6df7b8af4894c02f1865,0,0,0,0.641255259513855,0.35874471068382263
PETS_CREDIT_high_eff_su2_r5_d6_b04__none,none,none,30264bd9cc543cb1bc1b,0,0,0,0.7111006379127502,0.28889936208724976
PETS_CREDIT_high_eff_su2_r5_d6_b04__none,none,none,c98e7a188d21f2d4c7c5,0,0,0,0.8562254905700684,0.14377456903457642
PETS_CREDIT_high_eff_su2_r5_d6_b04__none,none,none,937f20d886953965c7b1,0,1,0,0.857631266117096,0.14236877858638763
PETS_CREDIT_high_eff_su2_r5_d6_b04__none,none,none,d8bd80969a4223b1746d,0,0,1,0.3058353662490845,0.6941645741462708
PETS_CREDIT_high_eff_su2_r5_d6_b04__none,none,none,bc3373c58239a59432ac,0,0,0,0.9455916285514832,0.054408345371484756
PETS_CREDIT_high_eff_su2_r5_d6_b04__none,none,none,b3371873eab16dced88c,0,1,1,0.45934179425239563,0.5406582355499268
PETS_CREDIT_high_eff_su2_r5_d6_b04__none,none,none,6dbce1b9dac4e77ed833,0,0,0,0.7669036984443665,0.23309633135795593
PETS_CREDIT_high_eff_su2_r5_d6_b04__none,none,none,8c2904b6884ba667a797,0,0,0,0.9847718477249146,0.015228153206408024
PETS_CREDIT_high_eff_su2_r5_d6_b04__none,none,none,97bf1ade2e61ae053afc,0,0,0,0.9606351852416992,0.039364833384752274
PETS_CREDIT_high_eff_su2_r5_d6_b04__none,none,none,39d2470b5cfce5a9dfa1,0,0,0,0.8644230961799622,0.13557693362236023
PETS_CREDIT_high_eff_su2_r5_d6_b04__none,none,none,3122b20f9c469ddb4810,0,0,0,0.9275617003440857,0.0724383071064949
PETS_CREDIT_high_eff_su2_r5_d6_b04__none,none,none,e68ff9c46623f5834b2a,0,0,1,0.44969168305397034,0.550308346748352
PETS_CREDIT_high_eff_su2_r5_d6_b04__none,none,none,d1055eb78a6d9b7fa791,0,1,0,0.5692682266235352,0.43073174357414246
PETS_CREDIT_high_eff_su2_r5_d6_b04__none,none,none,4c332882bcff4acb2ed2,0,0,0,0.8274177312850952,0.17258235812187195
PETS_CREDIT_high_eff_su2_r5_d6_b04__none,none,none,7b0ce802ad5497661e33,0,0,0,0.6929183602333069,0.3070816695690155
PETS_CREDIT_high_eff_su2_r5_d6_b04__none,none,none,c98cde411f4e9cfe8503,0,0,0,0.9848843812942505,0.015115628018975258
PETS_CREDIT_high_eff_su2_r5_d6_b04__none,none,none,91ecfc572b28d735ec3e,0,0,0,0.6953583359718323,0.30464163422584534
PETS_CREDIT_high_eff_su2_r5_d6_b04__none,none,none,69b90a23be71904d6905,0,0,1,0.44571471214294434,0.5542852878570557
PETS_CREDIT_high_eff_su2_r5_d6_b04__none,none,none,cb251470deed8436762a,0,1,0,0.9229028224945068,0.07709717750549316
PETS_CREDIT_high_eff_su2_r5_d6_b04__none,none,none,7d19854c5fdfa1af681e,0,1,0,0.7926442623138428,0.20735576748847961
PETS_CREDIT_high_eff_su2_r5_d6_b04__none,none,none,06ee5a3883b6b9927026,0,0,0,0.7422248721122742,0.2577751576900482
PETS_CREDIT_high_eff_su2_r5_d6_b04__none,none,none,b8cb40bb8e46070c6af0,0,1,0,0.8864110112190247,0.11358898133039474
PETS_CREDIT_high_eff_su2_r5_d6_b04__none,none,none,afd889d9e791dab1a1b4,0,0,0,0.9289034008979797,0.07109659165143967
PETS_CREDIT_high_eff_su2_r5_d6_b04__none,none,none,6083c35ef0dd27c47f39,0,0,0,0.7456886172294617,0.25431138277053833
PETS_CREDIT_high_eff_su2_r5_d6_b04__none,none,none,da5f5efb7790004fff98,0,1,0,0.8878209590911865,0.11217902600765228
PETS_CREDIT_high_eff_su2_r5_d6_b04__none,none,none,5c479147049976461a13,0,1,1,0.4693186581134796,0.5306814312934875
PETS_CREDIT_high_eff_su2_r5_d6_b04__none,none,none,14312160764496aa382a,0,0,0,0.992573618888855,0.00742639135569334
PETS_CREDIT_high_eff_su2_r5_d6_b04__none,none,none,9d233cff809c5f6dd546,0,0,0,0.7705681324005127,0.2294318825006485
PETS_CREDIT_high_eff_su2_r5_d6_b04__none,none,none,4e60f65b085fd771a8c4,0,0,0,0.7033389210700989,0.2966611087322235
PETS_CREDIT_high_eff_su2_r5_d6_b04__none,none,none,37535abfe732af5462f7,0,0,1,0.31854334473609924,0.6814566850662231
PETS_CREDIT_high_eff_su2_r5_d6_b04__none,none,none,f87aed46b0f59636b333,0,0,0,0.987937331199646,0.01206277310848236
PETS_CREDIT_high_eff_su2_r5_d6_b04__none,none,none,9214bdad11cf5b0f5788,0,0,0,0.6465443968772888,0.3534556031227112
PETS_CREDIT_high_eff_su2_r5_d6_b04__none,none,none,f40c60357e781eae3f45,0,0,0,0.9730811715126038,0.02691875584423542
PETS_CREDIT_high_eff_su2_r5_d6_b04__none,none,none,3a38d3079b87b1aa292b,0,1,0,0.9127354621887207,0.0872645452618599
PETS_CREDIT_high_eff_su2_r5_d6_b04__none,none,none,4a3bcd4fea4982030225,0,0,0,0.8344250917434692,0.16557489335536957
PETS_CREDIT_high_eff_su2_r5_d6_b04__none,none,none,7301e169f41de2491f0b,0,0,0,0.9166525602340698,0.08334746211767197
PETS_CREDIT_high_eff_su2_r5_d6_b04__none,none,none,9d1731de0429f4b3ede0,0,0,0,0.8541108965873718,0.14588914811611176
PETS_CREDIT_high_eff_su2_r5_d6_b04__none,none,none,02c2bed1ae0faa5e978c,0,0,0,0.99998939037323,1.0551738341746386e-05
PETS_CREDIT_high_eff_su2_r5_d6_b04__none,none,none,3aa5377d8103c2a302f9,0,0,0,0.9080009460449219,0.09199900925159454
PETS_CREDIT_high_eff_su2_r5_d6_b04__none,none,none,900a77e140fe19ac5b22,0,0,0,0.732979953289032,0.2670201361179352
PETS_CREDIT_high_eff_su2_r5_d6_b04__none,none,none,f7de620d7b4f5fb68cb9,0,0,0,0.992104709148407,0.007895396091043949
PETS_CREDIT_high_eff_su2_r5_d6_b04__none,none,none,e2c7c70e125f8ae4563a,0,0,0,0.8271376490592957,0.1728624403476715
PETS_CREDIT_high_eff_su2_r5_d6_b04__none,none,none,beec71fbc035761ebf29,0,1,0,0.7153548002243042,0.2846451997756958
PETS_CREDIT_high_eff_su2_r5_d6_b04__none,none,none,4010d1d0fc60044b7e83,0,0,1,0.29213201999664307,0.7078679203987122
PETS_CREDIT_high_eff_su2_r5_d6_b04__none,none,none,5c1eaee6580358b55afc,0,1,1,0.20668023824691772,0.7933197021484375
PETS_CREDIT_high_eff_su2_r5_d6_b04__none,none,none,c90f1b219a38e04f4cc7,0,0,0,0.6540671586990356,0.34593284130096436
PETS_CREDIT_high_eff_su2_r5_d6_b04__none,none,none,501ff1b3b1c21ddafc81,0,0,0,0.8638368844985962,0.13616320490837097
PETS_CREDIT_high_eff_su2_r5_d6_b04__none,none,none,b268b4355d3aa1ad71a0,0,0,0,0.8957046866416931,0.10429538786411285
PETS_CREDIT_high_eff_su2_r5_d6_b04__none,none,none,b690772de8eb14084d30,0,1,0,0.6751249432563782,0.32487502694129944
PETS_CREDIT_high_eff_su2_r5_d6_b04__none,none,none,0f0ec6f2889f1d9d2876,0,0,1,0.34384167194366455,0.6561583280563354
PETS_CREDIT_high_eff_su2_r5_d6_b04__none,none,none,2e900caa6bf6a7e56807,0,0,0,0.6841437816619873,0.31585627794265747
PETS_CREDIT_high_eff_su2_r5_d6_b04__none,none,none,4f0494096de7c3e95dac,0,0,0,0.7839136719703674,0.21608637273311615
PETS_CREDIT_high_eff_su2_r5_d6_b04__none,none,none,596626b705098d0557d3,0,0,1,0.41388139128685,0.5861186981201172
PETS_CREDIT_high_eff_su2_r5_d6_b04__none,none,none,0835edef9bf74dc85154,0,1,0,0.9114775061607361,0.0885225161910057
PETS_CREDIT_high_eff_su2_r5_d6_b04__none,none,none,50d6a72e9df1572d930d,0,0,1,0.28081732988357544,0.7191827297210693
PETS_CREDIT_high_eff_su2_r5_d6_b04__none,none,none,8494f9397dc92fe2fad1,0,0,0,0.8671181797981262,0.13288195431232452
PETS_CREDIT_high_eff_su2_r5_d6_b04__none,none,none,0213e86909d7343e3153,0,0,0,0.676009476184845,0.32399049401283264
PETS_CREDIT_high_eff_su2_r5_d6_b04__none,none,none,201287d880b5985ef4a2,0,0,0,0.9954936504364014,0.004506278317421675
PETS_CREDIT_high_eff_su2_r5_d6_b04__none,none,none,49b53c88d2fd487545a7,0,0,0,0.9632678627967834,0.03673205152153969
PETS_CREDIT_high_eff_su2_r5_d6_b04__none,none,none,6751bc7d476a144861a8,0,1,1,0.4067593812942505,0.5932406783103943
PETS_CREDIT_high_eff_su2_r5_d6_b04__none,none,none,6f5019cb3d8767f239fd,0,1,1,0.43094944953918457,0.5690504908561707
PETS_CREDIT_high_eff_su2_r5_d6_b04__none,none,none,3c2f11d4e9612d037e21,0,0,0,0.91533362865448,0.08466636389493942
PETS_CREDIT_high_eff_su2_r5_d6_b04__none,none,none,cdbf66466c43de4d3398,0,0,0,0.9986991286277771,0.0013008464593440294
PETS_CREDIT_high_eff_su2_r5_d6_b04__none,none,none,656fda897d18551f93f0,0,0,0,0.8858055472373962,0.11419443041086197
PETS_CREDIT_high_eff_su2_r5_d6_b04__none,none,dynanoise,22730a71b34176a3ba37,1,0,0,0.572062075138092,0.42793792486190796
PETS_CREDIT_high_eff_su2_r5_d6_b04__none,none,dynanoise,01e7168ae2a624ff9916,1,0,0,0.5863334536552429,0.4136665165424347
PETS_CREDIT_high_eff_su2_r5_d6_b04__none,none,dynanoise,d8e3c3c718aea110b2d9,1,0,0,0.5689001679420471,0.4310998022556305
PETS_CREDIT_high_eff_su2_r5_d6_b04__none,none,dynanoise,bf5a9031a45524933e21,1,0,1,0.4698365032672882,0.5301634669303894
PETS_CREDIT_high_eff_su2_r5_d6_b04__none,none,dynanoise,7311863aa70952806ffc,1,0,1,0.4904973804950714,0.509502649307251
PETS_CREDIT_high_eff_su2_r5_d6_b04__none,none,dynanoise,0772d1e68bccea98e68f,1,1,0,0.5068719387054443,0.49312806129455566
PETS_CREDIT_high_eff_su2_r5_d6_b04__none,none,dynanoise,f073d35785cf76f1409c,1,0,0,0.5355163812637329,0.4644835889339447
PETS_CREDIT_high_eff_su2_r5_d6_b04__none,none,dynanoise,006df97946d214e0111f,1,1,0,0.5062741041183472,0.49372589588165283
PETS_CREDIT_high_eff_su2_r5_d6_b04__none,none,dynanoise,7673e8a0f0b037cc51e5,1,1,1,0.48603540658950806,0.5139646530151367
PETS_CREDIT_high_eff_su2_r5_d6_b04__none,none,dynanoise,7be2869c238aa35d440a,1,0,0,0.505172610282898,0.49482741951942444
PETS_CREDIT_high_eff_su2_r5_d6_b04__none,none,dynanoise,85bbf6f61dd23b95b6e7,1,0,0,0.6180676817893982,0.3819323182106018
PETS_CREDIT_high_eff_su2_r5_d6_b04__none,none,dynanoise,e07f107ec2deef516f4f,1,0,0,0.5646659731864929,0.43533405661582947
PETS_CREDIT_high_eff_su2_r5_d6_b04__none,none,dynanoise,70d271c728323ea28d90,1,0,0,0.7160966396331787,0.2839033603668213
PETS_CREDIT_high_eff_su2_r5_d6_b04__none,none,dynanoise,69ef03b5c6f4f7ecef33,1,0,0,0.5724543929100037,0.4275456368923187
PETS_CREDIT_high_eff_su2_r5_d6_b04__none,none,dynanoise,5b7629cbd1fb6e879520,1,0,0,0.693790078163147,0.3062099516391754
PETS_CREDIT_high_eff_su2_r5_d6_b04__none,none,dynanoise,526cee77dcfea7ee8138,1,1,0,0.5065658092498779,0.49343419075012207
PETS_CREDIT_high_eff_su2_r5_d6_b04__none,none,dynanoise,a62d80fa1349c54517ce,1,0,0,0.5898016691207886,0.4101983308792114
PETS_CREDIT_high_eff_su2_r5_d6_b04__none,none,dynanoise,daf2c33eb0f2b7518584,1,0,0,0.5676898956298828,0.4323100745677948
PETS_CREDIT_high_eff_su2_r5_d6_b04__none,none,dynanoise,d2c3d34fb102babfa194,1,0,0,0.55174320936203,0.4482567608356476
PETS_CREDIT_high_eff_su2_r5_d6_b04__none,none,dynanoise,d606f1831b9734bb90e1,1,1,0,0.5164859890937805,0.4835140109062195
PETS_CREDIT_high_eff_su2_r5_d6_b04__none,none,dynanoise,a5628044ec0880a52490,1,0,0,0.5219184160232544,0.478081613779068
PETS_CREDIT_high_eff_su2_r5_d6_b04__none,none,dynanoise,4df4658f2eb41564da87,1,0,0,0.5649275779724121,0.4350724220275879
PETS_CREDIT_high_eff_su2_r5_d6_b04__none,none,dynanoise,c4b2c9357254e51af6a9,1,0,0,0.5973570346832275,0.40264296531677246
PETS_CREDIT_high_eff_su2_r5_d6_b04__none,none,dynanoise,0ffd3e39286157b02ad4,1,0,0,0.5363066792488098,0.4636932909488678
PETS_CREDIT_high_eff_su2_r5_d6_b04__none,none,dynanoise,24e13410bd96d58bb8a8,1,0,0,0.5043484568595886,0.495651513338089
PETS_CREDIT_high_eff_su2_r5_d6_b04__none,none,dynanoise,26f8e0268dd95cba45fd,1,0,1,0.4600503742694855,0.5399496555328369
PETS_CREDIT_high_eff_su2_r5_d6_b04__none,none,dynanoise,08a6c27fcb32f81ff375,1,0,0,0.5905293822288513,0.4094706177711487
PETS_CREDIT_high_eff_su2_r5_d6_b04__none,none,dynanoise,4def6ca8e27be84aeb54,1,0,0,0.551346480846405,0.4486534893512726
PETS_CREDIT_high_eff_su2_r5_d6_b04__none,none,dynanoise,75e559f2a9928f47e4ef,1,0,0,0.5873885750770569,0.4126114249229431
PETS_CREDIT_high_eff_su2_r5_d6_b04__none,none,dynanoise,c490de3382c28742eeb6,1,0,0,0.5209248065948486,0.47907525300979614
PETS_CREDIT_high_eff_su2_r5_d6_b04__none,none,dynanoise,c75c31af2389cc3a594f,1,0,0,0.5259889960289001,0.47401097416877747
PETS_CREDIT_high_eff_su2_r5_d6_b04__none,none,dynanoise,78edbc6916b12b570866,1,0,0,0.5146169066429138,0.4853830933570862
PETS_CREDIT_high_eff_su2_r5_d6_b04__none,none,dynanoise,5f9c02f5ec03a28e4f53,1,1,0,0.5002189874649048,0.4997810423374176
PETS_CREDIT_high_eff_su2_r5_d6_b04__none,none,dynanoise,2c3058336909d855b1f0,1,0,0,0.5545193552970886,0.445480614900589
PETS_CREDIT_high_eff_su2_r5_d6_b04__none,none,dynanoise,1819fe5c399a17316fee,1,1,0,0.5234771966934204,0.4765228033065796
PETS_CREDIT_high_eff_su2_r5_d6_b04__none,none,dynanoise,4b8fbfef25d81e60d4a6,1,0,0,0.5277950763702393,0.47220489382743835
PETS_CREDIT_high_eff_su2_r5_d6_b04__none,none,dynanoise,108acbd92e651db6ac49,1,0,0,0.5485897064208984,0.45141029357910156
PETS_CREDIT_high_eff_su2_r5_d6_b04__none,none,dynanoise,c536d8f2ff559c7756e7,1,0,0,0.5282096266746521,0.4717903733253479
PETS_CREDIT_high_eff_su2_r5_d6_b04__none,none,dynanoise,8d289eb2b513288c6cba,1,1,0,0.5041040182113647,0.49589604139328003
PETS_CREDIT_high_eff_su2_r5_d6_b04__none,none,dynanoise,b0f47ae4b56b3aa4d111,1,0,0,0.6015678644180298,0.3984321057796478
PETS_CREDIT_high_eff_su2_r5_d6_b04__none,none,dynanoise,f2a589817382059b0dcc,1,0,0,0.5618027448654175,0.43819722533226013
PETS_CREDIT_high_eff_su2_r5_d6_b04__none,none,dynanoise,5cb75d859aa2d3df94b0,1,1,1,0.41483575105667114,0.5851642489433289
PETS_CREDIT_high_eff_su2_r5_d6_b04__none,none,dynanoise,58cb80b3d0535cb4343a,1,0,0,0.5195391774177551,0.4804608225822449
PETS_CREDIT_high_eff_su2_r5_d6_b04__none,none,dynanoise,f3ca91dd8e5aba8d83d9,1,0,0,0.569891095161438,0.430108904838562
PETS_CREDIT_high_eff_su2_r5_d6_b04__none,none,dynanoise,6c0e663b6848864dc914,1,0,0,0.5702232122421265,0.4297768473625183
PETS_CREDIT_high_eff_su2_r5_d6_b04__none,none,dynanoise,f929be357f68bdda4236,1,0,0,0.6240471005439758,0.37595289945602417
PETS_CREDIT_high_eff_su2_r5_d6_b04__none,none,dynanoise,356e520dcf3a6473ffb2,1,0,0,0.5494207143783569,0.45057934522628784
PETS_CREDIT_high_eff_su2_r5_d6_b04__none,none,dynanoise,d75c3e52dbcaf5a5ec2a,1,0,0,0.5942847728729248,0.4057152569293976
PETS_CREDIT_high_eff_su2_r5_d6_b04__none,none,dynanoise,01743ddf295d8f6b5a46,1,1,0,0.5081559419631958,0.4918440878391266
PETS_CREDIT_high_eff_su2_r5_d6_b04__none,none,dynanoise,f97851146238bb9a3754,1,0,0,0.6538564562797546,0.34614360332489014
PETS_CREDIT_high_eff_su2_r5_d6_b04__none,none,dynanoise,1dd9f8371cdcaa1758b3,1,0,0,0.6262038350105286,0.37379613518714905
PETS_CREDIT_high_eff_su2_r5_d6_b04__none,none,dynanoise,ae429a6a1d645aacb94e,1,0,0,0.5108698606491089,0.4891301393508911
PETS_CREDIT_high_eff_su2_r5_d6_b04__none,none,dynanoise,073dbbd888ef767c75de,1,0,0,0.5626773238182068,0.4373227059841156
PETS_CREDIT_high_eff_su2_r5_d6_b04__none,none,dynanoise,6ea2a519a69c09016323,1,0,0,0.5594490766525269,0.44055089354515076
PETS_CREDIT_high_eff_su2_r5_d6_b04__none,none,dynanoise,8d5ec20ca179ede5da84,1,1,1,0.48497140407562256,0.5150285959243774
PETS_CREDIT_high_eff_su2_r5_d6_b04__none,none,dynanoise,092efc45ab978715a8fa,1,1,0,0.529085099697113,0.4709148705005646
PETS_CREDIT_high_eff_su2_r5_d6_b04__none,none,dynanoise,c05d34fbff8b3f10a857,1,0,0,0.5380933880805969,0.46190664172172546
PETS_CREDIT_high_eff_su2_r5_d6_b04__none,none,dynanoise,cec5a851be4f6e7c0887,1,1,1,0.4424234926700592,0.5575764775276184
PETS_CREDIT_high_eff_su2_r5_d6_b04__none,none,dynanoise,a230bf08b60c3cd268df,1,0,0,0.5282530784606934,0.47174695134162903
PETS_CREDIT_high_eff_su2_r5_d6_b04__none,none,dynanoise,e030c0aa4ae0f1011f2f,1,0,0,0.5189726948738098,0.4810273349285126
PETS_CREDIT_high_eff_su2_r5_d6_b04__none,none,dynanoise,5383d08662564ec7ab0d,1,1,0,0.5089958310127258,0.49100416898727417
PETS_CREDIT_high_eff_su2_r5_d6_b04__none,none,dynanoise,25bed8f88a506c4cc366,1,1,0,0.5514747500419617,0.44852522015571594
PETS_CREDIT_high_eff_su2_r5_d6_b04__none,none,dynanoise,39f8154e08ad72170108,1,0,0,0.612359344959259,0.38764068484306335
PETS_CREDIT_high_eff_su2_r5_d6_b04__none,none,dynanoise,f0c1637eb1fa5204c581,1,0,0,0.5245452523231506,0.47545474767684937
PETS_CREDIT_high_eff_su2_r5_d6_b04__none,none,dynanoise,bf465d63c434358f77e4,1,0,0,0.5629733800888062,0.43702661991119385
PETS_CREDIT_high_eff_su2_r5_d6_b04__none,none,dynanoise,4b85b1f42c0154e0d47c,1,0,0,0.5722350478172302,0.4277649521827698
PETS_CREDIT_high_eff_su2_r5_d6_b04__none,none,dynanoise,5d21e75cb6066696e6e2,1,0,0,0.6554966568946838,0.34450334310531616
PETS_CREDIT_high_eff_su2_r5_d6_b04__none,none,dynanoise,11ccb38ba9653d61e950,1,0,0,0.5294336676597595,0.47056636214256287
PETS_CREDIT_high_eff_su2_r5_d6_b04__none,none,dynanoise,c50e57ca37a497df3a13,1,0,0,0.6013855338096619,0.39861443638801575
PETS_CREDIT_high_eff_su2_r5_d6_b04__none,none,dynanoise,eb849709f12c60edd50b,1,1,1,0.49272215366363525,0.5072778463363647
PETS_CREDIT_high_eff_su2_r5_d6_b04__none,none,dynanoise,a6dfd0dc4ba32e6c00e6,1,0,0,0.5242502689361572,0.4757497012615204
PETS_CREDIT_high_eff_su2_r5_d6_b04__none,none,dynanoise,e3e282f64bed70282149,1,0,0,0.5641599297523499,0.43584004044532776
PETS_CREDIT_high_eff_su2_r5_d6_b04__none,none,dynanoise,877b93e6aa8797d2cd0b,1,0,0,0.6501861214637756,0.34981390833854675
PETS_CREDIT_high_eff_su2_r5_d6_b04__none,none,dynanoise,26b6a5da65cdaeb8e184,1,0,0,0.5788207054138184,0.42117926478385925
PETS_CREDIT_high_eff_su2_r5_d6_b04__none,none,dynanoise,0674ce029ebb21d32e38,1,0,0,0.5720885396003723,0.4279114902019501
PETS_CREDIT_high_eff_su2_r5_d6_b04__none,none,dynanoise,cbd912351cdbc83a9184,1,0,0,0.5445343852043152,0.4554655849933624
PETS_CREDIT_high_eff_su2_r5_d6_b04__none,none,dynanoise,b91b8614dbf7826436cf,1,0,0,0.5747236013412476,0.4252764582633972
PETS_CREDIT_high_eff_su2_r5_d6_b04__none,none,dynanoise,e76cce60bc3507d0d7b2,1,0,0,0.5179012417793274,0.4820987582206726
PETS_CREDIT_high_eff_su2_r5_d6_b04__none,none,dynanoise,16e3ff8c6f696f231824,1,1,0,0.5068117380142212,0.4931882917881012
PETS_CREDIT_high_eff_su2_r5_d6_b04__none,none,dynanoise,7ce1135db7560daf7e70,1,0,0,0.5310275554656982,0.46897244453430176
PETS_CREDIT_high_eff_su2_r5_d6_b04__none,none,dynanoise,3ac7ac4bc65a6ffec899,1,1,0,0.5411291718482971,0.4588707983493805
PETS_CREDIT_high_eff_su2_r5_d6_b04__none,none,dynanoise,693c448a296e96fc4d08,1,0,0,0.5833857655525208,0.41661426424980164
PETS_CREDIT_high_eff_su2_r5_d6_b04__none,none,dynanoise,dba69027df0122535f19,1,0,0,0.5356059074401855,0.46439415216445923
PETS_CREDIT_high_eff_su2_r5_d6_b04__none,none,dynanoise,8fe0ac3103b5acc00cdc,1,0,0,0.7604801654815674,0.23951983451843262
PETS_CREDIT_high_eff_su2_r5_d6_b04__none,none,dynanoise,d46f8b9f4d57f90db615,1,1,1,0.497675359249115,0.502324640750885
PETS_CREDIT_high_eff_su2_r5_d6_b04__none,none,dynanoise,61afce8119059a5cee82,1,0,0,0.6148519515991211,0.3851481080055237
PETS_CREDIT_high_eff_su2_r5_d6_b04__none,none,dynanoise,66fa33821884d4568b02,1,0,0,0.5620065927505493,0.4379933774471283
PETS_CREDIT_high_eff_su2_r5_d6_b04__none,none,dynanoise,4dde24d981dd8981f71f,1,0,0,0.545930027961731,0.45406994223594666
PETS_CREDIT_high_eff_su2_r5_d6_b04__none,none,dynanoise,ce8a11f272895da8cd7f,1,0,0,0.6011688709259033,0.39883118867874146
PETS_CREDIT_high_eff_su2_r5_d6_b04__none,none,dynanoise,6a75db22a6087741eef2,1,1,0,0.5151755809783936,0.48482438921928406
PETS_CREDIT_high_eff_su2_r5_d6_b04__none,none,dynanoise,72bf8a475d5aa5538cd3,1,0,0,0.5773703455924988,0.4226296842098236
PETS_CREDIT_high_eff_su2_r5_d6_b04__none,none,dynanoise,1c7eb9e50fc08e5f8cf0,1,0,0,0.5225901007652283,0.4774099290370941
PETS_CREDIT_high_eff_su2_r5_d6_b04__none,none,dynanoise,b84ff32b3c14263b0dd5,1,0,0,0.5490806102752686,0.45091938972473145
PETS_CREDIT_high_eff_su2_r5_d6_b04__none,none,dynanoise,a9752ae3047aff503fb3,1,0,0,0.5979539155960083,0.4020461440086365
PETS_CREDIT_high_eff_su2_r5_d6_b04__none,none,dynanoise,6f47824d3363865de61a,1,0,0,0.5690017938613892,0.43099817633628845
PETS_CREDIT_high_eff_su2_r5_d6_b04__none,none,dynanoise,6093ce809aa33ce6693b,1,1,1,0.4624842703342438,0.5375157594680786
PETS_CREDIT_high_eff_su2_r5_d6_b04__none,none,dynanoise,c053f623dd8f2bfb7915,1,1,1,0.49212923645973206,0.5078707337379456
PETS_CREDIT_high_eff_su2_r5_d6_b04__none,none,dynanoise,f1068bd99413d081a271,1,0,0,0.5490695834159851,0.4509303867816925
PETS_CREDIT_high_eff_su2_r5_d6_b04__none,none,dynanoise,ab00e756b29c98fd6674,1,0,0,0.5622425675392151,0.4377574324607849
PETS_CREDIT_high_eff_su2_r5_d6_b04__none,none,dynanoise,1313972ddf1c6e9eb2c9,1,0,0,0.5272499322891235,0.47275006771087646
PETS_CREDIT_high_eff_su2_r5_d6_b04__none,none,dynanoise,cca86135655a3f3f0727,0,0,0,0.5696161985397339,0.4303838312625885
PETS_CREDIT_high_eff_su2_r5_d6_b04__none,none,dynanoise,93a3d4057fcaa594a8d6,0,0,0,0.6362281441688538,0.36377182602882385
PETS_CREDIT_high_eff_su2_r5_d6_b04__none,none,dynanoise,973b033623e52ecc534b,0,0,0,0.529996931552887,0.4700030982494354
PETS_CREDIT_high_eff_su2_r5_d6_b04__none,none,dynanoise,d7b3b622ad501cc46324,0,0,0,0.5556899905204773,0.4443100094795227
PETS_CREDIT_high_eff_su2_r5_d6_b04__none,none,dynanoise,5ccd79222ef1b5250d91,0,0,0,0.5360268950462341,0.46397310495376587
PETS_CREDIT_high_eff_su2_r5_d6_b04__none,none,dynanoise,64f43af80af04a1795e2,0,1,0,0.5597750544548035,0.44022491574287415
PETS_CREDIT_high_eff_su2_r5_d6_b04__none,none,dynanoise,94b5f1f88153a9cadc61,0,0,0,0.5056096315383911,0.4943903982639313
PETS_CREDIT_high_eff_su2_r5_d6_b04__none,none,dynanoise,9d16b315411ee80bab47,0,1,0,0.5162433385848999,0.4837566614151001
PETS_CREDIT_high_eff_su2_r5_d6_b04__none,none,dynanoise,346b2d56d8b09d426f47,0,1,0,0.5007230639457703,0.4992769658565521
PETS_CREDIT_high_eff_su2_r5_d6_b04__none,none,dynanoise,4c434bf56ebb2774a731,0,0,0,0.5396223664283752,0.46037760376930237
PETS_CREDIT_high_eff_su2_r5_d6_b04__none,none,dynanoise,c54deb95c61200776a89,0,0,1,0.4857628047466278,0.5142372250556946
PETS_CREDIT_high_eff_su2_r5_d6_b04__none,none,dynanoise,a75b386334feb544e4d2,0,0,0,0.510026752948761,0.4899732768535614
PETS_CREDIT_high_eff_su2_r5_d6_b04__none,none,dynanoise,625f2e57e0e6a02526b6,0,0,0,0.5294342041015625,0.4705658257007599
PETS_CREDIT_high_eff_su2_r5_d6_b04__none,none,dynanoise,2cecf3fe4ef6ad144c88,0,0,0,0.5841944217681885,0.4158056080341339
PETS_CREDIT_high_eff_su2_r5_d6_b04__none,none,dynanoise,4c4445ff57fc497b680a,0,0,0,0.5541864037513733,0.4458135664463043
PETS_CREDIT_high_eff_su2_r5_d6_b04__none,none,dynanoise,4c4d8f9748cad40f5244,0,1,0,0.5458798408508301,0.4541201889514923
PETS_CREDIT_high_eff_su2_r5_d6_b04__none,none,dynanoise,9ebfa8a19f66465c515a,0,0,0,0.5151338577270508,0.4848661720752716
PETS_CREDIT_high_eff_su2_r5_d6_b04__none,none,dynanoise,06b8005b0fc375383b1e,0,0,0,0.5186423063278198,0.4813576638698578
PETS_CREDIT_high_eff_su2_r5_d6_b04__none,none,dynanoise,7e7ddba4c04376ff7a44,0,0,0,0.5482671856880188,0.4517328143119812
PETS_CREDIT_high_eff_su2_r5_d6_b04__none,none,dynanoise,6d1c41efb24b3abb9035,0,1,0,0.5120531916618347,0.4879467785358429
PETS_CREDIT_high_eff_su2_r5_d6_b04__none,none,dynanoise,47955bec8c8c8b0d6ecd,0,0,0,0.5613455176353455,0.4386545419692993
PETS_CREDIT_high_eff_su2_r5_d6_b04__none,none,dynanoise,90aa3dc827baf03a0b7f,0,0,0,0.5330023169517517,0.4669977128505707
PETS_CREDIT_high_eff_su2_r5_d6_b04__none,none,dynanoise,4159bb910f35e10214c2,0,0,0,0.572342574596405,0.42765742540359497
PETS_CREDIT_high_eff_su2_r5_d6_b04__none,none,dynanoise,8dcf26c9f074a4b5de0e,0,0,1,0.49607053399086,0.5039294958114624
PETS_CREDIT_high_eff_su2_r5_d6_b04__none,none,dynanoise,6732cf9cccc2b370e663,0,0,0,0.6795912981033325,0.3204086720943451
PETS_CREDIT_high_eff_su2_r5_d6_b04__none,none,dynanoise,df58da5e9ce0493bef89,0,0,0,0.5069049000740051,0.4930950701236725
PETS_CREDIT_high_eff_su2_r5_d6_b04__none,none,dynanoise,fa627b253289aa8a3a5a,0,0,0,0.6061151623725891,0.3938848674297333
PETS_CREDIT_high_eff_su2_r5_d6_b04__none,none,dynanoise,2478313b949e4a19fec5,0,0,0,0.5002982020378113,0.4997017979621887
PETS_CREDIT_high_eff_su2_r5_d6_b04__none,none,dynanoise,a6f8faff37efe9eca5fe,0,0,0,0.5279818773269653,0.47201815247535706
PETS_CREDIT_high_eff_su2_r5_d6_b04__none,none,dynanoise,65387b844cf38bc1d41b,0,0,0,0.5675382614135742,0.43246176838874817
PETS_CREDIT_high_eff_su2_r5_d6_b04__none,none,dynanoise,471df40f4bdddddc09ec,0,0,0,0.6454183459281921,0.35458171367645264
PETS_CREDIT_high_eff_su2_r5_d6_b04__none,none,dynanoise,e443a43c3c6ede470732,0,0,1,0.4978632926940918,0.5021367073059082
PETS_CREDIT_high_eff_su2_r5_d6_b04__none,none,dynanoise,825b566ac4e2dd570f93,0,1,0,0.517022430896759,0.48297762870788574
PETS_CREDIT_high_eff_su2_r5_d6_b04__none,none,dynanoise,0624e96e01e475f2d70d,0,0,1,0.4968426525592804,0.503157377243042
PETS_CREDIT_high_eff_su2_r5_d6_b04__none,none,dynanoise,ca9443d2383be5fa47ca,0,1,0,0.5283898711204529,0.47161009907722473
PETS_CREDIT_high_eff_su2_r5_d6_b04__none,none,dynanoise,6df7b8af4894c02f1865,0,0,0,0.5352200865745544,0.46477988362312317
PETS_CREDIT_high_eff_su2_r5_d6_b04__none,none,dynanoise,30264bd9cc543cb1bc1b,0,0,1,0.49635037779808044,0.5036496520042419
PETS_CREDIT_high_eff_su2_r5_d6_b04__none,none,dynanoise,c98e7a188d21f2d4c7c5,0,0,0,0.5577694177627563,0.44223061203956604
PETS_CREDIT_high_eff_su2_r5_d6_b04__none,none,dynanoise,937f20d886953965c7b1,0,1,0,0.5751162767410278,0.42488372325897217
PETS_CREDIT_high_eff_su2_r5_d6_b04__none,none,dynanoise,d8bd80969a4223b1746d,0,0,0,0.508813202381134,0.49118682742118835
PETS_CREDIT_high_eff_su2_r5_d6_b04__none,none,dynanoise,bc3373c58239a59432ac,0,0,0,0.5618475675582886,0.4381524622440338
PETS_CREDIT_high_eff_su2_r5_d6_b04__none,none,dynanoise,b3371873eab16dced88c,0,1,0,0.5348153710365295,0.46518462896347046
PETS_CREDIT_high_eff_su2_r5_d6_b04__none,none,dynanoise,6dbce1b9dac4e77ed833,0,0,0,0.5393705368041992,0.46062949299812317
PETS_CREDIT_high_eff_su2_r5_d6_b04__none,none,dynanoise,8c2904b6884ba667a797,0,0,0,0.5966269373893738,0.403373122215271
PETS_CREDIT_high_eff_su2_r5_d6_b04__none,none,dynanoise,97bf1ade2e61ae053afc,0,0,0,0.6009451746940613,0.39905479550361633
PETS_CREDIT_high_eff_su2_r5_d6_b04__none,none,dynanoise,39d2470b5cfce5a9dfa1,0,0,0,0.5389035940170288,0.4610964059829712
PETS_CREDIT_high_eff_su2_r5_d6_b04__none,none,dynanoise,3122b20f9c469ddb4810,0,0,0,0.5387353897094727,0.46126461029052734
PETS_CREDIT_high_eff_su2_r5_d6_b04__none,none,dynanoise,e68ff9c46623f5834b2a,0,0,1,0.46059465408325195,0.539405345916748
PETS_CREDIT_high_eff_su2_r5_d6_b04__none,none,dynanoise,d1055eb78a6d9b7fa791,0,1,0,0.511539101600647,0.4884609282016754
PETS_CREDIT_high_eff_su2_r5_d6_b04__none,none,dynanoise,4c332882bcff4acb2ed2,0,0,0,0.5553503632545471,0.44464969635009766
PETS_CREDIT_high_eff_su2_r5_d6_b04__none,none,dynanoise,7b0ce802ad5497661e33,0,0,0,0.5131251811981201,0.4868748188018799
PETS_CREDIT_high_eff_su2_r5_d6_b04__none,none,dynanoise,c98cde411f4e9cfe8503,0,0,0,0.5899566411972046,0.4100433886051178
PETS_CREDIT_high_eff_su2_r5_d6_b04__none,none,dynanoise,91ecfc572b28d735ec3e,0,0,0,0.5323967933654785,0.46760323643684387
PETS_CREDIT_high_eff_su2_r5_d6_b04__none,none,dynanoise,69b90a23be71904d6905,0,0,0,0.508213996887207,0.49178600311279297
PETS_CREDIT_high_eff_su2_r5_d6_b04__none,none,dynanoise,cb251470deed8436762a,0,1,0,0.5234403610229492,0.47655966877937317
PETS_CREDIT_high_eff_su2_r5_d6_b04__none,none,dynanoise,7d19854c5fdfa1af681e,0,1,0,0.5520713329315186,0.44792863726615906
PETS_CREDIT_high_eff_su2_r5_d6_b04__none,none,dynanoise,06ee5a3883b6b9927026,0,0,0,0.5259993672370911,0.4740006625652313
PETS_CREDIT_high_eff_su2_r5_d6_b04__none,none,dynanoise,b8cb40bb8e46070c6af0,0,1,0,0.5299756526947021,0.4700244069099426
PETS_CREDIT_high_eff_su2_r5_d6_b04__none,none,dynanoise,afd889d9e791dab1a1b4,0,0,0,0.5220471024513245,0.47795286774635315
PETS_CREDIT_high_eff_su2_r5_d6_b04__none,none,dynanoise,6083c35ef0dd27c47f39,0,0,0,0.5410459637641907,0.45895400643348694
PETS_CREDIT_high_eff_su2_r5_d6_b04__none,none,dynanoise,da5f5efb7790004fff98,0,1,0,0.5208622813224792,0.47913768887519836
PETS_CREDIT_high_eff_su2_r5_d6_b04__none,none,dynanoise,5c479147049976461a13,0,1,1,0.4990741014480591,0.5009258985519409
PETS_CREDIT_high_eff_su2_r5_d6_b04__none,none,dynanoise,14312160764496aa382a,0,0,0,0.6480907797813416,0.3519092798233032
PETS_CREDIT_high_eff_su2_r5_d6_b04__none,none,dynanoise,9d233cff809c5f6dd546,0,0,0,0.5214558243751526,0.4785441756248474
PETS_CREDIT_high_eff_su2_r5_d6_b04__none,none,dynanoise,4e60f65b085fd771a8c4,0,0,0,0.544098973274231,0.45590102672576904
PETS_CREDIT_high_eff_su2_r5_d6_b04__none,none,dynanoise,37535abfe732af5462f7,0,0,1,0.46162018179893494,0.5383798480033875
PETS_CREDIT_high_eff_su2_r5_d6_b04__none,none,dynanoise,f87aed46b0f59636b333,0,0,0,0.6637372374534607,0.3362627625465393
PETS_CREDIT_high_eff_su2_r5_d6_b04__none,none,dynanoise,9214bdad11cf5b0f5788,0,0,1,0.4931498169898987,0.5068501830101013
PETS_CREDIT_high_eff_su2_r5_d6_b04__none,none,dynanoise,f40c60357e781eae3f45,0,0,0,0.5893244743347168,0.410675585269928
PETS_CREDIT_high_eff_su2_r5_d6_b04__none,none,dynanoise,3a38d3079b87b1aa292b,0,1,0,0.5673648118972778,0.43263521790504456
PETS_CREDIT_high_eff_su2_r5_d6_b04__none,none,dynanoise,4a3bcd4fea4982030225,0,0,0,0.5075147747993469,0.4924852252006531
PETS_CREDIT_high_eff_su2_r5_d6_b04__none,none,dynanoise,7301e169f41de2491f0b,0,0,0,0.5681588053703308,0.4318411946296692
PETS_CREDIT_high_eff_su2_r5_d6_b04__none,none,dynanoise,9d1731de0429f4b3ede0,0,0,0,0.6130874752998352,0.3869125247001648
PETS_CREDIT_high_eff_su2_r5_d6_b04__none,none,dynanoise,02c2bed1ae0faa5e978c,0,0,0,0.744002640247345,0.2559973895549774
PETS_CREDIT_high_eff_su2_r5_d6_b04__none,none,dynanoise,3aa5377d8103c2a302f9,0,0,0,0.5730164647102356,0.4269835352897644
PETS_CREDIT_high_eff_su2_r5_d6_b04__none,none,dynanoise,900a77e140fe19ac5b22,0,0,0,0.5257622599601746,0.4742377698421478
PETS_CREDIT_high_eff_su2_r5_d6_b04__none,none,dynanoise,f7de620d7b4f5fb68cb9,0,0,0,0.5492885708808899,0.4507114291191101
PETS_CREDIT_high_eff_su2_r5_d6_b04__none,none,dynanoise,e2c7c70e125f8ae4563a,0,0,0,0.5085461735725403,0.4914538264274597
PETS_CREDIT_high_eff_su2_r5_d6_b04__none,none,dynanoise,beec71fbc035761ebf29,0,1,0,0.5248422622680664,0.475157767534256
PETS_CREDIT_high_eff_su2_r5_d6_b04__none,none,dynanoise,4010d1d0fc60044b7e83,0,0,0,0.5041202306747437,0.49587979912757874
PETS_CREDIT_high_eff_su2_r5_d6_b04__none,none,dynanoise,5c1eaee6580358b55afc,0,1,1,0.47189250588417053,0.5281074643135071
PETS_CREDIT_high_eff_su2_r5_d6_b04__none,none,dynanoise,c90f1b219a38e04f4cc7,0,0,0,0.5126903057098389,0.48730966448783875
PETS_CREDIT_high_eff_su2_r5_d6_b04__none,none,dynanoise,501ff1b3b1c21ddafc81,0,0,0,0.523264467716217,0.47673553228378296
PETS_CREDIT_high_eff_su2_r5_d6_b04__none,none,dynanoise,b268b4355d3aa1ad71a0,0,0,0,0.5613444447517395,0.4386555552482605
PETS_CREDIT_high_eff_su2_r5_d6_b04__none,none,dynanoise,b690772de8eb14084d30,0,1,0,0.5209545493125916,0.47904545068740845
PETS_CREDIT_high_eff_su2_r5_d6_b04__none,none,dynanoise,0f0ec6f2889f1d9d2876,0,0,0,0.5033433437347412,0.4966566562652588
PETS_CREDIT_high_eff_su2_r5_d6_b04__none,none,dynanoise,2e900caa6bf6a7e56807,0,0,1,0.4873383045196533,0.5126616954803467
PETS_CREDIT_high_eff_su2_r5_d6_b04__none,none,dynanoise,4f0494096de7c3e95dac,0,0,0,0.5083774924278259,0.4916224777698517
PETS_CREDIT_high_eff_su2_r5_d6_b04__none,none,dynanoise,596626b705098d0557d3,0,0,0,0.5052675604820251,0.49473240971565247
PETS_CREDIT_high_eff_su2_r5_d6_b04__none,none,dynanoise,0835edef9bf74dc85154,0,1,0,0.5656964182853699,0.4343035817146301
PETS_CREDIT_high_eff_su2_r5_d6_b04__none,none,dynanoise,50d6a72e9df1572d930d,0,0,1,0.43397650122642517,0.5660235285758972
PETS_CREDIT_high_eff_su2_r5_d6_b04__none,none,dynanoise,8494f9397dc92fe2fad1,0,0,0,0.5451229810714722,0.45487701892852783
PETS_CREDIT_high_eff_su2_r5_d6_b04__none,none,dynanoise,0213e86909d7343e3153,0,0,0,0.5022653937339783,0.49773460626602173
PETS_CREDIT_high_eff_su2_r5_d6_b04__none,none,dynanoise,201287d880b5985ef4a2,0,0,0,0.6982436180114746,0.301756352186203
PETS_CREDIT_high_eff_su2_r5_d6_b04__none,none,dynanoise,49b53c88d2fd487545a7,0,0,0,0.531899631023407,0.468100368976593
PETS_CREDIT_high_eff_su2_r5_d6_b04__none,none,dynanoise,6751bc7d476a144861a8,0,1,1,0.4959392845630646,0.504060685634613
PETS_CREDIT_high_eff_su2_r5_d6_b04__none,none,dynanoise,6f5019cb3d8767f239fd,0,1,0,0.5231623649597168,0.476837694644928
PETS_CREDIT_high_eff_su2_r5_d6_b04__none,none,dynanoise,3c2f11d4e9612d037e21,0,0,0,0.6119283437728882,0.3880716562271118
PETS_CREDIT_high_eff_su2_r5_d6_b04__none,none,dynanoise,cdbf66466c43de4d3398,0,0,0,0.6464850306510925,0.35351496934890747
PETS_CREDIT_high_eff_su2_r5_d6_b04__none,none,dynanoise,656fda897d18551f93f0,0,0,0,0.5985636115074158,0.40143635869026184
PETS_CREDIT_high_eff_su2_r5_d6_b04__none,none,hamp_output,22730a71b34176a3ba37,1,0,0,0.9997448325157166,0.0002551987417973578
PETS_CREDIT_high_eff_su2_r5_d6_b04__none,none,hamp_output,01e7168ae2a624ff9916,1,0,0,0.6396337151527405,0.36036625504493713
PETS_CREDIT_high_eff_su2_r5_d6_b04__none,none,hamp_output,d8e3c3c718aea110b2d9,1,0,0,0.893426775932312,0.10657323896884918
PETS_CREDIT_high_eff_su2_r5_d6_b04__none,none,hamp_output,bf5a9031a45524933e21,1,0,0,0.9249224662780762,0.07507747411727905
PETS_CREDIT_high_eff_su2_r5_d6_b04__none,none,hamp_output,7311863aa70952806ffc,1,0,0,0.9987455010414124,0.0012544536730274558
PETS_CREDIT_high_eff_su2_r5_d6_b04__none,none,hamp_output,0772d1e68bccea98e68f,1,1,0,0.9977517127990723,0.0022483014035969973
PETS_CREDIT_high_eff_su2_r5_d6_b04__none,none,hamp_output,f073d35785cf76f1409c,1,0,0,0.6935349702835083,0.3064650297164917
PETS_CREDIT_high_eff_su2_r5_d6_b04__none,none,hamp_output,006df97946d214e0111f,1,1,0,0.9871433973312378,0.012856612913310528
PETS_CREDIT_high_eff_su2_r5_d6_b04__none,none,hamp_output,7673e8a0f0b037cc51e5,1,1,1,0.18645773828029633,0.8135422468185425
PETS_CREDIT_high_eff_su2_r5_d6_b04__none,none,hamp_output,7be2869c238aa35d440a,1,0,0,0.7714309096336365,0.22856910526752472
PETS_CREDIT_high_eff_su2_r5_d6_b04__none,none,hamp_output,85bbf6f61dd23b95b6e7,1,0,0,0.7387529015541077,0.2612471282482147
PETS_CREDIT_high_eff_su2_r5_d6_b04__none,none,hamp_output,e07f107ec2deef516f4f,1,0,0,0.9566755294799805,0.04332449659705162
PETS_CREDIT_high_eff_su2_r5_d6_b04__none,none,hamp_output,70d271c728323ea28d90,1,0,0,0.9997329115867615,0.0002671163820195943
PETS_CREDIT_high_eff_su2_r5_d6_b04__none,none,hamp_output,69ef03b5c6f4f7ecef33,1,0,0,0.7169567346572876,0.2830432951450348
PETS_CREDIT_high_eff_su2_r5_d6_b04__none,none,hamp_output,5b7629cbd1fb6e879520,1,0,0,0.7843248248100281,0.21567514538764954
PETS_CREDIT_high_eff_su2_r5_d6_b04__none,none,hamp_output,526cee77dcfea7ee8138,1,1,0,0.6617372035980225,0.33826276659965515
PETS_CREDIT_high_eff_su2_r5_d6_b04__none,none,hamp_output,a62d80fa1349c54517ce,1,0,0,0.8329042196273804,0.16709581017494202
PETS_CREDIT_high_eff_su2_r5_d6_b04__none,none,hamp_output,daf2c33eb0f2b7518584,1,0,0,0.7630655169487,0.23693452775478363
PETS_CREDIT_high_eff_su2_r5_d6_b04__none,none,hamp_output,d2c3d34fb102babfa194,1,0,0,0.8147082328796387,0.18529176712036133
PETS_CREDIT_high_eff_su2_r5_d6_b04__none,none,hamp_output,d606f1831b9734bb90e1,1,1,0,0.9888151288032532,0.011184812523424625
PETS_CREDIT_high_eff_su2_r5_d6_b04__none,none,hamp_output,a5628044ec0880a52490,1,0,0,0.7388783693313599,0.2611216604709625
PETS_CREDIT_high_eff_su2_r5_d6_b04__none,none,hamp_output,4df4658f2eb41564da87,1,0,0,0.8937476873397827,0.10625232756137848
PETS_CREDIT_high_eff_su2_r5_d6_b04__none,none,hamp_output,c4b2c9357254e51af6a9,1,0,0,0.6823657751083374,0.3176342844963074
PETS_CREDIT_high_eff_su2_r5_d6_b04__none,none,hamp_output,0ffd3e39286157b02ad4,1,0,0,0.7370526194572449,0.2629474103450775
PETS_CREDIT_high_eff_su2_r5_d6_b04__none,none,hamp_output,24e13410bd96d58bb8a8,1,0,0,0.7602924704551697,0.23970749974250793
PETS_CREDIT_high_eff_su2_r5_d6_b04__none,none,hamp_output,26f8e0268dd95cba45fd,1,0,1,0.06063791736960411,0.9393620491027832
PETS_CREDIT_high_eff_su2_r5_d6_b04__none,none,hamp_output,08a6c27fcb32f81ff375,1,0,0,0.5016310811042786,0.49836891889572144
PETS_CREDIT_high_eff_su2_r5_d6_b04__none,none,hamp_output,4def6ca8e27be84aeb54,1,0,0,0.9803816676139832,0.0196183193475008
PETS_CREDIT_high_eff_su2_r5_d6_b04__none,none,hamp_output,75e559f2a9928f47e4ef,1,0,0,0.6281723380088806,0.3718276619911194
PETS_CREDIT_high_eff_su2_r5_d6_b04__none,none,hamp_output,c490de3382c28742eeb6,1,0,0,0.9250613451004028,0.07493866980075836
PETS_CREDIT_high_eff_su2_r5_d6_b04__none,none,hamp_output,c75c31af2389cc3a594f,1,0,0,0.870086669921875,0.12991337478160858
PETS_CREDIT_high_eff_su2_r5_d6_b04__none,none,hamp_output,78edbc6916b12b570866,1,0,0,0.5322470664978027,0.46775293350219727
PETS_CREDIT_high_eff_su2_r5_d6_b04__none,none,hamp_output,5f9c02f5ec03a28e4f53,1,1,1,0.02745736949145794,0.9725426435470581
PETS_CREDIT_high_eff_su2_r5_d6_b04__none,none,hamp_output,2c3058336909d855b1f0,1,0,0,0.9802318215370178,0.019768189638853073
PETS_CREDIT_high_eff_su2_r5_d6_b04__none,none,hamp_output,1819fe5c399a17316fee,1,1,0,0.5269891619682312,0.4730108678340912
PETS_CREDIT_high_eff_su2_r5_d6_b04__none,none,hamp_output,4b8fbfef25d81e60d4a6,1,0,0,0.5471765398979187,0.4528234302997589
PETS_CREDIT_high_eff_su2_r5_d6_b04__none,none,hamp_output,108acbd92e651db6ac49,1,0,0,0.9990778565406799,0.0009221415384672582
PETS_CREDIT_high_eff_su2_r5_d6_b04__none,none,hamp_output,c536d8f2ff559c7756e7,1,0,0,0.9126810431480408,0.08731895685195923
PETS_CREDIT_high_eff_su2_r5_d6_b04__none,none,hamp_output,8d289eb2b513288c6cba,1,1,1,0.387798935174942,0.6122010946273804
PETS_CREDIT_high_eff_su2_r5_d6_b04__none,none,hamp_output,b0f47ae4b56b3aa4d111,1,0,0,0.5569056272506714,0.443094402551651
PETS_CREDIT_high_eff_su2_r5_d6_b04__none,none,hamp_output,f2a589817382059b0dcc,1,0,0,0.9750391840934753,0.024960832670331
PETS_CREDIT_high_eff_su2_r5_d6_b04__none,none,hamp_output,5cb75d859aa2d3df94b0,1,1,1,0.024135595187544823,0.9758644104003906
PETS_CREDIT_high_eff_su2_r5_d6_b04__none,none,hamp_output,58cb80b3d0535cb4343a,1,0,1,0.08722100406885147,0.9127790331840515
PETS_CREDIT_high_eff_su2_r5_d6_b04__none,none,hamp_output,f3ca91dd8e5aba8d83d9,1,0,0,0.767280101776123,0.23271986842155457
PETS_CREDIT_high_eff_su2_r5_d6_b04__none,none,hamp_output,6c0e663b6848864dc914,1,0,0,0.9266372323036194,0.07336276024580002
PETS_CREDIT_high_eff_su2_r5_d6_b04__none,none,hamp_output,f929be357f68bdda4236,1,0,0,0.9423706531524658,0.057629287242889404
PETS_CREDIT_high_eff_su2_r5_d6_b04__none,none,hamp_output,356e520dcf3a6473ffb2,1,0,0,0.981611967086792,0.018388040363788605
PETS_CREDIT_high_eff_su2_r5_d6_b04__none,none,hamp_output,d75c3e52dbcaf5a5ec2a,1,0,0,0.8931798338890076,0.10682016611099243
PETS_CREDIT_high_eff_su2_r5_d6_b04__none,none,hamp_output,01743ddf295d8f6b5a46,1,1,0,0.9253199100494385,0.07468010485172272
PETS_CREDIT_high_eff_su2_r5_d6_b04__none,none,hamp_output,f97851146238bb9a3754,1,0,0,0.898698091506958,0.1013018935918808
PETS_CREDIT_high_eff_su2_r5_d6_b04__none,none,hamp_output,1dd9f8371cdcaa1758b3,1,0,0,0.8332869410514832,0.16671299934387207
PETS_CREDIT_high_eff_su2_r5_d6_b04__none,none,hamp_output,ae429a6a1d645aacb94e,1,0,0,0.9185566306114197,0.08144335448741913
PETS_CREDIT_high_eff_su2_r5_d6_b04__none,none,hamp_output,073dbbd888ef767c75de,1,0,0,0.6249514222145081,0.3750486373901367
PETS_CREDIT_high_eff_su2_r5_d6_b04__none,none,hamp_output,6ea2a519a69c09016323,1,0,0,0.9633613228797913,0.03663863614201546
PETS_CREDIT_high_eff_su2_r5_d6_b04__none,none,hamp_output,8d5ec20ca179ede5da84,1,1,0,0.643990159034729,0.356009840965271
PETS_CREDIT_high_eff_su2_r5_d6_b04__none,none,hamp_output,092efc45ab978715a8fa,1,1,0,0.9998713731765747,0.00012862816220149398
PETS_CREDIT_high_eff_su2_r5_d6_b04__none,none,hamp_output,c05d34fbff8b3f10a857,1,0,0,0.5534683465957642,0.4465317130088806
PETS_CREDIT_high_eff_su2_r5_d6_b04__none,none,hamp_output,cec5a851be4f6e7c0887,1,1,1,0.07044672220945358,0.9295532703399658
PETS_CREDIT_high_eff_su2_r5_d6_b04__none,none,hamp_output,a230bf08b60c3cd268df,1,0,0,0.9869195818901062,0.01308037992566824
PETS_CREDIT_high_eff_su2_r5_d6_b04__none,none,hamp_output,e030c0aa4ae0f1011f2f,1,0,0,0.9745388627052307,0.025461135432124138
PETS_CREDIT_high_eff_su2_r5_d6_b04__none,none,hamp_output,5383d08662564ec7ab0d,1,1,1,0.19907218217849731,0.8009278774261475
PETS_CREDIT_high_eff_su2_r5_d6_b04__none,none,hamp_output,25bed8f88a506c4cc366,1,1,0,0.731664776802063,0.2683352828025818
PETS_CREDIT_high_eff_su2_r5_d6_b04__none,none,hamp_output,39f8154e08ad72170108,1,0,0,0.9671699404716492,0.03283008933067322
PETS_CREDIT_high_eff_su2_r5_d6_b04__none,none,hamp_output,f0c1637eb1fa5204c581,1,0,1,0.48053404688835144,0.5194659233093262
PETS_CREDIT_high_eff_su2_r5_d6_b04__none,none,hamp_output,bf465d63c434358f77e4,1,0,0,0.9432937502861023,0.05670621246099472
PETS_CREDIT_high_eff_su2_r5_d6_b04__none,none,hamp_output,4b85b1f42c0154e0d47c,1,0,0,0.6871106028556824,0.3128893971443176
PETS_CREDIT_high_eff_su2_r5_d6_b04__none,none,hamp_output,5d21e75cb6066696e6e2,1,0,0,0.9865649342536926,0.013435069471597672
PETS_CREDIT_high_eff_su2_r5_d6_b04__none,none,hamp_output,11ccb38ba9653d61e950,1,0,0,0.9715675115585327,0.028432516381144524
PETS_CREDIT_high_eff_su2_r5_d6_b04__none,none,hamp_output,c50e57ca37a497df3a13,1,0,0,0.6303945183753967,0.36960551142692566
PETS_CREDIT_high_eff_su2_r5_d6_b04__none,none,hamp_output,eb849709f12c60edd50b,1,1,1,0.030361764132976532,0.9696382284164429
PETS_CREDIT_high_eff_su2_r5_d6_b04__none,none,hamp_output,a6dfd0dc4ba32e6c00e6,1,0,0,0.8756906390190125,0.12430936843156815
PETS_CREDIT_high_eff_su2_r5_d6_b04__none,none,hamp_output,e3e282f64bed70282149,1,0,0,0.9132212400436401,0.08677873015403748
PETS_CREDIT_high_eff_su2_r5_d6_b04__none,none,hamp_output,877b93e6aa8797d2cd0b,1,0,0,0.9959611296653748,0.0040388647466897964
PETS_CREDIT_high_eff_su2_r5_d6_b04__none,none,hamp_output,26b6a5da65cdaeb8e184,1,0,0,0.909717857837677,0.0902821272611618
PETS_CREDIT_high_eff_su2_r5_d6_b04__none,none,hamp_output,0674ce029ebb21d32e38,1,0,0,0.8777722716331482,0.12222778797149658
PETS_CREDIT_high_eff_su2_r5_d6_b04__none,none,hamp_output,cbd912351cdbc83a9184,1,0,0,0.5350698232650757,0.4649302065372467
PETS_CREDIT_high_eff_su2_r5_d6_b04__none,none,hamp_output,b91b8614dbf7826436cf,1,0,0,0.7335375547409058,0.26646244525909424
PETS_CREDIT_high_eff_su2_r5_d6_b04__none,none,hamp_output,e76cce60bc3507d0d7b2,1,0,0,0.5134822726249695,0.48651769757270813
PETS_CREDIT_high_eff_su2_r5_d6_b04__none,none,hamp_output,16e3ff8c6f696f231824,1,1,1,0.07279464602470398,0.9272053241729736
PETS_CREDIT_high_eff_su2_r5_d6_b04__none,none,hamp_output,7ce1135db7560daf7e70,1,0,0,0.9974698424339294,0.0025301892310380936
PETS_CREDIT_high_eff_su2_r5_d6_b04__none,none,hamp_output,3ac7ac4bc65a6ffec899,1,1,0,0.9948472380638123,0.0051527428440749645
PETS_CREDIT_high_eff_su2_r5_d6_b04__none,none,hamp_output,693c448a296e96fc4d08,1,0,0,0.6820492744445801,0.3179507553577423
PETS_CREDIT_high_eff_su2_r5_d6_b04__none,none,hamp_output,dba69027df0122535f19,1,0,0,0.5374088287353516,0.4625912308692932
PETS_CREDIT_high_eff_su2_r5_d6_b04__none,none,hamp_output,8fe0ac3103b5acc00cdc,1,0,0,0.8004343509674072,0.19956564903259277
PETS_CREDIT_high_eff_su2_r5_d6_b04__none,none,hamp_output,d46f8b9f4d57f90db615,1,1,0,0.6413784027099609,0.3586215674877167
PETS_CREDIT_high_eff_su2_r5_d6_b04__none,none,hamp_output,61afce8119059a5cee82,1,0,0,0.9651679396629333,0.03483211621642113
PETS_CREDIT_high_eff_su2_r5_d6_b04__none,none,hamp_output,66fa33821884d4568b02,1,0,0,0.6335700154304504,0.36642998456954956
PETS_CREDIT_high_eff_su2_r5_d6_b04__none,none,hamp_output,4dde24d981dd8981f71f,1,0,0,0.5893228054046631,0.4106771647930145
PETS_CREDIT_high_eff_su2_r5_d6_b04__none,none,hamp_output,ce8a11f272895da8cd7f,1,0,0,0.9272500872612,0.07274992763996124
PETS_CREDIT_high_eff_su2_r5_d6_b04__none,none,hamp_output,6a75db22a6087741eef2,1,1,0,0.804592490196228,0.19540756940841675
PETS_CREDIT_high_eff_su2_r5_d6_b04__none,none,hamp_output,72bf8a475d5aa5538cd3,1,0,0,0.9925311207771301,0.007468850817531347
PETS_CREDIT_high_eff_su2_r5_d6_b04__none,none,hamp_output,1c7eb9e50fc08e5f8cf0,1,0,0,0.8765274286270142,0.12347261607646942
PETS_CREDIT_high_eff_su2_r5_d6_b04__none,none,hamp_output,b84ff32b3c14263b0dd5,1,0,0,0.9999759197235107,2.407599095022306e-05
PETS_CREDIT_high_eff_su2_r5_d6_b04__none,none,hamp_output,a9752ae3047aff503fb3,1,0,0,0.6448110938072205,0.3551889657974243
PETS_CREDIT_high_eff_su2_r5_d6_b04__none,none,hamp_output,6f47824d3363865de61a,1,0,0,0.977021336555481,0.022978680208325386
PETS_CREDIT_high_eff_su2_r5_d6_b04__none,none,hamp_output,6093ce809aa33ce6693b,1,1,0,0.9994482398033142,0.0005517614772543311
PETS_CREDIT_high_eff_su2_r5_d6_b04__none,none,hamp_output,c053f623dd8f2bfb7915,1,1,1,0.2730741798877716,0.726925790309906
PETS_CREDIT_high_eff_su2_r5_d6_b04__none,none,hamp_output,f1068bd99413d081a271,1,0,0,0.8024334907531738,0.19756653904914856
PETS_CREDIT_high_eff_su2_r5_d6_b04__none,none,hamp_output,ab00e756b29c98fd6674,1,0,0,0.911375880241394,0.08862408995628357
PETS_CREDIT_high_eff_su2_r5_d6_b04__none,none,hamp_output,1313972ddf1c6e9eb2c9,1,0,0,0.9615026116371155,0.03849741071462631
PETS_CREDIT_high_eff_su2_r5_d6_b04__none,none,hamp_output,cca86135655a3f3f0727,0,0,0,0.8010097742080688,0.19899025559425354
PETS_CREDIT_high_eff_su2_r5_d6_b04__none,none,hamp_output,93a3d4057fcaa594a8d6,0,0,0,0.8922813534736633,0.10771866887807846
PETS_CREDIT_high_eff_su2_r5_d6_b04__none,none,hamp_output,973b033623e52ecc534b,0,0,0,0.9747997522354126,0.025200262665748596
PETS_CREDIT_high_eff_su2_r5_d6_b04__none,none,hamp_output,d7b3b622ad501cc46324,0,0,0,0.913045346736908,0.08695467561483383
PETS_CREDIT_high_eff_su2_r5_d6_b04__none,none,hamp_output,5ccd79222ef1b5250d91,0,0,0,0.9922052621841431,0.007794717792421579
PETS_CREDIT_high_eff_su2_r5_d6_b04__none,none,hamp_output,64f43af80af04a1795e2,0,1,0,0.862978994846344,0.13702097535133362
PETS_CREDIT_high_eff_su2_r5_d6_b04__none,none,hamp_output,94b5f1f88153a9cadc61,0,0,0,0.9544274806976318,0.045572564005851746
PETS_CREDIT_high_eff_su2_r5_d6_b04__none,none,hamp_output,9d16b315411ee80bab47,0,1,0,0.895412802696228,0.10458721220493317
PETS_CREDIT_high_eff_su2_r5_d6_b04__none,none,hamp_output,346b2d56d8b09d426f47,0,1,0,0.8052937984466553,0.19470612704753876
PETS_CREDIT_high_eff_su2_r5_d6_b04__none,none,hamp_output,4c434bf56ebb2774a731,0,0,0,0.6111178398132324,0.3888821601867676
PETS_CREDIT_high_eff_su2_r5_d6_b04__none,none,hamp_output,c54deb95c61200776a89,0,0,0,0.7746801972389221,0.22531986236572266
PETS_CREDIT_high_eff_su2_r5_d6_b04__none,none,hamp_output,a75b386334feb544e4d2,0,0,0,0.9473248720169067,0.05267515406012535
PETS_CREDIT_high_eff_su2_r5_d6_b04__none,none,hamp_output,625f2e57e0e6a02526b6,0,0,0,0.9207895398139954,0.07921044528484344
PETS_CREDIT_high_eff_su2_r5_d6_b04__none,none,hamp_output,2cecf3fe4ef6ad144c88,0,0,0,0.9989274740219116,0.0010725539177656174
PETS_CREDIT_high_eff_su2_r5_d6_b04__none,none,hamp_output,4c4445ff57fc497b680a,0,0,0,0.9998732805252075,0.00012673399760387838
PETS_CREDIT_high_eff_su2_r5_d6_b04__none,none,hamp_output,4c4d8f9748cad40f5244,0,1,0,0.5605261921882629,0.43947380781173706
PETS_CREDIT_high_eff_su2_r5_d6_b04__none,none,hamp_output,9ebfa8a19f66465c515a,0,0,0,0.9514010548591614,0.04859892278909683
PETS_CREDIT_high_eff_su2_r5_d6_b04__none,none,hamp_output,06b8005b0fc375383b1e,0,0,0,0.9468297958374023,0.05317022278904915
PETS_CREDIT_high_eff_su2_r5_d6_b04__none,none,hamp_output,7e7ddba4c04376ff7a44,0,0,0,0.8911342620849609,0.10886576771736145
PETS_CREDIT_high_eff_su2_r5_d6_b04__none,none,hamp_output,6d1c41efb24b3abb9035,0,1,0,0.9449863433837891,0.05501365289092064
PETS_CREDIT_high_eff_su2_r5_d6_b04__none,none,hamp_output,47955bec8c8c8b0d6ecd,0,0,0,0.5144532322883606,0.4855467677116394
PETS_CREDIT_high_eff_su2_r5_d6_b04__none,none,hamp_output,90aa3dc827baf03a0b7f,0,0,0,0.8609308004379272,0.13906922936439514
PETS_CREDIT_high_eff_su2_r5_d6_b04__none,none,hamp_output,4159bb910f35e10214c2,0,0,0,0.9319036602973938,0.0680963471531868
PETS_CREDIT_high_eff_su2_r5_d6_b04__none,none,hamp_output,8dcf26c9f074a4b5de0e,0,0,0,0.5008003115653992,0.4991997182369232
PETS_CREDIT_high_eff_su2_r5_d6_b04__none,none,hamp_output,6732cf9cccc2b370e663,0,0,0,0.6697954535484314,0.3302045166492462
PETS_CREDIT_high_eff_su2_r5_d6_b04__none,none,hamp_output,df58da5e9ce0493bef89,0,0,0,0.8542912006378174,0.1457088142633438
PETS_CREDIT_high_eff_su2_r5_d6_b04__none,none,hamp_output,fa627b253289aa8a3a5a,0,0,0,0.6463399529457092,0.35366004705429077
PETS_CREDIT_high_eff_su2_r5_d6_b04__none,none,hamp_output,2478313b949e4a19fec5,0,0,0,0.5353385210037231,0.46466144919395447
PETS_CREDIT_high_eff_su2_r5_d6_b04__none,none,hamp_output,a6f8faff37efe9eca5fe,0,0,1,0.2152474969625473,0.7847524881362915
PETS_CREDIT_high_eff_su2_r5_d6_b04__none,none,hamp_output,65387b844cf38bc1d41b,0,0,0,0.9223621487617493,0.07763788104057312
PETS_CREDIT_high_eff_su2_r5_d6_b04__none,none,hamp_output,471df40f4bdddddc09ec,0,0,0,0.8159616589546204,0.18403838574886322
PETS_CREDIT_high_eff_su2_r5_d6_b04__none,none,hamp_output,e443a43c3c6ede470732,0,0,1,0.2447870373725891,0.7552129030227661
PETS_CREDIT_high_eff_su2_r5_d6_b04__none,none,hamp_output,825b566ac4e2dd570f93,0,1,0,0.6785213351249695,0.3214786946773529
PETS_CREDIT_high_eff_su2_r5_d6_b04__none,none,hamp_output,0624e96e01e475f2d70d,0,0,1,0.47864967584609985,0.5213503837585449
PETS_CREDIT_high_eff_su2_r5_d6_b04__none,none,hamp_output,ca9443d2383be5fa47ca,0,1,0,0.9370697736740112,0.06293019652366638
PETS_CREDIT_high_eff_su2_r5_d6_b04__none,none,hamp_output,6df7b8af4894c02f1865,0,0,0,0.7154543995857239,0.2845456302165985
PETS_CREDIT_high_eff_su2_r5_d6_b04__none,none,hamp_output,30264bd9cc543cb1bc1b,0,0,0,0.8659411072731018,0.13405892252922058
PETS_CREDIT_high_eff_su2_r5_d6_b04__none,none,hamp_output,c98e7a188d21f2d4c7c5,0,0,0,0.9067280292510986,0.09327200055122375
PETS_CREDIT_high_eff_su2_r5_d6_b04__none,none,hamp_output,937f20d886953965c7b1,0,1,0,0.6278125047683716,0.3721875548362732
PETS_CREDIT_high_eff_su2_r5_d6_b04__none,none,hamp_output,d8bd80969a4223b1746d,0,0,1,0.0168320145457983,0.9831680059432983
PETS_CREDIT_high_eff_su2_r5_d6_b04__none,none,hamp_output,bc3373c58239a59432ac,0,0,0,0.8970955014228821,0.10290443897247314
PETS_CREDIT_high_eff_su2_r5_d6_b04__none,none,hamp_output,b3371873eab16dced88c,0,1,1,0.45348113775253296,0.546518862247467
PETS_CREDIT_high_eff_su2_r5_d6_b04__none,none,hamp_output,6dbce1b9dac4e77ed833,0,0,0,0.999962329864502,3.7670037272619084e-05
PETS_CREDIT_high_eff_su2_r5_d6_b04__none,none,hamp_output,8c2904b6884ba667a797,0,0,0,0.8258603811264038,0.17413955926895142
PETS_CREDIT_high_eff_su2_r5_d6_b04__none,none,hamp_output,97bf1ade2e61ae053afc,0,0,0,0.7462037205696106,0.2537963092327118
PETS_CREDIT_high_eff_su2_r5_d6_b04__none,none,hamp_output,39d2470b5cfce5a9dfa1,0,0,0,0.8822143077850342,0.11778571456670761
PETS_CREDIT_high_eff_su2_r5_d6_b04__none,none,hamp_output,3122b20f9c469ddb4810,0,0,0,0.8649259209632874,0.13507407903671265
PETS_CREDIT_high_eff_su2_r5_d6_b04__none,none,hamp_output,e68ff9c46623f5834b2a,0,0,1,0.00019292863726150244,0.9998070597648621
PETS_CREDIT_high_eff_su2_r5_d6_b04__none,none,hamp_output,d1055eb78a6d9b7fa791,0,1,0,0.5510146617889404,0.44898536801338196
PETS_CREDIT_high_eff_su2_r5_d6_b04__none,none,hamp_output,4c332882bcff4acb2ed2,0,0,0,0.9998591542243958,0.00014089030446484685
PETS_CREDIT_high_eff_su2_r5_d6_b04__none,none,hamp_output,7b0ce802ad5497661e33,0,0,0,0.9761172533035278,0.023882752284407616
PETS_CREDIT_high_eff_su2_r5_d6_b04__none,none,hamp_output,c98cde411f4e9cfe8503,0,0,0,0.9929424524307251,0.0070575750432908535
PETS_CREDIT_high_eff_su2_r5_d6_b04__none,none,hamp_output,91ecfc572b28d735ec3e,0,0,0,0.8590840697288513,0.14091594517230988
PETS_CREDIT_high_eff_su2_r5_d6_b04__none,none,hamp_output,69b90a23be71904d6905,0,0,1,0.34275099635124207,0.6572489738464355
PETS_CREDIT_high_eff_su2_r5_d6_b04__none,none,hamp_output,cb251470deed8436762a,0,1,0,0.8493090867996216,0.15069085359573364
PETS_CREDIT_high_eff_su2_r5_d6_b04__none,none,hamp_output,7d19854c5fdfa1af681e,0,1,0,0.8307539224624634,0.169246107339859
PETS_CREDIT_high_eff_su2_r5_d6_b04__none,none,hamp_output,06ee5a3883b6b9927026,0,0,0,0.9136409163475037,0.08635909110307693
PETS_CREDIT_high_eff_su2_r5_d6_b04__none,none,hamp_output,b8cb40bb8e46070c6af0,0,1,0,0.5132566690444946,0.486743301153183
PETS_CREDIT_high_eff_su2_r5_d6_b04__none,none,hamp_output,afd889d9e791dab1a1b4,0,0,0,0.9394387602806091,0.06056126579642296
PETS_CREDIT_high_eff_su2_r5_d6_b04__none,none,hamp_output,6083c35ef0dd27c47f39,0,0,0,0.7207698822021484,0.2792300879955292
PETS_CREDIT_high_eff_su2_r5_d6_b04__none,none,hamp_output,da5f5efb7790004fff98,0,1,0,0.7781944274902344,0.2218056321144104
PETS_CREDIT_high_eff_su2_r5_d6_b04__none,none,hamp_output,5c479147049976461a13,0,1,1,0.29569974541664124,0.7043002843856812
PETS_CREDIT_high_eff_su2_r5_d6_b04__none,none,hamp_output,14312160764496aa382a,0,0,0,0.8845634460449219,0.11543656885623932
PETS_CREDIT_high_eff_su2_r5_d6_b04__none,none,hamp_output,9d233cff809c5f6dd546,0,0,0,0.9870410561561584,0.01295896153897047
PETS_CREDIT_high_eff_su2_r5_d6_b04__none,none,hamp_output,4e60f65b085fd771a8c4,0,0,0,0.9121178984642029,0.08788212388753891
PETS_CREDIT_high_eff_su2_r5_d6_b04__none,none,hamp_output,37535abfe732af5462f7,0,0,1,0.01787666603922844,0.9821233153343201
PETS_CREDIT_high_eff_su2_r5_d6_b04__none,none,hamp_output,f87aed46b0f59636b333,0,0,0,0.5335099101066589,0.46649011969566345
PETS_CREDIT_high_eff_su2_r5_d6_b04__none,none,hamp_output,9214bdad11cf5b0f5788,0,0,0,0.7783625721931458,0.22163748741149902
PETS_CREDIT_high_eff_su2_r5_d6_b04__none,none,hamp_output,f40c60357e781eae3f45,0,0,0,0.7346871495246887,0.2653128504753113
PETS_CREDIT_high_eff_su2_r5_d6_b04__none,none,hamp_output,3a38d3079b87b1aa292b,0,1,0,0.5998244285583496,0.4001755714416504
PETS_CREDIT_high_eff_su2_r5_d6_b04__none,none,hamp_output,4a3bcd4fea4982030225,0,0,0,0.6848622560501099,0.3151377737522125
PETS_CREDIT_high_eff_su2_r5_d6_b04__none,none,hamp_output,7301e169f41de2491f0b,0,0,0,0.7853068113327026,0.21469323337078094
PETS_CREDIT_high_eff_su2_r5_d6_b04__none,none,hamp_output,9d1731de0429f4b3ede0,0,0,0,0.9570131897926331,0.04298676922917366
PETS_CREDIT_high_eff_su2_r5_d6_b04__none,none,hamp_output,02c2bed1ae0faa5e978c,0,0,0,0.9075446128845215,0.0924554243683815
PETS_CREDIT_high_eff_su2_r5_d6_b04__none,none,hamp_output,3aa5377d8103c2a302f9,0,0,0,0.897273063659668,0.10272692888975143
PETS_CREDIT_high_eff_su2_r5_d6_b04__none,none,hamp_output,900a77e140fe19ac5b22,0,0,0,0.5735828876495361,0.4264170825481415
PETS_CREDIT_high_eff_su2_r5_d6_b04__none,none,hamp_output,f7de620d7b4f5fb68cb9,0,0,0,0.6875279545783997,0.3124721050262451
PETS_CREDIT_high_eff_su2_r5_d6_b04__none,none,hamp_output,e2c7c70e125f8ae4563a,0,0,0,0.7498946189880371,0.2501054108142853
PETS_CREDIT_high_eff_su2_r5_d6_b04__none,none,hamp_output,beec71fbc035761ebf29,0,1,0,0.7469262480735779,0.2530737817287445
PETS_CREDIT_high_eff_su2_r5_d6_b04__none,none,hamp_output,4010d1d0fc60044b7e83,0,0,1,0.17056092619895935,0.829439103603363
PETS_CREDIT_high_eff_su2_r5_d6_b04__none,none,hamp_output,5c1eaee6580358b55afc,0,1,1,0.0012948811054229736,0.9987051486968994
PETS_CREDIT_high_eff_su2_r5_d6_b04__none,none,hamp_output,c90f1b219a38e04f4cc7,0,0,0,0.7589275240898132,0.24107252061367035
PETS_CREDIT_high_eff_su2_r5_d6_b04__none,none,hamp_output,501ff1b3b1c21ddafc81,0,0,0,0.9987319707870483,0.0012679884675890207
PETS_CREDIT_high_eff_su2_r5_d6_b04__none,none,hamp_output,b268b4355d3aa1ad71a0,0,0,0,0.9914475679397583,0.00855245441198349
PETS_CREDIT_high_eff_su2_r5_d6_b04__none,none,hamp_output,b690772de8eb14084d30,0,1,0,0.7095152139663696,0.29048484563827515
PETS_CREDIT_high_eff_su2_r5_d6_b04__none,none,hamp_output,0f0ec6f2889f1d9d2876,0,0,1,0.003474615514278412,0.9965254068374634
PETS_CREDIT_high_eff_su2_r5_d6_b04__none,none,hamp_output,2e900caa6bf6a7e56807,0,0,0,0.9853466749191284,0.014653363265097141
PETS_CREDIT_high_eff_su2_r5_d6_b04__none,none,hamp_output,4f0494096de7c3e95dac,0,0,0,0.6201293468475342,0.3798706531524658
PETS_CREDIT_high_eff_su2_r5_d6_b04__none,none,hamp_output,596626b705098d0557d3,0,0,1,0.0021165090147405863,0.9978834390640259
PETS_CREDIT_high_eff_su2_r5_d6_b04__none,none,hamp_output,0835edef9bf74dc85154,0,1,0,0.9068602919578552,0.09313976019620895
PETS_CREDIT_high_eff_su2_r5_d6_b04__none,none,hamp_output,50d6a72e9df1572d930d,0,0,1,0.05382151901721954,0.9461784958839417
PETS_CREDIT_high_eff_su2_r5_d6_b04__none,none,hamp_output,8494f9397dc92fe2fad1,0,0,0,0.7952846884727478,0.2047152817249298
PETS_CREDIT_high_eff_su2_r5_d6_b04__none,none,hamp_output,0213e86909d7343e3153,0,0,0,0.5920560956001282,0.40794387459754944
PETS_CREDIT_high_eff_su2_r5_d6_b04__none,none,hamp_output,201287d880b5985ef4a2,0,0,0,0.569000780582428,0.4309992492198944
PETS_CREDIT_high_eff_su2_r5_d6_b04__none,none,hamp_output,49b53c88d2fd487545a7,0,0,0,0.5302590727806091,0.46974095702171326
PETS_CREDIT_high_eff_su2_r5_d6_b04__none,none,hamp_output,6751bc7d476a144861a8,0,1,1,0.4774375259876251,0.5225624442100525
PETS_CREDIT_high_eff_su2_r5_d6_b04__none,none,hamp_output,6f5019cb3d8767f239fd,0,1,1,0.11545701324939728,0.8845429420471191
PETS_CREDIT_high_eff_su2_r5_d6_b04__none,none,hamp_output,3c2f11d4e9612d037e21,0,0,0,0.5845767259597778,0.4154232442378998
PETS_CREDIT_high_eff_su2_r5_d6_b04__none,none,hamp_output,cdbf66466c43de4d3398,0,0,0,0.7025513648986816,0.29744869470596313
PETS_CREDIT_high_eff_su2_r5_d6_b04__none,none,hamp_output,656fda897d18551f93f0,0,0,0,0.9575181007385254,0.04248190298676491
PETS_CREDIT_high_eff_su2_r5_d6_b04__none,none,memguard,22730a71b34176a3ba37,1,0,0,0.7896089553833008,0.2103910744190216
PETS_CREDIT_high_eff_su2_r5_d6_b04__none,none,memguard,01e7168ae2a624ff9916,1,0,0,0.7835685014724731,0.21643148362636566
PETS_CREDIT_high_eff_su2_r5_d6_b04__none,none,memguard,d8e3c3c718aea110b2d9,1,0,0,0.7856518030166626,0.2143482118844986
PETS_CREDIT_high_eff_su2_r5_d6_b04__none,none,memguard,bf5a9031a45524933e21,1,0,0,0.7596450448036194,0.24035495519638062
PETS_CREDIT_high_eff_su2_r5_d6_b04__none,none,memguard,7311863aa70952806ffc,1,0,0,0.7995098233222961,0.20049017667770386
PETS_CREDIT_high_eff_su2_r5_d6_b04__none,none,memguard,0772d1e68bccea98e68f,1,1,0,0.7590393424034119,0.24096064269542694
PETS_CREDIT_high_eff_su2_r5_d6_b04__none,none,memguard,f073d35785cf76f1409c,1,0,0,0.7781204581260681,0.22187946736812592
PETS_CREDIT_high_eff_su2_r5_d6_b04__none,none,memguard,006df97946d214e0111f,1,1,0,0.7697200179100037,0.23027996718883514
PETS_CREDIT_high_eff_su2_r5_d6_b04__none,none,memguard,7673e8a0f0b037cc51e5,1,1,1,0.2411767542362213,0.7588232755661011
PETS_CREDIT_high_eff_su2_r5_d6_b04__none,none,memguard,7be2869c238aa35d440a,1,0,0,0.7694075107574463,0.23059245944023132
PETS_CREDIT_high_eff_su2_r5_d6_b04__none,none,memguard,85bbf6f61dd23b95b6e7,1,0,0,0.8042437434196472,0.19575631618499756
PETS_CREDIT_high_eff_su2_r5_d6_b04__none,none,memguard,e07f107ec2deef516f4f,1,0,0,0.7950487732887268,0.204951211810112
PETS_CREDIT_high_eff_su2_r5_d6_b04__none,none,memguard,70d271c728323ea28d90,1,0,0,0.9994540214538574,0.0005459979875013232
PETS_CREDIT_high_eff_su2_r5_d6_b04__none,none,memguard,69ef03b5c6f4f7ecef33,1,0,0,0.7834362983703613,0.21656373143196106
PETS_CREDIT_high_eff_su2_r5_d6_b04__none,none,memguard,5b7629cbd1fb6e879520,1,0,0,0.9998785257339478,0.00012149473332101479
PETS_CREDIT_high_eff_su2_r5_d6_b04__none,none,memguard,526cee77dcfea7ee8138,1,1,0,0.7550022006034851,0.24499784409999847
PETS_CREDIT_high_eff_su2_r5_d6_b04__none,none,memguard,a62d80fa1349c54517ce,1,0,0,0.8032207489013672,0.19677923619747162
PETS_CREDIT_high_eff_su2_r5_d6_b04__none,none,memguard,daf2c33eb0f2b7518584,1,0,0,0.7955654263496399,0.2044345587491989
PETS_CREDIT_high_eff_su2_r5_d6_b04__none,none,memguard,d2c3d34fb102babfa194,1,0,0,0.7936843037605286,0.20631572604179382
PETS_CREDIT_high_eff_su2_r5_d6_b04__none,none,memguard,d606f1831b9734bb90e1,1,1,0,0.7585175037384033,0.24148248136043549
PETS_CREDIT_high_eff_su2_r5_d6_b04__none,none,memguard,a5628044ec0880a52490,1,0,0,0.7961522936820984,0.203847736120224
PETS_CREDIT_high_eff_su2_r5_d6_b04__none,none,memguard,4df4658f2eb41564da87,1,0,0,0.8042169809341431,0.19578304886817932
PETS_CREDIT_high_eff_su2_r5_d6_b04__none,none,memguard,c4b2c9357254e51af6a9,1,0,0,0.7889994382858276,0.21100059151649475
PETS_CREDIT_high_eff_su2_r5_d6_b04__none,none,memguard,0ffd3e39286157b02ad4,1,0,0,0.7924311757087708,0.20756880939006805
PETS_CREDIT_high_eff_su2_r5_d6_b04__none,none,memguard,24e13410bd96d58bb8a8,1,0,0,0.7958341240882874,0.20416589081287384
PETS_CREDIT_high_eff_su2_r5_d6_b04__none,none,memguard,26f8e0268dd95cba45fd,1,0,1,0.22959330677986145,0.7704067230224609
PETS_CREDIT_high_eff_su2_r5_d6_b04__none,none,memguard,08a6c27fcb32f81ff375,1,0,0,0.7838597893714905,0.21614018082618713
PETS_CREDIT_high_eff_su2_r5_d6_b04__none,none,memguard,4def6ca8e27be84aeb54,1,0,0,0.7778586149215698,0.22214138507843018
PETS_CREDIT_high_eff_su2_r5_d6_b04__none,none,memguard,75e559f2a9928f47e4ef,1,0,0,0.7943705320358276,0.20562949776649475
PETS_CREDIT_high_eff_su2_r5_d6_b04__none,none,memguard,c490de3382c28742eeb6,1,0,0,0.7584927678108215,0.24150723218917847
PETS_CREDIT_high_eff_su2_r5_d6_b04__none,none,memguard,c75c31af2389cc3a594f,1,0,0,0.7995344996452332,0.20046548545360565
PETS_CREDIT_high_eff_su2_r5_d6_b04__none,none,memguard,78edbc6916b12b570866,1,0,0,0.8032101392745972,0.19678987562656403
PETS_CREDIT_high_eff_su2_r5_d6_b04__none,none,memguard,5f9c02f5ec03a28e4f53,1,1,1,0.23290614783763885,0.7670938968658447
PETS_CREDIT_high_eff_su2_r5_d6_b04__none,none,memguard,2c3058336909d855b1f0,1,0,0,0.7903414368629456,0.20965859293937683
PETS_CREDIT_high_eff_su2_r5_d6_b04__none,none,memguard,1819fe5c399a17316fee,1,1,0,0.7642906904220581,0.2357093095779419
PETS_CREDIT_high_eff_su2_r5_d6_b04__none,none,memguard,4b8fbfef25d81e60d4a6,1,0,0,0.8008382320404053,0.1991618275642395
PETS_CREDIT_high_eff_su2_r5_d6_b04__none,none,memguard,108acbd92e651db6ac49,1,0,0,0.7907657623291016,0.20923425257205963
PETS_CREDIT_high_eff_su2_r5_d6_b04__none,none,memguard,c536d8f2ff559c7756e7,1,0,0,0.7885277271270752,0.211472287774086
PETS_CREDIT_high_eff_su2_r5_d6_b04__none,none,memguard,8d289eb2b513288c6cba,1,1,1,0.22279690206050873,0.7772030830383301
PETS_CREDIT_high_eff_su2_r5_d6_b04__none,none,memguard,b0f47ae4b56b3aa4d111,1,0,0,0.7869541049003601,0.2130459100008011
PETS_CREDIT_high_eff_su2_r5_d6_b04__none,none,memguard,f2a589817382059b0dcc,1,0,0,0.7678646445274353,0.23213540017604828
PETS_CREDIT_high_eff_su2_r5_d6_b04__none,none,memguard,5cb75d859aa2d3df94b0,1,1,1,0.2437525987625122,0.7562474012374878
PETS_CREDIT_high_eff_su2_r5_d6_b04__none,none,memguard,58cb80b3d0535cb4343a,1,0,1,0.23537781834602356,0.7646222114562988
PETS_CREDIT_high_eff_su2_r5_d6_b04__none,none,memguard,f3ca91dd8e5aba8d83d9,1,0,0,0.7869428992271423,0.21305708587169647
PETS_CREDIT_high_eff_su2_r5_d6_b04__none,none,memguard,6c0e663b6848864dc914,1,0,0,0.760793149471283,0.23920686542987823
PETS_CREDIT_high_eff_su2_r5_d6_b04__none,none,memguard,f929be357f68bdda4236,1,0,0,0.7960001230239868,0.20399987697601318
PETS_CREDIT_high_eff_su2_r5_d6_b04__none,none,memguard,356e520dcf3a6473ffb2,1,0,0,0.786691427230835,0.21330855786800385
PETS_CREDIT_high_eff_su2_r5_d6_b04__none,none,memguard,d75c3e52dbcaf5a5ec2a,1,0,0,0.7842705249786377,0.2157294750213623
PETS_CREDIT_high_eff_su2_r5_d6_b04__none,none,memguard,01743ddf295d8f6b5a46,1,1,0,0.7680985927581787,0.23190143704414368
PETS_CREDIT_high_eff_su2_r5_d6_b04__none,none,memguard,f97851146238bb9a3754,1,0,0,0.7965195775032043,0.20348040759563446
PETS_CREDIT_high_eff_su2_r5_d6_b04__none,none,memguard,1dd9f8371cdcaa1758b3,1,0,0,0.7988322973251343,0.2011677473783493
PETS_CREDIT_high_eff_su2_r5_d6_b04__none,none,memguard,ae429a6a1d645aacb94e,1,0,0,0.7681839466094971,0.23181602358818054
PETS_CREDIT_high_eff_su2_r5_d6_b04__none,none,memguard,073dbbd888ef767c75de,1,0,0,0.7870170474052429,0.21298295259475708
PETS_CREDIT_high_eff_su2_r5_d6_b04__none,none,memguard,6ea2a519a69c09016323,1,0,0,0.7972657680511475,0.20273420214653015
PETS_CREDIT_high_eff_su2_r5_d6_b04__none,none,memguard,8d5ec20ca179ede5da84,1,1,0,0.7549250721931458,0.24507489800453186
PETS_CREDIT_high_eff_su2_r5_d6_b04__none,none,memguard,092efc45ab978715a8fa,1,1,0,0.7680013179779053,0.23199871182441711
PETS_CREDIT_high_eff_su2_r5_d6_b04__none,none,memguard,c05d34fbff8b3f10a857,1,0,0,0.7716237306594849,0.22837625443935394
PETS_CREDIT_high_eff_su2_r5_d6_b04__none,none,memguard,cec5a851be4f6e7c0887,1,1,1,0.2199997752904892,0.7800002694129944
PETS_CREDIT_high_eff_su2_r5_d6_b04__none,none,memguard,a230bf08b60c3cd268df,1,0,0,0.7816373705863953,0.21836262941360474
PETS_CREDIT_high_eff_su2_r5_d6_b04__none,none,memguard,e030c0aa4ae0f1011f2f,1,0,0,0.7768992781639099,0.22310075163841248
PETS_CREDIT_high_eff_su2_r5_d6_b04__none,none,memguard,5383d08662564ec7ab0d,1,1,1,0.24170610308647156,0.758293867111206
PETS_CREDIT_high_eff_su2_r5_d6_b04__none,none,memguard,25bed8f88a506c4cc366,1,1,0,0.7745810747146606,0.22541892528533936
PETS_CREDIT_high_eff_su2_r5_d6_b04__none,none,memguard,39f8154e08ad72170108,1,0,0,0.8008310198783875,0.19916900992393494
PETS_CREDIT_high_eff_su2_r5_d6_b04__none,none,memguard,f0c1637eb1fa5204c581,1,0,1,0.2238987535238266,0.7761012315750122
PETS_CREDIT_high_eff_su2_r5_d6_b04__none,none,memguard,bf465d63c434358f77e4,1,0,0,0.7846328616142273,0.2153671681880951
PETS_CREDIT_high_eff_su2_r5_d6_b04__none,none,memguard,4b85b1f42c0154e0d47c,1,0,0,0.8007399439811707,0.19926005601882935
PETS_CREDIT_high_eff_su2_r5_d6_b04__none,none,memguard,5d21e75cb6066696e6e2,1,0,0,0.7825139164924622,0.21748605370521545
PETS_CREDIT_high_eff_su2_r5_d6_b04__none,none,memguard,11ccb38ba9653d61e950,1,0,0,0.7653611898422241,0.23463883996009827
PETS_CREDIT_high_eff_su2_r5_d6_b04__none,none,memguard,c50e57ca37a497df3a13,1,0,0,0.7942352294921875,0.2057648003101349
PETS_CREDIT_high_eff_su2_r5_d6_b04__none,none,memguard,eb849709f12c60edd50b,1,1,1,0.22744254767894745,0.7725574374198914
PETS_CREDIT_high_eff_su2_r5_d6_b04__none,none,memguard,a6dfd0dc4ba32e6c00e6,1,0,0,0.8042959570884705,0.19570402801036835
PETS_CREDIT_high_eff_su2_r5_d6_b04__none,none,memguard,e3e282f64bed70282149,1,0,0,0.7881067395210266,0.21189327538013458
PETS_CREDIT_high_eff_su2_r5_d6_b04__none,none,memguard,877b93e6aa8797d2cd0b,1,0,0,0.7948005795478821,0.2051994651556015
PETS_CREDIT_high_eff_su2_r5_d6_b04__none,none,memguard,26b6a5da65cdaeb8e184,1,0,0,0.7940980195999146,0.20590199530124664
PETS_CREDIT_high_eff_su2_r5_d6_b04__none,none,memguard,0674ce029ebb21d32e38,1,0,0,0.802889347076416,0.19711066782474518
PETS_CREDIT_high_eff_su2_r5_d6_b04__none,none,memguard,cbd912351cdbc83a9184,1,0,0,0.8036272525787354,0.19637276232242584
PETS_CREDIT_high_eff_su2_r5_d6_b04__none,none,memguard,b91b8614dbf7826436cf,1,0,0,0.7940102815628052,0.2059897631406784
PETS_CREDIT_high_eff_su2_r5_d6_b04__none,none,memguard,e76cce60bc3507d0d7b2,1,0,0,0.7734440565109253,0.2265559732913971
PETS_CREDIT_high_eff_su2_r5_d6_b04__none,none,memguard,16e3ff8c6f696f231824,1,1,1,0.22510872781276703,0.7748912572860718
PETS_CREDIT_high_eff_su2_r5_d6_b04__none,none,memguard,7ce1135db7560daf7e70,1,0,0,0.794811487197876,0.20518852770328522
PETS_CREDIT_high_eff_su2_r5_d6_b04__none,none,memguard,3ac7ac4bc65a6ffec899,1,1,0,0.7608807682991028,0.2391192466020584
PETS_CREDIT_high_eff_su2_r5_d6_b04__none,none,memguard,693c448a296e96fc4d08,1,0,0,0.7865812182426453,0.21341879665851593
PETS_CREDIT_high_eff_su2_r5_d6_b04__none,none,memguard,dba69027df0122535f19,1,0,0,0.8037897944450378,0.19621023535728455
PETS_CREDIT_high_eff_su2_r5_d6_b04__none,none,memguard,8fe0ac3103b5acc00cdc,1,0,0,0.9999948740005493,5.132744718139293e-06
PETS_CREDIT_high_eff_su2_r5_d6_b04__none,none,memguard,d46f8b9f4d57f90db615,1,1,0,0.7752271890640259,0.22477279603481293
PETS_CREDIT_high_eff_su2_r5_d6_b04__none,none,memguard,61afce8119059a5cee82,1,0,0,0.7848974466323853,0.21510255336761475
PETS_CREDIT_high_eff_su2_r5_d6_b04__none,none,memguard,66fa33821884d4568b02,1,0,0,0.7970712780952454,0.20292873680591583
PETS_CREDIT_high_eff_su2_r5_d6_b04__none,none,memguard,4dde24d981dd8981f71f,1,0,0,0.7887135148048401,0.2112865149974823
PETS_CREDIT_high_eff_su2_r5_d6_b04__none,none,memguard,ce8a11f272895da8cd7f,1,0,0,0.8028877973556519,0.19711212813854218
PETS_CREDIT_high_eff_su2_r5_d6_b04__none,none,memguard,6a75db22a6087741eef2,1,1,0,0.7781633734703064,0.22183667123317719
PETS_CREDIT_high_eff_su2_r5_d6_b04__none,none,memguard,72bf8a475d5aa5538cd3,1,0,0,0.7874416708946228,0.21255837380886078
PETS_CREDIT_high_eff_su2_r5_d6_b04__none,none,memguard,1c7eb9e50fc08e5f8cf0,1,0,0,0.7938795685768127,0.20612044632434845
PETS_CREDIT_high_eff_su2_r5_d6_b04__none,none,memguard,b84ff32b3c14263b0dd5,1,0,0,0.8044230341911316,0.19557693600654602
PETS_CREDIT_high_eff_su2_r5_d6_b04__none,none,memguard,a9752ae3047aff503fb3,1,0,0,0.8008954524993896,0.19910457730293274
PETS_CREDIT_high_eff_su2_r5_d6_b04__none,none,memguard,6f47824d3363865de61a,1,0,0,0.7965925335884094,0.20340748131275177
PETS_CREDIT_high_eff_su2_r5_d6_b04__none,none,memguard,6093ce809aa33ce6693b,1,1,0,0.7670861482620239,0.23291383683681488
PETS_CREDIT_high_eff_su2_r5_d6_b04__none,none,memguard,c053f623dd8f2bfb7915,1,1,1,0.23846417665481567,0.7615358233451843
PETS_CREDIT_high_eff_su2_r5_d6_b04__none,none,memguard,f1068bd99413d081a271,1,0,0,0.8034512996673584,0.1965487152338028
PETS_CREDIT_high_eff_su2_r5_d6_b04__none,none,memguard,ab00e756b29c98fd6674,1,0,0,0.7953577637672424,0.20464222133159637
PETS_CREDIT_high_eff_su2_r5_d6_b04__none,none,memguard,1313972ddf1c6e9eb2c9,1,0,0,0.7703874111175537,0.22961261868476868
PETS_CREDIT_high_eff_su2_r5_d6_b04__none,none,memguard,cca86135655a3f3f0727,0,0,0,0.8019034266471863,0.1980966329574585
PETS_CREDIT_high_eff_su2_r5_d6_b04__none,none,memguard,93a3d4057fcaa594a8d6,0,0,0,0.997866690158844,0.0021332588512450457
PETS_CREDIT_high_eff_su2_r5_d6_b04__none,none,memguard,973b033623e52ecc534b,0,0,0,0.7791134715080261,0.22088655829429626
PETS_CREDIT_high_eff_su2_r5_d6_b04__none,none,memguard,d7b3b622ad501cc46324,0,0,0,0.785605251789093,0.21439479291439056
PETS_CREDIT_high_eff_su2_r5_d6_b04__none,none,memguard,5ccd79222ef1b5250d91,0,0,0,0.8012856841087341,0.19871433079242706
PETS_CREDIT_high_eff_su2_r5_d6_b04__none,none,memguard,64f43af80af04a1795e2,0,1,0,0.7998795509338379,0.20012041926383972
PETS_CREDIT_high_eff_su2_r5_d6_b04__none,none,memguard,94b5f1f88153a9cadc61,0,0,0,0.7739692330360413,0.22603076696395874
PETS_CREDIT_high_eff_su2_r5_d6_b04__none,none,memguard,9d16b315411ee80bab47,0,1,0,0.7840879559516907,0.21591202914714813
PETS_CREDIT_high_eff_su2_r5_d6_b04__none,none,memguard,346b2d56d8b09d426f47,0,1,0,0.759317934513092,0.24068205058574677
PETS_CREDIT_high_eff_su2_r5_d6_b04__none,none,memguard,4c434bf56ebb2774a731,0,0,0,0.7877715229988098,0.2122284471988678
PETS_CREDIT_high_eff_su2_r5_d6_b04__none,none,memguard,c54deb95c61200776a89,0,0,0,0.7703556418418884,0.22964438796043396
PETS_CREDIT_high_eff_su2_r5_d6_b04__none,none,memguard,a75b386334feb544e4d2,0,0,0,0.8044805526733398,0.19551944732666016
PETS_CREDIT_high_eff_su2_r5_d6_b04__none,none,memguard,625f2e57e0e6a02526b6,0,0,0,0.7900928854942322,0.20990709960460663
PETS_CREDIT_high_eff_su2_r5_d6_b04__none,none,memguard,2cecf3fe4ef6ad144c88,0,0,0,0.7940484285354614,0.20595155656337738
PETS_CREDIT_high_eff_su2_r5_d6_b04__none,none,memguard,4c4445ff57fc497b680a,0,0,0,0.7852005362510681,0.21479949355125427
PETS_CREDIT_high_eff_su2_r5_d6_b04__none,none,memguard,4c4d8f9748cad40f5244,0,1,0,0.7918184995651245,0.20818151533603668
PETS_CREDIT_high_eff_su2_r5_d6_b04__none,none,memguard,9ebfa8a19f66465c515a,0,0,0,0.7653381824493408,0.23466180264949799
PETS_CREDIT_high_eff_su2_r5_d6_b04__none,none,memguard,06b8005b0fc375383b1e,0,0,0,0.7780361175537109,0.22196388244628906
PETS_CREDIT_high_eff_su2_r5_d6_b04__none,none,memguard,7e7ddba4c04376ff7a44,0,0,0,0.7776416540145874,0.2223583459854126
PETS_CREDIT_high_eff_su2_r5_d6_b04__none,none,memguard,6d1c41efb24b3abb9035,0,1,0,0.7650361061096191,0.23496386408805847
PETS_CREDIT_high_eff_su2_r5_d6_b04__none,none,memguard,47955bec8c8c8b0d6ecd,0,0,0,0.8033910989761353,0.19660896062850952
PETS_CREDIT_high_eff_su2_r5_d6_b04__none,none,memguard,90aa3dc827baf03a0b7f,0,0,0,0.7587019205093384,0.241298109292984
PETS_CREDIT_high_eff_su2_r5_d6_b04__none,none,memguard,4159bb910f35e10214c2,0,0,0,0.7972518801689148,0.2027481198310852
PETS_CREDIT_high_eff_su2_r5_d6_b04__none,none,memguard,8dcf26c9f074a4b5de0e,0,0,0,0.777884840965271,0.22211520373821259
PETS_CREDIT_high_eff_su2_r5_d6_b04__none,none,memguard,6732cf9cccc2b370e663,0,0,0,0.999782383441925,0.00021760624076705426
PETS_CREDIT_high_eff_su2_r5_d6_b04__none,none,memguard,df58da5e9ce0493bef89,0,0,0,0.7610369920730591,0.2389630377292633
PETS_CREDIT_high_eff_su2_r5_d6_b04__none,none,memguard,fa627b253289aa8a3a5a,0,0,0,0.7851595282554626,0.21484045684337616
PETS_CREDIT_high_eff_su2_r5_d6_b04__none,none,memguard,2478313b949e4a19fec5,0,0,0,0.7726984620094299,0.22730150818824768
PETS_CREDIT_high_eff_su2_r5_d6_b04__none,none,memguard,a6f8faff37efe9eca5fe,0,0,1,0.2426280826330185,0.7573719620704651
PETS_CREDIT_high_eff_su2_r5_d6_b04__none,none,memguard,65387b844cf38bc1d41b,0,0,0,0.8018307089805603,0.1981692612171173
PETS_CREDIT_high_eff_su2_r5_d6_b04__none,none,memguard,471df40f4bdddddc09ec,0,0,0,0.794745147228241,0.20525483787059784
PETS_CREDIT_high_eff_su2_r5_d6_b04__none,none,memguard,e443a43c3c6ede470732,0,0,1,0.23633916676044464,0.7636608481407166
PETS_CREDIT_high_eff_su2_r5_d6_b04__none,none,memguard,825b566ac4e2dd570f93,0,1,0,0.7675357460975647,0.23246422410011292
PETS_CREDIT_high_eff_su2_r5_d6_b04__none,none,memguard,0624e96e01e475f2d70d,0,0,1,0.2238883674144745,0.7761116027832031
PETS_CREDIT_high_eff_su2_r5_d6_b04__none,none,memguard,ca9443d2383be5fa47ca,0,1,0,0.8019360899925232,0.198063924908638
PETS_CREDIT_high_eff_su2_r5_d6_b04__none,none,memguard,6df7b8af4894c02f1865,0,0,0,0.7588714361190796,0.2411285787820816
PETS_CREDIT_high_eff_su2_r5_d6_b04__none,none,memguard,30264bd9cc543cb1bc1b,0,0,0,0.7655905485153198,0.23440943658351898
PETS_CREDIT_high_eff_su2_r5_d6_b04__none,none,memguard,c98e7a188d21f2d4c7c5,0,0,0,0.7957634925842285,0.20423652231693268
PETS_CREDIT_high_eff_su2_r5_d6_b04__none,none,memguard,937f20d886953965c7b1,0,1,0,0.7976207137107849,0.20237930119037628
PETS_CREDIT_high_eff_su2_r5_d6_b04__none,none,memguard,d8bd80969a4223b1746d,0,0,1,0.22375331819057465,0.7762467265129089
PETS_CREDIT_high_eff_su2_r5_d6_b04__none,none,memguard,bc3373c58239a59432ac,0,0,0,0.7857775688171387,0.21422244608402252
PETS_CREDIT_high_eff_su2_r5_d6_b04__none,none,memguard,b3371873eab16dced88c,0,1,1,0.23995208740234375,0.7600479125976562
PETS_CREDIT_high_eff_su2_r5_d6_b04__none,none,memguard,6dbce1b9dac4e77ed833,0,0,0,0.7669036984443665,0.23309633135795593
PETS_CREDIT_high_eff_su2_r5_d6_b04__none,none,memguard,8c2904b6884ba667a797,0,0,0,0.7926276922225952,0.20737232267856598
PETS_CREDIT_high_eff_su2_r5_d6_b04__none,none,memguard,97bf1ade2e61ae053afc,0,0,0,0.7951486706733704,0.20485134422779083
PETS_CREDIT_high_eff_su2_r5_d6_b04__none,none,memguard,39d2470b5cfce5a9dfa1,0,0,0,0.7836114764213562,0.216388538479805
PETS_CREDIT_high_eff_su2_r5_d6_b04__none,none,memguard,3122b20f9c469ddb4810,0,0,0,0.8050957918167114,0.1949041336774826
PETS_CREDIT_high_eff_su2_r5_d6_b04__none,none,memguard,e68ff9c46623f5834b2a,0,0,1,0.23292537033557892,0.7670746445655823
PETS_CREDIT_high_eff_su2_r5_d6_b04__none,none,memguard,d1055eb78a6d9b7fa791,0,1,0,0.7553576827049255,0.24464230239391327
PETS_CREDIT_high_eff_su2_r5_d6_b04__none,none,memguard,4c332882bcff4acb2ed2,0,0,0,0.7832305431365967,0.2167695015668869
PETS_CREDIT_high_eff_su2_r5_d6_b04__none,none,memguard,7b0ce802ad5497661e33,0,0,0,0.7752265930175781,0.22477343678474426
PETS_CREDIT_high_eff_su2_r5_d6_b04__none,none,memguard,c98cde411f4e9cfe8503,0,0,0,0.7938628196716309,0.20613721013069153
PETS_CREDIT_high_eff_su2_r5_d6_b04__none,none,memguard,91ecfc572b28d735ec3e,0,0,0,0.7772228717803955,0.22277714312076569
PETS_CREDIT_high_eff_su2_r5_d6_b04__none,none,memguard,69b90a23be71904d6905,0,0,1,0.23006394505500793,0.7699360251426697
PETS_CREDIT_high_eff_su2_r5_d6_b04__none,none,memguard,cb251470deed8436762a,0,1,0,0.7943072319030762,0.20569273829460144
PETS_CREDIT_high_eff_su2_r5_d6_b04__none,none,memguard,7d19854c5fdfa1af681e,0,1,0,0.7926442623138428,0.20735576748847961
PETS_CREDIT_high_eff_su2_r5_d6_b04__none,none,memguard,06ee5a3883b6b9927026,0,0,0,0.7683442831039429,0.23165568709373474
PETS_CREDIT_high_eff_su2_r5_d6_b04__none,none,memguard,b8cb40bb8e46070c6af0,0,1,0,0.7937186360359192,0.2062814086675644
PETS_CREDIT_high_eff_su2_r5_d6_b04__none,none,memguard,afd889d9e791dab1a1b4,0,0,0,0.7853589057922363,0.21464109420776367
PETS_CREDIT_high_eff_su2_r5_d6_b04__none,none,memguard,6083c35ef0dd27c47f39,0,0,0,0.7715651392936707,0.22843486070632935
PETS_CREDIT_high_eff_su2_r5_d6_b04__none,none,memguard,da5f5efb7790004fff98,0,1,0,0.7960143685340881,0.20398567616939545
PETS_CREDIT_high_eff_su2_r5_d6_b04__none,none,memguard,5c479147049976461a13,0,1,1,0.22196517884731293,0.7780348062515259
PETS_CREDIT_high_eff_su2_r5_d6_b04__none,none,memguard,14312160764496aa382a,0,0,0,0.7957155108451843,0.2042844593524933
PETS_CREDIT_high_eff_su2_r5_d6_b04__none,none,memguard,9d233cff809c5f6dd546,0,0,0,0.7705681324005127,0.22943183779716492
PETS_CREDIT_high_eff_su2_r5_d6_b04__none,none,memguard,4e60f65b085fd771a8c4,0,0,0,0.7587962746620178,0.24120378494262695
PETS_CREDIT_high_eff_su2_r5_d6_b04__none,none,memguard,37535abfe732af5462f7,0,0,1,0.2342013418674469,0.7657986879348755
PETS_CREDIT_high_eff_su2_r5_d6_b04__none,none,memguard,f87aed46b0f59636b333,0,0,0,0.7848616242408752,0.21513836085796356
PETS_CREDIT_high_eff_su2_r5_d6_b04__none,none,memguard,9214bdad11cf5b0f5788,0,0,0,0.7630671858787537,0.23693285882472992
PETS_CREDIT_high_eff_su2_r5_d6_b04__none,none,memguard,f40c60357e781eae3f45,0,0,0,0.7899962663650513,0.21000370383262634
PETS_CREDIT_high_eff_su2_r5_d6_b04__none,none,memguard,3a38d3079b87b1aa292b,0,1,0,0.7953616380691528,0.20463839173316956
PETS_CREDIT_high_eff_su2_r5_d6_b04__none,none,memguard,4a3bcd4fea4982030225,0,0,0,0.7915802001953125,0.2084198296070099
PETS_CREDIT_high_eff_su2_r5_d6_b04__none,none,memguard,7301e169f41de2491f0b,0,0,0,0.8034125566482544,0.19658741354942322
PETS_CREDIT_high_eff_su2_r5_d6_b04__none,none,memguard,9d1731de0429f4b3ede0,0,0,0,0.7929746508598328,0.20702537894248962
PETS_CREDIT_high_eff_su2_r5_d6_b04__none,none,memguard,02c2bed1ae0faa5e978c,0,0,0,0.9999894499778748,1.0551738341746386e-05
PETS_CREDIT_high_eff_su2_r5_d6_b04__none,none,memguard,3aa5377d8103c2a302f9,0,0,0,0.7857539057731628,0.21424606442451477
PETS_CREDIT_high_eff_su2_r5_d6_b04__none,none,memguard,900a77e140fe19ac5b22,0,0,0,0.7597329020500183,0.2402670979499817
PETS_CREDIT_high_eff_su2_r5_d6_b04__none,none,memguard,f7de620d7b4f5fb68cb9,0,0,0,0.7855008840560913,0.21449913084506989
PETS_CREDIT_high_eff_su2_r5_d6_b04__none,none,memguard,e2c7c70e125f8ae4563a,0,0,0,0.7828975319862366,0.21710248291492462
PETS_CREDIT_high_eff_su2_r5_d6_b04__none,none,memguard,beec71fbc035761ebf29,0,1,0,0.7693026661872864,0.23069733381271362
PETS_CREDIT_high_eff_su2_r5_d6_b04__none,none,memguard,4010d1d0fc60044b7e83,0,0,1,0.23723581433296204,0.7627642154693604
PETS_CREDIT_high_eff_su2_r5_d6_b04__none,none,memguard,5c1eaee6580358b55afc,0,1,1,0.2066802680492401,0.7933197617530823
PETS_CREDIT_high_eff_su2_r5_d6_b04__none,none,memguard,c90f1b219a38e04f4cc7,0,0,0,0.7689960598945618,0.23100396990776062
PETS_CREDIT_high_eff_su2_r5_d6_b04__none,none,memguard,501ff1b3b1c21ddafc81,0,0,0,0.7827636003494263,0.21723641455173492
PETS_CREDIT_high_eff_su2_r5_d6_b04__none,none,memguard,b268b4355d3aa1ad71a0,0,0,0,0.7861471176147461,0.2138528823852539
PETS_CREDIT_high_eff_su2_r5_d6_b04__none,none,memguard,b690772de8eb14084d30,0,1,0,0.7605543732643127,0.23944562673568726
PETS_CREDIT_high_eff_su2_r5_d6_b04__none,none,memguard,0f0ec6f2889f1d9d2876,0,0,1,0.22936396300792694,0.7706360816955566
PETS_CREDIT_high_eff_su2_r5_d6_b04__none,none,memguard,2e900caa6bf6a7e56807,0,0,0,0.768016517162323,0.23198352754116058
PETS_CREDIT_high_eff_su2_r5_d6_b04__none,none,memguard,4f0494096de7c3e95dac,0,0,0,0.7839136123657227,0.21608637273311615
PETS_CREDIT_high_eff_su2_r5_d6_b04__none,none,memguard,596626b705098d0557d3,0,0,1,0.23210358619689941,0.7678964138031006
PETS_CREDIT_high_eff_su2_r5_d6_b04__none,none,memguard,0835edef9bf74dc85154,0,1,0,0.7927957773208618,0.20720422267913818
PETS_CREDIT_high_eff_su2_r5_d6_b04__none,none,memguard,50d6a72e9df1572d930d,0,0,1,0.22736434638500214,0.7726356387138367
PETS_CREDIT_high_eff_su2_r5_d6_b04__none,none,memguard,8494f9397dc92fe2fad1,0,0,0,0.7875179648399353,0.2124820202589035
PETS_CREDIT_high_eff_su2_r5_d6_b04__none,none,memguard,0213e86909d7343e3153,0,0,0,0.7612885236740112,0.23871146142482758
PETS_CREDIT_high_eff_su2_r5_d6_b04__none,none,memguard,201287d880b5985ef4a2,0,0,0,0.7852535247802734,0.21474651992321014
PETS_CREDIT_high_eff_su2_r5_d6_b04__none,none,memguard,49b53c88d2fd487545a7,0,0,0,0.783602237701416,0.21639776229858398
PETS_CREDIT_high_eff_su2_r5_d6_b04__none,none,memguard,6751bc7d476a144861a8,0,1,1,0.2268986850976944,0.7731013298034668
PETS_CREDIT_high_eff_su2_r5_d6_b04__none,none,memguard,6f5019cb3d8767f239fd,0,1,1,0.24480634927749634,0.7551936507225037
PETS_CREDIT_high_eff_su2_r5_d6_b04__none,none,memguard,3c2f11d4e9612d037e21,0,0,0,0.8006913661956787,0.19930864870548248
PETS_CREDIT_high_eff_su2_r5_d6_b04__none,none,memguard,cdbf66466c43de4d3398,0,0,0,0.9986991286277771,0.001300846692174673
PETS_CREDIT_high_eff_su2_r5_d6_b04__none,none,memguard,656fda897d18551f93f0,0,0,0,0.7927345633506775,0.20726540684700012
PETS_CREDIT_high_eff_su2_r5_d6_b04__none,none,logitguard_continuous,22730a71b34176a3ba37,1,0,0,0.7720513343811035,0.2279486358165741
PETS_CREDIT_high_eff_su2_r5_d6_b04__none,none,logitguard_continuous,01e7168ae2a624ff9916,1,0,0,0.7979493141174316,0.20205065608024597
PETS_CREDIT_high_eff_su2_r5_d6_b04__none,none,logitguard_continuous,d8e3c3c718aea110b2d9,1,0,0,0.7720094323158264,0.22799062728881836
PETS_CREDIT_high_eff_su2_r5_d6_b04__none,none,logitguard_continuous,bf5a9031a45524933e21,1,0,0,0.7544897794723511,0.2455102503299713
PETS_CREDIT_high_eff_su2_r5_d6_b04__none,none,logitguard_continuous,7311863aa70952806ffc,1,0,0,0.7853062748908997,0.21469374001026154
PETS_CREDIT_high_eff_su2_r5_d6_b04__none,none,logitguard_continuous,0772d1e68bccea98e68f,1,1,0,0.7861359119415283,0.21386411786079407
PETS_CREDIT_high_eff_su2_r5_d6_b04__none,none,logitguard_continuous,f073d35785cf76f1409c,1,0,0,0.7783206701278687,0.22167934477329254
PETS_CREDIT_high_eff_su2_r5_d6_b04__none,none,logitguard_continuous,006df97946d214e0111f,1,1,0,0.7773374319076538,0.22266258299350739
PETS_CREDIT_high_eff_su2_r5_d6_b04__none,none,logitguard_continuous,7673e8a0f0b037cc51e5,1,1,1,0.22058729827404022,0.7794126868247986
PETS_CREDIT_high_eff_su2_r5_d6_b04__none,none,logitguard_continuous,7be2869c238aa35d440a,1,0,0,0.7817636132240295,0.21823635697364807
PETS_CREDIT_high_eff_su2_r5_d6_b04__none,none,logitguard_continuous,85bbf6f61dd23b95b6e7,1,0,0,0.7646514773368835,0.23534852266311646
PETS_CREDIT_high_eff_su2_r5_d6_b04__none,none,logitguard_continuous,e07f107ec2deef516f4f,1,0,0,0.7999169826507568,0.20008301734924316
PETS_CREDIT_high_eff_su2_r5_d6_b04__none,none,logitguard_continuous,70d271c728323ea28d90,1,0,0,0.984809160232544,0.015190832316875458
PETS_CREDIT_high_eff_su2_r5_d6_b04__none,none,logitguard_continuous,69ef03b5c6f4f7ecef33,1,0,0,0.7908161878585815,0.20918379724025726
PETS_CREDIT_high_eff_su2_r5_d6_b04__none,none,logitguard_continuous,5b7629cbd1fb6e879520,1,0,0,0.9965749382972717,0.003425060072913766
PETS_CREDIT_high_eff_su2_r5_d6_b04__none,none,logitguard_continuous,526cee77dcfea7ee8138,1,1,0,0.7890150547027588,0.2109849750995636
PETS_CREDIT_high_eff_su2_r5_d6_b04__none,none,logitguard_continuous,a62d80fa1349c54517ce,1,0,0,0.7809708118438721,0.21902918815612793
PETS_CREDIT_high_eff_su2_r5_d6_b04__none,none,logitguard_continuous,daf2c33eb0f2b7518584,1,0,0,0.7834047079086304,0.21659529209136963
PETS_CREDIT_high_eff_su2_r5_d6_b04__none,none,logitguard_continuous,d2c3d34fb102babfa194,1,0,0,0.7770276069641113,0.22297240793704987
PETS_CREDIT_high_eff_su2_r5_d6_b04__none,none,logitguard_continuous,d606f1831b9734bb90e1,1,1,0,0.7836915850639343,0.21630847454071045
PETS_CREDIT_high_eff_su2_r5_d6_b04__none,none,logitguard_continuous,a5628044ec0880a52490,1,0,0,0.7726480960845947,0.22735190391540527
PETS_CREDIT_high_eff_su2_r5_d6_b04__none,none,logitguard_continuous,4df4658f2eb41564da87,1,0,0,0.8511270880699158,0.1488729566335678
PETS_CREDIT_high_eff_su2_r5_d6_b04__none,none,logitguard_continuous,c4b2c9357254e51af6a9,1,0,0,0.7937946915626526,0.206205353140831
PETS_CREDIT_high_eff_su2_r5_d6_b04__none,none,logitguard_continuous,0ffd3e39286157b02ad4,1,0,0,0.779608428478241,0.22039154171943665
PETS_CREDIT_high_eff_su2_r5_d6_b04__none,none,logitguard_continuous,24e13410bd96d58bb8a8,1,0,0,0.7811097502708435,0.2188902348279953
PETS_CREDIT_high_eff_su2_r5_d6_b04__none,none,logitguard_continuous,26f8e0268dd95cba45fd,1,0,1,0.22037234902381897,0.7796276807785034
PETS_CREDIT_high_eff_su2_r5_d6_b04__none,none,logitguard_continuous,08a6c27fcb32f81ff375,1,0,0,0.767951488494873,0.23204851150512695
PETS_CREDIT_high_eff_su2_r5_d6_b04__none,none,logitguard_continuous,4def6ca8e27be84aeb54,1,0,0,0.780325174331665,0.21967487037181854
PETS_CREDIT_high_eff_su2_r5_d6_b04__none,none,logitguard_continuous,75e559f2a9928f47e4ef,1,0,0,0.7909515500068665,0.20904844999313354
PETS_CREDIT_high_eff_su2_r5_d6_b04__none,none,logitguard_continuous,c490de3382c28742eeb6,1,0,0,0.778318464756012,0.22168153524398804
PETS_CREDIT_high_eff_su2_r5_d6_b04__none,none,logitguard_continuous,c75c31af2389cc3a594f,1,0,0,0.7797001600265503,0.2202998548746109
PETS_CREDIT_high_eff_su2_r5_d6_b04__none,none,logitguard_continuous,78edbc6916b12b570866,1,0,0,0.782882809638977,0.21711724996566772
PETS_CREDIT_high_eff_su2_r5_d6_b04__none,none,logitguard_continuous,5f9c02f5ec03a28e4f53,1,1,1,0.21726101636886597,0.7827390432357788
PETS_CREDIT_high_eff_su2_r5_d6_b04__none,none,logitguard_continuous,2c3058336909d855b1f0,1,0,0,0.7694745659828186,0.2305254340171814
PETS_CREDIT_high_eff_su2_r5_d6_b04__none,none,logitguard_continuous,1819fe5c399a17316fee,1,1,0,0.7757348418235779,0.22426515817642212
PETS_CREDIT_high_eff_su2_r5_d6_b04__none,none,logitguard_continuous,4b8fbfef25d81e60d4a6,1,0,0,0.7785612940788269,0.2214386910200119
PETS_CREDIT_high_eff_su2_r5_d6_b04__none,none,logitguard_continuous,108acbd92e651db6ac49,1,0,0,0.7805875539779663,0.21941247582435608
PETS_CREDIT_high_eff_su2_r5_d6_b04__none,none,logitguard_continuous,c536d8f2ff559c7756e7,1,0,0,0.7844182252883911,0.2155817449092865
PETS_CREDIT_high_eff_su2_r5_d6_b04__none,none,logitguard_continuous,8d289eb2b513288c6cba,1,1,1,0.20771431922912598,0.792285680770874
PETS_CREDIT_high_eff_su2_r5_d6_b04__none,none,logitguard_continuous,b0f47ae4b56b3aa4d111,1,0,0,0.7799080014228821,0.2200920283794403
PETS_CREDIT_high_eff_su2_r5_d6_b04__none,none,logitguard_continuous,f2a589817382059b0dcc,1,0,0,0.7804527878761292,0.21954721212387085
PETS_CREDIT_high_eff_su2_r5_d6_b04__none,none,logitguard_continuous,5cb75d859aa2d3df94b0,1,1,1,0.23019735515117645,0.7698026299476624
PETS_CREDIT_high_eff_su2_r5_d6_b04__none,none,logitguard_continuous,58cb80b3d0535cb4343a,1,0,1,0.21198832988739014,0.7880116701126099
PETS_CREDIT_high_eff_su2_r5_d6_b04__none,none,logitguard_continuous,f3ca91dd8e5aba8d83d9,1,0,0,0.7410888671875,0.2589111030101776
PETS_CREDIT_high_eff_su2_r5_d6_b04__none,none,logitguard_continuous,6c0e663b6848864dc914,1,0,0,0.7788166999816895,0.22118335962295532
PETS_CREDIT_high_eff_su2_r5_d6_b04__none,none,logitguard_continuous,f929be357f68bdda4236,1,0,0,0.7654750347137451,0.2345249354839325
PETS_CREDIT_high_eff_su2_r5_d6_b04__none,none,logitguard_continuous,356e520dcf3a6473ffb2,1,0,0,0.8043086528778076,0.1956913322210312
PETS_CREDIT_high_eff_su2_r5_d6_b04__none,none,logitguard_continuous,d75c3e52dbcaf5a5ec2a,1,0,0,0.7887842655181885,0.21121570467948914
PETS_CREDIT_high_eff_su2_r5_d6_b04__none,none,logitguard_continuous,01743ddf295d8f6b5a46,1,1,0,0.777499794960022,0.22250020503997803
PETS_CREDIT_high_eff_su2_r5_d6_b04__none,none,logitguard_continuous,f97851146238bb9a3754,1,0,0,0.8625198006629944,0.1374802142381668
PETS_CREDIT_high_eff_su2_r5_d6_b04__none,none,logitguard_continuous,1dd9f8371cdcaa1758b3,1,0,0,0.894218385219574,0.10578164458274841
PETS_CREDIT_high_eff_su2_r5_d6_b04__none,none,logitguard_continuous,ae429a6a1d645aacb94e,1,0,0,0.7752395272254944,0.22476047277450562
PETS_CREDIT_high_eff_su2_r5_d6_b04__none,none,logitguard_continuous,073dbbd888ef767c75de,1,0,0,0.7847455143928528,0.21525448560714722
PETS_CREDIT_high_eff_su2_r5_d6_b04__none,none,logitguard_continuous,6ea2a519a69c09016323,1,0,0,0.7967366576194763,0.20326337218284607
PETS_CREDIT_high_eff_su2_r5_d6_b04__none,none,logitguard_continuous,8d5ec20ca179ede5da84,1,1,0,0.7879670262336731,0.21203294396400452
PETS_CREDIT_high_eff_su2_r5_d6_b04__none,none,logitguard_continuous,092efc45ab978715a8fa,1,1,0,0.7836570143699646,0.216342955827713
PETS_CREDIT_high_eff_su2_r5_d6_b04__none,none,logitguard_continuous,c05d34fbff8b3f10a857,1,0,0,0.7863855957984924,0.21361437439918518
PETS_CREDIT_high_eff_su2_r5_d6_b04__none,none,logitguard_continuous,cec5a851be4f6e7c0887,1,1,1,0.22017794847488403,0.779822051525116
PETS_CREDIT_high_eff_su2_r5_d6_b04__none,none,logitguard_continuous,a230bf08b60c3cd268df,1,0,0,0.7813431024551392,0.21865691244602203
PETS_CREDIT_high_eff_su2_r5_d6_b04__none,none,logitguard_continuous,e030c0aa4ae0f1011f2f,1,0,0,0.7809528112411499,0.2190471887588501
PETS_CREDIT_high_eff_su2_r5_d6_b04__none,none,logitguard_continuous,5383d08662564ec7ab0d,1,1,1,0.23561708629131317,0.7643828988075256
PETS_CREDIT_high_eff_su2_r5_d6_b04__none,none,logitguard_continuous,25bed8f88a506c4cc366,1,1,0,0.7847144603729248,0.215285524725914
PETS_CREDIT_high_eff_su2_r5_d6_b04__none,none,logitguard_continuous,39f8154e08ad72170108,1,0,0,0.7742277979850769,0.22577224671840668
PETS_CREDIT_high_eff_su2_r5_d6_b04__none,none,logitguard_continuous,f0c1637eb1fa5204c581,1,0,1,0.21779216825962067,0.7822078466415405
PETS_CREDIT_high_eff_su2_r5_d6_b04__none,none,logitguard_continuous,bf465d63c434358f77e4,1,0,0,0.7777534127235413,0.22224655747413635
PETS_CREDIT_high_eff_su2_r5_d6_b04__none,none,logitguard_continuous,4b85b1f42c0154e0d47c,1,0,0,0.7942076921463013,0.2057923525571823
PETS_CREDIT_high_eff_su2_r5_d6_b04__none,none,logitguard_continuous,5d21e75cb6066696e6e2,1,0,0,0.735769510269165,0.26423051953315735
PETS_CREDIT_high_eff_su2_r5_d6_b04__none,none,logitguard_continuous,11ccb38ba9653d61e950,1,0,0,0.7725765109062195,0.22742345929145813
PETS_CREDIT_high_eff_su2_r5_d6_b04__none,none,logitguard_continuous,c50e57ca37a497df3a13,1,0,0,0.7743494510650635,0.22565053403377533
PETS_CREDIT_high_eff_su2_r5_d6_b04__none,none,logitguard_continuous,eb849709f12c60edd50b,1,1,1,0.23340994119644165,0.7665900588035583
PETS_CREDIT_high_eff_su2_r5_d6_b04__none,none,logitguard_continuous,a6dfd0dc4ba32e6c00e6,1,0,0,0.7713854312896729,0.22861459851264954
PETS_CREDIT_high_eff_su2_r5_d6_b04__none,none,logitguard_continuous,e3e282f64bed70282149,1,0,0,0.7431018948554993,0.2568981647491455
PETS_CREDIT_high_eff_su2_r5_d6_b04__none,none,logitguard_continuous,877b93e6aa8797d2cd0b,1,0,0,0.7533252239227295,0.2466748058795929
PETS_CREDIT_high_eff_su2_r5_d6_b04__none,none,logitguard_continuous,26b6a5da65cdaeb8e184,1,0,0,0.7529214024543762,0.24707859754562378
PETS_CREDIT_high_eff_su2_r5_d6_b04__none,none,logitguard_continuous,0674ce029ebb21d32e38,1,0,0,0.7619737386703491,0.2380262315273285
PETS_CREDIT_high_eff_su2_r5_d6_b04__none,none,logitguard_continuous,cbd912351cdbc83a9184,1,0,0,0.7878122329711914,0.21218779683113098
PETS_CREDIT_high_eff_su2_r5_d6_b04__none,none,logitguard_continuous,b91b8614dbf7826436cf,1,0,0,0.7858157753944397,0.2141842097043991
PETS_CREDIT_high_eff_su2_r5_d6_b04__none,none,logitguard_continuous,e76cce60bc3507d0d7b2,1,0,0,0.7862986922264099,0.21370133757591248
PETS_CREDIT_high_eff_su2_r5_d6_b04__none,none,logitguard_continuous,16e3ff8c6f696f231824,1,1,1,0.21289558708667755,0.7871044278144836
PETS_CREDIT_high_eff_su2_r5_d6_b04__none,none,logitguard_continuous,7ce1135db7560daf7e70,1,0,0,0.7969477772712708,0.20305214822292328
PETS_CREDIT_high_eff_su2_r5_d6_b04__none,none,logitguard_continuous,3ac7ac4bc65a6ffec899,1,1,0,0.7552410960197449,0.24475887417793274
PETS_CREDIT_high_eff_su2_r5_d6_b04__none,none,logitguard_continuous,693c448a296e96fc4d08,1,0,0,0.7824874520301819,0.2175125628709793
PETS_CREDIT_high_eff_su2_r5_d6_b04__none,none,logitguard_continuous,dba69027df0122535f19,1,0,0,0.7821575403213501,0.2178424596786499
PETS_CREDIT_high_eff_su2_r5_d6_b04__none,none,logitguard_continuous,8fe0ac3103b5acc00cdc,1,0,0,0.9998674988746643,0.0001325251068919897
PETS_CREDIT_high_eff_su2_r5_d6_b04__none,none,logitguard_continuous,d46f8b9f4d57f90db615,1,1,0,0.7644171118736267,0.23558290302753448
PETS_CREDIT_high_eff_su2_r5_d6_b04__none,none,logitguard_continuous,61afce8119059a5cee82,1,0,0,0.8860509991645813,0.11394898593425751
PETS_CREDIT_high_eff_su2_r5_d6_b04__none,none,logitguard_continuous,66fa33821884d4568b02,1,0,0,0.7728231549263,0.22717683017253876
PETS_CREDIT_high_eff_su2_r5_d6_b04__none,none,logitguard_continuous,4dde24d981dd8981f71f,1,0,0,0.7933883666992188,0.20661161839962006
PETS_CREDIT_high_eff_su2_r5_d6_b04__none,none,logitguard_continuous,ce8a11f272895da8cd7f,1,0,0,0.7802967429161072,0.21970322728157043
PETS_CREDIT_high_eff_su2_r5_d6_b04__none,none,logitguard_continuous,6a75db22a6087741eef2,1,1,0,0.780247688293457,0.21975231170654297
PETS_CREDIT_high_eff_su2_r5_d6_b04__none,none,logitguard_continuous,72bf8a475d5aa5538cd3,1,0,0,0.7737191319465637,0.22628088295459747
PETS_CREDIT_high_eff_su2_r5_d6_b04__none,none,logitguard_continuous,1c7eb9e50fc08e5f8cf0,1,0,0,0.7904036045074463,0.2095964252948761
PETS_CREDIT_high_eff_su2_r5_d6_b04__none,none,logitguard_continuous,b84ff32b3c14263b0dd5,1,0,0,0.7809990644454956,0.219000905752182
PETS_CREDIT_high_eff_su2_r5_d6_b04__none,none,logitguard_continuous,a9752ae3047aff503fb3,1,0,0,0.79852694272995,0.20147304236888885
PETS_CREDIT_high_eff_su2_r5_d6_b04__none,none,logitguard_continuous,6f47824d3363865de61a,1,0,0,0.793774425983429,0.20622554421424866
PETS_CREDIT_high_eff_su2_r5_d6_b04__none,none,logitguard_continuous,6093ce809aa33ce6693b,1,1,0,0.7856971025466919,0.2143029272556305
PETS_CREDIT_high_eff_su2_r5_d6_b04__none,none,logitguard_continuous,c053f623dd8f2bfb7915,1,1,1,0.21680979430675507,0.7831902503967285
PETS_CREDIT_high_eff_su2_r5_d6_b04__none,none,logitguard_continuous,f1068bd99413d081a271,1,0,0,0.8012217879295349,0.19877822697162628
PETS_CREDIT_high_eff_su2_r5_d6_b04__none,none,logitguard_continuous,ab00e756b29c98fd6674,1,0,0,0.7778818011283875,0.22211821377277374
PETS_CREDIT_high_eff_su2_r5_d6_b04__none,none,logitguard_continuous,1313972ddf1c6e9eb2c9,1,0,0,0.7649222016334534,0.23507782816886902
PETS_CREDIT_high_eff_su2_r5_d6_b04__none,none,logitguard_continuous,cca86135655a3f3f0727,0,0,0,0.7794123888015747,0.2205876260995865
PETS_CREDIT_high_eff_su2_r5_d6_b04__none,none,logitguard_continuous,93a3d4057fcaa594a8d6,0,0,0,0.9432455897331238,0.05675444006919861
PETS_CREDIT_high_eff_su2_r5_d6_b04__none,none,logitguard_continuous,973b033623e52ecc534b,0,0,0,0.7742146849632263,0.22578534483909607
PETS_CREDIT_high_eff_su2_r5_d6_b04__none,none,logitguard_continuous,d7b3b622ad501cc46324,0,0,0,0.7762860059738159,0.2237139642238617
PETS_CREDIT_high_eff_su2_r5_d6_b04__none,none,logitguard_continuous,5ccd79222ef1b5250d91,0,0,0,0.7754611372947693,0.2245389074087143
PETS_CREDIT_high_eff_su2_r5_d6_b04__none,none,logitguard_continuous,64f43af80af04a1795e2,0,1,0,0.8023214936256409,0.1976785659790039
PETS_CREDIT_high_eff_su2_r5_d6_b04__none,none,logitguard_continuous,94b5f1f88153a9cadc61,0,0,0,0.7780156135559082,0.221984401345253
PETS_CREDIT_high_eff_su2_r5_d6_b04__none,none,logitguard_continuous,9d16b315411ee80bab47,0,1,0,0.7745164632797241,0.22548355162143707
PETS_CREDIT_high_eff_su2_r5_d6_b04__none,none,logitguard_continuous,346b2d56d8b09d426f47,0,1,0,0.7533741593360901,0.24662582576274872
PETS_CREDIT_high_eff_su2_r5_d6_b04__none,none,logitguard_continuous,4c434bf56ebb2774a731,0,0,0,0.7811461091041565,0.2188539206981659
PETS_CREDIT_high_eff_su2_r5_d6_b04__none,none,logitguard_continuous,c54deb95c61200776a89,0,0,0,0.7654399275779724,0.2345600426197052
PETS_CREDIT_high_eff_su2_r5_d6_b04__none,none,logitguard_continuous,a75b386334feb544e4d2,0,0,0,0.771244466304779,0.22875553369522095
PETS_CREDIT_high_eff_su2_r5_d6_b04__none,none,logitguard_continuous,625f2e57e0e6a02526b6,0,0,0,0.7787812352180481,0.2212187647819519
PETS_CREDIT_high_eff_su2_r5_d6_b04__none,none,logitguard_continuous,2cecf3fe4ef6ad144c88,0,0,0,0.798852264881134,0.20114772021770477
PETS_CREDIT_high_eff_su2_r5_d6_b04__none,none,logitguard_continuous,4c4445ff57fc497b680a,0,0,0,0.7390393614768982,0.2609606385231018
PETS_CREDIT_high_eff_su2_r5_d6_b04__none,none,logitguard_continuous,4c4d8f9748cad40f5244,0,1,0,0.7830193638801575,0.21698066592216492
PETS_CREDIT_high_eff_su2_r5_d6_b04__none,none,logitguard_continuous,9ebfa8a19f66465c515a,0,0,0,0.7756195664405823,0.22438043355941772
PETS_CREDIT_high_eff_su2_r5_d6_b04__none,none,logitguard_continuous,06b8005b0fc375383b1e,0,0,0,0.7811304330825806,0.2188696265220642
PETS_CREDIT_high_eff_su2_r5_d6_b04__none,none,logitguard_continuous,7e7ddba4c04376ff7a44,0,0,0,0.7781969904899597,0.22180303931236267
PETS_CREDIT_high_eff_su2_r5_d6_b04__none,none,logitguard_continuous,6d1c41efb24b3abb9035,0,1,0,0.7754108309745789,0.22458916902542114
PETS_CREDIT_high_eff_su2_r5_d6_b04__none,none,logitguard_continuous,47955bec8c8c8b0d6ecd,0,0,0,0.7819421291351318,0.21805784106254578
PETS_CREDIT_high_eff_su2_r5_d6_b04__none,none,logitguard_continuous,90aa3dc827baf03a0b7f,0,0,0,0.7864896655082703,0.21351034939289093
PETS_CREDIT_high_eff_su2_r5_d6_b04__none,none,logitguard_continuous,4159bb910f35e10214c2,0,0,0,0.7665568590164185,0.23344318568706512
PETS_CREDIT_high_eff_su2_r5_d6_b04__none,none,logitguard_continuous,8dcf26c9f074a4b5de0e,0,0,0,0.7574619650840759,0.24253807961940765
PETS_CREDIT_high_eff_su2_r5_d6_b04__none,none,logitguard_continuous,6732cf9cccc2b370e663,0,0,0,0.9939001798629761,0.006099833641201258
PETS_CREDIT_high_eff_su2_r5_d6_b04__none,none,logitguard_continuous,df58da5e9ce0493bef89,0,0,0,0.7775665521621704,0.2224334329366684
PETS_CREDIT_high_eff_su2_r5_d6_b04__none,none,logitguard_continuous,fa627b253289aa8a3a5a,0,0,0,0.7996068000793457,0.2003931999206543
PETS_CREDIT_high_eff_su2_r5_d6_b04__none,none,logitguard_continuous,2478313b949e4a19fec5,0,0,0,0.7662964463233948,0.23370353877544403
PETS_CREDIT_high_eff_su2_r5_d6_b04__none,none,logitguard_continuous,a6f8faff37efe9eca5fe,0,0,1,0.23061347007751465,0.7693865299224854
PETS_CREDIT_high_eff_su2_r5_d6_b04__none,none,logitguard_continuous,65387b844cf38bc1d41b,0,0,0,0.7667334079742432,0.23326656222343445
PETS_CREDIT_high_eff_su2_r5_d6_b04__none,none,logitguard_continuous,471df40f4bdddddc09ec,0,0,0,0.8615424633026123,0.1384575515985489
PETS_CREDIT_high_eff_su2_r5_d6_b04__none,none,logitguard_continuous,e443a43c3c6ede470732,0,0,1,0.24150387942790985,0.758496105670929
PETS_CREDIT_high_eff_su2_r5_d6_b04__none,none,logitguard_continuous,825b566ac4e2dd570f93,0,1,0,0.7744931578636169,0.22550684213638306
PETS_CREDIT_high_eff_su2_r5_d6_b04__none,none,logitguard_continuous,0624e96e01e475f2d70d,0,0,1,0.23452815413475037,0.765471875667572
PETS_CREDIT_high_eff_su2_r5_d6_b04__none,none,logitguard_continuous,ca9443d2383be5fa47ca,0,1,0,0.7928493022918701,0.20715069770812988
PETS_CREDIT_high_eff_su2_r5_d6_b04__none,none,logitguard_continuous,6df7b8af4894c02f1865,0,0,0,0.7717903852462769,0.22820965945720673
PETS_CREDIT_high_eff_su2_r5_d6_b04__none,none,logitguard_continuous,30264bd9cc543cb1bc1b,0,0,0,0.780300498008728,0.21969948709011078
PETS_CREDIT_high_eff_su2_r5_d6_b04__none,none,logitguard_continuous,c98e7a188d21f2d4c7c5,0,0,0,0.7884278297424316,0.21157218515872955
PETS_CREDIT_high_eff_su2_r5_d6_b04__none,none,logitguard_continuous,937f20d886953965c7b1,0,1,0,0.7908543944358826,0.20914560556411743
PETS_CREDIT_high_eff_su2_r5_d6_b04__none,none,logitguard_continuous,d8bd80969a4223b1746d,0,0,1,0.21755105257034302,0.782448947429657
PETS_CREDIT_high_eff_su2_r5_d6_b04__none,none,logitguard_continuous,bc3373c58239a59432ac,0,0,0,0.7917704582214355,0.20822951197624207
PETS_CREDIT_high_eff_su2_r5_d6_b04__none,none,logitguard_continuous,b3371873eab16dced88c,0,1,1,0.2147449105978012,0.7852550745010376
PETS_CREDIT_high_eff_su2_r5_d6_b04__none,none,logitguard_continuous,6dbce1b9dac4e77ed833,0,0,0,0.7783568501472473,0.22164317965507507
PETS_CREDIT_high_eff_su2_r5_d6_b04__none,none,logitguard_continuous,8c2904b6884ba667a797,0,0,0,0.7480514645576477,0.2519485652446747
PETS_CREDIT_high_eff_su2_r5_d6_b04__none,none,logitguard_continuous,97bf1ade2e61ae053afc,0,0,0,0.7971187829971313,0.20288114249706268
PETS_CREDIT_high_eff_su2_r5_d6_b04__none,none,logitguard_continuous,39d2470b5cfce5a9dfa1,0,0,0,0.7855936288833618,0.214406356215477
PETS_CREDIT_high_eff_su2_r5_d6_b04__none,none,logitguard_continuous,3122b20f9c469ddb4810,0,0,0,0.7793514132499695,0.22064855694770813
PETS_CREDIT_high_eff_su2_r5_d6_b04__none,none,logitguard_continuous,e68ff9c46623f5834b2a,0,0,1,0.22565163671970367,0.7743483781814575
PETS_CREDIT_high_eff_su2_r5_d6_b04__none,none,logitguard_continuous,d1055eb78a6d9b7fa791,0,1,0,0.7896847724914551,0.2103152573108673
PETS_CREDIT_high_eff_su2_r5_d6_b04__none,none,logitguard_continuous,4c332882bcff4acb2ed2,0,0,0,0.7764216065406799,0.22357845306396484
PETS_CREDIT_high_eff_su2_r5_d6_b04__none,none,logitguard_continuous,7b0ce802ad5497661e33,0,0,0,0.779136598110199,0.2208634316921234
PETS_CREDIT_high_eff_su2_r5_d6_b04__none,none,logitguard_continuous,c98cde411f4e9cfe8503,0,0,0,0.7491698265075684,0.25083020329475403
PETS_CREDIT_high_eff_su2_r5_d6_b04__none,none,logitguard_continuous,91ecfc572b28d735ec3e,0,0,0,0.7721971273422241,0.22780291736125946
PETS_CREDIT_high_eff_su2_r5_d6_b04__none,none,logitguard_continuous,69b90a23be71904d6905,0,0,1,0.2208937406539917,0.7791063189506531
PETS_CREDIT_high_eff_su2_r5_d6_b04__none,none,logitguard_continuous,cb251470deed8436762a,0,1,0,0.7709434032440186,0.22905664145946503
PETS_CREDIT_high_eff_su2_r5_d6_b04__none,none,logitguard_continuous,7d19854c5fdfa1af681e,0,1,0,0.785641610622406,0.2143583744764328
PETS_CREDIT_high_eff_su2_r5_d6_b04__none,none,logitguard_continuous,06ee5a3883b6b9927026,0,0,0,0.7772130966186523,0.22278693318367004
PETS_CREDIT_high_eff_su2_r5_d6_b04__none,none,logitguard_continuous,b8cb40bb8e46070c6af0,0,1,0,0.7736288905143738,0.226371169090271
PETS_CREDIT_high_eff_su2_r5_d6_b04__none,none,logitguard_continuous,afd889d9e791dab1a1b4,0,0,0,0.7760079503059387,0.2239920198917389
PETS_CREDIT_high_eff_su2_r5_d6_b04__none,none,logitguard_continuous,6083c35ef0dd27c47f39,0,0,0,0.7773994207382202,0.22260057926177979
PETS_CREDIT_high_eff_su2_r5_d6_b04__none,none,logitguard_continuous,da5f5efb7790004fff98,0,1,0,0.7749552130699158,0.22504480183124542
PETS_CREDIT_high_eff_su2_r5_d6_b04__none,none,logitguard_continuous,5c479147049976461a13,0,1,1,0.24235185980796814,0.7576481103897095
PETS_CREDIT_high_eff_su2_r5_d6_b04__none,none,logitguard_continuous,14312160764496aa382a,0,0,0,0.8247328996658325,0.17526711523532867
PETS_CREDIT_high_eff_su2_r5_d6_b04__none,none,logitguard_continuous,9d233cff809c5f6dd546,0,0,0,0.7789832353591919,0.2210167795419693
PETS_CREDIT_high_eff_su2_r5_d6_b04__none,none,logitguard_continuous,4e60f65b085fd771a8c4,0,0,0,0.7724653482437134,0.227534681558609
PETS_CREDIT_high_eff_su2_r5_d6_b04__none,none,logitguard_continuous,37535abfe732af5462f7,0,0,1,0.22633782029151917,0.7736622095108032
PETS_CREDIT_high_eff_su2_r5_d6_b04__none,none,logitguard_continuous,f87aed46b0f59636b333,0,0,0,0.7518206834793091,0.24817928671836853
PETS_CREDIT_high_eff_su2_r5_d6_b04__none,none,logitguard_continuous,9214bdad11cf5b0f5788,0,0,0,0.7874332070350647,0.2125667780637741
PETS_CREDIT_high_eff_su2_r5_d6_b04__none,none,logitguard_continuous,f40c60357e781eae3f45,0,0,0,0.7877152562141418,0.21228471398353577
PETS_CREDIT_high_eff_su2_r5_d6_b04__none,none,logitguard_continuous,3a38d3079b87b1aa292b,0,1,0,0.783203661441803,0.21679633855819702
PETS_CREDIT_high_eff_su2_r5_d6_b04__none,none,logitguard_continuous,4a3bcd4fea4982030225,0,0,0,0.782760500907898,0.21723952889442444
PETS_CREDIT_high_eff_su2_r5_d6_b04__none,none,logitguard_continuous,7301e169f41de2491f0b,0,0,0,0.7752931714057922,0.22470681369304657
PETS_CREDIT_high_eff_su2_r5_d6_b04__none,none,logitguard_continuous,9d1731de0429f4b3ede0,0,0,0,0.7812101244926453,0.21878984570503235
PETS_CREDIT_high_eff_su2_r5_d6_b04__none,none,logitguard_continuous,02c2bed1ae0faa5e978c,0,0,0,0.9997143149375916,0.00028568567358888686
PETS_CREDIT_high_eff_su2_r5_d6_b04__none,none,logitguard_continuous,3aa5377d8103c2a302f9,0,0,0,0.7675031423568726,0.23249688744544983
PETS_CREDIT_high_eff_su2_r5_d6_b04__none,none,logitguard_continuous,900a77e140fe19ac5b22,0,0,0,0.7758032083511353,0.22419677674770355
PETS_CREDIT_high_eff_su2_r5_d6_b04__none,none,logitguard_continuous,f7de620d7b4f5fb68cb9,0,0,0,0.8152883052825928,0.184711754322052
PETS_CREDIT_high_eff_su2_r5_d6_b04__none,none,logitguard_continuous,e2c7c70e125f8ae4563a,0,0,0,0.7760578393936157,0.2239421308040619
PETS_CREDIT_high_eff_su2_r5_d6_b04__none,none,logitguard_continuous,beec71fbc035761ebf29,0,1,0,0.7770411372184753,0.22295890748500824
PETS_CREDIT_high_eff_su2_r5_d6_b04__none,none,logitguard_continuous,4010d1d0fc60044b7e83,0,0,1,0.21558529138565063,0.7844147086143494
PETS_CREDIT_high_eff_su2_r5_d6_b04__none,none,logitguard_continuous,5c1eaee6580358b55afc,0,1,1,0.22479920089244843,0.7752008438110352
PETS_CREDIT_high_eff_su2_r5_d6_b04__none,none,logitguard_continuous,c90f1b219a38e04f4cc7,0,0,0,0.7757379412651062,0.2242620587348938
PETS_CREDIT_high_eff_su2_r5_d6_b04__none,none,logitguard_continuous,501ff1b3b1c21ddafc81,0,0,0,0.7884016036987305,0.21159839630126953
PETS_CREDIT_high_eff_su2_r5_d6_b04__none,none,logitguard_continuous,b268b4355d3aa1ad71a0,0,0,0,0.7866976857185364,0.21330231428146362
PETS_CREDIT_high_eff_su2_r5_d6_b04__none,none,logitguard_continuous,b690772de8eb14084d30,0,1,0,0.7764434218406677,0.22355656325817108
PETS_CREDIT_high_eff_su2_r5_d6_b04__none,none,logitguard_continuous,0f0ec6f2889f1d9d2876,0,0,1,0.20501169562339783,0.7949882745742798
PETS_CREDIT_high_eff_su2_r5_d6_b04__none,none,logitguard_continuous,2e900caa6bf6a7e56807,0,0,0,0.7776626348495483,0.22233740985393524
PETS_CREDIT_high_eff_su2_r5_d6_b04__none,none,logitguard_continuous,4f0494096de7c3e95dac,0,0,0,0.7736839056015015,0.22631613910198212
PETS_CREDIT_high_eff_su2_r5_d6_b04__none,none,logitguard_continuous,596626b705098d0557d3,0,0,1,0.217105433344841,0.7828945517539978
PETS_CREDIT_high_eff_su2_r5_d6_b04__none,none,logitguard_continuous,0835edef9bf74dc85154,0,1,0,0.7682345509529114,0.23176543414592743
PETS_CREDIT_high_eff_su2_r5_d6_b04__none,none,logitguard_continuous,50d6a72e9df1572d930d,0,0,1,0.2180033177137375,0.7819966673851013
PETS_CREDIT_high_eff_su2_r5_d6_b04__none,none,logitguard_continuous,8494f9397dc92fe2fad1,0,0,0,0.7828011512756348,0.21719887852668762
PETS_CREDIT_high_eff_su2_r5_d6_b04__none,none,logitguard_continuous,0213e86909d7343e3153,0,0,0,0.7787593603134155,0.22124065458774567
PETS_CREDIT_high_eff_su2_r5_d6_b04__none,none,logitguard_continuous,201287d880b5985ef4a2,0,0,0,0.886141836643219,0.1138581857085228
PETS_CREDIT_high_eff_su2_r5_d6_b04__none,none,logitguard_continuous,49b53c88d2fd487545a7,0,0,0,0.7962687611579895,0.20373126864433289
PETS_CREDIT_high_eff_su2_r5_d6_b04__none,none,logitguard_continuous,6751bc7d476a144861a8,0,1,1,0.2128998041152954,0.7871001958847046
PETS_CREDIT_high_eff_su2_r5_d6_b04__none,none,logitguard_continuous,6f5019cb3d8767f239fd,0,1,1,0.21041040122509003,0.7895896434783936
PETS_CREDIT_high_eff_su2_r5_d6_b04__none,none,logitguard_continuous,3c2f11d4e9612d037e21,0,0,0,0.7771210670471191,0.22287896275520325
PETS_CREDIT_high_eff_su2_r5_d6_b04__none,none,logitguard_continuous,cdbf66466c43de4d3398,0,0,0,0.9645645022392273,0.03543546050786972
PETS_CREDIT_high_eff_su2_r5_d6_b04__none,none,logitguard_continuous,656fda897d18551f93f0,0,0,0,0.7799491286277771,0.2200508862733841
PETS_CREDIT_high_eff_su2_r5_d6_b04__none,none,logitguard_quantized,22730a71b34176a3ba37,1,0,0,0.7720635533332825,0.22793644666671753
PETS_CREDIT_high_eff_su2_r5_d6_b04__none,none,logitguard_quantized,01e7168ae2a624ff9916,1,0,0,0.7989909648895264,0.20100900530815125
PETS_CREDIT_high_eff_su2_r5_d6_b04__none,none,logitguard_quantized,d8e3c3c718aea110b2d9,1,0,0,0.7720635533332825,0.22793644666671753
PETS_CREDIT_high_eff_su2_r5_d6_b04__none,none,logitguard_quantized,bf5a9031a45524933e21,1,0,0,0.7539887428283691,0.24601128697395325
PETS_CREDIT_high_eff_su2_r5_d6_b04__none,none,logitguard_quantized,7311863aa70952806ffc,1,0,0,0.7858350276947021,0.21416503190994263
PETS_CREDIT_high_eff_su2_r5_d6_b04__none,none,logitguard_quantized,0772d1e68bccea98e68f,1,1,0,0.7858350276947021,0.21416503190994263
PETS_CREDIT_high_eff_su2_r5_d6_b04__none,none,logitguard_quantized,f073d35785cf76f1409c,1,0,0,0.7790261507034302,0.2209739089012146
PETS_CREDIT_high_eff_su2_r5_d6_b04__none,none,logitguard_quantized,006df97946d214e0111f,1,1,0,0.7790261507034302,0.2209739089012146
PETS_CREDIT_high_eff_su2_r5_d6_b04__none,none,logitguard_quantized,7673e8a0f0b037cc51e5,1,1,1,0.2209739089012146,0.7790261507034302
PETS_CREDIT_high_eff_su2_r5_d6_b04__none,none,logitguard_quantized,7be2869c238aa35d440a,1,0,0,0.7824497818946838,0.21755023300647736
PETS_CREDIT_high_eff_su2_r5_d6_b04__none,none,logitguard_quantized,85bbf6f61dd23b95b6e7,1,0,0,0.764947772026062,0.2350521981716156
PETS_CREDIT_high_eff_su2_r5_d6_b04__none,none,logitguard_quantized,e07f107ec2deef516f4f,1,0,0,0.7989909648895264,0.20100900530815125
PETS_CREDIT_high_eff_su2_r5_d6_b04__none,none,logitguard_quantized,70d271c728323ea28d90,1,0,0,0.984932005405426,0.0150679936632514
PETS_CREDIT_high_eff_su2_r5_d6_b04__none,none,logitguard_quantized,69ef03b5c6f4f7ecef33,1,0,0,0.7891817092895508,0.2108183056116104
PETS_CREDIT_high_eff_su2_r5_d6_b04__none,none,logitguard_quantized,5b7629cbd1fb6e879520,1,0,0,0.9965980648994446,0.003401946509256959
PETS_CREDIT_high_eff_su2_r5_d6_b04__none,none,logitguard_quantized,526cee77dcfea7ee8138,1,1,0,0.7891817092895508,0.2108183056116104
PETS_CREDIT_high_eff_su2_r5_d6_b04__none,none,logitguard_quantized,a62d80fa1349c54517ce,1,0,0,0.7824497818946838,0.21755023300647736
PETS_CREDIT_high_eff_su2_r5_d6_b04__none,none,logitguard_quantized,daf2c33eb0f2b7518584,1,0,0,0.7824497818946838,0.21755023300647736
PETS_CREDIT_high_eff_su2_r5_d6_b04__none,none,logitguard_quantized,d2c3d34fb102babfa194,1,0,0,0.7755640149116516,0.2244359850883484
PETS_CREDIT_high_eff_su2_r5_d6_b04__none,none,logitguard_quantized,d606f1831b9734bb90e1,1,1,0,0.7824497818946838,0.21755023300647736
PETS_CREDIT_high_eff_su2_r5_d6_b04__none,none,logitguard_quantized,a5628044ec0880a52490,1,0,0,0.7720635533332825,0.22793644666671753
PETS_CREDIT_high_eff_su2_r5_d6_b04__none,none,logitguard_quantized,4df4658f2eb41564da87,1,0,0,0.8506870269775391,0.14931294322013855
PETS_CREDIT_high_eff_su2_r5_d6_b04__none,none,logitguard_quantized,c4b2c9357254e51af6a9,1,0,0,0.7924899458885193,0.2075100541114807
PETS_CREDIT_high_eff_su2_r5_d6_b04__none,none,logitguard_quantized,0ffd3e39286157b02ad4,1,0,0,0.7790261507034302,0.2209739089012146
PETS_CREDIT_high_eff_su2_r5_d6_b04__none,none,logitguard_quantized,24e13410bd96d58bb8a8,1,0,0,0.7824497818946838,0.21755023300647736
PETS_CREDIT_high_eff_su2_r5_d6_b04__none,none,logitguard_quantized,26f8e0268dd95cba45fd,1,0,1,0.2209739089012146,0.7790261507034302
PETS_CREDIT_high_eff_su2_r5_d6_b04__none,none,logitguard_quantized,08a6c27fcb32f81ff375,1,0,0,0.768524706363678,0.23147521913051605
PETS_CREDIT_high_eff_su2_r5_d6_b04__none,none,logitguard_quantized,4def6ca8e27be84aeb54,1,0,0,0.7790261507034302,0.2209739089012146
PETS_CREDIT_high_eff_su2_r5_d6_b04__none,none,logitguard_quantized,75e559f2a9928f47e4ef,1,0,0,0.7924899458885193,0.2075100541114807
PETS_CREDIT_high_eff_su2_r5_d6_b04__none,none,logitguard_quantized,c490de3382c28742eeb6,1,0,0,0.7790261507034302,0.2209739089012146
PETS_CREDIT_high_eff_su2_r5_d6_b04__none,none,logitguard_quantized,c75c31af2389cc3a594f,1,0,0,0.7790261507034302,0.2209739089012146
PETS_CREDIT_high_eff_su2_r5_d6_b04__none,none,logitguard_quantized,78edbc6916b12b570866,1,0,0,0.7824497818946838,0.21755023300647736
PETS_CREDIT_high_eff_su2_r5_d6_b04__none,none,logitguard_quantized,5f9c02f5ec03a28e4f53,1,1,1,0.21755023300647736,0.7824497818946838
PETS_CREDIT_high_eff_su2_r5_d6_b04__none,none,logitguard_quantized,2c3058336909d855b1f0,1,0,0,0.768524706363678,0.23147521913051605
PETS_CREDIT_high_eff_su2_r5_d6_b04__none,none,logitguard_quantized,1819fe5c399a17316fee,1,1,0,0.7755640149116516,0.2244359850883484
PETS_CREDIT_high_eff_su2_r5_d6_b04__none,none,logitguard_quantized,4b8fbfef25d81e60d4a6,1,0,0,0.7790261507034302,0.2209739089012146
PETS_CREDIT_high_eff_su2_r5_d6_b04__none,none,logitguard_quantized,108acbd92e651db6ac49,1,0,0,0.7790261507034302,0.2209739089012146
PETS_CREDIT_high_eff_su2_r5_d6_b04__none,none,logitguard_quantized,c536d8f2ff559c7756e7,1,0,0,0.7858350276947021,0.21416503190994263
PETS_CREDIT_high_eff_su2_r5_d6_b04__none,none,logitguard_quantized,8d289eb2b513288c6cba,1,1,1,0.2075100541114807,0.7924899458885193
PETS_CREDIT_high_eff_su2_r5_d6_b04__none,none,logitguard_quantized,b0f47ae4b56b3aa4d111,1,0,0,0.7790261507034302,0.2209739089012146
PETS_CREDIT_high_eff_su2_r5_d6_b04__none,none,logitguard_quantized,f2a589817382059b0dcc,1,0,0,0.7790261507034302,0.2209739089012146
PETS_CREDIT_high_eff_su2_r5_d6_b04__none,none,logitguard_quantized,5cb75d859aa2d3df94b0,1,1,1,0.23147521913051605,0.768524706363678
PETS_CREDIT_high_eff_su2_r5_d6_b04__none,none,logitguard_quantized,58cb80b3d0535cb4343a,1,0,1,0.2108183056116104,0.7891817092895508
PETS_CREDIT_high_eff_su2_r5_d6_b04__none,none,logitguard_quantized,f3ca91dd8e5aba8d83d9,1,0,0,0.7426905632019043,0.2573094666004181
PETS_CREDIT_high_eff_su2_r5_d6_b04__none,none,logitguard_quantized,6c0e663b6848864dc914,1,0,0,0.7790261507034302,0.2209739089012146
PETS_CREDIT_high_eff_su2_r5_d6_b04__none,none,logitguard_quantized,f929be357f68bdda4236,1,0,0,0.764947772026062,0.2350521981716156
PETS_CREDIT_high_eff_su2_r5_d6_b04__none,none,logitguard_quantized,356e520dcf3a6473ffb2,1,0,0,0.805338442325592,0.19466160237789154
PETS_CREDIT_high_eff_su2_r5_d6_b04__none,none,logitguard_quantized,d75c3e52dbcaf5a5ec2a,1,0,0,0.7891817092895508,0.2108183056116104
PETS_CREDIT_high_eff_su2_r5_d6_b04__none,none,logitguard_quantized,01743ddf295d8f6b5a46,1,1,0,0.7790261507034302,0.2209739089012146
PETS_CREDIT_high_eff_su2_r5_d6_b04__none,none,logitguard_quantized,f97851146238bb9a3754,1,0,0,0.8629487156867981,0.1370512992143631
PETS_CREDIT_high_eff_su2_r5_d6_b04__none,none,logitguard_quantized,1dd9f8371cdcaa1758b3,1,0,0,0.8947306275367737,0.1052694022655487
PETS_CREDIT_high_eff_su2_r5_d6_b04__none,none,logitguard_quantized,ae429a6a1d645aacb94e,1,0,0,0.7755640149116516,0.2244359850883484
PETS_CREDIT_high_eff_su2_r5_d6_b04__none,none,logitguard_quantized,073dbbd888ef767c75de,1,0,0,0.7858350276947021,0.21416503190994263
PETS_CREDIT_high_eff_su2_r5_d6_b04__none,none,logitguard_quantized,6ea2a519a69c09016323,1,0,0,0.7957597374916077,0.20424030721187592
PETS_CREDIT_high_eff_su2_r5_d6_b04__none,none,logitguard_quantized,8d5ec20ca179ede5da84,1,1,0,0.7891817092895508,0.2108183056116104
PETS_CREDIT_high_eff_su2_r5_d6_b04__none,none,logitguard_quantized,092efc45ab978715a8fa,1,1,0,0.7824497818946838,0.21755023300647736
PETS_CREDIT_high_eff_su2_r5_d6_b04__none,none,logitguard_quantized,c05d34fbff8b3f10a857,1,0,0,0.7858350276947021,0.21416503190994263
PETS_CREDIT_high_eff_su2_r5_d6_b04__none,none,logitguard_quantized,cec5a851be4f6e7c0887,1,1,1,0.2209739089012146,0.7790261507034302
PETS_CREDIT_high_eff_su2_r5_d6_b04__none,none,logitguard_quantized,a230bf08b60c3cd268df,1,0,0,0.7824497818946838,0.21755023300647736
PETS_CREDIT_high_eff_su2_r5_d6_b04__none,none,logitguard_quantized,e030c0aa4ae0f1011f2f,1,0,0,0.7824497818946838,0.21755023300647736
PETS_CREDIT_high_eff_su2_r5_d6_b04__none,none,logitguard_quantized,5383d08662564ec7ab0d,1,1,1,0.2350521981716156,0.764947772026062
PETS_CREDIT_high_eff_su2_r5_d6_b04__none,none,logitguard_quantized,25bed8f88a506c4cc366,1,1,0,0.7858350276947021,0.21416503190994263
PETS_CREDIT_high_eff_su2_r5_d6_b04__none,none,logitguard_quantized,39f8154e08ad72170108,1,0,0,0.7755640149116516,0.2244359850883484
PETS_CREDIT_high_eff_su2_r5_d6_b04__none,none,logitguard_quantized,f0c1637eb1fa5204c581,1,0,1,0.21755023300647736,0.7824497818946838
PETS_CREDIT_high_eff_su2_r5_d6_b04__none,none,logitguard_quantized,bf465d63c434358f77e4,1,0,0,0.7790261507034302,0.2209739089012146
PETS_CREDIT_high_eff_su2_r5_d6_b04__none,none,logitguard_quantized,4b85b1f42c0154e0d47c,1,0,0,0.7957597374916077,0.20424030721187592
PETS_CREDIT_high_eff_su2_r5_d6_b04__none,none,logitguard_quantized,5d21e75cb6066696e6e2,1,0,0,0.7349725961685181,0.26502740383148193
PETS_CREDIT_high_eff_su2_r5_d6_b04__none,none,logitguard_quantized,11ccb38ba9653d61e950,1,0,0,0.7720635533332825,0.22793644666671753
PETS_CREDIT_high_eff_su2_r5_d6_b04__none,none,logitguard_quantized,c50e57ca37a497df3a13,1,0,0,0.7755640149116516,0.2244359850883484
PETS_CREDIT_high_eff_su2_r5_d6_b04__none,none,logitguard_quantized,eb849709f12c60edd50b,1,1,1,0.2350521981716156,0.764947772026062
PETS_CREDIT_high_eff_su2_r5_d6_b04__none,none,logitguard_quantized,a6dfd0dc4ba32e6c00e6,1,0,0,0.7720635533332825,0.22793644666671753
PETS_CREDIT_high_eff_su2_r5_d6_b04__none,none,logitguard_quantized,e3e282f64bed70282149,1,0,0,0.7426905632019043,0.2573094666004181
PETS_CREDIT_high_eff_su2_r5_d6_b04__none,none,logitguard_quantized,877b93e6aa8797d2cd0b,1,0,0,0.7539887428283691,0.24601128697395325
PETS_CREDIT_high_eff_su2_r5_d6_b04__none,none,logitguard_quantized,26b6a5da65cdaeb8e184,1,0,0,0.7539887428283691,0.24601128697395325
PETS_CREDIT_high_eff_su2_r5_d6_b04__none,none,logitguard_quantized,0674ce029ebb21d32e38,1,0,0,0.7613326907157898,0.23866727948188782
PETS_CREDIT_high_eff_su2_r5_d6_b04__none,none,logitguard_quantized,cbd912351cdbc83a9184,1,0,0,0.7891817092895508,0.2108183056116104
PETS_CREDIT_high_eff_su2_r5_d6_b04__none,none,logitguard_quantized,b91b8614dbf7826436cf,1,0,0,0.7858350276947021,0.21416503190994263
PETS_CREDIT_high_eff_su2_r5_d6_b04__none,none,logitguard_quantized,e76cce60bc3507d0d7b2,1,0,0,0.7858350276947021,0.21416503190994263
PETS_CREDIT_high_eff_su2_r5_d6_b04__none,none,logitguard_quantized,16e3ff8c6f696f231824,1,1,1,0.21416503190994263,0.7858350276947021
PETS_CREDIT_high_eff_su2_r5_d6_b04__none,none,logitguard_quantized,7ce1135db7560daf7e70,1,0,0,0.7957597374916077,0.20424030721187592
PETS_CREDIT_high_eff_su2_r5_d6_b04__none,none,logitguard_quantized,3ac7ac4bc65a6ffec899,1,1,0,0.7539887428283691,0.24601128697395325
PETS_CREDIT_high_eff_su2_r5_d6_b04__none,none,logitguard_quantized,693c448a296e96fc4d08,1,0,0,0.7824497818946838,0.21755023300647736
PETS_CREDIT_high_eff_su2_r5_d6_b04__none,none,logitguard_quantized,dba69027df0122535f19,1,0,0,0.7824497818946838,0.21755023300647736
PETS_CREDIT_high_eff_su2_r5_d6_b04__none,none,logitguard_quantized,8fe0ac3103b5acc00cdc,1,0,0,0.9998663663864136,0.0001336703571723774
PETS_CREDIT_high_eff_su2_r5_d6_b04__none,none,logitguard_quantized,d46f8b9f4d57f90db615,1,1,0,0.764947772026062,0.2350521981716156
PETS_CREDIT_high_eff_su2_r5_d6_b04__none,none,logitguard_quantized,61afce8119059a5cee82,1,0,0,0.8869541883468628,0.1130458414554596
PETS_CREDIT_high_eff_su2_r5_d6_b04__none,none,logitguard_quantized,66fa33821884d4568b02,1,0,0,0.7720635533332825,0.22793644666671753
PETS_CREDIT_high_eff_su2_r5_d6_b04__none,none,logitguard_quantized,4dde24d981dd8981f71f,1,0,0,0.7924899458885193,0.2075100541114807
PETS_CREDIT_high_eff_su2_r5_d6_b04__none,none,logitguard_quantized,ce8a11f272895da8cd7f,1,0,0,0.7790261507034302,0.2209739089012146
PETS_CREDIT_high_eff_su2_r5_d6_b04__none,none,logitguard_quantized,6a75db22a6087741eef2,1,1,0,0.7790261507034302,0.2209739089012146
PETS_CREDIT_high_eff_su2_r5_d6_b04__none,none,logitguard_quantized,72bf8a475d5aa5538cd3,1,0,0,0.7720635533332825,0.22793644666671753
PETS_CREDIT_high_eff_su2_r5_d6_b04__none,none,logitguard_quantized,1c7eb9e50fc08e5f8cf0,1,0,0,0.7891817092895508,0.2108183056116104
PETS_CREDIT_high_eff_su2_r5_d6_b04__none,none,logitguard_quantized,b84ff32b3c14263b0dd5,1,0,0,0.7824497818946838,0.21755023300647736
PETS_CREDIT_high_eff_su2_r5_d6_b04__none,none,logitguard_quantized,a9752ae3047aff503fb3,1,0,0,0.7989909648895264,0.20100900530815125
PETS_CREDIT_high_eff_su2_r5_d6_b04__none,none,logitguard_quantized,6f47824d3363865de61a,1,0,0,0.7924899458885193,0.2075100541114807
PETS_CREDIT_high_eff_su2_r5_d6_b04__none,none,logitguard_quantized,6093ce809aa33ce6693b,1,1,0,0.7858350276947021,0.21416503190994263
PETS_CREDIT_high_eff_su2_r5_d6_b04__none,none,logitguard_quantized,c053f623dd8f2bfb7915,1,1,1,0.21755023300647736,0.7824497818946838
PETS_CREDIT_high_eff_su2_r5_d6_b04__none,none,logitguard_quantized,f1068bd99413d081a271,1,0,0,0.8021839261054993,0.1978161334991455
PETS_CREDIT_high_eff_su2_r5_d6_b04__none,none,logitguard_quantized,ab00e756b29c98fd6674,1,0,0,0.7790261507034302,0.2209739089012146
PETS_CREDIT_high_eff_su2_r5_d6_b04__none,none,logitguard_quantized,1313972ddf1c6e9eb2c9,1,0,0,0.764947772026062,0.2350521981716156
PETS_CREDIT_high_eff_su2_r5_d6_b04__none,none,logitguard_quantized,cca86135655a3f3f0727,0,0,0,0.7790261507034302,0.2209739089012146
PETS_CREDIT_high_eff_su2_r5_d6_b04__none,none,logitguard_quantized,93a3d4057fcaa594a8d6,0,0,0,0.9437470436096191,0.05625293776392937
PETS_CREDIT_high_eff_su2_r5_d6_b04__none,none,logitguard_quantized,973b033623e52ecc534b,0,0,0,0.7755640149116516,0.2244359850883484
PETS_CREDIT_high_eff_su2_r5_d6_b04__none,none,logitguard_quantized,d7b3b622ad501cc46324,0,0,0,0.7755640149116516,0.2244359850883484
PETS_CREDIT_high_eff_su2_r5_d6_b04__none,none,logitguard_quantized,5ccd79222ef1b5250d91,0,0,0,0.7755640149116516,0.2244359850883484
PETS_CREDIT_high_eff_su2_r5_d6_b04__none,none,logitguard_quantized,64f43af80af04a1795e2,0,1,0,0.8021839261054993,0.1978161334991455
PETS_CREDIT_high_eff_su2_r5_d6_b04__none,none,logitguard_quantized,94b5f1f88153a9cadc61,0,0,0,0.7790261507034302,0.2209739089012146
PETS_CREDIT_high_eff_su2_r5_d6_b04__none,none,logitguard_quantized,9d16b315411ee80bab47,0,1,0,0.7755640149116516,0.2244359850883484
PETS_CREDIT_high_eff_su2_r5_d6_b04__none,none,logitguard_quantized,346b2d56d8b09d426f47,0,1,0,0.7539887428283691,0.24601128697395325
PETS_CREDIT_high_eff_su2_r5_d6_b04__none,none,logitguard_quantized,4c434bf56ebb2774a731,0,0,0,0.7824497818946838,0.21755023300647736
PETS_CREDIT_high_eff_su2_r5_d6_b04__none,none,logitguard_quantized,c54deb95c61200776a89,0,0,0,0.764947772026062,0.2350521981716156
PETS_CREDIT_high_eff_su2_r5_d6_b04__none,none,logitguard_quantized,a75b386334feb544e4d2,0,0,0,0.7720635533332825,0.22793644666671753
PETS_CREDIT_high_eff_su2_r5_d6_b04__none,none,logitguard_quantized,625f2e57e0e6a02526b6,0,0,0,0.7790261507034302,0.2209739089012146
PETS_CREDIT_high_eff_su2_r5_d6_b04__none,none,logitguard_quantized,2cecf3fe4ef6ad144c88,0,0,0,0.7989909648895264,0.20100900530815125
PETS_CREDIT_high_eff_su2_r5_d6_b04__none,none,logitguard_quantized,4c4445ff57fc497b680a,0,0,0,0.7388499975204468,0.2611500024795532
PETS_CREDIT_high_eff_su2_r5_d6_b04__none,none,logitguard_quantized,4c4d8f9748cad40f5244,0,1,0,0.7824497818946838,0.21755023300647736
PETS_CREDIT_high_eff_su2_r5_d6_b04__none,none,logitguard_quantized,9ebfa8a19f66465c515a,0,0,0,0.7755640149116516,0.2244359850883484
PETS_CREDIT_high_eff_su2_r5_d6_b04__none,none,logitguard_quantized,06b8005b0fc375383b1e,0,0,0,0.7824497818946838,0.21755023300647736
PETS_CREDIT_high_eff_su2_r5_d6_b04__none,none,logitguard_quantized,7e7ddba4c04376ff7a44,0,0,0,0.7790261507034302,0.2209739089012146
PETS_CREDIT_high_eff_su2_r5_d6_b04__none,none,logitguard_quantized,6d1c41efb24b3abb9035,0,1,0,0.7755640149116516,0.2244359850883484
PETS_CREDIT_high_eff_su2_r5_d6_b04__none,none,logitguard_quantized,47955bec8c8c8b0d6ecd,0,0,0,0.7824497818946838,0.21755023300647736
PETS_CREDIT_high_eff_su2_r5_d6_b04__none,none,logitguard_quantized,90aa3dc827baf03a0b7f,0,0,0,0.7858350276947021,0.21416503190994263
PETS_CREDIT_high_eff_su2_r5_d6_b04__none,none,logitguard_quantized,4159bb910f35e10214c2,0,0,0,0.764947772026062,0.2350521981716156
PETS_CREDIT_high_eff_su2_r5_d6_b04__none,none,logitguard_quantized,8dcf26c9f074a4b5de0e,0,0,0,0.7576796412467957,0.24232037365436554
PETS_CREDIT_high_eff_su2_r5_d6_b04__none,none,logitguard_quantized,6732cf9cccc2b370e663,0,0,0,0.9939402341842651,0.006059802137315273
PETS_CREDIT_high_eff_su2_r5_d6_b04__none,none,logitguard_quantized,df58da5e9ce0493bef89,0,0,0,0.7790261507034302,0.2209739089012146
PETS_CREDIT_high_eff_su2_r5_d6_b04__none,none,logitguard_quantized,fa627b253289aa8a3a5a,0,0,0,0.7989909648895264,0.20100900530815125
PETS_CREDIT_high_eff_su2_r5_d6_b04__none,none,logitguard_quantized,2478313b949e4a19fec5,0,0,0,0.764947772026062,0.2350521981716156
PETS_CREDIT_high_eff_su2_r5_d6_b04__none,none,logitguard_quantized,a6f8faff37efe9eca5fe,0,0,1,0.23147521913051605,0.768524706363678
PETS_CREDIT_high_eff_su2_r5_d6_b04__none,none,logitguard_quantized,65387b844cf38bc1d41b,0,0,0,0.764947772026062,0.2350521981716156
PETS_CREDIT_high_eff_su2_r5_d6_b04__none,none,logitguard_quantized,471df40f4bdddddc09ec,0,0,0,0.8605661392211914,0.13943389058113098
PETS_CREDIT_high_eff_su2_r5_d6_b04__none,none,logitguard_quantized,e443a43c3c6ede470732,0,0,1,0.24232037365436554,0.7576796412467957
PETS_CREDIT_high_eff_su2_r5_d6_b04__none,none,logitguard_quantized,825b566ac4e2dd570f93,0,1,0,0.7755640149116516,0.2244359850883484
PETS_CREDIT_high_eff_su2_r5_d6_b04__none,none,logitguard_quantized,0624e96e01e475f2d70d,0,0,1,0.2350521981716156,0.764947772026062
PETS_CREDIT_high_eff_su2_r5_d6_b04__none,none,logitguard_quantized,ca9443d2383be5fa47ca,0,1,0,0.7924899458885193,0.2075100541114807
PETS_CREDIT_high_eff_su2_r5_d6_b04__none,none,logitguard_quantized,6df7b8af4894c02f1865,0,0,0,0.7720635533332825,0.22793644666671753
PETS_CREDIT_high_eff_su2_r5_d6_b04__none,none,logitguard_quantized,30264bd9cc543cb1bc1b,0,0,0,0.7790261507034302,0.2209739089012146
PETS_CREDIT_high_eff_su2_r5_d6_b04__none,none,logitguard_quantized,c98e7a188d21f2d4c7c5,0,0,0,0.7891817092895508,0.2108183056116104
PETS_CREDIT_high_eff_su2_r5_d6_b04__none,none,logitguard_quantized,937f20d886953965c7b1,0,1,0,0.7924899458885193,0.2075100541114807
PETS_CREDIT_high_eff_su2_r5_d6_b04__none,none,logitguard_quantized,d8bd80969a4223b1746d,0,0,1,0.21755023300647736,0.7824497818946838
PETS_CREDIT_high_eff_su2_r5_d6_b04__none,none,logitguard_quantized,bc3373c58239a59432ac,0,0,0,0.7924899458885193,0.2075100541114807
PETS_CREDIT_high_eff_su2_r5_d6_b04__none,none,logitguard_quantized,b3371873eab16dced88c,0,1,1,0.21416503190994263,0.7858350276947021
PETS_CREDIT_high_eff_su2_r5_d6_b04__none,none,logitguard_quantized,6dbce1b9dac4e77ed833,0,0,0,0.7790261507034302,0.2209739089012146
PETS_CREDIT_high_eff_su2_r5_d6_b04__none,none,logitguard_quantized,8c2904b6884ba667a797,0,0,0,0.7464939951896667,0.25350600481033325
PETS_CREDIT_high_eff_su2_r5_d6_b04__none,none,logitguard_quantized,97bf1ade2e61ae053afc,0,0,0,0.7957597374916077,0.20424030721187592
PETS_CREDIT_high_eff_su2_r5_d6_b04__none,none,logitguard_quantized,39d2470b5cfce5a9dfa1,0,0,0,0.7858350276947021,0.21416503190994263
PETS_CREDIT_high_eff_su2_r5_d6_b04__none,none,logitguard_quantized,3122b20f9c469ddb4810,0,0,0,0.7790261507034302,0.2209739089012146
PETS_CREDIT_high_eff_su2_r5_d6_b04__none,none,logitguard_quantized,e68ff9c46623f5834b2a,0,0,1,0.2244359850883484,0.7755640149116516
PETS_CREDIT_high_eff_su2_r5_d6_b04__none,none,logitguard_quantized,d1055eb78a6d9b7fa791,0,1,0,0.7891817092895508,0.2108183056116104
PETS_CREDIT_high_eff_su2_r5_d6_b04__none,none,logitguard_quantized,4c332882bcff4acb2ed2,0,0,0,0.7755640149116516,0.2244359850883484
PETS_CREDIT_high_eff_su2_r5_d6_b04__none,none,logitguard_quantized,7b0ce802ad5497661e33,0,0,0,0.7790261507034302,0.2209739089012146
PETS_CREDIT_high_eff_su2_r5_d6_b04__none,none,logitguard_quantized,c98cde411f4e9cfe8503,0,0,0,0.7502601146697998,0.2497398853302002
PETS_CREDIT_high_eff_su2_r5_d6_b04__none,none,logitguard_quantized,91ecfc572b28d735ec3e,0,0,0,0.7720635533332825,0.22793644666671753
PETS_CREDIT_high_eff_su2_r5_d6_b04__none,none,logitguard_quantized,69b90a23be71904d6905,0,0,1,0.2209739089012146,0.7790261507034302
PETS_CREDIT_high_eff_su2_r5_d6_b04__none,none,logitguard_quantized,cb251470deed8436762a,0,1,0,0.7720635533332825,0.22793644666671753
PETS_CREDIT_high_eff_su2_r5_d6_b04__none,none,logitguard_quantized,7d19854c5fdfa1af681e,0,1,0,0.7858350276947021,0.21416503190994263
PETS_CREDIT_high_eff_su2_r5_d6_b04__none,none,logitguard_quantized,06ee5a3883b6b9927026,0,0,0,0.7755640149116516,0.2244359850883484
PETS_CREDIT_high_eff_su2_r5_d6_b04__none,none,logitguard_quantized,b8cb40bb8e46070c6af0,0,1,0,0.7720635533332825,0.22793644666671753
PETS_CREDIT_high_eff_su2_r5_d6_b04__none,none,logitguard_quantized,afd889d9e791dab1a1b4,0,0,0,0.7755640149116516,0.2244359850883484
PETS_CREDIT_high_eff_su2_r5_d6_b04__none,none,logitguard_quantized,6083c35ef0dd27c47f39,0,0,0,0.7790261507034302,0.2209739089012146
PETS_CREDIT_high_eff_su2_r5_d6_b04__none,none,logitguard_quantized,da5f5efb7790004fff98,0,1,0,0.7755640149116516,0.2244359850883484
PETS_CREDIT_high_eff_su2_r5_d6_b04__none,none,logitguard_quantized,5c479147049976461a13,0,1,1,0.24232037365436554,0.7576796412467957
PETS_CREDIT_high_eff_su2_r5_d6_b04__none,none,logitguard_quantized,14312160764496aa382a,0,0,0,0.8234647512435913,0.17653529345989227
PETS_CREDIT_high_eff_su2_r5_d6_b04__none,none,logitguard_quantized,9d233cff809c5f6dd546,0,0,0,0.7790261507034302,0.2209739089012146
PETS_CREDIT_high_eff_su2_r5_d6_b04__none,none,logitguard_quantized,4e60f65b085fd771a8c4,0,0,0,0.7720635533332825,0.22793644666671753
PETS_CREDIT_high_eff_su2_r5_d6_b04__none,none,logitguard_quantized,37535abfe732af5462f7,0,0,1,0.22793644666671753,0.7720635533332825
PETS_CREDIT_high_eff_su2_r5_d6_b04__none,none,logitguard_quantized,f87aed46b0f59636b333,0,0,0,0.7502601146697998,0.2497398853302002
PETS_CREDIT_high_eff_su2_r5_d6_b04__none,none,logitguard_quantized,9214bdad11cf5b0f5788,0,0,0,0.7858350276947021,0.21416503190994263
PETS_CREDIT_high_eff_su2_r5_d6_b04__none,none,logitguard_quantized,f40c60357e781eae3f45,0,0,0,0.7891817092895508,0.2108183056116104
PETS_CREDIT_high_eff_su2_r5_d6_b04__none,none,logitguard_quantized,3a38d3079b87b1aa292b,0,1,0,0.7824497818946838,0.21755023300647736
PETS_CREDIT_high_eff_su2_r5_d6_b04__none,none,logitguard_quantized,4a3bcd4fea4982030225,0,0,0,0.7824497818946838,0.21755023300647736
PETS_CREDIT_high_eff_su2_r5_d6_b04__none,none,logitguard_quantized,7301e169f41de2491f0b,0,0,0,0.7755640149116516,0.2244359850883484
PETS_CREDIT_high_eff_su2_r5_d6_b04__none,none,logitguard_quantized,9d1731de0429f4b3ede0,0,0,0,0.7824497818946838,0.21755023300647736
PETS_CREDIT_high_eff_su2_r5_d6_b04__none,none,logitguard_quantized,02c2bed1ae0faa5e978c,0,0,0,0.999714195728302,0.000285780755802989
PETS_CREDIT_high_eff_su2_r5_d6_b04__none,none,logitguard_quantized,3aa5377d8103c2a302f9,0,0,0,0.768524706363678,0.23147521913051605
PETS_CREDIT_high_eff_su2_r5_d6_b04__none,none,logitguard_quantized,900a77e140fe19ac5b22,0,0,0,0.7755640149116516,0.2244359850883484
PETS_CREDIT_high_eff_su2_r5_d6_b04__none,none,logitguard_quantized,f7de620d7b4f5fb68cb9,0,0,0,0.8145726323127747,0.18542742729187012
PETS_CREDIT_high_eff_su2_r5_d6_b04__none,none,logitguard_quantized,e2c7c70e125f8ae4563a,0,0,0,0.7755640149116516,0.2244359850883484
PETS_CREDIT_high_eff_su2_r5_d6_b04__none,none,logitguard_quantized,beec71fbc035761ebf29,0,1,0,0.7755640149116516,0.2244359850883484
PETS_CREDIT_high_eff_su2_r5_d6_b04__none,none,logitguard_quantized,4010d1d0fc60044b7e83,0,0,1,0.21416503190994263,0.7858350276947021
PETS_CREDIT_high_eff_su2_r5_d6_b04__none,none,logitguard_quantized,5c1eaee6580358b55afc,0,1,1,0.2244359850883484,0.7755640149116516
PETS_CREDIT_high_eff_su2_r5_d6_b04__none,none,logitguard_quantized,c90f1b219a38e04f4cc7,0,0,0,0.7755640149116516,0.2244359850883484
PETS_CREDIT_high_eff_su2_r5_d6_b04__none,none,logitguard_quantized,501ff1b3b1c21ddafc81,0,0,0,0.7891817092895508,0.2108183056116104
PETS_CREDIT_high_eff_su2_r5_d6_b04__none,none,logitguard_quantized,b268b4355d3aa1ad71a0,0,0,0,0.7858350276947021,0.21416503190994263
PETS_CREDIT_high_eff_su2_r5_d6_b04__none,none,logitguard_quantized,b690772de8eb14084d30,0,1,0,0.7755640149116516,0.2244359850883484
PETS_CREDIT_high_eff_su2_r5_d6_b04__none,none,logitguard_quantized,0f0ec6f2889f1d9d2876,0,0,1,0.20424030721187592,0.7957597374916077
PETS_CREDIT_high_eff_su2_r5_d6_b04__none,none,logitguard_quantized,2e900caa6bf6a7e56807,0,0,0,0.7790261507034302,0.2209739089012146
PETS_CREDIT_high_eff_su2_r5_d6_b04__none,none,logitguard_quantized,4f0494096de7c3e95dac,0,0,0,0.7720635533332825,0.22793644666671753
PETS_CREDIT_high_eff_su2_r5_d6_b04__none,none,logitguard_quantized,596626b705098d0557d3,0,0,1,0.21755023300647736,0.7824497818946838
PETS_CREDIT_high_eff_su2_r5_d6_b04__none,none,logitguard_quantized,0835edef9bf74dc85154,0,1,0,0.768524706363678,0.23147521913051605
PETS_CREDIT_high_eff_su2_r5_d6_b04__none,none,logitguard_quantized,50d6a72e9df1572d930d,0,0,1,0.21755023300647736,0.7824497818946838
PETS_CREDIT_high_eff_su2_r5_d6_b04__none,none,logitguard_quantized,8494f9397dc92fe2fad1,0,0,0,0.7824497818946838,0.21755023300647736
PETS_CREDIT_high_eff_su2_r5_d6_b04__none,none,logitguard_quantized,0213e86909d7343e3153,0,0,0,0.7790261507034302,0.2209739089012146
PETS_CREDIT_high_eff_su2_r5_d6_b04__none,none,logitguard_quantized,201287d880b5985ef4a2,0,0,0,0.8869541883468628,0.1130458414554596
PETS_CREDIT_high_eff_su2_r5_d6_b04__none,none,logitguard_quantized,49b53c88d2fd487545a7,0,0,0,0.7957597374916077,0.20424030721187592
PETS_CREDIT_high_eff_su2_r5_d6_b04__none,none,logitguard_quantized,6751bc7d476a144861a8,0,1,1,0.21416503190994263,0.7858350276947021
PETS_CREDIT_high_eff_su2_r5_d6_b04__none,none,logitguard_quantized,6f5019cb3d8767f239fd,0,1,1,0.2108183056116104,0.7891817092895508
PETS_CREDIT_high_eff_su2_r5_d6_b04__none,none,logitguard_quantized,3c2f11d4e9612d037e21,0,0,0,0.7755640149116516,0.2244359850883484
PETS_CREDIT_high_eff_su2_r5_d6_b04__none,none,logitguard_quantized,cdbf66466c43de4d3398,0,0,0,0.9644288420677185,0.03557119518518448
PETS_CREDIT_high_eff_su2_r5_d6_b04__none,none,logitguard_quantized,656fda897d18551f93f0,0,0,0,0.7790261507034302,0.2209739089012146
PETS_CREDIT_high_eff_su2_r5_d6_b04__none,none,measurementguard_continuous,22730a71b34176a3ba37,1,0,0,0.700840175151825,0.29915985465049744
PETS_CREDIT_high_eff_su2_r5_d6_b04__none,none,measurementguard_continuous,01e7168ae2a624ff9916,1,0,0,0.8208950161933899,0.17910495400428772
PETS_CREDIT_high_eff_su2_r5_d6_b04__none,none,measurementguard_continuous,d8e3c3c718aea110b2d9,1,0,0,0.8294528722763062,0.17054715752601624
PETS_CREDIT_high_eff_su2_r5_d6_b04__none,none,measurementguard_continuous,bf5a9031a45524933e21,1,0,0,0.8146602511405945,0.1853397786617279
PETS_CREDIT_high_eff_su2_r5_d6_b04__none,none,measurementguard_continuous,7311863aa70952806ffc,1,0,0,0.7675999402999878,0.2324000597000122
PETS_CREDIT_high_eff_su2_r5_d6_b04__none,none,measurementguard_continuous,0772d1e68bccea98e68f,1,1,0,0.8700646162033081,0.1299353986978531
PETS_CREDIT_high_eff_su2_r5_d6_b04__none,none,measurementguard_continuous,f073d35785cf76f1409c,1,0,0,0.7254989147186279,0.2745010554790497
PETS_CREDIT_high_eff_su2_r5_d6_b04__none,none,measurementguard_continuous,006df97946d214e0111f,1,1,0,0.7697200775146484,0.23027996718883514
PETS_CREDIT_high_eff_su2_r5_d6_b04__none,none,measurementguard_continuous,7673e8a0f0b037cc51e5,1,1,1,0.114886574447155,0.8851133584976196
PETS_CREDIT_high_eff_su2_r5_d6_b04__none,none,measurementguard_continuous,7be2869c238aa35d440a,1,0,0,0.8227096796035767,0.17729032039642334
PETS_CREDIT_high_eff_su2_r5_d6_b04__none,none,measurementguard_continuous,85bbf6f61dd23b95b6e7,1,0,0,0.7381125688552856,0.26188740134239197
PETS_CREDIT_high_eff_su2_r5_d6_b04__none,none,measurementguard_continuous,e07f107ec2deef516f4f,1,0,0,0.8669565320014954,0.13304351270198822
PETS_CREDIT_high_eff_su2_r5_d6_b04__none,none,measurementguard_continuous,70d271c728323ea28d90,1,0,0,0.8412396907806396,0.15876033902168274
PETS_CREDIT_high_eff_su2_r5_d6_b04__none,none,measurementguard_continuous,69ef03b5c6f4f7ecef33,1,0,0,0.8528940677642822,0.14710591733455658
PETS_CREDIT_high_eff_su2_r5_d6_b04__none,none,measurementguard_continuous,5b7629cbd1fb6e879520,1,0,0,0.8467627167701721,0.15323729813098907
PETS_CREDIT_high_eff_su2_r5_d6_b04__none,none,measurementguard_continuous,526cee77dcfea7ee8138,1,1,0,0.8504531979560852,0.149546816945076
PETS_CREDIT_high_eff_su2_r5_d6_b04__none,none,measurementguard_continuous,a62d80fa1349c54517ce,1,0,0,0.688659131526947,0.311340868473053
PETS_CREDIT_high_eff_su2_r5_d6_b04__none,none,measurementguard_continuous,daf2c33eb0f2b7518584,1,0,0,0.708381712436676,0.291618287563324
PETS_CREDIT_high_eff_su2_r5_d6_b04__none,none,measurementguard_continuous,d2c3d34fb102babfa194,1,0,0,0.8425777554512024,0.1574222296476364
PETS_CREDIT_high_eff_su2_r5_d6_b04__none,none,measurementguard_continuous,d606f1831b9734bb90e1,1,1,0,0.8342201113700867,0.16577988862991333
PETS_CREDIT_high_eff_su2_r5_d6_b04__none,none,measurementguard_continuous,a5628044ec0880a52490,1,0,0,0.818146288394928,0.18185372650623322
PETS_CREDIT_high_eff_su2_r5_d6_b04__none,none,measurementguard_continuous,4df4658f2eb41564da87,1,0,0,0.6695533394813538,0.33044669032096863
PETS_CREDIT_high_eff_su2_r5_d6_b04__none,none,measurementguard_continuous,c4b2c9357254e51af6a9,1,0,0,0.8626629710197449,0.13733702898025513
PETS_CREDIT_high_eff_su2_r5_d6_b04__none,none,measurementguard_continuous,0ffd3e39286157b02ad4,1,0,0,0.8856187462806702,0.11438125371932983
PETS_CREDIT_high_eff_su2_r5_d6_b04__none,none,measurementguard_continuous,24e13410bd96d58bb8a8,1,0,0,0.7635123133659363,0.23648768663406372
PETS_CREDIT_high_eff_su2_r5_d6_b04__none,none,measurementguard_continuous,26f8e0268dd95cba45fd,1,0,1,0.15684714913368225,0.8431528806686401
PETS_CREDIT_high_eff_su2_r5_d6_b04__none,none,measurementguard_continuous,08a6c27fcb32f81ff375,1,0,0,0.7413263916969299,0.25867360830307007
PETS_CREDIT_high_eff_su2_r5_d6_b04__none,none,measurementguard_continuous,4def6ca8e27be84aeb54,1,0,0,0.8815656900405884,0.11843429505825043
PETS_CREDIT_high_eff_su2_r5_d6_b04__none,none,measurementguard_continuous,75e559f2a9928f47e4ef,1,0,0,0.786586344242096,0.21341365575790405
PETS_CREDIT_high_eff_su2_r5_d6_b04__none,none,measurementguard_continuous,c490de3382c28742eeb6,1,0,0,0.7316504716873169,0.2683495581150055
PETS_CREDIT_high_eff_su2_r5_d6_b04__none,none,measurementguard_continuous,c75c31af2389cc3a594f,1,0,0,0.8753455281257629,0.12465450167655945
PETS_CREDIT_high_eff_su2_r5_d6_b04__none,none,measurementguard_continuous,78edbc6916b12b570866,1,0,0,0.8246104121208191,0.1753896176815033
PETS_CREDIT_high_eff_su2_r5_d6_b04__none,none,measurementguard_continuous,5f9c02f5ec03a28e4f53,1,1,1,0.2871776819229126,0.7128223180770874
PETS_CREDIT_high_eff_su2_r5_d6_b04__none,none,measurementguard_continuous,2c3058336909d855b1f0,1,0,0,0.6713496446609497,0.3286503255367279
PETS_CREDIT_high_eff_su2_r5_d6_b04__none,none,measurementguard_continuous,1819fe5c399a17316fee,1,1,0,0.7378700971603394,0.26212993264198303
PETS_CREDIT_high_eff_su2_r5_d6_b04__none,none,measurementguard_continuous,4b8fbfef25d81e60d4a6,1,0,0,0.8008381128311157,0.1991618573665619
PETS_CREDIT_high_eff_su2_r5_d6_b04__none,none,measurementguard_continuous,108acbd92e651db6ac49,1,0,0,0.8845921158790588,0.11540788412094116
PETS_CREDIT_high_eff_su2_r5_d6_b04__none,none,measurementguard_continuous,c536d8f2ff559c7756e7,1,0,0,0.7805834412574768,0.2194165289402008
PETS_CREDIT_high_eff_su2_r5_d6_b04__none,none,measurementguard_continuous,8d289eb2b513288c6cba,1,1,1,0.11883053928613663,0.8811694383621216
PETS_CREDIT_high_eff_su2_r5_d6_b04__none,none,measurementguard_continuous,b0f47ae4b56b3aa4d111,1,0,0,0.8238280415534973,0.17617197334766388
PETS_CREDIT_high_eff_su2_r5_d6_b04__none,none,measurementguard_continuous,f2a589817382059b0dcc,1,0,0,0.7678646445274353,0.23213540017604828
PETS_CREDIT_high_eff_su2_r5_d6_b04__none,none,measurementguard_continuous,5cb75d859aa2d3df94b0,1,1,1,0.2995645999908447,0.7004354000091553
PETS_CREDIT_high_eff_su2_r5_d6_b04__none,none,measurementguard_continuous,58cb80b3d0535cb4343a,1,0,1,0.16118229925632477,0.8388177156448364
PETS_CREDIT_high_eff_su2_r5_d6_b04__none,none,measurementguard_continuous,f3ca91dd8e5aba8d83d9,1,0,0,0.7707565426826477,0.2292434722185135
PETS_CREDIT_high_eff_su2_r5_d6_b04__none,none,measurementguard_continuous,6c0e663b6848864dc914,1,0,0,0.7341168522834778,0.26588311791419983
PETS_CREDIT_high_eff_su2_r5_d6_b04__none,none,measurementguard_continuous,f929be357f68bdda4236,1,0,0,0.668583869934082,0.33141613006591797
PETS_CREDIT_high_eff_su2_r5_d6_b04__none,none,measurementguard_continuous,356e520dcf3a6473ffb2,1,0,0,0.7786976099014282,0.22130241990089417
PETS_CREDIT_high_eff_su2_r5_d6_b04__none,none,measurementguard_continuous,d75c3e52dbcaf5a5ec2a,1,0,0,0.8755373358726501,0.12446270138025284
PETS_CREDIT_high_eff_su2_r5_d6_b04__none,none,measurementguard_continuous,01743ddf295d8f6b5a46,1,1,0,0.7139737606048584,0.2860262095928192
PETS_CREDIT_high_eff_su2_r5_d6_b04__none,none,measurementguard_continuous,f97851146238bb9a3754,1,0,0,0.6898475885391235,0.31015241146087646
PETS_CREDIT_high_eff_su2_r5_d6_b04__none,none,measurementguard_continuous,1dd9f8371cdcaa1758b3,1,0,0,0.7496187090873718,0.25038135051727295
PETS_CREDIT_high_eff_su2_r5_d6_b04__none,none,measurementguard_continuous,ae429a6a1d645aacb94e,1,0,0,0.8902812004089355,0.10971879214048386
PETS_CREDIT_high_eff_su2_r5_d6_b04__none,none,measurementguard_continuous,073dbbd888ef767c75de,1,0,0,0.8822741508483887,0.11772582679986954
PETS_CREDIT_high_eff_su2_r5_d6_b04__none,none,measurementguard_continuous,6ea2a519a69c09016323,1,0,0,0.738743007183075,0.26125699281692505
PETS_CREDIT_high_eff_su2_r5_d6_b04__none,none,measurementguard_continuous,8d5ec20ca179ede5da84,1,1,0,0.8504002094268799,0.14959979057312012
PETS_CREDIT_high_eff_su2_r5_d6_b04__none,none,measurementguard_continuous,092efc45ab978715a8fa,1,1,0,0.7138623595237732,0.2861376702785492
PETS_CREDIT_high_eff_su2_r5_d6_b04__none,none,measurementguard_continuous,c05d34fbff8b3f10a857,1,0,0,0.877784252166748,0.12221574783325195
PETS_CREDIT_high_eff_su2_r5_d6_b04__none,none,measurementguard_continuous,cec5a851be4f6e7c0887,1,1,1,0.2199997752904892,0.7800002694129944
PETS_CREDIT_high_eff_su2_r5_d6_b04__none,none,measurementguard_continuous,a230bf08b60c3cd268df,1,0,0,0.8048135042190552,0.19518649578094482
PETS_CREDIT_high_eff_su2_r5_d6_b04__none,none,measurementguard_continuous,e030c0aa4ae0f1011f2f,1,0,0,0.7240907549858093,0.2759092450141907
PETS_CREDIT_high_eff_su2_r5_d6_b04__none,none,measurementguard_continuous,5383d08662564ec7ab0d,1,1,1,0.1659487783908844,0.834051251411438
PETS_CREDIT_high_eff_su2_r5_d6_b04__none,none,measurementguard_continuous,25bed8f88a506c4cc366,1,1,0,0.6921303868293762,0.3078696131706238
PETS_CREDIT_high_eff_su2_r5_d6_b04__none,none,measurementguard_continuous,39f8154e08ad72170108,1,0,0,0.7430056929588318,0.2569942772388458
PETS_CREDIT_high_eff_su2_r5_d6_b04__none,none,measurementguard_continuous,f0c1637eb1fa5204c581,1,0,1,0.2768288850784302,0.7231711149215698
PETS_CREDIT_high_eff_su2_r5_d6_b04__none,none,measurementguard_continuous,bf465d63c434358f77e4,1,0,0,0.8075693249702454,0.19243068993091583
PETS_CREDIT_high_eff_su2_r5_d6_b04__none,none,measurementguard_continuous,4b85b1f42c0154e0d47c,1,0,0,0.8709749579429626,0.12902502715587616
PETS_CREDIT_high_eff_su2_r5_d6_b04__none,none,measurementguard_continuous,5d21e75cb6066696e6e2,1,0,0,0.7660911083221436,0.23390889167785645
PETS_CREDIT_high_eff_su2_r5_d6_b04__none,none,measurementguard_continuous,11ccb38ba9653d61e950,1,0,0,0.6809272170066833,0.31907275319099426
PETS_CREDIT_high_eff_su2_r5_d6_b04__none,none,measurementguard_continuous,c50e57ca37a497df3a13,1,0,0,0.8867286443710327,0.11327135562896729
PETS_CREDIT_high_eff_su2_r5_d6_b04__none,none,measurementguard_continuous,eb849709f12c60edd50b,1,1,1,0.17470313608646393,0.8252968788146973
PETS_CREDIT_high_eff_su2_r5_d6_b04__none,none,measurementguard_continuous,a6dfd0dc4ba32e6c00e6,1,0,0,0.8785797953605652,0.1214202418923378
PETS_CREDIT_high_eff_su2_r5_d6_b04__none,none,measurementguard_continuous,e3e282f64bed70282149,1,0,0,0.7461383938789368,0.25386157631874084
PETS_CREDIT_high_eff_su2_r5_d6_b04__none,none,measurementguard_continuous,877b93e6aa8797d2cd0b,1,0,0,0.7265638709068298,0.27343612909317017
PETS_CREDIT_high_eff_su2_r5_d6_b04__none,none,measurementguard_continuous,26b6a5da65cdaeb8e184,1,0,0,0.7257083654403687,0.27429163455963135
PETS_CREDIT_high_eff_su2_r5_d6_b04__none,none,measurementguard_continuous,0674ce029ebb21d32e38,1,0,0,0.8310779929161072,0.16892200708389282
PETS_CREDIT_high_eff_su2_r5_d6_b04__none,none,measurementguard_continuous,cbd912351cdbc83a9184,1,0,0,0.8249920606613159,0.17500795423984528
PETS_CREDIT_high_eff_su2_r5_d6_b04__none,none,measurementguard_continuous,b91b8614dbf7826436cf,1,0,0,0.8715748190879822,0.12842518091201782
PETS_CREDIT_high_eff_su2_r5_d6_b04__none,none,measurementguard_continuous,e76cce60bc3507d0d7b2,1,0,0,0.7201122641563416,0.27988776564598083
PETS_CREDIT_high_eff_su2_r5_d6_b04__none,none,measurementguard_continuous,16e3ff8c6f696f231824,1,1,1,0.33839520812034607,0.6616048216819763
PETS_CREDIT_high_eff_su2_r5_d6_b04__none,none,measurementguard_continuous,7ce1135db7560daf7e70,1,0,0,0.8495960235595703,0.15040399134159088
PETS_CREDIT_high_eff_su2_r5_d6_b04__none,none,measurementguard_continuous,3ac7ac4bc65a6ffec899,1,1,0,0.8156817555427551,0.18431822955608368
PETS_CREDIT_high_eff_su2_r5_d6_b04__none,none,measurementguard_continuous,693c448a296e96fc4d08,1,0,0,0.7865812182426453,0.21341875195503235
PETS_CREDIT_high_eff_su2_r5_d6_b04__none,none,measurementguard_continuous,dba69027df0122535f19,1,0,0,0.8251407742500305,0.17485927045345306
PETS_CREDIT_high_eff_su2_r5_d6_b04__none,none,measurementguard_continuous,8fe0ac3103b5acc00cdc,1,0,0,0.8755931854248047,0.12440679222345352
PETS_CREDIT_high_eff_su2_r5_d6_b04__none,none,measurementguard_continuous,d46f8b9f4d57f90db615,1,1,0,0.8467498421669006,0.15325017273426056
PETS_CREDIT_high_eff_su2_r5_d6_b04__none,none,measurementguard_continuous,61afce8119059a5cee82,1,0,0,0.733412504196167,0.2665875256061554
PETS_CREDIT_high_eff_su2_r5_d6_b04__none,none,measurementguard_continuous,66fa33821884d4568b02,1,0,0,0.8390169739723206,0.16098305583000183
PETS_CREDIT_high_eff_su2_r5_d6_b04__none,none,measurementguard_continuous,4dde24d981dd8981f71f,1,0,0,0.8783920407295227,0.12160792946815491
PETS_CREDIT_high_eff_su2_r5_d6_b04__none,none,measurementguard_continuous,ce8a11f272895da8cd7f,1,0,0,0.6882076859474182,0.3117923438549042
PETS_CREDIT_high_eff_su2_r5_d6_b04__none,none,measurementguard_continuous,6a75db22a6087741eef2,1,1,0,0.7781633734703064,0.22183667123317719
PETS_CREDIT_high_eff_su2_r5_d6_b04__none,none,measurementguard_continuous,72bf8a475d5aa5538cd3,1,0,0,0.6674965023994446,0.3325035274028778
PETS_CREDIT_high_eff_su2_r5_d6_b04__none,none,measurementguard_continuous,1c7eb9e50fc08e5f8cf0,1,0,0,0.786081850528717,0.21391819417476654
PETS_CREDIT_high_eff_su2_r5_d6_b04__none,none,measurementguard_continuous,b84ff32b3c14263b0dd5,1,0,0,0.8451443910598755,0.1548556387424469
PETS_CREDIT_high_eff_su2_r5_d6_b04__none,none,measurementguard_continuous,a9752ae3047aff503fb3,1,0,0,0.8358596563339233,0.16414031386375427
PETS_CREDIT_high_eff_su2_r5_d6_b04__none,none,measurementguard_continuous,6f47824d3363865de61a,1,0,0,0.8321540355682373,0.1678459644317627
PETS_CREDIT_high_eff_su2_r5_d6_b04__none,none,measurementguard_continuous,6093ce809aa33ce6693b,1,1,0,0.8587102890014648,0.14128969609737396
PETS_CREDIT_high_eff_su2_r5_d6_b04__none,none,measurementguard_continuous,c053f623dd8f2bfb7915,1,1,1,0.2935352921485901,0.7064647078514099
PETS_CREDIT_high_eff_su2_r5_d6_b04__none,none,measurementguard_continuous,f1068bd99413d081a271,1,0,0,0.8380574584007263,0.1619425117969513
PETS_CREDIT_high_eff_su2_r5_d6_b04__none,none,measurementguard_continuous,ab00e756b29c98fd6674,1,0,0,0.8102978467941284,0.18970218300819397
PETS_CREDIT_high_eff_su2_r5_d6_b04__none,none,measurementguard_continuous,1313972ddf1c6e9eb2c9,1,0,0,0.6870225071907043,0.31297746300697327
PETS_CREDIT_high_eff_su2_r5_d6_b04__none,none,measurementguard_continuous,cca86135655a3f3f0727,0,0,0,0.686873733997345,0.31312626600265503
PETS_CREDIT_high_eff_su2_r5_d6_b04__none,none,measurementguard_continuous,93a3d4057fcaa594a8d6,0,0,0,0.8537495732307434,0.1462503969669342
PETS_CREDIT_high_eff_su2_r5_d6_b04__none,none,measurementguard_continuous,973b033623e52ecc534b,0,0,0,0.7791134715080261,0.22088655829429626
PETS_CREDIT_high_eff_su2_r5_d6_b04__none,none,measurementguard_continuous,d7b3b622ad501cc46324,0,0,0,0.7521682977676392,0.24783171713352203
PETS_CREDIT_high_eff_su2_r5_d6_b04__none,none,measurementguard_continuous,5ccd79222ef1b5250d91,0,0,0,0.8012856841087341,0.19871433079242706
PETS_CREDIT_high_eff_su2_r5_d6_b04__none,none,measurementguard_continuous,64f43af80af04a1795e2,0,1,0,0.853560209274292,0.14643976092338562
PETS_CREDIT_high_eff_su2_r5_d6_b04__none,none,measurementguard_continuous,94b5f1f88153a9cadc61,0,0,0,0.7482761740684509,0.25172385573387146
PETS_CREDIT_high_eff_su2_r5_d6_b04__none,none,measurementguard_continuous,9d16b315411ee80bab47,0,1,0,0.7504895329475403,0.24951045215129852
PETS_CREDIT_high_eff_su2_r5_d6_b04__none,none,measurementguard_continuous,346b2d56d8b09d426f47,0,1,0,0.814389705657959,0.18561027944087982
PETS_CREDIT_high_eff_su2_r5_d6_b04__none,none,measurementguard_continuous,4c434bf56ebb2774a731,0,0,0,0.831232488155365,0.168767511844635
PETS_CREDIT_high_eff_su2_r5_d6_b04__none,none,measurementguard_continuous,c54deb95c61200776a89,0,0,0,0.6869838833808899,0.3130161464214325
PETS_CREDIT_high_eff_su2_r5_d6_b04__none,none,measurementguard_continuous,a75b386334feb544e4d2,0,0,0,0.8787049055099487,0.12129515409469604
PETS_CREDIT_high_eff_su2_r5_d6_b04__none,none,measurementguard_continuous,625f2e57e0e6a02526b6,0,0,0,0.8519212007522583,0.1480787992477417
PETS_CREDIT_high_eff_su2_r5_d6_b04__none,none,measurementguard_continuous,2cecf3fe4ef6ad144c88,0,0,0,0.8662481307983398,0.13375188410282135
PETS_CREDIT_high_eff_su2_r5_d6_b04__none,none,measurementguard_continuous,4c4445ff57fc497b680a,0,0,0,0.7689206004142761,0.2310793697834015
PETS_CREDIT_high_eff_su2_r5_d6_b04__none,none,measurementguard_continuous,4c4d8f9748cad40f5244,0,1,0,0.834624707698822,0.16537532210350037
PETS_CREDIT_high_eff_su2_r5_d6_b04__none,none,measurementguard_continuous,9ebfa8a19f66465c515a,0,0,0,0.8887172341346741,0.1112828254699707
PETS_CREDIT_high_eff_su2_r5_d6_b04__none,none,measurementguard_continuous,06b8005b0fc375383b1e,0,0,0,0.8488392233848572,0.15116079151630402
PETS_CREDIT_high_eff_su2_r5_d6_b04__none,none,measurementguard_continuous,7e7ddba4c04376ff7a44,0,0,0,0.6958708763122559,0.30412915349006653
PETS_CREDIT_high_eff_su2_r5_d6_b04__none,none,measurementguard_continuous,6d1c41efb24b3abb9035,0,1,0,0.8885508179664612,0.11144918948411942
PETS_CREDIT_high_eff_su2_r5_d6_b04__none,none,measurementguard_continuous,47955bec8c8c8b0d6ecd,0,0,0,0.8877266645431519,0.11227330565452576
PETS_CREDIT_high_eff_su2_r5_d6_b04__none,none,measurementguard_continuous,90aa3dc827baf03a0b7f,0,0,0,0.7587019801139832,0.24129807949066162
PETS_CREDIT_high_eff_su2_r5_d6_b04__none,none,measurementguard_continuous,4159bb910f35e10214c2,0,0,0,0.6805971264839172,0.31940290331840515
PETS_CREDIT_high_eff_su2_r5_d6_b04__none,none,measurementguard_continuous,8dcf26c9f074a4b5de0e,0,0,0,0.8296612501144409,0.17033876478672028
PETS_CREDIT_high_eff_su2_r5_d6_b04__none,none,measurementguard_continuous,6732cf9cccc2b370e663,0,0,0,0.7551961541175842,0.24480381608009338
PETS_CREDIT_high_eff_su2_r5_d6_b04__none,none,measurementguard_continuous,df58da5e9ce0493bef89,0,0,0,0.7610369920730591,0.2389630377292633
PETS_CREDIT_high_eff_su2_r5_d6_b04__none,none,measurementguard_continuous,fa627b253289aa8a3a5a,0,0,0,0.8222739100456238,0.17772610485553741
PETS_CREDIT_high_eff_su2_r5_d6_b04__none,none,measurementguard_continuous,2478313b949e4a19fec5,0,0,0,0.8254125714302063,0.1745874285697937
PETS_CREDIT_high_eff_su2_r5_d6_b04__none,none,measurementguard_continuous,a6f8faff37efe9eca5fe,0,0,1,0.1872207671403885,0.8127792477607727
PETS_CREDIT_high_eff_su2_r5_d6_b04__none,none,measurementguard_continuous,65387b844cf38bc1d41b,0,0,0,0.7067195177078247,0.2932804822921753
PETS_CREDIT_high_eff_su2_r5_d6_b04__none,none,measurementguard_continuous,471df40f4bdddddc09ec,0,0,0,0.6875079274177551,0.3124920427799225
PETS_CREDIT_high_eff_su2_r5_d6_b04__none,none,measurementguard_continuous,e443a43c3c6ede470732,0,0,1,0.18202288448810577,0.8179771304130554
PETS_CREDIT_high_eff_su2_r5_d6_b04__none,none,measurementguard_continuous,825b566ac4e2dd570f93,0,1,0,0.8899255394935608,0.11007450520992279
PETS_CREDIT_high_eff_su2_r5_d6_b04__none,none,measurementguard_continuous,0624e96e01e475f2d70d,0,0,1,0.15259182453155518,0.8474081754684448
PETS_CREDIT_high_eff_su2_r5_d6_b04__none,none,measurementguard_continuous,ca9443d2383be5fa47ca,0,1,0,0.8165066838264465,0.18349334597587585
PETS_CREDIT_high_eff_su2_r5_d6_b04__none,none,measurementguard_continuous,6df7b8af4894c02f1865,0,0,0,0.8851401805877686,0.11485983431339264
PETS_CREDIT_high_eff_su2_r5_d6_b04__none,none,measurementguard_continuous,30264bd9cc543cb1bc1b,0,0,0,0.7111006379127502,0.28889936208724976
PETS_CREDIT_high_eff_su2_r5_d6_b04__none,none,measurementguard_continuous,c98e7a188d21f2d4c7c5,0,0,0,0.8562254905700684,0.14377455413341522
PETS_CREDIT_high_eff_su2_r5_d6_b04__none,none,measurementguard_continuous,937f20d886953965c7b1,0,1,0,0.857631266117096,0.14236877858638763
PETS_CREDIT_high_eff_su2_r5_d6_b04__none,none,measurementguard_continuous,d8bd80969a4223b1746d,0,0,1,0.30583539605140686,0.6941646337509155
PETS_CREDIT_high_eff_su2_r5_d6_b04__none,none,measurementguard_continuous,bc3373c58239a59432ac,0,0,0,0.8012422323226929,0.19875779747962952
PETS_CREDIT_high_eff_su2_r5_d6_b04__none,none,measurementguard_continuous,b3371873eab16dced88c,0,1,1,0.1646251231431961,0.8353748917579651
PETS_CREDIT_high_eff_su2_r5_d6_b04__none,none,measurementguard_continuous,6dbce1b9dac4e77ed833,0,0,0,0.7669036984443665,0.23309633135795593
PETS_CREDIT_high_eff_su2_r5_d6_b04__none,none,measurementguard_continuous,8c2904b6884ba667a797,0,0,0,0.7767506837844849,0.22324934601783752
PETS_CREDIT_high_eff_su2_r5_d6_b04__none,none,measurementguard_continuous,97bf1ade2e61ae053afc,0,0,0,0.8498601913452148,0.15013979375362396
PETS_CREDIT_high_eff_su2_r5_d6_b04__none,none,measurementguard_continuous,39d2470b5cfce5a9dfa1,0,0,0,0.8644230961799622,0.13557693362236023
PETS_CREDIT_high_eff_su2_r5_d6_b04__none,none,measurementguard_continuous,3122b20f9c469ddb4810,0,0,0,0.7481192946434021,0.2518806755542755
PETS_CREDIT_high_eff_su2_r5_d6_b04__none,none,measurementguard_continuous,e68ff9c46623f5834b2a,0,0,1,0.15934179723262787,0.8406581878662109
PETS_CREDIT_high_eff_su2_r5_d6_b04__none,none,measurementguard_continuous,d1055eb78a6d9b7fa791,0,1,0,0.8506976366043091,0.1493023782968521
PETS_CREDIT_high_eff_su2_r5_d6_b04__none,none,measurementguard_continuous,4c332882bcff4acb2ed2,0,0,0,0.8274176716804504,0.17258234322071075
PETS_CREDIT_high_eff_su2_r5_d6_b04__none,none,measurementguard_continuous,7b0ce802ad5497661e33,0,0,0,0.6929183602333069,0.3070816695690155
PETS_CREDIT_high_eff_su2_r5_d6_b04__none,none,measurementguard_continuous,c98cde411f4e9cfe8503,0,0,0,0.7780539393424988,0.2219460904598236
PETS_CREDIT_high_eff_su2_r5_d6_b04__none,none,measurementguard_continuous,91ecfc572b28d735ec3e,0,0,0,0.6953583359718323,0.30464163422584534
PETS_CREDIT_high_eff_su2_r5_d6_b04__none,none,measurementguard_continuous,69b90a23be71904d6905,0,0,1,0.15719909965991974,0.8428009152412415
PETS_CREDIT_high_eff_su2_r5_d6_b04__none,none,measurementguard_continuous,cb251470deed8436762a,0,1,0,0.735214114189148,0.26478591561317444
PETS_CREDIT_high_eff_su2_r5_d6_b04__none,none,measurementguard_continuous,7d19854c5fdfa1af681e,0,1,0,0.7926442623138428,0.20735576748847961
PETS_CREDIT_high_eff_su2_r5_d6_b04__none,none,measurementguard_continuous,06ee5a3883b6b9927026,0,0,0,0.7422248125076294,0.2577751576900482
PETS_CREDIT_high_eff_su2_r5_d6_b04__none,none,measurementguard_continuous,b8cb40bb8e46070c6af0,0,1,0,0.8864110112190247,0.11358897387981415
PETS_CREDIT_high_eff_su2_r5_d6_b04__none,none,measurementguard_continuous,afd889d9e791dab1a1b4,0,0,0,0.7518957257270813,0.2481043040752411
PETS_CREDIT_high_eff_su2_r5_d6_b04__none,none,measurementguard_continuous,6083c35ef0dd27c47f39,0,0,0,0.7456885576248169,0.2543114125728607
PETS_CREDIT_high_eff_su2_r5_d6_b04__none,none,measurementguard_continuous,da5f5efb7790004fff98,0,1,0,0.8878209590911865,0.11217902600765228
PETS_CREDIT_high_eff_su2_r5_d6_b04__none,none,measurementguard_continuous,5c479147049976461a13,0,1,1,0.17021603882312775,0.8297839760780334
PETS_CREDIT_high_eff_su2_r5_d6_b04__none,none,measurementguard_continuous,14312160764496aa382a,0,0,0,0.8779144883155823,0.12208554148674011
PETS_CREDIT_high_eff_su2_r5_d6_b04__none,none,measurementguard_continuous,9d233cff809c5f6dd546,0,0,0,0.7705681324005127,0.22943183779716492
PETS_CREDIT_high_eff_su2_r5_d6_b04__none,none,measurementguard_continuous,4e60f65b085fd771a8c4,0,0,0,0.7033389210700989,0.2966611087322235
PETS_CREDIT_high_eff_su2_r5_d6_b04__none,none,measurementguard_continuous,37535abfe732af5462f7,0,0,1,0.31854334473609924,0.6814566254615784
PETS_CREDIT_high_eff_su2_r5_d6_b04__none,none,measurementguard_continuous,f87aed46b0f59636b333,0,0,0,0.8150345087051392,0.18496547639369965
PETS_CREDIT_high_eff_su2_r5_d6_b04__none,none,measurementguard_continuous,9214bdad11cf5b0f5788,0,0,0,0.8874645829200745,0.11253541707992554
PETS_CREDIT_high_eff_su2_r5_d6_b04__none,none,measurementguard_continuous,f40c60357e781eae3f45,0,0,0,0.6604299545288086,0.3395701050758362
PETS_CREDIT_high_eff_su2_r5_d6_b04__none,none,measurementguard_continuous,3a38d3079b87b1aa292b,0,1,0,0.7081228494644165,0.2918771505355835
PETS_CREDIT_high_eff_su2_r5_d6_b04__none,none,measurementguard_continuous,4a3bcd4fea4982030225,0,0,0,0.8344250917434692,0.16557489335536957
PETS_CREDIT_high_eff_su2_r5_d6_b04__none,none,measurementguard_continuous,7301e169f41de2491f0b,0,0,0,0.7183908224105835,0.2816091477870941
PETS_CREDIT_high_eff_su2_r5_d6_b04__none,none,measurementguard_continuous,9d1731de0429f4b3ede0,0,0,0,0.854110836982727,0.14588914811611176
PETS_CREDIT_high_eff_su2_r5_d6_b04__none,none,measurementguard_continuous,02c2bed1ae0faa5e978c,0,0,0,0.773939311504364,0.22606073319911957
PETS_CREDIT_high_eff_su2_r5_d6_b04__none,none,measurementguard_continuous,3aa5377d8103c2a302f9,0,0,0,0.695984959602356,0.30401504039764404
PETS_CREDIT_high_eff_su2_r5_d6_b04__none,none,measurementguard_continuous,900a77e140fe19ac5b22,0,0,0,0.732979953289032,0.2670201063156128
PETS_CREDIT_high_eff_su2_r5_d6_b04__none,none,measurementguard_continuous,f7de620d7b4f5fb68cb9,0,0,0,0.8711443543434143,0.1288556605577469
PETS_CREDIT_high_eff_su2_r5_d6_b04__none,none,measurementguard_continuous,e2c7c70e125f8ae4563a,0,0,0,0.8271375298500061,0.1728624552488327
PETS_CREDIT_high_eff_su2_r5_d6_b04__none,none,measurementguard_continuous,beec71fbc035761ebf29,0,1,0,0.7153548002243042,0.2846451997756958
PETS_CREDIT_high_eff_su2_r5_d6_b04__none,none,measurementguard_continuous,4010d1d0fc60044b7e83,0,0,1,0.29213201999664307,0.7078679800033569
PETS_CREDIT_high_eff_su2_r5_d6_b04__none,none,measurementguard_continuous,5c1eaee6580358b55afc,0,1,1,0.20668022334575653,0.793319821357727
PETS_CREDIT_high_eff_su2_r5_d6_b04__none,none,measurementguard_continuous,c90f1b219a38e04f4cc7,0,0,0,0.8907263875007629,0.10927359759807587
PETS_CREDIT_high_eff_su2_r5_d6_b04__none,none,measurementguard_continuous,501ff1b3b1c21ddafc81,0,0,0,0.8638368248939514,0.13616320490837097
PETS_CREDIT_high_eff_su2_r5_d6_b04__none,none,measurementguard_continuous,b268b4355d3aa1ad71a0,0,0,0,0.665781557559967,0.33421847224235535
PETS_CREDIT_high_eff_su2_r5_d6_b04__none,none,measurementguard_continuous,b690772de8eb14084d30,0,1,0,0.6751249432563782,0.3248750567436218
PETS_CREDIT_high_eff_su2_r5_d6_b04__none,none,measurementguard_continuous,0f0ec6f2889f1d9d2876,0,0,1,0.10837601870298386,0.8916239738464355
PETS_CREDIT_high_eff_su2_r5_d6_b04__none,none,measurementguard_continuous,2e900caa6bf6a7e56807,0,0,0,0.6841437220573425,0.3158562481403351
PETS_CREDIT_high_eff_su2_r5_d6_b04__none,none,measurementguard_continuous,4f0494096de7c3e95dac,0,0,0,0.7839136123657227,0.21608637273311615
PETS_CREDIT_high_eff_su2_r5_d6_b04__none,none,measurementguard_continuous,596626b705098d0557d3,0,0,1,0.14073970913887024,0.8592603206634521
PETS_CREDIT_high_eff_su2_r5_d6_b04__none,none,measurementguard_continuous,0835edef9bf74dc85154,0,1,0,0.7048690915107727,0.2951309084892273
PETS_CREDIT_high_eff_su2_r5_d6_b04__none,none,measurementguard_continuous,50d6a72e9df1572d930d,0,0,1,0.28081730008125305,0.7191826701164246
PETS_CREDIT_high_eff_su2_r5_d6_b04__none,none,measurementguard_continuous,8494f9397dc92fe2fad1,0,0,0,0.8671180009841919,0.13288193941116333
PETS_CREDIT_high_eff_su2_r5_d6_b04__none,none,measurementguard_continuous,0213e86909d7343e3153,0,0,0,0.676009476184845,0.32399052381515503
PETS_CREDIT_high_eff_su2_r5_d6_b04__none,none,measurementguard_continuous,201287d880b5985ef4a2,0,0,0,0.7338247895240784,0.26617518067359924
PETS_CREDIT_high_eff_su2_r5_d6_b04__none,none,measurementguard_continuous,49b53c88d2fd487545a7,0,0,0,0.8588129281997681,0.14118710160255432
PETS_CREDIT_high_eff_su2_r5_d6_b04__none,none,measurementguard_continuous,6751bc7d476a144861a8,0,1,1,0.13721753656864166,0.8627824783325195
PETS_CREDIT_high_eff_su2_r5_d6_b04__none,none,measurementguard_continuous,6f5019cb3d8767f239fd,0,1,1,0.14941516518592834,0.850584864616394
PETS_CREDIT_high_eff_su2_r5_d6_b04__none,none,measurementguard_continuous,3c2f11d4e9612d037e21,0,0,0,0.7149102687835693,0.28508973121643066
PETS_CREDIT_high_eff_su2_r5_d6_b04__none,none,measurementguard_continuous,cdbf66466c43de4d3398,0,0,0,0.689668595790863,0.31033140420913696
PETS_CREDIT_high_eff_su2_r5_d6_b04__none,none,measurementguard_continuous,656fda897d18551f93f0,0,0,0,0.8858055472373962,0.11419443041086197
PETS_CREDIT_high_eff_su2_r5_d6_b04__none,none,lattice_round,22730a71b34176a3ba37,1,0,0,0.9073078036308289,0.09269218891859055
PETS_CREDIT_high_eff_su2_r5_d6_b04__none,none,lattice_round,01e7168ae2a624ff9916,1,0,0,0.9529549479484558,0.0470450259745121
PETS_CREDIT_high_eff_su2_r5_d6_b04__none,none,lattice_round,d8e3c3c718aea110b2d9,1,0,0,0.8202550411224365,0.17974497377872467
PETS_CREDIT_high_eff_su2_r5_d6_b04__none,none,lattice_round,bf5a9031a45524933e21,1,0,1,0.4934840202331543,0.5065159797668457
PETS_CREDIT_high_eff_su2_r5_d6_b04__none,none,lattice_round,7311863aa70952806ffc,1,0,0,0.933997631072998,0.06600233912467957
PETS_CREDIT_high_eff_su2_r5_d6_b04__none,none,lattice_round,0772d1e68bccea98e68f,1,1,0,0.6051802635192871,0.3948197364807129
PETS_CREDIT_high_eff_su2_r5_d6_b04__none,none,lattice_round,f073d35785cf76f1409c,1,0,0,0.7183853983879089,0.28161460161209106
PETS_CREDIT_high_eff_su2_r5_d6_b04__none,none,lattice_round,006df97946d214e0111f,1,1,0,0.7673194408416748,0.232680544257164
PETS_CREDIT_high_eff_su2_r5_d6_b04__none,none,lattice_round,7673e8a0f0b037cc51e5,1,1,1,0.3601585924625397,0.6398414373397827
PETS_CREDIT_high_eff_su2_r5_d6_b04__none,none,lattice_round,7be2869c238aa35d440a,1,0,0,0.5077667832374573,0.4922332465648651
PETS_CREDIT_high_eff_su2_r5_d6_b04__none,none,lattice_round,85bbf6f61dd23b95b6e7,1,0,0,0.9806363582611084,0.019363652914762497
PETS_CREDIT_high_eff_su2_r5_d6_b04__none,none,lattice_round,e07f107ec2deef516f4f,1,0,0,0.963744580745697,0.03625539317727089
PETS_CREDIT_high_eff_su2_r5_d6_b04__none,none,lattice_round,70d271c728323ea28d90,1,0,0,0.9994100332260132,0.0005899114767089486
PETS_CREDIT_high_eff_su2_r5_d6_b04__none,none,lattice_round,69ef03b5c6f4f7ecef33,1,0,0,0.9915341734886169,0.008465827442705631
PETS_CREDIT_high_eff_su2_r5_d6_b04__none,none,lattice_round,5b7629cbd1fb6e879520,1,0,0,0.9998819828033447,0.00011799478670582175
PETS_CREDIT_high_eff_su2_r5_d6_b04__none,none,lattice_round,526cee77dcfea7ee8138,1,1,0,0.5591711401939392,0.4408288896083832
PETS_CREDIT_high_eff_su2_r5_d6_b04__none,none,lattice_round,a62d80fa1349c54517ce,1,0,0,0.9087319374084473,0.09126803278923035
PETS_CREDIT_high_eff_su2_r5_d6_b04__none,none,lattice_round,daf2c33eb0f2b7518584,1,0,0,0.9150060415267944,0.08499392867088318
PETS_CREDIT_high_eff_su2_r5_d6_b04__none,none,lattice_round,d2c3d34fb102babfa194,1,0,0,0.990750253200531,0.009249738417565823
PETS_CREDIT_high_eff_su2_r5_d6_b04__none,none,lattice_round,d606f1831b9734bb90e1,1,1,0,0.5276744365692139,0.4723256230354309
PETS_CREDIT_high_eff_su2_r5_d6_b04__none,none,lattice_round,a5628044ec0880a52490,1,0,0,0.8238919973373413,0.17610803246498108
PETS_CREDIT_high_eff_su2_r5_d6_b04__none,none,lattice_round,4df4658f2eb41564da87,1,0,0,0.9941201210021973,0.0058798533864319324
PETS_CREDIT_high_eff_su2_r5_d6_b04__none,none,lattice_round,c4b2c9357254e51af6a9,1,0,0,0.965622067451477,0.03437793254852295
PETS_CREDIT_high_eff_su2_r5_d6_b04__none,none,lattice_round,0ffd3e39286157b02ad4,1,0,0,0.8864079713821411,0.1135920062661171
PETS_CREDIT_high_eff_su2_r5_d6_b04__none,none,lattice_round,24e13410bd96d58bb8a8,1,0,0,0.9289644360542297,0.07103559374809265
PETS_CREDIT_high_eff_su2_r5_d6_b04__none,none,lattice_round,26f8e0268dd95cba45fd,1,0,1,0.4498184323310852,0.5501816272735596
PETS_CREDIT_high_eff_su2_r5_d6_b04__none,none,lattice_round,08a6c27fcb32f81ff375,1,0,0,0.9827680587768555,0.017231963574886322
PETS_CREDIT_high_eff_su2_r5_d6_b04__none,none,lattice_round,4def6ca8e27be84aeb54,1,0,0,0.6353225708007812,0.36467742919921875
PETS_CREDIT_high_eff_su2_r5_d6_b04__none,none,lattice_round,75e559f2a9928f47e4ef,1,0,0,0.9362102746963501,0.0637897178530693
PETS_CREDIT_high_eff_su2_r5_d6_b04__none,none,lattice_round,c490de3382c28742eeb6,1,0,0,0.7315634489059448,0.26843658089637756
PETS_CREDIT_high_eff_su2_r5_d6_b04__none,none,lattice_round,c75c31af2389cc3a594f,1,0,0,0.8728418350219727,0.12715810537338257
PETS_CREDIT_high_eff_su2_r5_d6_b04__none,none,lattice_round,78edbc6916b12b570866,1,0,0,0.8348861336708069,0.16511383652687073
PETS_CREDIT_high_eff_su2_r5_d6_b04__none,none,lattice_round,5f9c02f5ec03a28e4f53,1,1,1,0.2950565814971924,0.7049434185028076
PETS_CREDIT_high_eff_su2_r5_d6_b04__none,none,lattice_round,2c3058336909d855b1f0,1,0,0,0.9011353850364685,0.09886465966701508
PETS_CREDIT_high_eff_su2_r5_d6_b04__none,none,lattice_round,1819fe5c399a17316fee,1,1,0,0.7264971733093262,0.2735028564929962
PETS_CREDIT_high_eff_su2_r5_d6_b04__none,none,lattice_round,4b8fbfef25d81e60d4a6,1,0,0,0.8049068450927734,0.19509315490722656
PETS_CREDIT_high_eff_su2_r5_d6_b04__none,none,lattice_round,108acbd92e651db6ac49,1,0,0,0.8785439133644104,0.1214560866355896
PETS_CREDIT_high_eff_su2_r5_d6_b04__none,none,lattice_round,c536d8f2ff559c7756e7,1,0,0,0.9366891980171204,0.06331082433462143
PETS_CREDIT_high_eff_su2_r5_d6_b04__none,none,lattice_round,8d289eb2b513288c6cba,1,1,1,0.3763250708580017,0.6236749291419983
PETS_CREDIT_high_eff_su2_r5_d6_b04__none,none,lattice_round,b0f47ae4b56b3aa4d111,1,0,0,0.9569804072380066,0.043019603937864304
PETS_CREDIT_high_eff_su2_r5_d6_b04__none,none,lattice_round,f2a589817382059b0dcc,1,0,0,0.7783646583557129,0.2216353565454483
PETS_CREDIT_high_eff_su2_r5_d6_b04__none,none,lattice_round,5cb75d859aa2d3df94b0,1,1,1,0.29276591539382935,0.7072340846061707
PETS_CREDIT_high_eff_su2_r5_d6_b04__none,none,lattice_round,58cb80b3d0535cb4343a,1,0,1,0.4271353483200073,0.5728646516799927
PETS_CREDIT_high_eff_su2_r5_d6_b04__none,none,lattice_round,f3ca91dd8e5aba8d83d9,1,0,0,0.9844750165939331,0.015524986200034618
PETS_CREDIT_high_eff_su2_r5_d6_b04__none,none,lattice_round,6c0e663b6848864dc914,1,0,0,0.7244760990142822,0.2755239009857178
PETS_CREDIT_high_eff_su2_r5_d6_b04__none,none,lattice_round,f929be357f68bdda4236,1,0,0,0.9736006855964661,0.02639932371675968
PETS_CREDIT_high_eff_su2_r5_d6_b04__none,none,lattice_round,356e520dcf3a6473ffb2,1,0,0,0.9383668303489685,0.0616331547498703
PETS_CREDIT_high_eff_su2_r5_d6_b04__none,none,lattice_round,d75c3e52dbcaf5a5ec2a,1,0,0,0.96610426902771,0.033895716071128845
PETS_CREDIT_high_eff_su2_r5_d6_b04__none,none,lattice_round,01743ddf295d8f6b5a46,1,1,0,0.693175733089447,0.30682429671287537
PETS_CREDIT_high_eff_su2_r5_d6_b04__none,none,lattice_round,f97851146238bb9a3754,1,0,0,0.9944918155670166,0.00550822913646698
PETS_CREDIT_high_eff_su2_r5_d6_b04__none,none,lattice_round,1dd9f8371cdcaa1758b3,1,0,0,0.9957770705223083,0.0042229448445141315
PETS_CREDIT_high_eff_su2_r5_d6_b04__none,none,lattice_round,ae429a6a1d645aacb94e,1,0,0,0.6372353434562683,0.36276471614837646
PETS_CREDIT_high_eff_su2_r5_d6_b04__none,none,lattice_round,073dbbd888ef767c75de,1,0,0,0.888558030128479,0.11144198477268219
PETS_CREDIT_high_eff_su2_r5_d6_b04__none,none,lattice_round,6ea2a519a69c09016323,1,0,0,0.9139209389686584,0.08607903122901917
PETS_CREDIT_high_eff_su2_r5_d6_b04__none,none,lattice_round,8d5ec20ca179ede5da84,1,1,0,0.5705809593200684,0.42941901087760925
PETS_CREDIT_high_eff_su2_r5_d6_b04__none,none,lattice_round,092efc45ab978715a8fa,1,1,0,0.7138699889183044,0.28613001108169556
PETS_CREDIT_high_eff_su2_r5_d6_b04__none,none,lattice_round,c05d34fbff8b3f10a857,1,0,0,0.6019886136054993,0.3980114161968231
PETS_CREDIT_high_eff_su2_r5_d6_b04__none,none,lattice_round,cec5a851be4f6e7c0887,1,1,1,0.22892402112483978,0.771075963973999
PETS_CREDIT_high_eff_su2_r5_d6_b04__none,none,lattice_round,a230bf08b60c3cd268df,1,0,0,0.8104586601257324,0.18954135477542877
PETS_CREDIT_high_eff_su2_r5_d6_b04__none,none,lattice_round,e030c0aa4ae0f1011f2f,1,0,0,0.7171019315719604,0.28289803862571716
PETS_CREDIT_high_eff_su2_r5_d6_b04__none,none,lattice_round,5383d08662564ec7ab0d,1,1,1,0.47974467277526855,0.5202553272247314
PETS_CREDIT_high_eff_su2_r5_d6_b04__none,none,lattice_round,25bed8f88a506c4cc366,1,1,0,0.7123774886131287,0.2876225411891937
PETS_CREDIT_high_eff_su2_r5_d6_b04__none,none,lattice_round,39f8154e08ad72170108,1,0,0,0.9251340627670288,0.07486594468355179
PETS_CREDIT_high_eff_su2_r5_d6_b04__none,none,lattice_round,f0c1637eb1fa5204c581,1,0,1,0.27221688628196716,0.7277830839157104
PETS_CREDIT_high_eff_su2_r5_d6_b04__none,none,lattice_round,bf465d63c434358f77e4,1,0,0,0.7762473225593567,0.2237526774406433
PETS_CREDIT_high_eff_su2_r5_d6_b04__none,none,lattice_round,4b85b1f42c0154e0d47c,1,0,0,0.9663804173469543,0.033619556576013565
PETS_CREDIT_high_eff_su2_r5_d6_b04__none,none,lattice_round,5d21e75cb6066696e6e2,1,0,0,0.9844472408294678,0.01555278617888689
PETS_CREDIT_high_eff_su2_r5_d6_b04__none,none,lattice_round,11ccb38ba9653d61e950,1,0,0,0.6899203658103943,0.3100796341896057
PETS_CREDIT_high_eff_su2_r5_d6_b04__none,none,lattice_round,c50e57ca37a497df3a13,1,0,0,0.8869886994361877,0.11301127076148987
PETS_CREDIT_high_eff_su2_r5_d6_b04__none,none,lattice_round,eb849709f12c60edd50b,1,1,1,0.4743556082248688,0.5256444215774536
PETS_CREDIT_high_eff_su2_r5_d6_b04__none,none,lattice_round,a6dfd0dc4ba32e6c00e6,1,0,0,0.8787634372711182,0.12123659998178482
PETS_CREDIT_high_eff_su2_r5_d6_b04__none,none,lattice_round,e3e282f64bed70282149,1,0,0,0.9800828099250793,0.019917134195566177
PETS_CREDIT_high_eff_su2_r5_d6_b04__none,none,lattice_round,877b93e6aa8797d2cd0b,1,0,0,0.9799814820289612,0.020018531009554863
PETS_CREDIT_high_eff_su2_r5_d6_b04__none,none,lattice_round,26b6a5da65cdaeb8e184,1,0,0,0.9788570404052734,0.021142959594726562
PETS_CREDIT_high_eff_su2_r5_d6_b04__none,none,lattice_round,0674ce029ebb21d32e38,1,0,0,0.9880692362785339,0.011930705048143864
PETS_CREDIT_high_eff_su2_r5_d6_b04__none,none,lattice_round,cbd912351cdbc83a9184,1,0,0,0.8267233371734619,0.17327667772769928
PETS_CREDIT_high_eff_su2_r5_d6_b04__none,none,lattice_round,b91b8614dbf7826436cf,1,0,0,0.867027997970581,0.13297197222709656
PETS_CREDIT_high_eff_su2_r5_d6_b04__none,none,lattice_round,e76cce60bc3507d0d7b2,1,0,0,0.7399331331253052,0.2600668966770172
PETS_CREDIT_high_eff_su2_r5_d6_b04__none,none,lattice_round,16e3ff8c6f696f231824,1,1,1,0.3228764832019806,0.677123486995697
PETS_CREDIT_high_eff_su2_r5_d6_b04__none,none,lattice_round,7ce1135db7560daf7e70,1,0,0,0.962780773639679,0.03721921890974045
PETS_CREDIT_high_eff_su2_r5_d6_b04__none,none,lattice_round,3ac7ac4bc65a6ffec899,1,1,0,0.504996657371521,0.495003342628479
PETS_CREDIT_high_eff_su2_r5_d6_b04__none,none,lattice_round,693c448a296e96fc4d08,1,0,0,0.7933499813079834,0.2066500186920166
PETS_CREDIT_high_eff_su2_r5_d6_b04__none,none,lattice_round,dba69027df0122535f19,1,0,0,0.8247894048690796,0.1752105951309204
PETS_CREDIT_high_eff_su2_r5_d6_b04__none,none,lattice_round,8fe0ac3103b5acc00cdc,1,0,0,0.999995231628418,4.746511876874138e-06
PETS_CREDIT_high_eff_su2_r5_d6_b04__none,none,lattice_round,d46f8b9f4d57f90db615,1,1,0,0.5583465099334717,0.44165346026420593
PETS_CREDIT_high_eff_su2_r5_d6_b04__none,none,lattice_round,61afce8119059a5cee82,1,0,0,0.9953717589378357,0.004628294613212347
PETS_CREDIT_high_eff_su2_r5_d6_b04__none,none,lattice_round,66fa33821884d4568b02,1,0,0,0.8324898481369019,0.16751012206077576
PETS_CREDIT_high_eff_su2_r5_d6_b04__none,none,lattice_round,4dde24d981dd8981f71f,1,0,0,0.971275806427002,0.02872423641383648
PETS_CREDIT_high_eff_su2_r5_d6_b04__none,none,lattice_round,ce8a11f272895da8cd7f,1,0,0,0.9107138514518738,0.08928617835044861
PETS_CREDIT_high_eff_su2_r5_d6_b04__none,none,lattice_round,6a75db22a6087741eef2,1,1,0,0.7866317629814148,0.213368222117424
PETS_CREDIT_high_eff_su2_r5_d6_b04__none,none,lattice_round,72bf8a475d5aa5538cd3,1,0,0,0.8944963216781616,0.105503611266613
PETS_CREDIT_high_eff_su2_r5_d6_b04__none,none,lattice_round,1c7eb9e50fc08e5f8cf0,1,0,0,0.942983865737915,0.05701616033911705
PETS_CREDIT_high_eff_su2_r5_d6_b04__none,none,lattice_round,b84ff32b3c14263b0dd5,1,0,0,0.8445541858673096,0.15544581413269043
PETS_CREDIT_high_eff_su2_r5_d6_b04__none,none,lattice_round,a9752ae3047aff503fb3,1,0,0,0.9522773027420044,0.047722719609737396
PETS_CREDIT_high_eff_su2_r5_d6_b04__none,none,lattice_round,6f47824d3363865de61a,1,0,0,0.9557818174362183,0.04421820491552353
PETS_CREDIT_high_eff_su2_r5_d6_b04__none,none,lattice_round,6093ce809aa33ce6693b,1,1,0,0.5875371098518372,0.41246291995048523
PETS_CREDIT_high_eff_su2_r5_d6_b04__none,none,lattice_round,c053f623dd8f2bfb7915,1,1,1,0.32159653306007385,0.6784034371376038
PETS_CREDIT_high_eff_su2_r5_d6_b04__none,none,lattice_round,f1068bd99413d081a271,1,0,0,0.9573169946670532,0.042683009058237076
PETS_CREDIT_high_eff_su2_r5_d6_b04__none,none,lattice_round,ab00e756b29c98fd6674,1,0,0,0.9492536783218384,0.05074635148048401
PETS_CREDIT_high_eff_su2_r5_d6_b04__none,none,lattice_round,1313972ddf1c6e9eb2c9,1,0,0,0.6793815493583679,0.3206184208393097
PETS_CREDIT_high_eff_su2_r5_d6_b04__none,none,lattice_round,cca86135655a3f3f0727,0,0,0,0.9049035906791687,0.0950963944196701
PETS_CREDIT_high_eff_su2_r5_d6_b04__none,none,lattice_round,93a3d4057fcaa594a8d6,0,0,0,0.9977667331695557,0.0022332656662911177
PETS_CREDIT_high_eff_su2_r5_d6_b04__none,none,lattice_round,973b033623e52ecc534b,0,0,0,0.7826635241508484,0.2173364758491516
PETS_CREDIT_high_eff_su2_r5_d6_b04__none,none,lattice_round,d7b3b622ad501cc46324,0,0,0,0.9256346225738525,0.07436543703079224
PETS_CREDIT_high_eff_su2_r5_d6_b04__none,none,lattice_round,5ccd79222ef1b5250d91,0,0,0,0.7959262728691101,0.20407375693321228
PETS_CREDIT_high_eff_su2_r5_d6_b04__none,none,lattice_round,64f43af80af04a1795e2,0,1,0,0.9589662551879883,0.04103372246026993
PETS_CREDIT_high_eff_su2_r5_d6_b04__none,none,lattice_round,94b5f1f88153a9cadc61,0,0,0,0.7409303784370422,0.2590695917606354
PETS_CREDIT_high_eff_su2_r5_d6_b04__none,none,lattice_round,9d16b315411ee80bab47,0,1,0,0.9235742688179016,0.07642573863267899
PETS_CREDIT_high_eff_su2_r5_d6_b04__none,none,lattice_round,346b2d56d8b09d426f47,0,1,0,0.5179727673530579,0.48202723264694214
PETS_CREDIT_high_eff_su2_r5_d6_b04__none,none,lattice_round,4c434bf56ebb2774a731,0,0,0,0.8343995809555054,0.16560041904449463
PETS_CREDIT_high_eff_su2_r5_d6_b04__none,none,lattice_round,c54deb95c61200776a89,0,0,0,0.6831861734390259,0.3168138265609741
PETS_CREDIT_high_eff_su2_r5_d6_b04__none,none,lattice_round,a75b386334feb544e4d2,0,0,0,0.8861240148544312,0.11387604475021362
PETS_CREDIT_high_eff_su2_r5_d6_b04__none,none,lattice_round,625f2e57e0e6a02526b6,0,0,0,0.8407894968986511,0.15921051800251007
PETS_CREDIT_high_eff_su2_r5_d6_b04__none,none,lattice_round,2cecf3fe4ef6ad144c88,0,0,0,0.9640341997146606,0.03596584126353264
PETS_CREDIT_high_eff_su2_r5_d6_b04__none,none,lattice_round,4c4445ff57fc497b680a,0,0,0,0.9819956421852112,0.018004359677433968
PETS_CREDIT_high_eff_su2_r5_d6_b04__none,none,lattice_round,4c4d8f9748cad40f5244,0,1,0,0.84544837474823,0.1545516699552536
PETS_CREDIT_high_eff_su2_r5_d6_b04__none,none,lattice_round,9ebfa8a19f66465c515a,0,0,0,0.6341574192047119,0.3658426105976105
PETS_CREDIT_high_eff_su2_r5_d6_b04__none,none,lattice_round,06b8005b0fc375383b1e,0,0,0,0.5823389887809753,0.41766104102134705
PETS_CREDIT_high_eff_su2_r5_d6_b04__none,none,lattice_round,7e7ddba4c04376ff7a44,0,0,0,0.6668336391448975,0.33316633105278015
PETS_CREDIT_high_eff_su2_r5_d6_b04__none,none,lattice_round,6d1c41efb24b3abb9035,0,1,0,0.6425992250442505,0.3574008047580719
PETS_CREDIT_high_eff_su2_r5_d6_b04__none,none,lattice_round,47955bec8c8c8b0d6ecd,0,0,0,0.970526933670044,0.02947309985756874
PETS_CREDIT_high_eff_su2_r5_d6_b04__none,none,lattice_round,90aa3dc827baf03a0b7f,0,0,0,0.7688270807266235,0.23117288947105408
PETS_CREDIT_high_eff_su2_r5_d6_b04__none,none,lattice_round,4159bb910f35e10214c2,0,0,0,0.9084067940711975,0.09159314632415771
PETS_CREDIT_high_eff_su2_r5_d6_b04__none,none,lattice_round,8dcf26c9f074a4b5de0e,0,0,0,0.5490289330482483,0.4509710967540741
PETS_CREDIT_high_eff_su2_r5_d6_b04__none,none,lattice_round,6732cf9cccc2b370e663,0,0,0,0.9997815489768982,0.0002184298209613189
PETS_CREDIT_high_eff_su2_r5_d6_b04__none,none,lattice_round,df58da5e9ce0493bef89,0,0,0,0.7566558122634888,0.24334420263767242
PETS_CREDIT_high_eff_su2_r5_d6_b04__none,none,lattice_round,fa627b253289aa8a3a5a,0,0,0,0.9521966576576233,0.047803375869989395
PETS_CREDIT_high_eff_su2_r5_d6_b04__none,none,lattice_round,2478313b949e4a19fec5,0,0,0,0.5091473460197449,0.4908526837825775
PETS_CREDIT_high_eff_su2_r5_d6_b04__none,none,lattice_round,a6f8faff37efe9eca5fe,0,0,0,0.5083940029144287,0.4916060268878937
PETS_CREDIT_high_eff_su2_r5_d6_b04__none,none,lattice_round,65387b844cf38bc1d41b,0,0,0,0.9792008399963379,0.020799197256565094
PETS_CREDIT_high_eff_su2_r5_d6_b04__none,none,lattice_round,471df40f4bdddddc09ec,0,0,0,0.9937068819999695,0.006293163634836674
PETS_CREDIT_high_eff_su2_r5_d6_b04__none,none,lattice_round,e443a43c3c6ede470732,0,0,0,0.500870943069458,0.499129056930542
PETS_CREDIT_high_eff_su2_r5_d6_b04__none,none,lattice_round,825b566ac4e2dd570f93,0,1,0,0.6628249287605286,0.3371751010417938
PETS_CREDIT_high_eff_su2_r5_d6_b04__none,none,lattice_round,0624e96e01e475f2d70d,0,0,1,0.45047977566719055,0.5495201945304871
PETS_CREDIT_high_eff_su2_r5_d6_b04__none,none,lattice_round,ca9443d2383be5fa47ca,0,1,0,0.9506290555000305,0.049370963126420975
PETS_CREDIT_high_eff_su2_r5_d6_b04__none,none,lattice_round,6df7b8af4894c02f1865,0,0,0,0.6404100060462952,0.35958996415138245
PETS_CREDIT_high_eff_su2_r5_d6_b04__none,none,lattice_round,30264bd9cc543cb1bc1b,0,0,0,0.7190402746200562,0.28095975518226624
PETS_CREDIT_high_eff_su2_r5_d6_b04__none,none,lattice_round,c98e7a188d21f2d4c7c5,0,0,0,0.8517457842826843,0.14825421571731567
PETS_CREDIT_high_eff_su2_r5_d6_b04__none,none,lattice_round,937f20d886953965c7b1,0,1,0,0.8463467955589294,0.15365323424339294
PETS_CREDIT_high_eff_su2_r5_d6_b04__none,none,lattice_round,d8bd80969a4223b1746d,0,0,1,0.30764150619506836,0.6923584938049316
PETS_CREDIT_high_eff_su2_r5_d6_b04__none,none,lattice_round,bc3373c58239a59432ac,0,0,0,0.942677915096283,0.05732209235429764
PETS_CREDIT_high_eff_su2_r5_d6_b04__none,none,lattice_round,b3371873eab16dced88c,0,1,1,0.4633657932281494,0.5366342067718506
PETS_CREDIT_high_eff_su2_r5_d6_b04__none,none,lattice_round,6dbce1b9dac4e77ed833,0,0,0,0.7562841773033142,0.2437158226966858
PETS_CREDIT_high_eff_su2_r5_d6_b04__none,none,lattice_round,8c2904b6884ba667a797,0,0,0,0.9847792983055115,0.015220649540424347
PETS_CREDIT_high_eff_su2_r5_d6_b04__none,none,lattice_round,97bf1ade2e61ae053afc,0,0,0,0.961938202381134,0.03806181997060776
PETS_CREDIT_high_eff_su2_r5_d6_b04__none,none,lattice_round,39d2470b5cfce5a9dfa1,0,0,0,0.8613048791885376,0.13869518041610718
PETS_CREDIT_high_eff_su2_r5_d6_b04__none,none,lattice_round,3122b20f9c469ddb4810,0,0,0,0.9277182817459106,0.07228171080350876
PETS_CREDIT_high_eff_su2_r5_d6_b04__none,none,lattice_round,e68ff9c46623f5834b2a,0,0,1,0.4481143653392792,0.5518856048583984
PETS_CREDIT_high_eff_su2_r5_d6_b04__none,none,lattice_round,d1055eb78a6d9b7fa791,0,1,0,0.5712109804153442,0.42878901958465576
PETS_CREDIT_high_eff_su2_r5_d6_b04__none,none,lattice_round,4c332882bcff4acb2ed2,0,0,0,0.8254265189170837,0.17457348108291626
PETS_CREDIT_high_eff_su2_r5_d6_b04__none,none,lattice_round,7b0ce802ad5497661e33,0,0,0,0.7065878510475159,0.29341214895248413
PETS_CREDIT_high_eff_su2_r5_d6_b04__none,none,lattice_round,c98cde411f4e9cfe8503,0,0,0,0.9855406880378723,0.014459284022450447
PETS_CREDIT_high_eff_su2_r5_d6_b04__none,none,lattice_round,91ecfc572b28d735ec3e,0,0,0,0.7050513625144958,0.29494860768318176
PETS_CREDIT_high_eff_su2_r5_d6_b04__none,none,lattice_round,69b90a23be71904d6905,0,0,1,0.44272270798683167,0.5572773218154907
PETS_CREDIT_high_eff_su2_r5_d6_b04__none,none,lattice_round,cb251470deed8436762a,0,1,0,0.9189993739128113,0.08100061863660812
PETS_CREDIT_high_eff_su2_r5_d6_b04__none,none,lattice_round,7d19854c5fdfa1af681e,0,1,0,0.7950417399406433,0.2049582451581955
PETS_CREDIT_high_eff_su2_r5_d6_b04__none,none,lattice_round,06ee5a3883b6b9927026,0,0,0,0.7558569312095642,0.2441430687904358
PETS_CREDIT_high_eff_su2_r5_d6_b04__none,none,lattice_round,b8cb40bb8e46070c6af0,0,1,0,0.8819702863693237,0.11802972853183746
PETS_CREDIT_high_eff_su2_r5_d6_b04__none,none,lattice_round,afd889d9e791dab1a1b4,0,0,0,0.926012396812439,0.07398761808872223
PETS_CREDIT_high_eff_su2_r5_d6_b04__none,none,lattice_round,6083c35ef0dd27c47f39,0,0,0,0.7503549456596375,0.24964511394500732
PETS_CREDIT_high_eff_su2_r5_d6_b04__none,none,lattice_round,da5f5efb7790004fff98,0,1,0,0.8908335566520691,0.1091664656996727
PETS_CREDIT_high_eff_su2_r5_d6_b04__none,none,lattice_round,5c479147049976461a13,0,1,1,0.4719789922237396,0.5280210375785828
PETS_CREDIT_high_eff_su2_r5_d6_b04__none,none,lattice_round,14312160764496aa382a,0,0,0,0.9923613667488098,0.007638637907803059
PETS_CREDIT_high_eff_su2_r5_d6_b04__none,none,lattice_round,9d233cff809c5f6dd546,0,0,0,0.7617131471633911,0.2382868528366089
PETS_CREDIT_high_eff_su2_r5_d6_b04__none,none,lattice_round,4e60f65b085fd771a8c4,0,0,0,0.7087184190750122,0.2912815511226654
PETS_CREDIT_high_eff_su2_r5_d6_b04__none,none,lattice_round,37535abfe732af5462f7,0,0,1,0.32036086916923523,0.6796391606330872
PETS_CREDIT_high_eff_su2_r5_d6_b04__none,none,lattice_round,f87aed46b0f59636b333,0,0,0,0.9875139594078064,0.012486024759709835
PETS_CREDIT_high_eff_su2_r5_d6_b04__none,none,lattice_round,9214bdad11cf5b0f5788,0,0,0,0.6442942023277283,0.35570579767227173
PETS_CREDIT_high_eff_su2_r5_d6_b04__none,none,lattice_round,f40c60357e781eae3f45,0,0,0,0.9756889939308167,0.024311011657118797
PETS_CREDIT_high_eff_su2_r5_d6_b04__none,none,lattice_round,3a38d3079b87b1aa292b,0,1,0,0.9136711955070496,0.08632881194353104
PETS_CREDIT_high_eff_su2_r5_d6_b04__none,none,lattice_round,4a3bcd4fea4982030225,0,0,0,0.8371375799179077,0.16286243498325348
PETS_CREDIT_high_eff_su2_r5_d6_b04__none,none,lattice_round,7301e169f41de2491f0b,0,0,0,0.9229195713996887,0.07708042860031128
PETS_CREDIT_high_eff_su2_r5_d6_b04__none,none,lattice_round,9d1731de0429f4b3ede0,0,0,0,0.8527747988700867,0.14722523093223572
PETS_CREDIT_high_eff_su2_r5_d6_b04__none,none,lattice_round,02c2bed1ae0faa5e978c,0,0,0,0.9999898672103882,1.0133517207577825e-05
PETS_CREDIT_high_eff_su2_r5_d6_b04__none,none,lattice_round,3aa5377d8103c2a302f9,0,0,0,0.9090293049812317,0.09097070246934891
PETS_CREDIT_high_eff_su2_r5_d6_b04__none,none,lattice_round,900a77e140fe19ac5b22,0,0,0,0.7391232252120972,0.2608768343925476
PETS_CREDIT_high_eff_su2_r5_d6_b04__none,none,lattice_round,f7de620d7b4f5fb68cb9,0,0,0,0.9924843907356262,0.0075156656093895435
PETS_CREDIT_high_eff_su2_r5_d6_b04__none,none,lattice_round,e2c7c70e125f8ae4563a,0,0,0,0.8280733823776245,0.1719266027212143
PETS_CREDIT_high_eff_su2_r5_d6_b04__none,none,lattice_round,beec71fbc035761ebf29,0,1,0,0.6995882987976074,0.30041173100471497
PETS_CREDIT_high_eff_su2_r5_d6_b04__none,none,lattice_round,4010d1d0fc60044b7e83,0,0,1,0.3204783797264099,0.6795216798782349
PETS_CREDIT_high_eff_su2_r5_d6_b04__none,none,lattice_round,5c1eaee6580358b55afc,0,1,1,0.21981482207775116,0.7801851630210876
PETS_CREDIT_high_eff_su2_r5_d6_b04__none,none,lattice_round,c90f1b219a38e04f4cc7,0,0,0,0.6491188406944275,0.3508811891078949
PETS_CREDIT_high_eff_su2_r5_d6_b04__none,none,lattice_round,501ff1b3b1c21ddafc81,0,0,0,0.8647024631500244,0.13529753684997559
PETS_CREDIT_high_eff_su2_r5_d6_b04__none,none,lattice_round,b268b4355d3aa1ad71a0,0,0,0,0.8976409435272217,0.10235907137393951
PETS_CREDIT_high_eff_su2_r5_d6_b04__none,none,lattice_round,b690772de8eb14084d30,0,1,0,0.6708762049674988,0.3291237950325012
PETS_CREDIT_high_eff_su2_r5_d6_b04__none,none,lattice_round,0f0ec6f2889f1d9d2876,0,0,1,0.36245524883270264,0.6375447511672974
PETS_CREDIT_high_eff_su2_r5_d6_b04__none,none,lattice_round,2e900caa6bf6a7e56807,0,0,0,0.6680166125297546,0.331983357667923
PETS_CREDIT_high_eff_su2_r5_d6_b04__none,none,lattice_round,4f0494096de7c3e95dac,0,0,0,0.7902491688728333,0.20975080132484436
PETS_CREDIT_high_eff_su2_r5_d6_b04__none,none,lattice_round,596626b705098d0557d3,0,0,1,0.40474823117256165,0.595251739025116
PETS_CREDIT_high_eff_su2_r5_d6_b04__none,none,lattice_round,0835edef9bf74dc85154,0,1,0,0.9076485633850098,0.09235140681266785
PETS_CREDIT_high_eff_su2_r5_d6_b04__none,none,lattice_round,50d6a72e9df1572d930d,0,0,1,0.2563358247280121,0.7436642050743103
PETS_CREDIT_high_eff_su2_r5_d6_b04__none,none,lattice_round,8494f9397dc92fe2fad1,0,0,0,0.8683267831802368,0.13167324662208557
PETS_CREDIT_high_eff_su2_r5_d6_b04__none,none,lattice_round,0213e86909d7343e3153,0,0,0,0.688930869102478,0.311069130897522
PETS_CREDIT_high_eff_su2_r5_d6_b04__none,none,lattice_round,201287d880b5985ef4a2,0,0,0,0.9954056143760681,0.00459440890699625
PETS_CREDIT_high_eff_su2_r5_d6_b04__none,none,lattice_round,49b53c88d2fd487545a7,0,0,0,0.9634144902229309,0.03658554330468178
PETS_CREDIT_high_eff_su2_r5_d6_b04__none,none,lattice_round,6751bc7d476a144861a8,0,1,1,0.3927346467971802,0.6072653532028198
PETS_CREDIT_high_eff_su2_r5_d6_b04__none,none,lattice_round,6f5019cb3d8767f239fd,0,1,1,0.44261202216148376,0.5573880076408386
PETS_CREDIT_high_eff_su2_r5_d6_b04__none,none,lattice_round,3c2f11d4e9612d037e21,0,0,0,0.9068532586097717,0.09314676374197006
PETS_CREDIT_high_eff_su2_r5_d6_b04__none,none,lattice_round,cdbf66466c43de4d3398,0,0,0,0.9987984895706177,0.001201553619466722
PETS_CREDIT_high_eff_su2_r5_d6_b04__none,none,lattice_round,656fda897d18551f93f0,0,0,0,0.8853481411933899,0.11465184390544891
PETS_CREDIT_high_eff_su2_r5_d6_b04__none,none,memgq_lattice,22730a71b34176a3ba37,1,0,0,0.71326744556427,0.28673255443573
PETS_CREDIT_high_eff_su2_r5_d6_b04__none,none,memgq_lattice,01e7168ae2a624ff9916,1,0,0,0.8373404741287231,0.16265954077243805
PETS_CREDIT_high_eff_su2_r5_d6_b04__none,none,memgq_lattice,d8e3c3c718aea110b2d9,1,0,0,0.8202550411224365,0.17974497377872467
PETS_CREDIT_high_eff_su2_r5_d6_b04__none,none,memgq_lattice,bf5a9031a45524933e21,1,0,0,0.7931183576583862,0.20688164234161377
PETS_CREDIT_high_eff_su2_r5_d6_b04__none,none,memgq_lattice,7311863aa70952806ffc,1,0,0,0.7824314832687378,0.2175685465335846
PETS_CREDIT_high_eff_su2_r5_d6_b04__none,none,memgq_lattice,0772d1e68bccea98e68f,1,1,0,0.8577819466590881,0.14221811294555664
PETS_CREDIT_high_eff_su2_r5_d6_b04__none,none,memgq_lattice,f073d35785cf76f1409c,1,0,0,0.7183853983879089,0.28161460161209106
PETS_CREDIT_high_eff_su2_r5_d6_b04__none,none,memgq_lattice,006df97946d214e0111f,1,1,0,0.7673194408416748,0.232680544257164
PETS_CREDIT_high_eff_su2_r5_d6_b04__none,none,memgq_lattice,7673e8a0f0b037cc51e5,1,1,1,0.1251470148563385,0.8748529553413391
PETS_CREDIT_high_eff_su2_r5_d6_b04__none,none,memgq_lattice,7be2869c238aa35d440a,1,0,0,0.8023362755775452,0.19766373932361603
PETS_CREDIT_high_eff_su2_r5_d6_b04__none,none,memgq_lattice,85bbf6f61dd23b95b6e7,1,0,0,0.7658495903015137,0.23415042459964752
PETS_CREDIT_high_eff_su2_r5_d6_b04__none,none,memgq_lattice,e07f107ec2deef516f4f,1,0,0,0.8710581660270691,0.1289418488740921
PETS_CREDIT_high_eff_su2_r5_d6_b04__none,none,memgq_lattice,70d271c728323ea28d90,1,0,0,0.8760325312614441,0.12396744638681412
PETS_CREDIT_high_eff_su2_r5_d6_b04__none,none,memgq_lattice,69ef03b5c6f4f7ecef33,1,0,0,0.8832356333732605,0.1167643815279007
PETS_CREDIT_high_eff_su2_r5_d6_b04__none,none,memgq_lattice,5b7629cbd1fb6e879520,1,0,0,0.6953829526901245,0.3046170473098755
PETS_CREDIT_high_eff_su2_r5_d6_b04__none,none,memgq_lattice,526cee77dcfea7ee8138,1,1,0,0.8330904245376587,0.1669096201658249
PETS_CREDIT_high_eff_su2_r5_d6_b04__none,none,memgq_lattice,a62d80fa1349c54517ce,1,0,0,0.7167421579360962,0.2832579016685486
PETS_CREDIT_high_eff_su2_r5_d6_b04__none,none,memgq_lattice,daf2c33eb0f2b7518584,1,0,0,0.7323268055915833,0.26767319440841675
PETS_CREDIT_high_eff_su2_r5_d6_b04__none,none,memgq_lattice,d2c3d34fb102babfa194,1,0,0,0.8737009167671204,0.12629906833171844
PETS_CREDIT_high_eff_su2_r5_d6_b04__none,none,memgq_lattice,d606f1831b9734bb90e1,1,1,0,0.8146785497665405,0.18532145023345947
PETS_CREDIT_high_eff_su2_r5_d6_b04__none,none,memgq_lattice,a5628044ec0880a52490,1,0,0,0.8238919973373413,0.17610803246498108
PETS_CREDIT_high_eff_su2_r5_d6_b04__none,none,memgq_lattice,4df4658f2eb41564da87,1,0,0,0.7350998520851135,0.2649001479148865
PETS_CREDIT_high_eff_su2_r5_d6_b04__none,none,memgq_lattice,c4b2c9357254e51af6a9,1,0,0,0.8771233558654785,0.1228766217827797
PETS_CREDIT_high_eff_su2_r5_d6_b04__none,none,memgq_lattice,0ffd3e39286157b02ad4,1,0,0,0.6647809147834778,0.33521905541419983
PETS_CREDIT_high_eff_su2_r5_d6_b04__none,none,memgq_lattice,24e13410bd96d58bb8a8,1,0,0,0.7687023878097534,0.23129764199256897
PETS_CREDIT_high_eff_su2_r5_d6_b04__none,none,memgq_lattice,26f8e0268dd95cba45fd,1,0,1,0.17203181982040405,0.8279682397842407
PETS_CREDIT_high_eff_su2_r5_d6_b04__none,none,memgq_lattice,08a6c27fcb32f81ff375,1,0,0,0.7864781022071838,0.21352192759513855
PETS_CREDIT_high_eff_su2_r5_d6_b04__none,none,memgq_lattice,4def6ca8e27be84aeb54,1,0,0,0.8726961612701416,0.1273038685321808
PETS_CREDIT_high_eff_su2_r5_d6_b04__none,none,memgq_lattice,75e559f2a9928f47e4ef,1,0,0,0.7885749936103821,0.2114250361919403
PETS_CREDIT_high_eff_su2_r5_d6_b04__none,none,memgq_lattice,c490de3382c28742eeb6,1,0,0,0.7315634489059448,0.26843658089637756
PETS_CREDIT_high_eff_su2_r5_d6_b04__none,none,memgq_lattice,c75c31af2389cc3a594f,1,0,0,0.8728418350219727,0.12715810537338257
PETS_CREDIT_high_eff_su2_r5_d6_b04__none,none,memgq_lattice,78edbc6916b12b570866,1,0,0,0.8348861336708069,0.16511383652687073
PETS_CREDIT_high_eff_su2_r5_d6_b04__none,none,memgq_lattice,5f9c02f5ec03a28e4f53,1,1,1,0.2950565814971924,0.7049434185028076
PETS_CREDIT_high_eff_su2_r5_d6_b04__none,none,memgq_lattice,2c3058336909d855b1f0,1,0,0,0.6984679102897644,0.301532119512558
PETS_CREDIT_high_eff_su2_r5_d6_b04__none,none,memgq_lattice,1819fe5c399a17316fee,1,1,0,0.7264971733093262,0.2735028564929962
PETS_CREDIT_high_eff_su2_r5_d6_b04__none,none,memgq_lattice,4b8fbfef25d81e60d4a6,1,0,0,0.8049068450927734,0.19509315490722656
PETS_CREDIT_high_eff_su2_r5_d6_b04__none,none,memgq_lattice,108acbd92e651db6ac49,1,0,0,0.8785439133644104,0.1214560866355896
PETS_CREDIT_high_eff_su2_r5_d6_b04__none,none,memgq_lattice,c536d8f2ff559c7756e7,1,0,0,0.7899135947227478,0.21008643507957458
PETS_CREDIT_high_eff_su2_r5_d6_b04__none,none,memgq_lattice,8d289eb2b513288c6cba,1,1,1,0.13295650482177734,0.8670434355735779
PETS_CREDIT_high_eff_su2_r5_d6_b04__none,none,memgq_lattice,b0f47ae4b56b3aa4d111,1,0,0,0.8496981859207153,0.15030178427696228
PETS_CREDIT_high_eff_su2_r5_d6_b04__none,none,memgq_lattice,f2a589817382059b0dcc,1,0,0,0.7783646583557129,0.2216353565454483
PETS_CREDIT_high_eff_su2_r5_d6_b04__none,none,memgq_lattice,5cb75d859aa2d3df94b0,1,1,1,0.29276591539382935,0.7072340846061707
PETS_CREDIT_high_eff_su2_r5_d6_b04__none,none,memgq_lattice,58cb80b3d0535cb4343a,1,0,1,0.15930083394050598,0.8406991958618164
PETS_CREDIT_high_eff_su2_r5_d6_b04__none,none,memgq_lattice,f3ca91dd8e5aba8d83d9,1,0,0,0.8037463426589966,0.19625364243984222
PETS_CREDIT_high_eff_su2_r5_d6_b04__none,none,memgq_lattice,6c0e663b6848864dc914,1,0,0,0.7244760990142822,0.2755239009857178
PETS_CREDIT_high_eff_su2_r5_d6_b04__none,none,memgq_lattice,f929be357f68bdda4236,1,0,0,0.704304575920105,0.29569539427757263
PETS_CREDIT_high_eff_su2_r5_d6_b04__none,none,memgq_lattice,356e520dcf3a6473ffb2,1,0,0,0.794627845287323,0.2053721398115158
PETS_CREDIT_high_eff_su2_r5_d6_b04__none,none,memgq_lattice,d75c3e52dbcaf5a5ec2a,1,0,0,0.8786910176277161,0.12130899727344513
PETS_CREDIT_high_eff_su2_r5_d6_b04__none,none,memgq_lattice,01743ddf295d8f6b5a46,1,1,0,0.693175733089447,0.30682429671287537
PETS_CREDIT_high_eff_su2_r5_d6_b04__none,none,memgq_lattice,f97851146238bb9a3754,1,0,0,0.7476872801780701,0.25231269001960754
PETS_CREDIT_high_eff_su2_r5_d6_b04__none,none,memgq_lattice,1dd9f8371cdcaa1758b3,1,0,0,0.7946715950965881,0.20532841980457306
PETS_CREDIT_high_eff_su2_r5_d6_b04__none,none,memgq_lattice,ae429a6a1d645aacb94e,1,0,0,0.873611569404602,0.12638846039772034
PETS_CREDIT_high_eff_su2_r5_d6_b04__none,none,memgq_lattice,073dbbd888ef767c75de,1,0,0,0.669562041759491,0.33043795824050903
PETS_CREDIT_high_eff_su2_r5_d6_b04__none,none,memgq_lattice,6ea2a519a69c09016323,1,0,0,0.7295987010002136,0.2704012989997864
PETS_CREDIT_high_eff_su2_r5_d6_b04__none,none,memgq_lattice,8d5ec20ca179ede5da84,1,1,0,0.8394461274147034,0.16055387258529663
PETS_CREDIT_high_eff_su2_r5_d6_b04__none,none,memgq_lattice,092efc45ab978715a8fa,1,1,0,0.7138699889183044,0.28613001108169556
PETS_CREDIT_high_eff_su2_r5_d6_b04__none,none,memgq_lattice,c05d34fbff8b3f10a857,1,0,0,0.8561468124389648,0.14385317265987396
PETS_CREDIT_high_eff_su2_r5_d6_b04__none,none,memgq_lattice,cec5a851be4f6e7c0887,1,1,1,0.22892402112483978,0.771075963973999
PETS_CREDIT_high_eff_su2_r5_d6_b04__none,none,memgq_lattice,a230bf08b60c3cd268df,1,0,0,0.8104586601257324,0.18954135477542877
PETS_CREDIT_high_eff_su2_r5_d6_b04__none,none,memgq_lattice,e030c0aa4ae0f1011f2f,1,0,0,0.7171019315719604,0.28289803862571716
PETS_CREDIT_high_eff_su2_r5_d6_b04__none,none,memgq_lattice,5383d08662564ec7ab0d,1,1,1,0.18985436856746674,0.8101456761360168
PETS_CREDIT_high_eff_su2_r5_d6_b04__none,none,memgq_lattice,25bed8f88a506c4cc366,1,1,0,0.7123774886131287,0.2876225411891937
PETS_CREDIT_high_eff_su2_r5_d6_b04__none,none,memgq_lattice,39f8154e08ad72170108,1,0,0,0.7584771513938904,0.24152281880378723
PETS_CREDIT_high_eff_su2_r5_d6_b04__none,none,memgq_lattice,f0c1637eb1fa5204c581,1,0,1,0.27221688628196716,0.7277830839157104
PETS_CREDIT_high_eff_su2_r5_d6_b04__none,none,memgq_lattice,bf465d63c434358f77e4,1,0,0,0.7762473225593567,0.2237526774406433
PETS_CREDIT_high_eff_su2_r5_d6_b04__none,none,memgq_lattice,4b85b1f42c0154e0d47c,1,0,0,0.8795905709266663,0.12040942162275314
PETS_CREDIT_high_eff_su2_r5_d6_b04__none,none,memgq_lattice,5d21e75cb6066696e6e2,1,0,0,0.8034595847129822,0.19654040038585663
PETS_CREDIT_high_eff_su2_r5_d6_b04__none,none,memgq_lattice,11ccb38ba9653d61e950,1,0,0,0.6899203658103943,0.3100796341896057
PETS_CREDIT_high_eff_su2_r5_d6_b04__none,none,memgq_lattice,c50e57ca37a497df3a13,1,0,0,0.6660678386688232,0.33393219113349915
PETS_CREDIT_high_eff_su2_r5_d6_b04__none,none,memgq_lattice,eb849709f12c60edd50b,1,1,1,0.18655405938625336,0.8134459853172302
PETS_CREDIT_high_eff_su2_r5_d6_b04__none,none,memgq_lattice,a6dfd0dc4ba32e6c00e6,1,0,0,0.8787634372711182,0.12123659998178482
PETS_CREDIT_high_eff_su2_r5_d6_b04__none,none,memgq_lattice,e3e282f64bed70282149,1,0,0,0.7606552243232727,0.2393447905778885
PETS_CREDIT_high_eff_su2_r5_d6_b04__none,none,memgq_lattice,877b93e6aa8797d2cd0b,1,0,0,0.7597106695175171,0.2402893751859665
PETS_CREDIT_high_eff_su2_r5_d6_b04__none,none,memgq_lattice,26b6a5da65cdaeb8e184,1,0,0,0.7493779063224792,0.2506221532821655
PETS_CREDIT_high_eff_su2_r5_d6_b04__none,none,memgq_lattice,0674ce029ebb21d32e38,1,0,0,0.8424877524375916,0.15751227736473083
PETS_CREDIT_high_eff_su2_r5_d6_b04__none,none,memgq_lattice,cbd912351cdbc83a9184,1,0,0,0.8267233371734619,0.17327667772769928
PETS_CREDIT_high_eff_su2_r5_d6_b04__none,none,memgq_lattice,b91b8614dbf7826436cf,1,0,0,0.867027997970581,0.13297197222709656
PETS_CREDIT_high_eff_su2_r5_d6_b04__none,none,memgq_lattice,e76cce60bc3507d0d7b2,1,0,0,0.7399331331253052,0.2600668966770172
PETS_CREDIT_high_eff_su2_r5_d6_b04__none,none,memgq_lattice,16e3ff8c6f696f231824,1,1,1,0.3228764832019806,0.677123486995697
PETS_CREDIT_high_eff_su2_r5_d6_b04__none,none,memgq_lattice,7ce1135db7560daf7e70,1,0,0,0.8679679036140442,0.1320321261882782
PETS_CREDIT_high_eff_su2_r5_d6_b04__none,none,memgq_lattice,3ac7ac4bc65a6ffec899,1,1,0,0.8005728125572205,0.19942720234394073
PETS_CREDIT_high_eff_su2_r5_d6_b04__none,none,memgq_lattice,693c448a296e96fc4d08,1,0,0,0.7933499813079834,0.2066500186920166
PETS_CREDIT_high_eff_su2_r5_d6_b04__none,none,memgq_lattice,dba69027df0122535f19,1,0,0,0.8247894048690796,0.1752105951309204
PETS_CREDIT_high_eff_su2_r5_d6_b04__none,none,memgq_lattice,8fe0ac3103b5acc00cdc,1,0,0,0.7856612205505371,0.2143387645483017
PETS_CREDIT_high_eff_su2_r5_d6_b04__none,none,memgq_lattice,d46f8b9f4d57f90db615,1,1,0,0.8326247930526733,0.16737520694732666
PETS_CREDIT_high_eff_su2_r5_d6_b04__none,none,memgq_lattice,61afce8119059a5cee82,1,0,0,0.7792420983314514,0.22075791656970978
PETS_CREDIT_high_eff_su2_r5_d6_b04__none,none,memgq_lattice,66fa33821884d4568b02,1,0,0,0.8324898481369019,0.16751012206077576
PETS_CREDIT_high_eff_su2_r5_d6_b04__none,none,memgq_lattice,4dde24d981dd8981f71f,1,0,0,0.6859143972396851,0.31408560276031494
PETS_CREDIT_high_eff_su2_r5_d6_b04__none,none,memgq_lattice,ce8a11f272895da8cd7f,1,0,0,0.7216158509254456,0.27838411927223206
PETS_CREDIT_high_eff_su2_r5_d6_b04__none,none,memgq_lattice,6a75db22a6087741eef2,1,1,0,0.7866317629814148,0.213368222117424
PETS_CREDIT_high_eff_su2_r5_d6_b04__none,none,memgq_lattice,72bf8a475d5aa5538cd3,1,0,0,0.6830068230628967,0.31699317693710327
PETS_CREDIT_high_eff_su2_r5_d6_b04__none,none,memgq_lattice,1c7eb9e50fc08e5f8cf0,1,0,0,0.8078070878982544,0.1921929568052292
PETS_CREDIT_high_eff_su2_r5_d6_b04__none,none,memgq_lattice,b84ff32b3c14263b0dd5,1,0,0,0.8445541858673096,0.15544581413269043
PETS_CREDIT_high_eff_su2_r5_d6_b04__none,none,memgq_lattice,a9752ae3047aff503fb3,1,0,0,0.8352851867675781,0.16471482813358307
PETS_CREDIT_high_eff_su2_r5_d6_b04__none,none,memgq_lattice,6f47824d3363865de61a,1,0,0,0.8459916114807129,0.1540084183216095
PETS_CREDIT_high_eff_su2_r5_d6_b04__none,none,memgq_lattice,6093ce809aa33ce6693b,1,1,0,0.8486027717590332,0.151397243142128
PETS_CREDIT_high_eff_su2_r5_d6_b04__none,none,memgq_lattice,c053f623dd8f2bfb7915,1,1,1,0.32159653306007385,0.6784034371376038
PETS_CREDIT_high_eff_su2_r5_d6_b04__none,none,memgq_lattice,f1068bd99413d081a271,1,0,0,0.850743293762207,0.14925670623779297
PETS_CREDIT_high_eff_su2_r5_d6_b04__none,none,memgq_lattice,ab00e756b29c98fd6674,1,0,0,0.8262019753456116,0.17379800975322723
PETS_CREDIT_high_eff_su2_r5_d6_b04__none,none,memgq_lattice,1313972ddf1c6e9eb2c9,1,0,0,0.6793815493583679,0.3206184208393097
PETS_CREDIT_high_eff_su2_r5_d6_b04__none,none,memgq_lattice,cca86135655a3f3f0727,0,0,0,0.7074530720710754,0.29254692792892456
PETS_CREDIT_high_eff_su2_r5_d6_b04__none,none,memgq_lattice,93a3d4057fcaa594a8d6,0,0,0,0.8799949288368225,0.12000507861375809
PETS_CREDIT_high_eff_su2_r5_d6_b04__none,none,memgq_lattice,973b033623e52ecc534b,0,0,0,0.7826635241508484,0.2173364758491516
PETS_CREDIT_high_eff_su2_r5_d6_b04__none,none,memgq_lattice,d7b3b622ad501cc46324,0,0,0,0.7598025798797607,0.24019743502140045
PETS_CREDIT_high_eff_su2_r5_d6_b04__none,none,memgq_lattice,5ccd79222ef1b5250d91,0,0,0,0.7959262728691101,0.20407375693321228
PETS_CREDIT_high_eff_su2_r5_d6_b04__none,none,memgq_lattice,64f43af80af04a1795e2,0,1,0,0.855890691280365,0.1441093236207962
PETS_CREDIT_high_eff_su2_r5_d6_b04__none,none,memgq_lattice,94b5f1f88153a9cadc61,0,0,0,0.7409303784370422,0.2590695917606354
PETS_CREDIT_high_eff_su2_r5_d6_b04__none,none,memgq_lattice,9d16b315411ee80bab47,0,1,0,0.7543671131134033,0.24563293159008026
PETS_CREDIT_high_eff_su2_r5_d6_b04__none,none,memgq_lattice,346b2d56d8b09d426f47,0,1,0,0.8087352514266968,0.19126474857330322
PETS_CREDIT_high_eff_su2_r5_d6_b04__none,none,memgq_lattice,4c434bf56ebb2774a731,0,0,0,0.8343995809555054,0.16560041904449463
PETS_CREDIT_high_eff_su2_r5_d6_b04__none,none,memgq_lattice,c54deb95c61200776a89,0,0,0,0.6831861734390259,0.3168138265609741
PETS_CREDIT_high_eff_su2_r5_d6_b04__none,none,memgq_lattice,a75b386334feb544e4d2,0,0,0,0.6641527414321899,0.33584728837013245
PETS_CREDIT_high_eff_su2_r5_d6_b04__none,none,memgq_lattice,625f2e57e0e6a02526b6,0,0,0,0.8407894968986511,0.15921051800251007
PETS_CREDIT_high_eff_su2_r5_d6_b04__none,none,memgq_lattice,2cecf3fe4ef6ad144c88,0,0,0,0.8719896078109741,0.1280103623867035
PETS_CREDIT_high_eff_su2_r5_d6_b04__none,none,memgq_lattice,4c4445ff57fc497b680a,0,0,0,0.7788868546485901,0.2211131900548935
PETS_CREDIT_high_eff_su2_r5_d6_b04__none,none,memgq_lattice,4c4d8f9748cad40f5244,0,1,0,0.84544837474823,0.1545516699552536
PETS_CREDIT_high_eff_su2_r5_d6_b04__none,none,memgq_lattice,9ebfa8a19f66465c515a,0,0,0,0.8721367716789246,0.12786325812339783
PETS_CREDIT_high_eff_su2_r5_d6_b04__none,none,memgq_lattice,06b8005b0fc375383b1e,0,0,0,0.8458314538002014,0.15416857600212097
PETS_CREDIT_high_eff_su2_r5_d6_b04__none,none,memgq_lattice,7e7ddba4c04376ff7a44,0,0,0,0.6668336391448975,0.33316633105278015
PETS_CREDIT_high_eff_su2_r5_d6_b04__none,none,memgq_lattice,6d1c41efb24b3abb9035,0,1,0,0.8761596083641052,0.12384043633937836
PETS_CREDIT_high_eff_su2_r5_d6_b04__none,none,memgq_lattice,47955bec8c8c8b0d6ecd,0,0,0,0.6801756620407104,0.31982430815696716
PETS_CREDIT_high_eff_su2_r5_d6_b04__none,none,memgq_lattice,90aa3dc827baf03a0b7f,0,0,0,0.7688270807266235,0.23117288947105408
PETS_CREDIT_high_eff_su2_r5_d6_b04__none,none,memgq_lattice,4159bb910f35e10214c2,0,0,0,0.7159469127655029,0.2840530574321747
PETS_CREDIT_high_eff_su2_r5_d6_b04__none,none,memgq_lattice,8dcf26c9f074a4b5de0e,0,0,0,0.8273038864135742,0.1726960837841034
PETS_CREDIT_high_eff_su2_r5_d6_b04__none,none,memgq_lattice,6732cf9cccc2b370e663,0,0,0,0.8291157484054565,0.17088428139686584
PETS_CREDIT_high_eff_su2_r5_d6_b04__none,none,memgq_lattice,df58da5e9ce0493bef89,0,0,0,0.7566558122634888,0.24334420263767242
PETS_CREDIT_high_eff_su2_r5_d6_b04__none,none,memgq_lattice,fa627b253289aa8a3a5a,0,0,0,0.8350410461425781,0.16495896875858307
PETS_CREDIT_high_eff_su2_r5_d6_b04__none,none,memgq_lattice,2478313b949e4a19fec5,0,0,0,0.8032108545303345,0.19678914546966553
PETS_CREDIT_high_eff_su2_r5_d6_b04__none,none,memgq_lattice,a6f8faff37efe9eca5fe,0,0,1,0.20811723172664642,0.7918827533721924
PETS_CREDIT_high_eff_su2_r5_d6_b04__none,none,memgq_lattice,65387b844cf38bc1d41b,0,0,0,0.7525092959403992,0.24749068915843964
PETS_CREDIT_high_eff_su2_r5_d6_b04__none,none,memgq_lattice,471df40f4bdddddc09ec,0,0,0,0.7215785980224609,0.27842140197753906
PETS_CREDIT_high_eff_su2_r5_d6_b04__none,none,memgq_lattice,e443a43c3c6ede470732,0,0,1,0.20320095121860504,0.7967990636825562
PETS_CREDIT_high_eff_su2_r5_d6_b04__none,none,memgq_lattice,825b566ac4e2dd570f93,0,1,0,0.8855225443840027,0.1144775003194809
PETS_CREDIT_high_eff_su2_r5_d6_b04__none,none,memgq_lattice,0624e96e01e475f2d70d,0,0,1,0.17241273820400238,0.8275872468948364
PETS_CREDIT_high_eff_su2_r5_d6_b04__none,none,memgq_lattice,ca9443d2383be5fa47ca,0,1,0,0.8303162455558777,0.16968369483947754
PETS_CREDIT_high_eff_su2_r5_d6_b04__none,none,memgq_lattice,6df7b8af4894c02f1865,0,0,0,0.8751230239868164,0.12487700581550598
PETS_CREDIT_high_eff_su2_r5_d6_b04__none,none,memgq_lattice,30264bd9cc543cb1bc1b,0,0,0,0.7190402746200562,0.28095975518226624
PETS_CREDIT_high_eff_su2_r5_d6_b04__none,none,memgq_lattice,c98e7a188d21f2d4c7c5,0,0,0,0.8517457842826843,0.14825421571731567
PETS_CREDIT_high_eff_su2_r5_d6_b04__none,none,memgq_lattice,937f20d886953965c7b1,0,1,0,0.8463467955589294,0.15365323424339294
PETS_CREDIT_high_eff_su2_r5_d6_b04__none,none,memgq_lattice,d8bd80969a4223b1746d,0,0,1,0.30764150619506836,0.6923584938049316
PETS_CREDIT_high_eff_su2_r5_d6_b04__none,none,memgq_lattice,bc3373c58239a59432ac,0,0,0,0.8069243431091309,0.19307565689086914
PETS_CREDIT_high_eff_su2_r5_d6_b04__none,none,memgq_lattice,b3371873eab16dced88c,0,1,1,0.1799493432044983,0.8200506567955017
PETS_CREDIT_high_eff_su2_r5_d6_b04__none,none,memgq_lattice,6dbce1b9dac4e77ed833,0,0,0,0.7562841773033142,0.2437158226966858
PETS_CREDIT_high_eff_su2_r5_d6_b04__none,none,memgq_lattice,8c2904b6884ba667a797,0,0,0,0.8068986535072327,0.19310137629508972
PETS_CREDIT_high_eff_su2_r5_d6_b04__none,none,memgq_lattice,97bf1ade2e61ae053afc,0,0,0,0.8652791976928711,0.1347208023071289
PETS_CREDIT_high_eff_su2_r5_d6_b04__none,none,memgq_lattice,39d2470b5cfce5a9dfa1,0,0,0,0.8613048791885376,0.13869518041610718
PETS_CREDIT_high_eff_su2_r5_d6_b04__none,none,memgq_lattice,3122b20f9c469ddb4810,0,0,0,0.7653550505638123,0.23464500904083252
PETS_CREDIT_high_eff_su2_r5_d6_b04__none,none,memgq_lattice,e68ff9c46623f5834b2a,0,0,1,0.17105290293693542,0.8289470672607422
PETS_CREDIT_high_eff_su2_r5_d6_b04__none,none,memgq_lattice,d1055eb78a6d9b7fa791,0,1,0,0.8397924900054932,0.1602075695991516
PETS_CREDIT_high_eff_su2_r5_d6_b04__none,none,memgq_lattice,4c332882bcff4acb2ed2,0,0,0,0.8254265189170837,0.17457348108291626
PETS_CREDIT_high_eff_su2_r5_d6_b04__none,none,memgq_lattice,7b0ce802ad5497661e33,0,0,0,0.7065878510475159,0.29341214895248413
PETS_CREDIT_high_eff_su2_r5_d6_b04__none,none,memgq_lattice,c98cde411f4e9cfe8503,0,0,0,0.8148853182792664,0.18511468172073364
PETS_CREDIT_high_eff_su2_r5_d6_b04__none,none,memgq_lattice,91ecfc572b28d735ec3e,0,0,0,0.7050513625144958,0.29494860768318176
PETS_CREDIT_high_eff_su2_r5_d6_b04__none,none,memgq_lattice,69b90a23be71904d6905,0,0,1,0.1679801642894745,0.8320198655128479
PETS_CREDIT_high_eff_su2_r5_d6_b04__none,none,memgq_lattice,cb251470deed8436762a,0,1,0,0.7424875497817993,0.25751248002052307
PETS_CREDIT_high_eff_su2_r5_d6_b04__none,none,memgq_lattice,7d19854c5fdfa1af681e,0,1,0,0.7950417399406433,0.2049582451581955
PETS_CREDIT_high_eff_su2_r5_d6_b04__none,none,memgq_lattice,06ee5a3883b6b9927026,0,0,0,0.7558569312095642,0.2441430687904358
PETS_CREDIT_high_eff_su2_r5_d6_b04__none,none,memgq_lattice,b8cb40bb8e46070c6af0,0,1,0,0.8819702863693237,0.11802972853183746
PETS_CREDIT_high_eff_su2_r5_d6_b04__none,none,memgq_lattice,afd889d9e791dab1a1b4,0,0,0,0.7608052492141724,0.23919475078582764
PETS_CREDIT_high_eff_su2_r5_d6_b04__none,none,memgq_lattice,6083c35ef0dd27c47f39,0,0,0,0.7503549456596375,0.24964511394500732
PETS_CREDIT_high_eff_su2_r5_d6_b04__none,none,memgq_lattice,da5f5efb7790004fff98,0,1,0,0.67467200756073,0.32532796263694763
PETS_CREDIT_high_eff_su2_r5_d6_b04__none,none,memgq_lattice,5c479147049976461a13,0,1,1,0.18511155247688293,0.8148884177207947
PETS_CREDIT_high_eff_su2_r5_d6_b04__none,none,memgq_lattice,14312160764496aa382a,0,0,0,0.680744469165802,0.319255530834198
PETS_CREDIT_high_eff_su2_r5_d6_b04__none,none,memgq_lattice,9d233cff809c5f6dd546,0,0,0,0.7617131471633911,0.2382868528366089
PETS_CREDIT_high_eff_su2_r5_d6_b04__none,none,memgq_lattice,4e60f65b085fd771a8c4,0,0,0,0.7087184190750122,0.2912815511226654
PETS_CREDIT_high_eff_su2_r5_d6_b04__none,none,memgq_lattice,37535abfe732af5462f7,0,0,1,0.32036086916923523,0.6796391606330872
PETS_CREDIT_high_eff_su2_r5_d6_b04__none,none,memgq_lattice,f87aed46b0f59636b333,0,0,0,0.836279034614563,0.163720965385437
PETS_CREDIT_high_eff_su2_r5_d6_b04__none,none,memgq_lattice,9214bdad11cf5b0f5788,0,0,0,0.876958966255188,0.12304103374481201
PETS_CREDIT_high_eff_su2_r5_d6_b04__none,none,memgq_lattice,f40c60357e781eae3f45,0,0,0,0.7216041088104248,0.2783958613872528
PETS_CREDIT_high_eff_su2_r5_d6_b04__none,none,memgq_lattice,3a38d3079b87b1aa292b,0,1,0,0.7289726138114929,0.2710273861885071
PETS_CREDIT_high_eff_su2_r5_d6_b04__none,none,memgq_lattice,4a3bcd4fea4982030225,0,0,0,0.8371375799179077,0.16286243498325348
PETS_CREDIT_high_eff_su2_r5_d6_b04__none,none,memgq_lattice,7301e169f41de2491f0b,0,0,0,0.7526510953903198,0.24734890460968018
PETS_CREDIT_high_eff_su2_r5_d6_b04__none,none,memgq_lattice,9d1731de0429f4b3ede0,0,0,0,0.8527747988700867,0.14722523093223572
PETS_CREDIT_high_eff_su2_r5_d6_b04__none,none,memgq_lattice,02c2bed1ae0faa5e978c,0,0,0,0.8710658550262451,0.12893415987491608
PETS_CREDIT_high_eff_su2_r5_d6_b04__none,none,memgq_lattice,3aa5377d8103c2a302f9,0,0,0,0.7174704670906067,0.2825295329093933
PETS_CREDIT_high_eff_su2_r5_d6_b04__none,none,memgq_lattice,900a77e140fe19ac5b22,0,0,0,0.7391232252120972,0.2608768343925476
PETS_CREDIT_high_eff_su2_r5_d6_b04__none,none,memgq_lattice,f7de620d7b4f5fb68cb9,0,0,0,0.6842882037162781,0.3157118558883667
PETS_CREDIT_high_eff_su2_r5_d6_b04__none,none,memgq_lattice,e2c7c70e125f8ae4563a,0,0,0,0.8280733823776245,0.1719266027212143
PETS_CREDIT_high_eff_su2_r5_d6_b04__none,none,memgq_lattice,beec71fbc035761ebf29,0,1,0,0.6995882987976074,0.30041173100471497
PETS_CREDIT_high_eff_su2_r5_d6_b04__none,none,memgq_lattice,4010d1d0fc60044b7e83,0,0,1,0.3204783797264099,0.6795216798782349
PETS_CREDIT_high_eff_su2_r5_d6_b04__none,none,memgq_lattice,5c1eaee6580358b55afc,0,1,1,0.21981482207775116,0.7801851630210876
PETS_CREDIT_high_eff_su2_r5_d6_b04__none,none,memgq_lattice,c90f1b219a38e04f4cc7,0,0,0,0.8792194128036499,0.1207805797457695
PETS_CREDIT_high_eff_su2_r5_d6_b04__none,none,memgq_lattice,501ff1b3b1c21ddafc81,0,0,0,0.8647024631500244,0.13529753684997559
PETS_CREDIT_high_eff_su2_r5_d6_b04__none,none,memgq_lattice,b268b4355d3aa1ad71a0,0,0,0,0.6902722716331482,0.3097277879714966
PETS_CREDIT_high_eff_su2_r5_d6_b04__none,none,memgq_lattice,b690772de8eb14084d30,0,1,0,0.6708762049674988,0.3291237950325012
PETS_CREDIT_high_eff_su2_r5_d6_b04__none,none,memgq_lattice,0f0ec6f2889f1d9d2876,0,0,1,0.12624071538448334,0.8737592697143555
PETS_CREDIT_high_eff_su2_r5_d6_b04__none,none,memgq_lattice,2e900caa6bf6a7e56807,0,0,0,0.6680166125297546,0.331983357667923
PETS_CREDIT_high_eff_su2_r5_d6_b04__none,none,memgq_lattice,4f0494096de7c3e95dac,0,0,0,0.7902491688728333,0.20975080132484436
PETS_CREDIT_high_eff_su2_r5_d6_b04__none,none,memgq_lattice,596626b705098d0557d3,0,0,1,0.1473410278558731,0.8526589870452881
PETS_CREDIT_high_eff_su2_r5_d6_b04__none,none,memgq_lattice,0835edef9bf74dc85154,0,1,0,0.7140967845916748,0.2859031856060028
PETS_CREDIT_high_eff_su2_r5_d6_b04__none,none,memgq_lattice,50d6a72e9df1572d930d,0,0,1,0.2563358247280121,0.7436642050743103
PETS_CREDIT_high_eff_su2_r5_d6_b04__none,none,memgq_lattice,8494f9397dc92fe2fad1,0,0,0,0.8683267831802368,0.13167324662208557
PETS_CREDIT_high_eff_su2_r5_d6_b04__none,none,memgq_lattice,0213e86909d7343e3153,0,0,0,0.688930869102478,0.311069130897522
PETS_CREDIT_high_eff_su2_r5_d6_b04__none,none,memgq_lattice,201287d880b5985ef4a2,0,0,0,0.780509352684021,0.21949057281017303
PETS_CREDIT_high_eff_su2_r5_d6_b04__none,none,memgq_lattice,49b53c88d2fd487545a7,0,0,0,0.8699978590011597,0.13000212609767914
PETS_CREDIT_high_eff_su2_r5_d6_b04__none,none,memgq_lattice,6751bc7d476a144861a8,0,1,1,0.14115586876869202,0.8588441014289856
PETS_CREDIT_high_eff_su2_r5_d6_b04__none,none,memgq_lattice,6f5019cb3d8767f239fd,0,1,1,0.16791749000549316,0.8320825099945068
PETS_CREDIT_high_eff_su2_r5_d6_b04__none,none,memgq_lattice,3c2f11d4e9612d037e21,0,0,0,0.7121632099151611,0.28783681988716125
PETS_CREDIT_high_eff_su2_r5_d6_b04__none,none,memgq_lattice,cdbf66466c43de4d3398,0,0,0,0.7761507034301758,0.2238493114709854
PETS_CREDIT_high_eff_su2_r5_d6_b04__none,none,memgq_lattice,656fda897d18551f93f0,0,0,0,0.8853481411933899,0.11465184390544891
PETS_CREDIT_high_eff_su2_r5_d6_b04__none,none,memgq_lattice_sticky,22730a71b34176a3ba37,1,0,0,0.7283998131752014,0.2716001570224762
PETS_CREDIT_high_eff_su2_r5_d6_b04__none,none,memgq_lattice_sticky,01e7168ae2a624ff9916,1,0,0,0.8331564664840698,0.16684356331825256
PETS_CREDIT_high_eff_su2_r5_d6_b04__none,none,memgq_lattice_sticky,d8e3c3c718aea110b2d9,1,0,0,0.8310783505439758,0.16892167925834656
PETS_CREDIT_high_eff_su2_r5_d6_b04__none,none,memgq_lattice_sticky,bf5a9031a45524933e21,1,0,1,0.179347425699234,0.8206526041030884
PETS_CREDIT_high_eff_su2_r5_d6_b04__none,none,memgq_lattice_sticky,7311863aa70952806ffc,1,0,0,0.7738686800003052,0.2261313498020172
PETS_CREDIT_high_eff_su2_r5_d6_b04__none,none,memgq_lattice_sticky,0772d1e68bccea98e68f,1,1,0,0.8577819466590881,0.14221811294555664
PETS_CREDIT_high_eff_su2_r5_d6_b04__none,none,memgq_lattice_sticky,f073d35785cf76f1409c,1,0,0,0.7283115983009338,0.27168840169906616
PETS_CREDIT_high_eff_su2_r5_d6_b04__none,none,memgq_lattice_sticky,006df97946d214e0111f,1,1,0,0.7804017066955566,0.21959835290908813
PETS_CREDIT_high_eff_su2_r5_d6_b04__none,none,memgq_lattice_sticky,7673e8a0f0b037cc51e5,1,1,1,0.1251470148563385,0.8748529553413391
PETS_CREDIT_high_eff_su2_r5_d6_b04__none,none,memgq_lattice_sticky,7be2869c238aa35d440a,1,0,0,0.779881477355957,0.22011853754520416
PETS_CREDIT_high_eff_su2_r5_d6_b04__none,none,memgq_lattice_sticky,85bbf6f61dd23b95b6e7,1,0,0,0.778990626335144,0.22100940346717834
PETS_CREDIT_high_eff_su2_r5_d6_b04__none,none,memgq_lattice_sticky,e07f107ec2deef516f4f,1,0,0,0.6804680824279785,0.31953194737434387
PETS_CREDIT_high_eff_su2_r5_d6_b04__none,none,memgq_lattice_sticky,70d271c728323ea28d90,1,0,0,0.8760325312614441,0.12396744638681412
PETS_CREDIT_high_eff_su2_r5_d6_b04__none,none,memgq_lattice_sticky,69ef03b5c6f4f7ecef33,1,0,0,0.6688856482505798,0.3311143219470978
PETS_CREDIT_high_eff_su2_r5_d6_b04__none,none,memgq_lattice_sticky,5b7629cbd1fb6e879520,1,0,0,0.6953829526901245,0.3046170473098755
PETS_CREDIT_high_eff_su2_r5_d6_b04__none,none,memgq_lattice_sticky,526cee77dcfea7ee8138,1,1,0,0.8511531949043274,0.1488468050956726
PETS_CREDIT_high_eff_su2_r5_d6_b04__none,none,memgq_lattice_sticky,a62d80fa1349c54517ce,1,0,0,0.7228744626045227,0.2771255075931549
PETS_CREDIT_high_eff_su2_r5_d6_b04__none,none,memgq_lattice_sticky,daf2c33eb0f2b7518584,1,0,0,0.7497180104255676,0.25028204917907715
PETS_CREDIT_high_eff_su2_r5_d6_b04__none,none,memgq_lattice_sticky,d2c3d34fb102babfa194,1,0,0,0.868124783039093,0.13187524676322937
PETS_CREDIT_high_eff_su2_r5_d6_b04__none,none,memgq_lattice_sticky,d606f1831b9734bb90e1,1,1,0,0.8146785497665405,0.18532145023345947
PETS_CREDIT_high_eff_su2_r5_d6_b04__none,none,memgq_lattice_sticky,a5628044ec0880a52490,1,0,0,0.7985926270484924,0.2014072984457016
PETS_CREDIT_high_eff_su2_r5_d6_b04__none,none,memgq_lattice_sticky,4df4658f2eb41564da87,1,0,0,0.7400559782981873,0.25994399189949036
PETS_CREDIT_high_eff_su2_r5_d6_b04__none,none,memgq_lattice_sticky,c4b2c9357254e51af6a9,1,0,0,0.8771233558654785,0.1228766217827797
PETS_CREDIT_high_eff_su2_r5_d6_b04__none,none,memgq_lattice_sticky,0ffd3e39286157b02ad4,1,0,0,0.6647809147834778,0.33521905541419983
PETS_CREDIT_high_eff_su2_r5_d6_b04__none,none,memgq_lattice_sticky,24e13410bd96d58bb8a8,1,0,0,0.7844257950782776,0.21557417511940002
PETS_CREDIT_high_eff_su2_r5_d6_b04__none,none,memgq_lattice_sticky,26f8e0268dd95cba45fd,1,0,1,0.17203181982040405,0.8279682397842407
PETS_CREDIT_high_eff_su2_r5_d6_b04__none,none,memgq_lattice_sticky,08a6c27fcb32f81ff375,1,0,0,0.762754499912262,0.23724551498889923
PETS_CREDIT_high_eff_su2_r5_d6_b04__none,none,memgq_lattice_sticky,4def6ca8e27be84aeb54,1,0,0,0.8473873138427734,0.15261273086071014
PETS_CREDIT_high_eff_su2_r5_d6_b04__none,none,memgq_lattice_sticky,75e559f2a9928f47e4ef,1,0,0,0.8008427023887634,0.19915731251239777
PETS_CREDIT_high_eff_su2_r5_d6_b04__none,none,memgq_lattice_sticky,c490de3382c28742eeb6,1,0,0,0.7166283130645752,0.2833717167377472
PETS_CREDIT_high_eff_su2_r5_d6_b04__none,none,memgq_lattice_sticky,c75c31af2389cc3a594f,1,0,0,0.8642574548721313,0.13574253022670746
PETS_CREDIT_high_eff_su2_r5_d6_b04__none,none,memgq_lattice_sticky,78edbc6916b12b570866,1,0,0,0.8348861336708069,0.16511383652687073
PETS_CREDIT_high_eff_su2_r5_d6_b04__none,none,memgq_lattice_sticky,5f9c02f5ec03a28e4f53,1,1,1,0.2950565814971924,0.7049434185028076
PETS_CREDIT_high_eff_su2_r5_d6_b04__none,none,memgq_lattice_sticky,2c3058336909d855b1f0,1,0,0,0.6984679102897644,0.301532119512558
PETS_CREDIT_high_eff_su2_r5_d6_b04__none,none,memgq_lattice_sticky,1819fe5c399a17316fee,1,1,0,0.7204139232635498,0.2795860469341278
PETS_CREDIT_high_eff_su2_r5_d6_b04__none,none,memgq_lattice_sticky,4b8fbfef25d81e60d4a6,1,0,0,0.800854504108429,0.19914554059505463
PETS_CREDIT_high_eff_su2_r5_d6_b04__none,none,memgq_lattice_sticky,108acbd92e651db6ac49,1,0,0,0.6645402908325195,0.3354596793651581
PETS_CREDIT_high_eff_su2_r5_d6_b04__none,none,memgq_lattice_sticky,c536d8f2ff559c7756e7,1,0,0,0.7899135947227478,0.21008643507957458
PETS_CREDIT_high_eff_su2_r5_d6_b04__none,none,memgq_lattice_sticky,8d289eb2b513288c6cba,1,1,1,0.1437583863735199,0.8562416434288025
PETS_CREDIT_high_eff_su2_r5_d6_b04__none,none,memgq_lattice_sticky,b0f47ae4b56b3aa4d111,1,0,0,0.8377508521080017,0.16224916279315948
PETS_CREDIT_high_eff_su2_r5_d6_b04__none,none,memgq_lattice_sticky,f2a589817382059b0dcc,1,0,0,0.750443160533905,0.24955683946609497
PETS_CREDIT_high_eff_su2_r5_d6_b04__none,none,memgq_lattice_sticky,5cb75d859aa2d3df94b0,1,1,1,0.28045010566711426,0.7195499539375305
PETS_CREDIT_high_eff_su2_r5_d6_b04__none,none,memgq_lattice_sticky,58cb80b3d0535cb4343a,1,0,1,0.15930083394050598,0.8406991958618164
PETS_CREDIT_high_eff_su2_r5_d6_b04__none,none,memgq_lattice_sticky,f3ca91dd8e5aba8d83d9,1,0,0,0.7814080715179443,0.21859189867973328
PETS_CREDIT_high_eff_su2_r5_d6_b04__none,none,memgq_lattice_sticky,6c0e663b6848864dc914,1,0,0,0.7244760990142822,0.2755239009857178
PETS_CREDIT_high_eff_su2_r5_d6_b04__none,none,memgq_lattice_sticky,f929be357f68bdda4236,1,0,0,0.704304575920105,0.29569539427757263
PETS_CREDIT_high_eff_su2_r5_d6_b04__none,none,memgq_lattice_sticky,356e520dcf3a6473ffb2,1,0,0,0.7715467214584351,0.22845327854156494
PETS_CREDIT_high_eff_su2_r5_d6_b04__none,none,memgq_lattice_sticky,d75c3e52dbcaf5a5ec2a,1,0,0,0.6649459600448608,0.33505406975746155
PETS_CREDIT_high_eff_su2_r5_d6_b04__none,none,memgq_lattice_sticky,01743ddf295d8f6b5a46,1,1,0,0.70362389087677,0.2963760793209076
PETS_CREDIT_high_eff_su2_r5_d6_b04__none,none,memgq_lattice_sticky,f97851146238bb9a3754,1,0,0,0.7644015550613403,0.23559847474098206
PETS_CREDIT_high_eff_su2_r5_d6_b04__none,none,memgq_lattice_sticky,1dd9f8371cdcaa1758b3,1,0,0,0.7946715950965881,0.20532841980457306
PETS_CREDIT_high_eff_su2_r5_d6_b04__none,none,memgq_lattice_sticky,ae429a6a1d645aacb94e,1,0,0,0.8632591366767883,0.13674087822437286
PETS_CREDIT_high_eff_su2_r5_d6_b04__none,none,memgq_lattice_sticky,073dbbd888ef767c75de,1,0,0,0.669562041759491,0.33043795824050903
PETS_CREDIT_high_eff_su2_r5_d6_b04__none,none,memgq_lattice_sticky,6ea2a519a69c09016323,1,0,0,0.7295987010002136,0.2704012989997864
PETS_CREDIT_high_eff_su2_r5_d6_b04__none,none,memgq_lattice_sticky,8d5ec20ca179ede5da84,1,1,0,0.8517667055130005,0.1482333093881607
PETS_CREDIT_high_eff_su2_r5_d6_b04__none,none,memgq_lattice_sticky,092efc45ab978715a8fa,1,1,0,0.7138699889183044,0.28613001108169556
PETS_CREDIT_high_eff_su2_r5_d6_b04__none,none,memgq_lattice_sticky,c05d34fbff8b3f10a857,1,0,0,0.8561468124389648,0.14385317265987396
PETS_CREDIT_high_eff_su2_r5_d6_b04__none,none,memgq_lattice_sticky,cec5a851be4f6e7c0887,1,1,1,0.22892402112483978,0.771075963973999
PETS_CREDIT_high_eff_su2_r5_d6_b04__none,none,memgq_lattice_sticky,a230bf08b60c3cd268df,1,0,0,0.8057436347007751,0.19425642490386963
PETS_CREDIT_high_eff_su2_r5_d6_b04__none,none,memgq_lattice_sticky,e030c0aa4ae0f1011f2f,1,0,0,0.7232294678688049,0.27677053213119507
PETS_CREDIT_high_eff_su2_r5_d6_b04__none,none,memgq_lattice_sticky,5383d08662564ec7ab0d,1,1,1,0.1734551042318344,0.8265448808670044
PETS_CREDIT_high_eff_su2_r5_d6_b04__none,none,memgq_lattice_sticky,25bed8f88a506c4cc366,1,1,0,0.7123774886131287,0.2876225411891937
PETS_CREDIT_high_eff_su2_r5_d6_b04__none,none,memgq_lattice_sticky,39f8154e08ad72170108,1,0,0,0.771908700466156,0.228091299533844
PETS_CREDIT_high_eff_su2_r5_d6_b04__none,none,memgq_lattice_sticky,f0c1637eb1fa5204c581,1,0,1,0.27221688628196716,0.7277830839157104
PETS_CREDIT_high_eff_su2_r5_d6_b04__none,none,memgq_lattice_sticky,bf465d63c434358f77e4,1,0,0,0.8226154446601868,0.17738457024097443
PETS_CREDIT_high_eff_su2_r5_d6_b04__none,none,memgq_lattice_sticky,4b85b1f42c0154e0d47c,1,0,0,0.684362530708313,0.3156374990940094
PETS_CREDIT_high_eff_su2_r5_d6_b04__none,none,memgq_lattice_sticky,5d21e75cb6066696e6e2,1,0,0,0.8034595847129822,0.19654040038585663
PETS_CREDIT_high_eff_su2_r5_d6_b04__none,none,memgq_lattice_sticky,11ccb38ba9653d61e950,1,0,0,0.6899203658103943,0.3100796341896057
PETS_CREDIT_high_eff_su2_r5_d6_b04__none,none,memgq_lattice_sticky,c50e57ca37a497df3a13,1,0,0,0.6660678386688232,0.33393219113349915
PETS_CREDIT_high_eff_su2_r5_d6_b04__none,none,memgq_lattice_sticky,eb849709f12c60edd50b,1,1,1,0.18655405938625336,0.8134459853172302
PETS_CREDIT_high_eff_su2_r5_d6_b04__none,none,memgq_lattice_sticky,a6dfd0dc4ba32e6c00e6,1,0,0,0.6718357801437378,0.3281642198562622
PETS_CREDIT_high_eff_su2_r5_d6_b04__none,none,memgq_lattice_sticky,e3e282f64bed70282149,1,0,0,0.8095431327819824,0.19045686721801758
PETS_CREDIT_high_eff_su2_r5_d6_b04__none,none,memgq_lattice_sticky,877b93e6aa8797d2cd0b,1,0,0,0.7597106695175171,0.2402893751859665
PETS_CREDIT_high_eff_su2_r5_d6_b04__none,none,memgq_lattice_sticky,26b6a5da65cdaeb8e184,1,0,0,0.7493779063224792,0.2506221532821655
PETS_CREDIT_high_eff_su2_r5_d6_b04__none,none,memgq_lattice_sticky,0674ce029ebb21d32e38,1,0,0,0.8391194343566895,0.16088062524795532
PETS_CREDIT_high_eff_su2_r5_d6_b04__none,none,memgq_lattice_sticky,cbd912351cdbc83a9184,1,0,0,0.8157491683959961,0.1842508316040039
PETS_CREDIT_high_eff_su2_r5_d6_b04__none,none,memgq_lattice_sticky,b91b8614dbf7826436cf,1,0,0,0.8704946637153625,0.12950533628463745
PETS_CREDIT_high_eff_su2_r5_d6_b04__none,none,memgq_lattice_sticky,e76cce60bc3507d0d7b2,1,0,0,0.7399331331253052,0.2600668966770172
PETS_CREDIT_high_eff_su2_r5_d6_b04__none,none,memgq_lattice_sticky,16e3ff8c6f696f231824,1,1,1,0.3228764832019806,0.677123486995697
PETS_CREDIT_high_eff_su2_r5_d6_b04__none,none,memgq_lattice_sticky,7ce1135db7560daf7e70,1,0,0,0.8438665270805359,0.1561334878206253
PETS_CREDIT_high_eff_su2_r5_d6_b04__none,none,memgq_lattice_sticky,3ac7ac4bc65a6ffec899,1,1,1,0.205886110663414,0.79411381483078
PETS_CREDIT_high_eff_su2_r5_d6_b04__none,none,memgq_lattice_sticky,693c448a296e96fc4d08,1,0,0,0.7754976749420166,0.2245023399591446
PETS_CREDIT_high_eff_su2_r5_d6_b04__none,none,memgq_lattice_sticky,dba69027df0122535f19,1,0,0,0.8247894048690796,0.1752105951309204
PETS_CREDIT_high_eff_su2_r5_d6_b04__none,none,memgq_lattice_sticky,8fe0ac3103b5acc00cdc,1,0,0,0.7856612205505371,0.2143387645483017
PETS_CREDIT_high_eff_su2_r5_d6_b04__none,none,memgq_lattice_sticky,d46f8b9f4d57f90db615,1,1,0,0.8507289886474609,0.14927102625370026
PETS_CREDIT_high_eff_su2_r5_d6_b04__none,none,memgq_lattice_sticky,61afce8119059a5cee82,1,0,0,0.7661114931106567,0.23388849198818207
PETS_CREDIT_high_eff_su2_r5_d6_b04__none,none,memgq_lattice_sticky,66fa33821884d4568b02,1,0,0,0.8254576921463013,0.17454232275485992
PETS_CREDIT_high_eff_su2_r5_d6_b04__none,none,memgq_lattice_sticky,4dde24d981dd8981f71f,1,0,0,0.6859143972396851,0.31408560276031494
PETS_CREDIT_high_eff_su2_r5_d6_b04__none,none,memgq_lattice_sticky,ce8a11f272895da8cd7f,1,0,0,0.7216158509254456,0.27838411927223206
PETS_CREDIT_high_eff_su2_r5_d6_b04__none,none,memgq_lattice_sticky,6a75db22a6087741eef2,1,1,0,0.7737360596656799,0.22626398503780365
PETS_CREDIT_high_eff_su2_r5_d6_b04__none,none,memgq_lattice_sticky,72bf8a475d5aa5538cd3,1,0,0,0.6830068230628967,0.31699317693710327
PETS_CREDIT_high_eff_su2_r5_d6_b04__none,none,memgq_lattice_sticky,1c7eb9e50fc08e5f8cf0,1,0,0,0.8078070878982544,0.1921929568052292
PETS_CREDIT_high_eff_su2_r5_d6_b04__none,none,memgq_lattice_sticky,b84ff32b3c14263b0dd5,1,0,0,0.8344223499298096,0.16557766497135162
PETS_CREDIT_high_eff_su2_r5_d6_b04__none,none,memgq_lattice_sticky,a9752ae3047aff503fb3,1,0,0,0.8352851867675781,0.16471482813358307
PETS_CREDIT_high_eff_su2_r5_d6_b04__none,none,memgq_lattice_sticky,6f47824d3363865de61a,1,0,0,0.857435405254364,0.14256460964679718
PETS_CREDIT_high_eff_su2_r5_d6_b04__none,none,memgq_lattice_sticky,6093ce809aa33ce6693b,1,1,0,0.8479849696159363,0.15201504528522491
PETS_CREDIT_high_eff_su2_r5_d6_b04__none,none,memgq_lattice_sticky,c053f623dd8f2bfb7915,1,1,1,0.31499895453453064,0.685001015663147
PETS_CREDIT_high_eff_su2_r5_d6_b04__none,none,memgq_lattice_sticky,f1068bd99413d081a271,1,0,0,0.850743293762207,0.14925670623779297
PETS_CREDIT_high_eff_su2_r5_d6_b04__none,none,memgq_lattice_sticky,ab00e756b29c98fd6674,1,0,0,0.8058021664619446,0.1941978633403778
PETS_CREDIT_high_eff_su2_r5_d6_b04__none,none,memgq_lattice_sticky,1313972ddf1c6e9eb2c9,1,0,0,0.6954455375671387,0.30455446243286133
PETS_CREDIT_high_eff_su2_r5_d6_b04__none,none,memgq_lattice_sticky,cca86135655a3f3f0727,0,0,0,0.7074530720710754,0.29254692792892456
PETS_CREDIT_high_eff_su2_r5_d6_b04__none,none,memgq_lattice_sticky,93a3d4057fcaa594a8d6,0,0,0,0.8799949288368225,0.12000507861375809
PETS_CREDIT_high_eff_su2_r5_d6_b04__none,none,memgq_lattice_sticky,973b033623e52ecc534b,0,0,0,0.7826635241508484,0.2173364758491516
PETS_CREDIT_high_eff_su2_r5_d6_b04__none,none,memgq_lattice_sticky,d7b3b622ad501cc46324,0,0,0,0.7598025798797607,0.24019743502140045
PETS_CREDIT_high_eff_su2_r5_d6_b04__none,none,memgq_lattice_sticky,5ccd79222ef1b5250d91,0,0,0,0.8102558851242065,0.18974414467811584
PETS_CREDIT_high_eff_su2_r5_d6_b04__none,none,memgq_lattice_sticky,64f43af80af04a1795e2,0,1,0,0.855890691280365,0.1441093236207962
PETS_CREDIT_high_eff_su2_r5_d6_b04__none,none,memgq_lattice_sticky,94b5f1f88153a9cadc61,0,0,0,0.7579472661018372,0.24205270409584045
PETS_CREDIT_high_eff_su2_r5_d6_b04__none,none,memgq_lattice_sticky,9d16b315411ee80bab47,0,1,0,0.7543671131134033,0.24563293159008026
PETS_CREDIT_high_eff_su2_r5_d6_b04__none,none,memgq_lattice_sticky,346b2d56d8b09d426f47,0,1,0,0.8087352514266968,0.19126474857330322
PETS_CREDIT_high_eff_su2_r5_d6_b04__none,none,memgq_lattice_sticky,4c434bf56ebb2774a731,0,0,0,0.8540989756584167,0.14590100944042206
PETS_CREDIT_high_eff_su2_r5_d6_b04__none,none,memgq_lattice_sticky,c54deb95c61200776a89,0,0,0,0.7065801024436951,0.2934199273586273
PETS_CREDIT_high_eff_su2_r5_d6_b04__none,none,memgq_lattice_sticky,a75b386334feb544e4d2,0,0,0,0.8797995448112488,0.12020044028759003
PETS_CREDIT_high_eff_su2_r5_d6_b04__none,none,memgq_lattice_sticky,625f2e57e0e6a02526b6,0,0,0,0.8473182320594788,0.15268176794052124
PETS_CREDIT_high_eff_su2_r5_d6_b04__none,none,memgq_lattice_sticky,2cecf3fe4ef6ad144c88,0,0,0,0.8801528811454773,0.11984710395336151
PETS_CREDIT_high_eff_su2_r5_d6_b04__none,none,memgq_lattice_sticky,4c4445ff57fc497b680a,0,0,0,0.7840790748596191,0.21592094004154205
PETS_CREDIT_high_eff_su2_r5_d6_b04__none,none,memgq_lattice_sticky,4c4d8f9748cad40f5244,0,1,0,0.84544837474823,0.1545516699552536
PETS_CREDIT_high_eff_su2_r5_d6_b04__none,none,memgq_lattice_sticky,9ebfa8a19f66465c515a,0,0,0,0.8849427700042725,0.11505727469921112
PETS_CREDIT_high_eff_su2_r5_d6_b04__none,none,memgq_lattice_sticky,06b8005b0fc375383b1e,0,0,0,0.8458314538002014,0.15416857600212097
PETS_CREDIT_high_eff_su2_r5_d6_b04__none,none,memgq_lattice_sticky,7e7ddba4c04376ff7a44,0,0,0,0.6668336391448975,0.33316633105278015
PETS_CREDIT_high_eff_su2_r5_d6_b04__none,none,memgq_lattice_sticky,6d1c41efb24b3abb9035,0,1,0,0.8794212937355042,0.12057875841856003
PETS_CREDIT_high_eff_su2_r5_d6_b04__none,none,memgq_lattice_sticky,47955bec8c8c8b0d6ecd,0,0,0,0.6801756620407104,0.31982430815696716
PETS_CREDIT_high_eff_su2_r5_d6_b04__none,none,memgq_lattice_sticky,90aa3dc827baf03a0b7f,0,0,0,0.7523251175880432,0.2476748526096344
PETS_CREDIT_high_eff_su2_r5_d6_b04__none,none,memgq_lattice_sticky,4159bb910f35e10214c2,0,0,0,0.689894437789917,0.3101055324077606
PETS_CREDIT_high_eff_su2_r5_d6_b04__none,none,memgq_lattice_sticky,8dcf26c9f074a4b5de0e,0,0,0,0.8273038864135742,0.1726960837841034
PETS_CREDIT_high_eff_su2_r5_d6_b04__none,none,memgq_lattice_sticky,6732cf9cccc2b370e663,0,0,0,0.8291157484054565,0.17088428139686584
PETS_CREDIT_high_eff_su2_r5_d6_b04__none,none,memgq_lattice_sticky,df58da5e9ce0493bef89,0,0,0,0.780813992023468,0.21918600797653198
PETS_CREDIT_high_eff_su2_r5_d6_b04__none,none,memgq_lattice_sticky,fa627b253289aa8a3a5a,0,0,0,0.8221724033355713,0.17782758176326752
PETS_CREDIT_high_eff_su2_r5_d6_b04__none,none,memgq_lattice_sticky,2478313b949e4a19fec5,0,0,0,0.8032108545303345,0.19678914546966553
PETS_CREDIT_high_eff_su2_r5_d6_b04__none,none,memgq_lattice_sticky,a6f8faff37efe9eca5fe,0,0,0,0.8143734931945801,0.18562650680541992
PETS_CREDIT_high_eff_su2_r5_d6_b04__none,none,memgq_lattice_sticky,65387b844cf38bc1d41b,0,0,0,0.7468030452728271,0.25319695472717285
PETS_CREDIT_high_eff_su2_r5_d6_b04__none,none,memgq_lattice_sticky,471df40f4bdddddc09ec,0,0,0,0.7215785980224609,0.27842140197753906
PETS_CREDIT_high_eff_su2_r5_d6_b04__none,none,memgq_lattice_sticky,e443a43c3c6ede470732,0,0,0,0.7979248762130737,0.20207518339157104
PETS_CREDIT_high_eff_su2_r5_d6_b04__none,none,memgq_lattice_sticky,825b566ac4e2dd570f93,0,1,0,0.8760072588920593,0.12399277091026306
PETS_CREDIT_high_eff_su2_r5_d6_b04__none,none,memgq_lattice_sticky,0624e96e01e475f2d70d,0,0,1,0.17241273820400238,0.8275872468948364
PETS_CREDIT_high_eff_su2_r5_d6_b04__none,none,memgq_lattice_sticky,ca9443d2383be5fa47ca,0,1,0,0.8232122659683228,0.17678776383399963
PETS_CREDIT_high_eff_su2_r5_d6_b04__none,none,memgq_lattice_sticky,6df7b8af4894c02f1865,0,0,0,0.8751230239868164,0.12487700581550598
PETS_CREDIT_high_eff_su2_r5_d6_b04__none,none,memgq_lattice_sticky,30264bd9cc543cb1bc1b,0,0,0,0.7369845509529114,0.26301541924476624
PETS_CREDIT_high_eff_su2_r5_d6_b04__none,none,memgq_lattice_sticky,c98e7a188d21f2d4c7c5,0,0,0,0.8517457842826843,0.14825421571731567
PETS_CREDIT_high_eff_su2_r5_d6_b04__none,none,memgq_lattice_sticky,937f20d886953965c7b1,0,1,0,0.8718020915985107,0.12819789350032806
PETS_CREDIT_high_eff_su2_r5_d6_b04__none,none,memgq_lattice_sticky,d8bd80969a4223b1746d,0,0,1,0.30764150619506836,0.6923584938049316
PETS_CREDIT_high_eff_su2_r5_d6_b04__none,none,memgq_lattice_sticky,bc3373c58239a59432ac,0,0,0,0.7990779280662537,0.20092207193374634
PETS_CREDIT_high_eff_su2_r5_d6_b04__none,none,memgq_lattice_sticky,b3371873eab16dced88c,0,1,1,0.16917821764945984,0.8308217525482178
PETS_CREDIT_high_eff_su2_r5_d6_b04__none,none,memgq_lattice_sticky,6dbce1b9dac4e77ed833,0,0,0,0.7562841773033142,0.2437158226966858
PETS_CREDIT_high_eff_su2_r5_d6_b04__none,none,memgq_lattice_sticky,8c2904b6884ba667a797,0,0,0,0.8272079825401306,0.1727920025587082
PETS_CREDIT_high_eff_su2_r5_d6_b04__none,none,memgq_lattice_sticky,97bf1ade2e61ae053afc,0,0,0,0.8771233558654785,0.1228766217827797
PETS_CREDIT_high_eff_su2_r5_d6_b04__none,none,memgq_lattice_sticky,39d2470b5cfce5a9dfa1,0,0,0,0.8613048791885376,0.13869518041610718
PETS_CREDIT_high_eff_su2_r5_d6_b04__none,none,memgq_lattice_sticky,3122b20f9c469ddb4810,0,0,0,0.7785157561302185,0.22148427367210388
PETS_CREDIT_high_eff_su2_r5_d6_b04__none,none,memgq_lattice_sticky,e68ff9c46623f5834b2a,0,0,1,0.17105290293693542,0.8289470672607422
PETS_CREDIT_high_eff_su2_r5_d6_b04__none,none,memgq_lattice_sticky,d1055eb78a6d9b7fa791,0,1,0,0.8397924900054932,0.1602075695991516
PETS_CREDIT_high_eff_su2_r5_d6_b04__none,none,memgq_lattice_sticky,4c332882bcff4acb2ed2,0,0,0,0.8381060361862183,0.16189397871494293
PETS_CREDIT_high_eff_su2_r5_d6_b04__none,none,memgq_lattice_sticky,7b0ce802ad5497661e33,0,0,0,0.6961990594863892,0.3038010001182556
PETS_CREDIT_high_eff_su2_r5_d6_b04__none,none,memgq_lattice_sticky,c98cde411f4e9cfe8503,0,0,0,0.8148853182792664,0.18511468172073364
PETS_CREDIT_high_eff_su2_r5_d6_b04__none,none,memgq_lattice_sticky,91ecfc572b28d735ec3e,0,0,0,0.7050513625144958,0.29494860768318176
PETS_CREDIT_high_eff_su2_r5_d6_b04__none,none,memgq_lattice_sticky,69b90a23be71904d6905,0,0,1,0.17227290570735931,0.8277271389961243
PETS_CREDIT_high_eff_su2_r5_d6_b04__none,none,memgq_lattice_sticky,cb251470deed8436762a,0,1,0,0.7366310358047485,0.26336899399757385
PETS_CREDIT_high_eff_su2_r5_d6_b04__none,none,memgq_lattice_sticky,7d19854c5fdfa1af681e,0,1,0,0.7719938158988953,0.22800618410110474
PETS_CREDIT_high_eff_su2_r5_d6_b04__none,none,memgq_lattice_sticky,06ee5a3883b6b9927026,0,0,0,0.7465869188308716,0.25341305136680603
PETS_CREDIT_high_eff_su2_r5_d6_b04__none,none,memgq_lattice_sticky,b8cb40bb8e46070c6af0,0,1,0,0.8819702863693237,0.11802972853183746
PETS_CREDIT_high_eff_su2_r5_d6_b04__none,none,memgq_lattice_sticky,afd889d9e791dab1a1b4,0,0,0,0.7662946581840515,0.2337053418159485
PETS_CREDIT_high_eff_su2_r5_d6_b04__none,none,memgq_lattice_sticky,6083c35ef0dd27c47f39,0,0,0,0.7503549456596375,0.24964511394500732
PETS_CREDIT_high_eff_su2_r5_d6_b04__none,none,memgq_lattice_sticky,da5f5efb7790004fff98,0,1,0,0.67467200756073,0.32532796263694763
PETS_CREDIT_high_eff_su2_r5_d6_b04__none,none,memgq_lattice_sticky,5c479147049976461a13,0,1,1,0.17403368651866913,0.8259662985801697
PETS_CREDIT_high_eff_su2_r5_d6_b04__none,none,memgq_lattice_sticky,14312160764496aa382a,0,0,0,0.680744469165802,0.319255530834198
PETS_CREDIT_high_eff_su2_r5_d6_b04__none,none,memgq_lattice_sticky,9d233cff809c5f6dd546,0,0,0,0.7862301468849182,0.2137698382139206
PETS_CREDIT_high_eff_su2_r5_d6_b04__none,none,memgq_lattice_sticky,4e60f65b085fd771a8c4,0,0,0,0.7087184190750122,0.2912815511226654
PETS_CREDIT_high_eff_su2_r5_d6_b04__none,none,memgq_lattice_sticky,37535abfe732af5462f7,0,0,1,0.2915023863315582,0.7084976434707642
PETS_CREDIT_high_eff_su2_r5_d6_b04__none,none,memgq_lattice_sticky,f87aed46b0f59636b333,0,0,0,0.836279034614563,0.163720965385437
PETS_CREDIT_high_eff_su2_r5_d6_b04__none,none,memgq_lattice_sticky,9214bdad11cf5b0f5788,0,0,0,0.876958966255188,0.12304103374481201
PETS_CREDIT_high_eff_su2_r5_d6_b04__none,none,memgq_lattice_sticky,f40c60357e781eae3f45,0,0,0,0.7115299105644226,0.2884700894355774
PETS_CREDIT_high_eff_su2_r5_d6_b04__none,none,memgq_lattice_sticky,3a38d3079b87b1aa292b,0,1,0,0.694878101348877,0.30512189865112305
PETS_CREDIT_high_eff_su2_r5_d6_b04__none,none,memgq_lattice_sticky,4a3bcd4fea4982030225,0,0,0,0.8329493999481201,0.16705062985420227
PETS_CREDIT_high_eff_su2_r5_d6_b04__none,none,memgq_lattice_sticky,7301e169f41de2491f0b,0,0,0,0.7526510953903198,0.24734890460968018
PETS_CREDIT_high_eff_su2_r5_d6_b04__none,none,memgq_lattice_sticky,9d1731de0429f4b3ede0,0,0,0,0.8619694113731384,0.13803058862686157
PETS_CREDIT_high_eff_su2_r5_d6_b04__none,none,memgq_lattice_sticky,02c2bed1ae0faa5e978c,0,0,0,0.8710658550262451,0.12893415987491608
PETS_CREDIT_high_eff_su2_r5_d6_b04__none,none,memgq_lattice_sticky,3aa5377d8103c2a302f9,0,0,0,0.7174704670906067,0.2825295329093933
PETS_CREDIT_high_eff_su2_r5_d6_b04__none,none,memgq_lattice_sticky,900a77e140fe19ac5b22,0,0,0,0.7391232252120972,0.2608768343925476
PETS_CREDIT_high_eff_su2_r5_d6_b04__none,none,memgq_lattice_sticky,f7de620d7b4f5fb68cb9,0,0,0,0.6842882037162781,0.3157118558883667
PETS_CREDIT_high_eff_su2_r5_d6_b04__none,none,memgq_lattice_sticky,e2c7c70e125f8ae4563a,0,0,0,0.8280733823776245,0.1719266027212143
PETS_CREDIT_high_eff_su2_r5_d6_b04__none,none,memgq_lattice_sticky,beec71fbc035761ebf29,0,1,0,0.7273706197738647,0.27262935042381287
PETS_CREDIT_high_eff_su2_r5_d6_b04__none,none,memgq_lattice_sticky,4010d1d0fc60044b7e83,0,0,1,0.3204783797264099,0.6795216798782349
PETS_CREDIT_high_eff_su2_r5_d6_b04__none,none,memgq_lattice_sticky,5c1eaee6580358b55afc,0,1,1,0.2114258110523224,0.78857421875
PETS_CREDIT_high_eff_su2_r5_d6_b04__none,none,memgq_lattice_sticky,c90f1b219a38e04f4cc7,0,0,0,0.8792194128036499,0.1207805797457695
PETS_CREDIT_high_eff_su2_r5_d6_b04__none,none,memgq_lattice_sticky,501ff1b3b1c21ddafc81,0,0,0,0.8647024631500244,0.13529753684997559
PETS_CREDIT_high_eff_su2_r5_d6_b04__none,none,memgq_lattice_sticky,b268b4355d3aa1ad71a0,0,0,0,0.7093111276626587,0.2906889021396637
PETS_CREDIT_high_eff_su2_r5_d6_b04__none,none,memgq_lattice_sticky,b690772de8eb14084d30,0,1,0,0.6775547862052917,0.32244521379470825
PETS_CREDIT_high_eff_su2_r5_d6_b04__none,none,memgq_lattice_sticky,0f0ec6f2889f1d9d2876,0,0,1,0.12624071538448334,0.8737592697143555
PETS_CREDIT_high_eff_su2_r5_d6_b04__none,none,memgq_lattice_sticky,2e900caa6bf6a7e56807,0,0,0,0.6680166125297546,0.331983357667923
PETS_CREDIT_high_eff_su2_r5_d6_b04__none,none,memgq_lattice_sticky,4f0494096de7c3e95dac,0,0,0,0.7902491688728333,0.20975080132484436
PETS_CREDIT_high_eff_su2_r5_d6_b04__none,none,memgq_lattice_sticky,596626b705098d0557d3,0,0,1,0.1473410278558731,0.8526589870452881
PETS_CREDIT_high_eff_su2_r5_d6_b04__none,none,memgq_lattice_sticky,0835edef9bf74dc85154,0,1,0,0.732239305973053,0.267760694026947
PETS_CREDIT_high_eff_su2_r5_d6_b04__none,none,memgq_lattice_sticky,50d6a72e9df1572d930d,0,0,1,0.31241321563720703,0.6875868439674377
PETS_CREDIT_high_eff_su2_r5_d6_b04__none,none,memgq_lattice_sticky,8494f9397dc92fe2fad1,0,0,0,0.8683267831802368,0.13167324662208557
PETS_CREDIT_high_eff_su2_r5_d6_b04__none,none,memgq_lattice_sticky,0213e86909d7343e3153,0,0,0,0.688930869102478,0.311069130897522
PETS_CREDIT_high_eff_su2_r5_d6_b04__none,none,memgq_lattice_sticky,201287d880b5985ef4a2,0,0,0,0.8075327277183533,0.19246727228164673
PETS_CREDIT_high_eff_su2_r5_d6_b04__none,none,memgq_lattice_sticky,49b53c88d2fd487545a7,0,0,0,0.8699978590011597,0.13000212609767914
PETS_CREDIT_high_eff_su2_r5_d6_b04__none,none,memgq_lattice_sticky,6751bc7d476a144861a8,0,1,1,0.1504659503698349,0.8495340347290039
PETS_CREDIT_high_eff_su2_r5_d6_b04__none,none,memgq_lattice_sticky,6f5019cb3d8767f239fd,0,1,1,0.16791749000549316,0.8320825099945068
PETS_CREDIT_high_eff_su2_r5_d6_b04__none,none,memgq_lattice_sticky,3c2f11d4e9612d037e21,0,0,0,0.7222239375114441,0.2777760922908783
PETS_CREDIT_high_eff_su2_r5_d6_b04__none,none,memgq_lattice_sticky,cdbf66466c43de4d3398,0,0,0,0.7761507034301758,0.2238493114709854
PETS_CREDIT_high_eff_su2_r5_d6_b04__none,none,memgq_lattice_sticky,656fda897d18551f93f0,0,0,0,0.6734424233436584,0.32655760645866394
