target_id,training_defense,defense,record_id,membership,true_label,predicted_label,probability_0,probability_1
PETS_CREDIT_low_eff_su2_r1_d6_b02__none,none,none,26b6a5da65cdaeb8e184,1,0,0,0.7544494867324829,0.2455504983663559
PETS_CREDIT_low_eff_su2_r1_d6_b02__none,none,none,aaca4c9adb936209ae4f,1,0,0,0.813751220703125,0.1862488090991974
PETS_CREDIT_low_eff_su2_r1_d6_b02__none,none,none,5b4cdc8a84b914138d2b,1,0,0,0.9226617217063904,0.07733830064535141
PETS_CREDIT_low_eff_su2_r1_d6_b02__none,none,none,d2c3d34fb102babfa194,1,0,0,0.7388280630111694,0.26117196679115295
PETS_CREDIT_low_eff_su2_r1_d6_b02__none,none,none,26f8e0268dd95cba45fd,1,0,0,0.7663237452507019,0.23367632925510406
PETS_CREDIT_low_eff_su2_r1_d6_b02__none,none,none,877b93e6aa8797d2cd0b,1,1,0,0.7765493392944336,0.2234506458044052
PETS_CREDIT_low_eff_su2_r1_d6_b02__none,none,none,e0b33cacbadcac9f3d26,1,0,0,0.7239036560058594,0.27609631419181824
PETS_CREDIT_low_eff_su2_r1_d6_b02__none,none,none,df16a30c67111933fccc,1,1,0,0.602252185344696,0.39774778485298157
PETS_CREDIT_low_eff_su2_r1_d6_b02__none,none,none,7105743f10682ac4a1cc,1,1,0,0.7007155418395996,0.2992844879627228
PETS_CREDIT_low_eff_su2_r1_d6_b02__none,none,none,0ffd3e39286157b02ad4,1,0,0,0.9861759543418884,0.013824024237692356
PETS_CREDIT_low_eff_su2_r1_d6_b02__none,none,none,e4890079e5df86b99388,1,0,0,0.6772438287734985,0.3227561414241791
PETS_CREDIT_low_eff_su2_r1_d6_b02__none,none,none,e07f107ec2deef516f4f,1,0,0,0.6671205163002014,0.3328794240951538
PETS_CREDIT_low_eff_su2_r1_d6_b02__none,none,none,c91e3b5a028c06ad1f92,1,0,0,0.7542616724967957,0.24573829770088196
PETS_CREDIT_low_eff_su2_r1_d6_b02__none,none,none,d606f1831b9734bb90e1,1,0,0,0.7352828979492188,0.2647171914577484
PETS_CREDIT_low_eff_su2_r1_d6_b02__none,none,none,c3a59fc71e20658f6341,1,0,0,0.7294237613677979,0.27057623863220215
PETS_CREDIT_low_eff_su2_r1_d6_b02__none,none,none,78edbc6916b12b570866,1,1,0,0.730207622051239,0.2697923183441162
PETS_CREDIT_low_eff_su2_r1_d6_b02__none,none,none,a62d80fa1349c54517ce,1,0,0,0.7813342809677124,0.2186657041311264
PETS_CREDIT_low_eff_su2_r1_d6_b02__none,none,none,46dbe6ca2f4531385a05,1,0,0,0.67349773645401,0.32650232315063477
PETS_CREDIT_low_eff_su2_r1_d6_b02__none,none,none,8b629ccf361c8da0309f,1,0,0,0.9120950102806091,0.08790502697229385
PETS_CREDIT_low_eff_su2_r1_d6_b02__none,none,none,4dde24d981dd8981f71f,1,1,0,0.6623228192329407,0.3376772403717041
PETS_CREDIT_low_eff_su2_r1_d6_b02__none,none,none,ab00e756b29c98fd6674,1,0,0,0.8914006948471069,0.10859934240579605
PETS_CREDIT_low_eff_su2_r1_d6_b02__none,none,none,196d92dfff0523a23237,1,0,0,0.6708242893218994,0.3291757106781006
PETS_CREDIT_low_eff_su2_r1_d6_b02__none,none,none,988a4b4dcb53bafffb01,1,0,0,0.8615915775299072,0.13840843737125397
PETS_CREDIT_low_eff_su2_r1_d6_b02__none,none,none,c8a7bd1cd35ba1e89b80,1,0,0,0.7988933324813843,0.20110668241977692
PETS_CREDIT_low_eff_su2_r1_d6_b02__none,none,none,6093ce809aa33ce6693b,1,0,0,0.906025767326355,0.0939742773771286
PETS_CREDIT_low_eff_su2_r1_d6_b02__none,none,none,00405a37dd709b2d51a8,1,0,0,0.8188470602035522,0.18115293979644775
PETS_CREDIT_low_eff_su2_r1_d6_b02__none,none,none,aaff47c50ec280d97eda,1,0,0,0.6647438406944275,0.3352561295032501
PETS_CREDIT_low_eff_su2_r1_d6_b02__none,none,none,a6dfd0dc4ba32e6c00e6,1,0,0,0.7888323068618774,0.21116766333580017
PETS_CREDIT_low_eff_su2_r1_d6_b02__none,none,none,75e559f2a9928f47e4ef,1,0,0,0.8579133749008179,0.1420866996049881
PETS_CREDIT_low_eff_su2_r1_d6_b02__none,none,none,f1068bd99413d081a271,1,0,0,0.6454991102218628,0.3545008599758148
PETS_CREDIT_low_eff_su2_r1_d6_b02__none,none,none,58cb80b3d0535cb4343a,1,0,0,0.7383283972740173,0.26167166233062744
PETS_CREDIT_low_eff_su2_r1_d6_b02__none,none,none,5cb75d859aa2d3df94b0,1,0,0,0.8233316540718079,0.17666825652122498
PETS_CREDIT_low_eff_su2_r1_d6_b02__none,none,none,6e144bf85d42e3ac6fae,1,1,0,0.6515026092529297,0.3484973609447479
PETS_CREDIT_low_eff_su2_r1_d6_b02__none,none,none,e8613e68d8ca2ea9e7fd,1,0,0,0.7713515162467957,0.22864848375320435
PETS_CREDIT_low_eff_su2_r1_d6_b02__none,none,none,0674ce029ebb21d32e38,1,1,0,0.7035325169563293,0.29646754264831543
PETS_CREDIT_low_eff_su2_r1_d6_b02__none,none,none,b0f47ae4b56b3aa4d111,1,0,0,0.7290301322937012,0.27096983790397644
PETS_CREDIT_low_eff_su2_r1_d6_b02__none,none,none,e76cce60bc3507d0d7b2,1,0,0,0.6468709111213684,0.35312914848327637
PETS_CREDIT_low_eff_su2_r1_d6_b02__none,none,none,72bf8a475d5aa5538cd3,1,0,0,0.6762771606445312,0.32372280955314636
PETS_CREDIT_low_eff_su2_r1_d6_b02__none,none,none,f3ca91dd8e5aba8d83d9,1,1,0,0.7649871706962585,0.23501287400722504
PETS_CREDIT_low_eff_su2_r1_d6_b02__none,none,none,70d271c728323ea28d90,1,0,0,0.9140890836715698,0.08591099083423615
PETS_CREDIT_low_eff_su2_r1_d6_b02__none,none,none,a55e4e1cd3465563efc4,1,0,0,0.6645823121070862,0.3354177176952362
PETS_CREDIT_low_eff_su2_r1_d6_b02__none,none,none,4def6ca8e27be84aeb54,1,1,0,0.6575019359588623,0.3424980342388153
PETS_CREDIT_low_eff_su2_r1_d6_b02__none,none,none,347bd04364dce3c5342e,1,0,0,0.7859277725219727,0.21407222747802734
PETS_CREDIT_low_eff_su2_r1_d6_b02__none,none,none,bf465d63c434358f77e4,1,0,0,0.7106890678405762,0.289311021566391
PETS_CREDIT_low_eff_su2_r1_d6_b02__none,none,none,c9e5785745f04cec0d37,1,0,0,0.8708422780036926,0.1291576623916626
PETS_CREDIT_low_eff_su2_r1_d6_b02__none,none,none,c536d8f2ff559c7756e7,1,0,0,0.9009284973144531,0.09907152503728867
PETS_CREDIT_low_eff_su2_r1_d6_b02__none,none,none,f0c1637eb1fa5204c581,1,0,0,0.8350102305412292,0.16498976945877075
PETS_CREDIT_low_eff_su2_r1_d6_b02__none,none,none,bfa7b1aca5d187760a16,1,0,0,0.6266183257102966,0.37338176369667053
PETS_CREDIT_low_eff_su2_r1_d6_b02__none,none,none,cec5a851be4f6e7c0887,1,1,0,0.7892169952392578,0.21078301966190338
PETS_CREDIT_low_eff_su2_r1_d6_b02__none,none,none,619b46d6086e6aad3d84,1,0,0,0.8335751295089722,0.1664249300956726
PETS_CREDIT_low_eff_su2_r1_d6_b02__none,none,none,1dd9f8371cdcaa1758b3,1,0,0,0.7737325429916382,0.2262675017118454
PETS_CREDIT_low_eff_su2_r1_d6_b02__none,none,none,a4fc6b0808359418c098,1,0,0,0.651556670665741,0.34844326972961426
PETS_CREDIT_low_eff_su2_r1_d6_b02__none,none,none,073dbbd888ef767c75de,1,0,0,0.7833365201950073,0.21666346490383148
PETS_CREDIT_low_eff_su2_r1_d6_b02__none,none,none,7c7fe88dcec806be29da,1,0,0,0.7700127363204956,0.22998732328414917
PETS_CREDIT_low_eff_su2_r1_d6_b02__none,none,none,fbbb0f469e10095b9cc1,1,1,0,0.7960483431816101,0.20395168662071228
PETS_CREDIT_low_eff_su2_r1_d6_b02__none,none,none,c0daa10532a8487ca803,1,1,0,0.7813696265220642,0.2186303734779358
PETS_CREDIT_low_eff_su2_r1_d6_b02__none,none,none,bacc1c25b75ae0e1b780,1,0,0,0.5318704843521118,0.46812954545021057
PETS_CREDIT_low_eff_su2_r1_d6_b02__none,none,none,1313972ddf1c6e9eb2c9,1,1,0,0.6610406637191772,0.3389594256877899
PETS_CREDIT_low_eff_su2_r1_d6_b02__none,none,none,1819fe5c399a17316fee,1,0,0,0.8755008578300476,0.12449918687343597
PETS_CREDIT_low_eff_su2_r1_d6_b02__none,none,none,70e46e61db439dd8e308,1,0,0,0.8097477555274963,0.19025228917598724
PETS_CREDIT_low_eff_su2_r1_d6_b02__none,none,none,01743ddf295d8f6b5a46,1,1,0,0.7341828346252441,0.26581716537475586
PETS_CREDIT_low_eff_su2_r1_d6_b02__none,none,none,a5628044ec0880a52490,1,1,0,0.6526724100112915,0.3473276197910309
PETS_CREDIT_low_eff_su2_r1_d6_b02__none,none,none,6a75db22a6087741eef2,1,0,0,0.7570217251777649,0.24297836422920227
PETS_CREDIT_low_eff_su2_r1_d6_b02__none,none,none,92516ca36411fad7d9c9,1,0,0,0.6857994198799133,0.31420060992240906
PETS_CREDIT_low_eff_su2_r1_d6_b02__none,none,none,787c85a205e13b242012,1,0,0,0.8335661292076111,0.16643387079238892
PETS_CREDIT_low_eff_su2_r1_d6_b02__none,none,none,8d5ec20ca179ede5da84,1,0,0,0.784575879573822,0.21542422473430634
PETS_CREDIT_low_eff_su2_r1_d6_b02__none,none,none,973b363916938dbaaf31,1,0,0,0.7246120572090149,0.2753879427909851
PETS_CREDIT_low_eff_su2_r1_d6_b02__none,none,none,e3e282f64bed70282149,1,0,0,0.8503855466842651,0.14961446821689606
PETS_CREDIT_low_eff_su2_r1_d6_b02__none,none,none,c50e57ca37a497df3a13,1,0,0,0.5670726895332336,0.43292734026908875
PETS_CREDIT_low_eff_su2_r1_d6_b02__none,none,none,6c0e663b6848864dc914,1,1,0,0.6515457630157471,0.34845423698425293
PETS_CREDIT_low_eff_su2_r1_d6_b02__none,none,none,ac5f40db5db91c18a83b,1,0,0,0.8460894227027893,0.15391050279140472
PETS_CREDIT_low_eff_su2_r1_d6_b02__none,none,none,072f10d00d9156aab9f2,1,0,0,0.9741679430007935,0.02583201788365841
PETS_CREDIT_low_eff_su2_r1_d6_b02__none,none,none,526cee77dcfea7ee8138,1,0,0,0.8371781706809998,0.16282187402248383
PETS_CREDIT_low_eff_su2_r1_d6_b02__none,none,none,25282b20e9c64236ec4d,1,0,0,0.9913596510887146,0.008640316314995289
PETS_CREDIT_low_eff_su2_r1_d6_b02__none,none,none,14ee67db08b82edf07a3,1,0,0,0.6433238387107849,0.35667622089385986
PETS_CREDIT_low_eff_su2_r1_d6_b02__none,none,none,eb849709f12c60edd50b,1,0,0,0.8318057060241699,0.16819427907466888
PETS_CREDIT_low_eff_su2_r1_d6_b02__none,none,none,b91b8614dbf7826436cf,1,0,0,0.8624247908592224,0.1375751495361328
PETS_CREDIT_low_eff_su2_r1_d6_b02__none,none,none,8f95586c1c6fb3f2a750,1,0,0,0.8869544267654419,0.1130455955862999
PETS_CREDIT_low_eff_su2_r1_d6_b02__none,none,none,5e48c11768cb070aefe6,1,1,0,0.796886682510376,0.20311328768730164
PETS_CREDIT_low_eff_su2_r1_d6_b02__none,none,none,7ce1135db7560daf7e70,1,0,0,0.6431290507316589,0.35687094926834106
PETS_CREDIT_low_eff_su2_r1_d6_b02__none,none,none,f332cc500c7a62b19024,1,1,0,0.6854211688041687,0.3145788013935089
PETS_CREDIT_low_eff_su2_r1_d6_b02__none,none,none,192395141a760795b97a,1,0,0,0.9225961565971375,0.07740382105112076
PETS_CREDIT_low_eff_su2_r1_d6_b02__none,none,none,9fc5fbe55717fe6862a4,1,0,0,0.832633912563324,0.16736604273319244
PETS_CREDIT_low_eff_su2_r1_d6_b02__none,none,none,8fe0ac3103b5acc00cdc,1,0,0,0.8682616353034973,0.1317383199930191
PETS_CREDIT_low_eff_su2_r1_d6_b02__none,none,none,d46f8b9f4d57f90db615,1,1,0,0.7556688189506531,0.24433128535747528
PETS_CREDIT_low_eff_su2_r1_d6_b02__none,none,none,11ccb38ba9653d61e950,1,0,0,0.7195630073547363,0.28043702244758606
PETS_CREDIT_low_eff_su2_r1_d6_b02__none,none,none,b84ff32b3c14263b0dd5,1,0,0,0.8691254258155823,0.1308746188879013
PETS_CREDIT_low_eff_su2_r1_d6_b02__none,none,none,ab97fae957e08270ffce,1,0,0,0.8919239640235901,0.1080760583281517
PETS_CREDIT_low_eff_su2_r1_d6_b02__none,none,none,6af56a8b2e15acc1e086,1,0,0,0.821900486946106,0.17809952795505524
PETS_CREDIT_low_eff_su2_r1_d6_b02__none,none,none,07d4d260e30d7cf5b71f,1,1,0,0.686391294002533,0.31360864639282227
PETS_CREDIT_low_eff_su2_r1_d6_b02__none,none,none,fb40711278aca2b43c69,1,0,0,0.8933680653572083,0.10663191974163055
PETS_CREDIT_low_eff_su2_r1_d6_b02__none,none,none,1c7eb9e50fc08e5f8cf0,1,0,0,0.7660921216011047,0.23390787839889526
PETS_CREDIT_low_eff_su2_r1_d6_b02__none,none,none,5383d08662564ec7ab0d,1,0,0,0.8800105452537537,0.11998943239450455
PETS_CREDIT_low_eff_su2_r1_d6_b02__none,none,none,006df97946d214e0111f,1,0,0,0.7596721649169922,0.24032779037952423
PETS_CREDIT_low_eff_su2_r1_d6_b02__none,none,none,6f47824d3363865de61a,1,0,0,0.8336700201034546,0.1663299798965454
PETS_CREDIT_low_eff_su2_r1_d6_b02__none,none,none,3ac7ac4bc65a6ffec899,1,1,0,0.6766493916511536,0.32335057854652405
PETS_CREDIT_low_eff_su2_r1_d6_b02__none,none,none,29a333df83b13ef7fea3,1,1,0,0.8080025315284729,0.1919974535703659
PETS_CREDIT_low_eff_su2_r1_d6_b02__none,none,none,39f8154e08ad72170108,1,0,0,0.7711569666862488,0.22884300351142883
PETS_CREDIT_low_eff_su2_r1_d6_b02__none,none,none,25bed8f88a506c4cc366,1,0,0,0.8309866189956665,0.16901342570781708
PETS_CREDIT_low_eff_su2_r1_d6_b02__none,none,none,c75c31af2389cc3a594f,1,0,0,0.6605559587478638,0.3394440710544586
PETS_CREDIT_low_eff_su2_r1_d6_b02__none,none,none,cbee3c9401120608f2ba,0,0,0,0.8553706407546997,0.14462929964065552
PETS_CREDIT_low_eff_su2_r1_d6_b02__none,none,none,1c3e9f95fcefe2e9f555,0,0,0,0.751979410648346,0.24802060425281525
PETS_CREDIT_low_eff_su2_r1_d6_b02__none,none,none,47955bec8c8c8b0d6ecd,0,0,0,0.6879502534866333,0.3120497167110443
PETS_CREDIT_low_eff_su2_r1_d6_b02__none,none,none,925cfc4ba01b802e6fea,0,0,0,0.8139057159423828,0.186094269156456
PETS_CREDIT_low_eff_su2_r1_d6_b02__none,none,none,cf2b344b8a066b41a298,0,0,0,0.908047080039978,0.09195291250944138
PETS_CREDIT_low_eff_su2_r1_d6_b02__none,none,none,44ce9ab8bd9bd704ad04,0,1,0,0.7872885465621948,0.21271146833896637
PETS_CREDIT_low_eff_su2_r1_d6_b02__none,none,none,d2f0fdb253d121d24db4,0,0,0,0.7241218090057373,0.2758781909942627
PETS_CREDIT_low_eff_su2_r1_d6_b02__none,none,none,11958d422323d7de5da8,0,1,0,0.6407616138458252,0.3592384159564972
PETS_CREDIT_low_eff_su2_r1_d6_b02__none,none,none,ee145a9d7a0dd082d343,0,1,0,0.6013656258583069,0.39863431453704834
PETS_CREDIT_low_eff_su2_r1_d6_b02__none,none,none,3bb90fb9f41d8cd780fb,0,0,0,0.7526230216026306,0.24737706780433655
PETS_CREDIT_low_eff_su2_r1_d6_b02__none,none,none,1df211fa59aa1d5f8ac4,0,0,0,0.8185366988182068,0.1814633160829544
PETS_CREDIT_low_eff_su2_r1_d6_b02__none,none,none,864edb9124799ed14941,0,0,0,0.8791030645370483,0.12089693546295166
PETS_CREDIT_low_eff_su2_r1_d6_b02__none,none,none,71a5cf1405bd2714ab77,0,0,0,0.6977038383483887,0.30229616165161133
PETS_CREDIT_low_eff_su2_r1_d6_b02__none,none,none,ec314aa70302252ef357,0,0,0,0.7196291089057922,0.28037089109420776
PETS_CREDIT_low_eff_su2_r1_d6_b02__none,none,none,07849266aa8f190a63f2,0,0,0,0.8213854432106018,0.1786145716905594
PETS_CREDIT_low_eff_su2_r1_d6_b02__none,none,none,9905912b0d924a7b3ca5,0,1,0,0.90961092710495,0.09038909524679184
PETS_CREDIT_low_eff_su2_r1_d6_b02__none,none,none,10906783256975cefbbb,0,0,0,0.7746354341506958,0.22536450624465942
PETS_CREDIT_low_eff_su2_r1_d6_b02__none,none,none,7ff0c461042567dfe447,0,0,0,0.6736021041870117,0.3263978958129883
PETS_CREDIT_low_eff_su2_r1_d6_b02__none,none,none,34cd383be85fcb382ea6,0,0,0,0.7652097940444946,0.23479020595550537
PETS_CREDIT_low_eff_su2_r1_d6_b02__none,none,none,da601eb1fce6bb696bf8,0,1,0,0.8281266689300537,0.17187334597110748
PETS_CREDIT_low_eff_su2_r1_d6_b02__none,none,none,555680807658211b545c,0,0,0,0.6441658139228821,0.3558342456817627
PETS_CREDIT_low_eff_su2_r1_d6_b02__none,none,none,7dbb07f72b26cae53e10,0,0,0,0.9113085865974426,0.08869148045778275
PETS_CREDIT_low_eff_su2_r1_d6_b02__none,none,none,3692ecea3b8cc152ac74,0,0,0,0.7122564911842346,0.2877435088157654
PETS_CREDIT_low_eff_su2_r1_d6_b02__none,none,none,685e2ecf9c9c42d485ce,0,0,0,0.9013453722000122,0.098654605448246
PETS_CREDIT_low_eff_su2_r1_d6_b02__none,none,none,3a38d3079b87b1aa292b,0,0,0,0.8760882616043091,0.12391170114278793
PETS_CREDIT_low_eff_su2_r1_d6_b02__none,none,none,4a088c612fee9ef613b8,0,0,0,0.7725818157196045,0.2274182140827179
PETS_CREDIT_low_eff_su2_r1_d6_b02__none,none,none,e662ed68ef3f99bd0ed7,0,0,0,0.6927796602249146,0.3072203993797302
PETS_CREDIT_low_eff_su2_r1_d6_b02__none,none,none,baf60f731977893683c9,0,0,0,0.7867727875709534,0.21322724223136902
PETS_CREDIT_low_eff_su2_r1_d6_b02__none,none,none,af85096b9d68ea111a40,0,0,0,0.857272207736969,0.1427277773618698
PETS_CREDIT_low_eff_su2_r1_d6_b02__none,none,none,948f6a099d3241c9a1ec,0,0,0,0.8489938974380493,0.15100613236427307
PETS_CREDIT_low_eff_su2_r1_d6_b02__none,none,none,5f65233bde8585faedb5,0,0,0,0.7083791494369507,0.29162082076072693
PETS_CREDIT_low_eff_su2_r1_d6_b02__none,none,none,5acd05c508162abd3783,0,0,0,0.7248303294181824,0.27516961097717285
PETS_CREDIT_low_eff_su2_r1_d6_b02__none,none,none,349b65ac22308893e3ec,0,1,0,0.6858956813812256,0.3141043782234192
PETS_CREDIT_low_eff_su2_r1_d6_b02__none,none,none,1deef9da8e2ee98331dc,0,0,0,0.6213178634643555,0.37868213653564453
PETS_CREDIT_low_eff_su2_r1_d6_b02__none,none,none,ccba09c993c170faae38,0,1,0,0.628766655921936,0.37123334407806396
PETS_CREDIT_low_eff_su2_r1_d6_b02__none,none,none,4882932be60b65305c84,0,0,0,0.7058320045471191,0.29416796565055847
PETS_CREDIT_low_eff_su2_r1_d6_b02__none,none,none,b244235968526b38867d,0,0,0,0.9707974195480347,0.029202597215771675
PETS_CREDIT_low_eff_su2_r1_d6_b02__none,none,none,c3a927c03687d1a576df,0,0,0,0.835202157497406,0.16479790210723877
PETS_CREDIT_low_eff_su2_r1_d6_b02__none,none,none,fa1f9563eb089a4c05eb,0,1,0,0.859377384185791,0.14062261581420898
PETS_CREDIT_low_eff_su2_r1_d6_b02__none,none,none,555c4408bbd55bf9a01b,0,0,0,0.9045588374137878,0.09544114023447037
PETS_CREDIT_low_eff_su2_r1_d6_b02__none,none,none,6bb3006cf2b47b29d044,0,0,0,0.6094624996185303,0.39053747057914734
PETS_CREDIT_low_eff_su2_r1_d6_b02__none,none,none,a3076f399cf32e671da9,0,1,0,0.6593321561813354,0.34066781401634216
PETS_CREDIT_low_eff_su2_r1_d6_b02__none,none,none,d0ead593664a3694fc2c,0,0,0,0.9336884617805481,0.06631151586771011
PETS_CREDIT_low_eff_su2_r1_d6_b02__none,none,none,f4686f1ccb3b1f5b89c1,0,0,0,0.9710318446159363,0.02896822802722454
PETS_CREDIT_low_eff_su2_r1_d6_b02__none,none,none,6b7219cfa53e1ae4e686,0,0,0,0.7594401240348816,0.2405599057674408
PETS_CREDIT_low_eff_su2_r1_d6_b02__none,none,none,88f9384f8a0cf279c07b,0,0,0,0.8442099094390869,0.15579009056091309
PETS_CREDIT_low_eff_su2_r1_d6_b02__none,none,none,8ac37e6efcfd84f4bf90,0,0,0,0.7595248222351074,0.24047517776489258
PETS_CREDIT_low_eff_su2_r1_d6_b02__none,none,none,e947ef8b0f016ee69de8,0,0,0,0.8701027631759644,0.12989728152751923
PETS_CREDIT_low_eff_su2_r1_d6_b02__none,none,none,6c53aaf7ecbc425941a4,0,1,0,0.5931826829910278,0.40681734681129456
PETS_CREDIT_low_eff_su2_r1_d6_b02__none,none,none,b215fc8b709612d72d29,0,0,0,0.6813110709190369,0.31868892908096313
PETS_CREDIT_low_eff_su2_r1_d6_b02__none,none,none,87c7d3469677d57e0f68,0,0,0,0.7701935172080994,0.22980646789073944
PETS_CREDIT_low_eff_su2_r1_d6_b02__none,none,none,aca397f6cfe96c665e23,0,0,0,0.7032790184020996,0.2967209219932556
PETS_CREDIT_low_eff_su2_r1_d6_b02__none,none,none,f1d5fbea8d8fc197f689,0,0,0,0.7349419593811035,0.26505810022354126
PETS_CREDIT_low_eff_su2_r1_d6_b02__none,none,none,a660b0769301bab3f88d,0,0,0,0.871757447719574,0.1282426118850708
PETS_CREDIT_low_eff_su2_r1_d6_b02__none,none,none,fb41b4f01480a9067cf9,0,1,0,0.6529367566108704,0.34706324338912964
PETS_CREDIT_low_eff_su2_r1_d6_b02__none,none,none,c65308558f565034903d,0,1,0,0.8643544316291809,0.1356455534696579
PETS_CREDIT_low_eff_su2_r1_d6_b02__none,none,none,61985a6dca52dc5fe733,0,0,0,0.801178514957428,0.1988215297460556
PETS_CREDIT_low_eff_su2_r1_d6_b02__none,none,none,79d13f79e25dd355b797,0,1,0,0.7856528759002686,0.21434707939624786
PETS_CREDIT_low_eff_su2_r1_d6_b02__none,none,none,6df7b8af4894c02f1865,0,0,0,0.6933397054672241,0.3066602349281311
PETS_CREDIT_low_eff_su2_r1_d6_b02__none,none,none,f50f173b25417d940819,0,0,0,0.9895726442337036,0.010427415370941162
PETS_CREDIT_low_eff_su2_r1_d6_b02__none,none,none,73ce0aaf437e0a73c182,0,1,0,0.7132001519203186,0.28679999709129333
PETS_CREDIT_low_eff_su2_r1_d6_b02__none,none,none,0748c8ca29b369b66e6f,0,1,0,0.9094605445861816,0.09053947031497955
PETS_CREDIT_low_eff_su2_r1_d6_b02__none,none,none,e5cdd46506910a0d29a4,0,0,0,0.6719505786895752,0.3280494511127472
PETS_CREDIT_low_eff_su2_r1_d6_b02__none,none,none,266c16f52337745816e5,0,0,0,0.9049153923988342,0.09508460015058517
PETS_CREDIT_low_eff_su2_r1_d6_b02__none,none,none,806319326d809b9eae67,0,0,0,0.8109757304191589,0.18902426958084106
PETS_CREDIT_low_eff_su2_r1_d6_b02__none,none,none,3da17ae4582b2ac6ac6a,0,0,0,0.8475515246391296,0.15244849026203156
PETS_CREDIT_low_eff_su2_r1_d6_b02__none,none,none,cd6bf5351920ef71b772,0,0,0,0.7386055588722229,0.2613944709300995
PETS_CREDIT_low_eff_su2_r1_d6_b02__none,none,none,f1fa5a6ee10e25b70a00,0,0,0,0.692238986492157,0.3077610433101654
PETS_CREDIT_low_eff_su2_r1_d6_b02__none,none,none,de98a8baab2807797bb8,0,0,0,0.8355342149734497,0.1644657999277115
PETS_CREDIT_low_eff_su2_r1_d6_b02__none,none,none,4c7af58561c27a6e341e,0,1,0,0.8136489987373352,0.1863509714603424
PETS_CREDIT_low_eff_su2_r1_d6_b02__none,none,none,38ba8c1ecc8be69eb7d0,0,0,0,0.7810157537460327,0.21898426115512848
PETS_CREDIT_low_eff_su2_r1_d6_b02__none,none,none,1b857744e17f39b46f16,0,0,0,0.8789837956428528,0.1210162490606308
PETS_CREDIT_low_eff_su2_r1_d6_b02__none,none,none,31d01a38894b805bfc80,0,0,0,0.6850258111953735,0.3149741590023041
PETS_CREDIT_low_eff_su2_r1_d6_b02__none,none,none,231156f957719dd417d9,0,0,0,0.8730282187461853,0.12697172164916992
PETS_CREDIT_low_eff_su2_r1_d6_b02__none,none,none,7bfb843a13cff05233ad,0,0,0,0.6826683282852173,0.3173316419124603
PETS_CREDIT_low_eff_su2_r1_d6_b02__none,none,none,24850cc249ef6fef8baa,0,0,0,0.8592885732650757,0.14071139693260193
PETS_CREDIT_low_eff_su2_r1_d6_b02__none,none,none,f80b742f70e5ef1f2f75,0,0,0,0.743159294128418,0.25684064626693726
PETS_CREDIT_low_eff_su2_r1_d6_b02__none,none,none,392fabb059005262a0a6,0,0,0,0.7102786898612976,0.28972128033638
PETS_CREDIT_low_eff_su2_r1_d6_b02__none,none,none,e5731b75bfb8647f33f0,0,1,1,0.3600614070892334,0.6399386525154114
PETS_CREDIT_low_eff_su2_r1_d6_b02__none,none,none,63426de2bcac10c978ef,0,0,0,0.9954419136047363,0.0045580207370221615
PETS_CREDIT_low_eff_su2_r1_d6_b02__none,none,none,346b2d56d8b09d426f47,0,1,0,0.6169072389602661,0.3830927908420563
PETS_CREDIT_low_eff_su2_r1_d6_b02__none,none,none,79ede8f524cb4755d342,0,0,0,0.9810028672218323,0.01899704337120056
PETS_CREDIT_low_eff_su2_r1_d6_b02__none,none,none,9b15c4988e577e46b572,0,0,0,0.8832961916923523,0.11670374870300293
PETS_CREDIT_low_eff_su2_r1_d6_b02__none,none,none,2ae5fdcfe3923a4263b6,0,0,0,0.8211199045181274,0.17888018488883972
PETS_CREDIT_low_eff_su2_r1_d6_b02__none,none,none,b690772de8eb14084d30,0,1,0,0.6995590925216675,0.30044084787368774
PETS_CREDIT_low_eff_su2_r1_d6_b02__none,none,none,a19516268df63768faeb,0,0,0,0.7884499430656433,0.2115500420331955
PETS_CREDIT_low_eff_su2_r1_d6_b02__none,none,none,2e900caa6bf6a7e56807,0,0,0,0.7838680744171143,0.21613198518753052
PETS_CREDIT_low_eff_su2_r1_d6_b02__none,none,none,3e5959b02df8356effc1,0,0,0,0.9391916394233704,0.060808323323726654
PETS_CREDIT_low_eff_su2_r1_d6_b02__none,none,none,b6b16448c07ca52d41fb,0,0,0,0.7352537512779236,0.2647462487220764
PETS_CREDIT_low_eff_su2_r1_d6_b02__none,none,none,bf9825a8b0d7138b3690,0,1,0,0.8427537679672241,0.15724629163742065
PETS_CREDIT_low_eff_su2_r1_d6_b02__none,none,none,ae831412dedceb901cc4,0,0,0,0.6784281730651855,0.32157182693481445
PETS_CREDIT_low_eff_su2_r1_d6_b02__none,none,none,1b791f7fc091a40a0494,0,0,0,0.7470999360084534,0.2529001533985138
PETS_CREDIT_low_eff_su2_r1_d6_b02__none,none,none,2951667761deda7d6d9f,0,0,0,0.9885885715484619,0.011411435902118683
PETS_CREDIT_low_eff_su2_r1_d6_b02__none,none,none,c55786a9941cc04c9348,0,0,0,0.7542129755020142,0.2457871288061142
PETS_CREDIT_low_eff_su2_r1_d6_b02__none,none,none,67fb36e26b798796d6fd,0,0,0,0.8738473653793335,0.1261526495218277
PETS_CREDIT_low_eff_su2_r1_d6_b02__none,none,none,f8f44150ace4d5e110b6,0,1,0,0.7112749218940735,0.2887251079082489
PETS_CREDIT_low_eff_su2_r1_d6_b02__none,none,none,92becb8f0ed68752cc52,0,1,0,0.772882342338562,0.2271175980567932
PETS_CREDIT_low_eff_su2_r1_d6_b02__none,none,none,cab8e2ac7eeaf27d3d2c,0,0,0,0.8410384058952332,0.15896162390708923
PETS_CREDIT_low_eff_su2_r1_d6_b02__none,none,none,d1db35b6c9e008df971d,0,0,0,0.8427868485450745,0.15721313655376434
PETS_CREDIT_low_eff_su2_r1_d6_b02__none,none,none,83d86a08997d81c1643f,0,0,0,0.848748505115509,0.15125147998332977
PETS_CREDIT_low_eff_su2_r1_d6_b02__none,none,dynanoise,26b6a5da65cdaeb8e184,1,0,0,0.5399132370948792,0.46008676290512085
PETS_CREDIT_low_eff_su2_r1_d6_b02__none,none,dynanoise,aaca4c9adb936209ae4f,1,0,0,0.5469766855239868,0.45302337408065796
PETS_CREDIT_low_eff_su2_r1_d6_b02__none,none,dynanoise,5b4cdc8a84b914138d2b,1,0,0,0.5949981212615967,0.4050018787384033
PETS_CREDIT_low_eff_su2_r1_d6_b02__none,none,dynanoise,d2c3d34fb102babfa194,1,0,1,0.4904416501522064,0.5095583200454712
PETS_CREDIT_low_eff_su2_r1_d6_b02__none,none,dynanoise,26f8e0268dd95cba45fd,1,0,1,0.469867467880249,0.530132532119751
PETS_CREDIT_low_eff_su2_r1_d6_b02__none,none,dynanoise,877b93e6aa8797d2cd0b,1,1,0,0.5262711048126221,0.4737289249897003
PETS_CREDIT_low_eff_su2_r1_d6_b02__none,none,dynanoise,e0b33cacbadcac9f3d26,1,0,0,0.5352982878684998,0.46470168232917786
PETS_CREDIT_low_eff_su2_r1_d6_b02__none,none,dynanoise,df16a30c67111933fccc,1,1,1,0.489886611700058,0.5101133584976196
PETS_CREDIT_low_eff_su2_r1_d6_b02__none,none,dynanoise,7105743f10682ac4a1cc,1,1,0,0.5218285322189331,0.4781714677810669
PETS_CREDIT_low_eff_su2_r1_d6_b02__none,none,dynanoise,0ffd3e39286157b02ad4,1,0,0,0.6103984117507935,0.38960161805152893
PETS_CREDIT_low_eff_su2_r1_d6_b02__none,none,dynanoise,e4890079e5df86b99388,1,0,0,0.5325616002082825,0.46743836998939514
PETS_CREDIT_low_eff_su2_r1_d6_b02__none,none,dynanoise,e07f107ec2deef516f4f,1,0,0,0.5050188899040222,0.4949810802936554
PETS_CREDIT_low_eff_su2_r1_d6_b02__none,none,dynanoise,c91e3b5a028c06ad1f92,1,0,0,0.557460606098175,0.44253939390182495
PETS_CREDIT_low_eff_su2_r1_d6_b02__none,none,dynanoise,d606f1831b9734bb90e1,1,0,1,0.49542996287345886,0.5045700073242188
PETS_CREDIT_low_eff_su2_r1_d6_b02__none,none,dynanoise,c3a59fc71e20658f6341,1,0,0,0.5109344124794006,0.48906558752059937
PETS_CREDIT_low_eff_su2_r1_d6_b02__none,none,dynanoise,78edbc6916b12b570866,1,1,0,0.5244676470756531,0.4755324125289917
PETS_CREDIT_low_eff_su2_r1_d6_b02__none,none,dynanoise,a62d80fa1349c54517ce,1,0,0,0.5605064034461975,0.4394935667514801
PETS_CREDIT_low_eff_su2_r1_d6_b02__none,none,dynanoise,46dbe6ca2f4531385a05,1,0,0,0.5250346064567566,0.4749653935432434
PETS_CREDIT_low_eff_su2_r1_d6_b02__none,none,dynanoise,8b629ccf361c8da0309f,1,0,0,0.5037152171134949,0.4962847828865051
PETS_CREDIT_low_eff_su2_r1_d6_b02__none,none,dynanoise,4dde24d981dd8981f71f,1,1,0,0.5303152203559875,0.46968474984169006
PETS_CREDIT_low_eff_su2_r1_d6_b02__none,none,dynanoise,ab00e756b29c98fd6674,1,0,0,0.5351914763450623,0.46480855345726013
PETS_CREDIT_low_eff_su2_r1_d6_b02__none,none,dynanoise,196d92dfff0523a23237,1,0,1,0.47838011384010315,0.5216199159622192
PETS_CREDIT_low_eff_su2_r1_d6_b02__none,none,dynanoise,988a4b4dcb53bafffb01,1,0,0,0.5591340065002441,0.44086596369743347
PETS_CREDIT_low_eff_su2_r1_d6_b02__none,none,dynanoise,c8a7bd1cd35ba1e89b80,1,0,0,0.5213517546653748,0.47864821553230286
PETS_CREDIT_low_eff_su2_r1_d6_b02__none,none,dynanoise,6093ce809aa33ce6693b,1,0,1,0.4977698028087616,0.502230167388916
PETS_CREDIT_low_eff_su2_r1_d6_b02__none,none,dynanoise,00405a37dd709b2d51a8,1,0,1,0.49395909905433655,0.5060408711433411
PETS_CREDIT_low_eff_su2_r1_d6_b02__none,none,dynanoise,aaff47c50ec280d97eda,1,0,0,0.51200270652771,0.48799729347229004
PETS_CREDIT_low_eff_su2_r1_d6_b02__none,none,dynanoise,a6dfd0dc4ba32e6c00e6,1,0,0,0.5766772031784058,0.423322856426239
PETS_CREDIT_low_eff_su2_r1_d6_b02__none,none,dynanoise,75e559f2a9928f47e4ef,1,0,0,0.5614919662475586,0.4385080635547638
PETS_CREDIT_low_eff_su2_r1_d6_b02__none,none,dynanoise,f1068bd99413d081a271,1,0,0,0.5111649632453918,0.48883506655693054
PETS_CREDIT_low_eff_su2_r1_d6_b02__none,none,dynanoise,58cb80b3d0535cb4343a,1,0,0,0.5069199204444885,0.4930800795555115
PETS_CREDIT_low_eff_su2_r1_d6_b02__none,none,dynanoise,5cb75d859aa2d3df94b0,1,0,0,0.5144380331039429,0.4855619966983795
PETS_CREDIT_low_eff_su2_r1_d6_b02__none,none,dynanoise,6e144bf85d42e3ac6fae,1,1,0,0.5372620224952698,0.46273794770240784
PETS_CREDIT_low_eff_su2_r1_d6_b02__none,none,dynanoise,e8613e68d8ca2ea9e7fd,1,0,0,0.5306540727615356,0.46934595704078674
PETS_CREDIT_low_eff_su2_r1_d6_b02__none,none,dynanoise,0674ce029ebb21d32e38,1,1,0,0.5193009972572327,0.48069900274276733
PETS_CREDIT_low_eff_su2_r1_d6_b02__none,none,dynanoise,b0f47ae4b56b3aa4d111,1,0,0,0.5183407068252563,0.4816593527793884
PETS_CREDIT_low_eff_su2_r1_d6_b02__none,none,dynanoise,e76cce60bc3507d0d7b2,1,0,0,0.5134857296943665,0.48651424050331116
PETS_CREDIT_low_eff_su2_r1_d6_b02__none,none,dynanoise,72bf8a475d5aa5538cd3,1,0,1,0.48993587493896484,0.5100641250610352
PETS_CREDIT_low_eff_su2_r1_d6_b02__none,none,dynanoise,f3ca91dd8e5aba8d83d9,1,1,0,0.549437403678894,0.45056262612342834
PETS_CREDIT_low_eff_su2_r1_d6_b02__none,none,dynanoise,70d271c728323ea28d90,1,0,0,0.5844654440879822,0.41553452610969543
PETS_CREDIT_low_eff_su2_r1_d6_b02__none,none,dynanoise,a55e4e1cd3465563efc4,1,0,0,0.5459024906158447,0.45409753918647766
PETS_CREDIT_low_eff_su2_r1_d6_b02__none,none,dynanoise,4def6ca8e27be84aeb54,1,1,1,0.4541410803794861,0.5458589196205139
PETS_CREDIT_low_eff_su2_r1_d6_b02__none,none,dynanoise,347bd04364dce3c5342e,1,0,0,0.5617322325706482,0.4382677674293518
PETS_CREDIT_low_eff_su2_r1_d6_b02__none,none,dynanoise,bf465d63c434358f77e4,1,0,0,0.5001422762870789,0.49985775351524353
PETS_CREDIT_low_eff_su2_r1_d6_b02__none,none,dynanoise,c9e5785745f04cec0d37,1,0,0,0.6003478169441223,0.3996521830558777
PETS_CREDIT_low_eff_su2_r1_d6_b02__none,none,dynanoise,c536d8f2ff559c7756e7,1,0,0,0.5861824750900269,0.41381749510765076
PETS_CREDIT_low_eff_su2_r1_d6_b02__none,none,dynanoise,f0c1637eb1fa5204c581,1,0,0,0.5247678160667419,0.47523218393325806
PETS_CREDIT_low_eff_su2_r1_d6_b02__none,none,dynanoise,bfa7b1aca5d187760a16,1,0,0,0.5195101499557495,0.4804898500442505
PETS_CREDIT_low_eff_su2_r1_d6_b02__none,none,dynanoise,cec5a851be4f6e7c0887,1,1,0,0.5169534087181091,0.48304659128189087
PETS_CREDIT_low_eff_su2_r1_d6_b02__none,none,dynanoise,619b46d6086e6aad3d84,1,0,0,0.5624909996986389,0.43750903010368347
PETS_CREDIT_low_eff_su2_r1_d6_b02__none,none,dynanoise,1dd9f8371cdcaa1758b3,1,0,0,0.5250575542449951,0.4749424457550049
PETS_CREDIT_low_eff_su2_r1_d6_b02__none,none,dynanoise,a4fc6b0808359418c098,1,0,0,0.5107129812240601,0.48928701877593994
PETS_CREDIT_low_eff_su2_r1_d6_b02__none,none,dynanoise,073dbbd888ef767c75de,1,0,0,0.54308021068573,0.45691975951194763
PETS_CREDIT_low_eff_su2_r1_d6_b02__none,none,dynanoise,7c7fe88dcec806be29da,1,0,0,0.527937114238739,0.4720628559589386
PETS_CREDIT_low_eff_su2_r1_d6_b02__none,none,dynanoise,fbbb0f469e10095b9cc1,1,1,0,0.5071696639060974,0.4928303062915802
PETS_CREDIT_low_eff_su2_r1_d6_b02__none,none,dynanoise,c0daa10532a8487ca803,1,1,0,0.5385293364524841,0.46147069334983826
PETS_CREDIT_low_eff_su2_r1_d6_b02__none,none,dynanoise,bacc1c25b75ae0e1b780,1,0,0,0.5275595784187317,0.4724403917789459
PETS_CREDIT_low_eff_su2_r1_d6_b02__none,none,dynanoise,1313972ddf1c6e9eb2c9,1,1,1,0.4935849905014038,0.5064150094985962
PETS_CREDIT_low_eff_su2_r1_d6_b02__none,none,dynanoise,1819fe5c399a17316fee,1,0,0,0.5408060550689697,0.4591939449310303
PETS_CREDIT_low_eff_su2_r1_d6_b02__none,none,dynanoise,70e46e61db439dd8e308,1,0,0,0.5304778218269348,0.4695221483707428
PETS_CREDIT_low_eff_su2_r1_d6_b02__none,none,dynanoise,01743ddf295d8f6b5a46,1,1,0,0.5400444865226746,0.45995548367500305
PETS_CREDIT_low_eff_su2_r1_d6_b02__none,none,dynanoise,a5628044ec0880a52490,1,1,0,0.5459713339805603,0.4540286660194397
PETS_CREDIT_low_eff_su2_r1_d6_b02__none,none,dynanoise,6a75db22a6087741eef2,1,0,0,0.5685155987739563,0.4314843714237213
PETS_CREDIT_low_eff_su2_r1_d6_b02__none,none,dynanoise,92516ca36411fad7d9c9,1,0,0,0.5659121870994568,0.4340878129005432
PETS_CREDIT_low_eff_su2_r1_d6_b02__none,none,dynanoise,787c85a205e13b242012,1,0,0,0.568270742893219,0.4317292273044586
PETS_CREDIT_low_eff_su2_r1_d6_b02__none,none,dynanoise,8d5ec20ca179ede5da84,1,0,0,0.5235161781311035,0.47648385167121887
PETS_CREDIT_low_eff_su2_r1_d6_b02__none,none,dynanoise,973b363916938dbaaf31,1,0,0,0.5637316703796387,0.4362683594226837
PETS_CREDIT_low_eff_su2_r1_d6_b02__none,none,dynanoise,e3e282f64bed70282149,1,0,0,0.5560569167137146,0.443943053483963
PETS_CREDIT_low_eff_su2_r1_d6_b02__none,none,dynanoise,c50e57ca37a497df3a13,1,0,0,0.5436082482337952,0.45639175176620483
PETS_CREDIT_low_eff_su2_r1_d6_b02__none,none,dynanoise,6c0e663b6848864dc914,1,1,0,0.5103346705436707,0.48966535925865173
PETS_CREDIT_low_eff_su2_r1_d6_b02__none,none,dynanoise,ac5f40db5db91c18a83b,1,0,0,0.5185399651527405,0.4814600348472595
PETS_CREDIT_low_eff_su2_r1_d6_b02__none,none,dynanoise,072f10d00d9156aab9f2,1,0,0,0.5555832982063293,0.44441673159599304
PETS_CREDIT_low_eff_su2_r1_d6_b02__none,none,dynanoise,526cee77dcfea7ee8138,1,0,0,0.5857630372047424,0.41423696279525757
PETS_CREDIT_low_eff_su2_r1_d6_b02__none,none,dynanoise,25282b20e9c64236ec4d,1,0,0,0.5988926291465759,0.4011073708534241
PETS_CREDIT_low_eff_su2_r1_d6_b02__none,none,dynanoise,14ee67db08b82edf07a3,1,0,1,0.48938247561454773,0.5106174945831299
PETS_CREDIT_low_eff_su2_r1_d6_b02__none,none,dynanoise,eb849709f12c60edd50b,1,0,0,0.5457772016525269,0.45422279834747314
PETS_CREDIT_low_eff_su2_r1_d6_b02__none,none,dynanoise,b91b8614dbf7826436cf,1,0,0,0.5724292993545532,0.42757073044776917
PETS_CREDIT_low_eff_su2_r1_d6_b02__none,none,dynanoise,8f95586c1c6fb3f2a750,1,0,0,0.5442962646484375,0.4557037651538849
PETS_CREDIT_low_eff_su2_r1_d6_b02__none,none,dynanoise,5e48c11768cb070aefe6,1,1,0,0.5611382126808167,0.43886175751686096
PETS_CREDIT_low_eff_su2_r1_d6_b02__none,none,dynanoise,7ce1135db7560daf7e70,1,0,1,0.4822375476360321,0.5177624225616455
PETS_CREDIT_low_eff_su2_r1_d6_b02__none,none,dynanoise,f332cc500c7a62b19024,1,1,0,0.5636182427406311,0.4363817572593689
PETS_CREDIT_low_eff_su2_r1_d6_b02__none,none,dynanoise,192395141a760795b97a,1,0,0,0.6220004558563232,0.37799954414367676
PETS_CREDIT_low_eff_su2_r1_d6_b02__none,none,dynanoise,9fc5fbe55717fe6862a4,1,0,0,0.5368881821632385,0.4631118178367615
PETS_CREDIT_low_eff_su2_r1_d6_b02__none,none,dynanoise,8fe0ac3103b5acc00cdc,1,0,0,0.5346967577934265,0.4653032124042511
PETS_CREDIT_low_eff_su2_r1_d6_b02__none,none,dynanoise,d46f8b9f4d57f90db615,1,1,0,0.5182536840438843,0.48174628615379333
PETS_CREDIT_low_eff_su2_r1_d6_b02__none,none,dynanoise,11ccb38ba9653d61e950,1,0,0,0.5116252899169922,0.4883746802806854
PETS_CREDIT_low_eff_su2_r1_d6_b02__none,none,dynanoise,b84ff32b3c14263b0dd5,1,0,0,0.568861722946167,0.431138277053833
PETS_CREDIT_low_eff_su2_r1_d6_b02__none,none,dynanoise,ab97fae957e08270ffce,1,0,0,0.5176566243171692,0.4823434054851532
PETS_CREDIT_low_eff_su2_r1_d6_b02__none,none,dynanoise,6af56a8b2e15acc1e086,1,0,0,0.5786204934120178,0.4213795065879822
PETS_CREDIT_low_eff_su2_r1_d6_b02__none,none,dynanoise,07d4d260e30d7cf5b71f,1,1,0,0.5049323439598083,0.49506762623786926
PETS_CREDIT_low_eff_su2_r1_d6_b02__none,none,dynanoise,fb40711278aca2b43c69,1,0,0,0.5764684677124023,0.42353150248527527
PETS_CREDIT_low_eff_su2_r1_d6_b02__none,none,dynanoise,1c7eb9e50fc08e5f8cf0,1,0,1,0.49341097474098206,0.5065889954566956
PETS_CREDIT_low_eff_su2_r1_d6_b02__none,none,dynanoise,5383d08662564ec7ab0d,1,0,0,0.5567317605018616,0.4432682693004608
PETS_CREDIT_low_eff_su2_r1_d6_b02__none,none,dynanoise,006df97946d214e0111f,1,0,0,0.5452287197113037,0.4547713100910187
PETS_CREDIT_low_eff_su2_r1_d6_b02__none,none,dynanoise,6f47824d3363865de61a,1,0,0,0.5343452095985413,0.46565482020378113
PETS_CREDIT_low_eff_su2_r1_d6_b02__none,none,dynanoise,3ac7ac4bc65a6ffec899,1,1,1,0.46927955746650696,0.5307204127311707
PETS_CREDIT_low_eff_su2_r1_d6_b02__none,none,dynanoise,29a333df83b13ef7fea3,1,1,0,0.5516001582145691,0.4483998417854309
PETS_CREDIT_low_eff_su2_r1_d6_b02__none,none,dynanoise,39f8154e08ad72170108,1,0,0,0.508710503578186,0.4912894666194916
PETS_CREDIT_low_eff_su2_r1_d6_b02__none,none,dynanoise,25bed8f88a506c4cc366,1,0,0,0.5311921238899231,0.4688078761100769
PETS_CREDIT_low_eff_su2_r1_d6_b02__none,none,dynanoise,c75c31af2389cc3a594f,1,0,0,0.5240697264671326,0.47593024373054504
PETS_CREDIT_low_eff_su2_r1_d6_b02__none,none,dynanoise,cbee3c9401120608f2ba,0,0,0,0.5571123361587524,0.44288766384124756
PETS_CREDIT_low_eff_su2_r1_d6_b02__none,none,dynanoise,1c3e9f95fcefe2e9f555,0,0,0,0.518183171749115,0.4818167984485626
PETS_CREDIT_low_eff_su2_r1_d6_b02__none,none,dynanoise,47955bec8c8c8b0d6ecd,0,0,0,0.5184165239334106,0.48158347606658936
PETS_CREDIT_low_eff_su2_r1_d6_b02__none,none,dynanoise,925cfc4ba01b802e6fea,0,0,0,0.529788613319397,0.470211386680603
PETS_CREDIT_low_eff_su2_r1_d6_b02__none,none,dynanoise,cf2b344b8a066b41a298,0,0,0,0.55841463804245,0.44158536195755005
PETS_CREDIT_low_eff_su2_r1_d6_b02__none,none,dynanoise,44ce9ab8bd9bd704ad04,0,1,0,0.5168647170066833,0.48313525319099426
PETS_CREDIT_low_eff_su2_r1_d6_b02__none,none,dynanoise,d2f0fdb253d121d24db4,0,0,0,0.5030702948570251,0.49692973494529724
PETS_CREDIT_low_eff_su2_r1_d6_b02__none,none,dynanoise,11958d422323d7de5da8,0,1,1,0.48085203766822815,0.5191479921340942
PETS_CREDIT_low_eff_su2_r1_d6_b02__none,none,dynanoise,ee145a9d7a0dd082d343,0,1,0,0.5105694532394409,0.4894305467605591
PETS_CREDIT_low_eff_su2_r1_d6_b02__none,none,dynanoise,3bb90fb9f41d8cd780fb,0,0,0,0.5276485681533813,0.47235143184661865
PETS_CREDIT_low_eff_su2_r1_d6_b02__none,none,dynanoise,1df211fa59aa1d5f8ac4,0,0,1,0.49822959303855896,0.5017703771591187
PETS_CREDIT_low_eff_su2_r1_d6_b02__none,none,dynanoise,864edb9124799ed14941,0,0,0,0.5100970268249512,0.4899030029773712
PETS_CREDIT_low_eff_su2_r1_d6_b02__none,none,dynanoise,71a5cf1405bd2714ab77,0,0,0,0.5090661644935608,0.4909338057041168
PETS_CREDIT_low_eff_su2_r1_d6_b02__none,none,dynanoise,ec314aa70302252ef357,0,0,0,0.5247984528541565,0.4752015769481659
PETS_CREDIT_low_eff_su2_r1_d6_b02__none,none,dynanoise,07849266aa8f190a63f2,0,0,0,0.5005530118942261,0.49944695830345154
PETS_CREDIT_low_eff_su2_r1_d6_b02__none,none,dynanoise,9905912b0d924a7b3ca5,0,1,0,0.5635590553283691,0.43644094467163086
PETS_CREDIT_low_eff_su2_r1_d6_b02__none,none,dynanoise,10906783256975cefbbb,0,0,0,0.5305178165435791,0.4694821536540985
PETS_CREDIT_low_eff_su2_r1_d6_b02__none,none,dynanoise,7ff0c461042567dfe447,0,0,0,0.5309820771217346,0.46901795268058777
PETS_CREDIT_low_eff_su2_r1_d6_b02__none,none,dynanoise,34cd383be85fcb382ea6,0,0,0,0.5591570138931274,0.44084295630455017
PETS_CREDIT_low_eff_su2_r1_d6_b02__none,none,dynanoise,da601eb1fce6bb696bf8,0,1,0,0.5352153182029724,0.46478471159935
PETS_CREDIT_low_eff_su2_r1_d6_b02__none,none,dynanoise,555680807658211b545c,0,0,1,0.49747517704963684,0.5025248527526855
PETS_CREDIT_low_eff_su2_r1_d6_b02__none,none,dynanoise,7dbb07f72b26cae53e10,0,0,0,0.5633381605148315,0.43666186928749084
PETS_CREDIT_low_eff_su2_r1_d6_b02__none,none,dynanoise,3692ecea3b8cc152ac74,0,0,0,0.5362123847007751,0.46378761529922485
PETS_CREDIT_low_eff_su2_r1_d6_b02__none,none,dynanoise,685e2ecf9c9c42d485ce,0,0,0,0.5451663136482239,0.45483365654945374
PETS_CREDIT_low_eff_su2_r1_d6_b02__none,none,dynanoise,3a38d3079b87b1aa292b,0,0,0,0.5305727124214172,0.4694272577762604
PETS_CREDIT_low_eff_su2_r1_d6_b02__none,none,dynanoise,4a088c612fee9ef613b8,0,0,0,0.5082117319107056,0.4917882978916168
PETS_CREDIT_low_eff_su2_r1_d6_b02__none,none,dynanoise,e662ed68ef3f99bd0ed7,0,0,0,0.5434712171554565,0.45652875304222107
PETS_CREDIT_low_eff_su2_r1_d6_b02__none,none,dynanoise,baf60f731977893683c9,0,0,0,0.530143678188324,0.46985629200935364
PETS_CREDIT_low_eff_su2_r1_d6_b02__none,none,dynanoise,af85096b9d68ea111a40,0,0,0,0.5820665955543518,0.4179333746433258
PETS_CREDIT_low_eff_su2_r1_d6_b02__none,none,dynanoise,948f6a099d3241c9a1ec,0,0,0,0.5211716294288635,0.4788283407688141
PETS_CREDIT_low_eff_su2_r1_d6_b02__none,none,dynanoise,5f65233bde8585faedb5,0,0,0,0.5355910658836365,0.4644089937210083
PETS_CREDIT_low_eff_su2_r1_d6_b02__none,none,dynanoise,5acd05c508162abd3783,0,0,0,0.5229431390762329,0.4770568907260895
PETS_CREDIT_low_eff_su2_r1_d6_b02__none,none,dynanoise,349b65ac22308893e3ec,0,1,0,0.5208616852760315,0.4791383147239685
PETS_CREDIT_low_eff_su2_r1_d6_b02__none,none,dynanoise,1deef9da8e2ee98331dc,0,0,0,0.5156421065330505,0.4843578636646271
PETS_CREDIT_low_eff_su2_r1_d6_b02__none,none,dynanoise,ccba09c993c170faae38,0,1,1,0.48266515135765076,0.5173348188400269
PETS_CREDIT_low_eff_su2_r1_d6_b02__none,none,dynanoise,4882932be60b65305c84,0,0,0,0.5437471270561218,0.4562528431415558
PETS_CREDIT_low_eff_su2_r1_d6_b02__none,none,dynanoise,b244235968526b38867d,0,0,0,0.5497828125953674,0.45021721720695496
PETS_CREDIT_low_eff_su2_r1_d6_b02__none,none,dynanoise,c3a927c03687d1a576df,0,0,0,0.5534027218818665,0.44659727811813354
PETS_CREDIT_low_eff_su2_r1_d6_b02__none,none,dynanoise,fa1f9563eb089a4c05eb,0,1,0,0.5755425095558167,0.42445746064186096
PETS_CREDIT_low_eff_su2_r1_d6_b02__none,none,dynanoise,555c4408bbd55bf9a01b,0,0,0,0.5934280753135681,0.4065719246864319
PETS_CREDIT_low_eff_su2_r1_d6_b02__none,none,dynanoise,6bb3006cf2b47b29d044,0,0,0,0.5049607157707214,0.49503928422927856
PETS_CREDIT_low_eff_su2_r1_d6_b02__none,none,dynanoise,a3076f399cf32e671da9,0,1,0,0.5577995181083679,0.4422004818916321
PETS_CREDIT_low_eff_su2_r1_d6_b02__none,none,dynanoise,d0ead593664a3694fc2c,0,0,0,0.5777350068092346,0.42226505279541016
PETS_CREDIT_low_eff_su2_r1_d6_b02__none,none,dynanoise,f4686f1ccb3b1f5b89c1,0,0,0,0.5808888673782349,0.4191111624240875
PETS_CREDIT_low_eff_su2_r1_d6_b02__none,none,dynanoise,6b7219cfa53e1ae4e686,0,0,0,0.5454167723655701,0.4545832574367523
PETS_CREDIT_low_eff_su2_r1_d6_b02__none,none,dynanoise,88f9384f8a0cf279c07b,0,0,0,0.5350658297538757,0.46493420004844666
PETS_CREDIT_low_eff_su2_r1_d6_b02__none,none,dynanoise,8ac37e6efcfd84f4bf90,0,0,0,0.5090258121490479,0.49097415804862976
PETS_CREDIT_low_eff_su2_r1_d6_b02__none,none,dynanoise,e947ef8b0f016ee69de8,0,0,0,0.5005967020988464,0.49940329790115356
PETS_CREDIT_low_eff_su2_r1_d6_b02__none,none,dynanoise,6c53aaf7ecbc425941a4,0,1,0,0.5140442252159119,0.48595574498176575
PETS_CREDIT_low_eff_su2_r1_d6_b02__none,none,dynanoise,b215fc8b709612d72d29,0,0,0,0.5327972769737244,0.46720269322395325
PETS_CREDIT_low_eff_su2_r1_d6_b02__none,none,dynanoise,87c7d3469677d57e0f68,0,0,0,0.5223684310913086,0.4776315689086914
PETS_CREDIT_low_eff_su2_r1_d6_b02__none,none,dynanoise,aca397f6cfe96c665e23,0,0,0,0.5125431418418884,0.48745688796043396
PETS_CREDIT_low_eff_su2_r1_d6_b02__none,none,dynanoise,f1d5fbea8d8fc197f689,0,0,0,0.5377303957939148,0.4622695744037628
PETS_CREDIT_low_eff_su2_r1_d6_b02__none,none,dynanoise,a660b0769301bab3f88d,0,0,0,0.5661757588386536,0.4338243007659912
PETS_CREDIT_low_eff_su2_r1_d6_b02__none,none,dynanoise,fb41b4f01480a9067cf9,0,1,1,0.4881492257118225,0.5118507742881775
PETS_CREDIT_low_eff_su2_r1_d6_b02__none,none,dynanoise,c65308558f565034903d,0,1,0,0.5665494203567505,0.4334506392478943
PETS_CREDIT_low_eff_su2_r1_d6_b02__none,none,dynanoise,61985a6dca52dc5fe733,0,0,0,0.5343406796455383,0.46565935015678406
PETS_CREDIT_low_eff_su2_r1_d6_b02__none,none,dynanoise,79d13f79e25dd355b797,0,1,0,0.5138741135597229,0.4861258864402771
PETS_CREDIT_low_eff_su2_r1_d6_b02__none,none,dynanoise,6df7b8af4894c02f1865,0,0,1,0.489381343126297,0.5106186270713806
PETS_CREDIT_low_eff_su2_r1_d6_b02__none,none,dynanoise,f50f173b25417d940819,0,0,0,0.6312073469161987,0.36879265308380127
PETS_CREDIT_low_eff_su2_r1_d6_b02__none,none,dynanoise,73ce0aaf437e0a73c182,0,1,1,0.4981086850166321,0.5018913745880127
PETS_CREDIT_low_eff_su2_r1_d6_b02__none,none,dynanoise,0748c8ca29b369b66e6f,0,1,0,0.5604976415634155,0.4395023584365845
PETS_CREDIT_low_eff_su2_r1_d6_b02__none,none,dynanoise,e5cdd46506910a0d29a4,0,0,0,0.537213921546936,0.4627860486507416
PETS_CREDIT_low_eff_su2_r1_d6_b02__none,none,dynanoise,266c16f52337745816e5,0,0,0,0.5455881953239441,0.4544118046760559
PETS_CREDIT_low_eff_su2_r1_d6_b02__none,none,dynanoise,806319326d809b9eae67,0,0,0,0.5617519617080688,0.4382480978965759
PETS_CREDIT_low_eff_su2_r1_d6_b02__none,none,dynanoise,3da17ae4582b2ac6ac6a,0,0,0,0.519221842288971,0.48077815771102905
PETS_CREDIT_low_eff_su2_r1_d6_b02__none,none,dynanoise,cd6bf5351920ef71b772,0,0,0,0.5669252276420593,0.4330747425556183
PETS_CREDIT_low_eff_su2_r1_d6_b02__none,none,dynanoise,f1fa5a6ee10e25b70a00,0,0,1,0.4974280893802643,0.5025718808174133
PETS_CREDIT_low_eff_su2_r1_d6_b02__none,none,dynanoise,de98a8baab2807797bb8,0,0,0,0.54102623462677,0.45897376537323
PETS_CREDIT_low_eff_su2_r1_d6_b02__none,none,dynanoise,4c7af58561c27a6e341e,0,1,0,0.5446083545684814,0.45539167523384094
PETS_CREDIT_low_eff_su2_r1_d6_b02__none,none,dynanoise,38ba8c1ecc8be69eb7d0,0,0,0,0.5010863542556763,0.4989136755466461
PETS_CREDIT_low_eff_su2_r1_d6_b02__none,none,dynanoise,1b857744e17f39b46f16,0,0,0,0.5574741363525391,0.44252583384513855
PETS_CREDIT_low_eff_su2_r1_d6_b02__none,none,dynanoise,31d01a38894b805bfc80,0,0,0,0.5767388343811035,0.4232611656188965
PETS_CREDIT_low_eff_su2_r1_d6_b02__none,none,dynanoise,231156f957719dd417d9,0,0,0,0.532419741153717,0.46758025884628296
PETS_CREDIT_low_eff_su2_r1_d6_b02__none,none,dynanoise,7bfb843a13cff05233ad,0,0,0,0.5313808917999268,0.46861910820007324
PETS_CREDIT_low_eff_su2_r1_d6_b02__none,none,dynanoise,24850cc249ef6fef8baa,0,0,0,0.5457409620285034,0.45425909757614136
PETS_CREDIT_low_eff_su2_r1_d6_b02__none,none,dynanoise,f80b742f70e5ef1f2f75,0,0,1,0.4774780869483948,0.5225219130516052
PETS_CREDIT_low_eff_su2_r1_d6_b02__none,none,dynanoise,392fabb059005262a0a6,0,0,1,0.49582573771476746,0.5041742324829102
PETS_CREDIT_low_eff_su2_r1_d6_b02__none,none,dynanoise,e5731b75bfb8647f33f0,0,1,1,0.4873298704624176,0.5126701593399048
PETS_CREDIT_low_eff_su2_r1_d6_b02__none,none,dynanoise,63426de2bcac10c978ef,0,0,0,0.6678613424301147,0.33213862776756287
PETS_CREDIT_low_eff_su2_r1_d6_b02__none,none,dynanoise,346b2d56d8b09d426f47,0,1,0,0.5165163278579712,0.4834837317466736
PETS_CREDIT_low_eff_su2_r1_d6_b02__none,none,dynanoise,79ede8f524cb4755d342,0,0,0,0.5925284624099731,0.40747156739234924
PETS_CREDIT_low_eff_su2_r1_d6_b02__none,none,dynanoise,9b15c4988e577e46b572,0,0,0,0.5270052552223206,0.47299471497535706
PETS_CREDIT_low_eff_su2_r1_d6_b02__none,none,dynanoise,2ae5fdcfe3923a4263b6,0,0,0,0.5450741648674011,0.4549258351325989
PETS_CREDIT_low_eff_su2_r1_d6_b02__none,none,dynanoise,b690772de8eb14084d30,0,1,0,0.5238546133041382,0.4761454164981842
PETS_CREDIT_low_eff_su2_r1_d6_b02__none,none,dynanoise,a19516268df63768faeb,0,0,0,0.5550848245620728,0.444915235042572
PETS_CREDIT_low_eff_su2_r1_d6_b02__none,none,dynanoise,2e900caa6bf6a7e56807,0,0,1,0.49652495980262756,0.5034750699996948
PETS_CREDIT_low_eff_su2_r1_d6_b02__none,none,dynanoise,3e5959b02df8356effc1,0,0,0,0.5385324954986572,0.46146753430366516
PETS_CREDIT_low_eff_su2_r1_d6_b02__none,none,dynanoise,b6b16448c07ca52d41fb,0,0,0,0.541227400302887,0.4587726294994354
PETS_CREDIT_low_eff_su2_r1_d6_b02__none,none,dynanoise,bf9825a8b0d7138b3690,0,1,0,0.5488477945327759,0.4511522650718689
PETS_CREDIT_low_eff_su2_r1_d6_b02__none,none,dynanoise,ae831412dedceb901cc4,0,0,1,0.47746211290359497,0.522537887096405
PETS_CREDIT_low_eff_su2_r1_d6_b02__none,none,dynanoise,1b791f7fc091a40a0494,0,0,0,0.5256487131118774,0.47435128688812256
PETS_CREDIT_low_eff_su2_r1_d6_b02__none,none,dynanoise,2951667761deda7d6d9f,0,0,0,0.585789680480957,0.41421031951904297
PETS_CREDIT_low_eff_su2_r1_d6_b02__none,none,dynanoise,c55786a9941cc04c9348,0,0,0,0.5790114998817444,0.4209885001182556
PETS_CREDIT_low_eff_su2_r1_d6_b02__none,none,dynanoise,67fb36e26b798796d6fd,0,0,0,0.5053558945655823,0.4946441054344177
PETS_CREDIT_low_eff_su2_r1_d6_b02__none,none,dynanoise,f8f44150ace4d5e110b6,0,1,0,0.528407871723175,0.47159209847450256
PETS_CREDIT_low_eff_su2_r1_d6_b02__none,none,dynanoise,92becb8f0ed68752cc52,0,1,0,0.5660672187805176,0.4339328110218048
PETS_CREDIT_low_eff_su2_r1_d6_b02__none,none,dynanoise,cab8e2ac7eeaf27d3d2c,0,0,0,0.5893657803535461,0.41063418984413147
PETS_CREDIT_low_eff_su2_r1_d6_b02__none,none,dynanoise,d1db35b6c9e008df971d,0,0,0,0.5303082466125488,0.46969178318977356
PETS_CREDIT_low_eff_su2_r1_d6_b02__none,none,dynanoise,83d86a08997d81c1643f,0,0,0,0.5882983207702637,0.4117017090320587
PETS_CREDIT_low_eff_su2_r1_d6_b02__none,none,hamp_output,26b6a5da65cdaeb8e184,1,0,0,0.8671160340309143,0.13288390636444092
PETS_CREDIT_low_eff_su2_r1_d6_b02__none,none,hamp_output,aaca4c9adb936209ae4f,1,0,0,0.9085723161697388,0.09142769873142242
PETS_CREDIT_low_eff_su2_r1_d6_b02__none,none,hamp_output,5b4cdc8a84b914138d2b,1,0,0,0.7693281769752502,0.23067182302474976
PETS_CREDIT_low_eff_su2_r1_d6_b02__none,none,hamp_output,d2c3d34fb102babfa194,1,0,0,0.636232852935791,0.363767147064209
PETS_CREDIT_low_eff_su2_r1_d6_b02__none,none,hamp_output,26f8e0268dd95cba45fd,1,0,0,0.7368887662887573,0.2631112337112427
PETS_CREDIT_low_eff_su2_r1_d6_b02__none,none,hamp_output,877b93e6aa8797d2cd0b,1,1,0,0.7960917353630066,0.2039082944393158
PETS_CREDIT_low_eff_su2_r1_d6_b02__none,none,hamp_output,e0b33cacbadcac9f3d26,1,0,0,0.9040040373802185,0.0959959626197815
PETS_CREDIT_low_eff_su2_r1_d6_b02__none,none,hamp_output,df16a30c67111933fccc,1,1,0,0.8509120941162109,0.14908789098262787
PETS_CREDIT_low_eff_su2_r1_d6_b02__none,none,hamp_output,7105743f10682ac4a1cc,1,1,0,0.9554104804992676,0.04458952322602272
PETS_CREDIT_low_eff_su2_r1_d6_b02__none,none,hamp_output,0ffd3e39286157b02ad4,1,0,0,0.7727540135383606,0.2272459864616394
PETS_CREDIT_low_eff_su2_r1_d6_b02__none,none,hamp_output,e4890079e5df86b99388,1,0,0,0.7859271764755249,0.21407285332679749
PETS_CREDIT_low_eff_su2_r1_d6_b02__none,none,hamp_output,e07f107ec2deef516f4f,1,0,0,0.9637247920036316,0.03627521172165871
PETS_CREDIT_low_eff_su2_r1_d6_b02__none,none,hamp_output,c91e3b5a028c06ad1f92,1,0,0,0.5685376524925232,0.4314623773097992
PETS_CREDIT_low_eff_su2_r1_d6_b02__none,none,hamp_output,d606f1831b9734bb90e1,1,0,0,0.8727793097496033,0.1272207498550415
PETS_CREDIT_low_eff_su2_r1_d6_b02__none,none,hamp_output,c3a59fc71e20658f6341,1,0,0,0.8913899064064026,0.10861002653837204
PETS_CREDIT_low_eff_su2_r1_d6_b02__none,none,hamp_output,78edbc6916b12b570866,1,1,0,0.9796335101127625,0.020366515964269638
PETS_CREDIT_low_eff_su2_r1_d6_b02__none,none,hamp_output,a62d80fa1349c54517ce,1,0,0,0.845319926738739,0.1546800583600998
PETS_CREDIT_low_eff_su2_r1_d6_b02__none,none,hamp_output,46dbe6ca2f4531385a05,1,0,0,0.5303709506988525,0.46962907910346985
PETS_CREDIT_low_eff_su2_r1_d6_b02__none,none,hamp_output,8b629ccf361c8da0309f,1,0,0,0.8079800009727478,0.1920200139284134
PETS_CREDIT_low_eff_su2_r1_d6_b02__none,none,hamp_output,4dde24d981dd8981f71f,1,1,0,0.8570712804794312,0.14292874932289124
PETS_CREDIT_low_eff_su2_r1_d6_b02__none,none,hamp_output,ab00e756b29c98fd6674,1,0,0,0.8661310076713562,0.1338689923286438
PETS_CREDIT_low_eff_su2_r1_d6_b02__none,none,hamp_output,196d92dfff0523a23237,1,0,0,0.6532814502716064,0.34671851992607117
PETS_CREDIT_low_eff_su2_r1_d6_b02__none,none,hamp_output,988a4b4dcb53bafffb01,1,0,0,0.8798437118530273,0.12015627324581146
PETS_CREDIT_low_eff_su2_r1_d6_b02__none,none,hamp_output,c8a7bd1cd35ba1e89b80,1,0,0,0.8236211538314819,0.17637889087200165
PETS_CREDIT_low_eff_su2_r1_d6_b02__none,none,hamp_output,6093ce809aa33ce6693b,1,0,0,0.9509665369987488,0.04903346300125122
PETS_CREDIT_low_eff_su2_r1_d6_b02__none,none,hamp_output,00405a37dd709b2d51a8,1,0,0,0.8631916046142578,0.13680841028690338
PETS_CREDIT_low_eff_su2_r1_d6_b02__none,none,hamp_output,aaff47c50ec280d97eda,1,0,0,0.7750816345214844,0.22491838037967682
PETS_CREDIT_low_eff_su2_r1_d6_b02__none,none,hamp_output,a6dfd0dc4ba32e6c00e6,1,0,0,0.9336405396461487,0.06635948270559311
PETS_CREDIT_low_eff_su2_r1_d6_b02__none,none,hamp_output,75e559f2a9928f47e4ef,1,0,0,0.7755365371704102,0.22446343302726746
PETS_CREDIT_low_eff_su2_r1_d6_b02__none,none,hamp_output,f1068bd99413d081a271,1,0,0,0.6756526827812195,0.32434728741645813
PETS_CREDIT_low_eff_su2_r1_d6_b02__none,none,hamp_output,58cb80b3d0535cb4343a,1,0,0,0.5281802415847778,0.47181978821754456
PETS_CREDIT_low_eff_su2_r1_d6_b02__none,none,hamp_output,5cb75d859aa2d3df94b0,1,0,0,0.9046838879585266,0.09531611949205399
PETS_CREDIT_low_eff_su2_r1_d6_b02__none,none,hamp_output,6e144bf85d42e3ac6fae,1,1,0,0.5956418514251709,0.4043581187725067
PETS_CREDIT_low_eff_su2_r1_d6_b02__none,none,hamp_output,e8613e68d8ca2ea9e7fd,1,0,0,0.7131699919700623,0.2868300676345825
PETS_CREDIT_low_eff_su2_r1_d6_b02__none,none,hamp_output,0674ce029ebb21d32e38,1,1,0,0.883915364742279,0.11608460545539856
PETS_CREDIT_low_eff_su2_r1_d6_b02__none,none,hamp_output,b0f47ae4b56b3aa4d111,1,0,0,0.6244970560073853,0.3755030035972595
PETS_CREDIT_low_eff_su2_r1_d6_b02__none,none,hamp_output,e76cce60bc3507d0d7b2,1,0,0,0.787942111492157,0.21205781400203705
PETS_CREDIT_low_eff_su2_r1_d6_b02__none,none,hamp_output,72bf8a475d5aa5538cd3,1,0,0,0.7971723079681396,0.20282770693302155
PETS_CREDIT_low_eff_su2_r1_d6_b02__none,none,hamp_output,f3ca91dd8e5aba8d83d9,1,1,0,0.5134973526000977,0.48650261759757996
PETS_CREDIT_low_eff_su2_r1_d6_b02__none,none,hamp_output,70d271c728323ea28d90,1,0,0,0.8175467848777771,0.1824532151222229
PETS_CREDIT_low_eff_su2_r1_d6_b02__none,none,hamp_output,a55e4e1cd3465563efc4,1,0,0,0.781317412853241,0.21868258714675903
PETS_CREDIT_low_eff_su2_r1_d6_b02__none,none,hamp_output,4def6ca8e27be84aeb54,1,1,0,0.5394342541694641,0.4605657458305359
PETS_CREDIT_low_eff_su2_r1_d6_b02__none,none,hamp_output,347bd04364dce3c5342e,1,0,0,0.9256321787834167,0.07436777651309967
PETS_CREDIT_low_eff_su2_r1_d6_b02__none,none,hamp_output,bf465d63c434358f77e4,1,0,0,0.7138399481773376,0.28616002202033997
PETS_CREDIT_low_eff_su2_r1_d6_b02__none,none,hamp_output,c9e5785745f04cec0d37,1,0,0,0.8788073658943176,0.12119263410568237
PETS_CREDIT_low_eff_su2_r1_d6_b02__none,none,hamp_output,c536d8f2ff559c7756e7,1,0,0,0.9454106688499451,0.05458937585353851
PETS_CREDIT_low_eff_su2_r1_d6_b02__none,none,hamp_output,f0c1637eb1fa5204c581,1,0,0,0.6861904859542847,0.31380948424339294
PETS_CREDIT_low_eff_su2_r1_d6_b02__none,none,hamp_output,bfa7b1aca5d187760a16,1,0,0,0.7852405309677124,0.2147594839334488
PETS_CREDIT_low_eff_su2_r1_d6_b02__none,none,hamp_output,cec5a851be4f6e7c0887,1,1,0,0.596833348274231,0.40316668152809143
PETS_CREDIT_low_eff_su2_r1_d6_b02__none,none,hamp_output,619b46d6086e6aad3d84,1,0,0,0.9681706428527832,0.03182930126786232
PETS_CREDIT_low_eff_su2_r1_d6_b02__none,none,hamp_output,1dd9f8371cdcaa1758b3,1,0,0,0.6801478266716003,0.31985217332839966
PETS_CREDIT_low_eff_su2_r1_d6_b02__none,none,hamp_output,a4fc6b0808359418c098,1,0,0,0.8161131739616394,0.1838868111371994
PETS_CREDIT_low_eff_su2_r1_d6_b02__none,none,hamp_output,073dbbd888ef767c75de,1,0,0,0.7571162581443787,0.24288371205329895
PETS_CREDIT_low_eff_su2_r1_d6_b02__none,none,hamp_output,7c7fe88dcec806be29da,1,0,0,0.9015671610832214,0.09843282401561737
PETS_CREDIT_low_eff_su2_r1_d6_b02__none,none,hamp_output,fbbb0f469e10095b9cc1,1,1,0,0.8475392460823059,0.1524607241153717
PETS_CREDIT_low_eff_su2_r1_d6_b02__none,none,hamp_output,c0daa10532a8487ca803,1,1,0,0.9564434885978699,0.043556518852710724
PETS_CREDIT_low_eff_su2_r1_d6_b02__none,none,hamp_output,bacc1c25b75ae0e1b780,1,0,0,0.7698408365249634,0.230159193277359
PETS_CREDIT_low_eff_su2_r1_d6_b02__none,none,hamp_output,1313972ddf1c6e9eb2c9,1,1,0,0.7728849649429321,0.22711504995822906
PETS_CREDIT_low_eff_su2_r1_d6_b02__none,none,hamp_output,1819fe5c399a17316fee,1,0,0,0.7028285264968872,0.29717153310775757
PETS_CREDIT_low_eff_su2_r1_d6_b02__none,none,hamp_output,70e46e61db439dd8e308,1,0,0,0.9483471512794495,0.05165284126996994
PETS_CREDIT_low_eff_su2_r1_d6_b02__none,none,hamp_output,01743ddf295d8f6b5a46,1,1,0,0.7155070304870605,0.28449296951293945
PETS_CREDIT_low_eff_su2_r1_d6_b02__none,none,hamp_output,a5628044ec0880a52490,1,1,0,0.7817012071609497,0.2182988077402115
PETS_CREDIT_low_eff_su2_r1_d6_b02__none,none,hamp_output,6a75db22a6087741eef2,1,0,0,0.5952380895614624,0.40476194024086
PETS_CREDIT_low_eff_su2_r1_d6_b02__none,none,hamp_output,92516ca36411fad7d9c9,1,0,0,0.6904336214065552,0.30956634879112244
PETS_CREDIT_low_eff_su2_r1_d6_b02__none,none,hamp_output,787c85a205e13b242012,1,0,0,0.820556104183197,0.1794438511133194
PETS_CREDIT_low_eff_su2_r1_d6_b02__none,none,hamp_output,8d5ec20ca179ede5da84,1,0,0,0.5465567111968994,0.4534432888031006
PETS_CREDIT_low_eff_su2_r1_d6_b02__none,none,hamp_output,973b363916938dbaaf31,1,0,0,0.8166162371635437,0.1833837777376175
PETS_CREDIT_low_eff_su2_r1_d6_b02__none,none,hamp_output,e3e282f64bed70282149,1,0,0,0.8221285343170166,0.17787151038646698
PETS_CREDIT_low_eff_su2_r1_d6_b02__none,none,hamp_output,c50e57ca37a497df3a13,1,0,0,0.7002289891242981,0.2997709810733795
PETS_CREDIT_low_eff_su2_r1_d6_b02__none,none,hamp_output,6c0e663b6848864dc914,1,1,0,0.816234827041626,0.1837652027606964
PETS_CREDIT_low_eff_su2_r1_d6_b02__none,none,hamp_output,ac5f40db5db91c18a83b,1,0,0,0.8181028366088867,0.18189717829227448
PETS_CREDIT_low_eff_su2_r1_d6_b02__none,none,hamp_output,072f10d00d9156aab9f2,1,0,0,0.869722843170166,0.13027718663215637
PETS_CREDIT_low_eff_su2_r1_d6_b02__none,none,hamp_output,526cee77dcfea7ee8138,1,0,0,0.7059985399246216,0.2940014600753784
PETS_CREDIT_low_eff_su2_r1_d6_b02__none,none,hamp_output,25282b20e9c64236ec4d,1,0,0,0.757072389125824,0.2429276555776596
PETS_CREDIT_low_eff_su2_r1_d6_b02__none,none,hamp_output,14ee67db08b82edf07a3,1,0,0,0.8301085829734802,0.16989141702651978
PETS_CREDIT_low_eff_su2_r1_d6_b02__none,none,hamp_output,eb849709f12c60edd50b,1,0,0,0.9111502170562744,0.0888497456908226
PETS_CREDIT_low_eff_su2_r1_d6_b02__none,none,hamp_output,b91b8614dbf7826436cf,1,0,0,0.7503663897514343,0.24963359534740448
PETS_CREDIT_low_eff_su2_r1_d6_b02__none,none,hamp_output,8f95586c1c6fb3f2a750,1,0,0,0.5340852737426758,0.4659147560596466
PETS_CREDIT_low_eff_su2_r1_d6_b02__none,none,hamp_output,5e48c11768cb070aefe6,1,1,0,0.9070278406143188,0.09297216683626175
PETS_CREDIT_low_eff_su2_r1_d6_b02__none,none,hamp_output,7ce1135db7560daf7e70,1,0,0,0.6560641527175903,0.3439358174800873
PETS_CREDIT_low_eff_su2_r1_d6_b02__none,none,hamp_output,f332cc500c7a62b19024,1,1,0,0.7807325720787048,0.21926742792129517
PETS_CREDIT_low_eff_su2_r1_d6_b02__none,none,hamp_output,192395141a760795b97a,1,0,0,0.7875322699546814,0.2124677151441574
PETS_CREDIT_low_eff_su2_r1_d6_b02__none,none,hamp_output,9fc5fbe55717fe6862a4,1,0,0,0.5407946705818176,0.45920529961586
PETS_CREDIT_low_eff_su2_r1_d6_b02__none,none,hamp_output,8fe0ac3103b5acc00cdc,1,0,0,0.7105028629302979,0.28949710726737976
PETS_CREDIT_low_eff_su2_r1_d6_b02__none,none,hamp_output,d46f8b9f4d57f90db615,1,1,0,0.9655351042747498,0.03446491062641144
PETS_CREDIT_low_eff_su2_r1_d6_b02__none,none,hamp_output,11ccb38ba9653d61e950,1,0,0,0.7904262542724609,0.20957373082637787
PETS_CREDIT_low_eff_su2_r1_d6_b02__none,none,hamp_output,b84ff32b3c14263b0dd5,1,0,0,0.9452512264251709,0.0547487698495388
PETS_CREDIT_low_eff_su2_r1_d6_b02__none,none,hamp_output,ab97fae957e08270ffce,1,0,0,0.817399263381958,0.18260078132152557
PETS_CREDIT_low_eff_su2_r1_d6_b02__none,none,hamp_output,6af56a8b2e15acc1e086,1,0,0,0.9681107401847839,0.03188929706811905
PETS_CREDIT_low_eff_su2_r1_d6_b02__none,none,hamp_output,07d4d260e30d7cf5b71f,1,1,0,0.5250944495201111,0.4749055802822113
PETS_CREDIT_low_eff_su2_r1_d6_b02__none,none,hamp_output,fb40711278aca2b43c69,1,0,0,0.7351028919219971,0.2648971378803253
PETS_CREDIT_low_eff_su2_r1_d6_b02__none,none,hamp_output,1c7eb9e50fc08e5f8cf0,1,0,0,0.7708157300949097,0.22918428480625153
PETS_CREDIT_low_eff_su2_r1_d6_b02__none,none,hamp_output,5383d08662564ec7ab0d,1,0,0,0.9119081497192383,0.08809183537960052
PETS_CREDIT_low_eff_su2_r1_d6_b02__none,none,hamp_output,006df97946d214e0111f,1,0,0,0.8765182495117188,0.12348181009292603
PETS_CREDIT_low_eff_su2_r1_d6_b02__none,none,hamp_output,6f47824d3363865de61a,1,0,0,0.865173876285553,0.13482606410980225
PETS_CREDIT_low_eff_su2_r1_d6_b02__none,none,hamp_output,3ac7ac4bc65a6ffec899,1,1,0,0.7173646092414856,0.2826353907585144
PETS_CREDIT_low_eff_su2_r1_d6_b02__none,none,hamp_output,29a333df83b13ef7fea3,1,1,0,0.7014415860176086,0.29855844378471375
PETS_CREDIT_low_eff_su2_r1_d6_b02__none,none,hamp_output,39f8154e08ad72170108,1,0,0,0.831138551235199,0.1688614785671234
PETS_CREDIT_low_eff_su2_r1_d6_b02__none,none,hamp_output,25bed8f88a506c4cc366,1,0,0,0.769852876663208,0.23014704883098602
PETS_CREDIT_low_eff_su2_r1_d6_b02__none,none,hamp_output,c75c31af2389cc3a594f,1,0,0,0.5188352465629578,0.48116472363471985
PETS_CREDIT_low_eff_su2_r1_d6_b02__none,none,hamp_output,cbee3c9401120608f2ba,0,0,0,0.9030138850212097,0.09698614478111267
PETS_CREDIT_low_eff_su2_r1_d6_b02__none,none,hamp_output,1c3e9f95fcefe2e9f555,0,0,0,0.7086506485939026,0.291349321603775
PETS_CREDIT_low_eff_su2_r1_d6_b02__none,none,hamp_output,47955bec8c8c8b0d6ecd,0,0,0,0.8543930649757385,0.14560696482658386
PETS_CREDIT_low_eff_su2_r1_d6_b02__none,none,hamp_output,925cfc4ba01b802e6fea,0,0,0,0.6181972622871399,0.3818027675151825
PETS_CREDIT_low_eff_su2_r1_d6_b02__none,none,hamp_output,cf2b344b8a066b41a298,0,0,0,0.7429473400115967,0.2570526897907257
PETS_CREDIT_low_eff_su2_r1_d6_b02__none,none,hamp_output,44ce9ab8bd9bd704ad04,0,1,0,0.6587968468666077,0.3412032127380371
PETS_CREDIT_low_eff_su2_r1_d6_b02__none,none,hamp_output,d2f0fdb253d121d24db4,0,0,0,0.839142918586731,0.16085705161094666
PETS_CREDIT_low_eff_su2_r1_d6_b02__none,none,hamp_output,11958d422323d7de5da8,0,1,0,0.9024642109870911,0.09753581881523132
PETS_CREDIT_low_eff_su2_r1_d6_b02__none,none,hamp_output,ee145a9d7a0dd082d343,0,1,0,0.634148120880127,0.36585187911987305
PETS_CREDIT_low_eff_su2_r1_d6_b02__none,none,hamp_output,3bb90fb9f41d8cd780fb,0,0,0,0.6180813312530518,0.381918728351593
PETS_CREDIT_low_eff_su2_r1_d6_b02__none,none,hamp_output,1df211fa59aa1d5f8ac4,0,0,0,0.7112240791320801,0.2887759804725647
PETS_CREDIT_low_eff_su2_r1_d6_b02__none,none,hamp_output,864edb9124799ed14941,0,0,0,0.8421959280967712,0.15780405700206757
PETS_CREDIT_low_eff_su2_r1_d6_b02__none,none,hamp_output,71a5cf1405bd2714ab77,0,0,0,0.8812942504882812,0.11870577931404114
PETS_CREDIT_low_eff_su2_r1_d6_b02__none,none,hamp_output,ec314aa70302252ef357,0,0,0,0.9523975849151611,0.04760242998600006
PETS_CREDIT_low_eff_su2_r1_d6_b02__none,none,hamp_output,07849266aa8f190a63f2,0,0,0,0.9606592059135437,0.03934080898761749
PETS_CREDIT_low_eff_su2_r1_d6_b02__none,none,hamp_output,9905912b0d924a7b3ca5,0,1,0,0.9040163159370422,0.09598369896411896
PETS_CREDIT_low_eff_su2_r1_d6_b02__none,none,hamp_output,10906783256975cefbbb,0,0,0,0.74040287733078,0.2595970928668976
PETS_CREDIT_low_eff_su2_r1_d6_b02__none,none,hamp_output,7ff0c461042567dfe447,0,0,0,0.8716486096382141,0.12835142016410828
PETS_CREDIT_low_eff_su2_r1_d6_b02__none,none,hamp_output,34cd383be85fcb382ea6,0,0,0,0.9137570261955261,0.08624298870563507
PETS_CREDIT_low_eff_su2_r1_d6_b02__none,none,hamp_output,da601eb1fce6bb696bf8,0,1,0,0.8227652907371521,0.1772347390651703
PETS_CREDIT_low_eff_su2_r1_d6_b02__none,none,hamp_output,555680807658211b545c,0,0,0,0.8188682198524475,0.1811317652463913
PETS_CREDIT_low_eff_su2_r1_d6_b02__none,none,hamp_output,7dbb07f72b26cae53e10,0,0,0,0.690891683101654,0.30910831689834595
PETS_CREDIT_low_eff_su2_r1_d6_b02__none,none,hamp_output,3692ecea3b8cc152ac74,0,0,0,0.823002278804779,0.17699772119522095
PETS_CREDIT_low_eff_su2_r1_d6_b02__none,none,hamp_output,685e2ecf9c9c42d485ce,0,0,0,0.5228749513626099,0.4771250784397125
PETS_CREDIT_low_eff_su2_r1_d6_b02__none,none,hamp_output,3a38d3079b87b1aa292b,0,0,0,0.9433676600456238,0.056632354855537415
PETS_CREDIT_low_eff_su2_r1_d6_b02__none,none,hamp_output,4a088c612fee9ef613b8,0,0,0,0.965442419052124,0.034557588398456573
PETS_CREDIT_low_eff_su2_r1_d6_b02__none,none,hamp_output,e662ed68ef3f99bd0ed7,0,0,0,0.9129276275634766,0.08707235753536224
PETS_CREDIT_low_eff_su2_r1_d6_b02__none,none,hamp_output,baf60f731977893683c9,0,0,0,0.8282203078269958,0.17177967727184296
PETS_CREDIT_low_eff_su2_r1_d6_b02__none,none,hamp_output,af85096b9d68ea111a40,0,0,0,0.578896701335907,0.4211033284664154
PETS_CREDIT_low_eff_su2_r1_d6_b02__none,none,hamp_output,948f6a099d3241c9a1ec,0,0,0,0.8920413255691528,0.10795868188142776
PETS_CREDIT_low_eff_su2_r1_d6_b02__none,none,hamp_output,5f65233bde8585faedb5,0,0,0,0.7250481247901917,0.2749519348144531
PETS_CREDIT_low_eff_su2_r1_d6_b02__none,none,hamp_output,5acd05c508162abd3783,0,0,0,0.7662776708602905,0.23372232913970947
PETS_CREDIT_low_eff_su2_r1_d6_b02__none,none,hamp_output,349b65ac22308893e3ec,0,1,0,0.8431442975997925,0.15685568749904633
PETS_CREDIT_low_eff_su2_r1_d6_b02__none,none,hamp_output,1deef9da8e2ee98331dc,0,0,0,0.7662268877029419,0.2337731570005417
PETS_CREDIT_low_eff_su2_r1_d6_b02__none,none,hamp_output,ccba09c993c170faae38,0,1,0,0.5083712935447693,0.4916287064552307
PETS_CREDIT_low_eff_su2_r1_d6_b02__none,none,hamp_output,4882932be60b65305c84,0,0,0,0.7236245274543762,0.2763754725456238
PETS_CREDIT_low_eff_su2_r1_d6_b02__none,none,hamp_output,b244235968526b38867d,0,0,0,0.939464807510376,0.06053512915968895
PETS_CREDIT_low_eff_su2_r1_d6_b02__none,none,hamp_output,c3a927c03687d1a576df,0,0,0,0.9417380690574646,0.05826190486550331
PETS_CREDIT_low_eff_su2_r1_d6_b02__none,none,hamp_output,fa1f9563eb089a4c05eb,0,1,0,0.8398827314376831,0.16011729836463928
PETS_CREDIT_low_eff_su2_r1_d6_b02__none,none,hamp_output,555c4408bbd55bf9a01b,0,0,0,0.7339856624603271,0.26601433753967285
PETS_CREDIT_low_eff_su2_r1_d6_b02__none,none,hamp_output,6bb3006cf2b47b29d044,0,0,0,0.8142603039741516,0.18573974072933197
PETS_CREDIT_low_eff_su2_r1_d6_b02__none,none,hamp_output,a3076f399cf32e671da9,0,1,0,0.7438058853149414,0.2561940848827362
PETS_CREDIT_low_eff_su2_r1_d6_b02__none,none,hamp_output,d0ead593664a3694fc2c,0,0,0,0.8436254858970642,0.1563744843006134
PETS_CREDIT_low_eff_su2_r1_d6_b02__none,none,hamp_output,f4686f1ccb3b1f5b89c1,0,0,0,0.8586046099662781,0.14139536023139954
PETS_CREDIT_low_eff_su2_r1_d6_b02__none,none,hamp_output,6b7219cfa53e1ae4e686,0,0,0,0.8497534394264221,0.1502465009689331
PETS_CREDIT_low_eff_su2_r1_d6_b02__none,none,hamp_output,88f9384f8a0cf279c07b,0,0,0,0.7584285736083984,0.24157141149044037
PETS_CREDIT_low_eff_su2_r1_d6_b02__none,none,hamp_output,8ac37e6efcfd84f4bf90,0,0,0,0.7289678454399109,0.2710321545600891
PETS_CREDIT_low_eff_su2_r1_d6_b02__none,none,hamp_output,e947ef8b0f016ee69de8,0,0,0,0.8566207885742188,0.14337918162345886
PETS_CREDIT_low_eff_su2_r1_d6_b02__none,none,hamp_output,6c53aaf7ecbc425941a4,0,1,0,0.7896119952201843,0.21038801968097687
PETS_CREDIT_low_eff_su2_r1_d6_b02__none,none,hamp_output,b215fc8b709612d72d29,0,0,0,0.8200340867042542,0.17996595799922943
PETS_CREDIT_low_eff_su2_r1_d6_b02__none,none,hamp_output,87c7d3469677d57e0f68,0,0,0,0.7843700647354126,0.2156299352645874
PETS_CREDIT_low_eff_su2_r1_d6_b02__none,none,hamp_output,aca397f6cfe96c665e23,0,0,0,0.8449128270149231,0.1550871878862381
PETS_CREDIT_low_eff_su2_r1_d6_b02__none,none,hamp_output,f1d5fbea8d8fc197f689,0,0,0,0.6121761202812195,0.3878239095211029
PETS_CREDIT_low_eff_su2_r1_d6_b02__none,none,hamp_output,a660b0769301bab3f88d,0,0,0,0.7238718271255493,0.27612820267677307
PETS_CREDIT_low_eff_su2_r1_d6_b02__none,none,hamp_output,fb41b4f01480a9067cf9,0,1,0,0.7011351585388184,0.29886481165885925
PETS_CREDIT_low_eff_su2_r1_d6_b02__none,none,hamp_output,c65308558f565034903d,0,1,0,0.7406538128852844,0.25934624671936035
PETS_CREDIT_low_eff_su2_r1_d6_b02__none,none,hamp_output,61985a6dca52dc5fe733,0,0,0,0.5714859366416931,0.4285140335559845
PETS_CREDIT_low_eff_su2_r1_d6_b02__none,none,hamp_output,79d13f79e25dd355b797,0,1,0,0.9600021243095398,0.039997853338718414
PETS_CREDIT_low_eff_su2_r1_d6_b02__none,none,hamp_output,6df7b8af4894c02f1865,0,0,0,0.7824757695198059,0.2175242006778717
PETS_CREDIT_low_eff_su2_r1_d6_b02__none,none,hamp_output,f50f173b25417d940819,0,0,0,0.8027063012123108,0.1972937285900116
PETS_CREDIT_low_eff_su2_r1_d6_b02__none,none,hamp_output,73ce0aaf437e0a73c182,0,1,0,0.8889853358268738,0.11101460456848145
PETS_CREDIT_low_eff_su2_r1_d6_b02__none,none,hamp_output,0748c8ca29b369b66e6f,0,1,0,0.800267219543457,0.19973281025886536
PETS_CREDIT_low_eff_su2_r1_d6_b02__none,none,hamp_output,e5cdd46506910a0d29a4,0,0,0,0.6577296257019043,0.3422703742980957
PETS_CREDIT_low_eff_su2_r1_d6_b02__none,none,hamp_output,266c16f52337745816e5,0,0,0,0.8519753813743591,0.14802463352680206
PETS_CREDIT_low_eff_su2_r1_d6_b02__none,none,hamp_output,806319326d809b9eae67,0,0,0,0.6850995421409607,0.3149004280567169
PETS_CREDIT_low_eff_su2_r1_d6_b02__none,none,hamp_output,3da17ae4582b2ac6ac6a,0,0,0,0.8268575072288513,0.17314252257347107
PETS_CREDIT_low_eff_su2_r1_d6_b02__none,none,hamp_output,cd6bf5351920ef71b772,0,0,0,0.6066208481788635,0.3933791518211365
PETS_CREDIT_low_eff_su2_r1_d6_b02__none,none,hamp_output,f1fa5a6ee10e25b70a00,0,0,0,0.9316609501838684,0.06833910942077637
PETS_CREDIT_low_eff_su2_r1_d6_b02__none,none,hamp_output,de98a8baab2807797bb8,0,0,0,0.7837381362915039,0.2162618786096573
PETS_CREDIT_low_eff_su2_r1_d6_b02__none,none,hamp_output,4c7af58561c27a6e341e,0,1,0,0.6916412115097046,0.308358758687973
PETS_CREDIT_low_eff_su2_r1_d6_b02__none,none,hamp_output,38ba8c1ecc8be69eb7d0,0,0,0,0.877707839012146,0.1222921684384346
PETS_CREDIT_low_eff_su2_r1_d6_b02__none,none,hamp_output,1b857744e17f39b46f16,0,0,0,0.8662104606628418,0.13378950953483582
PETS_CREDIT_low_eff_su2_r1_d6_b02__none,none,hamp_output,31d01a38894b805bfc80,0,0,0,0.798437237739563,0.201562762260437
PETS_CREDIT_low_eff_su2_r1_d6_b02__none,none,hamp_output,231156f957719dd417d9,0,0,0,0.9012255668640137,0.0987744927406311
PETS_CREDIT_low_eff_su2_r1_d6_b02__none,none,hamp_output,7bfb843a13cff05233ad,0,0,0,0.5572699308395386,0.4427300989627838
PETS_CREDIT_low_eff_su2_r1_d6_b02__none,none,hamp_output,24850cc249ef6fef8baa,0,0,0,0.755668044090271,0.2443319708108902
PETS_CREDIT_low_eff_su2_r1_d6_b02__none,none,hamp_output,f80b742f70e5ef1f2f75,0,0,0,0.8799285888671875,0.12007145583629608
PETS_CREDIT_low_eff_su2_r1_d6_b02__none,none,hamp_output,392fabb059005262a0a6,0,0,0,0.880023181438446,0.11997682601213455
PETS_CREDIT_low_eff_su2_r1_d6_b02__none,none,hamp_output,e5731b75bfb8647f33f0,0,1,1,0.15056204795837402,0.849437952041626
PETS_CREDIT_low_eff_su2_r1_d6_b02__none,none,hamp_output,63426de2bcac10c978ef,0,0,0,0.9151725769042969,0.08482743054628372
PETS_CREDIT_low_eff_su2_r1_d6_b02__none,none,hamp_output,346b2d56d8b09d426f47,0,1,0,0.7328271269798279,0.2671729028224945
PETS_CREDIT_low_eff_su2_r1_d6_b02__none,none,hamp_output,79ede8f524cb4755d342,0,0,0,0.9402095675468445,0.059790465980768204
PETS_CREDIT_low_eff_su2_r1_d6_b02__none,none,hamp_output,9b15c4988e577e46b572,0,0,0,0.8403035402297974,0.1596965193748474
PETS_CREDIT_low_eff_su2_r1_d6_b02__none,none,hamp_output,2ae5fdcfe3923a4263b6,0,0,0,0.7480695247650146,0.25193044543266296
PETS_CREDIT_low_eff_su2_r1_d6_b02__none,none,hamp_output,b690772de8eb14084d30,0,1,0,0.7627801895141602,0.23721981048583984
PETS_CREDIT_low_eff_su2_r1_d6_b02__none,none,hamp_output,a19516268df63768faeb,0,0,0,0.7368728518486023,0.2631271481513977
PETS_CREDIT_low_eff_su2_r1_d6_b02__none,none,hamp_output,2e900caa6bf6a7e56807,0,0,0,0.863915741443634,0.13608424365520477
PETS_CREDIT_low_eff_su2_r1_d6_b02__none,none,hamp_output,3e5959b02df8356effc1,0,0,0,0.9034788608551025,0.09652116894721985
PETS_CREDIT_low_eff_su2_r1_d6_b02__none,none,hamp_output,b6b16448c07ca52d41fb,0,0,0,0.8217498660087585,0.17825017869472504
PETS_CREDIT_low_eff_su2_r1_d6_b02__none,none,hamp_output,bf9825a8b0d7138b3690,0,1,0,0.8125638961791992,0.18743613362312317
PETS_CREDIT_low_eff_su2_r1_d6_b02__none,none,hamp_output,ae831412dedceb901cc4,0,0,0,0.7617442607879639,0.23825570940971375
PETS_CREDIT_low_eff_su2_r1_d6_b02__none,none,hamp_output,1b791f7fc091a40a0494,0,0,0,0.7333091497421265,0.2666909098625183
PETS_CREDIT_low_eff_su2_r1_d6_b02__none,none,hamp_output,2951667761deda7d6d9f,0,0,0,0.8999260067939758,0.10007400810718536
PETS_CREDIT_low_eff_su2_r1_d6_b02__none,none,hamp_output,c55786a9941cc04c9348,0,0,0,0.5358814597129822,0.4641185402870178
PETS_CREDIT_low_eff_su2_r1_d6_b02__none,none,hamp_output,67fb36e26b798796d6fd,0,0,0,0.9080137014389038,0.09198623895645142
PETS_CREDIT_low_eff_su2_r1_d6_b02__none,none,hamp_output,f8f44150ace4d5e110b6,0,1,0,0.5328251719474792,0.46717485785484314
PETS_CREDIT_low_eff_su2_r1_d6_b02__none,none,hamp_output,92becb8f0ed68752cc52,0,1,0,0.8299736976623535,0.17002630233764648
PETS_CREDIT_low_eff_su2_r1_d6_b02__none,none,hamp_output,cab8e2ac7eeaf27d3d2c,0,0,0,0.5076624155044556,0.49233758449554443
PETS_CREDIT_low_eff_su2_r1_d6_b02__none,none,hamp_output,d1db35b6c9e008df971d,0,0,0,0.9403737783432007,0.059626199305057526
PETS_CREDIT_low_eff_su2_r1_d6_b02__none,none,hamp_output,83d86a08997d81c1643f,0,0,0,0.7186133861541748,0.2813866436481476
PETS_CREDIT_low_eff_su2_r1_d6_b02__none,none,memguard,26b6a5da65cdaeb8e184,1,0,0,0.7544495463371277,0.2455504983663559
PETS_CREDIT_low_eff_su2_r1_d6_b02__none,none,memguard,aaca4c9adb936209ae4f,1,0,0,0.7670500874519348,0.23294992744922638
PETS_CREDIT_low_eff_su2_r1_d6_b02__none,none,memguard,5b4cdc8a84b914138d2b,1,0,0,0.769640326499939,0.23035965859889984
PETS_CREDIT_low_eff_su2_r1_d6_b02__none,none,memguard,d2c3d34fb102babfa194,1,0,0,0.7651827931404114,0.23481717705726624
PETS_CREDIT_low_eff_su2_r1_d6_b02__none,none,memguard,26f8e0268dd95cba45fd,1,0,0,0.7663236856460571,0.23367635905742645
PETS_CREDIT_low_eff_su2_r1_d6_b02__none,none,memguard,877b93e6aa8797d2cd0b,1,1,0,0.7765493392944336,0.2234506607055664
PETS_CREDIT_low_eff_su2_r1_d6_b02__none,none,memguard,e0b33cacbadcac9f3d26,1,0,0,0.7512574195861816,0.24874262511730194
PETS_CREDIT_low_eff_su2_r1_d6_b02__none,none,memguard,df16a30c67111933fccc,1,1,0,0.7543530464172363,0.24564699828624725
PETS_CREDIT_low_eff_su2_r1_d6_b02__none,none,memguard,7105743f10682ac4a1cc,1,1,0,0.7564935088157654,0.2435065358877182
PETS_CREDIT_low_eff_su2_r1_d6_b02__none,none,memguard,0ffd3e39286157b02ad4,1,0,0,0.7854273319244385,0.2145727127790451
PETS_CREDIT_low_eff_su2_r1_d6_b02__none,none,memguard,e4890079e5df86b99388,1,0,0,0.7623122930526733,0.23768772184848785
PETS_CREDIT_low_eff_su2_r1_d6_b02__none,none,memguard,e07f107ec2deef516f4f,1,0,0,0.7538874745368958,0.24611249566078186
PETS_CREDIT_low_eff_su2_r1_d6_b02__none,none,memguard,c91e3b5a028c06ad1f92,1,0,0,0.7542617321014404,0.24573828279972076
PETS_CREDIT_low_eff_su2_r1_d6_b02__none,none,memguard,d606f1831b9734bb90e1,1,0,0,0.7618800401687622,0.2381199598312378
PETS_CREDIT_low_eff_su2_r1_d6_b02__none,none,memguard,c3a59fc71e20658f6341,1,0,0,0.7564146518707275,0.24358531832695007
PETS_CREDIT_low_eff_su2_r1_d6_b02__none,none,memguard,78edbc6916b12b570866,1,1,0,0.757146418094635,0.24285361170768738
PETS_CREDIT_low_eff_su2_r1_d6_b02__none,none,memguard,a62d80fa1349c54517ce,1,0,0,0.7813342809677124,0.2186656892299652
PETS_CREDIT_low_eff_su2_r1_d6_b02__none,none,memguard,46dbe6ca2f4531385a05,1,0,0,0.7592023611068726,0.24079766869544983
PETS_CREDIT_low_eff_su2_r1_d6_b02__none,none,memguard,8b629ccf361c8da0309f,1,0,0,0.7699655294418335,0.23003444075584412
PETS_CREDIT_low_eff_su2_r1_d6_b02__none,none,memguard,4dde24d981dd8981f71f,1,1,0,0.7498713731765747,0.2501285970211029
PETS_CREDIT_low_eff_su2_r1_d6_b02__none,none,memguard,ab00e756b29c98fd6674,1,0,0,0.7784404158592224,0.22155961394309998
PETS_CREDIT_low_eff_su2_r1_d6_b02__none,none,memguard,196d92dfff0523a23237,1,0,0,0.7569774985313416,0.24302248656749725
PETS_CREDIT_low_eff_su2_r1_d6_b02__none,none,memguard,988a4b4dcb53bafffb01,1,0,0,0.779522716999054,0.22047731280326843
PETS_CREDIT_low_eff_su2_r1_d6_b02__none,none,memguard,c8a7bd1cd35ba1e89b80,1,0,0,0.7752105593681335,0.22478944063186646
PETS_CREDIT_low_eff_su2_r1_d6_b02__none,none,memguard,6093ce809aa33ce6693b,1,0,0,0.78178471326828,0.21821528673171997
PETS_CREDIT_low_eff_su2_r1_d6_b02__none,none,memguard,00405a37dd709b2d51a8,1,0,0,0.7730673551559448,0.22693264484405518
PETS_CREDIT_low_eff_su2_r1_d6_b02__none,none,memguard,aaff47c50ec280d97eda,1,0,0,0.7518998980522156,0.24810008704662323
PETS_CREDIT_low_eff_su2_r1_d6_b02__none,none,memguard,a6dfd0dc4ba32e6c00e6,1,0,0,0.7643142938613892,0.23568567633628845
PETS_CREDIT_low_eff_su2_r1_d6_b02__none,none,memguard,75e559f2a9928f47e4ef,1,0,0,0.77423495054245,0.22576509416103363
PETS_CREDIT_low_eff_su2_r1_d6_b02__none,none,memguard,f1068bd99413d081a271,1,0,0,0.7622397541999817,0.23776023089885712
PETS_CREDIT_low_eff_su2_r1_d6_b02__none,none,memguard,58cb80b3d0535cb4343a,1,0,0,0.7647175192832947,0.2352825105190277
PETS_CREDIT_low_eff_su2_r1_d6_b02__none,none,memguard,5cb75d859aa2d3df94b0,1,0,0,0.7783786654472351,0.22162136435508728
PETS_CREDIT_low_eff_su2_r1_d6_b02__none,none,memguard,6e144bf85d42e3ac6fae,1,1,0,0.7407585382461548,0.2592414617538452
PETS_CREDIT_low_eff_su2_r1_d6_b02__none,none,memguard,e8613e68d8ca2ea9e7fd,1,0,0,0.7713515162467957,0.22864848375320435
PETS_CREDIT_low_eff_su2_r1_d6_b02__none,none,memguard,0674ce029ebb21d32e38,1,1,0,0.7589660286903381,0.24103398621082306
PETS_CREDIT_low_eff_su2_r1_d6_b02__none,none,memguard,b0f47ae4b56b3aa4d111,1,0,0,0.7560471892356873,0.24395282566547394
PETS_CREDIT_low_eff_su2_r1_d6_b02__none,none,memguard,e76cce60bc3507d0d7b2,1,0,0,0.7633253931999207,0.23667457699775696
PETS_CREDIT_low_eff_su2_r1_d6_b02__none,none,memguard,72bf8a475d5aa5538cd3,1,0,0,0.7615106105804443,0.23848938941955566
PETS_CREDIT_low_eff_su2_r1_d6_b02__none,none,memguard,f3ca91dd8e5aba8d83d9,1,1,0,0.7649871110916138,0.23501288890838623
PETS_CREDIT_low_eff_su2_r1_d6_b02__none,none,memguard,70d271c728323ea28d90,1,0,0,0.7743861079216003,0.22561386227607727
PETS_CREDIT_low_eff_su2_r1_d6_b02__none,none,memguard,a55e4e1cd3465563efc4,1,0,0,0.7517646551132202,0.24823534488677979
PETS_CREDIT_low_eff_su2_r1_d6_b02__none,none,memguard,4def6ca8e27be84aeb54,1,1,0,0.7458207607269287,0.2541792094707489
PETS_CREDIT_low_eff_su2_r1_d6_b02__none,none,memguard,347bd04364dce3c5342e,1,0,0,0.7859277725219727,0.21407222747802734
PETS_CREDIT_low_eff_su2_r1_d6_b02__none,none,memguard,bf465d63c434358f77e4,1,0,0,0.7652309536933899,0.2347690612077713
PETS_CREDIT_low_eff_su2_r1_d6_b02__none,none,memguard,c9e5785745f04cec0d37,1,0,0,0.7687596082687378,0.23124036192893982
PETS_CREDIT_low_eff_su2_r1_d6_b02__none,none,memguard,c536d8f2ff559c7756e7,1,0,0,0.771647036075592,0.22835297882556915
PETS_CREDIT_low_eff_su2_r1_d6_b02__none,none,memguard,f0c1637eb1fa5204c581,1,0,0,0.7680435180664062,0.23195649683475494
PETS_CREDIT_low_eff_su2_r1_d6_b02__none,none,memguard,bfa7b1aca5d187760a16,1,0,0,0.7471409440040588,0.25285908579826355
PETS_CREDIT_low_eff_su2_r1_d6_b02__none,none,memguard,cec5a851be4f6e7c0887,1,1,0,0.7647302746772766,0.2352697104215622
PETS_CREDIT_low_eff_su2_r1_d6_b02__none,none,memguard,619b46d6086e6aad3d84,1,0,0,0.76618891954422,0.23381105065345764
PETS_CREDIT_low_eff_su2_r1_d6_b02__none,none,memguard,1dd9f8371cdcaa1758b3,1,0,0,0.7737324833869934,0.2262674868106842
PETS_CREDIT_low_eff_su2_r1_d6_b02__none,none,memguard,a4fc6b0808359418c098,1,0,0,0.7408043146133423,0.2591957151889801
PETS_CREDIT_low_eff_su2_r1_d6_b02__none,none,memguard,073dbbd888ef767c75de,1,0,0,0.7833365201950073,0.21666347980499268
PETS_CREDIT_low_eff_su2_r1_d6_b02__none,none,memguard,7c7fe88dcec806be29da,1,0,0,0.7700127363204956,0.22998732328414917
PETS_CREDIT_low_eff_su2_r1_d6_b02__none,none,memguard,fbbb0f469e10095b9cc1,1,1,0,0.7721260786056519,0.22787392139434814
PETS_CREDIT_low_eff_su2_r1_d6_b02__none,none,memguard,c0daa10532a8487ca803,1,1,0,0.7813696265220642,0.2186303436756134
PETS_CREDIT_low_eff_su2_r1_d6_b02__none,none,memguard,bacc1c25b75ae0e1b780,1,0,0,0.7535440921783447,0.24645595252513885
PETS_CREDIT_low_eff_su2_r1_d6_b02__none,none,memguard,1313972ddf1c6e9eb2c9,1,1,0,0.7487955689430237,0.2512044310569763
PETS_CREDIT_low_eff_su2_r1_d6_b02__none,none,memguard,1819fe5c399a17316fee,1,0,0,0.7761536240577698,0.2238464057445526
PETS_CREDIT_low_eff_su2_r1_d6_b02__none,none,memguard,70e46e61db439dd8e308,1,0,0,0.7870023846626282,0.21299760043621063
PETS_CREDIT_low_eff_su2_r1_d6_b02__none,none,memguard,01743ddf295d8f6b5a46,1,1,0,0.7608546614646912,0.23914533853530884
PETS_CREDIT_low_eff_su2_r1_d6_b02__none,none,memguard,a5628044ec0880a52490,1,1,0,0.7417474985122681,0.2582525312900543
PETS_CREDIT_low_eff_su2_r1_d6_b02__none,none,memguard,6a75db22a6087741eef2,1,0,0,0.7570216655731201,0.24297833442687988
PETS_CREDIT_low_eff_su2_r1_d6_b02__none,none,memguard,92516ca36411fad7d9c9,1,0,0,0.7433390617370605,0.25666093826293945
PETS_CREDIT_low_eff_su2_r1_d6_b02__none,none,memguard,787c85a205e13b242012,1,0,0,0.7661774158477783,0.23382261395454407
PETS_CREDIT_low_eff_su2_r1_d6_b02__none,none,memguard,8d5ec20ca179ede5da84,1,0,0,0.7845758199691772,0.21542420983314514
PETS_CREDIT_low_eff_su2_r1_d6_b02__none,none,memguard,973b363916938dbaaf31,1,0,0,0.751919686794281,0.2480803281068802
PETS_CREDIT_low_eff_su2_r1_d6_b02__none,none,memguard,e3e282f64bed70282149,1,0,0,0.7634960412979126,0.2365039885044098
PETS_CREDIT_low_eff_su2_r1_d6_b02__none,none,memguard,c50e57ca37a497df3a13,1,0,0,0.753700315952301,0.24629971385002136
PETS_CREDIT_low_eff_su2_r1_d6_b02__none,none,memguard,6c0e663b6848864dc914,1,1,0,0.7407950162887573,0.25920501351356506
PETS_CREDIT_low_eff_su2_r1_d6_b02__none,none,memguard,ac5f40db5db91c18a83b,1,0,0,0.7824479937553406,0.21755197644233704
PETS_CREDIT_low_eff_su2_r1_d6_b02__none,none,memguard,072f10d00d9156aab9f2,1,0,0,0.7730838060379028,0.22691616415977478
PETS_CREDIT_low_eff_su2_r1_d6_b02__none,none,memguard,526cee77dcfea7ee8138,1,0,0,0.770849883556366,0.22915014624595642
PETS_CREDIT_low_eff_su2_r1_d6_b02__none,none,memguard,25282b20e9c64236ec4d,1,0,0,0.7697862386703491,0.2302136868238449
PETS_CREDIT_low_eff_su2_r1_d6_b02__none,none,memguard,14ee67db08b82edf07a3,1,0,0,0.760515034198761,0.2394849807024002
PETS_CREDIT_low_eff_su2_r1_d6_b02__none,none,memguard,eb849709f12c60edd50b,1,0,0,0.7639061212539673,0.2360938936471939
PETS_CREDIT_low_eff_su2_r1_d6_b02__none,none,memguard,b91b8614dbf7826436cf,1,0,0,0.7807243466377258,0.21927568316459656
PETS_CREDIT_low_eff_su2_r1_d6_b02__none,none,memguard,8f95586c1c6fb3f2a750,1,0,0,0.7705597877502441,0.22944027185440063
PETS_CREDIT_low_eff_su2_r1_d6_b02__none,none,memguard,5e48c11768cb070aefe6,1,1,0,0.7730348110198975,0.22696520388126373
PETS_CREDIT_low_eff_su2_r1_d6_b02__none,none,memguard,7ce1135db7560daf7e70,1,0,0,0.7603604197502136,0.239639550447464
PETS_CREDIT_low_eff_su2_r1_d6_b02__none,none,memguard,f332cc500c7a62b19024,1,1,0,0.7430041432380676,0.2569958567619324
PETS_CREDIT_low_eff_su2_r1_d6_b02__none,none,memguard,192395141a760795b97a,1,0,0,0.7694776058197021,0.23052237927913666
PETS_CREDIT_low_eff_su2_r1_d6_b02__none,none,memguard,9fc5fbe55717fe6862a4,1,0,0,0.7649742364883423,0.2350257933139801
PETS_CREDIT_low_eff_su2_r1_d6_b02__none,none,memguard,8fe0ac3103b5acc00cdc,1,0,0,0.7646903991699219,0.2353096306324005
PETS_CREDIT_low_eff_su2_r1_d6_b02__none,none,memguard,d46f8b9f4d57f90db615,1,1,0,0.7556687593460083,0.2443312704563141
PETS_CREDIT_low_eff_su2_r1_d6_b02__none,none,memguard,11ccb38ba9653d61e950,1,0,0,0.7471966743469238,0.25280338525772095
PETS_CREDIT_low_eff_su2_r1_d6_b02__none,none,memguard,b84ff32b3c14263b0dd5,1,0,0,0.7660501599311829,0.23394982516765594
PETS_CREDIT_low_eff_su2_r1_d6_b02__none,none,memguard,ab97fae957e08270ffce,1,0,0,0.779373288154602,0.22062675654888153
PETS_CREDIT_low_eff_su2_r1_d6_b02__none,none,memguard,6af56a8b2e15acc1e086,1,0,0,0.7766819596290588,0.22331802546977997
PETS_CREDIT_low_eff_su2_r1_d6_b02__none,none,memguard,07d4d260e30d7cf5b71f,1,1,0,0.7438631057739258,0.256136953830719
PETS_CREDIT_low_eff_su2_r1_d6_b02__none,none,memguard,fb40711278aca2b43c69,1,0,0,0.7819536328315735,0.2180463969707489
PETS_CREDIT_low_eff_su2_r1_d6_b02__none,none,memguard,1c7eb9e50fc08e5f8cf0,1,0,0,0.7660921216011047,0.23390790820121765
PETS_CREDIT_low_eff_su2_r1_d6_b02__none,none,memguard,5383d08662564ec7ab0d,1,0,0,0.78337162733078,0.21662843227386475
PETS_CREDIT_low_eff_su2_r1_d6_b02__none,none,memguard,006df97946d214e0111f,1,0,0,0.7596722841262817,0.24032776057720184
PETS_CREDIT_low_eff_su2_r1_d6_b02__none,none,memguard,6f47824d3363865de61a,1,0,0,0.7663115859031677,0.23368841409683228
PETS_CREDIT_low_eff_su2_r1_d6_b02__none,none,memguard,3ac7ac4bc65a6ffec899,1,1,0,0.7618194222450256,0.23818060755729675
PETS_CREDIT_low_eff_su2_r1_d6_b02__none,none,memguard,29a333df83b13ef7fea3,1,1,0,0.785103976726532,0.21489602327346802
PETS_CREDIT_low_eff_su2_r1_d6_b02__none,none,memguard,39f8154e08ad72170108,1,0,0,0.7711569666862488,0.22884303331375122
PETS_CREDIT_low_eff_su2_r1_d6_b02__none,none,memguard,25bed8f88a506c4cc366,1,0,0,0.787478506565094,0.2125215083360672
PETS_CREDIT_low_eff_su2_r1_d6_b02__none,none,memguard,c75c31af2389cc3a594f,1,0,0,0.7483886480331421,0.2516114115715027
PETS_CREDIT_low_eff_su2_r1_d6_b02__none,none,memguard,cbee3c9401120608f2ba,0,0,0,0.7705953121185303,0.22940470278263092
PETS_CREDIT_low_eff_su2_r1_d6_b02__none,none,memguard,1c3e9f95fcefe2e9f555,0,0,0,0.751979410648346,0.24802058935165405
PETS_CREDIT_low_eff_su2_r1_d6_b02__none,none,memguard,47955bec8c8c8b0d6ecd,0,0,0,0.7452423572540283,0.2547576427459717
PETS_CREDIT_low_eff_su2_r1_d6_b02__none,none,memguard,925cfc4ba01b802e6fea,0,0,0,0.7672322988510132,0.232767716050148
PETS_CREDIT_low_eff_su2_r1_d6_b02__none,none,memguard,cf2b344b8a066b41a298,0,0,0,0.7858468890190125,0.21415315568447113
PETS_CREDIT_low_eff_su2_r1_d6_b02__none,none,memguard,44ce9ab8bd9bd704ad04,0,1,0,0.7872885465621948,0.21271148324012756
PETS_CREDIT_low_eff_su2_r1_d6_b02__none,none,memguard,d2f0fdb253d121d24db4,0,0,0,0.751461386680603,0.24853862822055817
PETS_CREDIT_low_eff_su2_r1_d6_b02__none,none,memguard,11958d422323d7de5da8,0,1,0,0.7584786415100098,0.24152137339115143
PETS_CREDIT_low_eff_su2_r1_d6_b02__none,none,memguard,ee145a9d7a0dd082d343,0,1,0,0.7536668181419373,0.24633319675922394
PETS_CREDIT_low_eff_su2_r1_d6_b02__none,none,memguard,3bb90fb9f41d8cd780fb,0,0,0,0.7526229023933411,0.24737702310085297
PETS_CREDIT_low_eff_su2_r1_d6_b02__none,none,memguard,1df211fa59aa1d5f8ac4,0,0,0,0.7727003693580627,0.22729966044425964
PETS_CREDIT_low_eff_su2_r1_d6_b02__none,none,memguard,864edb9124799ed14941,0,0,0,0.7819143533706665,0.21808567643165588
PETS_CREDIT_low_eff_su2_r1_d6_b02__none,none,memguard,71a5cf1405bd2714ab77,0,0,0,0.7538459300994873,0.2461540699005127
PETS_CREDIT_low_eff_su2_r1_d6_b02__none,none,memguard,ec314aa70302252ef357,0,0,0,0.7472584247589111,0.2527415454387665
PETS_CREDIT_low_eff_su2_r1_d6_b02__none,none,memguard,07849266aa8f190a63f2,0,0,0,0.7760717868804932,0.22392821311950684
PETS_CREDIT_low_eff_su2_r1_d6_b02__none,none,memguard,9905912b0d924a7b3ca5,0,1,0,0.7645020484924316,0.23549793660640717
PETS_CREDIT_low_eff_su2_r1_d6_b02__none,none,memguard,10906783256975cefbbb,0,0,0,0.7746354937553406,0.22536450624465942
PETS_CREDIT_low_eff_su2_r1_d6_b02__none,none,memguard,7ff0c461042567dfe447,0,0,0,0.7592892050743103,0.24071082472801208
PETS_CREDIT_low_eff_su2_r1_d6_b02__none,none,memguard,34cd383be85fcb382ea6,0,0,0,0.7652097940444946,0.23479019105434418
PETS_CREDIT_low_eff_su2_r1_d6_b02__none,none,memguard,da601eb1fce6bb696bf8,0,1,0,0.7840736508369446,0.21592634916305542
PETS_CREDIT_low_eff_su2_r1_d6_b02__none,none,memguard,555680807658211b545c,0,0,0,0.7611830234527588,0.2388169765472412
PETS_CREDIT_low_eff_su2_r1_d6_b02__none,none,memguard,7dbb07f72b26cae53e10,0,0,0,0.7682306170463562,0.231769397854805
PETS_CREDIT_low_eff_su2_r1_d6_b02__none,none,memguard,3692ecea3b8cc152ac74,0,0,0,0.7403502464294434,0.25964972376823425
PETS_CREDIT_low_eff_su2_r1_d6_b02__none,none,memguard,685e2ecf9c9c42d485ce,0,0,0,0.7724705934524536,0.22752943634986877
PETS_CREDIT_low_eff_su2_r1_d6_b02__none,none,memguard,3a38d3079b87b1aa292b,0,0,0,0.7770904898643494,0.22290949523448944
PETS_CREDIT_low_eff_su2_r1_d6_b02__none,none,memguard,4a088c612fee9ef613b8,0,0,0,0.7725817561149597,0.2274182140827179
PETS_CREDIT_low_eff_su2_r1_d6_b02__none,none,memguard,e662ed68ef3f99bd0ed7,0,0,0,0.7495078444480896,0.250492125749588
PETS_CREDIT_low_eff_su2_r1_d6_b02__none,none,memguard,baf60f731977893683c9,0,0,0,0.7867727279663086,0.2132272571325302
PETS_CREDIT_low_eff_su2_r1_d6_b02__none,none,memguard,af85096b9d68ea111a40,0,0,0,0.7733160257339478,0.22668397426605225
PETS_CREDIT_low_eff_su2_r1_d6_b02__none,none,memguard,948f6a099d3241c9a1ec,0,0,0,0.7862499952316284,0.21375001966953278
PETS_CREDIT_low_eff_su2_r1_d6_b02__none,none,memguard,5f65233bde8585faedb5,0,0,0,0.7632114887237549,0.2367885410785675
PETS_CREDIT_low_eff_su2_r1_d6_b02__none,none,memguard,5acd05c508162abd3783,0,0,0,0.7521237730979919,0.24787627160549164
PETS_CREDIT_low_eff_su2_r1_d6_b02__none,none,memguard,349b65ac22308893e3ec,0,1,0,0.7434242367744446,0.2565757930278778
PETS_CREDIT_low_eff_su2_r1_d6_b02__none,none,memguard,1deef9da8e2ee98331dc,0,0,0,0.7428493499755859,0.25715067982673645
PETS_CREDIT_low_eff_su2_r1_d6_b02__none,none,memguard,ccba09c993c170faae38,0,1,0,0.748873770236969,0.2511262595653534
PETS_CREDIT_low_eff_su2_r1_d6_b02__none,none,memguard,4882932be60b65305c84,0,0,0,0.7609816789627075,0.23901833593845367
PETS_CREDIT_low_eff_su2_r1_d6_b02__none,none,memguard,b244235968526b38867d,0,0,0,0.7757587432861328,0.22424127161502838
PETS_CREDIT_low_eff_su2_r1_d6_b02__none,none,memguard,c3a927c03687d1a576df,0,0,0,0.7682916522026062,0.2317083477973938
PETS_CREDIT_low_eff_su2_r1_d6_b02__none,none,memguard,fa1f9563eb089a4c05eb,0,1,0,0.7763364911079407,0.2236635386943817
PETS_CREDIT_low_eff_su2_r1_d6_b02__none,none,memguard,555c4408bbd55bf9a01b,0,0,0,0.7788519859313965,0.2211480736732483
PETS_CREDIT_low_eff_su2_r1_d6_b02__none,none,memguard,6bb3006cf2b47b29d044,0,0,0,0.7599053382873535,0.24009469151496887
PETS_CREDIT_low_eff_su2_r1_d6_b02__none,none,memguard,a3076f399cf32e671da9,0,1,0,0.7473604083061218,0.2526395916938782
PETS_CREDIT_low_eff_su2_r1_d6_b02__none,none,memguard,d0ead593664a3694fc2c,0,0,0,0.7739176750183105,0.22608233988285065
PETS_CREDIT_low_eff_su2_r1_d6_b02__none,none,memguard,f4686f1ccb3b1f5b89c1,0,0,0,0.7771991491317749,0.2228008359670639
PETS_CREDIT_low_eff_su2_r1_d6_b02__none,none,memguard,6b7219cfa53e1ae4e686,0,0,0,0.7594401240348816,0.2405598759651184
PETS_CREDIT_low_eff_su2_r1_d6_b02__none,none,memguard,88f9384f8a0cf279c07b,0,0,0,0.7799933552742004,0.22000664472579956
PETS_CREDIT_low_eff_su2_r1_d6_b02__none,none,memguard,8ac37e6efcfd84f4bf90,0,0,0,0.7595248222351074,0.24047517776489258
PETS_CREDIT_low_eff_su2_r1_d6_b02__none,none,memguard,e947ef8b0f016ee69de8,0,0,0,0.7675914764404297,0.2324085831642151
PETS_CREDIT_low_eff_su2_r1_d6_b02__none,none,memguard,6c53aaf7ecbc425941a4,0,1,0,0.7472964525222778,0.25270357728004456
PETS_CREDIT_low_eff_su2_r1_d6_b02__none,none,memguard,b215fc8b709612d72d29,0,0,0,0.7393602728843689,0.2606397271156311
PETS_CREDIT_low_eff_su2_r1_d6_b02__none,none,memguard,87c7d3469677d57e0f68,0,0,0,0.7701935172080994,0.22980646789073944
PETS_CREDIT_low_eff_su2_r1_d6_b02__none,none,memguard,aca397f6cfe96c665e23,0,0,0,0.7587437033653259,0.24125626683235168
PETS_CREDIT_low_eff_su2_r1_d6_b02__none,none,memguard,f1d5fbea8d8fc197f689,0,0,0,0.7615622878074646,0.2384377419948578
PETS_CREDIT_low_eff_su2_r1_d6_b02__none,none,memguard,a660b0769301bab3f88d,0,0,0,0.7702070474624634,0.22979295253753662
PETS_CREDIT_low_eff_su2_r1_d6_b02__none,none,memguard,fb41b4f01480a9067cf9,0,1,0,0.7419708371162415,0.25802919268608093
PETS_CREDIT_low_eff_su2_r1_d6_b02__none,none,memguard,c65308558f565034903d,0,1,0,0.7835121750831604,0.2164878249168396
PETS_CREDIT_low_eff_su2_r1_d6_b02__none,none,memguard,61985a6dca52dc5fe733,0,0,0,0.7776899337768555,0.22231008112430573
PETS_CREDIT_low_eff_su2_r1_d6_b02__none,none,memguard,79d13f79e25dd355b797,0,1,0,0.7856529355049133,0.21434707939624786
PETS_CREDIT_low_eff_su2_r1_d6_b02__none,none,memguard,6df7b8af4894c02f1865,0,0,0,0.7500019073486328,0.24999812245368958
PETS_CREDIT_low_eff_su2_r1_d6_b02__none,none,memguard,f50f173b25417d940819,0,0,0,0.7858591675758362,0.21414080262184143
PETS_CREDIT_low_eff_su2_r1_d6_b02__none,none,memguard,73ce0aaf437e0a73c182,0,1,0,0.7412352561950684,0.2587648034095764
PETS_CREDIT_low_eff_su2_r1_d6_b02__none,none,memguard,0748c8ca29b369b66e6f,0,1,0,0.7641729116439819,0.23582711815834045
PETS_CREDIT_low_eff_su2_r1_d6_b02__none,none,memguard,e5cdd46506910a0d29a4,0,0,0,0.7579153776168823,0.24208463728427887
PETS_CREDIT_low_eff_su2_r1_d6_b02__none,none,memguard,266c16f52337745816e5,0,0,0,0.7795636057853699,0.22043636441230774
PETS_CREDIT_low_eff_su2_r1_d6_b02__none,none,memguard,806319326d809b9eae67,0,0,0,0.7637807130813599,0.23621930181980133
PETS_CREDIT_low_eff_su2_r1_d6_b02__none,none,memguard,3da17ae4582b2ac6ac6a,0,0,0,0.7843605279922485,0.21563944220542908
PETS_CREDIT_low_eff_su2_r1_d6_b02__none,none,memguard,cd6bf5351920ef71b772,0,0,0,0.7649756073951721,0.23502439260482788
PETS_CREDIT_low_eff_su2_r1_d6_b02__none,none,memguard,f1fa5a6ee10e25b70a00,0,0,0,0.7490308880805969,0.2509691119194031
PETS_CREDIT_low_eff_su2_r1_d6_b02__none,none,memguard,de98a8baab2807797bb8,0,0,0,0.7687212228775024,0.23127876222133636
PETS_CREDIT_low_eff_su2_r1_d6_b02__none,none,memguard,4c7af58561c27a6e341e,0,1,0,0.7669296264648438,0.23307037353515625
PETS_CREDIT_low_eff_su2_r1_d6_b02__none,none,memguard,38ba8c1ecc8be69eb7d0,0,0,0,0.7810158133506775,0.21898424625396729
PETS_CREDIT_low_eff_su2_r1_d6_b02__none,none,memguard,1b857744e17f39b46f16,0,0,0,0.7817229628562927,0.21827709674835205
PETS_CREDIT_low_eff_su2_r1_d6_b02__none,none,memguard,31d01a38894b805bfc80,0,0,0,0.7426539659500122,0.2573460638523102
PETS_CREDIT_low_eff_su2_r1_d6_b02__none,none,memguard,231156f957719dd417d9,0,0,0,0.7722213864326477,0.22777864336967468
PETS_CREDIT_low_eff_su2_r1_d6_b02__none,none,memguard,7bfb843a13cff05233ad,0,0,0,0.7405644655227661,0.2594355344772339
PETS_CREDIT_low_eff_su2_r1_d6_b02__none,none,memguard,24850cc249ef6fef8baa,0,0,0,0.7762088775634766,0.22379110753536224
PETS_CREDIT_low_eff_su2_r1_d6_b02__none,none,memguard,f80b742f70e5ef1f2f75,0,0,0,0.743159294128418,0.25684070587158203
PETS_CREDIT_low_eff_su2_r1_d6_b02__none,none,memguard,392fabb059005262a0a6,0,0,0,0.7648724317550659,0.23512759804725647
PETS_CREDIT_low_eff_su2_r1_d6_b02__none,none,memguard,e5731b75bfb8647f33f0,0,1,1,0.2421766072511673,0.7578234076499939
PETS_CREDIT_low_eff_su2_r1_d6_b02__none,none,memguard,63426de2bcac10c978ef,0,0,0,0.7833132147789001,0.21668678522109985
PETS_CREDIT_low_eff_su2_r1_d6_b02__none,none,memguard,346b2d56d8b09d426f47,0,1,0,0.739260196685791,0.26073983311653137
PETS_CREDIT_low_eff_su2_r1_d6_b02__none,none,memguard,79ede8f524cb4755d342,0,0,0,0.7785587310791016,0.22144129872322083
PETS_CREDIT_low_eff_su2_r1_d6_b02__none,none,memguard,9b15c4988e577e46b572,0,0,0,0.7641366124153137,0.23586338758468628
PETS_CREDIT_low_eff_su2_r1_d6_b02__none,none,memguard,2ae5fdcfe3923a4263b6,0,0,0,0.7757571935653687,0.22424282133579254
PETS_CREDIT_low_eff_su2_r1_d6_b02__none,none,memguard,b690772de8eb14084d30,0,1,0,0.7554774284362793,0.24452261626720428
PETS_CREDIT_low_eff_su2_r1_d6_b02__none,none,memguard,a19516268df63768faeb,0,0,0,0.7639008164405823,0.23609918355941772
PETS_CREDIT_low_eff_su2_r1_d6_b02__none,none,memguard,2e900caa6bf6a7e56807,0,0,0,0.7838680744171143,0.21613195538520813
PETS_CREDIT_low_eff_su2_r1_d6_b02__none,none,memguard,3e5959b02df8356effc1,0,0,0,0.7652458548545837,0.23475414514541626
PETS_CREDIT_low_eff_su2_r1_d6_b02__none,none,memguard,b6b16448c07ca52d41fb,0,0,0,0.7618529200553894,0.2381470501422882
PETS_CREDIT_low_eff_su2_r1_d6_b02__none,none,memguard,bf9825a8b0d7138b3690,0,1,0,0.7780947089195251,0.22190529108047485
PETS_CREDIT_low_eff_su2_r1_d6_b02__none,none,memguard,ae831412dedceb901cc4,0,0,0,0.7632935047149658,0.23670649528503418
PETS_CREDIT_low_eff_su2_r1_d6_b02__none,none,memguard,1b791f7fc091a40a0494,0,0,0,0.7470998764038086,0.2529001533985138
PETS_CREDIT_low_eff_su2_r1_d6_b02__none,none,memguard,2951667761deda7d6d9f,0,0,0,0.770116925239563,0.22988304495811462
PETS_CREDIT_low_eff_su2_r1_d6_b02__none,none,memguard,c55786a9941cc04c9348,0,0,0,0.7542129158973694,0.2457871288061142
PETS_CREDIT_low_eff_su2_r1_d6_b02__none,none,memguard,67fb36e26b798796d6fd,0,0,0,0.7735220789909363,0.2264779508113861
PETS_CREDIT_low_eff_su2_r1_d6_b02__none,none,memguard,f8f44150ace4d5e110b6,0,1,0,0.7394294738769531,0.26057055592536926
PETS_CREDIT_low_eff_su2_r1_d6_b02__none,none,memguard,92becb8f0ed68752cc52,0,1,0,0.7728824019432068,0.2271175980567932
PETS_CREDIT_low_eff_su2_r1_d6_b02__none,none,memguard,cab8e2ac7eeaf27d3d2c,0,0,0,0.7758616209030151,0.22413839399814606
PETS_CREDIT_low_eff_su2_r1_d6_b02__none,none,memguard,d1db35b6c9e008df971d,0,0,0,0.7781379222869873,0.22186210751533508
PETS_CREDIT_low_eff_su2_r1_d6_b02__none,none,memguard,83d86a08997d81c1643f,0,0,0,0.7859284281730652,0.2140716016292572
PETS_CREDIT_low_eff_su2_r1_d6_b02__none,none,logitguard_continuous,26b6a5da65cdaeb8e184,1,0,0,0.7565574049949646,0.243442565202713
PETS_CREDIT_low_eff_su2_r1_d6_b02__none,none,logitguard_continuous,aaca4c9adb936209ae4f,1,0,0,0.765594482421875,0.2344055473804474
PETS_CREDIT_low_eff_su2_r1_d6_b02__none,none,logitguard_continuous,5b4cdc8a84b914138d2b,1,0,0,0.7654601335525513,0.23453988134860992
PETS_CREDIT_low_eff_su2_r1_d6_b02__none,none,logitguard_continuous,d2c3d34fb102babfa194,1,0,0,0.7658754587173462,0.23412451148033142
PETS_CREDIT_low_eff_su2_r1_d6_b02__none,none,logitguard_continuous,26f8e0268dd95cba45fd,1,0,0,0.7643993496894836,0.23560062050819397
PETS_CREDIT_low_eff_su2_r1_d6_b02__none,none,logitguard_continuous,877b93e6aa8797d2cd0b,1,1,0,0.7674722671508789,0.23252765834331512
PETS_CREDIT_low_eff_su2_r1_d6_b02__none,none,logitguard_continuous,e0b33cacbadcac9f3d26,1,0,0,0.7663597464561462,0.23364028334617615
PETS_CREDIT_low_eff_su2_r1_d6_b02__none,none,logitguard_continuous,df16a30c67111933fccc,1,1,0,0.7741710543632507,0.22582897543907166
PETS_CREDIT_low_eff_su2_r1_d6_b02__none,none,logitguard_continuous,7105743f10682ac4a1cc,1,1,0,0.7661726474761963,0.2338273525238037
PETS_CREDIT_low_eff_su2_r1_d6_b02__none,none,logitguard_continuous,0ffd3e39286157b02ad4,1,0,0,0.7361381649971008,0.26386183500289917
PETS_CREDIT_low_eff_su2_r1_d6_b02__none,none,logitguard_continuous,e4890079e5df86b99388,1,0,0,0.7556326389312744,0.24436739087104797
PETS_CREDIT_low_eff_su2_r1_d6_b02__none,none,logitguard_continuous,e07f107ec2deef516f4f,1,0,0,0.758075475692749,0.24192452430725098
PETS_CREDIT_low_eff_su2_r1_d6_b02__none,none,logitguard_continuous,c91e3b5a028c06ad1f92,1,0,0,0.7599059343338013,0.24009406566619873
PETS_CREDIT_low_eff_su2_r1_d6_b02__none,none,logitguard_continuous,d606f1831b9734bb90e1,1,0,0,0.7597860097885132,0.24021397531032562
PETS_CREDIT_low_eff_su2_r1_d6_b02__none,none,logitguard_continuous,c3a59fc71e20658f6341,1,0,0,0.7622594237327576,0.23774056136608124
PETS_CREDIT_low_eff_su2_r1_d6_b02__none,none,logitguard_continuous,78edbc6916b12b570866,1,1,0,0.7616429328918457,0.23835709691047668
PETS_CREDIT_low_eff_su2_r1_d6_b02__none,none,logitguard_continuous,a62d80fa1349c54517ce,1,0,0,0.7690020799636841,0.2309979498386383
PETS_CREDIT_low_eff_su2_r1_d6_b02__none,none,logitguard_continuous,46dbe6ca2f4531385a05,1,0,0,0.75454181432724,0.24545817077159882
PETS_CREDIT_low_eff_su2_r1_d6_b02__none,none,logitguard_continuous,8b629ccf361c8da0309f,1,0,0,0.7525714039802551,0.24742858111858368
PETS_CREDIT_low_eff_su2_r1_d6_b02__none,none,logitguard_continuous,4dde24d981dd8981f71f,1,1,0,0.764125406742096,0.23587456345558167
PETS_CREDIT_low_eff_su2_r1_d6_b02__none,none,logitguard_continuous,ab00e756b29c98fd6674,1,0,0,0.7521718740463257,0.2478281557559967
PETS_CREDIT_low_eff_su2_r1_d6_b02__none,none,logitguard_continuous,196d92dfff0523a23237,1,0,0,0.764413595199585,0.23558640480041504
PETS_CREDIT_low_eff_su2_r1_d6_b02__none,none,logitguard_continuous,988a4b4dcb53bafffb01,1,0,0,0.7713375687599182,0.22866244614124298
PETS_CREDIT_low_eff_su2_r1_d6_b02__none,none,logitguard_continuous,c8a7bd1cd35ba1e89b80,1,0,0,0.7672832608222961,0.23271670937538147
PETS_CREDIT_low_eff_su2_r1_d6_b02__none,none,logitguard_continuous,6093ce809aa33ce6693b,1,0,0,0.7685208916664124,0.23147913813591003
PETS_CREDIT_low_eff_su2_r1_d6_b02__none,none,logitguard_continuous,00405a37dd709b2d51a8,1,0,0,0.7624301314353943,0.23756985366344452
PETS_CREDIT_low_eff_su2_r1_d6_b02__none,none,logitguard_continuous,aaff47c50ec280d97eda,1,0,0,0.7564336061477661,0.2435663789510727
PETS_CREDIT_low_eff_su2_r1_d6_b02__none,none,logitguard_continuous,a6dfd0dc4ba32e6c00e6,1,0,0,0.7639217376708984,0.23607829213142395
PETS_CREDIT_low_eff_su2_r1_d6_b02__none,none,logitguard_continuous,75e559f2a9928f47e4ef,1,0,0,0.7760353684425354,0.2239646464586258
PETS_CREDIT_low_eff_su2_r1_d6_b02__none,none,logitguard_continuous,f1068bd99413d081a271,1,0,0,0.7620178461074829,0.23798216879367828
PETS_CREDIT_low_eff_su2_r1_d6_b02__none,none,logitguard_continuous,58cb80b3d0535cb4343a,1,0,0,0.7599723935127258,0.24002762138843536
PETS_CREDIT_low_eff_su2_r1_d6_b02__none,none,logitguard_continuous,5cb75d859aa2d3df94b0,1,0,0,0.7631239295005798,0.23687604069709778
PETS_CREDIT_low_eff_su2_r1_d6_b02__none,none,logitguard_continuous,6e144bf85d42e3ac6fae,1,1,0,0.7642704248428345,0.23572959005832672
PETS_CREDIT_low_eff_su2_r1_d6_b02__none,none,logitguard_continuous,e8613e68d8ca2ea9e7fd,1,0,0,0.7647690773010254,0.2352309226989746
PETS_CREDIT_low_eff_su2_r1_d6_b02__none,none,logitguard_continuous,0674ce029ebb21d32e38,1,1,0,0.7603312730789185,0.23966874182224274
PETS_CREDIT_low_eff_su2_r1_d6_b02__none,none,logitguard_continuous,b0f47ae4b56b3aa4d111,1,0,0,0.7618866562843323,0.23811332881450653
PETS_CREDIT_low_eff_su2_r1_d6_b02__none,none,logitguard_continuous,e76cce60bc3507d0d7b2,1,0,0,0.7588531970977783,0.24114683270454407
PETS_CREDIT_low_eff_su2_r1_d6_b02__none,none,logitguard_continuous,72bf8a475d5aa5538cd3,1,0,0,0.756084680557251,0.2439153492450714
PETS_CREDIT_low_eff_su2_r1_d6_b02__none,none,logitguard_continuous,f3ca91dd8e5aba8d83d9,1,1,0,0.7630550861358643,0.23694492876529694
PETS_CREDIT_low_eff_su2_r1_d6_b02__none,none,logitguard_continuous,70d271c728323ea28d90,1,0,0,0.7577739953994751,0.2422260344028473
PETS_CREDIT_low_eff_su2_r1_d6_b02__none,none,logitguard_continuous,a55e4e1cd3465563efc4,1,0,0,0.762191653251648,0.23780831694602966
PETS_CREDIT_low_eff_su2_r1_d6_b02__none,none,logitguard_continuous,4def6ca8e27be84aeb54,1,1,0,0.7542020678520203,0.24579794704914093
PETS_CREDIT_low_eff_su2_r1_d6_b02__none,none,logitguard_continuous,347bd04364dce3c5342e,1,0,0,0.764056921005249,0.23594309389591217
PETS_CREDIT_low_eff_su2_r1_d6_b02__none,none,logitguard_continuous,bf465d63c434358f77e4,1,0,0,0.7574182152748108,0.24258175492286682
PETS_CREDIT_low_eff_su2_r1_d6_b02__none,none,logitguard_continuous,c9e5785745f04cec0d37,1,0,0,0.7541817426681519,0.24581828713417053
PETS_CREDIT_low_eff_su2_r1_d6_b02__none,none,logitguard_continuous,c536d8f2ff559c7756e7,1,0,0,0.7593119740486145,0.24068805575370789
PETS_CREDIT_low_eff_su2_r1_d6_b02__none,none,logitguard_continuous,f0c1637eb1fa5204c581,1,0,0,0.765146017074585,0.23485398292541504
PETS_CREDIT_low_eff_su2_r1_d6_b02__none,none,logitguard_continuous,bfa7b1aca5d187760a16,1,0,0,0.758725106716156,0.241274893283844
PETS_CREDIT_low_eff_su2_r1_d6_b02__none,none,logitguard_continuous,cec5a851be4f6e7c0887,1,1,0,0.763285219669342,0.23671478033065796
PETS_CREDIT_low_eff_su2_r1_d6_b02__none,none,logitguard_continuous,619b46d6086e6aad3d84,1,0,0,0.7593201398849487,0.24067986011505127
PETS_CREDIT_low_eff_su2_r1_d6_b02__none,none,logitguard_continuous,1dd9f8371cdcaa1758b3,1,0,0,0.7686387300491333,0.23136131465435028
PETS_CREDIT_low_eff_su2_r1_d6_b02__none,none,logitguard_continuous,a4fc6b0808359418c098,1,0,0,0.7649505138397217,0.23504948616027832
PETS_CREDIT_low_eff_su2_r1_d6_b02__none,none,logitguard_continuous,073dbbd888ef767c75de,1,0,0,0.7669721841812134,0.23302781581878662
PETS_CREDIT_low_eff_su2_r1_d6_b02__none,none,logitguard_continuous,7c7fe88dcec806be29da,1,0,0,0.7622024416923523,0.2377976030111313
PETS_CREDIT_low_eff_su2_r1_d6_b02__none,none,logitguard_continuous,fbbb0f469e10095b9cc1,1,1,0,0.76020348072052,0.23979657888412476
PETS_CREDIT_low_eff_su2_r1_d6_b02__none,none,logitguard_continuous,c0daa10532a8487ca803,1,1,0,0.7653821706771851,0.23461775481700897
PETS_CREDIT_low_eff_su2_r1_d6_b02__none,none,logitguard_continuous,bacc1c25b75ae0e1b780,1,0,0,0.7469571828842163,0.2530427873134613
PETS_CREDIT_low_eff_su2_r1_d6_b02__none,none,logitguard_continuous,1313972ddf1c6e9eb2c9,1,1,0,0.7785791754722595,0.22142082452774048
PETS_CREDIT_low_eff_su2_r1_d6_b02__none,none,logitguard_continuous,1819fe5c399a17316fee,1,0,0,0.7705365419387817,0.22946344316005707
PETS_CREDIT_low_eff_su2_r1_d6_b02__none,none,logitguard_continuous,70e46e61db439dd8e308,1,0,0,0.7649891972541809,0.23501083254814148
PETS_CREDIT_low_eff_su2_r1_d6_b02__none,none,logitguard_continuous,01743ddf295d8f6b5a46,1,1,0,0.7595952153205872,0.24040478467941284
PETS_CREDIT_low_eff_su2_r1_d6_b02__none,none,logitguard_continuous,a5628044ec0880a52490,1,1,0,0.7652981877326965,0.23470182716846466
PETS_CREDIT_low_eff_su2_r1_d6_b02__none,none,logitguard_continuous,6a75db22a6087741eef2,1,0,0,0.7632935643196106,0.2367064654827118
PETS_CREDIT_low_eff_su2_r1_d6_b02__none,none,logitguard_continuous,92516ca36411fad7d9c9,1,0,0,0.7674354910850525,0.23256449401378632
PETS_CREDIT_low_eff_su2_r1_d6_b02__none,none,logitguard_continuous,787c85a205e13b242012,1,0,0,0.7593075037002563,0.24069252610206604
PETS_CREDIT_low_eff_su2_r1_d6_b02__none,none,logitguard_continuous,8d5ec20ca179ede5da84,1,0,0,0.7669758200645447,0.23302417993545532
PETS_CREDIT_low_eff_su2_r1_d6_b02__none,none,logitguard_continuous,973b363916938dbaaf31,1,0,0,0.7660233378410339,0.23397670686244965
PETS_CREDIT_low_eff_su2_r1_d6_b02__none,none,logitguard_continuous,e3e282f64bed70282149,1,0,0,0.7609334588050842,0.23906658589839935
PETS_CREDIT_low_eff_su2_r1_d6_b02__none,none,logitguard_continuous,c50e57ca37a497df3a13,1,0,0,0.7572766542434692,0.24272334575653076
PETS_CREDIT_low_eff_su2_r1_d6_b02__none,none,logitguard_continuous,6c0e663b6848864dc914,1,1,0,0.7643082737922668,0.23569174110889435
PETS_CREDIT_low_eff_su2_r1_d6_b02__none,none,logitguard_continuous,ac5f40db5db91c18a83b,1,0,0,0.7717365622520447,0.22826340794563293
PETS_CREDIT_low_eff_su2_r1_d6_b02__none,none,logitguard_continuous,072f10d00d9156aab9f2,1,0,0,0.7391699552536011,0.2608300447463989
PETS_CREDIT_low_eff_su2_r1_d6_b02__none,none,logitguard_continuous,526cee77dcfea7ee8138,1,0,0,0.771099328994751,0.2289007008075714
PETS_CREDIT_low_eff_su2_r1_d6_b02__none,none,logitguard_continuous,25282b20e9c64236ec4d,1,0,0,0.8091360330581665,0.1908639669418335
PETS_CREDIT_low_eff_su2_r1_d6_b02__none,none,logitguard_continuous,14ee67db08b82edf07a3,1,0,0,0.7572392821311951,0.24276071786880493
PETS_CREDIT_low_eff_su2_r1_d6_b02__none,none,logitguard_continuous,eb849709f12c60edd50b,1,0,0,0.7626631855964661,0.23733679950237274
PETS_CREDIT_low_eff_su2_r1_d6_b02__none,none,logitguard_continuous,b91b8614dbf7826436cf,1,0,0,0.7682855725288391,0.23171447217464447
PETS_CREDIT_low_eff_su2_r1_d6_b02__none,none,logitguard_continuous,8f95586c1c6fb3f2a750,1,0,0,0.7665868401527405,0.2334132045507431
PETS_CREDIT_low_eff_su2_r1_d6_b02__none,none,logitguard_continuous,5e48c11768cb070aefe6,1,1,0,0.7695120573043823,0.23048795759677887
PETS_CREDIT_low_eff_su2_r1_d6_b02__none,none,logitguard_continuous,7ce1135db7560daf7e70,1,0,0,0.7563339471817017,0.24366608262062073
PETS_CREDIT_low_eff_su2_r1_d6_b02__none,none,logitguard_continuous,f332cc500c7a62b19024,1,1,0,0.7635973691940308,0.23640264570713043
PETS_CREDIT_low_eff_su2_r1_d6_b02__none,none,logitguard_continuous,192395141a760795b97a,1,0,0,0.7652791142463684,0.23472081124782562
PETS_CREDIT_low_eff_su2_r1_d6_b02__none,none,logitguard_continuous,9fc5fbe55717fe6862a4,1,0,0,0.7564533948898315,0.24354666471481323
PETS_CREDIT_low_eff_su2_r1_d6_b02__none,none,logitguard_continuous,8fe0ac3103b5acc00cdc,1,0,0,0.7661519646644592,0.23384806513786316
PETS_CREDIT_low_eff_su2_r1_d6_b02__none,none,logitguard_continuous,d46f8b9f4d57f90db615,1,1,0,0.7641047239303589,0.2358953058719635
PETS_CREDIT_low_eff_su2_r1_d6_b02__none,none,logitguard_continuous,11ccb38ba9653d61e950,1,0,0,0.7600338459014893,0.23996618390083313
PETS_CREDIT_low_eff_su2_r1_d6_b02__none,none,logitguard_continuous,b84ff32b3c14263b0dd5,1,0,0,0.7514092326164246,0.24859078228473663
PETS_CREDIT_low_eff_su2_r1_d6_b02__none,none,logitguard_continuous,ab97fae957e08270ffce,1,0,0,0.7533698678016663,0.24663013219833374
PETS_CREDIT_low_eff_su2_r1_d6_b02__none,none,logitguard_continuous,6af56a8b2e15acc1e086,1,0,0,0.7607899904251099,0.23921003937721252
PETS_CREDIT_low_eff_su2_r1_d6_b02__none,none,logitguard_continuous,07d4d260e30d7cf5b71f,1,1,0,0.7637779116630554,0.23622210323810577
PETS_CREDIT_low_eff_su2_r1_d6_b02__none,none,logitguard_continuous,fb40711278aca2b43c69,1,0,0,0.756468653678894,0.24353131651878357
PETS_CREDIT_low_eff_su2_r1_d6_b02__none,none,logitguard_continuous,1c7eb9e50fc08e5f8cf0,1,0,0,0.7577664256095886,0.24223357439041138
PETS_CREDIT_low_eff_su2_r1_d6_b02__none,none,logitguard_continuous,5383d08662564ec7ab0d,1,0,0,0.7571603655815125,0.24283955991268158
PETS_CREDIT_low_eff_su2_r1_d6_b02__none,none,logitguard_continuous,006df97946d214e0111f,1,0,0,0.7675715684890747,0.2324284166097641
PETS_CREDIT_low_eff_su2_r1_d6_b02__none,none,logitguard_continuous,6f47824d3363865de61a,1,0,0,0.7589148283004761,0.24108515679836273
PETS_CREDIT_low_eff_su2_r1_d6_b02__none,none,logitguard_continuous,3ac7ac4bc65a6ffec899,1,1,0,0.7558556199073792,0.24414443969726562
PETS_CREDIT_low_eff_su2_r1_d6_b02__none,none,logitguard_continuous,29a333df83b13ef7fea3,1,1,0,0.7592059373855591,0.2407940924167633
PETS_CREDIT_low_eff_su2_r1_d6_b02__none,none,logitguard_continuous,39f8154e08ad72170108,1,0,0,0.7614595890045166,0.2385404407978058
PETS_CREDIT_low_eff_su2_r1_d6_b02__none,none,logitguard_continuous,25bed8f88a506c4cc366,1,0,0,0.7621379494667053,0.2378619760274887
PETS_CREDIT_low_eff_su2_r1_d6_b02__none,none,logitguard_continuous,c75c31af2389cc3a594f,1,0,0,0.7779155969619751,0.2220844030380249
PETS_CREDIT_low_eff_su2_r1_d6_b02__none,none,logitguard_continuous,cbee3c9401120608f2ba,0,0,0,0.7593381404876709,0.2406618744134903
PETS_CREDIT_low_eff_su2_r1_d6_b02__none,none,logitguard_continuous,1c3e9f95fcefe2e9f555,0,0,0,0.7566390037536621,0.2433609962463379
PETS_CREDIT_low_eff_su2_r1_d6_b02__none,none,logitguard_continuous,47955bec8c8c8b0d6ecd,0,0,0,0.7651661038398743,0.23483388125896454
PETS_CREDIT_low_eff_su2_r1_d6_b02__none,none,logitguard_continuous,925cfc4ba01b802e6fea,0,0,0,0.7665382027626038,0.23346179723739624
PETS_CREDIT_low_eff_su2_r1_d6_b02__none,none,logitguard_continuous,cf2b344b8a066b41a298,0,0,0,0.7560808658599854,0.24391913414001465
PETS_CREDIT_low_eff_su2_r1_d6_b02__none,none,logitguard_continuous,44ce9ab8bd9bd704ad04,0,1,0,0.7648395299911499,0.23516039550304413
PETS_CREDIT_low_eff_su2_r1_d6_b02__none,none,logitguard_continuous,d2f0fdb253d121d24db4,0,0,0,0.7543898820877075,0.24561011791229248
PETS_CREDIT_low_eff_su2_r1_d6_b02__none,none,logitguard_continuous,11958d422323d7de5da8,0,1,0,0.7661744952201843,0.23382551968097687
PETS_CREDIT_low_eff_su2_r1_d6_b02__none,none,logitguard_continuous,ee145a9d7a0dd082d343,0,1,0,0.7734197974205017,0.22658021748065948
PETS_CREDIT_low_eff_su2_r1_d6_b02__none,none,logitguard_continuous,3bb90fb9f41d8cd780fb,0,0,0,0.7649951577186584,0.23500481247901917
PETS_CREDIT_low_eff_su2_r1_d6_b02__none,none,logitguard_continuous,1df211fa59aa1d5f8ac4,0,0,0,0.7620244026184082,0.23797562718391418
PETS_CREDIT_low_eff_su2_r1_d6_b02__none,none,logitguard_continuous,864edb9124799ed14941,0,0,0,0.7554082870483398,0.24459177255630493
PETS_CREDIT_low_eff_su2_r1_d6_b02__none,none,logitguard_continuous,71a5cf1405bd2714ab77,0,0,0,0.7706814408302307,0.22931857407093048
PETS_CREDIT_low_eff_su2_r1_d6_b02__none,none,logitguard_continuous,ec314aa70302252ef357,0,0,0,0.770747721195221,0.22925220429897308
PETS_CREDIT_low_eff_su2_r1_d6_b02__none,none,logitguard_continuous,07849266aa8f190a63f2,0,0,0,0.7632726430892944,0.23672738671302795
PETS_CREDIT_low_eff_su2_r1_d6_b02__none,none,logitguard_continuous,9905912b0d924a7b3ca5,0,1,0,0.7729424238204956,0.2270575910806656
PETS_CREDIT_low_eff_su2_r1_d6_b02__none,none,logitguard_continuous,10906783256975cefbbb,0,0,0,0.7614397406578064,0.238560289144516
PETS_CREDIT_low_eff_su2_r1_d6_b02__none,none,logitguard_continuous,7ff0c461042567dfe447,0,0,0,0.7536213994026184,0.2463786005973816
PETS_CREDIT_low_eff_su2_r1_d6_b02__none,none,logitguard_continuous,34cd383be85fcb382ea6,0,0,0,0.7597727179527283,0.24022726714611053
PETS_CREDIT_low_eff_su2_r1_d6_b02__none,none,logitguard_continuous,da601eb1fce6bb696bf8,0,1,0,0.7748376131057739,0.22516240179538727
PETS_CREDIT_low_eff_su2_r1_d6_b02__none,none,logitguard_continuous,555680807658211b545c,0,0,0,0.7614902257919312,0.23850981891155243
PETS_CREDIT_low_eff_su2_r1_d6_b02__none,none,logitguard_continuous,7dbb07f72b26cae53e10,0,0,0,0.7588493824005127,0.2411506623029709
PETS_CREDIT_low_eff_su2_r1_d6_b02__none,none,logitguard_continuous,3692ecea3b8cc152ac74,0,0,0,0.7615257501602173,0.2384742945432663
PETS_CREDIT_low_eff_su2_r1_d6_b02__none,none,logitguard_continuous,685e2ecf9c9c42d485ce,0,0,0,0.7602611780166626,0.2397388219833374
PETS_CREDIT_low_eff_su2_r1_d6_b02__none,none,logitguard_continuous,3a38d3079b87b1aa292b,0,0,0,0.7715778350830078,0.228422150015831
PETS_CREDIT_low_eff_su2_r1_d6_b02__none,none,logitguard_continuous,4a088c612fee9ef613b8,0,0,0,0.7649422883987427,0.2350577563047409
PETS_CREDIT_low_eff_su2_r1_d6_b02__none,none,logitguard_continuous,e662ed68ef3f99bd0ed7,0,0,0,0.7642849683761597,0.23571503162384033
PETS_CREDIT_low_eff_su2_r1_d6_b02__none,none,logitguard_continuous,baf60f731977893683c9,0,0,0,0.7610828876495361,0.23891711235046387
PETS_CREDIT_low_eff_su2_r1_d6_b02__none,none,logitguard_continuous,af85096b9d68ea111a40,0,0,0,0.7586998343467712,0.24130018055438995
PETS_CREDIT_low_eff_su2_r1_d6_b02__none,none,logitguard_continuous,948f6a099d3241c9a1ec,0,0,0,0.7624821066856384,0.23751789331436157
PETS_CREDIT_low_eff_su2_r1_d6_b02__none,none,logitguard_continuous,5f65233bde8585faedb5,0,0,0,0.765433669090271,0.234566330909729
PETS_CREDIT_low_eff_su2_r1_d6_b02__none,none,logitguard_continuous,5acd05c508162abd3783,0,0,0,0.7550851106643677,0.24491488933563232
PETS_CREDIT_low_eff_su2_r1_d6_b02__none,none,logitguard_continuous,349b65ac22308893e3ec,0,1,0,0.7646651864051819,0.2353348582983017
PETS_CREDIT_low_eff_su2_r1_d6_b02__none,none,logitguard_continuous,1deef9da8e2ee98331dc,0,0,0,0.7724258303642273,0.2275741845369339
PETS_CREDIT_low_eff_su2_r1_d6_b02__none,none,logitguard_continuous,ccba09c993c170faae38,0,1,0,0.7605870962142944,0.23941293358802795
PETS_CREDIT_low_eff_su2_r1_d6_b02__none,none,logitguard_continuous,4882932be60b65305c84,0,0,0,0.7685697078704834,0.2314302623271942
PETS_CREDIT_low_eff_su2_r1_d6_b02__none,none,logitguard_continuous,b244235968526b38867d,0,0,0,0.7474672198295593,0.2525327801704407
PETS_CREDIT_low_eff_su2_r1_d6_b02__none,none,logitguard_continuous,c3a927c03687d1a576df,0,0,0,0.7659404277801514,0.23405954241752625
PETS_CREDIT_low_eff_su2_r1_d6_b02__none,none,logitguard_continuous,fa1f9563eb089a4c05eb,0,1,0,0.7672683596611023,0.2327316254377365
PETS_CREDIT_low_eff_su2_r1_d6_b02__none,none,logitguard_continuous,555c4408bbd55bf9a01b,0,0,0,0.7563595771789551,0.24364039301872253
PETS_CREDIT_low_eff_su2_r1_d6_b02__none,none,logitguard_continuous,6bb3006cf2b47b29d044,0,0,0,0.7653729915618896,0.23462699353694916
PETS_CREDIT_low_eff_su2_r1_d6_b02__none,none,logitguard_continuous,a3076f399cf32e671da9,0,1,0,0.7569354176521301,0.24306464195251465
PETS_CREDIT_low_eff_su2_r1_d6_b02__none,none,logitguard_continuous,d0ead593664a3694fc2c,0,0,0,0.7881733179092407,0.21182668209075928
PETS_CREDIT_low_eff_su2_r1_d6_b02__none,none,logitguard_continuous,f4686f1ccb3b1f5b89c1,0,0,0,0.7486832737922668,0.25131669640541077
PETS_CREDIT_low_eff_su2_r1_d6_b02__none,none,logitguard_continuous,6b7219cfa53e1ae4e686,0,0,0,0.7598636746406555,0.24013634026050568
PETS_CREDIT_low_eff_su2_r1_d6_b02__none,none,logitguard_continuous,88f9384f8a0cf279c07b,0,0,0,0.7684040069580078,0.231595978140831
PETS_CREDIT_low_eff_su2_r1_d6_b02__none,none,logitguard_continuous,8ac37e6efcfd84f4bf90,0,0,0,0.7674232721328735,0.23257674276828766
PETS_CREDIT_low_eff_su2_r1_d6_b02__none,none,logitguard_continuous,e947ef8b0f016ee69de8,0,0,0,0.7529898285865784,0.24701018631458282
PETS_CREDIT_low_eff_su2_r1_d6_b02__none,none,logitguard_continuous,6c53aaf7ecbc425941a4,0,1,0,0.7656630873680115,0.23433692753314972
PETS_CREDIT_low_eff_su2_r1_d6_b02__none,none,logitguard_continuous,b215fc8b709612d72d29,0,0,0,0.762701690196991,0.23729828000068665
PETS_CREDIT_low_eff_su2_r1_d6_b02__none,none,logitguard_continuous,87c7d3469677d57e0f68,0,0,0,0.7623950242996216,0.23760496079921722
PETS_CREDIT_low_eff_su2_r1_d6_b02__none,none,logitguard_continuous,aca397f6cfe96c665e23,0,0,0,0.7608683109283447,0.23913167417049408
PETS_CREDIT_low_eff_su2_r1_d6_b02__none,none,logitguard_continuous,f1d5fbea8d8fc197f689,0,0,0,0.7661696672439575,0.23383033275604248
PETS_CREDIT_low_eff_su2_r1_d6_b02__none,none,logitguard_continuous,a660b0769301bab3f88d,0,0,0,0.7618580460548401,0.2381419688463211
PETS_CREDIT_low_eff_su2_r1_d6_b02__none,none,logitguard_continuous,fb41b4f01480a9067cf9,0,1,0,0.7661599516868591,0.23384006321430206
PETS_CREDIT_low_eff_su2_r1_d6_b02__none,none,logitguard_continuous,c65308558f565034903d,0,1,0,0.7575245499610901,0.2424754798412323
PETS_CREDIT_low_eff_su2_r1_d6_b02__none,none,logitguard_continuous,61985a6dca52dc5fe733,0,0,0,0.7658596634864807,0.23414038121700287
PETS_CREDIT_low_eff_su2_r1_d6_b02__none,none,logitguard_continuous,79d13f79e25dd355b797,0,1,0,0.7668287754058838,0.2331712245941162
PETS_CREDIT_low_eff_su2_r1_d6_b02__none,none,logitguard_continuous,6df7b8af4894c02f1865,0,0,0,0.7627818584442139,0.23721818625926971
PETS_CREDIT_low_eff_su2_r1_d6_b02__none,none,logitguard_continuous,f50f173b25417d940819,0,0,0,0.7778583765029907,0.22214165329933167
PETS_CREDIT_low_eff_su2_r1_d6_b02__none,none,logitguard_continuous,73ce0aaf437e0a73c182,0,1,0,0.7613971829414368,0.23860281705856323
PETS_CREDIT_low_eff_su2_r1_d6_b02__none,none,logitguard_continuous,0748c8ca29b369b66e6f,0,1,0,0.7725417017936707,0.22745828330516815
PETS_CREDIT_low_eff_su2_r1_d6_b02__none,none,logitguard_continuous,e5cdd46506910a0d29a4,0,0,0,0.7526292204856873,0.24737080931663513
PETS_CREDIT_low_eff_su2_r1_d6_b02__none,none,logitguard_continuous,266c16f52337745816e5,0,0,0,0.7572054862976074,0.24279452860355377
PETS_CREDIT_low_eff_su2_r1_d6_b02__none,none,logitguard_continuous,806319326d809b9eae67,0,0,0,0.7657471299171448,0.2342529147863388
PETS_CREDIT_low_eff_su2_r1_d6_b02__none,none,logitguard_continuous,3da17ae4582b2ac6ac6a,0,0,0,0.773500382900238,0.22649961709976196
PETS_CREDIT_low_eff_su2_r1_d6_b02__none,none,logitguard_continuous,cd6bf5351920ef71b772,0,0,0,0.764904260635376,0.23509575426578522
PETS_CREDIT_low_eff_su2_r1_d6_b02__none,none,logitguard_continuous,f1fa5a6ee10e25b70a00,0,0,0,0.7698553800582886,0.230144664645195
PETS_CREDIT_low_eff_su2_r1_d6_b02__none,none,logitguard_continuous,de98a8baab2807797bb8,0,0,0,0.7688094973564148,0.2311905473470688
PETS_CREDIT_low_eff_su2_r1_d6_b02__none,none,logitguard_continuous,4c7af58561c27a6e341e,0,1,0,0.7668510675430298,0.23314893245697021
PETS_CREDIT_low_eff_su2_r1_d6_b02__none,none,logitguard_continuous,38ba8c1ecc8be69eb7d0,0,0,0,0.7608127593994141,0.23918725550174713
PETS_CREDIT_low_eff_su2_r1_d6_b02__none,none,logitguard_continuous,1b857744e17f39b46f16,0,0,0,0.7551780343055725,0.24482201039791107
PETS_CREDIT_low_eff_su2_r1_d6_b02__none,none,logitguard_continuous,31d01a38894b805bfc80,0,0,0,0.7680904865264893,0.23190951347351074
PETS_CREDIT_low_eff_su2_r1_d6_b02__none,none,logitguard_continuous,231156f957719dd417d9,0,0,0,0.7732864618301392,0.22671356797218323
PETS_CREDIT_low_eff_su2_r1_d6_b02__none,none,logitguard_continuous,7bfb843a13cff05233ad,0,0,0,0.7579568028450012,0.2420431673526764
PETS_CREDIT_low_eff_su2_r1_d6_b02__none,none,logitguard_continuous,24850cc249ef6fef8baa,0,0,0,0.7673590183258057,0.23264101147651672
PETS_CREDIT_low_eff_su2_r1_d6_b02__none,none,logitguard_continuous,f80b742f70e5ef1f2f75,0,0,0,0.7624386548995972,0.23756133019924164
PETS_CREDIT_low_eff_su2_r1_d6_b02__none,none,logitguard_continuous,392fabb059005262a0a6,0,0,0,0.7624621391296387,0.23753789067268372
PETS_CREDIT_low_eff_su2_r1_d6_b02__none,none,logitguard_continuous,e5731b75bfb8647f33f0,0,1,1,0.23374143242835999,0.7662585973739624
PETS_CREDIT_low_eff_su2_r1_d6_b02__none,none,logitguard_continuous,63426de2bcac10c978ef,0,0,0,0.8896000385284424,0.11039999127388
PETS_CREDIT_low_eff_su2_r1_d6_b02__none,none,logitguard_continuous,346b2d56d8b09d426f47,0,1,0,0.7717986106872559,0.22820137441158295
PETS_CREDIT_low_eff_su2_r1_d6_b02__none,none,logitguard_continuous,79ede8f524cb4755d342,0,0,0,0.7391576766967773,0.26084235310554504
PETS_CREDIT_low_eff_su2_r1_d6_b02__none,none,logitguard_continuous,9b15c4988e577e46b572,0,0,0,0.7494462132453918,0.25055375695228577
PETS_CREDIT_low_eff_su2_r1_d6_b02__none,none,logitguard_continuous,2ae5fdcfe3923a4263b6,0,0,0,0.7597655057907104,0.24023449420928955
PETS_CREDIT_low_eff_su2_r1_d6_b02__none,none,logitguard_continuous,b690772de8eb14084d30,0,1,0,0.7651121020317078,0.23488794267177582
PETS_CREDIT_low_eff_su2_r1_d6_b02__none,none,logitguard_continuous,a19516268df63768faeb,0,0,0,0.7637773752212524,0.23622265458106995
PETS_CREDIT_low_eff_su2_r1_d6_b02__none,none,logitguard_continuous,2e900caa6bf6a7e56807,0,0,0,0.7648459076881409,0.23515406250953674
PETS_CREDIT_low_eff_su2_r1_d6_b02__none,none,logitguard_continuous,3e5959b02df8356effc1,0,0,0,0.787128210067749,0.21287180483341217
PETS_CREDIT_low_eff_su2_r1_d6_b02__none,none,logitguard_continuous,b6b16448c07ca52d41fb,0,0,0,0.765397846698761,0.23460213840007782
PETS_CREDIT_low_eff_su2_r1_d6_b02__none,none,logitguard_continuous,bf9825a8b0d7138b3690,0,1,0,0.7666659951210022,0.23333397507667542
PETS_CREDIT_low_eff_su2_r1_d6_b02__none,none,logitguard_continuous,ae831412dedceb901cc4,0,0,0,0.7666640281677246,0.23333600163459778
PETS_CREDIT_low_eff_su2_r1_d6_b02__none,none,logitguard_continuous,1b791f7fc091a40a0494,0,0,0,0.7623006701469421,0.23769931495189667
PETS_CREDIT_low_eff_su2_r1_d6_b02__none,none,logitguard_continuous,2951667761deda7d6d9f,0,0,0,0.7622883319854736,0.23771171271800995
PETS_CREDIT_low_eff_su2_r1_d6_b02__none,none,logitguard_continuous,c55786a9941cc04c9348,0,0,0,0.7644609808921814,0.235539048910141
PETS_CREDIT_low_eff_su2_r1_d6_b02__none,none,logitguard_continuous,67fb36e26b798796d6fd,0,0,0,0.7674291729927063,0.2325708121061325
PETS_CREDIT_low_eff_su2_r1_d6_b02__none,none,logitguard_continuous,f8f44150ace4d5e110b6,0,1,0,0.7606143951416016,0.23938558995723724
PETS_CREDIT_low_eff_su2_r1_d6_b02__none,none,logitguard_continuous,92becb8f0ed68752cc52,0,1,0,0.7622496485710144,0.2377503663301468
PETS_CREDIT_low_eff_su2_r1_d6_b02__none,none,logitguard_continuous,cab8e2ac7eeaf27d3d2c,0,0,0,0.7611973285675049,0.23880267143249512
PETS_CREDIT_low_eff_su2_r1_d6_b02__none,none,logitguard_continuous,d1db35b6c9e008df971d,0,0,0,0.766311764717102,0.23368825018405914
PETS_CREDIT_low_eff_su2_r1_d6_b02__none,none,logitguard_continuous,83d86a08997d81c1643f,0,0,0,0.761452317237854,0.2385476976633072
PETS_CREDIT_low_eff_su2_r1_d6_b02__none,none,logitguard_quantized,26b6a5da65cdaeb8e184,1,0,0,0.7576796412467957,0.24232037365436554
PETS_CREDIT_low_eff_su2_r1_d6_b02__none,none,logitguard_quantized,aaca4c9adb936209ae4f,1,0,0,0.764947772026062,0.2350521981716156
PETS_CREDIT_low_eff_su2_r1_d6_b02__none,none,logitguard_quantized,5b4cdc8a84b914138d2b,1,0,0,0.764947772026062,0.2350521981716156
PETS_CREDIT_low_eff_su2_r1_d6_b02__none,none,logitguard_quantized,d2c3d34fb102babfa194,1,0,0,0.764947772026062,0.2350521981716156
PETS_CREDIT_low_eff_su2_r1_d6_b02__none,none,logitguard_quantized,26f8e0268dd95cba45fd,1,0,0,0.764947772026062,0.2350521981716156
PETS_CREDIT_low_eff_su2_r1_d6_b02__none,none,logitguard_quantized,877b93e6aa8797d2cd0b,1,1,0,0.768524706363678,0.23147521913051605
PETS_CREDIT_low_eff_su2_r1_d6_b02__none,none,logitguard_quantized,e0b33cacbadcac9f3d26,1,0,0,0.764947772026062,0.2350521981716156
PETS_CREDIT_low_eff_su2_r1_d6_b02__none,none,logitguard_quantized,df16a30c67111933fccc,1,1,0,0.7755640149116516,0.2244359850883484
PETS_CREDIT_low_eff_su2_r1_d6_b02__none,none,logitguard_quantized,7105743f10682ac4a1cc,1,1,0,0.764947772026062,0.2350521981716156
PETS_CREDIT_low_eff_su2_r1_d6_b02__none,none,logitguard_quantized,0ffd3e39286157b02ad4,1,0,0,0.7349725961685181,0.26502740383148193
PETS_CREDIT_low_eff_su2_r1_d6_b02__none,none,logitguard_quantized,e4890079e5df86b99388,1,0,0,0.7539887428283691,0.24601128697395325
PETS_CREDIT_low_eff_su2_r1_d6_b02__none,none,logitguard_quantized,e07f107ec2deef516f4f,1,0,0,0.7576796412467957,0.24232037365436554
PETS_CREDIT_low_eff_su2_r1_d6_b02__none,none,logitguard_quantized,c91e3b5a028c06ad1f92,1,0,0,0.7613326907157898,0.23866727948188782
PETS_CREDIT_low_eff_su2_r1_d6_b02__none,none,logitguard_quantized,d606f1831b9734bb90e1,1,0,0,0.7613326907157898,0.23866727948188782
PETS_CREDIT_low_eff_su2_r1_d6_b02__none,none,logitguard_quantized,c3a59fc71e20658f6341,1,0,0,0.7613326907157898,0.23866727948188782
PETS_CREDIT_low_eff_su2_r1_d6_b02__none,none,logitguard_quantized,78edbc6916b12b570866,1,1,0,0.7613326907157898,0.23866727948188782
PETS_CREDIT_low_eff_su2_r1_d6_b02__none,none,logitguard_quantized,a62d80fa1349c54517ce,1,0,0,0.768524706363678,0.23147521913051605
PETS_CREDIT_low_eff_su2_r1_d6_b02__none,none,logitguard_quantized,46dbe6ca2f4531385a05,1,0,0,0.7539887428283691,0.24601128697395325
PETS_CREDIT_low_eff_su2_r1_d6_b02__none,none,logitguard_quantized,8b629ccf361c8da0309f,1,0,0,0.7539887428283691,0.24601128697395325
PETS_CREDIT_low_eff_su2_r1_d6_b02__none,none,logitguard_quantized,4dde24d981dd8981f71f,1,1,0,0.764947772026062,0.2350521981716156
PETS_CREDIT_low_eff_su2_r1_d6_b02__none,none,logitguard_quantized,ab00e756b29c98fd6674,1,0,0,0.7539887428283691,0.24601128697395325
PETS_CREDIT_low_eff_su2_r1_d6_b02__none,none,logitguard_quantized,196d92dfff0523a23237,1,0,0,0.764947772026062,0.2350521981716156
PETS_CREDIT_low_eff_su2_r1_d6_b02__none,none,logitguard_quantized,988a4b4dcb53bafffb01,1,0,0,0.7720635533332825,0.22793644666671753
PETS_CREDIT_low_eff_su2_r1_d6_b02__none,none,logitguard_quantized,c8a7bd1cd35ba1e89b80,1,0,0,0.768524706363678,0.23147521913051605
PETS_CREDIT_low_eff_su2_r1_d6_b02__none,none,logitguard_quantized,6093ce809aa33ce6693b,1,0,0,0.768524706363678,0.23147521913051605
PETS_CREDIT_low_eff_su2_r1_d6_b02__none,none,logitguard_quantized,00405a37dd709b2d51a8,1,0,0,0.7613326907157898,0.23866727948188782
PETS_CREDIT_low_eff_su2_r1_d6_b02__none,none,logitguard_quantized,aaff47c50ec280d97eda,1,0,0,0.7576796412467957,0.24232037365436554
PETS_CREDIT_low_eff_su2_r1_d6_b02__none,none,logitguard_quantized,a6dfd0dc4ba32e6c00e6,1,0,0,0.764947772026062,0.2350521981716156
PETS_CREDIT_low_eff_su2_r1_d6_b02__none,none,logitguard_quantized,75e559f2a9928f47e4ef,1,0,0,0.7755640149116516,0.2244359850883484
PETS_CREDIT_low_eff_su2_r1_d6_b02__none,none,logitguard_quantized,f1068bd99413d081a271,1,0,0,0.7613326907157898,0.23866727948188782
PETS_CREDIT_low_eff_su2_r1_d6_b02__none,none,logitguard_quantized,58cb80b3d0535cb4343a,1,0,0,0.7613326907157898,0.23866727948188782
PETS_CREDIT_low_eff_su2_r1_d6_b02__none,none,logitguard_quantized,5cb75d859aa2d3df94b0,1,0,0,0.7613326907157898,0.23866727948188782
PETS_CREDIT_low_eff_su2_r1_d6_b02__none,none,logitguard_quantized,6e144bf85d42e3ac6fae,1,1,0,0.764947772026062,0.2350521981716156
PETS_CREDIT_low_eff_su2_r1_d6_b02__none,none,logitguard_quantized,e8613e68d8ca2ea9e7fd,1,0,0,0.764947772026062,0.2350521981716156
PETS_CREDIT_low_eff_su2_r1_d6_b02__none,none,logitguard_quantized,0674ce029ebb21d32e38,1,1,0,0.7613326907157898,0.23866727948188782
PETS_CREDIT_low_eff_su2_r1_d6_b02__none,none,logitguard_quantized,b0f47ae4b56b3aa4d111,1,0,0,0.7613326907157898,0.23866727948188782
PETS_CREDIT_low_eff_su2_r1_d6_b02__none,none,logitguard_quantized,e76cce60bc3507d0d7b2,1,0,0,0.7576796412467957,0.24232037365436554
PETS_CREDIT_low_eff_su2_r1_d6_b02__none,none,logitguard_quantized,72bf8a475d5aa5538cd3,1,0,0,0.7576796412467957,0.24232037365436554
PETS_CREDIT_low_eff_su2_r1_d6_b02__none,none,logitguard_quantized,f3ca91dd8e5aba8d83d9,1,1,0,0.7613326907157898,0.23866727948188782
PETS_CREDIT_low_eff_su2_r1_d6_b02__none,none,logitguard_quantized,70d271c728323ea28d90,1,0,0,0.7576796412467957,0.24232037365436554
PETS_CREDIT_low_eff_su2_r1_d6_b02__none,none,logitguard_quantized,a55e4e1cd3465563efc4,1,0,0,0.7613326907157898,0.23866727948188782
PETS_CREDIT_low_eff_su2_r1_d6_b02__none,none,logitguard_quantized,4def6ca8e27be84aeb54,1,1,0,0.7539887428283691,0.24601128697395325
PETS_CREDIT_low_eff_su2_r1_d6_b02__none,none,logitguard_quantized,347bd04364dce3c5342e,1,0,0,0.764947772026062,0.2350521981716156
PETS_CREDIT_low_eff_su2_r1_d6_b02__none,none,logitguard_quantized,bf465d63c434358f77e4,1,0,0,0.7576796412467957,0.24232037365436554
PETS_CREDIT_low_eff_su2_r1_d6_b02__none,none,logitguard_quantized,c9e5785745f04cec0d37,1,0,0,0.7539887428283691,0.24601128697395325
PETS_CREDIT_low_eff_su2_r1_d6_b02__none,none,logitguard_quantized,c536d8f2ff559c7756e7,1,0,0,0.7576796412467957,0.24232037365436554
PETS_CREDIT_low_eff_su2_r1_d6_b02__none,none,logitguard_quantized,f0c1637eb1fa5204c581,1,0,0,0.764947772026062,0.2350521981716156
PETS_CREDIT_low_eff_su2_r1_d6_b02__none,none,logitguard_quantized,bfa7b1aca5d187760a16,1,0,0,0.7576796412467957,0.24232037365436554
PETS_CREDIT_low_eff_su2_r1_d6_b02__none,none,logitguard_quantized,cec5a851be4f6e7c0887,1,1,0,0.764947772026062,0.2350521981716156
PETS_CREDIT_low_eff_su2_r1_d6_b02__none,none,logitguard_quantized,619b46d6086e6aad3d84,1,0,0,0.7576796412467957,0.24232037365436554
PETS_CREDIT_low_eff_su2_r1_d6_b02__none,none,logitguard_quantized,1dd9f8371cdcaa1758b3,1,0,0,0.768524706363678,0.23147521913051605
PETS_CREDIT_low_eff_su2_r1_d6_b02__none,none,logitguard_quantized,a4fc6b0808359418c098,1,0,0,0.764947772026062,0.2350521981716156
PETS_CREDIT_low_eff_su2_r1_d6_b02__none,none,logitguard_quantized,073dbbd888ef767c75de,1,0,0,0.768524706363678,0.23147521913051605
PETS_CREDIT_low_eff_su2_r1_d6_b02__none,none,logitguard_quantized,7c7fe88dcec806be29da,1,0,0,0.7613326907157898,0.23866727948188782
PETS_CREDIT_low_eff_su2_r1_d6_b02__none,none,logitguard_quantized,fbbb0f469e10095b9cc1,1,1,0,0.7613326907157898,0.23866727948188782
PETS_CREDIT_low_eff_su2_r1_d6_b02__none,none,logitguard_quantized,c0daa10532a8487ca803,1,1,0,0.764947772026062,0.2350521981716156
PETS_CREDIT_low_eff_su2_r1_d6_b02__none,none,logitguard_quantized,bacc1c25b75ae0e1b780,1,0,0,0.7464939951896667,0.25350600481033325
PETS_CREDIT_low_eff_su2_r1_d6_b02__none,none,logitguard_quantized,1313972ddf1c6e9eb2c9,1,1,0,0.7790261507034302,0.2209739089012146
PETS_CREDIT_low_eff_su2_r1_d6_b02__none,none,logitguard_quantized,1819fe5c399a17316fee,1,0,0,0.7720635533332825,0.22793644666671753
PETS_CREDIT_low_eff_su2_r1_d6_b02__none,none,logitguard_quantized,70e46e61db439dd8e308,1,0,0,0.764947772026062,0.2350521981716156
PETS_CREDIT_low_eff_su2_r1_d6_b02__none,none,logitguard_quantized,01743ddf295d8f6b5a46,1,1,0,0.7613326907157898,0.23866727948188782
PETS_CREDIT_low_eff_su2_r1_d6_b02__none,none,logitguard_quantized,a5628044ec0880a52490,1,1,0,0.764947772026062,0.2350521981716156
PETS_CREDIT_low_eff_su2_r1_d6_b02__none,none,logitguard_quantized,6a75db22a6087741eef2,1,0,0,0.764947772026062,0.2350521981716156
PETS_CREDIT_low_eff_su2_r1_d6_b02__none,none,logitguard_quantized,92516ca36411fad7d9c9,1,0,0,0.768524706363678,0.23147521913051605
PETS_CREDIT_low_eff_su2_r1_d6_b02__none,none,logitguard_quantized,787c85a205e13b242012,1,0,0,0.7576796412467957,0.24232037365436554
PETS_CREDIT_low_eff_su2_r1_d6_b02__none,none,logitguard_quantized,8d5ec20ca179ede5da84,1,0,0,0.768524706363678,0.23147521913051605
PETS_CREDIT_low_eff_su2_r1_d6_b02__none,none,logitguard_quantized,973b363916938dbaaf31,1,0,0,0.764947772026062,0.2350521981716156
PETS_CREDIT_low_eff_su2_r1_d6_b02__none,none,logitguard_quantized,e3e282f64bed70282149,1,0,0,0.7613326907157898,0.23866727948188782
PETS_CREDIT_low_eff_su2_r1_d6_b02__none,none,logitguard_quantized,c50e57ca37a497df3a13,1,0,0,0.7576796412467957,0.24232037365436554
PETS_CREDIT_low_eff_su2_r1_d6_b02__none,none,logitguard_quantized,6c0e663b6848864dc914,1,1,0,0.764947772026062,0.2350521981716156
PETS_CREDIT_low_eff_su2_r1_d6_b02__none,none,logitguard_quantized,ac5f40db5db91c18a83b,1,0,0,0.7720635533332825,0.22793644666671753
PETS_CREDIT_low_eff_su2_r1_d6_b02__none,none,logitguard_quantized,072f10d00d9156aab9f2,1,0,0,0.7388499975204468,0.2611500024795532
PETS_CREDIT_low_eff_su2_r1_d6_b02__none,none,logitguard_quantized,526cee77dcfea7ee8138,1,0,0,0.7720635533332825,0.22793644666671753
PETS_CREDIT_low_eff_su2_r1_d6_b02__none,none,logitguard_quantized,25282b20e9c64236ec4d,1,0,0,0.8084546327590942,0.19154536724090576
PETS_CREDIT_low_eff_su2_r1_d6_b02__none,none,logitguard_quantized,14ee67db08b82edf07a3,1,0,0,0.7576796412467957,0.24232037365436554
PETS_CREDIT_low_eff_su2_r1_d6_b02__none,none,logitguard_quantized,eb849709f12c60edd50b,1,0,0,0.7613326907157898,0.23866727948188782
PETS_CREDIT_low_eff_su2_r1_d6_b02__none,none,logitguard_quantized,b91b8614dbf7826436cf,1,0,0,0.768524706363678,0.23147521913051605
PETS_CREDIT_low_eff_su2_r1_d6_b02__none,none,logitguard_quantized,8f95586c1c6fb3f2a750,1,0,0,0.764947772026062,0.2350521981716156
PETS_CREDIT_low_eff_su2_r1_d6_b02__none,none,logitguard_quantized,5e48c11768cb070aefe6,1,1,0,0.768524706363678,0.23147521913051605
PETS_CREDIT_low_eff_su2_r1_d6_b02__none,none,logitguard_quantized,7ce1135db7560daf7e70,1,0,0,0.7576796412467957,0.24232037365436554
PETS_CREDIT_low_eff_su2_r1_d6_b02__none,none,logitguard_quantized,f332cc500c7a62b19024,1,1,0,0.764947772026062,0.2350521981716156
PETS_CREDIT_low_eff_su2_r1_d6_b02__none,none,logitguard_quantized,192395141a760795b97a,1,0,0,0.764947772026062,0.2350521981716156
PETS_CREDIT_low_eff_su2_r1_d6_b02__none,none,logitguard_quantized,9fc5fbe55717fe6862a4,1,0,0,0.7576796412467957,0.24232037365436554
PETS_CREDIT_low_eff_su2_r1_d6_b02__none,none,logitguard_quantized,8fe0ac3103b5acc00cdc,1,0,0,0.764947772026062,0.2350521981716156
PETS_CREDIT_low_eff_su2_r1_d6_b02__none,none,logitguard_quantized,d46f8b9f4d57f90db615,1,1,0,0.764947772026062,0.2350521981716156
PETS_CREDIT_low_eff_su2_r1_d6_b02__none,none,logitguard_quantized,11ccb38ba9653d61e950,1,0,0,0.7613326907157898,0.23866727948188782
PETS_CREDIT_low_eff_su2_r1_d6_b02__none,none,logitguard_quantized,b84ff32b3c14263b0dd5,1,0,0,0.7502601146697998,0.2497398853302002
PETS_CREDIT_low_eff_su2_r1_d6_b02__none,none,logitguard_quantized,ab97fae957e08270ffce,1,0,0,0.7539887428283691,0.24601128697395325
PETS_CREDIT_low_eff_su2_r1_d6_b02__none,none,logitguard_quantized,6af56a8b2e15acc1e086,1,0,0,0.7613326907157898,0.23866727948188782
PETS_CREDIT_low_eff_su2_r1_d6_b02__none,none,logitguard_quantized,07d4d260e30d7cf5b71f,1,1,0,0.764947772026062,0.2350521981716156
PETS_CREDIT_low_eff_su2_r1_d6_b02__none,none,logitguard_quantized,fb40711278aca2b43c69,1,0,0,0.7576796412467957,0.24232037365436554
PETS_CREDIT_low_eff_su2_r1_d6_b02__none,none,logitguard_quantized,1c7eb9e50fc08e5f8cf0,1,0,0,0.7576796412467957,0.24232037365436554
PETS_CREDIT_low_eff_su2_r1_d6_b02__none,none,logitguard_quantized,5383d08662564ec7ab0d,1,0,0,0.7576796412467957,0.24232037365436554
PETS_CREDIT_low_eff_su2_r1_d6_b02__none,none,logitguard_quantized,006df97946d214e0111f,1,0,0,0.768524706363678,0.23147521913051605
PETS_CREDIT_low_eff_su2_r1_d6_b02__none,none,logitguard_quantized,6f47824d3363865de61a,1,0,0,0.7576796412467957,0.24232037365436554
PETS_CREDIT_low_eff_su2_r1_d6_b02__none,none,logitguard_quantized,3ac7ac4bc65a6ffec899,1,1,0,0.7576796412467957,0.24232037365436554
PETS_CREDIT_low_eff_su2_r1_d6_b02__none,none,logitguard_quantized,29a333df83b13ef7fea3,1,1,0,0.7576796412467957,0.24232037365436554
PETS_CREDIT_low_eff_su2_r1_d6_b02__none,none,logitguard_quantized,39f8154e08ad72170108,1,0,0,0.7613326907157898,0.23866727948188782
PETS_CREDIT_low_eff_su2_r1_d6_b02__none,none,logitguard_quantized,25bed8f88a506c4cc366,1,0,0,0.7613326907157898,0.23866727948188782
PETS_CREDIT_low_eff_su2_r1_d6_b02__none,none,logitguard_quantized,c75c31af2389cc3a594f,1,0,0,0.7790261507034302,0.2209739089012146
PETS_CREDIT_low_eff_su2_r1_d6_b02__none,none,logitguard_quantized,cbee3c9401120608f2ba,0,0,0,0.7576796412467957,0.24232037365436554
PETS_CREDIT_low_eff_su2_r1_d6_b02__none,none,logitguard_quantized,1c3e9f95fcefe2e9f555,0,0,0,0.7576796412467957,0.24232037365436554
PETS_CREDIT_low_eff_su2_r1_d6_b02__none,none,logitguard_quantized,47955bec8c8c8b0d6ecd,0,0,0,0.764947772026062,0.2350521981716156
PETS_CREDIT_low_eff_su2_r1_d6_b02__none,none,logitguard_quantized,925cfc4ba01b802e6fea,0,0,0,0.764947772026062,0.2350521981716156
PETS_CREDIT_low_eff_su2_r1_d6_b02__none,none,logitguard_quantized,cf2b344b8a066b41a298,0,0,0,0.7576796412467957,0.24232037365436554
PETS_CREDIT_low_eff_su2_r1_d6_b02__none,none,logitguard_quantized,44ce9ab8bd9bd704ad04,0,1,0,0.764947772026062,0.2350521981716156
PETS_CREDIT_low_eff_su2_r1_d6_b02__none,none,logitguard_quantized,d2f0fdb253d121d24db4,0,0,0,0.7539887428283691,0.24601128697395325
PETS_CREDIT_low_eff_su2_r1_d6_b02__none,none,logitguard_quantized,11958d422323d7de5da8,0,1,0,0.764947772026062,0.2350521981716156
PETS_CREDIT_low_eff_su2_r1_d6_b02__none,none,logitguard_quantized,ee145a9d7a0dd082d343,0,1,0,0.7720635533332825,0.22793644666671753
PETS_CREDIT_low_eff_su2_r1_d6_b02__none,none,logitguard_quantized,3bb90fb9f41d8cd780fb,0,0,0,0.764947772026062,0.2350521981716156
PETS_CREDIT_low_eff_su2_r1_d6_b02__none,none,logitguard_quantized,1df211fa59aa1d5f8ac4,0,0,0,0.7613326907157898,0.23866727948188782
PETS_CREDIT_low_eff_su2_r1_d6_b02__none,none,logitguard_quantized,864edb9124799ed14941,0,0,0,0.7539887428283691,0.24601128697395325
PETS_CREDIT_low_eff_su2_r1_d6_b02__none,none,logitguard_quantized,71a5cf1405bd2714ab77,0,0,0,0.7720635533332825,0.22793644666671753
PETS_CREDIT_low_eff_su2_r1_d6_b02__none,none,logitguard_quantized,ec314aa70302252ef357,0,0,0,0.7720635533332825,0.22793644666671753
PETS_CREDIT_low_eff_su2_r1_d6_b02__none,none,logitguard_quantized,07849266aa8f190a63f2,0,0,0,0.764947772026062,0.2350521981716156
PETS_CREDIT_low_eff_su2_r1_d6_b02__none,none,logitguard_quantized,9905912b0d924a7b3ca5,0,1,0,0.7720635533332825,0.22793644666671753
PETS_CREDIT_low_eff_su2_r1_d6_b02__none,none,logitguard_quantized,10906783256975cefbbb,0,0,0,0.7613326907157898,0.23866727948188782
PETS_CREDIT_low_eff_su2_r1_d6_b02__none,none,logitguard_quantized,7ff0c461042567dfe447,0,0,0,0.7539887428283691,0.24601128697395325
PETS_CREDIT_low_eff_su2_r1_d6_b02__none,none,logitguard_quantized,34cd383be85fcb382ea6,0,0,0,0.7613326907157898,0.23866727948188782
PETS_CREDIT_low_eff_su2_r1_d6_b02__none,none,logitguard_quantized,da601eb1fce6bb696bf8,0,1,0,0.7755640149116516,0.2244359850883484
PETS_CREDIT_low_eff_su2_r1_d6_b02__none,none,logitguard_quantized,555680807658211b545c,0,0,0,0.7613326907157898,0.23866727948188782
PETS_CREDIT_low_eff_su2_r1_d6_b02__none,none,logitguard_quantized,7dbb07f72b26cae53e10,0,0,0,0.7576796412467957,0.24232037365436554
PETS_CREDIT_low_eff_su2_r1_d6_b02__none,none,logitguard_quantized,3692ecea3b8cc152ac74,0,0,0,0.7613326907157898,0.23866727948188782
PETS_CREDIT_low_eff_su2_r1_d6_b02__none,none,logitguard_quantized,685e2ecf9c9c42d485ce,0,0,0,0.7613326907157898,0.23866727948188782
PETS_CREDIT_low_eff_su2_r1_d6_b02__none,none,logitguard_quantized,3a38d3079b87b1aa292b,0,0,0,0.7720635533332825,0.22793644666671753
PETS_CREDIT_low_eff_su2_r1_d6_b02__none,none,logitguard_quantized,4a088c612fee9ef613b8,0,0,0,0.764947772026062,0.2350521981716156
PETS_CREDIT_low_eff_su2_r1_d6_b02__none,none,logitguard_quantized,e662ed68ef3f99bd0ed7,0,0,0,0.764947772026062,0.2350521981716156
PETS_CREDIT_low_eff_su2_r1_d6_b02__none,none,logitguard_quantized,baf60f731977893683c9,0,0,0,0.7613326907157898,0.23866727948188782
PETS_CREDIT_low_eff_su2_r1_d6_b02__none,none,logitguard_quantized,af85096b9d68ea111a40,0,0,0,0.7576796412467957,0.24232037365436554
PETS_CREDIT_low_eff_su2_r1_d6_b02__none,none,logitguard_quantized,948f6a099d3241c9a1ec,0,0,0,0.7613326907157898,0.23866727948188782
PETS_CREDIT_low_eff_su2_r1_d6_b02__none,none,logitguard_quantized,5f65233bde8585faedb5,0,0,0,0.764947772026062,0.2350521981716156
PETS_CREDIT_low_eff_su2_r1_d6_b02__none,none,logitguard_quantized,5acd05c508162abd3783,0,0,0,0.7539887428283691,0.24601128697395325
PETS_CREDIT_low_eff_su2_r1_d6_b02__none,none,logitguard_quantized,349b65ac22308893e3ec,0,1,0,0.764947772026062,0.2350521981716156
PETS_CREDIT_low_eff_su2_r1_d6_b02__none,none,logitguard_quantized,1deef9da8e2ee98331dc,0,0,0,0.7720635533332825,0.22793644666671753
PETS_CREDIT_low_eff_su2_r1_d6_b02__none,none,logitguard_quantized,ccba09c993c170faae38,0,1,0,0.7613326907157898,0.23866727948188782
PETS_CREDIT_low_eff_su2_r1_d6_b02__none,none,logitguard_quantized,4882932be60b65305c84,0,0,0,0.768524706363678,0.23147521913051605
PETS_CREDIT_low_eff_su2_r1_d6_b02__none,none,logitguard_quantized,b244235968526b38867d,0,0,0,0.7464939951896667,0.25350600481033325
PETS_CREDIT_low_eff_su2_r1_d6_b02__none,none,logitguard_quantized,c3a927c03687d1a576df,0,0,0,0.764947772026062,0.2350521981716156
PETS_CREDIT_low_eff_su2_r1_d6_b02__none,none,logitguard_quantized,fa1f9563eb089a4c05eb,0,1,0,0.768524706363678,0.23147521913051605
PETS_CREDIT_low_eff_su2_r1_d6_b02__none,none,logitguard_quantized,555c4408bbd55bf9a01b,0,0,0,0.7576796412467957,0.24232037365436554
PETS_CREDIT_low_eff_su2_r1_d6_b02__none,none,logitguard_quantized,6bb3006cf2b47b29d044,0,0,0,0.764947772026062,0.2350521981716156
PETS_CREDIT_low_eff_su2_r1_d6_b02__none,none,logitguard_quantized,a3076f399cf32e671da9,0,1,0,0.7576796412467957,0.24232037365436554
PETS_CREDIT_low_eff_su2_r1_d6_b02__none,none,logitguard_quantized,d0ead593664a3694fc2c,0,0,0,0.7891817092895508,0.2108183056116104
PETS_CREDIT_low_eff_su2_r1_d6_b02__none,none,logitguard_quantized,f4686f1ccb3b1f5b89c1,0,0,0,0.7502601146697998,0.2497398853302002
PETS_CREDIT_low_eff_su2_r1_d6_b02__none,none,logitguard_quantized,6b7219cfa53e1ae4e686,0,0,0,0.7613326907157898,0.23866727948188782
PETS_CREDIT_low_eff_su2_r1_d6_b02__none,none,logitguard_quantized,88f9384f8a0cf279c07b,0,0,0,0.768524706363678,0.23147521913051605
PETS_CREDIT_low_eff_su2_r1_d6_b02__none,none,logitguard_quantized,8ac37e6efcfd84f4bf90,0,0,0,0.768524706363678,0.23147521913051605
PETS_CREDIT_low_eff_su2_r1_d6_b02__none,none,logitguard_quantized,e947ef8b0f016ee69de8,0,0,0,0.7539887428283691,0.24601128697395325
PETS_CREDIT_low_eff_su2_r1_d6_b02__none,none,logitguard_quantized,6c53aaf7ecbc425941a4,0,1,0,0.764947772026062,0.2350521981716156
PETS_CREDIT_low_eff_su2_r1_d6_b02__none,none,logitguard_quantized,b215fc8b709612d72d29,0,0,0,0.7613326907157898,0.23866727948188782
PETS_CREDIT_low_eff_su2_r1_d6_b02__none,none,logitguard_quantized,87c7d3469677d57e0f68,0,0,0,0.7613326907157898,0.23866727948188782
PETS_CREDIT_low_eff_su2_r1_d6_b02__none,none,logitguard_quantized,aca397f6cfe96c665e23,0,0,0,0.7613326907157898,0.23866727948188782
PETS_CREDIT_low_eff_su2_r1_d6_b02__none,none,logitguard_quantized,f1d5fbea8d8fc197f689,0,0,0,0.764947772026062,0.2350521981716156
PETS_CREDIT_low_eff_su2_r1_d6_b02__none,none,logitguard_quantized,a660b0769301bab3f88d,0,0,0,0.7613326907157898,0.23866727948188782
PETS_CREDIT_low_eff_su2_r1_d6_b02__none,none,logitguard_quantized,fb41b4f01480a9067cf9,0,1,0,0.764947772026062,0.2350521981716156
PETS_CREDIT_low_eff_su2_r1_d6_b02__none,none,logitguard_quantized,c65308558f565034903d,0,1,0,0.7576796412467957,0.24232037365436554
PETS_CREDIT_low_eff_su2_r1_d6_b02__none,none,logitguard_quantized,61985a6dca52dc5fe733,0,0,0,0.764947772026062,0.2350521981716156
PETS_CREDIT_low_eff_su2_r1_d6_b02__none,none,logitguard_quantized,79d13f79e25dd355b797,0,1,0,0.768524706363678,0.23147521913051605
PETS_CREDIT_low_eff_su2_r1_d6_b02__none,none,logitguard_quantized,6df7b8af4894c02f1865,0,0,0,0.7613326907157898,0.23866727948188782
PETS_CREDIT_low_eff_su2_r1_d6_b02__none,none,logitguard_quantized,f50f173b25417d940819,0,0,0,0.7790261507034302,0.2209739089012146
PETS_CREDIT_low_eff_su2_r1_d6_b02__none,none,logitguard_quantized,73ce0aaf437e0a73c182,0,1,0,0.7613326907157898,0.23866727948188782
PETS_CREDIT_low_eff_su2_r1_d6_b02__none,none,logitguard_quantized,0748c8ca29b369b66e6f,0,1,0,0.7720635533332825,0.22793644666671753
PETS_CREDIT_low_eff_su2_r1_d6_b02__none,none,logitguard_quantized,e5cdd46506910a0d29a4,0,0,0,0.7539887428283691,0.24601128697395325
PETS_CREDIT_low_eff_su2_r1_d6_b02__none,none,logitguard_quantized,266c16f52337745816e5,0,0,0,0.7576796412467957,0.24232037365436554
PETS_CREDIT_low_eff_su2_r1_d6_b02__none,none,logitguard_quantized,806319326d809b9eae67,0,0,0,0.764947772026062,0.2350521981716156
PETS_CREDIT_low_eff_su2_r1_d6_b02__none,none,logitguard_quantized,3da17ae4582b2ac6ac6a,0,0,0,0.7720635533332825,0.22793644666671753
PETS_CREDIT_low_eff_su2_r1_d6_b02__none,none,logitguard_quantized,cd6bf5351920ef71b772,0,0,0,0.764947772026062,0.2350521981716156
PETS_CREDIT_low_eff_su2_r1_d6_b02__none,none,logitguard_quantized,f1fa5a6ee10e25b70a00,0,0,0,0.768524706363678,0.23147521913051605
PETS_CREDIT_low_eff_su2_r1_d6_b02__none,none,logitguard_quantized,de98a8baab2807797bb8,0,0,0,0.768524706363678,0.23147521913051605
PETS_CREDIT_low_eff_su2_r1_d6_b02__none,none,logitguard_quantized,4c7af58561c27a6e341e,0,1,0,0.768524706363678,0.23147521913051605
PETS_CREDIT_low_eff_su2_r1_d6_b02__none,none,logitguard_quantized,38ba8c1ecc8be69eb7d0,0,0,0,0.7613326907157898,0.23866727948188782
PETS_CREDIT_low_eff_su2_r1_d6_b02__none,none,logitguard_quantized,1b857744e17f39b46f16,0,0,0,0.7539887428283691,0.24601128697395325
PETS_CREDIT_low_eff_su2_r1_d6_b02__none,none,logitguard_quantized,31d01a38894b805bfc80,0,0,0,0.768524706363678,0.23147521913051605
PETS_CREDIT_low_eff_su2_r1_d6_b02__none,none,logitguard_quantized,231156f957719dd417d9,0,0,0,0.7720635533332825,0.22793644666671753
PETS_CREDIT_low_eff_su2_r1_d6_b02__none,none,logitguard_quantized,7bfb843a13cff05233ad,0,0,0,0.7576796412467957,0.24232037365436554
PETS_CREDIT_low_eff_su2_r1_d6_b02__none,none,logitguard_quantized,24850cc249ef6fef8baa,0,0,0,0.768524706363678,0.23147521913051605
PETS_CREDIT_low_eff_su2_r1_d6_b02__none,none,logitguard_quantized,f80b742f70e5ef1f2f75,0,0,0,0.7613326907157898,0.23866727948188782
PETS_CREDIT_low_eff_su2_r1_d6_b02__none,none,logitguard_quantized,392fabb059005262a0a6,0,0,0,0.7613326907157898,0.23866727948188782
PETS_CREDIT_low_eff_su2_r1_d6_b02__none,none,logitguard_quantized,e5731b75bfb8647f33f0,0,1,1,0.2350521981716156,0.764947772026062
PETS_CREDIT_low_eff_su2_r1_d6_b02__none,none,logitguard_quantized,63426de2bcac10c978ef,0,0,0,0.8889440298080444,0.11105597764253616
PETS_CREDIT_low_eff_su2_r1_d6_b02__none,none,logitguard_quantized,346b2d56d8b09d426f47,0,1,0,0.7720635533332825,0.22793644666671753
PETS_CREDIT_low_eff_su2_r1_d6_b02__none,none,logitguard_quantized,79ede8f524cb4755d342,0,0,0,0.7388499975204468,0.2611500024795532
PETS_CREDIT_low_eff_su2_r1_d6_b02__none,none,logitguard_quantized,9b15c4988e577e46b572,0,0,0,0.7502601146697998,0.2497398853302002
PETS_CREDIT_low_eff_su2_r1_d6_b02__none,none,logitguard_quantized,2ae5fdcfe3923a4263b6,0,0,0,0.7613326907157898,0.23866727948188782
PETS_CREDIT_low_eff_su2_r1_d6_b02__none,none,logitguard_quantized,b690772de8eb14084d30,0,1,0,0.764947772026062,0.2350521981716156
PETS_CREDIT_low_eff_su2_r1_d6_b02__none,none,logitguard_quantized,a19516268df63768faeb,0,0,0,0.764947772026062,0.2350521981716156
PETS_CREDIT_low_eff_su2_r1_d6_b02__none,none,logitguard_quantized,2e900caa6bf6a7e56807,0,0,0,0.764947772026062,0.2350521981716156
PETS_CREDIT_low_eff_su2_r1_d6_b02__none,none,logitguard_quantized,3e5959b02df8356effc1,0,0,0,0.7858350276947021,0.21416503190994263
PETS_CREDIT_low_eff_su2_r1_d6_b02__none,none,logitguard_quantized,b6b16448c07ca52d41fb,0,0,0,0.764947772026062,0.2350521981716156
PETS_CREDIT_low_eff_su2_r1_d6_b02__none,none,logitguard_quantized,bf9825a8b0d7138b3690,0,1,0,0.764947772026062,0.2350521981716156
PETS_CREDIT_low_eff_su2_r1_d6_b02__none,none,logitguard_quantized,ae831412dedceb901cc4,0,0,0,0.764947772026062,0.2350521981716156
PETS_CREDIT_low_eff_su2_r1_d6_b02__none,none,logitguard_quantized,1b791f7fc091a40a0494,0,0,0,0.7613326907157898,0.23866727948188782
PETS_CREDIT_low_eff_su2_r1_d6_b02__none,none,logitguard_quantized,2951667761deda7d6d9f,0,0,0,0.7613326907157898,0.23866727948188782
PETS_CREDIT_low_eff_su2_r1_d6_b02__none,none,logitguard_quantized,c55786a9941cc04c9348,0,0,0,0.764947772026062,0.2350521981716156
PETS_CREDIT_low_eff_su2_r1_d6_b02__none,none,logitguard_quantized,67fb36e26b798796d6fd,0,0,0,0.768524706363678,0.23147521913051605
PETS_CREDIT_low_eff_su2_r1_d6_b02__none,none,logitguard_quantized,f8f44150ace4d5e110b6,0,1,0,0.7613326907157898,0.23866727948188782
PETS_CREDIT_low_eff_su2_r1_d6_b02__none,none,logitguard_quantized,92becb8f0ed68752cc52,0,1,0,0.7613326907157898,0.23866727948188782
PETS_CREDIT_low_eff_su2_r1_d6_b02__none,none,logitguard_quantized,cab8e2ac7eeaf27d3d2c,0,0,0,0.7613326907157898,0.23866727948188782
PETS_CREDIT_low_eff_su2_r1_d6_b02__none,none,logitguard_quantized,d1db35b6c9e008df971d,0,0,0,0.764947772026062,0.2350521981716156
PETS_CREDIT_low_eff_su2_r1_d6_b02__none,none,logitguard_quantized,83d86a08997d81c1643f,0,0,0,0.7613326907157898,0.23866727948188782
PETS_CREDIT_low_eff_su2_r1_d6_b02__none,none,measurementguard_continuous,26b6a5da65cdaeb8e184,1,0,0,0.7544495463371277,0.2455504983663559
PETS_CREDIT_low_eff_su2_r1_d6_b02__none,none,measurementguard_continuous,aaca4c9adb936209ae4f,1,0,0,0.813751220703125,0.1862488090991974
PETS_CREDIT_low_eff_su2_r1_d6_b02__none,none,measurementguard_continuous,5b4cdc8a84b914138d2b,1,0,0,0.7198867201805115,0.2801132798194885
PETS_CREDIT_low_eff_su2_r1_d6_b02__none,none,measurementguard_continuous,d2c3d34fb102babfa194,1,0,0,0.7388280630111694,0.26117193698883057
PETS_CREDIT_low_eff_su2_r1_d6_b02__none,none,measurementguard_continuous,26f8e0268dd95cba45fd,1,0,0,0.7663236856460571,0.23367635905742645
PETS_CREDIT_low_eff_su2_r1_d6_b02__none,none,measurementguard_continuous,877b93e6aa8797d2cd0b,1,1,0,0.7765493392944336,0.2234506607055664
PETS_CREDIT_low_eff_su2_r1_d6_b02__none,none,measurementguard_continuous,e0b33cacbadcac9f3d26,1,0,0,0.7239035964012146,0.276096373796463
PETS_CREDIT_low_eff_su2_r1_d6_b02__none,none,measurementguard_continuous,df16a30c67111933fccc,1,1,0,0.7653871774673462,0.2346128523349762
PETS_CREDIT_low_eff_su2_r1_d6_b02__none,none,measurementguard_continuous,7105743f10682ac4a1cc,1,1,0,0.7007155418395996,0.2992844879627228
PETS_CREDIT_low_eff_su2_r1_d6_b02__none,none,measurementguard_continuous,0ffd3e39286157b02ad4,1,0,0,0.7680048942565918,0.2319951206445694
PETS_CREDIT_low_eff_su2_r1_d6_b02__none,none,measurementguard_continuous,e4890079e5df86b99388,1,0,0,0.8188716769218445,0.1811283677816391
PETS_CREDIT_low_eff_su2_r1_d6_b02__none,none,measurementguard_continuous,e07f107ec2deef516f4f,1,0,0,0.811957061290741,0.18804295361042023
PETS_CREDIT_low_eff_su2_r1_d6_b02__none,none,measurementguard_continuous,c91e3b5a028c06ad1f92,1,0,0,0.7542616724967957,0.24573829770088196
PETS_CREDIT_low_eff_su2_r1_d6_b02__none,none,measurementguard_continuous,d606f1831b9734bb90e1,1,0,0,0.735282838344574,0.2647171914577484
PETS_CREDIT_low_eff_su2_r1_d6_b02__none,none,measurementguard_continuous,c3a59fc71e20658f6341,1,0,0,0.7294237613677979,0.27057623863220215
PETS_CREDIT_low_eff_su2_r1_d6_b02__none,none,measurementguard_continuous,78edbc6916b12b570866,1,1,0,0.7302076816558838,0.2697923183441162
PETS_CREDIT_low_eff_su2_r1_d6_b02__none,none,measurementguard_continuous,a62d80fa1349c54517ce,1,0,0,0.7813342809677124,0.2186656892299652
PETS_CREDIT_low_eff_su2_r1_d6_b02__none,none,measurementguard_continuous,46dbe6ca2f4531385a05,1,0,0,0.816323459148407,0.1836765557527542
PETS_CREDIT_low_eff_su2_r1_d6_b02__none,none,measurementguard_continuous,8b629ccf361c8da0309f,1,0,0,0.8280543684959412,0.17194564640522003
PETS_CREDIT_low_eff_su2_r1_d6_b02__none,none,measurementguard_continuous,4dde24d981dd8981f71f,1,1,0,0.8086479902267456,0.19135193526744843
PETS_CREDIT_low_eff_su2_r1_d6_b02__none,none,measurementguard_continuous,ab00e756b29c98fd6674,1,0,0,0.7920854687690735,0.2079145610332489
PETS_CREDIT_low_eff_su2_r1_d6_b02__none,none,measurementguard_continuous,196d92dfff0523a23237,1,0,0,0.8144974112510681,0.18550263345241547
PETS_CREDIT_low_eff_su2_r1_d6_b02__none,none,measurementguard_continuous,988a4b4dcb53bafffb01,1,0,0,0.742878794670105,0.257121205329895
PETS_CREDIT_low_eff_su2_r1_d6_b02__none,none,measurementguard_continuous,c8a7bd1cd35ba1e89b80,1,0,0,0.7988933324813843,0.20110668241977692
PETS_CREDIT_low_eff_su2_r1_d6_b02__none,none,measurementguard_continuous,6093ce809aa33ce6693b,1,0,0,0.817344605922699,0.18265539407730103
PETS_CREDIT_low_eff_su2_r1_d6_b02__none,none,measurementguard_continuous,00405a37dd709b2d51a8,1,0,0,0.8188470602035522,0.18115293979644775
PETS_CREDIT_low_eff_su2_r1_d6_b02__none,none,measurementguard_continuous,aaff47c50ec280d97eda,1,0,0,0.8103204965591431,0.18967953324317932
PETS_CREDIT_low_eff_su2_r1_d6_b02__none,none,measurementguard_continuous,a6dfd0dc4ba32e6c00e6,1,0,0,0.7888323664665222,0.21116766333580017
PETS_CREDIT_low_eff_su2_r1_d6_b02__none,none,measurementguard_continuous,75e559f2a9928f47e4ef,1,0,0,0.7370086908340454,0.2629913091659546
PETS_CREDIT_low_eff_su2_r1_d6_b02__none,none,measurementguard_continuous,f1068bd99413d081a271,1,0,0,0.7968788146972656,0.20312121510505676
PETS_CREDIT_low_eff_su2_r1_d6_b02__none,none,measurementguard_continuous,58cb80b3d0535cb4343a,1,0,0,0.7383283972740173,0.26167163252830505
PETS_CREDIT_low_eff_su2_r1_d6_b02__none,none,measurementguard_continuous,5cb75d859aa2d3df94b0,1,0,0,0.8233317136764526,0.17666827142238617
PETS_CREDIT_low_eff_su2_r1_d6_b02__none,none,measurementguard_continuous,6e144bf85d42e3ac6fae,1,1,0,0.8011085987091064,0.19889140129089355
PETS_CREDIT_low_eff_su2_r1_d6_b02__none,none,measurementguard_continuous,e8613e68d8ca2ea9e7fd,1,0,0,0.7713515162467957,0.22864848375320435
PETS_CREDIT_low_eff_su2_r1_d6_b02__none,none,measurementguard_continuous,0674ce029ebb21d32e38,1,1,0,0.7035324573516846,0.29646751284599304
PETS_CREDIT_low_eff_su2_r1_d6_b02__none,none,measurementguard_continuous,b0f47ae4b56b3aa4d111,1,0,0,0.7290301322937012,0.27096983790397644
PETS_CREDIT_low_eff_su2_r1_d6_b02__none,none,measurementguard_continuous,e76cce60bc3507d0d7b2,1,0,0,0.7978482246398926,0.20215174555778503
PETS_CREDIT_low_eff_su2_r1_d6_b02__none,none,measurementguard_continuous,72bf8a475d5aa5538cd3,1,0,0,0.8182152509689331,0.18178477883338928
PETS_CREDIT_low_eff_su2_r1_d6_b02__none,none,measurementguard_continuous,f3ca91dd8e5aba8d83d9,1,1,0,0.7649871110916138,0.23501288890838623
PETS_CREDIT_low_eff_su2_r1_d6_b02__none,none,measurementguard_continuous,70d271c728323ea28d90,1,0,0,0.6962370276451111,0.3037629723548889
PETS_CREDIT_low_eff_su2_r1_d6_b02__none,none,measurementguard_continuous,a55e4e1cd3465563efc4,1,0,0,0.8102089762687683,0.1897909939289093
PETS_CREDIT_low_eff_su2_r1_d6_b02__none,none,measurementguard_continuous,4def6ca8e27be84aeb54,1,1,0,0.8053021430969238,0.19469787180423737
PETS_CREDIT_low_eff_su2_r1_d6_b02__none,none,measurementguard_continuous,347bd04364dce3c5342e,1,0,0,0.7859277725219727,0.21407222747802734
PETS_CREDIT_low_eff_su2_r1_d6_b02__none,none,measurementguard_continuous,bf465d63c434358f77e4,1,0,0,0.7106890082359314,0.289311021566391
PETS_CREDIT_low_eff_su2_r1_d6_b02__none,none,measurementguard_continuous,c9e5785745f04cec0d37,1,0,0,0.7578338980674744,0.24216614663600922
PETS_CREDIT_low_eff_su2_r1_d6_b02__none,none,measurementguard_continuous,c536d8f2ff559c7756e7,1,0,0,0.8084542155265808,0.19154581427574158
PETS_CREDIT_low_eff_su2_r1_d6_b02__none,none,measurementguard_continuous,f0c1637eb1fa5204c581,1,0,0,0.7014000415802002,0.2985999882221222
PETS_CREDIT_low_eff_su2_r1_d6_b02__none,none,measurementguard_continuous,bfa7b1aca5d187760a16,1,0,0,0.7833545207977295,0.2166455090045929
PETS_CREDIT_low_eff_su2_r1_d6_b02__none,none,measurementguard_continuous,cec5a851be4f6e7c0887,1,1,0,0.7892169952392578,0.21078301966190338
PETS_CREDIT_low_eff_su2_r1_d6_b02__none,none,measurementguard_continuous,619b46d6086e6aad3d84,1,0,0,0.6992213129997253,0.30077865719795227
PETS_CREDIT_low_eff_su2_r1_d6_b02__none,none,measurementguard_continuous,1dd9f8371cdcaa1758b3,1,0,0,0.7737325429916382,0.2262674868106842
PETS_CREDIT_low_eff_su2_r1_d6_b02__none,none,measurementguard_continuous,a4fc6b0808359418c098,1,0,0,0.8011465072631836,0.19885346293449402
PETS_CREDIT_low_eff_su2_r1_d6_b02__none,none,measurementguard_continuous,073dbbd888ef767c75de,1,0,0,0.7833365201950073,0.21666347980499268
PETS_CREDIT_low_eff_su2_r1_d6_b02__none,none,measurementguard_continuous,7c7fe88dcec806be29da,1,0,0,0.7700127363204956,0.22998732328414917
PETS_CREDIT_low_eff_su2_r1_d6_b02__none,none,measurementguard_continuous,fbbb0f469e10095b9cc1,1,1,0,0.7960483431816101,0.20395168662071228
PETS_CREDIT_low_eff_su2_r1_d6_b02__none,none,measurementguard_continuous,c0daa10532a8487ca803,1,1,0,0.7813696265220642,0.2186303436756134
PETS_CREDIT_low_eff_su2_r1_d6_b02__none,none,measurementguard_continuous,bacc1c25b75ae0e1b780,1,0,0,0.7099707126617432,0.29002928733825684
PETS_CREDIT_low_eff_su2_r1_d6_b02__none,none,measurementguard_continuous,1313972ddf1c6e9eb2c9,1,1,0,0.8077602386474609,0.19223979115486145
PETS_CREDIT_low_eff_su2_r1_d6_b02__none,none,measurementguard_continuous,1819fe5c399a17316fee,1,0,0,0.7654706835746765,0.23452933132648468
PETS_CREDIT_low_eff_su2_r1_d6_b02__none,none,measurementguard_continuous,70e46e61db439dd8e308,1,0,0,0.8097476959228516,0.19025228917598724
PETS_CREDIT_low_eff_su2_r1_d6_b02__none,none,measurementguard_continuous,01743ddf295d8f6b5a46,1,1,0,0.7341828346252441,0.26581716537475586
PETS_CREDIT_low_eff_su2_r1_d6_b02__none,none,measurementguard_continuous,a5628044ec0880a52490,1,1,0,0.8019288778305054,0.19807113707065582
PETS_CREDIT_low_eff_su2_r1_d6_b02__none,none,measurementguard_continuous,6a75db22a6087741eef2,1,0,0,0.7570216655731201,0.24297833442687988
PETS_CREDIT_low_eff_su2_r1_d6_b02__none,none,measurementguard_continuous,92516ca36411fad7d9c9,1,0,0,0.8246449828147888,0.17535501718521118
PETS_CREDIT_low_eff_su2_r1_d6_b02__none,none,measurementguard_continuous,787c85a205e13b242012,1,0,0,0.6992077827453613,0.30079221725463867
PETS_CREDIT_low_eff_su2_r1_d6_b02__none,none,measurementguard_continuous,8d5ec20ca179ede5da84,1,0,0,0.7845758199691772,0.21542420983314514
PETS_CREDIT_low_eff_su2_r1_d6_b02__none,none,measurementguard_continuous,973b363916938dbaaf31,1,0,0,0.7246120572090149,0.2753879725933075
PETS_CREDIT_low_eff_su2_r1_d6_b02__none,none,measurementguard_continuous,e3e282f64bed70282149,1,0,0,0.7251277565956116,0.2748722732067108
PETS_CREDIT_low_eff_su2_r1_d6_b02__none,none,measurementguard_continuous,c50e57ca37a497df3a13,1,0,0,0.7383682131767273,0.2616317868232727
PETS_CREDIT_low_eff_su2_r1_d6_b02__none,none,measurementguard_continuous,6c0e663b6848864dc914,1,1,0,0.8011388778686523,0.19886113703250885
PETS_CREDIT_low_eff_su2_r1_d6_b02__none,none,measurementguard_continuous,ac5f40db5db91c18a83b,1,0,0,0.7184258699417114,0.2815741002559662
PETS_CREDIT_low_eff_su2_r1_d6_b02__none,none,measurementguard_continuous,072f10d00d9156aab9f2,1,0,0,0.7903785705566406,0.20962145924568176
PETS_CREDIT_low_eff_su2_r1_d6_b02__none,none,measurementguard_continuous,526cee77dcfea7ee8138,1,0,0,0.7047026753425598,0.2952973246574402
PETS_CREDIT_low_eff_su2_r1_d6_b02__none,none,measurementguard_continuous,25282b20e9c64236ec4d,1,0,0,0.711915135383606,0.28808483481407166
PETS_CREDIT_low_eff_su2_r1_d6_b02__none,none,measurementguard_continuous,14ee67db08b82edf07a3,1,0,0,0.7953378558158875,0.20466211438179016
PETS_CREDIT_low_eff_su2_r1_d6_b02__none,none,measurementguard_continuous,eb849709f12c60edd50b,1,0,0,0.6965436339378357,0.3034563958644867
PETS_CREDIT_low_eff_su2_r1_d6_b02__none,none,measurementguard_continuous,b91b8614dbf7826436cf,1,0,0,0.744214653968811,0.25578537583351135
PETS_CREDIT_low_eff_su2_r1_d6_b02__none,none,measurementguard_continuous,8f95586c1c6fb3f2a750,1,0,0,0.7845557928085327,0.21544422209262848
PETS_CREDIT_low_eff_su2_r1_d6_b02__none,none,measurementguard_continuous,5e48c11768cb070aefe6,1,1,0,0.796886682510376,0.20311328768730164
PETS_CREDIT_low_eff_su2_r1_d6_b02__none,none,measurementguard_continuous,7ce1135db7560daf7e70,1,0,0,0.7951997518539429,0.20480027794837952
PETS_CREDIT_low_eff_su2_r1_d6_b02__none,none,measurementguard_continuous,f332cc500c7a62b19024,1,1,0,0.8243910670280457,0.17560891807079315
PETS_CREDIT_low_eff_su2_r1_d6_b02__none,none,measurementguard_continuous,192395141a760795b97a,1,0,0,0.7197016477584839,0.2802983224391937
PETS_CREDIT_low_eff_su2_r1_d6_b02__none,none,measurementguard_continuous,9fc5fbe55717fe6862a4,1,0,0,0.6977959275245667,0.30220410227775574
PETS_CREDIT_low_eff_su2_r1_d6_b02__none,none,measurementguard_continuous,8fe0ac3103b5acc00cdc,1,0,0,0.753633975982666,0.24636603891849518
PETS_CREDIT_low_eff_su2_r1_d6_b02__none,none,measurementguard_continuous,d46f8b9f4d57f90db615,1,1,0,0.7556687593460083,0.2443312704563141
PETS_CREDIT_low_eff_su2_r1_d6_b02__none,none,measurementguard_continuous,11ccb38ba9653d61e950,1,0,0,0.7195630073547363,0.28043699264526367
PETS_CREDIT_low_eff_su2_r1_d6_b02__none,none,measurementguard_continuous,b84ff32b3c14263b0dd5,1,0,0,0.7550371885299683,0.24496279656887054
PETS_CREDIT_low_eff_su2_r1_d6_b02__none,none,measurementguard_continuous,ab97fae957e08270ffce,1,0,0,0.7929760217666626,0.20702394843101501
PETS_CREDIT_low_eff_su2_r1_d6_b02__none,none,measurementguard_continuous,6af56a8b2e15acc1e086,1,0,0,0.821900486946106,0.17809954285621643
PETS_CREDIT_low_eff_su2_r1_d6_b02__none,none,measurementguard_continuous,07d4d260e30d7cf5b71f,1,1,0,0.8250420689582825,0.17495793104171753
PETS_CREDIT_low_eff_su2_r1_d6_b02__none,none,measurementguard_continuous,fb40711278aca2b43c69,1,0,0,0.7954391241073608,0.20456089079380035
PETS_CREDIT_low_eff_su2_r1_d6_b02__none,none,measurementguard_continuous,1c7eb9e50fc08e5f8cf0,1,0,0,0.7660921216011047,0.23390790820121765
PETS_CREDIT_low_eff_su2_r1_d6_b02__none,none,measurementguard_continuous,5383d08662564ec7ab0d,1,0,0,0.7729323506355286,0.22706764936447144
PETS_CREDIT_low_eff_su2_r1_d6_b02__none,none,measurementguard_continuous,006df97946d214e0111f,1,0,0,0.759672224521637,0.24032780528068542
PETS_CREDIT_low_eff_su2_r1_d6_b02__none,none,measurementguard_continuous,6f47824d3363865de61a,1,0,0,0.6993653178215027,0.3006347119808197
PETS_CREDIT_low_eff_su2_r1_d6_b02__none,none,measurementguard_continuous,3ac7ac4bc65a6ffec899,1,1,0,0.8184680938720703,0.1815318763256073
PETS_CREDIT_low_eff_su2_r1_d6_b02__none,none,measurementguard_continuous,29a333df83b13ef7fea3,1,1,0,0.8080025315284729,0.1919974535703659
PETS_CREDIT_low_eff_su2_r1_d6_b02__none,none,measurementguard_continuous,39f8154e08ad72170108,1,0,0,0.7711569666862488,0.22884303331375122
PETS_CREDIT_low_eff_su2_r1_d6_b02__none,none,measurementguard_continuous,25bed8f88a506c4cc366,1,0,0,0.8309866189956665,0.16901341080665588
PETS_CREDIT_low_eff_su2_r1_d6_b02__none,none,measurementguard_continuous,c75c31af2389cc3a594f,1,0,0,0.8074242472648621,0.19257578253746033
PETS_CREDIT_low_eff_su2_r1_d6_b02__none,none,measurementguard_continuous,cbee3c9401120608f2ba,0,0,0,0.732975959777832,0.26702404022216797
PETS_CREDIT_low_eff_su2_r1_d6_b02__none,none,measurementguard_continuous,1c3e9f95fcefe2e9f555,0,0,0,0.751979410648346,0.24802058935165405
PETS_CREDIT_low_eff_su2_r1_d6_b02__none,none,measurementguard_continuous,47955bec8c8c8b0d6ecd,0,0,0,0.8260864615440369,0.17391358315944672
PETS_CREDIT_low_eff_su2_r1_d6_b02__none,none,measurementguard_continuous,925cfc4ba01b802e6fea,0,0,0,0.8139057159423828,0.1860942840576172
PETS_CREDIT_low_eff_su2_r1_d6_b02__none,none,measurementguard_continuous,cf2b344b8a066b41a298,0,0,0,0.8208964467048645,0.1791035681962967
PETS_CREDIT_low_eff_su2_r1_d6_b02__none,none,measurementguard_continuous,44ce9ab8bd9bd704ad04,0,1,0,0.7872885465621948,0.21271148324012756
PETS_CREDIT_low_eff_su2_r1_d6_b02__none,none,measurementguard_continuous,d2f0fdb253d121d24db4,0,0,0,0.7241218090057373,0.2758781909942627
PETS_CREDIT_low_eff_su2_r1_d6_b02__none,none,measurementguard_continuous,11958d422323d7de5da8,0,1,0,0.7935172319412231,0.20648279786109924
PETS_CREDIT_low_eff_su2_r1_d6_b02__none,none,measurementguard_continuous,ee145a9d7a0dd082d343,0,1,0,0.7647221088409424,0.23527781665325165
PETS_CREDIT_low_eff_su2_r1_d6_b02__none,none,measurementguard_continuous,3bb90fb9f41d8cd780fb,0,0,0,0.7526229023933411,0.24737702310085297
PETS_CREDIT_low_eff_su2_r1_d6_b02__none,none,measurementguard_continuous,1df211fa59aa1d5f8ac4,0,0,0,0.8185366988182068,0.1814633160829544
PETS_CREDIT_low_eff_su2_r1_d6_b02__none,none,measurementguard_continuous,864edb9124799ed14941,0,0,0,0.7714253067970276,0.2285747230052948
PETS_CREDIT_low_eff_su2_r1_d6_b02__none,none,measurementguard_continuous,71a5cf1405bd2714ab77,0,0,0,0.6977038383483887,0.30229616165161133
PETS_CREDIT_low_eff_su2_r1_d6_b02__none,none,measurementguard_continuous,ec314aa70302252ef357,0,0,0,0.7196290493011475,0.28037095069885254
PETS_CREDIT_low_eff_su2_r1_d6_b02__none,none,measurementguard_continuous,07849266aa8f190a63f2,0,0,0,0.8213854432106018,0.1786145716905594
PETS_CREDIT_low_eff_su2_r1_d6_b02__none,none,measurementguard_continuous,9905912b0d924a7b3ca5,0,1,0,0.8236545324325562,0.17634546756744385
PETS_CREDIT_low_eff_su2_r1_d6_b02__none,none,measurementguard_continuous,10906783256975cefbbb,0,0,0,0.7746354937553406,0.22536450624465942
PETS_CREDIT_low_eff_su2_r1_d6_b02__none,none,measurementguard_continuous,7ff0c461042567dfe447,0,0,0,0.8163946270942688,0.18360535800457
PETS_CREDIT_low_eff_su2_r1_d6_b02__none,none,measurementguard_continuous,34cd383be85fcb382ea6,0,0,0,0.7652097940444946,0.23479019105434418
PETS_CREDIT_low_eff_su2_r1_d6_b02__none,none,measurementguard_continuous,da601eb1fce6bb696bf8,0,1,0,0.8281266689300537,0.17187336087226868
PETS_CREDIT_low_eff_su2_r1_d6_b02__none,none,measurementguard_continuous,555680807658211b545c,0,0,0,0.7959348559379578,0.20406515896320343
PETS_CREDIT_low_eff_su2_r1_d6_b02__none,none,measurementguard_continuous,7dbb07f72b26cae53e10,0,0,0,0.8266589045524597,0.17334112524986267
PETS_CREDIT_low_eff_su2_r1_d6_b02__none,none,measurementguard_continuous,3692ecea3b8cc152ac74,0,0,0,0.7122564911842346,0.28774353861808777
PETS_CREDIT_low_eff_su2_r1_d6_b02__none,none,measurementguard_continuous,685e2ecf9c9c42d485ce,0,0,0,0.809177815914154,0.19082219898700714
PETS_CREDIT_low_eff_su2_r1_d6_b02__none,none,measurementguard_continuous,3a38d3079b87b1aa292b,0,0,0,0.7664388418197632,0.233561173081398
PETS_CREDIT_low_eff_su2_r1_d6_b02__none,none,measurementguard_continuous,4a088c612fee9ef613b8,0,0,0,0.7725817561149597,0.2274182140827179
PETS_CREDIT_low_eff_su2_r1_d6_b02__none,none,measurementguard_continuous,e662ed68ef3f99bd0ed7,0,0,0,0.8293083310127258,0.17069163918495178
PETS_CREDIT_low_eff_su2_r1_d6_b02__none,none,measurementguard_continuous,baf60f731977893683c9,0,0,0,0.7867727279663086,0.2132272571325302
PETS_CREDIT_low_eff_su2_r1_d6_b02__none,none,measurementguard_continuous,af85096b9d68ea111a40,0,0,0,0.7359899878501892,0.2640100419521332
PETS_CREDIT_low_eff_su2_r1_d6_b02__none,none,measurementguard_continuous,948f6a099d3241c9a1ec,0,0,0,0.7229505181312561,0.2770494818687439
PETS_CREDIT_low_eff_su2_r1_d6_b02__none,none,measurementguard_continuous,5f65233bde8585faedb5,0,0,0,0.7083791494369507,0.2916208505630493
PETS_CREDIT_low_eff_su2_r1_d6_b02__none,none,measurementguard_continuous,5acd05c508162abd3783,0,0,0,0.7248303890228271,0.27516964077949524
PETS_CREDIT_low_eff_su2_r1_d6_b02__none,none,measurementguard_continuous,349b65ac22308893e3ec,0,1,0,0.8247095346450806,0.17529046535491943
PETS_CREDIT_low_eff_su2_r1_d6_b02__none,none,measurementguard_continuous,1deef9da8e2ee98331dc,0,0,0,0.7794961333274841,0.22050389647483826
PETS_CREDIT_low_eff_su2_r1_d6_b02__none,none,measurementguard_continuous,ccba09c993c170faae38,0,1,0,0.7849106192588806,0.215089350938797
PETS_CREDIT_low_eff_su2_r1_d6_b02__none,none,measurementguard_continuous,4882932be60b65305c84,0,0,0,0.7058320045471191,0.29416796565055847
PETS_CREDIT_low_eff_su2_r1_d6_b02__none,none,measurementguard_continuous,b244235968526b38867d,0,0,0,0.7687203288078308,0.231279656291008
PETS_CREDIT_low_eff_su2_r1_d6_b02__none,none,measurementguard_continuous,c3a927c03687d1a576df,0,0,0,0.7016918063163757,0.29830822348594666
PETS_CREDIT_low_eff_su2_r1_d6_b02__none,none,measurementguard_continuous,fa1f9563eb089a4c05eb,0,1,0,0.7393401265144348,0.2606598734855652
PETS_CREDIT_low_eff_su2_r1_d6_b02__none,none,measurementguard_continuous,555c4408bbd55bf9a01b,0,0,0,0.8147765398025513,0.18522347509860992
PETS_CREDIT_low_eff_su2_r1_d6_b02__none,none,measurementguard_continuous,6bb3006cf2b47b29d044,0,0,0,0.7707657814025879,0.2292342185974121
PETS_CREDIT_low_eff_su2_r1_d6_b02__none,none,measurementguard_continuous,a3076f399cf32e671da9,0,1,0,0.8065748810768127,0.19342513382434845
PETS_CREDIT_low_eff_su2_r1_d6_b02__none,none,measurementguard_continuous,d0ead593664a3694fc2c,0,0,0,0.7520555853843689,0.2479444444179535
PETS_CREDIT_low_eff_su2_r1_d6_b02__none,none,measurementguard_continuous,f4686f1ccb3b1f5b89c1,0,0,0,0.7701926827430725,0.22980736196041107
PETS_CREDIT_low_eff_su2_r1_d6_b02__none,none,measurementguard_continuous,6b7219cfa53e1ae4e686,0,0,0,0.7594401240348816,0.2405598759651184
PETS_CREDIT_low_eff_su2_r1_d6_b02__none,none,measurementguard_continuous,88f9384f8a0cf279c07b,0,0,0,0.7155115008354187,0.2844885289669037
PETS_CREDIT_low_eff_su2_r1_d6_b02__none,none,measurementguard_continuous,8ac37e6efcfd84f4bf90,0,0,0,0.7595248222351074,0.24047517776489258
PETS_CREDIT_low_eff_su2_r1_d6_b02__none,none,measurementguard_continuous,e947ef8b0f016ee69de8,0,0,0,0.7566279768943787,0.24337200820446014
PETS_CREDIT_low_eff_su2_r1_d6_b02__none,none,measurementguard_continuous,6c53aaf7ecbc425941a4,0,1,0,0.7585461139678955,0.24145391583442688
PETS_CREDIT_low_eff_su2_r1_d6_b02__none,none,measurementguard_continuous,b215fc8b709612d72d29,0,0,0,0.821624219417572,0.17837584018707275
PETS_CREDIT_low_eff_su2_r1_d6_b02__none,none,measurementguard_continuous,87c7d3469677d57e0f68,0,0,0,0.7701935768127441,0.22980646789073944
PETS_CREDIT_low_eff_su2_r1_d6_b02__none,none,measurementguard_continuous,aca397f6cfe96c665e23,0,0,0,0.7032790184020996,0.296720951795578
PETS_CREDIT_low_eff_su2_r1_d6_b02__none,none,measurementguard_continuous,f1d5fbea8d8fc197f689,0,0,0,0.7349418997764587,0.26505813002586365
PETS_CREDIT_low_eff_su2_r1_d6_b02__none,none,measurementguard_continuous,a660b0769301bab3f88d,0,0,0,0.759328305721283,0.24067172408103943
PETS_CREDIT_low_eff_su2_r1_d6_b02__none,none,measurementguard_continuous,fb41b4f01480a9067cf9,0,1,0,0.8021141290664673,0.1978859305381775
PETS_CREDIT_low_eff_su2_r1_d6_b02__none,none,measurementguard_continuous,c65308558f565034903d,0,1,0,0.7473164200782776,0.2526835799217224
PETS_CREDIT_low_eff_su2_r1_d6_b02__none,none,measurementguard_continuous,61985a6dca52dc5fe733,0,0,0,0.8011783957481384,0.1988215297460556
PETS_CREDIT_low_eff_su2_r1_d6_b02__none,none,measurementguard_continuous,79d13f79e25dd355b797,0,1,0,0.7856529355049133,0.21434707939624786
PETS_CREDIT_low_eff_su2_r1_d6_b02__none,none,measurementguard_continuous,6df7b8af4894c02f1865,0,0,0,0.8296808004379272,0.17031921446323395
PETS_CREDIT_low_eff_su2_r1_d6_b02__none,none,measurementguard_continuous,f50f173b25417d940819,0,0,0,0.8149479627609253,0.1850520521402359
PETS_CREDIT_low_eff_su2_r1_d6_b02__none,none,measurementguard_continuous,73ce0aaf437e0a73c182,0,1,0,0.7132000923156738,0.28679993748664856
PETS_CREDIT_low_eff_su2_r1_d6_b02__none,none,measurementguard_continuous,0748c8ca29b369b66e6f,0,1,0,0.823388934135437,0.1766110509634018
PETS_CREDIT_low_eff_su2_r1_d6_b02__none,none,measurementguard_continuous,e5cdd46506910a0d29a4,0,0,0,0.8152674436569214,0.1847325563430786
PETS_CREDIT_low_eff_su2_r1_d6_b02__none,none,measurementguard_continuous,266c16f52337745816e5,0,0,0,0.8154000043869019,0.18459996581077576
PETS_CREDIT_low_eff_su2_r1_d6_b02__none,none,measurementguard_continuous,806319326d809b9eae67,0,0,0,0.8109757304191589,0.18902426958084106
PETS_CREDIT_low_eff_su2_r1_d6_b02__none,none,measurementguard_continuous,3da17ae4582b2ac6ac6a,0,0,0,0.7207003235816956,0.27929970622062683
PETS_CREDIT_low_eff_su2_r1_d6_b02__none,none,measurementguard_continuous,cd6bf5351920ef71b772,0,0,0,0.7386054992675781,0.2613944709300995
PETS_CREDIT_low_eff_su2_r1_d6_b02__none,none,measurementguard_continuous,f1fa5a6ee10e25b70a00,0,0,0,0.8289486765861511,0.17105133831501007
PETS_CREDIT_low_eff_su2_r1_d6_b02__none,none,measurementguard_continuous,de98a8baab2807797bb8,0,0,0,0.7021969556808472,0.29780304431915283
PETS_CREDIT_low_eff_su2_r1_d6_b02__none,none,measurementguard_continuous,4c7af58561c27a6e341e,0,1,0,0.81364905834198,0.1863509714603424
PETS_CREDIT_low_eff_su2_r1_d6_b02__none,none,measurementguard_continuous,38ba8c1ecc8be69eb7d0,0,0,0,0.7810158133506775,0.21898424625396729
PETS_CREDIT_low_eff_su2_r1_d6_b02__none,none,measurementguard_continuous,1b857744e17f39b46f16,0,0,0,0.7712274193763733,0.2287726104259491
PETS_CREDIT_low_eff_su2_r1_d6_b02__none,none,measurementguard_continuous,31d01a38894b805bfc80,0,0,0,0.8241255879402161,0.17587445676326752
PETS_CREDIT_low_eff_su2_r1_d6_b02__none,none,measurementguard_continuous,231156f957719dd417d9,0,0,0,0.7614083886146545,0.23859159648418427
PETS_CREDIT_low_eff_su2_r1_d6_b02__none,none,measurementguard_continuous,7bfb843a13cff05233ad,0,0,0,0.8225395083427429,0.17746050655841827
PETS_CREDIT_low_eff_su2_r1_d6_b02__none,none,measurementguard_continuous,24850cc249ef6fef8baa,0,0,0,0.7391985058784485,0.2608014643192291
PETS_CREDIT_low_eff_su2_r1_d6_b02__none,none,measurementguard_continuous,f80b742f70e5ef1f2f75,0,0,0,0.743159294128418,0.25684067606925964
PETS_CREDIT_low_eff_su2_r1_d6_b02__none,none,measurementguard_continuous,392fabb059005262a0a6,0,0,0,0.7102786898612976,0.28972128033638
PETS_CREDIT_low_eff_su2_r1_d6_b02__none,none,measurementguard_continuous,e5731b75bfb8647f33f0,0,1,1,0.20706889033317566,0.792931079864502
PETS_CREDIT_low_eff_su2_r1_d6_b02__none,none,measurementguard_continuous,63426de2bcac10c978ef,0,0,0,0.8246773481369019,0.17532269656658173
PETS_CREDIT_low_eff_su2_r1_d6_b02__none,none,measurementguard_continuous,346b2d56d8b09d426f47,0,1,0,0.7762644290924072,0.22373557090759277
PETS_CREDIT_low_eff_su2_r1_d6_b02__none,none,measurementguard_continuous,79ede8f524cb4755d342,0,0,0,0.705565869808197,0.29443415999412537
PETS_CREDIT_low_eff_su2_r1_d6_b02__none,none,measurementguard_continuous,9b15c4988e577e46b572,0,0,0,0.7784118056297302,0.22158822417259216
PETS_CREDIT_low_eff_su2_r1_d6_b02__none,none,measurementguard_continuous,2ae5fdcfe3923a4263b6,0,0,0,0.8211198449134827,0.17888018488883972
PETS_CREDIT_low_eff_su2_r1_d6_b02__none,none,measurementguard_continuous,b690772de8eb14084d30,0,1,0,0.6995591521263123,0.30044087767601013
PETS_CREDIT_low_eff_su2_r1_d6_b02__none,none,measurementguard_continuous,a19516268df63768faeb,0,0,0,0.7884499430656433,0.2115500569343567
PETS_CREDIT_low_eff_su2_r1_d6_b02__none,none,measurementguard_continuous,2e900caa6bf6a7e56807,0,0,0,0.7838680744171143,0.21613194048404694
PETS_CREDIT_low_eff_su2_r1_d6_b02__none,none,measurementguard_continuous,3e5959b02df8356effc1,0,0,0,0.7689015865325928,0.23109842836856842
PETS_CREDIT_low_eff_su2_r1_d6_b02__none,none,measurementguard_continuous,b6b16448c07ca52d41fb,0,0,0,0.7352537512779236,0.2647462487220764
PETS_CREDIT_low_eff_su2_r1_d6_b02__none,none,measurementguard_continuous,bf9825a8b0d7138b3690,0,1,0,0.7132608890533447,0.2867390811443329
PETS_CREDIT_low_eff_su2_r1_d6_b02__none,none,measurementguard_continuous,ae831412dedceb901cc4,0,0,0,0.8196746110916138,0.18032540380954742
PETS_CREDIT_low_eff_su2_r1_d6_b02__none,none,measurementguard_continuous,1b791f7fc091a40a0494,0,0,0,0.7470998764038086,0.2529001533985138
PETS_CREDIT_low_eff_su2_r1_d6_b02__none,none,measurementguard_continuous,2951667761deda7d6d9f,0,0,0,0.8008021116256714,0.1991978883743286
PETS_CREDIT_low_eff_su2_r1_d6_b02__none,none,measurementguard_continuous,c55786a9941cc04c9348,0,0,0,0.7542129158973694,0.2457871288061142
PETS_CREDIT_low_eff_su2_r1_d6_b02__none,none,measurementguard_continuous,67fb36e26b798796d6fd,0,0,0,0.7627518773078918,0.23724809288978577
PETS_CREDIT_low_eff_su2_r1_d6_b02__none,none,measurementguard_continuous,f8f44150ace4d5e110b6,0,1,0,0.7112748622894287,0.2887251079082489
PETS_CREDIT_low_eff_su2_r1_d6_b02__none,none,measurementguard_continuous,92becb8f0ed68752cc52,0,1,0,0.7728824019432068,0.2271175980567932
PETS_CREDIT_low_eff_su2_r1_d6_b02__none,none,measurementguard_continuous,cab8e2ac7eeaf27d3d2c,0,0,0,0.7106180787086487,0.2893819212913513
PETS_CREDIT_low_eff_su2_r1_d6_b02__none,none,measurementguard_continuous,d1db35b6c9e008df971d,0,0,0,0.7133120894432068,0.2866879403591156
PETS_CREDIT_low_eff_su2_r1_d6_b02__none,none,measurementguard_continuous,83d86a08997d81c1643f,0,0,0,0.7225673198699951,0.2774326801300049
PETS_CREDIT_low_eff_su2_r1_d6_b02__none,none,lattice_round,26b6a5da65cdaeb8e184,1,0,0,0.7648904919624329,0.23510953783988953
PETS_CREDIT_low_eff_su2_r1_d6_b02__none,none,lattice_round,aaca4c9adb936209ae4f,1,0,0,0.8142415881156921,0.18575842678546906
PETS_CREDIT_low_eff_su2_r1_d6_b02__none,none,lattice_round,5b4cdc8a84b914138d2b,1,0,0,0.9267492890357971,0.07325072586536407
PETS_CREDIT_low_eff_su2_r1_d6_b02__none,none,lattice_round,d2c3d34fb102babfa194,1,0,0,0.7474830746650696,0.2525169253349304
PETS_CREDIT_low_eff_su2_r1_d6_b02__none,none,lattice_round,26f8e0268dd95cba45fd,1,0,0,0.7706419825553894,0.22935804724693298
PETS_CREDIT_low_eff_su2_r1_d6_b02__none,none,lattice_round,877b93e6aa8797d2cd0b,1,1,0,0.771454930305481,0.22854505479335785
PETS_CREDIT_low_eff_su2_r1_d6_b02__none,none,lattice_round,e0b33cacbadcac9f3d26,1,0,0,0.7111882567405701,0.28881171345710754
PETS_CREDIT_low_eff_su2_r1_d6_b02__none,none,lattice_round,df16a30c67111933fccc,1,1,0,0.6095726490020752,0.3904273509979248
PETS_CREDIT_low_eff_su2_r1_d6_b02__none,none,lattice_round,7105743f10682ac4a1cc,1,1,0,0.6921776533126831,0.3078223466873169
PETS_CREDIT_low_eff_su2_r1_d6_b02__none,none,lattice_round,0ffd3e39286157b02ad4,1,0,0,0.9858308434486389,0.01416921615600586
PETS_CREDIT_low_eff_su2_r1_d6_b02__none,none,lattice_round,e4890079e5df86b99388,1,0,0,0.6792718768119812,0.3207280933856964
PETS_CREDIT_low_eff_su2_r1_d6_b02__none,none,lattice_round,e07f107ec2deef516f4f,1,0,0,0.6717793345451355,0.3282206952571869
PETS_CREDIT_low_eff_su2_r1_d6_b02__none,none,lattice_round,c91e3b5a028c06ad1f92,1,0,0,0.7560766935348511,0.2439233362674713
PETS_CREDIT_low_eff_su2_r1_d6_b02__none,none,lattice_round,d606f1831b9734bb90e1,1,0,0,0.7291277647018433,0.2708722651004791
PETS_CREDIT_low_eff_su2_r1_d6_b02__none,none,lattice_round,c3a59fc71e20658f6341,1,0,0,0.7361012101173401,0.2638987898826599
PETS_CREDIT_low_eff_su2_r1_d6_b02__none,none,lattice_round,78edbc6916b12b570866,1,1,0,0.7230862975120544,0.27691367268562317
PETS_CREDIT_low_eff_su2_r1_d6_b02__none,none,lattice_round,a62d80fa1349c54517ce,1,0,0,0.7850501537322998,0.214949831366539
PETS_CREDIT_low_eff_su2_r1_d6_b02__none,none,lattice_round,46dbe6ca2f4531385a05,1,0,0,0.6824964880943298,0.3175034821033478
PETS_CREDIT_low_eff_su2_r1_d6_b02__none,none,lattice_round,8b629ccf361c8da0309f,1,0,0,0.9091822504997253,0.09081774204969406
PETS_CREDIT_low_eff_su2_r1_d6_b02__none,none,lattice_round,4dde24d981dd8981f71f,1,1,0,0.6696058511734009,0.3303941488265991
PETS_CREDIT_low_eff_su2_r1_d6_b02__none,none,lattice_round,ab00e756b29c98fd6674,1,0,0,0.891018807888031,0.10898119956254959
PETS_CREDIT_low_eff_su2_r1_d6_b02__none,none,lattice_round,196d92dfff0523a23237,1,0,0,0.6559367179870605,0.34406328201293945
PETS_CREDIT_low_eff_su2_r1_d6_b02__none,none,lattice_round,988a4b4dcb53bafffb01,1,0,0,0.8583362102508545,0.1416638195514679
PETS_CREDIT_low_eff_su2_r1_d6_b02__none,none,lattice_round,c8a7bd1cd35ba1e89b80,1,0,0,0.8068681359291077,0.19313189387321472
PETS_CREDIT_low_eff_su2_r1_d6_b02__none,none,lattice_round,6093ce809aa33ce6693b,1,0,0,0.9084696769714355,0.09153036773204803
PETS_CREDIT_low_eff_su2_r1_d6_b02__none,none,lattice_round,00405a37dd709b2d51a8,1,0,0,0.8139865398406982,0.18601346015930176
PETS_CREDIT_low_eff_su2_r1_d6_b02__none,none,lattice_round,aaff47c50ec280d97eda,1,0,0,0.6607840657234192,0.3392159342765808
PETS_CREDIT_low_eff_su2_r1_d6_b02__none,none,lattice_round,a6dfd0dc4ba32e6c00e6,1,0,0,0.7824656367301941,0.2175343632698059
PETS_CREDIT_low_eff_su2_r1_d6_b02__none,none,lattice_round,75e559f2a9928f47e4ef,1,0,0,0.8623133897781372,0.1376866102218628
PETS_CREDIT_low_eff_su2_r1_d6_b02__none,none,lattice_round,f1068bd99413d081a271,1,0,0,0.6436559557914734,0.3563440144062042
PETS_CREDIT_low_eff_su2_r1_d6_b02__none,none,lattice_round,58cb80b3d0535cb4343a,1,0,0,0.7435513734817505,0.2564486563205719
PETS_CREDIT_low_eff_su2_r1_d6_b02__none,none,lattice_round,5cb75d859aa2d3df94b0,1,0,0,0.8252993822097778,0.17470063269138336
PETS_CREDIT_low_eff_su2_r1_d6_b02__none,none,lattice_round,6e144bf85d42e3ac6fae,1,1,0,0.6544588208198547,0.34554120898246765
PETS_CREDIT_low_eff_su2_r1_d6_b02__none,none,lattice_round,e8613e68d8ca2ea9e7fd,1,0,0,0.7678852081298828,0.2321147918701172
PETS_CREDIT_low_eff_su2_r1_d6_b02__none,none,lattice_round,0674ce029ebb21d32e38,1,1,0,0.6941467523574829,0.3058532774448395
PETS_CREDIT_low_eff_su2_r1_d6_b02__none,none,lattice_round,b0f47ae4b56b3aa4d111,1,0,0,0.7291808128356934,0.27081921696662903
PETS_CREDIT_low_eff_su2_r1_d6_b02__none,none,lattice_round,e76cce60bc3507d0d7b2,1,0,0,0.6384130120277405,0.3615870177745819
PETS_CREDIT_low_eff_su2_r1_d6_b02__none,none,lattice_round,72bf8a475d5aa5538cd3,1,0,0,0.6654866933822632,0.3345133066177368
PETS_CREDIT_low_eff_su2_r1_d6_b02__none,none,lattice_round,f3ca91dd8e5aba8d83d9,1,1,0,0.7616726160049438,0.23832738399505615
PETS_CREDIT_low_eff_su2_r1_d6_b02__none,none,lattice_round,70d271c728323ea28d90,1,0,0,0.9187911152839661,0.08120889216661453
PETS_CREDIT_low_eff_su2_r1_d6_b02__none,none,lattice_round,a55e4e1cd3465563efc4,1,0,0,0.6572415828704834,0.3427584767341614
PETS_CREDIT_low_eff_su2_r1_d6_b02__none,none,lattice_round,4def6ca8e27be84aeb54,1,1,0,0.673241913318634,0.3267580568790436
PETS_CREDIT_low_eff_su2_r1_d6_b02__none,none,lattice_round,347bd04364dce3c5342e,1,0,0,0.7944343686103821,0.20556561648845673
PETS_CREDIT_low_eff_su2_r1_d6_b02__none,none,lattice_round,bf465d63c434358f77e4,1,0,0,0.7082891464233398,0.29171088337898254
PETS_CREDIT_low_eff_su2_r1_d6_b02__none,none,lattice_round,c9e5785745f04cec0d37,1,0,0,0.8692823052406311,0.13071775436401367
PETS_CREDIT_low_eff_su2_r1_d6_b02__none,none,lattice_round,c536d8f2ff559c7756e7,1,0,0,0.8992666602134705,0.10073336213827133
PETS_CREDIT_low_eff_su2_r1_d6_b02__none,none,lattice_round,f0c1637eb1fa5204c581,1,0,0,0.8276428580284119,0.17235715687274933
PETS_CREDIT_low_eff_su2_r1_d6_b02__none,none,lattice_round,bfa7b1aca5d187760a16,1,0,0,0.6390566825866699,0.36094334721565247
PETS_CREDIT_low_eff_su2_r1_d6_b02__none,none,lattice_round,cec5a851be4f6e7c0887,1,1,0,0.7916144132614136,0.2083856165409088
PETS_CREDIT_low_eff_su2_r1_d6_b02__none,none,lattice_round,619b46d6086e6aad3d84,1,0,0,0.8365186452865601,0.16348136961460114
PETS_CREDIT_low_eff_su2_r1_d6_b02__none,none,lattice_round,1dd9f8371cdcaa1758b3,1,0,0,0.7772865891456604,0.2227134257555008
PETS_CREDIT_low_eff_su2_r1_d6_b02__none,none,lattice_round,a4fc6b0808359418c098,1,0,0,0.6502969264984131,0.3497030735015869
PETS_CREDIT_low_eff_su2_r1_d6_b02__none,none,lattice_round,073dbbd888ef767c75de,1,0,0,0.7823965549468994,0.21760347485542297
PETS_CREDIT_low_eff_su2_r1_d6_b02__none,none,lattice_round,7c7fe88dcec806be29da,1,0,0,0.778723418712616,0.22127656638622284
PETS_CREDIT_low_eff_su2_r1_d6_b02__none,none,lattice_round,fbbb0f469e10095b9cc1,1,1,0,0.802337646484375,0.197662353515625
PETS_CREDIT_low_eff_su2_r1_d6_b02__none,none,lattice_round,c0daa10532a8487ca803,1,1,0,0.7875128984451294,0.21248707175254822
PETS_CREDIT_low_eff_su2_r1_d6_b02__none,none,lattice_round,bacc1c25b75ae0e1b780,1,0,0,0.5206738114356995,0.47932615876197815
PETS_CREDIT_low_eff_su2_r1_d6_b02__none,none,lattice_round,1313972ddf1c6e9eb2c9,1,1,0,0.6650909185409546,0.334909051656723
PETS_CREDIT_low_eff_su2_r1_d6_b02__none,none,lattice_round,1819fe5c399a17316fee,1,0,0,0.8717464208602905,0.12825360894203186
PETS_CREDIT_low_eff_su2_r1_d6_b02__none,none,lattice_round,70e46e61db439dd8e308,1,0,0,0.810160219669342,0.18983976542949677
PETS_CREDIT_low_eff_su2_r1_d6_b02__none,none,lattice_round,01743ddf295d8f6b5a46,1,1,0,0.7309726476669312,0.26902735233306885
PETS_CREDIT_low_eff_su2_r1_d6_b02__none,none,lattice_round,a5628044ec0880a52490,1,1,0,0.6566473841667175,0.34335264563560486
PETS_CREDIT_low_eff_su2_r1_d6_b02__none,none,lattice_round,6a75db22a6087741eef2,1,0,0,0.7544595003128052,0.2455405294895172
PETS_CREDIT_low_eff_su2_r1_d6_b02__none,none,lattice_round,92516ca36411fad7d9c9,1,0,0,0.6775691509246826,0.322430819272995
PETS_CREDIT_low_eff_su2_r1_d6_b02__none,none,lattice_round,787c85a205e13b242012,1,0,0,0.8320090174674988,0.16799096763134003
PETS_CREDIT_low_eff_su2_r1_d6_b02__none,none,lattice_round,8d5ec20ca179ede5da84,1,0,0,0.7774493098258972,0.22255074977874756
PETS_CREDIT_low_eff_su2_r1_d6_b02__none,none,lattice_round,973b363916938dbaaf31,1,0,0,0.729053795337677,0.270946204662323
PETS_CREDIT_low_eff_su2_r1_d6_b02__none,none,lattice_round,e3e282f64bed70282149,1,0,0,0.8497431874275208,0.15025679767131805
PETS_CREDIT_low_eff_su2_r1_d6_b02__none,none,lattice_round,c50e57ca37a497df3a13,1,0,0,0.5695221424102783,0.43047788739204407
PETS_CREDIT_low_eff_su2_r1_d6_b02__none,none,lattice_round,6c0e663b6848864dc914,1,1,0,0.6506587862968445,0.34934118390083313
PETS_CREDIT_low_eff_su2_r1_d6_b02__none,none,lattice_round,ac5f40db5db91c18a83b,1,0,0,0.8459610939025879,0.1540389358997345
PETS_CREDIT_low_eff_su2_r1_d6_b02__none,none,lattice_round,072f10d00d9156aab9f2,1,0,0,0.9753310084342957,0.024669021368026733
PETS_CREDIT_low_eff_su2_r1_d6_b02__none,none,lattice_round,526cee77dcfea7ee8138,1,0,0,0.8405539393424988,0.1594460904598236
PETS_CREDIT_low_eff_su2_r1_d6_b02__none,none,lattice_round,25282b20e9c64236ec4d,1,0,0,0.9912241697311401,0.008775864727795124
PETS_CREDIT_low_eff_su2_r1_d6_b02__none,none,lattice_round,14ee67db08b82edf07a3,1,0,0,0.6435516476631165,0.3564484119415283
PETS_CREDIT_low_eff_su2_r1_d6_b02__none,none,lattice_round,eb849709f12c60edd50b,1,0,0,0.8282326459884644,0.17176738381385803
PETS_CREDIT_low_eff_su2_r1_d6_b02__none,none,lattice_round,b91b8614dbf7826436cf,1,0,0,0.8592545986175537,0.1407453864812851
PETS_CREDIT_low_eff_su2_r1_d6_b02__none,none,lattice_round,8f95586c1c6fb3f2a750,1,0,0,0.8848453164100647,0.1151546984910965
PETS_CREDIT_low_eff_su2_r1_d6_b02__none,none,lattice_round,5e48c11768cb070aefe6,1,1,0,0.8019217848777771,0.1980782449245453
PETS_CREDIT_low_eff_su2_r1_d6_b02__none,none,lattice_round,7ce1135db7560daf7e70,1,0,0,0.643040657043457,0.35695934295654297
PETS_CREDIT_low_eff_su2_r1_d6_b02__none,none,lattice_round,f332cc500c7a62b19024,1,1,0,0.6874675750732422,0.3125324249267578
PETS_CREDIT_low_eff_su2_r1_d6_b02__none,none,lattice_round,192395141a760795b97a,1,0,0,0.9213730692863464,0.07862693816423416
PETS_CREDIT_low_eff_su2_r1_d6_b02__none,none,lattice_round,9fc5fbe55717fe6862a4,1,0,0,0.8320071697235107,0.16799284517765045
PETS_CREDIT_low_eff_su2_r1_d6_b02__none,none,lattice_round,8fe0ac3103b5acc00cdc,1,0,0,0.8708466291427612,0.12915337085723877
PETS_CREDIT_low_eff_su2_r1_d6_b02__none,none,lattice_round,d46f8b9f4d57f90db615,1,1,0,0.7623794078826904,0.2376205176115036
PETS_CREDIT_low_eff_su2_r1_d6_b02__none,none,lattice_round,11ccb38ba9653d61e950,1,0,0,0.7216810584068298,0.2783189117908478
PETS_CREDIT_low_eff_su2_r1_d6_b02__none,none,lattice_round,b84ff32b3c14263b0dd5,1,0,0,0.8677443861961365,0.13225558400154114
PETS_CREDIT_low_eff_su2_r1_d6_b02__none,none,lattice_round,ab97fae957e08270ffce,1,0,0,0.8944720029830933,0.10552804172039032
PETS_CREDIT_low_eff_su2_r1_d6_b02__none,none,lattice_round,6af56a8b2e15acc1e086,1,0,0,0.8137655854225159,0.18623438477516174
PETS_CREDIT_low_eff_su2_r1_d6_b02__none,none,lattice_round,07d4d260e30d7cf5b71f,1,1,0,0.6923896074295044,0.307610422372818
PETS_CREDIT_low_eff_su2_r1_d6_b02__none,none,lattice_round,fb40711278aca2b43c69,1,0,0,0.8918982148170471,0.10810180753469467
PETS_CREDIT_low_eff_su2_r1_d6_b02__none,none,lattice_round,1c7eb9e50fc08e5f8cf0,1,0,0,0.7641763091087341,0.23582370579242706
PETS_CREDIT_low_eff_su2_r1_d6_b02__none,none,lattice_round,5383d08662564ec7ab0d,1,0,0,0.8790315985679626,0.12096846103668213
PETS_CREDIT_low_eff_su2_r1_d6_b02__none,none,lattice_round,006df97946d214e0111f,1,0,0,0.7563309073448181,0.24366912245750427
PETS_CREDIT_low_eff_su2_r1_d6_b02__none,none,lattice_round,6f47824d3363865de61a,1,0,0,0.83387291431427,0.16612708568572998
PETS_CREDIT_low_eff_su2_r1_d6_b02__none,none,lattice_round,3ac7ac4bc65a6ffec899,1,1,0,0.6837833523750305,0.3162166476249695
PETS_CREDIT_low_eff_su2_r1_d6_b02__none,none,lattice_round,29a333df83b13ef7fea3,1,1,0,0.8165251016616821,0.18347488343715668
PETS_CREDIT_low_eff_su2_r1_d6_b02__none,none,lattice_round,39f8154e08ad72170108,1,0,0,0.7681272029876709,0.23187285661697388
PETS_CREDIT_low_eff_su2_r1_d6_b02__none,none,lattice_round,25bed8f88a506c4cc366,1,0,0,0.8240005373954773,0.1759994775056839
PETS_CREDIT_low_eff_su2_r1_d6_b02__none,none,lattice_round,c75c31af2389cc3a594f,1,0,0,0.6541599631309509,0.34584006667137146
PETS_CREDIT_low_eff_su2_r1_d6_b02__none,none,lattice_round,cbee3c9401120608f2ba,0,0,0,0.8541120886802673,0.14588788151741028
PETS_CREDIT_low_eff_su2_r1_d6_b02__none,none,lattice_round,1c3e9f95fcefe2e9f555,0,0,0,0.7483330368995667,0.2516670227050781
PETS_CREDIT_low_eff_su2_r1_d6_b02__none,none,lattice_round,47955bec8c8c8b0d6ecd,0,0,0,0.6817148327827454,0.31828513741493225
PETS_CREDIT_low_eff_su2_r1_d6_b02__none,none,lattice_round,925cfc4ba01b802e6fea,0,0,0,0.8091168403625488,0.19088317453861237
PETS_CREDIT_low_eff_su2_r1_d6_b02__none,none,lattice_round,cf2b344b8a066b41a298,0,0,0,0.9113901853561401,0.08860981464385986
PETS_CREDIT_low_eff_su2_r1_d6_b02__none,none,lattice_round,44ce9ab8bd9bd704ad04,0,1,0,0.7825518250465393,0.21744823455810547
PETS_CREDIT_low_eff_su2_r1_d6_b02__none,none,lattice_round,d2f0fdb253d121d24db4,0,0,0,0.72479248046875,0.2752075791358948
PETS_CREDIT_low_eff_su2_r1_d6_b02__none,none,lattice_round,11958d422323d7de5da8,0,1,0,0.6469119787216187,0.35308805108070374
PETS_CREDIT_low_eff_su2_r1_d6_b02__none,none,lattice_round,ee145a9d7a0dd082d343,0,1,0,0.585016131401062,0.41498392820358276
PETS_CREDIT_low_eff_su2_r1_d6_b02__none,none,lattice_round,3bb90fb9f41d8cd780fb,0,0,0,0.7612935304641724,0.23870645463466644
PETS_CREDIT_low_eff_su2_r1_d6_b02__none,none,lattice_round,1df211fa59aa1d5f8ac4,0,0,0,0.8148764371871948,0.1851235330104828
PETS_CREDIT_low_eff_su2_r1_d6_b02__none,none,lattice_round,864edb9124799ed14941,0,0,0,0.8749188184738159,0.12508122622966766
PETS_CREDIT_low_eff_su2_r1_d6_b02__none,none,lattice_round,71a5cf1405bd2714ab77,0,0,0,0.6869570016860962,0.3130429983139038
PETS_CREDIT_low_eff_su2_r1_d6_b02__none,none,lattice_round,ec314aa70302252ef357,0,0,0,0.7201436758041382,0.2798563241958618
PETS_CREDIT_low_eff_su2_r1_d6_b02__none,none,lattice_round,07849266aa8f190a63f2,0,0,0,0.8202490210533142,0.17975100874900818
PETS_CREDIT_low_eff_su2_r1_d6_b02__none,none,lattice_round,9905912b0d924a7b3ca5,0,1,0,0.9048720002174377,0.09512800723314285
PETS_CREDIT_low_eff_su2_r1_d6_b02__none,none,lattice_round,10906783256975cefbbb,0,0,0,0.777863085269928,0.22213691473007202
PETS_CREDIT_low_eff_su2_r1_d6_b02__none,none,lattice_round,7ff0c461042567dfe447,0,0,0,0.6705798506736755,0.3294201195240021
PETS_CREDIT_low_eff_su2_r1_d6_b02__none,none,lattice_round,34cd383be85fcb382ea6,0,0,0,0.7638113498687744,0.2361886352300644
PETS_CREDIT_low_eff_su2_r1_d6_b02__none,none,lattice_round,da601eb1fce6bb696bf8,0,1,0,0.8209640383720398,0.17903593182563782
PETS_CREDIT_low_eff_su2_r1_d6_b02__none,none,lattice_round,555680807658211b545c,0,0,0,0.648929238319397,0.351070761680603
PETS_CREDIT_low_eff_su2_r1_d6_b02__none,none,lattice_round,7dbb07f72b26cae53e10,0,0,0,0.9122865200042725,0.08771350979804993
PETS_CREDIT_low_eff_su2_r1_d6_b02__none,none,lattice_round,3692ecea3b8cc152ac74,0,0,0,0.7181587219238281,0.28184130787849426
PETS_CREDIT_low_eff_su2_r1_d6_b02__none,none,lattice_round,685e2ecf9c9c42d485ce,0,0,0,0.9008155465126038,0.09918444603681564
PETS_CREDIT_low_eff_su2_r1_d6_b02__none,none,lattice_round,3a38d3079b87b1aa292b,0,0,0,0.8746545910835266,0.12534542381763458
PETS_CREDIT_low_eff_su2_r1_d6_b02__none,none,lattice_round,4a088c612fee9ef613b8,0,0,0,0.773837685585022,0.22616229951381683
PETS_CREDIT_low_eff_su2_r1_d6_b02__none,none,lattice_round,e662ed68ef3f99bd0ed7,0,0,0,0.6787545680999756,0.3212454915046692
PETS_CREDIT_low_eff_su2_r1_d6_b02__none,none,lattice_round,baf60f731977893683c9,0,0,0,0.7915617823600769,0.20843824744224548
PETS_CREDIT_low_eff_su2_r1_d6_b02__none,none,lattice_round,af85096b9d68ea111a40,0,0,0,0.8537472486495972,0.14625275135040283
PETS_CREDIT_low_eff_su2_r1_d6_b02__none,none,lattice_round,948f6a099d3241c9a1ec,0,0,0,0.8542552590370178,0.14574477076530457
PETS_CREDIT_low_eff_su2_r1_d6_b02__none,none,lattice_round,5f65233bde8585faedb5,0,0,0,0.7140501141548157,0.2859499156475067
PETS_CREDIT_low_eff_su2_r1_d6_b02__none,none,lattice_round,5acd05c508162abd3783,0,0,0,0.7145193219184875,0.28548064827919006
PETS_CREDIT_low_eff_su2_r1_d6_b02__none,none,lattice_round,349b65ac22308893e3ec,0,1,0,0.686947762966156,0.313052237033844
PETS_CREDIT_low_eff_su2_r1_d6_b02__none,none,lattice_round,1deef9da8e2ee98331dc,0,0,0,0.6106683015823364,0.3893316984176636
PETS_CREDIT_low_eff_su2_r1_d6_b02__none,none,lattice_round,ccba09c993c170faae38,0,1,0,0.6268489956855774,0.373151034116745
PETS_CREDIT_low_eff_su2_r1_d6_b02__none,none,lattice_round,4882932be60b65305c84,0,0,0,0.7046372890472412,0.2953626811504364
PETS_CREDIT_low_eff_su2_r1_d6_b02__none,none,lattice_round,b244235968526b38867d,0,0,0,0.9709368348121643,0.029063154011964798
PETS_CREDIT_low_eff_su2_r1_d6_b02__none,none,lattice_round,c3a927c03687d1a576df,0,0,0,0.841957688331604,0.15804235637187958
PETS_CREDIT_low_eff_su2_r1_d6_b02__none,none,lattice_round,fa1f9563eb089a4c05eb,0,1,0,0.8579286336898804,0.14207136631011963
PETS_CREDIT_low_eff_su2_r1_d6_b02__none,none,lattice_round,555c4408bbd55bf9a01b,0,0,0,0.904739499092102,0.09526053816080093
PETS_CREDIT_low_eff_su2_r1_d6_b02__none,none,lattice_round,6bb3006cf2b47b29d044,0,0,0,0.6183473467826843,0.38165268301963806
PETS_CREDIT_low_eff_su2_r1_d6_b02__none,none,lattice_round,a3076f399cf32e671da9,0,1,0,0.6602736711502075,0.33972635865211487
PETS_CREDIT_low_eff_su2_r1_d6_b02__none,none,lattice_round,d0ead593664a3694fc2c,0,0,0,0.9298466444015503,0.0701533704996109
PETS_CREDIT_low_eff_su2_r1_d6_b02__none,none,lattice_round,f4686f1ccb3b1f5b89c1,0,0,0,0.9705125689506531,0.029487431049346924
PETS_CREDIT_low_eff_su2_r1_d6_b02__none,none,lattice_round,6b7219cfa53e1ae4e686,0,0,0,0.7514005303382874,0.24859943985939026
PETS_CREDIT_low_eff_su2_r1_d6_b02__none,none,lattice_round,88f9384f8a0cf279c07b,0,0,0,0.8437702059745789,0.15622983872890472
PETS_CREDIT_low_eff_su2_r1_d6_b02__none,none,lattice_round,8ac37e6efcfd84f4bf90,0,0,0,0.7546616792678833,0.2453383356332779
PETS_CREDIT_low_eff_su2_r1_d6_b02__none,none,lattice_round,e947ef8b0f016ee69de8,0,0,0,0.8711274862289429,0.12887254357337952
PETS_CREDIT_low_eff_su2_r1_d6_b02__none,none,lattice_round,6c53aaf7ecbc425941a4,0,1,0,0.593949019908905,0.4060509502887726
PETS_CREDIT_low_eff_su2_r1_d6_b02__none,none,lattice_round,b215fc8b709612d72d29,0,0,0,0.6886212825775146,0.3113787770271301
PETS_CREDIT_low_eff_su2_r1_d6_b02__none,none,lattice_round,87c7d3469677d57e0f68,0,0,0,0.767498254776001,0.23250176012516022
PETS_CREDIT_low_eff_su2_r1_d6_b02__none,none,lattice_round,aca397f6cfe96c665e23,0,0,0,0.7031829357147217,0.2968170642852783
PETS_CREDIT_low_eff_su2_r1_d6_b02__none,none,lattice_round,f1d5fbea8d8fc197f689,0,0,0,0.745175838470459,0.2548241913318634
PETS_CREDIT_low_eff_su2_r1_d6_b02__none,none,lattice_round,a660b0769301bab3f88d,0,0,0,0.8680697679519653,0.13193024694919586
PETS_CREDIT_low_eff_su2_r1_d6_b02__none,none,lattice_round,fb41b4f01480a9067cf9,0,1,0,0.6520624756813049,0.34793755412101746
PETS_CREDIT_low_eff_su2_r1_d6_b02__none,none,lattice_round,c65308558f565034903d,0,1,0,0.8598303198814392,0.14016970992088318
PETS_CREDIT_low_eff_su2_r1_d6_b02__none,none,lattice_round,61985a6dca52dc5fe733,0,0,0,0.8061408400535583,0.19385913014411926
PETS_CREDIT_low_eff_su2_r1_d6_b02__none,none,lattice_round,79d13f79e25dd355b797,0,1,0,0.7892472147941589,0.21075278520584106
PETS_CREDIT_low_eff_su2_r1_d6_b02__none,none,lattice_round,6df7b8af4894c02f1865,0,0,0,0.6978548765182495,0.3021450936794281
PETS_CREDIT_low_eff_su2_r1_d6_b02__none,none,lattice_round,f50f173b25417d940819,0,0,0,0.9899671077728271,0.010032889433205128
PETS_CREDIT_low_eff_su2_r1_d6_b02__none,none,lattice_round,73ce0aaf437e0a73c182,0,1,0,0.7090182900428772,0.2909817099571228
PETS_CREDIT_low_eff_su2_r1_d6_b02__none,none,lattice_round,0748c8ca29b369b66e6f,0,1,0,0.9095669984817505,0.09043297916650772
PETS_CREDIT_low_eff_su2_r1_d6_b02__none,none,lattice_round,e5cdd46506910a0d29a4,0,0,0,0.6668621301651001,0.3331379294395447
PETS_CREDIT_low_eff_su2_r1_d6_b02__none,none,lattice_round,266c16f52337745816e5,0,0,0,0.9011538624763489,0.09884613752365112
PETS_CREDIT_low_eff_su2_r1_d6_b02__none,none,lattice_round,806319326d809b9eae67,0,0,0,0.8031646013259888,0.19683538377285004
PETS_CREDIT_low_eff_su2_r1_d6_b02__none,none,lattice_round,3da17ae4582b2ac6ac6a,0,0,0,0.8499020338058472,0.15009796619415283
PETS_CREDIT_low_eff_su2_r1_d6_b02__none,none,lattice_round,cd6bf5351920ef71b772,0,0,0,0.7446372509002686,0.25536274909973145
PETS_CREDIT_low_eff_su2_r1_d6_b02__none,none,lattice_round,f1fa5a6ee10e25b70a00,0,0,0,0.6984495520591736,0.3015504777431488
PETS_CREDIT_low_eff_su2_r1_d6_b02__none,none,lattice_round,de98a8baab2807797bb8,0,0,0,0.8399540185928345,0.16004598140716553
PETS_CREDIT_low_eff_su2_r1_d6_b02__none,none,lattice_round,4c7af58561c27a6e341e,0,1,0,0.8195304870605469,0.1804695427417755
PETS_CREDIT_low_eff_su2_r1_d6_b02__none,none,lattice_round,38ba8c1ecc8be69eb7d0,0,0,0,0.784637987613678,0.21536202728748322
PETS_CREDIT_low_eff_su2_r1_d6_b02__none,none,lattice_round,1b857744e17f39b46f16,0,0,0,0.8823517560958862,0.11764824390411377
PETS_CREDIT_low_eff_su2_r1_d6_b02__none,none,lattice_round,31d01a38894b805bfc80,0,0,0,0.6882774829864502,0.3117225468158722
PETS_CREDIT_low_eff_su2_r1_d6_b02__none,none,lattice_round,231156f957719dd417d9,0,0,0,0.8718135952949524,0.1281864196062088
PETS_CREDIT_low_eff_su2_r1_d6_b02__none,none,lattice_round,7bfb843a13cff05233ad,0,0,0,0.6878065466880798,0.31219345331192017
PETS_CREDIT_low_eff_su2_r1_d6_b02__none,none,lattice_round,24850cc249ef6fef8baa,0,0,0,0.8543446063995361,0.14565542340278625
PETS_CREDIT_low_eff_su2_r1_d6_b02__none,none,lattice_round,f80b742f70e5ef1f2f75,0,0,0,0.7500141859054565,0.24998579919338226
PETS_CREDIT_low_eff_su2_r1_d6_b02__none,none,lattice_round,392fabb059005262a0a6,0,0,0,0.7078776955604553,0.29212233424186707
PETS_CREDIT_low_eff_su2_r1_d6_b02__none,none,lattice_round,e5731b75bfb8647f33f0,0,1,1,0.3607959449291229,0.6392040252685547
PETS_CREDIT_low_eff_su2_r1_d6_b02__none,none,lattice_round,63426de2bcac10c978ef,0,0,0,0.9955371618270874,0.004462836775928736
PETS_CREDIT_low_eff_su2_r1_d6_b02__none,none,lattice_round,346b2d56d8b09d426f47,0,1,0,0.6217478513717651,0.37825220823287964
PETS_CREDIT_low_eff_su2_r1_d6_b02__none,none,lattice_round,79ede8f524cb4755d342,0,0,0,0.9807270169258118,0.019273005425930023
PETS_CREDIT_low_eff_su2_r1_d6_b02__none,none,lattice_round,9b15c4988e577e46b572,0,0,0,0.8818162679672241,0.11818376183509827
PETS_CREDIT_low_eff_su2_r1_d6_b02__none,none,lattice_round,2ae5fdcfe3923a4263b6,0,0,0,0.8205610513687134,0.17943891882896423
PETS_CREDIT_low_eff_su2_r1_d6_b02__none,none,lattice_round,b690772de8eb14084d30,0,1,0,0.6883223056793213,0.3116776943206787
PETS_CREDIT_low_eff_su2_r1_d6_b02__none,none,lattice_round,a19516268df63768faeb,0,0,0,0.8002079725265503,0.1997920274734497
PETS_CREDIT_low_eff_su2_r1_d6_b02__none,none,lattice_round,2e900caa6bf6a7e56807,0,0,0,0.7901068329811096,0.20989316701889038
PETS_CREDIT_low_eff_su2_r1_d6_b02__none,none,lattice_round,3e5959b02df8356effc1,0,0,0,0.9403644800186157,0.059635553508996964
PETS_CREDIT_low_eff_su2_r1_d6_b02__none,none,lattice_round,b6b16448c07ca52d41fb,0,0,0,0.7449171543121338,0.2550828456878662
PETS_CREDIT_low_eff_su2_r1_d6_b02__none,none,lattice_round,bf9825a8b0d7138b3690,0,1,0,0.8474801778793335,0.1525198370218277
PETS_CREDIT_low_eff_su2_r1_d6_b02__none,none,lattice_round,ae831412dedceb901cc4,0,0,0,0.6802705526351929,0.3197294771671295
PETS_CREDIT_low_eff_su2_r1_d6_b02__none,none,lattice_round,1b791f7fc091a40a0494,0,0,0,0.7530932426452637,0.24690675735473633
PETS_CREDIT_low_eff_su2_r1_d6_b02__none,none,lattice_round,2951667761deda7d6d9f,0,0,0,0.9885345697402954,0.011465429328382015
PETS_CREDIT_low_eff_su2_r1_d6_b02__none,none,lattice_round,c55786a9941cc04c9348,0,0,0,0.7438414096832275,0.25615859031677246
PETS_CREDIT_low_eff_su2_r1_d6_b02__none,none,lattice_round,67fb36e26b798796d6fd,0,0,0,0.8682235479354858,0.13177648186683655
PETS_CREDIT_low_eff_su2_r1_d6_b02__none,none,lattice_round,f8f44150ace4d5e110b6,0,1,0,0.7208852171897888,0.27911484241485596
PETS_CREDIT_low_eff_su2_r1_d6_b02__none,none,lattice_round,92becb8f0ed68752cc52,0,1,0,0.7803617715835571,0.21963828802108765
PETS_CREDIT_low_eff_su2_r1_d6_b02__none,none,lattice_round,cab8e2ac7eeaf27d3d2c,0,0,0,0.8382326364517212,0.1617674082517624
PETS_CREDIT_low_eff_su2_r1_d6_b02__none,none,lattice_round,d1db35b6c9e008df971d,0,0,0,0.8350316882133484,0.1649683564901352
PETS_CREDIT_low_eff_su2_r1_d6_b02__none,none,lattice_round,83d86a08997d81c1643f,0,0,0,0.8454768657684326,0.15452316403388977
PETS_CREDIT_low_eff_su2_r1_d6_b02__none,none,memgq_lattice,26b6a5da65cdaeb8e184,1,0,0,0.7648904919624329,0.23510953783988953
PETS_CREDIT_low_eff_su2_r1_d6_b02__none,none,memgq_lattice,aaca4c9adb936209ae4f,1,0,0,0.8142415881156921,0.18575842678546906
PETS_CREDIT_low_eff_su2_r1_d6_b02__none,none,memgq_lattice,5b4cdc8a84b914138d2b,1,0,0,0.7499920725822449,0.2500079572200775
PETS_CREDIT_low_eff_su2_r1_d6_b02__none,none,memgq_lattice,d2c3d34fb102babfa194,1,0,0,0.7474830746650696,0.2525169253349304
PETS_CREDIT_low_eff_su2_r1_d6_b02__none,none,memgq_lattice,26f8e0268dd95cba45fd,1,0,0,0.7706419825553894,0.22935804724693298
PETS_CREDIT_low_eff_su2_r1_d6_b02__none,none,memgq_lattice,877b93e6aa8797d2cd0b,1,1,0,0.771454930305481,0.22854505479335785
PETS_CREDIT_low_eff_su2_r1_d6_b02__none,none,memgq_lattice,e0b33cacbadcac9f3d26,1,0,0,0.7111882567405701,0.28881171345710754
PETS_CREDIT_low_eff_su2_r1_d6_b02__none,none,memgq_lattice,df16a30c67111933fccc,1,1,0,0.7622634172439575,0.2377365678548813
PETS_CREDIT_low_eff_su2_r1_d6_b02__none,none,memgq_lattice,7105743f10682ac4a1cc,1,1,0,0.8219964504241943,0.17800357937812805
PETS_CREDIT_low_eff_su2_r1_d6_b02__none,none,memgq_lattice,0ffd3e39286157b02ad4,1,0,0,0.7964029908180237,0.2035970538854599
PETS_CREDIT_low_eff_su2_r1_d6_b02__none,none,memgq_lattice,e4890079e5df86b99388,1,0,0,0.8130635023117065,0.18693648278713226
PETS_CREDIT_low_eff_su2_r1_d6_b02__none,none,memgq_lattice,e07f107ec2deef516f4f,1,0,0,0.8078121542930603,0.1921878457069397
PETS_CREDIT_low_eff_su2_r1_d6_b02__none,none,memgq_lattice,c91e3b5a028c06ad1f92,1,0,0,0.7560766935348511,0.2439233362674713
PETS_CREDIT_low_eff_su2_r1_d6_b02__none,none,memgq_lattice,d606f1831b9734bb90e1,1,0,0,0.7291277647018433,0.2708722651004791
PETS_CREDIT_low_eff_su2_r1_d6_b02__none,none,memgq_lattice,c3a59fc71e20658f6341,1,0,0,0.7361012101173401,0.2638987898826599
PETS_CREDIT_low_eff_su2_r1_d6_b02__none,none,memgq_lattice,78edbc6916b12b570866,1,1,0,0.7230862975120544,0.27691367268562317
PETS_CREDIT_low_eff_su2_r1_d6_b02__none,none,memgq_lattice,a62d80fa1349c54517ce,1,0,0,0.7850501537322998,0.214949831366539
PETS_CREDIT_low_eff_su2_r1_d6_b02__none,none,memgq_lattice,46dbe6ca2f4531385a05,1,0,0,0.8153087496757507,0.18469128012657166
PETS_CREDIT_low_eff_su2_r1_d6_b02__none,none,memgq_lattice,8b629ccf361c8da0309f,1,0,0,0.703592836856842,0.29640716314315796
PETS_CREDIT_low_eff_su2_r1_d6_b02__none,none,memgq_lattice,4dde24d981dd8981f71f,1,1,0,0.8062797784805298,0.1937202662229538
PETS_CREDIT_low_eff_su2_r1_d6_b02__none,none,memgq_lattice,ab00e756b29c98fd6674,1,0,0,0.7992441654205322,0.20075581967830658
PETS_CREDIT_low_eff_su2_r1_d6_b02__none,none,memgq_lattice,196d92dfff0523a23237,1,0,0,0.7965470552444458,0.20345298945903778
PETS_CREDIT_low_eff_su2_r1_d6_b02__none,none,memgq_lattice,988a4b4dcb53bafffb01,1,0,0,0.7468583583831787,0.2531416118144989
PETS_CREDIT_low_eff_su2_r1_d6_b02__none,none,memgq_lattice,c8a7bd1cd35ba1e89b80,1,0,0,0.8068681359291077,0.19313189387321472
PETS_CREDIT_low_eff_su2_r1_d6_b02__none,none,memgq_lattice,6093ce809aa33ce6693b,1,0,0,0.7017961144447327,0.29820385575294495
PETS_CREDIT_low_eff_su2_r1_d6_b02__none,none,memgq_lattice,00405a37dd709b2d51a8,1,0,0,0.8139865398406982,0.18601346015930176
PETS_CREDIT_low_eff_su2_r1_d6_b02__none,none,memgq_lattice,aaff47c50ec280d97eda,1,0,0,0.8000172972679138,0.1999826282262802
PETS_CREDIT_low_eff_su2_r1_d6_b02__none,none,memgq_lattice,a6dfd0dc4ba32e6c00e6,1,0,0,0.7824656367301941,0.2175343632698059
PETS_CREDIT_low_eff_su2_r1_d6_b02__none,none,memgq_lattice,75e559f2a9928f47e4ef,1,0,0,0.7530649304389954,0.24693505465984344
PETS_CREDIT_low_eff_su2_r1_d6_b02__none,none,memgq_lattice,f1068bd99413d081a271,1,0,0,0.7876604199409485,0.21233955025672913
PETS_CREDIT_low_eff_su2_r1_d6_b02__none,none,memgq_lattice,58cb80b3d0535cb4343a,1,0,0,0.7435513734817505,0.2564486563205719
PETS_CREDIT_low_eff_su2_r1_d6_b02__none,none,memgq_lattice,5cb75d859aa2d3df94b0,1,0,0,0.8252993822097778,0.17470063269138336
PETS_CREDIT_low_eff_su2_r1_d6_b02__none,none,memgq_lattice,6e144bf85d42e3ac6fae,1,1,0,0.7954847812652588,0.20451518893241882
PETS_CREDIT_low_eff_su2_r1_d6_b02__none,none,memgq_lattice,e8613e68d8ca2ea9e7fd,1,0,0,0.7678852081298828,0.2321147918701172
PETS_CREDIT_low_eff_su2_r1_d6_b02__none,none,memgq_lattice,0674ce029ebb21d32e38,1,1,0,0.8233470320701599,0.17665298283100128
PETS_CREDIT_low_eff_su2_r1_d6_b02__none,none,memgq_lattice,b0f47ae4b56b3aa4d111,1,0,0,0.7291808128356934,0.27081921696662903
PETS_CREDIT_low_eff_su2_r1_d6_b02__none,none,memgq_lattice,e76cce60bc3507d0d7b2,1,0,0,0.783824622631073,0.2161753624677658
PETS_CREDIT_low_eff_su2_r1_d6_b02__none,none,memgq_lattice,72bf8a475d5aa5538cd3,1,0,0,0.8033641576766968,0.1966358721256256
PETS_CREDIT_low_eff_su2_r1_d6_b02__none,none,memgq_lattice,f3ca91dd8e5aba8d83d9,1,1,0,0.7616726160049438,0.23832738399505615
PETS_CREDIT_low_eff_su2_r1_d6_b02__none,none,memgq_lattice,70d271c728323ea28d90,1,0,0,0.7284571528434753,0.27154287695884705
PETS_CREDIT_low_eff_su2_r1_d6_b02__none,none,memgq_lattice,a55e4e1cd3465563efc4,1,0,0,0.7974832653999329,0.20251676440238953
PETS_CREDIT_low_eff_su2_r1_d6_b02__none,none,memgq_lattice,4def6ca8e27be84aeb54,1,1,0,0.8088410496711731,0.19115892052650452
PETS_CREDIT_low_eff_su2_r1_d6_b02__none,none,memgq_lattice,347bd04364dce3c5342e,1,0,0,0.7944343686103821,0.20556561648845673
PETS_CREDIT_low_eff_su2_r1_d6_b02__none,none,memgq_lattice,bf465d63c434358f77e4,1,0,0,0.7082891464233398,0.29171088337898254
PETS_CREDIT_low_eff_su2_r1_d6_b02__none,none,memgq_lattice,c9e5785745f04cec0d37,1,0,0,0.764050304889679,0.23594972491264343
PETS_CREDIT_low_eff_su2_r1_d6_b02__none,none,memgq_lattice,c536d8f2ff559c7756e7,1,0,0,0.8129798769950867,0.18702015280723572
PETS_CREDIT_low_eff_su2_r1_d6_b02__none,none,memgq_lattice,f0c1637eb1fa5204c581,1,0,0,0.700441300868988,0.2995586693286896
PETS_CREDIT_low_eff_su2_r1_d6_b02__none,none,memgq_lattice,bfa7b1aca5d187760a16,1,0,0,0.7842969298362732,0.2157030999660492
PETS_CREDIT_low_eff_su2_r1_d6_b02__none,none,memgq_lattice,cec5a851be4f6e7c0887,1,1,0,0.7916144132614136,0.2083856165409088
PETS_CREDIT_low_eff_su2_r1_d6_b02__none,none,memgq_lattice,619b46d6086e6aad3d84,1,0,0,0.7136008143424988,0.2863992154598236
PETS_CREDIT_low_eff_su2_r1_d6_b02__none,none,memgq_lattice,1dd9f8371cdcaa1758b3,1,0,0,0.7772865891456604,0.2227134257555008
PETS_CREDIT_low_eff_su2_r1_d6_b02__none,none,memgq_lattice,a4fc6b0808359418c098,1,0,0,0.7924829125404358,0.2075171172618866
PETS_CREDIT_low_eff_su2_r1_d6_b02__none,none,memgq_lattice,073dbbd888ef767c75de,1,0,0,0.7823965549468994,0.21760347485542297
PETS_CREDIT_low_eff_su2_r1_d6_b02__none,none,memgq_lattice,7c7fe88dcec806be29da,1,0,0,0.778723418712616,0.22127656638622284
PETS_CREDIT_low_eff_su2_r1_d6_b02__none,none,memgq_lattice,fbbb0f469e10095b9cc1,1,1,0,0.802337646484375,0.197662353515625
PETS_CREDIT_low_eff_su2_r1_d6_b02__none,none,memgq_lattice,c0daa10532a8487ca803,1,1,0,0.7875128984451294,0.21248707175254822
PETS_CREDIT_low_eff_su2_r1_d6_b02__none,none,memgq_lattice,bacc1c25b75ae0e1b780,1,0,0,0.8208280205726624,0.17917194962501526
PETS_CREDIT_low_eff_su2_r1_d6_b02__none,none,memgq_lattice,1313972ddf1c6e9eb2c9,1,1,0,0.8030833005905151,0.19691672921180725
PETS_CREDIT_low_eff_su2_r1_d6_b02__none,none,memgq_lattice,1819fe5c399a17316fee,1,0,0,0.7679685950279236,0.23203133046627045
PETS_CREDIT_low_eff_su2_r1_d6_b02__none,none,memgq_lattice,70e46e61db439dd8e308,1,0,0,0.810160219669342,0.18983976542949677
PETS_CREDIT_low_eff_su2_r1_d6_b02__none,none,memgq_lattice,01743ddf295d8f6b5a46,1,1,0,0.7309726476669312,0.26902735233306885
PETS_CREDIT_low_eff_su2_r1_d6_b02__none,none,memgq_lattice,a5628044ec0880a52490,1,1,0,0.7970570921897888,0.2029428780078888
PETS_CREDIT_low_eff_su2_r1_d6_b02__none,none,memgq_lattice,6a75db22a6087741eef2,1,0,0,0.7544595003128052,0.2455405294895172
PETS_CREDIT_low_eff_su2_r1_d6_b02__none,none,memgq_lattice,92516ca36411fad7d9c9,1,0,0,0.8118743896484375,0.1881256401538849
PETS_CREDIT_low_eff_su2_r1_d6_b02__none,none,memgq_lattice,787c85a205e13b242012,1,0,0,0.7068886160850525,0.2931113839149475
PETS_CREDIT_low_eff_su2_r1_d6_b02__none,none,memgq_lattice,8d5ec20ca179ede5da84,1,0,0,0.7774493098258972,0.22255074977874756
PETS_CREDIT_low_eff_su2_r1_d6_b02__none,none,memgq_lattice,973b363916938dbaaf31,1,0,0,0.729053795337677,0.270946204662323
PETS_CREDIT_low_eff_su2_r1_d6_b02__none,none,memgq_lattice,e3e282f64bed70282149,1,0,0,0.7336021065711975,0.2663978934288025
PETS_CREDIT_low_eff_su2_r1_d6_b02__none,none,memgq_lattice,c50e57ca37a497df3a13,1,0,0,0.7309630513191223,0.2690369188785553
PETS_CREDIT_low_eff_su2_r1_d6_b02__none,none,memgq_lattice,6c0e663b6848864dc914,1,1,0,0.7927445769309998,0.20725545287132263
PETS_CREDIT_low_eff_su2_r1_d6_b02__none,none,memgq_lattice,ac5f40db5db91c18a83b,1,0,0,0.7278329133987427,0.2721671164035797
PETS_CREDIT_low_eff_su2_r1_d6_b02__none,none,memgq_lattice,072f10d00d9156aab9f2,1,0,0,0.8203014135360718,0.17969860136508942
PETS_CREDIT_low_eff_su2_r1_d6_b02__none,none,memgq_lattice,526cee77dcfea7ee8138,1,0,0,0.719653308391571,0.28034669160842896
PETS_CREDIT_low_eff_su2_r1_d6_b02__none,none,memgq_lattice,25282b20e9c64236ec4d,1,0,0,0.7556307911872864,0.2443692535161972
PETS_CREDIT_low_eff_su2_r1_d6_b02__none,none,memgq_lattice,14ee67db08b82edf07a3,1,0,0,0.7875843048095703,0.2124156653881073
PETS_CREDIT_low_eff_su2_r1_d6_b02__none,none,memgq_lattice,eb849709f12c60edd50b,1,0,0,0.701309323310852,0.29869070649147034
PETS_CREDIT_low_eff_su2_r1_d6_b02__none,none,memgq_lattice,b91b8614dbf7826436cf,1,0,0,0.7482876181602478,0.251712441444397
PETS_CREDIT_low_eff_su2_r1_d6_b02__none,none,memgq_lattice,8f95586c1c6fb3f2a750,1,0,0,0.7891024947166443,0.2108975201845169
PETS_CREDIT_low_eff_su2_r1_d6_b02__none,none,memgq_lattice,5e48c11768cb070aefe6,1,1,0,0.8019217848777771,0.1980782449245453
PETS_CREDIT_low_eff_su2_r1_d6_b02__none,none,memgq_lattice,7ce1135db7560daf7e70,1,0,0,0.7872115969657898,0.2127884328365326
PETS_CREDIT_low_eff_su2_r1_d6_b02__none,none,memgq_lattice,f332cc500c7a62b19024,1,1,0,0.8187525868415833,0.18124738335609436
PETS_CREDIT_low_eff_su2_r1_d6_b02__none,none,memgq_lattice,192395141a760795b97a,1,0,0,0.7353474497795105,0.2646525502204895
PETS_CREDIT_low_eff_su2_r1_d6_b02__none,none,memgq_lattice,9fc5fbe55717fe6862a4,1,0,0,0.706885814666748,0.29311415553092957
PETS_CREDIT_low_eff_su2_r1_d6_b02__none,none,memgq_lattice,8fe0ac3103b5acc00cdc,1,0,0,0.7665358185768127,0.23346419632434845
PETS_CREDIT_low_eff_su2_r1_d6_b02__none,none,memgq_lattice,d46f8b9f4d57f90db615,1,1,0,0.7623794078826904,0.2376205176115036
PETS_CREDIT_low_eff_su2_r1_d6_b02__none,none,memgq_lattice,11ccb38ba9653d61e950,1,0,0,0.7216810584068298,0.2783189117908478
PETS_CREDIT_low_eff_su2_r1_d6_b02__none,none,memgq_lattice,b84ff32b3c14263b0dd5,1,0,0,0.7616139054298401,0.2383860945701599
PETS_CREDIT_low_eff_su2_r1_d6_b02__none,none,memgq_lattice,ab97fae957e08270ffce,1,0,0,0.8049688935279846,0.19503116607666016
PETS_CREDIT_low_eff_su2_r1_d6_b02__none,none,memgq_lattice,6af56a8b2e15acc1e086,1,0,0,0.8137655854225159,0.18623438477516174
PETS_CREDIT_low_eff_su2_r1_d6_b02__none,none,memgq_lattice,07d4d260e30d7cf5b71f,1,1,0,0.8221419453620911,0.17785803973674774
PETS_CREDIT_low_eff_su2_r1_d6_b02__none,none,memgq_lattice,fb40711278aca2b43c69,1,0,0,0.8006985187530518,0.19930149614810944
PETS_CREDIT_low_eff_su2_r1_d6_b02__none,none,memgq_lattice,1c7eb9e50fc08e5f8cf0,1,0,0,0.7641763091087341,0.23582370579242706
PETS_CREDIT_low_eff_su2_r1_d6_b02__none,none,memgq_lattice,5383d08662564ec7ab0d,1,0,0,0.7796586751937866,0.22034133970737457
PETS_CREDIT_low_eff_su2_r1_d6_b02__none,none,memgq_lattice,006df97946d214e0111f,1,0,0,0.7563309073448181,0.24366912245750427
PETS_CREDIT_low_eff_su2_r1_d6_b02__none,none,memgq_lattice,6f47824d3363865de61a,1,0,0,0.709656298160553,0.290343701839447
PETS_CREDIT_low_eff_su2_r1_d6_b02__none,none,memgq_lattice,3ac7ac4bc65a6ffec899,1,1,0,0.8162022829055786,0.18379773199558258
PETS_CREDIT_low_eff_su2_r1_d6_b02__none,none,memgq_lattice,29a333df83b13ef7fea3,1,1,0,0.8165251016616821,0.18347488343715668
PETS_CREDIT_low_eff_su2_r1_d6_b02__none,none,memgq_lattice,39f8154e08ad72170108,1,0,0,0.7681272029876709,0.23187285661697388
PETS_CREDIT_low_eff_su2_r1_d6_b02__none,none,memgq_lattice,25bed8f88a506c4cc366,1,0,0,0.8240005373954773,0.1759994775056839
PETS_CREDIT_low_eff_su2_r1_d6_b02__none,none,memgq_lattice,c75c31af2389cc3a594f,1,0,0,0.795269787311554,0.20473024249076843
PETS_CREDIT_low_eff_su2_r1_d6_b02__none,none,memgq_lattice,cbee3c9401120608f2ba,0,0,0,0.7403160333633423,0.2596840262413025
PETS_CREDIT_low_eff_su2_r1_d6_b02__none,none,memgq_lattice,1c3e9f95fcefe2e9f555,0,0,0,0.7483330368995667,0.2516670227050781
PETS_CREDIT_low_eff_su2_r1_d6_b02__none,none,memgq_lattice,47955bec8c8c8b0d6ecd,0,0,0,0.8147653341293335,0.1852346956729889
PETS_CREDIT_low_eff_su2_r1_d6_b02__none,none,memgq_lattice,925cfc4ba01b802e6fea,0,0,0,0.8091168403625488,0.19088317453861237
PETS_CREDIT_low_eff_su2_r1_d6_b02__none,none,memgq_lattice,cf2b344b8a066b41a298,0,0,0,0.7092002630233765,0.2907997667789459
PETS_CREDIT_low_eff_su2_r1_d6_b02__none,none,memgq_lattice,44ce9ab8bd9bd704ad04,0,1,0,0.7825518250465393,0.21744823455810547
PETS_CREDIT_low_eff_su2_r1_d6_b02__none,none,memgq_lattice,d2f0fdb253d121d24db4,0,0,0,0.72479248046875,0.2752075791358948
PETS_CREDIT_low_eff_su2_r1_d6_b02__none,none,memgq_lattice,11958d422323d7de5da8,0,1,0,0.7900298833847046,0.2099701464176178
PETS_CREDIT_low_eff_su2_r1_d6_b02__none,none,memgq_lattice,ee145a9d7a0dd082d343,0,1,0,0.7432657480239868,0.2567342221736908
PETS_CREDIT_low_eff_su2_r1_d6_b02__none,none,memgq_lattice,3bb90fb9f41d8cd780fb,0,0,0,0.7612935304641724,0.23870645463466644
PETS_CREDIT_low_eff_su2_r1_d6_b02__none,none,memgq_lattice,1df211fa59aa1d5f8ac4,0,0,0,0.8148764371871948,0.1851235330104828
PETS_CREDIT_low_eff_su2_r1_d6_b02__none,none,memgq_lattice,864edb9124799ed14941,0,0,0,0.7730396389961243,0.22696036100387573
PETS_CREDIT_low_eff_su2_r1_d6_b02__none,none,memgq_lattice,71a5cf1405bd2714ab77,0,0,0,0.8183998465538025,0.18160012364387512
PETS_CREDIT_low_eff_su2_r1_d6_b02__none,none,memgq_lattice,ec314aa70302252ef357,0,0,0,0.7201436758041382,0.2798563241958618
PETS_CREDIT_low_eff_su2_r1_d6_b02__none,none,memgq_lattice,07849266aa8f190a63f2,0,0,0,0.8202490210533142,0.17975100874900818
PETS_CREDIT_low_eff_su2_r1_d6_b02__none,none,memgq_lattice,9905912b0d924a7b3ca5,0,1,0,0.8224385976791382,0.17756140232086182
PETS_CREDIT_low_eff_su2_r1_d6_b02__none,none,memgq_lattice,10906783256975cefbbb,0,0,0,0.777863085269928,0.22213691473007202
PETS_CREDIT_low_eff_su2_r1_d6_b02__none,none,memgq_lattice,7ff0c461042567dfe447,0,0,0,0.80696702003479,0.19303300976753235
PETS_CREDIT_low_eff_su2_r1_d6_b02__none,none,memgq_lattice,34cd383be85fcb382ea6,0,0,0,0.7638113498687744,0.2361886352300644
PETS_CREDIT_low_eff_su2_r1_d6_b02__none,none,memgq_lattice,da601eb1fce6bb696bf8,0,1,0,0.8209640383720398,0.17903593182563782
PETS_CREDIT_low_eff_su2_r1_d6_b02__none,none,memgq_lattice,555680807658211b545c,0,0,0,0.7914930582046509,0.2085069715976715
PETS_CREDIT_low_eff_su2_r1_d6_b02__none,none,memgq_lattice,7dbb07f72b26cae53e10,0,0,0,0.7114943861961365,0.2885056436061859
PETS_CREDIT_low_eff_su2_r1_d6_b02__none,none,memgq_lattice,3692ecea3b8cc152ac74,0,0,0,0.7181587219238281,0.28184130787849426
PETS_CREDIT_low_eff_su2_r1_d6_b02__none,none,memgq_lattice,685e2ecf9c9c42d485ce,0,0,0,0.8155834674835205,0.18441654741764069
PETS_CREDIT_low_eff_su2_r1_d6_b02__none,none,memgq_lattice,3a38d3079b87b1aa292b,0,0,0,0.7726162075996399,0.2273838073015213
PETS_CREDIT_low_eff_su2_r1_d6_b02__none,none,memgq_lattice,4a088c612fee9ef613b8,0,0,0,0.773837685585022,0.22616229951381683
PETS_CREDIT_low_eff_su2_r1_d6_b02__none,none,memgq_lattice,e662ed68ef3f99bd0ed7,0,0,0,0.8127024173736572,0.18729755282402039
PETS_CREDIT_low_eff_su2_r1_d6_b02__none,none,memgq_lattice,baf60f731977893683c9,0,0,0,0.7915617823600769,0.20843824744224548
PETS_CREDIT_low_eff_su2_r1_d6_b02__none,none,memgq_lattice,af85096b9d68ea111a40,0,0,0,0.7397531867027283,0.26024678349494934
PETS_CREDIT_low_eff_su2_r1_d6_b02__none,none,memgq_lattice,948f6a099d3241c9a1ec,0,0,0,0.7405367493629456,0.25946322083473206
PETS_CREDIT_low_eff_su2_r1_d6_b02__none,none,memgq_lattice,5f65233bde8585faedb5,0,0,0,0.7140501141548157,0.2859499156475067
PETS_CREDIT_low_eff_su2_r1_d6_b02__none,none,memgq_lattice,5acd05c508162abd3783,0,0,0,0.7145193219184875,0.28548064827919006
PETS_CREDIT_low_eff_su2_r1_d6_b02__none,none,memgq_lattice,349b65ac22308893e3ec,0,1,0,0.8183935284614563,0.18160651624202728
PETS_CREDIT_low_eff_su2_r1_d6_b02__none,none,memgq_lattice,1deef9da8e2ee98331dc,0,0,0,0.7630971074104309,0.2369028925895691
PETS_CREDIT_low_eff_su2_r1_d6_b02__none,none,memgq_lattice,ccba09c993c170faae38,0,1,0,0.7752740979194641,0.22472593188285828
PETS_CREDIT_low_eff_su2_r1_d6_b02__none,none,memgq_lattice,4882932be60b65305c84,0,0,0,0.7046372890472412,0.2953626811504364
PETS_CREDIT_low_eff_su2_r1_d6_b02__none,none,memgq_lattice,b244235968526b38867d,0,0,0,0.7941218018531799,0.20587816834449768
PETS_CREDIT_low_eff_su2_r1_d6_b02__none,none,memgq_lattice,c3a927c03687d1a576df,0,0,0,0.7217690944671631,0.2782308757305145
PETS_CREDIT_low_eff_su2_r1_d6_b02__none,none,memgq_lattice,fa1f9563eb089a4c05eb,0,1,0,0.7462248802185059,0.25377508997917175
PETS_CREDIT_low_eff_su2_r1_d6_b02__none,none,memgq_lattice,555c4408bbd55bf9a01b,0,0,0,0.8222137689590454,0.1777862012386322
PETS_CREDIT_low_eff_su2_r1_d6_b02__none,none,memgq_lattice,6bb3006cf2b47b29d044,0,0,0,0.768907368183136,0.23109260201454163
PETS_CREDIT_low_eff_su2_r1_d6_b02__none,none,memgq_lattice,a3076f399cf32e671da9,0,1,0,0.7996529340744019,0.20034703612327576
PETS_CREDIT_low_eff_su2_r1_d6_b02__none,none,memgq_lattice,d0ead593664a3694fc2c,0,0,0,0.7586166858673096,0.24138331413269043
PETS_CREDIT_low_eff_su2_r1_d6_b02__none,none,memgq_lattice,f4686f1ccb3b1f5b89c1,0,0,0,0.7916702032089233,0.20832981169223785
PETS_CREDIT_low_eff_su2_r1_d6_b02__none,none,memgq_lattice,6b7219cfa53e1ae4e686,0,0,0,0.7514005303382874,0.24859943985939026
PETS_CREDIT_low_eff_su2_r1_d6_b02__none,none,memgq_lattice,88f9384f8a0cf279c07b,0,0,0,0.7245090007781982,0.27549099922180176
PETS_CREDIT_low_eff_su2_r1_d6_b02__none,none,memgq_lattice,8ac37e6efcfd84f4bf90,0,0,0,0.7546616792678833,0.2453383356332779
PETS_CREDIT_low_eff_su2_r1_d6_b02__none,none,memgq_lattice,e947ef8b0f016ee69de8,0,0,0,0.7669827938079834,0.23301725089550018
PETS_CREDIT_low_eff_su2_r1_d6_b02__none,none,memgq_lattice,6c53aaf7ecbc425941a4,0,1,0,0.750246524810791,0.24975347518920898
PETS_CREDIT_low_eff_su2_r1_d6_b02__none,none,memgq_lattice,b215fc8b709612d72d29,0,0,0,0.8195488452911377,0.1804511398077011
PETS_CREDIT_low_eff_su2_r1_d6_b02__none,none,memgq_lattice,87c7d3469677d57e0f68,0,0,0,0.767498254776001,0.23250176012516022
PETS_CREDIT_low_eff_su2_r1_d6_b02__none,none,memgq_lattice,aca397f6cfe96c665e23,0,0,0,0.7031829357147217,0.2968170642852783
PETS_CREDIT_low_eff_su2_r1_d6_b02__none,none,memgq_lattice,f1d5fbea8d8fc197f689,0,0,0,0.745175838470459,0.2548241913318634
PETS_CREDIT_low_eff_su2_r1_d6_b02__none,none,memgq_lattice,a660b0769301bab3f88d,0,0,0,0.7621287703514099,0.2378712147474289
PETS_CREDIT_low_eff_su2_r1_d6_b02__none,none,memgq_lattice,fb41b4f01480a9067cf9,0,1,0,0.7937582731246948,0.20624174177646637
PETS_CREDIT_low_eff_su2_r1_d6_b02__none,none,memgq_lattice,c65308558f565034903d,0,1,0,0.7491846680641174,0.2508153021335602
PETS_CREDIT_low_eff_su2_r1_d6_b02__none,none,memgq_lattice,61985a6dca52dc5fe733,0,0,0,0.8061408400535583,0.19385913014411926
PETS_CREDIT_low_eff_su2_r1_d6_b02__none,none,memgq_lattice,79d13f79e25dd355b797,0,1,0,0.7892472147941589,0.21075278520584106
PETS_CREDIT_low_eff_su2_r1_d6_b02__none,none,memgq_lattice,6df7b8af4894c02f1865,0,0,0,0.8258817195892334,0.1741182953119278
PETS_CREDIT_low_eff_su2_r1_d6_b02__none,none,memgq_lattice,f50f173b25417d940819,0,0,0,0.7298259735107422,0.2701739966869354
PETS_CREDIT_low_eff_su2_r1_d6_b02__none,none,memgq_lattice,73ce0aaf437e0a73c182,0,1,0,0.7090182900428772,0.2909817099571228
PETS_CREDIT_low_eff_su2_r1_d6_b02__none,none,memgq_lattice,0748c8ca29b369b66e6f,0,1,0,0.7045655250549316,0.29543450474739075
PETS_CREDIT_low_eff_su2_r1_d6_b02__none,none,memgq_lattice,e5cdd46506910a0d29a4,0,0,0,0.8043393492698669,0.19566065073013306
PETS_CREDIT_low_eff_su2_r1_d6_b02__none,none,memgq_lattice,266c16f52337745816e5,0,0,0,0.8161531686782837,0.1838468611240387
PETS_CREDIT_low_eff_su2_r1_d6_b02__none,none,memgq_lattice,806319326d809b9eae67,0,0,0,0.8031646013259888,0.19683538377285004
PETS_CREDIT_low_eff_su2_r1_d6_b02__none,none,memgq_lattice,3da17ae4582b2ac6ac6a,0,0,0,0.7338452935218811,0.2661547362804413
PETS_CREDIT_low_eff_su2_r1_d6_b02__none,none,memgq_lattice,cd6bf5351920ef71b772,0,0,0,0.7446372509002686,0.25536274909973145
PETS_CREDIT_low_eff_su2_r1_d6_b02__none,none,memgq_lattice,f1fa5a6ee10e25b70a00,0,0,0,0.8262870907783508,0.17371293902397156
PETS_CREDIT_low_eff_su2_r1_d6_b02__none,none,memgq_lattice,de98a8baab2807797bb8,0,0,0,0.7187507152557373,0.2812492549419403
PETS_CREDIT_low_eff_su2_r1_d6_b02__none,none,memgq_lattice,4c7af58561c27a6e341e,0,1,0,0.8195304870605469,0.1804695427417755
PETS_CREDIT_low_eff_su2_r1_d6_b02__none,none,memgq_lattice,38ba8c1ecc8be69eb7d0,0,0,0,0.784637987613678,0.21536202728748322
PETS_CREDIT_low_eff_su2_r1_d6_b02__none,none,memgq_lattice,1b857744e17f39b46f16,0,0,0,0.7850393652915955,0.21496063470840454
PETS_CREDIT_low_eff_su2_r1_d6_b02__none,none,memgq_lattice,31d01a38894b805bfc80,0,0,0,0.8193117380142212,0.18068827688694
PETS_CREDIT_low_eff_su2_r1_d6_b02__none,none,memgq_lattice,231156f957719dd417d9,0,0,0,0.768075704574585,0.23192429542541504
PETS_CREDIT_low_eff_su2_r1_d6_b02__none,none,memgq_lattice,7bfb843a13cff05233ad,0,0,0,0.818986713886261,0.1810133010149002
PETS_CREDIT_low_eff_su2_r1_d6_b02__none,none,memgq_lattice,24850cc249ef6fef8baa,0,0,0,0.7406746745109558,0.2593252956867218
PETS_CREDIT_low_eff_su2_r1_d6_b02__none,none,memgq_lattice,f80b742f70e5ef1f2f75,0,0,0,0.7500141859054565,0.24998579919338226
PETS_CREDIT_low_eff_su2_r1_d6_b02__none,none,memgq_lattice,392fabb059005262a0a6,0,0,0,0.7078776955604553,0.29212233424186707
PETS_CREDIT_low_eff_su2_r1_d6_b02__none,none,memgq_lattice,e5731b75bfb8647f33f0,0,1,1,0.21559500694274902,0.784404993057251
PETS_CREDIT_low_eff_su2_r1_d6_b02__none,none,memgq_lattice,63426de2bcac10c978ef,0,0,0,0.7483481764793396,0.2516518533229828
PETS_CREDIT_low_eff_su2_r1_d6_b02__none,none,memgq_lattice,346b2d56d8b09d426f47,0,1,0,0.7714622020721436,0.22853782773017883
PETS_CREDIT_low_eff_su2_r1_d6_b02__none,none,memgq_lattice,79ede8f524cb4755d342,0,0,0,0.7409933805465698,0.2590065896511078
PETS_CREDIT_low_eff_su2_r1_d6_b02__none,none,memgq_lattice,9b15c4988e577e46b572,0,0,0,0.7841692566871643,0.2158307433128357
PETS_CREDIT_low_eff_su2_r1_d6_b02__none,none,memgq_lattice,2ae5fdcfe3923a4263b6,0,0,0,0.8205610513687134,0.17943891882896423
PETS_CREDIT_low_eff_su2_r1_d6_b02__none,none,memgq_lattice,b690772de8eb14084d30,0,1,0,0.8193426728248596,0.18065737187862396
PETS_CREDIT_low_eff_su2_r1_d6_b02__none,none,memgq_lattice,a19516268df63768faeb,0,0,0,0.8002079725265503,0.1997920274734497
PETS_CREDIT_low_eff_su2_r1_d6_b02__none,none,memgq_lattice,2e900caa6bf6a7e56807,0,0,0,0.7901068329811096,0.20989316701889038
PETS_CREDIT_low_eff_su2_r1_d6_b02__none,none,memgq_lattice,3e5959b02df8356effc1,0,0,0,0.7889804244041443,0.2110196053981781
PETS_CREDIT_low_eff_su2_r1_d6_b02__none,none,memgq_lattice,b6b16448c07ca52d41fb,0,0,0,0.7449171543121338,0.2550828456878662
PETS_CREDIT_low_eff_su2_r1_d6_b02__none,none,memgq_lattice,bf9825a8b0d7138b3690,0,1,0,0.7301453948020935,0.26985466480255127
PETS_CREDIT_low_eff_su2_r1_d6_b02__none,none,memgq_lattice,ae831412dedceb901cc4,0,0,0,0.8137598037719727,0.18624021112918854
PETS_CREDIT_low_eff_su2_r1_d6_b02__none,none,memgq_lattice,1b791f7fc091a40a0494,0,0,0,0.7530932426452637,0.24690675735473633
PETS_CREDIT_low_eff_su2_r1_d6_b02__none,none,memgq_lattice,2951667761deda7d6d9f,0,0,0,0.7024147510528564,0.29758521914482117
PETS_CREDIT_low_eff_su2_r1_d6_b02__none,none,memgq_lattice,c55786a9941cc04c9348,0,0,0,0.7438414096832275,0.25615859031677246
PETS_CREDIT_low_eff_su2_r1_d6_b02__none,none,memgq_lattice,67fb36e26b798796d6fd,0,0,0,0.7623722553253174,0.237627774477005
PETS_CREDIT_low_eff_su2_r1_d6_b02__none,none,memgq_lattice,f8f44150ace4d5e110b6,0,1,0,0.7208852171897888,0.27911484241485596
PETS_CREDIT_low_eff_su2_r1_d6_b02__none,none,memgq_lattice,92becb8f0ed68752cc52,0,1,0,0.7803617715835571,0.21963828802108765
PETS_CREDIT_low_eff_su2_r1_d6_b02__none,none,memgq_lattice,cab8e2ac7eeaf27d3d2c,0,0,0,0.7161661982536316,0.283833771944046
PETS_CREDIT_low_eff_su2_r1_d6_b02__none,none,memgq_lattice,d1db35b6c9e008df971d,0,0,0,0.7113815546035767,0.28861844539642334
PETS_CREDIT_low_eff_su2_r1_d6_b02__none,none,memgq_lattice,83d86a08997d81c1643f,0,0,0,0.7270970940589905,0.27290287613868713
PETS_CREDIT_low_eff_su2_r1_d6_b02__none,none,memgq_lattice_sticky,26b6a5da65cdaeb8e184,1,0,0,0.7648904919624329,0.23510953783988953
PETS_CREDIT_low_eff_su2_r1_d6_b02__none,none,memgq_lattice_sticky,aaca4c9adb936209ae4f,1,0,0,0.8142415881156921,0.18575842678546906
PETS_CREDIT_low_eff_su2_r1_d6_b02__none,none,memgq_lattice_sticky,5b4cdc8a84b914138d2b,1,0,0,0.7499920725822449,0.2500079572200775
PETS_CREDIT_low_eff_su2_r1_d6_b02__none,none,memgq_lattice_sticky,d2c3d34fb102babfa194,1,0,0,0.7474830746650696,0.2525169253349304
PETS_CREDIT_low_eff_su2_r1_d6_b02__none,none,memgq_lattice_sticky,26f8e0268dd95cba45fd,1,0,0,0.756909191608429,0.24309082329273224
PETS_CREDIT_low_eff_su2_r1_d6_b02__none,none,memgq_lattice_sticky,877b93e6aa8797d2cd0b,1,1,0,0.771454930305481,0.22854505479335785
PETS_CREDIT_low_eff_su2_r1_d6_b02__none,none,memgq_lattice_sticky,e0b33cacbadcac9f3d26,1,0,0,0.7215616106987,0.2784384489059448
PETS_CREDIT_low_eff_su2_r1_d6_b02__none,none,memgq_lattice_sticky,df16a30c67111933fccc,1,1,0,0.7622634172439575,0.2377365678548813
PETS_CREDIT_low_eff_su2_r1_d6_b02__none,none,memgq_lattice_sticky,7105743f10682ac4a1cc,1,1,0,0.7068591117858887,0.29314088821411133
PETS_CREDIT_low_eff_su2_r1_d6_b02__none,none,memgq_lattice_sticky,0ffd3e39286157b02ad4,1,0,0,0.7964029908180237,0.2035970538854599
PETS_CREDIT_low_eff_su2_r1_d6_b02__none,none,memgq_lattice_sticky,e4890079e5df86b99388,1,0,0,0.8130635023117065,0.18693648278713226
PETS_CREDIT_low_eff_su2_r1_d6_b02__none,none,memgq_lattice_sticky,e07f107ec2deef516f4f,1,0,0,0.8078121542930603,0.1921878457069397
PETS_CREDIT_low_eff_su2_r1_d6_b02__none,none,memgq_lattice_sticky,c91e3b5a028c06ad1f92,1,0,0,0.7560766935348511,0.2439233362674713
PETS_CREDIT_low_eff_su2_r1_d6_b02__none,none,memgq_lattice_sticky,d606f1831b9734bb90e1,1,0,0,0.7291277647018433,0.2708722651004791
PETS_CREDIT_low_eff_su2_r1_d6_b02__none,none,memgq_lattice_sticky,c3a59fc71e20658f6341,1,0,0,0.7260640263557434,0.2739359736442566
PETS_CREDIT_low_eff_su2_r1_d6_b02__none,none,memgq_lattice_sticky,78edbc6916b12b570866,1,1,0,0.7230862975120544,0.27691367268562317
PETS_CREDIT_low_eff_su2_r1_d6_b02__none,none,memgq_lattice_sticky,a62d80fa1349c54517ce,1,0,0,0.7850501537322998,0.214949831366539
PETS_CREDIT_low_eff_su2_r1_d6_b02__none,none,memgq_lattice_sticky,46dbe6ca2f4531385a05,1,0,0,0.8153087496757507,0.18469128012657166
PETS_CREDIT_low_eff_su2_r1_d6_b02__none,none,memgq_lattice_sticky,8b629ccf361c8da0309f,1,0,0,0.703592836856842,0.29640716314315796
PETS_CREDIT_low_eff_su2_r1_d6_b02__none,none,memgq_lattice_sticky,4dde24d981dd8981f71f,1,1,0,0.8062797784805298,0.1937202662229538
PETS_CREDIT_low_eff_su2_r1_d6_b02__none,none,memgq_lattice_sticky,ab00e756b29c98fd6674,1,0,0,0.7992441654205322,0.20075581967830658
PETS_CREDIT_low_eff_su2_r1_d6_b02__none,none,memgq_lattice_sticky,196d92dfff0523a23237,1,0,0,0.8230137228965759,0.17698627710342407
PETS_CREDIT_low_eff_su2_r1_d6_b02__none,none,memgq_lattice_sticky,988a4b4dcb53bafffb01,1,0,0,0.7468583583831787,0.2531416118144989
PETS_CREDIT_low_eff_su2_r1_d6_b02__none,none,memgq_lattice_sticky,c8a7bd1cd35ba1e89b80,1,0,0,0.8093090653419495,0.19069090485572815
PETS_CREDIT_low_eff_su2_r1_d6_b02__none,none,memgq_lattice_sticky,6093ce809aa33ce6693b,1,0,0,0.8230124115943909,0.17698761820793152
PETS_CREDIT_low_eff_su2_r1_d6_b02__none,none,memgq_lattice_sticky,00405a37dd709b2d51a8,1,0,0,0.8215937614440918,0.17840620875358582
PETS_CREDIT_low_eff_su2_r1_d6_b02__none,none,memgq_lattice_sticky,aaff47c50ec280d97eda,1,0,0,0.8000172972679138,0.1999826282262802
PETS_CREDIT_low_eff_su2_r1_d6_b02__none,none,memgq_lattice_sticky,a6dfd0dc4ba32e6c00e6,1,0,0,0.7824656367301941,0.2175343632698059
PETS_CREDIT_low_eff_su2_r1_d6_b02__none,none,memgq_lattice_sticky,75e559f2a9928f47e4ef,1,0,0,0.761311948299408,0.23868803679943085
PETS_CREDIT_low_eff_su2_r1_d6_b02__none,none,memgq_lattice_sticky,f1068bd99413d081a271,1,0,0,0.7800607681274414,0.2199392020702362
PETS_CREDIT_low_eff_su2_r1_d6_b02__none,none,memgq_lattice_sticky,58cb80b3d0535cb4343a,1,0,0,0.7349043488502502,0.26509565114974976
PETS_CREDIT_low_eff_su2_r1_d6_b02__none,none,memgq_lattice_sticky,5cb75d859aa2d3df94b0,1,0,0,0.7003153562545776,0.2996846139431
PETS_CREDIT_low_eff_su2_r1_d6_b02__none,none,memgq_lattice_sticky,6e144bf85d42e3ac6fae,1,1,0,0.7907066345214844,0.209293395280838
PETS_CREDIT_low_eff_su2_r1_d6_b02__none,none,memgq_lattice_sticky,e8613e68d8ca2ea9e7fd,1,0,0,0.7597936391830444,0.24020636081695557
PETS_CREDIT_low_eff_su2_r1_d6_b02__none,none,memgq_lattice_sticky,0674ce029ebb21d32e38,1,1,0,0.8233470320701599,0.17665298283100128
PETS_CREDIT_low_eff_su2_r1_d6_b02__none,none,memgq_lattice_sticky,b0f47ae4b56b3aa4d111,1,0,0,0.7291808128356934,0.27081921696662903
PETS_CREDIT_low_eff_su2_r1_d6_b02__none,none,memgq_lattice_sticky,e76cce60bc3507d0d7b2,1,0,0,0.783824622631073,0.2161753624677658
PETS_CREDIT_low_eff_su2_r1_d6_b02__none,none,memgq_lattice_sticky,72bf8a475d5aa5538cd3,1,0,0,0.8171386122703552,0.18286140263080597
PETS_CREDIT_low_eff_su2_r1_d6_b02__none,none,memgq_lattice_sticky,f3ca91dd8e5aba8d83d9,1,1,0,0.7616726160049438,0.23832738399505615
PETS_CREDIT_low_eff_su2_r1_d6_b02__none,none,memgq_lattice_sticky,70d271c728323ea28d90,1,0,0,0.7315594553947449,0.2684405744075775
PETS_CREDIT_low_eff_su2_r1_d6_b02__none,none,memgq_lattice_sticky,a55e4e1cd3465563efc4,1,0,0,0.7949292659759521,0.20507076382637024
PETS_CREDIT_low_eff_su2_r1_d6_b02__none,none,memgq_lattice_sticky,4def6ca8e27be84aeb54,1,1,0,0.7882292866706848,0.21177074313163757
PETS_CREDIT_low_eff_su2_r1_d6_b02__none,none,memgq_lattice_sticky,347bd04364dce3c5342e,1,0,0,0.7723109722137451,0.2276890128850937
PETS_CREDIT_low_eff_su2_r1_d6_b02__none,none,memgq_lattice_sticky,bf465d63c434358f77e4,1,0,0,0.7187253832817078,0.2812746465206146
PETS_CREDIT_low_eff_su2_r1_d6_b02__none,none,memgq_lattice_sticky,c9e5785745f04cec0d37,1,0,0,0.764050304889679,0.23594972491264343
PETS_CREDIT_low_eff_su2_r1_d6_b02__none,none,memgq_lattice_sticky,c536d8f2ff559c7756e7,1,0,0,0.8129798769950867,0.18702015280723572
PETS_CREDIT_low_eff_su2_r1_d6_b02__none,none,memgq_lattice_sticky,f0c1637eb1fa5204c581,1,0,0,0.700441300868988,0.2995586693286896
PETS_CREDIT_low_eff_su2_r1_d6_b02__none,none,memgq_lattice_sticky,bfa7b1aca5d187760a16,1,0,0,0.762003481388092,0.23799654841423035
PETS_CREDIT_low_eff_su2_r1_d6_b02__none,none,memgq_lattice_sticky,cec5a851be4f6e7c0887,1,1,0,0.7916144132614136,0.2083856165409088
PETS_CREDIT_low_eff_su2_r1_d6_b02__none,none,memgq_lattice_sticky,619b46d6086e6aad3d84,1,0,0,0.7136008143424988,0.2863992154598236
PETS_CREDIT_low_eff_su2_r1_d6_b02__none,none,memgq_lattice_sticky,1dd9f8371cdcaa1758b3,1,0,0,0.7799994945526123,0.2200005054473877
PETS_CREDIT_low_eff_su2_r1_d6_b02__none,none,memgq_lattice_sticky,a4fc6b0808359418c098,1,0,0,0.7924829125404358,0.2075171172618866
PETS_CREDIT_low_eff_su2_r1_d6_b02__none,none,memgq_lattice_sticky,073dbbd888ef767c75de,1,0,0,0.7823965549468994,0.21760347485542297
PETS_CREDIT_low_eff_su2_r1_d6_b02__none,none,memgq_lattice_sticky,7c7fe88dcec806be29da,1,0,0,0.7698003649711609,0.2301996350288391
PETS_CREDIT_low_eff_su2_r1_d6_b02__none,none,memgq_lattice_sticky,fbbb0f469e10095b9cc1,1,1,0,0.782446026802063,0.21755395829677582
PETS_CREDIT_low_eff_su2_r1_d6_b02__none,none,memgq_lattice_sticky,c0daa10532a8487ca803,1,1,0,0.7875128984451294,0.21248707175254822
PETS_CREDIT_low_eff_su2_r1_d6_b02__none,none,memgq_lattice_sticky,bacc1c25b75ae0e1b780,1,0,0,0.8208280205726624,0.17917194962501526
PETS_CREDIT_low_eff_su2_r1_d6_b02__none,none,memgq_lattice_sticky,1313972ddf1c6e9eb2c9,1,1,0,0.8030833005905151,0.19691672921180725
PETS_CREDIT_low_eff_su2_r1_d6_b02__none,none,memgq_lattice_sticky,1819fe5c399a17316fee,1,0,0,0.7679685950279236,0.23203133046627045
PETS_CREDIT_low_eff_su2_r1_d6_b02__none,none,memgq_lattice_sticky,70e46e61db439dd8e308,1,0,0,0.810160219669342,0.18983976542949677
PETS_CREDIT_low_eff_su2_r1_d6_b02__none,none,memgq_lattice_sticky,01743ddf295d8f6b5a46,1,1,0,0.7309726476669312,0.26902735233306885
PETS_CREDIT_low_eff_su2_r1_d6_b02__none,none,memgq_lattice_sticky,a5628044ec0880a52490,1,1,0,0.7970570921897888,0.2029428780078888
PETS_CREDIT_low_eff_su2_r1_d6_b02__none,none,memgq_lattice_sticky,6a75db22a6087741eef2,1,0,0,0.7448785305023193,0.25512149930000305
PETS_CREDIT_low_eff_su2_r1_d6_b02__none,none,memgq_lattice_sticky,92516ca36411fad7d9c9,1,0,0,0.8118743896484375,0.1881256401538849
PETS_CREDIT_low_eff_su2_r1_d6_b02__none,none,memgq_lattice_sticky,787c85a205e13b242012,1,0,0,0.7068886160850525,0.2931113839149475
PETS_CREDIT_low_eff_su2_r1_d6_b02__none,none,memgq_lattice_sticky,8d5ec20ca179ede5da84,1,0,0,0.7774493098258972,0.22255074977874756
PETS_CREDIT_low_eff_su2_r1_d6_b02__none,none,memgq_lattice_sticky,973b363916938dbaaf31,1,0,0,0.7188509106636047,0.28114908933639526
PETS_CREDIT_low_eff_su2_r1_d6_b02__none,none,memgq_lattice_sticky,e3e282f64bed70282149,1,0,0,0.7366669178009033,0.2633330821990967
PETS_CREDIT_low_eff_su2_r1_d6_b02__none,none,memgq_lattice_sticky,c50e57ca37a497df3a13,1,0,0,0.7309630513191223,0.2690369188785553
PETS_CREDIT_low_eff_su2_r1_d6_b02__none,none,memgq_lattice_sticky,6c0e663b6848864dc914,1,1,0,0.8010082244873047,0.1989918202161789
PETS_CREDIT_low_eff_su2_r1_d6_b02__none,none,memgq_lattice_sticky,ac5f40db5db91c18a83b,1,0,0,0.7278329133987427,0.2721671164035797
PETS_CREDIT_low_eff_su2_r1_d6_b02__none,none,memgq_lattice_sticky,072f10d00d9156aab9f2,1,0,0,0.8203014135360718,0.17969860136508942
PETS_CREDIT_low_eff_su2_r1_d6_b02__none,none,memgq_lattice_sticky,526cee77dcfea7ee8138,1,0,0,0.719653308391571,0.28034669160842896
PETS_CREDIT_low_eff_su2_r1_d6_b02__none,none,memgq_lattice_sticky,25282b20e9c64236ec4d,1,0,0,0.7556307911872864,0.2443692535161972
PETS_CREDIT_low_eff_su2_r1_d6_b02__none,none,memgq_lattice_sticky,14ee67db08b82edf07a3,1,0,0,0.7924151420593262,0.2075849175453186
PETS_CREDIT_low_eff_su2_r1_d6_b02__none,none,memgq_lattice_sticky,eb849709f12c60edd50b,1,0,0,0.7045960426330566,0.29540401697158813
PETS_CREDIT_low_eff_su2_r1_d6_b02__none,none,memgq_lattice_sticky,b91b8614dbf7826436cf,1,0,0,0.7508208155632019,0.24917921423912048
PETS_CREDIT_low_eff_su2_r1_d6_b02__none,none,memgq_lattice_sticky,8f95586c1c6fb3f2a750,1,0,0,0.7864710688591003,0.21352894604206085
PETS_CREDIT_low_eff_su2_r1_d6_b02__none,none,memgq_lattice_sticky,5e48c11768cb070aefe6,1,1,0,0.8019217848777771,0.1980782449245453
PETS_CREDIT_low_eff_su2_r1_d6_b02__none,none,memgq_lattice_sticky,7ce1135db7560daf7e70,1,0,0,0.7872115969657898,0.2127884328365326
PETS_CREDIT_low_eff_su2_r1_d6_b02__none,none,memgq_lattice_sticky,f332cc500c7a62b19024,1,1,0,0.8110520839691162,0.18894796073436737
PETS_CREDIT_low_eff_su2_r1_d6_b02__none,none,memgq_lattice_sticky,192395141a760795b97a,1,0,0,0.7353474497795105,0.2646525502204895
PETS_CREDIT_low_eff_su2_r1_d6_b02__none,none,memgq_lattice_sticky,9fc5fbe55717fe6862a4,1,0,0,0.7101365327835083,0.2898634374141693
PETS_CREDIT_low_eff_su2_r1_d6_b02__none,none,memgq_lattice_sticky,8fe0ac3103b5acc00cdc,1,0,0,0.7665358185768127,0.23346419632434845
PETS_CREDIT_low_eff_su2_r1_d6_b02__none,none,memgq_lattice_sticky,d46f8b9f4d57f90db615,1,1,0,0.7623794078826904,0.2376205176115036
PETS_CREDIT_low_eff_su2_r1_d6_b02__none,none,memgq_lattice_sticky,11ccb38ba9653d61e950,1,0,0,0.7216810584068298,0.2783189117908478
PETS_CREDIT_low_eff_su2_r1_d6_b02__none,none,memgq_lattice_sticky,b84ff32b3c14263b0dd5,1,0,0,0.7570318579673767,0.2429681122303009
PETS_CREDIT_low_eff_su2_r1_d6_b02__none,none,memgq_lattice_sticky,ab97fae957e08270ffce,1,0,0,0.8049688935279846,0.19503116607666016
PETS_CREDIT_low_eff_su2_r1_d6_b02__none,none,memgq_lattice_sticky,6af56a8b2e15acc1e086,1,0,0,0.8113684058189392,0.18863163888454437
PETS_CREDIT_low_eff_su2_r1_d6_b02__none,none,memgq_lattice_sticky,07d4d260e30d7cf5b71f,1,1,0,0.8221419453620911,0.17785803973674774
PETS_CREDIT_low_eff_su2_r1_d6_b02__none,none,memgq_lattice_sticky,fb40711278aca2b43c69,1,0,0,0.8006985187530518,0.19930149614810944
PETS_CREDIT_low_eff_su2_r1_d6_b02__none,none,memgq_lattice_sticky,1c7eb9e50fc08e5f8cf0,1,0,0,0.7641763091087341,0.23582370579242706
PETS_CREDIT_low_eff_su2_r1_d6_b02__none,none,memgq_lattice_sticky,5383d08662564ec7ab0d,1,0,0,0.7883046865463257,0.2116953283548355
PETS_CREDIT_low_eff_su2_r1_d6_b02__none,none,memgq_lattice_sticky,006df97946d214e0111f,1,0,0,0.7479687333106995,0.2520312964916229
PETS_CREDIT_low_eff_su2_r1_d6_b02__none,none,memgq_lattice_sticky,6f47824d3363865de61a,1,0,0,0.709656298160553,0.290343701839447
PETS_CREDIT_low_eff_su2_r1_d6_b02__none,none,memgq_lattice_sticky,3ac7ac4bc65a6ffec899,1,1,0,0.8162022829055786,0.18379773199558258
PETS_CREDIT_low_eff_su2_r1_d6_b02__none,none,memgq_lattice_sticky,29a333df83b13ef7fea3,1,1,0,0.8106736540794373,0.18932634592056274
PETS_CREDIT_low_eff_su2_r1_d6_b02__none,none,memgq_lattice_sticky,39f8154e08ad72170108,1,0,0,0.7681272029876709,0.23187285661697388
PETS_CREDIT_low_eff_su2_r1_d6_b02__none,none,memgq_lattice_sticky,25bed8f88a506c4cc366,1,0,0,0.8240005373954773,0.1759994775056839
PETS_CREDIT_low_eff_su2_r1_d6_b02__none,none,memgq_lattice_sticky,c75c31af2389cc3a594f,1,0,0,0.795269787311554,0.20473024249076843
PETS_CREDIT_low_eff_su2_r1_d6_b02__none,none,memgq_lattice_sticky,cbee3c9401120608f2ba,0,0,0,0.7403160333633423,0.2596840262413025
PETS_CREDIT_low_eff_su2_r1_d6_b02__none,none,memgq_lattice_sticky,1c3e9f95fcefe2e9f555,0,0,0,0.745357096195221,0.25464296340942383
PETS_CREDIT_low_eff_su2_r1_d6_b02__none,none,memgq_lattice_sticky,47955bec8c8c8b0d6ecd,0,0,0,0.823737382888794,0.17626264691352844
PETS_CREDIT_low_eff_su2_r1_d6_b02__none,none,memgq_lattice_sticky,925cfc4ba01b802e6fea,0,0,0,0.8091168403625488,0.19088317453861237
PETS_CREDIT_low_eff_su2_r1_d6_b02__none,none,memgq_lattice_sticky,cf2b344b8a066b41a298,0,0,0,0.7092002630233765,0.2907997667789459
PETS_CREDIT_low_eff_su2_r1_d6_b02__none,none,memgq_lattice_sticky,44ce9ab8bd9bd704ad04,0,1,0,0.7825518250465393,0.21744823455810547
PETS_CREDIT_low_eff_su2_r1_d6_b02__none,none,memgq_lattice_sticky,d2f0fdb253d121d24db4,0,0,0,0.7279210090637207,0.2720789909362793
PETS_CREDIT_low_eff_su2_r1_d6_b02__none,none,memgq_lattice_sticky,11958d422323d7de5da8,0,1,0,0.7900298833847046,0.2099701464176178
PETS_CREDIT_low_eff_su2_r1_d6_b02__none,none,memgq_lattice_sticky,ee145a9d7a0dd082d343,0,1,0,0.7432657480239868,0.2567342221736908
PETS_CREDIT_low_eff_su2_r1_d6_b02__none,none,memgq_lattice_sticky,3bb90fb9f41d8cd780fb,0,0,0,0.7612935304641724,0.23870645463466644
PETS_CREDIT_low_eff_su2_r1_d6_b02__none,none,memgq_lattice_sticky,1df211fa59aa1d5f8ac4,0,0,0,0.8124902844429016,0.18750976026058197
PETS_CREDIT_low_eff_su2_r1_d6_b02__none,none,memgq_lattice_sticky,864edb9124799ed14941,0,0,0,0.7730396389961243,0.22696036100387573
PETS_CREDIT_low_eff_su2_r1_d6_b02__none,none,memgq_lattice_sticky,71a5cf1405bd2714ab77,0,0,0,0.8258652687072754,0.1741347461938858
PETS_CREDIT_low_eff_su2_r1_d6_b02__none,none,memgq_lattice_sticky,ec314aa70302252ef357,0,0,0,0.7201436758041382,0.2798563241958618
PETS_CREDIT_low_eff_su2_r1_d6_b02__none,none,memgq_lattice_sticky,07849266aa8f190a63f2,0,0,0,0.8202490210533142,0.17975100874900818
PETS_CREDIT_low_eff_su2_r1_d6_b02__none,none,memgq_lattice_sticky,9905912b0d924a7b3ca5,0,1,0,0.7035797834396362,0.29642021656036377
PETS_CREDIT_low_eff_su2_r1_d6_b02__none,none,memgq_lattice_sticky,10906783256975cefbbb,0,0,0,0.777863085269928,0.22213691473007202
PETS_CREDIT_low_eff_su2_r1_d6_b02__none,none,memgq_lattice_sticky,7ff0c461042567dfe447,0,0,0,0.80696702003479,0.19303300976753235
PETS_CREDIT_low_eff_su2_r1_d6_b02__none,none,memgq_lattice_sticky,34cd383be85fcb382ea6,0,0,0,0.7638113498687744,0.2361886352300644
PETS_CREDIT_low_eff_su2_r1_d6_b02__none,none,memgq_lattice_sticky,da601eb1fce6bb696bf8,0,1,0,0.8209640383720398,0.17903593182563782
PETS_CREDIT_low_eff_su2_r1_d6_b02__none,none,memgq_lattice_sticky,555680807658211b545c,0,0,0,0.7914930582046509,0.2085069715976715
PETS_CREDIT_low_eff_su2_r1_d6_b02__none,none,memgq_lattice_sticky,7dbb07f72b26cae53e10,0,0,0,0.7114943861961365,0.2885056436061859
PETS_CREDIT_low_eff_su2_r1_d6_b02__none,none,memgq_lattice_sticky,3692ecea3b8cc152ac74,0,0,0,0.7181587219238281,0.28184130787849426
PETS_CREDIT_low_eff_su2_r1_d6_b02__none,none,memgq_lattice_sticky,685e2ecf9c9c42d485ce,0,0,0,0.8179391622543335,0.1820608377456665
PETS_CREDIT_low_eff_su2_r1_d6_b02__none,none,memgq_lattice_sticky,3a38d3079b87b1aa292b,0,0,0,0.7830508351325989,0.2169492095708847
PETS_CREDIT_low_eff_su2_r1_d6_b02__none,none,memgq_lattice_sticky,4a088c612fee9ef613b8,0,0,0,0.7826483845710754,0.2173515409231186
PETS_CREDIT_low_eff_su2_r1_d6_b02__none,none,memgq_lattice_sticky,e662ed68ef3f99bd0ed7,0,0,0,0.8259672522544861,0.1740327775478363
PETS_CREDIT_low_eff_su2_r1_d6_b02__none,none,memgq_lattice_sticky,baf60f731977893683c9,0,0,0,0.7915617823600769,0.20843824744224548
PETS_CREDIT_low_eff_su2_r1_d6_b02__none,none,memgq_lattice_sticky,af85096b9d68ea111a40,0,0,0,0.7367115020751953,0.2632884979248047
PETS_CREDIT_low_eff_su2_r1_d6_b02__none,none,memgq_lattice_sticky,948f6a099d3241c9a1ec,0,0,0,0.7405367493629456,0.25946322083473206
PETS_CREDIT_low_eff_su2_r1_d6_b02__none,none,memgq_lattice_sticky,5f65233bde8585faedb5,0,0,0,0.7140501141548157,0.2859499156475067
PETS_CREDIT_low_eff_su2_r1_d6_b02__none,none,memgq_lattice_sticky,5acd05c508162abd3783,0,0,0,0.7145193219184875,0.28548064827919006
PETS_CREDIT_low_eff_su2_r1_d6_b02__none,none,memgq_lattice_sticky,349b65ac22308893e3ec,0,1,0,0.8183935284614563,0.18160651624202728
PETS_CREDIT_low_eff_su2_r1_d6_b02__none,none,memgq_lattice_sticky,1deef9da8e2ee98331dc,0,0,0,0.7630971074104309,0.2369028925895691
PETS_CREDIT_low_eff_su2_r1_d6_b02__none,none,memgq_lattice_sticky,ccba09c993c170faae38,0,1,0,0.7752740979194641,0.22472593188285828
PETS_CREDIT_low_eff_su2_r1_d6_b02__none,none,memgq_lattice_sticky,4882932be60b65305c84,0,0,0,0.7046372890472412,0.2953626811504364
PETS_CREDIT_low_eff_su2_r1_d6_b02__none,none,memgq_lattice_sticky,b244235968526b38867d,0,0,0,0.7856488227844238,0.21435123682022095
PETS_CREDIT_low_eff_su2_r1_d6_b02__none,none,memgq_lattice_sticky,c3a927c03687d1a576df,0,0,0,0.7217690944671631,0.2782308757305145
PETS_CREDIT_low_eff_su2_r1_d6_b02__none,none,memgq_lattice_sticky,fa1f9563eb089a4c05eb,0,1,0,0.7462248802185059,0.25377508997917175
PETS_CREDIT_low_eff_su2_r1_d6_b02__none,none,memgq_lattice_sticky,555c4408bbd55bf9a01b,0,0,0,0.8222137689590454,0.1777862012386322
PETS_CREDIT_low_eff_su2_r1_d6_b02__none,none,memgq_lattice_sticky,6bb3006cf2b47b29d044,0,0,0,0.7597106695175171,0.2402893751859665
PETS_CREDIT_low_eff_su2_r1_d6_b02__none,none,memgq_lattice_sticky,a3076f399cf32e671da9,0,1,0,0.7996529340744019,0.20034703612327576
PETS_CREDIT_low_eff_su2_r1_d6_b02__none,none,memgq_lattice_sticky,d0ead593664a3694fc2c,0,0,0,0.7586166858673096,0.24138331413269043
PETS_CREDIT_low_eff_su2_r1_d6_b02__none,none,memgq_lattice_sticky,f4686f1ccb3b1f5b89c1,0,0,0,0.7916702032089233,0.20832981169223785
PETS_CREDIT_low_eff_su2_r1_d6_b02__none,none,memgq_lattice_sticky,6b7219cfa53e1ae4e686,0,0,0,0.7514005303382874,0.24859943985939026
PETS_CREDIT_low_eff_su2_r1_d6_b02__none,none,memgq_lattice_sticky,88f9384f8a0cf279c07b,0,0,0,0.7345823645591736,0.2654176354408264
PETS_CREDIT_low_eff_su2_r1_d6_b02__none,none,memgq_lattice_sticky,8ac37e6efcfd84f4bf90,0,0,0,0.7546616792678833,0.2453383356332779
PETS_CREDIT_low_eff_su2_r1_d6_b02__none,none,memgq_lattice_sticky,e947ef8b0f016ee69de8,0,0,0,0.7669827938079834,0.23301725089550018
PETS_CREDIT_low_eff_su2_r1_d6_b02__none,none,memgq_lattice_sticky,6c53aaf7ecbc425941a4,0,1,0,0.752766489982605,0.24723348021507263
PETS_CREDIT_low_eff_su2_r1_d6_b02__none,none,memgq_lattice_sticky,b215fc8b709612d72d29,0,0,0,0.8195488452911377,0.1804511398077011
PETS_CREDIT_low_eff_su2_r1_d6_b02__none,none,memgq_lattice_sticky,87c7d3469677d57e0f68,0,0,0,0.767498254776001,0.23250176012516022
PETS_CREDIT_low_eff_su2_r1_d6_b02__none,none,memgq_lattice_sticky,aca397f6cfe96c665e23,0,0,0,0.7031829357147217,0.2968170642852783
PETS_CREDIT_low_eff_su2_r1_d6_b02__none,none,memgq_lattice_sticky,f1d5fbea8d8fc197f689,0,0,0,0.7353596687316895,0.26464033126831055
PETS_CREDIT_low_eff_su2_r1_d6_b02__none,none,memgq_lattice_sticky,a660b0769301bab3f88d,0,0,0,0.7621287703514099,0.2378712147474289
PETS_CREDIT_low_eff_su2_r1_d6_b02__none,none,memgq_lattice_sticky,fb41b4f01480a9067cf9,0,1,0,0.8000035881996155,0.19999642670154572
PETS_CREDIT_low_eff_su2_r1_d6_b02__none,none,memgq_lattice_sticky,c65308558f565034903d,0,1,0,0.7394689321517944,0.2605310380458832
PETS_CREDIT_low_eff_su2_r1_d6_b02__none,none,memgq_lattice_sticky,61985a6dca52dc5fe733,0,0,0,0.7939653396606445,0.20603469014167786
PETS_CREDIT_low_eff_su2_r1_d6_b02__none,none,memgq_lattice_sticky,79d13f79e25dd355b797,0,1,0,0.7892472147941589,0.21075278520584106
PETS_CREDIT_low_eff_su2_r1_d6_b02__none,none,memgq_lattice_sticky,6df7b8af4894c02f1865,0,0,0,0.8222466707229614,0.17775334417819977
PETS_CREDIT_low_eff_su2_r1_d6_b02__none,none,memgq_lattice_sticky,f50f173b25417d940819,0,0,0,0.7196409702301025,0.28035902976989746
PETS_CREDIT_low_eff_su2_r1_d6_b02__none,none,memgq_lattice_sticky,73ce0aaf437e0a73c182,0,1,0,0.7090182900428772,0.2909817099571228
PETS_CREDIT_low_eff_su2_r1_d6_b02__none,none,memgq_lattice_sticky,0748c8ca29b369b66e6f,0,1,0,0.7012786269187927,0.2987213730812073
PETS_CREDIT_low_eff_su2_r1_d6_b02__none,none,memgq_lattice_sticky,e5cdd46506910a0d29a4,0,0,0,0.8122501969337463,0.18774986267089844
PETS_CREDIT_low_eff_su2_r1_d6_b02__none,none,memgq_lattice_sticky,266c16f52337745816e5,0,0,0,0.8236910104751587,0.1763090193271637
PETS_CREDIT_low_eff_su2_r1_d6_b02__none,none,memgq_lattice_sticky,806319326d809b9eae67,0,0,0,0.8149232268333435,0.1850767582654953
PETS_CREDIT_low_eff_su2_r1_d6_b02__none,none,memgq_lattice_sticky,3da17ae4582b2ac6ac6a,0,0,0,0.7338452935218811,0.2661547362804413
PETS_CREDIT_low_eff_su2_r1_d6_b02__none,none,memgq_lattice_sticky,cd6bf5351920ef71b772,0,0,0,0.7446372509002686,0.25536274909973145
PETS_CREDIT_low_eff_su2_r1_d6_b02__none,none,memgq_lattice_sticky,f1fa5a6ee10e25b70a00,0,0,0,0.8164891004562378,0.1835108995437622
PETS_CREDIT_low_eff_su2_r1_d6_b02__none,none,memgq_lattice_sticky,de98a8baab2807797bb8,0,0,0,0.7155579328536987,0.28444206714630127
PETS_CREDIT_low_eff_su2_r1_d6_b02__none,none,memgq_lattice_sticky,4c7af58561c27a6e341e,0,1,0,0.8195304870605469,0.1804695427417755
PETS_CREDIT_low_eff_su2_r1_d6_b02__none,none,memgq_lattice_sticky,38ba8c1ecc8be69eb7d0,0,0,0,0.784637987613678,0.21536202728748322
PETS_CREDIT_low_eff_su2_r1_d6_b02__none,none,memgq_lattice_sticky,1b857744e17f39b46f16,0,0,0,0.777372419834137,0.22262759506702423
PETS_CREDIT_low_eff_su2_r1_d6_b02__none,none,memgq_lattice_sticky,31d01a38894b805bfc80,0,0,0,0.8193117380142212,0.18068827688694
PETS_CREDIT_low_eff_su2_r1_d6_b02__none,none,memgq_lattice_sticky,231156f957719dd417d9,0,0,0,0.768075704574585,0.23192429542541504
PETS_CREDIT_low_eff_su2_r1_d6_b02__none,none,memgq_lattice_sticky,7bfb843a13cff05233ad,0,0,0,0.818986713886261,0.1810133010149002
PETS_CREDIT_low_eff_su2_r1_d6_b02__none,none,memgq_lattice_sticky,24850cc249ef6fef8baa,0,0,0,0.7376399040222168,0.2623600959777832
PETS_CREDIT_low_eff_su2_r1_d6_b02__none,none,memgq_lattice_sticky,f80b742f70e5ef1f2f75,0,0,0,0.7500141859054565,0.24998579919338226
PETS_CREDIT_low_eff_su2_r1_d6_b02__none,none,memgq_lattice_sticky,392fabb059005262a0a6,0,0,0,0.7078776955604553,0.29212233424186707
PETS_CREDIT_low_eff_su2_r1_d6_b02__none,none,memgq_lattice_sticky,e5731b75bfb8647f33f0,0,1,1,0.2221921682357788,0.7778078317642212
PETS_CREDIT_low_eff_su2_r1_d6_b02__none,none,memgq_lattice_sticky,63426de2bcac10c978ef,0,0,0,0.7483481764793396,0.2516518533229828
PETS_CREDIT_low_eff_su2_r1_d6_b02__none,none,memgq_lattice_sticky,346b2d56d8b09d426f47,0,1,0,0.7714622020721436,0.22853782773017883
PETS_CREDIT_low_eff_su2_r1_d6_b02__none,none,memgq_lattice_sticky,79ede8f524cb4755d342,0,0,0,0.7409933805465698,0.2590065896511078
PETS_CREDIT_low_eff_su2_r1_d6_b02__none,none,memgq_lattice_sticky,9b15c4988e577e46b572,0,0,0,0.7841692566871643,0.2158307433128357
PETS_CREDIT_low_eff_su2_r1_d6_b02__none,none,memgq_lattice_sticky,2ae5fdcfe3923a4263b6,0,0,0,0.8205610513687134,0.17943891882896423
PETS_CREDIT_low_eff_su2_r1_d6_b02__none,none,memgq_lattice_sticky,b690772de8eb14084d30,0,1,0,0.8193426728248596,0.18065737187862396
PETS_CREDIT_low_eff_su2_r1_d6_b02__none,none,memgq_lattice_sticky,a19516268df63768faeb,0,0,0,0.787757933139801,0.21224208176136017
PETS_CREDIT_low_eff_su2_r1_d6_b02__none,none,memgq_lattice_sticky,2e900caa6bf6a7e56807,0,0,0,0.7901068329811096,0.20989316701889038
PETS_CREDIT_low_eff_su2_r1_d6_b02__none,none,memgq_lattice_sticky,3e5959b02df8356effc1,0,0,0,0.7889804244041443,0.2110196053981781
PETS_CREDIT_low_eff_su2_r1_d6_b02__none,none,memgq_lattice_sticky,b6b16448c07ca52d41fb,0,0,0,0.7449171543121338,0.2550828456878662
PETS_CREDIT_low_eff_su2_r1_d6_b02__none,none,memgq_lattice_sticky,bf9825a8b0d7138b3690,0,1,0,0.7270327806472778,0.27296721935272217
PETS_CREDIT_low_eff_su2_r1_d6_b02__none,none,memgq_lattice_sticky,ae831412dedceb901cc4,0,0,0,0.8137598037719727,0.18624021112918854
PETS_CREDIT_low_eff_su2_r1_d6_b02__none,none,memgq_lattice_sticky,1b791f7fc091a40a0494,0,0,0,0.7446575164794922,0.2553425133228302
PETS_CREDIT_low_eff_su2_r1_d6_b02__none,none,memgq_lattice_sticky,2951667761deda7d6d9f,0,0,0,0.7024147510528564,0.29758521914482117
PETS_CREDIT_low_eff_su2_r1_d6_b02__none,none,memgq_lattice_sticky,c55786a9941cc04c9348,0,0,0,0.7438414096832275,0.25615859031677246
PETS_CREDIT_low_eff_su2_r1_d6_b02__none,none,memgq_lattice_sticky,67fb36e26b798796d6fd,0,0,0,0.7714977860450745,0.22850221395492554
PETS_CREDIT_low_eff_su2_r1_d6_b02__none,none,memgq_lattice_sticky,f8f44150ace4d5e110b6,0,1,0,0.7208852171897888,0.27911484241485596
PETS_CREDIT_low_eff_su2_r1_d6_b02__none,none,memgq_lattice_sticky,92becb8f0ed68752cc52,0,1,0,0.7776519656181335,0.22234804928302765
PETS_CREDIT_low_eff_su2_r1_d6_b02__none,none,memgq_lattice_sticky,cab8e2ac7eeaf27d3d2c,0,0,0,0.7161661982536316,0.283833771944046
PETS_CREDIT_low_eff_su2_r1_d6_b02__none,none,memgq_lattice_sticky,d1db35b6c9e008df971d,0,0,0,0.7141442894935608,0.2858557403087616
PETS_CREDIT_low_eff_su2_r1_d6_b02__none,none,memgq_lattice_sticky,83d86a08997d81c1643f,0,0,0,0.7270970940589905,0.27290287613868713
