target_id,training_defense,defense,record_id,membership,true_label,predicted_label,probability_0,probability_1
PETS_CREDIT_high_eff_su2_r5_d6_b01__none,none,none,ae429a6a1d645aacb94e,1,0,0,0.9710561037063599,0.028943907469511032
PETS_CREDIT_high_eff_su2_r5_d6_b01__none,none,none,70d271c728323ea28d90,1,0,0,0.845069169998169,0.15493080019950867
PETS_CREDIT_high_eff_su2_r5_d6_b01__none,none,none,434123980ae7f6c38b02,1,0,0,0.9863999485969543,0.013599978759884834
PETS_CREDIT_high_eff_su2_r5_d6_b01__none,none,none,b84ff32b3c14263b0dd5,1,1,1,0.4604373276233673,0.5395626425743103
PETS_CREDIT_high_eff_su2_r5_d6_b01__none,none,none,66fa33821884d4568b02,1,0,0,0.774398922920227,0.22560107707977295
PETS_CREDIT_high_eff_su2_r5_d6_b01__none,none,none,69ef03b5c6f4f7ecef33,1,0,0,0.8760544061660767,0.12394564598798752
PETS_CREDIT_high_eff_su2_r5_d6_b01__none,none,none,c91e3b5a028c06ad1f92,1,0,0,0.9399945735931396,0.06000542268157005
PETS_CREDIT_high_eff_su2_r5_d6_b01__none,none,none,272c38b1ecd099be7890,1,0,0,0.9062744975090027,0.09372550249099731
PETS_CREDIT_high_eff_su2_r5_d6_b01__none,none,none,192395141a760795b97a,1,0,0,0.8794348835945129,0.12056516855955124
PETS_CREDIT_high_eff_su2_r5_d6_b01__none,none,none,ebaf9b6eb6ecde9fb27d,1,0,0,0.7177830338478088,0.28221702575683594
PETS_CREDIT_high_eff_su2_r5_d6_b01__none,none,none,eaab06e0e9770f0cb322,1,0,0,0.7443723082542419,0.25562775135040283
PETS_CREDIT_high_eff_su2_r5_d6_b01__none,none,none,09c28941e61886717e09,1,0,0,0.9376682639122009,0.06233178451657295
PETS_CREDIT_high_eff_su2_r5_d6_b01__none,none,none,092efc45ab978715a8fa,1,0,0,0.8940843343734741,0.10591571033000946
PETS_CREDIT_high_eff_su2_r5_d6_b01__none,none,none,bf5a9031a45524933e21,1,0,0,0.8840378522872925,0.11596209555864334
PETS_CREDIT_high_eff_su2_r5_d6_b01__none,none,none,e8613e68d8ca2ea9e7fd,1,0,0,0.9236234426498413,0.07637656480073929
PETS_CREDIT_high_eff_su2_r5_d6_b01__none,none,none,d606f1831b9734bb90e1,1,0,0,0.9518850445747375,0.04811493307352066
PETS_CREDIT_high_eff_su2_r5_d6_b01__none,none,none,ac5f40db5db91c18a83b,1,1,1,0.26649466156959534,0.7335054278373718
PETS_CREDIT_high_eff_su2_r5_d6_b01__none,none,none,f97851146238bb9a3754,1,0,0,0.976087749004364,0.023912211880087852
PETS_CREDIT_high_eff_su2_r5_d6_b01__none,none,none,d2c3d34fb102babfa194,1,0,0,0.9151487350463867,0.08485133200883865
PETS_CREDIT_high_eff_su2_r5_d6_b01__none,none,none,81817fc85a01b1cc7dcf,1,0,0,0.9285181760787964,0.07148183882236481
PETS_CREDIT_high_eff_su2_r5_d6_b01__none,none,none,a55e4e1cd3465563efc4,1,0,0,0.9504634737968445,0.04953655228018761
PETS_CREDIT_high_eff_su2_r5_d6_b01__none,none,none,c0daa10532a8487ca803,1,1,0,0.5825865864753723,0.4174134433269501
PETS_CREDIT_high_eff_su2_r5_d6_b01__none,none,none,ab97fae957e08270ffce,1,1,1,0.17895177006721497,0.8210482597351074
PETS_CREDIT_high_eff_su2_r5_d6_b01__none,none,none,0674ce029ebb21d32e38,1,0,0,0.8827120065689087,0.11728796362876892
PETS_CREDIT_high_eff_su2_r5_d6_b01__none,none,none,fbbb0f469e10095b9cc1,1,0,0,0.9360112547874451,0.06398876756429672
PETS_CREDIT_high_eff_su2_r5_d6_b01__none,none,none,bfa7b1aca5d187760a16,1,0,0,0.986950695514679,0.013049344532191753
PETS_CREDIT_high_eff_su2_r5_d6_b01__none,none,none,26b6a5da65cdaeb8e184,1,0,0,0.8651844263076782,0.13481566309928894
PETS_CREDIT_high_eff_su2_r5_d6_b01__none,none,none,22730a71b34176a3ba37,1,0,0,0.9004078507423401,0.09959213435649872
PETS_CREDIT_high_eff_su2_r5_d6_b01__none,none,none,356e520dcf3a6473ffb2,1,0,0,0.6350818872451782,0.364918053150177
PETS_CREDIT_high_eff_su2_r5_d6_b01__none,none,none,e76cce60bc3507d0d7b2,1,0,0,0.9586484432220459,0.04135161265730858
PETS_CREDIT_high_eff_su2_r5_d6_b01__none,none,none,5584930e99aa4007d628,1,0,0,0.7722715735435486,0.22772854566574097
PETS_CREDIT_high_eff_su2_r5_d6_b01__none,none,none,7c7fe88dcec806be29da,1,0,0,0.8941419720649719,0.10585807263851166
PETS_CREDIT_high_eff_su2_r5_d6_b01__none,none,none,9eb158e3cbe5bc901e26,1,1,1,0.3665584623813629,0.6334415674209595
PETS_CREDIT_high_eff_su2_r5_d6_b01__none,none,none,4e545ca4791d65f44351,1,0,0,0.9340513944625854,0.06594866514205933
PETS_CREDIT_high_eff_su2_r5_d6_b01__none,none,none,7105743f10682ac4a1cc,1,0,0,0.9526556730270386,0.04734426364302635
PETS_CREDIT_high_eff_su2_r5_d6_b01__none,none,none,25282b20e9c64236ec4d,1,1,0,0.6815035343170166,0.3184964954853058
PETS_CREDIT_high_eff_su2_r5_d6_b01__none,none,none,5688d9df8bbfc61d89e9,1,1,0,0.8655529022216797,0.1344471126794815
PETS_CREDIT_high_eff_su2_r5_d6_b01__none,none,none,8f95586c1c6fb3f2a750,1,1,0,0.570407509803772,0.4295925796031952
PETS_CREDIT_high_eff_su2_r5_d6_b01__none,none,none,6c0e663b6848864dc914,1,0,0,0.5718973875045776,0.4281025826931
PETS_CREDIT_high_eff_su2_r5_d6_b01__none,none,none,07d4d260e30d7cf5b71f,1,0,0,0.8935938477516174,0.10640624910593033
PETS_CREDIT_high_eff_su2_r5_d6_b01__none,none,none,5cb75d859aa2d3df94b0,1,0,0,0.8013683557510376,0.19863170385360718
PETS_CREDIT_high_eff_su2_r5_d6_b01__none,none,none,c536d8f2ff559c7756e7,1,0,0,0.9106423854827881,0.08935766667127609
PETS_CREDIT_high_eff_su2_r5_d6_b01__none,none,none,d8e3c3c718aea110b2d9,1,0,0,0.8976484537124634,0.10235151648521423
PETS_CREDIT_high_eff_su2_r5_d6_b01__none,none,none,7311863aa70952806ffc,1,0,0,0.893222451210022,0.10677763819694519
PETS_CREDIT_high_eff_su2_r5_d6_b01__none,none,none,0ffd3e39286157b02ad4,1,1,0,0.8522887229919434,0.14771124720573425
PETS_CREDIT_high_eff_su2_r5_d6_b01__none,none,none,dfc3621c683cc1e703cf,1,1,1,0.4537290036678314,0.546271026134491
PETS_CREDIT_high_eff_su2_r5_d6_b01__none,none,none,f073d35785cf76f1409c,1,1,0,0.8180432319641113,0.18195673823356628
PETS_CREDIT_high_eff_su2_r5_d6_b01__none,none,none,7673e8a0f0b037cc51e5,1,0,0,0.8539432883262634,0.14605668187141418
PETS_CREDIT_high_eff_su2_r5_d6_b01__none,none,none,ce8a11f272895da8cd7f,1,0,0,0.9782297015190125,0.02177027054131031
PETS_CREDIT_high_eff_su2_r5_d6_b01__none,none,none,b0f47ae4b56b3aa4d111,1,0,0,0.979871392250061,0.02012861706316471
PETS_CREDIT_high_eff_su2_r5_d6_b01__none,none,none,49b15e9ec4784be42cd2,1,0,0,0.8044541478157043,0.19554583728313446
PETS_CREDIT_high_eff_su2_r5_d6_b01__none,none,none,a62d80fa1349c54517ce,1,1,0,0.5985420942306519,0.4014579653739929
PETS_CREDIT_high_eff_su2_r5_d6_b01__none,none,none,f3ca91dd8e5aba8d83d9,1,0,0,0.8467069268226624,0.1532931625843048
PETS_CREDIT_high_eff_su2_r5_d6_b01__none,none,none,196d92dfff0523a23237,1,1,0,0.5705623030662537,0.42943769693374634
PETS_CREDIT_high_eff_su2_r5_d6_b01__none,none,none,c9e5785745f04cec0d37,1,0,0,0.9486004114151001,0.05139956623315811
PETS_CREDIT_high_eff_su2_r5_d6_b01__none,none,none,a5628044ec0880a52490,1,0,0,0.8983297944068909,0.10167022794485092
PETS_CREDIT_high_eff_su2_r5_d6_b01__none,none,none,d9170d275d5e05922e82,1,0,0,0.86695796251297,0.1330420821905136
PETS_CREDIT_high_eff_su2_r5_d6_b01__none,none,none,988a4b4dcb53bafffb01,1,0,0,0.7831431031227112,0.21685698628425598
PETS_CREDIT_high_eff_su2_r5_d6_b01__none,none,none,52f455fd245c9327442c,1,0,0,0.9455622434616089,0.0544377863407135
PETS_CREDIT_high_eff_su2_r5_d6_b01__none,none,none,418dd0dffa2f4aacf5a8,1,0,0,0.8089702725410461,0.19102974236011505
PETS_CREDIT_high_eff_su2_r5_d6_b01__none,none,none,c053f623dd8f2bfb7915,1,1,1,0.47735270857810974,0.5226472020149231
PETS_CREDIT_high_eff_su2_r5_d6_b01__none,none,none,f35a2648fd72f049ecda,1,1,1,0.250515878200531,0.749484121799469
PETS_CREDIT_high_eff_su2_r5_d6_b01__none,none,none,0a09121dee0e5db09dfe,1,1,0,0.7975929379463196,0.2024070918560028
PETS_CREDIT_high_eff_su2_r5_d6_b01__none,none,none,bf465d63c434358f77e4,1,0,0,0.8851343393325806,0.11486572027206421
PETS_CREDIT_high_eff_su2_r5_d6_b01__none,none,none,6ea2a519a69c09016323,1,0,0,0.8853005170822144,0.11469954997301102
PETS_CREDIT_high_eff_su2_r5_d6_b01__none,none,none,2379dd478643b9cc0bc1,1,0,0,0.9702004790306091,0.029799627140164375
PETS_CREDIT_high_eff_su2_r5_d6_b01__none,none,none,c75c31af2389cc3a594f,1,0,0,0.7204300761222839,0.2795700132846832
PETS_CREDIT_high_eff_su2_r5_d6_b01__none,none,none,619b46d6086e6aad3d84,1,0,0,0.9853137731552124,0.014686240814626217
PETS_CREDIT_high_eff_su2_r5_d6_b01__none,none,none,347bd04364dce3c5342e,1,0,0,0.6971400380134583,0.3028598725795746
PETS_CREDIT_high_eff_su2_r5_d6_b01__none,none,none,4aa64c627cb9b82d7f42,1,1,0,0.7079957127571106,0.2920043468475342
PETS_CREDIT_high_eff_su2_r5_d6_b01__none,none,none,932ae6d0f203c398e4b5,1,0,1,0.4932112693786621,0.5067887306213379
PETS_CREDIT_high_eff_su2_r5_d6_b01__none,none,none,aaff47c50ec280d97eda,1,0,0,0.9386206269264221,0.06137937679886818
PETS_CREDIT_high_eff_su2_r5_d6_b01__none,none,none,7be2869c238aa35d440a,1,1,0,0.709528386592865,0.29047155380249023
PETS_CREDIT_high_eff_su2_r5_d6_b01__none,none,none,bacc1c25b75ae0e1b780,1,0,0,0.9954080581665039,0.004591936711221933
PETS_CREDIT_high_eff_su2_r5_d6_b01__none,none,none,9fc5fbe55717fe6862a4,1,0,0,0.5852974653244019,0.4147025942802429
PETS_CREDIT_high_eff_su2_r5_d6_b01__none,none,none,00405a37dd709b2d51a8,1,0,0,0.9617049694061279,0.03829503059387207
PETS_CREDIT_high_eff_su2_r5_d6_b01__none,none,none,01e7168ae2a624ff9916,1,1,1,0.2121007889509201,0.7878992557525635
PETS_CREDIT_high_eff_su2_r5_d6_b01__none,none,none,c8a7bd1cd35ba1e89b80,1,0,0,0.8535602688789368,0.14643968641757965
PETS_CREDIT_high_eff_su2_r5_d6_b01__none,none,none,877b93e6aa8797d2cd0b,1,0,0,0.9187067747116089,0.08129324018955231
PETS_CREDIT_high_eff_su2_r5_d6_b01__none,none,none,6dcf5bf2e9c47f5b5091,1,0,0,0.8869314193725586,0.113068588078022
PETS_CREDIT_high_eff_su2_r5_d6_b01__none,none,none,c50e57ca37a497df3a13,1,0,0,0.8733653426170349,0.12663467228412628
PETS_CREDIT_high_eff_su2_r5_d6_b01__none,none,none,39c00d7f6c47885c6fc2,1,1,0,0.5529090762138367,0.44709089398384094
PETS_CREDIT_high_eff_su2_r5_d6_b01__none,none,none,e3e282f64bed70282149,1,0,0,0.8649402260780334,0.13505978882312775
PETS_CREDIT_high_eff_su2_r5_d6_b01__none,none,none,5383d08662564ec7ab0d,1,0,0,0.8675150871276855,0.13248491287231445
PETS_CREDIT_high_eff_su2_r5_d6_b01__none,none,none,e030c0aa4ae0f1011f2f,1,0,0,0.7650545835494995,0.23494543135166168
PETS_CREDIT_high_eff_su2_r5_d6_b01__none,none,none,1819fe5c399a17316fee,1,0,0,0.9568963646888733,0.04310360923409462
PETS_CREDIT_high_eff_su2_r5_d6_b01__none,none,none,d75c3e52dbcaf5a5ec2a,1,0,0,0.74222332239151,0.25777667760849
PETS_CREDIT_high_eff_su2_r5_d6_b01__none,none,none,a1b01a469dc7802f51d3,1,0,0,0.7456189393997192,0.254381000995636
PETS_CREDIT_high_eff_su2_r5_d6_b01__none,none,none,a9752ae3047aff503fb3,1,1,0,0.8528107404708862,0.14718922972679138
PETS_CREDIT_high_eff_su2_r5_d6_b01__none,none,none,85bbf6f61dd23b95b6e7,1,0,0,0.8644659519195557,0.13553404808044434
PETS_CREDIT_high_eff_su2_r5_d6_b01__none,none,none,1313972ddf1c6e9eb2c9,1,0,0,0.5877159833908081,0.4122840166091919
PETS_CREDIT_high_eff_su2_r5_d6_b01__none,none,none,ab00e756b29c98fd6674,1,0,0,0.530536949634552,0.469463050365448
PETS_CREDIT_high_eff_su2_r5_d6_b01__none,none,none,4b8fbfef25d81e60d4a6,1,0,0,0.9630686640739441,0.03693137317895889
PETS_CREDIT_high_eff_su2_r5_d6_b01__none,none,none,e0b33cacbadcac9f3d26,1,1,1,0.4572950601577759,0.5427049398422241
PETS_CREDIT_high_eff_su2_r5_d6_b01__none,none,none,f05df67fe5ac7ed38643,1,0,0,0.9577685594558716,0.04223141819238663
PETS_CREDIT_high_eff_su2_r5_d6_b01__none,none,none,5f9c02f5ec03a28e4f53,1,0,0,0.8776410222053528,0.12235896289348602
PETS_CREDIT_high_eff_su2_r5_d6_b01__none,none,none,c2f9d20d5b53c00ef5f4,1,0,0,0.9119256734848022,0.08807440847158432
PETS_CREDIT_high_eff_su2_r5_d6_b01__none,none,none,cec5a851be4f6e7c0887,1,0,0,0.9270286560058594,0.0729714184999466
PETS_CREDIT_high_eff_su2_r5_d6_b01__none,none,none,402e2e33d278085f817f,1,0,0,0.9246785044670105,0.07532151788473129
PETS_CREDIT_high_eff_su2_r5_d6_b01__none,none,none,4df4658f2eb41564da87,1,0,0,0.8727012872695923,0.12729869782924652
PETS_CREDIT_high_eff_su2_r5_d6_b01__none,none,none,b2afd8ac93139c6436ca,0,1,0,0.8695310950279236,0.13046890497207642
PETS_CREDIT_high_eff_su2_r5_d6_b01__none,none,none,6a05ad28a1fdde9b37a0,0,0,0,0.9753931760787964,0.024606799706816673
PETS_CREDIT_high_eff_su2_r5_d6_b01__none,none,none,f2ee369cdc3625e84402,0,1,0,0.6838463544845581,0.3161536753177643
PETS_CREDIT_high_eff_su2_r5_d6_b01__none,none,none,ed23b85566b3c29eb402,0,0,0,0.7959980368614197,0.20400197803974152
PETS_CREDIT_high_eff_su2_r5_d6_b01__none,none,none,952fc09bd28a9501f067,0,0,0,0.6379590630531311,0.3620408773422241
PETS_CREDIT_high_eff_su2_r5_d6_b01__none,none,none,2482d33087029d45a132,0,0,0,0.5266318917274475,0.4733681380748749
PETS_CREDIT_high_eff_su2_r5_d6_b01__none,none,none,77bd1f5032833eb7273a,0,0,0,0.5480789542198181,0.45192113518714905
PETS_CREDIT_high_eff_su2_r5_d6_b01__none,none,none,10857fff110d97bd3529,0,1,1,0.22945673763751984,0.7705432176589966
PETS_CREDIT_high_eff_su2_r5_d6_b01__none,none,none,6d9336fba414d9de6ac7,0,0,1,0.19788433611392975,0.8021156787872314
PETS_CREDIT_high_eff_su2_r5_d6_b01__none,none,none,d6c8d45da14422740d61,0,0,0,0.8248286843299866,0.17517124116420746
PETS_CREDIT_high_eff_su2_r5_d6_b01__none,none,none,59023d919d8b02411eba,0,0,0,0.7207236289978027,0.2792763411998749
PETS_CREDIT_high_eff_su2_r5_d6_b01__none,none,none,b879cfcb02d4d81aeba4,0,0,0,0.8660832047462463,0.13391685485839844
PETS_CREDIT_high_eff_su2_r5_d6_b01__none,none,none,3b2a390113c4d06485dc,0,0,0,0.7576736211776733,0.24232642352581024
PETS_CREDIT_high_eff_su2_r5_d6_b01__none,none,none,8571d45bb39f427604ed,0,0,0,0.9740321636199951,0.025967935100197792
PETS_CREDIT_high_eff_su2_r5_d6_b01__none,none,none,361e8f44b1d1611bef7b,0,1,0,0.8487617373466492,0.1512383371591568
PETS_CREDIT_high_eff_su2_r5_d6_b01__none,none,none,d7e4461c953d3771c6a7,0,0,0,0.946817934513092,0.053182050585746765
PETS_CREDIT_high_eff_su2_r5_d6_b01__none,none,none,ec68553efb16cb1101b4,0,0,0,0.5381329655647278,0.4618670344352722
PETS_CREDIT_high_eff_su2_r5_d6_b01__none,none,none,dabd46f07ecd327df2fa,0,0,0,0.8426997661590576,0.1573001891374588
PETS_CREDIT_high_eff_su2_r5_d6_b01__none,none,none,24ddc25e1ea6b7792cd0,0,0,0,0.9216786623001099,0.07832129299640656
PETS_CREDIT_high_eff_su2_r5_d6_b01__none,none,none,fa88e107f343c7d476d5,0,0,0,0.6658339500427246,0.3341659605503082
PETS_CREDIT_high_eff_su2_r5_d6_b01__none,none,none,640d06e42b5ea011ade8,0,0,1,0.260940283536911,0.7390596866607666
PETS_CREDIT_high_eff_su2_r5_d6_b01__none,none,none,a36d92b052080609dee1,0,0,0,0.8610117435455322,0.13898824155330658
PETS_CREDIT_high_eff_su2_r5_d6_b01__none,none,none,5a9fcf838ed30a3aac42,0,1,0,0.6290159225463867,0.37098413705825806
PETS_CREDIT_high_eff_su2_r5_d6_b01__none,none,none,cb1682c8107d45afcade,0,0,0,0.8809508085250854,0.11904919892549515
PETS_CREDIT_high_eff_su2_r5_d6_b01__none,none,none,9f0ccb4eb0a2a0319524,0,1,0,0.825125515460968,0.17487452924251556
PETS_CREDIT_high_eff_su2_r5_d6_b01__none,none,none,51a20249bac3fb051d8a,0,0,0,0.9021363854408264,0.09786362200975418
PETS_CREDIT_high_eff_su2_r5_d6_b01__none,none,none,3b9ae330b918d841d986,0,0,0,0.6336562633514404,0.3663436770439148
PETS_CREDIT_high_eff_su2_r5_d6_b01__none,none,none,d3f4ebd9602fecf775a2,0,0,0,0.9121252298355103,0.08787482976913452
PETS_CREDIT_high_eff_su2_r5_d6_b01__none,none,none,6aa234f97819dd051df4,0,1,0,0.667975902557373,0.33202412724494934
PETS_CREDIT_high_eff_su2_r5_d6_b01__none,none,none,6146ee4e50398bd2590b,0,0,0,0.517442524433136,0.4825575649738312
PETS_CREDIT_high_eff_su2_r5_d6_b01__none,none,none,fa640d7805f9d82a715b,0,1,1,0.4922545552253723,0.5077454447746277
PETS_CREDIT_high_eff_su2_r5_d6_b01__none,none,none,952bdb913d2d4c348219,0,0,0,0.9501121044158936,0.04988793656229973
PETS_CREDIT_high_eff_su2_r5_d6_b01__none,none,none,23fa7db2ef3f6def0edb,0,0,0,0.8882060050964355,0.11179406940937042
PETS_CREDIT_high_eff_su2_r5_d6_b01__none,none,none,6b7219cfa53e1ae4e686,0,0,0,0.7185801863670349,0.2814198434352875
PETS_CREDIT_high_eff_su2_r5_d6_b01__none,none,none,aced89ae11db5855474b,0,0,0,0.9150770306587219,0.08492297679185867
PETS_CREDIT_high_eff_su2_r5_d6_b01__none,none,none,ca9d19862c77009f5491,0,0,0,0.7880042791366577,0.2119956761598587
PETS_CREDIT_high_eff_su2_r5_d6_b01__none,none,none,4d1823ffdb815ae6ecb7,0,0,0,0.9200949668884277,0.07990504801273346
PETS_CREDIT_high_eff_su2_r5_d6_b01__none,none,none,f28c583d896798880d4b,0,1,1,0.4570797085762024,0.5429202914237976
PETS_CREDIT_high_eff_su2_r5_d6_b01__none,none,none,6bb99c2791ed089335c3,0,0,0,0.8718428015708923,0.12815719842910767
PETS_CREDIT_high_eff_su2_r5_d6_b01__none,none,none,cb3611b4495a37479ca8,0,0,0,0.6632562279701233,0.3367438018321991
PETS_CREDIT_high_eff_su2_r5_d6_b01__none,none,none,e935e8aae78e46bb055f,0,0,0,0.7769024968147278,0.22309757769107819
PETS_CREDIT_high_eff_su2_r5_d6_b01__none,none,none,a3ca0fb9a2bb66673aca,0,0,0,0.9902008175849915,0.009799210354685783
PETS_CREDIT_high_eff_su2_r5_d6_b01__none,none,none,ea462e2d261554f47693,0,0,0,0.8840586543083191,0.1159413605928421
PETS_CREDIT_high_eff_su2_r5_d6_b01__none,none,none,89f33d9f24d34571b521,0,0,0,0.9198566675186157,0.08014331012964249
PETS_CREDIT_high_eff_su2_r5_d6_b01__none,none,none,9cb0a075ed3b1940a582,0,0,1,0.4177513122558594,0.5822486281394958
PETS_CREDIT_high_eff_su2_r5_d6_b01__none,none,none,e0ac38996eb0bdc23a98,0,0,0,0.9366385340690613,0.06336138397455215
PETS_CREDIT_high_eff_su2_r5_d6_b01__none,none,none,8e8cdc6e5cd89c5db921,0,1,0,0.7986342906951904,0.20136576890945435
PETS_CREDIT_high_eff_su2_r5_d6_b01__none,none,none,3600cc2df2f41f06dd9f,0,0,0,0.9776273965835571,0.02237258292734623
PETS_CREDIT_high_eff_su2_r5_d6_b01__none,none,none,62b1f018472ab0cad11c,0,1,1,0.2067951261997223,0.7932049036026001
PETS_CREDIT_high_eff_su2_r5_d6_b01__none,none,none,69bf508473b2bb6fabc5,0,0,0,0.9010490775108337,0.09895096719264984
PETS_CREDIT_high_eff_su2_r5_d6_b01__none,none,none,f1c0204d151bcd56dd44,0,0,0,0.8960386514663696,0.10396135598421097
PETS_CREDIT_high_eff_su2_r5_d6_b01__none,none,none,afae12f9bd1a7c209ed4,0,0,1,0.4864223897457123,0.5135776996612549
PETS_CREDIT_high_eff_su2_r5_d6_b01__none,none,none,12bf473aaa3440c8b5ff,0,1,1,0.18000300228595734,0.8199970126152039
PETS_CREDIT_high_eff_su2_r5_d6_b01__none,none,none,2c42554fc21e34e31618,0,0,0,0.8776533603668213,0.12234661728143692
PETS_CREDIT_high_eff_su2_r5_d6_b01__none,none,none,eeb7e3f1ff005ef7d74d,0,0,0,0.9591570496559143,0.040842924267053604
PETS_CREDIT_high_eff_su2_r5_d6_b01__none,none,none,b70a187f814bb3f6b896,0,0,0,0.5231065154075623,0.47689345479011536
PETS_CREDIT_high_eff_su2_r5_d6_b01__none,none,none,69963fd40681d7eb779e,0,1,0,0.9348679780960083,0.06513196229934692
PETS_CREDIT_high_eff_su2_r5_d6_b01__none,none,none,706df103f86b667d27c8,0,0,0,0.8906062841415405,0.10939376056194305
PETS_CREDIT_high_eff_su2_r5_d6_b01__none,none,none,6c189be9b000597df02b,0,0,0,0.9030321836471558,0.09696783870458603
PETS_CREDIT_high_eff_su2_r5_d6_b01__none,none,none,23c9aff9c3cb7e74418f,0,0,0,0.9570450782775879,0.04295498505234718
PETS_CREDIT_high_eff_su2_r5_d6_b01__none,none,none,9e00c9a73f8502e1beb6,0,0,0,0.8844008445739746,0.11559915542602539
PETS_CREDIT_high_eff_su2_r5_d6_b01__none,none,none,e64f4ae98dbe9cbf0e78,0,0,0,0.7829890847206116,0.21701085567474365
PETS_CREDIT_high_eff_su2_r5_d6_b01__none,none,none,da9134b43c13f8ea3eaf,0,1,0,0.5828079581260681,0.4171920418739319
PETS_CREDIT_high_eff_su2_r5_d6_b01__none,none,none,faaca9baf33f8afbd931,0,1,0,0.5598131418228149,0.44018685817718506
PETS_CREDIT_high_eff_su2_r5_d6_b01__none,none,none,07849266aa8f190a63f2,0,1,0,0.6889020204544067,0.31109800934791565
PETS_CREDIT_high_eff_su2_r5_d6_b01__none,none,none,9806bdd560ccf88a9b56,0,0,1,0.4939555525779724,0.5060444474220276
PETS_CREDIT_high_eff_su2_r5_d6_b01__none,none,none,a524ab5db22ecc35929f,0,0,0,0.9233211874961853,0.0766787976026535
PETS_CREDIT_high_eff_su2_r5_d6_b01__none,none,none,5d3f74cb6c8c84f1c7a9,0,1,1,0.18181449174880981,0.8181855082511902
PETS_CREDIT_high_eff_su2_r5_d6_b01__none,none,none,71e1a80803ef248649c3,0,1,0,0.6809403896331787,0.31905966997146606
PETS_CREDIT_high_eff_su2_r5_d6_b01__none,none,none,49e93fd29796be2e21ed,0,1,1,0.4180988371372223,0.5819011926651001
PETS_CREDIT_high_eff_su2_r5_d6_b01__none,none,none,128796eb2bd785357a42,0,1,0,0.7468792200088501,0.2531208395957947
PETS_CREDIT_high_eff_su2_r5_d6_b01__none,none,none,2478313b949e4a19fec5,0,0,0,0.9296644926071167,0.07033547013998032
PETS_CREDIT_high_eff_su2_r5_d6_b01__none,none,none,1de5fd2a3f26ba72a9c1,0,0,0,0.6551478505134583,0.3448522090911865
PETS_CREDIT_high_eff_su2_r5_d6_b01__none,none,none,b6a7132e5db71a8c2b53,0,0,0,0.7173211574554443,0.28267887234687805
PETS_CREDIT_high_eff_su2_r5_d6_b01__none,none,none,cca86135655a3f3f0727,0,0,0,0.8518569469451904,0.14814302325248718
PETS_CREDIT_high_eff_su2_r5_d6_b01__none,none,none,05cfc0ff414af47c03a5,0,0,0,0.5246617197990417,0.47533825039863586
PETS_CREDIT_high_eff_su2_r5_d6_b01__none,none,none,86ae722f0d37f010ada6,0,0,0,0.9421825408935547,0.057817451655864716
PETS_CREDIT_high_eff_su2_r5_d6_b01__none,none,none,be9bfaf596c94c10a528,0,0,0,0.8567562699317932,0.1432437300682068
PETS_CREDIT_high_eff_su2_r5_d6_b01__none,none,none,e60d07bd2196508fe656,0,0,0,0.693609893321991,0.30639010667800903
PETS_CREDIT_high_eff_su2_r5_d6_b01__none,none,none,38b74132b04f4f54702c,0,1,1,0.4366447925567627,0.5633552670478821
PETS_CREDIT_high_eff_su2_r5_d6_b01__none,none,none,34cd383be85fcb382ea6,0,0,0,0.8006110191345215,0.19938898086547852
PETS_CREDIT_high_eff_su2_r5_d6_b01__none,none,none,5f861fea617a3ee7da16,0,0,0,0.6868348121643066,0.31316521763801575
PETS_CREDIT_high_eff_su2_r5_d6_b01__none,none,none,c026d0cfa5b1e35d07fe,0,1,1,0.3114856779575348,0.6885143518447876
PETS_CREDIT_high_eff_su2_r5_d6_b01__none,none,none,9d22795430fd2e16c8dc,0,1,1,0.4840846359729767,0.5159153938293457
PETS_CREDIT_high_eff_su2_r5_d6_b01__none,none,none,5c7d8f33e88909bece76,0,0,0,0.71425861120224,0.28574138879776
PETS_CREDIT_high_eff_su2_r5_d6_b01__none,none,none,7cca6a89daa8ec654b93,0,0,0,0.9444902539253235,0.0555097833275795
PETS_CREDIT_high_eff_su2_r5_d6_b01__none,none,none,69d9f267431b625e3ab6,0,1,0,0.8669437170028687,0.13305629789829254
PETS_CREDIT_high_eff_su2_r5_d6_b01__none,none,none,c684bddcfbca03359777,0,1,0,0.6424201130867004,0.35757994651794434
PETS_CREDIT_high_eff_su2_r5_d6_b01__none,none,none,d186b88534c1a687d1fd,0,0,0,0.930671751499176,0.0693281963467598
PETS_CREDIT_high_eff_su2_r5_d6_b01__none,none,none,bd462eab4ac062244f72,0,0,0,0.9498750567436218,0.05012493208050728
PETS_CREDIT_high_eff_su2_r5_d6_b01__none,none,none,f8230eeb11ce4504ac0d,0,0,0,0.9761160612106323,0.02388387732207775
PETS_CREDIT_high_eff_su2_r5_d6_b01__none,none,none,5a2759bc40afd8b67be0,0,0,1,0.47309863567352295,0.526901364326477
PETS_CREDIT_high_eff_su2_r5_d6_b01__none,none,none,5c05a4c2ad473664e305,0,0,0,0.8292365670204163,0.17076344788074493
PETS_CREDIT_high_eff_su2_r5_d6_b01__none,none,none,454401dbf09cdd915140,0,0,0,0.6882811188697815,0.3117189407348633
PETS_CREDIT_high_eff_su2_r5_d6_b01__none,none,none,22b00e614fc8c9d5c74f,0,0,0,0.9098320603370667,0.09016797691583633
PETS_CREDIT_high_eff_su2_r5_d6_b01__none,none,none,33f0b58e500322fafc02,0,0,0,0.6328208446502686,0.3671792447566986
PETS_CREDIT_high_eff_su2_r5_d6_b01__none,none,none,16f7e23f7aabcd74a31a,0,0,0,0.8136192560195923,0.18638069927692413
PETS_CREDIT_high_eff_su2_r5_d6_b01__none,none,none,e9aa13f77c0f352b0b1d,0,1,1,0.34126725792884827,0.6587327718734741
PETS_CREDIT_high_eff_su2_r5_d6_b01__none,none,none,0f6b78a3676f704d8ccb,0,1,0,0.6812417507171631,0.3187582790851593
PETS_CREDIT_high_eff_su2_r5_d6_b01__none,none,none,554005cca9a020862607,0,0,0,0.9422577619552612,0.057742223143577576
PETS_CREDIT_high_eff_su2_r5_d6_b01__none,none,dynanoise,ae429a6a1d645aacb94e,1,0,0,0.6027256846427917,0.39727434515953064
PETS_CREDIT_high_eff_su2_r5_d6_b01__none,none,dynanoise,70d271c728323ea28d90,1,0,0,0.5529084205627441,0.44709163904190063
PETS_CREDIT_high_eff_su2_r5_d6_b01__none,none,dynanoise,434123980ae7f6c38b02,1,0,0,0.641520082950592,0.35847988724708557
PETS_CREDIT_high_eff_su2_r5_d6_b01__none,none,dynanoise,b84ff32b3c14263b0dd5,1,1,1,0.46527090668678284,0.5347291231155396
PETS_CREDIT_high_eff_su2_r5_d6_b01__none,none,dynanoise,66fa33821884d4568b02,1,0,1,0.47041988372802734,0.5295801162719727
PETS_CREDIT_high_eff_su2_r5_d6_b01__none,none,dynanoise,69ef03b5c6f4f7ecef33,1,0,0,0.5432389378547668,0.45676106214523315
PETS_CREDIT_high_eff_su2_r5_d6_b01__none,none,dynanoise,c91e3b5a028c06ad1f92,1,0,0,0.5831303596496582,0.4168696403503418
PETS_CREDIT_high_eff_su2_r5_d6_b01__none,none,dynanoise,272c38b1ecd099be7890,1,0,0,0.5278542041778564,0.47214579582214355
PETS_CREDIT_high_eff_su2_r5_d6_b01__none,none,dynanoise,192395141a760795b97a,1,0,0,0.5502260327339172,0.44977399706840515
PETS_CREDIT_high_eff_su2_r5_d6_b01__none,none,dynanoise,ebaf9b6eb6ecde9fb27d,1,0,0,0.5270822644233704,0.47291770577430725
PETS_CREDIT_high_eff_su2_r5_d6_b01__none,none,dynanoise,eaab06e0e9770f0cb322,1,0,0,0.5417038798332214,0.45829612016677856
PETS_CREDIT_high_eff_su2_r5_d6_b01__none,none,dynanoise,09c28941e61886717e09,1,0,0,0.5501306056976318,0.44986945390701294
PETS_CREDIT_high_eff_su2_r5_d6_b01__none,none,dynanoise,092efc45ab978715a8fa,1,0,0,0.5882049798965454,0.411795049905777
PETS_CREDIT_high_eff_su2_r5_d6_b01__none,none,dynanoise,bf5a9031a45524933e21,1,0,0,0.5142144560813904,0.48578551411628723
PETS_CREDIT_high_eff_su2_r5_d6_b01__none,none,dynanoise,e8613e68d8ca2ea9e7fd,1,0,0,0.5441933870315552,0.45580658316612244
PETS_CREDIT_high_eff_su2_r5_d6_b01__none,none,dynanoise,d606f1831b9734bb90e1,1,0,0,0.5735329985618591,0.4264669716358185
PETS_CREDIT_high_eff_su2_r5_d6_b01__none,none,dynanoise,ac5f40db5db91c18a83b,1,1,0,0.5020779371261597,0.4979220926761627
PETS_CREDIT_high_eff_su2_r5_d6_b01__none,none,dynanoise,f97851146238bb9a3754,1,0,0,0.6017687320709229,0.39823129773139954
PETS_CREDIT_high_eff_su2_r5_d6_b01__none,none,dynanoise,d2c3d34fb102babfa194,1,0,0,0.5044174790382385,0.49558255076408386
PETS_CREDIT_high_eff_su2_r5_d6_b01__none,none,dynanoise,81817fc85a01b1cc7dcf,1,0,0,0.582238495349884,0.4177614748477936
PETS_CREDIT_high_eff_su2_r5_d6_b01__none,none,dynanoise,a55e4e1cd3465563efc4,1,0,0,0.5545192956924438,0.44548067450523376
PETS_CREDIT_high_eff_su2_r5_d6_b01__none,none,dynanoise,c0daa10532a8487ca803,1,1,1,0.4712280035018921,0.5287719964981079
PETS_CREDIT_high_eff_su2_r5_d6_b01__none,none,dynanoise,ab97fae957e08270ffce,1,1,1,0.4748843312263489,0.5251156687736511
PETS_CREDIT_high_eff_su2_r5_d6_b01__none,none,dynanoise,0674ce029ebb21d32e38,1,0,0,0.5356644988059998,0.46433547139167786
PETS_CREDIT_high_eff_su2_r5_d6_b01__none,none,dynanoise,fbbb0f469e10095b9cc1,1,0,0,0.5052779912948608,0.4947219789028168
PETS_CREDIT_high_eff_su2_r5_d6_b01__none,none,dynanoise,bfa7b1aca5d187760a16,1,0,0,0.5507171750068665,0.44928285479545593
PETS_CREDIT_high_eff_su2_r5_d6_b01__none,none,dynanoise,26b6a5da65cdaeb8e184,1,0,0,0.5399236083030701,0.4600764214992523
PETS_CREDIT_high_eff_su2_r5_d6_b01__none,none,dynanoise,22730a71b34176a3ba37,1,0,0,0.6052490472793579,0.3947509825229645
PETS_CREDIT_high_eff_su2_r5_d6_b01__none,none,dynanoise,356e520dcf3a6473ffb2,1,0,0,0.5269650220870972,0.47303497791290283
PETS_CREDIT_high_eff_su2_r5_d6_b01__none,none,dynanoise,e76cce60bc3507d0d7b2,1,0,0,0.5723785758018494,0.42762142419815063
PETS_CREDIT_high_eff_su2_r5_d6_b01__none,none,dynanoise,5584930e99aa4007d628,1,0,0,0.510748565196991,0.4892514646053314
PETS_CREDIT_high_eff_su2_r5_d6_b01__none,none,dynanoise,7c7fe88dcec806be29da,1,0,0,0.5267257690429688,0.47327420115470886
PETS_CREDIT_high_eff_su2_r5_d6_b01__none,none,dynanoise,9eb158e3cbe5bc901e26,1,1,0,0.5077201128005981,0.49227988719940186
PETS_CREDIT_high_eff_su2_r5_d6_b01__none,none,dynanoise,4e545ca4791d65f44351,1,0,0,0.5662444233894348,0.4337555468082428
PETS_CREDIT_high_eff_su2_r5_d6_b01__none,none,dynanoise,7105743f10682ac4a1cc,1,0,0,0.5713388323783875,0.42866113781929016
PETS_CREDIT_high_eff_su2_r5_d6_b01__none,none,dynanoise,25282b20e9c64236ec4d,1,1,0,0.5129188895225525,0.4870811402797699
PETS_CREDIT_high_eff_su2_r5_d6_b01__none,none,dynanoise,5688d9df8bbfc61d89e9,1,1,0,0.5443253517150879,0.4556746780872345
PETS_CREDIT_high_eff_su2_r5_d6_b01__none,none,dynanoise,8f95586c1c6fb3f2a750,1,1,1,0.48053932189941406,0.5194606781005859
PETS_CREDIT_high_eff_su2_r5_d6_b01__none,none,dynanoise,6c0e663b6848864dc914,1,0,0,0.5242935419082642,0.4757064878940582
PETS_CREDIT_high_eff_su2_r5_d6_b01__none,none,dynanoise,07d4d260e30d7cf5b71f,1,0,0,0.5779092907905579,0.42209067940711975
PETS_CREDIT_high_eff_su2_r5_d6_b01__none,none,dynanoise,5cb75d859aa2d3df94b0,1,0,0,0.5680331587791443,0.4319668114185333
PETS_CREDIT_high_eff_su2_r5_d6_b01__none,none,dynanoise,c536d8f2ff559c7756e7,1,0,1,0.47309771180152893,0.5269023180007935
PETS_CREDIT_high_eff_su2_r5_d6_b01__none,none,dynanoise,d8e3c3c718aea110b2d9,1,0,0,0.5878486633300781,0.41215136647224426
PETS_CREDIT_high_eff_su2_r5_d6_b01__none,none,dynanoise,7311863aa70952806ffc,1,0,0,0.5248634219169617,0.47513657808303833
PETS_CREDIT_high_eff_su2_r5_d6_b01__none,none,dynanoise,0ffd3e39286157b02ad4,1,1,0,0.595238983631134,0.40476104617118835
PETS_CREDIT_high_eff_su2_r5_d6_b01__none,none,dynanoise,dfc3621c683cc1e703cf,1,1,0,0.5176457166671753,0.4823543429374695
PETS_CREDIT_high_eff_su2_r5_d6_b01__none,none,dynanoise,f073d35785cf76f1409c,1,1,0,0.5221697688102722,0.47783026099205017
PETS_CREDIT_high_eff_su2_r5_d6_b01__none,none,dynanoise,7673e8a0f0b037cc51e5,1,0,0,0.5523920059204102,0.44760799407958984
PETS_CREDIT_high_eff_su2_r5_d6_b01__none,none,dynanoise,ce8a11f272895da8cd7f,1,0,0,0.573183536529541,0.426816463470459
PETS_CREDIT_high_eff_su2_r5_d6_b01__none,none,dynanoise,b0f47ae4b56b3aa4d111,1,0,0,0.6230338215827942,0.3769661784172058
PETS_CREDIT_high_eff_su2_r5_d6_b01__none,none,dynanoise,49b15e9ec4784be42cd2,1,0,0,0.5294431447982788,0.47055691480636597
PETS_CREDIT_high_eff_su2_r5_d6_b01__none,none,dynanoise,a62d80fa1349c54517ce,1,1,0,0.5052251815795898,0.49477481842041016
PETS_CREDIT_high_eff_su2_r5_d6_b01__none,none,dynanoise,f3ca91dd8e5aba8d83d9,1,0,0,0.5545300245285034,0.44547000527381897
PETS_CREDIT_high_eff_su2_r5_d6_b01__none,none,dynanoise,196d92dfff0523a23237,1,1,0,0.5052099227905273,0.49479007720947266
PETS_CREDIT_high_eff_su2_r5_d6_b01__none,none,dynanoise,c9e5785745f04cec0d37,1,0,0,0.5391524434089661,0.4608475863933563
PETS_CREDIT_high_eff_su2_r5_d6_b01__none,none,dynanoise,a5628044ec0880a52490,1,0,0,0.5620989799499512,0.4379010498523712
PETS_CREDIT_high_eff_su2_r5_d6_b01__none,none,dynanoise,d9170d275d5e05922e82,1,0,0,0.5794306397438049,0.42056939005851746
PETS_CREDIT_high_eff_su2_r5_d6_b01__none,none,dynanoise,988a4b4dcb53bafffb01,1,0,0,0.5058082342147827,0.4941917955875397
PETS_CREDIT_high_eff_su2_r5_d6_b01__none,none,dynanoise,52f455fd245c9327442c,1,0,0,0.5622577667236328,0.4377422630786896
PETS_CREDIT_high_eff_su2_r5_d6_b01__none,none,dynanoise,418dd0dffa2f4aacf5a8,1,0,0,0.530358076095581,0.46964192390441895
PETS_CREDIT_high_eff_su2_r5_d6_b01__none,none,dynanoise,c053f623dd8f2bfb7915,1,1,0,0.5105289220809937,0.48947110772132874
PETS_CREDIT_high_eff_su2_r5_d6_b01__none,none,dynanoise,f35a2648fd72f049ecda,1,1,0,0.5059728026390076,0.49402719736099243
PETS_CREDIT_high_eff_su2_r5_d6_b01__none,none,dynanoise,0a09121dee0e5db09dfe,1,1,0,0.5762892961502075,0.4237106740474701
PETS_CREDIT_high_eff_su2_r5_d6_b01__none,none,dynanoise,bf465d63c434358f77e4,1,0,0,0.609125018119812,0.3908750116825104
PETS_CREDIT_high_eff_su2_r5_d6_b01__none,none,dynanoise,6ea2a519a69c09016323,1,0,0,0.5809741616249084,0.41902583837509155
PETS_CREDIT_high_eff_su2_r5_d6_b01__none,none,dynanoise,2379dd478643b9cc0bc1,1,0,0,0.5749052166938782,0.42509475350379944
PETS_CREDIT_high_eff_su2_r5_d6_b01__none,none,dynanoise,c75c31af2389cc3a594f,1,0,0,0.5630440711975098,0.4369559586048126
PETS_CREDIT_high_eff_su2_r5_d6_b01__none,none,dynanoise,619b46d6086e6aad3d84,1,0,0,0.6188815832138062,0.38111838698387146
PETS_CREDIT_high_eff_su2_r5_d6_b01__none,none,dynanoise,347bd04364dce3c5342e,1,0,0,0.5610247254371643,0.4389753043651581
PETS_CREDIT_high_eff_su2_r5_d6_b01__none,none,dynanoise,4aa64c627cb9b82d7f42,1,1,0,0.5165458917617798,0.4834540784358978
PETS_CREDIT_high_eff_su2_r5_d6_b01__none,none,dynanoise,932ae6d0f203c398e4b5,1,0,1,0.4811979830265045,0.5188019871711731
PETS_CREDIT_high_eff_su2_r5_d6_b01__none,none,dynanoise,aaff47c50ec280d97eda,1,0,0,0.5353608727455139,0.4646390974521637
PETS_CREDIT_high_eff_su2_r5_d6_b01__none,none,dynanoise,7be2869c238aa35d440a,1,1,0,0.5611648559570312,0.43883511424064636
PETS_CREDIT_high_eff_su2_r5_d6_b01__none,none,dynanoise,bacc1c25b75ae0e1b780,1,0,0,0.6138971447944641,0.3861028552055359
PETS_CREDIT_high_eff_su2_r5_d6_b01__none,none,dynanoise,9fc5fbe55717fe6862a4,1,0,1,0.48415398597717285,0.5158460140228271
PETS_CREDIT_high_eff_su2_r5_d6_b01__none,none,dynanoise,00405a37dd709b2d51a8,1,0,0,0.5869595408439636,0.41304048895835876
PETS_CREDIT_high_eff_su2_r5_d6_b01__none,none,dynanoise,01e7168ae2a624ff9916,1,1,1,0.49166396260261536,0.508336067199707
PETS_CREDIT_high_eff_su2_r5_d6_b01__none,none,dynanoise,c8a7bd1cd35ba1e89b80,1,0,0,0.5372498631477356,0.462750107049942
PETS_CREDIT_high_eff_su2_r5_d6_b01__none,none,dynanoise,877b93e6aa8797d2cd0b,1,0,0,0.5920188426971436,0.40798118710517883
PETS_CREDIT_high_eff_su2_r5_d6_b01__none,none,dynanoise,6dcf5bf2e9c47f5b5091,1,0,0,0.508267343044281,0.4917326867580414
PETS_CREDIT_high_eff_su2_r5_d6_b01__none,none,dynanoise,c50e57ca37a497df3a13,1,0,0,0.6027596592903137,0.39724037051200867
PETS_CREDIT_high_eff_su2_r5_d6_b01__none,none,dynanoise,39c00d7f6c47885c6fc2,1,1,0,0.5475479364395142,0.45245206356048584
PETS_CREDIT_high_eff_su2_r5_d6_b01__none,none,dynanoise,e3e282f64bed70282149,1,0,0,0.543015718460083,0.4569842517375946
PETS_CREDIT_high_eff_su2_r5_d6_b01__none,none,dynanoise,5383d08662564ec7ab0d,1,0,0,0.5345481038093567,0.4654519259929657
PETS_CREDIT_high_eff_su2_r5_d6_b01__none,none,dynanoise,e030c0aa4ae0f1011f2f,1,0,0,0.5194289088249207,0.48057109117507935
PETS_CREDIT_high_eff_su2_r5_d6_b01__none,none,dynanoise,1819fe5c399a17316fee,1,0,0,0.5606233477592468,0.4393766224384308
PETS_CREDIT_high_eff_su2_r5_d6_b01__none,none,dynanoise,d75c3e52dbcaf5a5ec2a,1,0,0,0.5449560880661011,0.45504388213157654
PETS_CREDIT_high_eff_su2_r5_d6_b01__none,none,dynanoise,a1b01a469dc7802f51d3,1,0,1,0.4979865550994873,0.5020134449005127
PETS_CREDIT_high_eff_su2_r5_d6_b01__none,none,dynanoise,a9752ae3047aff503fb3,1,1,0,0.585889458656311,0.41411057114601135
PETS_CREDIT_high_eff_su2_r5_d6_b01__none,none,dynanoise,85bbf6f61dd23b95b6e7,1,0,0,0.5281180739402771,0.4718819558620453
PETS_CREDIT_high_eff_su2_r5_d6_b01__none,none,dynanoise,1313972ddf1c6e9eb2c9,1,0,0,0.5260476469993591,0.47395238280296326
PETS_CREDIT_high_eff_su2_r5_d6_b01__none,none,dynanoise,ab00e756b29c98fd6674,1,0,1,0.472695529460907,0.527304470539093
PETS_CREDIT_high_eff_su2_r5_d6_b01__none,none,dynanoise,4b8fbfef25d81e60d4a6,1,0,0,0.5887762308120728,0.41122373938560486
PETS_CREDIT_high_eff_su2_r5_d6_b01__none,none,dynanoise,e0b33cacbadcac9f3d26,1,1,0,0.5097603797912598,0.49023959040641785
PETS_CREDIT_high_eff_su2_r5_d6_b01__none,none,dynanoise,f05df67fe5ac7ed38643,1,0,0,0.570423424243927,0.4295765459537506
PETS_CREDIT_high_eff_su2_r5_d6_b01__none,none,dynanoise,5f9c02f5ec03a28e4f53,1,0,1,0.4864562153816223,0.5135437846183777
PETS_CREDIT_high_eff_su2_r5_d6_b01__none,none,dynanoise,c2f9d20d5b53c00ef5f4,1,0,0,0.5762392282485962,0.4237608313560486
PETS_CREDIT_high_eff_su2_r5_d6_b01__none,none,dynanoise,cec5a851be4f6e7c0887,1,0,0,0.536505937576294,0.46349406242370605
PETS_CREDIT_high_eff_su2_r5_d6_b01__none,none,dynanoise,402e2e33d278085f817f,1,0,0,0.5526362061500549,0.44736379384994507
PETS_CREDIT_high_eff_su2_r5_d6_b01__none,none,dynanoise,4df4658f2eb41564da87,1,0,0,0.5574343204498291,0.4425657391548157
PETS_CREDIT_high_eff_su2_r5_d6_b01__none,none,dynanoise,b2afd8ac93139c6436ca,0,1,0,0.5603195428848267,0.4396804869174957
PETS_CREDIT_high_eff_su2_r5_d6_b01__none,none,dynanoise,6a05ad28a1fdde9b37a0,0,0,0,0.5781084299087524,0.42189159989356995
PETS_CREDIT_high_eff_su2_r5_d6_b01__none,none,dynanoise,f2ee369cdc3625e84402,0,1,0,0.5179460644721985,0.4820539653301239
PETS_CREDIT_high_eff_su2_r5_d6_b01__none,none,dynanoise,ed23b85566b3c29eb402,0,0,0,0.527106523513794,0.47289350628852844
PETS_CREDIT_high_eff_su2_r5_d6_b01__none,none,dynanoise,952fc09bd28a9501f067,0,0,0,0.5151965618133545,0.4848034381866455
PETS_CREDIT_high_eff_su2_r5_d6_b01__none,none,dynanoise,2482d33087029d45a132,0,0,1,0.4897320568561554,0.510267972946167
PETS_CREDIT_high_eff_su2_r5_d6_b01__none,none,dynanoise,77bd1f5032833eb7273a,0,0,1,0.4862403869628906,0.5137596726417542
PETS_CREDIT_high_eff_su2_r5_d6_b01__none,none,dynanoise,10857fff110d97bd3529,0,1,1,0.4318680167198181,0.5681320428848267
PETS_CREDIT_high_eff_su2_r5_d6_b01__none,none,dynanoise,6d9336fba414d9de6ac7,0,0,1,0.4654209315776825,0.5345790982246399
PETS_CREDIT_high_eff_su2_r5_d6_b01__none,none,dynanoise,d6c8d45da14422740d61,0,0,0,0.5385061502456665,0.4614938199520111
PETS_CREDIT_high_eff_su2_r5_d6_b01__none,none,dynanoise,59023d919d8b02411eba,0,0,1,0.4886467158794403,0.5113533139228821
PETS_CREDIT_high_eff_su2_r5_d6_b01__none,none,dynanoise,b879cfcb02d4d81aeba4,0,0,0,0.5079122185707092,0.49208778142929077
PETS_CREDIT_high_eff_su2_r5_d6_b01__none,none,dynanoise,3b2a390113c4d06485dc,0,0,0,0.5158588886260986,0.48414117097854614
PETS_CREDIT_high_eff_su2_r5_d6_b01__none,none,dynanoise,8571d45bb39f427604ed,0,0,0,0.5913748145103455,0.40862518548965454
PETS_CREDIT_high_eff_su2_r5_d6_b01__none,none,dynanoise,361e8f44b1d1611bef7b,0,1,0,0.5040952563285828,0.49590471386909485
PETS_CREDIT_high_eff_su2_r5_d6_b01__none,none,dynanoise,d7e4461c953d3771c6a7,0,0,0,0.5779163837432861,0.42208364605903625
PETS_CREDIT_high_eff_su2_r5_d6_b01__none,none,dynanoise,ec68553efb16cb1101b4,0,0,0,0.5035622119903564,0.49643781781196594
PETS_CREDIT_high_eff_su2_r5_d6_b01__none,none,dynanoise,dabd46f07ecd327df2fa,0,0,0,0.5574180483818054,0.4425819516181946
PETS_CREDIT_high_eff_su2_r5_d6_b01__none,none,dynanoise,24ddc25e1ea6b7792cd0,0,0,0,0.5975492000579834,0.402450829744339
PETS_CREDIT_high_eff_su2_r5_d6_b01__none,none,dynanoise,fa88e107f343c7d476d5,0,0,0,0.513870894908905,0.48612910509109497
PETS_CREDIT_high_eff_su2_r5_d6_b01__none,none,dynanoise,640d06e42b5ea011ade8,0,0,1,0.455091267824173,0.5449087023735046
PETS_CREDIT_high_eff_su2_r5_d6_b01__none,none,dynanoise,a36d92b052080609dee1,0,0,0,0.5504630208015442,0.4495370388031006
PETS_CREDIT_high_eff_su2_r5_d6_b01__none,none,dynanoise,5a9fcf838ed30a3aac42,0,1,0,0.5258409380912781,0.4741590619087219
PETS_CREDIT_high_eff_su2_r5_d6_b01__none,none,dynanoise,cb1682c8107d45afcade,0,0,0,0.5402367115020752,0.4597632884979248
PETS_CREDIT_high_eff_su2_r5_d6_b01__none,none,dynanoise,9f0ccb4eb0a2a0319524,0,1,0,0.5217521786689758,0.47824782133102417
PETS_CREDIT_high_eff_su2_r5_d6_b01__none,none,dynanoise,51a20249bac3fb051d8a,0,0,0,0.5287720561027527,0.4712279736995697
PETS_CREDIT_high_eff_su2_r5_d6_b01__none,none,dynanoise,3b9ae330b918d841d986,0,0,0,0.5357592105865479,0.46424081921577454
PETS_CREDIT_high_eff_su2_r5_d6_b01__none,none,dynanoise,d3f4ebd9602fecf775a2,0,0,0,0.5553354024887085,0.4446646273136139
PETS_CREDIT_high_eff_su2_r5_d6_b01__none,none,dynanoise,6aa234f97819dd051df4,0,1,0,0.5477648377418518,0.4522351622581482
PETS_CREDIT_high_eff_su2_r5_d6_b01__none,none,dynanoise,6146ee4e50398bd2590b,0,0,1,0.4852352440357208,0.5147647261619568
PETS_CREDIT_high_eff_su2_r5_d6_b01__none,none,dynanoise,fa640d7805f9d82a715b,0,1,0,0.5112272500991821,0.48877274990081787
PETS_CREDIT_high_eff_su2_r5_d6_b01__none,none,dynanoise,952bdb913d2d4c348219,0,0,0,0.5714644193649292,0.4285355806350708
PETS_CREDIT_high_eff_su2_r5_d6_b01__none,none,dynanoise,23fa7db2ef3f6def0edb,0,0,0,0.5533434152603149,0.44665658473968506
PETS_CREDIT_high_eff_su2_r5_d6_b01__none,none,dynanoise,6b7219cfa53e1ae4e686,0,0,0,0.5269657373428345,0.4730342924594879
PETS_CREDIT_high_eff_su2_r5_d6_b01__none,none,dynanoise,aced89ae11db5855474b,0,0,0,0.5165879130363464,0.48341208696365356
PETS_CREDIT_high_eff_su2_r5_d6_b01__none,none,dynanoise,ca9d19862c77009f5491,0,0,0,0.5567119717597961,0.44328805804252625
PETS_CREDIT_high_eff_su2_r5_d6_b01__none,none,dynanoise,4d1823ffdb815ae6ecb7,0,0,0,0.5265909433364868,0.47340911626815796
PETS_CREDIT_high_eff_su2_r5_d6_b01__none,none,dynanoise,f28c583d896798880d4b,0,1,0,0.5057207942008972,0.4942792057991028
PETS_CREDIT_high_eff_su2_r5_d6_b01__none,none,dynanoise,6bb99c2791ed089335c3,0,0,0,0.5787066221237183,0.42129334807395935
PETS_CREDIT_high_eff_su2_r5_d6_b01__none,none,dynanoise,cb3611b4495a37479ca8,0,0,0,0.5453165769577026,0.454683393239975
PETS_CREDIT_high_eff_su2_r5_d6_b01__none,none,dynanoise,e935e8aae78e46bb055f,0,0,0,0.5239505767822266,0.47604942321777344
PETS_CREDIT_high_eff_su2_r5_d6_b01__none,none,dynanoise,a3ca0fb9a2bb66673aca,0,0,0,0.6732456684112549,0.3267543315887451
PETS_CREDIT_high_eff_su2_r5_d6_b01__none,none,dynanoise,ea462e2d261554f47693,0,0,0,0.5618014931678772,0.4381985068321228
PETS_CREDIT_high_eff_su2_r5_d6_b01__none,none,dynanoise,89f33d9f24d34571b521,0,0,0,0.555114209651947,0.44488582015037537
PETS_CREDIT_high_eff_su2_r5_d6_b01__none,none,dynanoise,9cb0a075ed3b1940a582,0,0,0,0.5061339139938354,0.49386605620384216
PETS_CREDIT_high_eff_su2_r5_d6_b01__none,none,dynanoise,e0ac38996eb0bdc23a98,0,0,0,0.5588657855987549,0.4411342442035675
PETS_CREDIT_high_eff_su2_r5_d6_b01__none,none,dynanoise,8e8cdc6e5cd89c5db921,0,1,0,0.5137430429458618,0.48625698685646057
PETS_CREDIT_high_eff_su2_r5_d6_b01__none,none,dynanoise,3600cc2df2f41f06dd9f,0,0,0,0.5382722020149231,0.4617277979850769
PETS_CREDIT_high_eff_su2_r5_d6_b01__none,none,dynanoise,62b1f018472ab0cad11c,0,1,1,0.4719946086406708,0.5280053615570068
PETS_CREDIT_high_eff_su2_r5_d6_b01__none,none,dynanoise,69bf508473b2bb6fabc5,0,0,0,0.572928249835968,0.427071750164032
PETS_CREDIT_high_eff_su2_r5_d6_b01__none,none,dynanoise,f1c0204d151bcd56dd44,0,0,0,0.5444079637527466,0.45559200644493103
PETS_CREDIT_high_eff_su2_r5_d6_b01__none,none,dynanoise,afae12f9bd1a7c209ed4,0,0,1,0.4905490577220917,0.5094509720802307
PETS_CREDIT_high_eff_su2_r5_d6_b01__none,none,dynanoise,12bf473aaa3440c8b5ff,0,1,1,0.475768119096756,0.5242319107055664
PETS_CREDIT_high_eff_su2_r5_d6_b01__none,none,dynanoise,2c42554fc21e34e31618,0,0,0,0.5676558613777161,0.43234410881996155
PETS_CREDIT_high_eff_su2_r5_d6_b01__none,none,dynanoise,eeb7e3f1ff005ef7d74d,0,0,0,0.5377721190452576,0.46222788095474243
PETS_CREDIT_high_eff_su2_r5_d6_b01__none,none,dynanoise,b70a187f814bb3f6b896,0,0,0,0.5174906849861145,0.4825093448162079
PETS_CREDIT_high_eff_su2_r5_d6_b01__none,none,dynanoise,69963fd40681d7eb779e,0,1,0,0.5656747817993164,0.4343252182006836
PETS_CREDIT_high_eff_su2_r5_d6_b01__none,none,dynanoise,706df103f86b667d27c8,0,0,0,0.5308958888053894,0.4691041111946106
PETS_CREDIT_high_eff_su2_r5_d6_b01__none,none,dynanoise,6c189be9b000597df02b,0,0,0,0.5152934193611145,0.4847066104412079
PETS_CREDIT_high_eff_su2_r5_d6_b01__none,none,dynanoise,23c9aff9c3cb7e74418f,0,0,0,0.5956414341926575,0.40435853600502014
PETS_CREDIT_high_eff_su2_r5_d6_b01__none,none,dynanoise,9e00c9a73f8502e1beb6,0,0,0,0.5201736688613892,0.47982630133628845
PETS_CREDIT_high_eff_su2_r5_d6_b01__none,none,dynanoise,e64f4ae98dbe9cbf0e78,0,0,0,0.5346368551254272,0.46536317467689514
PETS_CREDIT_high_eff_su2_r5_d6_b01__none,none,dynanoise,da9134b43c13f8ea3eaf,0,1,0,0.5265486240386963,0.4734514355659485
PETS_CREDIT_high_eff_su2_r5_d6_b01__none,none,dynanoise,faaca9baf33f8afbd931,0,1,1,0.498600572347641,0.5013994574546814
PETS_CREDIT_high_eff_su2_r5_d6_b01__none,none,dynanoise,07849266aa8f190a63f2,0,1,0,0.5420916676521301,0.45790836215019226
PETS_CREDIT_high_eff_su2_r5_d6_b01__none,none,dynanoise,9806bdd560ccf88a9b56,0,0,1,0.481611043214798,0.5183889865875244
PETS_CREDIT_high_eff_su2_r5_d6_b01__none,none,dynanoise,a524ab5db22ecc35929f,0,0,0,0.6133853793144226,0.38661468029022217
PETS_CREDIT_high_eff_su2_r5_d6_b01__none,none,dynanoise,5d3f74cb6c8c84f1c7a9,0,1,1,0.436320036649704,0.5636799931526184
PETS_CREDIT_high_eff_su2_r5_d6_b01__none,none,dynanoise,71e1a80803ef248649c3,0,1,0,0.5193474292755127,0.4806525707244873
PETS_CREDIT_high_eff_su2_r5_d6_b01__none,none,dynanoise,49e93fd29796be2e21ed,0,1,1,0.498060405254364,0.501939594745636
PETS_CREDIT_high_eff_su2_r5_d6_b01__none,none,dynanoise,128796eb2bd785357a42,0,1,1,0.4975697100162506,0.5024303197860718
PETS_CREDIT_high_eff_su2_r5_d6_b01__none,none,dynanoise,2478313b949e4a19fec5,0,0,0,0.5728434920310974,0.427156537771225
PETS_CREDIT_high_eff_su2_r5_d6_b01__none,none,dynanoise,1de5fd2a3f26ba72a9c1,0,0,0,0.5719748735427856,0.42802512645721436
PETS_CREDIT_high_eff_su2_r5_d6_b01__none,none,dynanoise,b6a7132e5db71a8c2b53,0,0,0,0.5103608965873718,0.4896390736103058
PETS_CREDIT_high_eff_su2_r5_d6_b01__none,none,dynanoise,cca86135655a3f3f0727,0,0,0,0.5584657192230225,0.44153428077697754
PETS_CREDIT_high_eff_su2_r5_d6_b01__none,none,dynanoise,05cfc0ff414af47c03a5,0,0,0,0.5029381513595581,0.4970618486404419
PETS_CREDIT_high_eff_su2_r5_d6_b01__none,none,dynanoise,86ae722f0d37f010ada6,0,0,0,0.5049670934677124,0.4950329065322876
PETS_CREDIT_high_eff_su2_r5_d6_b01__none,none,dynanoise,be9bfaf596c94c10a528,0,0,0,0.5128401517868042,0.4871598482131958
PETS_CREDIT_high_eff_su2_r5_d6_b01__none,none,dynanoise,e60d07bd2196508fe656,0,0,0,0.5221965909004211,0.47780340909957886
PETS_CREDIT_high_eff_su2_r5_d6_b01__none,none,dynanoise,38b74132b04f4f54702c,0,1,0,0.5173030495643616,0.48269692063331604
PETS_CREDIT_high_eff_su2_r5_d6_b01__none,none,dynanoise,34cd383be85fcb382ea6,0,0,0,0.5402064919471741,0.4597935080528259
PETS_CREDIT_high_eff_su2_r5_d6_b01__none,none,dynanoise,5f861fea617a3ee7da16,0,0,0,0.516303300857544,0.48369672894477844
PETS_CREDIT_high_eff_su2_r5_d6_b01__none,none,dynanoise,c026d0cfa5b1e35d07fe,0,1,1,0.46172693371772766,0.5382730960845947
PETS_CREDIT_high_eff_su2_r5_d6_b01__none,none,dynanoise,9d22795430fd2e16c8dc,0,1,0,0.5039465427398682,0.4960534870624542
PETS_CREDIT_high_eff_su2_r5_d6_b01__none,none,dynanoise,5c7d8f33e88909bece76,0,0,0,0.5256651639938354,0.47433480620384216
PETS_CREDIT_high_eff_su2_r5_d6_b01__none,none,dynanoise,7cca6a89daa8ec654b93,0,0,0,0.5977217555046082,0.40227827429771423
PETS_CREDIT_high_eff_su2_r5_d6_b01__none,none,dynanoise,69d9f267431b625e3ab6,0,1,0,0.5069472193717957,0.49305275082588196
PETS_CREDIT_high_eff_su2_r5_d6_b01__none,none,dynanoise,c684bddcfbca03359777,0,1,1,0.49402105808258057,0.5059789419174194
PETS_CREDIT_high_eff_su2_r5_d6_b01__none,none,dynanoise,d186b88534c1a687d1fd,0,0,0,0.584719717502594,0.4152802526950836
PETS_CREDIT_high_eff_su2_r5_d6_b01__none,none,dynanoise,bd462eab4ac062244f72,0,0,0,0.5811153650283813,0.41888466477394104
PETS_CREDIT_high_eff_su2_r5_d6_b01__none,none,dynanoise,f8230eeb11ce4504ac0d,0,0,0,0.5308722257614136,0.4691278040409088
PETS_CREDIT_high_eff_su2_r5_d6_b01__none,none,dynanoise,5a2759bc40afd8b67be0,0,0,1,0.49610042572021484,0.5038995742797852
PETS_CREDIT_high_eff_su2_r5_d6_b01__none,none,dynanoise,5c05a4c2ad473664e305,0,0,0,0.5202732086181641,0.47972679138183594
PETS_CREDIT_high_eff_su2_r5_d6_b01__none,none,dynanoise,454401dbf09cdd915140,0,0,0,0.5675535798072815,0.4324464201927185
PETS_CREDIT_high_eff_su2_r5_d6_b01__none,none,dynanoise,22b00e614fc8c9d5c74f,0,0,0,0.5123479962348938,0.4876520037651062
PETS_CREDIT_high_eff_su2_r5_d6_b01__none,none,dynanoise,33f0b58e500322fafc02,0,0,0,0.5191056132316589,0.48089438676834106
PETS_CREDIT_high_eff_su2_r5_d6_b01__none,none,dynanoise,16f7e23f7aabcd74a31a,0,0,0,0.5740332007408142,0.4259668290615082
PETS_CREDIT_high_eff_su2_r5_d6_b01__none,none,dynanoise,e9aa13f77c0f352b0b1d,0,1,0,0.5231290459632874,0.47687095403671265
PETS_CREDIT_high_eff_su2_r5_d6_b01__none,none,dynanoise,0f6b78a3676f704d8ccb,0,1,0,0.5093635320663452,0.4906364977359772
PETS_CREDIT_high_eff_su2_r5_d6_b01__none,none,dynanoise,554005cca9a020862607,0,0,0,0.6206045746803284,0.37939539551734924
PETS_CREDIT_high_eff_su2_r5_d6_b01__none,none,hamp_output,ae429a6a1d645aacb94e,1,0,0,0.8952816724777222,0.10471834987401962
PETS_CREDIT_high_eff_su2_r5_d6_b01__none,none,hamp_output,70d271c728323ea28d90,1,0,0,0.6636741161346436,0.33632588386535645
PETS_CREDIT_high_eff_su2_r5_d6_b01__none,none,hamp_output,434123980ae7f6c38b02,1,0,0,0.890708863735199,0.10929115116596222
PETS_CREDIT_high_eff_su2_r5_d6_b01__none,none,hamp_output,b84ff32b3c14263b0dd5,1,1,1,0.41295483708381653,0.5870451927185059
PETS_CREDIT_high_eff_su2_r5_d6_b01__none,none,hamp_output,66fa33821884d4568b02,1,0,0,0.6707587242126465,0.3292412757873535
PETS_CREDIT_high_eff_su2_r5_d6_b01__none,none,hamp_output,69ef03b5c6f4f7ecef33,1,0,0,0.8303861021995544,0.16961389780044556
PETS_CREDIT_high_eff_su2_r5_d6_b01__none,none,hamp_output,c91e3b5a028c06ad1f92,1,0,0,0.6940949559211731,0.3059050142765045
PETS_CREDIT_high_eff_su2_r5_d6_b01__none,none,hamp_output,272c38b1ecd099be7890,1,0,0,0.9234952926635742,0.07650469243526459
PETS_CREDIT_high_eff_su2_r5_d6_b01__none,none,hamp_output,192395141a760795b97a,1,0,0,0.936771035194397,0.06322893500328064
PETS_CREDIT_high_eff_su2_r5_d6_b01__none,none,hamp_output,ebaf9b6eb6ecde9fb27d,1,0,0,0.7302315831184387,0.26976844668388367
PETS_CREDIT_high_eff_su2_r5_d6_b01__none,none,hamp_output,eaab06e0e9770f0cb322,1,0,0,0.780853271484375,0.2191467434167862
PETS_CREDIT_high_eff_su2_r5_d6_b01__none,none,hamp_output,09c28941e61886717e09,1,0,0,0.8918383121490479,0.10816162824630737
PETS_CREDIT_high_eff_su2_r5_d6_b01__none,none,hamp_output,092efc45ab978715a8fa,1,0,0,0.981566846370697,0.01843317784368992
PETS_CREDIT_high_eff_su2_r5_d6_b01__none,none,hamp_output,bf5a9031a45524933e21,1,0,0,0.9568770527839661,0.04312295466661453
PETS_CREDIT_high_eff_su2_r5_d6_b01__none,none,hamp_output,e8613e68d8ca2ea9e7fd,1,0,0,0.8491734862327576,0.15082654356956482
PETS_CREDIT_high_eff_su2_r5_d6_b01__none,none,hamp_output,d606f1831b9734bb90e1,1,0,0,0.7694820165634155,0.23051802814006805
PETS_CREDIT_high_eff_su2_r5_d6_b01__none,none,hamp_output,ac5f40db5db91c18a83b,1,1,1,0.35830023884773254,0.6416997909545898
PETS_CREDIT_high_eff_su2_r5_d6_b01__none,none,hamp_output,f97851146238bb9a3754,1,0,0,0.6628812551498413,0.3371187448501587
PETS_CREDIT_high_eff_su2_r5_d6_b01__none,none,hamp_output,d2c3d34fb102babfa194,1,0,0,0.630480170249939,0.36951979994773865
PETS_CREDIT_high_eff_su2_r5_d6_b01__none,none,hamp_output,81817fc85a01b1cc7dcf,1,0,0,0.9778282046318054,0.022171778604388237
PETS_CREDIT_high_eff_su2_r5_d6_b01__none,none,hamp_output,a55e4e1cd3465563efc4,1,0,0,0.8786138296127319,0.12138620764017105
PETS_CREDIT_high_eff_su2_r5_d6_b01__none,none,hamp_output,c0daa10532a8487ca803,1,1,0,0.858302652835846,0.14169736206531525
PETS_CREDIT_high_eff_su2_r5_d6_b01__none,none,hamp_output,ab97fae957e08270ffce,1,1,1,0.0963890552520752,0.9036109447479248
PETS_CREDIT_high_eff_su2_r5_d6_b01__none,none,hamp_output,0674ce029ebb21d32e38,1,0,0,0.9481824636459351,0.05181756615638733
PETS_CREDIT_high_eff_su2_r5_d6_b01__none,none,hamp_output,fbbb0f469e10095b9cc1,1,0,0,0.586449146270752,0.41355088353157043
PETS_CREDIT_high_eff_su2_r5_d6_b01__none,none,hamp_output,bfa7b1aca5d187760a16,1,0,0,0.9771814346313477,0.02281854674220085
PETS_CREDIT_high_eff_su2_r5_d6_b01__none,none,hamp_output,26b6a5da65cdaeb8e184,1,0,0,0.6523392200469971,0.34766075015068054
PETS_CREDIT_high_eff_su2_r5_d6_b01__none,none,hamp_output,22730a71b34176a3ba37,1,0,0,0.5076048374176025,0.4923951327800751
PETS_CREDIT_high_eff_su2_r5_d6_b01__none,none,hamp_output,356e520dcf3a6473ffb2,1,0,0,0.5780469179153442,0.42195311188697815
PETS_CREDIT_high_eff_su2_r5_d6_b01__none,none,hamp_output,e76cce60bc3507d0d7b2,1,0,0,0.7791005373001099,0.22089949250221252
PETS_CREDIT_high_eff_su2_r5_d6_b01__none,none,hamp_output,5584930e99aa4007d628,1,0,0,0.9468485116958618,0.05315152555704117
PETS_CREDIT_high_eff_su2_r5_d6_b01__none,none,hamp_output,7c7fe88dcec806be29da,1,0,0,0.993342399597168,0.006657573860138655
PETS_CREDIT_high_eff_su2_r5_d6_b01__none,none,hamp_output,9eb158e3cbe5bc901e26,1,1,1,0.4711208939552307,0.5288791060447693
PETS_CREDIT_high_eff_su2_r5_d6_b01__none,none,hamp_output,4e545ca4791d65f44351,1,0,0,0.9103944301605225,0.08960562199354172
PETS_CREDIT_high_eff_su2_r5_d6_b01__none,none,hamp_output,7105743f10682ac4a1cc,1,0,0,0.9308220148086548,0.0691780298948288
PETS_CREDIT_high_eff_su2_r5_d6_b01__none,none,hamp_output,25282b20e9c64236ec4d,1,1,0,0.9424142837524414,0.05758574604988098
PETS_CREDIT_high_eff_su2_r5_d6_b01__none,none,hamp_output,5688d9df8bbfc61d89e9,1,1,0,0.8308364748954773,0.1691635400056839
PETS_CREDIT_high_eff_su2_r5_d6_b01__none,none,hamp_output,8f95586c1c6fb3f2a750,1,1,0,0.5103783011436462,0.48962172865867615
PETS_CREDIT_high_eff_su2_r5_d6_b01__none,none,hamp_output,6c0e663b6848864dc914,1,0,0,0.6130886077880859,0.3869113624095917
PETS_CREDIT_high_eff_su2_r5_d6_b01__none,none,hamp_output,07d4d260e30d7cf5b71f,1,0,0,0.917104184627533,0.08289584517478943
PETS_CREDIT_high_eff_su2_r5_d6_b01__none,none,hamp_output,5cb75d859aa2d3df94b0,1,0,0,0.8753218650817871,0.12467816472053528
PETS_CREDIT_high_eff_su2_r5_d6_b01__none,none,hamp_output,c536d8f2ff559c7756e7,1,0,0,0.77747642993927,0.22252362966537476
PETS_CREDIT_high_eff_su2_r5_d6_b01__none,none,hamp_output,d8e3c3c718aea110b2d9,1,0,0,0.7236043810844421,0.27639564871788025
PETS_CREDIT_high_eff_su2_r5_d6_b01__none,none,hamp_output,7311863aa70952806ffc,1,0,0,0.654910683631897,0.345089316368103
PETS_CREDIT_high_eff_su2_r5_d6_b01__none,none,hamp_output,0ffd3e39286157b02ad4,1,1,0,0.975073516368866,0.024926483631134033
PETS_CREDIT_high_eff_su2_r5_d6_b01__none,none,hamp_output,dfc3621c683cc1e703cf,1,1,1,0.28547203540802,0.71452796459198
PETS_CREDIT_high_eff_su2_r5_d6_b01__none,none,hamp_output,f073d35785cf76f1409c,1,1,0,0.9054898619651794,0.09451014548540115
PETS_CREDIT_high_eff_su2_r5_d6_b01__none,none,hamp_output,7673e8a0f0b037cc51e5,1,0,0,0.6928439736366272,0.3071560263633728
PETS_CREDIT_high_eff_su2_r5_d6_b01__none,none,hamp_output,ce8a11f272895da8cd7f,1,0,0,0.8837013840675354,0.116298608481884
PETS_CREDIT_high_eff_su2_r5_d6_b01__none,none,hamp_output,b0f47ae4b56b3aa4d111,1,0,0,0.8081104755401611,0.19188949465751648
PETS_CREDIT_high_eff_su2_r5_d6_b01__none,none,hamp_output,49b15e9ec4784be42cd2,1,0,0,0.9173094630241394,0.08269052952528
PETS_CREDIT_high_eff_su2_r5_d6_b01__none,none,hamp_output,a62d80fa1349c54517ce,1,1,0,0.9165505170822144,0.08344949781894684
PETS_CREDIT_high_eff_su2_r5_d6_b01__none,none,hamp_output,f3ca91dd8e5aba8d83d9,1,0,0,0.835185706615448,0.164814293384552
PETS_CREDIT_high_eff_su2_r5_d6_b01__none,none,hamp_output,196d92dfff0523a23237,1,1,0,0.5663663148880005,0.4336337447166443
PETS_CREDIT_high_eff_su2_r5_d6_b01__none,none,hamp_output,c9e5785745f04cec0d37,1,0,0,0.9419378042221069,0.05806223303079605
PETS_CREDIT_high_eff_su2_r5_d6_b01__none,none,hamp_output,a5628044ec0880a52490,1,0,0,0.8711521625518799,0.1288478821516037
PETS_CREDIT_high_eff_su2_r5_d6_b01__none,none,hamp_output,d9170d275d5e05922e82,1,0,0,0.8853801488876343,0.11461984366178513
PETS_CREDIT_high_eff_su2_r5_d6_b01__none,none,hamp_output,988a4b4dcb53bafffb01,1,0,0,0.9126806855201721,0.08731933683156967
PETS_CREDIT_high_eff_su2_r5_d6_b01__none,none,hamp_output,52f455fd245c9327442c,1,0,0,0.7236033082008362,0.27639666199684143
PETS_CREDIT_high_eff_su2_r5_d6_b01__none,none,hamp_output,418dd0dffa2f4aacf5a8,1,0,0,0.9259980916976929,0.07400186359882355
PETS_CREDIT_high_eff_su2_r5_d6_b01__none,none,hamp_output,c053f623dd8f2bfb7915,1,1,1,0.191680908203125,0.8083190321922302
PETS_CREDIT_high_eff_su2_r5_d6_b01__none,none,hamp_output,f35a2648fd72f049ecda,1,1,1,0.04416026920080185,0.9558397531509399
PETS_CREDIT_high_eff_su2_r5_d6_b01__none,none,hamp_output,0a09121dee0e5db09dfe,1,1,0,0.5142186880111694,0.4857812821865082
PETS_CREDIT_high_eff_su2_r5_d6_b01__none,none,hamp_output,bf465d63c434358f77e4,1,0,0,0.6652518510818481,0.33474817872047424
PETS_CREDIT_high_eff_su2_r5_d6_b01__none,none,hamp_output,6ea2a519a69c09016323,1,0,0,0.9503432512283325,0.049656737595796585
PETS_CREDIT_high_eff_su2_r5_d6_b01__none,none,hamp_output,2379dd478643b9cc0bc1,1,0,0,0.7405105233192444,0.259489506483078
PETS_CREDIT_high_eff_su2_r5_d6_b01__none,none,hamp_output,c75c31af2389cc3a594f,1,0,0,0.9536378979682922,0.046362146735191345
PETS_CREDIT_high_eff_su2_r5_d6_b01__none,none,hamp_output,619b46d6086e6aad3d84,1,0,0,0.6026603579521179,0.39733967185020447
PETS_CREDIT_high_eff_su2_r5_d6_b01__none,none,hamp_output,347bd04364dce3c5342e,1,0,0,0.7903688549995422,0.20963120460510254
PETS_CREDIT_high_eff_su2_r5_d6_b01__none,none,hamp_output,4aa64c627cb9b82d7f42,1,1,0,0.9554662704467773,0.04453374445438385
PETS_CREDIT_high_eff_su2_r5_d6_b01__none,none,hamp_output,932ae6d0f203c398e4b5,1,0,1,0.20896980166435242,0.79103022813797
PETS_CREDIT_high_eff_su2_r5_d6_b01__none,none,hamp_output,aaff47c50ec280d97eda,1,0,0,0.8558204770088196,0.1441795378923416
PETS_CREDIT_high_eff_su2_r5_d6_b01__none,none,hamp_output,7be2869c238aa35d440a,1,1,0,0.9047738313674927,0.09522619098424911
PETS_CREDIT_high_eff_su2_r5_d6_b01__none,none,hamp_output,bacc1c25b75ae0e1b780,1,0,0,0.7770043611526489,0.22299566864967346
PETS_CREDIT_high_eff_su2_r5_d6_b01__none,none,hamp_output,9fc5fbe55717fe6862a4,1,0,0,0.7037734985351562,0.29622653126716614
PETS_CREDIT_high_eff_su2_r5_d6_b01__none,none,hamp_output,00405a37dd709b2d51a8,1,0,0,0.9241368174552917,0.07586319744586945
PETS_CREDIT_high_eff_su2_r5_d6_b01__none,none,hamp_output,01e7168ae2a624ff9916,1,1,1,0.12330913543701172,0.8766909241676331
PETS_CREDIT_high_eff_su2_r5_d6_b01__none,none,hamp_output,c8a7bd1cd35ba1e89b80,1,0,0,0.9733476042747498,0.026652416214346886
PETS_CREDIT_high_eff_su2_r5_d6_b01__none,none,hamp_output,877b93e6aa8797d2cd0b,1,0,0,0.787632167339325,0.21236786246299744
PETS_CREDIT_high_eff_su2_r5_d6_b01__none,none,hamp_output,6dcf5bf2e9c47f5b5091,1,0,0,0.9195463061332703,0.08045370131731033
PETS_CREDIT_high_eff_su2_r5_d6_b01__none,none,hamp_output,c50e57ca37a497df3a13,1,0,0,0.8727805614471436,0.12721948325634003
PETS_CREDIT_high_eff_su2_r5_d6_b01__none,none,hamp_output,39c00d7f6c47885c6fc2,1,1,0,0.7321208119392395,0.2678792178630829
PETS_CREDIT_high_eff_su2_r5_d6_b01__none,none,hamp_output,e3e282f64bed70282149,1,0,0,0.6000292301177979,0.39997079968452454
PETS_CREDIT_high_eff_su2_r5_d6_b01__none,none,hamp_output,5383d08662564ec7ab0d,1,0,0,0.7126911282539368,0.28730887174606323
PETS_CREDIT_high_eff_su2_r5_d6_b01__none,none,hamp_output,e030c0aa4ae0f1011f2f,1,0,0,0.8524574041366577,0.14754259586334229
PETS_CREDIT_high_eff_su2_r5_d6_b01__none,none,hamp_output,1819fe5c399a17316fee,1,0,0,0.9748203754425049,0.025179652497172356
PETS_CREDIT_high_eff_su2_r5_d6_b01__none,none,hamp_output,d75c3e52dbcaf5a5ec2a,1,0,0,0.9688553214073181,0.03114469163119793
PETS_CREDIT_high_eff_su2_r5_d6_b01__none,none,hamp_output,a1b01a469dc7802f51d3,1,0,0,0.7094466686248779,0.29055336117744446
PETS_CREDIT_high_eff_su2_r5_d6_b01__none,none,hamp_output,a9752ae3047aff503fb3,1,1,0,0.9167816042900085,0.08321837335824966
PETS_CREDIT_high_eff_su2_r5_d6_b01__none,none,hamp_output,85bbf6f61dd23b95b6e7,1,0,0,0.5243321061134338,0.4756678640842438
PETS_CREDIT_high_eff_su2_r5_d6_b01__none,none,hamp_output,1313972ddf1c6e9eb2c9,1,0,0,0.9525865316390991,0.04741346091032028
PETS_CREDIT_high_eff_su2_r5_d6_b01__none,none,hamp_output,ab00e756b29c98fd6674,1,0,0,0.689112663269043,0.31088733673095703
PETS_CREDIT_high_eff_su2_r5_d6_b01__none,none,hamp_output,4b8fbfef25d81e60d4a6,1,0,0,0.9167285561561584,0.08327142894268036
PETS_CREDIT_high_eff_su2_r5_d6_b01__none,none,hamp_output,e0b33cacbadcac9f3d26,1,1,1,0.03445754945278168,0.9655424952507019
PETS_CREDIT_high_eff_su2_r5_d6_b01__none,none,hamp_output,f05df67fe5ac7ed38643,1,0,0,0.9068513512611389,0.09314868599176407
PETS_CREDIT_high_eff_su2_r5_d6_b01__none,none,hamp_output,5f9c02f5ec03a28e4f53,1,0,0,0.5424137711524963,0.4575861990451813
PETS_CREDIT_high_eff_su2_r5_d6_b01__none,none,hamp_output,c2f9d20d5b53c00ef5f4,1,0,0,0.8514251112937927,0.14857490360736847
PETS_CREDIT_high_eff_su2_r5_d6_b01__none,none,hamp_output,cec5a851be4f6e7c0887,1,0,0,0.5811704397201538,0.4188295304775238
PETS_CREDIT_high_eff_su2_r5_d6_b01__none,none,hamp_output,402e2e33d278085f817f,1,0,0,0.6249250769615173,0.37507492303848267
PETS_CREDIT_high_eff_su2_r5_d6_b01__none,none,hamp_output,4df4658f2eb41564da87,1,0,0,0.9754944443702698,0.024505598470568657
PETS_CREDIT_high_eff_su2_r5_d6_b01__none,none,hamp_output,b2afd8ac93139c6436ca,0,1,0,0.6018953919410706,0.39810457825660706
PETS_CREDIT_high_eff_su2_r5_d6_b01__none,none,hamp_output,6a05ad28a1fdde9b37a0,0,0,0,0.8892925381660461,0.11070746183395386
PETS_CREDIT_high_eff_su2_r5_d6_b01__none,none,hamp_output,f2ee369cdc3625e84402,0,1,0,0.8488838076591492,0.15111620724201202
PETS_CREDIT_high_eff_su2_r5_d6_b01__none,none,hamp_output,ed23b85566b3c29eb402,0,0,0,0.8553506731987,0.14464931190013885
PETS_CREDIT_high_eff_su2_r5_d6_b01__none,none,hamp_output,952fc09bd28a9501f067,0,0,0,0.9682874083518982,0.031712621450424194
PETS_CREDIT_high_eff_su2_r5_d6_b01__none,none,hamp_output,2482d33087029d45a132,0,0,0,0.693156898021698,0.3068431317806244
PETS_CREDIT_high_eff_su2_r5_d6_b01__none,none,hamp_output,77bd1f5032833eb7273a,0,0,0,0.708936870098114,0.2910631597042084
PETS_CREDIT_high_eff_su2_r5_d6_b01__none,none,hamp_output,10857fff110d97bd3529,0,1,1,0.060244228690862656,0.9397557377815247
PETS_CREDIT_high_eff_su2_r5_d6_b01__none,none,hamp_output,6d9336fba414d9de6ac7,0,0,1,0.4230574667453766,0.576942503452301
PETS_CREDIT_high_eff_su2_r5_d6_b01__none,none,hamp_output,d6c8d45da14422740d61,0,0,0,0.5776253342628479,0.4223746657371521
PETS_CREDIT_high_eff_su2_r5_d6_b01__none,none,hamp_output,59023d919d8b02411eba,0,0,0,0.5014560222625732,0.49854397773742676
PETS_CREDIT_high_eff_su2_r5_d6_b01__none,none,hamp_output,b879cfcb02d4d81aeba4,0,0,0,0.8694325089454651,0.1305675208568573
PETS_CREDIT_high_eff_su2_r5_d6_b01__none,none,hamp_output,3b2a390113c4d06485dc,0,0,0,0.6191427707672119,0.3808572292327881
PETS_CREDIT_high_eff_su2_r5_d6_b01__none,none,hamp_output,8571d45bb39f427604ed,0,0,0,0.7685518860816956,0.23144806921482086
PETS_CREDIT_high_eff_su2_r5_d6_b01__none,none,hamp_output,361e8f44b1d1611bef7b,0,1,0,0.5904171466827393,0.40958282351493835
PETS_CREDIT_high_eff_su2_r5_d6_b01__none,none,hamp_output,d7e4461c953d3771c6a7,0,0,0,0.8400188684463501,0.1599811315536499
PETS_CREDIT_high_eff_su2_r5_d6_b01__none,none,hamp_output,ec68553efb16cb1101b4,0,0,0,0.8988522887229919,0.10114770382642746
PETS_CREDIT_high_eff_su2_r5_d6_b01__none,none,hamp_output,dabd46f07ecd327df2fa,0,0,0,0.5911769270896912,0.40882304310798645
PETS_CREDIT_high_eff_su2_r5_d6_b01__none,none,hamp_output,24ddc25e1ea6b7792cd0,0,0,0,0.905229926109314,0.09477005898952484
PETS_CREDIT_high_eff_su2_r5_d6_b01__none,none,hamp_output,fa88e107f343c7d476d5,0,0,0,0.7210261821746826,0.27897384762763977
PETS_CREDIT_high_eff_su2_r5_d6_b01__none,none,hamp_output,640d06e42b5ea011ade8,0,0,1,0.3431777060031891,0.6568222641944885
PETS_CREDIT_high_eff_su2_r5_d6_b01__none,none,hamp_output,a36d92b052080609dee1,0,0,0,0.9358648061752319,0.06413523852825165
PETS_CREDIT_high_eff_su2_r5_d6_b01__none,none,hamp_output,5a9fcf838ed30a3aac42,0,1,0,0.7643178701400757,0.2356821745634079
PETS_CREDIT_high_eff_su2_r5_d6_b01__none,none,hamp_output,cb1682c8107d45afcade,0,0,0,0.9335384964942932,0.06646151095628738
PETS_CREDIT_high_eff_su2_r5_d6_b01__none,none,hamp_output,9f0ccb4eb0a2a0319524,0,1,0,0.5728647112846375,0.4271353483200073
PETS_CREDIT_high_eff_su2_r5_d6_b01__none,none,hamp_output,51a20249bac3fb051d8a,0,0,0,0.6978840827941895,0.30211594700813293
PETS_CREDIT_high_eff_su2_r5_d6_b01__none,none,hamp_output,3b9ae330b918d841d986,0,0,0,0.5727986693382263,0.4272013008594513
PETS_CREDIT_high_eff_su2_r5_d6_b01__none,none,hamp_output,d3f4ebd9602fecf775a2,0,0,0,0.8422698378562927,0.15773020684719086
PETS_CREDIT_high_eff_su2_r5_d6_b01__none,none,hamp_output,6aa234f97819dd051df4,0,1,0,0.6742895841598511,0.3257104456424713
PETS_CREDIT_high_eff_su2_r5_d6_b01__none,none,hamp_output,6146ee4e50398bd2590b,0,0,0,0.7246124744415283,0.27538755536079407
PETS_CREDIT_high_eff_su2_r5_d6_b01__none,none,hamp_output,fa640d7805f9d82a715b,0,1,1,0.048247210681438446,0.951752781867981
PETS_CREDIT_high_eff_su2_r5_d6_b01__none,none,hamp_output,952bdb913d2d4c348219,0,0,0,0.7685472965240479,0.23145274817943573
PETS_CREDIT_high_eff_su2_r5_d6_b01__none,none,hamp_output,23fa7db2ef3f6def0edb,0,0,0,0.7065351605415344,0.2934648096561432
PETS_CREDIT_high_eff_su2_r5_d6_b01__none,none,hamp_output,6b7219cfa53e1ae4e686,0,0,0,0.7905634641647339,0.2094365805387497
PETS_CREDIT_high_eff_su2_r5_d6_b01__none,none,hamp_output,aced89ae11db5855474b,0,0,0,0.9791079163551331,0.020892076194286346
PETS_CREDIT_high_eff_su2_r5_d6_b01__none,none,hamp_output,ca9d19862c77009f5491,0,0,0,0.5307180285453796,0.46928200125694275
PETS_CREDIT_high_eff_su2_r5_d6_b01__none,none,hamp_output,4d1823ffdb815ae6ecb7,0,0,0,0.7497730255126953,0.2502269446849823
PETS_CREDIT_high_eff_su2_r5_d6_b01__none,none,hamp_output,f28c583d896798880d4b,0,1,1,0.19666840136051178,0.8033316135406494
PETS_CREDIT_high_eff_su2_r5_d6_b01__none,none,hamp_output,6bb99c2791ed089335c3,0,0,0,0.909065842628479,0.09093418717384338
PETS_CREDIT_high_eff_su2_r5_d6_b01__none,none,hamp_output,cb3611b4495a37479ca8,0,0,0,0.9164406657218933,0.08355932682752609
PETS_CREDIT_high_eff_su2_r5_d6_b01__none,none,hamp_output,e935e8aae78e46bb055f,0,0,0,0.6541104912757874,0.34588953852653503
PETS_CREDIT_high_eff_su2_r5_d6_b01__none,none,hamp_output,a3ca0fb9a2bb66673aca,0,0,0,0.6625165343284607,0.3374834656715393
PETS_CREDIT_high_eff_su2_r5_d6_b01__none,none,hamp_output,ea462e2d261554f47693,0,0,0,0.8394782543182373,0.1605217456817627
PETS_CREDIT_high_eff_su2_r5_d6_b01__none,none,hamp_output,89f33d9f24d34571b521,0,0,0,0.9449155926704407,0.05508434772491455
PETS_CREDIT_high_eff_su2_r5_d6_b01__none,none,hamp_output,9cb0a075ed3b1940a582,0,0,1,0.39173802733421326,0.6082619428634644
PETS_CREDIT_high_eff_su2_r5_d6_b01__none,none,hamp_output,e0ac38996eb0bdc23a98,0,0,0,0.9014801383018494,0.09851989895105362
PETS_CREDIT_high_eff_su2_r5_d6_b01__none,none,hamp_output,8e8cdc6e5cd89c5db921,0,1,0,0.7129509449005127,0.2870490849018097
PETS_CREDIT_high_eff_su2_r5_d6_b01__none,none,hamp_output,3600cc2df2f41f06dd9f,0,0,0,0.6660385727882385,0.3339614272117615
PETS_CREDIT_high_eff_su2_r5_d6_b01__none,none,hamp_output,62b1f018472ab0cad11c,0,1,1,0.04366988316178322,0.9563301205635071
PETS_CREDIT_high_eff_su2_r5_d6_b01__none,none,hamp_output,69bf508473b2bb6fabc5,0,0,0,0.6399353742599487,0.36006468534469604
PETS_CREDIT_high_eff_su2_r5_d6_b01__none,none,hamp_output,f1c0204d151bcd56dd44,0,0,0,0.5432533621788025,0.4567466080188751
PETS_CREDIT_high_eff_su2_r5_d6_b01__none,none,hamp_output,afae12f9bd1a7c209ed4,0,0,1,0.3638859689235687,0.6361140608787537
PETS_CREDIT_high_eff_su2_r5_d6_b01__none,none,hamp_output,12bf473aaa3440c8b5ff,0,1,1,0.013347700238227844,0.9866522550582886
PETS_CREDIT_high_eff_su2_r5_d6_b01__none,none,hamp_output,2c42554fc21e34e31618,0,0,0,0.8231810331344604,0.17681899666786194
PETS_CREDIT_high_eff_su2_r5_d6_b01__none,none,hamp_output,eeb7e3f1ff005ef7d74d,0,0,0,0.8614367842674255,0.13856324553489685
PETS_CREDIT_high_eff_su2_r5_d6_b01__none,none,hamp_output,b70a187f814bb3f6b896,0,0,0,0.8627541065216064,0.13724589347839355
PETS_CREDIT_high_eff_su2_r5_d6_b01__none,none,hamp_output,69963fd40681d7eb779e,0,1,0,0.5465587973594666,0.45344117283821106
PETS_CREDIT_high_eff_su2_r5_d6_b01__none,none,hamp_output,706df103f86b667d27c8,0,0,0,0.7954487204551697,0.20455124974250793
PETS_CREDIT_high_eff_su2_r5_d6_b01__none,none,hamp_output,6c189be9b000597df02b,0,0,0,0.8190549612045288,0.18094505369663239
PETS_CREDIT_high_eff_su2_r5_d6_b01__none,none,hamp_output,23c9aff9c3cb7e74418f,0,0,0,0.5261604189872742,0.4738396406173706
PETS_CREDIT_high_eff_su2_r5_d6_b01__none,none,hamp_output,9e00c9a73f8502e1beb6,0,0,0,0.8122771382331848,0.18772286176681519
PETS_CREDIT_high_eff_su2_r5_d6_b01__none,none,hamp_output,e64f4ae98dbe9cbf0e78,0,0,0,0.9104441404342651,0.08955591917037964
PETS_CREDIT_high_eff_su2_r5_d6_b01__none,none,hamp_output,da9134b43c13f8ea3eaf,0,1,0,0.6987578272819519,0.3012422025203705
PETS_CREDIT_high_eff_su2_r5_d6_b01__none,none,hamp_output,faaca9baf33f8afbd931,0,1,0,0.8581674098968506,0.14183256030082703
PETS_CREDIT_high_eff_su2_r5_d6_b01__none,none,hamp_output,07849266aa8f190a63f2,0,1,0,0.7575868964195251,0.24241316318511963
PETS_CREDIT_high_eff_su2_r5_d6_b01__none,none,hamp_output,9806bdd560ccf88a9b56,0,0,1,0.10253224521875381,0.8974677920341492
PETS_CREDIT_high_eff_su2_r5_d6_b01__none,none,hamp_output,a524ab5db22ecc35929f,0,0,0,0.9151744842529297,0.0848255604505539
PETS_CREDIT_high_eff_su2_r5_d6_b01__none,none,hamp_output,5d3f74cb6c8c84f1c7a9,0,1,1,0.2928105294704437,0.7071895003318787
PETS_CREDIT_high_eff_su2_r5_d6_b01__none,none,hamp_output,71e1a80803ef248649c3,0,1,0,0.8006280660629272,0.19937197864055634
PETS_CREDIT_high_eff_su2_r5_d6_b01__none,none,hamp_output,49e93fd29796be2e21ed,0,1,1,0.48327407240867615,0.5167259573936462
PETS_CREDIT_high_eff_su2_r5_d6_b01__none,none,hamp_output,128796eb2bd785357a42,0,1,0,0.9786812663078308,0.021318724378943443
PETS_CREDIT_high_eff_su2_r5_d6_b01__none,none,hamp_output,2478313b949e4a19fec5,0,0,0,0.8706841468811035,0.1293158382177353
PETS_CREDIT_high_eff_su2_r5_d6_b01__none,none,hamp_output,1de5fd2a3f26ba72a9c1,0,0,0,0.94287109375,0.05712892860174179
PETS_CREDIT_high_eff_su2_r5_d6_b01__none,none,hamp_output,b6a7132e5db71a8c2b53,0,0,0,0.8902235627174377,0.10977646708488464
PETS_CREDIT_high_eff_su2_r5_d6_b01__none,none,hamp_output,cca86135655a3f3f0727,0,0,0,0.7883114814758301,0.21168853342533112
PETS_CREDIT_high_eff_su2_r5_d6_b01__none,none,hamp_output,05cfc0ff414af47c03a5,0,0,0,0.6689367294311523,0.33106330037117004
PETS_CREDIT_high_eff_su2_r5_d6_b01__none,none,hamp_output,86ae722f0d37f010ada6,0,0,0,0.9434200525283813,0.05657997727394104
PETS_CREDIT_high_eff_su2_r5_d6_b01__none,none,hamp_output,be9bfaf596c94c10a528,0,0,0,0.7480913400650024,0.25190868973731995
PETS_CREDIT_high_eff_su2_r5_d6_b01__none,none,hamp_output,e60d07bd2196508fe656,0,0,0,0.7247314453125,0.2752685546875
PETS_CREDIT_high_eff_su2_r5_d6_b01__none,none,hamp_output,38b74132b04f4f54702c,0,1,1,0.05961036682128906,0.9403896331787109
PETS_CREDIT_high_eff_su2_r5_d6_b01__none,none,hamp_output,34cd383be85fcb382ea6,0,0,0,0.806583046913147,0.19341696798801422
PETS_CREDIT_high_eff_su2_r5_d6_b01__none,none,hamp_output,5f861fea617a3ee7da16,0,0,0,0.8209221959114075,0.17907781898975372
PETS_CREDIT_high_eff_su2_r5_d6_b01__none,none,hamp_output,c026d0cfa5b1e35d07fe,0,1,1,0.03604937717318535,0.9639506340026855
PETS_CREDIT_high_eff_su2_r5_d6_b01__none,none,hamp_output,9d22795430fd2e16c8dc,0,1,1,0.0820634737610817,0.9179365634918213
PETS_CREDIT_high_eff_su2_r5_d6_b01__none,none,hamp_output,5c7d8f33e88909bece76,0,0,0,0.5655637979507446,0.434436172246933
PETS_CREDIT_high_eff_su2_r5_d6_b01__none,none,hamp_output,7cca6a89daa8ec654b93,0,0,0,0.8478427529335022,0.1521572321653366
PETS_CREDIT_high_eff_su2_r5_d6_b01__none,none,hamp_output,69d9f267431b625e3ab6,0,1,0,0.9280607104301453,0.07193934172391891
PETS_CREDIT_high_eff_su2_r5_d6_b01__none,none,hamp_output,c684bddcfbca03359777,0,1,0,0.9676593542098999,0.03234069421887398
PETS_CREDIT_high_eff_su2_r5_d6_b01__none,none,hamp_output,d186b88534c1a687d1fd,0,0,0,0.8214396238327026,0.1785603165626526
PETS_CREDIT_high_eff_su2_r5_d6_b01__none,none,hamp_output,bd462eab4ac062244f72,0,0,0,0.548780620098114,0.4512194097042084
PETS_CREDIT_high_eff_su2_r5_d6_b01__none,none,hamp_output,f8230eeb11ce4504ac0d,0,0,0,0.8154398202896118,0.18456020951271057
PETS_CREDIT_high_eff_su2_r5_d6_b01__none,none,hamp_output,5a2759bc40afd8b67be0,0,0,1,0.2745567858219147,0.7254432439804077
PETS_CREDIT_high_eff_su2_r5_d6_b01__none,none,hamp_output,5c05a4c2ad473664e305,0,0,0,0.9129248261451721,0.0870751440525055
PETS_CREDIT_high_eff_su2_r5_d6_b01__none,none,hamp_output,454401dbf09cdd915140,0,0,0,0.5962478518486023,0.4037521481513977
PETS_CREDIT_high_eff_su2_r5_d6_b01__none,none,hamp_output,22b00e614fc8c9d5c74f,0,0,0,0.9014261960983276,0.09857379645109177
PETS_CREDIT_high_eff_su2_r5_d6_b01__none,none,hamp_output,33f0b58e500322fafc02,0,0,0,0.7578607201576233,0.2421393096446991
PETS_CREDIT_high_eff_su2_r5_d6_b01__none,none,hamp_output,16f7e23f7aabcd74a31a,0,0,0,0.6749502420425415,0.3250497877597809
PETS_CREDIT_high_eff_su2_r5_d6_b01__none,none,hamp_output,e9aa13f77c0f352b0b1d,0,1,1,0.10980235785245895,0.8901976346969604
PETS_CREDIT_high_eff_su2_r5_d6_b01__none,none,hamp_output,0f6b78a3676f704d8ccb,0,1,0,0.7542734146118164,0.2457265704870224
PETS_CREDIT_high_eff_su2_r5_d6_b01__none,none,hamp_output,554005cca9a020862607,0,0,0,0.6863375306129456,0.31366246938705444
PETS_CREDIT_high_eff_su2_r5_d6_b01__none,none,memguard,ae429a6a1d645aacb94e,1,0,0,0.8421812057495117,0.15781882405281067
PETS_CREDIT_high_eff_su2_r5_d6_b01__none,none,memguard,70d271c728323ea28d90,1,0,0,0.8256374001502991,0.17436259984970093
PETS_CREDIT_high_eff_su2_r5_d6_b01__none,none,memguard,434123980ae7f6c38b02,1,0,0,0.8315970301628113,0.16840291023254395
PETS_CREDIT_high_eff_su2_r5_d6_b01__none,none,memguard,b84ff32b3c14263b0dd5,1,1,1,0.24075740575790405,0.759242594242096
PETS_CREDIT_high_eff_su2_r5_d6_b01__none,none,memguard,66fa33821884d4568b02,1,0,0,0.774398922920227,0.22560109198093414
PETS_CREDIT_high_eff_su2_r5_d6_b01__none,none,memguard,69ef03b5c6f4f7ecef33,1,0,0,0.8419411182403564,0.15805891156196594
PETS_CREDIT_high_eff_su2_r5_d6_b01__none,none,memguard,c91e3b5a028c06ad1f92,1,0,0,0.8348046541213989,0.16519540548324585
PETS_CREDIT_high_eff_su2_r5_d6_b01__none,none,memguard,272c38b1ecd099be7890,1,0,0,0.826620876789093,0.17337915301322937
PETS_CREDIT_high_eff_su2_r5_d6_b01__none,none,memguard,192395141a760795b97a,1,0,0,0.8267583250999451,0.17324165999889374
PETS_CREDIT_high_eff_su2_r5_d6_b01__none,none,memguard,ebaf9b6eb6ecde9fb27d,1,0,0,0.7714176774024963,0.22858232259750366
PETS_CREDIT_high_eff_su2_r5_d6_b01__none,none,memguard,eaab06e0e9770f0cb322,1,0,0,0.7703414559364319,0.22965852916240692
PETS_CREDIT_high_eff_su2_r5_d6_b01__none,none,memguard,09c28941e61886717e09,1,0,0,0.82914137840271,0.17085862159729004
PETS_CREDIT_high_eff_su2_r5_d6_b01__none,none,memguard,092efc45ab978715a8fa,1,0,0,0.8274228572845459,0.17257720232009888
PETS_CREDIT_high_eff_su2_r5_d6_b01__none,none,memguard,bf5a9031a45524933e21,1,0,0,0.8329907059669495,0.16700933873653412
PETS_CREDIT_high_eff_su2_r5_d6_b01__none,none,memguard,e8613e68d8ca2ea9e7fd,1,0,0,0.8380922079086304,0.1619078367948532
PETS_CREDIT_high_eff_su2_r5_d6_b01__none,none,memguard,d606f1831b9734bb90e1,1,0,0,0.8278746604919434,0.17212533950805664
PETS_CREDIT_high_eff_su2_r5_d6_b01__none,none,memguard,ac5f40db5db91c18a83b,1,1,1,0.239777073264122,0.7602229118347168
PETS_CREDIT_high_eff_su2_r5_d6_b01__none,none,memguard,f97851146238bb9a3754,1,0,0,0.8303124904632568,0.16968752443790436
PETS_CREDIT_high_eff_su2_r5_d6_b01__none,none,memguard,d2c3d34fb102babfa194,1,0,0,0.8417196869850159,0.15828034281730652
PETS_CREDIT_high_eff_su2_r5_d6_b01__none,none,memguard,81817fc85a01b1cc7dcf,1,0,0,0.8283811211585999,0.17161887884140015
PETS_CREDIT_high_eff_su2_r5_d6_b01__none,none,memguard,a55e4e1cd3465563efc4,1,0,0,0.8234684467315674,0.17653153836727142
PETS_CREDIT_high_eff_su2_r5_d6_b01__none,none,memguard,c0daa10532a8487ca803,1,1,0,0.7652944326400757,0.2347055971622467
PETS_CREDIT_high_eff_su2_r5_d6_b01__none,none,memguard,ab97fae957e08270ffce,1,1,1,0.20068088173866272,0.7993191480636597
PETS_CREDIT_high_eff_su2_r5_d6_b01__none,none,memguard,0674ce029ebb21d32e38,1,0,0,0.8311925530433655,0.16880744695663452
PETS_CREDIT_high_eff_su2_r5_d6_b01__none,none,memguard,fbbb0f469e10095b9cc1,1,0,0,0.8251374363899231,0.1748625934123993
PETS_CREDIT_high_eff_su2_r5_d6_b01__none,none,memguard,bfa7b1aca5d187760a16,1,0,0,0.8373820185661316,0.1626179814338684
PETS_CREDIT_high_eff_su2_r5_d6_b01__none,none,memguard,26b6a5da65cdaeb8e184,1,0,0,0.8286644816398621,0.17133551836013794
PETS_CREDIT_high_eff_su2_r5_d6_b01__none,none,memguard,22730a71b34176a3ba37,1,0,0,0.8370007276535034,0.1629992574453354
PETS_CREDIT_high_eff_su2_r5_d6_b01__none,none,memguard,356e520dcf3a6473ffb2,1,0,0,0.7539454698562622,0.24605455994606018
PETS_CREDIT_high_eff_su2_r5_d6_b01__none,none,memguard,e76cce60bc3507d0d7b2,1,0,0,0.8303033709526062,0.169696643948555
PETS_CREDIT_high_eff_su2_r5_d6_b01__none,none,memguard,5584930e99aa4007d628,1,0,0,0.7961825132369995,0.20381751656532288
PETS_CREDIT_high_eff_su2_r5_d6_b01__none,none,memguard,7c7fe88dcec806be29da,1,0,0,0.8275097012519836,0.17249028384685516
PETS_CREDIT_high_eff_su2_r5_d6_b01__none,none,memguard,9eb158e3cbe5bc901e26,1,1,1,0.24736878275871277,0.7526312470436096
PETS_CREDIT_high_eff_su2_r5_d6_b01__none,none,memguard,4e545ca4791d65f44351,1,0,0,0.8403326869010925,0.15966734290122986
PETS_CREDIT_high_eff_su2_r5_d6_b01__none,none,memguard,7105743f10682ac4a1cc,1,0,0,0.8302775025367737,0.1697225570678711
PETS_CREDIT_high_eff_su2_r5_d6_b01__none,none,memguard,25282b20e9c64236ec4d,1,1,0,0.7658373713493347,0.2341626137495041
PETS_CREDIT_high_eff_su2_r5_d6_b01__none,none,memguard,5688d9df8bbfc61d89e9,1,1,0,0.8291131854057312,0.1708868443965912
PETS_CREDIT_high_eff_su2_r5_d6_b01__none,none,memguard,8f95586c1c6fb3f2a750,1,1,0,0.756215512752533,0.24378445744514465
PETS_CREDIT_high_eff_su2_r5_d6_b01__none,none,memguard,6c0e663b6848864dc914,1,0,0,0.7573351860046387,0.24266481399536133
PETS_CREDIT_high_eff_su2_r5_d6_b01__none,none,memguard,07d4d260e30d7cf5b71f,1,0,0,0.8266833424568176,0.17331662774085999
PETS_CREDIT_high_eff_su2_r5_d6_b01__none,none,memguard,5cb75d859aa2d3df94b0,1,0,0,0.8013682961463928,0.19863170385360718
PETS_CREDIT_high_eff_su2_r5_d6_b01__none,none,memguard,c536d8f2ff559c7756e7,1,0,0,0.8340209126472473,0.16597908735275269
PETS_CREDIT_high_eff_su2_r5_d6_b01__none,none,memguard,d8e3c3c718aea110b2d9,1,0,0,0.8328107595443726,0.16718928515911102
PETS_CREDIT_high_eff_su2_r5_d6_b01__none,none,memguard,7311863aa70952806ffc,1,0,0,0.8261239528656006,0.173876091837883
PETS_CREDIT_high_eff_su2_r5_d6_b01__none,none,memguard,0ffd3e39286157b02ad4,1,1,0,0.8335841298103333,0.16641585528850555
PETS_CREDIT_high_eff_su2_r5_d6_b01__none,none,memguard,dfc3621c683cc1e703cf,1,1,1,0.23585061728954315,0.7641493678092957
PETS_CREDIT_high_eff_su2_r5_d6_b01__none,none,memguard,f073d35785cf76f1409c,1,1,0,0.8180432319641113,0.18195676803588867
PETS_CREDIT_high_eff_su2_r5_d6_b01__none,none,memguard,7673e8a0f0b037cc51e5,1,0,0,0.8354077339172363,0.16459226608276367
PETS_CREDIT_high_eff_su2_r5_d6_b01__none,none,memguard,ce8a11f272895da8cd7f,1,0,0,0.8238217830657959,0.1761782318353653
PETS_CREDIT_high_eff_su2_r5_d6_b01__none,none,memguard,b0f47ae4b56b3aa4d111,1,0,0,0.8351447582244873,0.1648552119731903
PETS_CREDIT_high_eff_su2_r5_d6_b01__none,none,memguard,49b15e9ec4784be42cd2,1,0,0,0.8044541478157043,0.19554585218429565
PETS_CREDIT_high_eff_su2_r5_d6_b01__none,none,memguard,a62d80fa1349c54517ce,1,1,0,0.7769399285316467,0.22306004166603088
PETS_CREDIT_high_eff_su2_r5_d6_b01__none,none,memguard,f3ca91dd8e5aba8d83d9,1,0,0,0.8274385333061218,0.17256149649620056
PETS_CREDIT_high_eff_su2_r5_d6_b01__none,none,memguard,196d92dfff0523a23237,1,1,0,0.7563320398330688,0.24366797506809235
PETS_CREDIT_high_eff_su2_r5_d6_b01__none,none,memguard,c9e5785745f04cec0d37,1,0,0,0.8378838300704956,0.16211621463298798
PETS_CREDIT_high_eff_su2_r5_d6_b01__none,none,memguard,a5628044ec0880a52490,1,0,0,0.8338437676429749,0.16615624725818634
PETS_CREDIT_high_eff_su2_r5_d6_b01__none,none,memguard,d9170d275d5e05922e82,1,0,0,0.8308245539665222,0.1691754311323166
PETS_CREDIT_high_eff_su2_r5_d6_b01__none,none,memguard,988a4b4dcb53bafffb01,1,0,0,0.7831430435180664,0.2168569713830948
PETS_CREDIT_high_eff_su2_r5_d6_b01__none,none,memguard,52f455fd245c9327442c,1,0,0,0.8294776082038879,0.17052245140075684
PETS_CREDIT_high_eff_su2_r5_d6_b01__none,none,memguard,418dd0dffa2f4aacf5a8,1,0,0,0.8089702129364014,0.19102977216243744
PETS_CREDIT_high_eff_su2_r5_d6_b01__none,none,memguard,c053f623dd8f2bfb7915,1,1,1,0.22758084535598755,0.7724191546440125
PETS_CREDIT_high_eff_su2_r5_d6_b01__none,none,memguard,f35a2648fd72f049ecda,1,1,1,0.22490905225276947,0.7750908732414246
PETS_CREDIT_high_eff_su2_r5_d6_b01__none,none,memguard,0a09121dee0e5db09dfe,1,1,0,0.7975929379463196,0.2024070769548416
PETS_CREDIT_high_eff_su2_r5_d6_b01__none,none,memguard,bf465d63c434358f77e4,1,0,0,0.8344792723655701,0.16552069783210754
PETS_CREDIT_high_eff_su2_r5_d6_b01__none,none,memguard,6ea2a519a69c09016323,1,0,0,0.8347050547599792,0.16529493033885956
PETS_CREDIT_high_eff_su2_r5_d6_b01__none,none,memguard,2379dd478643b9cc0bc1,1,0,0,0.8381503820419312,0.16184966266155243
PETS_CREDIT_high_eff_su2_r5_d6_b01__none,none,memguard,c75c31af2389cc3a594f,1,0,0,0.7737202644348145,0.22627973556518555
PETS_CREDIT_high_eff_su2_r5_d6_b01__none,none,memguard,619b46d6086e6aad3d84,1,0,0,0.8403005003929138,0.15969952940940857
PETS_CREDIT_high_eff_su2_r5_d6_b01__none,none,memguard,347bd04364dce3c5342e,1,0,0,0.7533498406410217,0.24665015935897827
PETS_CREDIT_high_eff_su2_r5_d6_b01__none,none,memguard,4aa64c627cb9b82d7f42,1,1,0,0.7628759145736694,0.23712408542633057
PETS_CREDIT_high_eff_su2_r5_d6_b01__none,none,memguard,932ae6d0f203c398e4b5,1,0,1,0.2389349341392517,0.7610650658607483
PETS_CREDIT_high_eff_su2_r5_d6_b01__none,none,memguard,aaff47c50ec280d97eda,1,0,0,0.8314539790153503,0.16854606568813324
PETS_CREDIT_high_eff_su2_r5_d6_b01__none,none,memguard,7be2869c238aa35d440a,1,1,0,0.7642166018486023,0.2357834279537201
PETS_CREDIT_high_eff_su2_r5_d6_b01__none,none,memguard,bacc1c25b75ae0e1b780,1,0,0,0.8264215588569641,0.1735784113407135
PETS_CREDIT_high_eff_su2_r5_d6_b01__none,none,memguard,9fc5fbe55717fe6862a4,1,0,0,0.7672926783561707,0.23270735144615173
PETS_CREDIT_high_eff_su2_r5_d6_b01__none,none,memguard,00405a37dd709b2d51a8,1,0,0,0.8412760496139526,0.15872396528720856
PETS_CREDIT_high_eff_su2_r5_d6_b01__none,none,memguard,01e7168ae2a624ff9916,1,1,1,0.2121007889509201,0.7878992557525635
PETS_CREDIT_high_eff_su2_r5_d6_b01__none,none,memguard,c8a7bd1cd35ba1e89b80,1,0,0,0.8349855542182922,0.16501446068286896
PETS_CREDIT_high_eff_su2_r5_d6_b01__none,none,memguard,877b93e6aa8797d2cd0b,1,0,0,0.8286907076835632,0.17130930721759796
PETS_CREDIT_high_eff_su2_r5_d6_b01__none,none,memguard,6dcf5bf2e9c47f5b5091,1,0,0,0.8369229435920715,0.16307708621025085
PETS_CREDIT_high_eff_su2_r5_d6_b01__none,none,memguard,c50e57ca37a497df3a13,1,0,0,0.83864825963974,0.16135172545909882
PETS_CREDIT_high_eff_su2_r5_d6_b01__none,none,memguard,39c00d7f6c47885c6fc2,1,1,0,0.7689481377601624,0.23105190694332123
PETS_CREDIT_high_eff_su2_r5_d6_b01__none,none,memguard,e3e282f64bed70282149,1,0,0,0.8283673524856567,0.17163264751434326
PETS_CREDIT_high_eff_su2_r5_d6_b01__none,none,memguard,5383d08662564ec7ab0d,1,0,0,0.8315036296844482,0.16849640011787415
PETS_CREDIT_high_eff_su2_r5_d6_b01__none,none,memguard,e030c0aa4ae0f1011f2f,1,0,0,0.789516806602478,0.21048319339752197
PETS_CREDIT_high_eff_su2_r5_d6_b01__none,none,memguard,1819fe5c399a17316fee,1,0,0,0.82411128282547,0.1758887618780136
PETS_CREDIT_high_eff_su2_r5_d6_b01__none,none,memguard,d75c3e52dbcaf5a5ec2a,1,0,0,0.7683429718017578,0.23165704309940338
PETS_CREDIT_high_eff_su2_r5_d6_b01__none,none,memguard,a1b01a469dc7802f51d3,1,0,0,0.7715004086494446,0.22849957644939423
PETS_CREDIT_high_eff_su2_r5_d6_b01__none,none,memguard,a9752ae3047aff503fb3,1,1,0,0.8341593742370605,0.16584061086177826
PETS_CREDIT_high_eff_su2_r5_d6_b01__none,none,memguard,85bbf6f61dd23b95b6e7,1,0,0,0.8277902603149414,0.17220978438854218
PETS_CREDIT_high_eff_su2_r5_d6_b01__none,none,memguard,1313972ddf1c6e9eb2c9,1,0,0,0.7690685987472534,0.23093140125274658
PETS_CREDIT_high_eff_su2_r5_d6_b01__none,none,memguard,ab00e756b29c98fd6674,1,0,0,0.7525482177734375,0.2474517673254013
PETS_CREDIT_high_eff_su2_r5_d6_b01__none,none,memguard,4b8fbfef25d81e60d4a6,1,0,0,0.826927661895752,0.17307233810424805
PETS_CREDIT_high_eff_su2_r5_d6_b01__none,none,memguard,e0b33cacbadcac9f3d26,1,1,1,0.2384517788887024,0.7615482807159424
PETS_CREDIT_high_eff_su2_r5_d6_b01__none,none,memguard,f05df67fe5ac7ed38643,1,0,0,0.8271850943565369,0.17281495034694672
PETS_CREDIT_high_eff_su2_r5_d6_b01__none,none,memguard,5f9c02f5ec03a28e4f53,1,0,0,0.824337363243103,0.17566265165805817
PETS_CREDIT_high_eff_su2_r5_d6_b01__none,none,memguard,c2f9d20d5b53c00ef5f4,1,0,0,0.8362066149711609,0.16379337012767792
PETS_CREDIT_high_eff_su2_r5_d6_b01__none,none,memguard,cec5a851be4f6e7c0887,1,0,0,0.825197696685791,0.1748022884130478
PETS_CREDIT_high_eff_su2_r5_d6_b01__none,none,memguard,402e2e33d278085f817f,1,0,0,0.8401241898536682,0.15987583994865417
PETS_CREDIT_high_eff_su2_r5_d6_b01__none,none,memguard,4df4658f2eb41564da87,1,0,0,0.8378360271453857,0.16216398775577545
PETS_CREDIT_high_eff_su2_r5_d6_b01__none,none,memguard,b2afd8ac93139c6436ca,0,1,0,0.8339627981185913,0.16603724658489227
PETS_CREDIT_high_eff_su2_r5_d6_b01__none,none,memguard,6a05ad28a1fdde9b37a0,0,0,0,0.8261377811431885,0.1738622486591339
PETS_CREDIT_high_eff_su2_r5_d6_b01__none,none,memguard,f2ee369cdc3625e84402,0,1,0,0.7677712440490723,0.23222877085208893
PETS_CREDIT_high_eff_su2_r5_d6_b01__none,none,memguard,ed23b85566b3c29eb402,0,0,0,0.7959980368614197,0.2040019929409027
PETS_CREDIT_high_eff_su2_r5_d6_b01__none,none,memguard,952fc09bd28a9501f067,0,0,0,0.7562450766563416,0.24375489354133606
PETS_CREDIT_high_eff_su2_r5_d6_b01__none,none,memguard,2482d33087029d45a132,0,0,0,0.7752155661582947,0.2247844636440277
PETS_CREDIT_high_eff_su2_r5_d6_b01__none,none,memguard,77bd1f5032833eb7273a,0,0,0,0.7654618620872498,0.23453816771507263
PETS_CREDIT_high_eff_su2_r5_d6_b01__none,none,memguard,10857fff110d97bd3529,0,1,1,0.2054125815629959,0.7945874333381653
PETS_CREDIT_high_eff_su2_r5_d6_b01__none,none,memguard,6d9336fba414d9de6ac7,0,0,1,0.19788435101509094,0.8021156787872314
PETS_CREDIT_high_eff_su2_r5_d6_b01__none,none,memguard,d6c8d45da14422740d61,0,0,0,0.8034487962722778,0.19655124843120575
PETS_CREDIT_high_eff_su2_r5_d6_b01__none,none,memguard,59023d919d8b02411eba,0,0,0,0.7739754319190979,0.2260245531797409
PETS_CREDIT_high_eff_su2_r5_d6_b01__none,none,memguard,b879cfcb02d4d81aeba4,0,0,0,0.8297588229179382,0.17024114727973938
PETS_CREDIT_high_eff_su2_r5_d6_b01__none,none,memguard,3b2a390113c4d06485dc,0,0,0,0.7826859951019287,0.2173139899969101
PETS_CREDIT_high_eff_su2_r5_d6_b01__none,none,memguard,8571d45bb39f427604ed,0,0,0,0.8381711840629578,0.16182883083820343
PETS_CREDIT_high_eff_su2_r5_d6_b01__none,none,memguard,361e8f44b1d1611bef7b,0,1,0,0.829699695110321,0.17030034959316254
PETS_CREDIT_high_eff_su2_r5_d6_b01__none,none,memguard,d7e4461c953d3771c6a7,0,0,0,0.8329379558563232,0.16706202924251556
PETS_CREDIT_high_eff_su2_r5_d6_b01__none,none,memguard,ec68553efb16cb1101b4,0,0,0,0.75818932056427,0.2418106645345688
PETS_CREDIT_high_eff_su2_r5_d6_b01__none,none,memguard,dabd46f07ecd327df2fa,0,0,0,0.8230330348014832,0.17696693539619446
PETS_CREDIT_high_eff_su2_r5_d6_b01__none,none,memguard,24ddc25e1ea6b7792cd0,0,0,0,0.8343601226806641,0.16563986241817474
PETS_CREDIT_high_eff_su2_r5_d6_b01__none,none,memguard,fa88e107f343c7d476d5,0,0,0,0.7528120279312134,0.24718797206878662
PETS_CREDIT_high_eff_su2_r5_d6_b01__none,none,memguard,640d06e42b5ea011ade8,0,0,1,0.2346014380455017,0.7653985619544983
PETS_CREDIT_high_eff_su2_r5_d6_b01__none,none,memguard,a36d92b052080609dee1,0,0,0,0.8235920667648315,0.17640794813632965
PETS_CREDIT_high_eff_su2_r5_d6_b01__none,none,memguard,5a9fcf838ed30a3aac42,0,1,0,0.7747105956077576,0.22528937458992004
PETS_CREDIT_high_eff_su2_r5_d6_b01__none,none,memguard,cb1682c8107d45afcade,0,0,0,0.8288077116012573,0.1711922585964203
PETS_CREDIT_high_eff_su2_r5_d6_b01__none,none,memguard,9f0ccb4eb0a2a0319524,0,1,0,0.8037731051445007,0.19622687995433807
PETS_CREDIT_high_eff_su2_r5_d6_b01__none,none,memguard,51a20249bac3fb051d8a,0,0,0,0.8396337628364563,0.1603662669658661
PETS_CREDIT_high_eff_su2_r5_d6_b01__none,none,memguard,3b9ae330b918d841d986,0,0,0,0.7528034448623657,0.24719658493995667
PETS_CREDIT_high_eff_su2_r5_d6_b01__none,none,memguard,d3f4ebd9602fecf775a2,0,0,0,0.8365470170974731,0.16345299780368805
PETS_CREDIT_high_eff_su2_r5_d6_b01__none,none,memguard,6aa234f97819dd051df4,0,1,0,0.7546019554138184,0.24539810419082642
PETS_CREDIT_high_eff_su2_r5_d6_b01__none,none,memguard,6146ee4e50398bd2590b,0,0,0,0.7687327265739441,0.2312673181295395
PETS_CREDIT_high_eff_su2_r5_d6_b01__none,none,memguard,fa640d7805f9d82a715b,0,1,1,0.2382396161556244,0.7617603540420532
PETS_CREDIT_high_eff_su2_r5_d6_b01__none,none,memguard,952bdb913d2d4c348219,0,0,0,0.8421095609664917,0.1578904092311859
PETS_CREDIT_high_eff_su2_r5_d6_b01__none,none,memguard,23fa7db2ef3f6def0edb,0,0,0,0.8386586308479309,0.16134138405323029
PETS_CREDIT_high_eff_su2_r5_d6_b01__none,none,memguard,6b7219cfa53e1ae4e686,0,0,0,0.7721114754676819,0.22788852453231812
PETS_CREDIT_high_eff_su2_r5_d6_b01__none,none,memguard,aced89ae11db5855474b,0,0,0,0.8415967226028442,0.15840326249599457
PETS_CREDIT_high_eff_su2_r5_d6_b01__none,none,memguard,ca9d19862c77009f5491,0,0,0,0.7880042791366577,0.2119956910610199
PETS_CREDIT_high_eff_su2_r5_d6_b01__none,none,memguard,4d1823ffdb815ae6ecb7,0,0,0,0.8313338160514832,0.16866616904735565
PETS_CREDIT_high_eff_su2_r5_d6_b01__none,none,memguard,f28c583d896798880d4b,0,1,1,0.23829421401023865,0.7617058157920837
PETS_CREDIT_high_eff_su2_r5_d6_b01__none,none,memguard,6bb99c2791ed089335c3,0,0,0,0.8367863893508911,0.16321362555027008
PETS_CREDIT_high_eff_su2_r5_d6_b01__none,none,memguard,cb3611b4495a37479ca8,0,0,0,0.776176929473877,0.22382311522960663
PETS_CREDIT_high_eff_su2_r5_d6_b01__none,none,memguard,e935e8aae78e46bb055f,0,0,0,0.776902437210083,0.223097562789917
PETS_CREDIT_high_eff_su2_r5_d6_b01__none,none,memguard,a3ca0fb9a2bb66673aca,0,0,0,0.8383169174194336,0.1616830676794052
PETS_CREDIT_high_eff_su2_r5_d6_b01__none,none,memguard,ea462e2d261554f47693,0,0,0,0.8330187797546387,0.16698122024536133
PETS_CREDIT_high_eff_su2_r5_d6_b01__none,none,memguard,89f33d9f24d34571b521,0,0,0,0.8308795690536499,0.1691204458475113
PETS_CREDIT_high_eff_su2_r5_d6_b01__none,none,memguard,9cb0a075ed3b1940a582,0,0,1,0.23495522141456604,0.7650448083877563
PETS_CREDIT_high_eff_su2_r5_d6_b01__none,none,memguard,e0ac38996eb0bdc23a98,0,0,0,0.8266505002975464,0.17334946990013123
PETS_CREDIT_high_eff_su2_r5_d6_b01__none,none,memguard,8e8cdc6e5cd89c5db921,0,1,0,0.7986342310905457,0.20136576890945435
PETS_CREDIT_high_eff_su2_r5_d6_b01__none,none,memguard,3600cc2df2f41f06dd9f,0,0,0,0.8396966457366943,0.16030333936214447
PETS_CREDIT_high_eff_su2_r5_d6_b01__none,none,memguard,62b1f018472ab0cad11c,0,1,1,0.20679514110088348,0.7932049036026001
PETS_CREDIT_high_eff_su2_r5_d6_b01__none,none,memguard,69bf508473b2bb6fabc5,0,0,0,0.8379766345024109,0.16202330589294434
PETS_CREDIT_high_eff_su2_r5_d6_b01__none,none,memguard,f1c0204d151bcd56dd44,0,0,0,0.8303738832473755,0.1696261614561081
PETS_CREDIT_high_eff_su2_r5_d6_b01__none,none,memguard,afae12f9bd1a7c209ed4,0,0,1,0.23402979969978333,0.7659701704978943
PETS_CREDIT_high_eff_su2_r5_d6_b01__none,none,memguard,12bf473aaa3440c8b5ff,0,1,1,0.20182839035987854,0.7981715798377991
PETS_CREDIT_high_eff_su2_r5_d6_b01__none,none,memguard,2c42554fc21e34e31618,0,0,0,0.8243539929389954,0.17564599215984344
PETS_CREDIT_high_eff_su2_r5_d6_b01__none,none,memguard,eeb7e3f1ff005ef7d74d,0,0,0,0.8321143388748169,0.1678856462240219
PETS_CREDIT_high_eff_su2_r5_d6_b01__none,none,memguard,b70a187f814bb3f6b896,0,0,0,0.7727426290512085,0.2272573560476303
PETS_CREDIT_high_eff_su2_r5_d6_b01__none,none,memguard,69963fd40681d7eb779e,0,1,0,0.8421137928962708,0.15788614749908447
PETS_CREDIT_high_eff_su2_r5_d6_b01__none,none,memguard,706df103f86b667d27c8,0,0,0,0.8419334292411804,0.15806658565998077
PETS_CREDIT_high_eff_su2_r5_d6_b01__none,none,memguard,6c189be9b000597df02b,0,0,0,0.8410007953643799,0.15899918973445892
PETS_CREDIT_high_eff_su2_r5_d6_b01__none,none,memguard,23c9aff9c3cb7e74418f,0,0,0,0.8246338963508606,0.17536616325378418
PETS_CREDIT_high_eff_su2_r5_d6_b01__none,none,memguard,9e00c9a73f8502e1beb6,0,0,0,0.8334832787513733,0.1665167510509491
PETS_CREDIT_high_eff_su2_r5_d6_b01__none,none,memguard,e64f4ae98dbe9cbf0e78,0,0,0,0.7829891443252563,0.21701085567474365
PETS_CREDIT_high_eff_su2_r5_d6_b01__none,none,memguard,da9134b43c13f8ea3eaf,0,1,0,0.7654579281806946,0.2345421016216278
PETS_CREDIT_high_eff_su2_r5_d6_b01__none,none,memguard,faaca9baf33f8afbd931,0,1,0,0.7738803625106812,0.22611960768699646
PETS_CREDIT_high_eff_su2_r5_d6_b01__none,none,memguard,07849266aa8f190a63f2,0,1,0,0.7719324231147766,0.22806759178638458
PETS_CREDIT_high_eff_su2_r5_d6_b01__none,none,memguard,9806bdd560ccf88a9b56,0,0,1,0.23947684466838837,0.7605232000350952
PETS_CREDIT_high_eff_su2_r5_d6_b01__none,none,memguard,a524ab5db22ecc35929f,0,0,0,0.8375110030174255,0.16248898208141327
PETS_CREDIT_high_eff_su2_r5_d6_b01__none,none,memguard,5d3f74cb6c8c84f1c7a9,0,1,1,0.18181449174880981,0.8181855082511902
PETS_CREDIT_high_eff_su2_r5_d6_b01__none,none,memguard,71e1a80803ef248649c3,0,1,0,0.7653719782829285,0.23462802171707153
PETS_CREDIT_high_eff_su2_r5_d6_b01__none,none,memguard,49e93fd29796be2e21ed,0,1,1,0.23521211743354797,0.7647878527641296
PETS_CREDIT_high_eff_su2_r5_d6_b01__none,none,memguard,128796eb2bd785357a42,0,1,0,0.7726715207099915,0.22732850909233093
PETS_CREDIT_high_eff_su2_r5_d6_b01__none,none,memguard,2478313b949e4a19fec5,0,0,0,0.8308408856391907,0.1691591590642929
PETS_CREDIT_high_eff_su2_r5_d6_b01__none,none,memguard,1de5fd2a3f26ba72a9c1,0,0,0,0.7698439955711365,0.2301560491323471
PETS_CREDIT_high_eff_su2_r5_d6_b01__none,none,memguard,b6a7132e5db71a8c2b53,0,0,0,0.7710156440734863,0.22898437082767487
PETS_CREDIT_high_eff_su2_r5_d6_b01__none,none,memguard,cca86135655a3f3f0727,0,0,0,0.8331083655357361,0.16689160466194153
PETS_CREDIT_high_eff_su2_r5_d6_b01__none,none,memguard,05cfc0ff414af47c03a5,0,0,0,0.7738357186317444,0.226164311170578
PETS_CREDIT_high_eff_su2_r5_d6_b01__none,none,memguard,86ae722f0d37f010ada6,0,0,0,0.8401759266853333,0.15982405841350555
PETS_CREDIT_high_eff_su2_r5_d6_b01__none,none,memguard,be9bfaf596c94c10a528,0,0,0,0.8385101556777954,0.1614898294210434
PETS_CREDIT_high_eff_su2_r5_d6_b01__none,none,memguard,e60d07bd2196508fe656,0,0,0,0.7757927775382996,0.22420723736286163
PETS_CREDIT_high_eff_su2_r5_d6_b01__none,none,memguard,38b74132b04f4f54702c,0,1,1,0.2236120104789734,0.7763879895210266
PETS_CREDIT_high_eff_su2_r5_d6_b01__none,none,memguard,34cd383be85fcb382ea6,0,0,0,0.8006110191345215,0.1993889957666397
PETS_CREDIT_high_eff_su2_r5_d6_b01__none,none,memguard,5f861fea617a3ee7da16,0,0,0,0.7702329158782959,0.2297670543193817
PETS_CREDIT_high_eff_su2_r5_d6_b01__none,none,memguard,c026d0cfa5b1e35d07fe,0,1,1,0.2283860743045807,0.7716138958930969
PETS_CREDIT_high_eff_su2_r5_d6_b01__none,none,memguard,9d22795430fd2e16c8dc,0,1,1,0.2323562651872635,0.7676437497138977
PETS_CREDIT_high_eff_su2_r5_d6_b01__none,none,memguard,5c7d8f33e88909bece76,0,0,0,0.7683469653129578,0.23165306448936462
PETS_CREDIT_high_eff_su2_r5_d6_b01__none,none,memguard,7cca6a89daa8ec654b93,0,0,0,0.8265389800071716,0.17346099019050598
PETS_CREDIT_high_eff_su2_r5_d6_b01__none,none,memguard,69d9f267431b625e3ab6,0,1,0,0.8308072686195374,0.16919276118278503
PETS_CREDIT_high_eff_su2_r5_d6_b01__none,none,memguard,c684bddcfbca03359777,0,1,0,0.7597973942756653,0.2402026206254959
PETS_CREDIT_high_eff_su2_r5_d6_b01__none,none,memguard,d186b88534c1a687d1fd,0,0,0,0.8330091834068298,0.16699081659317017
PETS_CREDIT_high_eff_su2_r5_d6_b01__none,none,memguard,bd462eab4ac062244f72,0,0,0,0.8414451479911804,0.1585548371076584
PETS_CREDIT_high_eff_su2_r5_d6_b01__none,none,memguard,f8230eeb11ce4504ac0d,0,0,0,0.8304835557937622,0.1695164442062378
PETS_CREDIT_high_eff_su2_r5_d6_b01__none,none,memguard,5a2759bc40afd8b67be0,0,0,1,0.22459612786769867,0.7754038572311401
PETS_CREDIT_high_eff_su2_r5_d6_b01__none,none,memguard,5c05a4c2ad473664e305,0,0,0,0.8082695007324219,0.19173051416873932
PETS_CREDIT_high_eff_su2_r5_d6_b01__none,none,memguard,454401dbf09cdd915140,0,0,0,0.771422266960144,0.22857774794101715
PETS_CREDIT_high_eff_su2_r5_d6_b01__none,none,memguard,22b00e614fc8c9d5c74f,0,0,0,0.832643449306488,0.16735653579235077
PETS_CREDIT_high_eff_su2_r5_d6_b01__none,none,memguard,33f0b58e500322fafc02,0,0,0,0.777549684047699,0.22245028614997864
PETS_CREDIT_high_eff_su2_r5_d6_b01__none,none,memguard,16f7e23f7aabcd74a31a,0,0,0,0.8136192560195923,0.18638071417808533
PETS_CREDIT_high_eff_su2_r5_d6_b01__none,none,memguard,e9aa13f77c0f352b0b1d,0,1,1,0.2273496687412262,0.7726503014564514
PETS_CREDIT_high_eff_su2_r5_d6_b01__none,none,memguard,0f6b78a3676f704d8ccb,0,1,0,0.7656210660934448,0.23437893390655518
PETS_CREDIT_high_eff_su2_r5_d6_b01__none,none,memguard,554005cca9a020862607,0,0,0,0.8403614163398743,0.15963859856128693
PETS_CREDIT_high_eff_su2_r5_d6_b01__none,none,logitguard_continuous,ae429a6a1d645aacb94e,1,0,0,0.812044620513916,0.18795539438724518
PETS_CREDIT_high_eff_su2_r5_d6_b01__none,none,logitguard_continuous,70d271c728323ea28d90,1,0,0,0.7992024421691895,0.20079758763313293
PETS_CREDIT_high_eff_su2_r5_d6_b01__none,none,logitguard_continuous,434123980ae7f6c38b02,1,0,0,0.7799944281578064,0.220005601644516
PETS_CREDIT_high_eff_su2_r5_d6_b01__none,none,logitguard_continuous,b84ff32b3c14263b0dd5,1,1,1,0.2247016429901123,0.7752983570098877
PETS_CREDIT_high_eff_su2_r5_d6_b01__none,none,logitguard_continuous,66fa33821884d4568b02,1,0,0,0.7970318794250488,0.20296816527843475
PETS_CREDIT_high_eff_su2_r5_d6_b01__none,none,logitguard_continuous,69ef03b5c6f4f7ecef33,1,0,0,0.7998062372207642,0.20019373297691345
PETS_CREDIT_high_eff_su2_r5_d6_b01__none,none,logitguard_continuous,c91e3b5a028c06ad1f92,1,0,0,0.7958995699882507,0.20410043001174927
PETS_CREDIT_high_eff_su2_r5_d6_b01__none,none,logitguard_continuous,272c38b1ecd099be7890,1,0,0,0.8039637207984924,0.19603632390499115
PETS_CREDIT_high_eff_su2_r5_d6_b01__none,none,logitguard_continuous,192395141a760795b97a,1,0,0,0.796737551689148,0.20326244831085205
PETS_CREDIT_high_eff_su2_r5_d6_b01__none,none,logitguard_continuous,ebaf9b6eb6ecde9fb27d,1,0,0,0.7942603230476379,0.20573967695236206
PETS_CREDIT_high_eff_su2_r5_d6_b01__none,none,logitguard_continuous,eaab06e0e9770f0cb322,1,0,0,0.7866465449333191,0.2133534550666809
PETS_CREDIT_high_eff_su2_r5_d6_b01__none,none,logitguard_continuous,09c28941e61886717e09,1,0,0,0.8148611783981323,0.18513886630535126
PETS_CREDIT_high_eff_su2_r5_d6_b01__none,none,logitguard_continuous,092efc45ab978715a8fa,1,0,0,0.7981292009353638,0.20187082886695862
PETS_CREDIT_high_eff_su2_r5_d6_b01__none,none,logitguard_continuous,bf5a9031a45524933e21,1,0,0,0.8038157820701599,0.19618423283100128
PETS_CREDIT_high_eff_su2_r5_d6_b01__none,none,logitguard_continuous,e8613e68d8ca2ea9e7fd,1,0,0,0.8057541251182556,0.19424587488174438
PETS_CREDIT_high_eff_su2_r5_d6_b01__none,none,logitguard_continuous,d606f1831b9734bb90e1,1,0,0,0.8093570470809937,0.19064287841320038
PETS_CREDIT_high_eff_su2_r5_d6_b01__none,none,logitguard_continuous,ac5f40db5db91c18a83b,1,1,1,0.20207300782203674,0.7979270219802856
PETS_CREDIT_high_eff_su2_r5_d6_b01__none,none,logitguard_continuous,f97851146238bb9a3754,1,0,0,0.7957226037979126,0.20427736639976501
PETS_CREDIT_high_eff_su2_r5_d6_b01__none,none,logitguard_continuous,d2c3d34fb102babfa194,1,0,0,0.80225670337677,0.1977432668209076
PETS_CREDIT_high_eff_su2_r5_d6_b01__none,none,logitguard_continuous,81817fc85a01b1cc7dcf,1,0,0,0.8035597205162048,0.19644026458263397
PETS_CREDIT_high_eff_su2_r5_d6_b01__none,none,logitguard_continuous,a55e4e1cd3465563efc4,1,0,0,0.8037275671958923,0.19627247750759125
PETS_CREDIT_high_eff_su2_r5_d6_b01__none,none,logitguard_continuous,c0daa10532a8487ca803,1,1,0,0.7801955342292786,0.21980446577072144
PETS_CREDIT_high_eff_su2_r5_d6_b01__none,none,logitguard_continuous,ab97fae957e08270ffce,1,1,1,0.2001316100358963,0.7998684048652649
PETS_CREDIT_high_eff_su2_r5_d6_b01__none,none,logitguard_continuous,0674ce029ebb21d32e38,1,0,0,0.7971156239509583,0.20288440585136414
PETS_CREDIT_high_eff_su2_r5_d6_b01__none,none,logitguard_continuous,fbbb0f469e10095b9cc1,1,0,0,0.8018398284912109,0.19816015660762787
PETS_CREDIT_high_eff_su2_r5_d6_b01__none,none,logitguard_continuous,bfa7b1aca5d187760a16,1,0,0,0.7622606754302979,0.23773933947086334
PETS_CREDIT_high_eff_su2_r5_d6_b01__none,none,logitguard_continuous,26b6a5da65cdaeb8e184,1,0,0,0.7984830141067505,0.2015170007944107
PETS_CREDIT_high_eff_su2_r5_d6_b01__none,none,logitguard_continuous,22730a71b34176a3ba37,1,0,0,0.7940617799758911,0.2059382200241089
PETS_CREDIT_high_eff_su2_r5_d6_b01__none,none,logitguard_continuous,356e520dcf3a6473ffb2,1,0,0,0.8068575263023376,0.19314250349998474
PETS_CREDIT_high_eff_su2_r5_d6_b01__none,none,logitguard_continuous,e76cce60bc3507d0d7b2,1,0,0,0.8231337070465088,0.176866352558136
PETS_CREDIT_high_eff_su2_r5_d6_b01__none,none,logitguard_continuous,5584930e99aa4007d628,1,0,0,0.794379711151123,0.20562030375003815
PETS_CREDIT_high_eff_su2_r5_d6_b01__none,none,logitguard_continuous,7c7fe88dcec806be29da,1,0,0,0.7984285354614258,0.20157146453857422
PETS_CREDIT_high_eff_su2_r5_d6_b01__none,none,logitguard_continuous,9eb158e3cbe5bc901e26,1,1,1,0.19257700443267822,0.8074229955673218
PETS_CREDIT_high_eff_su2_r5_d6_b01__none,none,logitguard_continuous,4e545ca4791d65f44351,1,0,0,0.7910650372505188,0.20893494784832
PETS_CREDIT_high_eff_su2_r5_d6_b01__none,none,logitguard_continuous,7105743f10682ac4a1cc,1,0,0,0.791037917137146,0.2089621126651764
PETS_CREDIT_high_eff_su2_r5_d6_b01__none,none,logitguard_continuous,25282b20e9c64236ec4d,1,1,0,0.7950498461723328,0.20495015382766724
PETS_CREDIT_high_eff_su2_r5_d6_b01__none,none,logitguard_continuous,5688d9df8bbfc61d89e9,1,1,0,0.7982880473136902,0.20171195268630981
PETS_CREDIT_high_eff_su2_r5_d6_b01__none,none,logitguard_continuous,8f95586c1c6fb3f2a750,1,1,0,0.7876414060592651,0.21235859394073486
PETS_CREDIT_high_eff_su2_r5_d6_b01__none,none,logitguard_continuous,6c0e663b6848864dc914,1,0,0,0.7887917160987854,0.21120832860469818
PETS_CREDIT_high_eff_su2_r5_d6_b01__none,none,logitguard_continuous,07d4d260e30d7cf5b71f,1,0,0,0.7977730631828308,0.20222695171833038
PETS_CREDIT_high_eff_su2_r5_d6_b01__none,none,logitguard_continuous,5cb75d859aa2d3df94b0,1,0,0,0.7963380813598633,0.20366190373897552
PETS_CREDIT_high_eff_su2_r5_d6_b01__none,none,logitguard_continuous,c536d8f2ff559c7756e7,1,0,0,0.7905654907226562,0.20943450927734375
PETS_CREDIT_high_eff_su2_r5_d6_b01__none,none,logitguard_continuous,d8e3c3c718aea110b2d9,1,0,0,0.794506311416626,0.20549368858337402
PETS_CREDIT_high_eff_su2_r5_d6_b01__none,none,logitguard_continuous,7311863aa70952806ffc,1,0,0,0.8089708089828491,0.19102922081947327
PETS_CREDIT_high_eff_su2_r5_d6_b01__none,none,logitguard_continuous,0ffd3e39286157b02ad4,1,1,0,0.7968865036964417,0.20311352610588074
PETS_CREDIT_high_eff_su2_r5_d6_b01__none,none,logitguard_continuous,dfc3621c683cc1e703cf,1,1,1,0.22143466770648956,0.7785653471946716
PETS_CREDIT_high_eff_su2_r5_d6_b01__none,none,logitguard_continuous,f073d35785cf76f1409c,1,1,0,0.8000291585922241,0.19997090101242065
PETS_CREDIT_high_eff_su2_r5_d6_b01__none,none,logitguard_continuous,7673e8a0f0b037cc51e5,1,0,0,0.8041571378707886,0.19584278762340546
PETS_CREDIT_high_eff_su2_r5_d6_b01__none,none,logitguard_continuous,ce8a11f272895da8cd7f,1,0,0,0.8054138422012329,0.19458621740341187
PETS_CREDIT_high_eff_su2_r5_d6_b01__none,none,logitguard_continuous,b0f47ae4b56b3aa4d111,1,0,0,0.7929787039756775,0.2070213109254837
PETS_CREDIT_high_eff_su2_r5_d6_b01__none,none,logitguard_continuous,49b15e9ec4784be42cd2,1,0,0,0.7971782684326172,0.2028217315673828
PETS_CREDIT_high_eff_su2_r5_d6_b01__none,none,logitguard_continuous,a62d80fa1349c54517ce,1,1,0,0.8020458817481995,0.1979541778564453
PETS_CREDIT_high_eff_su2_r5_d6_b01__none,none,logitguard_continuous,f3ca91dd8e5aba8d83d9,1,0,0,0.7941756248474121,0.20582440495491028
PETS_CREDIT_high_eff_su2_r5_d6_b01__none,none,logitguard_continuous,196d92dfff0523a23237,1,1,0,0.7877611517906189,0.2122388631105423
PETS_CREDIT_high_eff_su2_r5_d6_b01__none,none,logitguard_continuous,c9e5785745f04cec0d37,1,0,0,0.7953744530677795,0.20462557673454285
PETS_CREDIT_high_eff_su2_r5_d6_b01__none,none,logitguard_continuous,a5628044ec0880a52490,1,0,0,0.8011240363121033,0.19887597858905792
PETS_CREDIT_high_eff_su2_r5_d6_b01__none,none,logitguard_continuous,d9170d275d5e05922e82,1,0,0,0.7935194969177246,0.2064804881811142
PETS_CREDIT_high_eff_su2_r5_d6_b01__none,none,logitguard_continuous,988a4b4dcb53bafffb01,1,0,0,0.7945936918258667,0.2054062783718109
PETS_CREDIT_high_eff_su2_r5_d6_b01__none,none,logitguard_continuous,52f455fd245c9327442c,1,0,0,0.80061274766922,0.19938728213310242
PETS_CREDIT_high_eff_su2_r5_d6_b01__none,none,logitguard_continuous,418dd0dffa2f4aacf5a8,1,0,0,0.8030316233634949,0.19696840643882751
PETS_CREDIT_high_eff_su2_r5_d6_b01__none,none,logitguard_continuous,c053f623dd8f2bfb7915,1,1,1,0.22517864406108856,0.7748213410377502
PETS_CREDIT_high_eff_su2_r5_d6_b01__none,none,logitguard_continuous,f35a2648fd72f049ecda,1,1,1,0.20436051487922668,0.7956394553184509
PETS_CREDIT_high_eff_su2_r5_d6_b01__none,none,logitguard_continuous,0a09121dee0e5db09dfe,1,1,0,0.7981480360031128,0.20185193419456482
PETS_CREDIT_high_eff_su2_r5_d6_b01__none,none,logitguard_continuous,bf465d63c434358f77e4,1,0,0,0.8066951036453247,0.1933048665523529
PETS_CREDIT_high_eff_su2_r5_d6_b01__none,none,logitguard_continuous,6ea2a519a69c09016323,1,0,0,0.7945595979690552,0.2054404467344284
PETS_CREDIT_high_eff_su2_r5_d6_b01__none,none,logitguard_continuous,2379dd478643b9cc0bc1,1,0,0,0.813869059085846,0.18613088130950928
PETS_CREDIT_high_eff_su2_r5_d6_b01__none,none,logitguard_continuous,c75c31af2389cc3a594f,1,0,0,0.7971990704536438,0.2028009295463562
PETS_CREDIT_high_eff_su2_r5_d6_b01__none,none,logitguard_continuous,619b46d6086e6aad3d84,1,0,0,0.765172004699707,0.23482805490493774
PETS_CREDIT_high_eff_su2_r5_d6_b01__none,none,logitguard_continuous,347bd04364dce3c5342e,1,0,0,0.7940271496772766,0.20597288012504578
PETS_CREDIT_high_eff_su2_r5_d6_b01__none,none,logitguard_continuous,4aa64c627cb9b82d7f42,1,1,0,0.8019648790359497,0.1980351358652115
PETS_CREDIT_high_eff_su2_r5_d6_b01__none,none,logitguard_continuous,932ae6d0f203c398e4b5,1,0,1,0.23121605813503265,0.7687839865684509
PETS_CREDIT_high_eff_su2_r5_d6_b01__none,none,logitguard_continuous,aaff47c50ec280d97eda,1,0,0,0.7915860414505005,0.20841394364833832
PETS_CREDIT_high_eff_su2_r5_d6_b01__none,none,logitguard_continuous,7be2869c238aa35d440a,1,1,0,0.7993016242980957,0.2006983458995819
PETS_CREDIT_high_eff_su2_r5_d6_b01__none,none,logitguard_continuous,bacc1c25b75ae0e1b780,1,0,0,0.8883163928985596,0.11168362200260162
PETS_CREDIT_high_eff_su2_r5_d6_b01__none,none,logitguard_continuous,9fc5fbe55717fe6862a4,1,0,0,0.8021649122238159,0.19783508777618408
PETS_CREDIT_high_eff_su2_r5_d6_b01__none,none,logitguard_continuous,00405a37dd709b2d51a8,1,0,0,0.8003067374229431,0.1996932476758957
PETS_CREDIT_high_eff_su2_r5_d6_b01__none,none,logitguard_continuous,01e7168ae2a624ff9916,1,1,1,0.20479002594947815,0.7952100038528442
PETS_CREDIT_high_eff_su2_r5_d6_b01__none,none,logitguard_continuous,c8a7bd1cd35ba1e89b80,1,0,0,0.800167441368103,0.19983260333538055
PETS_CREDIT_high_eff_su2_r5_d6_b01__none,none,logitguard_continuous,877b93e6aa8797d2cd0b,1,0,0,0.786641001701355,0.2133590430021286
PETS_CREDIT_high_eff_su2_r5_d6_b01__none,none,logitguard_continuous,6dcf5bf2e9c47f5b5091,1,0,0,0.8010827898979187,0.1989171802997589
PETS_CREDIT_high_eff_su2_r5_d6_b01__none,none,logitguard_continuous,c50e57ca37a497df3a13,1,0,0,0.8013046979904175,0.19869528710842133
PETS_CREDIT_high_eff_su2_r5_d6_b01__none,none,logitguard_continuous,39c00d7f6c47885c6fc2,1,1,0,0.7962278127670288,0.2037721872329712
PETS_CREDIT_high_eff_su2_r5_d6_b01__none,none,logitguard_continuous,e3e282f64bed70282149,1,0,0,0.8019458055496216,0.19805416464805603
PETS_CREDIT_high_eff_su2_r5_d6_b01__none,none,logitguard_continuous,5383d08662564ec7ab0d,1,0,0,0.7954308390617371,0.20456914603710175
PETS_CREDIT_high_eff_su2_r5_d6_b01__none,none,logitguard_continuous,e030c0aa4ae0f1011f2f,1,0,0,0.7944965958595276,0.2055034637451172
PETS_CREDIT_high_eff_su2_r5_d6_b01__none,none,logitguard_continuous,1819fe5c399a17316fee,1,0,0,0.8149374723434448,0.18506252765655518
PETS_CREDIT_high_eff_su2_r5_d6_b01__none,none,logitguard_continuous,d75c3e52dbcaf5a5ec2a,1,0,0,0.8024141788482666,0.1975858211517334
PETS_CREDIT_high_eff_su2_r5_d6_b01__none,none,logitguard_continuous,a1b01a469dc7802f51d3,1,0,0,0.7983167171478271,0.20168332755565643
PETS_CREDIT_high_eff_su2_r5_d6_b01__none,none,logitguard_continuous,a9752ae3047aff503fb3,1,1,0,0.8026632070541382,0.1973368525505066
PETS_CREDIT_high_eff_su2_r5_d6_b01__none,none,logitguard_continuous,85bbf6f61dd23b95b6e7,1,0,0,0.8005773425102234,0.1994227021932602
PETS_CREDIT_high_eff_su2_r5_d6_b01__none,none,logitguard_continuous,1313972ddf1c6e9eb2c9,1,0,0,0.8024922609329224,0.19750773906707764
PETS_CREDIT_high_eff_su2_r5_d6_b01__none,none,logitguard_continuous,ab00e756b29c98fd6674,1,0,0,0.7909002304077148,0.20909975469112396
PETS_CREDIT_high_eff_su2_r5_d6_b01__none,none,logitguard_continuous,4b8fbfef25d81e60d4a6,1,0,0,0.8227628469467163,0.1772371381521225
PETS_CREDIT_high_eff_su2_r5_d6_b01__none,none,logitguard_continuous,e0b33cacbadcac9f3d26,1,1,1,0.20686249434947968,0.7931375503540039
PETS_CREDIT_high_eff_su2_r5_d6_b01__none,none,logitguard_continuous,f05df67fe5ac7ed38643,1,0,0,0.7957359552383423,0.2042640745639801
PETS_CREDIT_high_eff_su2_r5_d6_b01__none,none,logitguard_continuous,5f9c02f5ec03a28e4f53,1,0,0,0.7972398400306702,0.20276008546352386
PETS_CREDIT_high_eff_su2_r5_d6_b01__none,none,logitguard_continuous,c2f9d20d5b53c00ef5f4,1,0,0,0.8046254515647888,0.19537459313869476
PETS_CREDIT_high_eff_su2_r5_d6_b01__none,none,logitguard_continuous,cec5a851be4f6e7c0887,1,0,0,0.7880100607872009,0.21198998391628265
PETS_CREDIT_high_eff_su2_r5_d6_b01__none,none,logitguard_continuous,402e2e33d278085f817f,1,0,0,0.7893496155738831,0.21065036952495575
PETS_CREDIT_high_eff_su2_r5_d6_b01__none,none,logitguard_continuous,4df4658f2eb41564da87,1,0,0,0.799647867679596,0.20035213232040405
PETS_CREDIT_high_eff_su2_r5_d6_b01__none,none,logitguard_continuous,b2afd8ac93139c6436ca,0,1,0,0.8025326132774353,0.1974673867225647
PETS_CREDIT_high_eff_su2_r5_d6_b01__none,none,logitguard_continuous,6a05ad28a1fdde9b37a0,0,0,0,0.8089104890823364,0.19108954071998596
PETS_CREDIT_high_eff_su2_r5_d6_b01__none,none,logitguard_continuous,f2ee369cdc3625e84402,0,1,0,0.7969743013381958,0.2030256986618042
PETS_CREDIT_high_eff_su2_r5_d6_b01__none,none,logitguard_continuous,ed23b85566b3c29eb402,0,0,0,0.7933033108711243,0.2066967487335205
PETS_CREDIT_high_eff_su2_r5_d6_b01__none,none,logitguard_continuous,952fc09bd28a9501f067,0,0,0,0.79298996925354,0.20701001584529877
PETS_CREDIT_high_eff_su2_r5_d6_b01__none,none,logitguard_continuous,2482d33087029d45a132,0,0,0,0.7717745304107666,0.2282254695892334
PETS_CREDIT_high_eff_su2_r5_d6_b01__none,none,logitguard_continuous,77bd1f5032833eb7273a,0,0,0,0.7855918407440186,0.21440814435482025
PETS_CREDIT_high_eff_su2_r5_d6_b01__none,none,logitguard_continuous,10857fff110d97bd3529,0,1,1,0.19761879742145538,0.8023812174797058
PETS_CREDIT_high_eff_su2_r5_d6_b01__none,none,logitguard_continuous,6d9336fba414d9de6ac7,0,0,1,0.20328888297080994,0.7967111468315125
PETS_CREDIT_high_eff_su2_r5_d6_b01__none,none,logitguard_continuous,d6c8d45da14422740d61,0,0,0,0.7950438857078552,0.2049560844898224
PETS_CREDIT_high_eff_su2_r5_d6_b01__none,none,logitguard_continuous,59023d919d8b02411eba,0,0,0,0.7974515557289124,0.20254844427108765
PETS_CREDIT_high_eff_su2_r5_d6_b01__none,none,logitguard_continuous,b879cfcb02d4d81aeba4,0,0,0,0.7932438254356384,0.20675617456436157
PETS_CREDIT_high_eff_su2_r5_d6_b01__none,none,logitguard_continuous,3b2a390113c4d06485dc,0,0,0,0.7946853637695312,0.20531469583511353
PETS_CREDIT_high_eff_su2_r5_d6_b01__none,none,logitguard_continuous,8571d45bb39f427604ed,0,0,0,0.8074420094490051,0.19255802035331726
PETS_CREDIT_high_eff_su2_r5_d6_b01__none,none,logitguard_continuous,361e8f44b1d1611bef7b,0,1,0,0.7998738288879395,0.20012617111206055
PETS_CREDIT_high_eff_su2_r5_d6_b01__none,none,logitguard_continuous,d7e4461c953d3771c6a7,0,0,0,0.8050690293312073,0.19493098556995392
PETS_CREDIT_high_eff_su2_r5_d6_b01__none,none,logitguard_continuous,ec68553efb16cb1101b4,0,0,0,0.7746564745903015,0.2253435254096985
PETS_CREDIT_high_eff_su2_r5_d6_b01__none,none,logitguard_continuous,dabd46f07ecd327df2fa,0,0,0,0.7996626496315002,0.20033735036849976
PETS_CREDIT_high_eff_su2_r5_d6_b01__none,none,logitguard_continuous,24ddc25e1ea6b7792cd0,0,0,0,0.8003141283988953,0.19968585669994354
PETS_CREDIT_high_eff_su2_r5_d6_b01__none,none,logitguard_continuous,fa88e107f343c7d476d5,0,0,0,0.7931519746780396,0.20684805512428284
PETS_CREDIT_high_eff_su2_r5_d6_b01__none,none,logitguard_continuous,640d06e42b5ea011ade8,0,0,1,0.20537862181663513,0.7946214079856873
PETS_CREDIT_high_eff_su2_r5_d6_b01__none,none,logitguard_continuous,a36d92b052080609dee1,0,0,0,0.8016029596328735,0.19839705526828766
PETS_CREDIT_high_eff_su2_r5_d6_b01__none,none,logitguard_continuous,5a9fcf838ed30a3aac42,0,1,0,0.8017103672027588,0.1982896775007248
PETS_CREDIT_high_eff_su2_r5_d6_b01__none,none,logitguard_continuous,cb1682c8107d45afcade,0,0,0,0.7946725487709045,0.20532746613025665
PETS_CREDIT_high_eff_su2_r5_d6_b01__none,none,logitguard_continuous,9f0ccb4eb0a2a0319524,0,1,0,0.8050951361656189,0.1949048489332199
PETS_CREDIT_high_eff_su2_r5_d6_b01__none,none,logitguard_continuous,51a20249bac3fb051d8a,0,0,0,0.7975881099700928,0.20241189002990723
PETS_CREDIT_high_eff_su2_r5_d6_b01__none,none,logitguard_continuous,3b9ae330b918d841d986,0,0,0,0.8069512844085693,0.19304868578910828
PETS_CREDIT_high_eff_su2_r5_d6_b01__none,none,logitguard_continuous,d3f4ebd9602fecf775a2,0,0,0,0.8048359155654907,0.19516411423683167
PETS_CREDIT_high_eff_su2_r5_d6_b01__none,none,logitguard_continuous,6aa234f97819dd051df4,0,1,0,0.794730544090271,0.20526942610740662
PETS_CREDIT_high_eff_su2_r5_d6_b01__none,none,logitguard_continuous,6146ee4e50398bd2590b,0,0,0,0.7768967747688293,0.22310326993465424
PETS_CREDIT_high_eff_su2_r5_d6_b01__none,none,logitguard_continuous,fa640d7805f9d82a715b,0,1,1,0.220846027135849,0.7791540026664734
PETS_CREDIT_high_eff_su2_r5_d6_b01__none,none,logitguard_continuous,952bdb913d2d4c348219,0,0,0,0.8235634565353394,0.17643651366233826
PETS_CREDIT_high_eff_su2_r5_d6_b01__none,none,logitguard_continuous,23fa7db2ef3f6def0edb,0,0,0,0.8025496602058411,0.19745030999183655
PETS_CREDIT_high_eff_su2_r5_d6_b01__none,none,logitguard_continuous,6b7219cfa53e1ae4e686,0,0,0,0.7949500679969788,0.20504991710186005
PETS_CREDIT_high_eff_su2_r5_d6_b01__none,none,logitguard_continuous,aced89ae11db5855474b,0,0,0,0.8020030856132507,0.19799692928791046
PETS_CREDIT_high_eff_su2_r5_d6_b01__none,none,logitguard_continuous,ca9d19862c77009f5491,0,0,0,0.798289954662323,0.20171010494232178
PETS_CREDIT_high_eff_su2_r5_d6_b01__none,none,logitguard_continuous,4d1823ffdb815ae6ecb7,0,0,0,0.7900552153587341,0.20994479954242706
PETS_CREDIT_high_eff_su2_r5_d6_b01__none,none,logitguard_continuous,f28c583d896798880d4b,0,1,1,0.20670431852340698,0.793295681476593
PETS_CREDIT_high_eff_su2_r5_d6_b01__none,none,logitguard_continuous,6bb99c2791ed089335c3,0,0,0,0.8055342435836792,0.1944657564163208
PETS_CREDIT_high_eff_su2_r5_d6_b01__none,none,logitguard_continuous,cb3611b4495a37479ca8,0,0,0,0.807752788066864,0.19224725663661957
PETS_CREDIT_high_eff_su2_r5_d6_b01__none,none,logitguard_continuous,e935e8aae78e46bb055f,0,0,0,0.7972482442855835,0.20275172591209412
PETS_CREDIT_high_eff_su2_r5_d6_b01__none,none,logitguard_continuous,a3ca0fb9a2bb66673aca,0,0,0,0.7844577431678772,0.2155422419309616
PETS_CREDIT_high_eff_su2_r5_d6_b01__none,none,logitguard_continuous,ea462e2d261554f47693,0,0,0,0.804090142250061,0.19590982794761658
PETS_CREDIT_high_eff_su2_r5_d6_b01__none,none,logitguard_continuous,89f33d9f24d34571b521,0,0,0,0.7897417545318604,0.21025826036930084
PETS_CREDIT_high_eff_su2_r5_d6_b01__none,none,logitguard_continuous,9cb0a075ed3b1940a582,0,0,1,0.21979592740535736,0.7802040576934814
PETS_CREDIT_high_eff_su2_r5_d6_b01__none,none,logitguard_continuous,e0ac38996eb0bdc23a98,0,0,0,0.7899620532989502,0.2100379317998886
PETS_CREDIT_high_eff_su2_r5_d6_b01__none,none,logitguard_continuous,8e8cdc6e5cd89c5db921,0,1,0,0.7972065806388855,0.2027934491634369
PETS_CREDIT_high_eff_su2_r5_d6_b01__none,none,logitguard_continuous,3600cc2df2f41f06dd9f,0,0,0,0.8073168396949768,0.1926831603050232
PETS_CREDIT_high_eff_su2_r5_d6_b01__none,none,logitguard_continuous,62b1f018472ab0cad11c,0,1,1,0.202815443277359,0.7971845865249634
PETS_CREDIT_high_eff_su2_r5_d6_b01__none,none,logitguard_continuous,69bf508473b2bb6fabc5,0,0,0,0.7954230904579163,0.20457693934440613
PETS_CREDIT_high_eff_su2_r5_d6_b01__none,none,logitguard_continuous,f1c0204d151bcd56dd44,0,0,0,0.8033244013786316,0.196675643324852
PETS_CREDIT_high_eff_su2_r5_d6_b01__none,none,logitguard_continuous,afae12f9bd1a7c209ed4,0,0,1,0.22109679877758026,0.7789031863212585
PETS_CREDIT_high_eff_su2_r5_d6_b01__none,none,logitguard_continuous,12bf473aaa3440c8b5ff,0,1,1,0.20428380370140076,0.7957161664962769
PETS_CREDIT_high_eff_su2_r5_d6_b01__none,none,logitguard_continuous,2c42554fc21e34e31618,0,0,0,0.7972593307495117,0.2027406394481659
PETS_CREDIT_high_eff_su2_r5_d6_b01__none,none,logitguard_continuous,eeb7e3f1ff005ef7d74d,0,0,0,0.825179934501648,0.17482009530067444
PETS_CREDIT_high_eff_su2_r5_d6_b01__none,none,logitguard_continuous,b70a187f814bb3f6b896,0,0,0,0.7751793265342712,0.22482064366340637
PETS_CREDIT_high_eff_su2_r5_d6_b01__none,none,logitguard_continuous,69963fd40681d7eb779e,0,1,0,0.7938677668571472,0.20613223314285278
PETS_CREDIT_high_eff_su2_r5_d6_b01__none,none,logitguard_continuous,706df103f86b667d27c8,0,0,0,0.8022383451461792,0.197761669754982
PETS_CREDIT_high_eff_su2_r5_d6_b01__none,none,logitguard_continuous,6c189be9b000597df02b,0,0,0,0.8000043630599976,0.19999565184116364
PETS_CREDIT_high_eff_su2_r5_d6_b01__none,none,logitguard_continuous,23c9aff9c3cb7e74418f,0,0,0,0.8154025077819824,0.18459749221801758
PETS_CREDIT_high_eff_su2_r5_d6_b01__none,none,logitguard_continuous,9e00c9a73f8502e1beb6,0,0,0,0.8054876923561096,0.1945122927427292
PETS_CREDIT_high_eff_su2_r5_d6_b01__none,none,logitguard_continuous,e64f4ae98dbe9cbf0e78,0,0,0,0.800525963306427,0.199474036693573
PETS_CREDIT_high_eff_su2_r5_d6_b01__none,none,logitguard_continuous,da9134b43c13f8ea3eaf,0,1,0,0.780653715133667,0.21934625506401062
PETS_CREDIT_high_eff_su2_r5_d6_b01__none,none,logitguard_continuous,faaca9baf33f8afbd931,0,1,0,0.8002446889877319,0.19975535571575165
PETS_CREDIT_high_eff_su2_r5_d6_b01__none,none,logitguard_continuous,07849266aa8f190a63f2,0,1,0,0.7842692732810974,0.21573074162006378
PETS_CREDIT_high_eff_su2_r5_d6_b01__none,none,logitguard_continuous,9806bdd560ccf88a9b56,0,0,1,0.2221686691045761,0.7778313159942627
PETS_CREDIT_high_eff_su2_r5_d6_b01__none,none,logitguard_continuous,a524ab5db22ecc35929f,0,0,0,0.8054715394973755,0.1945284903049469
PETS_CREDIT_high_eff_su2_r5_d6_b01__none,none,logitguard_continuous,5d3f74cb6c8c84f1c7a9,0,1,1,0.2010604739189148,0.7989395260810852
PETS_CREDIT_high_eff_su2_r5_d6_b01__none,none,logitguard_continuous,71e1a80803ef248649c3,0,1,0,0.7945861220359802,0.20541390776634216
PETS_CREDIT_high_eff_su2_r5_d6_b01__none,none,logitguard_continuous,49e93fd29796be2e21ed,0,1,1,0.2200755625963211,0.7799244523048401
PETS_CREDIT_high_eff_su2_r5_d6_b01__none,none,logitguard_continuous,128796eb2bd785357a42,0,1,0,0.7930393218994141,0.20696069300174713
PETS_CREDIT_high_eff_su2_r5_d6_b01__none,none,logitguard_continuous,2478313b949e4a19fec5,0,0,0,0.7946369647979736,0.20536305010318756
PETS_CREDIT_high_eff_su2_r5_d6_b01__none,none,logitguard_continuous,1de5fd2a3f26ba72a9c1,0,0,0,0.7932521104812622,0.2067478895187378
PETS_CREDIT_high_eff_su2_r5_d6_b01__none,none,logitguard_continuous,b6a7132e5db71a8c2b53,0,0,0,0.7938603758811951,0.20613960921764374
PETS_CREDIT_high_eff_su2_r5_d6_b01__none,none,logitguard_continuous,cca86135655a3f3f0727,0,0,0,0.7997750043869019,0.20022502541542053
PETS_CREDIT_high_eff_su2_r5_d6_b01__none,none,logitguard_continuous,05cfc0ff414af47c03a5,0,0,0,0.7763885855674744,0.22361142933368683
PETS_CREDIT_high_eff_su2_r5_d6_b01__none,none,logitguard_continuous,86ae722f0d37f010ada6,0,0,0,0.7962532639503479,0.2037467360496521
PETS_CREDIT_high_eff_su2_r5_d6_b01__none,none,logitguard_continuous,be9bfaf596c94c10a528,0,0,0,0.8108698129653931,0.18913017213344574
PETS_CREDIT_high_eff_su2_r5_d6_b01__none,none,logitguard_continuous,e60d07bd2196508fe656,0,0,0,0.7906347513198853,0.20936527848243713
PETS_CREDIT_high_eff_su2_r5_d6_b01__none,none,logitguard_continuous,38b74132b04f4f54702c,0,1,1,0.2246924489736557,0.7753075957298279
PETS_CREDIT_high_eff_su2_r5_d6_b01__none,none,logitguard_continuous,34cd383be85fcb382ea6,0,0,0,0.7992200255393982,0.2007799744606018
PETS_CREDIT_high_eff_su2_r5_d6_b01__none,none,logitguard_continuous,5f861fea617a3ee7da16,0,0,0,0.7937952280044556,0.20620480179786682
PETS_CREDIT_high_eff_su2_r5_d6_b01__none,none,logitguard_continuous,c026d0cfa5b1e35d07fe,0,1,1,0.20482754707336426,0.7951724529266357
PETS_CREDIT_high_eff_su2_r5_d6_b01__none,none,logitguard_continuous,9d22795430fd2e16c8dc,0,1,1,0.22620531916618347,0.7737946510314941
PETS_CREDIT_high_eff_su2_r5_d6_b01__none,none,logitguard_continuous,5c7d8f33e88909bece76,0,0,0,0.7895744442939758,0.21042552590370178
PETS_CREDIT_high_eff_su2_r5_d6_b01__none,none,logitguard_continuous,7cca6a89daa8ec654b93,0,0,0,0.7979030013084412,0.20209704339504242
PETS_CREDIT_high_eff_su2_r5_d6_b01__none,none,logitguard_continuous,69d9f267431b625e3ab6,0,1,0,0.7939816117286682,0.20601841807365417
PETS_CREDIT_high_eff_su2_r5_d6_b01__none,none,logitguard_continuous,c684bddcfbca03359777,0,1,0,0.8011024594306946,0.1988975554704666
PETS_CREDIT_high_eff_su2_r5_d6_b01__none,none,logitguard_continuous,d186b88534c1a687d1fd,0,0,0,0.8098589181900024,0.19014106690883636
PETS_CREDIT_high_eff_su2_r5_d6_b01__none,none,logitguard_continuous,bd462eab4ac062244f72,0,0,0,0.8227525353431702,0.17724747955799103
PETS_CREDIT_high_eff_su2_r5_d6_b01__none,none,logitguard_continuous,f8230eeb11ce4504ac0d,0,0,0,0.7976622581481934,0.20233771204948425
PETS_CREDIT_high_eff_su2_r5_d6_b01__none,none,logitguard_continuous,5a2759bc40afd8b67be0,0,0,1,0.20937484502792358,0.7906251549720764
PETS_CREDIT_high_eff_su2_r5_d6_b01__none,none,logitguard_continuous,5c05a4c2ad473664e305,0,0,0,0.7920419573783875,0.20795807242393494
PETS_CREDIT_high_eff_su2_r5_d6_b01__none,none,logitguard_continuous,454401dbf09cdd915140,0,0,0,0.7946247458457947,0.20537526905536652
PETS_CREDIT_high_eff_su2_r5_d6_b01__none,none,logitguard_continuous,22b00e614fc8c9d5c74f,0,0,0,0.7887914776802063,0.2112085521221161
PETS_CREDIT_high_eff_su2_r5_d6_b01__none,none,logitguard_continuous,33f0b58e500322fafc02,0,0,0,0.8067905306816101,0.1932094395160675
PETS_CREDIT_high_eff_su2_r5_d6_b01__none,none,logitguard_continuous,16f7e23f7aabcd74a31a,0,0,0,0.8001749515533447,0.19982504844665527
PETS_CREDIT_high_eff_su2_r5_d6_b01__none,none,logitguard_continuous,e9aa13f77c0f352b0b1d,0,1,1,0.19573239982128143,0.8042675852775574
PETS_CREDIT_high_eff_su2_r5_d6_b01__none,none,logitguard_continuous,0f6b78a3676f704d8ccb,0,1,0,0.7947387099266052,0.20526130497455597
PETS_CREDIT_high_eff_su2_r5_d6_b01__none,none,logitguard_continuous,554005cca9a020862607,0,0,0,0.7969484329223633,0.2030516117811203
PETS_CREDIT_high_eff_su2_r5_d6_b01__none,none,logitguard_quantized,ae429a6a1d645aacb94e,1,0,0,0.8115326762199402,0.188467338681221
PETS_CREDIT_high_eff_su2_r5_d6_b01__none,none,logitguard_quantized,70d271c728323ea28d90,1,0,0,0.7989909648895264,0.20100900530815125
PETS_CREDIT_high_eff_su2_r5_d6_b01__none,none,logitguard_quantized,434123980ae7f6c38b02,1,0,0,0.7790261507034302,0.2209739089012146
PETS_CREDIT_high_eff_su2_r5_d6_b01__none,none,logitguard_quantized,b84ff32b3c14263b0dd5,1,1,1,0.2244359850883484,0.7755640149116516
PETS_CREDIT_high_eff_su2_r5_d6_b01__none,none,logitguard_quantized,66fa33821884d4568b02,1,0,0,0.7957597374916077,0.20424030721187592
PETS_CREDIT_high_eff_su2_r5_d6_b01__none,none,logitguard_quantized,69ef03b5c6f4f7ecef33,1,0,0,0.7989909648895264,0.20100900530815125
PETS_CREDIT_high_eff_su2_r5_d6_b01__none,none,logitguard_quantized,c91e3b5a028c06ad1f92,1,0,0,0.7957597374916077,0.20424030721187592
PETS_CREDIT_high_eff_su2_r5_d6_b01__none,none,logitguard_quantized,272c38b1ecd099be7890,1,0,0,0.805338442325592,0.19466160237789154
PETS_CREDIT_high_eff_su2_r5_d6_b01__none,none,logitguard_quantized,192395141a760795b97a,1,0,0,0.7957597374916077,0.20424030721187592
PETS_CREDIT_high_eff_su2_r5_d6_b01__none,none,logitguard_quantized,ebaf9b6eb6ecde9fb27d,1,0,0,0.7957597374916077,0.20424030721187592
PETS_CREDIT_high_eff_su2_r5_d6_b01__none,none,logitguard_quantized,eaab06e0e9770f0cb322,1,0,0,0.7858350276947021,0.21416503190994263
PETS_CREDIT_high_eff_su2_r5_d6_b01__none,none,logitguard_quantized,09c28941e61886717e09,1,0,0,0.8145726323127747,0.18542742729187012
PETS_CREDIT_high_eff_su2_r5_d6_b01__none,none,logitguard_quantized,092efc45ab978715a8fa,1,0,0,0.7989909648895264,0.20100900530815125
PETS_CREDIT_high_eff_su2_r5_d6_b01__none,none,logitguard_quantized,bf5a9031a45524933e21,1,0,0,0.805338442325592,0.19466160237789154
PETS_CREDIT_high_eff_su2_r5_d6_b01__none,none,logitguard_quantized,e8613e68d8ca2ea9e7fd,1,0,0,0.805338442325592,0.19466160237789154
PETS_CREDIT_high_eff_su2_r5_d6_b01__none,none,logitguard_quantized,d606f1831b9734bb90e1,1,0,0,0.8084546327590942,0.19154536724090576
PETS_CREDIT_high_eff_su2_r5_d6_b01__none,none,logitguard_quantized,ac5f40db5db91c18a83b,1,1,1,0.20100900530815125,0.7989909648895264
PETS_CREDIT_high_eff_su2_r5_d6_b01__none,none,logitguard_quantized,f97851146238bb9a3754,1,0,0,0.7957597374916077,0.20424030721187592
PETS_CREDIT_high_eff_su2_r5_d6_b01__none,none,logitguard_quantized,d2c3d34fb102babfa194,1,0,0,0.8021839261054993,0.1978161334991455
PETS_CREDIT_high_eff_su2_r5_d6_b01__none,none,logitguard_quantized,81817fc85a01b1cc7dcf,1,0,0,0.8021839261054993,0.1978161334991455
PETS_CREDIT_high_eff_su2_r5_d6_b01__none,none,logitguard_quantized,a55e4e1cd3465563efc4,1,0,0,0.8021839261054993,0.1978161334991455
PETS_CREDIT_high_eff_su2_r5_d6_b01__none,none,logitguard_quantized,c0daa10532a8487ca803,1,1,0,0.7790261507034302,0.2209739089012146
PETS_CREDIT_high_eff_su2_r5_d6_b01__none,none,logitguard_quantized,ab97fae957e08270ffce,1,1,1,0.20100900530815125,0.7989909648895264
PETS_CREDIT_high_eff_su2_r5_d6_b01__none,none,logitguard_quantized,0674ce029ebb21d32e38,1,0,0,0.7957597374916077,0.20424030721187592
PETS_CREDIT_high_eff_su2_r5_d6_b01__none,none,logitguard_quantized,fbbb0f469e10095b9cc1,1,0,0,0.8021839261054993,0.1978161334991455
PETS_CREDIT_high_eff_su2_r5_d6_b01__none,none,logitguard_quantized,bfa7b1aca5d187760a16,1,0,0,0.7613326907157898,0.23866727948188782
PETS_CREDIT_high_eff_su2_r5_d6_b01__none,none,logitguard_quantized,26b6a5da65cdaeb8e184,1,0,0,0.7989909648895264,0.20100900530815125
PETS_CREDIT_high_eff_su2_r5_d6_b01__none,none,logitguard_quantized,22730a71b34176a3ba37,1,0,0,0.7924899458885193,0.2075100541114807
PETS_CREDIT_high_eff_su2_r5_d6_b01__none,none,logitguard_quantized,356e520dcf3a6473ffb2,1,0,0,0.805338442325592,0.19466160237789154
PETS_CREDIT_high_eff_su2_r5_d6_b01__none,none,logitguard_quantized,e76cce60bc3507d0d7b2,1,0,0,0.8234647512435913,0.17653529345989227
PETS_CREDIT_high_eff_su2_r5_d6_b01__none,none,logitguard_quantized,5584930e99aa4007d628,1,0,0,0.7957597374916077,0.20424030721187592
PETS_CREDIT_high_eff_su2_r5_d6_b01__none,none,logitguard_quantized,7c7fe88dcec806be29da,1,0,0,0.7989909648895264,0.20100900530815125
PETS_CREDIT_high_eff_su2_r5_d6_b01__none,none,logitguard_quantized,9eb158e3cbe5bc901e26,1,1,1,0.19154536724090576,0.8084546327590942
PETS_CREDIT_high_eff_su2_r5_d6_b01__none,none,logitguard_quantized,4e545ca4791d65f44351,1,0,0,0.7924899458885193,0.2075100541114807
PETS_CREDIT_high_eff_su2_r5_d6_b01__none,none,logitguard_quantized,7105743f10682ac4a1cc,1,0,0,0.7924899458885193,0.2075100541114807
PETS_CREDIT_high_eff_su2_r5_d6_b01__none,none,logitguard_quantized,25282b20e9c64236ec4d,1,1,0,0.7957597374916077,0.20424030721187592
PETS_CREDIT_high_eff_su2_r5_d6_b01__none,none,logitguard_quantized,5688d9df8bbfc61d89e9,1,1,0,0.7989909648895264,0.20100900530815125
PETS_CREDIT_high_eff_su2_r5_d6_b01__none,none,logitguard_quantized,8f95586c1c6fb3f2a750,1,1,0,0.7891817092895508,0.2108183056116104
PETS_CREDIT_high_eff_su2_r5_d6_b01__none,none,logitguard_quantized,6c0e663b6848864dc914,1,0,0,0.7891817092895508,0.2108183056116104
PETS_CREDIT_high_eff_su2_r5_d6_b01__none,none,logitguard_quantized,07d4d260e30d7cf5b71f,1,0,0,0.7989909648895264,0.20100900530815125
PETS_CREDIT_high_eff_su2_r5_d6_b01__none,none,logitguard_quantized,5cb75d859aa2d3df94b0,1,0,0,0.7957597374916077,0.20424030721187592
PETS_CREDIT_high_eff_su2_r5_d6_b01__none,none,logitguard_quantized,c536d8f2ff559c7756e7,1,0,0,0.7891817092895508,0.2108183056116104
PETS_CREDIT_high_eff_su2_r5_d6_b01__none,none,logitguard_quantized,d8e3c3c718aea110b2d9,1,0,0,0.7957597374916077,0.20424030721187592
PETS_CREDIT_high_eff_su2_r5_d6_b01__none,none,logitguard_quantized,7311863aa70952806ffc,1,0,0,0.8084546327590942,0.19154536724090576
PETS_CREDIT_high_eff_su2_r5_d6_b01__none,none,logitguard_quantized,0ffd3e39286157b02ad4,1,1,0,0.7957597374916077,0.20424030721187592
PETS_CREDIT_high_eff_su2_r5_d6_b01__none,none,logitguard_quantized,dfc3621c683cc1e703cf,1,1,1,0.2209739089012146,0.7790261507034302
PETS_CREDIT_high_eff_su2_r5_d6_b01__none,none,logitguard_quantized,f073d35785cf76f1409c,1,1,0,0.7989909648895264,0.20100900530815125
PETS_CREDIT_high_eff_su2_r5_d6_b01__none,none,logitguard_quantized,7673e8a0f0b037cc51e5,1,0,0,0.805338442325592,0.19466160237789154
PETS_CREDIT_high_eff_su2_r5_d6_b01__none,none,logitguard_quantized,ce8a11f272895da8cd7f,1,0,0,0.805338442325592,0.19466160237789154
PETS_CREDIT_high_eff_su2_r5_d6_b01__none,none,logitguard_quantized,b0f47ae4b56b3aa4d111,1,0,0,0.7924899458885193,0.2075100541114807
PETS_CREDIT_high_eff_su2_r5_d6_b01__none,none,logitguard_quantized,49b15e9ec4784be42cd2,1,0,0,0.7957597374916077,0.20424030721187592
PETS_CREDIT_high_eff_su2_r5_d6_b01__none,none,logitguard_quantized,a62d80fa1349c54517ce,1,1,0,0.8021839261054993,0.1978161334991455
PETS_CREDIT_high_eff_su2_r5_d6_b01__none,none,logitguard_quantized,f3ca91dd8e5aba8d83d9,1,0,0,0.7957597374916077,0.20424030721187592
PETS_CREDIT_high_eff_su2_r5_d6_b01__none,none,logitguard_quantized,196d92dfff0523a23237,1,1,0,0.7891817092895508,0.2108183056116104
PETS_CREDIT_high_eff_su2_r5_d6_b01__none,none,logitguard_quantized,c9e5785745f04cec0d37,1,0,0,0.7957597374916077,0.20424030721187592
PETS_CREDIT_high_eff_su2_r5_d6_b01__none,none,logitguard_quantized,a5628044ec0880a52490,1,0,0,0.8021839261054993,0.1978161334991455
PETS_CREDIT_high_eff_su2_r5_d6_b01__none,none,logitguard_quantized,d9170d275d5e05922e82,1,0,0,0.7924899458885193,0.2075100541114807
PETS_CREDIT_high_eff_su2_r5_d6_b01__none,none,logitguard_quantized,988a4b4dcb53bafffb01,1,0,0,0.7957597374916077,0.20424030721187592
PETS_CREDIT_high_eff_su2_r5_d6_b01__none,none,logitguard_quantized,52f455fd245c9327442c,1,0,0,0.8021839261054993,0.1978161334991455
PETS_CREDIT_high_eff_su2_r5_d6_b01__none,none,logitguard_quantized,418dd0dffa2f4aacf5a8,1,0,0,0.8021839261054993,0.1978161334991455
PETS_CREDIT_high_eff_su2_r5_d6_b01__none,none,logitguard_quantized,c053f623dd8f2bfb7915,1,1,1,0.2244359850883484,0.7755640149116516
PETS_CREDIT_high_eff_su2_r5_d6_b01__none,none,logitguard_quantized,f35a2648fd72f049ecda,1,1,1,0.20424030721187592,0.7957597374916077
PETS_CREDIT_high_eff_su2_r5_d6_b01__none,none,logitguard_quantized,0a09121dee0e5db09dfe,1,1,0,0.7989909648895264,0.20100900530815125
PETS_CREDIT_high_eff_su2_r5_d6_b01__none,none,logitguard_quantized,bf465d63c434358f77e4,1,0,0,0.805338442325592,0.19466160237789154
PETS_CREDIT_high_eff_su2_r5_d6_b01__none,none,logitguard_quantized,6ea2a519a69c09016323,1,0,0,0.7957597374916077,0.20424030721187592
PETS_CREDIT_high_eff_su2_r5_d6_b01__none,none,logitguard_quantized,2379dd478643b9cc0bc1,1,0,0,0.8145726323127747,0.18542742729187012
PETS_CREDIT_high_eff_su2_r5_d6_b01__none,none,logitguard_quantized,c75c31af2389cc3a594f,1,0,0,0.7957597374916077,0.20424030721187592
PETS_CREDIT_high_eff_su2_r5_d6_b01__none,none,logitguard_quantized,619b46d6086e6aad3d84,1,0,0,0.764947772026062,0.2350521981716156
PETS_CREDIT_high_eff_su2_r5_d6_b01__none,none,logitguard_quantized,347bd04364dce3c5342e,1,0,0,0.7924899458885193,0.2075100541114807
PETS_CREDIT_high_eff_su2_r5_d6_b01__none,none,logitguard_quantized,4aa64c627cb9b82d7f42,1,1,0,0.8021839261054993,0.1978161334991455
PETS_CREDIT_high_eff_su2_r5_d6_b01__none,none,logitguard_quantized,932ae6d0f203c398e4b5,1,0,1,0.23147521913051605,0.768524706363678
PETS_CREDIT_high_eff_su2_r5_d6_b01__none,none,logitguard_quantized,aaff47c50ec280d97eda,1,0,0,0.7924899458885193,0.2075100541114807
PETS_CREDIT_high_eff_su2_r5_d6_b01__none,none,logitguard_quantized,7be2869c238aa35d440a,1,1,0,0.7989909648895264,0.20100900530815125
PETS_CREDIT_high_eff_su2_r5_d6_b01__none,none,logitguard_quantized,bacc1c25b75ae0e1b780,1,0,0,0.8889440298080444,0.11105597764253616
PETS_CREDIT_high_eff_su2_r5_d6_b01__none,none,logitguard_quantized,9fc5fbe55717fe6862a4,1,0,0,0.8021839261054993,0.1978161334991455
PETS_CREDIT_high_eff_su2_r5_d6_b01__none,none,logitguard_quantized,00405a37dd709b2d51a8,1,0,0,0.7989909648895264,0.20100900530815125
PETS_CREDIT_high_eff_su2_r5_d6_b01__none,none,logitguard_quantized,01e7168ae2a624ff9916,1,1,1,0.20424030721187592,0.7957597374916077
PETS_CREDIT_high_eff_su2_r5_d6_b01__none,none,logitguard_quantized,c8a7bd1cd35ba1e89b80,1,0,0,0.7989909648895264,0.20100900530815125
PETS_CREDIT_high_eff_su2_r5_d6_b01__none,none,logitguard_quantized,877b93e6aa8797d2cd0b,1,0,0,0.7858350276947021,0.21416503190994263
PETS_CREDIT_high_eff_su2_r5_d6_b01__none,none,logitguard_quantized,6dcf5bf2e9c47f5b5091,1,0,0,0.8021839261054993,0.1978161334991455
PETS_CREDIT_high_eff_su2_r5_d6_b01__none,none,logitguard_quantized,c50e57ca37a497df3a13,1,0,0,0.8021839261054993,0.1978161334991455
PETS_CREDIT_high_eff_su2_r5_d6_b01__none,none,logitguard_quantized,39c00d7f6c47885c6fc2,1,1,0,0.7957597374916077,0.20424030721187592
PETS_CREDIT_high_eff_su2_r5_d6_b01__none,none,logitguard_quantized,e3e282f64bed70282149,1,0,0,0.8021839261054993,0.1978161334991455
PETS_CREDIT_high_eff_su2_r5_d6_b01__none,none,logitguard_quantized,5383d08662564ec7ab0d,1,0,0,0.7957597374916077,0.20424030721187592
PETS_CREDIT_high_eff_su2_r5_d6_b01__none,none,logitguard_quantized,e030c0aa4ae0f1011f2f,1,0,0,0.7957597374916077,0.20424030721187592
PETS_CREDIT_high_eff_su2_r5_d6_b01__none,none,logitguard_quantized,1819fe5c399a17316fee,1,0,0,0.8145726323127747,0.18542742729187012
PETS_CREDIT_high_eff_su2_r5_d6_b01__none,none,logitguard_quantized,d75c3e52dbcaf5a5ec2a,1,0,0,0.8021839261054993,0.1978161334991455
PETS_CREDIT_high_eff_su2_r5_d6_b01__none,none,logitguard_quantized,a1b01a469dc7802f51d3,1,0,0,0.7989909648895264,0.20100900530815125
PETS_CREDIT_high_eff_su2_r5_d6_b01__none,none,logitguard_quantized,a9752ae3047aff503fb3,1,1,0,0.8021839261054993,0.1978161334991455
PETS_CREDIT_high_eff_su2_r5_d6_b01__none,none,logitguard_quantized,85bbf6f61dd23b95b6e7,1,0,0,0.7989909648895264,0.20100900530815125
PETS_CREDIT_high_eff_su2_r5_d6_b01__none,none,logitguard_quantized,1313972ddf1c6e9eb2c9,1,0,0,0.8021839261054993,0.1978161334991455
PETS_CREDIT_high_eff_su2_r5_d6_b01__none,none,logitguard_quantized,ab00e756b29c98fd6674,1,0,0,0.7924899458885193,0.2075100541114807
PETS_CREDIT_high_eff_su2_r5_d6_b01__none,none,logitguard_quantized,4b8fbfef25d81e60d4a6,1,0,0,0.8234647512435913,0.17653529345989227
PETS_CREDIT_high_eff_su2_r5_d6_b01__none,none,logitguard_quantized,e0b33cacbadcac9f3d26,1,1,1,0.2075100541114807,0.7924899458885193
PETS_CREDIT_high_eff_su2_r5_d6_b01__none,none,logitguard_quantized,f05df67fe5ac7ed38643,1,0,0,0.7957597374916077,0.20424030721187592
PETS_CREDIT_high_eff_su2_r5_d6_b01__none,none,logitguard_quantized,5f9c02f5ec03a28e4f53,1,0,0,0.7957597374916077,0.20424030721187592
PETS_CREDIT_high_eff_su2_r5_d6_b01__none,none,logitguard_quantized,c2f9d20d5b53c00ef5f4,1,0,0,0.805338442325592,0.19466160237789154
PETS_CREDIT_high_eff_su2_r5_d6_b01__none,none,logitguard_quantized,cec5a851be4f6e7c0887,1,0,0,0.7891817092895508,0.2108183056116104
PETS_CREDIT_high_eff_su2_r5_d6_b01__none,none,logitguard_quantized,402e2e33d278085f817f,1,0,0,0.7891817092895508,0.2108183056116104
PETS_CREDIT_high_eff_su2_r5_d6_b01__none,none,logitguard_quantized,4df4658f2eb41564da87,1,0,0,0.7989909648895264,0.20100900530815125
PETS_CREDIT_high_eff_su2_r5_d6_b01__none,none,logitguard_quantized,b2afd8ac93139c6436ca,0,1,0,0.8021839261054993,0.1978161334991455
PETS_CREDIT_high_eff_su2_r5_d6_b01__none,none,logitguard_quantized,6a05ad28a1fdde9b37a0,0,0,0,0.8084546327590942,0.19154536724090576
PETS_CREDIT_high_eff_su2_r5_d6_b01__none,none,logitguard_quantized,f2ee369cdc3625e84402,0,1,0,0.7957597374916077,0.20424030721187592
PETS_CREDIT_high_eff_su2_r5_d6_b01__none,none,logitguard_quantized,ed23b85566b3c29eb402,0,0,0,0.7924899458885193,0.2075100541114807
PETS_CREDIT_high_eff_su2_r5_d6_b01__none,none,logitguard_quantized,952fc09bd28a9501f067,0,0,0,0.7924899458885193,0.2075100541114807
PETS_CREDIT_high_eff_su2_r5_d6_b01__none,none,logitguard_quantized,2482d33087029d45a132,0,0,0,0.7720635533332825,0.22793644666671753
PETS_CREDIT_high_eff_su2_r5_d6_b01__none,none,logitguard_quantized,77bd1f5032833eb7273a,0,0,0,0.7858350276947021,0.21416503190994263
PETS_CREDIT_high_eff_su2_r5_d6_b01__none,none,logitguard_quantized,10857fff110d97bd3529,0,1,1,0.1978161334991455,0.8021839261054993
PETS_CREDIT_high_eff_su2_r5_d6_b01__none,none,logitguard_quantized,6d9336fba414d9de6ac7,0,0,1,0.20424030721187592,0.7957597374916077
PETS_CREDIT_high_eff_su2_r5_d6_b01__none,none,logitguard_quantized,d6c8d45da14422740d61,0,0,0,0.7957597374916077,0.20424030721187592
PETS_CREDIT_high_eff_su2_r5_d6_b01__none,none,logitguard_quantized,59023d919d8b02411eba,0,0,0,0.7989909648895264,0.20100900530815125
PETS_CREDIT_high_eff_su2_r5_d6_b01__none,none,logitguard_quantized,b879cfcb02d4d81aeba4,0,0,0,0.7924899458885193,0.2075100541114807
PETS_CREDIT_high_eff_su2_r5_d6_b01__none,none,logitguard_quantized,3b2a390113c4d06485dc,0,0,0,0.7957597374916077,0.20424030721187592
PETS_CREDIT_high_eff_su2_r5_d6_b01__none,none,logitguard_quantized,8571d45bb39f427604ed,0,0,0,0.8084546327590942,0.19154536724090576
PETS_CREDIT_high_eff_su2_r5_d6_b01__none,none,logitguard_quantized,361e8f44b1d1611bef7b,0,1,0,0.7989909648895264,0.20100900530815125
PETS_CREDIT_high_eff_su2_r5_d6_b01__none,none,logitguard_quantized,d7e4461c953d3771c6a7,0,0,0,0.805338442325592,0.19466160237789154
PETS_CREDIT_high_eff_su2_r5_d6_b01__none,none,logitguard_quantized,ec68553efb16cb1101b4,0,0,0,0.7755640149116516,0.2244359850883484
PETS_CREDIT_high_eff_su2_r5_d6_b01__none,none,logitguard_quantized,dabd46f07ecd327df2fa,0,0,0,0.7989909648895264,0.20100900530815125
PETS_CREDIT_high_eff_su2_r5_d6_b01__none,none,logitguard_quantized,24ddc25e1ea6b7792cd0,0,0,0,0.7989909648895264,0.20100900530815125
PETS_CREDIT_high_eff_su2_r5_d6_b01__none,none,logitguard_quantized,fa88e107f343c7d476d5,0,0,0,0.7924899458885193,0.2075100541114807
PETS_CREDIT_high_eff_su2_r5_d6_b01__none,none,logitguard_quantized,640d06e42b5ea011ade8,0,0,1,0.20424030721187592,0.7957597374916077
PETS_CREDIT_high_eff_su2_r5_d6_b01__none,none,logitguard_quantized,a36d92b052080609dee1,0,0,0,0.8021839261054993,0.1978161334991455
PETS_CREDIT_high_eff_su2_r5_d6_b01__none,none,logitguard_quantized,5a9fcf838ed30a3aac42,0,1,0,0.8021839261054993,0.1978161334991455
PETS_CREDIT_high_eff_su2_r5_d6_b01__none,none,logitguard_quantized,cb1682c8107d45afcade,0,0,0,0.7957597374916077,0.20424030721187592
PETS_CREDIT_high_eff_su2_r5_d6_b01__none,none,logitguard_quantized,9f0ccb4eb0a2a0319524,0,1,0,0.805338442325592,0.19466160237789154
PETS_CREDIT_high_eff_su2_r5_d6_b01__none,none,logitguard_quantized,51a20249bac3fb051d8a,0,0,0,0.7989909648895264,0.20100900530815125
PETS_CREDIT_high_eff_su2_r5_d6_b01__none,none,logitguard_quantized,3b9ae330b918d841d986,0,0,0,0.8084546327590942,0.19154536724090576
PETS_CREDIT_high_eff_su2_r5_d6_b01__none,none,logitguard_quantized,d3f4ebd9602fecf775a2,0,0,0,0.805338442325592,0.19466160237789154
PETS_CREDIT_high_eff_su2_r5_d6_b01__none,none,logitguard_quantized,6aa234f97819dd051df4,0,1,0,0.7957597374916077,0.20424030721187592
PETS_CREDIT_high_eff_su2_r5_d6_b01__none,none,logitguard_quantized,6146ee4e50398bd2590b,0,0,0,0.7755640149116516,0.2244359850883484
PETS_CREDIT_high_eff_su2_r5_d6_b01__none,none,logitguard_quantized,fa640d7805f9d82a715b,0,1,1,0.2209739089012146,0.7790261507034302
PETS_CREDIT_high_eff_su2_r5_d6_b01__none,none,logitguard_quantized,952bdb913d2d4c348219,0,0,0,0.8234647512435913,0.17653529345989227
PETS_CREDIT_high_eff_su2_r5_d6_b01__none,none,logitguard_quantized,23fa7db2ef3f6def0edb,0,0,0,0.8021839261054993,0.1978161334991455
PETS_CREDIT_high_eff_su2_r5_d6_b01__none,none,logitguard_quantized,6b7219cfa53e1ae4e686,0,0,0,0.7957597374916077,0.20424030721187592
PETS_CREDIT_high_eff_su2_r5_d6_b01__none,none,logitguard_quantized,aced89ae11db5855474b,0,0,0,0.8021839261054993,0.1978161334991455
PETS_CREDIT_high_eff_su2_r5_d6_b01__none,none,logitguard_quantized,ca9d19862c77009f5491,0,0,0,0.7989909648895264,0.20100900530815125
PETS_CREDIT_high_eff_su2_r5_d6_b01__none,none,logitguard_quantized,4d1823ffdb815ae6ecb7,0,0,0,0.7891817092895508,0.2108183056116104
PETS_CREDIT_high_eff_su2_r5_d6_b01__none,none,logitguard_quantized,f28c583d896798880d4b,0,1,1,0.2075100541114807,0.7924899458885193
PETS_CREDIT_high_eff_su2_r5_d6_b01__none,none,logitguard_quantized,6bb99c2791ed089335c3,0,0,0,0.805338442325592,0.19466160237789154
PETS_CREDIT_high_eff_su2_r5_d6_b01__none,none,logitguard_quantized,cb3611b4495a37479ca8,0,0,0,0.8084546327590942,0.19154536724090576
PETS_CREDIT_high_eff_su2_r5_d6_b01__none,none,logitguard_quantized,e935e8aae78e46bb055f,0,0,0,0.7957597374916077,0.20424030721187592
PETS_CREDIT_high_eff_su2_r5_d6_b01__none,none,logitguard_quantized,a3ca0fb9a2bb66673aca,0,0,0,0.7858350276947021,0.21416503190994263
PETS_CREDIT_high_eff_su2_r5_d6_b01__none,none,logitguard_quantized,ea462e2d261554f47693,0,0,0,0.805338442325592,0.19466160237789154
PETS_CREDIT_high_eff_su2_r5_d6_b01__none,none,logitguard_quantized,89f33d9f24d34571b521,0,0,0,0.7891817092895508,0.2108183056116104
PETS_CREDIT_high_eff_su2_r5_d6_b01__none,none,logitguard_quantized,9cb0a075ed3b1940a582,0,0,1,0.2209739089012146,0.7790261507034302
PETS_CREDIT_high_eff_su2_r5_d6_b01__none,none,logitguard_quantized,e0ac38996eb0bdc23a98,0,0,0,0.7891817092895508,0.2108183056116104
PETS_CREDIT_high_eff_su2_r5_d6_b01__none,none,logitguard_quantized,8e8cdc6e5cd89c5db921,0,1,0,0.7957597374916077,0.20424030721187592
PETS_CREDIT_high_eff_su2_r5_d6_b01__none,none,logitguard_quantized,3600cc2df2f41f06dd9f,0,0,0,0.8084546327590942,0.19154536724090576
PETS_CREDIT_high_eff_su2_r5_d6_b01__none,none,logitguard_quantized,62b1f018472ab0cad11c,0,1,1,0.20424030721187592,0.7957597374916077
PETS_CREDIT_high_eff_su2_r5_d6_b01__none,none,logitguard_quantized,69bf508473b2bb6fabc5,0,0,0,0.7957597374916077,0.20424030721187592
PETS_CREDIT_high_eff_su2_r5_d6_b01__none,none,logitguard_quantized,f1c0204d151bcd56dd44,0,0,0,0.8021839261054993,0.1978161334991455
PETS_CREDIT_high_eff_su2_r5_d6_b01__none,none,logitguard_quantized,afae12f9bd1a7c209ed4,0,0,1,0.2209739089012146,0.7790261507034302
PETS_CREDIT_high_eff_su2_r5_d6_b01__none,none,logitguard_quantized,12bf473aaa3440c8b5ff,0,1,1,0.20424030721187592,0.7957597374916077
PETS_CREDIT_high_eff_su2_r5_d6_b01__none,none,logitguard_quantized,2c42554fc21e34e31618,0,0,0,0.7957597374916077,0.20424030721187592
PETS_CREDIT_high_eff_su2_r5_d6_b01__none,none,logitguard_quantized,eeb7e3f1ff005ef7d74d,0,0,0,0.8263533711433411,0.17364664375782013
PETS_CREDIT_high_eff_su2_r5_d6_b01__none,none,logitguard_quantized,b70a187f814bb3f6b896,0,0,0,0.7755640149116516,0.2244359850883484
PETS_CREDIT_high_eff_su2_r5_d6_b01__none,none,logitguard_quantized,69963fd40681d7eb779e,0,1,0,0.7924899458885193,0.2075100541114807
PETS_CREDIT_high_eff_su2_r5_d6_b01__none,none,logitguard_quantized,706df103f86b667d27c8,0,0,0,0.8021839261054993,0.1978161334991455
PETS_CREDIT_high_eff_su2_r5_d6_b01__none,none,logitguard_quantized,6c189be9b000597df02b,0,0,0,0.7989909648895264,0.20100900530815125
PETS_CREDIT_high_eff_su2_r5_d6_b01__none,none,logitguard_quantized,23c9aff9c3cb7e74418f,0,0,0,0.8145726323127747,0.18542742729187012
PETS_CREDIT_high_eff_su2_r5_d6_b01__none,none,logitguard_quantized,9e00c9a73f8502e1beb6,0,0,0,0.805338442325592,0.19466160237789154
PETS_CREDIT_high_eff_su2_r5_d6_b01__none,none,logitguard_quantized,e64f4ae98dbe9cbf0e78,0,0,0,0.7989909648895264,0.20100900530815125
PETS_CREDIT_high_eff_su2_r5_d6_b01__none,none,logitguard_quantized,da9134b43c13f8ea3eaf,0,1,0,0.7790261507034302,0.2209739089012146
PETS_CREDIT_high_eff_su2_r5_d6_b01__none,none,logitguard_quantized,faaca9baf33f8afbd931,0,1,0,0.7989909648895264,0.20100900530815125
PETS_CREDIT_high_eff_su2_r5_d6_b01__none,none,logitguard_quantized,07849266aa8f190a63f2,0,1,0,0.7858350276947021,0.21416503190994263
PETS_CREDIT_high_eff_su2_r5_d6_b01__none,none,logitguard_quantized,9806bdd560ccf88a9b56,0,0,1,0.2209739089012146,0.7790261507034302
PETS_CREDIT_high_eff_su2_r5_d6_b01__none,none,logitguard_quantized,a524ab5db22ecc35929f,0,0,0,0.805338442325592,0.19466160237789154
PETS_CREDIT_high_eff_su2_r5_d6_b01__none,none,logitguard_quantized,5d3f74cb6c8c84f1c7a9,0,1,1,0.20100900530815125,0.7989909648895264
PETS_CREDIT_high_eff_su2_r5_d6_b01__none,none,logitguard_quantized,71e1a80803ef248649c3,0,1,0,0.7957597374916077,0.20424030721187592
PETS_CREDIT_high_eff_su2_r5_d6_b01__none,none,logitguard_quantized,49e93fd29796be2e21ed,0,1,1,0.2209739089012146,0.7790261507034302
PETS_CREDIT_high_eff_su2_r5_d6_b01__none,none,logitguard_quantized,128796eb2bd785357a42,0,1,0,0.7924899458885193,0.2075100541114807
PETS_CREDIT_high_eff_su2_r5_d6_b01__none,none,logitguard_quantized,2478313b949e4a19fec5,0,0,0,0.7957597374916077,0.20424030721187592
PETS_CREDIT_high_eff_su2_r5_d6_b01__none,none,logitguard_quantized,1de5fd2a3f26ba72a9c1,0,0,0,0.7924899458885193,0.2075100541114807
PETS_CREDIT_high_eff_su2_r5_d6_b01__none,none,logitguard_quantized,b6a7132e5db71a8c2b53,0,0,0,0.7924899458885193,0.2075100541114807
PETS_CREDIT_high_eff_su2_r5_d6_b01__none,none,logitguard_quantized,cca86135655a3f3f0727,0,0,0,0.7989909648895264,0.20100900530815125
PETS_CREDIT_high_eff_su2_r5_d6_b01__none,none,logitguard_quantized,05cfc0ff414af47c03a5,0,0,0,0.7755640149116516,0.2244359850883484
PETS_CREDIT_high_eff_su2_r5_d6_b01__none,none,logitguard_quantized,86ae722f0d37f010ada6,0,0,0,0.7957597374916077,0.20424030721187592
PETS_CREDIT_high_eff_su2_r5_d6_b01__none,none,logitguard_quantized,be9bfaf596c94c10a528,0,0,0,0.8115326762199402,0.188467338681221
PETS_CREDIT_high_eff_su2_r5_d6_b01__none,none,logitguard_quantized,e60d07bd2196508fe656,0,0,0,0.7891817092895508,0.2108183056116104
PETS_CREDIT_high_eff_su2_r5_d6_b01__none,none,logitguard_quantized,38b74132b04f4f54702c,0,1,1,0.2244359850883484,0.7755640149116516
PETS_CREDIT_high_eff_su2_r5_d6_b01__none,none,logitguard_quantized,34cd383be85fcb382ea6,0,0,0,0.7989909648895264,0.20100900530815125
PETS_CREDIT_high_eff_su2_r5_d6_b01__none,none,logitguard_quantized,5f861fea617a3ee7da16,0,0,0,0.7924899458885193,0.2075100541114807
PETS_CREDIT_high_eff_su2_r5_d6_b01__none,none,logitguard_quantized,c026d0cfa5b1e35d07fe,0,1,1,0.20424030721187592,0.7957597374916077
PETS_CREDIT_high_eff_su2_r5_d6_b01__none,none,logitguard_quantized,9d22795430fd2e16c8dc,0,1,1,0.22793644666671753,0.7720635533332825
PETS_CREDIT_high_eff_su2_r5_d6_b01__none,none,logitguard_quantized,5c7d8f33e88909bece76,0,0,0,0.7891817092895508,0.2108183056116104
PETS_CREDIT_high_eff_su2_r5_d6_b01__none,none,logitguard_quantized,7cca6a89daa8ec654b93,0,0,0,0.7989909648895264,0.20100900530815125
PETS_CREDIT_high_eff_su2_r5_d6_b01__none,none,logitguard_quantized,69d9f267431b625e3ab6,0,1,0,0.7924899458885193,0.2075100541114807
PETS_CREDIT_high_eff_su2_r5_d6_b01__none,none,logitguard_quantized,c684bddcfbca03359777,0,1,0,0.8021839261054993,0.1978161334991455
PETS_CREDIT_high_eff_su2_r5_d6_b01__none,none,logitguard_quantized,d186b88534c1a687d1fd,0,0,0,0.8084546327590942,0.19154536724090576
PETS_CREDIT_high_eff_su2_r5_d6_b01__none,none,logitguard_quantized,bd462eab4ac062244f72,0,0,0,0.8234647512435913,0.17653529345989227
PETS_CREDIT_high_eff_su2_r5_d6_b01__none,none,logitguard_quantized,f8230eeb11ce4504ac0d,0,0,0,0.7989909648895264,0.20100900530815125
PETS_CREDIT_high_eff_su2_r5_d6_b01__none,none,logitguard_quantized,5a2759bc40afd8b67be0,0,0,1,0.2108183056116104,0.7891817092895508
PETS_CREDIT_high_eff_su2_r5_d6_b01__none,none,logitguard_quantized,5c05a4c2ad473664e305,0,0,0,0.7924899458885193,0.2075100541114807
PETS_CREDIT_high_eff_su2_r5_d6_b01__none,none,logitguard_quantized,454401dbf09cdd915140,0,0,0,0.7957597374916077,0.20424030721187592
PETS_CREDIT_high_eff_su2_r5_d6_b01__none,none,logitguard_quantized,22b00e614fc8c9d5c74f,0,0,0,0.7891817092895508,0.2108183056116104
PETS_CREDIT_high_eff_su2_r5_d6_b01__none,none,logitguard_quantized,33f0b58e500322fafc02,0,0,0,0.805338442325592,0.19466160237789154
PETS_CREDIT_high_eff_su2_r5_d6_b01__none,none,logitguard_quantized,16f7e23f7aabcd74a31a,0,0,0,0.7989909648895264,0.20100900530815125
PETS_CREDIT_high_eff_su2_r5_d6_b01__none,none,logitguard_quantized,e9aa13f77c0f352b0b1d,0,1,1,0.19466160237789154,0.805338442325592
PETS_CREDIT_high_eff_su2_r5_d6_b01__none,none,logitguard_quantized,0f6b78a3676f704d8ccb,0,1,0,0.7957597374916077,0.20424030721187592
PETS_CREDIT_high_eff_su2_r5_d6_b01__none,none,logitguard_quantized,554005cca9a020862607,0,0,0,0.7957597374916077,0.20424030721187592
PETS_CREDIT_high_eff_su2_r5_d6_b01__none,none,measurementguard_continuous,ae429a6a1d645aacb94e,1,0,0,0.7226744890213013,0.27732551097869873
PETS_CREDIT_high_eff_su2_r5_d6_b01__none,none,measurementguard_continuous,70d271c728323ea28d90,1,0,0,0.8450692296028137,0.15493080019950867
PETS_CREDIT_high_eff_su2_r5_d6_b01__none,none,measurementguard_continuous,434123980ae7f6c38b02,1,0,0,0.8492506742477417,0.1507493406534195
PETS_CREDIT_high_eff_su2_r5_d6_b01__none,none,measurementguard_continuous,b84ff32b3c14263b0dd5,1,1,1,0.19213280081748962,0.8078672289848328
PETS_CREDIT_high_eff_su2_r5_d6_b01__none,none,measurementguard_continuous,66fa33821884d4568b02,1,0,0,0.774398922920227,0.22560109198093414
PETS_CREDIT_high_eff_su2_r5_d6_b01__none,none,measurementguard_continuous,69ef03b5c6f4f7ecef33,1,0,0,0.8760542869567871,0.12394564598798752
PETS_CREDIT_high_eff_su2_r5_d6_b01__none,none,measurementguard_continuous,c91e3b5a028c06ad1f92,1,0,0,0.8136358857154846,0.18636414408683777
PETS_CREDIT_high_eff_su2_r5_d6_b01__none,none,measurementguard_continuous,272c38b1ecd099be7890,1,0,0,0.729353129863739,0.2706468999385834
PETS_CREDIT_high_eff_su2_r5_d6_b01__none,none,measurementguard_continuous,192395141a760795b97a,1,0,0,0.8794348239898682,0.12056518346071243
PETS_CREDIT_high_eff_su2_r5_d6_b01__none,none,measurementguard_continuous,ebaf9b6eb6ecde9fb27d,1,0,0,0.7177830338478088,0.28221702575683594
PETS_CREDIT_high_eff_su2_r5_d6_b01__none,none,measurementguard_continuous,eaab06e0e9770f0cb322,1,0,0,0.7443722486495972,0.25562772154808044
PETS_CREDIT_high_eff_su2_r5_d6_b01__none,none,measurementguard_continuous,09c28941e61886717e09,1,0,0,0.8074143528938293,0.19258566200733185
PETS_CREDIT_high_eff_su2_r5_d6_b01__none,none,measurementguard_continuous,092efc45ab978715a8fa,1,0,0,0.701725423336029,0.29827460646629333
PETS_CREDIT_high_eff_su2_r5_d6_b01__none,none,measurementguard_continuous,bf5a9031a45524933e21,1,0,0,0.8840379118919373,0.11596209555864334
PETS_CREDIT_high_eff_su2_r5_d6_b01__none,none,measurementguard_continuous,e8613e68d8ca2ea9e7fd,1,0,0,0.7711824178695679,0.22881758213043213
PETS_CREDIT_high_eff_su2_r5_d6_b01__none,none,measurementguard_continuous,d606f1831b9734bb90e1,1,0,0,0.8464757800102234,0.1535242348909378
PETS_CREDIT_high_eff_su2_r5_d6_b01__none,none,measurementguard_continuous,ac5f40db5db91c18a83b,1,1,1,0.26649463176727295,0.733505368232727
PETS_CREDIT_high_eff_su2_r5_d6_b01__none,none,measurementguard_continuous,f97851146238bb9a3754,1,0,0,0.7602235674858093,0.23977641761302948
PETS_CREDIT_high_eff_su2_r5_d6_b01__none,none,measurementguard_continuous,d2c3d34fb102babfa194,1,0,0,0.7503644824028015,0.2496355175971985
PETS_CREDIT_high_eff_su2_r5_d6_b01__none,none,measurementguard_continuous,81817fc85a01b1cc7dcf,1,0,0,0.7835571765899658,0.21644282341003418
PETS_CREDIT_high_eff_su2_r5_d6_b01__none,none,measurementguard_continuous,a55e4e1cd3465563efc4,1,0,0,0.8424551486968994,0.15754485130310059
PETS_CREDIT_high_eff_su2_r5_d6_b01__none,none,measurementguard_continuous,c0daa10532a8487ca803,1,1,0,0.8335542678833008,0.1664457619190216
PETS_CREDIT_high_eff_su2_r5_d6_b01__none,none,measurementguard_continuous,ab97fae957e08270ffce,1,1,1,0.17895175516605377,0.8210482597351074
PETS_CREDIT_high_eff_su2_r5_d6_b01__none,none,measurementguard_continuous,0674ce029ebb21d32e38,1,0,0,0.8827120065689087,0.11728797107934952
PETS_CREDIT_high_eff_su2_r5_d6_b01__none,none,measurementguard_continuous,fbbb0f469e10095b9cc1,1,0,0,0.8030221462249756,0.19697777926921844
PETS_CREDIT_high_eff_su2_r5_d6_b01__none,none,measurementguard_continuous,bfa7b1aca5d187760a16,1,0,0,0.8545352816581726,0.1454647332429886
PETS_CREDIT_high_eff_su2_r5_d6_b01__none,none,measurementguard_continuous,26b6a5da65cdaeb8e184,1,0,0,0.8651843667030334,0.13481566309928894
PETS_CREDIT_high_eff_su2_r5_d6_b01__none,none,measurementguard_continuous,22730a71b34176a3ba37,1,0,0,0.7158840894699097,0.2841159701347351
PETS_CREDIT_high_eff_su2_r5_d6_b01__none,none,measurementguard_continuous,356e520dcf3a6473ffb2,1,0,0,0.8619653582572937,0.13803468644618988
PETS_CREDIT_high_eff_su2_r5_d6_b01__none,none,measurementguard_continuous,e76cce60bc3507d0d7b2,1,0,0,0.865969717502594,0.1340302675962448
PETS_CREDIT_high_eff_su2_r5_d6_b01__none,none,measurementguard_continuous,5584930e99aa4007d628,1,0,0,0.7722715139389038,0.22772851586341858
PETS_CREDIT_high_eff_su2_r5_d6_b01__none,none,measurementguard_continuous,7c7fe88dcec806be29da,1,0,0,0.7018527984619141,0.2981472313404083
PETS_CREDIT_high_eff_su2_r5_d6_b01__none,none,measurementguard_continuous,9eb158e3cbe5bc901e26,1,1,1,0.1388782560825348,0.8611217737197876
PETS_CREDIT_high_eff_su2_r5_d6_b01__none,none,measurementguard_continuous,4e545ca4791d65f44351,1,0,0,0.7978686094284058,0.20213140547275543
PETS_CREDIT_high_eff_su2_r5_d6_b01__none,none,measurementguard_continuous,7105743f10682ac4a1cc,1,0,0,0.8486663103103638,0.15133365988731384
PETS_CREDIT_high_eff_su2_r5_d6_b01__none,none,measurementguard_continuous,25282b20e9c64236ec4d,1,1,0,0.8847619891166687,0.11523802578449249
PETS_CREDIT_high_eff_su2_r5_d6_b01__none,none,measurementguard_continuous,5688d9df8bbfc61d89e9,1,1,0,0.8655529022216797,0.13444708287715912
PETS_CREDIT_high_eff_su2_r5_d6_b01__none,none,measurementguard_continuous,8f95586c1c6fb3f2a750,1,1,0,0.8265172839164734,0.173482745885849
PETS_CREDIT_high_eff_su2_r5_d6_b01__none,none,measurementguard_continuous,6c0e663b6848864dc914,1,0,0,0.8273877501487732,0.1726122498512268
PETS_CREDIT_high_eff_su2_r5_d6_b01__none,none,measurementguard_continuous,07d4d260e30d7cf5b71f,1,0,0,0.8935937881469727,0.10640625655651093
PETS_CREDIT_high_eff_su2_r5_d6_b01__none,none,measurementguard_continuous,5cb75d859aa2d3df94b0,1,0,0,0.8013682961463928,0.19863170385360718
PETS_CREDIT_high_eff_su2_r5_d6_b01__none,none,measurementguard_continuous,c536d8f2ff559c7756e7,1,0,0,0.7395969033241272,0.2604031264781952
PETS_CREDIT_high_eff_su2_r5_d6_b01__none,none,measurementguard_continuous,d8e3c3c718aea110b2d9,1,0,0,0.7096606492996216,0.2903393805027008
PETS_CREDIT_high_eff_su2_r5_d6_b01__none,none,measurementguard_continuous,7311863aa70952806ffc,1,0,0,0.8932223916053772,0.10677763819694519
PETS_CREDIT_high_eff_su2_r5_d6_b01__none,none,measurementguard_continuous,0ffd3e39286157b02ad4,1,1,0,0.8522887825965881,0.14771121740341187
PETS_CREDIT_high_eff_su2_r5_d6_b01__none,none,measurementguard_continuous,dfc3621c683cc1e703cf,1,1,1,0.18797166645526886,0.8120283484458923
PETS_CREDIT_high_eff_su2_r5_d6_b01__none,none,measurementguard_continuous,f073d35785cf76f1409c,1,1,0,0.8180432319641113,0.18195676803588867
PETS_CREDIT_high_eff_su2_r5_d6_b01__none,none,measurementguard_continuous,7673e8a0f0b037cc51e5,1,0,0,0.8539433479309082,0.14605668187141418
PETS_CREDIT_high_eff_su2_r5_d6_b01__none,none,measurementguard_continuous,ce8a11f272895da8cd7f,1,0,0,0.7772897481918335,0.2227102816104889
PETS_CREDIT_high_eff_su2_r5_d6_b01__none,none,measurementguard_continuous,b0f47ae4b56b3aa4d111,1,0,0,0.7908440828323364,0.2091558873653412
PETS_CREDIT_high_eff_su2_r5_d6_b01__none,none,measurementguard_continuous,49b15e9ec4784be42cd2,1,0,0,0.8044541478157043,0.19554585218429565
PETS_CREDIT_high_eff_su2_r5_d6_b01__none,none,measurementguard_continuous,a62d80fa1349c54517ce,1,1,0,0.842509925365448,0.1574900895357132
PETS_CREDIT_high_eff_su2_r5_d6_b01__none,none,measurementguard_continuous,f3ca91dd8e5aba8d83d9,1,0,0,0.8467068672180176,0.15329314768314362
PETS_CREDIT_high_eff_su2_r5_d6_b01__none,none,measurementguard_continuous,196d92dfff0523a23237,1,1,0,0.826607882976532,0.1733921319246292
PETS_CREDIT_high_eff_su2_r5_d6_b01__none,none,measurementguard_continuous,c9e5785745f04cec0d37,1,0,0,0.8372256755828857,0.16277432441711426
PETS_CREDIT_high_eff_su2_r5_d6_b01__none,none,measurementguard_continuous,a5628044ec0880a52490,1,0,0,0.7111907005310059,0.28880929946899414
PETS_CREDIT_high_eff_su2_r5_d6_b01__none,none,measurementguard_continuous,d9170d275d5e05922e82,1,0,0,0.86695796251297,0.13304205238819122
PETS_CREDIT_high_eff_su2_r5_d6_b01__none,none,measurementguard_continuous,988a4b4dcb53bafffb01,1,0,0,0.7831430435180664,0.2168569564819336
PETS_CREDIT_high_eff_su2_r5_d6_b01__none,none,measurementguard_continuous,52f455fd245c9327442c,1,0,0,0.8287922739982605,0.1712077409029007
PETS_CREDIT_high_eff_su2_r5_d6_b01__none,none,measurementguard_continuous,418dd0dffa2f4aacf5a8,1,0,0,0.8089702129364014,0.19102977216243744
PETS_CREDIT_high_eff_su2_r5_d6_b01__none,none,measurementguard_continuous,c053f623dd8f2bfb7915,1,1,1,0.20289789140224457,0.797102153301239
PETS_CREDIT_high_eff_su2_r5_d6_b01__none,none,measurementguard_continuous,f35a2648fd72f049ecda,1,1,1,0.250515878200531,0.749484121799469
PETS_CREDIT_high_eff_su2_r5_d6_b01__none,none,measurementguard_continuous,0a09121dee0e5db09dfe,1,1,0,0.7975929379463196,0.2024070769548416
PETS_CREDIT_high_eff_su2_r5_d6_b01__none,none,measurementguard_continuous,bf465d63c434358f77e4,1,0,0,0.8851342797279358,0.1148657351732254
PETS_CREDIT_high_eff_su2_r5_d6_b01__none,none,measurementguard_continuous,6ea2a519a69c09016323,1,0,0,0.8853004574775696,0.11469953507184982
PETS_CREDIT_high_eff_su2_r5_d6_b01__none,none,measurementguard_continuous,2379dd478643b9cc0bc1,1,0,0,0.7166183590888977,0.2833816409111023
PETS_CREDIT_high_eff_su2_r5_d6_b01__none,none,measurementguard_continuous,c75c31af2389cc3a594f,1,0,0,0.7204300165176392,0.2795700132846832
PETS_CREDIT_high_eff_su2_r5_d6_b01__none,none,measurementguard_continuous,619b46d6086e6aad3d84,1,0,0,0.838998019695282,0.1610019952058792
PETS_CREDIT_high_eff_su2_r5_d6_b01__none,none,measurementguard_continuous,347bd04364dce3c5342e,1,0,0,0.8920009732246399,0.1079990491271019
PETS_CREDIT_high_eff_su2_r5_d6_b01__none,none,measurementguard_continuous,4aa64c627cb9b82d7f42,1,1,0,0.7079956531524658,0.2920043468475342
PETS_CREDIT_high_eff_su2_r5_d6_b01__none,none,measurementguard_continuous,932ae6d0f203c398e4b5,1,0,1,0.2133607268333435,0.7866392731666565
PETS_CREDIT_high_eff_su2_r5_d6_b01__none,none,measurementguard_continuous,aaff47c50ec280d97eda,1,0,0,0.8099535703659058,0.19004645943641663
PETS_CREDIT_high_eff_su2_r5_d6_b01__none,none,measurementguard_continuous,7be2869c238aa35d440a,1,1,0,0.7095284461975098,0.2904715836048126
PETS_CREDIT_high_eff_su2_r5_d6_b01__none,none,measurementguard_continuous,bacc1c25b75ae0e1b780,1,0,0,0.8243301510810852,0.1756698340177536
PETS_CREDIT_high_eff_su2_r5_d6_b01__none,none,measurementguard_continuous,9fc5fbe55717fe6862a4,1,0,0,0.8350965976715088,0.1649034172296524
PETS_CREDIT_high_eff_su2_r5_d6_b01__none,none,measurementguard_continuous,00405a37dd709b2d51a8,1,0,0,0.8749834299087524,0.12501654028892517
PETS_CREDIT_high_eff_su2_r5_d6_b01__none,none,measurementguard_continuous,01e7168ae2a624ff9916,1,1,1,0.2121007889509201,0.7878992557525635
PETS_CREDIT_high_eff_su2_r5_d6_b01__none,none,measurementguard_continuous,c8a7bd1cd35ba1e89b80,1,0,0,0.8535603284835815,0.14643967151641846
PETS_CREDIT_high_eff_su2_r5_d6_b01__none,none,measurementguard_continuous,877b93e6aa8797d2cd0b,1,0,0,0.7590128779411316,0.2409871220588684
PETS_CREDIT_high_eff_su2_r5_d6_b01__none,none,measurementguard_continuous,6dcf5bf2e9c47f5b5091,1,0,0,0.8869314193725586,0.1130686104297638
PETS_CREDIT_high_eff_su2_r5_d6_b01__none,none,measurementguard_continuous,c50e57ca37a497df3a13,1,0,0,0.8733653426170349,0.12663467228412628
PETS_CREDIT_high_eff_su2_r5_d6_b01__none,none,measurementguard_continuous,39c00d7f6c47885c6fc2,1,1,0,0.8160873651504517,0.18391264975070953
PETS_CREDIT_high_eff_su2_r5_d6_b01__none,none,measurementguard_continuous,e3e282f64bed70282149,1,0,0,0.8649402260780334,0.13505977392196655
PETS_CREDIT_high_eff_su2_r5_d6_b01__none,none,measurementguard_continuous,5383d08662564ec7ab0d,1,0,0,0.8675150871276855,0.13248492777347565
PETS_CREDIT_high_eff_su2_r5_d6_b01__none,none,measurementguard_continuous,e030c0aa4ae0f1011f2f,1,0,0,0.7650545835494995,0.23494544625282288
PETS_CREDIT_high_eff_su2_r5_d6_b01__none,none,measurementguard_continuous,1819fe5c399a17316fee,1,0,0,0.8608609437942505,0.13913902640342712
PETS_CREDIT_high_eff_su2_r5_d6_b01__none,none,measurementguard_continuous,d75c3e52dbcaf5a5ec2a,1,0,0,0.7422233819961548,0.2577766478061676
PETS_CREDIT_high_eff_su2_r5_d6_b01__none,none,measurementguard_continuous,a1b01a469dc7802f51d3,1,0,0,0.745618999004364,0.2543810307979584
PETS_CREDIT_high_eff_su2_r5_d6_b01__none,none,measurementguard_continuous,a9752ae3047aff503fb3,1,1,0,0.8528107404708862,0.14718922972679138
PETS_CREDIT_high_eff_su2_r5_d6_b01__none,none,measurementguard_continuous,85bbf6f61dd23b95b6e7,1,0,0,0.8644659519195557,0.13553404808044434
PETS_CREDIT_high_eff_su2_r5_d6_b01__none,none,measurementguard_continuous,1313972ddf1c6e9eb2c9,1,0,0,0.8364653587341309,0.16353462636470795
PETS_CREDIT_high_eff_su2_r5_d6_b01__none,none,measurementguard_continuous,ab00e756b29c98fd6674,1,0,0,0.8021725416183472,0.19782738387584686
PETS_CREDIT_high_eff_su2_r5_d6_b01__none,none,measurementguard_continuous,4b8fbfef25d81e60d4a6,1,0,0,0.8790467977523804,0.12095320224761963
PETS_CREDIT_high_eff_su2_r5_d6_b01__none,none,measurementguard_continuous,e0b33cacbadcac9f3d26,1,1,1,0.19017615914344788,0.8098238706588745
PETS_CREDIT_high_eff_su2_r5_d6_b01__none,none,measurementguard_continuous,f05df67fe5ac7ed38643,1,0,0,0.8633990287780762,0.13660098612308502
PETS_CREDIT_high_eff_su2_r5_d6_b01__none,none,measurementguard_continuous,5f9c02f5ec03a28e4f53,1,0,0,0.8776410222053528,0.12235897779464722
PETS_CREDIT_high_eff_su2_r5_d6_b01__none,none,measurementguard_continuous,c2f9d20d5b53c00ef5f4,1,0,0,0.742642343044281,0.2573576271533966
PETS_CREDIT_high_eff_su2_r5_d6_b01__none,none,measurementguard_continuous,cec5a851be4f6e7c0887,1,0,0,0.7797633409500122,0.2202366590499878
PETS_CREDIT_high_eff_su2_r5_d6_b01__none,none,measurementguard_continuous,402e2e33d278085f817f,1,0,0,0.7738275527954102,0.22617244720458984
PETS_CREDIT_high_eff_su2_r5_d6_b01__none,none,measurementguard_continuous,4df4658f2eb41564da87,1,0,0,0.8727012872695923,0.12729868292808533
PETS_CREDIT_high_eff_su2_r5_d6_b01__none,none,measurementguard_continuous,b2afd8ac93139c6436ca,0,1,0,0.8695310950279236,0.13046889007091522
PETS_CREDIT_high_eff_su2_r5_d6_b01__none,none,measurementguard_continuous,6a05ad28a1fdde9b37a0,0,0,0,0.7548336386680603,0.2451663762331009
PETS_CREDIT_high_eff_su2_r5_d6_b01__none,none,measurementguard_continuous,f2ee369cdc3625e84402,0,1,0,0.8858600854873657,0.11413994431495667
PETS_CREDIT_high_eff_su2_r5_d6_b01__none,none,measurementguard_continuous,ed23b85566b3c29eb402,0,0,0,0.7959980368614197,0.20400196313858032
PETS_CREDIT_high_eff_su2_r5_d6_b01__none,none,measurementguard_continuous,952fc09bd28a9501f067,0,0,0,0.8634382486343384,0.13656172156333923
PETS_CREDIT_high_eff_su2_r5_d6_b01__none,none,measurementguard_continuous,2482d33087029d45a132,0,0,0,0.7996739149093628,0.2003261297941208
PETS_CREDIT_high_eff_su2_r5_d6_b01__none,none,measurementguard_continuous,77bd1f5032833eb7273a,0,0,0,0.8131394982337952,0.18686047196388245
PETS_CREDIT_high_eff_su2_r5_d6_b01__none,none,measurementguard_continuous,10857fff110d97bd3529,0,1,1,0.22945675253868103,0.7705432176589966
PETS_CREDIT_high_eff_su2_r5_d6_b01__none,none,measurementguard_continuous,6d9336fba414d9de6ac7,0,0,1,0.19788435101509094,0.8021156787872314
PETS_CREDIT_high_eff_su2_r5_d6_b01__none,none,measurementguard_continuous,d6c8d45da14422740d61,0,0,0,0.8248287439346313,0.17517122626304626
PETS_CREDIT_high_eff_su2_r5_d6_b01__none,none,measurementguard_continuous,59023d919d8b02411eba,0,0,0,0.7207236289978027,0.27927640080451965
PETS_CREDIT_high_eff_su2_r5_d6_b01__none,none,measurementguard_continuous,b879cfcb02d4d81aeba4,0,0,0,0.8660832047462463,0.13391683995723724
PETS_CREDIT_high_eff_su2_r5_d6_b01__none,none,measurementguard_continuous,3b2a390113c4d06485dc,0,0,0,0.7576735615730286,0.24232645332813263
PETS_CREDIT_high_eff_su2_r5_d6_b01__none,none,measurementguard_continuous,8571d45bb39f427604ed,0,0,0,0.7444683313369751,0.2555316686630249
PETS_CREDIT_high_eff_su2_r5_d6_b01__none,none,measurementguard_continuous,361e8f44b1d1611bef7b,0,1,0,0.8487616777420044,0.151238352060318
PETS_CREDIT_high_eff_su2_r5_d6_b01__none,none,measurementguard_continuous,d7e4461c953d3771c6a7,0,0,0,0.8322637677192688,0.1677362024784088
PETS_CREDIT_high_eff_su2_r5_d6_b01__none,none,measurementguard_continuous,ec68553efb16cb1101b4,0,0,0,0.8069725632667542,0.19302740693092346
PETS_CREDIT_high_eff_su2_r5_d6_b01__none,none,measurementguard_continuous,dabd46f07ecd327df2fa,0,0,0,0.8426998257637024,0.1573001891374588
PETS_CREDIT_high_eff_su2_r5_d6_b01__none,none,measurementguard_continuous,24ddc25e1ea6b7792cd0,0,0,0,0.7663381099700928,0.23366189002990723
PETS_CREDIT_high_eff_su2_r5_d6_b01__none,none,measurementguard_continuous,fa88e107f343c7d476d5,0,0,0,0.8772919178009033,0.12270809710025787
PETS_CREDIT_high_eff_su2_r5_d6_b01__none,none,measurementguard_continuous,640d06e42b5ea011ade8,0,0,1,0.2609402537345886,0.7390597462654114
PETS_CREDIT_high_eff_su2_r5_d6_b01__none,none,measurementguard_continuous,a36d92b052080609dee1,0,0,0,0.861011803150177,0.13898824155330658
PETS_CREDIT_high_eff_su2_r5_d6_b01__none,none,measurementguard_continuous,5a9fcf838ed30a3aac42,0,1,0,0.8588324189186096,0.14116761088371277
PETS_CREDIT_high_eff_su2_r5_d6_b01__none,none,measurementguard_continuous,cb1682c8107d45afcade,0,0,0,0.8809508085250854,0.11904921382665634
PETS_CREDIT_high_eff_su2_r5_d6_b01__none,none,measurementguard_continuous,9f0ccb4eb0a2a0319524,0,1,0,0.825125515460968,0.17487452924251556
PETS_CREDIT_high_eff_su2_r5_d6_b01__none,none,measurementguard_continuous,51a20249bac3fb051d8a,0,0,0,0.7198185920715332,0.2801814079284668
PETS_CREDIT_high_eff_su2_r5_d6_b01__none,none,measurementguard_continuous,3b9ae330b918d841d986,0,0,0,0.8612323999404907,0.13876761496067047
PETS_CREDIT_high_eff_su2_r5_d6_b01__none,none,measurementguard_continuous,d3f4ebd9602fecf775a2,0,0,0,0.7431173920631409,0.25688260793685913
PETS_CREDIT_high_eff_su2_r5_d6_b01__none,none,measurementguard_continuous,6aa234f97819dd051df4,0,1,0,0.8783261179924011,0.12167389690876007
PETS_CREDIT_high_eff_su2_r5_d6_b01__none,none,measurementguard_continuous,6146ee4e50398bd2590b,0,0,0,0.7937086224555969,0.2062913477420807
PETS_CREDIT_high_eff_su2_r5_d6_b01__none,none,measurementguard_continuous,fa640d7805f9d82a715b,0,1,1,0.21271906793117523,0.7872809767723083
PETS_CREDIT_high_eff_su2_r5_d6_b01__none,none,measurementguard_continuous,952bdb913d2d4c348219,0,0,0,0.841465413570404,0.15853461623191833
PETS_CREDIT_high_eff_su2_r5_d6_b01__none,none,measurementguard_continuous,23fa7db2ef3f6def0edb,0,0,0,0.8882059454917908,0.11179405450820923
PETS_CREDIT_high_eff_su2_r5_d6_b01__none,none,measurementguard_continuous,6b7219cfa53e1ae4e686,0,0,0,0.7185801863670349,0.2814198434352875
PETS_CREDIT_high_eff_su2_r5_d6_b01__none,none,measurementguard_continuous,aced89ae11db5855474b,0,0,0,0.7501916289329529,0.24980835616588593
PETS_CREDIT_high_eff_su2_r5_d6_b01__none,none,measurementguard_continuous,ca9d19862c77009f5491,0,0,0,0.7880042791366577,0.2119956910610199
PETS_CREDIT_high_eff_su2_r5_d6_b01__none,none,measurementguard_continuous,4d1823ffdb815ae6ecb7,0,0,0,0.7624229192733765,0.23757709562778473
PETS_CREDIT_high_eff_su2_r5_d6_b01__none,none,measurementguard_continuous,f28c583d896798880d4b,0,1,1,0.19004258513450623,0.8099573850631714
PETS_CREDIT_high_eff_su2_r5_d6_b01__none,none,measurementguard_continuous,6bb99c2791ed089335c3,0,0,0,0.8718428015708923,0.12815718352794647
PETS_CREDIT_high_eff_su2_r5_d6_b01__none,none,measurementguard_continuous,cb3611b4495a37479ca8,0,0,0,0.8760416507720947,0.12395837157964706
PETS_CREDIT_high_eff_su2_r5_d6_b01__none,none,measurementguard_continuous,e935e8aae78e46bb055f,0,0,0,0.776902437210083,0.223097562789917
PETS_CREDIT_high_eff_su2_r5_d6_b01__none,none,measurementguard_continuous,a3ca0fb9a2bb66673aca,0,0,0,0.8869890570640564,0.1130109652876854
PETS_CREDIT_high_eff_su2_r5_d6_b01__none,none,measurementguard_continuous,ea462e2d261554f47693,0,0,0,0.8840586543083191,0.1159413605928421
PETS_CREDIT_high_eff_su2_r5_d6_b01__none,none,measurementguard_continuous,89f33d9f24d34571b521,0,0,0,0.7618361711502075,0.23816382884979248
PETS_CREDIT_high_eff_su2_r5_d6_b01__none,none,measurementguard_continuous,9cb0a075ed3b1940a582,0,0,1,0.1666385680437088,0.8333614468574524
PETS_CREDIT_high_eff_su2_r5_d6_b01__none,none,measurementguard_continuous,e0ac38996eb0bdc23a98,0,0,0,0.8046813607215881,0.19531865417957306
PETS_CREDIT_high_eff_su2_r5_d6_b01__none,none,measurementguard_continuous,8e8cdc6e5cd89c5db921,0,1,0,0.7986342310905457,0.20136576890945435
PETS_CREDIT_high_eff_su2_r5_d6_b01__none,none,measurementguard_continuous,3600cc2df2f41f06dd9f,0,0,0,0.7724214196205139,0.2275785505771637
PETS_CREDIT_high_eff_su2_r5_d6_b01__none,none,measurementguard_continuous,62b1f018472ab0cad11c,0,1,1,0.20679514110088348,0.7932049036026001
PETS_CREDIT_high_eff_su2_r5_d6_b01__none,none,measurementguard_continuous,69bf508473b2bb6fabc5,0,0,0,0.7173402905464172,0.28265973925590515
PETS_CREDIT_high_eff_su2_r5_d6_b01__none,none,measurementguard_continuous,f1c0204d151bcd56dd44,0,0,0,0.7060622572898865,0.2939377427101135
PETS_CREDIT_high_eff_su2_r5_d6_b01__none,none,measurementguard_continuous,afae12f9bd1a7c209ed4,0,0,1,0.20883654057979584,0.791163444519043
PETS_CREDIT_high_eff_su2_r5_d6_b01__none,none,measurementguard_continuous,12bf473aaa3440c8b5ff,0,1,1,0.18000301718711853,0.8199970126152039
PETS_CREDIT_high_eff_su2_r5_d6_b01__none,none,measurementguard_continuous,2c42554fc21e34e31618,0,0,0,0.8776533603668213,0.12234663218259811
PETS_CREDIT_high_eff_su2_r5_d6_b01__none,none,measurementguard_continuous,eeb7e3f1ff005ef7d74d,0,0,0,0.8674609065055847,0.13253912329673767
PETS_CREDIT_high_eff_su2_r5_d6_b01__none,none,measurementguard_continuous,b70a187f814bb3f6b896,0,0,0,0.7973996996879578,0.20260034501552582
PETS_CREDIT_high_eff_su2_r5_d6_b01__none,none,measurementguard_continuous,69963fd40681d7eb779e,0,1,0,0.8000107407569885,0.19998928904533386
PETS_CREDIT_high_eff_su2_r5_d6_b01__none,none,measurementguard_continuous,706df103f86b667d27c8,0,0,0,0.8906062841415405,0.10939374566078186
PETS_CREDIT_high_eff_su2_r5_d6_b01__none,none,measurementguard_continuous,6c189be9b000597df02b,0,0,0,0.7218686938285828,0.27813127636909485
PETS_CREDIT_high_eff_su2_r5_d6_b01__none,none,measurementguard_continuous,23c9aff9c3cb7e74418f,0,0,0,0.8612927794456482,0.1387072503566742
PETS_CREDIT_high_eff_su2_r5_d6_b01__none,none,measurementguard_continuous,9e00c9a73f8502e1beb6,0,0,0,0.8844009041786194,0.1155991405248642
PETS_CREDIT_high_eff_su2_r5_d6_b01__none,none,measurementguard_continuous,e64f4ae98dbe9cbf0e78,0,0,0,0.7829891443252563,0.21701085567474365
PETS_CREDIT_high_eff_su2_r5_d6_b01__none,none,measurementguard_continuous,da9134b43c13f8ea3eaf,0,1,0,0.8336805701255798,0.16631945967674255
PETS_CREDIT_high_eff_su2_r5_d6_b01__none,none,measurementguard_continuous,faaca9baf33f8afbd931,0,1,0,0.820248544216156,0.1797514408826828
PETS_CREDIT_high_eff_su2_r5_d6_b01__none,none,measurementguard_continuous,07849266aa8f190a63f2,0,1,0,0.8882133364677429,0.11178667098283768
PETS_CREDIT_high_eff_su2_r5_d6_b01__none,none,measurementguard_continuous,9806bdd560ccf88a9b56,0,0,1,0.2138609141111374,0.7861390709877014
PETS_CREDIT_high_eff_su2_r5_d6_b01__none,none,measurementguard_continuous,a524ab5db22ecc35929f,0,0,0,0.770426869392395,0.2295731157064438
PETS_CREDIT_high_eff_su2_r5_d6_b01__none,none,measurementguard_continuous,5d3f74cb6c8c84f1c7a9,0,1,1,0.18181449174880981,0.8181855082511902
PETS_CREDIT_high_eff_su2_r5_d6_b01__none,none,measurementguard_continuous,71e1a80803ef248649c3,0,1,0,0.8844972252845764,0.11550271511077881
PETS_CREDIT_high_eff_su2_r5_d6_b01__none,none,measurementguard_continuous,49e93fd29796be2e21ed,0,1,1,0.16683706641197205,0.8331629633903503
PETS_CREDIT_high_eff_su2_r5_d6_b01__none,none,measurementguard_continuous,128796eb2bd785357a42,0,1,0,0.7468792200088501,0.2531208395957947
PETS_CREDIT_high_eff_su2_r5_d6_b01__none,none,measurementguard_continuous,2478313b949e4a19fec5,0,0,0,0.786493718624115,0.21350626647472382
PETS_CREDIT_high_eff_su2_r5_d6_b01__none,none,measurementguard_continuous,1de5fd2a3f26ba72a9c1,0,0,0,0.8720685839653015,0.1279314160346985
PETS_CREDIT_high_eff_su2_r5_d6_b01__none,none,measurementguard_continuous,b6a7132e5db71a8c2b53,0,0,0,0.7173211574554443,0.28267887234687805
PETS_CREDIT_high_eff_su2_r5_d6_b01__none,none,measurementguard_continuous,cca86135655a3f3f0727,0,0,0,0.8518570065498352,0.148143008351326
PETS_CREDIT_high_eff_su2_r5_d6_b01__none,none,measurementguard_continuous,05cfc0ff414af47c03a5,0,0,0,0.7984050512313843,0.20159491896629333
PETS_CREDIT_high_eff_su2_r5_d6_b01__none,none,measurementguard_continuous,86ae722f0d37f010ada6,0,0,0,0.8195466995239258,0.18045330047607422
PETS_CREDIT_high_eff_su2_r5_d6_b01__none,none,measurementguard_continuous,be9bfaf596c94c10a528,0,0,0,0.8567562699317932,0.14324375987052917
PETS_CREDIT_high_eff_su2_r5_d6_b01__none,none,measurementguard_continuous,e60d07bd2196508fe656,0,0,0,0.8903849720954895,0.1096150353550911
PETS_CREDIT_high_eff_su2_r5_d6_b01__none,none,measurementguard_continuous,38b74132b04f4f54702c,0,1,1,0.17763999104499817,0.8223600387573242
PETS_CREDIT_high_eff_su2_r5_d6_b01__none,none,measurementguard_continuous,34cd383be85fcb382ea6,0,0,0,0.8006110191345215,0.1993889957666397
PETS_CREDIT_high_eff_su2_r5_d6_b01__none,none,measurementguard_continuous,5f861fea617a3ee7da16,0,0,0,0.8872538208961487,0.11274619400501251
PETS_CREDIT_high_eff_su2_r5_d6_b01__none,none,measurementguard_continuous,c026d0cfa5b1e35d07fe,0,1,1,0.11196629703044891,0.8880336880683899
PETS_CREDIT_high_eff_su2_r5_d6_b01__none,none,measurementguard_continuous,9d22795430fd2e16c8dc,0,1,1,0.20729437470436096,0.7927055954933167
PETS_CREDIT_high_eff_su2_r5_d6_b01__none,none,measurementguard_continuous,5c7d8f33e88909bece76,0,0,0,0.71425861120224,0.28574138879776
PETS_CREDIT_high_eff_su2_r5_d6_b01__none,none,measurementguard_continuous,7cca6a89daa8ec654b93,0,0,0,0.825844407081604,0.1741555780172348
PETS_CREDIT_high_eff_su2_r5_d6_b01__none,none,measurementguard_continuous,69d9f267431b625e3ab6,0,1,0,0.8669437170028687,0.13305625319480896
PETS_CREDIT_high_eff_su2_r5_d6_b01__none,none,measurementguard_continuous,c684bddcfbca03359777,0,1,0,0.8657058477401733,0.13429416716098785
PETS_CREDIT_high_eff_su2_r5_d6_b01__none,none,measurementguard_continuous,d186b88534c1a687d1fd,0,0,0,0.7890862822532654,0.2109137624502182
PETS_CREDIT_high_eff_su2_r5_d6_b01__none,none,measurementguard_continuous,bd462eab4ac062244f72,0,0,0,0.8407987952232361,0.1592012345790863
PETS_CREDIT_high_eff_su2_r5_d6_b01__none,none,measurementguard_continuous,f8230eeb11ce4504ac0d,0,0,0,0.7604448795318604,0.23955510556697845
PETS_CREDIT_high_eff_su2_r5_d6_b01__none,none,measurementguard_continuous,5a2759bc40afd8b67be0,0,0,1,0.20015302300453186,0.7998470067977905
PETS_CREDIT_high_eff_su2_r5_d6_b01__none,none,measurementguard_continuous,5c05a4c2ad473664e305,0,0,0,0.8292365074157715,0.17076347768306732
PETS_CREDIT_high_eff_su2_r5_d6_b01__none,none,measurementguard_continuous,454401dbf09cdd915140,0,0,0,0.8879255056381226,0.11207446455955505
PETS_CREDIT_high_eff_su2_r5_d6_b01__none,none,measurementguard_continuous,22b00e614fc8c9d5c74f,0,0,0,0.7376823425292969,0.2623176872730255
PETS_CREDIT_high_eff_su2_r5_d6_b01__none,none,measurementguard_continuous,33f0b58e500322fafc02,0,0,0,0.8608018755912781,0.1391981542110443
PETS_CREDIT_high_eff_su2_r5_d6_b01__none,none,measurementguard_continuous,16f7e23f7aabcd74a31a,0,0,0,0.8136192560195923,0.18638071417808533
PETS_CREDIT_high_eff_su2_r5_d6_b01__none,none,measurementguard_continuous,e9aa13f77c0f352b0b1d,0,1,1,0.1261671930551529,0.8738328218460083
PETS_CREDIT_high_eff_su2_r5_d6_b01__none,none,measurementguard_continuous,0f6b78a3676f704d8ccb,0,1,0,0.8846389651298523,0.1153610348701477
PETS_CREDIT_high_eff_su2_r5_d6_b01__none,none,measurementguard_continuous,554005cca9a020862607,0,0,0,0.8197510242462158,0.18024902045726776
PETS_CREDIT_high_eff_su2_r5_d6_b01__none,none,lattice_round,ae429a6a1d645aacb94e,1,0,0,0.9717270731925964,0.028272930532693863
PETS_CREDIT_high_eff_su2_r5_d6_b01__none,none,lattice_round,70d271c728323ea28d90,1,0,0,0.841749906539917,0.1582501232624054
PETS_CREDIT_high_eff_su2_r5_d6_b01__none,none,lattice_round,434123980ae7f6c38b02,1,0,0,0.9873543381690979,0.012645705603063107
PETS_CREDIT_high_eff_su2_r5_d6_b01__none,none,lattice_round,b84ff32b3c14263b0dd5,1,1,1,0.4745091199874878,0.525490939617157
PETS_CREDIT_high_eff_su2_r5_d6_b01__none,none,lattice_round,66fa33821884d4568b02,1,0,0,0.7558853626251221,0.24411462247371674
PETS_CREDIT_high_eff_su2_r5_d6_b01__none,none,lattice_round,69ef03b5c6f4f7ecef33,1,0,0,0.8651823997497559,0.13481757044792175
PETS_CREDIT_high_eff_su2_r5_d6_b01__none,none,lattice_round,c91e3b5a028c06ad1f92,1,0,0,0.9391153454780579,0.06088468059897423
PETS_CREDIT_high_eff_su2_r5_d6_b01__none,none,lattice_round,272c38b1ecd099be7890,1,0,0,0.905279815196991,0.09472017735242844
PETS_CREDIT_high_eff_su2_r5_d6_b01__none,none,lattice_round,192395141a760795b97a,1,0,0,0.8866443634033203,0.11335564404726028
PETS_CREDIT_high_eff_su2_r5_d6_b01__none,none,lattice_round,ebaf9b6eb6ecde9fb27d,1,0,0,0.7391690611839294,0.26083090901374817
PETS_CREDIT_high_eff_su2_r5_d6_b01__none,none,lattice_round,eaab06e0e9770f0cb322,1,0,0,0.7471193075180054,0.252880722284317
PETS_CREDIT_high_eff_su2_r5_d6_b01__none,none,lattice_round,09c28941e61886717e09,1,0,0,0.9386853575706482,0.061314668506383896
PETS_CREDIT_high_eff_su2_r5_d6_b01__none,none,lattice_round,092efc45ab978715a8fa,1,0,0,0.894191324710846,0.10580870509147644
PETS_CREDIT_high_eff_su2_r5_d6_b01__none,none,lattice_round,bf5a9031a45524933e21,1,0,0,0.8917504549026489,0.10824958235025406
PETS_CREDIT_high_eff_su2_r5_d6_b01__none,none,lattice_round,e8613e68d8ca2ea9e7fd,1,0,0,0.9267218112945557,0.07327818870544434
PETS_CREDIT_high_eff_su2_r5_d6_b01__none,none,lattice_round,d606f1831b9734bb90e1,1,0,0,0.9532299041748047,0.04677006974816322
PETS_CREDIT_high_eff_su2_r5_d6_b01__none,none,lattice_round,ac5f40db5db91c18a83b,1,1,1,0.2604063153266907,0.7395937442779541
PETS_CREDIT_high_eff_su2_r5_d6_b01__none,none,lattice_round,f97851146238bb9a3754,1,0,0,0.9749565720558167,0.025043455883860588
PETS_CREDIT_high_eff_su2_r5_d6_b01__none,none,lattice_round,d2c3d34fb102babfa194,1,0,0,0.9183564782142639,0.08164355158805847
PETS_CREDIT_high_eff_su2_r5_d6_b01__none,none,lattice_round,81817fc85a01b1cc7dcf,1,0,0,0.9287874102592468,0.07121255993843079
PETS_CREDIT_high_eff_su2_r5_d6_b01__none,none,lattice_round,a55e4e1cd3465563efc4,1,0,0,0.9524863362312317,0.0475136935710907
PETS_CREDIT_high_eff_su2_r5_d6_b01__none,none,lattice_round,c0daa10532a8487ca803,1,1,0,0.5869695544242859,0.4130304455757141
PETS_CREDIT_high_eff_su2_r5_d6_b01__none,none,lattice_round,ab97fae957e08270ffce,1,1,1,0.17855675518512726,0.8214432597160339
PETS_CREDIT_high_eff_su2_r5_d6_b01__none,none,lattice_round,0674ce029ebb21d32e38,1,0,0,0.8856513500213623,0.1143486350774765
PETS_CREDIT_high_eff_su2_r5_d6_b01__none,none,lattice_round,fbbb0f469e10095b9cc1,1,0,0,0.9292571544647217,0.07074286043643951
PETS_CREDIT_high_eff_su2_r5_d6_b01__none,none,lattice_round,bfa7b1aca5d187760a16,1,0,0,0.986894428730011,0.013105585239827633
PETS_CREDIT_high_eff_su2_r5_d6_b01__none,none,lattice_round,26b6a5da65cdaeb8e184,1,0,0,0.8708640933036804,0.1291358768939972
PETS_CREDIT_high_eff_su2_r5_d6_b01__none,none,lattice_round,22730a71b34176a3ba37,1,0,0,0.9040988683700562,0.09590118378400803
PETS_CREDIT_high_eff_su2_r5_d6_b01__none,none,lattice_round,356e520dcf3a6473ffb2,1,0,0,0.6376200914382935,0.36237987875938416
PETS_CREDIT_high_eff_su2_r5_d6_b01__none,none,lattice_round,e76cce60bc3507d0d7b2,1,0,0,0.9602275490760803,0.03977247327566147
PETS_CREDIT_high_eff_su2_r5_d6_b01__none,none,lattice_round,5584930e99aa4007d628,1,0,0,0.7742429971694946,0.22575697302818298
PETS_CREDIT_high_eff_su2_r5_d6_b01__none,none,lattice_round,7c7fe88dcec806be29da,1,0,0,0.8943648338317871,0.10563518106937408
PETS_CREDIT_high_eff_su2_r5_d6_b01__none,none,lattice_round,9eb158e3cbe5bc901e26,1,1,1,0.36878037452697754,0.6312196254730225
PETS_CREDIT_high_eff_su2_r5_d6_b01__none,none,lattice_round,4e545ca4791d65f44351,1,0,0,0.932741641998291,0.06725834310054779
PETS_CREDIT_high_eff_su2_r5_d6_b01__none,none,lattice_round,7105743f10682ac4a1cc,1,0,0,0.9529007077217102,0.047099318355321884
PETS_CREDIT_high_eff_su2_r5_d6_b01__none,none,lattice_round,25282b20e9c64236ec4d,1,1,0,0.6851155161857605,0.3148844540119171
PETS_CREDIT_high_eff_su2_r5_d6_b01__none,none,lattice_round,5688d9df8bbfc61d89e9,1,1,0,0.8711605072021484,0.12883949279785156
PETS_CREDIT_high_eff_su2_r5_d6_b01__none,none,lattice_round,8f95586c1c6fb3f2a750,1,1,0,0.5594396591186523,0.44056034088134766
PETS_CREDIT_high_eff_su2_r5_d6_b01__none,none,lattice_round,6c0e663b6848864dc914,1,0,0,0.5636128783226013,0.4363871216773987
PETS_CREDIT_high_eff_su2_r5_d6_b01__none,none,lattice_round,07d4d260e30d7cf5b71f,1,0,0,0.8849537968635559,0.1150461882352829
PETS_CREDIT_high_eff_su2_r5_d6_b01__none,none,lattice_round,5cb75d859aa2d3df94b0,1,0,0,0.7940149903297424,0.20598500967025757
PETS_CREDIT_high_eff_su2_r5_d6_b01__none,none,lattice_round,c536d8f2ff559c7756e7,1,0,0,0.9153304100036621,0.08466960489749908
PETS_CREDIT_high_eff_su2_r5_d6_b01__none,none,lattice_round,d8e3c3c718aea110b2d9,1,0,0,0.8892579078674316,0.11074209213256836
PETS_CREDIT_high_eff_su2_r5_d6_b01__none,none,lattice_round,7311863aa70952806ffc,1,0,0,0.8923624753952026,0.10763745754957199
PETS_CREDIT_high_eff_su2_r5_d6_b01__none,none,lattice_round,0ffd3e39286157b02ad4,1,1,0,0.849208652973175,0.15079137682914734
PETS_CREDIT_high_eff_su2_r5_d6_b01__none,none,lattice_round,dfc3621c683cc1e703cf,1,1,1,0.46408215165138245,0.5359178781509399
PETS_CREDIT_high_eff_su2_r5_d6_b01__none,none,lattice_round,f073d35785cf76f1409c,1,1,0,0.82430100440979,0.17569899559020996
PETS_CREDIT_high_eff_su2_r5_d6_b01__none,none,lattice_round,7673e8a0f0b037cc51e5,1,0,0,0.8594425916671753,0.1405574381351471
PETS_CREDIT_high_eff_su2_r5_d6_b01__none,none,lattice_round,ce8a11f272895da8cd7f,1,0,0,0.9772196412086487,0.02278032898902893
PETS_CREDIT_high_eff_su2_r5_d6_b01__none,none,lattice_round,b0f47ae4b56b3aa4d111,1,0,0,0.9798096418380737,0.020190328359603882
PETS_CREDIT_high_eff_su2_r5_d6_b01__none,none,lattice_round,49b15e9ec4784be42cd2,1,0,0,0.8144790530204773,0.1855209916830063
PETS_CREDIT_high_eff_su2_r5_d6_b01__none,none,lattice_round,a62d80fa1349c54517ce,1,1,0,0.6066003441810608,0.3933996856212616
PETS_CREDIT_high_eff_su2_r5_d6_b01__none,none,lattice_round,f3ca91dd8e5aba8d83d9,1,0,0,0.850838840007782,0.14916114509105682
PETS_CREDIT_high_eff_su2_r5_d6_b01__none,none,lattice_round,196d92dfff0523a23237,1,1,0,0.5898847579956055,0.41011524200439453
PETS_CREDIT_high_eff_su2_r5_d6_b01__none,none,lattice_round,c9e5785745f04cec0d37,1,0,0,0.9450367093086243,0.05496329441666603
PETS_CREDIT_high_eff_su2_r5_d6_b01__none,none,lattice_round,a5628044ec0880a52490,1,0,0,0.9056797027587891,0.09432031959295273
PETS_CREDIT_high_eff_su2_r5_d6_b01__none,none,lattice_round,d9170d275d5e05922e82,1,0,0,0.8620972633361816,0.13790273666381836
PETS_CREDIT_high_eff_su2_r5_d6_b01__none,none,lattice_round,988a4b4dcb53bafffb01,1,0,0,0.7893088459968567,0.21069112420082092
PETS_CREDIT_high_eff_su2_r5_d6_b01__none,none,lattice_round,52f455fd245c9327442c,1,0,0,0.9492019414901733,0.05079805105924606
PETS_CREDIT_high_eff_su2_r5_d6_b01__none,none,lattice_round,418dd0dffa2f4aacf5a8,1,0,0,0.8098617792129517,0.19013825058937073
PETS_CREDIT_high_eff_su2_r5_d6_b01__none,none,lattice_round,c053f623dd8f2bfb7915,1,1,1,0.4561041593551636,0.5438958406448364
PETS_CREDIT_high_eff_su2_r5_d6_b01__none,none,lattice_round,f35a2648fd72f049ecda,1,1,1,0.2403886914253235,0.7596113085746765
PETS_CREDIT_high_eff_su2_r5_d6_b01__none,none,lattice_round,0a09121dee0e5db09dfe,1,1,0,0.8035236597061157,0.19647635519504547
PETS_CREDIT_high_eff_su2_r5_d6_b01__none,none,lattice_round,bf465d63c434358f77e4,1,0,0,0.8877474665641785,0.11225255578756332
PETS_CREDIT_high_eff_su2_r5_d6_b01__none,none,lattice_round,6ea2a519a69c09016323,1,0,0,0.8888527154922485,0.11114732921123505
PETS_CREDIT_high_eff_su2_r5_d6_b01__none,none,lattice_round,2379dd478643b9cc0bc1,1,0,0,0.9715351462364197,0.02846486121416092
PETS_CREDIT_high_eff_su2_r5_d6_b01__none,none,lattice_round,c75c31af2389cc3a594f,1,0,0,0.7263705134391785,0.2736295461654663
PETS_CREDIT_high_eff_su2_r5_d6_b01__none,none,lattice_round,619b46d6086e6aad3d84,1,0,0,0.9844197630882263,0.01558029092848301
PETS_CREDIT_high_eff_su2_r5_d6_b01__none,none,lattice_round,347bd04364dce3c5342e,1,0,0,0.7060790061950684,0.29392102360725403
PETS_CREDIT_high_eff_su2_r5_d6_b01__none,none,lattice_round,4aa64c627cb9b82d7f42,1,1,0,0.7113789319992065,0.28862106800079346
PETS_CREDIT_high_eff_su2_r5_d6_b01__none,none,lattice_round,932ae6d0f203c398e4b5,1,0,1,0.47157618403434753,0.5284238457679749
PETS_CREDIT_high_eff_su2_r5_d6_b01__none,none,lattice_round,aaff47c50ec280d97eda,1,0,0,0.937545657157898,0.062454357743263245
PETS_CREDIT_high_eff_su2_r5_d6_b01__none,none,lattice_round,7be2869c238aa35d440a,1,1,0,0.6975419521331787,0.3024580776691437
PETS_CREDIT_high_eff_su2_r5_d6_b01__none,none,lattice_round,bacc1c25b75ae0e1b780,1,0,0,0.9951658844947815,0.004834133666008711
PETS_CREDIT_high_eff_su2_r5_d6_b01__none,none,lattice_round,9fc5fbe55717fe6862a4,1,0,0,0.5828368067741394,0.417163223028183
PETS_CREDIT_high_eff_su2_r5_d6_b01__none,none,lattice_round,00405a37dd709b2d51a8,1,0,0,0.9657065272331238,0.034293465316295624
PETS_CREDIT_high_eff_su2_r5_d6_b01__none,none,lattice_round,01e7168ae2a624ff9916,1,1,1,0.21655625104904175,0.7834437489509583
PETS_CREDIT_high_eff_su2_r5_d6_b01__none,none,lattice_round,c8a7bd1cd35ba1e89b80,1,0,0,0.8537742495536804,0.14622576534748077
PETS_CREDIT_high_eff_su2_r5_d6_b01__none,none,lattice_round,877b93e6aa8797d2cd0b,1,0,0,0.9156537652015686,0.08434629440307617
PETS_CREDIT_high_eff_su2_r5_d6_b01__none,none,lattice_round,6dcf5bf2e9c47f5b5091,1,0,0,0.898149311542511,0.1018507182598114
PETS_CREDIT_high_eff_su2_r5_d6_b01__none,none,lattice_round,c50e57ca37a497df3a13,1,0,0,0.8749274015426636,0.12507264316082
PETS_CREDIT_high_eff_su2_r5_d6_b01__none,none,lattice_round,39c00d7f6c47885c6fc2,1,1,0,0.5645626783370972,0.43543729186058044
PETS_CREDIT_high_eff_su2_r5_d6_b01__none,none,lattice_round,e3e282f64bed70282149,1,0,0,0.8567070960998535,0.14329290390014648
PETS_CREDIT_high_eff_su2_r5_d6_b01__none,none,lattice_round,5383d08662564ec7ab0d,1,0,0,0.8676562309265137,0.1323438286781311
PETS_CREDIT_high_eff_su2_r5_d6_b01__none,none,lattice_round,e030c0aa4ae0f1011f2f,1,0,0,0.7672856450080872,0.23271438479423523
PETS_CREDIT_high_eff_su2_r5_d6_b01__none,none,lattice_round,1819fe5c399a17316fee,1,0,0,0.9550009965896606,0.04499901458621025
PETS_CREDIT_high_eff_su2_r5_d6_b01__none,none,lattice_round,d75c3e52dbcaf5a5ec2a,1,0,0,0.7560155987739563,0.2439843714237213
PETS_CREDIT_high_eff_su2_r5_d6_b01__none,none,lattice_round,a1b01a469dc7802f51d3,1,0,0,0.7429284453392029,0.25707152485847473
PETS_CREDIT_high_eff_su2_r5_d6_b01__none,none,lattice_round,a9752ae3047aff503fb3,1,1,0,0.8593719601631165,0.14062802493572235
PETS_CREDIT_high_eff_su2_r5_d6_b01__none,none,lattice_round,85bbf6f61dd23b95b6e7,1,0,0,0.8709084391593933,0.12909157574176788
PETS_CREDIT_high_eff_su2_r5_d6_b01__none,none,lattice_round,1313972ddf1c6e9eb2c9,1,0,0,0.5896263718605042,0.41037362813949585
PETS_CREDIT_high_eff_su2_r5_d6_b01__none,none,lattice_round,ab00e756b29c98fd6674,1,0,0,0.5173562169075012,0.4826437532901764
PETS_CREDIT_high_eff_su2_r5_d6_b01__none,none,lattice_round,4b8fbfef25d81e60d4a6,1,0,0,0.9571949243545532,0.042805083096027374
PETS_CREDIT_high_eff_su2_r5_d6_b01__none,none,lattice_round,e0b33cacbadcac9f3d26,1,1,1,0.45040902495384216,0.5495910048484802
PETS_CREDIT_high_eff_su2_r5_d6_b01__none,none,lattice_round,f05df67fe5ac7ed38643,1,0,0,0.95841383934021,0.04158616065979004
PETS_CREDIT_high_eff_su2_r5_d6_b01__none,none,lattice_round,5f9c02f5ec03a28e4f53,1,0,0,0.8736540079116821,0.12634602189064026
PETS_CREDIT_high_eff_su2_r5_d6_b01__none,none,lattice_round,c2f9d20d5b53c00ef5f4,1,0,0,0.9108678102493286,0.08913224190473557
PETS_CREDIT_high_eff_su2_r5_d6_b01__none,none,lattice_round,cec5a851be4f6e7c0887,1,0,0,0.9271381497383118,0.07286186516284943
PETS_CREDIT_high_eff_su2_r5_d6_b01__none,none,lattice_round,402e2e33d278085f817f,1,0,0,0.925866961479187,0.07413306832313538
PETS_CREDIT_high_eff_su2_r5_d6_b01__none,none,lattice_round,4df4658f2eb41564da87,1,0,0,0.8736403584480286,0.12635967135429382
PETS_CREDIT_high_eff_su2_r5_d6_b01__none,none,lattice_round,b2afd8ac93139c6436ca,0,1,0,0.8691121935844421,0.13088782131671906
PETS_CREDIT_high_eff_su2_r5_d6_b01__none,none,lattice_round,6a05ad28a1fdde9b37a0,0,0,0,0.9761713147163391,0.023828741163015366
PETS_CREDIT_high_eff_su2_r5_d6_b01__none,none,lattice_round,f2ee369cdc3625e84402,0,1,0,0.6783790588378906,0.32162097096443176
PETS_CREDIT_high_eff_su2_r5_d6_b01__none,none,lattice_round,ed23b85566b3c29eb402,0,0,0,0.7969425916671753,0.20305746793746948
PETS_CREDIT_high_eff_su2_r5_d6_b01__none,none,lattice_round,952fc09bd28a9501f067,0,0,0,0.6438223719596863,0.3561776578426361
PETS_CREDIT_high_eff_su2_r5_d6_b01__none,none,lattice_round,2482d33087029d45a132,0,0,0,0.5440587997436523,0.45594120025634766
PETS_CREDIT_high_eff_su2_r5_d6_b01__none,none,lattice_round,77bd1f5032833eb7273a,0,0,0,0.5490859746932983,0.45091408491134644
PETS_CREDIT_high_eff_su2_r5_d6_b01__none,none,lattice_round,10857fff110d97bd3529,0,1,1,0.23206374049186707,0.7679362893104553
PETS_CREDIT_high_eff_su2_r5_d6_b01__none,none,lattice_round,6d9336fba414d9de6ac7,0,0,1,0.19464635848999023,0.8053536415100098
PETS_CREDIT_high_eff_su2_r5_d6_b01__none,none,lattice_round,d6c8d45da14422740d61,0,0,0,0.8263477683067322,0.17365224659442902
PETS_CREDIT_high_eff_su2_r5_d6_b01__none,none,lattice_round,59023d919d8b02411eba,0,0,0,0.72107994556427,0.27892005443573
PETS_CREDIT_high_eff_su2_r5_d6_b01__none,none,lattice_round,b879cfcb02d4d81aeba4,0,0,0,0.869841456413269,0.13015857338905334
PETS_CREDIT_high_eff_su2_r5_d6_b01__none,none,lattice_round,3b2a390113c4d06485dc,0,0,0,0.7651796340942383,0.2348203957080841
PETS_CREDIT_high_eff_su2_r5_d6_b01__none,none,lattice_round,8571d45bb39f427604ed,0,0,0,0.974526584148407,0.025473453104496002
PETS_CREDIT_high_eff_su2_r5_d6_b01__none,none,lattice_round,361e8f44b1d1611bef7b,0,1,0,0.8453380465507507,0.15466192364692688
PETS_CREDIT_high_eff_su2_r5_d6_b01__none,none,lattice_round,d7e4461c953d3771c6a7,0,0,0,0.9485766291618347,0.05142338573932648
PETS_CREDIT_high_eff_su2_r5_d6_b01__none,none,lattice_round,ec68553efb16cb1101b4,0,0,0,0.5563360452651978,0.44366395473480225
PETS_CREDIT_high_eff_su2_r5_d6_b01__none,none,lattice_round,dabd46f07ecd327df2fa,0,0,0,0.8414838314056396,0.15851619839668274
PETS_CREDIT_high_eff_su2_r5_d6_b01__none,none,lattice_round,24ddc25e1ea6b7792cd0,0,0,0,0.9213060140609741,0.07869401574134827
PETS_CREDIT_high_eff_su2_r5_d6_b01__none,none,lattice_round,fa88e107f343c7d476d5,0,0,0,0.657137393951416,0.342862606048584
PETS_CREDIT_high_eff_su2_r5_d6_b01__none,none,lattice_round,640d06e42b5ea011ade8,0,0,1,0.24237674474716187,0.7576232552528381
PETS_CREDIT_high_eff_su2_r5_d6_b01__none,none,lattice_round,a36d92b052080609dee1,0,0,0,0.8509673476219177,0.14903269708156586
PETS_CREDIT_high_eff_su2_r5_d6_b01__none,none,lattice_round,5a9fcf838ed30a3aac42,0,1,0,0.6347432136535645,0.36525681614875793
PETS_CREDIT_high_eff_su2_r5_d6_b01__none,none,lattice_round,cb1682c8107d45afcade,0,0,0,0.8903728723526001,0.1096271350979805
PETS_CREDIT_high_eff_su2_r5_d6_b01__none,none,lattice_round,9f0ccb4eb0a2a0319524,0,1,0,0.8309924602508545,0.1690075844526291
PETS_CREDIT_high_eff_su2_r5_d6_b01__none,none,lattice_round,51a20249bac3fb051d8a,0,0,0,0.905552864074707,0.09444717317819595
PETS_CREDIT_high_eff_su2_r5_d6_b01__none,none,lattice_round,3b9ae330b918d841d986,0,0,0,0.656311571598053,0.3436884880065918
PETS_CREDIT_high_eff_su2_r5_d6_b01__none,none,lattice_round,d3f4ebd9602fecf775a2,0,0,0,0.9028396606445312,0.09716035425662994
PETS_CREDIT_high_eff_su2_r5_d6_b01__none,none,lattice_round,6aa234f97819dd051df4,0,1,0,0.6697084903717041,0.3302915096282959
PETS_CREDIT_high_eff_su2_r5_d6_b01__none,none,lattice_round,6146ee4e50398bd2590b,0,0,0,0.5303762555122375,0.46962377429008484
PETS_CREDIT_high_eff_su2_r5_d6_b01__none,none,lattice_round,fa640d7805f9d82a715b,0,1,1,0.4778224229812622,0.5221775770187378
PETS_CREDIT_high_eff_su2_r5_d6_b01__none,none,lattice_round,952bdb913d2d4c348219,0,0,0,0.954270601272583,0.045729391276836395
PETS_CREDIT_high_eff_su2_r5_d6_b01__none,none,lattice_round,23fa7db2ef3f6def0edb,0,0,0,0.8960696458816528,0.10393033176660538
PETS_CREDIT_high_eff_su2_r5_d6_b01__none,none,lattice_round,6b7219cfa53e1ae4e686,0,0,0,0.714878261089325,0.28512173891067505
PETS_CREDIT_high_eff_su2_r5_d6_b01__none,none,lattice_round,aced89ae11db5855474b,0,0,0,0.9116123914718628,0.08838766068220139
PETS_CREDIT_high_eff_su2_r5_d6_b01__none,none,lattice_round,ca9d19862c77009f5491,0,0,0,0.7880221009254456,0.21197789907455444
PETS_CREDIT_high_eff_su2_r5_d6_b01__none,none,lattice_round,4d1823ffdb815ae6ecb7,0,0,0,0.9209846258163452,0.07901541888713837
PETS_CREDIT_high_eff_su2_r5_d6_b01__none,none,lattice_round,f28c583d896798880d4b,0,1,1,0.45080068707466125,0.5491993427276611
PETS_CREDIT_high_eff_su2_r5_d6_b01__none,none,lattice_round,6bb99c2791ed089335c3,0,0,0,0.8801025748252869,0.11989743262529373
PETS_CREDIT_high_eff_su2_r5_d6_b01__none,none,lattice_round,cb3611b4495a37479ca8,0,0,0,0.6812968850135803,0.3187030851840973
PETS_CREDIT_high_eff_su2_r5_d6_b01__none,none,lattice_round,e935e8aae78e46bb055f,0,0,0,0.769900918006897,0.23009911179542542
PETS_CREDIT_high_eff_su2_r5_d6_b01__none,none,lattice_round,a3ca0fb9a2bb66673aca,0,0,0,0.9899035096168518,0.010096518322825432
PETS_CREDIT_high_eff_su2_r5_d6_b01__none,none,lattice_round,ea462e2d261554f47693,0,0,0,0.8770567178726196,0.12294328957796097
PETS_CREDIT_high_eff_su2_r5_d6_b01__none,none,lattice_round,89f33d9f24d34571b521,0,0,0,0.9208819270133972,0.07911812514066696
PETS_CREDIT_high_eff_su2_r5_d6_b01__none,none,lattice_round,9cb0a075ed3b1940a582,0,0,1,0.42572638392448425,0.5742736458778381
PETS_CREDIT_high_eff_su2_r5_d6_b01__none,none,lattice_round,e0ac38996eb0bdc23a98,0,0,0,0.9355248212814331,0.0644751638174057
PETS_CREDIT_high_eff_su2_r5_d6_b01__none,none,lattice_round,8e8cdc6e5cd89c5db921,0,1,0,0.7846893072128296,0.21531067788600922
PETS_CREDIT_high_eff_su2_r5_d6_b01__none,none,lattice_round,3600cc2df2f41f06dd9f,0,0,0,0.9785309433937073,0.02146911434829235
PETS_CREDIT_high_eff_su2_r5_d6_b01__none,none,lattice_round,62b1f018472ab0cad11c,0,1,1,0.21070389449596405,0.7892960906028748
PETS_CREDIT_high_eff_su2_r5_d6_b01__none,none,lattice_round,69bf508473b2bb6fabc5,0,0,0,0.9095190763473511,0.09048096835613251
PETS_CREDIT_high_eff_su2_r5_d6_b01__none,none,lattice_round,f1c0204d151bcd56dd44,0,0,0,0.8963614106178284,0.10363858193159103
PETS_CREDIT_high_eff_su2_r5_d6_b01__none,none,lattice_round,afae12f9bd1a7c209ed4,0,0,1,0.485871285200119,0.5141286849975586
PETS_CREDIT_high_eff_su2_r5_d6_b01__none,none,lattice_round,12bf473aaa3440c8b5ff,0,1,1,0.17624834179878235,0.82375168800354
PETS_CREDIT_high_eff_su2_r5_d6_b01__none,none,lattice_round,2c42554fc21e34e31618,0,0,0,0.878149688243866,0.12185031175613403
PETS_CREDIT_high_eff_su2_r5_d6_b01__none,none,lattice_round,eeb7e3f1ff005ef7d74d,0,0,0,0.9606349468231201,0.03936503827571869
PETS_CREDIT_high_eff_su2_r5_d6_b01__none,none,lattice_round,b70a187f814bb3f6b896,0,0,0,0.5115418434143066,0.48845818638801575
PETS_CREDIT_high_eff_su2_r5_d6_b01__none,none,lattice_round,69963fd40681d7eb779e,0,1,0,0.9346544742584229,0.06534550338983536
PETS_CREDIT_high_eff_su2_r5_d6_b01__none,none,lattice_round,706df103f86b667d27c8,0,0,0,0.8876591920852661,0.11234080046415329
PETS_CREDIT_high_eff_su2_r5_d6_b01__none,none,lattice_round,6c189be9b000597df02b,0,0,0,0.9036509394645691,0.09634910523891449
PETS_CREDIT_high_eff_su2_r5_d6_b01__none,none,lattice_round,23c9aff9c3cb7e74418f,0,0,0,0.9568459391593933,0.043154116719961166
PETS_CREDIT_high_eff_su2_r5_d6_b01__none,none,lattice_round,9e00c9a73f8502e1beb6,0,0,0,0.8759660124778748,0.12403403222560883
PETS_CREDIT_high_eff_su2_r5_d6_b01__none,none,lattice_round,e64f4ae98dbe9cbf0e78,0,0,0,0.784805953502655,0.21519401669502258
PETS_CREDIT_high_eff_su2_r5_d6_b01__none,none,lattice_round,da9134b43c13f8ea3eaf,0,1,0,0.5757040977478027,0.42429590225219727
PETS_CREDIT_high_eff_su2_r5_d6_b01__none,none,lattice_round,faaca9baf33f8afbd931,0,1,0,0.5592392683029175,0.44076070189476013
PETS_CREDIT_high_eff_su2_r5_d6_b01__none,none,lattice_round,07849266aa8f190a63f2,0,1,0,0.684973955154419,0.31502607464790344
PETS_CREDIT_high_eff_su2_r5_d6_b01__none,none,lattice_round,9806bdd560ccf88a9b56,0,0,1,0.49636411666870117,0.5036358833312988
PETS_CREDIT_high_eff_su2_r5_d6_b01__none,none,lattice_round,a524ab5db22ecc35929f,0,0,0,0.9278281927108765,0.07217184454202652
PETS_CREDIT_high_eff_su2_r5_d6_b01__none,none,lattice_round,5d3f74cb6c8c84f1c7a9,0,1,1,0.17941585183143616,0.8205841183662415
PETS_CREDIT_high_eff_su2_r5_d6_b01__none,none,lattice_round,71e1a80803ef248649c3,0,1,0,0.6853012442588806,0.31469881534576416
PETS_CREDIT_high_eff_su2_r5_d6_b01__none,none,lattice_round,49e93fd29796be2e21ed,0,1,1,0.4008481800556183,0.5991517901420593
PETS_CREDIT_high_eff_su2_r5_d6_b01__none,none,lattice_round,128796eb2bd785357a42,0,1,0,0.7438632249832153,0.25613683462142944
PETS_CREDIT_high_eff_su2_r5_d6_b01__none,none,lattice_round,2478313b949e4a19fec5,0,0,0,0.9361340403556824,0.0638660117983818
PETS_CREDIT_high_eff_su2_r5_d6_b01__none,none,lattice_round,1de5fd2a3f26ba72a9c1,0,0,0,0.6631158590316772,0.33688417077064514
PETS_CREDIT_high_eff_su2_r5_d6_b01__none,none,lattice_round,b6a7132e5db71a8c2b53,0,0,0,0.7052062749862671,0.2947936952114105
PETS_CREDIT_high_eff_su2_r5_d6_b01__none,none,lattice_round,cca86135655a3f3f0727,0,0,0,0.8535248637199402,0.1464751809835434
PETS_CREDIT_high_eff_su2_r5_d6_b01__none,none,lattice_round,05cfc0ff414af47c03a5,0,0,0,0.5004066228866577,0.4995933771133423
PETS_CREDIT_high_eff_su2_r5_d6_b01__none,none,lattice_round,86ae722f0d37f010ada6,0,0,0,0.9458149671554565,0.05418501794338226
PETS_CREDIT_high_eff_su2_r5_d6_b01__none,none,lattice_round,be9bfaf596c94c10a528,0,0,0,0.8704364895820618,0.12956345081329346
PETS_CREDIT_high_eff_su2_r5_d6_b01__none,none,lattice_round,e60d07bd2196508fe656,0,0,0,0.716019868850708,0.2839801609516144
PETS_CREDIT_high_eff_su2_r5_d6_b01__none,none,lattice_round,38b74132b04f4f54702c,0,1,1,0.43827399611473083,0.5617259740829468
PETS_CREDIT_high_eff_su2_r5_d6_b01__none,none,lattice_round,34cd383be85fcb382ea6,0,0,0,0.7935481071472168,0.20645186305046082
PETS_CREDIT_high_eff_su2_r5_d6_b01__none,none,lattice_round,5f861fea617a3ee7da16,0,0,0,0.6725646257400513,0.3274354040622711
PETS_CREDIT_high_eff_su2_r5_d6_b01__none,none,lattice_round,c026d0cfa5b1e35d07fe,0,1,1,0.3213885724544525,0.6786114573478699
PETS_CREDIT_high_eff_su2_r5_d6_b01__none,none,lattice_round,9d22795430fd2e16c8dc,0,1,0,0.5153368711471558,0.484663188457489
PETS_CREDIT_high_eff_su2_r5_d6_b01__none,none,lattice_round,5c7d8f33e88909bece76,0,0,0,0.7203323841094971,0.27966758608818054
PETS_CREDIT_high_eff_su2_r5_d6_b01__none,none,lattice_round,7cca6a89daa8ec654b93,0,0,0,0.9450708627700806,0.05492916330695152
PETS_CREDIT_high_eff_su2_r5_d6_b01__none,none,lattice_round,69d9f267431b625e3ab6,0,1,0,0.8698606491088867,0.1301393359899521
PETS_CREDIT_high_eff_su2_r5_d6_b01__none,none,lattice_round,c684bddcfbca03359777,0,1,0,0.6411887407302856,0.35881125926971436
PETS_CREDIT_high_eff_su2_r5_d6_b01__none,none,lattice_round,d186b88534c1a687d1fd,0,0,0,0.9339463710784912,0.06605362892150879
PETS_CREDIT_high_eff_su2_r5_d6_b01__none,none,lattice_round,bd462eab4ac062244f72,0,0,0,0.9483300447463989,0.05166999623179436
PETS_CREDIT_high_eff_su2_r5_d6_b01__none,none,lattice_round,f8230eeb11ce4504ac0d,0,0,0,0.9759922027587891,0.02400773949921131
PETS_CREDIT_high_eff_su2_r5_d6_b01__none,none,lattice_round,5a2759bc40afd8b67be0,0,0,1,0.48798897862434387,0.5120110511779785
PETS_CREDIT_high_eff_su2_r5_d6_b01__none,none,lattice_round,5c05a4c2ad473664e305,0,0,0,0.8370166420936584,0.16298337280750275
PETS_CREDIT_high_eff_su2_r5_d6_b01__none,none,lattice_round,454401dbf09cdd915140,0,0,0,0.6823689341545105,0.3176311254501343
PETS_CREDIT_high_eff_su2_r5_d6_b01__none,none,lattice_round,22b00e614fc8c9d5c74f,0,0,0,0.9136942625045776,0.08630576729774475
PETS_CREDIT_high_eff_su2_r5_d6_b01__none,none,lattice_round,33f0b58e500322fafc02,0,0,0,0.6269888877868652,0.37301114201545715
PETS_CREDIT_high_eff_su2_r5_d6_b01__none,none,lattice_round,16f7e23f7aabcd74a31a,0,0,0,0.8078114986419678,0.19218853116035461
PETS_CREDIT_high_eff_su2_r5_d6_b01__none,none,lattice_round,e9aa13f77c0f352b0b1d,0,1,1,0.3297022879123688,0.6702977418899536
PETS_CREDIT_high_eff_su2_r5_d6_b01__none,none,lattice_round,0f6b78a3676f704d8ccb,0,1,0,0.6982362270355225,0.30176374316215515
PETS_CREDIT_high_eff_su2_r5_d6_b01__none,none,lattice_round,554005cca9a020862607,0,0,0,0.9457017779350281,0.05429822579026222
PETS_CREDIT_high_eff_su2_r5_d6_b01__none,none,memgq_lattice,ae429a6a1d645aacb94e,1,0,0,0.757976233959198,0.2420237809419632
PETS_CREDIT_high_eff_su2_r5_d6_b01__none,none,memgq_lattice,70d271c728323ea28d90,1,0,0,0.841749906539917,0.1582501232624054
PETS_CREDIT_high_eff_su2_r5_d6_b01__none,none,memgq_lattice,434123980ae7f6c38b02,1,0,0,0.8767662644386292,0.12323374301195145
PETS_CREDIT_high_eff_su2_r5_d6_b01__none,none,memgq_lattice,b84ff32b3c14263b0dd5,1,1,1,0.21419374644756317,0.7858062982559204
PETS_CREDIT_high_eff_su2_r5_d6_b01__none,none,memgq_lattice,66fa33821884d4568b02,1,0,0,0.7558853626251221,0.24411462247371674
PETS_CREDIT_high_eff_su2_r5_d6_b01__none,none,memgq_lattice,69ef03b5c6f4f7ecef33,1,0,0,0.8651823997497559,0.13481757044792175
PETS_CREDIT_high_eff_su2_r5_d6_b01__none,none,memgq_lattice,c91e3b5a028c06ad1f92,1,0,0,0.8231999278068542,0.17680004239082336
PETS_CREDIT_high_eff_su2_r5_d6_b01__none,none,memgq_lattice,272c38b1ecd099be7890,1,0,0,0.7426027059555054,0.257397323846817
PETS_CREDIT_high_eff_su2_r5_d6_b01__none,none,memgq_lattice,192395141a760795b97a,1,0,0,0.8866443634033203,0.11335564404726028
PETS_CREDIT_high_eff_su2_r5_d6_b01__none,none,memgq_lattice,ebaf9b6eb6ecde9fb27d,1,0,0,0.7391690611839294,0.26083090901374817
PETS_CREDIT_high_eff_su2_r5_d6_b01__none,none,memgq_lattice,eaab06e0e9770f0cb322,1,0,0,0.7471193075180054,0.252880722284317
PETS_CREDIT_high_eff_su2_r5_d6_b01__none,none,memgq_lattice,09c28941e61886717e09,1,0,0,0.8221064209938049,0.17789357900619507
PETS_CREDIT_high_eff_su2_r5_d6_b01__none,none,memgq_lattice,092efc45ab978715a8fa,1,0,0,0.7183941602706909,0.2816058397293091
PETS_CREDIT_high_eff_su2_r5_d6_b01__none,none,memgq_lattice,bf5a9031a45524933e21,1,0,0,0.7131984829902649,0.2868014872074127
PETS_CREDIT_high_eff_su2_r5_d6_b01__none,none,memgq_lattice,e8613e68d8ca2ea9e7fd,1,0,0,0.792426347732544,0.20757362246513367
PETS_CREDIT_high_eff_su2_r5_d6_b01__none,none,memgq_lattice,d606f1831b9734bb90e1,1,0,0,0.8601860404014587,0.13981401920318604
PETS_CREDIT_high_eff_su2_r5_d6_b01__none,none,memgq_lattice,ac5f40db5db91c18a83b,1,1,1,0.2604063153266907,0.7395937442779541
PETS_CREDIT_high_eff_su2_r5_d6_b01__none,none,memgq_lattice,f97851146238bb9a3754,1,0,0,0.7800960540771484,0.21990396082401276
PETS_CREDIT_high_eff_su2_r5_d6_b01__none,none,memgq_lattice,d2c3d34fb102babfa194,1,0,0,0.7724937200546265,0.22750632464885712
PETS_CREDIT_high_eff_su2_r5_d6_b01__none,none,memgq_lattice,81817fc85a01b1cc7dcf,1,0,0,0.7974501848220825,0.2025497853755951
PETS_CREDIT_high_eff_su2_r5_d6_b01__none,none,memgq_lattice,a55e4e1cd3465563efc4,1,0,0,0.8581831455230713,0.1418168991804123
PETS_CREDIT_high_eff_su2_r5_d6_b01__none,none,memgq_lattice,c0daa10532a8487ca803,1,1,0,0.8248022794723511,0.17519769072532654
PETS_CREDIT_high_eff_su2_r5_d6_b01__none,none,memgq_lattice,ab97fae957e08270ffce,1,1,1,0.17855675518512726,0.8214432597160339
PETS_CREDIT_high_eff_su2_r5_d6_b01__none,none,memgq_lattice,0674ce029ebb21d32e38,1,0,0,0.8856513500213623,0.1143486350774765
PETS_CREDIT_high_eff_su2_r5_d6_b01__none,none,memgq_lattice,fbbb0f469e10095b9cc1,1,0,0,0.7985983490943909,0.20140168070793152
PETS_CREDIT_high_eff_su2_r5_d6_b01__none,none,memgq_lattice,bfa7b1aca5d187760a16,1,0,0,0.872802734375,0.127197265625
PETS_CREDIT_high_eff_su2_r5_d6_b01__none,none,memgq_lattice,26b6a5da65cdaeb8e184,1,0,0,0.8708640933036804,0.1291358768939972
PETS_CREDIT_high_eff_su2_r5_d6_b01__none,none,memgq_lattice,22730a71b34176a3ba37,1,0,0,0.7399758696556091,0.26002416014671326
PETS_CREDIT_high_eff_su2_r5_d6_b01__none,none,memgq_lattice,356e520dcf3a6473ffb2,1,0,0,0.8535633683204651,0.1464366763830185
PETS_CREDIT_high_eff_su2_r5_d6_b01__none,none,memgq_lattice,e76cce60bc3507d0d7b2,1,0,0,0.8793424963951111,0.1206575259566307
PETS_CREDIT_high_eff_su2_r5_d6_b01__none,none,memgq_lattice,5584930e99aa4007d628,1,0,0,0.7742429971694946,0.22575697302818298
PETS_CREDIT_high_eff_su2_r5_d6_b01__none,none,memgq_lattice,7c7fe88dcec806be29da,1,0,0,0.7187653183937073,0.2812347114086151
PETS_CREDIT_high_eff_su2_r5_d6_b01__none,none,memgq_lattice,9eb158e3cbe5bc901e26,1,1,1,0.14991989731788635,0.8500800728797913
PETS_CREDIT_high_eff_su2_r5_d6_b01__none,none,memgq_lattice,4e545ca4791d65f44351,1,0,0,0.8071832060813904,0.192816823720932
PETS_CREDIT_high_eff_su2_r5_d6_b01__none,none,memgq_lattice,7105743f10682ac4a1cc,1,0,0,0.8592984676361084,0.14070159196853638
PETS_CREDIT_high_eff_su2_r5_d6_b01__none,none,memgq_lattice,25282b20e9c64236ec4d,1,1,0,0.8781641721725464,0.121835857629776
PETS_CREDIT_high_eff_su2_r5_d6_b01__none,none,memgq_lattice,5688d9df8bbfc61d89e9,1,1,0,0.8711605072021484,0.12883949279785156
PETS_CREDIT_high_eff_su2_r5_d6_b01__none,none,memgq_lattice,8f95586c1c6fb3f2a750,1,1,0,0.8079378008842468,0.19206224381923676
PETS_CREDIT_high_eff_su2_r5_d6_b01__none,none,memgq_lattice,6c0e663b6848864dc914,1,0,0,0.8105541467666626,0.1894458532333374
PETS_CREDIT_high_eff_su2_r5_d6_b01__none,none,memgq_lattice,07d4d260e30d7cf5b71f,1,0,0,0.8849537968635559,0.1150461882352829
PETS_CREDIT_high_eff_su2_r5_d6_b01__none,none,memgq_lattice,5cb75d859aa2d3df94b0,1,0,0,0.7940149903297424,0.20598500967025757
PETS_CREDIT_high_eff_su2_r5_d6_b01__none,none,memgq_lattice,c536d8f2ff559c7756e7,1,0,0,0.7654421925544739,0.2345578521490097
PETS_CREDIT_high_eff_su2_r5_d6_b01__none,none,memgq_lattice,d8e3c3c718aea110b2d9,1,0,0,0.7079412937164307,0.29205867648124695
PETS_CREDIT_high_eff_su2_r5_d6_b01__none,none,memgq_lattice,7311863aa70952806ffc,1,0,0,0.7144970893859863,0.28550294041633606
PETS_CREDIT_high_eff_su2_r5_d6_b01__none,none,memgq_lattice,0ffd3e39286157b02ad4,1,1,0,0.849208652973175,0.15079137682914734
PETS_CREDIT_high_eff_su2_r5_d6_b01__none,none,memgq_lattice,dfc3621c683cc1e703cf,1,1,1,0.20723120868206024,0.7927687764167786
PETS_CREDIT_high_eff_su2_r5_d6_b01__none,none,memgq_lattice,f073d35785cf76f1409c,1,1,0,0.82430100440979,0.17569899559020996
PETS_CREDIT_high_eff_su2_r5_d6_b01__none,none,memgq_lattice,7673e8a0f0b037cc51e5,1,0,0,0.8594425916671753,0.1405574381351471
PETS_CREDIT_high_eff_su2_r5_d6_b01__none,none,memgq_lattice,ce8a11f272895da8cd7f,1,0,0,0.7962890267372131,0.20371098816394806
PETS_CREDIT_high_eff_su2_r5_d6_b01__none,none,memgq_lattice,b0f47ae4b56b3aa4d111,1,0,0,0.8155675530433655,0.1844325065612793
PETS_CREDIT_high_eff_su2_r5_d6_b01__none,none,memgq_lattice,49b15e9ec4784be42cd2,1,0,0,0.8144790530204773,0.1855209916830063
PETS_CREDIT_high_eff_su2_r5_d6_b01__none,none,memgq_lattice,a62d80fa1349c54517ce,1,1,0,0.8362820744514465,0.16371794044971466
PETS_CREDIT_high_eff_su2_r5_d6_b01__none,none,memgq_lattice,f3ca91dd8e5aba8d83d9,1,0,0,0.850838840007782,0.14916114509105682
PETS_CREDIT_high_eff_su2_r5_d6_b01__none,none,memgq_lattice,196d92dfff0523a23237,1,1,0,0.8265349268913269,0.1734650731086731
PETS_CREDIT_high_eff_su2_r5_d6_b01__none,none,memgq_lattice,c9e5785745f04cec0d37,1,0,0,0.8384555578231812,0.16154445707798004
PETS_CREDIT_high_eff_su2_r5_d6_b01__none,none,memgq_lattice,a5628044ec0880a52490,1,0,0,0.7434946894645691,0.2565053105354309
PETS_CREDIT_high_eff_su2_r5_d6_b01__none,none,memgq_lattice,d9170d275d5e05922e82,1,0,0,0.8620972633361816,0.13790273666381836
PETS_CREDIT_high_eff_su2_r5_d6_b01__none,none,memgq_lattice,988a4b4dcb53bafffb01,1,0,0,0.7893088459968567,0.21069112420082092
PETS_CREDIT_high_eff_su2_r5_d6_b01__none,none,memgq_lattice,52f455fd245c9327442c,1,0,0,0.8494107127189636,0.15058931708335876
PETS_CREDIT_high_eff_su2_r5_d6_b01__none,none,memgq_lattice,418dd0dffa2f4aacf5a8,1,0,0,0.8098617792129517,0.19013825058937073
PETS_CREDIT_high_eff_su2_r5_d6_b01__none,none,memgq_lattice,c053f623dd8f2bfb7915,1,1,1,0.20200438797473907,0.7979956269264221
PETS_CREDIT_high_eff_su2_r5_d6_b01__none,none,memgq_lattice,f35a2648fd72f049ecda,1,1,1,0.2403886914253235,0.7596113085746765
PETS_CREDIT_high_eff_su2_r5_d6_b01__none,none,memgq_lattice,0a09121dee0e5db09dfe,1,1,0,0.8035236597061157,0.19647635519504547
PETS_CREDIT_high_eff_su2_r5_d6_b01__none,none,memgq_lattice,bf465d63c434358f77e4,1,0,0,0.8877474665641785,0.11225255578756332
PETS_CREDIT_high_eff_su2_r5_d6_b01__none,none,memgq_lattice,6ea2a519a69c09016323,1,0,0,0.7070910930633545,0.2929089367389679
PETS_CREDIT_high_eff_su2_r5_d6_b01__none,none,memgq_lattice,2379dd478643b9cc0bc1,1,0,0,0.7566965818405151,0.24330340325832367
PETS_CREDIT_high_eff_su2_r5_d6_b01__none,none,memgq_lattice,c75c31af2389cc3a594f,1,0,0,0.7263705134391785,0.2736295461654663
PETS_CREDIT_high_eff_su2_r5_d6_b01__none,none,memgq_lattice,619b46d6086e6aad3d84,1,0,0,0.8520147800445557,0.14798521995544434
PETS_CREDIT_high_eff_su2_r5_d6_b01__none,none,memgq_lattice,347bd04364dce3c5342e,1,0,0,0.8883694410324097,0.11163055151700974
PETS_CREDIT_high_eff_su2_r5_d6_b01__none,none,memgq_lattice,4aa64c627cb9b82d7f42,1,1,0,0.7113789319992065,0.28862106800079346
PETS_CREDIT_high_eff_su2_r5_d6_b01__none,none,memgq_lattice,932ae6d0f203c398e4b5,1,0,1,0.21222005784511566,0.7877799868583679
PETS_CREDIT_high_eff_su2_r5_d6_b01__none,none,memgq_lattice,aaff47c50ec280d97eda,1,0,0,0.8192171454429626,0.18078288435935974
PETS_CREDIT_high_eff_su2_r5_d6_b01__none,none,memgq_lattice,7be2869c238aa35d440a,1,1,0,0.8842592239379883,0.1157408058643341
PETS_CREDIT_high_eff_su2_r5_d6_b01__none,none,memgq_lattice,bacc1c25b75ae0e1b780,1,0,0,0.8499075770378113,0.15009243786334991
PETS_CREDIT_high_eff_su2_r5_d6_b01__none,none,memgq_lattice,9fc5fbe55717fe6862a4,1,0,0,0.8223289251327515,0.17767104506492615
PETS_CREDIT_high_eff_su2_r5_d6_b01__none,none,memgq_lattice,00405a37dd709b2d51a8,1,0,0,0.7195743322372437,0.28042566776275635
PETS_CREDIT_high_eff_su2_r5_d6_b01__none,none,memgq_lattice,01e7168ae2a624ff9916,1,1,1,0.21655625104904175,0.7834437489509583
PETS_CREDIT_high_eff_su2_r5_d6_b01__none,none,memgq_lattice,c8a7bd1cd35ba1e89b80,1,0,0,0.8537742495536804,0.14622576534748077
PETS_CREDIT_high_eff_su2_r5_d6_b01__none,none,memgq_lattice,877b93e6aa8797d2cd0b,1,0,0,0.7661916017532349,0.23380838334560394
PETS_CREDIT_high_eff_su2_r5_d6_b01__none,none,memgq_lattice,6dcf5bf2e9c47f5b5091,1,0,0,0.7269198894500732,0.27308011054992676
PETS_CREDIT_high_eff_su2_r5_d6_b01__none,none,memgq_lattice,c50e57ca37a497df3a13,1,0,0,0.8749274015426636,0.12507264316082
PETS_CREDIT_high_eff_su2_r5_d6_b01__none,none,memgq_lattice,39c00d7f6c47885c6fc2,1,1,0,0.81114661693573,0.1888534277677536
PETS_CREDIT_high_eff_su2_r5_d6_b01__none,none,memgq_lattice,e3e282f64bed70282149,1,0,0,0.8567070960998535,0.14329290390014648
PETS_CREDIT_high_eff_su2_r5_d6_b01__none,none,memgq_lattice,5383d08662564ec7ab0d,1,0,0,0.8676562309265137,0.1323438286781311
PETS_CREDIT_high_eff_su2_r5_d6_b01__none,none,memgq_lattice,e030c0aa4ae0f1011f2f,1,0,0,0.7672856450080872,0.23271438479423523
PETS_CREDIT_high_eff_su2_r5_d6_b01__none,none,memgq_lattice,1819fe5c399a17316fee,1,0,0,0.8649813532829285,0.13501867651939392
PETS_CREDIT_high_eff_su2_r5_d6_b01__none,none,memgq_lattice,d75c3e52dbcaf5a5ec2a,1,0,0,0.7560155987739563,0.2439843714237213
PETS_CREDIT_high_eff_su2_r5_d6_b01__none,none,memgq_lattice,a1b01a469dc7802f51d3,1,0,0,0.7429284453392029,0.25707152485847473
PETS_CREDIT_high_eff_su2_r5_d6_b01__none,none,memgq_lattice,a9752ae3047aff503fb3,1,1,0,0.8593719601631165,0.14062802493572235
PETS_CREDIT_high_eff_su2_r5_d6_b01__none,none,memgq_lattice,85bbf6f61dd23b95b6e7,1,0,0,0.8709084391593933,0.12909157574176788
PETS_CREDIT_high_eff_su2_r5_d6_b01__none,none,memgq_lattice,1313972ddf1c6e9eb2c9,1,0,0,0.8263818025588989,0.17361822724342346
PETS_CREDIT_high_eff_su2_r5_d6_b01__none,none,memgq_lattice,ab00e756b29c98fd6674,1,0,0,0.7802681922912598,0.21973183751106262
PETS_CREDIT_high_eff_su2_r5_d6_b01__none,none,memgq_lattice,4b8fbfef25d81e60d4a6,1,0,0,0.8709712624549866,0.1290287971496582
PETS_CREDIT_high_eff_su2_r5_d6_b01__none,none,memgq_lattice,e0b33cacbadcac9f3d26,1,1,1,0.19832512736320496,0.8016748428344727
PETS_CREDIT_high_eff_su2_r5_d6_b01__none,none,memgq_lattice,f05df67fe5ac7ed38643,1,0,0,0.8743230104446411,0.1256769746541977
PETS_CREDIT_high_eff_su2_r5_d6_b01__none,none,memgq_lattice,5f9c02f5ec03a28e4f53,1,0,0,0.8736540079116821,0.12634602189064026
PETS_CREDIT_high_eff_su2_r5_d6_b01__none,none,memgq_lattice,c2f9d20d5b53c00ef5f4,1,0,0,0.7551923394203186,0.2448076605796814
PETS_CREDIT_high_eff_su2_r5_d6_b01__none,none,memgq_lattice,cec5a851be4f6e7c0887,1,0,0,0.7934355735778809,0.20656439661979675
PETS_CREDIT_high_eff_su2_r5_d6_b01__none,none,memgq_lattice,402e2e33d278085f817f,1,0,0,0.7903592586517334,0.209640771150589
PETS_CREDIT_high_eff_su2_r5_d6_b01__none,none,memgq_lattice,4df4658f2eb41564da87,1,0,0,0.8736403584480286,0.12635967135429382
PETS_CREDIT_high_eff_su2_r5_d6_b01__none,none,memgq_lattice,b2afd8ac93139c6436ca,0,1,0,0.8691121935844421,0.13088782131671906
PETS_CREDIT_high_eff_su2_r5_d6_b01__none,none,memgq_lattice,6a05ad28a1fdde9b37a0,0,0,0,0.7887140512466431,0.21128593385219574
PETS_CREDIT_high_eff_su2_r5_d6_b01__none,none,memgq_lattice,f2ee369cdc3625e84402,0,1,0,0.8748029470443726,0.12519708275794983
PETS_CREDIT_high_eff_su2_r5_d6_b01__none,none,memgq_lattice,ed23b85566b3c29eb402,0,0,0,0.7969425916671753,0.20305746793746948
PETS_CREDIT_high_eff_su2_r5_d6_b01__none,none,memgq_lattice,952fc09bd28a9501f067,0,0,0,0.8568991422653198,0.14310087263584137
PETS_CREDIT_high_eff_su2_r5_d6_b01__none,none,memgq_lattice,2482d33087029d45a132,0,0,0,0.7981014847755432,0.20189854502677917
PETS_CREDIT_high_eff_su2_r5_d6_b01__none,none,memgq_lattice,77bd1f5032833eb7273a,0,0,0,0.8013502955436707,0.19864971935749054
PETS_CREDIT_high_eff_su2_r5_d6_b01__none,none,memgq_lattice,10857fff110d97bd3529,0,1,1,0.23206374049186707,0.7679362893104553
PETS_CREDIT_high_eff_su2_r5_d6_b01__none,none,memgq_lattice,6d9336fba414d9de6ac7,0,0,1,0.19464635848999023,0.8053536415100098
PETS_CREDIT_high_eff_su2_r5_d6_b01__none,none,memgq_lattice,d6c8d45da14422740d61,0,0,0,0.8263477683067322,0.17365224659442902
PETS_CREDIT_high_eff_su2_r5_d6_b01__none,none,memgq_lattice,59023d919d8b02411eba,0,0,0,0.72107994556427,0.27892005443573
PETS_CREDIT_high_eff_su2_r5_d6_b01__none,none,memgq_lattice,b879cfcb02d4d81aeba4,0,0,0,0.869841456413269,0.13015857338905334
PETS_CREDIT_high_eff_su2_r5_d6_b01__none,none,memgq_lattice,3b2a390113c4d06485dc,0,0,0,0.7651796340942383,0.2348203957080841
PETS_CREDIT_high_eff_su2_r5_d6_b01__none,none,memgq_lattice,8571d45bb39f427604ed,0,0,0,0.7770853042602539,0.2229147106409073
PETS_CREDIT_high_eff_su2_r5_d6_b01__none,none,memgq_lattice,361e8f44b1d1611bef7b,0,1,0,0.8453380465507507,0.15466192364692688
PETS_CREDIT_high_eff_su2_r5_d6_b01__none,none,memgq_lattice,d7e4461c953d3771c6a7,0,0,0,0.8477540016174316,0.15224604308605194
PETS_CREDIT_high_eff_su2_r5_d6_b01__none,none,memgq_lattice,ec68553efb16cb1101b4,0,0,0,0.8059775829315186,0.19402241706848145
PETS_CREDIT_high_eff_su2_r5_d6_b01__none,none,memgq_lattice,dabd46f07ecd327df2fa,0,0,0,0.8414838314056396,0.15851619839668274
PETS_CREDIT_high_eff_su2_r5_d6_b01__none,none,memgq_lattice,24ddc25e1ea6b7792cd0,0,0,0,0.7794472575187683,0.2205527275800705
PETS_CREDIT_high_eff_su2_r5_d6_b01__none,none,memgq_lattice,fa88e107f343c7d476d5,0,0,0,0.8639321327209473,0.13606785237789154
PETS_CREDIT_high_eff_su2_r5_d6_b01__none,none,memgq_lattice,640d06e42b5ea011ade8,0,0,1,0.24237674474716187,0.7576232552528381
PETS_CREDIT_high_eff_su2_r5_d6_b01__none,none,memgq_lattice,a36d92b052080609dee1,0,0,0,0.8509673476219177,0.14903269708156586
PETS_CREDIT_high_eff_su2_r5_d6_b01__none,none,memgq_lattice,5a9fcf838ed30a3aac42,0,1,0,0.8520028591156006,0.1479971706867218
PETS_CREDIT_high_eff_su2_r5_d6_b01__none,none,memgq_lattice,cb1682c8107d45afcade,0,0,0,0.7102870345115662,0.2897129952907562
PETS_CREDIT_high_eff_su2_r5_d6_b01__none,none,memgq_lattice,9f0ccb4eb0a2a0319524,0,1,0,0.8309924602508545,0.1690075844526291
PETS_CREDIT_high_eff_su2_r5_d6_b01__none,none,memgq_lattice,51a20249bac3fb051d8a,0,0,0,0.743211567401886,0.2567884922027588
PETS_CREDIT_high_eff_su2_r5_d6_b01__none,none,memgq_lattice,3b9ae330b918d841d986,0,0,0,0.8635008931159973,0.13649912178516388
PETS_CREDIT_high_eff_su2_r5_d6_b01__none,none,memgq_lattice,d3f4ebd9602fecf775a2,0,0,0,0.7371882200241089,0.2628118097782135
PETS_CREDIT_high_eff_su2_r5_d6_b01__none,none,memgq_lattice,6aa234f97819dd051df4,0,1,0,0.8704162836074829,0.12958377599716187
PETS_CREDIT_high_eff_su2_r5_d6_b01__none,none,memgq_lattice,6146ee4e50398bd2590b,0,0,0,0.7890872359275818,0.210912823677063
PETS_CREDIT_high_eff_su2_r5_d6_b01__none,none,memgq_lattice,fa640d7805f9d82a715b,0,1,1,0.21643806993961334,0.7835619449615479
PETS_CREDIT_high_eff_su2_r5_d6_b01__none,none,memgq_lattice,952bdb913d2d4c348219,0,0,0,0.862999439239502,0.13700056076049805
PETS_CREDIT_high_eff_su2_r5_d6_b01__none,none,memgq_lattice,23fa7db2ef3f6def0edb,0,0,0,0.7224245667457581,0.27757546305656433
PETS_CREDIT_high_eff_su2_r5_d6_b01__none,none,memgq_lattice,6b7219cfa53e1ae4e686,0,0,0,0.714878261089325,0.28512173891067505
PETS_CREDIT_high_eff_su2_r5_d6_b01__none,none,memgq_lattice,aced89ae11db5855474b,0,0,0,0.7568902969360352,0.24310973286628723
PETS_CREDIT_high_eff_su2_r5_d6_b01__none,none,memgq_lattice,ca9d19862c77009f5491,0,0,0,0.7880221009254456,0.21197789907455444
PETS_CREDIT_high_eff_su2_r5_d6_b01__none,none,memgq_lattice,4d1823ffdb815ae6ecb7,0,0,0,0.7786856293678284,0.22131438553333282
PETS_CREDIT_high_eff_su2_r5_d6_b01__none,none,memgq_lattice,f28c583d896798880d4b,0,1,1,0.19857677817344666,0.8014232516288757
PETS_CREDIT_high_eff_su2_r5_d6_b01__none,none,memgq_lattice,6bb99c2791ed089335c3,0,0,0,0.8801025748252869,0.11989743262529373
PETS_CREDIT_high_eff_su2_r5_d6_b01__none,none,memgq_lattice,cb3611b4495a37479ca8,0,0,0,0.8762637972831726,0.1237361952662468
PETS_CREDIT_high_eff_su2_r5_d6_b01__none,none,memgq_lattice,e935e8aae78e46bb055f,0,0,0,0.769900918006897,0.23009911179542542
PETS_CREDIT_high_eff_su2_r5_d6_b01__none,none,memgq_lattice,a3ca0fb9a2bb66673aca,0,0,0,0.7294996380805969,0.2705003321170807
PETS_CREDIT_high_eff_su2_r5_d6_b01__none,none,memgq_lattice,ea462e2d261554f47693,0,0,0,0.8770567178726196,0.12294328957796097
PETS_CREDIT_high_eff_su2_r5_d6_b01__none,none,memgq_lattice,89f33d9f24d34571b521,0,0,0,0.7784424424171448,0.22155752778053284
PETS_CREDIT_high_eff_su2_r5_d6_b01__none,none,memgq_lattice,9cb0a075ed3b1940a582,0,0,1,0.18286050856113434,0.8171395063400269
PETS_CREDIT_high_eff_su2_r5_d6_b01__none,none,memgq_lattice,e0ac38996eb0bdc23a98,0,0,0,0.8141266703605652,0.1858733594417572
PETS_CREDIT_high_eff_su2_r5_d6_b01__none,none,memgq_lattice,8e8cdc6e5cd89c5db921,0,1,0,0.7846893072128296,0.21531067788600922
PETS_CREDIT_high_eff_su2_r5_d6_b01__none,none,memgq_lattice,3600cc2df2f41f06dd9f,0,0,0,0.8059464693069458,0.1940535604953766
PETS_CREDIT_high_eff_su2_r5_d6_b01__none,none,memgq_lattice,62b1f018472ab0cad11c,0,1,1,0.21070389449596405,0.7892960906028748
PETS_CREDIT_high_eff_su2_r5_d6_b01__none,none,memgq_lattice,69bf508473b2bb6fabc5,0,0,0,0.7521289587020874,0.2478710561990738
PETS_CREDIT_high_eff_su2_r5_d6_b01__none,none,memgq_lattice,f1c0204d151bcd56dd44,0,0,0,0.7230531573295593,0.27694690227508545
PETS_CREDIT_high_eff_su2_r5_d6_b01__none,none,memgq_lattice,afae12f9bd1a7c209ed4,0,0,1,0.22195550799369812,0.7780444622039795
PETS_CREDIT_high_eff_su2_r5_d6_b01__none,none,memgq_lattice,12bf473aaa3440c8b5ff,0,1,1,0.17624834179878235,0.82375168800354
PETS_CREDIT_high_eff_su2_r5_d6_b01__none,none,memgq_lattice,2c42554fc21e34e31618,0,0,0,0.878149688243866,0.12185031175613403
PETS_CREDIT_high_eff_su2_r5_d6_b01__none,none,memgq_lattice,eeb7e3f1ff005ef7d74d,0,0,0,0.8804753422737122,0.11952464282512665
PETS_CREDIT_high_eff_su2_r5_d6_b01__none,none,memgq_lattice,b70a187f814bb3f6b896,0,0,0,0.7762512564659119,0.22374877333641052
PETS_CREDIT_high_eff_su2_r5_d6_b01__none,none,memgq_lattice,69963fd40681d7eb779e,0,1,0,0.8119470477104187,0.1880529820919037
PETS_CREDIT_high_eff_su2_r5_d6_b01__none,none,memgq_lattice,706df103f86b667d27c8,0,0,0,0.8876591920852661,0.11234080046415329
PETS_CREDIT_high_eff_su2_r5_d6_b01__none,none,memgq_lattice,6c189be9b000597df02b,0,0,0,0.7389827966690063,0.2610172629356384
PETS_CREDIT_high_eff_su2_r5_d6_b01__none,none,memgq_lattice,23c9aff9c3cb7e74418f,0,0,0,0.8700145483016968,0.12998543679714203
PETS_CREDIT_high_eff_su2_r5_d6_b01__none,none,memgq_lattice,9e00c9a73f8502e1beb6,0,0,0,0.8759660124778748,0.12403403222560883
PETS_CREDIT_high_eff_su2_r5_d6_b01__none,none,memgq_lattice,e64f4ae98dbe9cbf0e78,0,0,0,0.784805953502655,0.21519401669502258
PETS_CREDIT_high_eff_su2_r5_d6_b01__none,none,memgq_lattice,da9134b43c13f8ea3eaf,0,1,0,0.818012535572052,0.18198749423027039
PETS_CREDIT_high_eff_su2_r5_d6_b01__none,none,memgq_lattice,faaca9baf33f8afbd931,0,1,0,0.8078114986419678,0.19218842685222626
PETS_CREDIT_high_eff_su2_r5_d6_b01__none,none,memgq_lattice,07849266aa8f190a63f2,0,1,0,0.8780938982963562,0.1219061091542244
PETS_CREDIT_high_eff_su2_r5_d6_b01__none,none,memgq_lattice,9806bdd560ccf88a9b56,0,0,1,0.2292906790971756,0.7707093358039856
PETS_CREDIT_high_eff_su2_r5_d6_b01__none,none,memgq_lattice,a524ab5db22ecc35929f,0,0,0,0.7951120138168335,0.2048879861831665
PETS_CREDIT_high_eff_su2_r5_d6_b01__none,none,memgq_lattice,5d3f74cb6c8c84f1c7a9,0,1,1,0.17941585183143616,0.8205841183662415
PETS_CREDIT_high_eff_su2_r5_d6_b01__none,none,memgq_lattice,71e1a80803ef248649c3,0,1,0,0.8782562017440796,0.12174379825592041
PETS_CREDIT_high_eff_su2_r5_d6_b01__none,none,memgq_lattice,49e93fd29796be2e21ed,0,1,1,0.16802223026752472,0.8319777846336365
PETS_CREDIT_high_eff_su2_r5_d6_b01__none,none,memgq_lattice,128796eb2bd785357a42,0,1,0,0.7438632249832153,0.25613683462142944
PETS_CREDIT_high_eff_su2_r5_d6_b01__none,none,memgq_lattice,2478313b949e4a19fec5,0,0,0,0.8156567811965942,0.18434321880340576
PETS_CREDIT_high_eff_su2_r5_d6_b01__none,none,memgq_lattice,1de5fd2a3f26ba72a9c1,0,0,0,0.8670343160629272,0.13296566903591156
PETS_CREDIT_high_eff_su2_r5_d6_b01__none,none,memgq_lattice,b6a7132e5db71a8c2b53,0,0,0,0.8879521489143372,0.11204788088798523
PETS_CREDIT_high_eff_su2_r5_d6_b01__none,none,memgq_lattice,cca86135655a3f3f0727,0,0,0,0.8535248637199402,0.1464751809835434
PETS_CREDIT_high_eff_su2_r5_d6_b01__none,none,memgq_lattice,05cfc0ff414af47c03a5,0,0,0,0.7684186697006226,0.23158133029937744
PETS_CREDIT_high_eff_su2_r5_d6_b01__none,none,memgq_lattice,86ae722f0d37f010ada6,0,0,0,0.8404882550239563,0.1595117300748825
PETS_CREDIT_high_eff_su2_r5_d6_b01__none,none,memgq_lattice,be9bfaf596c94c10a528,0,0,0,0.8704364895820618,0.12956345081329346
PETS_CREDIT_high_eff_su2_r5_d6_b01__none,none,memgq_lattice,e60d07bd2196508fe656,0,0,0,0.716019868850708,0.2839801609516144
PETS_CREDIT_high_eff_su2_r5_d6_b01__none,none,memgq_lattice,38b74132b04f4f54702c,0,1,1,0.1906261146068573,0.8093738555908203
PETS_CREDIT_high_eff_su2_r5_d6_b01__none,none,memgq_lattice,34cd383be85fcb382ea6,0,0,0,0.7935481071472168,0.20645186305046082
PETS_CREDIT_high_eff_su2_r5_d6_b01__none,none,memgq_lattice,5f861fea617a3ee7da16,0,0,0,0.8718688488006592,0.1281311810016632
PETS_CREDIT_high_eff_su2_r5_d6_b01__none,none,memgq_lattice,c026d0cfa5b1e35d07fe,0,1,1,0.12508046627044678,0.8749195337295532
PETS_CREDIT_high_eff_su2_r5_d6_b01__none,none,memgq_lattice,9d22795430fd2e16c8dc,0,1,1,0.24298004806041718,0.7570199966430664
PETS_CREDIT_high_eff_su2_r5_d6_b01__none,none,memgq_lattice,5c7d8f33e88909bece76,0,0,0,0.7203323841094971,0.27966758608818054
PETS_CREDIT_high_eff_su2_r5_d6_b01__none,none,memgq_lattice,7cca6a89daa8ec654b93,0,0,0,0.8385446071624756,0.1614554524421692
PETS_CREDIT_high_eff_su2_r5_d6_b01__none,none,memgq_lattice,69d9f267431b625e3ab6,0,1,0,0.8698606491088867,0.1301393359899521
PETS_CREDIT_high_eff_su2_r5_d6_b01__none,none,memgq_lattice,c684bddcfbca03359777,0,1,0,0.8554873466491699,0.14451263844966888
PETS_CREDIT_high_eff_su2_r5_d6_b01__none,none,memgq_lattice,d186b88534c1a687d1fd,0,0,0,0.8101791739463806,0.189820796251297
PETS_CREDIT_high_eff_su2_r5_d6_b01__none,none,memgq_lattice,bd462eab4ac062244f72,0,0,0,0.8471017479896545,0.15289822220802307
PETS_CREDIT_high_eff_su2_r5_d6_b01__none,none,memgq_lattice,f8230eeb11ce4504ac0d,0,0,0,0.7874335646629333,0.21256645023822784
PETS_CREDIT_high_eff_su2_r5_d6_b01__none,none,memgq_lattice,5a2759bc40afd8b67be0,0,0,1,0.22342272102832794,0.7765772938728333
PETS_CREDIT_high_eff_su2_r5_d6_b01__none,none,memgq_lattice,5c05a4c2ad473664e305,0,0,0,0.8370166420936584,0.16298337280750275
PETS_CREDIT_high_eff_su2_r5_d6_b01__none,none,memgq_lattice,454401dbf09cdd915140,0,0,0,0.8767985701560974,0.12320142984390259
PETS_CREDIT_high_eff_su2_r5_d6_b01__none,none,memgq_lattice,22b00e614fc8c9d5c74f,0,0,0,0.7616637945175171,0.2383362203836441
PETS_CREDIT_high_eff_su2_r5_d6_b01__none,none,memgq_lattice,33f0b58e500322fafc02,0,0,0,0.8477545976638794,0.1522453874349594
PETS_CREDIT_high_eff_su2_r5_d6_b01__none,none,memgq_lattice,16f7e23f7aabcd74a31a,0,0,0,0.8078114986419678,0.19218853116035461
PETS_CREDIT_high_eff_su2_r5_d6_b01__none,none,memgq_lattice,e9aa13f77c0f352b0b1d,0,1,1,0.12928345799446106,0.8707165122032166
PETS_CREDIT_high_eff_su2_r5_d6_b01__none,none,memgq_lattice,0f6b78a3676f704d8ccb,0,1,0,0.8845958113670349,0.11540418118238449
PETS_CREDIT_high_eff_su2_r5_d6_b01__none,none,memgq_lattice,554005cca9a020862607,0,0,0,0.8401921987533569,0.15980783104896545
PETS_CREDIT_high_eff_su2_r5_d6_b01__none,none,memgq_lattice_sticky,ae429a6a1d645aacb94e,1,0,0,0.750883936882019,0.24911610782146454
PETS_CREDIT_high_eff_su2_r5_d6_b01__none,none,memgq_lattice_sticky,70d271c728323ea28d90,1,0,0,0.83875572681427,0.1612442582845688
PETS_CREDIT_high_eff_su2_r5_d6_b01__none,none,memgq_lattice_sticky,434123980ae7f6c38b02,1,0,0,0.869968593120575,0.13003143668174744
PETS_CREDIT_high_eff_su2_r5_d6_b01__none,none,memgq_lattice_sticky,b84ff32b3c14263b0dd5,1,1,1,0.19349440932273865,0.806505560874939
PETS_CREDIT_high_eff_su2_r5_d6_b01__none,none,memgq_lattice_sticky,66fa33821884d4568b02,1,0,0,0.7558853626251221,0.24411462247371674
PETS_CREDIT_high_eff_su2_r5_d6_b01__none,none,memgq_lattice_sticky,69ef03b5c6f4f7ecef33,1,0,0,0.8814693093299866,0.11853070557117462
PETS_CREDIT_high_eff_su2_r5_d6_b01__none,none,memgq_lattice_sticky,c91e3b5a028c06ad1f92,1,0,0,0.8231999278068542,0.17680004239082336
PETS_CREDIT_high_eff_su2_r5_d6_b01__none,none,memgq_lattice_sticky,272c38b1ecd099be7890,1,0,0,0.7468433976173401,0.2531566023826599
PETS_CREDIT_high_eff_su2_r5_d6_b01__none,none,memgq_lattice_sticky,192395141a760795b97a,1,0,0,0.8866443634033203,0.11335564404726028
PETS_CREDIT_high_eff_su2_r5_d6_b01__none,none,memgq_lattice_sticky,ebaf9b6eb6ecde9fb27d,1,0,0,0.7391690611839294,0.26083090901374817
PETS_CREDIT_high_eff_su2_r5_d6_b01__none,none,memgq_lattice_sticky,eaab06e0e9770f0cb322,1,0,0,0.7471193075180054,0.252880722284317
PETS_CREDIT_high_eff_su2_r5_d6_b01__none,none,memgq_lattice_sticky,09c28941e61886717e09,1,0,0,0.8221064209938049,0.17789357900619507
PETS_CREDIT_high_eff_su2_r5_d6_b01__none,none,memgq_lattice_sticky,092efc45ab978715a8fa,1,0,0,0.7183941602706909,0.2816058397293091
PETS_CREDIT_high_eff_su2_r5_d6_b01__none,none,memgq_lattice_sticky,bf5a9031a45524933e21,1,0,0,0.7131984829902649,0.2868014872074127
PETS_CREDIT_high_eff_su2_r5_d6_b01__none,none,memgq_lattice_sticky,e8613e68d8ca2ea9e7fd,1,0,0,0.792426347732544,0.20757362246513367
PETS_CREDIT_high_eff_su2_r5_d6_b01__none,none,memgq_lattice_sticky,d606f1831b9734bb90e1,1,0,0,0.8601860404014587,0.13981401920318604
PETS_CREDIT_high_eff_su2_r5_d6_b01__none,none,memgq_lattice_sticky,ac5f40db5db91c18a83b,1,1,1,0.27635517716407776,0.7236448526382446
PETS_CREDIT_high_eff_su2_r5_d6_b01__none,none,memgq_lattice_sticky,f97851146238bb9a3754,1,0,0,0.7800960540771484,0.21990396082401276
PETS_CREDIT_high_eff_su2_r5_d6_b01__none,none,memgq_lattice_sticky,d2c3d34fb102babfa194,1,0,0,0.7602647542953491,0.23973524570465088
PETS_CREDIT_high_eff_su2_r5_d6_b01__none,none,memgq_lattice_sticky,81817fc85a01b1cc7dcf,1,0,0,0.7974501848220825,0.2025497853755951
PETS_CREDIT_high_eff_su2_r5_d6_b01__none,none,memgq_lattice_sticky,a55e4e1cd3465563efc4,1,0,0,0.8505350947380066,0.14946489036083221
PETS_CREDIT_high_eff_su2_r5_d6_b01__none,none,memgq_lattice_sticky,c0daa10532a8487ca803,1,1,0,0.8248022794723511,0.17519769072532654
PETS_CREDIT_high_eff_su2_r5_d6_b01__none,none,memgq_lattice_sticky,ab97fae957e08270ffce,1,1,1,0.17855675518512726,0.8214432597160339
PETS_CREDIT_high_eff_su2_r5_d6_b01__none,none,memgq_lattice_sticky,0674ce029ebb21d32e38,1,0,0,0.8856513500213623,0.1143486350774765
PETS_CREDIT_high_eff_su2_r5_d6_b01__none,none,memgq_lattice_sticky,fbbb0f469e10095b9cc1,1,0,0,0.8242819905281067,0.17571806907653809
PETS_CREDIT_high_eff_su2_r5_d6_b01__none,none,memgq_lattice_sticky,bfa7b1aca5d187760a16,1,0,0,0.8613096475601196,0.13869041204452515
PETS_CREDIT_high_eff_su2_r5_d6_b01__none,none,memgq_lattice_sticky,26b6a5da65cdaeb8e184,1,0,0,0.8708640933036804,0.1291358768939972
PETS_CREDIT_high_eff_su2_r5_d6_b01__none,none,memgq_lattice_sticky,22730a71b34176a3ba37,1,0,0,0.7399758696556091,0.26002416014671326
PETS_CREDIT_high_eff_su2_r5_d6_b01__none,none,memgq_lattice_sticky,356e520dcf3a6473ffb2,1,0,0,0.8563296794891357,0.14367036521434784
PETS_CREDIT_high_eff_su2_r5_d6_b01__none,none,memgq_lattice_sticky,e76cce60bc3507d0d7b2,1,0,0,0.8704534769058228,0.12954652309417725
PETS_CREDIT_high_eff_su2_r5_d6_b01__none,none,memgq_lattice_sticky,5584930e99aa4007d628,1,0,0,0.7742429971694946,0.22575697302818298
PETS_CREDIT_high_eff_su2_r5_d6_b01__none,none,memgq_lattice_sticky,7c7fe88dcec806be29da,1,0,0,0.7187653183937073,0.2812347114086151
PETS_CREDIT_high_eff_su2_r5_d6_b01__none,none,memgq_lattice_sticky,9eb158e3cbe5bc901e26,1,1,1,0.14991989731788635,0.8500800728797913
PETS_CREDIT_high_eff_su2_r5_d6_b01__none,none,memgq_lattice_sticky,4e545ca4791d65f44351,1,0,0,0.8222360014915466,0.17776401340961456
PETS_CREDIT_high_eff_su2_r5_d6_b01__none,none,memgq_lattice_sticky,7105743f10682ac4a1cc,1,0,0,0.8511081337928772,0.148891881108284
PETS_CREDIT_high_eff_su2_r5_d6_b01__none,none,memgq_lattice_sticky,25282b20e9c64236ec4d,1,1,0,0.8805307745933533,0.11946922540664673
PETS_CREDIT_high_eff_su2_r5_d6_b01__none,none,memgq_lattice_sticky,5688d9df8bbfc61d89e9,1,1,0,0.8711605072021484,0.12883949279785156
PETS_CREDIT_high_eff_su2_r5_d6_b01__none,none,memgq_lattice_sticky,8f95586c1c6fb3f2a750,1,1,0,0.8172972202301025,0.18270282447338104
PETS_CREDIT_high_eff_su2_r5_d6_b01__none,none,memgq_lattice_sticky,6c0e663b6848864dc914,1,0,0,0.8009334206581116,0.19906657934188843
PETS_CREDIT_high_eff_su2_r5_d6_b01__none,none,memgq_lattice_sticky,07d4d260e30d7cf5b71f,1,0,0,0.8778136968612671,0.1221863329410553
PETS_CREDIT_high_eff_su2_r5_d6_b01__none,none,memgq_lattice_sticky,5cb75d859aa2d3df94b0,1,0,0,0.7940149903297424,0.20598500967025757
PETS_CREDIT_high_eff_su2_r5_d6_b01__none,none,memgq_lattice_sticky,c536d8f2ff559c7756e7,1,0,0,0.7654421925544739,0.2345578521490097
PETS_CREDIT_high_eff_su2_r5_d6_b01__none,none,memgq_lattice_sticky,d8e3c3c718aea110b2d9,1,0,0,0.8870419859886169,0.11295799165964127
PETS_CREDIT_high_eff_su2_r5_d6_b01__none,none,memgq_lattice_sticky,7311863aa70952806ffc,1,0,0,0.7268706560134888,0.27312934398651123
PETS_CREDIT_high_eff_su2_r5_d6_b01__none,none,memgq_lattice_sticky,0ffd3e39286157b02ad4,1,1,0,0.8577494621276855,0.14225058257579803
PETS_CREDIT_high_eff_su2_r5_d6_b01__none,none,memgq_lattice_sticky,dfc3621c683cc1e703cf,1,1,1,0.18671667575836182,0.813283383846283
PETS_CREDIT_high_eff_su2_r5_d6_b01__none,none,memgq_lattice_sticky,f073d35785cf76f1409c,1,1,0,0.8152192831039429,0.1847807765007019
PETS_CREDIT_high_eff_su2_r5_d6_b01__none,none,memgq_lattice_sticky,7673e8a0f0b037cc51e5,1,0,0,0.8567261695861816,0.14327383041381836
PETS_CREDIT_high_eff_su2_r5_d6_b01__none,none,memgq_lattice_sticky,ce8a11f272895da8cd7f,1,0,0,0.7962890267372131,0.20371098816394806
PETS_CREDIT_high_eff_su2_r5_d6_b01__none,none,memgq_lattice_sticky,b0f47ae4b56b3aa4d111,1,0,0,0.8342968821525574,0.16570313274860382
PETS_CREDIT_high_eff_su2_r5_d6_b01__none,none,memgq_lattice_sticky,49b15e9ec4784be42cd2,1,0,0,0.8077617287635803,0.19223828613758087
PETS_CREDIT_high_eff_su2_r5_d6_b01__none,none,memgq_lattice_sticky,a62d80fa1349c54517ce,1,1,0,0.8362820744514465,0.16371794044971466
PETS_CREDIT_high_eff_su2_r5_d6_b01__none,none,memgq_lattice_sticky,f3ca91dd8e5aba8d83d9,1,0,0,0.850838840007782,0.14916114509105682
PETS_CREDIT_high_eff_su2_r5_d6_b01__none,none,memgq_lattice_sticky,196d92dfff0523a23237,1,1,0,0.8145759105682373,0.1854240894317627
PETS_CREDIT_high_eff_su2_r5_d6_b01__none,none,memgq_lattice_sticky,c9e5785745f04cec0d37,1,0,0,0.8384555578231812,0.16154445707798004
PETS_CREDIT_high_eff_su2_r5_d6_b01__none,none,memgq_lattice_sticky,a5628044ec0880a52490,1,0,0,0.7224662899971008,0.2775336802005768
PETS_CREDIT_high_eff_su2_r5_d6_b01__none,none,memgq_lattice_sticky,d9170d275d5e05922e82,1,0,0,0.8620972633361816,0.13790273666381836
PETS_CREDIT_high_eff_su2_r5_d6_b01__none,none,memgq_lattice_sticky,988a4b4dcb53bafffb01,1,0,0,0.7893088459968567,0.21069112420082092
PETS_CREDIT_high_eff_su2_r5_d6_b01__none,none,memgq_lattice_sticky,52f455fd245c9327442c,1,0,0,0.8494107127189636,0.15058931708335876
PETS_CREDIT_high_eff_su2_r5_d6_b01__none,none,memgq_lattice_sticky,418dd0dffa2f4aacf5a8,1,0,0,0.8098617792129517,0.19013825058937073
PETS_CREDIT_high_eff_su2_r5_d6_b01__none,none,memgq_lattice_sticky,c053f623dd8f2bfb7915,1,1,1,0.20200438797473907,0.7979956269264221
PETS_CREDIT_high_eff_su2_r5_d6_b01__none,none,memgq_lattice_sticky,f35a2648fd72f049ecda,1,1,1,0.24657832086086273,0.7534216642379761
PETS_CREDIT_high_eff_su2_r5_d6_b01__none,none,memgq_lattice_sticky,0a09121dee0e5db09dfe,1,1,0,0.8035236597061157,0.19647635519504547
PETS_CREDIT_high_eff_su2_r5_d6_b01__none,none,memgq_lattice_sticky,bf465d63c434358f77e4,1,0,0,0.8877474665641785,0.11225255578756332
PETS_CREDIT_high_eff_su2_r5_d6_b01__none,none,memgq_lattice_sticky,6ea2a519a69c09016323,1,0,0,0.711689829826355,0.2883102297782898
PETS_CREDIT_high_eff_su2_r5_d6_b01__none,none,memgq_lattice_sticky,2379dd478643b9cc0bc1,1,0,0,0.7566965818405151,0.24330340325832367
PETS_CREDIT_high_eff_su2_r5_d6_b01__none,none,memgq_lattice_sticky,c75c31af2389cc3a594f,1,0,0,0.7263705134391785,0.2736295461654663
PETS_CREDIT_high_eff_su2_r5_d6_b01__none,none,memgq_lattice_sticky,619b46d6086e6aad3d84,1,0,0,0.8619683384895325,0.13803166151046753
PETS_CREDIT_high_eff_su2_r5_d6_b01__none,none,memgq_lattice_sticky,347bd04364dce3c5342e,1,0,0,0.8861380219459534,0.11386196315288544
PETS_CREDIT_high_eff_su2_r5_d6_b01__none,none,memgq_lattice_sticky,4aa64c627cb9b82d7f42,1,1,0,0.7087169885635376,0.2912830114364624
PETS_CREDIT_high_eff_su2_r5_d6_b01__none,none,memgq_lattice_sticky,932ae6d0f203c398e4b5,1,0,0,0.7472424507141113,0.25275754928588867
PETS_CREDIT_high_eff_su2_r5_d6_b01__none,none,memgq_lattice_sticky,aaff47c50ec280d97eda,1,0,0,0.8192171454429626,0.18078288435935974
PETS_CREDIT_high_eff_su2_r5_d6_b01__none,none,memgq_lattice_sticky,7be2869c238aa35d440a,1,1,0,0.8842592239379883,0.1157408058643341
PETS_CREDIT_high_eff_su2_r5_d6_b01__none,none,memgq_lattice_sticky,bacc1c25b75ae0e1b780,1,0,0,0.8328891396522522,0.16711083054542542
PETS_CREDIT_high_eff_su2_r5_d6_b01__none,none,memgq_lattice_sticky,9fc5fbe55717fe6862a4,1,0,0,0.8223289251327515,0.17767104506492615
PETS_CREDIT_high_eff_su2_r5_d6_b01__none,none,memgq_lattice_sticky,00405a37dd709b2d51a8,1,0,0,0.8849706649780273,0.11502933502197266
PETS_CREDIT_high_eff_su2_r5_d6_b01__none,none,memgq_lattice_sticky,01e7168ae2a624ff9916,1,1,1,0.22716788947582245,0.7728320956230164
PETS_CREDIT_high_eff_su2_r5_d6_b01__none,none,memgq_lattice_sticky,c8a7bd1cd35ba1e89b80,1,0,0,0.8537742495536804,0.14622576534748077
PETS_CREDIT_high_eff_su2_r5_d6_b01__none,none,memgq_lattice_sticky,877b93e6aa8797d2cd0b,1,0,0,0.7634779214859009,0.23652206361293793
PETS_CREDIT_high_eff_su2_r5_d6_b01__none,none,memgq_lattice_sticky,6dcf5bf2e9c47f5b5091,1,0,0,0.7181294560432434,0.281870573759079
PETS_CREDIT_high_eff_su2_r5_d6_b01__none,none,memgq_lattice_sticky,c50e57ca37a497df3a13,1,0,0,0.8749274015426636,0.12507264316082
PETS_CREDIT_high_eff_su2_r5_d6_b01__none,none,memgq_lattice_sticky,39c00d7f6c47885c6fc2,1,1,0,0.8077056407928467,0.19229435920715332
PETS_CREDIT_high_eff_su2_r5_d6_b01__none,none,memgq_lattice_sticky,e3e282f64bed70282149,1,0,0,0.859423816204071,0.14057622849941254
PETS_CREDIT_high_eff_su2_r5_d6_b01__none,none,memgq_lattice_sticky,5383d08662564ec7ab0d,1,0,0,0.8676562309265137,0.1323438286781311
PETS_CREDIT_high_eff_su2_r5_d6_b01__none,none,memgq_lattice_sticky,e030c0aa4ae0f1011f2f,1,0,0,0.7672856450080872,0.23271438479423523
PETS_CREDIT_high_eff_su2_r5_d6_b01__none,none,memgq_lattice_sticky,1819fe5c399a17316fee,1,0,0,0.8649813532829285,0.13501867651939392
PETS_CREDIT_high_eff_su2_r5_d6_b01__none,none,memgq_lattice_sticky,d75c3e52dbcaf5a5ec2a,1,0,0,0.7560155987739563,0.2439843714237213
PETS_CREDIT_high_eff_su2_r5_d6_b01__none,none,memgq_lattice_sticky,a1b01a469dc7802f51d3,1,0,0,0.7429284453392029,0.25707152485847473
PETS_CREDIT_high_eff_su2_r5_d6_b01__none,none,memgq_lattice_sticky,a9752ae3047aff503fb3,1,1,0,0.8601962924003601,0.1398037225008011
PETS_CREDIT_high_eff_su2_r5_d6_b01__none,none,memgq_lattice_sticky,85bbf6f61dd23b95b6e7,1,0,0,0.8709084391593933,0.12909157574176788
PETS_CREDIT_high_eff_su2_r5_d6_b01__none,none,memgq_lattice_sticky,1313972ddf1c6e9eb2c9,1,0,0,0.8263818025588989,0.17361822724342346
PETS_CREDIT_high_eff_su2_r5_d6_b01__none,none,memgq_lattice_sticky,ab00e756b29c98fd6674,1,0,0,0.8024535775184631,0.19754640758037567
PETS_CREDIT_high_eff_su2_r5_d6_b01__none,none,memgq_lattice_sticky,4b8fbfef25d81e60d4a6,1,0,0,0.7156186103820801,0.2843813896179199
PETS_CREDIT_high_eff_su2_r5_d6_b01__none,none,memgq_lattice_sticky,e0b33cacbadcac9f3d26,1,1,1,0.19832512736320496,0.8016748428344727
PETS_CREDIT_high_eff_su2_r5_d6_b01__none,none,memgq_lattice_sticky,f05df67fe5ac7ed38643,1,0,0,0.8743230104446411,0.1256769746541977
PETS_CREDIT_high_eff_su2_r5_d6_b01__none,none,memgq_lattice_sticky,5f9c02f5ec03a28e4f53,1,0,0,0.8744068145751953,0.1255931705236435
PETS_CREDIT_high_eff_su2_r5_d6_b01__none,none,memgq_lattice_sticky,c2f9d20d5b53c00ef5f4,1,0,0,0.7465871572494507,0.25341281294822693
PETS_CREDIT_high_eff_su2_r5_d6_b01__none,none,memgq_lattice_sticky,cec5a851be4f6e7c0887,1,0,0,0.7798026204109192,0.2201974242925644
PETS_CREDIT_high_eff_su2_r5_d6_b01__none,none,memgq_lattice_sticky,402e2e33d278085f817f,1,0,0,0.7847369313240051,0.21526305377483368
PETS_CREDIT_high_eff_su2_r5_d6_b01__none,none,memgq_lattice_sticky,4df4658f2eb41564da87,1,0,0,0.8538923859596252,0.14610765874385834
PETS_CREDIT_high_eff_su2_r5_d6_b01__none,none,memgq_lattice_sticky,b2afd8ac93139c6436ca,0,1,0,0.8654932379722595,0.1345067322254181
PETS_CREDIT_high_eff_su2_r5_d6_b01__none,none,memgq_lattice_sticky,6a05ad28a1fdde9b37a0,0,0,0,0.7887140512466431,0.21128593385219574
PETS_CREDIT_high_eff_su2_r5_d6_b01__none,none,memgq_lattice_sticky,f2ee369cdc3625e84402,0,1,0,0.88343346118927,0.11656657606363297
PETS_CREDIT_high_eff_su2_r5_d6_b01__none,none,memgq_lattice_sticky,ed23b85566b3c29eb402,0,0,0,0.8077735304832458,0.19222643971443176
PETS_CREDIT_high_eff_su2_r5_d6_b01__none,none,memgq_lattice_sticky,952fc09bd28a9501f067,0,0,0,0.8588471412658691,0.14115288853645325
PETS_CREDIT_high_eff_su2_r5_d6_b01__none,none,memgq_lattice_sticky,2482d33087029d45a132,0,0,0,0.7981014847755432,0.20189854502677917
PETS_CREDIT_high_eff_su2_r5_d6_b01__none,none,memgq_lattice_sticky,77bd1f5032833eb7273a,0,0,0,0.804877519607544,0.19512252509593964
PETS_CREDIT_high_eff_su2_r5_d6_b01__none,none,memgq_lattice_sticky,10857fff110d97bd3529,0,1,1,0.21476218104362488,0.7852378487586975
PETS_CREDIT_high_eff_su2_r5_d6_b01__none,none,memgq_lattice_sticky,6d9336fba414d9de6ac7,0,0,1,0.19464635848999023,0.8053536415100098
PETS_CREDIT_high_eff_su2_r5_d6_b01__none,none,memgq_lattice_sticky,d6c8d45da14422740d61,0,0,0,0.8149510025978088,0.18504902720451355
PETS_CREDIT_high_eff_su2_r5_d6_b01__none,none,memgq_lattice_sticky,59023d919d8b02411eba,0,0,0,0.72107994556427,0.27892005443573
PETS_CREDIT_high_eff_su2_r5_d6_b01__none,none,memgq_lattice_sticky,b879cfcb02d4d81aeba4,0,0,0,0.869841456413269,0.13015857338905334
PETS_CREDIT_high_eff_su2_r5_d6_b01__none,none,memgq_lattice_sticky,3b2a390113c4d06485dc,0,0,0,0.7772313356399536,0.22276869416236877
PETS_CREDIT_high_eff_su2_r5_d6_b01__none,none,memgq_lattice_sticky,8571d45bb39f427604ed,0,0,0,0.7744608521461487,0.22553914785385132
PETS_CREDIT_high_eff_su2_r5_d6_b01__none,none,memgq_lattice_sticky,361e8f44b1d1611bef7b,0,1,0,0.8556646108627319,0.14433537423610687
PETS_CREDIT_high_eff_su2_r5_d6_b01__none,none,memgq_lattice_sticky,d7e4461c953d3771c6a7,0,0,0,0.8344268798828125,0.1655731499195099
PETS_CREDIT_high_eff_su2_r5_d6_b01__none,none,memgq_lattice_sticky,ec68553efb16cb1101b4,0,0,0,0.7961828708648682,0.20381714403629303
PETS_CREDIT_high_eff_su2_r5_d6_b01__none,none,memgq_lattice_sticky,dabd46f07ecd327df2fa,0,0,0,0.8331104516983032,0.16688960790634155
PETS_CREDIT_high_eff_su2_r5_d6_b01__none,none,memgq_lattice_sticky,24ddc25e1ea6b7792cd0,0,0,0,0.7794472575187683,0.2205527275800705
PETS_CREDIT_high_eff_su2_r5_d6_b01__none,none,memgq_lattice_sticky,fa88e107f343c7d476d5,0,0,0,0.8709985613822937,0.1290014237165451
PETS_CREDIT_high_eff_su2_r5_d6_b01__none,none,memgq_lattice_sticky,640d06e42b5ea011ade8,0,0,1,0.24237674474716187,0.7576232552528381
PETS_CREDIT_high_eff_su2_r5_d6_b01__none,none,memgq_lattice_sticky,a36d92b052080609dee1,0,0,0,0.8509673476219177,0.14903269708156586
PETS_CREDIT_high_eff_su2_r5_d6_b01__none,none,memgq_lattice_sticky,5a9fcf838ed30a3aac42,0,1,0,0.843465268611908,0.15653477609157562
PETS_CREDIT_high_eff_su2_r5_d6_b01__none,none,memgq_lattice_sticky,cb1682c8107d45afcade,0,0,0,0.7102870345115662,0.2897129952907562
PETS_CREDIT_high_eff_su2_r5_d6_b01__none,none,memgq_lattice_sticky,9f0ccb4eb0a2a0319524,0,1,0,0.8119737505912781,0.1880262792110443
PETS_CREDIT_high_eff_su2_r5_d6_b01__none,none,memgq_lattice_sticky,51a20249bac3fb051d8a,0,0,0,0.743211567401886,0.2567884922027588
PETS_CREDIT_high_eff_su2_r5_d6_b01__none,none,memgq_lattice_sticky,3b9ae330b918d841d986,0,0,0,0.8635008931159973,0.13649912178516388
PETS_CREDIT_high_eff_su2_r5_d6_b01__none,none,memgq_lattice_sticky,d3f4ebd9602fecf775a2,0,0,0,0.7526226043701172,0.24737736582756042
PETS_CREDIT_high_eff_su2_r5_d6_b01__none,none,memgq_lattice_sticky,6aa234f97819dd051df4,0,1,0,0.8746735453605652,0.1253265142440796
PETS_CREDIT_high_eff_su2_r5_d6_b01__none,none,memgq_lattice_sticky,6146ee4e50398bd2590b,0,0,0,0.7890872359275818,0.210912823677063
PETS_CREDIT_high_eff_su2_r5_d6_b01__none,none,memgq_lattice_sticky,fa640d7805f9d82a715b,0,1,1,0.21643806993961334,0.7835619449615479
PETS_CREDIT_high_eff_su2_r5_d6_b01__none,none,memgq_lattice_sticky,952bdb913d2d4c348219,0,0,0,0.862999439239502,0.13700056076049805
PETS_CREDIT_high_eff_su2_r5_d6_b01__none,none,memgq_lattice_sticky,23fa7db2ef3f6def0edb,0,0,0,0.7224245667457581,0.27757546305656433
PETS_CREDIT_high_eff_su2_r5_d6_b01__none,none,memgq_lattice_sticky,6b7219cfa53e1ae4e686,0,0,0,0.714878261089325,0.28512173891067505
PETS_CREDIT_high_eff_su2_r5_d6_b01__none,none,memgq_lattice_sticky,aced89ae11db5855474b,0,0,0,0.7568902969360352,0.24310973286628723
PETS_CREDIT_high_eff_su2_r5_d6_b01__none,none,memgq_lattice_sticky,ca9d19862c77009f5491,0,0,0,0.762356698513031,0.2376433163881302
PETS_CREDIT_high_eff_su2_r5_d6_b01__none,none,memgq_lattice_sticky,4d1823ffdb815ae6ecb7,0,0,0,0.7786856293678284,0.22131438553333282
PETS_CREDIT_high_eff_su2_r5_d6_b01__none,none,memgq_lattice_sticky,f28c583d896798880d4b,0,1,1,0.19857677817344666,0.8014232516288757
PETS_CREDIT_high_eff_su2_r5_d6_b01__none,none,memgq_lattice_sticky,6bb99c2791ed089335c3,0,0,0,0.8801025748252869,0.11989743262529373
PETS_CREDIT_high_eff_su2_r5_d6_b01__none,none,memgq_lattice_sticky,cb3611b4495a37479ca8,0,0,0,0.8686644434928894,0.13133561611175537
PETS_CREDIT_high_eff_su2_r5_d6_b01__none,none,memgq_lattice_sticky,e935e8aae78e46bb055f,0,0,0,0.7738288640975952,0.2261711061000824
PETS_CREDIT_high_eff_su2_r5_d6_b01__none,none,memgq_lattice_sticky,a3ca0fb9a2bb66673aca,0,0,0,0.7131723165512085,0.2868277132511139
PETS_CREDIT_high_eff_su2_r5_d6_b01__none,none,memgq_lattice_sticky,ea462e2d261554f47693,0,0,0,0.8835334777832031,0.11646655946969986
PETS_CREDIT_high_eff_su2_r5_d6_b01__none,none,memgq_lattice_sticky,89f33d9f24d34571b521,0,0,0,0.7784424424171448,0.22155752778053284
PETS_CREDIT_high_eff_su2_r5_d6_b01__none,none,memgq_lattice_sticky,9cb0a075ed3b1940a582,0,0,1,0.1772092580795288,0.8227907419204712
PETS_CREDIT_high_eff_su2_r5_d6_b01__none,none,memgq_lattice_sticky,e0ac38996eb0bdc23a98,0,0,0,0.8141266703605652,0.1858733594417572
PETS_CREDIT_high_eff_su2_r5_d6_b01__none,none,memgq_lattice_sticky,8e8cdc6e5cd89c5db921,0,1,0,0.7846893072128296,0.21531067788600922
PETS_CREDIT_high_eff_su2_r5_d6_b01__none,none,memgq_lattice_sticky,3600cc2df2f41f06dd9f,0,0,0,0.8160842061042786,0.18391582369804382
PETS_CREDIT_high_eff_su2_r5_d6_b01__none,none,memgq_lattice_sticky,62b1f018472ab0cad11c,0,1,1,0.22110970318317413,0.7788903117179871
PETS_CREDIT_high_eff_su2_r5_d6_b01__none,none,memgq_lattice_sticky,69bf508473b2bb6fabc5,0,0,0,0.7194881439208984,0.2805118262767792
PETS_CREDIT_high_eff_su2_r5_d6_b01__none,none,memgq_lattice_sticky,f1c0204d151bcd56dd44,0,0,0,0.736522376537323,0.2634776532649994
PETS_CREDIT_high_eff_su2_r5_d6_b01__none,none,memgq_lattice_sticky,afae12f9bd1a7c209ed4,0,0,1,0.22195550799369812,0.7780444622039795
PETS_CREDIT_high_eff_su2_r5_d6_b01__none,none,memgq_lattice_sticky,12bf473aaa3440c8b5ff,0,1,1,0.19120267033576965,0.8087973594665527
PETS_CREDIT_high_eff_su2_r5_d6_b01__none,none,memgq_lattice_sticky,2c42554fc21e34e31618,0,0,0,0.878149688243866,0.12185031175613403
PETS_CREDIT_high_eff_su2_r5_d6_b01__none,none,memgq_lattice_sticky,eeb7e3f1ff005ef7d74d,0,0,0,0.8804753422737122,0.11952464282512665
PETS_CREDIT_high_eff_su2_r5_d6_b01__none,none,memgq_lattice_sticky,b70a187f814bb3f6b896,0,0,0,0.7641626000404358,0.2358373999595642
PETS_CREDIT_high_eff_su2_r5_d6_b01__none,none,memgq_lattice_sticky,69963fd40681d7eb779e,0,1,0,0.8119470477104187,0.1880529820919037
PETS_CREDIT_high_eff_su2_r5_d6_b01__none,none,memgq_lattice_sticky,706df103f86b667d27c8,0,0,0,0.8876591920852661,0.11234080046415329
PETS_CREDIT_high_eff_su2_r5_d6_b01__none,none,memgq_lattice_sticky,6c189be9b000597df02b,0,0,0,0.7418824434280396,0.25811755657196045
PETS_CREDIT_high_eff_su2_r5_d6_b01__none,none,memgq_lattice_sticky,23c9aff9c3cb7e74418f,0,0,0,0.8700145483016968,0.12998543679714203
PETS_CREDIT_high_eff_su2_r5_d6_b01__none,none,memgq_lattice_sticky,9e00c9a73f8502e1beb6,0,0,0,0.8759660124778748,0.12403403222560883
PETS_CREDIT_high_eff_su2_r5_d6_b01__none,none,memgq_lattice_sticky,e64f4ae98dbe9cbf0e78,0,0,0,0.784805953502655,0.21519401669502258
PETS_CREDIT_high_eff_su2_r5_d6_b01__none,none,memgq_lattice_sticky,da9134b43c13f8ea3eaf,0,1,0,0.818012535572052,0.18198749423027039
PETS_CREDIT_high_eff_su2_r5_d6_b01__none,none,memgq_lattice_sticky,faaca9baf33f8afbd931,0,1,0,0.8043245077133179,0.19567552208900452
PETS_CREDIT_high_eff_su2_r5_d6_b01__none,none,memgq_lattice_sticky,07849266aa8f190a63f2,0,1,0,0.8691266179084778,0.1308733969926834
PETS_CREDIT_high_eff_su2_r5_d6_b01__none,none,memgq_lattice_sticky,9806bdd560ccf88a9b56,0,0,1,0.2292906790971756,0.7707093358039856
PETS_CREDIT_high_eff_su2_r5_d6_b01__none,none,memgq_lattice_sticky,a524ab5db22ecc35929f,0,0,0,0.7951120138168335,0.2048879861831665
PETS_CREDIT_high_eff_su2_r5_d6_b01__none,none,memgq_lattice_sticky,5d3f74cb6c8c84f1c7a9,0,1,1,0.17615510523319244,0.8238449096679688
PETS_CREDIT_high_eff_su2_r5_d6_b01__none,none,memgq_lattice_sticky,71e1a80803ef248649c3,0,1,0,0.885154664516449,0.11484535783529282
PETS_CREDIT_high_eff_su2_r5_d6_b01__none,none,memgq_lattice_sticky,49e93fd29796be2e21ed,0,1,1,0.17778965830802917,0.8222103118896484
PETS_CREDIT_high_eff_su2_r5_d6_b01__none,none,memgq_lattice_sticky,128796eb2bd785357a42,0,1,0,0.7395899295806885,0.2604101002216339
PETS_CREDIT_high_eff_su2_r5_d6_b01__none,none,memgq_lattice_sticky,2478313b949e4a19fec5,0,0,0,0.8122789859771729,0.18772098422050476
PETS_CREDIT_high_eff_su2_r5_d6_b01__none,none,memgq_lattice_sticky,1de5fd2a3f26ba72a9c1,0,0,0,0.8670343160629272,0.13296566903591156
PETS_CREDIT_high_eff_su2_r5_d6_b01__none,none,memgq_lattice_sticky,b6a7132e5db71a8c2b53,0,0,0,0.709822416305542,0.2901776134967804
PETS_CREDIT_high_eff_su2_r5_d6_b01__none,none,memgq_lattice_sticky,cca86135655a3f3f0727,0,0,0,0.8537944555282593,0.1462055891752243
PETS_CREDIT_high_eff_su2_r5_d6_b01__none,none,memgq_lattice_sticky,05cfc0ff414af47c03a5,0,0,0,0.7684186697006226,0.23158133029937744
PETS_CREDIT_high_eff_su2_r5_d6_b01__none,none,memgq_lattice_sticky,86ae722f0d37f010ada6,0,0,0,0.8404882550239563,0.1595117300748825
PETS_CREDIT_high_eff_su2_r5_d6_b01__none,none,memgq_lattice_sticky,be9bfaf596c94c10a528,0,0,0,0.8550825119018555,0.14491751790046692
PETS_CREDIT_high_eff_su2_r5_d6_b01__none,none,memgq_lattice_sticky,e60d07bd2196508fe656,0,0,0,0.8850693106651306,0.11493070423603058
PETS_CREDIT_high_eff_su2_r5_d6_b01__none,none,memgq_lattice_sticky,38b74132b04f4f54702c,0,1,1,0.1906261146068573,0.8093738555908203
PETS_CREDIT_high_eff_su2_r5_d6_b01__none,none,memgq_lattice_sticky,34cd383be85fcb382ea6,0,0,0,0.8041762113571167,0.1958238035440445
PETS_CREDIT_high_eff_su2_r5_d6_b01__none,none,memgq_lattice_sticky,5f861fea617a3ee7da16,0,0,0,0.8718688488006592,0.1281311810016632
PETS_CREDIT_high_eff_su2_r5_d6_b01__none,none,memgq_lattice_sticky,c026d0cfa5b1e35d07fe,0,1,1,0.12508046627044678,0.8749195337295532
PETS_CREDIT_high_eff_su2_r5_d6_b01__none,none,memgq_lattice_sticky,9d22795430fd2e16c8dc,0,1,1,0.22510315477848053,0.7748968601226807
PETS_CREDIT_high_eff_su2_r5_d6_b01__none,none,memgq_lattice_sticky,5c7d8f33e88909bece76,0,0,0,0.7077816724777222,0.29221829771995544
PETS_CREDIT_high_eff_su2_r5_d6_b01__none,none,memgq_lattice_sticky,7cca6a89daa8ec654b93,0,0,0,0.8385446071624756,0.1614554524421692
PETS_CREDIT_high_eff_su2_r5_d6_b01__none,none,memgq_lattice_sticky,69d9f267431b625e3ab6,0,1,0,0.8836398720741272,0.11636006087064743
PETS_CREDIT_high_eff_su2_r5_d6_b01__none,none,memgq_lattice_sticky,c684bddcfbca03359777,0,1,0,0.8637296557426453,0.1362704038619995
PETS_CREDIT_high_eff_su2_r5_d6_b01__none,none,memgq_lattice_sticky,d186b88534c1a687d1fd,0,0,0,0.8067248463630676,0.19327515363693237
PETS_CREDIT_high_eff_su2_r5_d6_b01__none,none,memgq_lattice_sticky,bd462eab4ac062244f72,0,0,0,0.859580397605896,0.1404196321964264
PETS_CREDIT_high_eff_su2_r5_d6_b01__none,none,memgq_lattice_sticky,f8230eeb11ce4504ac0d,0,0,0,0.7874335646629333,0.21256645023822784
PETS_CREDIT_high_eff_su2_r5_d6_b01__none,none,memgq_lattice_sticky,5a2759bc40afd8b67be0,0,0,1,0.21293780207633972,0.7870621681213379
PETS_CREDIT_high_eff_su2_r5_d6_b01__none,none,memgq_lattice_sticky,5c05a4c2ad473664e305,0,0,0,0.8370166420936584,0.16298337280750275
PETS_CREDIT_high_eff_su2_r5_d6_b01__none,none,memgq_lattice_sticky,454401dbf09cdd915140,0,0,0,0.8767985701560974,0.12320142984390259
PETS_CREDIT_high_eff_su2_r5_d6_b01__none,none,memgq_lattice_sticky,22b00e614fc8c9d5c74f,0,0,0,0.7580568194389343,0.24194322526454926
PETS_CREDIT_high_eff_su2_r5_d6_b01__none,none,memgq_lattice_sticky,33f0b58e500322fafc02,0,0,0,0.8477545976638794,0.1522453874349594
PETS_CREDIT_high_eff_su2_r5_d6_b01__none,none,memgq_lattice_sticky,16f7e23f7aabcd74a31a,0,0,0,0.8078114986419678,0.19218853116035461
PETS_CREDIT_high_eff_su2_r5_d6_b01__none,none,memgq_lattice_sticky,e9aa13f77c0f352b0b1d,0,1,1,0.13691501319408417,0.8630850315093994
PETS_CREDIT_high_eff_su2_r5_d6_b01__none,none,memgq_lattice_sticky,0f6b78a3676f704d8ccb,0,1,0,0.8822989463806152,0.11770106106996536
PETS_CREDIT_high_eff_su2_r5_d6_b01__none,none,memgq_lattice_sticky,554005cca9a020862607,0,0,0,0.8289798498153687,0.17102013528347015
